timestamp,open,high,low,close,volume
2026-06-01 04:00:00,30546.5,30564.25,30543.75,30558.25,709.0
2026-06-01 04:15:00,30558.25,30568.0,30549.5,30561.25,785.0
2026-06-01 04:30:00,30562.25,30581.25,30551.5,30579.0,1046.0
2026-06-01 04:45:00,30579.25,30580.0,30569.0,30573.75,718.0
2026-06-01 05:00:00,30572.75,30581.0,30556.75,30570.25,1198.0
2026-06-01 05:15:00,30571.0,30577.5,30551.0,30553.75,1019.0
2026-06-01 05:30:00,30554.5,30576.75,30552.5,30574.0,1111.0
2026-06-01 05:45:00,30574.0,30592.25,30570.75,30578.25,1504.0
2026-06-01 06:00:00,30579.5,30589.5,30568.25,30575.75,1599.0
2026-06-01 06:15:00,30575.25,30578.0,30554.5,30558.5,1112.0
2026-06-01 06:30:00,30557.75,30580.5,30556.0,30568.5,1133.0
2026-06-01 06:45:00,30567.75,30589.0,30567.5,30578.75,1535.0
2026-06-01 07:00:00,30578.75,30591.75,30565.25,30570.75,1865.0
2026-06-01 07:15:00,30570.5,30573.25,30512.25,30522.25,3636.0
2026-06-01 07:30:00,30523.25,30531.75,30486.5,30501.5,2559.0
2026-06-01 07:45:00,30501.5,30514.5,30492.0,30510.0,1485.0
2026-06-01 08:00:00,30510.5,30516.5,30472.0,30476.25,2852.0
2026-06-01 08:15:00,30476.0,30480.25,30454.0,30454.25,2081.0
2026-06-01 08:30:00,30454.75,30479.75,30443.75,30478.25,2352.0
2026-06-01 08:45:00,30478.75,30504.75,30459.75,30499.25,2223.0
2026-06-01 09:00:00,30499.75,30512.25,30481.0,30484.25,1890.0
2026-06-01 09:15:00,30483.25,30496.0,30470.0,30472.5,1238.0
2026-06-01 09:30:00,30473.0,30479.25,30462.25,30472.25,1750.0
2026-06-01 09:45:00,30472.5,30474.5,30453.75,30462.0,1338.0
2026-06-01 10:00:00,30462.5,30485.5,30453.5,30483.5,1595.0
2026-06-01 10:15:00,30483.5,30489.5,30467.25,30486.75,1171.0
2026-06-01 10:30:00,30487.75,30504.75,30487.75,30500.0,1556.0
2026-06-01 10:45:00,30500.75,30504.75,30490.75,30494.0,929.0
2026-06-01 11:00:00,30493.5,30497.25,30462.0,30470.5,1930.0
2026-06-01 11:15:00,30470.25,30471.5,30452.0,30461.25,2156.0
2026-06-01 11:30:00,30460.5,30502.25,30451.75,30484.5,3181.0
2026-06-01 11:45:00,30483.75,30491.25,30460.25,30462.5,1793.0
2026-06-01 12:00:00,30462.25,30464.25,30419.0,30422.75,3939.0
2026-06-01 12:15:00,30422.75,30459.0,30415.0,30450.25,3840.0
2026-06-01 12:30:00,30449.75,30489.0,30433.0,30484.75,3962.0
2026-06-01 12:45:00,30485.75,30496.25,30446.0,30449.5,3099.0
2026-06-01 13:00:00,30449.0,30456.0,30310.75,30347.5,12264.0
2026-06-01 13:15:00,30347.75,30384.5,30291.5,30343.0,14881.0
2026-06-01 13:30:00,30343.0,30462.25,30309.5,30413.25,42037.0
2026-06-01 13:45:00,30412.0,30467.25,30306.0,30321.5,27396.0
2026-06-01 14:00:00,30314.5,30384.0,30292.0,30352.0,30889.0
2026-06-01 14:15:00,30352.5,30421.75,30338.5,30381.75,22452.0
2026-06-01 14:30:00,30381.5,30433.0,30368.75,30420.0,16522.0
2026-06-01 14:45:00,30420.25,30447.25,30406.25,30436.75,12698.0
2026-06-01 15:00:00,30437.0,30457.25,30412.5,30446.0,13534.0
2026-06-01 15:15:00,30445.25,30490.0,30444.75,30479.5,12705.0
2026-06-01 15:30:00,30479.25,30554.25,30477.75,30537.75,23359.0
2026-06-01 15:45:00,30538.25,30540.75,30495.5,30502.25,10907.0
2026-06-01 16:00:00,30501.5,30538.5,30469.0,30482.5,12538.0
2026-06-01 16:15:00,30482.75,30513.0,30450.0,30510.0,11727.0
2026-06-01 16:30:00,30510.5,30540.5,30510.5,30523.5,10102.0
2026-06-01 16:45:00,30523.0,30584.25,30507.5,30580.75,14769.0
2026-06-01 17:00:00,30581.25,30584.5,30535.0,30550.5,10569.0
2026-06-01 17:15:00,30549.75,30605.0,30538.0,30600.75,9566.0
2026-06-01 17:30:00,30602.25,30693.0,30568.75,30651.0,23559.0
2026-06-01 17:45:00,30651.5,30692.25,30651.25,30670.0,14542.0
2026-06-01 18:00:00,30670.0,30675.75,30629.5,30634.75,8698.0
2026-06-01 18:15:00,30635.25,30655.5,30626.75,30646.75,7706.0
2026-06-01 18:30:00,30646.5,30654.5,30631.0,30642.25,5886.0
2026-06-01 18:45:00,30642.25,30645.25,30614.0,30623.5,7778.0
2026-06-01 19:00:00,30622.75,30648.75,30612.75,30630.5,8691.0
2026-06-01 19:15:00,30630.5,30632.75,30616.5,30625.0,6870.0
2026-06-01 19:30:00,30624.0,30625.0,30583.25,30588.5,9653.0
2026-06-01 19:45:00,30588.0,30595.5,30555.75,30571.25,24600.0
2026-06-01 20:00:00,30571.0,30575.0,30548.25,30556.75,7312.0
2026-06-01 20:15:00,30556.25,30556.25,30539.5,30546.0,2326.0
2026-06-01 20:30:00,30545.75,30574.0,30539.25,30554.75,3695.0
2026-06-01 20:45:00,30554.25,30556.5,30506.75,30522.5,5387.0
2026-06-01 22:00:00,30544.75,30547.25,30455.25,30477.0,2404.0
2026-06-01 22:15:00,30475.0,30489.0,30450.5,30455.0,2682.0
2026-06-01 22:30:00,30454.25,30463.5,30437.25,30444.25,1652.0
2026-06-01 22:45:00,30445.5,30462.0,30431.0,30458.5,1830.0
2026-06-01 23:00:00,30457.75,30465.75,30446.0,30455.0,1322.0
2026-06-01 23:15:00,30453.0,30465.25,30450.25,30457.5,606.0
2026-06-01 23:30:00,30458.25,30479.75,30446.5,30460.0,2065.0
2026-06-01 23:45:00,30459.25,30469.75,30442.0,30469.25,1215.0
2026-06-02 00:00:00,30469.75,30470.25,30406.0,30414.0,3995.0
2026-06-02 00:15:00,30413.5,30436.25,30377.75,30402.75,3699.0
2026-06-02 00:30:00,30402.25,30422.25,30380.0,30396.75,2898.0
2026-06-02 00:45:00,30396.75,30396.75,30363.25,30372.75,2192.0
2026-06-02 01:00:00,30372.75,30401.0,30357.5,30395.5,3136.0
2026-06-02 01:15:00,30395.25,30398.5,30350.75,30375.75,2224.0
2026-06-02 01:30:00,30376.75,30390.75,30355.0,30370.5,2293.0
2026-06-02 01:45:00,30369.25,30369.25,30333.0,30333.5,2659.0
2026-06-02 02:00:00,30333.25,30348.0,30321.75,30338.5,2286.0
2026-06-02 02:15:00,30337.25,30368.25,30331.5,30356.0,2009.0
2026-06-02 02:30:00,30357.0,30385.0,30356.75,30375.25,1593.0
2026-06-02 02:45:00,30376.0,30381.0,30363.0,30374.0,983.0
2026-06-02 03:00:00,30373.0,30383.75,30340.75,30346.5,1725.0
2026-06-02 03:15:00,30346.0,30355.75,30317.75,30323.75,2429.0
2026-06-02 03:30:00,30324.5,30353.75,30318.5,30343.5,1920.0
2026-06-02 03:45:00,30343.0,30363.25,30341.75,30359.5,1325.0
2026-06-02 04:00:00,30383.75,30389.25,30375.25,30375.25,478.0
2026-06-02 04:15:00,30377.5,30412.5,30370.5,30405.25,1639.0
2026-06-02 04:30:00,30404.25,30414.25,30393.75,30412.5,1170.0
2026-06-02 04:45:00,30411.5,30445.0,30408.75,30442.75,1474.0
2026-06-02 05:00:00,30444.0,30469.5,30428.75,30468.5,2366.0
2026-06-02 05:15:00,30468.0,30475.5,30456.25,30470.5,1370.0
2026-06-02 05:30:00,30471.75,30495.0,30471.75,30482.0,1738.0
2026-06-02 05:45:00,30482.0,30484.75,30457.75,30476.25,1578.0
2026-06-02 06:00:00,30476.0,30492.75,30469.25,30482.0,1923.0
2026-06-02 06:15:00,30482.25,30503.25,30481.5,30487.5,1547.0
2026-06-02 06:30:00,30486.75,30509.0,30469.0,30496.5,2367.0
2026-06-02 06:45:00,30496.5,30515.75,30494.0,30514.5,1282.0
2026-06-02 07:00:00,30514.25,30543.0,30509.75,30536.0,2564.0
2026-06-02 07:15:00,30535.25,30547.25,30526.25,30531.0,1890.0
2026-06-02 07:30:00,30532.0,30539.25,30520.25,30529.75,1273.0
2026-06-02 07:45:00,30529.25,30531.0,30511.0,30529.5,1686.0
2026-06-02 08:00:00,30529.75,30569.0,30529.75,30556.0,2975.0
2026-06-02 08:15:00,30555.75,30567.75,30532.5,30546.0,2142.0
2026-06-02 08:30:00,30547.0,30566.0,30543.75,30548.5,1110.0
2026-06-02 08:45:00,30548.5,30564.25,30540.5,30547.75,1190.0
2026-06-02 09:00:00,30548.0,30549.5,30525.75,30539.75,1162.0
2026-06-02 09:15:00,30539.5,30553.0,30527.5,30535.75,1266.0
2026-06-02 09:30:00,30536.0,30584.5,30533.25,30577.25,2067.0
2026-06-02 09:45:00,30577.25,30586.0,30563.25,30565.5,1628.0
2026-06-02 10:00:00,30565.75,30571.75,30554.0,30560.0,1109.0
2026-06-02 10:15:00,30560.25,30567.5,30548.25,30554.75,1092.0
2026-06-02 10:30:00,30556.25,30557.5,30532.25,30535.75,1122.0
2026-06-02 10:45:00,30538.0,30544.0,30527.75,30529.25,960.0
2026-06-02 11:00:00,30529.75,30546.0,30502.5,30544.25,2169.0
2026-06-02 11:15:00,30543.25,30549.5,30523.75,30548.0,1774.0
2026-06-02 11:30:00,30548.25,30574.5,30547.25,30551.5,3394.0
2026-06-02 11:45:00,30551.75,30554.5,30530.75,30531.25,1490.0
2026-06-02 12:00:00,30531.5,30545.0,30527.75,30530.5,1754.0
2026-06-02 12:15:00,30530.75,30559.75,30523.0,30548.25,2912.0
2026-06-02 12:30:00,30548.5,30560.0,30526.75,30554.25,2460.0
2026-06-02 12:45:00,30555.5,30555.75,30526.5,30529.75,2034.0
2026-06-02 13:00:00,30529.75,30536.25,30481.25,30493.75,5474.0
2026-06-02 13:15:00,30493.25,30560.0,30488.5,30557.0,6876.0
2026-06-02 13:30:00,30557.0,30567.75,30423.75,30503.25,39858.0
2026-06-02 13:45:00,30502.5,30604.75,30497.0,30601.75,29534.0
2026-06-02 14:00:00,30603.0,30647.25,30570.0,30633.75,24652.0
2026-06-02 14:15:00,30634.0,30638.5,30537.75,30559.5,23935.0
2026-06-02 14:30:00,30559.25,30625.0,30555.25,30623.75,18202.0
2026-06-02 14:45:00,30623.5,30643.5,30600.75,30642.25,11946.0
2026-06-02 15:00:00,30642.5,30666.0,30611.75,30666.0,15338.0
2026-06-02 15:15:00,30666.0,30676.5,30651.75,30665.5,13122.0
2026-06-02 15:30:00,30666.0,30685.75,30650.0,30668.0,11685.0
2026-06-02 15:45:00,30668.25,30697.75,30657.25,30689.5,12374.0
2026-06-02 16:00:00,30690.0,30713.25,30668.25,30700.0,12254.0
2026-06-02 16:15:00,30700.25,30700.25,30651.0,30658.25,10332.0
2026-06-02 16:30:00,30658.75,30676.0,30640.5,30647.5,8574.0
2026-06-02 16:45:00,30647.25,30694.0,30642.0,30691.25,9818.0
2026-06-02 17:00:00,30691.0,30703.25,30677.75,30695.75,8764.0
2026-06-02 17:15:00,30696.0,30696.5,30632.0,30643.75,11084.0
2026-06-02 17:30:00,30643.0,30649.75,30608.75,30635.5,11126.0
2026-06-02 17:45:00,30635.0,30650.0,30625.0,30627.5,7811.0
2026-06-02 18:00:00,30628.5,30664.0,30614.0,30647.75,8858.0
2026-06-02 18:15:00,30648.25,30648.25,30629.25,30637.75,6582.0
2026-06-02 18:30:00,30638.25,30654.5,30598.5,30619.0,10359.0
2026-06-02 18:45:00,30617.75,30641.5,30614.0,30638.5,6783.0
2026-06-02 19:00:00,30639.0,30682.25,30637.5,30672.75,10037.0
2026-06-02 19:15:00,30673.25,30686.5,30662.0,30664.25,8332.0
2026-06-02 19:30:00,30663.75,30687.0,30662.5,30681.75,7865.0
2026-06-02 19:45:00,30682.0,30721.25,30678.25,30707.25,25751.0
2026-06-02 20:00:00,30707.25,30763.25,30697.75,30738.5,12816.0
2026-06-02 20:15:00,30738.75,30762.5,30737.0,30737.25,3454.0
2026-06-02 20:30:00,30737.75,30745.75,30737.0,30743.25,1638.0
2026-06-02 20:45:00,30742.0,30749.25,30736.0,30743.0,1681.0
2026-06-02 22:00:00,30741.75,30751.75,30715.25,30730.5,1987.0
2026-06-02 22:15:00,30729.5,30742.75,30722.75,30740.5,1132.0
2026-06-02 22:30:00,30739.25,30757.0,30734.5,30737.5,1182.0
2026-06-02 22:45:00,30737.75,30740.5,30698.0,30703.5,2296.0
2026-06-02 23:00:00,30705.0,30710.0,30667.75,30674.75,2788.0
2026-06-02 23:15:00,30675.0,30678.25,30561.25,30610.75,7918.0
2026-06-02 23:30:00,30611.25,30689.25,30595.5,30682.75,4926.0
2026-06-02 23:45:00,30682.25,30715.0,30667.25,30708.0,3472.0
2026-06-03 00:00:00,30708.25,30719.5,30676.75,30678.75,2988.0
2026-06-03 00:15:00,30678.0,30704.25,30671.0,30691.5,2250.0
2026-06-03 00:30:00,30692.75,30714.75,30686.75,30714.25,2538.0
2026-06-03 00:45:00,30713.5,30727.5,30707.75,30720.0,1639.0
2026-06-03 01:00:00,30720.5,30723.75,30675.0,30675.0,2724.0
2026-06-03 01:15:00,30676.0,30688.75,30671.75,30685.0,1202.0
2026-06-03 01:30:00,30685.0,30701.25,30658.0,30666.75,3080.0
2026-06-03 01:45:00,30666.75,30685.0,30653.0,30683.0,1534.0
2026-06-03 02:00:00,30683.75,30693.25,30671.5,30690.0,1042.0
2026-06-03 02:15:00,30689.75,30696.25,30662.75,30680.0,1676.0
2026-06-03 02:30:00,30680.25,30688.75,30670.75,30680.0,1018.0
2026-06-03 02:45:00,30679.0,30680.5,30667.75,30679.0,875.0
2026-06-03 03:00:00,30678.75,30687.5,30668.5,30687.5,999.0
2026-06-03 03:15:00,30688.0,30705.25,30681.75,30684.75,1450.0
2026-06-03 03:30:00,30685.0,30701.25,30685.0,30697.25,627.0
2026-06-03 03:45:00,30698.5,30710.0,30690.75,30707.25,725.0
2026-06-03 04:00:00,30718.75,30727.25,30717.25,30723.75,549.0
2026-06-03 04:15:00,30723.5,30727.25,30712.75,30722.0,636.0
2026-06-03 04:30:00,30722.0,30730.5,30715.25,30724.25,737.0
2026-06-03 04:45:00,30722.5,30723.75,30700.5,30702.5,821.0
2026-06-03 05:00:00,30702.5,30718.5,30675.0,30713.75,1399.0
2026-06-03 05:15:00,30713.0,30723.25,30704.25,30707.0,796.0
2026-06-03 05:30:00,30707.25,30710.5,30685.0,30695.5,1009.0
2026-06-03 05:45:00,30694.25,30699.25,30680.5,30689.25,864.0
2026-06-03 06:00:00,30689.75,30716.0,30670.25,30682.75,1830.0
2026-06-03 06:15:00,30682.25,30696.25,30674.75,30691.75,943.0
2026-06-03 06:30:00,30690.25,30718.0,30679.75,30705.0,2082.0
2026-06-03 06:45:00,30706.25,30707.5,30688.25,30698.0,971.0
2026-06-03 07:00:00,30697.75,30742.0,30687.0,30728.0,2154.0
2026-06-03 07:15:00,30729.75,30738.25,30704.5,30707.75,1233.0
2026-06-03 07:30:00,30706.75,30719.5,30687.0,30702.75,1746.0
2026-06-03 07:45:00,30703.75,30722.5,30698.0,30722.5,1021.0
2026-06-03 08:00:00,30722.75,30751.5,30700.0,30735.0,2664.0
2026-06-03 08:15:00,30735.25,30742.0,30702.0,30738.25,2424.0
2026-06-03 08:30:00,30738.25,30742.0,30708.5,30717.25,1595.0
2026-06-03 08:45:00,30716.75,30726.0,30707.0,30717.25,1056.0
2026-06-03 09:00:00,30717.0,30751.0,30711.5,30741.75,1531.0
2026-06-03 09:15:00,30742.5,30770.0,30735.25,30766.5,2194.0
2026-06-03 09:30:00,30766.75,30769.25,30748.25,30763.25,1711.0
2026-06-03 09:45:00,30762.5,30764.25,30731.5,30733.5,1673.0
2026-06-03 10:00:00,30733.75,30785.0,30716.0,30759.0,4911.0
2026-06-03 10:15:00,30759.25,30764.5,30738.5,30764.0,2007.0
2026-06-03 10:30:00,30764.5,30783.5,30743.0,30744.75,1810.0
2026-06-03 10:45:00,30744.75,30764.25,30744.25,30753.75,1345.0
2026-06-03 11:00:00,30753.5,30781.5,30753.25,30774.75,2148.0
2026-06-03 11:15:00,30774.25,30787.0,30764.25,30776.0,1737.0
2026-06-03 11:30:00,30776.5,30794.25,30767.75,30773.25,1989.0
2026-06-03 11:45:00,30773.25,30789.5,30766.0,30780.0,1610.0
2026-06-03 12:00:00,30780.5,30799.0,30772.75,30791.25,2634.0
2026-06-03 12:15:00,30792.0,30792.0,30754.0,30755.5,3225.0
2026-06-03 12:30:00,30754.0,30755.5,30703.5,30726.5,4823.0
2026-06-03 12:45:00,30725.75,30734.75,30700.0,30717.25,4214.0
2026-06-03 13:00:00,30716.75,30742.5,30712.5,30730.25,4154.0
2026-06-03 13:15:00,30730.5,30763.25,30728.5,30753.75,7226.0
2026-06-03 13:30:00,30754.75,30807.75,30622.0,30623.75,54029.0
2026-06-03 13:45:00,30624.25,30648.75,30496.0,30558.75,48188.0
2026-06-03 14:00:00,30562.0,30687.75,30547.5,30687.25,29783.0
2026-06-03 14:15:00,30687.25,30724.75,30663.0,30723.0,27293.0
2026-06-03 14:30:00,30722.75,30739.5,30667.25,30701.0,19330.0
2026-06-03 14:45:00,30701.25,30723.0,30644.5,30667.25,17575.0
2026-06-03 15:00:00,30667.75,30715.5,30664.75,30693.0,12476.0
2026-06-03 15:15:00,30692.75,30698.25,30615.0,30668.75,16321.0
2026-06-03 15:30:00,30668.5,30692.25,30599.75,30602.25,16605.0
2026-06-03 15:45:00,30602.0,30631.75,30568.0,30604.25,16179.0
2026-06-03 16:00:00,30605.0,30623.25,30579.0,30611.25,11228.0
2026-06-03 16:15:00,30611.25,30611.5,30531.25,30553.75,15880.0
2026-06-03 16:30:00,30552.75,30578.5,30505.75,30530.25,15693.0
2026-06-03 16:45:00,30529.75,30607.5,30529.75,30606.75,14542.0
2026-06-03 17:00:00,30607.25,30609.0,30534.5,30543.5,13521.0
2026-06-03 17:15:00,30544.0,30575.25,30516.25,30572.75,10928.0
2026-06-03 17:30:00,30572.75,30616.5,30543.25,30613.5,10235.0
2026-06-03 17:45:00,30613.75,30647.25,30604.75,30642.75,9153.0
2026-06-03 18:00:00,30643.25,30655.75,30612.0,30625.5,9343.0
2026-06-03 18:15:00,30625.75,30680.0,30608.0,30677.0,10777.0
2026-06-03 18:30:00,30676.5,30682.25,30635.0,30651.0,9832.0
2026-06-03 18:45:00,30651.75,30668.0,30636.75,30652.0,8017.0
2026-06-03 19:00:00,30652.0,30659.75,30615.25,30636.75,11183.0
2026-06-03 19:15:00,30637.25,30660.25,30611.25,30635.25,10086.0
2026-06-03 19:30:00,30634.5,30691.25,30627.0,30683.75,12260.0
2026-06-03 19:45:00,30683.75,30694.75,30625.0,30635.75,25879.0
2026-06-03 20:00:00,30635.75,30639.75,30597.25,30606.75,12329.0
2026-06-03 20:15:00,30607.25,30619.0,30544.5,30564.0,10451.0
2026-06-03 20:30:00,30564.25,30566.5,30498.25,30501.75,6053.0
2026-06-03 20:45:00,30501.5,30524.25,30478.25,30495.0,5665.0
2026-06-03 22:00:00,30453.0,30499.0,30432.0,30457.25,1785.0
2026-06-03 22:15:00,30457.25,30462.5,30405.5,30438.25,3318.0
2026-06-03 22:30:00,30436.5,30469.0,30425.5,30440.0,2581.0
2026-06-03 22:45:00,30438.75,30471.5,30368.5,30457.75,4830.0
2026-06-03 23:00:00,30458.75,30463.0,30406.25,30425.25,2784.0
2026-06-03 23:15:00,30426.75,30431.5,30390.75,30405.5,1799.0
2026-06-03 23:30:00,30408.5,30423.0,30378.25,30387.0,2199.0
2026-06-03 23:45:00,30387.5,30421.5,30370.75,30395.25,2221.0
2026-06-04 00:00:00,30393.0,30453.0,30377.5,30433.5,4159.0
2026-06-04 00:15:00,30433.75,30463.0,30412.0,30455.0,2774.0
2026-06-04 00:30:00,30456.5,30501.75,30454.0,30496.25,2913.0
2026-06-04 00:45:00,30497.0,30502.75,30472.75,30498.75,1683.0
2026-06-04 01:00:00,30498.0,30531.0,30496.0,30515.0,2309.0
2026-06-04 01:15:00,30516.0,30516.5,30473.0,30491.5,2317.0
2026-06-04 01:30:00,30493.5,30524.75,30474.75,30482.5,2022.0
2026-06-04 01:45:00,30481.5,30487.5,30438.25,30453.5,2624.0
2026-06-04 02:00:00,30453.75,30456.75,30390.0,30393.5,2950.0
2026-06-04 02:15:00,30395.25,30424.5,30352.5,30414.5,4139.0
2026-06-04 02:30:00,30414.0,30418.5,30387.75,30409.75,2088.0
2026-06-04 02:45:00,30410.0,30440.75,30409.0,30412.0,1966.0
2026-06-04 03:00:00,30412.25,30453.25,30409.25,30438.25,1693.0
2026-06-04 03:15:00,30438.0,30470.0,30438.0,30470.0,1358.0
2026-06-04 03:30:00,30469.25,30486.75,30450.0,30454.75,1910.0
2026-06-04 03:45:00,30454.5,30477.75,30446.25,30477.5,1485.0
2026-06-04 04:00:00,30475.0,30496.5,30470.0,30496.5,383.0
2026-06-04 04:15:00,30497.0,30502.25,30485.25,30487.5,1035.0
2026-06-04 04:30:00,30488.75,30507.5,30483.0,30504.0,1192.0
2026-06-04 04:45:00,30504.25,30508.25,30489.75,30497.5,728.0
2026-06-04 05:00:00,30497.25,30499.75,30450.0,30475.0,1811.0
2026-06-04 05:15:00,30475.25,30484.0,30452.0,30461.75,1153.0
2026-06-04 05:30:00,30463.0,30493.25,30454.0,30492.5,1324.0
2026-06-04 05:45:00,30492.0,30492.75,30458.25,30484.5,1082.0
2026-06-04 06:00:00,30484.5,30500.75,30478.0,30485.25,1158.0
2026-06-04 06:15:00,30484.5,30488.75,30465.5,30488.5,1127.0
2026-06-04 06:30:00,30488.5,30520.0,30470.5,30519.5,1638.0
2026-06-04 06:45:00,30518.0,30535.0,30502.75,30528.25,1595.0
2026-06-04 07:00:00,30530.0,30544.5,30512.5,30533.25,2056.0
2026-06-04 07:15:00,30532.0,30534.25,30490.5,30518.0,2123.0
2026-06-04 07:30:00,30518.75,30533.0,30502.5,30505.5,1609.0
2026-06-04 07:45:00,30505.25,30515.0,30490.25,30500.0,1213.0
2026-06-04 08:00:00,30499.25,30500.25,30405.0,30405.0,3625.0
2026-06-04 08:15:00,30405.0,30424.0,30340.0,30371.5,5848.0
2026-06-04 08:30:00,30373.0,30402.0,30363.0,30367.5,3191.0
2026-06-04 08:45:00,30367.0,30376.5,30326.5,30344.5,3149.0
2026-06-04 09:00:00,30344.0,30346.25,30257.0,30260.75,5658.0
2026-06-04 09:15:00,30260.75,30312.75,30248.5,30303.0,4282.0
2026-06-04 09:30:00,30303.5,30331.5,30291.25,30298.25,2743.0
2026-06-04 09:45:00,30298.0,30349.0,30294.25,30336.25,3072.0
2026-06-04 10:00:00,30337.0,30337.0,30298.25,30309.25,2155.0
2026-06-04 10:15:00,30308.75,30310.25,30268.75,30271.5,2815.0
2026-06-04 10:30:00,30272.0,30292.0,30247.5,30253.5,2487.0
2026-06-04 10:45:00,30253.75,30276.0,30204.25,30245.25,5529.0
2026-06-04 11:00:00,30245.25,30264.75,30228.25,30246.5,4027.0
2026-06-04 11:15:00,30245.0,30279.5,30228.25,30270.0,4708.0
2026-06-04 11:30:00,30272.25,30290.0,30164.25,30196.75,8697.0
2026-06-04 11:45:00,30196.5,30282.75,30191.25,30280.75,6179.0
2026-06-04 12:00:00,30279.25,30286.0,30224.25,30237.5,6198.0
2026-06-04 12:15:00,30237.25,30253.75,30223.0,30248.0,3969.0
2026-06-04 12:30:00,30249.0,30312.25,30246.0,30309.5,5922.0
2026-06-04 12:45:00,30308.75,30330.0,30289.75,30309.75,5394.0
2026-06-04 13:00:00,30310.25,30317.0,30287.75,30301.75,4396.0
2026-06-04 13:15:00,30300.25,30330.75,30265.25,30268.25,9025.0
2026-06-04 13:30:00,30268.25,30364.5,30210.0,30227.25,56463.0
2026-06-04 13:45:00,30226.25,30316.0,30187.75,30248.0,40118.0
2026-06-04 14:00:00,30247.75,30282.5,30151.0,30279.25,40388.0
2026-06-04 14:15:00,30279.5,30348.5,30251.75,30341.25,24728.0
2026-06-04 14:30:00,30341.0,30348.25,30290.25,30301.5,19676.0
2026-06-04 14:45:00,30300.5,30360.0,30291.75,30356.75,16744.0
2026-06-04 15:00:00,30357.25,30453.25,30354.5,30450.5,21256.0
2026-06-04 15:15:00,30451.0,30469.5,30431.5,30442.0,16647.0
2026-06-04 15:30:00,30442.0,30448.75,30410.75,30419.0,11616.0
2026-06-04 15:45:00,30419.25,30423.0,30363.0,30413.75,18785.0
2026-06-04 16:00:00,30413.25,30452.0,30393.0,30440.0,10761.0
2026-06-04 16:15:00,30440.0,30486.25,30440.0,30480.0,11401.0
2026-06-04 16:30:00,30480.25,30490.0,30436.0,30482.75,12261.0
2026-06-04 16:45:00,30482.75,30493.25,30465.75,30479.0,9048.0
2026-06-04 17:00:00,30479.0,30502.25,30464.25,30494.0,10610.0
2026-06-04 17:15:00,30493.5,30519.75,30474.0,30513.75,9555.0
2026-06-04 17:30:00,30514.0,30540.25,30511.0,30540.0,12360.0
2026-06-04 17:45:00,30539.75,30563.25,30525.75,30559.5,9334.0
2026-06-04 18:00:00,30559.25,30598.5,30555.25,30592.0,13036.0
2026-06-04 18:15:00,30592.0,30595.5,30574.0,30586.25,10160.0
2026-06-04 18:30:00,30586.25,30590.75,30557.75,30572.5,10836.0
2026-06-04 18:45:00,30572.75,30592.25,30550.0,30558.0,9757.0
2026-06-04 19:00:00,30558.0,30588.75,30545.75,30555.25,10817.0
2026-06-04 19:15:00,30555.25,30596.0,30531.0,30594.75,12588.0
2026-06-04 19:30:00,30594.25,30603.25,30546.5,30548.75,11408.0
2026-06-04 19:45:00,30548.25,30551.5,30481.25,30485.25,29899.0
2026-06-04 20:00:00,30485.5,30495.0,30439.75,30451.75,13703.0
2026-06-04 20:15:00,30451.75,30463.25,30402.0,30413.75,5017.0
2026-06-04 20:30:00,30413.0,30424.0,30403.0,30411.5,2446.0
2026-06-04 20:45:00,30412.0,30419.0,30397.5,30399.5,2793.0
2026-06-04 22:00:00,30414.0,30422.0,30367.0,30371.0,1365.0
2026-06-04 22:15:00,30369.75,30383.5,30316.0,30341.5,2899.0
2026-06-04 22:30:00,30342.5,30357.75,30329.5,30336.0,1536.0
2026-06-04 22:45:00,30336.25,30369.0,30335.5,30366.5,1030.0
2026-06-04 23:00:00,30365.75,30371.25,30324.25,30328.5,1510.0
2026-06-04 23:15:00,30328.75,30330.75,30289.0,30310.5,2621.0
2026-06-04 23:30:00,30311.0,30311.5,30277.0,30281.5,1615.0
2026-06-04 23:45:00,30281.75,30284.5,30255.0,30264.25,2201.0
2026-06-05 00:00:00,30262.25,30264.0,30198.75,30199.75,4534.0
2026-06-05 00:15:00,30199.5,30220.5,30169.0,30193.5,4269.0
2026-06-05 00:30:00,30194.0,30214.75,30160.75,30167.25,3757.0
2026-06-05 00:45:00,30166.0,30184.75,30130.75,30142.75,4640.0
2026-06-05 01:00:00,30143.5,30153.75,30111.0,30123.75,3750.0
2026-06-05 01:15:00,30124.0,30130.25,30052.25,30085.25,6112.0
2026-06-05 01:30:00,30085.0,30152.5,30084.5,30146.75,4759.0
2026-06-05 01:45:00,30147.0,30202.0,30129.5,30195.5,3942.0
2026-06-05 02:00:00,30196.5,30218.75,30170.75,30211.0,3133.0
2026-06-05 02:15:00,30212.0,30239.75,30199.75,30234.25,2881.0
2026-06-05 02:30:00,30233.0,30249.0,30215.25,30221.5,2461.0
2026-06-05 02:45:00,30220.75,30239.0,30207.75,30214.25,1992.0
2026-06-05 03:00:00,30214.5,30223.5,30185.75,30211.5,2469.0
2026-06-05 03:15:00,30211.25,30229.5,30185.75,30188.5,1582.0
2026-06-05 03:30:00,30187.75,30208.25,30177.25,30181.75,1787.0
2026-06-05 03:45:00,30182.75,30184.75,30146.0,30166.0,2252.0
2026-06-05 04:00:00,30177.75,30186.0,30168.75,30184.75,382.0
2026-06-05 04:15:00,30185.5,30204.25,30174.75,30177.0,1487.0
2026-06-05 04:30:00,30178.25,30211.25,30163.5,30202.25,1571.0
2026-06-05 04:45:00,30201.25,30243.0,30195.75,30229.75,1795.0
2026-06-05 05:00:00,30230.25,30233.25,30195.0,30198.25,1619.0
2026-06-05 05:15:00,30198.5,30228.25,30190.0,30202.5,1808.0
2026-06-05 05:30:00,30199.25,30224.75,30193.75,30195.75,1625.0
2026-06-05 05:45:00,30194.75,30197.0,30163.0,30170.25,1702.0
2026-06-05 06:00:00,30170.25,30213.75,30167.5,30171.25,2971.0
2026-06-05 06:15:00,30170.25,30175.0,30131.5,30142.25,2784.0
2026-06-05 06:30:00,30143.5,30157.5,30113.5,30119.0,2635.0
2026-06-05 06:45:00,30119.0,30145.0,30113.0,30123.5,1601.0
2026-06-05 07:00:00,30124.25,30127.0,30075.0,30081.0,3388.0
2026-06-05 07:15:00,30081.0,30111.75,30062.0,30106.5,3288.0
2026-06-05 07:30:00,30106.75,30158.25,30102.25,30127.25,3248.0
2026-06-05 07:45:00,30125.75,30156.75,30124.25,30150.25,1914.0
2026-06-05 08:00:00,30151.25,30163.5,30120.25,30141.5,2925.0
2026-06-05 08:15:00,30142.25,30218.0,30127.25,30216.25,3417.0
2026-06-05 08:30:00,30216.25,30222.5,30166.75,30168.5,3181.0
2026-06-05 08:45:00,30168.5,30182.75,30148.0,30158.75,2131.0
2026-06-05 09:00:00,30159.5,30259.0,30152.25,30219.75,4198.0
2026-06-05 09:15:00,30221.75,30236.5,30176.25,30182.25,2666.0
2026-06-05 09:30:00,30183.0,30196.25,30172.5,30181.25,1906.0
2026-06-05 09:45:00,30181.75,30212.75,30181.0,30198.25,1218.0
2026-06-05 10:00:00,30199.0,30210.0,30192.5,30207.25,1030.0
2026-06-05 10:15:00,30207.0,30235.75,30200.75,30231.5,1284.0
2026-06-05 10:30:00,30231.25,30236.0,30212.75,30227.0,1399.0
2026-06-05 10:45:00,30226.5,30227.0,30192.0,30195.5,1154.0
2026-06-05 11:00:00,30194.25,30197.0,30172.0,30184.25,1909.0
2026-06-05 11:15:00,30183.25,30186.0,30135.5,30184.25,3012.0
2026-06-05 11:30:00,30184.0,30194.25,30167.5,30177.25,1829.0
2026-06-05 11:45:00,30178.0,30180.5,30144.75,30147.75,1721.0
2026-06-05 12:00:00,30147.5,30149.0,30107.5,30112.75,3448.0
2026-06-05 12:15:00,30111.5,30157.5,30103.0,30115.25,4001.0
2026-06-05 12:30:00,30116.0,30151.75,30042.5,30121.0,12149.0
2026-06-05 12:45:00,30122.0,30135.5,30053.5,30054.5,7218.0
2026-06-05 13:00:00,30054.25,30071.5,30031.75,30039.5,7016.0
2026-06-05 13:15:00,30038.75,30051.5,30013.0,30036.25,9788.0
2026-06-05 13:30:00,30035.75,30100.5,29928.75,29932.75,56408.0
2026-06-05 13:45:00,29931.25,29954.0,29771.0,29773.75,49204.0
2026-06-05 14:00:00,29774.25,29871.0,29758.0,29871.0,46032.0
2026-06-05 14:15:00,29869.75,29942.5,29801.5,29824.5,30176.0
2026-06-05 14:30:00,29824.75,29929.25,29814.25,29843.0,26269.0
2026-06-05 14:45:00,29842.25,29873.25,29805.25,29853.0,22459.0
2026-06-05 15:00:00,29853.25,29870.0,29726.5,29727.75,24976.0
2026-06-05 15:15:00,29727.75,29765.25,29695.5,29717.25,24214.0
2026-06-05 15:30:00,29717.25,29739.75,29614.5,29645.5,25201.0
2026-06-05 15:45:00,29645.0,29682.5,29628.5,29658.5,19585.0
2026-06-05 16:00:00,29658.75,29660.25,29564.25,29593.75,24740.0
2026-06-05 16:15:00,29593.5,29593.5,29536.0,29543.75,23288.0
2026-06-05 16:30:00,29543.75,29549.0,29418.0,29433.5,31524.0
2026-06-05 16:45:00,29433.25,29507.75,29379.0,29490.5,33498.0
2026-06-05 17:00:00,29490.5,29493.0,29377.0,29410.0,24726.0
2026-06-05 17:15:00,29410.0,29449.0,29361.75,29440.75,22394.0
2026-06-05 17:30:00,29439.75,29505.0,29405.5,29418.5,24326.0
2026-06-05 17:45:00,29418.0,29473.75,29407.5,29471.0,14032.0
2026-06-05 18:00:00,29471.5,29477.0,29311.0,29317.25,23242.0
2026-06-05 18:15:00,29318.0,29319.75,29221.0,29243.5,28752.0
2026-06-05 18:30:00,29244.0,29256.75,29150.5,29181.25,25450.0
2026-06-05 18:45:00,29181.75,29216.0,29096.0,29191.0,35475.0
2026-06-05 19:00:00,29191.5,29211.0,29049.5,29071.25,28445.0
2026-06-05 19:15:00,29070.75,29156.25,28974.25,29155.0,29817.0
2026-06-05 19:30:00,29155.0,29158.0,29050.5,29095.75,27555.0
2026-06-05 19:45:00,29095.25,29194.75,29005.5,29016.5,50829.0
2026-06-05 20:00:00,29015.75,29042.25,28817.75,28832.25,27014.0
2026-06-05 20:15:00,28834.5,28875.5,28800.0,28866.5,9628.0
2026-06-05 20:30:00,28865.75,28866.25,28788.75,28818.0,6622.0
2026-06-05 20:45:00,28818.25,29026.5,28781.25,29026.5,7657.0
2026-06-07 22:00:00,28898.5,28998.0,28892.5,28995.25,2112.0
2026-06-07 22:15:00,28993.5,29023.0,28954.25,28967.25,6902.0
2026-06-07 22:30:00,28969.25,29017.75,28944.0,28974.0,4583.0
2026-06-07 22:45:00,28972.5,29000.0,28872.25,28893.0,5826.0
2026-06-07 23:00:00,28894.75,29002.75,28894.5,28994.25,3238.0
2026-06-07 23:15:00,28992.5,28994.75,28938.5,28979.0,2941.0
2026-06-07 23:30:00,28977.25,29026.5,28964.75,29024.75,2899.0
2026-06-07 23:45:00,29023.5,29103.5,29013.75,29087.75,5253.0
2026-06-08 00:00:00,29083.5,29148.25,29059.5,29146.5,6261.0
2026-06-08 00:15:00,29146.75,29225.75,29135.0,29223.0,5375.0
2026-06-08 00:30:00,29223.5,29287.5,29213.5,29253.5,7092.0
2026-06-08 00:45:00,29253.5,29254.0,29163.5,29216.75,7384.0
2026-06-08 01:00:00,29218.5,29236.75,29150.25,29151.5,6033.0
2026-06-08 01:15:00,29153.5,29163.0,29071.0,29074.75,7229.0
2026-06-08 01:30:00,29076.75,29168.0,29025.25,29158.75,6737.0
2026-06-08 01:45:00,29158.25,29179.25,29118.25,29158.75,3382.0
2026-06-08 02:00:00,29161.5,29181.75,29111.0,29152.0,3400.0
2026-06-08 02:15:00,29151.0,29179.0,29105.0,29173.75,3229.0
2026-06-08 02:30:00,29173.5,29229.0,29126.25,29229.0,4059.0
2026-06-08 02:45:00,29228.75,29243.5,29201.25,29211.25,3240.0
2026-06-08 03:00:00,29211.75,29232.0,29195.75,29208.25,2012.0
2026-06-08 03:15:00,29207.5,29223.0,29176.5,29218.0,2178.0
2026-06-08 03:30:00,29216.5,29232.25,29205.75,29212.5,1302.0
2026-06-08 03:45:00,29212.0,29226.0,29200.0,29205.0,1307.0
2026-06-08 04:00:00,29212.5,29223.25,29156.5,29176.5,3594.0
2026-06-08 04:15:00,29180.0,29199.75,29146.0,29171.5,2024.0
2026-06-08 04:30:00,29171.75,29178.75,29097.25,29101.0,2661.0
2026-06-08 04:45:00,29101.25,29140.75,29088.5,29092.0,2092.0
2026-06-08 05:00:00,29089.75,29144.0,29060.0,29063.0,2992.0
2026-06-08 05:15:00,29065.0,29100.75,29060.75,29092.0,2549.0
2026-06-08 05:30:00,29092.25,29098.0,28980.75,28990.5,4509.0
2026-06-08 05:45:00,28989.5,29023.5,28972.75,29017.5,3399.0
2026-06-08 06:00:00,29016.75,29073.25,29000.0,29030.75,3721.0
2026-06-08 06:15:00,29028.75,29138.0,29011.75,29130.75,3986.0
2026-06-08 06:30:00,29129.75,29151.0,29066.75,29097.0,4321.0
2026-06-08 06:45:00,29097.25,29103.75,29050.0,29101.75,2470.0
2026-06-08 07:00:00,29101.0,29157.0,29082.75,29142.75,3846.0
2026-06-08 07:15:00,29143.25,29241.0,29115.75,29228.5,5378.0
2026-06-08 07:30:00,29229.0,29241.5,29184.75,29225.75,3592.0
2026-06-08 07:45:00,29223.5,29281.0,29215.25,29257.0,4112.0
2026-06-08 08:00:00,29255.25,29256.5,29201.25,29210.75,4867.0
2026-06-08 08:15:00,29212.25,29248.5,29203.75,29223.25,3004.0
2026-06-08 08:30:00,29225.0,29267.75,29188.25,29206.0,3445.0
2026-06-08 08:45:00,29206.5,29208.0,29157.0,29176.25,3928.0
2026-06-08 09:00:00,29179.0,29198.5,29145.0,29188.5,2217.0
2026-06-08 09:15:00,29187.5,29223.0,29182.25,29193.25,2016.0
2026-06-08 09:30:00,29193.25,29254.5,29162.75,29219.0,4151.0
2026-06-08 09:45:00,29218.0,29240.5,29212.25,29240.5,2309.0
2026-06-08 10:00:00,29239.0,29241.0,29185.75,29221.75,2699.0
2026-06-08 10:15:00,29223.0,29227.25,29175.0,29194.0,2058.0
2026-06-08 10:30:00,29192.25,29273.5,29188.75,29246.5,3568.0
2026-06-08 10:45:00,29246.25,29256.0,29223.0,29240.75,2438.0
2026-06-08 11:00:00,29241.5,29365.5,29212.0,29361.25,5726.0
2026-06-08 11:15:00,29361.25,29410.0,29340.25,29407.75,8346.0
2026-06-08 11:30:00,29409.25,29437.75,29408.5,29410.75,5553.0
2026-06-08 11:45:00,29410.0,29419.5,29370.25,29375.0,3712.0
2026-06-08 12:00:00,29374.75,29416.5,29364.75,29414.0,6104.0
2026-06-08 12:15:00,29412.75,29457.75,29402.0,29457.75,4588.0
2026-06-08 12:30:00,29456.25,29510.5,29456.0,29493.5,7501.0
2026-06-08 12:45:00,29494.25,29495.75,29462.25,29486.0,4982.0
2026-06-08 13:00:00,29484.5,29581.5,29484.0,29574.75,10290.0
2026-06-08 13:15:00,29574.75,29604.25,29523.5,29525.75,13672.0
2026-06-08 13:30:00,29526.0,29584.0,29397.5,29515.5,54133.0
2026-06-08 13:45:00,29516.0,29554.0,29341.0,29349.75,37200.0
2026-06-08 14:00:00,29350.25,29471.75,29331.5,29441.5,33992.0
2026-06-08 14:15:00,29441.0,29531.0,29374.75,29517.25,25028.0
2026-06-08 14:30:00,29517.0,29603.75,29504.5,29549.75,26173.0
2026-06-08 14:45:00,29549.25,29681.0,29549.0,29676.5,24303.0
2026-06-08 15:00:00,29676.5,29734.0,29665.25,29715.25,19951.0
2026-06-08 15:15:00,29716.25,29743.0,29623.25,29630.0,22714.0
2026-06-08 15:30:00,29630.25,29685.25,29559.0,29685.25,23689.0
2026-06-08 15:45:00,29685.25,29710.75,29594.25,29610.0,18330.0
2026-06-08 16:00:00,29610.25,29651.25,29580.25,29635.25,15924.0
2026-06-08 16:15:00,29636.75,29692.25,29581.5,29584.75,15606.0
2026-06-08 16:30:00,29587.5,29616.75,29554.0,29586.5,14894.0
2026-06-08 16:45:00,29586.5,29630.5,29577.25,29580.5,10751.0
2026-06-08 17:00:00,29580.75,29584.25,29485.25,29531.75,19181.0
2026-06-08 17:15:00,29531.0,29605.5,29492.0,29602.0,14710.0
2026-06-08 17:30:00,29602.0,29624.25,29509.0,29512.25,17513.0
2026-06-08 17:45:00,29511.75,29600.0,29511.25,29558.25,13149.0
2026-06-08 18:00:00,29559.25,29611.75,29556.0,29564.0,12511.0
2026-06-08 18:15:00,29565.5,29598.25,29558.0,29590.5,8641.0
2026-06-08 18:30:00,29591.25,29617.75,29527.5,29530.75,13547.0
2026-06-08 18:45:00,29531.5,29571.0,29529.5,29542.0,8974.0
2026-06-08 19:00:00,29543.0,29548.0,29427.0,29429.0,16373.0
2026-06-08 19:15:00,29428.75,29451.25,29377.0,29436.75,19135.0
2026-06-08 19:30:00,29437.0,29495.0,29420.75,29437.0,16787.0
2026-06-08 19:45:00,29436.5,29475.0,29419.0,29452.75,30349.0
2026-06-08 20:00:00,29453.0,29470.0,29427.0,29444.5,9752.0
2026-06-08 20:15:00,29445.5,29450.5,29401.0,29432.0,4701.0
2026-06-08 20:30:00,29431.0,29437.75,29418.25,29429.25,2212.0
2026-06-08 20:45:00,29429.25,29448.75,29417.0,29435.25,1798.0
2026-06-08 22:00:00,29435.0,29468.75,29349.0,29358.25,2773.0
2026-06-08 22:15:00,29360.25,29454.75,29321.25,29328.25,3043.0
2026-06-08 22:30:00,29332.25,29376.75,29332.25,29370.0,1700.0
2026-06-08 22:45:00,29369.0,29429.0,29360.0,29425.5,2019.0
2026-06-08 23:00:00,29426.5,29463.25,29403.5,29454.5,1845.0
2026-06-08 23:15:00,29455.25,29459.25,29422.25,29433.0,1746.0
2026-06-08 23:30:00,29431.0,29482.0,29416.0,29444.0,2623.0
2026-06-08 23:45:00,29444.75,29445.0,29385.0,29425.0,2423.0
2026-06-09 00:00:00,29425.75,29441.0,29340.0,29361.25,4213.0
2026-06-09 00:15:00,29362.25,29386.0,29329.75,29368.75,2666.0
2026-06-09 00:30:00,29368.0,29378.0,29307.75,29347.0,2998.0
2026-06-09 00:45:00,29347.25,29357.75,29303.5,29337.75,2752.0
2026-06-09 01:00:00,29341.75,29385.0,29329.0,29371.25,3022.0
2026-06-09 01:15:00,29372.5,29476.5,29363.75,29456.25,4069.0
2026-06-09 01:30:00,29457.0,29521.5,29448.0,29502.0,2952.0
2026-06-09 01:45:00,29501.5,29547.75,29482.0,29492.0,3098.0
2026-06-09 02:00:00,29492.5,29516.25,29482.75,29498.0,1810.0
2026-06-09 02:15:00,29498.25,29502.0,29460.5,29490.5,1944.0
2026-06-09 02:30:00,29491.75,29512.0,29473.5,29508.75,1574.0
2026-06-09 02:45:00,29509.75,29523.75,29489.25,29514.0,1481.0
2026-06-09 03:00:00,29514.0,29542.25,29501.0,29534.5,1689.0
2026-06-09 03:15:00,29532.75,29555.0,29516.5,29539.0,1475.0
2026-06-09 03:30:00,29540.0,29592.5,29534.75,29584.25,1900.0
2026-06-09 03:45:00,29584.5,29593.0,29565.0,29574.5,1345.0
2026-06-09 04:00:00,29594.25,29612.25,29594.25,29602.0,515.0
2026-06-09 04:15:00,29602.75,29623.5,29597.0,29611.5,1447.0
2026-06-09 04:30:00,29612.0,29631.25,29598.5,29617.75,1433.0
2026-06-09 04:45:00,29617.5,29624.5,29600.75,29603.25,1087.0
2026-06-09 05:00:00,29604.5,29626.0,29592.5,29607.25,1781.0
2026-06-09 05:15:00,29606.0,29619.25,29588.75,29592.75,1047.0
2026-06-09 05:30:00,29593.0,29647.0,29591.75,29628.5,2237.0
2026-06-09 05:45:00,29627.5,29651.5,29618.0,29633.25,1795.0
2026-06-09 06:00:00,29634.75,29660.0,29625.75,29656.75,2068.0
2026-06-09 06:15:00,29655.75,29674.75,29633.5,29635.75,2082.0
2026-06-09 06:30:00,29635.75,29652.0,29623.75,29636.5,1715.0
2026-06-09 06:45:00,29637.25,29643.5,29601.5,29622.25,1620.0
2026-06-09 07:00:00,29623.0,29689.25,29616.0,29647.5,3115.0
2026-06-09 07:15:00,29648.5,29661.5,29601.5,29612.75,2131.0
2026-06-09 07:30:00,29612.75,29626.75,29588.0,29625.25,1787.0
2026-06-09 07:45:00,29625.75,29638.5,29583.5,29593.0,1611.0
2026-06-09 08:00:00,29593.5,29668.5,29566.0,29665.75,3535.0
2026-06-09 08:15:00,29665.5,29674.25,29637.5,29663.25,1968.0
2026-06-09 08:30:00,29662.75,29685.5,29645.0,29678.75,1931.0
2026-06-09 08:45:00,29677.75,29686.25,29637.25,29641.5,1397.0
2026-06-09 09:00:00,29641.75,29671.75,29636.0,29666.75,1184.0
2026-06-09 09:15:00,29668.0,29691.25,29660.25,29685.75,1509.0
2026-06-09 09:30:00,29686.5,29687.0,29656.25,29679.0,1149.0
2026-06-09 09:45:00,29678.25,29696.25,29678.0,29678.75,1313.0
2026-06-09 10:00:00,29680.5,29697.5,29617.75,29677.5,4553.0
2026-06-09 10:15:00,29677.5,29679.0,29651.75,29672.5,1220.0
2026-06-09 10:30:00,29672.0,29676.5,29647.25,29657.25,887.0
2026-06-09 10:45:00,29657.5,29698.75,29652.5,29685.25,2323.0
2026-06-09 11:00:00,29686.0,29705.0,29681.0,29698.75,2051.0
2026-06-09 11:15:00,29699.0,29702.25,29670.75,29688.5,2097.0
2026-06-09 11:30:00,29690.0,29727.5,29684.5,29717.75,2590.0
2026-06-09 11:45:00,29717.5,29724.0,29679.25,29681.5,2208.0
2026-06-09 12:00:00,29681.0,29701.25,29671.0,29673.5,2337.0
2026-06-09 12:15:00,29673.25,29682.0,29652.25,29669.0,2470.0
2026-06-09 12:30:00,29670.0,29730.25,29667.5,29696.25,4568.0
2026-06-09 12:45:00,29695.5,29739.5,29669.75,29735.25,4173.0
2026-06-09 13:00:00,29735.75,29747.25,29707.25,29713.25,6230.0
2026-06-09 13:15:00,29713.75,29741.0,29692.25,29736.75,8998.0
2026-06-09 13:30:00,29737.0,29769.5,29633.25,29767.0,44859.0
2026-06-09 13:45:00,29766.5,29848.25,29663.25,29672.75,40472.0
2026-06-09 14:00:00,29672.75,29712.0,29484.5,29491.0,44441.0
2026-06-09 14:15:00,29491.5,29526.25,29365.0,29444.0,51598.0
2026-06-09 14:30:00,29444.0,29487.5,29271.25,29286.25,42057.0
2026-06-09 14:45:00,29287.25,29314.5,29083.75,29239.75,50795.0
2026-06-09 15:00:00,29242.0,29302.0,29143.5,29243.5,28149.0
2026-06-09 15:15:00,29243.75,29254.5,28848.5,28859.25,35962.0
2026-06-09 15:30:00,28861.25,28944.25,28809.75,28902.75,41030.0
2026-06-09 15:45:00,28903.75,28972.0,28681.5,28695.25,36780.0
2026-06-09 16:00:00,28696.0,28787.5,28575.0,28621.75,41032.0
2026-06-09 16:15:00,28621.75,28627.75,28404.25,28523.5,48902.0
2026-06-09 16:30:00,28522.5,28572.0,28227.75,28375.5,48261.0
2026-06-09 16:45:00,28375.25,28487.75,28279.0,28480.0,34687.0
2026-06-09 17:00:00,28480.25,28674.5,28462.5,28650.0,32736.0
2026-06-09 17:15:00,28650.0,28787.25,28606.25,28743.25,32445.0
2026-06-09 17:30:00,28743.5,28924.5,28708.0,28866.0,27094.0
2026-06-09 17:45:00,28867.25,28884.5,28714.25,28832.5,29295.0
2026-06-09 18:00:00,28831.5,28887.5,28784.75,28862.25,20158.0
2026-06-09 18:15:00,28861.75,28980.0,28823.0,28972.75,20108.0
2026-06-09 18:30:00,28973.25,29047.0,28912.25,28921.75,17657.0
2026-06-09 18:45:00,28922.5,29091.25,28916.0,29065.75,17401.0
2026-06-09 19:00:00,29066.0,29146.5,28956.0,28965.25,20921.0
2026-06-09 19:15:00,28965.75,28972.5,28839.0,28953.75,24176.0
2026-06-09 19:30:00,28952.75,28988.0,28853.25,28922.25,18407.0
2026-06-09 19:45:00,28922.75,29135.25,28850.5,29117.0,42891.0
2026-06-09 20:00:00,29116.0,29196.25,29085.75,29103.25,16812.0
2026-06-09 20:15:00,29104.25,29131.5,29082.25,29122.75,2946.0
2026-06-09 20:30:00,29118.25,29159.75,29101.25,29145.75,2413.0
2026-06-09 20:45:00,29146.0,29159.0,29120.75,29140.5,2062.0
2026-06-09 22:00:00,29094.75,29098.75,29028.5,29086.75,1285.0
2026-06-09 22:15:00,29088.0,29118.0,29053.0,29071.0,1624.0
2026-06-09 22:30:00,29070.5,29072.0,28994.0,29023.75,2935.0
2026-06-09 22:45:00,29023.0,29043.0,28982.0,29029.0,1892.0
2026-06-09 23:00:00,29029.25,29102.75,29019.5,29031.25,2499.0
2026-06-09 23:15:00,29028.0,29042.75,28997.75,29005.0,1225.0
2026-06-09 23:30:00,29005.5,29020.75,28980.25,29015.0,1649.0
2026-06-09 23:45:00,29018.0,29071.5,29010.75,29064.5,2179.0
2026-06-10 00:00:00,29065.75,29169.0,29065.75,29120.75,5357.0
2026-06-10 00:15:00,29119.0,29131.75,29070.5,29118.0,2363.0
2026-06-10 00:30:00,29118.5,29123.25,28960.0,28999.25,4173.0
2026-06-10 00:45:00,28996.0,29096.0,28991.25,29075.25,3946.0
2026-06-10 01:00:00,29077.25,29109.5,29042.25,29076.25,2759.0
2026-06-10 01:15:00,29078.5,29115.0,29049.75,29073.25,2046.0
2026-06-10 01:30:00,29073.5,29098.75,29023.0,29026.25,2378.0
2026-06-10 01:45:00,29027.5,29068.25,29011.25,29033.5,1858.0
2026-06-10 02:00:00,29035.0,29042.0,28979.25,28998.0,1988.0
2026-06-10 02:15:00,29000.25,29026.25,28974.75,29016.25,2035.0
2026-06-10 02:30:00,29015.25,29034.75,28982.25,29006.0,1340.0
2026-06-10 02:45:00,29005.75,29035.25,28960.25,28970.5,1862.0
2026-06-10 03:00:00,28972.5,29029.5,28967.25,29010.75,1428.0
2026-06-10 03:15:00,29013.25,29046.25,28995.5,29008.5,1186.0
2026-06-10 03:30:00,29009.25,29024.5,28975.0,28977.0,1043.0
2026-06-10 03:45:00,28978.0,29008.0,28973.75,28997.5,933.0
2026-06-10 04:00:00,28956.0,28964.0,28940.25,28946.5,537.0
2026-06-10 04:15:00,28944.5,28977.75,28930.75,28942.0,2115.0
2026-06-10 04:30:00,28940.25,28940.25,28875.75,28878.25,2520.0
2026-06-10 04:45:00,28877.5,28946.0,28867.25,28898.5,2148.0
2026-06-10 05:00:00,28898.75,28951.0,28885.25,28907.5,1665.0
2026-06-10 05:15:00,28905.0,28939.5,28853.75,28937.5,2759.0
2026-06-10 05:30:00,28938.0,28945.0,28881.5,28918.25,1907.0
2026-06-10 05:45:00,28917.25,28968.0,28893.25,28943.25,1926.0
2026-06-10 06:00:00,28945.0,28998.0,28935.75,28977.25,2207.0
2026-06-10 06:15:00,28975.0,29001.25,28952.25,28983.25,1917.0
2026-06-10 06:30:00,28981.75,29014.0,28962.25,28989.5,2491.0
2026-06-10 06:45:00,28985.0,28989.25,28959.25,28968.5,1248.0
2026-06-10 07:00:00,28969.0,29001.0,28942.5,28981.25,2036.0
2026-06-10 07:15:00,28980.75,28994.25,28929.25,28942.5,1554.0
2026-06-10 07:30:00,28943.0,28984.5,28930.25,28947.25,1350.0
2026-06-10 07:45:00,28946.25,28973.0,28926.25,28964.25,1860.0
2026-06-10 08:00:00,28964.25,28965.0,28873.25,28876.25,3250.0
2026-06-10 08:15:00,28876.25,28894.75,28842.25,28861.0,3257.0
2026-06-10 08:30:00,28861.0,28888.0,28768.25,28776.25,3243.0
2026-06-10 08:45:00,28774.5,28819.75,28742.25,28762.0,4465.0
2026-06-10 09:00:00,28763.5,28797.0,28709.5,28710.75,3810.0
2026-06-10 09:15:00,28709.75,28783.5,28684.0,28778.25,4274.0
2026-06-10 09:30:00,28776.75,28830.0,28742.0,28762.75,3281.0
2026-06-10 09:45:00,28763.5,28788.25,28735.0,28777.75,2047.0
2026-06-10 10:00:00,28779.5,28786.0,28740.0,28762.75,2076.0
2026-06-10 10:15:00,28763.0,28772.25,28699.25,28766.75,3336.0
2026-06-10 10:30:00,28765.75,28827.0,28760.25,28823.5,2302.0
2026-06-10 10:45:00,28824.5,28844.0,28776.5,28827.5,2842.0
2026-06-10 11:00:00,28831.5,28845.25,28638.0,28733.5,9242.0
2026-06-10 11:15:00,28736.0,28766.0,28625.0,28671.5,6576.0
2026-06-10 11:30:00,28672.0,28684.75,28610.0,28633.75,4672.0
2026-06-10 11:45:00,28632.0,28703.0,28611.5,28679.5,3867.0
2026-06-10 12:00:00,28680.75,28732.0,28666.5,28694.75,4139.0
2026-06-10 12:15:00,28692.0,28755.0,28657.75,28753.75,5165.0
2026-06-10 12:30:00,28759.25,28992.25,28738.75,28918.75,20929.0
2026-06-10 12:45:00,28919.5,28948.0,28824.5,28832.0,9813.0
2026-06-10 13:00:00,28833.25,28889.25,28821.75,28857.0,7798.0
2026-06-10 13:15:00,28855.5,28891.75,28838.75,28853.0,6611.0
2026-06-10 13:30:00,28852.75,29092.75,28772.5,29079.5,44250.0
2026-06-10 13:45:00,29077.5,29163.25,28984.0,29020.75,34586.0
2026-06-10 14:00:00,29021.25,29166.0,28965.0,29091.5,28754.0
2026-06-10 14:15:00,29092.5,29231.0,29046.25,29170.75,27434.0
2026-06-10 14:30:00,29172.0,29250.0,29081.5,29082.0,24900.0
2026-06-10 14:45:00,29082.25,29125.0,28856.0,28900.25,30004.0
2026-06-10 15:00:00,28901.25,28985.75,28745.0,28748.75,27212.0
2026-06-10 15:15:00,28749.75,28877.75,28663.5,28790.5,28346.0
2026-06-10 15:30:00,28790.75,28875.0,28721.0,28854.0,20148.0
2026-06-10 15:45:00,28854.75,28874.5,28627.0,28855.25,30300.0
2026-06-10 16:00:00,28855.25,28896.5,28711.75,28728.75,13737.0
2026-06-10 16:15:00,28726.75,28773.0,28703.0,28742.25,10026.0
2026-06-10 16:30:00,28742.25,28851.75,28704.0,28752.0,12740.0
2026-06-10 16:45:00,28752.25,28761.25,28664.75,28717.5,13885.0
2026-06-10 17:00:00,28717.75,28781.5,28628.5,28648.25,13250.0
2026-06-10 17:15:00,28647.0,28699.0,28628.0,28688.5,11589.0
2026-06-10 17:30:00,28687.0,28693.5,28618.0,28622.5,12669.0
2026-06-10 17:45:00,28623.25,28793.75,28616.0,28780.0,18195.0
2026-06-10 18:00:00,28779.5,28832.5,28752.5,28781.5,13371.0
2026-06-10 18:15:00,28781.5,28810.25,28697.75,28713.0,11511.0
2026-06-10 18:30:00,28713.75,28717.75,28633.0,28661.25,12698.0
2026-06-10 18:45:00,28662.0,28664.0,28574.0,28607.5,12903.0
2026-06-10 19:00:00,28608.25,28669.0,28574.25,28593.5,13559.0
2026-06-10 19:15:00,28594.25,28597.5,28493.0,28547.75,15908.0
2026-06-10 19:30:00,28546.75,28664.0,28524.75,28621.25,16189.0
2026-06-10 19:45:00,28620.25,28663.5,28523.5,28527.25,32266.0
2026-06-10 20:00:00,28527.5,28536.75,28433.0,28499.5,14437.0
2026-06-10 20:15:00,28498.25,28524.5,28473.0,28485.5,3035.0
2026-06-10 20:30:00,28484.75,28499.25,28434.25,28450.75,2124.0
2026-06-10 20:45:00,28451.75,28486.5,28409.0,28472.0,3212.0
2026-06-10 22:00:00,28455.0,28470.0,28358.0,28400.75,1842.0
2026-06-10 22:15:00,28400.75,28420.0,28380.0,28412.0,1825.0
2026-06-10 22:30:00,28414.5,28469.75,28390.0,28431.75,2797.0
2026-06-10 22:45:00,28431.0,28455.75,28328.25,28342.5,2766.0
2026-06-10 23:00:00,28344.5,28376.75,28278.25,28290.0,3075.0
2026-06-10 23:15:00,28288.5,28405.75,28265.75,28398.25,5792.0
2026-06-10 23:30:00,28399.0,28446.75,28350.0,28425.0,2951.0
2026-06-10 23:45:00,28423.0,28425.25,28352.25,28364.0,2192.0
2026-06-11 00:00:00,28363.5,28416.0,28332.0,28391.25,3197.0
2026-06-11 00:15:00,28391.5,28571.75,28391.5,28480.5,6043.0
2026-06-11 00:30:00,28483.5,28517.5,28428.0,28443.75,3430.0
2026-06-11 00:45:00,28445.0,28565.25,28443.25,28549.5,3023.0
2026-06-11 01:00:00,28551.5,28717.25,28549.25,28713.75,7914.0
2026-06-11 01:15:00,28712.0,28765.0,28688.0,28751.25,4321.0
2026-06-11 01:30:00,28751.5,28757.25,28696.5,28705.75,3041.0
2026-06-11 01:45:00,28706.75,28716.0,28633.5,28641.25,2780.0
2026-06-11 02:00:00,28643.0,28696.5,28621.75,28624.25,2418.0
2026-06-11 02:15:00,28624.75,28646.0,28550.25,28559.0,2606.0
2026-06-11 02:30:00,28557.75,28603.25,28531.25,28572.0,2457.0
2026-06-11 02:45:00,28573.0,28648.0,28563.25,28636.75,2079.0
2026-06-11 03:00:00,28636.0,28677.5,28588.5,28608.0,1948.0
2026-06-11 03:15:00,28605.0,28626.75,28581.25,28621.5,1187.0
2026-06-11 03:30:00,28621.25,28688.5,28618.25,28685.25,1960.0
2026-06-11 03:45:00,28688.0,28743.5,28671.0,28734.5,1574.0
2026-06-11 04:00:00,28726.75,28731.25,28716.75,28723.25,269.0
2026-06-11 04:15:00,28722.75,28758.0,28704.75,28742.0,1666.0
2026-06-11 04:30:00,28743.75,28803.0,28732.0,28790.5,2164.0
2026-06-11 04:45:00,28793.0,28802.0,28760.0,28776.5,1427.0
2026-06-11 05:00:00,28776.5,28782.0,28717.25,28728.75,2020.0
2026-06-11 05:15:00,28729.0,28750.0,28713.75,28734.0,1189.0
2026-06-11 05:30:00,28733.5,28751.0,28712.0,28743.75,1638.0
2026-06-11 05:45:00,28742.5,28756.0,28726.5,28746.5,1415.0
2026-06-11 06:00:00,28746.0,28762.75,28685.5,28746.0,3995.0
2026-06-11 06:15:00,28748.5,28774.0,28743.0,28749.5,1875.0
2026-06-11 06:30:00,28751.0,28778.25,28728.0,28762.75,1734.0
2026-06-11 06:45:00,28763.75,28797.5,28755.25,28792.0,1377.0
2026-06-11 07:00:00,28791.75,28819.5,28764.0,28789.25,2576.0
2026-06-11 07:15:00,28786.5,28868.5,28781.0,28849.75,3591.0
2026-06-11 07:30:00,28848.25,28867.0,28836.25,28860.75,1603.0
2026-06-11 07:45:00,28860.25,28865.5,28832.0,28844.25,1100.0
2026-06-11 08:00:00,28845.0,28927.25,28839.25,28916.25,3941.0
2026-06-11 08:15:00,28914.75,28933.5,28888.75,28907.25,2204.0
2026-06-11 08:30:00,28905.5,28936.0,28895.25,28912.5,2038.0
2026-06-11 08:45:00,28915.75,28920.0,28889.25,28910.75,1245.0
2026-06-11 09:00:00,28909.0,28922.0,28872.75,28883.0,2062.0
2026-06-11 09:15:00,28881.0,28890.75,28859.75,28874.5,1649.0
2026-06-11 09:30:00,28872.75,28894.25,28858.0,28883.25,1120.0
2026-06-11 09:45:00,28883.25,28907.5,28876.25,28878.25,1161.0
2026-06-11 10:00:00,28877.5,28917.0,28875.25,28896.5,1470.0
2026-06-11 10:15:00,28897.75,28903.5,28873.5,28876.5,1037.0
2026-06-11 10:30:00,28877.5,28914.5,28877.5,28892.25,1372.0
2026-06-11 10:45:00,28891.25,28905.0,28875.75,28877.75,1028.0
2026-06-11 11:00:00,28878.0,28878.75,28812.5,28840.0,3102.0
2026-06-11 11:15:00,28840.5,28869.25,28821.25,28854.25,2016.0
2026-06-11 11:30:00,28852.75,28904.75,28848.5,28886.5,3110.0
2026-06-11 11:45:00,28886.5,28909.25,28880.25,28901.0,1394.0
2026-06-11 12:00:00,28900.25,28915.0,28885.5,28897.25,1778.0
2026-06-11 12:15:00,28899.75,28900.0,28716.5,28754.5,10713.0
2026-06-11 12:30:00,28747.0,28796.5,28637.5,28753.5,10521.0
2026-06-11 12:45:00,28751.0,28827.5,28735.5,28812.5,7364.0
2026-06-11 13:00:00,28814.5,28815.5,28756.5,28776.5,4875.0
2026-06-11 13:15:00,28777.0,28796.25,28738.75,28753.0,4960.0
2026-06-11 13:30:00,28753.25,28786.25,28650.75,28737.75,38561.0
2026-06-11 13:45:00,28739.0,29016.75,28706.5,28900.5,37709.0
2026-06-11 14:00:00,28899.5,29049.5,28827.25,28843.5,26339.0
2026-06-11 14:15:00,28841.75,28930.25,28752.5,28868.25,25863.0
2026-06-11 14:30:00,28873.5,28944.0,28798.5,28818.0,17038.0
2026-06-11 14:45:00,28820.0,28844.5,28607.5,28648.25,22868.0
2026-06-11 15:00:00,28649.5,28795.0,28577.5,28765.25,24634.0
2026-06-11 15:15:00,28766.75,28860.0,28749.0,28757.75,18458.0
2026-06-11 15:30:00,28757.75,28907.25,28741.0,28817.25,15054.0
2026-06-11 15:45:00,28816.5,28876.0,28775.75,28858.0,11471.0
2026-06-11 16:00:00,28858.5,28968.25,28827.5,28951.75,14015.0
2026-06-11 16:15:00,28953.0,28975.25,28841.0,28846.0,13673.0
2026-06-11 16:30:00,28845.5,28969.0,28821.0,28886.0,14185.0
2026-06-11 16:45:00,28886.0,28903.0,28763.25,28769.5,10980.0
2026-06-11 17:00:00,28770.0,28809.25,28713.0,28743.75,12999.0
2026-06-11 17:15:00,28742.75,29093.25,28678.5,29085.25,19911.0
2026-06-11 17:30:00,29086.75,29302.25,29086.25,29281.5,37415.0
2026-06-11 17:45:00,29281.5,29300.0,29117.75,29214.0,19360.0
2026-06-11 18:00:00,29213.5,29254.5,29068.5,29182.25,18607.0
2026-06-11 18:15:00,29179.5,29266.5,29150.0,29188.25,15139.0
2026-06-11 18:30:00,29187.5,29240.0,29172.5,29223.5,9615.0
2026-06-11 18:45:00,29224.0,29312.25,29217.0,29268.75,14871.0
2026-06-11 19:00:00,29269.0,29374.25,29229.5,29360.5,17577.0
2026-06-11 19:15:00,29360.5,29448.0,29346.5,29424.0,14269.0
2026-06-11 19:30:00,29424.25,29544.25,29421.25,29498.75,19642.0
2026-06-11 19:45:00,29498.75,29498.75,29404.0,29457.75,33981.0
2026-06-11 20:00:00,29457.5,29519.0,29416.0,29513.25,11552.0
2026-06-11 20:15:00,29514.25,29522.0,29459.25,29474.75,4364.0
2026-06-11 20:30:00,29474.25,29485.5,29413.75,29415.5,2331.0
2026-06-11 20:45:00,29414.25,29445.25,29408.0,29433.25,1713.0
2026-06-11 22:00:00,29456.75,29536.5,29443.0,29522.5,1717.0
2026-06-11 22:15:00,29524.25,29547.25,29510.25,29529.0,1337.0
2026-06-11 22:30:00,29530.5,29557.25,29517.25,29550.25,1251.0
2026-06-11 22:45:00,29550.75,29586.5,29550.75,29557.75,1279.0
2026-06-11 23:00:00,29560.0,29566.25,29523.25,29542.25,1110.0
2026-06-11 23:15:00,29543.75,29567.5,29480.25,29520.0,1381.0
2026-06-11 23:30:00,29521.25,29567.0,29521.25,29563.0,808.0
2026-06-11 23:45:00,29564.75,29597.5,29560.0,29577.25,1325.0
2026-06-12 00:00:00,29576.25,29603.0,29536.0,29579.5,2455.0
2026-06-12 00:15:00,29578.5,29625.0,29540.75,29611.0,1808.0
2026-06-12 00:30:00,29612.5,29645.5,29585.5,29591.75,1835.0
2026-06-12 00:45:00,29593.25,29616.75,29563.5,29588.25,1232.0
2026-06-12 01:00:00,29589.0,29589.5,29532.0,29562.5,1894.0
2026-06-12 01:15:00,29564.25,29578.25,29470.5,29483.5,2330.0
2026-06-12 01:30:00,29483.25,29523.75,29464.75,29492.75,1763.0
2026-06-12 01:45:00,29494.0,29557.5,29492.5,29552.0,1141.0
2026-06-12 02:00:00,29553.0,29587.0,29550.5,29568.0,1407.0
2026-06-12 02:15:00,29568.75,29570.0,29510.0,29512.5,1243.0
2026-06-12 02:30:00,29512.5,29550.75,29503.0,29544.75,1097.0
2026-06-12 02:45:00,29545.5,29576.0,29543.75,29562.5,851.0
2026-06-12 03:00:00,29562.0,29562.0,29510.0,29524.0,979.0
2026-06-12 03:15:00,29523.25,29530.25,29488.75,29524.5,730.0
2026-06-12 03:30:00,29522.0,29554.25,29516.75,29530.0,870.0
2026-06-12 03:45:00,29528.5,29541.5,29500.25,29529.5,755.0
2026-06-12 04:00:00,29504.25,29520.5,29496.0,29515.5,243.0
2026-06-12 04:15:00,29518.25,29540.25,29488.0,29535.25,735.0
2026-06-12 04:30:00,29535.0,29546.0,29520.0,29538.0,526.0
2026-06-12 04:45:00,29538.5,29549.0,29530.25,29543.75,705.0
2026-06-12 05:00:00,29546.25,29554.75,29503.25,29524.0,714.0
2026-06-12 05:15:00,29525.0,29541.25,29512.5,29535.0,860.0
2026-06-12 05:30:00,29532.75,29532.75,29456.75,29480.5,1807.0
2026-06-12 05:45:00,29481.5,29485.0,29375.0,29401.0,2835.0
2026-06-12 06:00:00,29401.75,29474.75,29390.25,29460.5,2287.0
2026-06-12 06:15:00,29460.0,29461.75,29416.5,29426.25,1101.0
2026-06-12 06:30:00,29423.75,29424.5,29365.25,29385.25,1463.0
2026-06-12 06:45:00,29384.25,29393.75,29335.0,29361.0,1595.0
2026-06-12 07:00:00,29361.75,29370.0,29270.5,29272.0,2288.0
2026-06-12 07:15:00,29275.0,29322.0,29260.0,29298.25,1747.0
2026-06-12 07:30:00,29291.75,29385.75,29285.25,29379.0,1969.0
2026-06-12 07:45:00,29379.25,29458.5,29362.75,29430.5,2262.0
2026-06-12 08:00:00,29434.5,29489.0,29416.25,29465.0,2519.0
2026-06-12 08:15:00,29466.5,29575.0,29443.0,29530.25,2888.0
2026-06-12 08:30:00,29531.25,29536.75,29447.75,29467.0,2256.0
2026-06-12 08:45:00,29468.25,29516.75,29447.75,29478.25,1354.0
2026-06-12 09:00:00,29481.25,29548.5,29477.25,29548.5,1198.0
2026-06-12 09:15:00,29547.5,29619.5,29537.25,29611.5,2211.0
2026-06-12 09:30:00,29611.75,29675.0,29588.5,29639.75,2646.0
2026-06-12 09:45:00,29640.0,29660.25,29610.0,29623.25,1953.0
2026-06-12 10:00:00,29623.5,29657.5,29602.75,29623.25,1760.0
2026-06-12 10:15:00,29626.0,29628.0,29517.75,29530.25,2971.0
2026-06-12 10:30:00,29531.0,29570.5,29528.25,29561.5,1611.0
2026-06-12 10:45:00,29561.5,29571.5,29531.0,29551.0,836.0
2026-06-12 11:00:00,29553.0,29597.75,29549.0,29591.25,1292.0
2026-06-12 11:15:00,29589.5,29646.25,29588.0,29631.25,1486.0
2026-06-12 11:30:00,29631.25,29645.75,29596.25,29644.0,1432.0
2026-06-12 11:45:00,29643.25,29660.0,29615.0,29638.25,1363.0
2026-06-12 12:00:00,29637.0,29646.0,29578.5,29592.25,2117.0
2026-06-12 12:15:00,29590.75,29601.5,29528.25,29533.0,2743.0
2026-06-12 12:30:00,29532.0,29547.25,29461.75,29474.0,4682.0
2026-06-12 12:45:00,29475.5,29489.5,29383.25,29413.25,4555.0
2026-06-12 13:00:00,29412.25,29462.25,29354.0,29456.75,6111.0
2026-06-12 13:15:00,29455.25,29502.0,29428.0,29496.0,6549.0
2026-06-12 13:30:00,29496.0,29501.0,29263.5,29279.25,33206.0
2026-06-12 13:45:00,29282.75,29407.5,29230.0,29349.5,21934.0
2026-06-12 14:00:00,29354.0,29598.75,29339.0,29544.75,24813.0
2026-06-12 14:15:00,29543.75,29627.25,29487.0,29513.5,20176.0
2026-06-12 14:30:00,29512.25,29609.25,29408.5,29411.5,22540.0
2026-06-12 14:45:00,29411.0,29644.0,29352.5,29631.0,25840.0
2026-06-12 15:00:00,29634.0,29703.5,29597.25,29696.25,15567.0
2026-06-12 15:15:00,29696.25,29760.0,29665.0,29745.25,12919.0
2026-06-12 15:30:00,29745.5,29749.0,29560.0,29569.0,16569.0
2026-06-12 15:45:00,29569.75,29622.25,29410.0,29439.75,18977.0
2026-06-12 16:00:00,29440.25,29651.0,29409.0,29597.25,17398.0
2026-06-12 16:15:00,29595.25,29667.75,29548.5,29593.5,11428.0
2026-06-12 16:30:00,29593.5,29641.0,29575.0,29594.5,6663.0
2026-06-12 16:45:00,29595.5,29678.75,29588.25,29673.0,8532.0
2026-06-12 17:00:00,29673.0,29752.25,29657.0,29702.75,10334.0
2026-06-12 17:15:00,29703.75,29745.0,29689.5,29721.0,7356.0
2026-06-12 17:30:00,29722.25,29730.0,29681.0,29699.0,7320.0
2026-06-12 17:45:00,29700.0,29724.0,29647.75,29682.5,6243.0
2026-06-12 18:00:00,29684.0,29708.0,29627.75,29649.75,8422.0
2026-06-12 18:15:00,29650.5,29672.75,29608.5,29665.25,7557.0
2026-06-12 18:30:00,29664.0,29719.0,29663.75,29709.75,5926.0
2026-06-12 18:45:00,29710.75,29712.5,29636.25,29645.0,7445.0
2026-06-12 19:00:00,29645.0,29711.0,29638.75,29664.25,6769.0
2026-06-12 19:15:00,29665.25,29696.5,29644.0,29660.5,6424.0
2026-06-12 19:30:00,29660.0,29683.75,29580.5,29637.25,10929.0
2026-06-12 19:45:00,29636.25,29683.0,29611.0,29650.5,19391.0
2026-06-12 20:00:00,29650.25,29720.0,29646.0,29714.25,10818.0
2026-06-12 20:15:00,29716.25,29732.25,29687.25,29688.0,1967.0
2026-06-12 20:30:00,29688.25,29704.25,29674.0,29680.0,2089.0
2026-06-12 20:45:00,29679.75,29688.0,29662.0,29662.0,1386.0
2026-06-14 22:00:00,30074.0,30080.75,30050.0,30062.0,809.0
2026-06-14 22:15:00,30062.75,30094.0,30023.75,30058.0,1887.0
2026-06-14 22:30:00,30050.25,30073.25,30012.0,30035.25,1623.0
2026-06-14 22:45:00,30034.5,30073.75,30026.75,30049.25,737.0
2026-06-14 23:00:00,30051.5,30071.0,30020.0,30023.25,646.0
2026-06-14 23:15:00,30020.25,30050.0,29987.75,30033.5,899.0
2026-06-14 23:30:00,30036.25,30060.0,30031.25,30041.25,528.0
2026-06-14 23:45:00,30042.0,30060.5,30019.25,30054.0,796.0
2026-06-15 00:00:00,30052.5,30162.5,30043.5,30154.25,3380.0
2026-06-15 00:15:00,30154.75,30172.0,30132.5,30161.75,1034.0
2026-06-15 00:30:00,30153.25,30164.25,30131.25,30140.25,772.0
2026-06-15 00:45:00,30140.0,30154.5,30130.0,30140.75,597.0
2026-06-15 01:00:00,30139.75,30172.0,30126.25,30167.25,1031.0
2026-06-15 01:15:00,30163.5,30171.0,30140.0,30158.75,630.0
2026-06-15 01:30:00,30159.0,30184.75,30144.25,30183.5,591.0
2026-06-15 01:45:00,30183.25,30184.75,30156.25,30168.25,516.0
2026-06-15 02:00:00,30167.25,30190.0,30165.0,30185.5,820.0
2026-06-15 02:15:00,30186.75,30208.25,30182.25,30206.25,479.0
2026-06-15 02:30:00,30206.75,30211.75,30187.5,30193.75,420.0
2026-06-15 02:45:00,30194.75,30208.75,30193.0,30199.5,330.0
2026-06-15 03:00:00,30202.75,30203.75,30185.25,30201.25,489.0
2026-06-15 03:15:00,30206.25,30217.25,30202.25,30205.75,458.0
2026-06-15 03:30:00,30205.5,30220.0,30188.0,30197.25,680.0
2026-06-15 03:45:00,30195.75,30200.5,30181.0,30188.25,356.0
2026-06-15 04:00:00,30188.75,30194.25,30171.0,30180.5,154.0
2026-06-15 04:15:00,30184.25,30216.5,30182.25,30215.5,269.0
2026-06-15 04:30:00,30211.0,30229.0,30206.0,30225.25,362.0
2026-06-15 04:45:00,30225.0,30232.5,30212.75,30232.5,455.0
2026-06-15 05:00:00,30230.0,30243.25,30223.75,30240.5,411.0
2026-06-15 05:15:00,30240.5,30244.75,30228.0,30233.0,356.0
2026-06-15 05:30:00,30234.25,30239.0,30204.0,30226.0,1010.0
2026-06-15 05:45:00,30228.25,30236.5,30207.0,30234.25,529.0
2026-06-15 06:00:00,30235.75,30246.0,30227.0,30236.0,591.0
2026-06-15 06:15:00,30233.75,30257.75,30220.0,30241.75,900.0
2026-06-15 06:30:00,30240.5,30255.75,30222.0,30251.75,985.0
2026-06-15 06:45:00,30252.25,30257.75,30237.0,30251.25,625.0
2026-06-15 07:00:00,30251.75,30259.25,30220.75,30232.0,1241.0
2026-06-15 07:15:00,30234.0,30265.75,30232.0,30252.0,1165.0
2026-06-15 07:30:00,30252.0,30574.25,30242.5,30556.0,15187.0
2026-06-15 07:45:00,30555.75,30569.5,30542.25,30545.25,1379.0
2026-06-15 08:00:00,30544.5,30589.25,30539.5,30581.75,2156.0
2026-06-15 08:15:00,30581.5,30610.0,30563.5,30602.5,1912.0
2026-06-15 08:30:00,30600.5,30617.0,30597.0,30611.5,1643.0
2026-06-15 08:45:00,30610.25,30628.25,30584.5,30591.75,2005.0
2026-06-15 09:00:00,30592.75,30604.25,30573.0,30578.0,1306.0
2026-06-15 09:15:00,30576.25,30576.75,30534.25,30539.75,2494.0
2026-06-15 09:30:00,30538.25,30542.5,30520.5,30522.5,1406.0
2026-06-15 09:45:00,30522.75,30556.75,30509.5,30550.25,1750.0
2026-06-15 10:00:00,30549.75,30564.25,30540.5,30561.75,1102.0
2026-06-15 10:15:00,30561.75,30571.75,30542.0,30567.75,827.0
2026-06-15 10:30:00,30567.75,30568.0,30530.0,30547.5,1835.0
2026-06-15 10:45:00,30547.25,30570.0,30547.25,30561.5,932.0
2026-06-15 11:00:00,30562.5,30600.5,30554.25,30595.0,1664.0
2026-06-15 11:15:00,30595.5,30617.0,30594.75,30612.25,3260.0
2026-06-15 11:30:00,30614.75,30622.75,30574.0,30578.0,2302.0
2026-06-15 11:45:00,30578.25,30618.0,30569.75,30599.25,1927.0
2026-06-15 12:00:00,30599.5,30616.75,30587.25,30599.0,2248.0
2026-06-15 12:15:00,30596.5,30605.25,30560.5,30571.0,5319.0
2026-06-15 12:30:00,30571.25,30583.5,30549.0,30558.25,6039.0
2026-06-15 12:45:00,30557.5,30585.75,30538.5,30581.5,4468.0
2026-06-15 13:00:00,30581.25,30602.0,30562.5,30602.0,4106.0
2026-06-15 13:15:00,30601.75,30642.0,30593.0,30634.25,7282.0
2026-06-15 13:30:00,30633.25,30734.5,30604.75,30704.0,40940.0
2026-06-15 13:45:00,30704.0,30800.0,30696.5,30703.75,28022.0
2026-06-15 14:00:00,30703.75,30764.0,30678.75,30729.0,27134.0
2026-06-15 14:15:00,30728.75,30762.75,30671.25,30759.5,19990.0
2026-06-15 14:30:00,30760.0,30769.5,30699.0,30716.25,18729.0
2026-06-15 14:45:00,30716.5,30800.0,30707.25,30775.0,16958.0
2026-06-15 15:00:00,30776.25,30828.0,30772.5,30818.5,14720.0
2026-06-15 15:15:00,30819.0,30852.5,30801.0,30847.75,12435.0
2026-06-15 15:30:00,30847.5,30855.0,30802.25,30834.5,14917.0
2026-06-15 15:45:00,30835.0,30887.0,30835.0,30879.25,13328.0
2026-06-15 16:00:00,30879.25,30903.0,30875.0,30889.0,13296.0
2026-06-15 16:15:00,30888.5,30912.75,30868.0,30901.0,10622.0
2026-06-15 16:30:00,30900.75,30915.0,30860.75,30880.75,11469.0
2026-06-15 16:45:00,30879.5,30880.0,30850.5,30867.5,10986.0
2026-06-15 17:00:00,30868.0,30886.25,30833.0,30855.0,14183.0
2026-06-15 17:15:00,30854.5,30892.5,30848.5,30882.75,9992.0
2026-06-15 17:30:00,30883.75,30893.0,30862.0,30874.75,7348.0
2026-06-15 17:45:00,30875.25,30885.25,30853.75,30858.75,6909.0
2026-06-15 18:00:00,30858.5,30871.25,30832.75,30867.5,10476.0
2026-06-15 18:15:00,30868.25,30879.75,30836.75,30840.0,9194.0
2026-06-15 18:30:00,30840.25,30885.5,30824.0,30880.5,9478.0
2026-06-15 18:45:00,30880.75,30891.0,30853.75,30861.25,6661.0
2026-06-15 19:00:00,30861.25,30872.5,30842.0,30858.5,8097.0
2026-06-15 19:15:00,30858.75,30871.5,30831.25,30832.75,8739.0
2026-06-15 19:30:00,30832.0,30865.5,30819.75,30854.75,13800.0
2026-06-15 19:45:00,30855.25,30879.0,30815.0,30872.75,29764.0
2026-06-15 20:00:00,30872.25,30894.0,30854.5,30871.25,10703.0
2026-06-15 20:15:00,30870.75,30874.75,30845.0,30848.5,2340.0
2026-06-15 20:30:00,30848.25,30859.0,30828.0,30831.75,1957.0
2026-06-15 20:45:00,30832.5,30841.75,30826.25,30832.0,1433.0
2026-06-15 22:00:00,30838.0,30868.0,30775.0,30797.75,3434.0
2026-06-15 22:15:00,30797.75,30804.5,30755.0,30786.0,2381.0
2026-06-15 22:30:00,30784.5,30795.5,30771.75,30780.5,920.0
2026-06-15 22:45:00,30781.5,30819.0,30775.25,30808.0,1804.0
2026-06-15 23:00:00,30806.5,30818.0,30795.0,30804.75,1133.0
2026-06-15 23:15:00,30804.75,30832.0,30794.75,30827.25,1225.0
2026-06-15 23:30:00,30827.5,30829.75,30804.0,30822.5,742.0
2026-06-15 23:45:00,30822.75,30843.25,30811.0,30835.25,1317.0
2026-06-16 00:00:00,30833.5,30846.5,30796.0,30835.0,1896.0
2026-06-16 00:15:00,30834.25,30845.25,30800.5,30833.5,1758.0
2026-06-16 00:30:00,30833.25,30853.5,30805.75,30809.25,2149.0
2026-06-16 00:45:00,30809.5,30817.5,30767.75,30775.25,2363.0
2026-06-16 01:00:00,30775.25,30797.25,30755.5,30772.75,2295.0
2026-06-16 01:15:00,30771.75,30795.25,30768.5,30787.25,1314.0
2026-06-16 01:30:00,30787.75,30798.0,30774.0,30788.5,1033.0
2026-06-16 01:45:00,30788.25,30803.75,30768.5,30784.25,1198.0
2026-06-16 02:00:00,30784.25,30800.0,30770.0,30778.0,1335.0
2026-06-16 02:15:00,30776.75,30793.0,30776.75,30780.5,653.0
2026-06-16 02:30:00,30780.5,30808.75,30779.0,30797.75,959.0
2026-06-16 02:45:00,30798.0,30802.25,30773.0,30782.5,1121.0
2026-06-16 03:00:00,30785.0,30798.75,30779.0,30783.25,642.0
2026-06-16 03:15:00,30782.25,30823.75,30781.0,30815.0,1053.0
2026-06-16 03:30:00,30813.25,30860.0,30813.25,30846.5,2118.0
2026-06-16 03:45:00,30846.0,30847.25,30821.5,30831.75,1037.0
2026-06-16 04:00:00,30825.0,30832.5,30820.5,30830.5,143.0
2026-06-16 04:15:00,30830.5,30834.75,30809.0,30824.0,884.0
2026-06-16 04:30:00,30824.25,30831.0,30815.5,30816.5,979.0
2026-06-16 04:45:00,30816.5,30819.0,30794.25,30814.75,829.0
2026-06-16 05:00:00,30815.5,30844.25,30815.5,30833.25,951.0
2026-06-16 05:15:00,30832.5,30846.5,30830.0,30834.0,774.0
2026-06-16 05:30:00,30833.25,30838.5,30796.0,30808.0,1402.0
2026-06-16 05:45:00,30809.75,30826.0,30802.25,30805.25,1078.0
2026-06-16 06:00:00,30806.5,30838.75,30797.75,30826.0,1368.0
2026-06-16 06:15:00,30826.0,30833.0,30812.0,30831.5,1385.0
2026-06-16 06:30:00,30831.5,30837.0,30815.0,30815.75,1476.0
2026-06-16 06:45:00,30815.75,30834.25,30811.0,30828.0,1179.0
2026-06-16 07:00:00,30827.5,30848.5,30814.5,30822.0,2451.0
2026-06-16 07:15:00,30821.25,30843.25,30817.25,30839.5,1751.0
2026-06-16 07:30:00,30839.25,30844.5,30808.75,30809.5,1252.0
2026-06-16 07:45:00,30809.75,30841.25,30808.0,30840.5,1352.0
2026-06-16 08:00:00,30841.25,30886.5,30829.0,30871.0,2413.0
2026-06-16 08:15:00,30871.5,30903.0,30871.0,30903.0,2290.0
2026-06-16 08:30:00,30902.5,30906.25,30864.5,30887.5,2132.0
2026-06-16 08:45:00,30887.25,30944.5,30871.0,30927.25,3930.0
2026-06-16 09:00:00,30926.0,30931.75,30914.25,30921.25,2280.0
2026-06-16 09:15:00,30920.25,30924.25,30880.75,30884.75,2993.0
2026-06-16 09:30:00,30885.5,30908.75,30871.0,30882.25,1913.0
2026-06-16 09:45:00,30882.75,30888.0,30863.25,30870.25,2142.0
2026-06-16 10:00:00,30870.0,30898.0,30869.25,30898.0,2022.0
2026-06-16 10:15:00,30897.0,30915.75,30885.5,30907.75,1705.0
2026-06-16 10:30:00,30908.75,30932.0,30896.0,30922.75,2778.0
2026-06-16 10:45:00,30923.5,30936.75,30913.0,30934.25,2196.0
2026-06-16 11:00:00,30932.75,30963.5,30923.5,30958.75,4976.0
2026-06-16 11:15:00,30958.5,30975.5,30936.75,30950.5,2615.0
2026-06-16 11:30:00,30951.0,30959.25,30928.5,30956.25,2225.0
2026-06-16 11:45:00,30955.5,30960.75,30939.75,30940.25,2008.0
2026-06-16 12:00:00,30940.0,30952.75,30921.75,30922.0,3564.0
2026-06-16 12:15:00,30923.0,30923.0,30835.5,30861.5,6345.0
2026-06-16 12:30:00,30863.25,30872.0,30824.0,30831.5,7391.0
2026-06-16 12:45:00,30830.75,30849.25,30815.75,30826.25,4683.0
2026-06-16 13:00:00,30826.0,30835.0,30785.0,30820.0,6081.0
2026-06-16 13:15:00,30821.5,30846.0,30808.75,30811.25,6084.0
2026-06-16 13:30:00,30812.5,30860.5,30750.75,30819.25,37662.0
2026-06-16 13:45:00,30817.75,30889.0,30800.0,30806.5,25767.0
2026-06-16 14:00:00,30808.0,30858.5,30791.25,30816.5,21852.0
2026-06-16 14:15:00,30816.5,30825.5,30672.5,30681.25,30350.0
2026-06-16 14:30:00,30682.25,30714.75,30591.0,30681.75,28740.0
2026-06-16 14:45:00,30681.25,30681.25,30562.5,30602.75,19957.0
2026-06-16 15:00:00,30601.0,30665.25,30590.25,30623.5,17534.0
2026-06-16 15:15:00,30622.5,30648.5,30500.5,30536.75,18724.0
2026-06-16 15:30:00,30538.75,30577.75,30465.25,30474.75,17234.0
2026-06-16 15:45:00,30472.75,30529.5,30407.75,30467.25,22336.0
2026-06-16 16:00:00,30466.25,30566.75,30463.75,30532.0,14390.0
2026-06-16 16:15:00,30533.0,30575.0,30512.25,30536.75,11836.0
2026-06-16 16:30:00,30537.0,30541.0,30444.0,30500.5,12460.0
2026-06-16 16:45:00,30499.75,30525.0,30450.5,30496.5,11558.0
2026-06-16 17:00:00,30495.5,30497.5,30452.0,30478.5,8980.0
2026-06-16 17:15:00,30478.25,30490.5,30427.5,30458.5,11026.0
2026-06-16 17:30:00,30458.5,30470.0,30401.75,30449.25,12677.0
2026-06-16 17:45:00,30447.5,30521.0,30432.25,30477.25,10299.0
2026-06-16 18:00:00,30477.25,30496.5,30472.0,30474.25,7643.0
2026-06-16 18:15:00,30473.5,30485.25,30445.5,30471.25,7935.0
2026-06-16 18:30:00,30471.25,30477.5,30422.0,30463.5,11756.0
2026-06-16 18:45:00,30464.0,30470.0,30424.0,30443.0,8028.0
2026-06-16 19:00:00,30443.25,30480.75,30390.25,30401.5,15410.0
2026-06-16 19:15:00,30401.75,30451.5,30336.75,30446.0,17950.0
2026-06-16 19:30:00,30444.5,30462.0,30367.0,30413.75,14300.0
2026-06-16 19:45:00,30412.5,30421.0,30302.25,30309.75,33482.0
2026-06-16 20:00:00,30310.0,30330.5,30293.5,30308.25,11907.0
2026-06-16 20:15:00,30307.75,30312.0,30272.25,30302.0,5249.0
2026-06-16 20:30:00,30302.0,30315.0,30292.0,30312.0,1963.0
2026-06-16 20:45:00,30311.5,30317.25,30297.0,30300.5,2242.0
2026-06-16 22:00:00,30306.5,30375.0,30306.5,30363.5,1245.0
2026-06-16 22:15:00,30363.75,30377.0,30343.75,30366.75,1500.0
2026-06-16 22:30:00,30368.0,30381.25,30331.25,30364.25,1655.0
2026-06-16 22:45:00,30364.75,30389.25,30353.0,30378.0,1369.0
2026-06-16 23:00:00,30378.75,30380.0,30326.0,30350.25,2005.0
2026-06-16 23:15:00,30352.0,30352.5,30326.0,30333.25,662.0
2026-06-16 23:30:00,30332.25,30360.0,30319.75,30331.75,1431.0
2026-06-16 23:45:00,30331.75,30350.5,30307.0,30329.0,1746.0
2026-06-17 00:00:00,30330.5,30382.0,30330.5,30357.25,2610.0
2026-06-17 00:15:00,30356.25,30385.25,30356.25,30378.75,1602.0
2026-06-17 00:30:00,30379.5,30402.75,30370.25,30390.75,1166.0
2026-06-17 00:45:00,30391.0,30391.0,30367.25,30383.75,1133.0
2026-06-17 01:00:00,30384.0,30410.0,30368.25,30401.75,1733.0
2026-06-17 01:15:00,30400.0,30423.0,30388.75,30417.0,1553.0
2026-06-17 01:30:00,30418.0,30440.5,30411.0,30423.25,1645.0
2026-06-17 01:45:00,30423.0,30449.75,30423.0,30446.25,1230.0
2026-06-17 02:00:00,30447.25,30456.25,30437.5,30455.0,1318.0
2026-06-17 02:15:00,30455.5,30463.0,30443.0,30451.5,1064.0
2026-06-17 02:30:00,30451.75,30453.5,30433.75,30451.5,966.0
2026-06-17 02:45:00,30452.0,30453.25,30432.5,30440.25,771.0
2026-06-17 03:00:00,30441.0,30456.75,30430.25,30431.75,959.0
2026-06-17 03:15:00,30433.0,30436.0,30416.75,30433.5,913.0
2026-06-17 03:30:00,30433.5,30465.5,30428.5,30456.25,1028.0
2026-06-17 03:45:00,30455.25,30469.75,30453.25,30466.75,683.0
2026-06-17 04:00:00,30465.5,30469.25,30459.25,30464.5,134.0
2026-06-17 04:15:00,30463.75,30482.0,30462.75,30474.5,832.0
2026-06-17 04:30:00,30473.5,30478.5,30447.0,30451.75,1171.0
2026-06-17 04:45:00,30452.25,30487.25,30452.25,30486.75,929.0
2026-06-17 05:00:00,30485.75,30499.0,30481.25,30484.5,1052.0
2026-06-17 05:15:00,30484.75,30505.0,30480.25,30491.75,1072.0
2026-06-17 05:30:00,30491.0,30520.5,30488.0,30511.75,1299.0
2026-06-17 05:45:00,30510.75,30526.5,30496.25,30500.25,1281.0
2026-06-17 06:00:00,30501.25,30522.75,30490.75,30511.75,1687.0
2026-06-17 06:15:00,30510.75,30517.5,30489.5,30492.5,1125.0
2026-06-17 06:30:00,30490.25,30535.25,30484.5,30534.25,1614.0
2026-06-17 06:45:00,30533.75,30545.75,30530.0,30544.5,1083.0
2026-06-17 07:00:00,30544.5,30579.75,30543.5,30575.5,2055.0
2026-06-17 07:15:00,30575.5,30579.0,30538.5,30552.0,1696.0
2026-06-17 07:30:00,30552.25,30573.25,30543.25,30560.0,1253.0
2026-06-17 07:45:00,30560.75,30566.5,30549.25,30559.25,1409.0
2026-06-17 08:00:00,30560.5,30584.5,30534.25,30539.75,2501.0
2026-06-17 08:15:00,30540.25,30551.0,30513.75,30518.75,1830.0
2026-06-17 08:30:00,30520.25,30525.0,30477.75,30487.25,2447.0
2026-06-17 08:45:00,30485.25,30514.25,30464.5,30509.75,1996.0
2026-06-17 09:00:00,30510.75,30526.0,30491.5,30506.5,1468.0
2026-06-17 09:15:00,30505.25,30519.0,30492.0,30516.0,1190.0
2026-06-17 09:30:00,30516.0,30526.5,30485.25,30498.25,1736.0
2026-06-17 09:45:00,30498.25,30505.25,30448.0,30463.0,1790.0
2026-06-17 10:00:00,30462.75,30464.25,30418.5,30451.0,2413.0
2026-06-17 10:15:00,30452.0,30479.75,30436.0,30463.5,1525.0
2026-06-17 10:30:00,30462.0,30487.0,30448.25,30486.0,1196.0
2026-06-17 10:45:00,30485.0,30499.25,30455.5,30459.75,1718.0
2026-06-17 11:00:00,30458.75,30482.75,30442.25,30478.5,1421.0
2026-06-17 11:15:00,30479.0,30492.25,30462.0,30469.25,1164.0
2026-06-17 11:30:00,30468.5,30471.75,30433.25,30437.5,1408.0
2026-06-17 11:45:00,30437.5,30445.75,30387.75,30416.0,3645.0
2026-06-17 12:00:00,30416.75,30464.75,30415.5,30460.25,3026.0
2026-06-17 12:15:00,30459.75,30479.5,30440.0,30464.25,2513.0
2026-06-17 12:30:00,30464.0,30521.0,30461.75,30506.5,4413.0
2026-06-17 12:45:00,30506.25,30514.0,30482.25,30491.25,2253.0
2026-06-17 13:00:00,30491.25,30493.75,30465.0,30481.5,2611.0
2026-06-17 13:15:00,30481.5,30534.75,30480.0,30526.75,5976.0
2026-06-17 13:30:00,30526.0,30527.75,30398.25,30519.75,31191.0
2026-06-17 13:45:00,30520.75,30542.25,30346.0,30347.75,26067.0
2026-06-17 14:00:00,30346.0,30447.75,30320.0,30444.25,26307.0
2026-06-17 14:15:00,30444.75,30545.75,30434.75,30509.5,19809.0
2026-06-17 14:30:00,30510.0,30516.0,30374.0,30433.5,17946.0
2026-06-17 14:45:00,30432.0,30463.25,30284.75,30359.25,21112.0
2026-06-17 15:00:00,30357.5,30419.25,30346.0,30410.25,13184.0
2026-06-17 15:15:00,30410.25,30458.5,30392.5,30418.25,12599.0
2026-06-17 15:30:00,30417.0,30450.25,30400.25,30414.25,9563.0
2026-06-17 15:45:00,30415.0,30458.5,30412.5,30450.0,7360.0
2026-06-17 16:00:00,30450.0,30472.25,30422.0,30441.25,7466.0
2026-06-17 16:15:00,30441.0,30472.0,30426.75,30456.75,5811.0
2026-06-17 16:30:00,30457.25,30471.0,30418.0,30429.75,6524.0
2026-06-17 16:45:00,30430.25,30431.25,30396.25,30410.25,6397.0
2026-06-17 17:00:00,30408.25,30410.25,30326.5,30377.0,9458.0
2026-06-17 17:15:00,30376.25,30425.25,30352.5,30418.75,6959.0
2026-06-17 17:30:00,30418.25,30419.75,30381.75,30394.0,5697.0
2026-06-17 17:45:00,30393.75,30484.75,30384.5,30466.75,6924.0
2026-06-17 18:00:00,30465.5,30471.75,30070.25,30257.75,33446.0
2026-06-17 18:15:00,30255.25,30341.5,30178.75,30241.75,19774.0
2026-06-17 18:30:00,30242.25,30520.0,30209.5,30505.5,27563.0
2026-06-17 18:45:00,30505.25,30508.0,30220.5,30274.75,23450.0
2026-06-17 19:00:00,30274.5,30370.0,30200.25,30352.25,21572.0
2026-06-17 19:15:00,30354.5,30361.75,30101.0,30129.0,22234.0
2026-06-17 19:30:00,30128.0,30163.0,29931.5,29960.25,26105.0
2026-06-17 19:45:00,29963.75,30055.0,29923.0,29994.75,34411.0
2026-06-17 20:00:00,29995.0,30089.0,29993.0,30027.75,12137.0
2026-06-17 20:15:00,30027.75,30133.25,30015.0,30123.5,5447.0
2026-06-17 20:30:00,30124.0,30159.5,30111.0,30134.0,3295.0
2026-06-17 20:45:00,30132.75,30141.75,30110.0,30141.75,2429.0
2026-06-17 22:00:00,30142.5,30206.0,30096.0,30189.25,2342.0
2026-06-17 22:15:00,30189.5,30259.0,30182.0,30228.75,3525.0
2026-06-17 22:30:00,30225.5,30248.0,30219.25,30229.5,1405.0
2026-06-17 22:45:00,30230.75,30259.0,30230.0,30236.5,1295.0
2026-06-17 23:00:00,30236.25,30267.0,30225.0,30262.5,1823.0
2026-06-17 23:15:00,30262.0,30300.0,30259.5,30290.75,1913.0
2026-06-17 23:30:00,30291.0,30304.0,30268.75,30275.5,1813.0
2026-06-17 23:45:00,30275.25,30312.25,30269.25,30312.25,1796.0
2026-06-18 00:00:00,30313.5,30424.0,30306.5,30417.25,5858.0
2026-06-18 00:15:00,30420.5,30432.25,30356.0,30383.25,3927.0
2026-06-18 00:30:00,30381.75,30415.75,30378.0,30409.25,3006.0
2026-06-18 00:45:00,30409.5,30414.5,30352.75,30368.25,2812.0
2026-06-18 01:00:00,30367.75,30438.25,30363.25,30430.0,3110.0
2026-06-18 01:15:00,30429.75,30434.0,30395.75,30407.5,2137.0
2026-06-18 01:30:00,30408.25,30425.25,30390.75,30400.0,1458.0
2026-06-18 01:45:00,30397.0,30400.25,30368.0,30380.0,2064.0
2026-06-18 02:00:00,30382.5,30430.75,30373.5,30417.5,1611.0
2026-06-18 02:15:00,30419.0,30420.25,30395.0,30403.75,897.0
2026-06-18 02:30:00,30400.75,30410.5,30382.0,30405.0,797.0
2026-06-18 02:45:00,30407.0,30414.0,30392.5,30400.25,853.0
2026-06-18 03:00:00,30401.5,30412.0,30376.75,30381.0,887.0
2026-06-18 03:15:00,30379.75,30410.25,30378.0,30403.5,961.0
2026-06-18 03:30:00,30405.0,30419.75,30370.0,30379.0,1411.0
2026-06-18 03:45:00,30378.25,30409.0,30378.25,30398.75,851.0
2026-06-18 04:00:00,30373.75,30381.25,30353.5,30357.25,554.0
2026-06-18 04:15:00,30358.5,30370.75,30321.5,30332.0,1550.0
2026-06-18 04:30:00,30330.5,30335.25,30294.25,30296.25,1865.0
2026-06-18 04:45:00,30296.75,30348.0,30284.0,30342.0,2172.0
2026-06-18 05:00:00,30341.0,30362.75,30325.0,30340.0,1343.0
2026-06-18 05:15:00,30339.25,30372.25,30336.0,30362.25,1032.0
2026-06-18 05:30:00,30363.25,30378.25,30338.0,30354.25,1476.0
2026-06-18 05:45:00,30352.25,30356.75,30336.75,30354.0,1100.0
2026-06-18 06:00:00,30353.75,30369.0,30320.0,30343.0,2180.0
2026-06-18 06:15:00,30344.25,30385.75,30323.0,30380.5,2094.0
2026-06-18 06:30:00,30380.25,30381.0,30335.0,30350.5,1160.0
2026-06-18 06:45:00,30350.5,30434.5,30350.25,30419.5,2452.0
2026-06-18 07:00:00,30419.5,30438.5,30387.75,30394.25,2043.0
2026-06-18 07:15:00,30394.75,30433.0,30382.5,30429.5,1499.0
2026-06-18 07:30:00,30428.25,30428.5,30400.75,30424.75,1401.0
2026-06-18 07:45:00,30424.25,30447.25,30408.0,30444.5,1487.0
2026-06-18 08:00:00,30445.25,30500.0,30440.25,30482.5,3942.0
2026-06-18 08:15:00,30482.0,30485.75,30418.75,30430.0,2460.0
2026-06-18 08:30:00,30429.25,30469.0,30422.0,30451.5,2461.0
2026-06-18 08:45:00,30452.25,30456.0,30387.0,30396.25,2498.0
2026-06-18 09:00:00,30397.5,30433.5,30387.5,30427.75,1684.0
2026-06-18 09:15:00,30429.75,30449.75,30423.25,30435.25,1549.0
2026-06-18 09:30:00,30434.75,30463.75,30424.5,30459.5,1279.0
2026-06-18 09:45:00,30459.0,30495.0,30459.0,30488.5,1763.0
2026-06-18 10:00:00,30490.25,30491.5,30462.5,30483.25,1574.0
2026-06-18 10:15:00,30483.25,30494.75,30469.5,30475.0,1446.0
2026-06-18 10:30:00,30475.25,30486.0,30427.25,30429.75,1990.0
2026-06-18 10:45:00,30429.25,30443.75,30421.0,30434.75,1474.0
2026-06-18 11:00:00,30435.75,30457.0,30383.75,30407.75,3193.0
2026-06-18 11:15:00,30410.0,30413.5,30368.0,30403.75,3347.0
2026-06-18 11:30:00,30402.0,30418.0,30355.0,30392.75,2680.0
2026-06-18 11:45:00,30393.25,30423.5,30385.5,30423.5,1863.0
2026-06-18 12:00:00,30423.75,30440.25,30397.0,30432.25,2962.0
2026-06-18 12:15:00,30433.5,30473.75,30420.0,30470.25,3777.0
2026-06-18 12:30:00,30470.75,30492.5,30458.0,30477.5,3303.0
2026-06-18 12:45:00,30476.5,30538.0,30474.0,30514.75,4950.0
2026-06-18 13:00:00,30514.0,30523.5,30467.5,30516.0,6344.0
2026-06-18 13:15:00,30516.0,30619.75,30513.25,30594.25,12016.0
2026-06-18 13:30:00,30594.5,30615.5,30391.0,30402.5,46559.0
2026-06-18 13:45:00,30403.75,30540.5,30402.25,30468.75,30693.0
2026-06-18 14:00:00,30469.25,30591.5,30449.5,30523.0,24754.0
2026-06-18 14:15:00,30522.5,30644.0,30500.5,30520.75,25004.0
2026-06-18 14:30:00,30520.25,30610.25,30463.5,30573.25,18460.0
2026-06-18 14:45:00,30573.25,30660.75,30571.25,30623.5,15698.0
2026-06-18 15:00:00,30623.75,30675.75,30584.25,30628.25,13664.0
2026-06-18 15:15:00,30629.25,30646.5,30566.75,30583.5,13939.0
2026-06-18 15:30:00,30582.5,30616.5,30498.25,30537.25,16482.0
2026-06-18 15:45:00,30537.0,30652.0,30496.25,30640.75,15368.0
2026-06-18 16:00:00,30641.0,30675.0,30628.75,30652.75,13513.0
2026-06-18 16:15:00,30653.5,30690.75,30630.0,30682.25,10779.0
2026-06-18 16:30:00,30683.25,30707.75,30663.5,30691.75,9575.0
2026-06-18 16:45:00,30691.75,30698.25,30650.0,30684.75,9228.0
2026-06-18 17:00:00,30685.5,30725.25,30656.25,30712.5,9457.0
2026-06-18 17:15:00,30712.25,30734.75,30692.5,30709.5,8667.0
2026-06-18 17:30:00,30710.0,30736.75,30706.0,30723.75,6944.0
2026-06-18 17:45:00,30724.25,30733.75,30702.25,30708.5,5227.0
2026-06-18 18:00:00,30708.75,30718.75,30690.25,30698.5,6677.0
2026-06-18 18:15:00,30698.0,30710.0,30680.75,30693.5,6840.0
2026-06-18 18:30:00,30694.25,30694.25,30666.0,30676.75,7050.0
2026-06-18 18:45:00,30676.5,30718.5,30672.5,30690.75,6949.0
2026-06-18 19:00:00,30690.75,30702.5,30645.25,30653.5,8668.0
2026-06-18 19:15:00,30652.25,30699.25,30647.75,30688.0,7805.0
2026-06-18 19:30:00,30687.75,30749.25,30659.5,30747.0,10006.0
2026-06-18 19:45:00,30747.0,30783.25,30693.0,30693.5,36296.0
2026-06-18 20:00:00,30693.0,30727.0,30683.0,30714.0,14329.0
2026-06-18 20:15:00,30715.0,30744.25,30705.5,30730.5,3856.0
2026-06-18 20:30:00,30730.0,30748.0,30714.0,30719.0,2115.0
2026-06-18 20:45:00,30719.75,30727.75,30706.5,30726.5,1749.0
2026-06-18 22:00:00,30740.0,30770.75,30712.0,30727.25,864.0
2026-06-18 22:15:00,30725.0,30725.75,30674.75,30687.0,1469.0
2026-06-18 22:30:00,30687.75,30687.75,30651.5,30661.75,1167.0
2026-06-18 22:45:00,30661.75,30679.5,30650.0,30662.75,931.0
2026-06-18 23:00:00,30661.25,30689.75,30656.75,30668.75,1125.0
2026-06-18 23:15:00,30667.75,30700.0,30667.25,30683.5,865.0
2026-06-18 23:30:00,30682.75,30698.25,30670.25,30686.25,791.0
2026-06-18 23:45:00,30685.75,30703.25,30679.25,30692.5,794.0
2026-06-19 00:00:00,30690.0,30694.25,30635.0,30644.75,2327.0
2026-06-19 00:15:00,30645.5,30662.75,30628.0,30645.75,1811.0
2026-06-19 00:30:00,30646.75,30662.25,30637.0,30647.25,1140.0
2026-06-19 00:45:00,30645.5,30659.5,30638.5,30642.75,749.0
2026-06-19 01:00:00,30644.0,30664.75,30611.75,30621.5,2199.0
2026-06-19 01:15:00,30621.75,30637.25,30621.75,30630.75,820.0
2026-06-19 01:30:00,30629.0,30629.0,30601.25,30610.0,975.0
2026-06-19 01:45:00,30610.25,30617.0,30592.0,30594.5,724.0
2026-06-19 02:00:00,30594.25,30598.5,30578.0,30588.25,919.0
2026-06-19 02:15:00,30587.0,30609.5,30575.0,30605.5,1195.0
2026-06-19 02:30:00,30605.5,30619.5,30600.25,30617.5,492.0
2026-06-19 02:45:00,30618.5,30618.5,30585.5,30593.75,600.0
2026-06-19 03:00:00,30593.0,30606.5,30577.0,30577.0,497.0
2026-06-19 03:15:00,30577.75,30580.25,30535.5,30539.0,1514.0
2026-06-19 03:30:00,30540.5,30546.75,30510.25,30528.25,1605.0
2026-06-19 03:45:00,30527.5,30536.25,30505.5,30506.5,870.0
2026-06-21 22:00:00,30577.0,30647.0,30470.0,30503.0,4303.0
2026-06-21 22:15:00,30504.25,30647.0,30463.0,30553.0,2730.0
2026-06-21 22:30:00,30551.5,30647.0,30511.5,30551.75,1682.0
2026-06-21 22:45:00,30552.75,30647.0,30498.75,30522.25,1687.0
2026-06-21 23:00:00,30520.75,30647.0,30434.75,30454.75,4197.0
2026-06-21 23:15:00,30457.75,30647.0,30421.25,30439.5,2729.0
2026-06-21 23:30:00,30441.5,30647.0,30352.0,30381.75,3378.0
2026-06-21 23:45:00,30380.75,30397.75,30337.5,30355.75,2611.0
2026-06-22 00:00:00,30353.25,30647.0,30347.75,30498.25,6046.0
2026-06-22 00:15:00,30496.0,30647.0,30475.0,30565.0,3491.0
2026-06-22 00:30:00,30565.0,30647.0,30549.75,30578.25,1864.0
2026-06-22 00:45:00,30577.25,30647.0,30577.25,30616.75,3389.0
2026-06-22 01:00:00,30620.0,30648.75,30613.0,30629.75,3273.0
2026-06-22 01:15:00,30630.5,30658.75,30621.25,30651.5,2105.0
2026-06-22 01:30:00,30650.0,30659.0,30633.75,30649.5,1734.0
2026-06-22 01:45:00,30649.75,30653.75,30603.5,30606.75,2227.0
2026-06-22 02:00:00,30608.5,30647.0,30592.5,30594.5,1943.0
2026-06-22 02:15:00,30594.5,30622.0,30588.75,30588.75,1601.0
2026-06-22 02:30:00,30589.0,30647.0,30582.75,30597.0,1073.0
2026-06-22 02:45:00,30595.75,30647.0,30577.25,30583.5,899.0
2026-06-22 03:00:00,30585.25,30647.0,30547.75,30555.75,2140.0
2026-06-22 03:15:00,30557.25,30647.0,30556.25,30602.5,1922.0
2026-06-22 03:30:00,30604.0,30616.0,30592.75,30600.75,1097.0
2026-06-22 03:45:00,30601.75,30647.0,30545.0,30554.5,1772.0
2026-06-22 04:00:00,30556.5,30583.25,30549.0,30560.5,892.0
2026-06-22 04:15:00,30560.25,30576.5,30543.0,30547.0,1285.0
2026-06-22 04:30:00,30546.5,30564.75,30524.0,30532.25,1680.0
2026-06-22 04:45:00,30533.0,30592.25,30529.5,30582.75,1962.0
2026-06-22 05:00:00,30582.75,30663.75,30571.25,30654.25,2255.0
2026-06-22 05:15:00,30654.75,30665.0,30642.5,30659.25,1299.0
2026-06-22 05:30:00,30659.0,30661.0,30630.0,30638.25,1022.0
2026-06-22 05:45:00,30638.75,30652.75,30629.0,30640.25,822.0
2026-06-22 06:00:00,30641.5,30684.0,30638.0,30681.0,2020.0
2026-06-22 06:15:00,30682.25,30738.5,30675.75,30729.25,2799.0
2026-06-22 06:30:00,30729.0,30735.0,30704.75,30724.0,1695.0
2026-06-22 06:45:00,30724.75,30742.25,30720.5,30736.75,1149.0
2026-06-22 07:00:00,30737.25,30775.75,30733.5,30763.25,2332.0
2026-06-22 07:15:00,30764.5,30781.75,30759.0,30774.25,1224.0
2026-06-22 07:30:00,30773.75,30779.5,30744.5,30749.5,1265.0
2026-06-22 07:45:00,30749.25,30767.0,30745.25,30759.0,1108.0
2026-06-22 08:00:00,30758.0,30765.5,30698.0,30724.75,2519.0
2026-06-22 08:15:00,30725.25,30730.0,30687.25,30702.25,1716.0
2026-06-22 08:30:00,30698.75,30739.75,30692.75,30739.75,1743.0
2026-06-22 08:45:00,30738.75,30741.75,30712.5,30731.25,1286.0
2026-06-22 09:00:00,30730.75,30758.0,30710.0,30743.75,1946.0
2026-06-22 09:15:00,30743.25,30746.0,30724.25,30731.75,1130.0
2026-06-22 09:30:00,30732.25,30734.5,30704.0,30708.25,1220.0
2026-06-22 09:45:00,30710.0,30716.5,30699.0,30699.0,944.0
2026-06-22 10:00:00,30700.5,30766.75,30700.5,30750.5,1782.0
2026-06-22 10:15:00,30750.0,30760.5,30735.0,30741.0,1310.0
2026-06-22 10:30:00,30740.25,30741.0,30702.75,30717.25,1799.0
2026-06-22 10:45:00,30718.0,30736.25,30715.0,30720.0,1587.0
2026-06-22 11:00:00,30720.25,30828.0,30710.75,30730.5,5927.0
2026-06-22 11:15:00,30730.5,30750.75,30722.0,30738.75,1427.0
2026-06-22 11:30:00,30738.0,30771.0,30736.75,30749.75,1864.0
2026-06-22 11:45:00,30749.0,30762.0,30727.0,30757.75,2080.0
2026-06-22 12:00:00,30755.75,30787.25,30752.5,30780.5,1670.0
2026-06-22 12:15:00,30781.0,30827.75,30771.0,30823.25,2287.0
2026-06-22 12:30:00,30825.0,30844.75,30805.0,30806.25,3670.0
2026-06-22 12:45:00,30808.0,30819.5,30796.25,30800.5,2097.0
2026-06-22 13:00:00,30801.0,30869.75,30801.0,30858.25,4972.0
2026-06-22 13:15:00,30858.5,30873.5,30815.5,30822.0,5101.0
2026-06-22 13:30:00,30822.75,30926.75,30756.75,30790.0,40897.0
2026-06-22 13:45:00,30789.25,30937.25,30787.75,30937.0,24549.0
2026-06-22 14:00:00,30936.25,30968.0,30897.25,30909.75,19426.0
2026-06-22 14:15:00,30909.75,30911.75,30744.0,30756.5,24253.0
2026-06-22 14:30:00,30756.75,30762.25,30612.5,30626.0,31280.0
2026-06-22 14:45:00,30626.25,30682.0,30545.0,30639.0,25952.0
2026-06-22 15:00:00,30639.75,30680.0,30603.0,30628.5,17453.0
2026-06-22 15:15:00,30629.75,30656.0,30583.25,30597.75,16366.0
2026-06-22 15:30:00,30597.5,30673.0,30575.75,30648.5,15635.0
2026-06-22 15:45:00,30649.0,30673.75,30541.25,30557.25,16534.0
2026-06-22 16:00:00,30556.75,30586.5,30503.0,30580.5,14375.0
2026-06-22 16:15:00,30579.75,30615.25,30552.25,30590.0,9513.0
2026-06-22 16:30:00,30589.5,30590.25,30526.0,30544.0,7801.0
2026-06-22 16:45:00,30544.25,30604.25,30522.0,30589.0,9834.0
2026-06-22 17:00:00,30589.5,30602.75,30532.0,30568.0,7381.0
2026-06-22 17:15:00,30567.75,30613.75,30567.25,30597.75,5936.0
2026-06-22 17:30:00,30597.25,30605.5,30559.0,30580.5,5385.0
2026-06-22 17:45:00,30580.75,30650.0,30573.75,30615.0,7855.0
2026-06-22 18:00:00,30614.5,30638.25,30601.0,30625.75,5521.0
2026-06-22 18:15:00,30625.5,30665.0,30615.75,30627.75,6842.0
2026-06-22 18:30:00,30627.75,30647.0,30580.75,30582.75,6019.0
2026-06-22 18:45:00,30582.75,30605.25,30550.5,30558.5,7787.0
2026-06-22 19:00:00,30560.5,30596.75,30534.5,30574.25,7943.0
2026-06-22 19:15:00,30573.5,30587.75,30549.75,30552.75,6281.0
2026-06-22 19:30:00,30552.5,30597.75,30552.25,30564.5,7311.0
2026-06-22 19:45:00,30564.75,30673.5,30561.75,30654.0,22851.0
2026-06-22 20:00:00,30653.25,30677.75,30639.0,30652.25,9765.0
2026-06-22 20:15:00,30653.0,30673.75,30644.25,30648.75,3038.0
2026-06-22 20:30:00,30649.25,30658.0,30647.5,30657.0,1523.0
2026-06-22 20:45:00,30657.25,30672.75,30648.75,30662.5,1788.0
2026-06-22 22:00:00,30662.75,30701.25,30645.5,30664.5,1228.0
2026-06-22 22:15:00,30664.25,30674.25,30634.0,30641.0,1103.0
2026-06-22 22:30:00,30640.0,30644.25,30568.5,30574.25,2651.0
2026-06-22 22:45:00,30574.75,30593.75,30566.5,30582.25,1303.0
2026-06-22 23:00:00,30581.5,30588.5,30556.25,30558.75,1416.0
2026-06-22 23:15:00,30559.75,30573.5,30545.0,30572.0,1428.0
2026-06-22 23:30:00,30572.0,30576.75,30559.0,30573.5,716.0
2026-06-22 23:45:00,30573.5,30579.0,30540.0,30575.0,1687.0
2026-06-23 00:00:00,30574.25,30602.25,30518.0,30520.0,3198.0
2026-06-23 00:15:00,30521.75,30545.0,30461.25,30495.5,4505.0
2026-06-23 00:30:00,30496.25,30607.25,30481.75,30604.5,3267.0
2026-06-23 00:45:00,30606.5,30636.0,30586.25,30602.0,3225.0
2026-06-23 01:00:00,30602.75,30616.25,30581.0,30584.5,2935.0
2026-06-23 01:15:00,30584.25,30594.0,30550.25,30566.25,2578.0
2026-06-23 01:30:00,30565.25,30573.0,30465.5,30472.0,4289.0
2026-06-23 01:45:00,30471.25,30480.75,30406.0,30459.75,4742.0
2026-06-23 02:00:00,30462.25,30472.75,30401.0,30434.75,3158.0
2026-06-23 02:15:00,30434.25,30465.0,30430.0,30456.25,2068.0
2026-06-23 02:30:00,30455.25,30457.25,30421.75,30434.25,1330.0
2026-06-23 02:45:00,30432.5,30438.5,30389.0,30405.25,2191.0
2026-06-23 03:00:00,30406.0,30412.5,30356.75,30367.25,2454.0
2026-06-23 03:15:00,30366.0,30379.25,30350.25,30366.5,2188.0
2026-06-23 03:30:00,30364.75,30365.25,30301.0,30331.0,3631.0
2026-06-23 03:45:00,30329.75,30385.75,30313.0,30383.0,2451.0
2026-06-23 04:00:00,30370.0,30370.25,30335.5,30354.75,921.0
2026-06-23 04:15:00,30353.75,30354.75,30305.25,30330.0,1992.0
2026-06-23 04:30:00,30329.5,30330.5,30280.0,30295.5,2115.0
2026-06-23 04:45:00,30297.75,30304.25,30231.0,30242.5,3082.0
2026-06-23 05:00:00,30243.0,30268.75,30227.25,30230.5,2501.0
2026-06-23 05:15:00,30230.75,30242.5,30180.75,30186.25,3023.0
2026-06-23 05:30:00,30186.0,30189.5,30120.5,30162.5,5106.0
2026-06-23 05:45:00,30162.25,30169.5,30093.0,30108.5,3677.0
2026-06-23 06:00:00,30107.25,30133.25,30067.75,30086.5,5025.0
2026-06-23 06:15:00,30087.0,30108.75,30003.75,30020.5,6163.0
2026-06-23 06:30:00,30020.75,30054.25,29979.25,30003.5,5448.0
2026-06-23 06:45:00,30004.0,30038.25,29950.0,29969.75,4093.0
2026-06-23 07:00:00,29969.5,30054.25,29943.5,30046.0,5132.0
2026-06-23 07:15:00,30047.25,30051.5,29980.0,30010.75,3997.0
2026-06-23 07:30:00,30008.75,30009.25,29938.5,29949.75,4253.0
2026-06-23 07:45:00,29951.75,29970.25,29889.0,29909.0,5059.0
2026-06-23 08:00:00,29909.5,29919.25,29812.25,29852.25,7590.0
2026-06-23 08:15:00,29851.75,29858.0,29776.0,29799.25,6375.0
2026-06-23 08:30:00,29798.25,29878.0,29798.25,29853.5,5480.0
2026-06-23 08:45:00,29854.5,29855.0,29780.0,29827.25,4427.0
2026-06-23 09:00:00,29830.0,29908.5,29824.0,29900.75,4621.0
2026-06-23 09:15:00,29900.75,29933.75,29882.5,29917.25,4499.0
2026-06-23 09:30:00,29917.75,29917.75,29862.5,29863.25,2959.0
2026-06-23 09:45:00,29863.75,29894.25,29857.5,29886.25,2724.0
2026-06-23 10:00:00,29887.25,29916.25,29853.5,29863.5,3015.0
2026-06-23 10:15:00,29863.5,29881.0,29815.5,29825.0,3649.0
2026-06-23 10:30:00,29824.0,29826.0,29752.0,29781.25,5151.0
2026-06-23 10:45:00,29781.0,29825.0,29779.0,29818.0,3291.0
2026-06-23 11:00:00,29818.5,29851.75,29787.5,29848.0,4956.0
2026-06-23 11:15:00,29848.0,29869.0,29806.0,29814.0,5080.0
2026-06-23 11:30:00,29812.5,29872.75,29801.5,29867.75,3994.0
2026-06-23 11:45:00,29867.75,29884.0,29848.25,29873.25,3795.0
2026-06-23 12:00:00,29872.0,29900.75,29813.5,29821.0,4766.0
2026-06-23 12:15:00,29822.5,29826.5,29744.0,29775.5,5721.0
2026-06-23 12:30:00,29776.25,29791.75,29706.5,29740.0,7021.0
2026-06-23 12:45:00,29740.25,29762.5,29717.0,29735.0,4277.0
2026-06-23 13:00:00,29735.0,29745.5,29691.75,29735.5,6472.0
2026-06-23 13:15:00,29735.75,29755.25,29675.75,29718.75,10465.0
2026-06-23 13:30:00,29718.25,29806.0,29616.5,29749.25,48972.0
2026-06-23 13:45:00,29758.75,29934.75,29724.0,29926.0,33961.0
2026-06-23 14:00:00,29926.0,30015.5,29921.0,30001.5,32023.0
2026-06-23 14:15:00,30001.5,30047.0,29940.5,29983.5,25592.0
2026-06-23 14:30:00,29983.5,29998.25,29872.5,29884.0,24526.0
2026-06-23 14:45:00,29885.0,29929.0,29812.5,29854.5,23098.0
2026-06-23 15:00:00,29854.25,29886.25,29765.0,29792.0,18424.0
2026-06-23 15:15:00,29792.0,29803.75,29710.5,29727.25,15359.0
2026-06-23 15:30:00,29727.25,29788.0,29695.25,29734.25,17364.0
2026-06-23 15:45:00,29733.5,29821.25,29719.5,29797.75,13409.0
2026-06-23 16:00:00,29798.0,29915.0,29790.25,29905.0,13614.0
2026-06-23 16:15:00,29905.25,29915.75,29833.25,29876.0,12572.0
2026-06-23 16:30:00,29877.25,29903.75,29837.75,29900.5,8627.0
2026-06-23 16:45:00,29902.5,29907.25,29831.0,29864.0,9286.0
2026-06-23 17:00:00,29864.0,29883.0,29791.75,29850.75,10835.0
2026-06-23 17:15:00,29851.0,29891.75,29821.0,29866.5,8208.0
2026-06-23 17:30:00,29866.5,29896.5,29824.25,29829.25,8287.0
2026-06-23 17:45:00,29829.25,29845.0,29732.0,29733.0,10638.0
2026-06-23 18:00:00,29732.75,29782.5,29709.5,29746.0,10469.0
2026-06-23 18:15:00,29744.75,29762.75,29719.5,29734.5,8116.0
2026-06-23 18:30:00,29734.0,29742.0,29626.25,29629.5,10024.0
2026-06-23 18:45:00,29629.5,29657.5,29577.25,29630.0,16580.0
2026-06-23 19:00:00,29628.75,29753.0,29612.5,29673.25,16704.0
2026-06-23 19:15:00,29673.25,29733.5,29616.0,29710.75,13628.0
2026-06-23 19:30:00,29710.75,29745.0,29675.5,29696.5,13050.0
2026-06-23 19:45:00,29696.0,29732.75,29642.75,29651.0,34048.0
2026-06-23 20:00:00,29651.0,29718.25,29633.25,29708.0,10664.0
2026-06-23 20:15:00,29707.75,29744.0,29698.25,29735.75,2665.0
2026-06-23 20:30:00,29734.75,29748.25,29717.0,29730.0,1747.0
2026-06-23 20:45:00,29729.5,29757.5,29716.0,29752.0,2197.0
2026-06-23 22:00:00,29770.0,29802.25,29745.0,29781.75,1371.0
2026-06-23 22:15:00,29781.0,29803.5,29701.25,29706.0,2710.0
2026-06-23 22:30:00,29706.5,29729.0,29632.5,29642.0,3079.0
2026-06-23 22:45:00,29640.0,29688.75,29638.0,29680.0,1605.0
2026-06-23 23:00:00,29680.0,29682.25,29585.5,29651.25,2968.0
2026-06-23 23:15:00,29653.25,29694.25,29650.5,29681.75,1709.0
2026-06-23 23:30:00,29683.0,29687.0,29621.25,29657.0,1991.0
2026-06-23 23:45:00,29656.0,29763.5,29653.75,29748.25,3749.0
2026-06-24 00:00:00,29745.0,29850.5,29736.75,29823.75,5985.0
2026-06-24 00:15:00,29822.0,29858.5,29807.5,29847.75,3612.0
2026-06-24 00:30:00,29849.5,29891.75,29838.25,29879.25,3173.0
2026-06-24 00:45:00,29877.0,29888.25,29815.25,29846.5,2361.0
2026-06-24 01:00:00,29848.25,29852.25,29780.75,29819.5,3322.0
2026-06-24 01:15:00,29817.75,29827.25,29761.0,29816.0,2916.0
2026-06-24 01:30:00,29814.5,29845.25,29808.0,29832.25,2203.0
2026-06-24 01:45:00,29832.75,29848.25,29805.0,29826.5,2320.0
2026-06-24 02:00:00,29827.5,29838.5,29800.5,29819.5,2740.0
2026-06-24 02:15:00,29816.0,29818.5,29762.25,29795.5,2436.0
2026-06-24 02:30:00,29796.75,29810.5,29717.5,29722.75,2449.0
2026-06-24 02:45:00,29724.0,29729.5,29636.75,29637.75,3148.0
2026-06-24 03:00:00,29638.5,29735.5,29616.5,29726.0,4259.0
2026-06-24 03:15:00,29726.75,29751.0,29673.0,29749.25,2714.0
2026-06-24 03:30:00,29749.5,29779.0,29736.0,29743.75,2602.0
2026-06-24 03:45:00,29743.0,29747.0,29710.5,29744.5,1441.0
2026-06-24 04:00:00,29687.0,29710.25,29674.75,29687.0,508.0
2026-06-24 04:15:00,29686.5,29700.0,29654.75,29665.25,1593.0
2026-06-24 04:30:00,29668.25,29769.0,29668.0,29753.0,1853.0
2026-06-24 04:45:00,29754.0,29790.0,29751.0,29784.5,1806.0
2026-06-24 05:00:00,29784.5,29833.75,29780.0,29814.75,2540.0
2026-06-24 05:15:00,29816.5,29862.25,29806.75,29834.5,2162.0
2026-06-24 05:30:00,29836.0,29884.25,29834.5,29845.0,1988.0
2026-06-24 05:45:00,29845.0,29857.5,29813.0,29819.0,1049.0
2026-06-24 06:00:00,29819.5,29853.0,29797.25,29842.0,1579.0
2026-06-24 06:15:00,29841.0,29847.0,29803.0,29813.25,1255.0
2026-06-24 06:30:00,29816.75,29866.0,29811.5,29834.75,1501.0
2026-06-24 06:45:00,29834.25,29840.5,29817.25,29822.75,1272.0
2026-06-24 07:00:00,29824.25,29840.75,29786.0,29813.25,2294.0
2026-06-24 07:15:00,29813.25,29827.75,29790.5,29794.25,1570.0
2026-06-24 07:30:00,29792.75,29821.75,29765.5,29816.0,1736.0
2026-06-24 07:45:00,29815.5,29836.0,29764.5,29770.0,1476.0
2026-06-24 08:00:00,29771.25,29860.0,29763.0,29858.25,2511.0
2026-06-24 08:15:00,29857.5,29864.5,29817.5,29837.25,1445.0
2026-06-24 08:30:00,29837.75,29866.25,29819.5,29836.25,1513.0
2026-06-24 08:45:00,29834.75,29837.25,29803.75,29820.0,1100.0
2026-06-24 09:00:00,29819.25,29843.75,29793.75,29836.25,1282.0
2026-06-24 09:15:00,29836.5,29839.5,29794.5,29807.0,1002.0
2026-06-24 09:30:00,29806.75,29814.5,29765.75,29765.75,1009.0
2026-06-24 09:45:00,29766.5,29813.0,29755.0,29808.25,1229.0
2026-06-24 10:00:00,29809.25,29810.0,29774.0,29809.0,1114.0
2026-06-24 10:15:00,29807.5,29821.25,29794.25,29815.75,897.0
2026-06-24 10:30:00,29817.75,29851.0,29812.0,29834.25,1941.0
2026-06-24 10:45:00,29833.75,29836.0,29789.5,29794.75,1437.0
2026-06-24 11:00:00,29794.75,29825.25,29763.0,29765.5,2087.0
2026-06-24 11:15:00,29765.25,29774.5,29734.0,29756.25,2375.0
2026-06-24 11:30:00,29755.0,29829.25,29752.5,29813.25,2571.0
2026-06-24 11:45:00,29815.0,29865.0,29802.0,29862.25,2641.0
2026-06-24 12:00:00,29861.0,29864.5,29826.0,29845.25,2599.0
2026-06-24 12:15:00,29846.5,29872.75,29823.25,29852.75,2580.0
2026-06-24 12:30:00,29851.75,29865.75,29784.25,29793.0,2368.0
2026-06-24 12:45:00,29792.25,29798.0,29752.5,29762.0,2259.0
2026-06-24 13:00:00,29764.25,29790.75,29698.75,29703.0,5880.0
2026-06-24 13:15:00,29705.0,29756.25,29692.5,29711.5,9009.0
2026-06-24 13:30:00,29711.25,29841.5,29603.0,29663.75,40390.0
2026-06-24 13:45:00,29662.5,29790.0,29562.25,29684.25,31148.0
2026-06-24 14:00:00,29684.25,29725.5,29625.75,29665.25,21846.0
2026-06-24 14:15:00,29664.5,29731.75,29525.0,29706.75,23553.0
2026-06-24 14:30:00,29705.25,29794.0,29703.5,29786.25,17490.0
2026-06-24 14:45:00,29787.0,29893.25,29780.0,29891.0,20103.0
2026-06-24 15:00:00,29891.0,29907.5,29748.5,29783.0,16578.0
2026-06-24 15:15:00,29781.5,29821.0,29704.0,29801.0,13180.0
2026-06-24 15:30:00,29800.75,29829.25,29712.75,29744.0,14056.0
2026-06-24 15:45:00,29744.0,29810.0,29700.0,29756.0,13667.0
2026-06-24 16:00:00,29757.25,29806.25,29728.75,29773.25,11389.0
2026-06-24 16:15:00,29773.75,29801.0,29741.0,29752.75,7969.0
2026-06-24 16:30:00,29753.0,29754.0,29610.5,29640.0,14044.0
2026-06-24 16:45:00,29640.25,29672.5,29596.25,29606.5,11620.0
2026-06-24 17:00:00,29606.5,29661.5,29538.5,29547.5,13067.0
2026-06-24 17:15:00,29548.0,29571.75,29403.0,29411.0,21815.0
2026-06-24 17:30:00,29411.5,29465.0,29364.75,29410.25,19202.0
2026-06-24 17:45:00,29411.0,29464.0,29374.0,29387.25,12780.0
2026-06-24 18:00:00,29389.25,29463.25,29376.5,29440.75,12777.0
2026-06-24 18:15:00,29442.5,29563.5,29440.75,29539.75,14280.0
2026-06-24 18:30:00,29540.0,29556.0,29423.75,29449.0,13507.0
2026-06-24 18:45:00,29447.5,29448.0,29325.0,29345.25,16885.0
2026-06-24 19:00:00,29346.0,29414.25,29264.75,29312.0,19749.0
2026-06-24 19:15:00,29311.5,29396.0,29284.25,29384.75,15691.0
2026-06-24 19:30:00,29384.0,29446.75,29357.5,29388.0,17002.0
2026-06-24 19:45:00,29387.5,29529.0,29373.25,29514.0,27440.0
2026-06-24 20:00:00,29515.25,29889.75,29486.75,29883.75,31478.0
2026-06-24 20:15:00,29884.0,30030.0,29856.25,30010.5,13155.0
2026-06-24 20:30:00,30009.0,30102.0,29966.0,30094.75,9311.0
2026-06-24 20:45:00,30094.5,30157.75,30080.0,30095.25,8226.0
2026-06-24 22:00:00,30089.75,30168.5,30062.25,30073.5,2190.0
2026-06-24 22:15:00,30074.0,30089.75,30052.25,30059.25,3039.0
2026-06-24 22:30:00,30059.25,30080.25,30053.25,30072.5,1644.0
2026-06-24 22:45:00,30073.5,30076.0,30046.25,30049.5,1313.0
2026-06-24 23:00:00,30050.25,30082.5,30047.25,30060.5,1369.0
2026-06-24 23:15:00,30061.0,30096.5,30056.25,30077.5,1072.0
2026-06-24 23:30:00,30078.25,30122.5,30075.0,30115.0,1312.0
2026-06-24 23:45:00,30113.75,30135.25,30085.0,30096.75,1827.0
2026-06-25 00:00:00,30097.0,30102.5,30046.0,30091.0,2792.0
2026-06-25 00:15:00,30093.0,30098.75,30026.5,30036.5,2049.0
2026-06-25 00:30:00,30035.0,30040.75,29943.0,29963.25,2912.0
2026-06-25 00:45:00,29963.5,29991.75,29936.0,29965.0,2460.0
2026-06-25 01:00:00,29967.5,29996.25,29950.25,29969.5,1942.0
2026-06-25 01:15:00,29971.0,29991.0,29951.25,29965.0,1962.0
2026-06-25 01:30:00,29966.75,30028.25,29960.75,29995.5,2469.0
2026-06-25 01:45:00,29995.5,30031.0,29987.5,29998.75,1480.0
2026-06-25 02:00:00,29997.5,30020.5,29941.0,29944.25,2370.0
2026-06-25 02:15:00,29946.0,29994.75,29924.5,29986.25,1818.0
2026-06-25 02:30:00,29983.0,29996.75,29967.0,29975.0,927.0
2026-06-25 02:45:00,29973.75,30003.0,29966.0,29998.0,821.0
2026-06-25 03:00:00,29999.25,30022.75,29992.75,30008.0,1230.0
2026-06-25 03:15:00,30007.5,30038.75,29981.75,30025.5,1953.0
2026-06-25 03:30:00,30024.25,30045.25,29998.75,30010.75,1478.0
2026-06-25 03:45:00,30012.25,30043.5,30003.5,30036.75,1079.0
2026-06-25 04:00:00,30033.5,30045.0,30028.75,30029.25,386.0
2026-06-25 04:15:00,30030.75,30044.25,30012.75,30017.75,1139.0
2026-06-25 04:30:00,30020.5,30039.0,29998.5,30038.5,1160.0
2026-06-25 04:45:00,30039.5,30064.75,30033.0,30041.0,1437.0
2026-06-25 05:00:00,30040.25,30074.75,30040.0,30068.5,1238.0
2026-06-25 05:15:00,30070.25,30097.5,30062.0,30094.0,1254.0
2026-06-25 05:30:00,30093.0,30121.25,30089.0,30106.25,1716.0
2026-06-25 05:45:00,30105.5,30107.0,30083.25,30089.25,1918.0
2026-06-25 06:00:00,30091.0,30120.5,30077.5,30112.5,2326.0
2026-06-25 06:15:00,30112.0,30131.75,30107.5,30110.5,1759.0
2026-06-25 06:30:00,30110.5,30120.25,30098.0,30104.5,1500.0
2026-06-25 06:45:00,30104.25,30119.5,30100.5,30105.25,1372.0
2026-06-25 07:00:00,30106.5,30138.5,30105.75,30126.5,1884.0
2026-06-25 07:15:00,30126.25,30186.5,30126.25,30171.5,2914.0
2026-06-25 07:30:00,30170.75,30182.0,30149.25,30176.0,1495.0
2026-06-25 07:45:00,30176.75,30181.75,30154.0,30181.75,1125.0
2026-06-25 08:00:00,30182.0,30219.0,30165.0,30182.25,3360.0
2026-06-25 08:15:00,30183.75,30185.5,30158.0,30172.0,1735.0
2026-06-25 08:30:00,30171.25,30183.75,30154.0,30154.5,1117.0
2026-06-25 08:45:00,30154.0,30156.5,30111.0,30119.5,1732.0
2026-06-25 09:00:00,30121.0,30151.0,30114.0,30137.75,1482.0
2026-06-25 09:15:00,30137.5,30150.75,30118.25,30137.25,1370.0
2026-06-25 09:30:00,30137.25,30156.75,30132.25,30150.5,1102.0
2026-06-25 09:45:00,30148.0,30158.0,30129.0,30131.0,792.0
2026-06-25 10:00:00,30131.75,30162.5,30125.75,30159.25,943.0
2026-06-25 10:15:00,30160.75,30169.5,30143.0,30164.25,860.0
2026-06-25 10:30:00,30164.75,30185.0,30147.5,30153.0,1661.0
2026-06-25 10:45:00,30153.0,30176.0,30140.0,30160.5,1388.0
2026-06-25 11:00:00,30160.25,30193.0,30151.25,30153.0,2401.0
2026-06-25 11:15:00,30152.0,30158.5,30108.25,30117.75,2134.0
2026-06-25 11:30:00,30118.75,30138.5,30099.0,30130.5,1774.0
2026-06-25 11:45:00,30132.0,30155.0,30114.0,30131.25,1724.0
2026-06-25 12:00:00,30130.25,30182.0,30121.0,30141.5,2962.0
2026-06-25 12:15:00,30141.75,30153.0,30117.0,30131.0,2030.0
2026-06-25 12:30:00,30130.75,30263.75,30126.0,30192.75,8518.0
2026-06-25 12:45:00,30193.75,30227.25,30187.75,30201.25,3069.0
2026-06-25 13:00:00,30202.75,30214.75,30143.5,30163.5,4420.0
2026-06-25 13:15:00,30165.0,30179.25,30130.0,30151.0,6225.0
2026-06-25 13:30:00,30153.25,30193.0,29747.0,29768.25,47904.0
2026-06-25 13:45:00,29768.25,29817.0,29295.75,29316.0,57585.0
2026-06-25 14:00:00,29316.75,29690.0,29306.5,29548.25,40437.0
2026-06-25 14:15:00,29547.25,29685.5,29477.25,29586.25,29400.0
2026-06-25 14:30:00,29586.0,29716.25,29564.25,29603.75,22360.0
2026-06-25 14:45:00,29604.0,29776.75,29562.0,29633.25,24420.0
2026-06-25 15:00:00,29633.25,29746.25,29509.75,29534.25,20765.0
2026-06-25 15:15:00,29534.0,29666.75,29462.5,29612.75,18688.0
2026-06-25 15:30:00,29614.5,29702.0,29605.5,29695.75,11743.0
2026-06-25 15:45:00,29695.5,29761.5,29652.0,29659.75,11743.0
2026-06-25 16:00:00,29661.75,29844.25,29643.75,29825.5,14513.0
2026-06-25 16:15:00,29826.5,29872.0,29732.0,29763.0,15404.0
2026-06-25 16:30:00,29765.0,29768.5,29638.0,29651.0,12640.0
2026-06-25 16:45:00,29650.0,29715.75,29586.5,29682.0,13450.0
2026-06-25 17:00:00,29681.5,29778.75,29671.75,29748.5,9772.0
2026-06-25 17:15:00,29747.75,29811.0,29674.0,29764.5,12299.0
2026-06-25 17:30:00,29764.75,29798.25,29720.0,29735.25,7509.0
2026-06-25 17:45:00,29735.5,29804.0,29681.25,29794.5,11376.0
2026-06-25 18:00:00,29793.75,29818.0,29678.75,29773.0,19884.0
2026-06-25 18:15:00,29772.5,29891.25,29747.5,29877.25,15191.0
2026-06-25 18:30:00,29877.25,29878.0,29739.25,29789.0,11986.0
2026-06-25 18:45:00,29789.25,29812.0,29703.25,29773.5,9344.0
2026-06-25 19:00:00,29773.75,29777.5,29661.0,29672.25,10045.0
2026-06-25 19:15:00,29670.25,29699.25,29626.0,29682.75,12540.0
2026-06-25 19:30:00,29682.75,29688.75,29620.5,29673.0,10432.0
2026-06-25 19:45:00,29672.75,29751.5,29616.25,29749.25,20628.0
2026-06-25 20:00:00,29750.0,29922.5,29747.75,29806.75,17754.0
2026-06-25 20:15:00,29806.5,29868.25,29804.0,29818.5,5196.0
2026-06-25 20:30:00,29820.5,29823.5,29770.0,29777.75,2163.0
2026-06-25 20:45:00,29778.75,29780.5,29750.25,29759.25,1187.0
2026-06-25 22:00:00,29742.0,29761.25,29624.5,29646.0,2687.0
2026-06-25 22:15:00,29646.0,29684.5,29614.0,29616.0,2931.0
2026-06-25 22:30:00,29617.75,29667.75,29605.5,29662.0,1947.0
2026-06-25 22:45:00,29661.75,29688.0,29640.75,29678.25,1679.0
2026-06-25 23:00:00,29678.75,29744.75,29668.0,29742.0,2012.0
2026-06-25 23:15:00,29743.0,29892.75,29733.5,29868.75,5307.0
2026-06-25 23:30:00,29868.5,29878.5,29763.0,29763.5,3811.0
2026-06-25 23:45:00,29763.5,29763.5,29666.25,29707.0,4205.0
2026-06-26 00:00:00,29704.25,29772.75,29683.0,29751.25,4272.0
2026-06-26 00:15:00,29752.25,29767.0,29650.25,29709.75,3317.0
2026-06-26 00:30:00,29707.75,29714.75,29644.25,29667.75,2683.0
2026-06-26 00:45:00,29669.0,29694.75,29615.75,29636.0,2024.0
2026-06-26 01:00:00,29638.0,29676.75,29565.75,29637.5,3525.0
2026-06-26 01:15:00,29637.0,29674.0,29603.75,29612.25,1639.0
2026-06-26 01:30:00,29614.75,29620.75,29505.25,29509.0,2915.0
2026-06-26 01:45:00,29507.0,29537.5,29461.75,29494.25,2760.0
2026-06-26 02:00:00,29494.0,29506.0,29443.0,29452.25,2269.0
2026-06-26 02:15:00,29453.75,29466.75,29393.75,29417.0,3292.0
2026-06-26 02:30:00,29417.0,29432.0,29330.0,29346.0,3170.0
2026-06-26 02:45:00,29347.0,29349.0,29230.0,29265.25,5597.0
2026-06-26 03:00:00,29267.25,29270.0,29215.25,29252.75,4145.0
2026-06-26 03:15:00,29252.0,29268.0,29228.75,29249.75,1870.0
2026-06-26 03:30:00,29247.5,29255.5,29160.5,29254.25,4625.0
2026-06-26 03:45:00,29255.5,29356.5,29239.75,29356.5,4361.0
2026-06-26 04:00:00,29365.5,29376.5,29352.25,29357.25,641.0
2026-06-26 04:15:00,29357.5,29386.75,29277.5,29322.0,3197.0
2026-06-26 04:30:00,29322.5,29346.5,29278.0,29304.0,2781.0
2026-06-26 04:45:00,29304.75,29304.75,29252.25,29270.0,1958.0
2026-06-26 05:00:00,29270.75,29352.25,29255.5,29349.5,2511.0
2026-06-26 05:15:00,29349.25,29381.5,29314.75,29367.75,1977.0
2026-06-26 05:30:00,29370.25,29410.0,29312.25,29315.25,2619.0
2026-06-26 05:45:00,29317.5,29365.0,29300.0,29325.25,2117.0
2026-06-26 06:00:00,29326.5,29342.0,29289.0,29323.5,2379.0
2026-06-26 06:15:00,29326.0,29399.0,29322.5,29394.5,2554.0
2026-06-26 06:30:00,29395.5,29458.25,29380.0,29455.25,2558.0
2026-06-26 06:45:00,29454.0,29535.25,29447.25,29503.75,3644.0
2026-06-26 07:00:00,29502.25,29517.5,29435.0,29486.5,3024.0
2026-06-26 07:15:00,29484.75,29539.25,29478.0,29535.5,3270.0
2026-06-26 07:30:00,29538.5,29562.75,29506.0,29507.0,2296.0
2026-06-26 07:45:00,29508.0,29544.0,29495.25,29527.75,1712.0
2026-06-26 08:00:00,29528.25,29557.75,29457.25,29467.0,2945.0
2026-06-26 08:15:00,29469.25,29514.0,29456.75,29504.5,1605.0
2026-06-26 08:30:00,29504.5,29504.5,29444.25,29448.0,1643.0
2026-06-26 08:45:00,29445.75,29449.25,29364.0,29399.5,2724.0
2026-06-26 09:00:00,29400.75,29408.75,29364.0,29400.25,2390.0
2026-06-26 09:15:00,29397.5,29412.5,29344.0,29378.75,3261.0
2026-06-26 09:30:00,29379.25,29443.5,29355.75,29421.75,2062.0
2026-06-26 09:45:00,29422.0,29444.25,29365.5,29370.75,1706.0
2026-06-26 10:00:00,29372.5,29397.25,29317.75,29387.25,2140.0
2026-06-26 10:15:00,29386.5,29400.25,29344.5,29374.0,1350.0
2026-06-26 10:30:00,29372.25,29387.0,29340.25,29352.25,1318.0
2026-06-26 10:45:00,29354.25,29374.75,29342.5,29361.5,1068.0
2026-06-26 11:00:00,29363.25,29425.5,29351.75,29402.25,2377.0
2026-06-26 11:15:00,29402.25,29402.25,29357.0,29370.5,2016.0
2026-06-26 11:30:00,29370.5,29398.25,29360.0,29363.0,1958.0
2026-06-26 11:45:00,29363.5,29379.5,29304.75,29351.0,2735.0
2026-06-26 12:00:00,29350.0,29437.75,29336.25,29420.5,2885.0
2026-06-26 12:15:00,29420.5,29450.0,29373.25,29396.75,3018.0
2026-06-26 12:30:00,29392.0,29406.5,29320.0,29322.75,3616.0
2026-06-26 12:45:00,29324.25,29347.25,29298.25,29315.25,3642.0
2026-06-26 13:00:00,29317.25,29322.0,29249.0,29279.0,4457.0
2026-06-26 13:15:00,29278.25,29367.25,29211.25,29360.75,9067.0
2026-06-26 13:30:00,29362.5,29371.75,29181.5,29342.25,33724.0
2026-06-26 13:45:00,29343.5,29464.5,29235.5,29440.5,24460.0
2026-06-26 14:00:00,29444.0,29604.5,29414.0,29589.5,24241.0
2026-06-26 14:15:00,29588.25,29665.25,29520.5,29592.0,18976.0
2026-06-26 14:30:00,29593.5,29618.25,29455.5,29493.5,18312.0
2026-06-26 14:45:00,29493.75,29580.0,29466.0,29501.75,13175.0
2026-06-26 15:00:00,29505.25,29553.25,29438.0,29444.5,11085.0
2026-06-26 15:15:00,29446.5,29594.25,29408.75,29592.5,15210.0
2026-06-26 15:30:00,29591.75,29716.0,29567.0,29697.5,17107.0
2026-06-26 15:45:00,29696.75,29705.25,29531.0,29621.25,17784.0
2026-06-26 16:00:00,29620.75,29626.5,29518.75,29555.25,10538.0
2026-06-26 16:15:00,29555.0,29584.5,29493.75,29557.25,12120.0
2026-06-26 16:30:00,29559.25,29642.75,29559.0,29598.75,9539.0
2026-06-26 16:45:00,29599.25,29645.5,29585.75,29612.25,7646.0
2026-06-26 17:00:00,29612.0,29700.0,29595.0,29651.75,8689.0
2026-06-26 17:15:00,29652.0,29655.5,29575.25,29635.25,9440.0
2026-06-26 17:30:00,29634.5,29676.5,29558.25,29597.75,8702.0
2026-06-26 17:45:00,29596.75,29612.5,29535.75,29544.0,6551.0
2026-06-26 18:00:00,29545.25,29582.0,29524.75,29538.75,6735.0
2026-06-26 18:15:00,29539.0,29550.75,29456.5,29461.5,8769.0
2026-06-26 18:30:00,29462.75,29512.25,29454.0,29474.5,7840.0
2026-06-26 18:45:00,29475.5,29475.5,29388.75,29415.5,9846.0
2026-06-26 19:00:00,29417.0,29505.0,29395.25,29502.0,11268.0
2026-06-26 19:15:00,29501.5,29503.75,29420.0,29452.25,9399.0
2026-06-26 19:30:00,29451.25,29544.0,29429.25,29537.75,8858.0
2026-06-26 19:45:00,29538.5,29569.5,29283.75,29317.75,29497.0
2026-06-26 20:00:00,29318.0,29410.0,29266.25,29350.75,18567.0
2026-06-26 20:15:00,29352.5,29383.75,29339.75,29341.25,5579.0
2026-06-26 20:30:00,29341.25,29348.25,29256.75,29271.25,6022.0
2026-06-26 20:45:00,29271.25,29368.25,29255.0,29368.25,3011.0
2026-06-28 22:00:00,29504.5,29552.75,29485.0,29545.0,841.0
2026-06-28 22:15:00,29546.0,29592.25,29498.0,29561.0,3138.0
2026-06-28 22:30:00,29560.75,29598.75,29560.75,29584.75,1685.0
2026-06-28 22:45:00,29584.5,29595.0,29556.0,29560.5,1112.0
2026-06-28 23:00:00,29558.25,29656.75,29548.75,29641.0,3338.0
2026-06-28 23:15:00,29639.0,29667.75,29626.0,29649.5,1538.0
2026-06-28 23:30:00,29650.75,29681.5,29650.5,29668.5,1342.0
2026-06-28 23:45:00,29667.75,29683.25,29612.5,29617.0,2346.0
2026-06-29 00:00:00,29621.0,29622.0,29494.5,29514.75,5818.0
2026-06-29 00:15:00,29514.0,29530.25,29375.75,29379.0,5178.0
2026-06-29 00:30:00,29380.0,29461.25,29363.25,29456.75,4216.0
2026-06-29 00:45:00,29455.75,29505.25,29378.0,29494.0,3370.0
2026-06-29 01:00:00,29494.0,29522.25,29452.0,29500.5,2513.0
2026-06-29 01:15:00,29499.75,29506.5,29434.5,29440.25,2349.0
2026-06-29 01:30:00,29441.75,29558.25,29420.25,29545.5,2927.0
2026-06-29 01:45:00,29546.25,29554.25,29509.0,29516.25,1701.0
2026-06-29 02:00:00,29518.5,29525.75,29393.75,29398.0,2539.0
2026-06-29 02:15:00,29397.75,29532.0,29389.0,29525.0,2407.0
2026-06-29 02:30:00,29524.5,29538.5,29503.0,29532.0,1156.0
2026-06-29 02:45:00,29534.75,29544.25,29512.5,29523.25,1017.0
2026-06-29 03:00:00,29525.75,29579.0,29525.75,29544.75,1714.0
2026-06-29 03:15:00,29543.75,29567.75,29536.0,29555.25,865.0
2026-06-29 03:30:00,29556.5,29568.25,29482.25,29500.5,1756.0
2026-06-29 03:45:00,29496.0,29605.75,29492.0,29594.25,2216.0
2026-06-29 04:00:00,29592.0,29593.25,29553.5,29562.0,1342.0
2026-06-29 04:15:00,29560.25,29575.75,29523.75,29539.5,1885.0
2026-06-29 04:30:00,29541.75,29553.75,29505.0,29521.25,1182.0
2026-06-29 04:45:00,29524.0,29555.0,29505.0,29518.0,1236.0
2026-06-29 05:00:00,29520.0,29538.25,29491.5,29537.75,1487.0
2026-06-29 05:15:00,29535.5,29557.5,29509.25,29533.0,1175.0
2026-06-29 05:30:00,29534.5,29629.75,29525.5,29621.25,1692.0
2026-06-29 05:45:00,29620.25,29672.25,29602.25,29670.75,2717.0
2026-06-29 06:00:00,29670.25,29676.75,29590.0,29613.25,2167.0
2026-06-29 06:15:00,29614.75,29661.25,29614.75,29647.75,1424.0
2026-06-29 06:30:00,29651.0,29684.75,29646.75,29666.75,2052.0
2026-06-29 06:45:00,29666.0,29670.25,29616.5,29631.5,1351.0
2026-06-29 07:00:00,29631.5,29633.75,29575.75,29616.0,2094.0
2026-06-29 07:15:00,29617.5,29655.75,29615.75,29643.75,1517.0
2026-06-29 07:30:00,29644.5,29679.0,29627.0,29666.5,1059.0
2026-06-29 07:45:00,29665.25,29698.5,29654.75,29664.25,1634.0
2026-06-29 08:00:00,29663.5,29714.25,29657.0,29686.25,1987.0
2026-06-29 08:15:00,29685.5,29732.75,29678.25,29694.75,1999.0
2026-06-29 08:30:00,29694.25,29720.75,29676.0,29685.75,1624.0
2026-06-29 08:45:00,29685.0,29706.75,29652.75,29660.25,1160.0
2026-06-29 09:00:00,29658.75,29671.75,29640.5,29658.0,990.0
2026-06-29 09:15:00,29654.5,29688.25,29646.75,29677.75,980.0
2026-06-29 09:30:00,29680.0,29686.5,29645.0,29657.75,1212.0
2026-06-29 09:45:00,29657.5,29673.25,29620.0,29664.0,1987.0
2026-06-29 10:00:00,29666.25,29722.5,29666.25,29688.0,1636.0
2026-06-29 10:15:00,29686.0,29717.5,29668.75,29717.5,1163.0
2026-06-29 10:30:00,29716.75,29744.0,29707.25,29728.0,1774.0
2026-06-29 10:45:00,29726.25,29746.0,29699.5,29740.5,1650.0
2026-06-29 11:00:00,29742.25,29758.0,29708.5,29711.75,2138.0
2026-06-29 11:15:00,29712.25,29720.5,29683.5,29710.25,1734.0
2026-06-29 11:30:00,29709.75,29759.75,29697.0,29708.75,2478.0
2026-06-29 11:45:00,29709.0,29730.0,29698.5,29705.5,1116.0
2026-06-29 12:00:00,29705.25,29733.75,29691.75,29728.25,1552.0
2026-06-29 12:15:00,29727.25,29739.25,29707.5,29716.75,1198.0
2026-06-29 12:30:00,29717.5,29730.75,29650.25,29674.5,2789.0
2026-06-29 12:45:00,29675.0,29705.5,29664.0,29705.0,1899.0
2026-06-29 13:00:00,29705.75,29733.25,29699.5,29727.25,1876.0
2026-06-29 13:15:00,29726.75,29733.0,29628.0,29643.25,4409.0
2026-06-29 13:30:00,29643.0,29795.0,29557.0,29786.75,30768.0
2026-06-29 13:45:00,29786.0,29840.0,29578.0,29617.75,26442.0
2026-06-29 14:00:00,29618.75,29631.5,29328.0,29330.75,31465.0
2026-06-29 14:15:00,29330.0,29551.0,29273.75,29546.0,31853.0
2026-06-29 14:30:00,29546.0,29652.5,29525.75,29580.25,21292.0
2026-06-29 14:45:00,29578.0,29716.5,29497.25,29713.75,19384.0
2026-06-29 15:00:00,29714.25,29735.0,29663.75,29724.5,15451.0
2026-06-29 15:15:00,29725.5,29775.25,29659.25,29771.0,14301.0
2026-06-29 15:30:00,29770.0,29823.0,29734.75,29819.5,13886.0
2026-06-29 15:45:00,29818.75,29847.25,29778.0,29838.75,11451.0
2026-06-29 16:00:00,29839.75,29879.25,29834.25,29848.5,10473.0
2026-06-29 16:15:00,29849.25,29907.5,29848.0,29871.25,10511.0
2026-06-29 16:30:00,29871.0,29910.5,29843.25,29906.5,8941.0
2026-06-29 16:45:00,29906.5,29932.5,29892.75,29915.5,8687.0
2026-06-29 17:00:00,29916.0,30001.0,29915.75,29988.0,9514.0
2026-06-29 17:15:00,29988.75,30014.5,29950.0,30011.0,11101.0
2026-06-29 17:30:00,30012.25,30038.25,29987.0,30005.25,8050.0
2026-06-29 17:45:00,30005.25,30029.75,29989.75,30003.5,6544.0
2026-06-29 18:00:00,30004.0,30024.25,29993.0,30021.0,6556.0
2026-06-29 18:15:00,30020.5,30024.75,29986.5,29992.25,6652.0
2026-06-29 18:30:00,29992.25,30057.0,29988.75,30053.75,8253.0
2026-06-29 18:45:00,30054.25,30069.5,30025.75,30032.25,7790.0
2026-06-29 19:00:00,30032.75,30045.0,29997.0,30013.75,10389.0
2026-06-29 19:15:00,30013.5,30058.5,30006.25,30025.0,8734.0
2026-06-29 19:30:00,30025.5,30047.25,30004.25,30020.75,8506.0
2026-06-29 19:45:00,30020.0,30069.0,29973.75,30047.5,25363.0
2026-06-29 20:00:00,30046.25,30051.75,29995.5,30025.75,11548.0
2026-06-29 20:15:00,30025.5,30037.0,30016.0,30020.5,1913.0
2026-06-29 20:30:00,30021.0,30021.5,29995.25,30004.0,1410.0
2026-06-29 20:45:00,30005.0,30014.5,29991.25,29995.0,1345.0
2026-06-29 22:00:00,30007.25,30033.25,29970.25,30012.5,1419.0
2026-06-29 22:15:00,30012.5,30035.5,30003.5,30010.75,990.0
2026-06-29 22:30:00,30012.0,30029.25,29991.5,30021.0,1166.0
2026-06-29 22:45:00,30022.75,30024.25,30003.0,30012.25,659.0
2026-06-29 23:00:00,30011.25,30045.75,30006.0,30030.0,1296.0
2026-06-29 23:15:00,30031.0,30043.0,30023.75,30035.75,804.0
2026-06-29 23:30:00,30035.0,30054.0,30026.0,30044.0,854.0
2026-06-29 23:45:00,30044.25,30050.5,30018.0,30041.0,1262.0
2026-06-30 00:00:00,30040.0,30085.0,30010.5,30066.5,2625.0
2026-06-30 00:15:00,30065.0,30086.0,29986.5,29997.75,2293.0
2026-06-30 00:30:00,29997.25,30003.5,29936.25,29942.25,3649.0
2026-06-30 00:45:00,29942.25,30015.5,29934.75,30009.5,2722.0
2026-06-30 01:00:00,30010.75,30020.0,29951.0,29968.0,2441.0
2026-06-30 01:15:00,29968.0,30064.75,29960.0,30064.25,2244.0
2026-06-30 01:30:00,30066.25,30079.25,30014.0,30048.75,2735.0
2026-06-30 01:45:00,30048.75,30056.5,30015.0,30053.25,1356.0
2026-06-30 02:00:00,30054.5,30056.75,30000.5,30006.25,1235.0
2026-06-30 02:15:00,30008.25,30040.25,29977.5,30029.5,1533.0
2026-06-30 02:30:00,30028.25,30052.0,30016.75,30022.25,1189.0
2026-06-30 02:45:00,30023.25,30042.75,30016.75,30020.25,854.0
2026-06-30 03:00:00,30021.5,30045.25,30011.0,30032.5,832.0
2026-06-30 03:15:00,30033.25,30065.5,30033.25,30062.0,898.0
2026-06-30 03:30:00,30062.0,30129.5,30057.0,30117.25,2131.0
2026-06-30 03:45:00,30116.0,30130.75,30091.0,30103.0,1260.0
2026-06-30 04:00:00,30134.0,30142.25,30128.5,30138.25,1791.0
2026-06-30 04:15:00,30139.25,30170.0,30131.25,30169.25,1216.0
2026-06-30 04:30:00,30169.25,30202.75,30162.5,30201.5,1963.0
2026-06-30 04:45:00,30200.5,30209.5,30183.75,30186.5,1604.0
2026-06-30 05:00:00,30187.75,30217.0,30182.5,30194.0,1577.0
2026-06-30 05:15:00,30191.5,30195.5,30155.0,30160.75,1956.0
2026-06-30 05:30:00,30163.0,30164.5,30117.0,30145.75,2437.0
2026-06-30 05:45:00,30146.75,30170.25,30142.5,30167.0,1192.0
2026-06-30 06:00:00,30167.75,30173.25,30146.25,30151.25,1805.0
2026-06-30 06:15:00,30152.5,30154.0,30118.25,30144.5,1819.0
2026-06-30 06:30:00,30142.75,30148.5,30098.0,30106.75,1904.0
2026-06-30 06:45:00,30104.25,30134.0,30102.5,30132.5,1094.0
2026-06-30 07:00:00,30133.25,30151.25,30106.5,30112.0,1711.0
2026-06-30 07:15:00,30113.25,30134.75,30110.0,30117.0,845.0
2026-06-30 07:30:00,30117.5,30131.0,30103.0,30106.25,914.0
2026-06-30 07:45:00,30106.25,30106.75,30069.25,30081.25,1787.0
2026-06-30 08:00:00,30081.0,30127.75,30067.0,30089.0,2380.0
2026-06-30 08:15:00,30089.5,30127.25,30069.25,30125.75,1585.0
2026-06-30 08:30:00,30124.0,30135.0,30018.75,30046.5,2561.0
2026-06-30 08:45:00,30047.75,30073.75,30022.25,30069.25,1377.0
2026-06-30 09:00:00,30071.25,30083.25,30059.0,30075.25,1128.0
2026-06-30 09:15:00,30074.5,30088.0,30059.25,30059.25,1045.0
2026-06-30 09:30:00,30060.0,30079.25,30034.5,30072.0,1223.0
2026-06-30 09:45:00,30071.0,30093.75,30071.0,30082.5,1125.0
2026-06-30 10:00:00,30083.0,30103.0,30068.25,30101.75,1613.0
2026-06-30 10:15:00,30101.0,30118.25,30099.5,30116.25,1705.0
2026-06-30 10:30:00,30115.25,30117.0,30086.5,30101.25,1225.0
2026-06-30 10:45:00,30102.75,30151.5,30091.0,30139.75,2122.0
2026-06-30 11:00:00,30141.25,30170.0,30129.0,30164.5,2220.0
2026-06-30 11:15:00,30164.5,30168.5,30114.25,30134.25,2177.0
2026-06-30 11:30:00,30134.75,30155.5,30120.25,30149.25,1287.0
2026-06-30 11:45:00,30149.0,30175.5,30136.0,30137.0,2032.0
2026-06-30 12:00:00,30139.0,30142.75,30083.75,30090.0,3213.0
2026-06-30 12:15:00,30090.5,30096.0,30036.75,30039.5,3173.0
2026-06-30 12:30:00,30037.5,30059.5,30004.75,30048.5,3675.0
2026-06-30 12:45:00,30047.25,30054.25,30008.25,30013.5,2989.0
2026-06-30 13:00:00,30014.25,30045.75,30006.0,30029.5,3955.0
2026-06-30 13:15:00,30029.75,30052.25,29997.0,30047.5,6565.0
2026-06-30 13:30:00,30047.0,30264.0,30033.0,30215.75,38761.0
2026-06-30 13:45:00,30212.75,30366.75,30190.75,30366.75,25466.0
2026-06-30 14:00:00,30366.75,30393.75,30274.5,30354.5,24749.0
2026-06-30 14:15:00,30352.75,30424.5,30332.75,30410.25,17050.0
2026-06-30 14:30:00,30410.75,30442.5,30369.5,30411.75,16059.0
2026-06-30 14:45:00,30412.75,30412.75,30282.25,30305.25,17268.0
2026-06-30 15:00:00,30305.25,30410.0,30299.75,30401.5,13373.0
2026-06-30 15:15:00,30400.5,30416.0,30369.0,30410.75,8247.0
2026-06-30 15:30:00,30410.25,30433.5,30393.75,30415.5,9557.0
2026-06-30 15:45:00,30415.5,30482.0,30415.0,30459.75,12191.0
2026-06-30 16:00:00,30460.5,30496.0,30452.5,30487.75,8546.0
2026-06-30 16:15:00,30487.75,30509.0,30482.25,30494.25,8360.0
2026-06-30 16:30:00,30495.0,30514.0,30477.5,30511.75,6787.0
2026-06-30 16:45:00,30511.75,30546.5,30509.5,30528.0,9035.0
2026-06-30 17:00:00,30528.25,30562.75,30525.75,30535.0,7881.0
2026-06-30 17:15:00,30536.25,30554.25,30524.75,30530.0,8003.0
2026-06-30 17:30:00,30530.75,30545.25,30515.75,30543.25,6928.0
2026-06-30 17:45:00,30543.0,30545.75,30515.75,30524.5,5774.0
2026-06-30 18:00:00,30524.75,30540.25,30498.75,30525.5,6821.0
2026-06-30 18:15:00,30525.5,30549.0,30519.0,30533.75,5650.0
2026-06-30 18:30:00,30533.5,30557.75,30523.0,30554.0,5784.0
2026-06-30 18:45:00,30554.0,30575.25,30542.5,30554.5,8352.0
2026-06-30 19:00:00,30554.0,30593.0,30552.0,30591.5,7962.0
2026-06-30 19:15:00,30591.0,30599.75,30567.75,30575.0,8422.0
2026-06-30 19:30:00,30575.5,30583.5,30548.75,30577.25,10577.0
2026-06-30 19:45:00,30577.5,30594.0,30510.0,30514.0,35707.0
2026-06-30 20:00:00,30512.0,30543.0,30503.75,30505.75,14118.0
2026-06-30 20:15:00,30505.5,30513.25,30494.0,30504.25,4064.0
2026-06-30 20:30:00,30504.0,30510.5,30491.75,30496.0,1759.0
2026-06-30 20:45:00,30495.75,30503.0,30484.75,30500.75,1726.0
2026-06-30 22:00:00,30505.75,30528.5,30492.25,30516.25,923.0
2026-06-30 22:15:00,30515.0,30536.0,30514.5,30532.75,848.0
2026-06-30 22:30:00,30531.25,30531.5,30506.5,30517.0,1007.0
2026-06-30 22:45:00,30515.25,30516.25,30497.5,30510.0,869.0
2026-06-30 23:00:00,30511.5,30540.25,30509.75,30522.5,1262.0
2026-06-30 23:15:00,30523.5,30540.0,30517.5,30526.0,832.0
2026-06-30 23:30:00,30525.25,30543.5,30522.0,30528.5,830.0
2026-06-30 23:45:00,30529.5,30543.25,30516.25,30534.0,1068.0
2026-07-01 00:00:00,30535.25,30553.75,30514.75,30528.25,2945.0
2026-07-01 00:15:00,30531.0,30540.75,30507.0,30536.5,1977.0
2026-07-01 00:30:00,30536.75,30549.25,30527.5,30538.0,1357.0
2026-07-01 00:45:00,30539.75,30547.0,30523.75,30524.0,897.0
2026-07-01 01:00:00,30523.75,30530.25,30471.75,30497.25,2726.0
2026-07-01 01:15:00,30500.0,30506.75,30466.75,30486.0,2698.0
2026-07-01 01:30:00,30486.5,30504.0,30468.0,30474.75,1944.0
2026-07-01 01:45:00,30474.75,30483.0,30450.5,30453.5,1844.0
2026-07-01 02:00:00,30453.5,30456.25,30386.5,30392.75,2758.0
2026-07-01 02:15:00,30392.5,30423.0,30367.75,30421.0,2372.0
2026-07-01 02:30:00,30421.25,30446.0,30408.25,30440.0,1592.0
2026-07-01 02:45:00,30440.75,30442.5,30424.75,30438.5,827.0
2026-07-01 03:00:00,30438.5,30465.0,30432.75,30462.25,1158.0
2026-07-01 03:15:00,30461.75,30466.0,30429.5,30437.25,1268.0
2026-07-01 03:30:00,30439.5,30468.0,30431.75,30448.75,1127.0
2026-07-01 03:45:00,30450.25,30477.75,30449.75,30466.75,780.0
2026-07-01 04:00:00,30452.25,30454.5,30433.25,30437.0,1053.0
2026-07-01 04:15:00,30436.5,30456.0,30429.0,30451.0,997.0
2026-07-01 04:30:00,30452.25,30460.75,30432.75,30451.25,684.0
2026-07-01 04:45:00,30454.25,30474.5,30441.5,30443.5,882.0
2026-07-01 05:00:00,30445.75,30463.0,30435.5,30446.5,675.0
2026-07-01 05:15:00,30444.25,30450.75,30429.25,30436.75,867.0
2026-07-01 05:30:00,30436.0,30452.25,30422.25,30436.5,1007.0
2026-07-01 05:45:00,30435.5,30445.25,30424.0,30429.5,599.0
2026-07-01 06:00:00,30430.0,30444.0,30405.0,30408.25,2052.0
2026-07-01 06:15:00,30408.0,30416.5,30364.5,30395.0,2952.0
2026-07-01 06:30:00,30396.0,30410.0,30383.5,30407.25,1637.0
2026-07-01 06:45:00,30407.25,30419.75,30381.0,30391.5,1755.0
2026-07-01 07:00:00,30391.75,30394.75,30328.0,30334.25,3518.0
2026-07-01 07:15:00,30334.0,30358.5,30299.0,30350.0,3335.0
2026-07-01 07:30:00,30350.0,30369.25,30345.0,30356.0,1510.0
2026-07-01 07:45:00,30357.25,30383.75,30348.0,30374.0,1608.0
2026-07-01 08:00:00,30374.75,30376.75,30333.75,30358.5,2382.0
2026-07-01 08:15:00,30357.0,30367.25,30321.75,30333.25,1543.0
2026-07-01 08:30:00,30331.25,30366.25,30317.5,30359.0,1347.0
2026-07-01 08:45:00,30358.0,30378.0,30345.5,30377.0,768.0
2026-07-01 09:00:00,30376.25,30377.75,30338.75,30349.5,1181.0
2026-07-01 09:15:00,30349.25,30363.75,30344.0,30354.5,682.0
2026-07-01 09:30:00,30354.5,30365.0,30347.5,30359.0,359.0
2026-07-01 09:45:00,30359.25,30386.25,30359.0,30385.0,822.0
2026-07-01 10:00:00,30384.75,30389.75,30351.75,30361.25,1363.0
2026-07-01 10:15:00,30363.5,30397.5,30360.0,30395.0,1213.0
2026-07-01 10:30:00,30394.5,30401.0,30364.25,30387.25,1565.0
2026-07-01 10:45:00,30386.75,30414.5,30384.0,30407.75,1233.0
2026-07-01 11:00:00,30406.75,30435.25,30406.75,30413.0,1916.0
2026-07-01 11:15:00,30414.25,30419.75,30396.25,30398.75,1338.0
2026-07-01 11:30:00,30399.0,30402.0,30373.75,30396.75,1821.0
2026-07-01 11:45:00,30395.75,30396.75,30355.0,30362.75,1831.0
2026-07-01 12:00:00,30363.0,30373.75,30332.5,30358.25,2331.0
2026-07-01 12:15:00,30359.75,30387.75,30359.75,30369.5,2226.0
2026-07-01 12:30:00,30368.5,30395.0,30243.75,30271.5,12352.0
2026-07-01 12:45:00,30271.5,30287.25,30233.25,30268.75,8266.0
2026-07-01 13:00:00,30267.75,30307.0,30240.0,30254.25,6071.0
2026-07-01 13:15:00,30254.5,30314.5,30213.0,30235.5,9935.0
2026-07-01 13:30:00,30235.75,30260.0,30087.75,30141.25,49205.0
2026-07-01 13:45:00,30141.75,30285.0,30111.75,30283.75,27953.0
2026-07-01 14:00:00,30280.0,30327.25,30244.25,30287.5,20599.0
2026-07-01 14:15:00,30287.0,30314.75,30250.75,30284.75,14332.0
2026-07-01 14:30:00,30284.5,30289.25,30202.0,30203.25,19885.0
2026-07-01 14:45:00,30202.25,30242.25,30137.25,30192.25,20064.0
2026-07-01 15:00:00,30193.0,30271.0,30186.0,30261.75,16116.0
2026-07-01 15:15:00,30262.25,30346.0,30262.25,30343.25,14879.0
2026-07-01 15:30:00,30342.5,30356.5,30278.25,30291.25,12009.0
2026-07-01 15:45:00,30291.5,30296.5,30228.0,30254.75,11382.0
2026-07-01 16:00:00,30255.0,30278.25,30223.25,30242.25,8720.0
2026-07-01 16:15:00,30241.25,30284.25,30217.25,30245.75,7935.0
2026-07-01 16:30:00,30245.75,30263.0,30201.75,30223.75,7290.0
2026-07-01 16:45:00,30223.25,30241.5,30172.75,30190.25,8744.0
2026-07-01 17:00:00,30190.0,30217.5,30152.25,30198.0,9774.0
2026-07-01 17:15:00,30197.5,30240.5,30188.25,30210.0,7262.0
2026-07-01 17:30:00,30209.25,30223.5,30184.5,30188.25,6226.0
2026-07-01 17:45:00,30189.25,30207.5,30157.5,30163.75,7154.0
2026-07-01 18:00:00,30164.25,30190.0,30153.5,30155.5,6344.0
2026-07-01 18:15:00,30155.5,30182.25,30137.75,30159.5,7177.0
2026-07-01 18:30:00,30158.75,30174.75,30132.5,30145.25,6426.0
2026-07-01 18:45:00,30145.25,30145.5,30099.0,30132.75,9307.0
2026-07-01 19:00:00,30132.75,30217.0,30127.25,30186.75,10947.0
2026-07-01 19:15:00,30187.25,30210.75,30168.0,30190.0,7690.0
2026-07-01 19:30:00,30190.0,30231.5,30134.25,30143.25,10746.0
2026-07-01 19:45:00,30143.5,30161.75,30054.0,30080.25,29796.0
2026-07-01 20:00:00,30080.25,30086.25,30008.5,30060.75,16920.0
2026-07-01 20:15:00,30060.25,30065.25,30026.25,30052.5,3276.0
2026-07-01 20:30:00,30052.5,30057.75,30020.5,30051.75,2473.0
2026-07-01 20:45:00,30052.75,30075.0,30041.5,30064.25,1783.0
2026-07-01 22:00:00,30089.75,30109.75,30052.25,30052.25,904.0
2026-07-01 22:15:00,30054.5,30102.5,30051.5,30094.75,1300.0
2026-07-01 22:30:00,30095.0,30113.0,30091.75,30102.75,1151.0
2026-07-01 22:45:00,30104.75,30118.0,30081.25,30107.25,1131.0
2026-07-01 23:00:00,30108.25,30111.0,30060.75,30063.5,1367.0
2026-07-01 23:15:00,30063.0,30069.0,30054.0,30067.25,1011.0
2026-07-01 23:30:00,30068.75,30075.25,30041.5,30071.75,1236.0
2026-07-01 23:45:00,30073.75,30073.75,30010.25,30042.75,1823.0
2026-07-02 00:00:00,30046.0,30046.0,29952.5,29998.75,4265.0
2026-07-02 00:15:00,30002.0,30068.0,29975.75,30062.5,2370.0
2026-07-02 00:30:00,30063.25,30080.75,30011.0,30013.0,2080.0
2026-07-02 00:45:00,30012.25,30117.25,30006.5,30110.25,2592.0
2026-07-02 01:00:00,30110.5,30191.0,30098.0,30186.75,2835.0
2026-07-02 01:15:00,30186.5,30205.25,30166.25,30194.25,1962.0
2026-07-02 01:30:00,30195.25,30229.0,30189.25,30215.0,1865.0
2026-07-02 01:45:00,30214.0,30226.75,30197.0,30203.75,1246.0
2026-07-02 02:00:00,30203.75,30230.25,30190.0,30228.5,1510.0
2026-07-02 02:15:00,30230.0,30239.5,30185.5,30191.0,1524.0
2026-07-02 02:30:00,30193.25,30218.0,30180.75,30208.25,1346.0
2026-07-02 02:45:00,30209.25,30230.0,30191.25,30207.5,1334.0
2026-07-02 03:00:00,30208.25,30212.75,30158.25,30178.0,1372.0
2026-07-02 03:15:00,30177.75,30185.0,30134.5,30151.0,1336.0
2026-07-02 03:30:00,30151.25,30197.0,30145.0,30158.0,1590.0
2026-07-02 03:45:00,30157.75,30185.0,30138.25,30171.25,1083.0
2026-07-02 04:00:00,30155.5,30157.0,30127.25,30127.5,1045.0
2026-07-02 04:15:00,30127.5,30141.75,30102.75,30135.5,1276.0
2026-07-02 04:30:00,30134.5,30135.75,30064.25,30068.75,1707.0
2026-07-02 04:45:00,30066.0,30122.25,30050.0,30111.25,1671.0
2026-07-02 05:00:00,30114.0,30154.25,30094.25,30145.5,1691.0
2026-07-02 05:15:00,30145.5,30159.75,30112.75,30115.5,1320.0
2026-07-02 05:30:00,30115.75,30116.75,30047.0,30053.5,2197.0
2026-07-02 05:45:00,30053.75,30073.0,30037.25,30051.0,1756.0
2026-07-02 06:00:00,30052.0,30066.0,29954.5,29954.5,2986.0
2026-07-02 06:15:00,29954.0,29995.0,29947.0,29952.75,2429.0
2026-07-02 06:30:00,29953.75,30007.5,29953.75,29971.75,1604.0
2026-07-02 06:45:00,29975.0,29978.0,29895.0,29919.75,3875.0
2026-07-02 07:00:00,29921.25,29937.5,29832.25,29833.0,3603.0
2026-07-02 07:15:00,29836.75,29872.75,29826.25,29863.75,2460.0
2026-07-02 07:30:00,29866.0,29943.5,29858.75,29939.5,2740.0
2026-07-02 07:45:00,29939.75,29944.5,29884.5,29891.25,1888.0
2026-07-02 08:00:00,29893.5,29927.0,29827.25,29841.0,2702.0
2026-07-02 08:15:00,29844.25,29941.75,29839.25,29926.25,1774.0
2026-07-02 08:30:00,29924.5,30014.5,29916.25,29980.75,3189.0
2026-07-02 08:45:00,29982.0,30038.25,29970.25,30033.0,2065.0
2026-07-02 09:00:00,30032.75,30033.5,29961.0,29984.0,1852.0
2026-07-02 09:15:00,29984.5,29987.25,29943.5,29983.25,1705.0
2026-07-02 09:30:00,29982.5,30015.0,29978.0,29998.75,1776.0
2026-07-02 09:45:00,29998.25,29998.25,29952.0,29957.75,1062.0
2026-07-02 10:00:00,29959.5,29959.75,29920.0,29934.5,1628.0
2026-07-02 10:15:00,29932.0,29961.25,29924.25,29948.0,1001.0
2026-07-02 10:30:00,29948.0,30005.5,29948.0,29978.5,2139.0
2026-07-02 10:45:00,29979.25,30008.5,29972.0,30005.75,1103.0
2026-07-02 11:00:00,30005.25,30021.5,29967.5,30007.0,2735.0
2026-07-02 11:15:00,30005.75,30014.0,29967.0,30005.75,1624.0
2026-07-02 11:30:00,30006.0,30064.75,29990.75,30057.5,2477.0
2026-07-02 11:45:00,30058.0,30079.0,30034.0,30034.25,2808.0
2026-07-02 12:00:00,30035.25,30140.75,30022.25,30131.25,3467.0
2026-07-02 12:15:00,30131.75,30190.25,30127.25,30182.75,3764.0
2026-07-02 12:30:00,30183.0,30320.0,30175.0,30241.5,12731.0
2026-07-02 12:45:00,30242.5,30265.25,30155.0,30182.75,6589.0
2026-07-02 13:00:00,30185.0,30215.0,30118.0,30142.0,7474.0
2026-07-02 13:15:00,30141.5,30184.0,30073.5,30074.5,7533.0
2026-07-02 13:30:00,30075.75,30188.75,30007.75,30124.25,38223.0
2026-07-02 13:45:00,30127.0,30263.0,30102.0,30257.5,24266.0
2026-07-02 14:00:00,30257.75,30293.5,30131.5,30215.5,21079.0
2026-07-02 14:15:00,30216.25,30226.5,29910.75,29935.0,30111.0
2026-07-02 14:30:00,29935.0,30006.25,29777.0,29809.5,33599.0
2026-07-02 14:45:00,29810.0,29868.25,29730.75,29840.25,23693.0
2026-07-02 15:00:00,29840.25,29852.0,29629.0,29716.5,23111.0
2026-07-02 15:15:00,29718.75,29748.25,29610.75,29672.5,19649.0
2026-07-02 15:30:00,29671.0,29817.25,29667.75,29711.75,15816.0
2026-07-02 15:45:00,29710.0,29747.75,29636.25,29676.0,14108.0
2026-07-02 16:00:00,29676.75,29688.25,29585.0,29646.75,15345.0
2026-07-02 16:15:00,29649.25,29653.25,29548.0,29558.75,13279.0
2026-07-02 16:30:00,29559.0,29563.25,29453.25,29539.0,20093.0
2026-07-02 16:45:00,29537.0,29542.5,29434.0,29462.25,13071.0
2026-07-02 17:00:00,29461.0,29482.5,29387.5,29454.0,16004.0
2026-07-02 17:15:00,29453.75,29482.75,29421.75,29447.5,9916.0
2026-07-02 17:30:00,29447.75,29473.25,29355.75,29404.75,11787.0
2026-07-02 17:45:00,29405.5,29408.5,29328.5,29338.5,10452.0
2026-07-02 18:00:00,29339.5,29503.25,29330.5,29459.25,15323.0
2026-07-02 18:15:00,29460.75,29489.25,29409.75,29488.0,10680.0
2026-07-02 18:30:00,29487.75,29525.0,29464.25,29481.0,9729.0
2026-07-02 18:45:00,29480.75,29528.0,29439.25,29489.0,11262.0
2026-07-02 19:00:00,29488.75,29503.25,29381.5,29413.0,12087.0
2026-07-02 19:15:00,29412.5,29445.0,29349.5,29421.75,10078.0
2026-07-02 19:30:00,29422.5,29475.5,29412.0,29454.25,11153.0
2026-07-02 19:45:00,29454.5,29588.0,29432.0,29539.5,29602.0
2026-07-02 20:00:00,29539.25,29553.0,29514.0,29545.5,11820.0
2026-07-02 20:15:00,29546.25,29561.75,29533.0,29548.0,3317.0
2026-07-02 20:30:00,29549.5,29564.75,29537.75,29541.75,2018.0
2026-07-02 20:45:00,29542.25,29558.75,29536.25,29551.75,1841.0
2026-07-02 22:00:00,29566.0,29591.5,29559.25,29580.25,564.0
2026-07-02 22:15:00,29581.0,29598.0,29576.75,29578.5,767.0
2026-07-02 22:30:00,29578.25,29621.5,29568.0,29620.5,1196.0
2026-07-02 22:45:00,29620.5,29622.25,29609.5,29618.75,444.0
2026-07-02 23:00:00,29615.75,29617.25,29553.75,29558.5,1377.0
2026-07-02 23:15:00,29560.5,29608.0,29552.0,29602.0,1516.0
2026-07-02 23:30:00,29600.0,29618.75,29571.25,29571.25,1189.0
2026-07-02 23:45:00,29573.0,29610.5,29565.5,29600.5,855.0
2026-07-03 00:00:00,29598.75,29638.75,29541.0,29617.0,2575.0
2026-07-03 00:15:00,29615.0,29621.25,29558.0,29561.5,1442.0
2026-07-03 00:30:00,29561.25,29601.5,29534.0,29554.5,1463.0
2026-07-03 00:45:00,29552.75,29572.25,29522.0,29536.5,1220.0
2026-07-03 01:00:00,29539.5,29697.5,29535.25,29673.0,2968.0
2026-07-03 01:15:00,29673.5,29680.5,29646.5,29655.0,1108.0
2026-07-03 01:30:00,29655.0,29683.25,29643.25,29675.0,1124.0
2026-07-03 01:45:00,29675.75,29699.5,29659.75,29682.5,1640.0
2026-07-03 02:00:00,29684.75,29716.5,29680.5,29695.0,1207.0
2026-07-03 02:15:00,29695.5,29732.0,29693.5,29729.75,903.0
2026-07-03 02:30:00,29728.0,29732.0,29706.25,29723.75,880.0
2026-07-03 02:45:00,29725.5,29755.75,29724.75,29750.75,1059.0
2026-07-03 03:00:00,29749.75,29755.25,29730.75,29746.25,920.0
2026-07-03 03:15:00,29746.75,29761.75,29742.0,29761.0,574.0
2026-07-03 03:30:00,29760.75,29775.25,29720.0,29723.0,1148.0
2026-07-03 03:45:00,29722.5,29769.75,29717.75,29768.0,988.0
2026-07-05 22:00:00,29930.25,29979.5,29860.75,29901.5,3411.0
2026-07-05 22:15:00,29899.5,29948.75,29890.0,29936.0,2022.0
2026-07-05 22:30:00,29936.75,29973.25,29901.75,29971.0,1832.0
2026-07-05 22:45:00,29969.75,29979.0,29901.75,29946.0,1391.0
2026-07-05 23:00:00,29946.5,30008.25,29901.75,29990.25,2635.0
2026-07-05 23:15:00,29988.0,30003.75,29901.75,29985.25,1088.0
2026-07-05 23:30:00,29983.5,30011.25,29901.75,29976.0,1360.0
2026-07-05 23:45:00,29974.5,30005.75,29963.75,29983.75,1621.0
2026-07-06 00:00:00,29987.75,29988.75,29900.0,29982.75,3493.0
2026-07-06 00:15:00,29982.5,30004.75,29879.75,29882.75,2766.0
2026-07-06 00:30:00,29882.25,29944.5,29845.0,29933.75,3177.0
2026-07-06 00:45:00,29937.5,29969.75,29901.75,29928.25,2218.0
2026-07-06 01:00:00,29926.5,29932.0,29867.25,29880.0,2437.0
2026-07-06 01:15:00,29879.75,29901.75,29773.75,29814.25,3737.0
2026-07-06 01:30:00,29813.25,29901.75,29807.0,29817.25,2115.0
2026-07-06 01:45:00,29816.25,29901.75,29750.0,29792.75,3072.0
2026-07-06 02:00:00,29793.25,29901.75,29754.5,29759.5,2811.0
2026-07-06 02:15:00,29761.25,29791.75,29735.0,29736.25,2673.0
2026-07-06 02:30:00,29737.0,29901.75,29693.5,29699.25,2497.0
2026-07-06 02:45:00,29700.5,29901.75,29683.0,29725.25,2072.0
2026-07-06 03:00:00,29726.5,29901.75,29716.75,29771.0,2506.0
2026-07-06 03:15:00,29772.0,29901.75,29748.0,29788.0,1371.0
2026-07-06 03:30:00,29789.5,29806.5,29738.0,29740.5,2177.0
2026-07-06 03:45:00,29740.25,29901.75,29693.25,29718.75,2378.0
2026-07-06 04:00:00,29730.25,29778.0,29703.0,29774.75,2169.0
2026-07-06 04:15:00,29771.5,29801.0,29769.0,29794.75,1474.0
2026-07-06 04:30:00,29795.5,29836.0,29788.5,29828.5,1453.0
2026-07-06 04:45:00,29826.75,29840.5,29813.0,29828.25,977.0
2026-07-06 05:00:00,29829.5,29830.5,29792.75,29807.25,985.0
2026-07-06 05:15:00,29809.25,29818.5,29767.75,29769.5,1044.0
2026-07-06 05:30:00,29770.0,29799.0,29752.5,29788.25,1195.0
2026-07-06 05:45:00,29789.5,29801.5,29766.25,29790.5,805.0
2026-07-06 06:00:00,29791.5,29807.5,29754.75,29759.75,1089.0
2026-07-06 06:15:00,29760.75,29797.0,29755.25,29790.5,871.0
2026-07-06 06:30:00,29789.0,29858.25,29784.5,29854.5,2167.0
2026-07-06 06:45:00,29855.0,29855.5,29832.5,29847.25,1030.0
2026-07-06 07:00:00,29846.25,29862.75,29829.75,29848.0,1206.0
2026-07-06 07:15:00,29850.5,29863.75,29817.75,29820.25,924.0
2026-07-06 07:30:00,29822.0,29876.25,29816.25,29872.75,846.0
2026-07-06 07:45:00,29870.5,29875.25,29851.25,29852.5,606.0
2026-07-06 08:00:00,29852.75,29884.0,29803.5,29821.75,1864.0
2026-07-06 08:15:00,29824.25,29833.25,29780.0,29833.25,1140.0
2026-07-06 08:30:00,29831.0,29853.0,29807.75,29843.25,939.0
2026-07-06 08:45:00,29845.75,29870.75,29838.5,29867.0,725.0
2026-07-06 09:00:00,29869.75,29875.0,29844.0,29853.75,952.0
2026-07-06 09:15:00,29853.75,29869.75,29850.0,29863.5,606.0
2026-07-06 09:30:00,29864.75,29867.0,29839.0,29849.75,591.0
2026-07-06 09:45:00,29849.75,29888.5,29827.5,29877.0,1293.0
2026-07-06 10:00:00,29878.0,29891.5,29852.25,29878.5,998.0
2026-07-06 10:15:00,29878.5,29884.75,29860.75,29864.75,628.0
2026-07-06 10:30:00,29864.0,29885.0,29854.25,29857.0,721.0
2026-07-06 10:45:00,29856.0,29884.5,29847.25,29884.5,744.0
2026-07-06 11:00:00,29884.25,29896.0,29841.75,29857.75,1437.0
2026-07-06 11:15:00,29858.25,29891.75,29854.75,29880.75,1223.0
2026-07-06 11:30:00,29879.5,29897.5,29871.0,29882.75,1246.0
2026-07-06 11:45:00,29883.25,29915.0,29876.25,29877.75,1939.0
2026-07-06 12:00:00,29879.0,29936.0,29865.5,29931.5,2934.0
2026-07-06 12:15:00,29932.25,29936.0,29876.25,29893.25,2502.0
2026-07-06 12:30:00,29893.5,29924.5,29886.75,29900.5,2170.0
2026-07-06 12:45:00,29900.5,29935.0,29898.75,29934.0,1673.0
2026-07-06 13:00:00,29934.75,29938.0,29855.25,29858.0,3909.0
2026-07-06 13:15:00,29859.25,29865.0,29820.25,29834.75,6326.0
2026-07-06 13:30:00,29835.75,29939.25,29776.25,29921.5,32735.0
2026-07-06 13:45:00,29917.0,30009.0,29896.0,29932.5,26464.0
2026-07-06 14:00:00,29935.5,30027.75,29903.25,30021.75,19540.0
2026-07-06 14:15:00,30021.75,30042.5,29986.75,30012.75,15550.0
2026-07-06 14:30:00,30013.25,30057.25,29988.0,30037.75,14289.0
2026-07-06 14:45:00,30037.5,30067.5,29986.75,30025.25,13110.0
2026-07-06 15:00:00,30025.75,30044.0,29959.0,29984.0,12381.0
2026-07-06 15:15:00,29984.0,30062.75,29941.25,30061.0,13321.0
2026-07-06 15:30:00,30061.0,30079.0,30031.5,30070.0,11291.0
2026-07-06 15:45:00,30070.25,30083.75,30049.25,30074.25,7667.0
2026-07-06 16:00:00,30074.0,30094.0,30053.5,30070.5,7864.0
2026-07-06 16:15:00,30071.25,30078.25,30024.75,30032.25,7588.0
2026-07-06 16:30:00,30033.75,30044.25,30002.75,30016.5,8007.0
2026-07-06 16:45:00,30017.25,30038.5,29981.0,29990.0,8042.0
2026-07-06 17:00:00,29989.0,30036.75,29975.25,30019.0,8162.0
2026-07-06 17:15:00,30019.25,30032.0,29948.0,29954.75,8748.0
2026-07-06 17:30:00,29955.5,29960.5,29882.25,29904.75,12975.0
2026-07-06 17:45:00,29904.5,29936.0,29882.75,29896.75,9596.0
2026-07-06 18:00:00,29896.25,29967.5,29895.5,29949.25,9978.0
2026-07-06 18:15:00,29950.0,30000.0,29950.0,29971.75,8904.0
2026-07-06 18:30:00,29971.75,29984.25,29948.5,29978.0,7201.0
2026-07-06 18:45:00,29978.0,30004.0,29973.75,29990.0,6054.0
2026-07-06 19:00:00,29990.75,30025.0,29980.75,30011.25,7610.0
2026-07-06 19:15:00,30011.5,30052.0,30004.5,30035.5,7641.0
2026-07-06 19:30:00,30035.75,30038.0,29996.25,30024.0,9654.0
2026-07-06 19:45:00,30023.75,30036.25,29931.5,29951.0,26268.0
2026-07-06 20:00:00,29950.75,29972.75,29933.0,29964.0,9052.0
2026-07-06 20:15:00,29963.25,29970.0,29950.5,29959.5,2005.0
2026-07-06 20:30:00,29960.0,29965.5,29952.5,29955.75,1332.0
2026-07-06 20:45:00,29955.25,29959.25,29931.25,29947.75,1868.0
2026-07-06 22:00:00,29960.0,29970.0,29940.25,29964.25,849.0
2026-07-06 22:15:00,29966.5,29973.75,29950.75,29951.75,839.0
2026-07-06 22:30:00,29951.25,29970.0,29942.75,29950.0,1143.0
2026-07-06 22:45:00,29949.75,29950.25,29889.0,29894.75,1878.0
2026-07-06 23:00:00,29893.5,29928.75,29891.75,29907.0,1199.0
2026-07-06 23:15:00,29906.0,29906.5,29872.75,29898.25,1525.0
2026-07-06 23:30:00,29897.75,29906.0,29864.75,29874.75,1394.0
2026-07-06 23:45:00,29874.75,29875.5,29839.25,29852.25,2309.0
2026-07-07 00:00:00,29851.0,29881.0,29825.75,29826.5,2434.0
2026-07-07 00:15:00,29829.0,29914.25,29816.25,29878.75,3259.0
2026-07-07 00:30:00,29879.5,29886.75,29808.25,29831.75,2666.0
2026-07-07 00:45:00,29831.25,29856.75,29808.25,29816.75,2138.0
2026-07-07 01:00:00,29819.75,29835.75,29800.0,29802.5,1950.0
2026-07-07 01:15:00,29805.75,29814.25,29726.5,29740.0,3282.0
2026-07-07 01:30:00,29739.25,29789.75,29716.5,29788.5,2782.0
2026-07-07 01:45:00,29789.25,29822.0,29768.5,29773.0,2167.0
2026-07-07 02:00:00,29774.25,29816.5,29767.25,29806.5,1457.0
2026-07-07 02:15:00,29806.25,29819.25,29769.75,29772.75,1228.0
2026-07-07 02:30:00,29771.5,29780.25,29738.75,29779.5,1963.0
2026-07-07 02:45:00,29780.0,29780.0,29744.25,29748.0,1531.0
2026-07-07 03:00:00,29748.0,29784.75,29741.5,29758.0,1342.0
2026-07-07 03:15:00,29757.5,29761.0,29680.0,29684.25,3631.0
2026-07-07 03:30:00,29685.25,29709.0,29662.0,29664.75,2727.0
2026-07-07 03:45:00,29663.75,29664.25,29628.25,29661.75,2696.0
2026-07-07 04:00:00,29666.25,29669.75,29638.0,29638.5,2118.0
2026-07-07 04:15:00,29639.0,29646.25,29616.0,29639.0,1471.0
2026-07-07 04:30:00,29640.0,29656.75,29621.5,29633.75,1260.0
2026-07-07 04:45:00,29633.75,29639.5,29607.5,29625.5,1188.0
2026-07-07 05:00:00,29626.25,29627.0,29585.25,29587.5,1460.0
2026-07-07 05:15:00,29585.5,29607.5,29558.5,29590.0,2480.0
2026-07-07 05:30:00,29591.75,29665.0,29591.75,29660.75,2571.0
2026-07-07 05:45:00,29659.5,29704.5,29646.0,29689.75,2301.0
2026-07-07 06:00:00,29688.75,29701.25,29631.25,29641.5,2075.0
2026-07-07 06:15:00,29643.0,29674.0,29641.5,29663.0,1578.0
2026-07-07 06:30:00,29662.0,29684.0,29647.0,29684.0,1385.0
2026-07-07 06:45:00,29683.5,29693.25,29663.25,29688.75,1144.0
2026-07-07 07:00:00,29689.0,29724.0,29667.75,29718.0,2772.0
2026-07-07 07:15:00,29717.5,29744.0,29711.75,29717.0,2057.0
2026-07-07 07:30:00,29715.5,29723.0,29693.0,29693.25,1130.0
2026-07-07 07:45:00,29693.25,29700.0,29644.0,29645.5,2306.0
2026-07-07 08:00:00,29646.75,29695.75,29641.25,29687.75,2186.0
2026-07-07 08:15:00,29687.75,29709.25,29682.0,29691.75,1240.0
2026-07-07 08:30:00,29692.25,29705.0,29671.75,29682.5,1069.0
2026-07-07 08:45:00,29683.0,29696.25,29658.5,29660.25,995.0
2026-07-07 09:00:00,29660.75,29690.5,29642.5,29687.0,1649.0
2026-07-07 09:15:00,29688.25,29693.5,29655.25,29655.5,569.0
2026-07-07 09:30:00,29658.25,29660.75,29628.25,29650.0,2279.0
2026-07-07 09:45:00,29649.75,29665.5,29622.5,29662.25,1033.0
2026-07-07 10:00:00,29663.25,29689.5,29639.5,29647.75,3327.0
2026-07-07 10:15:00,29649.0,29689.25,29646.5,29673.5,2912.0
2026-07-07 10:30:00,29673.25,29673.5,29643.75,29647.0,1290.0
2026-07-07 10:45:00,29648.25,29659.25,29625.25,29659.25,1494.0
2026-07-07 11:00:00,29660.5,29661.75,29602.5,29614.25,2070.0
2026-07-07 11:15:00,29613.0,29651.25,29612.0,29632.0,1289.0
2026-07-07 11:30:00,29632.5,29632.5,29591.25,29623.0,1841.0
2026-07-07 11:45:00,29621.25,29645.75,29601.0,29642.5,1769.0
2026-07-07 12:00:00,29640.75,29716.0,29639.25,29704.0,4414.0
2026-07-07 12:15:00,29702.75,29705.75,29658.5,29688.0,2218.0
2026-07-07 12:30:00,29686.5,29708.0,29664.0,29686.5,2094.0
2026-07-07 12:45:00,29685.25,29687.5,29622.0,29642.25,3408.0
2026-07-07 13:00:00,29642.25,29655.75,29610.5,29641.5,4565.0
2026-07-07 13:15:00,29641.25,29652.75,29580.0,29592.25,6363.0
2026-07-07 13:30:00,29593.0,29685.75,29491.25,29595.0,44874.0
2026-07-07 13:45:00,29594.0,29596.75,29420.25,29469.0,31501.0
2026-07-07 14:00:00,29468.75,29505.75,29332.0,29343.0,30054.0
2026-07-07 14:15:00,29342.0,29378.25,29259.75,29303.25,27489.0
2026-07-07 14:30:00,29303.5,29327.75,29210.0,29239.75,22044.0
2026-07-07 14:45:00,29239.5,29325.75,29232.5,29302.5,20335.0
2026-07-07 15:00:00,29302.25,29358.0,29271.25,29318.25,15934.0
2026-07-07 15:15:00,29317.0,29322.5,29271.75,29314.0,12556.0
2026-07-07 15:30:00,29315.0,29330.0,29248.25,29329.0,12341.0
2026-07-07 15:45:00,29329.25,29389.25,29325.25,29386.75,13286.0
2026-07-07 16:00:00,29388.0,29473.75,29377.0,29466.25,15736.0
2026-07-07 16:15:00,29467.25,29548.0,29450.5,29532.0,17039.0
2026-07-07 16:30:00,29532.25,29558.25,29486.25,29527.75,13296.0
2026-07-07 16:45:00,29527.25,29557.75,29502.5,29540.0,10114.0
2026-07-07 17:00:00,29539.5,29580.75,29530.0,29534.5,11514.0
2026-07-07 17:15:00,29533.25,29573.5,29510.0,29533.75,9196.0
2026-07-07 17:30:00,29533.5,29570.0,29532.5,29561.75,7816.0
2026-07-07 17:45:00,29561.25,29568.0,29528.25,29567.25,6683.0
2026-07-07 18:00:00,29567.5,29574.25,29531.25,29547.25,7274.0
2026-07-07 18:15:00,29547.5,29561.0,29509.75,29517.0,7320.0
2026-07-07 18:30:00,29517.5,29531.5,29452.75,29472.75,10730.0
2026-07-07 18:45:00,29472.25,29485.0,29385.25,29391.0,14681.0
2026-07-07 19:00:00,29390.25,29410.0,29318.5,29334.75,13824.0
2026-07-07 19:15:00,29334.5,29335.75,29271.0,29321.25,13658.0
2026-07-07 19:30:00,29320.75,29371.75,29303.75,29310.0,13241.0
2026-07-07 19:45:00,29309.75,29400.0,29306.5,29395.5,24753.0
2026-07-07 20:00:00,29395.75,29437.25,29387.75,29417.25,11672.0
2026-07-07 20:15:00,29417.75,29423.75,29393.25,29415.75,2853.0
2026-07-07 20:30:00,29416.0,29424.75,29413.75,29416.25,1214.0
2026-07-07 20:45:00,29416.0,29423.25,29412.5,29419.5,1440.0
2026-07-07 22:00:00,29373.75,29375.75,29319.5,29374.25,1005.0
2026-07-07 22:15:00,29376.25,29388.0,29364.5,29372.75,1110.0
2026-07-07 22:30:00,29374.0,29400.0,29363.75,29383.25,1336.0
2026-07-07 22:45:00,29384.25,29395.0,29371.75,29386.75,422.0
2026-07-07 23:00:00,29391.5,29395.0,29356.0,29376.0,1943.0
2026-07-07 23:15:00,29376.75,29406.0,29373.75,29396.25,1049.0
2026-07-07 23:30:00,29396.25,29407.0,29339.0,29343.75,1621.0
2026-07-07 23:45:00,29345.5,29359.75,29292.5,29300.5,2071.0
2026-07-08 00:00:00,29300.0,29426.5,29266.0,29414.5,5372.0
2026-07-08 00:15:00,29417.75,29477.5,29391.25,29454.5,4167.0
2026-07-08 00:30:00,29452.75,29515.75,29407.25,29515.25,3879.0
2026-07-08 00:45:00,29517.0,29547.0,29512.0,29543.5,2997.0
2026-07-08 01:00:00,29543.75,29558.75,29495.0,29550.0,3168.0
2026-07-08 01:15:00,29554.75,29554.75,29481.5,29485.25,2526.0
2026-07-08 01:30:00,29489.0,29495.25,29427.0,29457.75,3058.0
2026-07-08 01:45:00,29459.75,29485.25,29427.5,29438.0,1824.0
2026-07-08 02:00:00,29437.75,29443.25,29388.0,29397.5,2395.0
2026-07-08 02:15:00,29397.25,29458.75,29391.5,29421.5,2160.0
2026-07-08 02:30:00,29422.25,29456.75,29399.75,29456.25,1639.0
2026-07-08 02:45:00,29457.0,29475.0,29445.25,29461.25,1296.0
2026-07-08 03:00:00,29461.5,29496.0,29461.25,29487.5,1389.0
2026-07-08 03:15:00,29488.5,29519.75,29475.5,29517.5,1446.0
2026-07-08 03:30:00,29517.25,29532.25,29481.25,29487.5,1667.0
2026-07-08 03:45:00,29487.5,29493.25,29466.25,29470.75,860.0
2026-07-08 04:00:00,29465.25,29470.0,29433.25,29442.75,1474.0
2026-07-08 04:15:00,29443.75,29464.0,29428.0,29442.5,1798.0
2026-07-08 04:30:00,29442.75,29446.0,29391.25,29413.75,1807.0
2026-07-08 04:45:00,29408.0,29422.5,29376.75,29415.0,1774.0
2026-07-08 05:00:00,29417.0,29447.25,29399.25,29407.5,1308.0
2026-07-08 05:15:00,29409.0,29432.0,29378.75,29384.5,1128.0
2026-07-08 05:30:00,29384.0,29385.75,29345.75,29353.0,2226.0
2026-07-08 05:45:00,29351.75,29363.0,29311.75,29347.5,2221.0
2026-07-08 06:00:00,29346.75,29363.5,29329.5,29345.0,2216.0
2026-07-08 06:15:00,29343.25,29358.75,29320.25,29324.75,1864.0
2026-07-08 06:30:00,29320.25,29332.75,29285.0,29289.75,1920.0
2026-07-08 06:45:00,29288.25,29352.5,29282.25,29329.25,1703.0
2026-07-08 07:00:00,29329.25,29335.25,29281.75,29302.5,2158.0
2026-07-08 07:15:00,29303.0,29355.0,29281.0,29353.0,2123.0
2026-07-08 07:30:00,29351.0,29394.75,29346.25,29394.75,2478.0
2026-07-08 07:45:00,29395.0,29404.25,29369.0,29381.0,1555.0
2026-07-08 08:00:00,29383.0,29413.0,29341.25,29411.25,2101.0
2026-07-08 08:15:00,29409.25,29414.75,29063.5,29079.75,10292.0
2026-07-08 08:30:00,29080.0,29103.5,28957.25,29019.5,8822.0
2026-07-08 08:45:00,29021.75,29099.0,29002.0,29009.5,5575.0
2026-07-08 09:00:00,29010.75,29034.0,28912.75,28914.75,5901.0
2026-07-08 09:15:00,28914.75,28971.25,28909.75,28961.25,3123.0
2026-07-08 09:30:00,28959.25,29011.0,28954.5,28987.25,3150.0
2026-07-08 09:45:00,28988.25,29004.5,28947.25,28957.75,2080.0
2026-07-08 10:00:00,28960.75,28986.5,28922.75,28958.25,2681.0
2026-07-08 10:15:00,28958.75,29021.75,28948.0,29020.25,2215.0
2026-07-08 10:30:00,29018.0,29055.0,28996.0,29049.5,3003.0
2026-07-08 10:45:00,29047.5,29063.0,29010.5,29018.75,1789.0
2026-07-08 11:00:00,29020.75,29028.5,28977.0,29003.0,3195.0
2026-07-08 11:15:00,29003.25,29012.75,28975.5,28987.25,1354.0
2026-07-08 11:30:00,28984.75,29124.75,28973.0,29085.25,4288.0
2026-07-08 11:45:00,29084.25,29114.75,29053.0,29089.25,3816.0
2026-07-08 12:00:00,29088.0,29184.25,29054.25,29149.5,5633.0
2026-07-08 12:15:00,29150.75,29180.0,29124.75,29177.25,2692.0
2026-07-08 12:30:00,29176.75,29192.25,29145.75,29184.25,3264.0
2026-07-08 12:45:00,29183.5,29239.5,29151.75,29155.0,5504.0
2026-07-08 13:00:00,29154.75,29221.75,29148.0,29212.5,5052.0
2026-07-08 13:15:00,29212.0,29230.0,29154.0,29202.25,8062.0
2026-07-08 13:30:00,29202.75,29385.0,29201.0,29347.75,37015.0
2026-07-08 13:45:00,29349.5,29399.0,29287.75,29367.5,22552.0
2026-07-08 14:00:00,29366.25,29389.25,29245.75,29271.25,19378.0
2026-07-08 14:15:00,29271.75,29373.0,29235.25,29292.5,19064.0
2026-07-08 14:30:00,29292.75,29335.25,29209.25,29252.5,18095.0
2026-07-08 14:45:00,29252.25,29297.5,29151.0,29210.25,20832.0
2026-07-08 15:00:00,29212.0,29224.25,29131.0,29136.75,11922.0
2026-07-08 15:15:00,29138.25,29161.75,29034.5,29057.75,17189.0
2026-07-08 15:30:00,29058.0,29153.0,29034.0,29114.0,15032.0
2026-07-08 15:45:00,29113.75,29131.0,29051.25,29096.25,10851.0
2026-07-08 16:00:00,29097.25,29222.25,29092.75,29214.5,13040.0
2026-07-08 16:15:00,29216.0,29303.25,29194.5,29277.0,14005.0
2026-07-08 16:30:00,29275.5,29350.0,29245.5,29331.0,16225.0
2026-07-08 16:45:00,29331.5,29377.0,29309.75,29373.25,9914.0
2026-07-08 17:00:00,29372.25,29389.75,29335.5,29336.25,9574.0
2026-07-08 17:15:00,29336.75,29445.25,29334.75,29440.25,10753.0
2026-07-08 17:30:00,29441.5,29457.75,29382.5,29388.5,8512.0
2026-07-08 17:45:00,29387.75,29390.0,29324.25,29352.5,10037.0
2026-07-08 18:00:00,29352.25,29429.25,29330.0,29406.0,9129.0
2026-07-08 18:15:00,29407.25,29418.0,29369.0,29372.75,6110.0
2026-07-08 18:30:00,29371.75,29417.75,29347.5,29400.75,7762.0
2026-07-08 18:45:00,29401.25,29424.25,29380.25,29405.75,6581.0
2026-07-08 19:00:00,29405.75,29437.25,29375.75,29395.75,7523.0
2026-07-08 19:15:00,29396.25,29438.75,29380.0,29425.25,6656.0
2026-07-08 19:30:00,29425.0,29433.25,29388.5,29418.25,6686.0
2026-07-08 19:45:00,29417.0,29500.0,29381.0,29457.75,21997.0
2026-07-08 20:00:00,29457.75,29468.5,29403.75,29424.0,8368.0
2026-07-08 20:15:00,29424.75,29425.0,29386.5,29394.25,2765.0
2026-07-08 20:30:00,29394.75,29398.25,29353.25,29386.25,3165.0
2026-07-08 20:45:00,29385.25,29407.25,29374.0,29391.25,1881.0
2026-07-08 22:00:00,29412.0,29446.0,29402.75,29434.75,956.0
2026-07-08 22:15:00,29432.5,29449.25,29404.25,29424.25,975.0
2026-07-08 22:30:00,29424.5,29439.5,29407.5,29409.0,764.0
2026-07-08 22:45:00,29409.25,29428.75,29405.5,29425.5,438.0
2026-07-08 23:00:00,29424.0,29457.5,29422.25,29444.75,975.0
2026-07-08 23:15:00,29444.25,29444.25,29395.0,29424.75,1252.0
2026-07-08 23:30:00,29421.0,29487.0,29400.75,29479.75,2067.0
2026-07-08 23:45:00,29479.5,29503.25,29468.25,29491.25,1573.0
2026-07-09 00:00:00,29491.0,29564.5,29491.0,29562.75,3772.0
2026-07-09 00:15:00,29562.5,29567.75,29518.25,29561.75,2695.0
2026-07-09 00:30:00,29563.25,29583.0,29512.5,29519.5,2282.0
2026-07-09 00:45:00,29515.75,29562.75,29486.25,29503.5,2522.0
2026-07-09 01:00:00,29504.5,29538.25,29462.75,29513.25,2749.0
2026-07-09 01:15:00,29514.5,29555.25,29500.5,29529.0,1685.0
2026-07-09 01:30:00,29531.75,29541.25,29506.75,29531.0,1204.0
2026-07-09 01:45:00,29531.5,29537.5,29444.5,29449.0,2670.0
2026-07-09 02:00:00,29450.5,29529.5,29426.0,29527.5,3046.0
2026-07-09 02:15:00,29525.75,29579.0,29517.25,29533.75,2725.0
2026-07-09 02:30:00,29534.0,29544.25,29460.0,29462.5,2004.0
2026-07-09 02:45:00,29462.25,29467.75,29419.0,29429.5,2611.0
2026-07-09 03:00:00,29430.75,29449.75,29405.0,29423.25,1932.0
2026-07-09 03:15:00,29424.0,29481.5,29396.5,29480.0,1571.0
2026-07-09 03:30:00,29480.75,29514.5,29474.25,29512.25,1440.0
2026-07-09 03:45:00,29510.25,29518.0,29497.0,29505.75,737.0
2026-07-09 04:00:00,29506.75,29513.0,29495.0,29500.5,799.0
2026-07-09 04:15:00,29499.75,29518.5,29462.5,29474.5,1056.0
2026-07-09 04:30:00,29475.0,29539.0,29475.0,29536.25,1682.0
2026-07-09 04:45:00,29536.25,29558.5,29521.5,29554.0,964.0
2026-07-09 05:00:00,29554.75,29597.0,29508.75,29566.75,2529.0
2026-07-09 05:15:00,29567.5,29577.75,29512.5,29515.0,1643.0
2026-07-09 05:30:00,29513.75,29539.5,29474.75,29536.5,1622.0
2026-07-09 05:45:00,29537.25,29610.0,29532.5,29607.75,2093.0
2026-07-09 06:00:00,29606.5,29616.5,29572.25,29606.25,2228.0
2026-07-09 06:15:00,29603.5,29644.25,29602.5,29628.5,2034.0
2026-07-09 06:30:00,29628.5,29637.0,29597.75,29628.5,1842.0
2026-07-09 06:45:00,29627.0,29632.25,29601.5,29612.0,1145.0
2026-07-09 07:00:00,29613.25,29655.75,29603.75,29654.5,2754.0
2026-07-09 07:15:00,29655.75,29667.75,29639.75,29651.75,2077.0
2026-07-09 07:30:00,29653.25,29683.25,29640.5,29681.5,1443.0
2026-07-09 07:45:00,29682.5,29706.75,29671.25,29686.25,2596.0
2026-07-09 08:00:00,29684.75,29734.25,29664.0,29705.5,2459.0
2026-07-09 08:15:00,29705.75,29735.75,29694.0,29699.25,1596.0
2026-07-09 08:30:00,29697.0,29705.25,29660.0,29677.5,1778.0
2026-07-09 08:45:00,29676.75,29681.5,29643.0,29661.25,1362.0
2026-07-09 09:00:00,29663.5,29669.0,29629.0,29639.5,976.0
2026-07-09 09:15:00,29641.25,29663.25,29633.5,29650.0,1023.0
2026-07-09 09:30:00,29647.75,29661.0,29613.75,29621.25,1269.0
2026-07-09 09:45:00,29622.0,29649.0,29618.25,29644.0,888.0
2026-07-09 10:00:00,29645.5,29656.5,29633.25,29647.75,775.0
2026-07-09 10:15:00,29650.0,29669.0,29632.25,29650.5,1034.0
2026-07-09 10:30:00,29649.5,29660.75,29629.0,29640.25,962.0
2026-07-09 10:45:00,29641.25,29645.0,29564.5,29600.25,2853.0
2026-07-09 11:00:00,29601.75,29626.0,29579.0,29610.5,1677.0
2026-07-09 11:15:00,29611.25,29643.75,29593.75,29641.0,2139.0
2026-07-09 11:30:00,29641.0,29690.0,29626.75,29683.25,2388.0
2026-07-09 11:45:00,29684.75,29721.75,29674.25,29696.0,3600.0
2026-07-09 12:00:00,29696.75,29732.75,29681.0,29715.75,2903.0
2026-07-09 12:15:00,29716.25,29755.0,29704.25,29749.25,2908.0
2026-07-09 12:30:00,29748.0,29786.5,29740.0,29748.5,4821.0
2026-07-09 12:45:00,29748.25,29748.5,29715.25,29736.0,3467.0
2026-07-09 13:00:00,29735.25,29759.5,29725.25,29757.25,2992.0
2026-07-09 13:15:00,29757.25,29758.75,29726.75,29747.0,5734.0
2026-07-09 13:30:00,29746.25,29871.25,29672.0,29858.5,33418.0
2026-07-09 13:45:00,29859.25,29931.25,29808.5,29909.5,26088.0
2026-07-09 14:00:00,29909.75,29922.75,29785.25,29802.75,21156.0
2026-07-09 14:15:00,29803.5,29803.5,29614.5,29763.75,32710.0
2026-07-09 14:30:00,29763.25,29799.0,29694.25,29759.5,14965.0
2026-07-09 14:45:00,29758.5,29821.25,29723.5,29787.75,14863.0
2026-07-09 15:00:00,29788.25,29864.25,29779.5,29854.75,11492.0
2026-07-09 15:15:00,29853.5,29886.25,29830.0,29873.5,11352.0
2026-07-09 15:30:00,29874.25,29899.75,29856.25,29882.0,7675.0
2026-07-09 15:45:00,29883.0,29905.25,29878.5,29886.25,9279.0
2026-07-09 16:00:00,29886.5,29924.25,29886.5,29900.25,7857.0
2026-07-09 16:15:00,29900.25,29917.0,29880.75,29890.75,6937.0
2026-07-09 16:30:00,29890.5,29916.5,29864.0,29909.0,9492.0
2026-07-09 16:45:00,29908.5,29913.25,29885.25,29897.25,5244.0
2026-07-09 17:00:00,29897.0,29969.5,29893.5,29954.25,12077.0
2026-07-09 17:15:00,29954.25,29991.0,29954.0,29988.0,7357.0
2026-07-09 17:30:00,29988.75,29993.5,29962.0,29974.5,6290.0
2026-07-09 17:45:00,29974.75,29992.25,29950.75,29973.75,6132.0
2026-07-09 18:00:00,29974.75,29985.0,29960.75,29975.5,5796.0
2026-07-09 18:15:00,29976.5,29981.0,29942.0,29956.75,6902.0
2026-07-09 18:30:00,29957.25,29968.25,29939.5,29958.25,6146.0
2026-07-09 18:45:00,29957.25,29965.0,29929.5,29939.25,6420.0
2026-07-09 19:00:00,29939.75,29941.5,29905.25,29916.0,8700.0
2026-07-09 19:15:00,29916.5,29958.25,29902.75,29932.25,8530.0
2026-07-09 19:30:00,29932.0,29945.5,29909.0,29943.25,8456.0
2026-07-09 19:45:00,29943.5,29954.75,29896.75,29948.0,23304.0
2026-07-09 20:00:00,29948.5,29973.75,29942.75,29966.5,8693.0
2026-07-09 20:15:00,29967.0,29970.25,29937.0,29940.0,2039.0
2026-07-09 20:30:00,29939.5,29949.25,29932.0,29934.75,1522.0
2026-07-09 20:45:00,29935.0,29939.5,29926.25,29931.25,2107.0
2026-07-09 22:00:00,29937.75,29961.0,29923.5,29936.75,1108.0
2026-07-09 22:15:00,29938.0,29945.25,29904.0,29907.75,1404.0
2026-07-09 22:30:00,29908.75,29922.5,29905.5,29920.25,630.0
2026-07-09 22:45:00,29921.75,29927.5,29913.25,29922.0,564.0
2026-07-09 23:00:00,29921.5,29942.0,29907.0,29939.75,1128.0
2026-07-09 23:15:00,29937.75,29964.25,29929.5,29956.0,1245.0
2026-07-09 23:30:00,29958.75,29959.0,29938.5,29942.0,790.0
2026-07-09 23:45:00,29941.0,29958.0,29926.0,29932.5,1339.0
2026-07-10 00:00:00,29933.25,29952.0,29858.0,29894.0,3955.0
2026-07-10 00:15:00,29895.25,29903.5,29820.75,29837.0,3096.0
2026-07-10 00:30:00,29838.0,29845.0,29804.25,29828.0,2775.0
2026-07-10 00:45:00,29827.5,29870.0,29808.0,29866.5,3342.0
2026-07-10 01:00:00,29866.5,29870.75,29817.5,29845.5,2587.0
2026-07-10 01:15:00,29843.5,29877.25,29836.75,29866.25,1573.0
2026-07-10 01:30:00,29867.25,29902.5,29854.75,29885.25,1853.0
2026-07-10 01:45:00,29885.75,29922.75,29881.5,29891.5,1723.0
2026-07-10 02:00:00,29895.0,29901.25,29865.25,29880.75,1568.0
2026-07-10 02:15:00,29881.25,29884.75,29854.25,29882.5,1876.0
2026-07-10 02:30:00,29883.25,29916.25,29874.0,29908.25,1507.0
2026-07-10 02:45:00,29908.5,29952.5,29902.0,29951.25,1796.0
2026-07-10 03:00:00,29952.0,29963.5,29940.25,29947.25,1049.0
2026-07-10 03:15:00,29947.5,29950.5,29922.0,29923.5,865.0
2026-07-10 03:30:00,29925.25,29932.75,29917.0,29925.0,695.0
2026-07-10 03:45:00,29922.75,29933.75,29912.5,29930.5,692.0
2026-07-10 04:00:00,29936.75,29948.75,29931.5,29947.75,982.0
2026-07-10 04:15:00,29946.0,29947.5,29917.25,29927.5,739.0
2026-07-10 04:30:00,29928.0,29929.25,29906.25,29915.25,1082.0
2026-07-10 04:45:00,29915.5,29917.5,29875.25,29881.75,1546.0
2026-07-10 05:00:00,29883.75,29886.5,29865.75,29882.5,1241.0
2026-07-10 05:15:00,29883.25,29897.0,29870.25,29876.5,1150.0
2026-07-10 05:30:00,29877.25,29881.25,29852.0,29875.0,1553.0
2026-07-10 05:45:00,29875.75,29875.75,29840.0,29845.5,1185.0
2026-07-10 06:00:00,29847.25,29856.75,29820.0,29826.25,2340.0
2026-07-10 06:15:00,29824.75,29830.75,29775.25,29789.5,3349.0
2026-07-10 06:30:00,29788.75,29831.25,29785.5,29814.75,2485.0
2026-07-10 06:45:00,29814.0,29832.5,29809.5,29819.5,1116.0
2026-07-10 07:00:00,29819.25,29827.75,29796.0,29813.25,1352.0
2026-07-10 07:15:00,29813.0,29825.25,29790.5,29816.0,1286.0
2026-07-10 07:30:00,29816.0,29819.0,29793.75,29796.75,471.0
2026-07-10 07:45:00,29796.5,29799.0,29761.75,29774.0,1613.0
2026-07-10 08:00:00,29773.75,29799.5,29743.75,29796.75,2288.0
2026-07-10 08:15:00,29797.0,29803.75,29755.5,29768.75,1427.0
2026-07-10 08:30:00,29768.25,29785.25,29754.0,29785.25,1197.0
2026-07-10 08:45:00,29785.25,29799.0,29772.0,29773.25,1155.0
2026-07-10 09:00:00,29776.75,29800.75,29717.25,29795.5,2862.0
2026-07-10 09:15:00,29797.0,29817.5,29796.75,29813.5,1190.0
2026-07-10 09:30:00,29810.0,29827.75,29806.0,29815.5,989.0
2026-07-10 09:45:00,29818.0,29827.25,29800.75,29814.75,1106.0
2026-07-10 10:00:00,29820.75,29841.75,29818.0,29833.0,868.0
2026-07-10 10:15:00,29834.0,29839.75,29805.5,29839.5,1370.0
2026-07-10 10:30:00,29838.0,29862.0,29838.0,29862.0,1395.0
2026-07-10 10:45:00,29861.5,29862.25,29834.75,29850.75,968.0
2026-07-10 11:00:00,29850.0,29878.0,29849.0,29874.5,1796.0
2026-07-10 11:15:00,29875.25,29887.75,29850.5,29851.75,1555.0
2026-07-10 11:30:00,29851.5,29852.0,29811.5,29836.25,2013.0
2026-07-10 11:45:00,29837.25,29843.0,29806.75,29816.0,1651.0
2026-07-10 12:00:00,29816.75,29878.75,29771.25,29845.75,5272.0
2026-07-10 12:15:00,29843.75,29856.5,29825.0,29851.75,2197.0
2026-07-10 12:30:00,29852.0,29860.75,29819.5,29824.5,2595.0
2026-07-10 12:45:00,29825.75,29841.5,29800.0,29800.0,2437.0
2026-07-10 13:00:00,29800.5,29826.5,29790.5,29811.25,3412.0
2026-07-10 13:15:00,29811.5,29851.0,29801.5,29835.0,4471.0
2026-07-10 13:30:00,29834.75,29936.75,29798.0,29856.0,30432.0
2026-07-10 13:45:00,29855.5,29968.5,29852.75,29923.0,22648.0
2026-07-10 14:00:00,29922.75,29966.0,29906.5,29940.25,16246.0
2026-07-10 14:15:00,29940.5,29951.5,29844.75,29907.0,19864.0
2026-07-10 14:30:00,29907.5,29957.25,29675.0,29891.25,22744.0
2026-07-10 14:45:00,29891.25,29913.0,29808.75,29818.25,13134.0
2026-07-10 15:00:00,29818.5,29884.5,29780.0,29874.0,14391.0
2026-07-10 15:15:00,29874.0,29987.5,29872.75,29979.0,14260.0
2026-07-10 15:30:00,29980.0,29991.5,29834.0,29873.75,17425.0
2026-07-10 15:45:00,29875.25,29948.5,29847.75,29944.25,11470.0
2026-07-10 16:00:00,29944.25,29990.0,29943.75,29981.25,9669.0
2026-07-10 16:15:00,29981.5,30029.0,29981.5,30013.5,12154.0
2026-07-10 16:30:00,30013.25,30034.0,30004.0,30016.5,6818.0
2026-07-10 16:45:00,30015.75,30043.25,30012.0,30026.75,6466.0
2026-07-10 17:00:00,30026.5,30033.5,29996.5,30016.0,5499.0
2026-07-10 17:15:00,30015.25,30051.5,30008.5,30049.75,5574.0
2026-07-10 17:30:00,30049.75,30071.0,30038.0,30064.75,6794.0
2026-07-10 17:45:00,30065.0,30072.25,30031.25,30038.0,4837.0
2026-07-10 18:00:00,30039.0,30071.0,30034.25,30049.75,7676.0
2026-07-10 18:15:00,30049.25,30065.5,30021.5,30046.0,7747.0
2026-07-10 18:30:00,30045.25,30057.75,30031.25,30039.5,4274.0
2026-07-10 18:45:00,30039.0,30047.5,30028.25,30038.25,4678.0
2026-07-10 19:00:00,30038.5,30077.75,30033.0,30059.0,6833.0
2026-07-10 19:15:00,30058.5,30059.75,30036.5,30046.0,4947.0
2026-07-10 19:30:00,30046.25,30068.0,30044.75,30053.25,5516.0
2026-07-10 19:45:00,30053.25,30066.5,30024.75,30037.25,19159.0
2026-07-10 20:00:00,30037.25,30062.0,30031.75,30048.5,6430.0
2026-07-10 20:15:00,30047.75,30059.5,30046.25,30055.5,1284.0
2026-07-10 20:30:00,30054.5,30061.5,30051.5,30058.5,937.0
2026-07-10 20:45:00,30058.25,30073.75,30032.25,30032.25,1876.0
2026-07-12 22:00:00,29894.25,29915.0,29855.0,29864.25,1263.0
2026-07-12 22:15:00,29866.25,29897.5,29862.25,29887.25,2186.0
2026-07-12 22:30:00,29887.25,29904.25,29871.75,29893.5,1887.0
2026-07-12 22:45:00,29894.0,29915.0,29871.75,29910.25,1500.0
2026-07-12 23:00:00,29909.75,29910.5,29880.5,29891.25,1266.0
2026-07-12 23:15:00,29890.25,29894.25,29869.5,29890.25,1446.0
2026-07-12 23:30:00,29888.25,29898.25,29875.5,29888.75,868.0
2026-07-12 23:45:00,29889.25,29895.5,29845.0,29893.25,2461.0
2026-07-13 00:00:00,29892.0,30041.0,29871.5,30019.0,6048.0
2026-07-13 00:15:00,30018.0,30032.25,29958.0,29967.25,3090.0
2026-07-13 00:30:00,29968.0,29971.75,29850.0,29881.75,3710.0
2026-07-13 00:45:00,29883.75,29905.25,29807.5,29832.5,4456.0
2026-07-13 01:00:00,29836.75,29851.25,29788.75,29812.25,3384.0
2026-07-13 01:15:00,29812.75,29849.0,29789.0,29809.0,2421.0
2026-07-13 01:30:00,29808.75,29843.25,29789.5,29812.0,2124.0
2026-07-13 01:45:00,29812.25,29812.75,29737.25,29761.25,4739.0
2026-07-13 02:00:00,29762.75,29772.0,29727.0,29752.75,3372.0
2026-07-13 02:15:00,29753.0,29808.75,29745.0,29797.25,2224.0
2026-07-13 02:30:00,29798.5,29800.0,29746.5,29766.0,2118.0
2026-07-13 02:45:00,29766.25,29773.75,29714.5,29717.0,1663.0
2026-07-13 03:00:00,29717.5,29721.25,29684.75,29694.0,2285.0
2026-07-13 03:15:00,29694.0,29717.75,29682.0,29710.0,1673.0
2026-07-13 03:30:00,29709.0,29727.25,29683.75,29697.25,2146.0
2026-07-13 03:45:00,29697.25,29725.25,29690.0,29695.25,1227.0
2026-07-13 04:00:00,29689.75,29690.0,29650.0,29666.75,2487.0
2026-07-13 04:15:00,29666.5,29677.75,29638.75,29651.5,1616.0
2026-07-13 04:30:00,29651.5,29655.75,29622.75,29626.5,1436.0
2026-07-13 04:45:00,29624.0,29637.0,29612.75,29627.0,1298.0
2026-07-13 05:00:00,29627.75,29693.75,29606.5,29688.5,2983.0
2026-07-13 05:15:00,29684.0,29686.25,29577.0,29584.0,2641.0
2026-07-13 05:30:00,29585.0,29670.75,29542.75,29637.0,3564.0
2026-07-13 05:45:00,29637.5,29666.75,29614.75,29649.0,1784.0
2026-07-13 06:00:00,29650.5,29666.0,29585.5,29593.0,2143.0
2026-07-13 06:15:00,29592.0,29635.25,29588.75,29630.0,1831.0
2026-07-13 06:30:00,29630.25,29650.5,29598.5,29643.75,1707.0
2026-07-13 06:45:00,29641.75,29652.0,29611.25,29632.5,1598.0
2026-07-13 07:00:00,29631.5,29675.5,29607.0,29670.75,1913.0
2026-07-13 07:15:00,29671.5,29690.25,29642.25,29674.5,1928.0
2026-07-13 07:30:00,29670.75,29671.25,29636.0,29660.5,1279.0
2026-07-13 07:45:00,29660.75,29663.0,29636.75,29652.75,813.0
2026-07-13 08:00:00,29654.25,29707.0,29647.5,29703.75,2396.0
2026-07-13 08:15:00,29705.0,29741.5,29704.25,29725.75,2550.0
2026-07-13 08:30:00,29728.0,29735.0,29700.0,29726.5,1091.0
2026-07-13 08:45:00,29727.25,29754.0,29721.75,29747.5,1434.0
2026-07-13 09:00:00,29747.5,29751.25,29718.0,29732.75,1010.0
2026-07-13 09:15:00,29733.75,29766.25,29729.75,29763.25,1027.0
2026-07-13 09:30:00,29763.0,29776.5,29754.5,29773.75,762.0
2026-07-13 09:45:00,29773.25,29773.75,29752.0,29770.75,858.0
2026-07-13 10:00:00,29772.0,29778.0,29739.0,29747.0,1449.0
2026-07-13 10:15:00,29747.0,29765.5,29738.75,29741.25,874.0
2026-07-13 10:30:00,29741.0,29757.25,29736.5,29739.25,847.0
2026-07-13 10:45:00,29738.5,29764.0,29735.75,29756.75,938.0
2026-07-13 11:00:00,29755.75,29799.75,29751.25,29768.25,2405.0
2026-07-13 11:15:00,29767.75,29782.75,29741.5,29774.75,1431.0
2026-07-13 11:30:00,29773.0,29793.5,29765.0,29768.0,1127.0
2026-07-13 11:45:00,29767.75,29768.0,29728.75,29741.0,1507.0
2026-07-13 12:00:00,29742.0,29757.25,29693.75,29728.75,3809.0
2026-07-13 12:15:00,29730.0,29735.75,29682.75,29684.0,2549.0
2026-07-13 12:30:00,29684.5,29694.5,29655.5,29689.5,3154.0
2026-07-13 12:45:00,29688.75,29725.0,29687.25,29719.0,2265.0
2026-07-13 13:00:00,29719.25,29748.0,29711.0,29719.25,2565.0
2026-07-13 13:15:00,29718.5,29721.25,29683.25,29710.75,4441.0
2026-07-13 13:30:00,29710.0,29737.25,29552.25,29596.0,33221.0
2026-07-13 13:45:00,29596.25,29640.0,29518.0,29630.0,29400.0
2026-07-13 14:00:00,29631.0,29662.5,29560.75,29650.75,21314.0
2026-07-13 14:15:00,29651.75,29703.0,29488.5,29701.5,23594.0
2026-07-13 14:30:00,29701.25,29724.0,29624.25,29637.75,15893.0
2026-07-13 14:45:00,29638.25,29720.75,29603.5,29717.75,15144.0
2026-07-13 15:00:00,29718.0,29752.5,29671.0,29682.25,13250.0
2026-07-13 15:15:00,29681.75,29729.5,29662.0,29707.25,8553.0
2026-07-13 15:30:00,29709.0,29724.5,29648.25,29654.75,8454.0
2026-07-13 15:45:00,29654.75,29656.5,29596.75,29612.25,8886.0
2026-07-13 16:00:00,29611.25,29638.5,29584.25,29613.5,9704.0
2026-07-13 16:15:00,29613.25,29616.0,29535.0,29558.0,11826.0
2026-07-13 16:30:00,29557.75,29557.75,29460.75,29537.25,18025.0
2026-07-13 16:45:00,29537.0,29556.25,29463.75,29525.75,10926.0
2026-07-13 17:00:00,29526.5,29580.75,29516.5,29541.0,7952.0
2026-07-13 17:15:00,29541.5,29551.5,29498.25,29518.25,6971.0
2026-07-13 17:30:00,29518.75,29533.25,29485.25,29513.25,6604.0
2026-07-13 17:45:00,29512.75,29526.25,29468.0,29479.5,7516.0
2026-07-13 18:00:00,29480.0,29539.5,29476.0,29515.75,7918.0
2026-07-13 18:15:00,29515.25,29521.75,29467.5,29474.0,6857.0
2026-07-13 18:30:00,29475.0,29517.25,29454.5,29500.75,7864.0
2026-07-13 18:45:00,29501.75,29521.5,29483.5,29493.5,6045.0
2026-07-13 19:00:00,29493.5,29525.75,29451.0,29464.0,8313.0
2026-07-13 19:15:00,29463.75,29468.5,29402.5,29418.5,17016.0
2026-07-13 19:30:00,29419.75,29455.75,29393.25,29451.0,14495.0
2026-07-13 19:45:00,29450.75,29504.25,29434.25,29466.5,27033.0
2026-07-13 20:00:00,29466.5,29474.0,29436.25,29454.5,8048.0
2026-07-13 20:15:00,29454.5,29454.75,29386.5,29437.75,4510.0
2026-07-13 20:30:00,29437.0,29440.0,29424.5,29435.25,1548.0
2026-07-13 20:45:00,29434.25,29444.25,29420.0,29428.75,1863.0
2026-07-13 22:00:00,29446.0,29479.5,29437.75,29452.25,787.0
2026-07-13 22:15:00,29452.0,29467.75,29432.0,29434.25,853.0
2026-07-13 22:30:00,29433.25,29443.75,29426.25,29441.0,660.0
2026-07-13 22:45:00,29442.25,29458.75,29393.75,29399.5,1812.0
2026-07-13 23:00:00,29399.5,29405.0,29366.75,29381.0,1520.0
2026-07-13 23:15:00,29382.0,29399.25,29361.75,29366.75,1341.0
2026-07-13 23:30:00,29368.0,29379.5,29329.0,29333.75,2264.0
2026-07-13 23:45:00,29332.5,29423.75,29327.25,29420.75,2574.0
2026-07-14 00:00:00,29422.5,29468.75,29325.75,29463.25,5512.0
2026-07-14 00:15:00,29465.5,29475.75,29369.0,29420.75,3872.0
2026-07-14 00:30:00,29420.25,29488.0,29399.5,29417.75,3171.0
2026-07-14 00:45:00,29418.0,29535.0,29412.5,29521.0,3112.0
2026-07-14 01:00:00,29521.0,29541.25,29480.0,29492.25,2539.0
2026-07-14 01:15:00,29489.5,29528.5,29481.0,29504.75,2269.0
2026-07-14 01:30:00,29507.0,29516.5,29441.0,29472.75,2670.0
2026-07-14 01:45:00,29475.5,29504.75,29437.0,29445.0,1918.0
2026-07-14 02:00:00,29447.25,29489.0,29424.0,29424.0,2114.0
2026-07-14 02:15:00,29425.0,29435.25,29373.0,29401.0,2362.0
2026-07-14 02:30:00,29403.25,29456.0,29365.25,29444.5,2373.0
2026-07-14 02:45:00,29445.5,29453.25,29384.0,29389.0,1393.0
2026-07-14 03:00:00,29390.75,29391.5,29328.5,29335.0,2025.0
2026-07-14 03:15:00,29334.0,29377.75,29303.5,29376.75,3017.0
2026-07-14 03:30:00,29376.5,29405.0,29334.25,29359.25,3095.0
2026-07-14 03:45:00,29358.5,29426.0,29353.25,29423.5,1763.0
2026-07-14 04:00:00,29406.5,29406.5,29371.25,29391.0,1779.0
2026-07-14 04:15:00,29391.0,29452.75,29381.0,29450.0,1194.0
2026-07-14 04:30:00,29450.5,29488.0,29442.5,29474.25,1305.0
2026-07-14 04:45:00,29473.75,29516.5,29472.5,29508.5,1203.0
2026-07-14 05:00:00,29509.75,29548.5,29490.0,29545.5,1563.0
2026-07-14 05:15:00,29546.25,29610.0,29534.75,29604.5,2991.0
2026-07-14 05:30:00,29605.0,29631.25,29577.75,29594.0,2275.0
2026-07-14 05:45:00,29596.5,29606.0,29582.75,29593.0,1172.0
2026-07-14 06:00:00,29592.0,29634.75,29586.25,29629.75,1682.0
2026-07-14 06:15:00,29629.0,29649.75,29595.0,29606.25,2380.0
2026-07-14 06:30:00,29606.25,29634.25,29593.0,29598.0,1454.0
2026-07-14 06:45:00,29596.0,29598.0,29562.75,29564.25,988.0
2026-07-14 07:00:00,29564.0,29602.25,29545.5,29600.5,1992.0
2026-07-14 07:15:00,29599.25,29621.25,29576.75,29604.5,1302.0
2026-07-14 07:30:00,29606.0,29608.25,29567.25,29572.25,885.0
2026-07-14 07:45:00,29576.0,29609.75,29557.25,29574.5,1217.0
2026-07-14 08:00:00,29575.0,29602.0,29547.75,29580.5,2069.0
2026-07-14 08:15:00,29582.0,29632.0,29582.0,29618.25,1558.0
2026-07-14 08:30:00,29617.75,29636.25,29606.5,29613.5,1192.0
2026-07-14 08:45:00,29613.25,29613.25,29570.75,29573.0,803.0
2026-07-14 09:00:00,29573.0,29626.5,29557.75,29624.5,1199.0
2026-07-14 09:15:00,29623.5,29629.5,29572.25,29574.75,1096.0
2026-07-14 09:30:00,29573.5,29609.75,29573.25,29599.5,789.0
2026-07-14 09:45:00,29598.5,29623.75,29596.75,29602.25,667.0
2026-07-14 10:00:00,29603.25,29620.25,29594.75,29605.0,498.0
2026-07-14 10:15:00,29607.25,29608.5,29585.5,29598.75,419.0
2026-07-14 10:30:00,29595.75,29633.0,29578.75,29607.25,1327.0
2026-07-14 10:45:00,29603.25,29620.5,29589.25,29607.25,700.0
2026-07-14 11:00:00,29606.75,29621.25,29555.0,29608.0,3710.0
2026-07-14 11:15:00,29607.25,29670.5,29605.5,29640.5,3714.0
2026-07-14 11:30:00,29640.75,29668.25,29613.75,29620.5,1810.0
2026-07-14 11:45:00,29619.0,29658.5,29617.75,29632.0,1563.0
2026-07-14 12:00:00,29635.0,29637.75,29570.0,29590.25,2305.0
2026-07-14 12:15:00,29591.75,29694.0,29577.5,29694.0,3823.0
2026-07-14 12:30:00,29694.0,29921.75,29677.0,29821.5,17392.0
2026-07-14 12:45:00,29822.75,29838.75,29754.0,29772.5,6343.0
2026-07-14 13:00:00,29773.75,29809.0,29764.5,29782.25,4511.0
2026-07-14 13:15:00,29782.75,29832.0,29742.5,29811.75,6984.0
2026-07-14 13:30:00,29811.0,29815.75,29685.0,29754.25,27770.0
2026-07-14 13:45:00,29752.75,29808.5,29714.0,29781.25,17669.0
2026-07-14 14:00:00,29780.25,29804.75,29637.0,29665.25,21597.0
2026-07-14 14:15:00,29662.75,29733.0,29567.5,29684.5,22443.0
2026-07-14 14:30:00,29683.75,29839.75,29658.25,29728.0,20475.0
2026-07-14 14:45:00,29728.75,29784.5,29659.5,29772.5,12816.0
2026-07-14 15:00:00,29773.5,29865.5,29753.75,29848.75,18370.0
2026-07-14 15:15:00,29847.5,29889.0,29825.25,29884.5,12395.0
2026-07-14 15:30:00,29885.0,29895.75,29799.0,29835.75,13587.0
2026-07-14 15:45:00,29834.0,29852.0,29760.0,29785.5,10558.0
2026-07-14 16:00:00,29786.0,29791.25,29711.0,29738.0,12041.0
2026-07-14 16:15:00,29739.75,29784.0,29704.5,29779.25,9016.0
2026-07-14 16:30:00,29778.5,29824.25,29750.25,29809.5,8205.0
2026-07-14 16:45:00,29809.75,29830.0,29783.5,29826.75,6871.0
2026-07-14 17:00:00,29826.75,29851.0,29814.5,29822.5,7125.0
2026-07-14 17:15:00,29822.25,29867.0,29807.0,29850.0,7441.0
2026-07-14 17:30:00,29849.5,29861.5,29818.75,29846.0,4997.0
2026-07-14 17:45:00,29846.0,29865.5,29829.0,29863.25,4675.0
2026-07-14 18:00:00,29863.0,29871.75,29842.5,29869.25,5371.0
2026-07-14 18:15:00,29868.75,29878.25,29847.5,29853.75,4338.0
2026-07-14 18:30:00,29854.0,29869.5,29810.5,29824.75,7892.0
2026-07-14 18:45:00,29825.75,29843.5,29813.0,29824.0,5296.0
2026-07-14 19:00:00,29824.5,29832.5,29780.0,29816.0,8084.0
2026-07-14 19:15:00,29816.0,29837.75,29796.5,29796.75,6649.0
2026-07-14 19:30:00,29797.25,29817.25,29771.0,29811.5,8569.0
2026-07-14 19:45:00,29811.25,29836.0,29779.0,29786.75,18102.0
2026-07-14 20:00:00,29786.5,29810.0,29772.5,29788.25,9185.0
2026-07-14 20:15:00,29787.5,29792.25,29767.75,29775.0,1593.0
2026-07-14 20:30:00,29774.5,29799.25,29772.75,29796.0,1575.0
2026-07-14 20:45:00,29796.25,29801.5,29791.0,29793.5,1108.0
2026-07-14 22:00:00,29805.0,29806.25,29745.5,29753.0,1072.0
2026-07-14 22:15:00,29755.75,29797.25,29752.0,29786.25,1083.0
2026-07-14 22:30:00,29788.5,29796.0,29774.75,29779.75,701.0
2026-07-14 22:45:00,29779.75,29783.25,29764.25,29773.25,854.0
2026-07-14 23:00:00,29772.75,29799.75,29758.0,29794.75,1112.0
2026-07-14 23:15:00,29793.75,29873.0,29785.0,29866.75,2028.0
2026-07-14 23:30:00,29866.25,29881.5,29847.5,29849.25,1255.0
2026-07-14 23:45:00,29848.5,29900.0,29844.5,29889.25,1639.0
2026-07-15 00:00:00,29889.0,29902.75,29837.5,29893.0,2473.0
2026-07-15 00:15:00,29888.75,29938.0,29882.0,29918.0,2109.0
2026-07-15 00:30:00,29920.25,29928.5,29841.0,29858.25,2316.0
2026-07-15 00:45:00,29858.25,29929.5,29849.0,29918.0,1596.0
2026-07-15 01:00:00,29920.0,29927.0,29860.0,29886.25,1894.0
2026-07-15 01:15:00,29885.0,29942.75,29885.0,29922.75,1606.0
2026-07-15 01:30:00,29924.25,29944.0,29891.5,29892.75,1637.0
2026-07-15 01:45:00,29894.25,29959.25,29891.75,29957.25,1477.0
2026-07-15 02:00:00,29958.75,29981.0,29949.25,29963.5,1480.0
2026-07-15 02:15:00,29966.5,29981.75,29958.5,29966.75,1300.0
2026-07-15 02:30:00,29970.0,29985.75,29966.5,29983.0,942.0
2026-07-15 02:45:00,29984.0,29987.25,29959.0,29960.75,913.0
2026-07-15 03:00:00,29961.0,29967.75,29947.25,29960.0,1002.0
2026-07-15 03:15:00,29959.5,29985.0,29955.0,29978.5,1099.0
2026-07-15 03:30:00,29979.0,30002.0,29977.25,29987.25,1235.0
2026-07-15 03:45:00,29987.75,30019.25,29986.0,30014.0,779.0
2026-07-15 04:00:00,30000.25,30006.75,29995.75,30000.25,805.0
2026-07-15 04:15:00,30000.25,30013.0,29989.25,29990.25,620.0
2026-07-15 04:30:00,29990.75,30011.5,29983.25,30005.0,968.0
2026-07-15 04:45:00,30006.0,30025.0,30003.75,30021.75,790.0
2026-07-15 05:00:00,30022.5,30058.25,29992.5,29999.25,4023.0
2026-07-15 05:15:00,30000.0,30025.0,29976.75,29981.75,1287.0
2026-07-15 05:30:00,29980.75,30009.5,29967.75,29992.25,1565.0
2026-07-15 05:45:00,29990.5,30032.0,29984.25,30032.0,1183.0
2026-07-15 06:00:00,30031.75,30050.0,30027.75,30042.5,1871.0
2026-07-15 06:15:00,30040.5,30045.25,30023.0,30039.25,739.0
2026-07-15 06:30:00,30041.75,30045.25,30009.75,30018.75,1077.0
2026-07-15 06:45:00,30018.5,30038.0,30012.25,30030.0,1279.0
2026-07-15 07:00:00,30030.5,30062.5,30007.5,30036.25,2077.0
2026-07-15 07:15:00,30035.75,30035.75,29928.0,29969.0,2871.0
2026-07-15 07:30:00,29968.0,29989.75,29945.25,29979.0,2011.0
2026-07-15 07:45:00,29979.0,30005.25,29971.0,29996.25,1027.0
2026-07-15 08:00:00,29997.25,29998.75,29909.0,29918.25,2647.0
2026-07-15 08:15:00,29918.25,29924.75,29872.0,29913.5,1925.0
2026-07-15 08:30:00,29912.75,29926.25,29897.75,29925.5,1244.0
2026-07-15 08:45:00,29925.0,29943.5,29911.75,29936.5,1008.0
2026-07-15 09:00:00,29937.75,29958.0,29937.75,29954.0,810.0
2026-07-15 09:15:00,29953.25,29963.5,29943.25,29950.25,559.0
2026-07-15 09:30:00,29947.75,29959.75,29928.25,29951.0,752.0
2026-07-15 09:45:00,29952.0,29952.0,29914.25,29924.75,664.0
2026-07-15 10:00:00,29926.0,29944.0,29916.25,29942.25,520.0
2026-07-15 10:15:00,29942.25,29947.25,29886.0,29896.0,1283.0
2026-07-15 10:30:00,29897.75,29921.25,29890.0,29901.75,926.0
2026-07-15 10:45:00,29902.0,29934.25,29899.75,29927.25,686.0
2026-07-15 11:00:00,29926.0,29953.0,29919.5,29925.0,1007.0
2026-07-15 11:15:00,29925.25,29942.5,29915.25,29921.5,746.0
2026-07-15 11:30:00,29922.75,29942.0,29911.5,29928.25,743.0
2026-07-15 11:45:00,29928.0,29928.0,29904.5,29912.5,1040.0
2026-07-15 12:00:00,29914.5,29919.5,29873.75,29881.0,1423.0
2026-07-15 12:15:00,29882.25,29892.75,29856.25,29875.5,1477.0
2026-07-15 12:30:00,29875.25,29973.75,29856.5,29951.5,6657.0
2026-07-15 12:45:00,29952.0,29995.25,29941.75,29980.0,3764.0
2026-07-15 13:00:00,29980.0,29999.75,29939.25,29946.5,3272.0
2026-07-15 13:15:00,29948.0,29966.75,29936.25,29954.75,3748.0
2026-07-15 13:30:00,29955.25,29977.5,29831.0,29833.75,28026.0
2026-07-15 13:45:00,29833.25,29847.25,29754.5,29822.5,27621.0
2026-07-15 14:00:00,29823.5,29892.5,29806.0,29806.5,18392.0
2026-07-15 14:15:00,29806.5,29830.75,29639.25,29724.0,28280.0
2026-07-15 14:30:00,29723.75,29736.75,29536.75,29600.5,27486.0
2026-07-15 14:45:00,29600.5,29644.0,29562.5,29630.75,17910.0
2026-07-15 15:00:00,29632.0,29661.75,29579.5,29592.25,12159.0
2026-07-15 15:15:00,29591.0,29642.0,29526.5,29641.0,16868.0
2026-07-15 15:30:00,29640.75,29656.25,29586.25,29615.75,11767.0
2026-07-15 15:45:00,29616.5,29618.0,29560.0,29582.0,9593.0
2026-07-15 16:00:00,29580.25,29599.5,29471.25,29476.25,15065.0
2026-07-15 16:15:00,29475.5,29496.75,29431.25,29462.0,13169.0
2026-07-15 16:30:00,29462.0,29483.25,29397.0,29445.0,12467.0
2026-07-15 16:45:00,29445.75,29540.25,29433.75,29512.75,14362.0
2026-07-15 17:00:00,29512.75,29561.75,29504.75,29532.25,9449.0
2026-07-15 17:15:00,29531.25,29608.25,29526.75,29604.0,9371.0
2026-07-15 17:30:00,29604.75,29637.5,29604.5,29634.0,9764.0
2026-07-15 17:45:00,29633.25,29705.75,29625.25,29686.5,13583.0
2026-07-15 18:00:00,29686.5,29730.0,29681.75,29716.25,10637.0
2026-07-15 18:15:00,29716.25,29742.75,29684.75,29724.5,10807.0
2026-07-15 18:30:00,29724.5,29735.0,29658.0,29662.75,8732.0
2026-07-15 18:45:00,29662.25,29665.75,29595.0,29613.25,11846.0
2026-07-15 19:00:00,29613.0,29668.75,29604.75,29643.0,10367.0
2026-07-15 19:15:00,29644.0,29649.0,29589.0,29643.25,8400.0
2026-07-15 19:30:00,29643.25,29695.5,29608.5,29683.75,13575.0
2026-07-15 19:45:00,29684.25,29707.0,29648.5,29700.5,17350.0
2026-07-15 20:00:00,29700.75,29737.0,29664.0,29702.0,9222.0
2026-07-15 20:15:00,29702.5,29720.5,29696.0,29718.75,1450.0
2026-07-15 20:30:00,29718.5,29719.25,29700.0,29716.25,917.0
2026-07-15 20:45:00,29716.5,29720.5,29705.75,29707.5,891.0
2026-07-15 22:00:00,29709.0,29749.0,29700.0,29735.75,593.0
2026-07-15 22:15:00,29724.25,29730.0,29709.75,29716.25,881.0
2026-07-15 22:30:00,29716.5,29724.0,29684.25,29685.0,1270.0
2026-07-15 22:45:00,29684.25,29722.25,29677.0,29716.25,1845.0
2026-07-15 23:00:00,29716.0,29736.25,29710.75,29720.0,738.0
2026-07-15 23:15:00,29719.25,29725.0,29695.5,29718.5,1326.0
2026-07-15 23:30:00,29717.25,29734.0,29704.0,29704.75,598.0
2026-07-15 23:45:00,29693.25,29705.75,29682.0,29690.0,1155.0
2026-07-16 00:00:00,29690.0,29758.0,29682.25,29755.25,1884.0
2026-07-16 00:15:00,29753.0,29763.25,29662.5,29669.5,2801.0
2026-07-16 00:30:00,29670.0,29695.75,29626.75,29626.75,2482.0
2026-07-16 00:45:00,29626.0,29679.25,29622.25,29651.25,1780.0
2026-07-16 01:00:00,29653.75,29668.0,29615.5,29626.0,1659.0
2026-07-16 01:15:00,29625.5,29629.0,29601.5,29605.25,1462.0
2026-07-16 01:30:00,29604.5,29646.0,29595.75,29615.25,1604.0
2026-07-16 01:45:00,29614.0,29685.75,29612.5,29651.0,2015.0
2026-07-16 02:00:00,29651.25,29652.75,29620.0,29640.0,1332.0
2026-07-16 02:15:00,29640.25,29706.0,29634.0,29696.75,1803.0
2026-07-16 02:30:00,29695.5,29707.0,29670.0,29680.0,1347.0
2026-07-16 02:45:00,29680.0,29736.0,29676.5,29727.0,1942.0
2026-07-16 03:00:00,29728.0,29751.75,29721.25,29748.75,1175.0
2026-07-16 03:15:00,29749.25,29751.75,29710.5,29716.5,899.0
2026-07-16 03:30:00,29716.75,29747.0,29713.5,29719.5,862.0
2026-07-16 03:45:00,29720.75,29738.5,29701.75,29737.75,652.0
2026-07-16 04:00:00,29727.25,29756.0,29722.25,29754.5,901.0
2026-07-16 04:15:00,29754.5,29756.25,29710.0,29716.0,909.0
2026-07-16 04:30:00,29715.0,29721.25,29691.25,29706.5,620.0
2026-07-16 04:45:00,29703.25,29717.0,29699.25,29708.0,467.0
2026-07-16 05:00:00,29709.0,29748.0,29697.0,29748.0,1011.0
2026-07-16 05:15:00,29747.75,29775.5,29739.25,29765.75,1328.0
2026-07-16 05:30:00,29765.75,29797.0,29666.5,29702.5,3014.0
2026-07-16 05:45:00,29704.5,29711.0,29678.5,29686.5,834.0
2026-07-16 06:00:00,29687.75,29739.25,29646.5,29731.75,4208.0
2026-07-16 06:15:00,29729.25,29749.75,29684.0,29686.0,1614.0
2026-07-16 06:30:00,29682.0,29697.25,29641.25,29673.5,1381.0
2026-07-16 06:45:00,29672.25,29694.0,29657.0,29683.75,681.0
2026-07-16 07:00:00,29684.75,29686.5,29620.75,29621.5,1433.0
2026-07-16 07:15:00,29622.25,29649.5,29611.75,29622.5,1647.0
2026-07-16 07:30:00,29623.5,29629.25,29568.5,29570.0,1659.0
2026-07-16 07:45:00,29571.25,29583.75,29548.5,29562.25,1528.0
2026-07-16 08:00:00,29563.5,29572.75,29488.0,29490.5,2582.0
2026-07-16 08:15:00,29493.75,29561.75,29478.75,29538.5,1940.0
2026-07-16 08:30:00,29539.5,29576.75,29528.25,29551.0,1287.0
2026-07-16 08:45:00,29550.5,29595.5,29550.5,29591.5,1139.0
2026-07-16 09:00:00,29593.25,29635.0,29592.0,29625.25,1521.0
2026-07-16 09:15:00,29626.25,29645.25,29611.0,29613.25,1113.0
2026-07-16 09:30:00,29614.75,29631.0,29583.75,29585.25,887.0
2026-07-16 09:45:00,29584.25,29585.75,29528.0,29531.25,1982.0
2026-07-16 10:00:00,29530.25,29561.25,29514.5,29550.75,1423.0
2026-07-16 10:15:00,29550.75,29550.75,29512.25,29537.5,801.0
2026-07-16 10:30:00,29537.25,29555.75,29507.75,29521.25,1302.0
2026-07-16 10:45:00,29521.25,29537.75,29502.5,29531.0,1013.0
2026-07-16 11:00:00,29528.75,29532.0,29459.75,29488.0,2024.0
2026-07-16 11:15:00,29488.25,29502.0,29446.25,29472.0,2036.0
2026-07-16 11:30:00,29472.75,29472.75,29428.0,29439.5,2283.0
2026-07-16 11:45:00,29438.75,29456.0,29361.0,29446.75,3974.0
2026-07-16 12:00:00,29445.75,29457.25,29392.75,29423.5,2628.0
2026-07-16 12:15:00,29422.25,29440.25,29378.0,29408.0,3239.0
2026-07-16 12:30:00,29407.75,29427.75,29365.5,29375.0,3424.0
2026-07-16 12:45:00,29374.75,29415.0,29363.5,29392.25,2622.0
2026-07-16 13:00:00,29393.25,29457.25,29387.75,29452.0,4310.0
2026-07-16 13:15:00,29451.5,29488.5,29441.75,29464.75,5290.0
2026-07-16 13:30:00,29464.75,29532.0,29308.5,29317.75,32155.0
2026-07-16 13:45:00,29316.5,29363.75,29255.5,29347.5,28092.0
2026-07-16 14:00:00,29346.5,29495.75,29315.25,29468.5,22591.0
2026-07-16 14:15:00,29467.5,29501.0,29397.75,29482.5,18552.0
2026-07-16 14:30:00,29483.25,29513.5,29426.5,29464.5,12123.0
2026-07-16 14:45:00,29464.5,29479.0,29362.0,29433.75,15520.0
2026-07-16 15:00:00,29435.5,29458.75,29336.0,29358.5,14431.0
2026-07-16 15:15:00,29359.0,29451.5,29336.75,29406.75,15298.0
2026-07-16 15:30:00,29406.5,29468.0,29370.0,29397.75,11977.0
2026-07-16 15:45:00,29397.5,29435.0,29354.5,29392.0,10723.0
2026-07-16 16:00:00,29392.5,29395.25,29289.25,29293.25,12329.0
2026-07-16 16:15:00,29293.5,29315.0,29260.75,29299.25,12866.0
2026-07-16 16:30:00,29300.5,29339.5,29286.0,29292.75,8828.0
2026-07-16 16:45:00,29294.75,29352.5,29270.75,29338.25,9065.0
2026-07-16 17:00:00,29339.0,29342.0,29284.5,29288.0,7283.0
2026-07-16 17:15:00,29288.5,29343.0,29275.0,29333.0,8159.0
2026-07-16 17:30:00,29334.0,29345.0,29230.0,29243.75,10939.0
2026-07-16 17:45:00,29244.25,29269.0,29219.0,29244.5,9318.0
2026-07-16 18:00:00,29244.25,29279.5,29223.5,29233.0,9374.0
2026-07-16 18:15:00,29232.75,29304.0,29217.25,29269.75,10128.0
2026-07-16 18:30:00,29269.0,29269.25,29198.5,29237.75,8952.0
2026-07-16 18:45:00,29237.5,29253.25,29200.25,29210.5,7174.0
2026-07-16 19:00:00,29210.0,29242.0,29176.0,29183.75,10716.0
2026-07-16 19:15:00,29183.25,29186.25,29119.0,29148.5,12708.0
2026-07-16 19:30:00,29147.5,29170.25,29117.25,29121.5,13257.0
2026-07-16 19:45:00,29121.25,29238.25,29078.5,29217.0,31586.0
2026-07-16 20:00:00,29217.75,29231.25,29166.0,29167.75,12103.0
2026-07-16 20:15:00,29167.5,29200.0,29162.75,29181.0,2708.0
2026-07-16 20:30:00,29180.25,29189.75,29164.0,29174.5,2083.0
2026-07-16 20:45:00,29172.75,29183.25,29167.5,29179.0,1374.0
2026-07-16 22:00:00,29191.0,29220.0,29166.25,29185.0,787.0
2026-07-16 22:15:00,29186.5,29188.25,29136.5,29139.75,1435.0
2026-07-16 22:30:00,29139.0,29159.25,29130.75,29149.5,1301.0
2026-07-16 22:45:00,29149.5,29151.25,29115.25,29136.5,1309.0
2026-07-16 23:00:00,29134.75,29144.75,29106.25,29130.75,1317.0
2026-07-16 23:15:00,29133.0,29134.25,29075.75,29093.0,1556.0
2026-07-16 23:30:00,29092.5,29129.75,29060.0,29109.25,1866.0
2026-07-16 23:45:00,29110.25,29118.0,29082.75,29096.5,1000.0
2026-07-17 00:00:00,29095.5,29124.25,29031.5,29043.5,2981.0
2026-07-17 00:15:00,29041.25,29076.0,29011.0,29018.25,2787.0
2026-07-17 00:30:00,29018.5,29030.5,28993.5,29024.75,3109.0
2026-07-17 00:45:00,29024.5,29082.0,29017.75,29057.0,2741.0
2026-07-17 01:00:00,29059.75,29105.5,29024.25,29029.25,2933.0
2026-07-17 01:15:00,29031.75,29046.0,29010.5,29039.5,1539.0
2026-07-17 01:30:00,29040.75,29044.0,28964.5,28975.0,3200.0
2026-07-17 01:45:00,28972.25,28990.75,28945.75,28972.0,2563.0
2026-07-17 02:00:00,28970.75,28985.75,28950.0,28956.75,1429.0
2026-07-17 02:15:00,28957.5,28961.25,28917.25,28928.75,1900.0
2026-07-17 02:30:00,28927.25,28940.75,28903.25,28932.5,2296.0
2026-07-17 02:45:00,28934.0,28940.0,28902.25,28925.0,1588.0
2026-07-17 03:00:00,28926.25,28960.75,28915.0,28953.75,1359.0
2026-07-17 03:15:00,28954.25,29026.0,28954.25,29015.25,2526.0
2026-07-17 03:30:00,29013.5,29016.75,28943.5,28954.5,2352.0
2026-07-17 03:45:00,28957.0,28960.0,28913.75,28922.25,1656.0
2026-07-17 04:00:00,28873.5,28879.25,28840.0,28850.0,3807.0
2026-07-17 04:15:00,28851.25,28859.5,28803.0,28809.5,2823.0
2026-07-17 04:30:00,28808.0,28826.0,28774.5,28809.5,3259.0
2026-07-17 04:45:00,28809.5,28841.25,28804.75,28804.75,2163.0
2026-07-17 05:00:00,28806.0,28820.25,28787.75,28804.75,1904.0
2026-07-17 05:15:00,28803.5,28823.0,28783.5,28791.0,1711.0
2026-07-17 05:30:00,28792.5,28811.75,28725.0,28759.75,3217.0
2026-07-17 05:45:00,28758.5,28774.0,28733.25,28756.25,1949.0
2026-07-17 06:00:00,28755.0,28774.0,28722.5,28756.75,2966.0
2026-07-17 06:15:00,28757.5,28824.5,28745.5,28815.25,2920.0
2026-07-17 06:30:00,28814.25,28825.0,28762.0,28776.5,1936.0
2026-07-17 06:45:00,28774.25,28774.5,28730.5,28743.0,1879.0
2026-07-17 07:00:00,28744.25,28767.5,28720.5,28751.5,2851.0
2026-07-17 07:15:00,28752.25,28765.75,28713.5,28748.0,2107.0
2026-07-17 07:30:00,28750.0,28759.5,28702.5,28715.75,1768.0
2026-07-17 07:45:00,28715.25,28722.25,28682.5,28688.0,1994.0
2026-07-17 08:00:00,28687.5,28735.0,28667.5,28678.0,3210.0
2026-07-17 08:15:00,28677.75,28678.5,28577.25,28609.75,6436.0
2026-07-17 08:30:00,28609.5,28617.75,28550.0,28585.75,3039.0
2026-07-17 08:45:00,28584.25,28662.0,28581.25,28630.0,3123.0
2026-07-17 09:00:00,28628.75,28675.5,28618.75,28673.5,2240.0
2026-07-17 09:15:00,28671.5,28690.5,28630.0,28690.0,2165.0
2026-07-17 09:30:00,28691.0,28716.0,28661.75,28686.0,1923.0
2026-07-17 09:45:00,28685.0,28728.0,28683.75,28711.5,2088.0
2026-07-17 10:00:00,28711.75,28772.25,28691.5,28766.25,3532.0
2026-07-17 10:15:00,28767.0,28787.25,28722.0,28773.5,3250.0
2026-07-17 10:30:00,28772.25,28825.5,28763.0,28801.25,3545.0
2026-07-17 10:45:00,28799.25,28815.0,28777.0,28785.0,2039.0
2026-07-17 11:00:00,28786.75,28808.25,28750.0,28757.25,3334.0
2026-07-17 11:15:00,28759.25,28775.0,28728.25,28761.75,2594.0
2026-07-17 11:30:00,28763.0,28765.0,28713.5,28729.75,1699.0
2026-07-17 11:45:00,28727.5,28764.25,28718.0,28741.5,1760.0
2026-07-17 12:00:00,28740.0,28744.75,28675.0,28683.75,3220.0
2026-07-17 12:15:00,28683.25,28696.75,28662.0,28675.75,2437.0
2026-07-17 12:30:00,28674.75,28683.75,28650.75,28674.5,2936.0
2026-07-17 12:45:00,28675.25,28690.75,28645.5,28664.5,3244.0
2026-07-17 13:00:00,28664.75,28665.75,28619.75,28621.5,4225.0
2026-07-17 13:15:00,28621.0,28648.25,28581.0,28607.75,9514.0
2026-07-17 13:30:00,28607.0,28686.0,28408.25,28420.0,41802.0
2026-07-17 13:45:00,28419.5,28681.75,28412.0,28676.0,31009.0
2026-07-17 14:00:00,28676.0,28862.25,28665.25,28803.5,35015.0
2026-07-17 14:15:00,28804.0,28887.5,28779.75,28832.0,24554.0
2026-07-17 14:30:00,28832.0,28896.0,28760.25,28825.5,25613.0
2026-07-17 14:45:00,28824.5,28857.75,28721.0,28727.0,18567.0
2026-07-17 15:00:00,28727.0,28755.75,28676.75,28706.5,16289.0
2026-07-17 15:15:00,28707.25,28760.0,28672.25,28753.5,14641.0
2026-07-17 15:30:00,28753.25,28843.5,28718.0,28799.0,17907.0
2026-07-17 15:45:00,28797.0,28948.5,28781.5,28933.5,15829.0
2026-07-17 16:00:00,28934.0,28955.75,28846.0,28939.0,18302.0
2026-07-17 16:15:00,28939.75,28956.0,28858.0,28913.5,14099.0
2026-07-17 16:30:00,28914.25,28972.25,28885.75,28971.0,10119.0
2026-07-17 16:45:00,28971.0,29028.0,28960.5,28974.25,14109.0
2026-07-17 17:00:00,28974.75,29050.25,28966.25,28995.75,11600.0
2026-07-17 17:15:00,28995.5,29042.75,28979.25,29035.5,11104.0
2026-07-17 17:30:00,29035.75,29042.25,28943.0,28950.25,10099.0
2026-07-17 17:45:00,28949.75,28969.75,28883.75,28895.75,9024.0
2026-07-17 18:00:00,28896.25,28937.0,28856.25,28862.25,9723.0
2026-07-17 18:15:00,28863.25,28870.75,28822.5,28851.75,10244.0
2026-07-17 18:30:00,28852.0,28891.75,28797.0,28808.75,11704.0
2026-07-17 18:45:00,28808.25,28886.0,28797.0,28861.25,10291.0
2026-07-17 19:00:00,28861.0,28869.25,28757.75,28760.0,9841.0
2026-07-17 19:15:00,28759.25,28807.0,28718.5,28795.5,11669.0
2026-07-17 19:30:00,28795.75,28846.5,28753.75,28795.5,14163.0
2026-07-17 19:45:00,28795.5,28853.5,28756.0,28764.25,23628.0
2026-07-17 20:00:00,28764.5,28768.0,28712.5,28738.5,12470.0
2026-07-17 20:15:00,28738.75,28754.5,28733.5,28749.75,2605.0
2026-07-17 20:30:00,28749.5,28768.75,28749.25,28767.25,2812.0
2026-07-17 20:45:00,28767.5,28779.75,28754.5,28773.25,1690.0
2026-07-19 22:00:00,28733.75,28737.75,28709.75,28715.75,628.0
2026-07-19 22:15:00,28715.25,28818.75,28714.25,28766.5,3176.0
2026-07-19 22:30:00,28763.75,28851.0,28757.75,28838.25,2348.0
2026-07-19 22:45:00,28839.0,28848.25,28810.0,28814.5,1317.0
2026-07-19 23:00:00,28818.0,28836.25,28785.0,28812.5,1513.0
2026-07-19 23:15:00,28814.0,28824.75,28781.0,28805.25,1058.0
2026-07-19 23:30:00,28805.5,28868.5,28793.75,28864.5,1678.0
2026-07-19 23:45:00,28866.75,28880.25,28815.0,28868.25,1953.0
2026-07-20 00:00:00,28870.0,28956.5,28806.0,28940.25,4507.0
2026-07-20 00:15:00,28940.25,28963.5,28926.5,28935.0,2547.0
2026-07-20 00:30:00,28935.75,28938.25,28873.0,28886.25,2672.0
2026-07-20 00:45:00,28888.0,28900.25,28850.0,28859.25,2012.0
2026-07-20 01:00:00,28861.75,28917.5,28846.5,28853.0,2118.0
2026-07-20 01:15:00,28853.0,28885.0,28811.5,28815.5,2862.0
2026-07-20 01:30:00,28815.0,28834.75,28776.5,28796.5,2488.0
2026-07-20 01:45:00,28796.25,28819.5,28762.75,28795.75,2037.0
2026-07-20 02:00:00,28798.5,28889.0,28795.75,28838.25,2613.0
2026-07-20 02:15:00,28839.5,28846.5,28793.0,28811.25,1634.0
2026-07-20 02:30:00,28811.0,28917.75,28809.5,28899.25,2088.0
2026-07-20 02:45:00,28901.25,28948.0,28883.75,28886.0,1955.0
2026-07-20 03:00:00,28888.0,28913.0,28856.0,28884.75,1176.0
2026-07-20 03:15:00,28883.75,28913.75,28863.0,28876.5,1253.0
2026-07-20 03:30:00,28876.5,28903.25,28851.0,28898.5,1303.0
2026-07-20 03:45:00,28900.0,28937.75,28881.0,28894.5,1524.0
2026-07-20 04:00:00,28900.0,28918.75,28863.0,28867.25,1295.0
2026-07-20 04:15:00,28867.25,28902.75,28844.5,28900.5,1148.0
2026-07-20 04:30:00,28900.25,28940.25,28888.25,28933.5,1713.0
2026-07-20 04:45:00,28934.75,28942.0,28892.75,28897.75,976.0
2026-07-20 05:00:00,28898.0,28901.75,28812.75,28862.25,2274.0
2026-07-20 05:15:00,28862.5,28862.5,28826.25,28832.75,832.0
2026-07-20 05:30:00,28831.25,28839.0,28809.0,28813.0,1237.0
2026-07-20 05:45:00,28813.25,28832.25,28789.0,28807.25,1277.0
2026-07-20 06:00:00,28808.0,28823.75,28781.75,28785.5,1256.0
2026-07-20 06:15:00,28783.5,28815.25,28768.75,28785.0,1281.0
2026-07-20 06:30:00,28786.5,28813.5,28766.0,28804.25,1194.0
2026-07-20 06:45:00,28802.5,28811.5,28778.5,28803.5,1028.0
2026-07-20 07:00:00,28805.75,28833.75,28804.5,28819.25,1583.0
2026-07-20 07:15:00,28820.75,28885.75,28797.75,28880.25,1782.0
2026-07-20 07:30:00,28880.0,28926.0,28878.25,28905.5,2309.0
2026-07-20 07:45:00,28905.5,28923.0,28879.0,28911.0,1370.0
2026-07-20 08:00:00,28908.25,28934.25,28889.5,28926.75,1668.0
2026-07-20 08:15:00,28928.25,28939.75,28895.5,28902.5,1379.0
2026-07-20 08:30:00,28902.25,28907.25,28860.0,28863.25,1161.0
2026-07-20 08:45:00,28864.75,28890.0,28860.75,28882.0,712.0
2026-07-20 09:00:00,28879.25,28888.5,28854.0,28878.0,812.0
2026-07-20 09:15:00,28878.0,28915.75,28878.0,28904.75,877.0
2026-07-20 09:30:00,28904.25,28941.5,28898.0,28940.75,1082.0
2026-07-20 09:45:00,28941.0,28998.25,28940.0,28952.5,3057.0
2026-07-20 10:00:00,28952.75,28957.5,28926.5,28933.25,1054.0
2026-07-20 10:15:00,28932.75,28962.25,28920.5,28956.75,1585.0
2026-07-20 10:30:00,28955.0,28976.0,28947.25,28967.25,1399.0
2026-07-20 10:45:00,28967.5,28980.0,28961.5,28969.0,801.0
2026-07-20 11:00:00,28970.75,29026.5,28963.75,29012.5,2371.0
2026-07-20 11:15:00,29012.25,29018.0,28987.75,28998.75,1627.0
2026-07-20 11:30:00,28997.75,29109.5,28995.5,29087.25,6811.0
2026-07-20 11:45:00,29088.75,29096.75,29048.25,29072.5,2951.0
2026-07-20 12:00:00,29072.5,29075.5,28981.75,29004.75,4415.0
2026-07-20 12:15:00,29003.0,29036.75,28991.5,29034.75,1692.0
2026-07-20 12:30:00,29036.0,29046.0,29001.0,29005.5,2092.0
2026-07-20 12:45:00,29005.25,29044.0,29004.0,29025.0,2610.0
2026-07-20 13:00:00,29025.0,29058.25,29016.75,29024.0,3601.0
2026-07-20 13:15:00,29025.0,29060.0,29021.25,29045.0,4231.0
2026-07-20 13:30:00,29045.0,29181.75,29025.75,29178.25,30170.0
2026-07-20 13:45:00,29177.75,29192.5,28979.75,28994.75,30382.0
2026-07-20 14:00:00,28996.0,29049.0,28938.0,28973.5,24451.0
2026-07-20 14:15:00,28971.75,29032.75,28908.0,29030.75,18732.0
2026-07-20 14:30:00,29030.75,29053.75,28952.75,28964.5,14091.0
2026-07-20 14:45:00,28965.5,29004.25,28874.0,28891.5,18181.0
2026-07-20 15:00:00,28891.75,28989.5,28873.25,28945.0,18225.0
2026-07-20 15:15:00,28946.0,29024.5,28928.75,29015.5,11629.0
2026-07-20 15:30:00,29015.75,29034.75,28986.25,29027.5,10118.0
2026-07-20 15:45:00,29028.5,29066.75,28974.0,29050.75,10688.0
2026-07-20 16:00:00,29050.75,29119.0,29028.75,29107.0,12197.0
2026-07-20 16:15:00,29107.0,29112.75,29069.75,29084.5,8236.0
2026-07-20 16:30:00,29085.0,29101.25,28962.0,29004.25,13026.0
2026-07-20 16:45:00,29005.0,29051.75,28956.0,28983.75,12677.0
2026-07-20 17:00:00,28983.0,28999.75,28922.0,28926.5,9438.0
2026-07-20 17:15:00,28926.25,28975.75,28910.25,28957.25,8456.0
2026-07-20 17:30:00,28958.25,28973.25,28900.75,28910.0,7534.0
2026-07-20 17:45:00,28910.75,28982.75,28908.75,28956.5,7260.0
2026-07-20 18:00:00,28957.0,29002.0,28956.5,28992.5,6740.0
2026-07-20 18:15:00,28993.0,29009.75,28932.0,28949.0,8385.0
2026-07-20 18:30:00,28949.0,28949.0,28858.75,28859.25,10174.0
2026-07-20 18:45:00,28860.5,28901.25,28855.75,28870.0,9813.0
2026-07-20 19:00:00,28871.0,28896.0,28807.75,28807.75,12058.0
2026-07-20 19:15:00,28808.5,28869.0,28796.5,28855.5,11363.0
2026-07-20 19:30:00,28855.75,28894.25,28834.25,28866.5,11560.0
2026-07-20 19:45:00,28866.5,28880.0,28767.75,28785.75,23261.0
2026-07-20 20:00:00,28785.25,28831.5,28767.0,28773.0,8396.0
2026-07-20 20:15:00,28772.75,28774.75,28750.5,28759.25,2519.0
2026-07-20 20:30:00,28759.0,28780.75,28757.75,28771.25,1527.0
2026-07-20 20:45:00,28771.75,28785.75,28767.75,28777.0,1033.0
2026-07-20 22:00:00,28778.25,28803.5,28705.0,28720.25,1259.0
2026-07-20 22:15:00,28720.0,28732.0,28710.0,28719.75,827.0
2026-07-20 22:30:00,28721.5,28734.25,28701.0,28720.75,1137.0
2026-07-20 22:45:00,28725.0,28734.25,28705.75,28717.75,609.0
2026-07-20 23:00:00,28717.75,28778.5,28711.25,28768.25,1526.0
2026-07-20 23:15:00,28769.0,28822.0,28765.5,28819.0,1866.0
2026-07-20 23:30:00,28818.75,28824.5,28805.75,28811.75,877.0
2026-07-20 23:45:00,28810.5,28832.5,28757.75,28779.25,2563.0
2026-07-21 00:00:00,28777.5,28777.75,28707.25,28736.0,3552.0
2026-07-21 00:15:00,28740.0,28834.5,28709.0,28816.5,3467.0
2026-07-21 00:30:00,28818.25,28880.0,28813.75,28866.25,2141.0
2026-07-21 00:45:00,28866.75,28897.0,28853.5,28856.25,2744.0
2026-07-21 01:00:00,28859.75,28910.75,28837.5,28903.25,2531.0
2026-07-21 01:15:00,28904.5,28912.5,28872.75,28891.0,1696.0
2026-07-21 01:30:00,28891.75,28920.5,28866.5,28873.25,1578.0
2026-07-21 01:45:00,28875.5,28911.75,28870.0,28885.25,1594.0
2026-07-21 02:00:00,28885.25,28937.75,28877.75,28885.5,1733.0
2026-07-21 02:15:00,28885.25,28920.25,28859.0,28894.5,1479.0
2026-07-21 02:30:00,28894.5,28955.25,28894.25,28949.0,1731.0
2026-07-21 02:45:00,28948.75,28956.75,28928.25,28955.0,828.0
2026-07-21 03:00:00,28954.0,28981.75,28951.25,28976.0,1110.0
2026-07-21 03:15:00,28973.75,28997.5,28971.0,28996.25,1169.0
2026-07-21 03:30:00,28996.25,29049.25,28992.0,29034.5,2576.0
2026-07-21 03:45:00,29034.0,29078.0,29033.75,29058.25,2516.0
2026-07-21 04:00:00,29075.75,29077.0,29065.0,29066.5,2151.0
2026-07-21 04:15:00,29066.5,29077.25,29055.75,29064.0,1231.0
2026-07-21 04:30:00,29065.25,29076.75,29056.25,29064.25,1038.0
2026-07-21 04:45:00,29061.5,29076.75,29048.0,29054.0,947.0
2026-07-21 05:00:00,29055.75,29061.0,29033.75,29036.0,960.0
2026-07-21 05:15:00,29035.75,29071.25,29016.5,29066.75,1609.0
2026-07-21 05:30:00,29066.0,29093.5,29039.75,29086.5,1666.0
2026-07-21 05:45:00,29086.25,29105.0,29071.5,29098.25,1422.0
2026-07-21 06:00:00,29096.25,29143.5,29096.25,29132.5,2460.0
2026-07-21 06:15:00,29133.0,29141.5,29109.0,29112.25,1891.0
2026-07-21 06:30:00,29113.25,29155.0,29113.25,29153.0,1747.0
2026-07-21 06:45:00,29153.5,29155.5,29130.25,29146.5,816.0
2026-07-21 07:00:00,29147.75,29162.0,29118.0,29131.5,1657.0
2026-07-21 07:15:00,29130.75,29130.75,29092.5,29103.0,1807.0
2026-07-21 07:30:00,29102.0,29127.0,29088.0,29112.0,1368.0
2026-07-21 07:45:00,29112.75,29120.75,29091.0,29117.25,1171.0
2026-07-21 08:00:00,29118.0,29154.0,29104.0,29151.5,1937.0
2026-07-21 08:15:00,29151.0,29168.0,29140.25,29168.0,1570.0
2026-07-21 08:30:00,29167.5,29176.75,29156.0,29167.5,1714.0
2026-07-21 08:45:00,29166.75,29175.0,29149.75,29167.0,1085.0
2026-07-21 09:00:00,29168.0,29181.0,29162.5,29172.0,962.0
2026-07-21 09:15:00,29172.25,29195.25,29163.5,29166.75,1818.0
2026-07-21 09:30:00,29165.5,29179.25,29151.25,29164.75,1253.0
2026-07-21 09:45:00,29164.5,29185.5,29153.5,29155.0,1060.0
2026-07-21 10:00:00,29155.25,29198.5,29154.75,29172.75,1653.0
2026-07-21 10:15:00,29171.25,29187.25,29164.75,29173.25,899.0
2026-07-21 10:30:00,29174.25,29207.0,29164.0,29173.0,1923.0
2026-07-21 10:45:00,29172.0,29186.25,29155.5,29166.25,1211.0
2026-07-21 11:00:00,29167.75,29184.0,29133.25,29158.0,2006.0
2026-07-21 11:15:00,29158.25,29158.5,29119.5,29129.75,2460.0
2026-07-21 11:30:00,29129.0,29173.25,29126.0,29166.0,2646.0
2026-07-21 11:45:00,29167.5,29182.0,29145.25,29154.25,1568.0
2026-07-21 12:00:00,29153.5,29195.25,29146.0,29179.0,2723.0
2026-07-21 12:15:00,29178.75,29179.25,29133.25,29134.25,2412.0
2026-07-21 12:30:00,29133.0,29143.0,29111.5,29135.0,2932.0
2026-07-21 12:45:00,29135.25,29186.75,29134.5,29171.5,3469.0
2026-07-21 13:00:00,29173.5,29183.0,29156.25,29162.25,2307.0
2026-07-21 13:15:00,29163.0,29225.0,29155.75,29221.5,5386.0
2026-07-21 13:30:00,29222.5,29246.25,29129.5,29144.5,37053.0
2026-07-21 13:45:00,29144.5,29178.0,29092.5,29152.75,23505.0
2026-07-21 14:00:00,29153.5,29188.5,29064.25,29131.5,22358.0
2026-07-21 14:15:00,29129.5,29218.25,29067.0,29207.25,19795.0
2026-07-21 14:30:00,29207.25,29236.0,29162.0,29224.5,15830.0
2026-07-21 14:45:00,29224.75,29256.5,29209.75,29237.5,13934.0
2026-07-21 15:00:00,29237.25,29297.5,29181.0,29291.75,16067.0
2026-07-21 15:15:00,29292.0,29320.0,29271.75,29307.5,12425.0
2026-07-21 15:30:00,29307.0,29308.5,29257.0,29261.5,12194.0
2026-07-21 15:45:00,29260.5,29301.25,29256.25,29259.25,7943.0
2026-07-21 16:00:00,29259.25,29324.75,29254.25,29301.75,9345.0
2026-07-21 16:15:00,29302.0,29337.75,29301.25,29312.5,8847.0
2026-07-21 16:30:00,29313.0,29336.0,29302.0,29318.75,7029.0
2026-07-21 16:45:00,29318.5,29352.5,29311.25,29331.75,7697.0
2026-07-21 17:00:00,29331.5,29355.5,29330.75,29334.75,6701.0
2026-07-21 17:15:00,29335.0,29345.75,29323.0,29333.0,5368.0
2026-07-21 17:30:00,29333.25,29351.5,29327.25,29341.5,6171.0
2026-07-21 17:45:00,29341.75,29364.75,29332.25,29341.25,6173.0
2026-07-21 18:00:00,29341.5,29361.75,29337.5,29337.75,5973.0
2026-07-21 18:15:00,29338.0,29344.75,29318.5,29325.0,5276.0
2026-07-21 18:30:00,29325.25,29349.0,29310.5,29347.25,6580.0
2026-07-21 18:45:00,29347.75,29355.75,29316.75,29328.5,6316.0
2026-07-21 19:00:00,29328.25,29335.5,29304.25,29309.25,7476.0
2026-07-21 19:15:00,29308.5,29320.5,29290.75,29293.75,7378.0
2026-07-21 19:30:00,29293.25,29340.5,29290.75,29337.75,9331.0
2026-07-21 19:45:00,29337.75,29352.0,29300.25,29310.75,27784.0
2026-07-21 20:00:00,29312.0,29316.75,29285.25,29306.5,9743.0
2026-07-21 20:15:00,29306.0,29306.0,29283.75,29292.5,2122.0
2026-07-21 20:30:00,29292.5,29304.25,29290.0,29292.5,1559.0
2026-07-21 20:45:00,29293.25,29294.5,29279.0,29289.75,2054.0
2026-07-21 22:00:00,29310.75,29310.75,29280.5,29296.5,588.0
2026-07-21 22:15:00,29297.0,29302.25,29265.0,29271.0,946.0
2026-07-21 22:30:00,29270.0,29284.0,29257.25,29270.25,744.0
2026-07-21 22:45:00,29269.25,29276.0,29253.0,29273.75,787.0
2026-07-21 23:00:00,29273.5,29289.25,29261.0,29281.75,829.0
2026-07-21 23:15:00,29283.0,29304.75,29272.0,29297.25,914.0
2026-07-21 23:30:00,29296.25,29304.5,29270.25,29281.5,873.0
2026-07-21 23:45:00,29279.5,29303.0,29268.0,29298.5,1264.0
2026-07-22 00:00:00,29298.5,29337.0,29286.0,29327.75,2708.0
2026-07-22 00:15:00,29329.5,29330.5,29290.25,29299.0,1681.0
2026-07-22 00:30:00,29300.25,29305.5,29272.5,29285.5,1442.0
2026-07-22 00:45:00,29282.75,29293.0,29258.25,29288.0,1859.0
2026-07-22 01:00:00,29289.75,29293.75,29234.5,29257.0,2047.0
2026-07-22 01:15:00,29259.0,29272.0,29239.5,29246.0,1340.0
2026-07-22 01:30:00,29243.0,29260.75,29232.0,29255.25,1240.0
2026-07-22 01:45:00,29253.0,29307.0,29251.25,29277.25,1920.0
2026-07-22 02:00:00,29277.25,29284.0,29238.25,29260.75,1690.0
2026-07-22 02:15:00,29260.0,29284.5,29250.5,29276.0,975.0
2026-07-22 02:30:00,29275.5,29277.25,29243.0,29253.75,1116.0
2026-07-22 02:45:00,29252.25,29263.75,29228.0,29238.25,1143.0
2026-07-22 03:00:00,29239.25,29245.0,29210.0,29214.25,1495.0
2026-07-22 03:15:00,29213.25,29262.0,29212.0,29262.0,1487.0
2026-07-22 03:30:00,29260.25,29267.25,29217.0,29222.5,1167.0
2026-07-22 03:45:00,29224.25,29241.5,29190.25,29197.0,1655.0
2026-07-22 04:00:00,29223.0,29224.25,29209.0,29213.25,1384.0
2026-07-22 04:15:00,29216.0,29238.5,29216.0,29234.0,792.0
2026-07-22 04:30:00,29231.75,29232.5,29208.75,29217.5,1032.0
2026-07-22 04:45:00,29216.75,29222.75,29193.75,29221.5,827.0
2026-07-22 05:00:00,29222.25,29225.25,29179.5,29186.5,1144.0
2026-07-22 05:15:00,29187.75,29196.25,29166.0,29166.0,1215.0
2026-07-22 05:30:00,29165.5,29183.75,29145.5,29146.0,1635.0
2026-07-22 05:45:00,29148.0,29177.75,29146.75,29172.75,1432.0
2026-07-22 06:00:00,29171.25,29173.0,29126.0,29133.25,2005.0
2026-07-22 06:15:00,29131.75,29131.75,29060.0,29079.5,2985.0
2026-07-22 06:30:00,29077.75,29115.5,29068.0,29102.75,1835.0
2026-07-22 06:45:00,29101.75,29103.0,29062.25,29092.75,1923.0
2026-07-22 07:00:00,29091.75,29102.25,29051.0,29097.0,2340.0
2026-07-22 07:15:00,29098.0,29124.5,29084.25,29119.25,1805.0
2026-07-22 07:30:00,29117.5,29123.75,29025.75,29065.0,2657.0
2026-07-22 07:45:00,29064.25,29077.0,29040.0,29056.0,1939.0
2026-07-22 08:00:00,29059.75,29107.0,29038.75,29067.0,2487.0
2026-07-22 08:15:00,29066.0,29105.0,29061.5,29100.25,1580.0
2026-07-22 08:30:00,29101.25,29115.5,29079.0,29086.75,987.0
2026-07-22 08:45:00,29086.75,29117.75,29086.0,29110.0,829.0
2026-07-22 09:00:00,29110.25,29150.0,29106.25,29132.0,1820.0
2026-07-22 09:15:00,29132.25,29146.75,29123.5,29126.25,843.0
2026-07-22 09:30:00,29125.0,29126.5,29096.0,29116.25,1257.0
2026-07-22 09:45:00,29115.0,29128.5,29089.25,29127.0,1106.0
2026-07-22 10:00:00,29128.25,29159.75,29119.25,29121.0,1467.0
2026-07-22 10:15:00,29120.0,29168.5,29113.0,29161.25,2028.0
2026-07-22 10:30:00,29162.25,29169.75,29134.75,29136.25,1031.0
2026-07-22 10:45:00,29133.75,29173.0,29133.0,29153.0,1444.0
2026-07-22 11:00:00,29154.0,29164.75,29122.5,29124.25,1678.0
2026-07-22 11:15:00,29123.0,29135.75,29099.25,29101.75,2070.0
2026-07-22 11:30:00,29102.0,29114.5,29017.5,29041.75,3802.0
2026-07-22 11:45:00,29041.75,29079.0,29035.75,29054.0,2363.0
2026-07-22 12:00:00,29056.5,29071.0,29026.0,29045.25,3419.0
2026-07-22 12:15:00,29045.25,29048.25,28995.0,29027.0,3391.0
2026-07-22 12:30:00,29028.0,29068.75,29028.0,29056.5,4421.0
2026-07-22 12:45:00,29056.0,29056.5,28952.0,29017.25,6761.0
2026-07-22 13:00:00,29017.5,29063.5,29017.5,29056.75,2654.0
2026-07-22 13:15:00,29057.0,29099.0,29054.25,29089.75,5403.0
2026-07-22 13:30:00,29090.5,29186.0,29090.0,29178.75,31043.0
2026-07-22 13:45:00,29178.5,29277.25,29153.0,29276.75,25243.0
2026-07-22 14:00:00,29277.0,29283.75,29216.75,29236.25,19845.0
2026-07-22 14:15:00,29236.5,29273.75,29196.0,29220.0,18786.0
2026-07-22 14:30:00,29219.25,29260.25,29172.75,29185.25,15214.0
2026-07-22 14:45:00,29186.25,29245.0,29173.5,29241.0,14264.0
2026-07-22 15:00:00,29241.25,29314.0,29240.25,29306.5,13864.0
2026-07-22 15:15:00,29306.5,29342.25,29291.75,29324.5,11315.0
2026-07-22 15:30:00,29324.25,29335.5,29274.25,29289.0,10830.0
2026-07-22 15:45:00,29289.0,29332.75,29289.0,29329.5,8373.0
2026-07-22 16:00:00,29330.25,29333.75,29312.75,29328.5,5957.0
2026-07-22 16:15:00,29328.25,29335.0,29300.25,29311.0,6313.0
2026-07-22 16:30:00,29311.0,29328.25,29283.75,29290.5,5792.0
2026-07-22 16:45:00,29290.75,29321.75,29276.75,29310.5,7067.0
2026-07-22 17:00:00,29310.5,29331.25,29303.0,29309.75,6203.0
2026-07-22 17:15:00,29310.25,29319.25,29295.0,29306.0,6366.0
2026-07-22 17:30:00,29304.0,29320.0,29280.75,29293.75,6819.0
2026-07-22 17:45:00,29294.75,29298.25,29234.25,29244.25,8301.0
2026-07-22 18:00:00,29244.0,29271.25,29223.75,29224.5,9417.0
2026-07-22 18:15:00,29224.5,29255.75,29222.25,29239.0,7536.0
2026-07-22 18:30:00,29239.0,29240.0,29207.75,29228.5,7922.0
2026-07-22 18:45:00,29228.5,29259.0,29224.25,29245.25,6461.0
2026-07-22 19:00:00,29245.75,29258.0,29215.5,29225.0,7209.0
2026-07-22 19:15:00,29224.75,29260.0,29217.25,29253.0,6732.0
2026-07-22 19:30:00,29253.5,29254.25,29192.5,29212.25,9418.0
2026-07-22 19:45:00,29212.5,29246.0,29158.25,29160.5,20934.0
2026-07-22 20:00:00,29161.0,29251.0,29119.0,29249.0,18025.0
2026-07-22 20:15:00,29249.0,29260.0,29203.25,29217.5,5390.0
2026-07-22 20:30:00,29216.25,29225.75,29182.5,29185.0,2464.0
2026-07-22 20:45:00,29183.5,29212.5,29165.0,29165.0,1824.0
2026-07-22 22:00:00,29100.0,29142.5,29060.5,29085.5,1573.0
2026-07-22 22:15:00,29086.0,29107.0,29070.0,29080.5,1911.0
2026-07-22 22:30:00,29081.25,29091.25,29041.0,29046.25,1785.0
2026-07-22 22:45:00,29047.25,29086.5,29039.25,29072.75,1415.0
2026-07-22 23:00:00,29073.5,29081.25,29021.75,29064.5,1970.0
2026-07-22 23:15:00,29062.25,29066.75,29035.5,29058.75,929.0
2026-07-22 23:30:00,29059.0,29098.25,29058.75,29097.75,1255.0
2026-07-22 23:45:00,29095.75,29145.5,29089.75,29142.25,2473.0
2026-07-23 00:00:00,29143.75,29173.0,29132.5,29166.75,2699.0
2026-07-23 00:15:00,29166.5,29255.5,29157.25,29226.5,3785.0
2026-07-23 00:30:00,29226.75,29249.5,29218.25,29234.0,1962.0
2026-07-23 00:45:00,29233.75,29282.5,29228.75,29255.0,2523.0
2026-07-23 01:00:00,29256.25,29272.0,29236.0,29267.75,1851.0
2026-07-23 01:15:00,29270.0,29273.5,29232.5,29240.25,1572.0
2026-07-23 01:30:00,29242.0,29260.5,29181.0,29182.0,3032.0
2026-07-23 01:45:00,29183.0,29218.0,29175.5,29176.0,2076.0
2026-07-23 02:00:00,29176.0,29201.0,29147.75,29148.5,1956.0
2026-07-23 02:15:00,29148.0,29155.5,29092.0,29105.0,2173.0
2026-07-23 02:30:00,29104.5,29126.75,29057.0,29069.5,2682.0
2026-07-23 02:45:00,29069.5,29096.75,29063.0,29089.0,1761.0
2026-07-23 03:00:00,29093.5,29096.75,29029.5,29053.5,2310.0
2026-07-23 03:15:00,29054.25,29084.25,29039.0,29084.25,2056.0
2026-07-23 03:30:00,29083.25,29116.5,29072.25,29116.25,1929.0
2026-07-23 03:45:00,29116.0,29128.0,29102.75,29125.0,1020.0
2026-07-23 04:00:00,29097.75,29136.75,29084.5,29136.75,1929.0
2026-07-23 04:15:00,29135.25,29163.0,29111.75,29151.5,1990.0
2026-07-23 04:30:00,29153.5,29165.25,29137.75,29141.5,1217.0
2026-07-23 04:45:00,29141.25,29158.25,29112.5,29125.25,1210.0
2026-07-23 05:00:00,29126.0,29129.0,29100.0,29118.75,1042.0
2026-07-23 05:15:00,29116.5,29170.75,29098.5,29170.75,1702.0
2026-07-23 05:30:00,29170.25,29183.25,29137.5,29148.75,1404.0
2026-07-23 05:45:00,29148.75,29148.75,29079.25,29088.0,1629.0
2026-07-23 06:00:00,29088.0,29116.5,29077.25,29097.5,1357.0
2026-07-23 06:15:00,29099.75,29112.25,29079.25,29108.75,1269.0
2026-07-23 06:30:00,29108.0,29114.0,29081.5,29081.75,1092.0
2026-07-23 06:45:00,29082.75,29119.25,29074.0,29084.0,1468.0
2026-07-23 07:00:00,29083.75,29086.75,28954.0,28996.25,4893.0
2026-07-23 07:15:00,28996.75,29038.75,28993.5,29015.5,2574.0
2026-07-23 07:30:00,29015.75,29019.75,28937.5,28940.5,2621.0
2026-07-23 07:45:00,28940.0,28989.25,28922.25,28987.5,2462.0
2026-07-23 08:00:00,28988.75,29042.0,28958.25,29034.75,2621.0
2026-07-23 08:15:00,29035.5,29061.25,29017.0,29051.0,2603.0
2026-07-23 08:30:00,29049.25,29061.5,29030.75,29037.75,1294.0
2026-07-23 08:45:00,29036.5,29111.0,29033.75,29103.0,1758.0
2026-07-23 09:00:00,29103.5,29137.75,29079.75,29082.25,2410.0
2026-07-23 09:15:00,29080.75,29103.0,29078.0,29091.0,1053.0
2026-07-23 09:30:00,29092.0,29092.0,29067.25,29074.25,1064.0
2026-07-23 09:45:00,29076.75,29087.25,29045.0,29055.25,1305.0
2026-07-23 10:00:00,29054.25,29067.0,29038.0,29043.0,1267.0
2026-07-23 10:15:00,29042.25,29063.5,29036.0,29053.0,1198.0
2026-07-23 10:30:00,29051.75,29122.25,29045.25,29101.25,2569.0
2026-07-23 10:45:00,29100.5,29108.0,29094.0,29103.0,937.0
2026-07-23 11:00:00,29103.0,29106.5,29033.75,29058.75,1930.0
2026-07-23 11:15:00,29056.0,29072.5,28992.5,28993.75,2895.0
2026-07-23 11:30:00,28994.75,29002.25,28913.0,28925.25,4757.0
2026-07-23 11:45:00,28927.0,28985.0,28913.5,28965.0,3906.0
2026-07-23 12:00:00,28964.0,28967.75,28914.75,28916.75,2624.0
2026-07-23 12:15:00,28915.25,28938.5,28854.5,28864.5,5657.0
2026-07-23 12:30:00,28864.5,28875.0,28768.0,28789.25,8588.0
2026-07-23 12:45:00,28790.0,28806.5,28754.75,28787.5,6678.0
2026-07-23 13:00:00,28786.5,28804.5,28715.75,28727.0,11038.0
2026-07-23 13:15:00,28726.5,28731.5,28697.0,28719.25,10981.0
2026-07-23 13:30:00,28718.25,28883.0,28657.0,28857.0,42960.0
2026-07-23 13:45:00,28855.25,28868.0,28696.0,28707.75,35756.0
2026-07-23 14:00:00,28709.25,28801.25,28678.25,28704.75,30441.0
2026-07-23 14:15:00,28704.75,28780.25,28686.5,28731.5,20922.0
2026-07-23 14:30:00,28731.0,28773.25,28625.5,28645.0,26372.0
2026-07-23 14:45:00,28644.5,28670.5,28577.25,28596.75,21786.0
2026-07-23 15:00:00,28597.25,28604.5,28483.0,28494.25,24946.0
2026-07-23 15:15:00,28494.0,28569.0,28447.75,28467.25,25578.0
2026-07-23 15:30:00,28467.75,28551.0,28432.5,28494.5,19397.0
2026-07-23 15:45:00,28493.5,28590.0,28478.25,28588.5,14372.0
2026-07-23 16:00:00,28588.5,28644.25,28573.25,28629.75,14948.0
2026-07-23 16:15:00,28630.0,28715.0,28609.5,28707.25,13294.0
2026-07-23 16:30:00,28707.5,28738.25,28682.25,28687.75,13693.0
2026-07-23 16:45:00,28687.5,28687.5,28609.5,28640.75,14860.0
2026-07-23 17:00:00,28641.25,28663.25,28588.0,28642.5,13071.0
2026-07-23 17:15:00,28642.0,28676.75,28614.75,28652.5,10847.0
2026-07-23 17:30:00,28653.0,28657.0,28570.5,28594.5,9861.0
2026-07-23 17:45:00,28594.25,28629.25,28565.5,28568.0,8871.0
2026-07-23 18:00:00,28568.25,28582.25,28542.5,28560.0,9103.0
2026-07-23 18:15:00,28560.25,28584.25,28545.25,28575.0,9111.0
2026-07-23 18:30:00,28574.75,28603.5,28545.0,28550.5,8930.0
2026-07-23 18:45:00,28549.75,28578.5,28525.25,28550.0,8676.0
2026-07-23 19:00:00,28550.0,28566.75,28501.0,28505.75,8686.0
2026-07-23 19:15:00,28506.5,28595.25,28504.5,28583.0,12116.0
2026-07-23 19:30:00,28583.5,28595.5,28501.5,28502.25,11318.0
2026-07-23 19:45:00,28502.0,28633.5,28486.25,28615.0,31823.0
2026-07-23 20:00:00,28615.25,28747.5,28610.5,28726.75,18123.0
2026-07-23 20:15:00,28727.5,28777.25,28718.5,28769.5,4440.0
2026-07-23 20:30:00,28768.5,28782.0,28728.0,28736.0,3195.0
2026-07-23 20:45:00,28735.5,28747.0,28725.25,28739.25,2288.0
2026-07-23 22:00:00,28700.25,28709.25,28632.0,28642.0,1047.0
2026-07-23 22:15:00,28641.25,28676.75,28624.0,28662.25,1769.0
2026-07-23 22:30:00,28662.5,28692.25,28662.5,28684.75,1369.0
2026-07-23 22:45:00,28683.75,28732.75,28683.0,28731.25,1626.0
2026-07-23 23:00:00,28729.5,28736.0,28687.5,28696.75,1753.0
2026-07-23 23:15:00,28698.0,28708.5,28689.0,28698.5,1014.0
2026-07-23 23:30:00,28698.0,28700.75,28661.25,28687.0,1513.0
2026-07-23 23:45:00,28687.25,28708.25,28658.25,28679.0,1958.0
2026-07-24 00:00:00,28680.25,28724.0,28619.0,28643.25,4258.0
2026-07-24 00:15:00,28643.75,28684.25,28615.75,28643.0,2742.0
2026-07-24 00:30:00,28646.0,28677.5,28618.0,28655.75,2156.0
2026-07-24 00:45:00,28656.75,28680.0,28627.0,28672.0,2007.0
2026-07-24 01:00:00,28672.25,28701.5,28656.5,28661.25,1828.0
2026-07-24 01:15:00,28662.5,28693.0,28641.25,28656.25,1914.0
2026-07-24 01:30:00,28655.5,28685.5,28646.25,28664.0,1696.0
2026-07-24 01:45:00,28663.0,28673.25,28607.0,28614.25,1570.0
2026-07-24 02:00:00,28612.75,28632.0,28593.75,28616.75,1474.0
2026-07-24 02:15:00,28617.5,28625.0,28587.0,28594.75,1605.0
2026-07-24 02:30:00,28595.25,28598.25,28547.75,28548.0,2280.0
2026-07-24 02:45:00,28548.0,28552.5,28515.0,28519.25,2086.0
2026-07-24 03:00:00,28520.0,28546.5,28517.75,28539.5,1494.0
2026-07-24 03:15:00,28539.5,28560.75,28521.25,28545.5,2066.0
2026-07-24 03:30:00,28544.25,28555.75,28499.75,28505.0,2215.0
2026-07-24 03:45:00,28503.5,28520.0,28482.0,28486.0,2001.0
2026-07-24 04:00:00,28513.75,28515.75,28481.25,28485.0,2101.0
2026-07-24 04:15:00,28485.25,28556.75,28483.0,28551.75,1713.0
2026-07-24 04:30:00,28550.5,28558.0,28512.25,28529.25,1134.0
2026-07-24 04:45:00,28528.75,28571.5,28520.0,28565.25,1528.0
2026-07-24 05:00:00,28564.5,28600.25,28548.25,28593.25,1400.0
2026-07-24 05:15:00,28590.75,28602.0,28569.5,28582.25,1408.0
2026-07-24 05:30:00,28583.0,28595.0,28566.5,28590.25,1294.0
2026-07-24 05:45:00,28589.75,28607.0,28544.0,28545.0,1530.0
2026-07-24 06:00:00,28546.75,28550.0,28503.0,28508.75,1694.0
2026-07-24 06:15:00,28512.0,28576.25,28507.75,28534.5,2314.0
2026-07-24 06:30:00,28536.5,28561.5,28505.0,28507.0,1387.0
2026-07-24 06:45:00,28507.75,28548.0,28481.0,28543.75,1983.0
2026-07-24 07:00:00,28544.0,28637.75,28539.25,28636.5,3604.0
2026-07-24 07:15:00,28637.0,28663.0,28623.5,28654.0,2233.0
2026-07-24 07:30:00,28653.75,28658.0,28609.0,28626.25,1495.0
2026-07-24 07:45:00,28625.5,28633.0,28611.25,28614.25,1001.0
2026-07-24 08:00:00,28615.75,28619.0,28556.5,28573.5,2401.0
2026-07-24 08:15:00,28573.5,28622.25,28571.25,28621.75,1587.0
2026-07-24 08:30:00,28621.75,28649.5,28614.75,28631.0,1612.0
2026-07-24 08:45:00,28630.0,28635.0,28609.0,28622.0,833.0
2026-07-24 09:00:00,28623.5,28681.25,28612.0,28643.25,1972.0
2026-07-24 09:15:00,28642.0,28677.0,28632.0,28672.75,1554.0
2026-07-24 09:30:00,28674.75,28702.0,28663.25,28695.25,1920.0
2026-07-24 09:45:00,28695.5,28704.25,28680.25,28700.5,999.0
2026-07-24 10:00:00,28700.25,28706.25,28658.5,28664.0,1489.0
2026-07-24 10:15:00,28663.5,28679.25,28654.25,28667.5,1407.0
2026-07-24 10:30:00,28668.25,28686.5,28637.75,28646.5,1406.0
2026-07-24 10:45:00,28646.5,28657.25,28633.25,28640.5,1234.0
2026-07-24 11:00:00,28640.0,28666.75,28632.0,28656.0,1685.0
2026-07-24 11:15:00,28656.75,28663.75,28637.0,28644.25,1228.0
2026-07-24 11:30:00,28641.0,28649.0,28616.25,28616.25,1855.0
2026-07-24 11:45:00,28618.5,28700.0,28601.5,28680.5,3960.0
2026-07-24 12:00:00,28678.5,28695.5,28624.25,28690.0,3713.0
2026-07-24 12:15:00,28689.25,28698.5,28650.0,28686.5,2952.0
2026-07-24 12:30:00,28686.0,28689.0,28624.25,28629.75,2726.0
2026-07-24 12:45:00,28628.75,28635.75,28587.25,28592.0,3470.0
2026-07-24 13:00:00,28591.25,28602.5,28571.75,28591.75,3799.0
2026-07-24 13:15:00,28590.75,28616.0,28538.0,28540.25,6017.0
2026-07-24 13:30:00,28540.0,28622.0,28458.25,28485.0,35800.0
2026-07-24 13:45:00,28483.25,28511.75,28313.5,28322.25,32517.0
2026-07-24 14:00:00,28323.0,28440.25,28304.25,28421.25,22908.0
2026-07-24 14:15:00,28393.5,28423.5,28299.0,28391.0,31258.0
2026-07-24 14:30:00,28391.75,28396.0,28262.75,28287.25,20282.0
2026-07-24 14:45:00,28287.0,28461.5,28254.5,28449.25,23490.0
2026-07-24 15:00:00,28449.0,28510.0,28355.0,28493.25,25662.0
2026-07-24 15:15:00,28494.25,28557.25,28453.5,28499.75,21892.0
2026-07-24 15:30:00,28500.75,28577.5,28484.5,28506.0,17553.0
2026-07-24 15:45:00,28507.0,28583.75,28491.75,28576.0,13851.0
2026-07-24 16:00:00,28576.75,28630.75,28549.5,28574.25,14454.0
2026-07-24 16:15:00,28574.5,28594.0,28552.5,28565.75,9362.0
2026-07-24 16:30:00,28566.0,28569.0,28495.0,28499.75,12608.0
2026-07-24 16:45:00,28499.25,28511.0,28460.25,28495.75,9559.0
2026-07-24 17:00:00,28494.75,28502.5,28427.0,28459.25,13415.0
2026-07-24 17:15:00,28458.0,28521.75,28441.0,28514.5,9621.0
2026-07-24 17:30:00,28515.25,28544.0,28463.0,28464.75,9237.0
2026-07-24 17:45:00,28464.75,28501.75,28452.0,28466.0,7146.0
2026-07-24 18:00:00,28467.0,28486.0,28420.25,28428.25,7192.0
2026-07-24 18:15:00,28428.25,28431.0,28333.0,28336.25,11109.0
2026-07-24 18:30:00,28337.75,28346.75,28259.0,28276.5,16612.0
2026-07-24 18:45:00,28275.25,28328.5,28269.75,28302.5,10392.0
2026-07-24 19:00:00,28301.75,28328.5,28219.75,28221.75,13714.0
2026-07-24 19:15:00,28220.75,28266.5,28212.5,28253.5,10298.0
2026-07-24 19:30:00,28253.0,28304.75,28238.75,28274.0,15320.0
2026-07-24 19:45:00,28274.25,28295.0,28224.5,28283.25,26661.0
2026-07-24 20:00:00,28283.5,28303.25,28259.25,28291.25,9547.0
2026-07-24 20:15:00,28292.25,28329.5,28292.25,28305.0,2453.0
2026-07-24 20:30:00,28303.5,28307.25,28283.75,28305.5,1912.0
2026-07-24 20:45:00,28305.75,28313.5,28282.25,28282.25,1407.0
2026-07-26 22:00:00,28594.5,28615.0,28585.5,28614.0,529.0
2026-07-26 22:15:00,28614.5,28647.0,28594.5,28623.25,2231.0
2026-07-26 22:30:00,28623.5,28641.5,28618.75,28626.0,1092.0
2026-07-26 22:45:00,28625.25,28636.25,28604.0,28609.5,1063.0
2026-07-26 23:00:00,28612.25,28638.75,28597.75,28630.75,1269.0
2026-07-26 23:15:00,28631.5,28637.0,28610.25,28616.75,871.0
2026-07-26 23:30:00,28617.0,28669.75,28610.5,28653.75,1354.0
2026-07-26 23:45:00,28654.75,28731.0,28638.0,28727.5,3388.0
2026-07-27 00:00:00,28728.25,28733.75,28615.0,28663.5,4952.0
2026-07-27 00:15:00,28661.75,28662.5,28581.75,28619.25,3476.0
2026-07-27 00:30:00,28618.25,28656.0,28597.25,28598.25,2116.0
2026-07-27 00:45:00,28600.0,28655.25,28595.25,28598.25,1916.0
2026-07-27 01:00:00,28599.75,28634.5,28565.75,28572.75,2278.0
2026-07-27 01:15:00,28572.25,28582.0,28525.0,28538.0,3184.0
2026-07-27 01:30:00,28542.75,28621.25,28536.0,28590.25,2928.0
2026-07-27 01:45:00,28589.5,28614.0,28571.75,28614.0,1575.0
2026-07-27 02:00:00,28614.75,28627.75,28587.0,28608.5,1594.0
2026-07-27 02:15:00,28606.75,28652.75,28605.5,28638.5,1633.0
2026-07-27 02:30:00,28639.0,28657.25,28606.25,28648.25,1325.0
2026-07-27 02:45:00,28650.25,28658.5,28611.5,28615.5,910.0
2026-07-27 03:00:00,28615.5,28646.0,28606.0,28644.25,1386.0
2026-07-27 03:15:00,28644.0,28650.75,28618.25,28619.25,833.0
2026-07-27 03:30:00,28620.5,28637.0,28599.75,28619.75,993.0
2026-07-27 03:45:00,28619.0,28627.0,28592.75,28613.5,806.0
2026-07-27 04:00:00,28614.0,28626.5,28597.75,28621.0,707.0
2026-07-27 04:15:00,28621.25,28647.0,28606.75,28620.75,989.0
2026-07-27 04:30:00,28620.75,28653.75,28609.25,28648.75,814.0
2026-07-27 04:45:00,28648.75,28663.0,28637.75,28644.0,1068.0
2026-07-27 05:00:00,28646.25,28674.75,28638.0,28671.5,906.0
2026-07-27 05:15:00,28669.0,28684.0,28665.25,28679.75,973.0
2026-07-27 05:30:00,28680.0,28703.75,28673.75,28686.5,1579.0
2026-07-27 05:45:00,28685.75,28704.25,28681.25,28694.5,867.0
2026-07-27 06:00:00,28694.5,28728.5,28693.75,28717.25,1748.0
2026-07-27 06:15:00,28716.75,28723.0,28693.75,28697.75,1225.0
2026-07-27 06:30:00,28697.25,28715.5,28694.0,28696.0,1335.0
2026-07-27 06:45:00,28697.25,28702.75,28680.0,28695.0,1303.0
2026-07-27 07:00:00,28692.75,28729.0,28689.0,28727.5,1779.0
2026-07-27 07:15:00,28728.25,28732.0,28702.5,28705.25,997.0
2026-07-27 07:30:00,28703.25,28704.0,28672.0,28695.5,1705.0
2026-07-27 07:45:00,28695.5,28701.75,28661.25,28661.75,1179.0
2026-07-27 08:00:00,28661.0,28701.25,28658.5,28693.25,1697.0
2026-07-27 08:15:00,28692.0,28724.25,28677.0,28719.0,987.0
2026-07-27 08:30:00,28720.75,28744.0,28703.25,28733.75,1546.0
2026-07-27 08:45:00,28736.5,28749.5,28724.5,28736.0,1056.0
2026-07-27 09:00:00,28737.0,28738.75,28719.75,28725.5,1020.0
2026-07-27 09:15:00,28725.25,28738.75,28723.25,28726.25,878.0
2026-07-27 09:30:00,28727.0,28748.25,28718.25,28746.75,1524.0
2026-07-27 09:45:00,28746.0,28763.25,28742.5,28744.75,1480.0
2026-07-27 10:00:00,28744.0,28753.5,28726.25,28737.75,1395.0
2026-07-27 10:15:00,28738.75,28748.0,28730.25,28738.0,832.0
2026-07-27 10:30:00,28740.0,28750.5,28733.75,28748.0,744.0
2026-07-27 10:45:00,28746.0,28758.0,28739.75,28740.75,838.0
2026-07-27 11:00:00,28742.0,28743.5,28708.25,28712.5,1572.0
2026-07-27 11:15:00,28711.5,28720.0,28648.5,28652.75,2242.0
2026-07-27 11:30:00,28653.25,28685.0,28645.5,28667.75,3156.0
2026-07-27 11:45:00,28667.25,28677.0,28659.25,28673.0,1310.0
2026-07-27 12:00:00,28673.25,28697.75,28633.25,28635.0,2954.0
2026-07-27 12:15:00,28637.0,28653.25,28629.25,28650.75,1897.0
2026-07-27 12:30:00,28650.5,28671.0,28631.75,28669.0,2092.0
2026-07-27 12:45:00,28669.25,28692.5,28666.25,28690.25,2916.0
2026-07-27 13:00:00,28692.0,28700.0,28647.75,28662.25,3580.0
2026-07-27 13:15:00,28662.75,28676.0,28588.0,28590.5,6081.0
2026-07-27 13:30:00,28590.5,28615.75,28428.0,28455.0,39633.0
2026-07-27 13:45:00,28455.0,28504.0,28341.25,28347.75,28959.0
2026-07-27 14:00:00,28347.75,28372.75,28230.75,28252.0,33004.0
2026-07-27 14:15:00,28253.25,28299.0,28075.25,28086.25,28029.0
2026-07-27 14:30:00,28086.5,28105.25,27939.0,27959.0,34558.0
2026-07-27 14:45:00,27958.5,28180.25,27957.25,28169.25,31501.0
2026-07-27 15:00:00,28171.0,28198.5,28121.75,28124.75,22898.0
2026-07-27 15:15:00,28125.25,28151.5,28046.0,28072.25,20792.0
2026-07-27 15:30:00,28074.25,28085.75,27980.25,28039.25,16715.0
2026-07-27 15:45:00,28039.75,28074.0,27995.25,28062.5,12784.0
2026-07-27 16:00:00,28062.75,28154.25,28057.75,28078.75,14339.0
2026-07-27 16:15:00,28078.75,28204.5,28043.5,28154.5,19260.0
2026-07-27 16:30:00,28154.0,28196.75,28112.5,28132.75,12870.0
2026-07-27 16:45:00,28134.25,28156.0,28027.75,28048.5,12558.0
2026-07-27 17:00:00,28047.0,28056.25,27993.75,28033.75,11956.0
2026-07-27 17:15:00,28034.0,28043.25,27986.0,27998.75,8475.0
2026-07-27 17:30:00,27998.5,28065.0,27997.5,28036.25,8764.0
2026-07-27 17:45:00,28036.0,28106.25,28013.75,28104.75,8605.0
2026-07-27 18:00:00,28104.75,28121.25,28085.5,28100.5,8481.0
2026-07-27 18:15:00,28100.5,28105.25,28049.75,28082.0,8085.0
2026-07-27 18:30:00,28082.25,28088.25,28019.25,28082.75,10700.0
2026-07-27 18:45:00,28083.0,28191.0,28069.5,28188.25,12400.0
2026-07-27 19:00:00,28188.75,28232.25,28165.25,28201.25,11521.0
2026-07-27 19:15:00,28200.75,28247.5,28195.5,28243.5,9087.0
2026-07-27 19:30:00,28243.0,28255.75,28172.5,28175.75,10455.0
2026-07-27 19:45:00,28176.0,28205.0,28155.25,28192.75,21681.0
2026-07-27 20:00:00,28193.25,28219.5,28169.25,28190.75,8739.0
2026-07-27 20:15:00,28190.5,28194.5,28174.25,28194.5,1557.0
2026-07-27 20:30:00,28194.5,28230.0,28186.75,28207.5,1710.0
2026-07-27 20:45:00,28208.25,28212.0,28186.75,28210.0,1682.0
2026-07-27 22:00:00,28210.5,28228.0,28156.0,28158.5,817.0
2026-07-27 22:15:00,28159.0,28167.75,28125.5,28129.5,1704.0
2026-07-27 22:30:00,28128.25,28156.5,28124.5,28133.5,1194.0
2026-07-27 22:45:00,28134.75,28149.0,28123.5,28132.5,1039.0
2026-07-27 23:00:00,28131.75,28151.75,28105.25,28129.0,1498.0
2026-07-27 23:15:00,28129.25,28163.25,28118.0,28162.25,1224.0
2026-07-27 23:30:00,28160.75,28161.5,28130.0,28132.0,787.0
2026-07-27 23:45:00,28134.5,28179.25,28121.25,28163.5,2148.0
2026-07-28 00:00:00,28164.75,28195.0,28094.75,28111.0,3326.0
2026-07-28 00:15:00,28111.0,28132.0,28068.25,28104.5,2648.0
2026-07-28 00:30:00,28103.75,28139.75,28059.75,28121.0,2284.0
2026-07-28 00:45:00,28118.75,28119.5,28052.75,28072.0,2073.0
2026-07-28 01:00:00,28072.0,28078.0,27969.0,27992.75,4256.0
2026-07-28 01:15:00,27993.25,28078.25,27986.0,28062.25,3262.0
2026-07-28 01:30:00,28093.5,28095.5,28046.75,28080.75,1987.0
2026-07-28 01:45:00,28078.75,28094.75,28008.75,28022.0,1836.0
2026-07-28 02:00:00,28021.75,28024.25,27984.25,27996.25,1952.0
2026-07-28 02:15:00,27992.75,28030.25,27972.25,27987.75,2181.0
2026-07-28 02:30:00,27987.0,27989.5,27951.5,27972.0,2284.0
2026-07-28 02:45:00,27972.5,28006.75,27955.0,27993.0,1931.0
2026-07-28 03:00:00,27993.0,27998.0,27932.5,27968.75,2330.0
2026-07-28 03:15:00,27967.5,28047.25,27964.0,27987.5,3023.0
2026-07-28 03:30:00,27984.5,28063.25,27951.5,28056.75,3052.0
2026-07-28 03:45:00,28057.25,28070.5,28026.5,28050.75,1387.0
2026-07-28 04:00:00,28013.5,28016.25,27978.0,27986.75,1411.0
2026-07-28 04:15:00,27986.0,28017.0,27970.0,27972.75,1557.0
2026-07-28 04:30:00,27972.75,27984.0,27960.0,27974.25,1083.0
2026-07-28 04:45:00,27974.25,28003.0,27951.0,27954.75,1284.0
2026-07-28 05:00:00,27957.0,27983.0,27949.0,27963.0,820.0
2026-07-28 05:15:00,28190.0,28190.0,27914.0,27919.5,2106.0
2026-07-28 05:30:00,27921.0,27923.5,27876.0,27897.25,3134.0
2026-07-28 05:45:00,27896.5,27924.0,27870.75,27880.0,1832.0
2026-07-28 06:00:00,27882.25,27902.25,27839.5,27844.25,3488.0
2026-07-28 06:15:00,27847.25,27907.0,27845.5,27902.5,3358.0
2026-07-28 06:30:00,27902.75,27936.0,27892.0,27919.25,2114.0
2026-07-28 06:45:00,27917.0,27958.25,27902.5,27947.25,2059.0
2026-07-28 07:00:00,27945.5,27980.75,27934.0,27972.25,2558.0
2026-07-28 07:15:00,27973.0,27989.0,27939.0,27943.25,1825.0
2026-07-28 07:30:00,27944.0,27962.5,27927.0,27939.75,1817.0
2026-07-28 07:45:00,27939.0,27954.75,27908.0,27933.5,2039.0
2026-07-28 08:00:00,27934.25,27947.75,27880.0,27888.75,2711.0
2026-07-28 08:15:00,27890.75,28007.25,27884.75,27999.5,3478.0
2026-07-28 08:30:00,28003.0,28046.5,27975.0,28037.0,3085.0
2026-07-28 08:45:00,28037.5,28052.0,27986.75,27994.25,2339.0
2026-07-28 09:00:00,27992.25,28015.25,27982.5,27988.75,1525.0
2026-07-28 09:15:00,27990.25,28016.5,27985.25,28012.0,1141.0
2026-07-28 09:30:00,28009.75,28010.25,27967.25,27972.5,1481.0
2026-07-28 09:45:00,27973.75,27981.25,27941.5,27956.0,1404.0
2026-07-28 10:00:00,27956.0,27966.0,27947.5,27952.0,1030.0
2026-07-28 10:15:00,27951.5,27969.5,27933.5,27967.25,1374.0
2026-07-28 10:30:00,27968.5,27980.5,27904.25,27933.0,3430.0
2026-07-28 10:45:00,27932.0,27951.5,27926.5,27942.75,1893.0
2026-07-28 11:00:00,27945.75,27952.25,27864.75,27869.5,3620.0
2026-07-28 11:15:00,27869.25,27958.0,27869.25,27883.0,4432.0
2026-07-28 11:30:00,27882.0,27929.25,27848.25,27863.75,3613.0
2026-07-28 11:45:00,27862.5,27975.0,27859.75,27963.75,3603.0
2026-07-28 12:00:00,27962.5,28001.75,27949.25,27963.0,3133.0
2026-07-28 12:15:00,27967.0,28018.5,27949.5,28010.0,3070.0
2026-07-28 12:30:00,28010.75,28027.75,27956.25,28009.5,5637.0
2026-07-28 12:45:00,28010.5,28032.75,27977.5,27993.25,4287.0
2026-07-28 13:00:00,27993.75,28027.75,27974.0,28001.25,4504.0
2026-07-28 13:15:00,28003.0,28028.5,27938.0,27950.25,6199.0
2026-07-28 13:30:00,27950.25,27992.0,27728.5,27749.75,47809.0
2026-07-28 13:45:00,27749.25,27799.0,27641.75,27665.25,44225.0
2026-07-28 14:00:00,27665.5,27793.5,27608.75,27630.25,33949.0
2026-07-28 14:15:00,27631.75,27717.5,27603.5,27706.5,30822.0
2026-07-28 14:30:00,27706.5,27793.0,27669.0,27772.25,24507.0
2026-07-28 14:45:00,27770.75,27890.0,27745.5,27801.75,28677.0
2026-07-28 15:00:00,27803.0,27882.0,27768.0,27854.25,23627.0
2026-07-28 15:15:00,27853.75,28010.0,27836.5,27965.0,24778.0
2026-07-28 15:30:00,27965.75,28036.0,27948.75,28031.5,16651.0
2026-07-28 15:45:00,28032.0,28062.5,28010.5,28048.0,15959.0
2026-07-28 16:00:00,28047.75,28068.75,27996.75,28007.5,15853.0
2026-07-28 16:15:00,28007.75,28045.25,27984.75,27995.25,11656.0
2026-07-28 16:30:00,27995.5,28043.75,27953.5,28032.75,12880.0
2026-07-28 16:45:00,28032.0,28080.0,27993.0,28057.5,11783.0
2026-07-28 17:00:00,28057.5,28066.5,27969.0,27988.0,13844.0
2026-07-28 17:15:00,27988.0,28045.75,27973.5,27996.5,10996.0
2026-07-28 17:30:00,27996.0,28043.5,27949.0,27954.5,9478.0
2026-07-28 17:45:00,27954.25,27987.0,27925.0,27972.5,10196.0
2026-07-28 18:00:00,27974.0,27999.5,27915.0,27917.0,10656.0
2026-07-28 18:15:00,27917.25,27947.75,27912.5,27925.25,8155.0
2026-07-28 18:30:00,27926.75,27963.75,27920.5,27937.75,8165.0
2026-07-28 18:45:00,27937.5,27979.5,27929.0,27972.75,8045.0
2026-07-28 19:00:00,27972.25,28021.75,27972.0,27987.25,10347.0
2026-07-28 19:15:00,27986.5,28021.25,27965.25,28017.75,9564.0
2026-07-28 19:30:00,28018.0,28023.75,27941.5,27954.25,11939.0
2026-07-28 19:45:00,27954.25,27988.25,27911.0,27919.5,22993.0
2026-07-28 20:00:00,27919.25,27967.75,27884.25,27918.5,12341.0
2026-07-28 20:15:00,27920.5,27991.25,27910.75,27977.75,3898.0
2026-07-28 20:30:00,27977.0,27983.25,27937.5,27947.75,3032.0
2026-07-28 20:45:00,27947.75,27962.75,27935.75,27960.5,1576.0
2026-07-28 22:00:00,27962.0,28013.25,27955.75,27972.0,1365.0
2026-07-28 22:15:00,27973.0,27979.0,27906.5,27939.25,2433.0
2026-07-28 22:30:00,27939.0,27943.25,27855.25,27861.0,2624.0
2026-07-28 22:45:00,27863.25,27863.5,27756.25,27756.75,5090.0
2026-07-28 23:00:00,27758.25,27857.75,27728.5,27842.75,5578.0
2026-07-28 23:15:00,27842.5,27890.5,27809.25,27889.25,3158.0
2026-07-28 23:30:00,27888.5,28025.0,27884.5,28014.0,3549.0
2026-07-28 23:45:00,28012.25,28104.5,27989.75,28102.5,6312.0
2026-07-29 00:00:00,28102.75,28178.25,28077.25,28141.25,5360.0
2026-07-29 00:15:00,28139.75,28161.5,28052.0,28077.75,4120.0
2026-07-29 00:30:00,28073.75,28080.0,28018.0,28068.75,3079.0
2026-07-29 00:45:00,28068.0,28085.0,28000.25,28013.25,2035.0
2026-07-29 01:00:00,28011.75,28041.25,27911.5,27922.0,3102.0
2026-07-29 01:15:00,27920.25,28007.0,27896.25,27971.75,3742.0
2026-07-29 01:30:00,27972.0,27982.25,27878.0,27880.0,2859.0
2026-07-29 01:45:00,27879.5,27892.0,27784.0,27785.25,4185.0
2026-07-29 02:00:00,27785.0,27868.0,27770.25,27845.25,4564.0
2026-07-29 02:15:00,27842.75,27896.5,27796.0,27896.5,2776.0
2026-07-29 02:30:00,27894.5,27912.75,27858.25,27887.75,2266.0
2026-07-29 02:45:00,27887.75,27891.0,27823.0,27839.5,1797.0
2026-07-29 03:00:00,27839.0,27882.5,27788.0,27828.5,2987.0
2026-07-29 03:15:00,27831.0,27839.75,27775.5,27777.75,1633.0
2026-07-29 03:30:00,27776.75,27792.5,27742.25,27772.75,2597.0
2026-07-29 03:45:00,27773.5,27786.0,27702.0,27718.0,2469.0
2026-07-29 04:00:00,27700.0,27715.25,27676.75,27691.5,2614.0
2026-07-29 04:15:00,27691.5,27715.75,27648.0,27684.75,2907.0
2026-07-29 04:30:00,27682.25,27720.0,27648.75,27649.75,2052.0
2026-07-29 04:45:00,27651.25,27759.0,27640.0,27756.0,2760.0
2026-07-29 05:00:00,27758.75,27834.75,27735.75,27832.5,3148.0
2026-07-29 05:15:00,27833.75,27834.25,27773.25,27815.25,2379.0
2026-07-29 05:30:00,27815.25,27852.75,27787.0,27826.75,2677.0
2026-07-29 05:45:00,27828.0,27841.75,27790.0,27794.0,1719.0
2026-07-29 06:00:00,27794.0,27797.25,27736.25,27764.5,2167.0
2026-07-29 06:15:00,27766.5,27811.25,27755.25,27811.0,2264.0
2026-07-29 06:30:00,27811.5,27913.5,27811.5,27910.25,3070.0
2026-07-29 06:45:00,27907.5,27942.25,27895.0,27928.75,2295.0
2026-07-29 07:00:00,27928.75,27945.5,27895.75,27923.0,2448.0
2026-07-29 07:15:00,27923.0,27953.0,27905.75,27946.25,2156.0
2026-07-29 07:30:00,27945.75,27962.75,27920.25,27920.25,1826.0
2026-07-29 07:45:00,27922.0,27923.25,27891.25,27906.0,1518.0
2026-07-29 08:00:00,27906.25,27924.75,27857.5,27861.0,2468.0
2026-07-29 08:15:00,27864.5,27870.0,27820.0,27841.5,2045.0
2026-07-29 08:30:00,27842.0,27930.5,27830.75,27923.25,2032.0
2026-07-29 08:45:00,27924.5,27939.25,27896.0,27904.0,1438.0
2026-07-29 09:00:00,27904.5,27978.5,27901.0,27978.0,2111.0
2026-07-29 09:15:00,27977.25,27986.0,27951.5,27977.5,1800.0
2026-07-29 09:30:00,27976.5,28012.5,27957.75,27999.75,1524.0
2026-07-29 09:45:00,28002.25,28060.0,27999.0,28019.75,3101.0
2026-07-29 10:00:00,28018.25,28046.0,28003.75,28010.25,1846.0
2026-07-29 10:15:00,28010.75,28024.5,27986.25,28017.25,1949.0
2026-07-29 10:30:00,28017.5,28023.0,27953.25,27968.25,1853.0
2026-07-29 10:45:00,27968.0,27970.25,27931.5,27948.0,2177.0
2026-07-29 11:00:00,27950.25,28003.75,27934.5,27992.25,2439.0
2026-07-29 11:15:00,27991.25,28023.75,27983.25,28000.75,2106.0
2026-07-29 11:30:00,27999.25,28008.0,27959.5,27965.75,1752.0
2026-07-29 11:45:00,27965.25,28004.25,27956.75,28002.75,2090.0
2026-07-29 12:00:00,28002.0,28007.75,27933.75,27940.0,2433.0
2026-07-29 12:15:00,27940.0,27947.5,27852.75,27867.25,5426.0
2026-07-29 12:30:00,27867.0,27918.5,27844.25,27911.75,2997.0
2026-07-29 12:45:00,27912.0,27933.25,27903.5,27907.75,2675.0
2026-07-29 13:00:00,27909.0,27917.0,27869.5,27872.75,3599.0
2026-07-29 13:15:00,27872.0,27942.5,27856.0,27914.0,6493.0
2026-07-29 13:30:00,27914.5,27996.0,27836.5,27916.5,35462.0
2026-07-29 13:45:00,27916.25,27948.0,27667.75,27733.75,31102.0
2026-07-29 14:00:00,27735.25,27826.5,27635.75,27648.0,32305.0
2026-07-29 14:15:00,27648.75,27695.75,27538.75,27573.25,28314.0
2026-07-29 14:30:00,27571.0,27652.25,27510.0,27537.75,25176.0
2026-07-29 14:45:00,27537.0,27615.75,27518.25,27600.0,21661.0
2026-07-29 15:00:00,27600.5,27657.5,27565.75,27577.75,23139.0
2026-07-29 15:15:00,27577.5,27625.0,27547.0,27555.75,16487.0
2026-07-29 15:30:00,27556.25,27596.75,27518.0,27535.25,13067.0
2026-07-29 15:45:00,27533.75,27566.5,27464.5,27517.0,15068.0
2026-07-29 16:00:00,27518.25,27542.0,27419.5,27419.75,15300.0
2026-07-29 16:15:00,27420.25,27556.5,27409.25,27551.0,14935.0
2026-07-29 16:30:00,27551.25,27586.0,27485.25,27504.0,14144.0
2026-07-29 16:45:00,27502.5,27603.5,27489.5,27603.25,12487.0
2026-07-29 17:00:00,27603.75,27737.25,27595.25,27736.5,15511.0
2026-07-29 17:15:00,27736.5,27750.0,27651.0,27651.0,13770.0
2026-07-29 17:30:00,27650.75,27695.0,27629.5,27681.0,10635.0
2026-07-29 17:45:00,27681.25,27727.75,27656.0,27721.75,8486.0
2026-07-29 18:00:00,27723.0,27888.5,27714.75,27798.5,31843.0
2026-07-29 18:15:00,27800.0,27843.5,27727.5,27776.5,17036.0
2026-07-29 18:30:00,27777.0,27987.5,27709.0,27975.5,26579.0
2026-07-29 18:45:00,27974.5,28096.75,27961.25,28056.75,24118.0
2026-07-29 19:00:00,28057.5,28099.5,27839.5,27905.0,28074.0
2026-07-29 19:15:00,27905.0,27938.0,27640.75,27712.25,29534.0
2026-07-29 19:30:00,27711.25,27744.0,27458.75,27473.5,31346.0
2026-07-29 19:45:00,27473.25,27512.25,27317.5,27336.75,44723.0
2026-07-29 20:00:00,27338.25,27364.0,27201.5,27300.5,28108.0
2026-07-29 20:15:00,27300.0,27338.75,27209.5,27242.25,6612.0
2026-07-29 20:30:00,27244.0,27331.25,27207.0,27312.0,4862.0
2026-07-29 20:45:00,27312.25,27322.25,27256.5,27259.25,2827.0
2026-07-29 22:00:00,27202.0,27489.5,27202.0,27434.75,5710.0
2026-07-29 22:15:00,27437.25,27484.0,27395.5,27435.0,4232.0
2026-07-29 22:30:00,27435.75,27465.5,27412.0,27459.75,2444.0
2026-07-29 22:45:00,27460.0,27479.5,27418.75,27451.5,2308.0
2026-07-29 23:00:00,27449.5,27524.25,27446.25,27476.5,3643.0
2026-07-29 23:15:00,27482.25,27541.0,27469.25,27532.75,2773.0
2026-07-29 23:30:00,27534.25,27559.25,27500.0,27523.75,2612.0
2026-07-29 23:45:00,27520.0,27555.5,27495.25,27520.75,3568.0
2026-07-30 00:00:00,27521.75,27608.0,27472.25,27578.75,5465.0
2026-07-30 00:15:00,27579.0,27602.75,27550.5,27593.5,3720.0
2026-07-30 00:30:00,27594.75,27611.0,27489.75,27506.25,3702.0
2026-07-30 00:45:00,27505.75,27548.75,27490.25,27547.25,3441.0
2026-07-30 01:00:00,27547.25,27664.25,27535.25,27570.75,5176.0
2026-07-30 01:15:00,27569.5,27648.0,27565.0,27637.75,2428.0
2026-07-30 01:30:00,27637.75,27694.5,27635.25,27678.0,3189.0
2026-07-30 01:45:00,27677.5,27696.75,27648.25,27653.0,2560.0
2026-07-30 02:00:00,27652.0,27687.5,27629.25,27636.0,2747.0
2026-07-30 02:15:00,27636.0,27653.25,27603.25,27610.5,1945.0
2026-07-30 02:30:00,27613.25,27613.25,27559.5,27610.0,2659.0
2026-07-30 02:45:00,27610.75,27631.0,27539.0,27541.75,2395.0
2026-07-30 03:00:00,27542.0,27576.25,27485.0,27497.0,2600.0
2026-07-30 03:15:00,27498.75,27523.25,27471.25,27515.5,2372.0
2026-07-30 03:30:00,27516.5,27556.75,27480.25,27532.5,2611.0
2026-07-30 03:45:00,27529.5,27563.5,27517.75,27521.5,1423.0
2026-07-30 04:00:00,27507.5,27508.5,27481.75,27485.25,1631.0
2026-07-30 04:15:00,27485.0,27541.75,27459.5,27535.0,1953.0
2026-07-30 04:30:00,27534.0,27543.75,27461.75,27471.0,1636.0
2026-07-30 04:45:00,27469.25,27512.0,27434.75,27447.75,1680.0
2026-07-30 05:00:00,27446.25,27457.25,27421.0,27456.5,1586.0
2026-07-30 05:15:00,27458.25,27499.5,27453.25,27478.25,1805.0
2026-07-30 05:30:00,27476.5,27526.5,27465.0,27521.0,1530.0
2026-07-30 05:45:00,27521.75,27546.25,27463.5,27487.75,2155.0
2026-07-30 06:00:00,27487.0,27507.0,27457.0,27468.5,1449.0
2026-07-30 06:15:00,27467.75,27498.0,27447.5,27479.5,1408.0
2026-07-30 06:30:00,27481.5,27484.5,27434.75,27436.75,1429.0
2026-07-30 06:45:00,27435.25,27463.0,27415.0,27434.25,1490.0
2026-07-30 07:00:00,27433.75,27521.75,27416.25,27475.75,4475.0
2026-07-30 07:15:00,27478.75,27482.25,27392.75,27408.0,2717.0
2026-07-30 07:30:00,27413.0,27447.5,27351.25,27434.0,2890.0
2026-07-30 07:45:00,27431.5,27441.75,27389.5,27395.25,1951.0
2026-07-30 08:00:00,27394.5,27456.0,27337.5,27437.75,3983.0
2026-07-30 08:15:00,27437.75,27522.5,27425.75,27506.5,3079.0
2026-07-30 08:30:00,27510.5,27527.25,27489.0,27493.75,1442.0
2026-07-30 08:45:00,27493.25,27508.75,27460.5,27485.25,1100.0
2026-07-30 09:00:00,27486.0,27555.0,27469.75,27534.5,1821.0
2026-07-30 09:15:00,27536.75,27574.75,27525.25,27554.5,2545.0
2026-07-30 09:30:00,27553.5,27586.0,27538.25,27543.5,1649.0
2026-07-30 09:45:00,27544.25,27555.75,27508.0,27514.75,1432.0
2026-07-30 10:00:00,27515.5,27564.5,27488.25,27541.5,2523.0
2026-07-30 10:15:00,27543.25,27627.25,27541.25,27617.75,2669.0
2026-07-30 10:30:00,27616.5,27648.0,27606.5,27631.0,2599.0
2026-07-30 10:45:00,27631.0,27647.75,27611.0,27618.5,1899.0
2026-07-30 11:00:00,27619.0,27686.5,27613.0,27665.75,3426.0
2026-07-30 11:15:00,27666.0,27730.0,27661.5,27715.0,3110.0
2026-07-30 11:30:00,27715.5,27727.25,27673.0,27699.75,3582.0
2026-07-30 11:45:00,27700.75,27745.25,27700.5,27725.0,2567.0
2026-07-30 12:00:00,27723.5,27765.5,27695.75,27763.0,4008.0
2026-07-30 12:15:00,27763.0,27766.25,27714.0,27740.25,3555.0
2026-07-30 12:30:00,27740.25,27808.75,27715.25,27777.0,7671.0
2026-07-30 12:45:00,27777.0,27821.75,27763.0,27805.5,4618.0
2026-07-30 13:00:00,27807.0,27876.25,27793.0,27840.0,12681.0
2026-07-30 13:15:00,27840.0,27883.25,27831.25,27874.25,7808.0
2026-07-30 13:30:00,27875.75,27996.5,27813.25,27976.25,46992.0
2026-07-30 13:45:00,27976.75,28162.25,27973.25,28151.75,39574.0
2026-07-30 14:00:00,28150.5,28183.75,28066.75,28107.5,37152.0
2026-07-30 14:15:00,28107.25,28240.0,28080.25,28226.0,29973.0
2026-07-30 14:30:00,28226.5,28246.5,28160.25,28175.5,23687.0
2026-07-30 14:45:00,28175.5,28196.0,28022.5,28070.75,27631.0
2026-07-30 15:00:00,28071.5,28137.75,28012.75,28023.75,26378.0
2026-07-30 15:15:00,28024.5,28099.5,27996.25,28010.5,20187.0
2026-07-30 15:30:00,28010.5,28108.5,28001.0,28089.5,17156.0
2026-07-30 15:45:00,28090.0,28133.75,28049.25,28079.5,15681.0
2026-07-30 16:00:00,28078.75,28190.0,28059.0,28186.0,16108.0
2026-07-30 16:15:00,28185.25,28192.75,28140.5,28144.25,11060.0
2026-07-30 16:30:00,28144.25,28150.5,28054.5,28068.75,12392.0
2026-07-30 16:45:00,28068.25,28136.5,28066.25,28126.75,11762.0
2026-07-30 17:00:00,28127.0,28183.75,28126.0,28159.25,11185.0
2026-07-30 17:15:00,28158.25,28207.75,28156.25,28169.0,8756.0
2026-07-30 17:30:00,28169.5,28197.75,28139.5,28188.25,9998.0
2026-07-30 17:45:00,28188.5,28208.5,28165.5,28177.5,7850.0
2026-07-30 18:00:00,28177.5,28205.0,28167.0,28200.5,6708.0
2026-07-30 18:15:00,28200.5,28203.75,28162.25,28183.0,6788.0
2026-07-30 18:30:00,28183.0,28199.0,28148.5,28167.5,7867.0
2026-07-30 18:45:00,28167.0,28189.5,28154.75,28180.5,7486.0
2026-07-30 19:00:00,28180.75,28296.5,28179.75,28274.75,18417.0
2026-07-30 19:15:00,28274.25,28297.75,28242.0,28244.5,12321.0
2026-07-30 19:30:00,28243.75,28257.25,28219.75,28232.25,11916.0
2026-07-30 19:45:00,28232.75,28262.5,28202.5,28230.75,35911.0
2026-07-30 20:00:00,28230.75,28367.0,28205.5,28324.75,17214.0
2026-07-30 20:15:00,28324.25,28372.25,28322.75,28366.25,5281.0
2026-07-30 20:30:00,28366.5,28414.5,28311.0,28361.25,7206.0
2026-07-30 20:45:00,28360.0,28363.0,28322.5,28333.5,2455.0
2026-07-30 22:00:00,28317.0,28413.75,28300.0,28384.75,1545.0
2026-07-30 22:15:00,28382.5,28407.0,28350.5,28354.0,2192.0
2026-07-30 22:30:00,28352.0,28406.0,28331.0,28403.0,2049.0
2026-07-30 22:45:00,28402.75,28409.75,28390.0,28395.0,1336.0
2026-07-30 23:00:00,28394.25,28426.5,28377.0,28384.75,1836.0
2026-07-30 23:15:00,28386.0,28392.5,28364.0,28378.0,1232.0
2026-07-30 23:30:00,28378.25,28416.5,28362.25,28406.75,1379.0
2026-07-30 23:45:00,28406.75,28445.0,28391.5,28422.75,2243.0
2026-07-31 00:00:00,28424.0,28476.5,28397.25,28466.75,3942.0
2026-07-31 00:15:00,28467.0,28488.0,28447.25,28483.25,2731.0
2026-07-31 00:30:00,28481.0,28509.75,28480.5,28497.25,2284.0
2026-07-31 00:45:00,28500.0,28524.5,28468.75,28521.75,2067.0
2026-07-31 01:00:00,28523.0,28569.5,28522.75,28561.25,2888.0
2026-07-31 01:15:00,28560.0,28572.0,28543.75,28551.0,1995.0
2026-07-31 01:30:00,28549.0,28558.25,28489.0,28497.0,2671.0
2026-07-31 01:45:00,28496.5,28500.0,28455.5,28478.0,2260.0
2026-07-31 02:00:00,28478.0,28499.5,28433.25,28438.0,2439.0
2026-07-31 02:15:00,28438.25,28438.75,28401.0,28423.5,2467.0
2026-07-31 02:30:00,28422.5,28432.0,28389.5,28421.25,1485.0
2026-07-31 02:45:00,28421.0,28438.0,28397.75,28431.25,1832.0
2026-07-31 03:00:00,28431.5,28436.0,28398.0,28418.25,1513.0
2026-07-31 03:15:00,28417.75,28476.5,28417.0,28462.75,1902.0
2026-07-31 03:30:00,28464.5,28478.25,28452.25,28463.75,1136.0
2026-07-31 03:45:00,28461.25,28470.5,28428.25,28461.75,1279.0
2026-07-31 04:00:00,28459.5,28468.0,28452.5,28463.5,1201.0
2026-07-31 04:15:00,28463.5,28512.0,28451.5,28511.25,1384.0
2026-07-31 04:30:00,28512.0,28552.5,28507.75,28551.5,1479.0
2026-07-31 04:45:00,28551.25,28557.0,28534.5,28549.0,1117.0
2026-07-31 05:00:00,28548.75,28570.0,28538.5,28557.75,1508.0
2026-07-31 05:15:00,28558.5,28581.0,28552.5,28573.0,1225.0
2026-07-31 05:30:00,28573.5,28585.75,28541.0,28552.75,1734.0
2026-07-31 05:45:00,28551.75,28590.75,28548.75,28585.0,1668.0
2026-07-31 06:00:00,28585.5,28611.75,28577.0,28606.75,2083.0
2026-07-31 06:15:00,28605.75,28611.0,28580.75,28590.25,1381.0
2026-07-31 06:30:00,28589.5,28593.0,28457.5,28484.0,4205.0
2026-07-31 06:45:00,28484.75,28509.75,28450.0,28488.25,2900.0
2026-07-31 07:00:00,28484.25,28543.25,28455.0,28535.75,3596.0
2026-07-31 07:15:00,28535.0,28574.5,28507.0,28546.0,2380.0
2026-07-31 07:30:00,28547.25,28574.0,28534.5,28566.5,1843.0
2026-07-31 07:45:00,28566.25,28584.25,28542.5,28575.0,1789.0
2026-07-31 08:00:00,28572.75,28590.75,28524.75,28576.75,2917.0
2026-07-31 08:15:00,28576.75,28610.0,28564.25,28600.0,2179.0
2026-07-31 08:30:00,28595.25,28611.0,28561.5,28567.25,1492.0
2026-07-31 08:45:00,28568.75,28607.25,28564.25,28602.75,1341.0
2026-07-31 09:00:00,28603.25,28640.75,28598.25,28629.25,2561.0
2026-07-31 09:15:00,28627.5,28631.25,28584.75,28589.25,1619.0
2026-07-31 09:30:00,28588.75,28591.5,28530.0,28552.5,2763.0
2026-07-31 09:45:00,28552.25,28569.75,28528.5,28533.0,1258.0
2026-07-31 10:00:00,28531.75,28564.75,28519.5,28555.75,2042.0
2026-07-31 10:15:00,28555.0,28579.25,28546.5,28572.0,1188.0
2026-07-31 10:30:00,28572.25,28583.0,28561.75,28578.25,1134.0
2026-07-31 10:45:00,28579.25,28591.25,28552.0,28565.5,1435.0
2026-07-31 11:00:00,28565.5,28626.0,28563.0,28594.75,1996.0
2026-07-31 11:15:00,28596.25,28599.5,28548.5,28553.25,2302.0
2026-07-31 11:30:00,28555.75,28560.75,28523.0,28538.25,2150.0
2026-07-31 11:45:00,28540.0,28560.75,28532.0,28553.5,1521.0
2026-07-31 12:00:00,28554.75,28555.25,28477.0,28481.0,3161.0
2026-07-31 12:15:00,28480.25,28506.0,28448.0,28496.5,4165.0
2026-07-31 12:30:00,28496.75,28502.75,28432.25,28453.0,4630.0
2026-07-31 12:45:00,28452.75,28490.5,28437.75,28468.25,3541.0
2026-07-31 13:00:00,28468.5,28531.0,28457.75,28530.0,4984.0
2026-07-31 13:15:00,28529.25,28584.0,28529.0,28577.5,7287.0
2026-07-31 13:30:00,28576.5,28725.75,28415.75,28419.0,52307.0
2026-07-31 13:45:00,28420.0,28472.75,28295.5,28360.5,46644.0
2026-07-31 14:00:00,28356.75,28393.0,28100.5,28137.5,44367.0
2026-07-31 14:15:00,28137.0,28258.75,28079.75,28249.75,37600.0
2026-07-31 14:30:00,28249.5,28296.0,28211.75,28268.75,22970.0
2026-07-31 14:45:00,28268.25,28345.5,28237.0,28307.5,24647.0
2026-07-31 15:00:00,28308.75,28342.25,28214.75,28269.0,19738.0
2026-07-31 15:15:00,28269.25,28339.25,28122.25,28151.0,21215.0
2026-07-31 15:30:00,28151.25,28261.0,28115.5,28215.0,22077.0
2026-07-31 15:45:00,28215.25,28295.0,28164.0,28274.0,17173.0
2026-07-31 16:00:00,28274.0,28308.5,28243.75,28300.5,14091.0
2026-07-31 16:15:00,28301.5,28364.25,28256.0,28363.75,12779.0
2026-07-31 16:30:00,28363.75,28388.75,28313.75,28321.5,12533.0
2026-07-31 16:45:00,28321.5,28390.0,28308.5,28367.5,10616.0
2026-07-31 17:00:00,28366.75,28411.25,28360.0,28402.0,9541.0
2026-07-31 17:15:00,28403.0,28477.5,28396.0,28461.5,11209.0
2026-07-31 17:30:00,28462.5,28503.0,28443.25,28457.5,12446.0
2026-07-31 17:45:00,28456.25,28475.75,28415.75,28429.0,10559.0
2026-07-31 18:00:00,28429.0,28459.75,28395.25,28403.75,10106.0
2026-07-31 18:15:00,28402.75,28446.0,28398.5,28422.0,7673.0
2026-07-31 18:30:00,28422.0,28448.0,28415.5,28432.5,5991.0
2026-07-31 18:45:00,28432.5,28462.0,28416.5,28433.75,7051.0
2026-07-31 19:00:00,28433.5,28458.75,28405.5,28433.0,7981.0
2026-07-31 19:15:00,28433.5,28498.0,28426.25,28475.25,10677.0
2026-07-31 19:30:00,28474.5,28483.5,28434.5,28476.75,10800.0
2026-07-31 19:45:00,28477.0,28524.0,28380.0,28402.75,34028.0
2026-07-31 20:00:00,28402.75,28434.25,28340.5,28393.75,15016.0
2026-07-31 20:15:00,28394.0,28395.25,28362.25,28372.5,3294.0
2026-07-31 20:30:00,28369.75,28395.5,28356.0,28382.0,2575.0
2026-07-31 20:45:00,28381.0,28404.25,28258.25,28404.25,4939.0
2026-08-02 22:00:00,28601.0,28641.25,28599.25,28623.0,920.0
2026-08-02 22:15:00,28624.0,28632.5,28582.0,28613.5,2693.0
2026-08-02 22:30:00,28615.25,28623.75,28594.25,28600.25,1325.0
2026-08-02 22:45:00,28599.5,28605.0,28560.25,28570.25,1278.0
2026-08-02 23:00:00,28568.75,28591.0,28545.0,28556.75,1859.0
2026-08-02 23:15:00,28556.25,28596.0,28553.0,28585.25,1664.0
2026-08-02 23:30:00,28585.5,28610.0,28574.5,28606.0,1651.0
2026-08-02 23:45:00,28603.5,28637.5,28571.25,28614.0,3344.0
2026-08-03 00:00:00,28611.0,28615.25,28554.5,28610.5,3432.0
2026-08-03 00:15:00,28610.75,28630.5,28537.5,28556.75,3244.0
2026-08-03 00:30:00,28554.25,28611.0,28542.5,28583.75,3364.0
2026-08-03 00:45:00,28582.25,28626.0,28572.5,28622.0,2394.0
2026-08-03 01:00:00,28622.25,28635.0,28584.75,28592.0,2814.0
2026-08-03 01:15:00,28590.75,28614.75,28564.25,28609.0,2128.0
2026-08-03 01:30:00,28607.5,28630.0,28578.0,28630.0,1849.0
2026-08-03 01:45:00,28630.0,28650.0,28618.5,28644.0,1984.0
2026-08-03 02:00:00,28644.75,28668.75,28631.0,28662.75,1806.0
2026-08-03 02:15:00,28661.5,28681.5,28634.5,28640.25,1924.0
2026-08-03 02:30:00,28640.5,28669.75,28633.75,28644.5,1474.0
2026-08-03 02:45:00,28646.5,28666.5,28639.25,28660.5,785.0
2026-08-03 03:00:00,28662.5,28675.75,28657.5,28664.0,1030.0
2026-08-03 03:15:00,28665.0,28676.5,28641.25,28645.75,1002.0
2026-08-03 03:30:00,28647.0,28674.0,28640.0,28671.75,849.0
2026-08-03 03:45:00,28672.75,28698.25,28665.25,28674.5,1223.0
2026-08-03 04:00:00,28669.0,28672.0,28652.5,28661.75,782.0
2026-08-03 04:15:00,28662.75,28688.5,28662.75,28683.25,742.0
2026-08-03 04:30:00,28682.75,28686.0,28666.5,28674.25,630.0
2026-08-03 04:45:00,28673.75,28688.25,28648.5,28651.0,825.0
2026-08-03 05:00:00,28650.75,28666.25,28634.0,28638.5,1227.0
2026-08-03 05:15:00,28638.75,28648.75,28622.5,28638.25,1137.0
2026-08-03 05:30:00,28636.75,28649.75,28628.25,28634.5,721.0
2026-08-03 05:45:00,28634.5,28645.25,28617.0,28641.25,923.0
2026-08-03 06:00:00,28642.0,28661.0,28631.5,28642.25,1675.0
2026-08-03 06:15:00,28641.0,28652.0,28618.5,28625.75,1255.0
2026-08-03 06:30:00,28627.0,28645.0,28609.0,28609.0,1236.0
2026-08-03 06:45:00,28609.75,28618.75,28575.75,28593.25,1801.0
2026-08-03 07:00:00,28594.25,28634.5,28563.75,28617.5,2440.0
2026-08-03 07:15:00,28618.75,28631.0,28569.25,28604.0,2593.0
2026-08-03 07:30:00,28604.5,28615.5,28560.25,28564.25,1336.0
2026-08-03 07:45:00,28563.0,28589.5,28558.5,28588.25,1106.0
2026-08-03 08:00:00,28588.0,28591.0,28518.5,28561.25,2642.0
2026-08-03 08:15:00,28560.0,28564.25,28473.25,28488.0,2431.0
2026-08-03 08:30:00,28487.25,28555.0,28471.75,28537.25,2063.0
2026-08-03 08:45:00,28536.25,28595.0,28527.0,28594.0,2410.0
2026-08-03 09:00:00,28594.75,28601.0,28543.0,28558.75,1929.0
2026-08-03 09:15:00,28559.0,28582.25,28547.25,28556.75,1164.0
2026-08-03 09:30:00,28556.75,28576.5,28543.5,28545.75,1223.0
2026-08-03 09:45:00,28546.25,28563.25,28521.0,28559.0,1461.0
2026-08-03 10:00:00,28559.25,28565.25,28526.0,28527.25,1295.0
2026-08-03 10:15:00,28525.5,28540.0,28488.5,28508.0,1960.0
2026-08-03 10:30:00,28508.0,28531.5,28490.0,28527.75,1182.0
2026-08-03 10:45:00,28526.75,28546.5,28514.25,28541.0,1210.0
2026-08-03 11:00:00,28541.25,28547.0,28465.25,28487.25,2600.0
2026-08-03 11:15:00,28487.5,28513.0,28468.75,28468.75,1684.0
2026-08-03 11:30:00,28468.75,28512.5,28450.5,28474.5,2448.0
2026-08-03 11:45:00,28475.25,28477.0,28403.5,28420.25,3435.0
2026-08-03 12:00:00,28420.25,28435.75,28383.5,28434.75,4043.0
2026-08-03 12:15:00,28435.5,28461.75,28421.75,28449.0,3662.0
2026-08-03 12:30:00,28450.0,28487.75,28437.75,28487.25,3523.0
2026-08-03 12:45:00,28487.5,28491.5,28442.0,28459.25,2546.0
2026-08-03 13:00:00,28459.25,28477.5,28440.0,28460.0,3450.0
2026-08-03 13:15:00,28460.25,28494.25,28396.5,28418.5,7388.0
2026-08-03 13:30:00,28418.5,28540.0,28313.5,28494.0,47331.0
2026-08-03 13:45:00,28495.0,28628.0,28443.25,28626.25,29637.0
2026-08-03 14:00:00,28623.75,28626.5,28529.5,28572.25,27022.0
2026-08-03 14:15:00,28571.25,28684.0,28558.75,28678.5,21803.0
2026-08-03 14:30:00,28677.5,28735.0,28661.5,28708.0,18487.0
2026-08-03 14:45:00,28708.0,28803.75,28699.75,28801.75,22358.0
2026-08-03 15:00:00,28801.0,28802.25,28747.5,28758.25,14192.0
2026-08-03 15:15:00,28757.0,28798.75,28722.0,28734.25,14483.0
2026-08-03 15:30:00,28734.25,28788.5,28731.75,28782.5,12679.0
2026-08-03 15:45:00,28781.75,28814.5,28775.0,28792.5,10413.0
2026-08-03 16:00:00,28792.5,28821.25,28790.0,28815.5,10555.0
2026-08-03 16:15:00,28814.25,28847.25,28812.5,28837.0,10198.0
2026-08-03 16:30:00,28837.0,28844.75,28811.75,28833.75,8126.0
2026-08-03 16:45:00,28834.25,28843.75,28819.0,28822.5,6240.0
2026-08-03 17:00:00,28822.75,28863.75,28813.0,28857.5,7881.0
2026-08-03 17:15:00,28857.75,28890.5,28855.75,28885.75,8931.0
2026-08-03 17:30:00,28885.5,28894.0,28874.5,28885.5,7500.0
2026-08-03 17:45:00,28885.75,28921.75,28884.75,28917.5,9483.0
2026-08-03 18:00:00,28917.5,28964.25,28917.5,28940.0,13802.0
2026-08-03 18:15:00,28940.5,28958.75,28890.25,28892.75,10675.0
2026-08-03 18:30:00,28892.0,28914.25,28882.75,28913.0,8954.0
2026-08-03 18:45:00,28913.25,28926.0,28892.25,28907.0,8069.0
2026-08-03 19:00:00,28907.5,28943.75,28895.0,28900.0,9997.0
2026-08-03 19:15:00,28899.5,28926.5,28898.5,28912.75,8734.0
2026-08-03 19:30:00,28912.75,28926.0,28899.5,28914.75,9506.0
2026-08-03 19:45:00,28915.25,28935.5,28865.25,28900.25,28308.0
2026-08-03 20:00:00,28900.75,28917.25,28878.25,28911.0,8186.0
2026-08-03 20:15:00,28910.75,28945.0,28910.5,28913.75,2758.0
2026-08-03 20:30:00,28913.25,28931.75,28909.75,28929.5,1771.0
2026-08-03 20:45:00,28929.75,28931.5,28914.5,28929.25,1270.0
2026-08-03 22:00:00,28930.0,28950.75,28919.0,28927.75,1065.0
2026-08-03 22:15:00,28927.75,28948.5,28927.75,28944.0,692.0
2026-08-03 22:30:00,28941.5,28962.25,28932.25,28957.75,1359.0
2026-08-03 22:45:00,28956.5,28956.75,28941.25,28945.75,961.0
2026-08-03 23:00:00,28944.0,28947.75,28930.25,28938.5,947.0
2026-08-03 23:15:00,28938.25,28958.75,28938.25,28948.75,895.0
2026-08-03 23:30:00,28947.75,28959.75,28934.0,28941.75,869.0
2026-08-03 23:45:00,28941.75,28972.25,28939.5,28971.0,1554.0
2026-08-04 00:00:00,28971.25,28976.25,28927.25,28930.75,3051.0
2026-08-04 00:15:00,28932.25,28932.75,28900.5,28905.75,2482.0
2026-08-04 00:30:00,28905.5,28907.75,28864.25,28891.25,3269.0
2026-08-04 00:45:00,28892.25,28908.25,28868.0,28876.75,2660.0
2026-08-04 01:00:00,28876.0,28877.25,28831.75,28858.5,3484.0
2026-08-04 01:15:00,28859.75,28902.5,28851.5,28901.5,2369.0
2026-08-04 01:30:00,28901.0,28943.5,28899.25,28942.75,2619.0
2026-08-04 01:45:00,28943.0,29048.0,28941.75,29041.25,4802.0
2026-08-04 02:00:00,29041.75,29044.75,28967.5,28971.0,3461.0
2026-08-04 02:15:00,28970.0,28978.0,28942.5,28949.5,2282.0
2026-08-04 02:30:00,28948.5,28994.5,28948.5,28985.75,2195.0
2026-08-04 02:45:00,28985.75,28992.0,28960.0,28972.75,1454.0
2026-08-04 03:00:00,28972.5,28992.0,28932.75,28941.25,1793.0
2026-08-04 03:15:00,28942.75,28986.0,28931.75,28976.75,1881.0
2026-08-04 03:30:00,28977.25,29004.5,28958.25,28968.75,1577.0
2026-08-04 03:45:00,28967.0,29005.5,28957.75,29003.5,1148.0
2026-08-04 04:00:00,28990.75,28995.25,28968.5,28974.5,1104.0
2026-08-04 04:15:00,28977.25,29015.25,28976.25,29007.5,885.0
2026-08-04 04:30:00,29009.25,29014.5,28995.75,28999.5,556.0
2026-08-04 04:45:00,28997.5,29023.25,28994.75,29015.5,599.0
2026-08-04 05:00:00,29016.25,29022.25,28978.25,28987.75,1234.0
2026-08-04 05:15:00,28987.75,29032.25,28983.0,29026.5,1301.0
2026-08-04 05:30:00,29025.25,29074.75,29025.0,29058.5,1968.0
2026-08-04 05:45:00,29056.25,29074.25,29042.5,29072.25,937.0
2026-08-04 06:00:00,29073.5,29092.5,29067.25,29089.0,1756.0
2026-08-04 06:15:00,29089.0,29098.75,29076.5,29081.5,1504.0
2026-08-04 06:30:00,29081.25,29090.0,29042.5,29054.75,1446.0
2026-08-04 06:45:00,29055.0,29074.0,29051.75,29073.75,874.0
2026-08-04 07:00:00,29072.0,29100.25,29036.5,29069.0,3624.0
2026-08-04 07:15:00,29069.75,29109.0,29062.25,29099.0,2192.0
2026-08-04 07:30:00,29099.75,29119.25,29074.25,29081.5,1885.0
2026-08-04 07:45:00,29080.25,29109.75,29065.25,29071.25,1394.0
2026-08-04 08:00:00,29072.0,29124.0,29068.0,29108.0,2215.0
2026-08-04 08:15:00,29106.0,29131.5,29096.75,29112.0,1633.0
2026-08-04 08:30:00,29111.5,29111.5,29060.0,29069.5,1741.0
2026-08-04 08:45:00,29067.5,29077.5,29039.0,29068.75,2218.0
2026-08-04 09:00:00,29069.0,29069.0,29011.75,29032.75,1839.0
2026-08-04 09:15:00,29033.0,29045.25,29007.5,29044.0,1638.0
2026-08-04 09:30:00,29046.0,29080.75,29042.0,29076.75,1435.0
2026-08-04 09:45:00,29076.75,29089.25,29057.5,29077.75,1438.0
2026-08-04 10:00:00,29078.5,29111.75,29067.25,29106.75,1284.0
2026-08-04 10:15:00,29106.5,29115.25,29085.75,29096.75,1672.0
2026-08-04 10:30:00,29096.25,29130.75,29074.0,29120.75,2532.0
2026-08-04 10:45:00,29120.25,29145.0,29103.25,29115.5,3016.0
2026-08-04 11:00:00,29116.75,29149.75,29114.25,29144.5,2249.0
2026-08-04 11:15:00,29144.5,29171.5,29139.5,29170.5,2336.0
2026-08-04 11:30:00,29170.75,29212.5,29150.25,29204.75,3580.0
2026-08-04 11:45:00,29203.0,29245.75,29189.75,29237.5,5007.0
2026-08-04 12:00:00,29238.0,29238.0,29202.5,29206.25,2758.0
2026-08-04 12:15:00,29205.5,29234.25,29204.0,29221.5,2435.0
2026-08-04 12:30:00,29223.0,29225.75,29199.0,29219.5,2484.0
2026-08-04 12:45:00,29219.0,29221.5,29188.0,29202.75,2649.0
2026-08-04 13:00:00,29203.25,29235.25,29191.25,29231.0,3278.0
2026-08-04 13:15:00,29232.0,29282.25,29218.5,29234.75,8510.0
2026-08-04 13:30:00,29234.25,29452.75,29208.25,29411.5,48114.0
2026-08-04 13:45:00,29410.75,29503.75,29409.75,29466.0,31665.0
2026-08-04 14:00:00,29465.25,29544.25,29432.0,29541.0,26393.0
2026-08-04 14:15:00,29540.25,29568.5,29484.0,29559.0,24857.0
2026-08-04 14:30:00,29558.5,29572.75,29517.25,29556.75,22183.0
2026-08-04 14:45:00,29557.0,29561.5,29523.5,29549.75,13826.0
2026-08-04 15:00:00,29549.75,29624.75,29544.0,29618.75,18150.0
2026-08-04 15:15:00,29619.0,29663.5,29613.25,29639.5,17271.0
2026-08-04 15:30:00,29639.0,29682.5,29622.0,29677.0,15040.0
2026-08-04 15:45:00,29677.75,29696.75,29667.5,29671.0,12164.0
2026-08-04 16:00:00,29671.0,29700.0,29661.25,29674.5,10326.0
2026-08-04 16:15:00,29674.5,29719.75,29673.75,29706.5,9954.0
2026-08-04 16:30:00,29706.5,29731.75,29695.0,29726.25,11111.0
2026-08-04 16:45:00,29726.75,29744.5,29726.25,29742.75,9496.0
2026-08-04 17:00:00,29742.75,29799.75,29739.25,29797.25,14079.0
2026-08-04 17:15:00,29797.0,29825.75,29780.5,29819.0,11524.0
2026-08-04 17:30:00,29819.25,29865.5,29803.5,29865.0,11631.0
2026-08-04 17:45:00,29865.25,29898.75,29833.5,29834.75,15137.0
2026-08-04 18:00:00,29835.25,29860.25,29808.0,29859.0,13560.0
2026-08-04 18:15:00,29859.5,29884.25,29855.0,29879.75,8787.0
2026-08-04 18:30:00,29880.0,29893.0,29839.75,29854.5,8943.0
2026-08-04 18:45:00,29855.0,29895.5,29855.0,29881.5,8779.0
2026-08-04 19:00:00,29881.75,29939.25,29878.25,29926.5,13724.0
2026-08-04 19:15:00,29926.25,29945.25,29888.75,29900.5,11585.0
2026-08-04 19:30:00,29901.0,29951.0,29889.0,29949.75,12049.0
2026-08-04 19:45:00,29949.5,29956.5,29847.5,29876.75,40462.0
2026-08-04 20:00:00,29875.25,29949.75,29851.5,29915.75,14973.0
2026-08-04 20:15:00,29913.75,29913.75,29761.25,29791.75,11051.0
2026-08-04 20:30:00,29790.5,29817.25,29764.5,29797.5,4280.0
2026-08-04 20:45:00,29797.0,29826.0,29786.0,29818.25,2604.0
2026-08-04 22:00:00,29777.25,29838.5,29776.5,29834.75,1429.0
2026-08-04 22:15:00,29834.75,29844.25,29810.25,29833.0,1455.0
2026-08-04 22:30:00,29835.0,29841.75,29794.75,29799.5,1988.0
2026-08-04 22:45:00,29800.75,29828.0,29792.25,29827.5,1119.0
2026-08-04 23:00:00,29825.75,29846.75,29809.75,29838.5,1425.0
2026-08-04 23:15:00,29838.75,29845.5,29817.75,29825.0,889.0
2026-08-04 23:30:00,29824.0,29844.25,29802.0,29843.0,1741.0
2026-08-04 23:45:00,29843.25,29857.25,29826.0,29834.75,1999.0
2026-08-05 00:00:00,29835.5,29865.0,29818.75,29858.5,2675.0
2026-08-05 00:15:00,29858.0,29864.5,29833.5,29863.0,1886.0
2026-08-05 00:30:00,29862.75,29877.0,29835.5,29838.75,2260.0
2026-08-05 00:45:00,29838.0,29862.5,29810.0,29848.75,2599.0
2026-08-05 01:00:00,29849.25,29861.5,29817.0,29840.0,1951.0
2026-08-05 01:15:00,29840.75,29842.75,29797.0,29817.75,2118.0
2026-08-05 01:30:00,29819.0,29844.75,29813.0,29834.0,1939.0
2026-08-05 01:45:00,29834.5,29887.5,29833.75,29869.0,2714.0
2026-08-05 02:00:00,29870.0,29889.25,29864.0,29871.0,1718.0
2026-08-05 02:15:00,29871.75,29876.25,29850.25,29853.0,1048.0
2026-08-05 02:30:00,29854.5,29863.0,29842.25,29858.75,1254.0
2026-08-05 02:45:00,29857.75,29875.0,29855.25,29860.75,964.0
2026-08-05 03:00:00,29859.0,29890.0,29855.75,29884.25,1060.0
2026-08-05 03:15:00,29883.5,29892.0,29863.25,29863.25,1130.0
2026-08-05 03:30:00,29864.75,29892.0,29858.25,29885.5,1036.0
2026-08-05 03:45:00,29886.5,29893.75,29867.5,29890.0,1100.0
2026-08-05 04:00:00,29896.75,29898.25,29883.25,29884.25,1011.0
2026-08-05 04:15:00,29883.5,29883.75,29859.75,29871.25,843.0
2026-08-05 04:30:00,29872.0,29909.25,29869.25,29905.75,1408.0
2026-08-05 04:45:00,29904.5,29917.0,29883.5,29902.75,1233.0
2026-08-05 05:00:00,29902.5,29939.75,29895.0,29937.25,1521.0
2026-08-05 05:15:00,29937.5,29949.0,29934.0,29937.0,1009.0
2026-08-05 05:30:00,29936.75,29944.5,29919.75,29941.5,1675.0
2026-08-05 05:45:00,29942.0,29985.25,29940.75,29980.5,2732.0
2026-08-05 06:00:00,29980.0,29990.0,29961.0,29981.0,1630.0
2026-08-05 06:15:00,29980.25,29982.75,29925.5,29929.25,2019.0
2026-08-05 06:30:00,29929.5,29965.0,29925.75,29938.25,1483.0
2026-08-05 06:45:00,29941.0,29970.75,29936.75,29969.75,963.0
2026-08-05 07:00:00,29969.0,29987.0,29936.25,29950.75,2277.0
2026-08-05 07:15:00,29950.25,29953.25,29900.25,29907.5,2105.0
2026-08-05 07:30:00,29908.25,29919.5,29885.25,29886.25,1713.0
2026-08-05 07:45:00,29887.75,29913.5,29885.0,29903.25,1101.0
2026-08-05 08:00:00,29905.0,29926.0,29853.75,29863.75,3056.0
2026-08-05 08:15:00,29865.0,29873.75,29819.5,29833.75,2515.0
2026-08-05 08:30:00,29836.5,29844.25,29798.5,29811.75,2802.0
2026-08-05 08:45:00,29812.25,29843.0,29797.75,29836.5,1873.0
2026-08-05 09:00:00,29837.75,29853.75,29822.0,29833.75,1616.0
2026-08-05 09:15:00,29833.5,29864.25,29814.25,29861.25,2516.0
2026-08-05 09:30:00,29862.25,29888.75,29860.0,29883.25,2135.0
2026-08-05 09:45:00,29883.0,29893.5,29853.25,29857.5,1546.0
2026-08-05 10:00:00,29857.25,29871.75,29833.75,29840.5,1680.0
2026-08-05 10:15:00,29839.5,29866.0,29836.25,29858.75,976.0
2026-08-05 10:30:00,29857.5,29871.25,29850.0,29857.25,860.0
2026-08-05 10:45:00,29857.75,29871.0,29834.5,29862.25,1643.0
2026-08-05 11:00:00,29865.5,29921.0,29865.5,29904.5,3457.0
2026-08-05 11:15:00,29904.5,29923.0,29897.5,29900.5,1444.0
2026-08-05 11:30:00,29900.5,29931.25,29890.5,29916.0,2200.0
2026-08-05 11:45:00,29914.5,29943.5,29903.5,29919.5,2592.0
2026-08-05 12:00:00,29919.5,29925.75,29891.25,29920.0,2786.0
2026-08-05 12:15:00,29920.0,29939.75,29897.5,29935.25,3030.0
2026-08-05 12:30:00,29935.5,29950.0,29892.75,29941.0,3630.0
2026-08-05 12:45:00,29941.5,29946.5,29908.25,29915.0,2176.0
2026-08-05 13:00:00,29917.25,29949.5,29916.75,29929.5,2694.0
2026-08-05 13:15:00,29928.75,29978.5,29894.75,29974.0,6797.0
2026-08-05 13:30:00,29975.25,30059.0,29910.25,30052.0,46073.0
2026-08-05 13:45:00,30053.5,30074.0,29967.75,30048.75,30232.0
2026-08-05 14:00:00,30048.5,30048.5,29918.5,29998.5,27014.0
2026-08-05 14:15:00,29997.5,30026.0,29901.25,29915.0,23150.0
2026-08-05 14:30:00,29915.0,29918.75,29824.75,29862.25,30020.0
2026-08-05 14:45:00,29862.25,29905.5,29788.0,29848.25,26730.0
2026-08-05 15:00:00,29849.0,29890.75,29826.0,29839.5,18034.0
2026-08-05 15:15:00,29839.0,29849.5,29763.5,29809.5,21865.0
2026-08-05 15:30:00,29808.5,29860.75,29805.5,29819.25,11138.0
2026-08-05 15:45:00,29820.0,29820.75,29713.25,29739.0,16829.0
2026-08-05 16:00:00,29738.25,29766.0,29702.0,29731.25,14592.0
2026-08-05 16:15:00,29730.75,29835.25,29720.0,29829.25,15333.0
2026-08-05 16:30:00,29829.75,29839.75,29770.0,29788.5,11150.0
2026-08-05 16:45:00,29789.25,29826.25,29778.5,29808.25,7540.0
2026-08-05 17:00:00,29809.75,29819.75,29744.25,29767.25,8999.0
2026-08-05 17:15:00,29766.75,29782.0,29740.5,29754.5,7450.0
2026-08-05 17:30:00,29754.25,29779.25,29738.75,29757.5,6429.0
2026-08-05 17:45:00,29756.5,29774.75,29734.25,29757.0,6347.0
2026-08-05 18:00:00,29756.75,29788.5,29752.25,29762.5,7526.0
2026-08-05 18:15:00,29763.0,29781.75,29755.25,29776.0,5335.0
2026-08-05 18:30:00,29776.25,29776.5,29727.25,29741.75,7661.0
2026-08-05 18:45:00,29742.0,29765.0,29722.75,29725.75,6360.0
2026-08-05 19:00:00,29726.75,29778.25,29718.5,29774.25,8486.0
2026-08-05 19:15:00,29774.25,29779.25,29753.75,29756.5,6587.0
2026-08-05 19:30:00,29757.0,29763.25,29706.0,29711.0,9489.0
2026-08-05 19:45:00,29711.5,29735.0,29592.75,29607.5,27811.0
2026-08-05 20:00:00,29607.0,29618.25,29530.75,29604.75,20907.0
2026-08-05 20:15:00,29605.5,29618.0,29561.75,29569.75,4644.0
2026-08-05 20:30:00,29571.25,29603.0,29566.25,29598.5,2378.0
2026-08-05 20:45:00,29598.0,29607.75,29576.0,29600.25,1939.0
2026-08-05 22:00:00,29569.5,29596.5,29563.5,29573.5,918.0
2026-08-05 22:15:00,29573.0,29638.0,29571.75,29627.75,1746.0
2026-08-05 22:30:00,29628.0,29670.5,29623.5,29654.75,2099.0
2026-08-05 22:45:00,29655.0,29679.5,29615.75,29623.25,2464.0
2026-08-05 23:00:00,29622.75,29636.0,29612.25,29631.0,866.0
2026-08-05 23:15:00,29631.0,29649.5,29618.5,29629.25,1099.0
2026-08-05 23:30:00,29629.25,29636.75,29575.25,29589.5,2481.0
2026-08-05 23:45:00,29586.0,29589.0,29566.0,29583.5,1688.0
2026-08-06 00:00:00,29584.25,29601.75,29546.75,29581.0,3185.0
2026-08-06 00:15:00,29580.5,29608.0,29553.0,29560.5,2360.0
2026-08-06 00:30:00,29561.5,29588.0,29547.75,29560.5,2122.0
2026-08-06 00:45:00,29560.25,29579.25,29535.25,29537.5,1807.0
2026-08-06 01:00:00,29539.25,29540.75,29501.25,29521.5,2734.0
2026-08-06 01:15:00,29523.25,29523.25,29454.25,29473.25,3255.0
2026-08-06 01:30:00,29472.75,29508.75,29469.5,29475.0,2694.0
2026-08-06 01:45:00,29475.5,29519.0,29473.25,29498.0,1826.0
2026-08-06 02:00:00,29497.75,29557.25,29490.75,29541.75,2627.0
2026-08-06 02:15:00,29543.0,29578.75,29537.25,29548.75,1807.0
2026-08-06 02:30:00,29546.5,29618.5,29529.25,29617.25,2465.0
2026-08-06 02:45:00,29616.25,29621.0,29585.75,29593.0,1809.0
2026-08-06 03:00:00,29593.75,29608.5,29574.5,29579.25,1458.0
2026-08-06 03:15:00,29579.0,29585.75,29535.0,29543.0,1602.0
2026-08-06 03:30:00,29543.5,29563.25,29525.0,29552.75,1570.0
2026-08-06 03:45:00,29553.0,29576.0,29541.25,29564.0,1327.0
2026-08-06 04:00:00,29571.5,29575.5,29554.25,29560.25,1507.0
2026-08-06 04:15:00,29556.75,29599.75,29556.5,29585.0,1072.0
2026-08-06 04:30:00,29585.75,29600.0,29541.75,29555.0,1178.0
2026-08-06 04:45:00,29555.25,29575.5,29545.0,29574.75,801.0
2026-08-06 05:00:00,29575.25,29596.25,29558.0,29580.5,1137.0
2026-08-06 05:15:00,29582.5,29593.75,29565.5,29580.0,703.0
2026-08-06 05:30:00,29579.75,29583.0,29550.0,29581.75,1113.0
2026-08-06 05:45:00,29583.25,29583.75,29544.25,29580.75,1221.0
2026-08-06 06:00:00,29580.0,29581.75,29499.0,29506.75,2161.0
2026-08-06 06:15:00,29505.75,29548.75,29485.0,29547.25,2515.0
2026-08-06 06:30:00,29546.5,29548.75,29495.75,29504.5,1556.0
2026-08-06 06:45:00,29505.5,29527.75,29486.25,29523.0,1254.0
2026-08-06 07:00:00,29520.25,29563.0,29506.75,29552.0,1914.0
2026-08-06 07:15:00,29551.0,29562.5,29523.5,29536.5,1384.0
2026-08-06 07:30:00,29536.5,29541.0,29501.25,29517.75,1137.0
2026-08-06 07:45:00,29516.75,29538.25,29500.75,29507.25,1230.0
2026-08-06 08:00:00,29507.25,29525.75,29443.75,29460.0,3058.0
2026-08-06 08:15:00,29460.75,29511.5,29447.75,29508.25,1973.0
2026-08-06 08:30:00,29509.5,29532.5,29500.5,29502.75,1579.0
2026-08-06 08:45:00,29504.75,29524.5,29490.25,29517.25,1395.0
2026-08-06 09:00:00,29517.25,29517.25,29437.5,29447.75,1800.0
2026-08-06 09:15:00,29448.25,29493.75,29446.5,29482.5,1223.0
2026-08-06 09:30:00,29482.0,29498.75,29475.75,29489.25,716.0
2026-08-06 09:45:00,29489.75,29531.0,29489.5,29526.75,1263.0
2026-08-06 10:00:00,29526.75,29533.75,29496.25,29503.25,1059.0
2026-08-06 10:15:00,29503.25,29525.75,29494.25,29517.0,961.0
2026-08-06 10:30:00,29517.5,29519.5,29473.5,29480.25,1218.0
2026-08-06 10:45:00,29479.75,29492.75,29468.0,29484.5,1494.0
2026-08-06 11:00:00,29484.5,29488.5,29364.75,29417.25,5799.0
2026-08-06 11:15:00,29419.75,29474.75,29417.25,29469.25,2607.0
2026-08-06 11:30:00,29469.5,29516.5,29469.25,29495.5,3522.0
2026-08-06 11:45:00,29494.25,29512.0,29438.0,29467.25,3754.0
2026-08-06 12:00:00,29466.0,29476.5,29406.25,29411.25,3534.0
2026-08-06 12:15:00,29413.5,29450.75,29387.5,29432.5,3960.0
2026-08-06 12:30:00,29430.0,29463.5,29413.75,29432.25,3136.0
2026-08-06 12:45:00,29432.0,29439.5,29389.5,29399.5,3131.0
2026-08-06 13:00:00,29400.25,29404.5,29350.25,29351.5,4811.0
2026-08-06 13:15:00,29351.0,29367.0,29326.25,29334.5,8303.0
2026-08-06 13:30:00,29335.0,29474.25,29241.25,29458.75,49092.0
2026-08-06 13:45:00,29458.0,29551.0,29447.5,29527.25,30945.0
2026-08-06 14:00:00,29528.25,29619.0,29488.0,29608.5,26324.0
2026-08-06 14:15:00,29608.75,29667.0,29564.75,29587.0,24080.0
2026-08-06 14:30:00,29589.0,29650.75,29545.25,29583.5,22797.0
2026-08-06 14:45:00,29582.5,29659.25,29533.75,29656.75,18231.0
2026-08-06 15:00:00,29656.5,29686.25,29598.75,29646.5,18323.0
2026-08-06 15:15:00,29646.25,29663.25,29564.25,29608.5,16439.0
2026-08-06 15:30:00,29608.25,29628.0,29533.0,29534.0,14991.0
2026-08-06 15:45:00,29535.0,29624.5,29506.0,29516.25,19913.0
2026-08-06 16:00:00,29516.25,29542.75,29478.25,29488.25,16002.0
2026-08-06 16:15:00,29488.5,29504.5,29448.5,29471.5,14253.0
2026-08-06 16:30:00,29472.25,29527.25,29462.25,29478.25,11297.0
2026-08-06 16:45:00,29478.5,29558.5,29468.5,29556.5,9842.0
2026-08-06 17:00:00,29557.25,29574.25,29518.0,29523.75,9569.0
2026-08-06 17:15:00,29524.0,29551.5,29512.25,29527.75,7340.0
2026-08-06 17:30:00,29526.75,29543.0,29493.75,29510.0,6740.0
2026-08-06 17:45:00,29510.25,29533.5,29494.25,29529.0,6999.0
2026-08-06 18:00:00,29529.0,29546.75,29507.25,29542.75,6602.0
2026-08-06 18:15:00,29542.75,29575.5,29498.5,29556.5,10268.0
2026-08-06 18:30:00,29556.5,29561.0,29500.5,29520.0,6601.0
2026-08-06 18:45:00,29521.25,29537.0,29506.0,29515.5,6322.0
2026-08-06 19:00:00,29515.75,29570.25,29510.25,29536.25,8515.0
2026-08-06 19:15:00,29535.5,29551.25,29496.5,29509.0,8193.0
2026-08-06 19:30:00,29508.0,29545.5,29489.25,29504.0,8037.0
2026-08-06 19:45:00,29504.0,29536.25,29475.0,29497.25,22877.0
2026-08-06 20:00:00,29497.25,29552.0,29496.0,29537.0,8473.0
2026-08-06 20:15:00,29536.75,29548.75,29482.75,29492.5,4018.0
2026-08-06 20:30:00,29492.5,29504.75,29480.25,29494.0,1674.0
2026-08-06 20:45:00,29494.75,29506.25,29489.0,29504.25,1228.0
2026-08-06 22:00:00,29514.25,29552.75,29494.5,29551.0,694.0
2026-08-06 22:15:00,29571.0,29574.75,29543.25,29550.0,1883.0
2026-08-06 22:30:00,29549.0,29562.0,29529.25,29553.75,966.0
2026-08-06 22:45:00,29554.25,29568.25,29547.25,29566.0,560.0
2026-08-06 23:00:00,29564.75,29572.25,29554.25,29558.0,653.0
2026-08-06 23:15:00,29559.25,29597.0,29559.25,29573.0,1324.0
2026-08-06 23:30:00,29572.5,29589.25,29563.25,29583.0,894.0
2026-08-06 23:45:00,29583.0,29603.5,29575.0,29593.25,1143.0
2026-08-07 00:00:00,29595.25,29618.75,29562.0,29575.5,2281.0
2026-08-07 00:15:00,29575.25,29575.25,29497.25,29513.5,3467.0
2026-08-07 00:30:00,29513.0,29575.0,29500.75,29539.75,3305.0
2026-08-07 00:45:00,29541.75,29573.0,29503.75,29561.25,2642.0
2026-08-07 01:00:00,29561.75,29582.0,29515.0,29524.0,2379.0
2026-08-07 01:15:00,29526.0,29536.0,29482.5,29531.25,2633.0
2026-08-07 01:30:00,29529.5,29581.25,29493.75,29521.75,3131.0
2026-08-07 01:45:00,29522.0,29540.0,29502.25,29526.25,1647.0
2026-08-07 02:00:00,29527.0,29548.0,29489.5,29530.75,2710.0
2026-08-07 02:15:00,29530.0,29542.0,29514.5,29525.5,844.0
2026-08-07 02:30:00,29526.5,29527.25,29475.5,29500.25,1965.0
2026-08-07 02:45:00,29498.75,29535.5,29494.0,29527.0,965.0
2026-08-07 03:00:00,29526.0,29548.0,29526.0,29529.5,1041.0
2026-08-07 03:15:00,29531.5,29535.0,29491.25,29505.0,1328.0
2026-08-07 03:30:00,29503.0,29522.25,29496.25,29505.25,730.0
2026-08-07 03:45:00,29507.0,29512.75,29486.25,29489.25,597.0
2026-08-07 04:00:00,29496.25,29500.75,29475.0,29479.0,1201.0
2026-08-07 04:15:00,29478.5,29516.75,29453.5,29508.25,2622.0
2026-08-07 04:30:00,29508.25,29526.0,29492.0,29495.5,1234.0
2026-08-07 04:45:00,29494.5,29513.5,29489.25,29511.5,829.0
2026-08-07 05:00:00,29510.75,29556.75,29507.5,29539.5,2310.0
2026-08-07 05:15:00,29539.5,29554.75,29538.0,29549.25,611.0
2026-08-07 05:30:00,29547.75,29550.0,29519.75,29534.0,767.0
2026-08-07 05:45:00,29534.0,29538.75,29522.75,29523.5,513.0
2026-08-07 06:00:00,29523.5,29564.5,29520.0,29559.75,1551.0
2026-08-07 06:15:00,29557.5,29583.5,29543.25,29580.5,2319.0
2026-08-07 06:30:00,29580.25,29583.5,29539.0,29546.5,1223.0
2026-08-07 06:45:00,29544.25,29555.0,29537.75,29553.0,1075.0
2026-08-07 07:00:00,29552.0,29591.75,29533.0,29591.5,2209.0
2026-08-07 07:15:00,29591.5,29592.5,29574.0,29587.75,1024.0
2026-08-07 07:30:00,29588.75,29591.0,29570.25,29583.0,875.0
2026-08-07 07:45:00,29582.5,29589.25,29561.25,29583.75,981.0
2026-08-07 08:00:00,29584.25,29626.5,29584.0,29624.0,2344.0
2026-08-07 08:15:00,29625.0,29629.75,29599.25,29623.75,1368.0
2026-08-07 08:30:00,29623.5,29647.25,29609.25,29625.75,1873.0
2026-08-07 08:45:00,29625.75,29637.75,29615.0,29632.5,1939.0
2026-08-07 09:00:00,29633.5,29649.0,29625.25,29641.75,1147.0
2026-08-07 09:15:00,29642.0,29649.0,29624.75,29634.5,904.0
2026-08-07 09:30:00,29634.5,29647.0,29621.25,29629.0,720.0
2026-08-07 09:45:00,29629.5,29636.0,29616.0,29616.5,715.0
2026-08-07 10:00:00,29618.25,29628.0,29609.25,29609.75,875.0
2026-08-07 10:15:00,29609.25,29621.5,29591.25,29621.25,1081.0
2026-08-07 10:30:00,29621.5,29625.25,29609.25,29623.5,613.0
2026-08-07 10:45:00,29621.25,29624.0,29602.25,29607.25,799.0
2026-08-07 11:00:00,29606.5,29648.25,29606.25,29637.0,1584.0
2026-08-07 11:15:00,29637.25,29666.25,29636.75,29654.0,1471.0
2026-08-07 11:30:00,29652.25,29673.25,29647.25,29666.0,1232.0
2026-08-07 11:45:00,29664.5,29666.25,29604.25,29614.0,3039.0
2026-08-07 12:00:00,29614.5,29675.75,29604.75,29658.5,2722.0
2026-08-07 12:15:00,29658.75,29686.0,29618.5,29683.5,3165.0
2026-08-07 12:30:00,29676.25,29814.0,29643.75,29801.75,12838.0
2026-08-07 12:45:00,29801.5,29867.75,29801.5,29843.25,9319.0
2026-08-07 13:00:00,29843.75,29850.5,29734.25,29741.0,9686.0
2026-08-07 13:15:00,29741.25,29745.25,29685.0,29714.75,9035.0
2026-08-07 13:30:00,29714.25,29813.25,29681.0,29788.5,43858.0
2026-08-07 13:45:00,29786.75,29820.0,29643.75,29677.25,30416.0
2026-08-07 14:00:00,29679.5,29713.25,29564.5,29585.0,32537.0
2026-08-07 14:15:00,29585.0,29779.5,29568.5,29761.25,28661.0
2026-08-07 14:30:00,29761.0,29775.0,29660.0,29676.0,23813.0
2026-08-07 14:45:00,29676.75,29734.0,29667.75,29721.0,17985.0
2026-08-07 15:00:00,29720.25,29782.5,29709.0,29759.75,14243.0
2026-08-07 15:15:00,29760.25,29828.75,29746.5,29826.75,14255.0
2026-08-07 15:30:00,29826.0,29855.25,29794.25,29811.75,14878.0
2026-08-07 15:45:00,29812.0,29843.25,29796.5,29814.0,9741.0
2026-08-07 16:00:00,29814.75,29830.0,29795.0,29800.75,7837.0
2026-08-07 16:15:00,29800.5,29819.0,29688.75,29714.0,15088.0
2026-08-07 16:30:00,29714.0,29761.25,29668.75,29754.25,15013.0
2026-08-07 16:45:00,29754.5,29780.75,29738.75,29739.5,9700.0
2026-08-07 17:00:00,29739.75,29768.0,29726.75,29736.0,7463.0
2026-08-07 17:15:00,29735.25,29764.5,29726.25,29747.5,6249.0
2026-08-07 17:30:00,29747.5,29764.25,29727.0,29745.25,5796.0
2026-08-07 17:45:00,29746.0,29759.25,29735.5,29743.25,4279.0
2026-08-07 18:00:00,29743.5,29754.75,29712.5,29721.5,5529.0
2026-08-07 18:15:00,29722.0,29734.25,29702.75,29705.75,5393.0
2026-08-07 18:30:00,29705.5,29724.25,29678.75,29681.25,6164.0
2026-08-07 18:45:00,29681.5,29729.0,29676.5,29725.0,6350.0
2026-08-07 19:00:00,29725.25,29810.75,29723.0,29800.0,11913.0
2026-08-07 19:15:00,29800.25,29823.0,29791.75,29811.0,8638.0
2026-08-07 19:30:00,29811.25,29812.0,29772.25,29779.25,8479.0
2026-08-07 19:45:00,29778.75,29860.25,29778.0,29834.25,25044.0
2026-08-07 20:00:00,29833.75,29850.75,29805.25,29820.25,8942.0
2026-08-07 20:15:00,29820.5,29829.0,29803.75,29805.0,1490.0
2026-08-07 20:30:00,29805.5,29823.75,29802.5,29814.25,1684.0
2026-08-07 20:45:00,29814.25,29845.0,29813.0,29834.75,1791.0
2026-08-09 22:00:00,29851.75,29860.25,29820.0,29826.25,1016.0
2026-08-09 22:15:00,29828.5,29854.5,29805.25,29838.0,2092.0
2026-08-09 22:30:00,29838.5,29853.5,29814.5,29837.5,1274.0
2026-08-09 22:45:00,29837.5,29851.0,29831.5,29844.25,744.0
2026-08-09 23:00:00,29845.25,29877.0,29833.5,29862.75,1192.0
2026-08-09 23:15:00,29860.5,29882.25,29856.25,29864.25,1076.0
2026-08-09 23:30:00,29865.25,29865.75,29834.75,29862.25,1312.0
2026-08-09 23:45:00,29862.0,29872.0,29828.25,29829.5,1100.0
2026-08-10 00:00:00,29830.25,29906.5,29796.25,29893.0,3568.0
2026-08-10 00:15:00,29891.5,29899.5,29840.0,29845.75,2048.0
2026-08-10 00:30:00,29847.0,29865.25,29799.75,29804.5,2085.0
2026-08-10 00:45:00,29806.25,29830.5,29788.5,29802.0,1918.0
2026-08-10 01:00:00,29803.25,29855.0,29791.0,29853.0,1972.0
2026-08-10 01:15:00,29851.75,29882.5,29845.75,29865.25,1792.0
2026-08-10 01:30:00,29864.0,29881.5,29840.75,29875.5,1504.0
2026-08-10 01:45:00,29876.5,29895.0,29871.75,29885.0,883.0
2026-08-10 02:00:00,29886.0,29892.25,29869.25,29871.25,915.0
2026-08-10 02:15:00,29873.25,29874.5,29852.75,29870.0,1096.0
2026-08-10 02:30:00,29870.0,29890.75,29848.25,29890.25,855.0
2026-08-10 02:45:00,29889.0,29899.5,29880.25,29880.25,747.0
2026-08-10 03:00:00,29881.25,29892.0,29869.25,29876.25,596.0
2026-08-10 03:15:00,29876.0,29891.25,29871.25,29882.5,629.0
2026-08-10 03:30:00,29880.0,29898.0,29872.75,29896.5,705.0
2026-08-10 03:45:00,29896.5,29899.0,29871.25,29880.0,673.0
2026-08-10 04:00:00,29878.25,29897.75,29873.0,29895.5,653.0
2026-08-10 04:15:00,29894.25,29904.0,29891.0,29899.25,579.0
2026-08-10 04:30:00,29898.25,29899.75,29863.0,29887.25,889.0
2026-08-10 04:45:00,29887.25,29902.25,29873.75,29882.75,742.0
2026-08-10 05:00:00,29882.25,29918.25,29881.0,29916.25,1179.0
2026-08-10 05:15:00,29916.75,29924.5,29909.0,29910.75,847.0
2026-08-10 05:30:00,29912.0,29919.0,29903.5,29905.5,761.0
2026-08-10 05:45:00,29905.25,29930.5,29899.5,29930.5,928.0
2026-08-10 06:00:00,29930.0,29962.0,29927.5,29956.25,1883.0
2026-08-10 06:15:00,29956.0,29962.75,29907.5,29914.25,1907.0
2026-08-10 06:30:00,29914.25,29925.25,29907.0,29917.25,966.0
2026-08-10 06:45:00,29917.5,29923.5,29906.0,29908.5,787.0
2026-08-10 07:00:00,29909.25,29923.0,29886.25,29914.0,1468.0
2026-08-10 07:15:00,29914.0,29952.5,29911.25,29952.25,1651.0
2026-08-10 07:30:00,29950.75,29970.0,29948.0,29965.5,1168.0
2026-08-10 07:45:00,29965.75,29984.0,29935.75,29951.5,1305.0
2026-08-10 08:00:00,29952.5,29981.0,29947.0,29963.0,1421.0
2026-08-10 08:15:00,29961.75,29973.0,29939.5,29953.5,925.0
2026-08-10 08:30:00,29952.0,29972.0,29944.0,29955.5,735.0
2026-08-10 08:45:00,29954.75,29975.0,29949.0,29971.5,718.0
2026-08-10 09:00:00,29971.5,29983.75,29966.0,29976.0,873.0
2026-08-10 09:15:00,29974.75,29981.75,29963.5,29967.75,584.0
2026-08-10 09:30:00,29968.5,29972.0,29936.5,29945.0,978.0
2026-08-10 09:45:00,29943.75,29952.0,29936.0,29938.75,511.0
2026-08-10 10:00:00,29939.25,29959.0,29916.0,29917.25,1108.0
2026-08-10 10:15:00,29917.75,29952.25,29916.5,29946.75,953.0
2026-08-10 10:30:00,29943.5,29945.5,29910.0,29919.5,941.0
2026-08-10 10:45:00,29918.75,29938.25,29909.25,29912.25,1017.0
2026-08-10 11:00:00,29912.75,29926.0,29851.5,29876.5,2354.0
2026-08-10 11:15:00,29877.25,29913.0,29864.25,29909.0,1805.0
2026-08-10 11:30:00,29909.25,29919.75,29872.0,29874.75,1960.0
2026-08-10 11:45:00,29874.25,29884.25,29846.0,29871.0,2313.0
2026-08-10 12:00:00,29870.25,29883.75,29843.75,29845.0,1445.0
2026-08-10 12:15:00,29845.75,29846.5,29810.25,29821.0,1953.0
2026-08-10 12:30:00,29823.25,29827.5,29782.25,29804.0,3398.0
2026-08-10 12:45:00,29803.75,29810.0,29771.75,29777.0,2382.0
2026-08-10 13:00:00,29778.5,29816.0,29772.25,29805.0,3401.0
2026-08-10 13:15:00,29804.5,29823.75,29789.5,29805.5,4588.0
2026-08-10 13:30:00,29805.5,29841.75,29718.75,29776.0,37362.0
2026-08-10 13:45:00,29775.75,29832.75,29754.5,29806.75,23986.0
2026-08-10 14:00:00,29807.0,29892.0,29788.25,29881.5,19211.0
2026-08-10 14:15:00,29882.0,29900.0,29814.75,29857.75,18032.0
2026-08-10 14:30:00,29858.25,29892.25,29846.75,29866.75,13100.0
2026-08-10 14:45:00,29866.5,29886.0,29777.75,29779.25,14556.0
2026-08-10 15:00:00,29779.75,29822.5,29766.0,29793.25,14571.0
2026-08-10 15:15:00,29793.25,29817.25,29753.5,29777.75,10802.0
2026-08-10 15:30:00,29777.0,29809.0,29740.75,29808.25,10173.0
2026-08-10 15:45:00,29808.25,29854.5,29786.25,29844.0,10052.0
2026-08-10 16:00:00,29844.5,29858.75,29811.75,29822.0,7408.0
2026-08-10 16:15:00,29822.0,29843.5,29804.75,29809.75,7222.0
2026-08-10 16:30:00,29809.5,29817.0,29729.5,29742.25,12889.0
2026-08-10 16:45:00,29742.75,29781.0,29733.0,29780.0,8479.0
2026-08-10 17:00:00,29780.25,29809.0,29760.75,29800.75,7607.0
2026-08-10 17:15:00,29800.75,29811.25,29776.25,29787.5,5257.0
2026-08-10 17:30:00,29786.75,29796.5,29756.0,29759.5,5302.0
2026-08-10 17:45:00,29760.0,29765.25,29744.25,29759.75,5440.0
2026-08-10 18:00:00,29759.0,29772.75,29748.5,29751.25,4342.0
2026-08-10 18:15:00,29751.75,29756.5,29742.5,29747.75,4084.0
2026-08-10 18:30:00,29747.5,29773.5,29741.5,29771.75,5683.0
2026-08-10 18:45:00,29772.0,29784.5,29759.75,29782.0,4509.0
2026-08-10 19:00:00,29782.75,29795.0,29775.5,29789.5,5168.0
2026-08-10 19:15:00,29789.75,29796.0,29779.75,29781.75,4871.0
2026-08-10 19:30:00,29782.25,29793.0,29770.25,29776.25,5796.0
2026-08-10 19:45:00,29776.0,29784.25,29722.5,29744.25,23393.0
2026-08-10 20:00:00,29744.5,29754.75,29740.0,29745.0,6454.0
2026-08-10 20:15:00,29745.0,29754.5,29737.0,29751.75,1626.0
2026-08-10 20:30:00,29751.75,29760.0,29743.25,29757.5,1237.0
2026-08-10 20:45:00,29758.0,29770.0,29755.75,29764.25,1244.0
2026-08-10 22:00:00,29764.5,29788.5,29752.0,29761.5,793.0
2026-08-10 22:15:00,29761.75,29762.75,29733.0,29746.25,1056.0
2026-08-10 22:30:00,29746.0,29746.25,29722.25,29725.25,1039.0
2026-08-10 22:45:00,29724.5,29736.75,29724.5,29732.5,383.0
2026-08-10 23:00:00,29732.5,29735.5,29720.75,29731.25,519.0
2026-08-10 23:15:00,29731.5,29732.0,29701.25,29708.5,1306.0
2026-08-10 23:30:00,29708.5,29715.5,29702.5,29714.25,570.0
2026-08-10 23:45:00,29713.75,29726.75,29677.5,29704.5,2012.0
2026-08-11 00:00:00,29703.75,29753.5,29666.0,29748.75,4022.0
2026-08-11 00:15:00,29746.75,29765.0,29725.0,29762.75,2476.0
2026-08-11 00:30:00,29764.0,29784.0,29756.0,29778.25,1657.0
2026-08-11 00:45:00,29779.25,29793.75,29777.0,29785.0,1316.0
2026-08-11 01:00:00,29784.75,29826.0,29764.5,29826.0,3105.0
2026-08-11 01:15:00,29825.25,29839.5,29808.75,29821.75,1749.0
2026-08-11 01:30:00,29819.25,29827.5,29810.0,29822.5,970.0
2026-08-11 01:45:00,29820.75,29842.5,29817.0,29818.25,1352.0
2026-08-11 02:00:00,29818.0,29830.5,29812.0,29819.5,869.0
2026-08-11 02:15:00,29821.25,29827.25,29813.0,29825.0,599.0
2026-08-11 02:30:00,29824.0,29839.0,29824.0,29838.75,896.0
2026-08-11 02:45:00,29839.5,29844.5,29815.0,29818.25,904.0
2026-08-11 03:00:00,29817.75,29832.75,29815.0,29821.5,691.0
2026-08-11 03:15:00,29822.5,29847.5,29817.5,29840.75,943.0
2026-08-11 03:30:00,29842.25,29843.0,29826.0,29831.75,638.0
2026-08-11 03:45:00,29833.5,29842.75,29828.25,29834.0,431.0
2026-08-11 04:00:00,29838.25,29851.25,29836.0,29847.75,714.0
2026-08-11 04:15:00,29848.5,29854.5,29838.25,29852.75,758.0
2026-08-11 04:30:00,29852.5,29861.75,29835.5,29838.25,825.0
2026-08-11 04:45:00,29839.25,29846.0,29834.5,29838.75,368.0
2026-08-11 05:00:00,29838.75,29854.25,29830.25,29852.0,538.0
2026-08-11 05:15:00,29852.25,29853.5,29813.25,29813.75,888.0
2026-08-11 05:30:00,29813.25,29829.5,29798.25,29815.5,1518.0
2026-08-11 05:45:00,29814.5,29817.0,29786.75,29793.25,1086.0
2026-08-11 06:00:00,29792.5,29827.75,29787.25,29819.5,1117.0
2026-08-11 06:15:00,29820.0,29822.0,29766.25,29771.25,1886.0
2026-08-11 06:30:00,29770.5,29789.25,29732.5,29782.0,2836.0
2026-08-11 06:45:00,29785.25,29786.75,29738.5,29754.25,1446.0
2026-08-11 07:00:00,29755.75,29769.75,29733.25,29759.75,1400.0
2026-08-11 07:15:00,29758.25,29765.0,29728.0,29743.25,1371.0
2026-08-11 07:30:00,29744.25,29780.25,29743.25,29769.0,1058.0
2026-08-11 07:45:00,29767.5,29779.5,29756.0,29774.75,864.0
2026-08-11 08:00:00,29776.0,29804.25,29730.5,29731.25,2318.0
2026-08-11 08:15:00,29730.75,29747.25,29718.0,29733.0,1309.0
2026-08-11 08:30:00,29733.5,29754.75,29717.75,29753.75,1202.0
2026-08-11 08:45:00,29752.5,29763.5,29741.75,29749.5,794.0
2026-08-11 09:00:00,29748.0,29756.25,29718.75,29733.0,1381.0
2026-08-11 09:15:00,29732.25,29765.75,29731.25,29759.0,1133.0
2026-08-11 09:30:00,29759.25,29784.0,29754.5,29767.5,1149.0
2026-08-11 09:45:00,29768.25,29781.5,29764.25,29768.75,461.0
2026-08-11 10:00:00,29770.25,29773.0,29754.75,29756.25,659.0
2026-08-11 10:15:00,29756.25,29832.75,29750.25,29821.25,2051.0
2026-08-11 10:30:00,29821.75,29823.75,29801.75,29815.0,1020.0
2026-08-11 10:45:00,29814.25,29827.5,29812.25,29818.0,570.0
2026-08-11 11:00:00,29818.75,29886.75,29818.25,29872.0,5200.0
2026-08-11 11:15:00,29871.0,29873.0,29828.5,29834.25,1812.0
2026-08-11 11:30:00,29833.75,29837.0,29811.0,29824.5,1557.0
2026-08-11 11:45:00,29825.25,29835.25,29812.75,29832.0,933.0
2026-08-11 12:00:00,29832.75,29864.25,29819.5,29862.25,1825.0
2026-08-11 12:15:00,29861.25,29871.5,29821.5,29828.5,3140.0
2026-08-11 12:30:00,29829.75,29857.25,29819.0,29846.0,1668.0
2026-08-11 12:45:00,29847.0,29854.0,29827.0,29833.75,1534.0
2026-08-11 13:00:00,29832.5,29851.25,29820.25,29827.5,2324.0
2026-08-11 13:15:00,29827.75,29845.75,29813.0,29839.0,5274.0
2026-08-11 13:30:00,29839.25,29842.5,29679.0,29723.25,39004.0
2026-08-11 13:45:00,29723.75,29735.0,29631.75,29732.75,30187.0
2026-08-11 14:00:00,29732.5,29792.5,29718.25,29763.0,20114.0
2026-08-11 14:15:00,29762.0,29791.75,29737.5,29777.25,18648.0
2026-08-11 14:30:00,29777.75,29785.25,29728.25,29742.75,15323.0
2026-08-11 14:45:00,29741.75,29804.75,29740.5,29777.0,13786.0
2026-08-11 15:00:00,29776.5,29792.25,29703.25,29712.25,15538.0
2026-08-11 15:15:00,29711.0,29735.25,29697.5,29702.75,11761.0
2026-08-11 15:30:00,29702.5,29719.5,29663.75,29693.0,12877.0
2026-08-11 15:45:00,29693.25,29693.75,29658.75,29663.25,9935.0
2026-08-11 16:00:00,29663.75,29681.75,29647.75,29652.5,9323.0
2026-08-11 16:15:00,29652.5,29669.75,29622.0,29645.75,10264.0
2026-08-11 16:30:00,29645.75,29666.75,29630.75,29637.0,7784.0
2026-08-11 16:45:00,29637.0,29643.0,29614.75,29626.0,9661.0
2026-08-11 17:00:00,29626.75,29634.75,29577.0,29578.25,9167.0
2026-08-11 17:15:00,29578.25,29618.0,29573.0,29606.0,10118.0
2026-08-11 17:30:00,29606.5,29638.0,29598.75,29634.25,7472.0
2026-08-11 17:45:00,29634.5,29640.75,29622.25,29628.75,5657.0
2026-08-11 18:00:00,29629.25,29635.75,29602.0,29607.75,7662.0
2026-08-11 18:15:00,29608.0,29614.0,29533.5,29544.25,10388.0
2026-08-11 18:30:00,29545.0,29576.75,29540.0,29548.75,8611.0
2026-08-11 18:45:00,29548.75,29599.5,29548.25,29582.75,7153.0
2026-08-11 19:00:00,29582.25,29614.5,29571.5,29607.75,8028.0
2026-08-11 19:15:00,29608.0,29627.0,29602.0,29624.0,6252.0
2026-08-11 19:30:00,29624.5,29660.25,29620.0,29640.25,10315.0
2026-08-11 19:45:00,29639.75,29650.0,29607.0,29635.25,22056.0
2026-08-11 20:00:00,29635.75,29651.75,29614.75,29640.25,8715.0
2026-08-11 20:15:00,29640.5,29676.5,29639.0,29674.75,2615.0
2026-08-11 20:30:00,29674.5,29676.0,29664.5,29670.0,1281.0
2026-08-11 20:45:00,29670.75,29671.25,29643.5,29646.75,1485.0
2026-08-11 22:00:00,29657.75,29661.0,29626.75,29658.25,646.0
2026-08-11 22:15:00,29658.75,29662.0,29650.5,29655.0,420.0
2026-08-11 22:30:00,29653.25,29666.0,29637.0,29639.25,796.0
2026-08-11 22:45:00,29639.75,29653.75,29634.0,29650.25,603.0
2026-08-11 23:00:00,29649.5,29654.25,29639.5,29641.75,431.0
2026-08-11 23:15:00,29641.5,29654.25,29640.75,29652.5,347.0
2026-08-11 23:30:00,29652.75,29653.25,29635.75,29640.75,425.0
2026-08-11 23:45:00,29640.75,29663.0,29634.25,29662.25,850.0
2026-08-12 00:00:00,29661.75,29669.75,29624.5,29650.5,2022.0
2026-08-12 00:15:00,29649.25,29676.0,29638.5,29665.5,1690.0
2026-08-12 00:30:00,29666.0,29680.0,29652.0,29662.0,1166.0
2026-08-12 00:45:00,29662.0,29672.0,29655.5,29665.75,610.0
2026-08-12 01:00:00,29662.75,29681.0,29660.0,29674.75,1020.0
2026-08-12 01:15:00,29675.0,29675.75,29639.5,29661.75,1261.0
2026-08-12 01:30:00,29660.0,29678.0,29646.75,29678.0,950.0
2026-08-12 01:45:00,29678.25,29683.5,29646.75,29658.25,1157.0
2026-08-12 02:00:00,29659.0,29670.75,29650.0,29658.0,887.0
2026-08-12 02:15:00,29658.5,29678.0,29654.25,29678.0,635.0
2026-08-12 02:30:00,29677.25,29694.5,29675.25,29688.25,793.0
2026-08-12 02:45:00,29688.0,29703.0,29688.0,29702.5,760.0
2026-08-12 03:00:00,29702.75,29710.0,29695.25,29705.25,913.0
2026-08-12 03:15:00,29705.25,29708.75,29695.25,29702.5,640.0
2026-08-12 03:30:00,29701.75,29704.75,29688.75,29691.25,502.0
2026-08-12 03:45:00,29692.75,29701.25,29684.5,29695.0,440.0
2026-08-12 04:00:00,29694.0,29697.5,29691.75,29697.5,520.0
2026-08-12 04:15:00,29697.0,29703.0,29691.5,29698.25,335.0
2026-08-12 04:30:00,29697.0,29699.75,29683.5,29696.5,557.0
2026-08-12 04:45:00,29696.5,29715.5,29692.25,29713.0,778.0
2026-08-12 05:00:00,29714.0,29714.5,29685.0,29685.0,645.0
2026-08-12 05:15:00,29684.25,29690.0,29668.25,29688.0,869.0
2026-08-12 05:30:00,29688.75,29708.5,29687.25,29699.75,574.0
2026-08-12 05:45:00,29699.75,29718.0,29697.0,29715.5,691.0
2026-08-12 06:00:00,29715.0,29724.25,29707.25,29713.75,982.0
2026-08-12 06:15:00,29713.75,29721.25,29698.25,29711.75,833.0
2026-08-12 06:30:00,29709.5,29730.25,29706.0,29718.0,692.0
2026-08-12 06:45:00,29719.0,29737.25,29718.25,29736.75,970.0
2026-08-12 07:00:00,29737.25,29753.75,29735.5,29741.25,2356.0
2026-08-12 07:15:00,29741.5,29748.75,29727.5,29739.25,676.0
2026-08-12 07:30:00,29738.0,29744.0,29729.75,29742.75,534.0
2026-08-12 07:45:00,29741.25,29751.5,29730.5,29751.5,443.0
2026-08-12 08:00:00,29752.25,29781.25,29748.25,29771.0,1770.0
2026-08-12 08:15:00,29772.0,29792.25,29764.25,29786.0,1109.0
2026-08-12 08:30:00,29785.75,29787.25,29762.75,29773.25,818.0
2026-08-12 08:45:00,29773.0,29799.5,29771.75,29793.75,898.0
2026-08-12 09:00:00,29794.5,29812.0,29793.5,29808.25,983.0
2026-08-12 09:15:00,29808.0,29848.25,29803.75,29824.0,1965.0
2026-08-12 09:30:00,29823.5,29838.75,29822.5,29829.75,968.0
2026-08-12 09:45:00,29830.0,29834.5,29802.75,29815.25,1510.0
2026-08-12 10:00:00,29815.5,29842.75,29814.75,29839.0,1238.0
2026-08-12 10:15:00,29839.5,29845.25,29833.75,29839.5,760.0
2026-08-12 10:30:00,29839.75,29844.25,29832.25,29841.5,667.0
2026-08-12 10:45:00,29840.75,29841.5,29785.0,29814.5,2694.0
2026-08-12 11:00:00,29816.0,29838.0,29814.0,29823.5,1410.0
2026-08-12 11:15:00,29821.25,29821.75,29805.5,29810.25,1049.0
2026-08-12 11:30:00,29810.0,29831.75,29806.0,29825.5,1129.0
2026-08-12 11:45:00,29825.75,29846.5,29819.5,29845.5,1090.0
2026-08-12 12:00:00,29846.0,29858.25,29829.25,29830.0,1744.0
2026-08-12 12:15:00,29830.5,29932.25,29820.75,29905.5,4196.0
2026-08-12 12:30:00,29905.25,29960.0,29750.25,29917.25,12053.0
2026-08-12 12:45:00,29918.25,29922.5,29899.75,29919.25,3354.0
2026-08-12 13:00:00,29920.0,29941.5,29916.0,29939.0,3653.0
2026-08-12 13:15:00,29939.75,29992.75,29935.75,29991.0,8582.0
2026-08-12 13:30:00,29991.25,30001.75,29853.25,29899.5,39100.0
2026-08-12 13:45:00,29899.5,29970.75,29860.75,29907.5,27849.0
2026-08-12 14:00:00,29907.25,29936.0,29847.75,29892.5,23637.0
2026-08-12 14:15:00,29893.25,29945.75,29864.0,29916.25,16756.0
2026-08-12 14:30:00,29916.0,29929.0,29828.25,29925.0,18907.0
2026-08-12 14:45:00,29924.75,29931.5,29848.5,29868.0,14263.0
2026-08-12 15:00:00,29868.0,29892.0,29839.0,29879.75,12341.0
2026-08-12 15:15:00,29879.75,29887.0,29843.5,29874.5,8744.0
2026-08-12 15:30:00,29874.25,29879.0,29818.5,29828.25,10582.0
2026-08-12 15:45:00,29829.0,29854.0,29819.0,29831.75,6812.0
2026-08-12 16:00:00,29832.75,29877.75,29829.0,29873.25,7719.0
2026-08-12 16:15:00,29873.5,29887.75,29857.5,29873.5,7252.0
2026-08-12 16:30:00,29874.0,29894.75,29851.0,29885.0,8835.0
2026-08-12 16:45:00,29885.5,29918.0,29879.0,29905.5,7530.0
2026-08-12 17:00:00,29906.25,29924.5,29898.0,29911.25,6798.0
2026-08-12 17:15:00,29911.5,29920.0,29889.25,29909.25,6835.0
2026-08-12 17:30:00,29910.0,29922.25,29901.25,29915.0,5600.0
2026-08-12 17:45:00,29915.75,29924.0,29901.5,29910.25,4704.0
2026-08-12 18:00:00,29910.0,29918.5,29890.25,29907.25,4739.0
2026-08-12 18:15:00,29907.0,29913.75,29890.5,29894.0,5257.0
2026-08-12 18:30:00,29893.75,29932.0,29893.75,29919.5,5452.0
2026-08-12 18:45:00,29919.5,29923.25,29885.0,29889.75,5535.0
2026-08-12 19:00:00,29890.25,29905.0,29879.0,29884.25,4986.0
2026-08-12 19:15:00,29884.0,29898.5,29856.0,29868.25,6603.0
2026-08-12 19:30:00,29867.0,29868.0,29831.75,29849.25,8757.0
2026-08-12 19:45:00,29849.25,29870.0,29825.75,29852.75,22379.0
2026-08-12 20:00:00,29853.0,29906.0,29831.5,29846.75,9540.0
2026-08-12 20:15:00,29846.5,29851.25,29814.75,29820.0,2814.0
2026-08-12 20:30:00,29820.0,29823.25,29809.5,29820.25,2178.0
2026-08-12 20:45:00,29821.25,29823.0,29804.5,29805.75,1024.0
2026-08-12 22:00:00,29825.0,29831.75,29800.25,29804.75,914.0
2026-08-12 22:15:00,29805.0,29809.75,29784.0,29794.0,982.0
2026-08-12 22:30:00,29792.25,29795.5,29780.5,29793.0,1100.0
2026-08-12 22:45:00,29792.25,29803.5,29788.5,29797.75,540.0
2026-08-12 23:00:00,29797.25,29812.0,29797.0,29808.75,792.0
2026-08-12 23:15:00,29808.5,29812.5,29802.0,29807.25,514.0
2026-08-12 23:30:00,29805.25,29815.0,29793.5,29810.25,721.0
2026-08-12 23:45:00,29811.75,29812.25,29792.0,29804.5,977.0
2026-08-13 00:00:00,29805.25,29863.5,29796.75,29847.75,2844.0
2026-08-13 00:15:00,29848.25,29866.75,29838.0,29840.25,1742.0
2026-08-13 00:30:00,29839.75,29853.75,29828.5,29840.75,1437.0
2026-08-13 00:45:00,29840.5,29850.0,29829.0,29846.0,1065.0
2026-08-13 01:00:00,29845.75,29853.0,29821.5,29829.25,1541.0
2026-08-13 01:15:00,29831.5,29838.5,29808.25,29818.25,1405.0
2026-08-13 01:30:00,29816.75,29844.0,29814.5,29837.75,1263.0
2026-08-13 01:45:00,29836.75,29866.0,29828.0,29857.25,1462.0
2026-08-13 02:00:00,29858.0,29871.25,29853.75,29862.25,955.0
2026-08-13 02:15:00,29861.75,29869.5,29856.75,29863.0,870.0
2026-08-13 02:30:00,29861.75,29877.75,29833.5,29873.75,2041.0
2026-08-13 02:45:00,29873.75,29874.5,29866.0,29868.5,507.0
2026-08-13 03:00:00,29868.5,29875.75,29865.5,29874.5,483.0
2026-08-13 03:15:00,29873.75,29879.5,29871.25,29874.0,464.0
2026-08-13 03:30:00,29876.25,29880.0,29867.25,29876.0,483.0
2026-08-13 03:45:00,29876.0,29880.0,29874.0,29878.0,527.0
2026-08-13 04:00:00,29886.75,29891.75,29869.25,29869.25,1015.0
2026-08-13 04:15:00,29869.25,29884.5,29853.75,29877.0,1283.0
2026-08-13 04:30:00,29876.5,29896.0,29876.5,29879.0,669.0
2026-08-13 04:45:00,29878.75,29895.0,29873.5,29879.25,647.0
2026-08-13 05:00:00,29878.5,29916.5,29874.0,29915.0,1314.0
2026-08-13 05:15:00,29915.0,29922.75,29907.75,29920.5,1050.0
2026-08-13 05:30:00,29921.5,29924.0,29897.0,29902.75,1350.0
2026-08-13 05:45:00,29901.75,29908.5,29882.0,29884.5,775.0
2026-08-13 06:00:00,29884.5,29897.0,29869.25,29892.75,1503.0
2026-08-13 06:15:00,29894.0,29905.5,29885.0,29898.0,701.0
2026-08-13 06:30:00,29896.75,29905.25,29859.75,29862.25,1254.0
2026-08-13 06:45:00,29862.0,29890.25,29858.25,29888.5,955.0
2026-08-13 07:00:00,29888.0,29893.25,29845.0,29854.0,1929.0
2026-08-13 07:15:00,29853.75,29872.75,29848.0,29872.5,983.0
2026-08-13 07:30:00,29869.75,29882.25,29861.25,29880.5,966.0
2026-08-13 07:45:00,29880.5,29881.5,29859.25,29860.0,936.0
2026-08-13 08:00:00,29859.75,29872.5,29829.0,29838.5,2165.0
2026-08-13 08:15:00,29838.25,29865.0,29827.0,29858.75,1258.0
2026-08-13 08:30:00,29859.5,29866.0,29845.5,29862.5,840.0
2026-08-13 08:45:00,29861.75,29875.75,29854.25,29860.75,848.0
2026-08-13 09:00:00,29861.5,29868.75,29833.0,29833.0,1089.0
2026-08-13 09:15:00,29832.25,29848.75,29821.0,29838.75,786.0
2026-08-13 09:30:00,29837.5,29861.25,29836.5,29860.75,504.0
2026-08-13 09:45:00,29860.5,29879.25,29857.5,29876.5,717.0
2026-08-13 10:00:00,29876.25,29878.25,29863.25,29874.25,797.0
2026-08-13 10:15:00,29875.5,29884.5,29864.5,29873.0,788.0
2026-08-13 10:30:00,29874.0,29880.75,29868.5,29877.75,574.0
2026-08-13 10:45:00,29877.75,29886.5,29875.0,29881.25,496.0
2026-08-13 11:00:00,29881.5,29892.25,29870.75,29871.75,864.0
2026-08-13 11:15:00,29872.25,29875.5,29855.5,29863.0,1017.0
2026-08-13 11:30:00,29860.25,29888.75,29857.5,29887.75,1149.0
2026-08-13 11:45:00,29888.25,29895.0,29867.5,29869.0,1008.0
2026-08-13 12:00:00,29869.5,29872.0,29832.75,29842.25,2092.0
2026-08-13 12:15:00,29840.25,29860.0,29812.25,29844.5,1879.0
2026-08-13 12:30:00,29849.75,29890.5,29820.0,29846.75,6229.0
2026-08-13 12:45:00,29845.75,29881.25,29841.0,29880.25,2487.0
2026-08-13 13:00:00,29880.75,29921.0,29878.75,29908.25,4648.0
2026-08-13 13:15:00,29908.5,29920.0,29900.25,29910.75,4755.0
2026-08-13 13:30:00,29911.0,30053.5,29863.5,30012.25,37676.0
2026-08-13 13:45:00,30013.5,30182.25,30005.25,30176.0,32379.0
2026-08-13 14:00:00,30175.75,30214.75,30155.75,30204.75,23002.0
2026-08-13 14:15:00,30206.25,30239.5,30185.25,30234.25,18472.0
2026-08-13 14:30:00,30233.25,30267.5,30227.5,30236.5,18064.0
2026-08-13 14:45:00,30236.0,30241.5,30198.25,30199.5,18102.0
2026-08-13 15:00:00,30199.25,30231.5,30193.75,30217.5,15389.0
2026-08-13 15:15:00,30217.5,30238.75,30179.5,30188.25,15113.0
2026-08-13 15:30:00,30188.75,30198.5,30128.25,30157.0,18281.0
2026-08-13 15:45:00,30156.25,30156.75,30104.0,30115.5,13304.0
2026-08-13 16:00:00,30117.25,30172.5,30114.25,30140.75,10253.0
2026-08-13 16:15:00,30140.75,30189.0,30133.75,30186.5,8305.0
2026-08-13 16:30:00,30186.75,30200.0,30168.0,30183.0,7706.0
2026-08-13 16:45:00,30183.25,30203.25,30176.5,30193.75,6353.0
2026-08-13 17:00:00,30193.75,30232.75,30193.25,30226.25,8689.0
2026-08-13 17:15:00,30226.25,30250.0,30224.75,30237.5,8053.0
2026-08-13 17:30:00,30237.75,30244.75,30214.25,30214.5,6691.0
2026-08-13 17:45:00,30214.5,30228.0,30203.75,30204.5,5913.0
2026-08-13 18:00:00,30205.0,30215.5,30189.5,30201.5,6890.0
2026-08-13 18:15:00,30201.5,30207.75,30181.0,30192.0,7312.0
2026-08-13 18:30:00,30192.0,30237.25,30191.5,30229.0,8573.0
2026-08-13 18:45:00,30228.5,30246.0,30228.25,30244.25,6352.0
2026-08-13 19:00:00,30244.25,30272.75,30232.0,30238.75,11125.0
2026-08-13 19:15:00,30238.25,30246.0,30215.25,30223.25,9018.0
2026-08-13 19:30:00,30222.75,30227.75,30202.75,30204.5,7999.0
2026-08-13 19:45:00,30204.5,30207.0,30173.0,30194.0,24155.0
2026-08-13 20:00:00,30194.25,30220.0,30144.5,30208.0,11662.0
2026-08-13 20:15:00,30208.25,30214.25,30192.5,30197.75,2162.0
2026-08-13 20:30:00,30198.25,30213.25,30195.5,30209.5,1446.0
2026-08-13 20:45:00,30209.25,30219.75,30208.75,30214.25,1180.0
2026-08-13 22:00:00,30210.75,30216.75,30186.0,30197.25,707.0
2026-08-13 22:15:00,30196.25,30205.5,30190.0,30197.0,653.0
2026-08-13 22:30:00,30198.5,30210.25,30198.25,30206.75,550.0
2026-08-13 22:45:00,30206.25,30207.75,30200.0,30203.25,399.0
2026-08-13 23:00:00,30204.0,30224.75,30199.0,30224.75,663.0
2026-08-13 23:15:00,30225.0,30226.0,30192.25,30199.5,996.0
2026-08-13 23:30:00,30198.5,30203.5,30193.5,30196.25,554.0
2026-08-13 23:45:00,30196.75,30204.0,30189.5,30203.25,1019.0
2026-08-14 00:00:00,30203.75,30232.0,30195.75,30201.0,2501.0
2026-08-14 00:15:00,30201.25,30204.0,30176.75,30185.5,1796.0
2026-08-14 00:30:00,30184.5,30191.75,30174.5,30178.5,1284.0
2026-08-14 00:45:00,30180.0,30186.75,30166.25,30170.0,1580.0
2026-08-14 01:00:00,30169.25,30169.75,30124.25,30129.0,3091.0
2026-08-14 01:15:00,30128.75,30155.5,30124.5,30152.5,2004.0
2026-08-14 01:30:00,30153.25,30163.0,30140.25,30160.0,1196.0
2026-08-14 01:45:00,30160.5,30168.0,30149.25,30151.5,997.0
2026-08-14 02:00:00,30151.5,30171.75,30149.75,30166.5,1170.0
2026-08-14 02:15:00,30167.0,30170.25,30155.75,30167.25,762.0
2026-08-14 02:30:00,30168.0,30181.5,30167.25,30173.5,791.0
2026-08-14 02:45:00,30174.5,30178.5,30150.0,30154.75,848.0
2026-08-14 03:00:00,30153.75,30165.0,30150.0,30162.75,769.0
2026-08-14 03:15:00,30162.75,30180.0,30161.5,30180.0,641.0
2026-08-14 03:30:00,30180.75,30182.5,30155.25,30157.75,880.0
2026-08-14 03:45:00,30157.5,30163.0,30152.75,30153.75,537.0
2026-08-14 04:00:00,30158.25,30161.5,30148.0,30156.75,1124.0
2026-08-14 04:15:00,30155.0,30165.0,30150.5,30157.5,755.0
2026-08-14 04:30:00,30158.75,30163.75,30137.5,30154.75,1186.0
2026-08-14 04:45:00,30154.0,30154.25,30145.25,30147.0,508.0
2026-08-14 05:00:00,30148.25,30152.5,30127.75,30143.0,1092.0
2026-08-14 05:15:00,30144.0,30152.0,30138.25,30150.5,681.0
2026-08-14 05:30:00,30149.25,30167.0,30140.75,30166.5,685.0
2026-08-14 05:45:00,30167.0,30182.0,30164.5,30174.0,865.0
2026-08-14 06:00:00,30174.75,30177.75,30149.5,30152.5,917.0
2026-08-14 06:15:00,30153.0,30164.0,30147.5,30163.25,553.0
2026-08-14 06:30:00,30162.25,30165.5,30149.5,30159.75,608.0
2026-08-14 06:45:00,30160.25,30178.0,30160.0,30172.5,594.0
2026-08-14 07:00:00,30173.5,30194.25,30171.5,30175.25,1521.0
2026-08-14 07:15:00,30175.5,30181.25,30172.25,30177.0,483.0
2026-08-14 07:30:00,30177.75,30203.75,30173.0,30202.75,685.0
2026-08-14 07:45:00,30202.75,30202.75,30190.75,30194.75,810.0
2026-08-14 08:00:00,30194.5,30235.75,30187.75,30213.25,2236.0
2026-08-14 08:15:00,30215.0,30231.5,30206.0,30225.5,888.0
2026-08-14 08:30:00,30224.5,30240.25,30222.0,30227.75,1040.0
2026-08-14 08:45:00,30228.25,30240.0,30220.5,30220.75,540.0
2026-08-14 09:00:00,30220.0,30222.25,30210.25,30218.5,777.0
2026-08-14 09:15:00,30218.5,30232.0,30214.75,30226.75,607.0
2026-08-14 09:30:00,30225.5,30226.25,30207.0,30209.75,863.0
2026-08-14 09:45:00,30210.5,30236.0,30207.25,30235.0,861.0
2026-08-14 10:00:00,30234.25,30249.75,30233.5,30241.5,1061.0
2026-08-14 10:15:00,30239.75,30240.75,30223.0,30228.75,803.0
2026-08-14 10:30:00,30230.0,30237.75,30223.5,30237.0,726.0
2026-08-14 10:45:00,30236.25,30252.5,30232.75,30252.0,1227.0
2026-08-14 11:00:00,30251.75,30262.0,30247.0,30253.75,1276.0
2026-08-14 11:15:00,30254.0,30254.75,30242.0,30247.25,924.0
2026-08-14 11:30:00,30247.0,30258.5,30237.25,30251.5,1318.0
2026-08-14 11:45:00,30252.0,30268.0,30250.0,30263.75,1275.0
2026-08-14 12:00:00,30265.25,30280.25,30208.5,30237.5,3383.0
2026-08-14 12:15:00,30237.0,30256.25,30226.5,30251.5,2096.0
2026-08-14 12:30:00,30252.75,30279.75,30247.0,30266.0,3276.0
2026-08-14 12:45:00,30265.75,30279.75,30254.0,30268.25,2265.0
2026-08-14 13:00:00,30268.5,30283.0,30252.5,30253.0,2355.0
2026-08-14 13:15:00,30253.25,30261.5,30236.25,30241.5,4155.0
2026-08-14 13:30:00,30241.5,30269.5,30169.75,30261.0,37677.0
2026-08-14 13:45:00,30260.75,30280.5,30208.75,30228.25,26210.0
2026-08-14 14:00:00,30226.0,30272.25,30204.75,30221.25,18414.0
2026-08-14 14:15:00,30221.75,30228.5,30134.25,30160.25,21232.0
2026-08-14 14:30:00,30159.75,30176.5,30129.0,30155.5,17412.0
2026-08-14 14:45:00,30155.5,30166.0,30123.0,30123.0,9721.0
2026-08-14 15:00:00,30124.0,30143.0,30088.0,30090.5,14224.0
2026-08-14 15:15:00,30090.75,30110.75,30033.5,30072.5,17145.0
2026-08-14 15:30:00,30073.25,30075.0,30029.5,30049.0,13174.0
2026-08-14 15:45:00,30049.25,30072.75,30028.5,30065.75,11406.0
2026-08-14 16:00:00,30066.5,30084.25,30050.5,30080.25,10342.0
2026-08-14 16:15:00,30080.25,30107.75,30075.5,30101.0,8218.0
2026-08-14 16:30:00,30100.5,30102.0,30064.5,30067.25,9936.0
2026-08-14 16:45:00,30067.0,30076.75,30052.75,30059.0,6580.0
2026-08-14 17:00:00,30059.25,30079.75,30053.0,30069.25,6728.0
2026-08-14 17:15:00,30069.25,30076.5,30046.5,30059.25,6495.0
2026-08-14 17:30:00,30059.5,30072.25,30050.25,30058.0,5496.0
2026-08-14 17:45:00,30058.25,30084.5,30049.75,30081.5,6089.0
2026-08-14 18:00:00,30081.25,30091.25,30073.5,30078.75,5285.0
2026-08-14 18:15:00,30078.75,30092.5,30064.75,30068.0,5727.0
2026-08-14 18:30:00,30067.5,30090.25,30062.5,30087.25,5536.0
2026-08-14 18:45:00,30087.0,30104.0,30078.0,30088.5,5489.0
2026-08-14 19:00:00,30088.5,30094.5,30077.0,30083.0,5918.0
2026-08-14 19:15:00,30083.25,30104.0,30076.0,30096.75,6263.0
2026-08-14 19:30:00,30096.25,30115.25,30091.25,30108.5,8117.0
2026-08-14 19:45:00,30108.5,30148.0,30101.5,30145.0,22358.0
2026-08-14 20:00:00,30144.25,30153.25,30131.0,30132.75,8607.0
2026-08-14 20:15:00,30133.25,30135.5,30127.25,30131.0,1194.0
2026-08-14 20:30:00,30131.0,30145.75,30128.25,30142.0,1594.0
2026-08-14 20:45:00,30142.25,30154.75,30138.0,30141.75,1273.0
2026-08-16 22:00:00,30192.25,30202.5,30188.75,30196.5,299.0
2026-08-16 22:15:00,30197.75,30200.75,30190.5,30192.75,447.0
2026-08-16 22:30:00,30193.0,30196.5,30188.5,30192.25,377.0
2026-08-16 22:45:00,30192.75,30211.75,30187.25,30205.0,1136.0
2026-08-16 23:00:00,30205.25,30207.25,30195.25,30197.0,532.0
2026-08-16 23:15:00,30197.25,30204.25,30191.5,30197.0,629.0
2026-08-16 23:30:00,30197.75,30206.25,30192.75,30206.25,469.0
2026-08-16 23:45:00,30204.75,30228.0,30204.5,30214.25,1312.0
2026-08-17 00:00:00,30215.0,30227.25,30209.0,30219.5,1582.0
2026-08-17 00:15:00,30218.5,30218.75,30189.0,30195.5,1457.0
2026-08-17 00:30:00,30195.5,30198.25,30185.5,30188.75,1050.0
2026-08-17 00:45:00,30189.25,30202.0,30185.5,30201.75,702.0
2026-08-17 01:00:00,30201.0,30233.25,30199.75,30214.25,1977.0
2026-08-17 01:15:00,30214.5,30239.0,30203.75,30229.75,1562.0
2026-08-17 01:30:00,30230.25,30232.5,30191.0,30199.0,1780.0
2026-08-17 01:45:00,30198.5,30203.25,30187.0,30192.0,788.0
2026-08-17 02:00:00,30192.0,30200.5,30185.25,30200.25,900.0
2026-08-17 02:15:00,30200.75,30222.25,30197.75,30217.25,1472.0
2026-08-17 02:30:00,30216.75,30225.0,30211.75,30222.25,626.0
2026-08-17 02:45:00,30220.5,30231.25,30220.0,30222.25,768.0
2026-08-17 03:00:00,30223.0,30235.0,30220.75,30226.0,862.0
2026-08-17 03:15:00,30227.5,30235.5,30226.75,30234.25,390.0
2026-08-17 03:30:00,30234.75,30247.25,30226.0,30241.5,783.0
2026-08-17 03:45:00,30241.25,30246.25,30238.75,30245.75,401.0
2026-08-17 04:00:00,30246.75,30255.0,30243.5,30251.25,884.0
2026-08-17 04:15:00,30250.5,30252.25,30240.5,30241.0,557.0
2026-08-17 04:30:00,30241.0,30244.75,30233.25,30243.5,586.0
2026-08-17 04:45:00,30244.0,30248.5,30233.0,30234.75,552.0
2026-08-17 05:00:00,30234.5,30247.0,30234.5,30241.25,547.0
2026-08-17 05:15:00,30243.0,30246.75,30230.5,30243.75,447.0
2026-08-17 05:30:00,30244.5,30263.0,30237.25,30263.0,1076.0
2026-08-17 05:45:00,30263.0,30274.0,30261.25,30272.0,712.0
2026-08-17 06:00:00,30273.25,30295.0,30266.75,30287.5,1903.0
2026-08-17 06:15:00,30287.75,30299.0,30272.0,30296.75,1369.0
2026-08-17 06:30:00,30297.25,30327.0,30294.0,30314.5,2807.0
2026-08-17 06:45:00,30315.0,30326.0,30311.0,30324.5,589.0
2026-08-17 07:00:00,30324.75,30331.5,30273.25,30275.0,2081.0
2026-08-17 07:15:00,30276.0,30280.5,30261.0,30279.75,1622.0
2026-08-17 07:30:00,30279.75,30324.25,30276.75,30318.25,1619.0
2026-08-17 07:45:00,30317.75,30322.5,30306.75,30313.0,1110.0
2026-08-17 08:00:00,30312.0,30328.0,30297.0,30307.25,1756.0
2026-08-17 08:15:00,30307.25,30319.5,30303.0,30315.25,688.0
2026-08-17 08:30:00,30314.0,30319.0,30287.5,30288.25,905.0
2026-08-17 08:45:00,30288.25,30305.25,30283.75,30298.25,779.0
2026-08-17 09:00:00,30298.25,30301.5,30288.0,30297.0,621.0
2026-08-17 09:15:00,30297.25,30297.25,30267.75,30274.5,849.0
2026-08-17 09:30:00,30274.25,30283.25,30267.75,30282.75,658.0
2026-08-17 09:45:00,30281.75,30291.5,30276.25,30282.0,637.0
2026-08-17 10:00:00,30282.0,30296.5,30276.0,30295.5,906.0
2026-08-17 10:15:00,30295.5,30343.0,30279.0,30338.0,1813.0
2026-08-17 10:30:00,30334.25,30338.5,30292.75,30310.5,1586.0
2026-08-17 10:45:00,30310.25,30316.5,30305.0,30315.0,662.0
2026-08-17 11:00:00,30313.75,30325.0,30296.25,30300.25,1973.0
2026-08-17 11:15:00,30300.25,30306.75,30286.75,30299.5,1271.0
2026-08-17 11:30:00,30300.25,30306.0,30292.5,30304.5,822.0
2026-08-17 11:45:00,30304.25,30310.0,30286.0,30286.75,1095.0
2026-08-17 12:00:00,30286.75,30288.75,30246.75,30278.25,2718.0
2026-08-17 12:15:00,30278.5,30281.0,30220.75,30236.0,3233.0
2026-08-17 12:30:00,30238.25,30250.5,30182.75,30189.5,4116.0
2026-08-17 12:45:00,30189.25,30213.0,30180.0,30202.5,3264.0
2026-08-17 13:00:00,30202.5,30225.75,30199.25,30218.5,2852.0
2026-08-17 13:15:00,30219.5,30238.0,30205.25,30219.5,6138.0
2026-08-17 13:30:00,30218.5,30266.0,30165.5,30196.5,36120.0
2026-08-17 13:45:00,30196.5,30254.25,30174.25,30235.0,19895.0
2026-08-17 14:00:00,30234.75,30243.25,30161.0,30224.25,21484.0
2026-08-17 14:15:00,30224.75,30226.0,30155.25,30197.75,15426.0
2026-08-17 14:30:00,30198.0,30217.25,30186.0,30204.25,10013.0
2026-08-17 14:45:00,30205.0,30246.0,30199.25,30244.0,11667.0
2026-08-17 15:00:00,30244.0,30287.5,30233.25,30257.75,15583.0
2026-08-17 15:15:00,30258.0,30278.0,30255.0,30269.0,9661.0
2026-08-17 15:30:00,30269.75,30273.5,30207.75,30227.5,14486.0
2026-08-17 15:45:00,30227.0,30249.75,30214.0,30239.5,8295.0
2026-08-17 16:00:00,30239.75,30243.25,30200.0,30204.0,8620.0
2026-08-17 16:15:00,30204.0,30218.0,30196.5,30207.25,6231.0
2026-08-17 16:30:00,30207.5,30212.75,30182.0,30183.5,6293.0
2026-08-17 16:45:00,30183.5,30192.75,30175.25,30183.5,6085.0
2026-08-17 17:00:00,30183.5,30187.25,30128.25,30129.75,10283.0
2026-08-17 17:15:00,30129.5,30143.75,30092.5,30096.75,16547.0
2026-08-17 17:30:00,30097.0,30128.0,30086.5,30123.0,12224.0
2026-08-17 17:45:00,30123.0,30127.25,30097.0,30102.25,6150.0
2026-08-17 18:00:00,30102.0,30114.0,30079.25,30100.25,9228.0
2026-08-17 18:15:00,30100.25,30113.75,30089.5,30103.0,7159.0
2026-08-17 18:30:00,30103.75,30120.0,30092.5,30117.25,5478.0
2026-08-17 18:45:00,30117.75,30136.5,30115.5,30122.25,5995.0
2026-08-17 19:00:00,30122.5,30124.75,30083.25,30084.75,6568.0
2026-08-17 19:15:00,30084.75,30114.0,30082.25,30093.5,8508.0
2026-08-17 19:30:00,30093.75,30111.75,30088.75,30102.25,7869.0
2026-08-17 19:45:00,30102.75,30123.0,30066.5,30090.5,19409.0
2026-08-17 20:00:00,30091.0,30098.0,30070.25,30078.25,7428.0
2026-08-17 20:15:00,30078.25,30082.25,30068.5,30078.5,1282.0
2026-08-17 20:30:00,30077.75,30080.0,30059.0,30064.75,1423.0
2026-08-17 20:45:00,30063.75,30079.75,30054.5,30078.25,1434.0
2026-08-17 22:00:00,30077.0,30091.75,30070.25,30073.5,765.0
2026-08-17 22:15:00,30073.0,30084.75,30062.25,30076.0,1133.0
2026-08-17 22:30:00,30075.0,30076.75,30067.0,30070.75,513.0
2026-08-17 22:45:00,30071.75,30083.5,30070.75,30079.75,562.0
2026-08-17 23:00:00,30079.25,30087.25,30070.0,30081.25,639.0
2026-08-17 23:15:00,30082.0,30088.75,30071.75,30084.0,653.0
2026-08-17 23:30:00,30083.0,30103.0,30082.75,30096.75,970.0
2026-08-17 23:45:00,30095.75,30100.75,30080.5,30094.5,1378.0
2026-08-18 00:00:00,30094.25,30104.0,30083.75,30100.0,1481.0
2026-08-18 00:15:00,30101.0,30114.75,30091.5,30100.0,1458.0
2026-08-18 00:30:00,30101.0,30113.25,30097.75,30112.0,878.0
2026-08-18 00:45:00,30112.0,30121.25,30095.0,30098.0,1421.0
2026-08-18 01:00:00,30099.25,30110.0,30090.0,30109.25,1230.0
2026-08-18 01:15:00,30109.5,30109.75,30075.0,30087.5,1533.0
2026-08-18 01:30:00,30086.25,30090.5,30037.0,30049.75,2940.0
2026-08-18 01:45:00,30049.0,30055.5,29968.25,30012.5,6511.0
2026-08-18 02:00:00,30012.0,30022.0,29963.0,29966.25,3043.0
2026-08-18 02:15:00,29965.25,29971.0,29923.25,29931.0,4207.0
2026-08-18 02:30:00,29932.5,29959.75,29906.75,29909.5,3539.0
2026-08-18 02:45:00,29909.75,29920.75,29880.25,29908.25,4381.0
2026-08-18 03:00:00,29909.0,29915.5,29888.75,29895.0,1484.0
2026-08-18 03:15:00,29894.5,29897.25,29859.25,29879.25,2961.0
2026-08-18 03:30:00,29879.0,29897.5,29853.0,29895.5,2791.0
2026-08-18 03:45:00,29893.75,29909.75,29881.25,29900.0,2031.0
2026-08-18 04:00:00,29888.75,29898.5,29888.75,29897.75,1880.0
2026-08-18 04:15:00,29898.25,29920.25,29879.25,29911.0,2026.0
2026-08-18 04:30:00,29912.25,29921.0,29891.0,29900.5,1607.0
2026-08-18 04:45:00,29899.0,29927.25,29895.75,29918.0,1218.0
2026-08-18 05:00:00,29917.75,29918.5,29876.0,29879.25,2142.0
2026-08-18 05:15:00,29878.75,29888.0,29873.25,29876.0,907.0
2026-08-18 05:30:00,29876.5,29877.0,29862.25,29866.0,1405.0
2026-08-18 05:45:00,29865.25,29880.75,29835.25,29842.0,1893.0
2026-08-18 06:00:00,29841.5,29846.5,29786.0,29836.25,4649.0
2026-08-18 06:15:00,29835.0,29866.5,29820.5,29860.0,2165.0
2026-08-18 06:30:00,29859.5,29876.5,29852.75,29865.5,1145.0
2026-08-18 06:45:00,29866.25,29896.0,29862.75,29893.0,1219.0
2026-08-18 07:00:00,29892.0,29896.5,29861.25,29863.0,1753.0
2026-08-18 07:15:00,29862.75,29871.75,29845.5,29847.25,1180.0
2026-08-18 07:30:00,29848.0,29854.75,29822.0,29825.25,1698.0
2026-08-18 07:45:00,29825.25,29841.0,29808.0,29810.75,1565.0
2026-08-18 08:00:00,29811.0,29814.25,29736.5,29766.75,5757.0
2026-08-18 08:15:00,29767.75,29786.25,29735.75,29759.75,2298.0
2026-08-18 08:30:00,29759.5,29792.25,29748.25,29780.5,1692.0
2026-08-18 08:45:00,29782.0,29782.5,29742.5,29765.5,1791.0
2026-08-18 09:00:00,29765.0,29778.0,29743.75,29764.5,1935.0
2026-08-18 09:15:00,29764.25,29770.75,29723.5,29735.0,1880.0
2026-08-18 09:30:00,29736.5,29742.0,29698.25,29712.75,2586.0
2026-08-18 09:45:00,29711.75,29737.0,29687.25,29733.0,2795.0
2026-08-18 10:00:00,29732.25,29743.75,29715.75,29722.0,1582.0
2026-08-18 10:15:00,29722.25,29742.25,29703.75,29727.5,1526.0
2026-08-18 10:30:00,29726.75,29746.0,29720.5,29728.5,1383.0
2026-08-18 10:45:00,29727.75,29752.75,29721.0,29739.0,1069.0
2026-08-18 11:00:00,29739.0,29772.75,29730.25,29768.0,2625.0
2026-08-18 11:15:00,29767.25,29773.75,29753.25,29756.75,1430.0
2026-08-18 11:30:00,29758.0,29760.5,29727.0,29756.25,1979.0
2026-08-18 11:45:00,29756.0,29775.75,29745.5,29747.25,1633.0
2026-08-18 12:00:00,29748.5,29786.0,29726.25,29733.5,3065.0
2026-08-18 12:15:00,29734.0,29760.0,29711.5,29714.5,3609.0
2026-08-18 12:30:00,29714.25,29723.0,29685.25,29688.75,2890.0
2026-08-18 12:45:00,29688.25,29721.25,29680.5,29713.0,2988.0
2026-08-18 13:00:00,29713.0,29726.5,29691.0,29696.25,3653.0
2026-08-18 13:15:00,29695.75,29708.5,29678.0,29690.25,6400.0
2026-08-18 13:30:00,29690.75,29769.75,29631.25,29687.5,51080.0
2026-08-18 13:45:00,29687.25,29700.5,29604.75,29646.25,30220.0
2026-08-18 14:00:00,29647.5,29705.75,29568.5,29587.25,31256.0
2026-08-18 14:15:00,29587.0,29684.75,29578.0,29669.25,25942.0
2026-08-18 14:30:00,29668.75,29691.25,29612.5,29614.0,20225.0
2026-08-18 14:45:00,29614.0,29625.0,29536.25,29547.75,23705.0
2026-08-18 15:00:00,29547.5,29571.0,29514.0,29547.0,22737.0
2026-08-18 15:15:00,29546.25,29600.0,29532.0,29591.25,16191.0
2026-08-18 15:30:00,29591.0,29610.0,29566.5,29598.0,13720.0
2026-08-18 15:45:00,29598.75,29641.0,29598.25,29637.0,13617.0
2026-08-18 16:00:00,29636.75,29663.25,29625.0,29646.0,12619.0
2026-08-18 16:15:00,29647.0,29657.25,29609.5,29609.75,11032.0
2026-08-18 16:30:00,29609.75,29650.0,29603.25,29629.5,10763.0
2026-08-18 16:45:00,29629.75,29670.75,29618.5,29649.75,9178.0
2026-08-18 17:00:00,29649.75,29660.75,29618.5,29635.25,8669.0
2026-08-18 17:15:00,29635.5,29635.75,29593.0,29616.0,8061.0
2026-08-18 17:30:00,29615.25,29622.0,29591.5,29603.5,8095.0
2026-08-18 17:45:00,29604.0,29615.0,29565.0,29565.75,6928.0
2026-08-18 18:00:00,29566.0,29579.0,29547.25,29575.25,9399.0
2026-08-18 18:15:00,29574.75,29615.0,29571.25,29603.25,10320.0
2026-08-18 18:30:00,29603.5,29614.0,29584.25,29586.0,6775.0
2026-08-18 18:45:00,29586.5,29597.75,29565.25,29571.25,6645.0
2026-08-18 19:00:00,29571.0,29586.0,29564.5,29572.25,6426.0
2026-08-18 19:15:00,29572.25,29606.75,29564.75,29600.0,8457.0
2026-08-18 19:30:00,29600.0,29606.0,29582.75,29600.25,9006.0
2026-08-18 19:45:00,29600.25,29610.0,29559.25,29586.5,28975.0
2026-08-18 20:00:00,29586.75,29596.75,29566.0,29573.25,6827.0
2026-08-18 20:15:00,29573.5,29583.0,29561.5,29578.25,1777.0
2026-08-18 20:30:00,29578.5,29586.0,29574.5,29577.25,955.0
2026-08-18 20:45:00,29577.25,29578.5,29550.25,29559.5,2120.0
2026-08-18 22:00:00,29566.5,29582.5,29549.0,29574.75,802.0
2026-08-18 22:15:00,29574.75,29593.5,29544.75,29546.75,1957.0
2026-08-18 22:30:00,29547.5,29552.75,29521.0,29531.75,2060.0
2026-08-18 22:45:00,29532.5,29536.75,29516.75,29519.5,1257.0
2026-08-18 23:00:00,29520.0,29547.75,29514.25,29533.25,1572.0
2026-08-18 23:15:00,29532.5,29567.25,29521.0,29546.0,1798.0
2026-08-18 23:30:00,29545.75,29549.75,29523.0,29536.75,1297.0
2026-08-18 23:45:00,29534.0,29552.75,29524.5,29528.5,1712.0
2026-08-19 00:00:00,29527.5,29529.25,29442.0,29460.25,6389.0
2026-08-19 00:15:00,29461.0,29530.75,29450.0,29530.75,3356.0
2026-08-19 00:30:00,29530.75,29575.75,29529.75,29569.5,2919.0
2026-08-19 00:45:00,29569.25,29586.0,29533.75,29539.25,3149.0
2026-08-19 01:00:00,29538.25,29598.25,29530.25,29586.5,4297.0
2026-08-19 01:15:00,29586.0,29609.5,29568.5,29602.0,3194.0
2026-08-19 01:30:00,29600.75,29604.5,29563.25,29577.75,2310.0
2026-08-19 01:45:00,29575.0,29584.25,29563.0,29577.75,1417.0
2026-08-19 02:00:00,29579.0,29583.25,29526.25,29533.25,2002.0
2026-08-19 02:15:00,29533.0,29563.25,29521.0,29542.0,2407.0
2026-08-19 02:30:00,29541.75,29545.0,29514.0,29523.0,1427.0
2026-08-19 02:45:00,29523.25,29544.0,29518.25,29532.0,1332.0
2026-08-19 03:00:00,29532.0,29555.0,29520.75,29532.25,1373.0
2026-08-19 03:15:00,29532.0,29551.5,29519.75,29535.25,1339.0
2026-08-19 03:30:00,29533.5,29567.0,29528.5,29531.75,1723.0
2026-08-19 03:45:00,29530.0,29546.0,29516.25,29527.75,1051.0
2026-08-19 04:00:00,29517.0,29522.25,29505.0,29516.25,1515.0
2026-08-19 04:15:00,29516.25,29543.5,29507.5,29533.75,1256.0
2026-08-19 04:30:00,29533.75,29540.5,29498.0,29498.75,1440.0
2026-08-19 04:45:00,29499.75,29507.25,29463.75,29506.0,2004.0
2026-08-19 05:00:00,29506.75,29535.0,29482.75,29487.5,1967.0
2026-08-19 05:15:00,29489.0,29510.0,29466.25,29509.25,1471.0
2026-08-19 05:30:00,29507.5,29512.25,29459.0,29472.75,1464.0
2026-08-19 05:45:00,29471.5,29477.0,29446.0,29457.5,1550.0
2026-08-19 06:00:00,29456.5,29466.0,29430.5,29436.0,2199.0
2026-08-19 06:15:00,29435.5,29504.75,29435.0,29482.0,2158.0
2026-08-19 06:30:00,29481.5,29494.5,29460.0,29490.25,1230.0
2026-08-19 06:45:00,29491.75,29561.5,29491.25,29559.75,3311.0
2026-08-19 07:00:00,29558.75,29563.5,29520.25,29559.0,2764.0
2026-08-19 07:15:00,29559.0,29578.25,29533.5,29578.25,1654.0
2026-08-19 07:30:00,29578.5,29589.25,29547.25,29571.0,2120.0
2026-08-19 07:45:00,29571.5,29606.5,29569.5,29601.25,2351.0
2026-08-19 08:00:00,29600.25,29640.75,29593.0,29624.75,3944.0
2026-08-19 08:15:00,29625.0,29639.0,29607.5,29622.5,2925.0
2026-08-19 08:30:00,29620.5,29632.0,29600.25,29626.25,1625.0
2026-08-19 08:45:00,29626.5,29633.25,29607.0,29609.5,1382.0
2026-08-19 09:00:00,29606.25,29630.0,29592.75,29593.5,1704.0
2026-08-19 09:15:00,29594.5,29598.25,29566.25,29571.0,1757.0
2026-08-19 09:30:00,29571.0,29587.0,29549.5,29552.0,1339.0
2026-08-19 09:45:00,29552.0,29563.0,29536.5,29553.75,1256.0
2026-08-19 10:00:00,29553.25,29557.75,29510.75,29540.75,2156.0
2026-08-19 10:15:00,29539.5,29541.25,29512.25,29536.25,1352.0
2026-08-19 10:30:00,29536.0,29557.75,29528.5,29555.0,1518.0
2026-08-19 10:45:00,29555.25,29558.75,29517.75,29521.0,1057.0
2026-08-19 11:00:00,29522.5,29578.0,29509.5,29545.75,2536.0
2026-08-19 11:15:00,29549.0,29560.25,29531.25,29538.5,1435.0
2026-08-19 11:30:00,29536.25,29540.25,29508.0,29515.0,1441.0
2026-08-19 11:45:00,29513.75,29537.5,29506.75,29536.0,1395.0
2026-08-19 12:00:00,29535.0,29558.5,29511.5,29553.0,2819.0
2026-08-19 12:15:00,29553.0,29583.0,29549.75,29573.25,3643.0
2026-08-19 12:30:00,29574.0,29685.0,29549.25,29683.25,12551.0
2026-08-19 12:45:00,29683.5,29757.25,29683.5,29742.75,12868.0
2026-08-19 13:00:00,29743.0,29743.0,29679.75,29723.75,8613.0
2026-08-19 13:15:00,29723.25,29748.25,29695.75,29697.0,7568.0
2026-08-19 13:30:00,29696.0,29742.75,29560.5,29610.75,50213.0
2026-08-19 13:45:00,29609.75,29635.5,29406.5,29496.5,47244.0
2026-08-19 14:00:00,29496.25,29514.25,29377.25,29382.5,31740.0
2026-08-19 14:15:00,29382.25,29485.0,29375.75,29482.5,30659.0
2026-08-19 14:30:00,29482.5,29575.0,29468.25,29564.0,22645.0
2026-08-19 14:45:00,29564.5,29624.5,29527.0,29623.25,18059.0
2026-08-19 15:00:00,29623.0,29629.75,29581.0,29617.25,14175.0
2026-08-19 15:15:00,29616.25,29631.25,29588.0,29613.5,11698.0
2026-08-19 15:30:00,29613.25,29616.5,29550.25,29596.75,11459.0
2026-08-19 15:45:00,29596.25,29616.25,29569.75,29606.25,10130.0
2026-08-19 16:00:00,29607.25,29653.75,29587.5,29637.0,10079.0
2026-08-19 16:15:00,29637.25,29667.25,29602.25,29609.0,9303.0
2026-08-19 16:30:00,29609.0,29621.5,29594.0,29610.25,6760.0
2026-08-19 16:45:00,29610.25,29611.25,29553.0,29559.5,7515.0
2026-08-19 17:00:00,29560.0,29573.25,29539.5,29548.0,8312.0
2026-08-19 17:15:00,29547.75,29556.5,29510.5,29539.5,8575.0
2026-08-19 17:30:00,29540.0,29544.25,29513.75,29537.0,6094.0
2026-08-19 17:45:00,29536.25,29561.0,29534.25,29544.25,5188.0
2026-08-19 18:00:00,29544.0,29592.5,29498.5,29520.0,13268.0
2026-08-19 18:15:00,29519.75,29540.5,29492.0,29538.75,7621.0
2026-08-19 18:30:00,29538.5,29578.75,29536.25,29560.0,8535.0
2026-08-19 18:45:00,29560.5,29561.25,29527.5,29535.0,5645.0
2026-08-19 19:00:00,29535.25,29559.5,29529.5,29547.25,5759.0
2026-08-19 19:15:00,29547.5,29579.75,29543.75,29555.75,6653.0
2026-08-19 19:30:00,29556.75,29590.0,29527.25,29530.75,8893.0
2026-08-19 19:45:00,29530.5,29532.75,29485.25,29521.5,25329.0
2026-08-19 20:00:00,29522.0,29542.75,29517.75,29518.25,7218.0
2026-08-19 20:15:00,29518.75,29529.0,29514.25,29525.25,1370.0
2026-08-19 20:30:00,29524.75,29532.0,29520.0,29529.25,1043.0
2026-08-19 20:45:00,29529.0,29562.5,29527.25,29561.0,1666.0
2026-08-19 22:00:00,29561.5,29639.0,29556.5,29627.25,1660.0
2026-08-19 22:15:00,29627.25,29632.25,29606.5,29621.5,1309.0
2026-08-19 22:30:00,29622.0,29638.0,29613.0,29630.0,869.0
2026-08-19 22:45:00,29631.25,29654.25,29628.5,29649.5,2177.0
2026-08-19 23:00:00,29650.75,29689.75,29632.75,29651.75,2530.0
2026-08-19 23:15:00,29651.0,29660.0,29641.75,29651.25,630.0
2026-08-19 23:30:00,29652.0,29666.75,29644.25,29659.75,689.0
2026-08-19 23:45:00,29658.75,29662.25,29626.0,29628.5,1610.0
2026-08-20 00:00:00,29629.0,29631.75,29581.5,29629.5,3202.0
2026-08-20 00:15:00,29630.0,29665.5,29625.0,29630.5,2481.0
2026-08-20 00:30:00,29630.75,29666.0,29617.0,29654.25,1660.0
2026-08-20 00:45:00,29655.0,29675.75,29642.25,29669.75,1394.0
2026-08-20 01:00:00,29670.5,29684.25,29640.5,29644.25,1877.0
2026-08-20 01:15:00,29645.25,29667.0,29624.75,29634.5,1952.0
2026-08-20 01:30:00,29633.75,29671.5,29623.75,29668.75,1491.0
2026-08-20 01:45:00,29668.75,29674.75,29630.0,29642.25,1641.0
2026-08-20 02:00:00,29641.75,29683.25,29640.0,29669.25,1411.0
2026-08-20 02:15:00,29668.25,29670.0,29612.75,29633.25,2042.0
2026-08-20 02:30:00,29631.25,29662.25,29610.0,29646.25,1387.0
2026-08-20 02:45:00,29645.5,29648.0,29611.25,29630.25,1099.0
2026-08-20 03:00:00,29632.0,29655.75,29606.0,29623.0,1380.0
2026-08-20 03:15:00,29624.25,29657.25,29621.25,29626.0,834.0
2026-08-20 03:30:00,29625.0,29628.75,29593.5,29618.75,1766.0
2026-08-20 03:45:00,29618.75,29631.25,29609.25,29613.0,855.0
2026-08-20 04:00:00,29646.25,29656.0,29645.0,29655.25,955.0
2026-08-20 04:15:00,29655.25,29656.0,29636.0,29639.25,589.0
2026-08-20 04:30:00,29640.25,29640.25,29608.5,29628.5,1039.0
2026-08-20 04:45:00,29627.75,29642.0,29612.25,29615.0,604.0
2026-08-20 05:00:00,29617.0,29623.75,29587.75,29597.0,907.0
2026-08-20 05:15:00,29597.75,29641.0,29594.5,29616.0,1365.0
2026-08-20 05:30:00,29617.25,29634.25,29604.75,29615.5,936.0
2026-08-20 05:45:00,29613.75,29618.0,29599.75,29605.5,711.0
2026-08-20 06:00:00,29607.0,29666.25,29602.25,29660.0,1703.0
2026-08-20 06:15:00,29659.25,29661.75,29639.0,29654.5,1154.0
2026-08-20 06:30:00,29653.5,29677.25,29647.0,29671.25,1220.0
2026-08-20 06:45:00,29673.0,29686.5,29666.25,29672.5,1282.0
2026-08-20 07:00:00,29672.75,29672.75,29632.5,29637.25,2106.0
2026-08-20 07:15:00,29638.0,29648.0,29604.75,29615.75,1616.0
2026-08-20 07:30:00,29615.5,29635.0,29595.0,29606.25,1681.0
2026-08-20 07:45:00,29606.25,29637.0,29592.75,29594.5,1137.0
2026-08-20 08:00:00,29595.75,29605.5,29520.0,29537.25,4075.0
2026-08-20 08:15:00,29538.0,29548.5,29496.0,29501.25,2554.0
2026-08-20 08:30:00,29502.0,29529.5,29464.0,29500.5,3308.0
2026-08-20 08:45:00,29499.0,29504.75,29452.75,29475.75,2599.0
2026-08-20 09:00:00,29477.25,29543.75,29468.0,29518.75,2296.0
2026-08-20 09:15:00,29523.0,29542.25,29512.5,29530.75,863.0
2026-08-20 09:30:00,29527.0,29536.5,29507.5,29536.0,936.0
2026-08-20 09:45:00,29535.25,29546.75,29512.75,29528.25,671.0
2026-08-20 10:00:00,29527.25,29564.0,29511.75,29556.5,1239.0
2026-08-20 10:15:00,29557.5,29559.25,29526.5,29537.75,1466.0
2026-08-20 10:30:00,29535.75,29547.75,29516.25,29524.25,1366.0
2026-08-20 10:45:00,29526.0,29567.0,29525.25,29566.0,969.0
2026-08-20 11:00:00,29566.0,29582.25,29464.0,29487.0,3801.0
2026-08-20 11:15:00,29488.5,29498.25,29422.0,29425.0,3522.0
2026-08-20 11:30:00,29424.5,29453.5,29418.0,29423.75,2969.0
2026-08-20 11:45:00,29423.25,29425.0,29348.75,29362.0,5810.0
2026-08-20 12:00:00,29361.25,29375.0,29262.5,29272.0,9400.0
2026-08-20 12:15:00,29272.0,29306.5,29264.0,29276.5,5156.0
2026-08-20 12:30:00,29278.0,29292.5,29240.0,29290.25,6554.0
2026-08-20 12:45:00,29289.25,29351.0,29283.75,29346.0,5224.0
2026-08-20 13:00:00,29346.75,29373.25,29332.75,29338.0,5426.0
2026-08-20 13:15:00,29338.25,29369.0,29324.0,29350.75,6016.0
2026-08-20 13:30:00,29350.5,29470.25,29338.75,29442.5,44776.0
2026-08-20 13:45:00,29442.5,29460.0,29308.75,29354.0,38530.0
2026-08-20 14:00:00,29354.0,29409.0,29316.5,29368.0,28134.0
2026-08-20 14:15:00,29369.0,29414.0,29305.0,29349.75,26641.0
2026-08-20 14:30:00,29350.75,29430.0,29329.0,29421.75,18759.0
2026-08-20 14:45:00,29421.5,29433.5,29349.0,29392.75,15360.0
2026-08-20 15:00:00,29392.5,29457.5,29324.5,29365.25,23483.0
2026-08-20 15:15:00,29364.5,29369.5,29301.0,29345.0,15098.0
2026-08-20 15:30:00,29344.0,29350.5,29276.5,29278.5,13818.0
2026-08-20 15:45:00,29278.75,29332.75,29269.25,29329.75,11567.0
2026-08-20 16:00:00,29329.75,29346.0,29302.75,29307.25,9950.0
2026-08-20 16:15:00,29307.0,29356.5,29305.0,29340.75,7816.0
2026-08-20 16:30:00,29340.25,29378.0,29310.0,29377.25,9050.0
2026-08-20 16:45:00,29377.0,29389.0,29356.25,29380.0,8803.0
2026-08-20 17:00:00,29380.0,29382.0,29334.75,29337.0,6633.0
2026-08-20 17:15:00,29337.0,29338.5,29292.5,29294.5,9871.0
2026-08-20 17:30:00,29294.25,29304.25,29282.75,29289.75,7083.0
2026-08-20 17:45:00,29290.0,29325.75,29287.25,29292.75,8329.0
2026-08-20 18:00:00,29292.5,29293.0,29215.0,29230.5,15030.0
2026-08-20 18:15:00,29230.25,29248.25,29202.75,29232.75,10821.0
2026-08-20 18:30:00,29233.0,29237.5,29212.0,29234.0,8617.0
2026-08-20 18:45:00,29234.5,29259.0,29227.0,29243.75,8189.0
2026-08-20 19:00:00,29243.75,29293.5,29242.25,29281.25,10232.0
2026-08-20 19:15:00,29281.0,29307.5,29267.75,29304.5,8579.0
2026-08-20 19:30:00,29304.25,29335.25,29290.25,29310.75,11715.0
2026-08-20 19:45:00,29310.75,29331.25,29286.5,29305.75,26095.0
2026-08-20 20:00:00,29306.0,29320.5,29277.0,29281.25,7515.0
2026-08-20 20:15:00,29281.5,29293.5,29262.5,29288.25,2188.0
2026-08-20 20:30:00,29287.75,29311.5,29285.25,29302.25,1437.0
2026-08-20 20:45:00,29302.0,29319.5,29296.25,29317.25,1338.0
2026-08-20 22:00:00,29327.0,29345.75,29274.25,29278.25,1041.0
2026-08-20 22:15:00,29277.5,29291.25,29277.0,29285.75,577.0
2026-08-20 22:30:00,29286.5,29309.0,29281.75,29300.75,1004.0
2026-08-20 22:45:00,29300.75,29325.5,29296.0,29323.0,966.0
2026-08-20 23:00:00,29321.5,29324.25,29313.25,29318.75,564.0
2026-08-20 23:15:00,29318.75,29328.5,29312.5,29315.5,573.0
2026-08-20 23:30:00,29316.5,29323.75,29295.5,29316.5,1257.0
2026-08-20 23:45:00,29317.0,29318.0,29286.75,29293.0,1488.0
2026-08-21 00:00:00,29292.5,29365.5,29289.75,29360.75,2986.0
2026-08-21 00:15:00,29360.5,29360.5,29315.0,29325.5,1843.0
2026-08-21 00:30:00,29326.75,29357.25,29311.75,29354.5,1648.0
2026-08-21 00:45:00,29353.0,29362.0,29319.5,29320.5,1316.0
2026-08-21 01:00:00,29320.5,29335.25,29291.75,29331.25,2265.0
2026-08-21 01:15:00,29330.0,29357.0,29313.25,29341.5,1683.0
2026-08-21 01:30:00,29340.5,29357.0,29320.25,29350.5,1471.0
2026-08-21 01:45:00,29350.25,29372.5,29333.5,29354.25,1412.0
2026-08-21 02:00:00,29353.75,29375.75,29343.25,29373.5,983.0
2026-08-21 02:15:00,29372.75,29395.0,29366.75,29390.0,1391.0
2026-08-21 02:30:00,29390.0,29396.25,29376.0,29380.5,1115.0
2026-08-21 02:45:00,29380.25,29399.25,29377.0,29384.0,884.0
2026-08-21 03:00:00,29384.0,29388.25,29355.0,29356.5,1172.0
2026-08-21 03:15:00,29356.0,29371.25,29349.0,29363.0,955.0
2026-08-21 03:30:00,29364.75,29376.75,29354.25,29357.25,806.0
2026-08-21 03:45:00,29356.0,29360.75,29342.75,29360.25,921.0
2026-08-21 04:00:00,29362.0,29370.0,29352.5,29367.75,1028.0
2026-08-21 04:15:00,29366.5,29371.75,29330.5,29330.5,1073.0
2026-08-21 04:30:00,29330.0,29338.75,29321.25,29334.75,854.0
2026-08-21 04:45:00,29334.5,29364.5,29333.25,29356.25,866.0
2026-08-21 05:00:00,29358.25,29371.0,29352.0,29367.0,686.0
2026-08-21 05:15:00,29366.25,29380.75,29351.5,29353.25,751.0
2026-08-21 05:30:00,29352.25,29377.5,29348.25,29360.75,779.0
2026-08-21 05:45:00,29360.5,29367.25,29340.25,29366.25,847.0
2026-08-21 06:00:00,29365.5,29375.75,29354.5,29374.0,999.0
2026-08-21 06:15:00,29374.25,29381.0,29366.75,29376.25,720.0
2026-08-21 06:30:00,29375.5,29401.5,29368.5,29372.75,1296.0
2026-08-21 06:45:00,29372.75,29391.5,29365.5,29386.5,1120.0
2026-08-21 07:00:00,29386.0,29429.0,29380.5,29429.0,1997.0
2026-08-21 07:15:00,29427.25,29458.75,29414.25,29427.5,2463.0
2026-08-21 07:30:00,29426.0,29453.5,29420.5,29424.0,2096.0
2026-08-21 07:45:00,29424.25,29446.75,29422.5,29446.0,1074.0
2026-08-21 08:00:00,29447.25,29464.25,29407.75,29417.5,2844.0
2026-08-21 08:15:00,29419.25,29424.5,29390.5,29421.5,1750.0
2026-08-21 08:30:00,29421.25,29456.75,29418.0,29454.75,2171.0
2026-08-21 08:45:00,29455.0,29467.5,29447.25,29453.0,1504.0
2026-08-21 09:00:00,29454.0,29455.0,29411.5,29438.0,2228.0
2026-08-21 09:15:00,29438.5,29444.75,29430.0,29435.5,1056.0
2026-08-21 09:30:00,29435.5,29482.75,29429.75,29474.75,2977.0
2026-08-21 09:45:00,29474.75,29495.0,29464.5,29485.0,1647.0
2026-08-21 10:00:00,29485.75,29518.5,29476.5,29485.0,3009.0
2026-08-21 10:15:00,29485.5,29491.0,29470.25,29490.0,1186.0
2026-08-21 10:30:00,29489.5,29495.0,29473.0,29477.0,725.0
2026-08-21 10:45:00,29478.5,29488.75,29471.25,29479.5,1135.0
2026-08-21 11:00:00,29480.0,29486.0,29452.75,29467.75,2127.0
2026-08-21 11:15:00,29468.25,29525.0,29466.5,29519.25,3047.0
2026-08-21 11:30:00,29518.5,29539.0,29500.0,29530.75,3744.0
2026-08-21 11:45:00,29530.75,29531.0,29498.5,29500.0,1565.0
2026-08-21 12:00:00,29499.5,29503.75,29479.75,29487.25,2396.0
2026-08-21 12:15:00,29487.5,29516.75,29477.75,29516.25,2139.0
2026-08-21 12:30:00,29515.5,29529.75,29508.25,29528.25,2709.0
2026-08-21 12:45:00,29529.0,29539.0,29503.5,29511.5,2990.0
2026-08-21 13:00:00,29511.75,29516.0,29467.0,29469.0,3776.0
2026-08-21 13:15:00,29469.5,29485.25,29418.0,29469.25,10521.0
2026-08-21 13:30:00,29469.25,29476.0,29312.25,29322.5,39557.0
2026-08-21 13:45:00,29320.25,29359.25,29255.75,29303.5,32911.0
2026-08-21 14:00:00,29303.25,29335.5,29246.25,29253.25,28664.0
2026-08-21 14:15:00,29253.0,29311.75,29220.0,29278.75,25618.0
2026-08-21 14:30:00,29280.25,29310.0,29258.0,29296.5,18021.0
2026-08-21 14:45:00,29296.25,29333.75,29288.5,29331.75,17197.0
2026-08-21 15:00:00,29332.0,29368.75,29326.75,29353.0,16463.0
2026-08-21 15:15:00,29352.5,29371.25,29331.5,29368.25,11298.0
2026-08-21 15:30:00,29367.75,29471.75,29364.0,29451.5,20474.0
2026-08-21 15:45:00,29452.25,29488.75,29425.5,29443.0,18269.0
2026-08-21 16:00:00,29443.5,29447.25,29390.0,29394.5,13085.0
2026-08-21 16:15:00,29393.75,29452.75,29388.75,29409.5,13278.0
2026-08-21 16:30:00,29410.0,29425.5,29393.5,29417.5,5929.0
2026-08-21 16:45:00,29417.0,29417.5,29380.75,29412.25,7190.0
2026-08-21 17:00:00,29412.0,29424.0,29398.75,29408.0,7352.0
2026-08-21 17:15:00,29408.0,29410.25,29376.25,29395.25,7618.0
2026-08-21 17:30:00,29396.0,29404.75,29382.75,29404.75,5319.0
2026-08-21 17:45:00,29404.75,29410.5,29381.5,29383.75,5244.0
2026-08-21 18:00:00,29383.25,29405.25,29372.25,29374.75,7447.0
2026-08-21 18:15:00,29374.25,29392.0,29362.75,29363.0,5677.0
2026-08-21 18:30:00,29363.0,29372.25,29353.75,29366.5,5166.0
2026-08-21 18:45:00,29366.5,29403.5,29363.5,29400.25,5573.0
2026-08-21 19:00:00,29400.0,29415.0,29384.25,29388.5,8105.0
2026-08-21 19:15:00,29388.25,29404.5,29380.25,29394.5,6736.0
2026-08-21 19:30:00,29393.5,29412.5,29393.5,29410.75,6815.0
2026-08-21 19:45:00,29410.75,29432.25,29375.25,29395.25,24994.0
2026-08-21 20:00:00,29395.75,29398.0,29370.25,29381.75,6766.0
2026-08-21 20:15:00,29382.0,29388.5,29367.75,29370.0,2212.0
2026-08-21 20:30:00,29370.5,29388.0,29370.0,29385.25,1461.0
2026-08-21 20:45:00,29384.75,29387.75,29372.0,29387.75,1866.0
2026-08-23 22:00:00,29321.0,29332.0,29317.0,29331.75,191.0
2026-08-23 22:15:00,29330.25,29343.0,29313.0,29338.75,1263.0
2026-08-23 22:30:00,29337.75,29384.75,29335.0,29382.25,1488.0
2026-08-23 22:45:00,29381.25,29400.0,29380.75,29390.5,1049.0
2026-08-23 23:00:00,29390.5,29394.0,29384.0,29387.0,406.0
2026-08-23 23:15:00,29387.25,29429.5,29386.5,29429.0,1135.0
2026-08-23 23:30:00,29427.0,29448.0,29418.0,29420.0,1531.0
2026-08-23 23:45:00,29419.75,29480.5,29419.5,29467.75,2206.0
2026-08-24 00:00:00,29466.5,29472.5,29423.5,29437.25,3280.0
2026-08-24 00:15:00,29435.75,29437.75,29335.0,29356.5,5063.0
2026-08-24 00:30:00,29357.25,29377.5,29337.25,29354.75,2131.0
2026-08-24 00:45:00,29355.5,29428.25,29351.5,29427.25,2590.0
2026-08-24 01:00:00,29425.75,29443.5,29393.25,29435.0,2243.0
2026-08-24 01:15:00,29436.25,29449.0,29407.75,29410.25,1605.0
2026-08-24 01:30:00,29409.5,29410.75,29383.5,29394.25,1701.0
2026-08-24 01:45:00,29392.0,29404.75,29321.0,29323.25,2687.0
2026-08-24 02:00:00,29321.5,29357.5,29301.25,29353.25,3915.0
2026-08-24 02:15:00,29353.25,29373.25,29347.5,29363.0,1826.0
2026-08-24 02:30:00,29363.0,29373.25,29356.25,29370.25,1021.0
2026-08-24 02:45:00,29370.5,29377.25,29341.75,29370.5,2045.0
2026-08-24 03:00:00,29371.25,29372.5,29303.25,29304.5,1607.0
2026-08-24 03:15:00,29304.0,29314.0,29289.75,29295.5,2059.0
2026-08-24 03:30:00,29295.0,29305.0,29281.75,29284.5,1567.0
2026-08-24 03:45:00,29284.0,29305.0,29261.25,29271.0,1737.0
2026-08-24 04:00:00,29272.25,29299.0,29268.25,29299.0,1091.0
2026-08-24 04:15:00,29299.0,29300.75,29271.25,29292.0,1357.0
2026-08-24 04:30:00,29292.25,29299.5,29276.5,29299.25,949.0
2026-08-24 04:45:00,29299.25,29304.0,29263.0,29265.75,1056.0
2026-08-24 05:00:00,29265.5,29297.25,29261.25,29293.5,1269.0
2026-08-24 05:15:00,29293.25,29293.25,29247.0,29250.0,1282.0
2026-08-24 05:30:00,29248.0,29266.5,29207.5,29238.75,3046.0
2026-08-24 05:45:00,29238.0,29246.0,29188.0,29200.75,2950.0
2026-08-24 06:00:00,29200.25,29219.25,29142.5,29152.5,4208.0
2026-08-24 06:15:00,29152.5,29179.0,29120.5,29166.5,2773.0
2026-08-24 06:30:00,29164.75,29180.5,29144.0,29149.5,1447.0
2026-08-24 06:45:00,29151.0,29177.25,29142.0,29164.5,1255.0
2026-08-24 07:00:00,29164.5,29205.0,29146.5,29200.25,2056.0
2026-08-24 07:15:00,29200.5,29208.75,29178.5,29183.5,1364.0
2026-08-24 07:30:00,29182.25,29212.5,29161.25,29162.75,1621.0
2026-08-24 07:45:00,29163.25,29175.25,29130.75,29143.75,1808.0
2026-08-24 08:00:00,29146.25,29209.0,29116.75,29184.5,3289.0
2026-08-24 08:15:00,29183.5,29210.5,29171.75,29191.75,1642.0
2026-08-24 08:30:00,29191.5,29225.75,29179.75,29224.5,1377.0
2026-08-24 08:45:00,29224.25,29240.0,29213.5,29215.0,1167.0
2026-08-24 09:00:00,29215.75,29247.75,29201.0,29234.0,1566.0
2026-08-24 09:15:00,29233.0,29235.5,29208.25,29210.5,850.0
2026-08-24 09:30:00,29209.5,29242.25,29209.0,29236.5,1179.0
2026-08-24 09:45:00,29236.0,29249.75,29227.0,29231.5,908.0
2026-08-24 10:00:00,29231.75,29247.0,29214.75,29214.75,1200.0
2026-08-24 10:15:00,29216.0,29236.0,29204.25,29209.25,1208.0
2026-08-24 10:30:00,29208.5,29240.0,29197.25,29210.0,1387.0
2026-08-24 10:45:00,29208.25,29210.0,29179.5,29184.75,1023.0
2026-08-24 11:00:00,29185.25,29192.5,29145.75,29167.75,2510.0
2026-08-24 11:15:00,29167.75,29203.0,29164.5,29183.0,1554.0
2026-08-24 11:30:00,29183.5,29283.0,29183.0,29260.0,4616.0
2026-08-24 11:45:00,29260.25,29260.5,29231.0,29245.5,2396.0
2026-08-24 12:00:00,29245.5,29245.75,29207.5,29211.5,2048.0
2026-08-24 12:15:00,29212.25,29231.25,29203.5,29230.0,1689.0
2026-08-24 12:30:00,29229.5,29240.75,29171.5,29203.5,4403.0
2026-08-24 12:45:00,29206.0,29232.75,29199.75,29206.0,1515.0
2026-08-24 13:00:00,29205.75,29220.25,29196.75,29208.25,2235.0
2026-08-24 13:15:00,29208.75,29236.75,29195.75,29235.0,4912.0
2026-08-24 13:30:00,29235.5,29243.0,28975.5,28978.75,51731.0
2026-08-24 13:45:00,28978.5,29038.0,28946.75,29021.75,34271.0
2026-08-24 14:00:00,29022.25,29036.75,28953.5,28993.25,24377.0
2026-08-24 14:15:00,28993.0,29033.25,28967.5,29012.25,18919.0
2026-08-24 14:30:00,29011.75,29110.75,29001.5,29085.5,21246.0
2026-08-24 14:45:00,29086.0,29110.25,29077.5,29082.75,14281.0
2026-08-24 15:00:00,29083.25,29096.75,29042.25,29048.5,13774.0
2026-08-24 15:15:00,29049.25,29137.0,29038.75,29121.25,15634.0
2026-08-24 15:30:00,29122.0,29182.0,29111.5,29175.75,18451.0
2026-08-24 15:45:00,29176.25,29205.5,29150.0,29168.75,14289.0
2026-08-24 16:00:00,29169.0,29189.25,29156.75,29180.75,11087.0
2026-08-24 16:15:00,29181.0,29224.75,29178.75,29203.75,10117.0
2026-08-24 16:30:00,29204.25,29212.25,29174.0,29185.25,7622.0
2026-08-24 16:45:00,29185.0,29192.75,29170.5,29171.0,6163.0
2026-08-24 17:00:00,29171.25,29210.5,29154.75,29194.25,10552.0
2026-08-24 17:15:00,29194.0,29195.25,29132.0,29140.0,10196.0
2026-08-24 17:30:00,29139.5,29142.5,29118.75,29119.25,7871.0
2026-08-24 17:45:00,29119.0,29143.0,29116.5,29123.0,7277.0
2026-08-24 18:00:00,29123.75,29188.75,29123.0,29187.0,9132.0
2026-08-24 18:15:00,29187.25,29224.0,29172.75,29218.25,10271.0
2026-08-24 18:30:00,29218.0,29233.25,29180.25,29190.0,10157.0
2026-08-24 18:45:00,29190.25,29193.5,29153.0,29154.0,6523.0
2026-08-24 19:00:00,29153.75,29162.25,29143.0,29155.25,6702.0
2026-08-24 19:15:00,29154.75,29167.0,29142.75,29158.75,6635.0
2026-08-24 19:30:00,29158.0,29173.0,29127.5,29134.25,6785.0
2026-08-24 19:45:00,29124.5,29142.0,29095.5,29099.5,28470.0
2026-08-24 20:00:00,29099.25,29124.75,29097.25,29109.25,6597.0
2026-08-24 20:15:00,29109.5,29113.0,29080.75,29084.0,2581.0
2026-08-24 20:30:00,29083.75,29101.75,29083.5,29100.25,1188.0
2026-08-24 20:45:00,29100.5,29136.5,29089.25,29131.25,2155.0
2026-08-24 22:00:00,29140.5,29152.75,29120.0,29123.75,845.0
2026-08-24 22:15:00,29124.5,29130.0,29120.0,29126.75,581.0
2026-08-24 22:30:00,29123.75,29130.0,29113.5,29117.75,651.0
2026-08-24 22:45:00,29119.0,29121.5,29111.5,29121.0,534.0
2026-08-24 23:00:00,29121.0,29125.5,29116.5,29124.0,308.0
2026-08-24 23:15:00,29124.75,29128.25,29105.75,29106.75,938.0
2026-08-24 23:30:00,29107.25,29116.0,29072.0,29084.25,2521.0
2026-08-24 23:45:00,29086.25,29100.0,29081.5,29096.25,1107.0
2026-08-25 00:00:00,29095.75,29102.25,29038.25,29042.0,3126.0
2026-08-25 00:15:00,29041.5,29084.25,29017.0,29079.5,4160.0
2026-08-25 00:30:00,29079.25,29131.25,29070.75,29124.5,2561.0
2026-08-25 00:45:00,29123.75,29146.0,29106.0,29126.5,1922.0
2026-08-25 01:00:00,29128.0,29143.25,29114.0,29130.0,1731.0
2026-08-25 01:15:00,29129.5,29136.75,29095.5,29115.0,1756.0
2026-08-25 01:30:00,29114.25,29155.5,29108.5,29134.0,2727.0
2026-08-25 01:45:00,29135.5,29152.25,29125.5,29128.25,1141.0
2026-08-25 02:00:00,29127.0,29145.5,29104.0,29117.0,1825.0
2026-08-25 02:15:00,29117.0,29149.0,29104.0,29146.0,1818.0
2026-08-25 02:30:00,29145.25,29168.25,29134.25,29138.75,1858.0
2026-08-25 02:45:00,29137.0,29138.0,29093.5,29101.75,1560.0
2026-08-25 03:00:00,29102.5,29166.5,29100.25,29151.25,2273.0
2026-08-25 03:15:00,29151.5,29176.25,29151.0,29175.0,1600.0
2026-08-25 03:30:00,29174.5,29190.0,29163.5,29167.75,1660.0
2026-08-25 03:45:00,29168.25,29168.25,29151.75,29157.75,943.0
2026-08-25 04:00:00,29190.0,29197.0,29183.25,29196.25,1428.0
2026-08-25 04:15:00,29196.75,29207.25,29188.0,29201.0,1021.0
2026-08-25 04:30:00,29201.75,29217.25,29190.75,29211.5,1047.0
2026-08-25 04:45:00,29211.25,29216.5,29185.0,29198.75,1039.0
2026-08-25 05:00:00,29200.25,29225.0,29190.0,29204.75,1554.0
2026-08-25 05:15:00,29206.0,29227.0,29206.0,29220.25,1195.0
2026-08-25 05:30:00,29219.25,29234.75,29201.25,29204.25,1805.0
2026-08-25 05:45:00,29204.25,29241.0,29201.0,29232.0,1902.0
2026-08-25 06:00:00,29231.75,29259.0,29105.75,29248.0,2221.0
2026-08-25 06:15:00,29248.25,29288.5,29242.5,29266.25,2010.0
2026-08-25 06:30:00,29265.25,29267.5,29243.5,29263.25,1099.0
2026-08-25 06:45:00,29262.75,29263.25,29236.25,29263.25,1304.0
2026-08-25 07:00:00,29263.5,29290.75,29250.0,29252.75,1816.0
2026-08-25 07:15:00,29252.75,29263.5,29226.5,29248.25,1942.0
2026-08-25 07:30:00,29246.25,29261.5,29232.0,29255.75,1487.0
2026-08-25 07:45:00,29258.0,29259.0,29226.25,29231.75,815.0
2026-08-25 08:00:00,29233.5,29254.75,29212.25,29216.75,1935.0
2026-08-25 08:15:00,29218.5,29326.0,29218.5,29276.5,3789.0
2026-08-25 08:30:00,29278.25,29298.25,29257.0,29282.0,1448.0
2026-08-25 08:45:00,29282.25,29306.25,29282.0,29301.75,1430.0
2026-08-25 09:00:00,29302.0,29337.0,29286.0,29323.0,2145.0
2026-08-25 09:15:00,29324.25,29334.75,29305.75,29318.0,1310.0
2026-08-25 09:30:00,29317.0,29374.0,29315.0,29361.25,3236.0
2026-08-25 09:45:00,29360.5,29425.75,29356.0,29392.5,3706.0
2026-08-25 10:00:00,29389.25,29410.25,29370.0,29389.75,2059.0
2026-08-25 10:15:00,29391.25,29392.75,29367.25,29370.0,1371.0
2026-08-25 10:30:00,29370.75,29379.75,29346.5,29347.5,1525.0
2026-08-25 10:45:00,29347.0,29369.5,29346.25,29358.5,1273.0
2026-08-25 11:00:00,29358.0,29362.25,29304.0,29340.25,2512.0
2026-08-25 11:15:00,29340.25,29355.0,29320.0,29340.5,2060.0
2026-08-25 11:30:00,29340.75,29362.25,29339.5,29358.25,1727.0
2026-08-25 11:45:00,29357.25,29390.5,29355.25,29373.0,1990.0
2026-08-25 12:00:00,29372.75,29382.75,29355.25,29380.75,1974.0
2026-08-25 12:15:00,29380.5,29409.5,29363.75,29374.25,3487.0
2026-08-25 12:30:00,29373.25,29373.25,29312.5,29328.0,3777.0
2026-08-25 12:45:00,29328.0,29347.0,29320.0,29334.0,2385.0
2026-08-25 13:00:00,29334.0,29344.75,29311.5,29329.25,4528.0
2026-08-25 13:15:00,29327.25,29342.0,29294.5,29296.25,5333.0
2026-08-25 13:30:00,29297.0,29376.25,29279.25,29349.75,43453.0
2026-08-25 13:45:00,29348.75,29414.75,29289.25,29312.75,33577.0
2026-08-25 14:00:00,29313.25,29315.0,29239.75,29246.0,26302.0
2026-08-25 14:15:00,29245.0,29269.5,29209.25,29215.25,22022.0
2026-08-25 14:30:00,29214.75,29268.75,29138.0,29219.25,27011.0
2026-08-25 14:45:00,29218.25,29260.25,29206.0,29232.5,13901.0
2026-08-25 15:00:00,29233.0,29235.75,29197.0,29223.0,11200.0
2026-08-25 15:15:00,29223.75,29282.0,29219.0,29276.75,11794.0
2026-08-25 15:30:00,29277.25,29309.75,29255.25,29267.25,13891.0
2026-08-25 15:45:00,29266.75,29274.25,29222.75,29262.0,11151.0
2026-08-25 16:00:00,29263.25,29289.5,29260.75,29277.75,7929.0
2026-08-25 16:15:00,29278.0,29298.5,29274.5,29293.75,7484.0
2026-08-25 16:30:00,29294.75,29299.75,29259.0,29265.25,7632.0
2026-08-25 16:45:00,29265.75,29283.25,29252.75,29274.75,8617.0
2026-08-25 17:00:00,29275.5,29279.0,29224.0,29243.0,9096.0
2026-08-25 17:15:00,29242.5,29258.5,29214.5,29224.5,8351.0
2026-08-25 17:30:00,29224.75,29234.5,29216.0,29222.25,5506.0
2026-08-25 17:45:00,29222.5,29232.25,29216.75,29227.25,4477.0
2026-08-25 18:00:00,29226.75,29227.5,29202.0,29206.0,7468.0
2026-08-25 18:15:00,29205.75,29227.5,29202.5,29219.75,5657.0
2026-08-25 18:30:00,29219.75,29259.25,29219.0,29257.75,7772.0
2026-08-25 18:45:00,29257.75,29275.0,29253.0,29255.5,8436.0
2026-08-25 19:00:00,29256.0,29266.5,29230.25,29234.75,6935.0
2026-08-25 19:15:00,29234.25,29238.75,29212.75,29226.0,6717.0
2026-08-25 19:30:00,29225.75,29257.75,29211.5,29239.0,8241.0
2026-08-25 19:45:00,29238.25,29289.5,29229.5,29270.25,21935.0
2026-08-25 20:00:00,29270.5,29294.75,29262.0,29288.75,8049.0
2026-08-25 20:15:00,29288.5,29313.5,29283.25,29302.5,3208.0
2026-08-25 20:30:00,29302.0,29308.75,29281.5,29282.25,1522.0
2026-08-25 20:45:00,29282.25,29287.75,29268.75,29287.5,1892.0
2026-08-25 22:00:00,29288.0,29309.75,29286.5,29293.25,592.0
2026-08-25 22:15:00,29293.5,29294.25,29280.0,29291.25,773.0
2026-08-25 22:30:00,29291.5,29293.0,29280.75,29288.25,465.0
2026-08-25 22:45:00,29287.25,29288.0,29280.75,29284.5,293.0
2026-08-25 23:00:00,29284.25,29288.5,29273.75,29275.75,601.0
2026-08-25 23:15:00,29276.25,29278.75,29245.25,29246.0,1256.0
2026-08-25 23:30:00,29246.0,29248.5,29228.0,29234.75,1247.0
2026-08-25 23:45:00,29233.0,29235.0,29207.0,29211.5,1920.0
2026-08-26 00:00:00,29210.25,29227.75,29185.0,29208.5,3673.0
2026-08-26 00:15:00,29209.5,29238.5,29165.25,29184.25,2912.0
2026-08-26 00:30:00,29183.75,29188.0,29138.0,29151.25,3586.0
2026-08-26 00:45:00,29150.75,29160.0,29110.5,29112.25,2693.0
2026-08-26 01:00:00,29113.0,29147.0,29106.75,29123.75,3005.0
2026-08-26 01:15:00,29123.5,29134.0,29099.0,29109.75,2126.0
2026-08-26 01:30:00,29110.5,29129.0,29096.0,29116.25,2392.0
2026-08-26 01:45:00,29117.5,29135.0,29104.75,29133.5,1447.0
2026-08-26 02:00:00,29133.5,29144.5,29119.25,29143.25,1691.0
2026-08-26 02:15:00,29143.0,29174.75,29140.5,29172.25,2113.0
2026-08-26 02:30:00,29172.75,29217.75,29171.0,29217.0,2605.0
2026-08-26 02:45:00,29217.25,29229.75,29211.25,29220.25,1719.0
2026-08-26 03:00:00,29221.5,29235.75,29212.0,29231.5,1302.0
2026-08-26 03:15:00,29231.0,29232.0,29213.25,29214.75,807.0
2026-08-26 03:30:00,29215.5,29244.0,29205.0,29237.0,1854.0
2026-08-26 03:45:00,29237.5,29275.25,29235.75,29267.0,2267.0
2026-08-26 04:00:00,29265.25,29279.75,29260.5,29273.0,1449.0
2026-08-26 04:15:00,29273.25,29283.25,29262.0,29272.25,1200.0
2026-08-26 04:30:00,29272.0,29275.25,29247.75,29250.75,1231.0
2026-08-26 04:45:00,29251.0,29251.75,29217.25,29226.75,1600.0
2026-08-26 05:00:00,29227.75,29259.75,29226.5,29239.25,1600.0
2026-08-26 05:15:00,29238.5,29248.75,29229.0,29245.0,888.0
2026-08-26 05:30:00,29246.0,29262.75,29241.25,29248.25,719.0
2026-08-26 05:45:00,29247.25,29247.75,29226.0,29243.0,918.0
2026-08-26 06:00:00,29242.25,29248.75,29212.0,29217.0,1355.0
2026-08-26 06:15:00,29215.0,29226.5,29203.5,29218.75,1159.0
2026-08-26 06:30:00,29218.25,29256.75,29209.75,29255.25,1162.0
2026-08-26 06:45:00,29255.75,29277.25,29232.25,29252.75,1672.0
2026-08-26 07:00:00,29252.25,29257.75,29201.25,29236.75,2176.0
2026-08-26 07:15:00,29237.0,29244.5,29192.25,29199.0,1787.0
2026-08-26 07:30:00,29201.25,29211.0,29185.75,29199.25,1225.0
2026-08-26 07:45:00,29199.5,29219.25,29187.25,29212.25,1023.0
2026-08-26 08:00:00,29213.0,29245.25,29198.25,29205.75,2074.0
2026-08-26 08:15:00,29205.5,29235.5,29185.0,29235.5,1682.0
2026-08-26 08:30:00,29234.75,29251.0,29211.75,29242.5,1020.0
2026-08-26 08:45:00,29241.0,29241.25,29209.75,29228.0,673.0
2026-08-26 09:00:00,29227.75,29234.75,29213.5,29218.75,593.0
2026-08-26 09:15:00,29218.25,29221.5,29191.25,29198.0,1119.0
2026-08-26 09:30:00,29200.0,29219.25,29198.5,29214.75,657.0
2026-08-26 09:45:00,29214.0,29236.5,29213.75,29234.5,758.0
2026-08-26 10:00:00,29234.25,29235.0,29196.0,29198.0,856.0
2026-08-26 10:15:00,29197.25,29217.0,29196.25,29200.25,901.0
2026-08-26 10:30:00,29201.0,29242.25,29188.75,29228.5,1409.0
2026-08-26 10:45:00,29228.5,29240.25,29224.0,29237.5,897.0
2026-08-26 11:00:00,29237.5,29264.5,29235.0,29254.0,1534.0
2026-08-26 11:15:00,29253.0,29278.75,29234.75,29253.0,1972.0
2026-08-26 11:30:00,29252.25,29261.75,29193.0,29209.5,2291.0
2026-08-26 11:45:00,29210.25,29227.5,29186.0,29219.5,2305.0
2026-08-26 12:00:00,29220.75,29223.5,29200.0,29215.75,1915.0
2026-08-26 12:15:00,29215.5,29259.5,29190.0,29257.25,3022.0
2026-08-26 12:30:00,29256.75,29263.25,29149.75,29164.75,8647.0
2026-08-26 12:45:00,29165.0,29181.5,29133.25,29150.75,7226.0
2026-08-26 13:00:00,29151.75,29173.0,29133.5,29171.75,4672.0
2026-08-26 13:15:00,29172.25,29175.0,29153.5,29173.75,4647.0
2026-08-26 13:30:00,29174.5,29313.25,29174.25,29291.0,43648.0
2026-08-26 13:45:00,29290.75,29332.75,29252.5,29331.25,23720.0
2026-08-26 14:00:00,29331.5,29332.5,29235.5,29246.0,16682.0
2026-08-26 14:15:00,29246.25,29262.75,29156.75,29178.25,19804.0
2026-08-26 14:30:00,29178.25,29238.5,29176.0,29221.0,14374.0
2026-08-26 14:45:00,29221.5,29268.0,29206.25,29252.25,11744.0
2026-08-26 15:00:00,29251.75,29283.0,29246.0,29257.5,10179.0
2026-08-26 15:15:00,29257.25,29267.0,29222.5,29256.5,10166.0
2026-08-26 15:30:00,29256.75,29289.75,29220.75,29283.0,10395.0
2026-08-26 15:45:00,29282.25,29291.5,29215.5,29217.75,12075.0
2026-08-26 16:00:00,29217.75,29224.25,29189.0,29200.0,9989.0
2026-08-26 16:15:00,29201.25,29215.75,29192.5,29207.0,5237.0
2026-08-26 16:30:00,29207.25,29220.0,29170.0,29174.5,7012.0
2026-08-26 16:45:00,29174.75,29224.75,29171.75,29216.75,8440.0
2026-08-26 17:00:00,29216.0,29242.25,29210.5,29238.0,6408.0
2026-08-26 17:15:00,29238.25,29270.75,29238.0,29267.25,8106.0
2026-08-26 17:30:00,29268.0,29291.75,29262.75,29281.5,7698.0
2026-08-26 17:45:00,29281.5,29293.75,29267.5,29284.25,6731.0
2026-08-26 18:00:00,29284.5,29296.0,29266.0,29270.0,5867.0
2026-08-26 18:15:00,29270.75,29292.25,29264.75,29280.0,5859.0
2026-08-26 18:30:00,29279.75,29303.5,29275.75,29295.0,5719.0
2026-08-26 18:45:00,29295.0,29329.75,29294.75,29321.75,9154.0
2026-08-26 19:00:00,29321.25,29368.25,29317.75,29340.5,11350.0
2026-08-26 19:15:00,29340.5,29357.25,29332.25,29338.0,7138.0
2026-08-26 19:30:00,29338.0,29345.5,29307.5,29309.5,8942.0
2026-08-26 19:45:00,29309.25,29341.5,29280.25,29297.25,22965.0
2026-08-26 20:00:00,29297.0,29375.0,29283.25,29362.25,8698.0
2026-08-26 20:15:00,29360.75,29383.75,29291.0,29342.25,10540.0
2026-08-26 20:30:00,29342.0,29356.0,29317.0,29340.0,3280.0
2026-08-26 20:45:00,29339.0,29437.75,29336.75,29432.5,3912.0
2026-08-26 22:00:00,29499.5,29582.25,29499.25,29566.0,2689.0
2026-08-26 22:15:00,29565.5,29602.0,29554.25,29583.75,2933.0
2026-08-26 22:30:00,29583.5,29618.0,29581.0,29617.25,2475.0
2026-08-26 22:45:00,29615.75,29628.5,29599.25,29606.5,1807.0
2026-08-26 23:00:00,29605.0,29615.5,29591.0,29592.25,1642.0
2026-08-26 23:15:00,29593.25,29612.5,29585.0,29602.5,1364.0
2026-08-26 23:30:00,29602.75,29611.75,29594.5,29606.5,519.0
2026-08-26 23:45:00,29606.25,29653.0,29605.0,29646.5,2313.0
2026-08-27 00:00:00,29648.25,29654.75,29578.0,29590.0,3590.0
2026-08-27 00:15:00,29590.0,29590.5,29558.0,29581.0,2669.0
2026-08-27 00:30:00,29580.5,29581.25,29476.25,29478.0,4995.0
2026-08-27 00:45:00,29478.0,29479.5,29438.25,29445.75,4570.0
2026-08-27 01:00:00,29443.75,29490.0,29432.5,29452.75,4240.0
2026-08-27 01:15:00,29452.0,29509.25,29447.75,29503.25,2351.0
2026-08-27 01:30:00,29503.0,29535.0,29491.75,29492.75,2814.0
2026-08-27 01:45:00,29493.75,29554.25,29493.75,29529.75,2409.0
2026-08-27 02:00:00,29531.75,29544.25,29516.75,29539.75,1812.0
2026-08-27 02:15:00,29540.75,29543.25,29525.75,29539.0,728.0
2026-08-27 02:30:00,29538.75,29555.0,29530.5,29541.25,1317.0
2026-08-27 02:45:00,29541.75,29560.5,29536.75,29548.75,1269.0
2026-08-27 03:00:00,29550.5,29563.0,29530.0,29540.25,1402.0
2026-08-27 03:15:00,29541.0,29575.75,29540.75,29564.25,1197.0
2026-08-27 03:30:00,29566.0,29572.25,29541.75,29541.75,949.0
2026-08-27 03:45:00,29543.5,29552.5,29526.5,29534.25,1105.0
2026-08-27 04:00:00,29533.75,29537.5,29529.25,29534.0,527.0
2026-08-27 04:15:00,29534.75,29551.75,29528.5,29528.5,788.0
2026-08-27 04:30:00,29528.5,29530.25,29498.25,29504.25,1240.0
2026-08-27 04:45:00,29503.5,29520.75,29493.0,29497.25,1253.0
2026-08-27 05:00:00,29501.5,29504.25,29472.75,29484.5,1806.0
2026-08-27 05:15:00,29482.25,29482.25,29448.0,29468.0,1996.0
2026-08-27 05:30:00,29466.25,29472.75,29438.5,29442.5,1796.0
2026-08-27 05:45:00,29441.5,29465.0,29428.5,29438.75,1820.0
2026-08-27 06:00:00,29437.5,29437.5,29401.75,29432.5,3235.0
2026-08-27 06:15:00,29433.0,29451.0,29432.0,29450.75,1664.0
2026-08-27 06:30:00,29451.5,29490.5,29449.0,29489.25,1678.0
2026-08-27 06:45:00,29489.0,29500.0,29478.0,29499.5,1533.0
2026-08-27 07:00:00,29498.75,29538.5,29477.25,29536.0,2999.0
2026-08-27 07:15:00,29537.0,29548.75,29524.0,29548.25,2029.0
2026-08-27 07:30:00,29547.75,29549.75,29499.0,29504.0,2370.0
2026-08-27 07:45:00,29504.75,29548.25,29500.75,29539.5,1420.0
2026-08-27 08:00:00,29538.75,29624.0,29537.0,29622.0,3640.0
2026-08-27 08:15:00,29622.5,29659.75,29596.75,29656.5,3629.0
2026-08-27 08:30:00,29656.75,29658.0,29610.25,29629.5,2765.0
2026-08-27 08:45:00,29632.5,29662.0,29622.0,29623.75,2622.0
2026-08-27 09:00:00,29624.75,29634.25,29581.25,29584.0,3173.0
2026-08-27 09:15:00,29584.25,29615.0,29568.0,29598.0,2100.0
2026-08-27 09:30:00,29597.75,29625.5,29596.75,29615.0,2498.0
2026-08-27 09:45:00,29614.5,29634.5,29599.5,29602.0,2089.0
2026-08-27 10:00:00,29602.25,29606.25,29582.25,29598.75,1262.0
2026-08-27 10:15:00,29598.75,29603.75,29577.0,29579.75,1064.0
2026-08-27 10:30:00,29580.75,29602.75,29570.0,29600.0,1374.0
2026-08-27 10:45:00,29599.75,29602.25,29568.25,29597.5,1243.0
2026-08-27 11:00:00,29599.0,29630.0,29577.0,29616.25,2331.0
2026-08-27 11:15:00,29616.25,29621.25,29569.5,29569.5,1878.0
2026-08-27 11:30:00,29570.25,29588.0,29546.25,29565.5,2686.0
2026-08-27 11:45:00,29563.5,29563.5,29514.75,29558.5,2437.0
2026-08-27 12:00:00,29557.75,29589.0,29551.0,29584.0,2726.0
2026-08-27 12:15:00,29584.25,29590.5,29565.75,29579.25,1935.0
2026-08-27 12:30:00,29579.0,29581.25,29534.5,29537.5,3262.0
2026-08-27 12:45:00,29536.25,29541.0,29515.5,29522.5,3242.0
2026-08-27 13:00:00,29522.0,29561.75,29518.5,29555.75,3445.0
2026-08-27 13:15:00,29554.5,29570.25,29523.25,29524.75,6579.0
2026-08-27 13:30:00,29524.5,29588.75,29443.0,29575.0,52539.0
2026-08-27 13:45:00,29576.0,29605.0,29423.75,29483.0,44321.0
2026-08-27 14:00:00,29484.0,29588.5,29478.5,29559.0,26514.0
2026-08-27 14:15:00,29558.0,29623.5,29558.0,29606.75,19034.0
2026-08-27 14:30:00,29606.5,29610.25,29538.0,29557.75,17698.0
2026-08-27 14:45:00,29557.25,29605.25,29532.0,29601.5,16729.0
2026-08-27 15:00:00,29601.75,29628.0,29588.25,29625.5,11768.0
2026-08-27 15:15:00,29625.75,29635.0,29573.0,29578.5,10749.0
2026-08-27 15:30:00,29578.25,29597.25,29528.5,29534.5,14043.0
2026-08-27 15:45:00,29534.75,29610.0,29511.5,29598.0,16792.0
2026-08-27 16:00:00,29597.25,29623.75,29581.75,29590.5,9752.0
2026-08-27 16:15:00,29589.75,29608.0,29570.0,29603.0,8174.0
2026-08-27 16:30:00,29603.5,29651.0,29599.0,29645.75,8226.0
2026-08-27 16:45:00,29645.75,29659.5,29637.0,29651.75,9257.0
2026-08-27 17:00:00,29652.0,29676.0,29648.0,29669.75,9506.0
2026-08-27 17:15:00,29670.5,29678.5,29638.0,29641.5,8101.0
2026-08-27 17:30:00,29641.25,29658.5,29627.0,29628.75,8356.0
2026-08-27 17:45:00,29628.5,29632.25,29607.0,29611.5,8399.0
2026-08-27 18:00:00,29612.0,29622.0,29561.75,29577.0,12156.0
2026-08-27 18:15:00,29576.5,29589.75,29526.5,29538.25,11666.0
2026-08-27 18:30:00,29538.25,29581.25,29537.0,29572.5,11050.0
2026-08-27 18:45:00,29572.5,29582.25,29544.75,29571.25,8682.0
2026-08-27 19:00:00,29571.5,29606.75,29567.0,29592.5,9988.0
2026-08-27 19:15:00,29592.75,29613.0,29592.75,29602.25,7876.0
2026-08-27 19:30:00,29602.75,29633.5,29595.0,29633.25,8532.0
2026-08-27 19:45:00,29632.75,29704.5,29629.0,29691.75,31105.0
2026-08-27 20:00:00,29691.75,29708.0,29647.25,29648.0,11484.0
2026-08-27 20:15:00,29648.25,29656.5,29634.25,29638.5,1942.0
2026-08-27 20:30:00,29639.25,29644.75,29634.75,29639.75,1390.0
2026-08-27 20:45:00,29640.25,29642.0,29620.5,29635.25,2082.0
2026-08-27 22:00:00,29635.5,29644.75,29600.0,29620.5,477.0
2026-08-27 22:15:00,29622.25,29639.5,29619.75,29637.25,948.0
2026-08-27 22:30:00,29637.0,29640.75,29630.0,29635.5,644.0
2026-08-27 22:45:00,29635.25,29639.5,29630.75,29634.75,342.0
2026-08-27 23:00:00,29633.5,29637.5,29605.0,29616.5,1158.0
2026-08-27 23:15:00,29616.0,29617.25,29604.0,29608.25,513.0
2026-08-27 23:30:00,29610.0,29612.75,29602.5,29604.5,433.0
2026-08-27 23:45:00,29604.5,29605.25,29592.0,29600.75,1743.0
2026-08-28 00:00:00,29601.75,29656.0,29594.25,29653.0,3823.0
2026-08-28 00:15:00,29652.75,29655.75,29625.5,29653.0,2304.0
2026-08-28 00:30:00,29651.25,29658.0,29633.5,29654.5,1265.0
2026-08-28 00:45:00,29653.25,29667.25,29642.0,29645.0,1305.0
2026-08-28 01:00:00,29645.75,29670.25,29642.75,29661.0,1488.0
2026-08-28 01:15:00,29661.0,29672.75,29643.5,29648.75,1163.0
2026-08-28 01:30:00,29648.5,29672.25,29641.75,29654.75,1985.0
2026-08-28 01:45:00,29654.5,29679.75,29644.0,29677.75,1408.0
2026-08-28 02:00:00,29678.75,29699.5,29678.75,29692.75,1403.0
2026-08-28 02:15:00,29694.75,29703.0,29686.25,29692.75,1113.0
2026-08-28 02:30:00,29691.0,29691.0,29644.75,29647.25,1646.0
2026-08-28 02:45:00,29647.0,29670.25,29645.0,29663.75,1075.0
2026-08-28 03:00:00,29664.75,29702.0,29660.5,29694.5,1329.0
2026-08-28 03:15:00,29693.75,29707.0,29689.5,29700.25,940.0
2026-08-28 03:30:00,29700.5,29704.25,29648.75,29651.75,1788.0
2026-08-28 03:45:00,29651.5,29676.5,29640.25,29671.5,1451.0
2026-08-28 04:00:00,29646.0,29666.5,29644.25,29661.5,1244.0
2026-08-28 04:15:00,29660.75,29669.75,29657.0,29659.5,581.0
2026-08-28 04:30:00,29658.5,29660.75,29639.0,29644.25,800.0
2026-08-28 04:45:00,29643.5,29650.0,29636.25,29641.75,609.0
2026-08-28 05:00:00,29642.0,29643.75,29620.75,29623.75,1283.0
2026-08-28 05:15:00,29624.75,29628.25,29611.5,29622.75,1064.0
2026-08-28 05:30:00,29623.0,29624.5,29603.5,29613.75,1155.0
2026-08-28 05:45:00,29612.5,29613.0,29597.25,29598.25,998.0
2026-08-28 06:00:00,29599.0,29618.5,29594.5,29603.25,1431.0
2026-08-28 06:15:00,29602.25,29623.75,29594.5,29596.0,1149.0
2026-08-28 06:30:00,29597.5,29623.0,29596.0,29620.75,1686.0
2026-08-28 06:45:00,29619.5,29645.25,29616.0,29645.25,1095.0
2026-08-28 07:00:00,29645.25,29653.5,29605.0,29612.5,2447.0
2026-08-28 07:15:00,29612.0,29624.0,29599.75,29613.75,1311.0
2026-08-28 07:30:00,29613.5,29620.25,29593.0,29597.5,1255.0
2026-08-28 07:45:00,29597.0,29625.75,29595.0,29607.0,1040.0
2026-08-28 08:00:00,29607.0,29620.5,29578.25,29584.75,3024.0
2026-08-28 08:15:00,29586.0,29605.5,29581.75,29598.25,1133.0
2026-08-28 08:30:00,29598.5,29633.5,29596.25,29623.5,1316.0
2026-08-28 08:45:00,29623.5,29624.25,29603.0,29619.75,1212.0
2026-08-28 09:00:00,29619.0,29620.0,29603.5,29606.0,912.0
2026-08-28 09:15:00,29605.75,29620.5,29595.75,29615.75,910.0
2026-08-28 09:30:00,29615.5,29618.5,29602.25,29607.5,561.0
2026-08-28 09:45:00,29605.0,29620.25,29599.0,29605.5,654.0
2026-08-28 10:00:00,29606.0,29610.0,29593.25,29603.75,1070.0
2026-08-28 10:15:00,29604.0,29617.25,29597.5,29611.5,596.0
2026-08-28 10:30:00,29611.25,29623.0,29600.0,29602.5,794.0
2026-08-28 10:45:00,29601.5,29625.0,29598.0,29622.0,968.0
2026-08-28 11:00:00,29622.25,29634.75,29598.25,29614.5,1723.0
2026-08-28 11:15:00,29614.5,29636.5,29614.0,29633.5,1142.0
2026-08-28 11:30:00,29635.0,29640.0,29607.0,29610.25,921.0
2026-08-28 11:45:00,29609.5,29615.0,29597.5,29603.5,900.0
2026-08-28 12:00:00,29601.5,29632.5,29597.5,29630.25,1954.0
2026-08-28 12:15:00,29631.0,29663.0,29627.75,29661.5,2502.0
2026-08-28 12:30:00,29661.25,29661.75,29615.0,29658.25,2511.0
2026-08-28 12:45:00,29658.25,29665.0,29649.25,29659.0,2239.0
2026-08-28 13:00:00,29659.0,29681.75,29650.25,29661.0,4094.0
2026-08-28 13:15:00,29661.0,29662.75,29622.0,29628.0,4754.0
2026-08-28 13:30:00,29628.0,29701.75,29562.75,29687.75,38492.0
2026-08-28 13:45:00,29687.25,29703.25,29625.0,29629.0,22946.0
2026-08-28 14:00:00,29632.0,29706.0,29505.0,29535.0,41313.0
2026-08-28 14:15:00,29534.75,29675.75,29532.25,29653.5,32391.0
2026-08-28 14:30:00,29653.75,29744.0,29632.0,29734.25,26906.0
2026-08-28 14:45:00,29734.75,29799.0,29725.25,29796.5,23072.0
2026-08-28 15:00:00,29796.5,29811.5,29735.25,29748.75,20773.0
2026-08-28 15:15:00,29748.75,29791.25,29738.0,29782.75,13353.0
2026-08-28 15:30:00,29783.25,29785.5,29663.0,29671.25,18542.0
2026-08-28 15:45:00,29671.25,29682.75,29544.25,29552.5,28534.0
2026-08-28 16:00:00,29553.0,29593.0,29509.75,29558.5,23823.0
2026-08-28 16:15:00,29558.25,29570.75,29464.5,29489.0,22848.0
2026-08-28 16:30:00,29488.5,29529.25,29475.0,29483.75,15686.0
2026-08-28 16:45:00,29483.75,29549.0,29483.0,29501.25,13168.0
2026-08-28 17:00:00,29502.0,29503.0,29436.25,29484.25,17731.0
2026-08-28 17:15:00,29483.5,29495.25,29452.25,29470.0,9611.0
2026-08-28 17:30:00,29470.0,29504.5,29461.25,29484.0,8487.0
2026-08-28 17:45:00,29482.75,29529.25,29475.75,29514.75,9332.0
2026-08-28 18:00:00,29515.75,29521.5,29488.25,29489.25,7772.0
2026-08-28 18:15:00,29489.25,29505.0,29471.25,29483.75,7458.0
2026-08-28 18:30:00,29483.25,29507.0,29476.0,29491.25,7057.0
2026-08-28 18:45:00,29491.0,29493.5,29441.0,29455.5,8432.0
2026-08-28 19:00:00,29456.0,29492.25,29443.5,29479.5,10164.0
2026-08-28 19:15:00,29479.0,29502.0,29464.5,29498.25,7015.0
2026-08-28 19:30:00,29498.5,29513.75,29482.25,29503.0,8903.0
2026-08-28 19:45:00,29502.25,29521.5,29473.5,29496.0,28233.0
2026-08-28 20:00:00,29496.5,29507.75,29478.25,29487.5,6334.0
2026-08-28 20:15:00,29488.5,29493.25,29485.25,29492.0,1377.0
2026-08-28 20:30:00,29492.0,29508.0,29485.0,29507.25,2152.0
2026-08-28 20:45:00,29507.5,29519.25,29491.75,29491.75,2057.0
2026-08-30 22:00:00,29457.25,29471.25,29446.75,29471.0,451.0
2026-08-30 22:15:00,29471.25,29495.0,29467.25,29473.0,1456.0
2026-08-30 22:30:00,29474.75,29476.5,29428.0,29436.75,2535.0
2026-08-30 22:45:00,29436.0,29453.5,29435.0,29442.5,926.0
2026-08-30 23:00:00,29442.5,29449.25,29405.75,29409.75,2279.0
2026-08-30 23:15:00,29410.0,29416.0,29369.0,29371.75,2939.0
2026-08-30 23:30:00,29372.0,29375.5,29321.25,29355.5,3309.0
2026-08-30 23:45:00,29354.0,29354.0,29289.0,29289.75,3898.0
2026-08-31 00:00:00,29291.0,29346.75,29273.5,29339.75,4402.0
2026-08-31 00:15:00,29341.0,29378.25,29334.5,29372.0,2864.0
2026-08-31 00:30:00,29370.25,29398.5,29366.75,29388.75,2313.0
2026-08-31 00:45:00,29390.25,29393.0,29350.5,29357.0,2403.0
2026-08-31 01:00:00,29358.25,29358.25,29292.5,29324.75,4160.0
2026-08-31 01:15:00,29324.25,29340.25,29304.0,29331.75,2584.0
2026-08-31 01:30:00,29330.25,29338.0,29306.5,29313.5,2198.0
2026-08-31 01:45:00,29313.25,29331.5,29302.25,29327.0,1947.0
2026-08-31 02:00:00,29325.75,29362.75,29308.5,29355.75,2320.0
2026-08-31 02:15:00,29357.0,29357.0,29304.5,29331.5,2742.0
2026-08-31 02:30:00,29327.0,29335.25,29287.0,29296.5,2107.0
2026-08-31 02:45:00,29297.5,29346.5,29287.75,29344.25,2203.0
2026-08-31 03:00:00,29346.0,29367.25,29336.75,29355.5,1572.0
2026-08-31 03:15:00,29355.5,29358.0,29343.0,29344.0,1004.0
2026-08-31 03:30:00,29345.75,29351.0,29337.75,29345.0,827.0
2026-08-31 03:45:00,29346.0,29353.5,29338.75,29348.75,498.0
2026-08-31 04:00:00,29352.5,29354.75,29341.5,29354.75,552.0
2026-08-31 04:15:00,29353.25,29357.0,29342.75,29347.25,546.0
2026-08-31 04:30:00,29348.0,29384.75,29333.75,29383.0,1571.0
2026-08-31 04:45:00,29380.75,29423.75,29365.5,29414.75,1936.0
2026-08-31 05:00:00,29415.0,29445.0,29407.75,29443.75,1598.0
2026-08-31 05:15:00,29442.75,29477.25,29442.25,29470.0,2087.0
2026-08-31 05:30:00,29470.0,29474.25,29426.25,29442.0,1953.0
2026-08-31 05:45:00,29442.25,29462.5,29432.0,29462.25,1229.0
2026-08-31 06:00:00,29462.0,29503.5,29448.75,29500.5,2314.0
2026-08-31 06:15:00,29501.25,29518.5,29501.25,29512.5,2162.0
2026-08-31 06:30:00,29512.5,29518.75,29495.75,29508.0,1379.0
2026-08-31 06:45:00,29507.5,29528.5,29503.5,29517.75,1139.0
2026-08-31 07:00:00,29516.25,29521.0,29500.75,29513.75,1140.0
2026-08-31 07:15:00,29513.25,29521.25,29500.0,29509.75,705.0
2026-08-31 07:30:00,29508.25,29522.75,29501.0,29506.0,767.0
2026-08-31 07:45:00,29505.5,29510.75,29493.5,29508.25,721.0
2026-08-31 08:00:00,29508.5,29535.0,29485.0,29505.0,3071.0
2026-08-31 08:15:00,29504.75,29511.0,29485.5,29501.0,1136.0
2026-08-31 08:30:00,29500.75,29502.25,29475.0,29484.5,1234.0
2026-08-31 08:45:00,29484.75,29498.5,29480.25,29485.0,843.0
2026-08-31 09:00:00,29485.25,29500.75,29470.75,29492.5,1178.0
2026-08-31 09:15:00,29492.25,29509.25,29490.0,29491.25,935.0
2026-08-31 09:30:00,29491.75,29492.5,29467.0,29468.0,798.0
2026-08-31 09:45:00,29468.0,29469.25,29445.5,29450.5,1110.0
2026-08-31 10:00:00,29451.5,29460.0,29440.5,29458.0,1562.0
2026-08-31 10:15:00,29457.25,29467.75,29445.75,29461.0,1235.0
2026-08-31 10:30:00,29460.75,29461.0,29450.0,29455.25,479.0
2026-08-31 10:45:00,29454.0,29471.5,29450.0,29458.75,762.0
2026-08-31 11:00:00,29458.25,29463.5,29436.75,29439.5,1481.0
2026-08-31 11:15:00,29439.25,29471.0,29435.5,29465.0,1354.0
2026-08-31 11:30:00,29465.5,29466.75,29432.75,29433.5,1623.0
2026-08-31 11:45:00,29434.0,29440.0,29425.25,29429.75,1165.0
2026-08-31 12:00:00,29429.75,29470.0,29398.5,29449.75,3203.0
2026-08-31 12:15:00,29449.75,29486.0,29397.0,29415.75,3317.0
2026-08-31 12:30:00,29415.75,29442.25,29389.75,29399.25,3632.0
2026-08-31 12:45:00,29398.5,29407.5,29380.0,29389.0,2620.0
2026-08-31 13:00:00,29389.5,29411.25,29377.5,29408.5,3575.0
2026-08-31 13:15:00,29409.5,29445.25,29408.25,29438.75,5061.0
2026-08-31 13:30:00,29438.5,29516.75,29390.25,29407.25,38864.0
2026-08-31 13:45:00,29407.75,29479.0,29387.75,29438.75,27667.0
2026-08-31 14:00:00,29439.25,29447.75,29371.0,29394.5,19526.0
2026-08-31 14:15:00,29393.25,29431.5,29355.0,29376.25,17749.0
2026-08-31 14:30:00,29374.25,29434.75,29364.5,29425.25,14433.0
2026-08-31 14:45:00,29425.25,29444.25,29384.25,29416.0,13384.0
2026-08-31 15:00:00,29415.25,29442.5,29395.5,29417.25,13307.0
2026-08-31 15:15:00,29416.75,29445.75,29396.5,29421.0,11444.0
2026-08-31 15:30:00,29420.5,29424.75,29383.0,29409.0,10533.0
2026-08-31 15:45:00,29408.5,29432.75,29384.5,29388.75,10396.0
2026-08-31 16:00:00,29389.25,29412.75,29362.5,29407.25,11288.0
2026-08-31 16:15:00,29407.75,29426.5,29381.5,29425.0,8454.0
2026-08-31 16:30:00,29425.0,29430.75,29394.25,29413.5,8864.0
2026-08-31 16:45:00,29413.25,29443.25,29409.5,29440.5,6457.0
2026-08-31 17:00:00,29440.0,29441.0,29415.25,29423.5,5283.0
2026-08-31 17:15:00,29423.75,29434.0,29393.25,29396.75,5632.0
2026-08-31 17:30:00,29396.75,29439.75,29388.0,29439.5,7961.0
2026-08-31 17:45:00,29439.75,29457.5,29430.75,29442.0,7183.0
2026-08-31 18:00:00,29442.0,29458.75,29422.25,29446.75,6963.0
2026-08-31 18:15:00,29446.75,29464.25,29437.25,29438.25,5460.0
2026-08-31 18:30:00,29438.0,29443.25,29382.5,29399.0,9400.0
2026-08-31 18:45:00,29399.75,29420.25,29390.5,29403.75,6590.0
2026-08-31 19:00:00,29404.5,29429.75,29403.5,29425.5,6362.0
2026-08-31 19:15:00,29425.5,29453.5,29417.25,29448.25,7081.0
2026-08-31 19:30:00,29447.75,29483.25,29430.5,29477.0,9467.0
2026-08-31 19:45:00,29476.75,29538.25,29458.5,29506.0,34729.0
2026-08-31 20:00:00,29506.5,29527.5,29503.75,29511.5,7833.0
2026-08-31 20:15:00,29511.5,29516.75,29507.0,29513.75,1396.0
2026-08-31 20:30:00,29513.0,29520.5,29510.0,29516.75,973.0
2026-08-31 20:45:00,29516.75,29521.25,29507.0,29521.0,1131.0
2026-08-31 22:00:00,29518.25,29522.5,29501.25,29507.75,568.0
2026-08-31 22:15:00,29507.0,29508.5,29498.5,29501.75,413.0
2026-08-31 22:30:00,29502.5,29508.25,29501.75,29505.0,350.0
2026-08-31 22:45:00,29505.0,29506.75,29491.0,29493.5,691.0
2026-08-31 23:00:00,29493.25,29505.0,29490.0,29496.0,740.0
2026-08-31 23:15:00,29495.75,29499.5,29486.0,29497.0,528.0
2026-08-31 23:30:00,29495.5,29515.0,29493.5,29510.25,1296.0
2026-08-31 23:45:00,29509.75,29519.5,29496.5,29501.25,896.0
2026-09-01 00:00:00,29503.25,29521.75,29480.5,29489.25,2695.0
2026-09-01 00:15:00,29489.0,29518.75,29478.25,29501.0,2141.0
2026-09-01 00:30:00,29501.0,29520.5,29484.25,29501.75,1705.0
2026-09-01 00:45:00,29503.5,29508.5,29491.75,29506.0,870.0
2026-09-01 01:00:00,29506.0,29514.25,29491.5,29512.25,1550.0
2026-09-01 01:15:00,29512.0,29516.25,29477.0,29484.0,1862.0
2026-09-01 01:30:00,29483.0,29515.5,29475.0,29508.25,2129.0
2026-09-01 01:45:00,29508.75,29511.0,29490.5,29499.75,947.0
2026-09-01 02:00:00,29498.0,29502.75,29475.0,29481.0,1277.0
2026-09-01 02:15:00,29480.5,29486.5,29452.75,29459.75,1525.0
2026-09-01 02:30:00,29460.0,29472.5,29434.75,29439.0,1898.0
2026-09-01 02:45:00,29438.75,29493.25,29436.25,29492.0,1981.0
2026-09-01 03:00:00,29491.5,29493.75,29467.5,29471.5,1316.0
2026-09-01 03:15:00,29471.5,29476.5,29459.25,29464.25,922.0
2026-09-01 03:30:00,29465.5,29483.25,29461.25,29477.75,770.0
2026-09-01 03:45:00,29477.0,29488.5,29474.75,29482.75,567.0
2026-09-01 04:00:00,29485.0,29492.75,29481.0,29489.0,835.0
2026-09-01 04:15:00,29488.25,29501.5,29485.5,29492.75,1086.0
2026-09-01 04:30:00,29493.75,29503.0,29470.25,29471.25,918.0
2026-09-01 04:45:00,29471.25,29494.0,29466.0,29473.75,1585.0
2026-09-01 05:00:00,29473.25,29475.75,29460.0,29464.25,792.0
2026-09-01 05:15:00,29464.5,29487.75,29447.25,29486.0,1479.0
2026-09-01 05:30:00,29485.0,29535.75,29482.25,29534.0,3459.0
2026-09-01 05:45:00,29534.25,29571.25,29521.75,29561.5,2545.0
2026-09-01 06:00:00,29561.75,29568.0,29531.0,29545.25,2102.0
2026-09-01 06:15:00,29544.5,29547.0,29514.75,29517.5,1658.0
2026-09-01 06:30:00,29516.5,29545.0,29513.75,29539.25,1315.0
2026-09-01 06:45:00,29539.75,29540.25,29514.5,29515.75,937.0
2026-09-01 07:00:00,29515.5,29555.5,29512.25,29553.5,2748.0
2026-09-01 07:15:00,29554.25,29556.75,29528.25,29545.0,1190.0
2026-09-01 07:30:00,29546.75,29547.0,29462.0,29464.0,3095.0
2026-09-01 07:45:00,29463.0,29478.75,29430.0,29436.25,2904.0
2026-09-01 08:00:00,29436.25,29449.0,29327.0,29348.75,7344.0
2026-09-01 08:15:00,29351.0,29358.5,29279.0,29285.5,4923.0
2026-09-01 08:30:00,29286.0,29312.0,29246.75,29257.5,4045.0
2026-09-01 08:45:00,29257.0,29279.75,29231.0,29235.25,2822.0
2026-09-01 09:00:00,29235.75,29243.25,29201.75,29207.75,3511.0
2026-09-01 09:15:00,29206.75,29218.0,29185.5,29197.0,2594.0
2026-09-01 09:30:00,29199.0,29216.75,29184.25,29213.25,2269.0
2026-09-01 09:45:00,29212.25,29228.0,29211.5,29212.5,1630.0
2026-09-01 10:00:00,29212.5,29227.25,29201.25,29221.5,1444.0
2026-09-01 10:15:00,29222.0,29248.75,29211.75,29237.5,1903.0
2026-09-01 10:30:00,29237.75,29257.75,29227.0,29227.5,1448.0
2026-09-01 10:45:00,29227.25,29243.0,29197.25,29210.0,2645.0
2026-09-01 11:00:00,29209.25,29213.25,29178.0,29200.75,3012.0
2026-09-01 11:15:00,29200.5,29216.75,29196.25,29208.75,1766.0
2026-09-01 11:30:00,29207.75,29238.0,29205.75,29226.25,2176.0
2026-09-01 11:45:00,29228.25,29228.5,29167.75,29172.5,3062.0
2026-09-01 12:00:00,29171.5,29179.5,29153.75,29165.5,3728.0
2026-09-01 12:15:00,29164.75,29173.0,29137.5,29170.5,4334.0
2026-09-01 12:30:00,29169.75,29170.5,29123.25,29129.5,5145.0
2026-09-01 12:45:00,29129.5,29153.0,29122.25,29125.75,3809.0
2026-09-01 13:00:00,29125.75,29126.25,29087.0,29093.0,7845.0
2026-09-01 13:15:00,29093.0,29122.75,29084.25,29112.25,7279.0
2026-09-01 13:30:00,29111.75,29140.5,29040.25,29083.75,44787.0
2026-09-01 13:45:00,29084.0,29158.0,29074.75,29105.0,25231.0
2026-09-01 14:00:00,29106.0,29161.75,29085.25,29133.25,22037.0
2026-09-01 14:15:00,29133.5,29179.5,29132.0,29165.25,17214.0
2026-09-01 14:30:00,29165.25,29235.0,29162.25,29234.0,17151.0
2026-09-01 14:45:00,29234.0,29268.0,29207.0,29228.0,17987.0
2026-09-01 15:00:00,29228.5,29241.5,29180.25,29183.75,13947.0
2026-09-01 15:15:00,29183.0,29233.25,29178.25,29232.5,10195.0
2026-09-01 15:30:00,29232.25,29291.25,29224.25,29287.75,14876.0
2026-09-01 15:45:00,29287.75,29317.75,29286.0,29296.25,13853.0
2026-09-01 16:00:00,29295.5,29300.75,29232.0,29232.25,11816.0
2026-09-01 16:15:00,29232.75,29236.25,29162.75,29176.75,20301.0
2026-09-01 16:30:00,29177.0,29184.5,29131.25,29138.0,15766.0
2026-09-01 16:45:00,29137.75,29197.25,29133.0,29191.75,9546.0
2026-09-01 17:00:00,29191.25,29191.75,29138.75,29156.25,9413.0
2026-09-01 17:15:00,29156.25,29163.75,29100.5,29141.75,10869.0
2026-09-01 17:30:00,29143.0,29161.75,29137.75,29151.5,6581.0
2026-09-01 17:45:00,29151.5,29153.25,29117.75,29140.75,7488.0
2026-09-01 18:00:00,29139.75,29151.5,29101.25,29102.25,7488.0
2026-09-01 18:15:00,29102.5,29118.5,29085.25,29094.25,9083.0
2026-09-01 18:30:00,29094.5,29097.25,29014.25,29014.5,13245.0
2026-09-01 18:45:00,29015.0,29081.25,29002.0,29076.0,14800.0
2026-09-01 19:00:00,29075.5,29121.5,29070.5,29120.0,10581.0
2026-09-01 19:15:00,29120.0,29129.25,29103.75,29127.25,8575.0
2026-09-01 19:30:00,29126.75,29128.25,29093.0,29117.75,9098.0
2026-09-01 19:45:00,29118.0,29141.0,29086.0,29126.0,29033.0
2026-09-01 20:00:00,29126.0,29158.0,29113.5,29135.0,11163.0
2026-09-01 20:15:00,29135.0,29159.0,29134.25,29136.75,2551.0
2026-09-01 20:30:00,29136.0,29155.25,29130.25,29147.25,1402.0
2026-09-01 20:45:00,29146.0,29147.5,29130.75,29139.0,1348.0
2026-09-01 22:00:00,29136.5,29149.0,29107.75,29110.0,605.0
2026-09-01 22:15:00,29110.5,29126.0,29102.25,29113.75,982.0
2026-09-01 22:30:00,29114.75,29121.0,29111.0,29117.25,541.0
2026-09-01 22:45:00,29116.75,29139.0,29114.25,29132.0,976.0
2026-09-01 23:00:00,29129.75,29135.5,29128.5,29129.0,334.0
2026-09-01 23:15:00,29129.25,29139.0,29119.0,29136.5,823.0
2026-09-01 23:30:00,29137.5,29144.75,29133.0,29140.25,697.0
2026-09-01 23:45:00,29141.75,29148.25,29131.25,29134.5,748.0
2026-09-02 00:00:00,29135.75,29144.75,29106.0,29130.75,2446.0
2026-09-02 00:15:00,29128.0,29170.0,29123.25,29126.0,3018.0
2026-09-02 00:30:00,29127.75,29148.75,29114.5,29140.25,1810.0
2026-09-02 00:45:00,29139.0,29145.0,29102.0,29104.0,1502.0
2026-09-02 01:00:00,29103.25,29127.25,29086.75,29097.75,2745.0
2026-09-02 01:15:00,29097.75,29129.5,29094.75,29115.0,1965.0
2026-09-02 01:30:00,29115.75,29122.75,29070.5,29074.75,2504.0
2026-09-02 01:45:00,29074.25,29078.5,29047.75,29075.5,2506.0
2026-09-02 02:00:00,29075.5,29077.0,29044.5,29065.0,1730.0
2026-09-02 02:15:00,29066.5,29100.0,29066.5,29085.5,1769.0
2026-09-02 02:30:00,29084.5,29084.75,29061.75,29082.75,1231.0
2026-09-02 02:45:00,29083.25,29092.25,29074.5,29084.25,977.0
2026-09-02 03:00:00,29086.5,29089.5,29058.75,29083.25,1301.0
2026-09-02 03:15:00,29083.0,29084.0,29068.0,29069.0,647.0
2026-09-02 03:30:00,29070.25,29073.0,29053.75,29056.0,1064.0
2026-09-02 03:45:00,29057.75,29065.0,29046.25,29054.0,676.0
2026-09-02 04:00:00,29054.75,29055.0,29035.5,29047.25,1216.0
2026-09-02 04:15:00,29045.75,29062.75,29044.25,29051.0,786.0
2026-09-02 04:30:00,29051.25,29062.5,29047.75,29054.0,689.0
2026-09-02 04:45:00,29054.75,29065.0,29051.0,29058.25,732.0
2026-09-02 05:00:00,29059.0,29071.75,29037.5,29066.25,1071.0
2026-09-02 05:15:00,29067.25,29092.0,29063.75,29091.25,1645.0
2026-09-02 05:30:00,29092.0,29104.25,29070.5,29099.25,1453.0
2026-09-02 05:45:00,29099.75,29101.5,29062.5,29073.0,1065.0
2026-09-02 06:00:00,29072.25,29080.5,29040.25,29049.25,1689.0
2026-09-02 06:15:00,29050.0,29055.0,29020.5,29023.5,1742.0
2026-09-02 06:30:00,29023.0,29098.25,29016.5,29073.75,2370.0
2026-09-02 06:45:00,29073.5,29080.0,29051.0,29077.25,1270.0
2026-09-02 07:00:00,29077.0,29120.75,29065.5,29103.25,2285.0
2026-09-02 07:15:00,29103.5,29117.0,29075.75,29094.5,1650.0
2026-09-02 07:30:00,29094.25,29101.0,29064.75,29070.75,1361.0
2026-09-02 07:45:00,29070.75,29078.25,29050.0,29061.75,1279.0
2026-09-02 08:00:00,29062.25,29097.25,29052.5,29073.75,1865.0
2026-09-02 08:15:00,29073.75,29088.0,29039.75,29053.5,1351.0
2026-09-02 08:30:00,29052.75,29068.75,29031.5,29035.75,1475.0
2026-09-02 08:45:00,29036.5,29037.25,28954.5,28977.75,3437.0
2026-09-02 09:00:00,28977.25,29027.5,28969.0,28969.25,2504.0
2026-09-02 09:15:00,28971.25,28995.0,28955.0,28978.25,2024.0
2026-09-02 09:30:00,28978.25,28981.5,28940.5,28948.75,2297.0
2026-09-02 09:45:00,28948.75,28974.5,28947.5,28973.25,1223.0
2026-09-02 10:00:00,28972.75,28979.5,28947.25,28978.0,1694.0
2026-09-02 10:15:00,28978.0,28996.0,28971.5,28985.75,1405.0
2026-09-02 10:30:00,28985.5,28989.25,28961.0,28966.5,1348.0
2026-09-02 10:45:00,28966.0,28988.75,28958.0,28988.0,1129.0
2026-09-02 11:00:00,28987.75,29021.75,28927.25,29016.5,5540.0
2026-09-02 11:15:00,29014.25,29035.75,28992.5,29023.0,3027.0
2026-09-02 11:30:00,29025.25,29059.5,29019.0,29029.75,2636.0
2026-09-02 11:45:00,29029.75,29084.5,29022.5,29084.5,2633.0
2026-09-02 12:00:00,29083.75,29124.0,29074.5,29121.5,4472.0
2026-09-02 12:15:00,29121.5,29149.5,29094.75,29108.0,5166.0
2026-09-02 12:30:00,29107.0,29110.25,29067.25,29069.75,3375.0
2026-09-02 12:45:00,29069.0,29071.25,29032.75,29040.0,3123.0
2026-09-02 13:00:00,29040.25,29070.5,29037.75,29067.5,3574.0
2026-09-02 13:15:00,29068.5,29115.25,29064.25,29098.5,5646.0
2026-09-02 13:30:00,29098.5,29119.0,29036.5,29091.0,33950.0
2026-09-02 13:45:00,29090.25,29112.5,29017.25,29062.25,25043.0
2026-09-02 14:00:00,29061.75,29128.25,29032.25,29127.25,22727.0
2026-09-02 14:15:00,29127.75,29193.0,29119.25,29187.25,21573.0
2026-09-02 14:30:00,29187.0,29213.0,29168.5,29201.5,16554.0
2026-09-02 14:45:00,29201.75,29202.5,29111.25,29120.25,14877.0
2026-09-02 15:00:00,29119.5,29168.5,29106.25,29158.25,15636.0
2026-09-02 15:15:00,29158.0,29208.5,29151.75,29205.25,10972.0
2026-09-02 15:30:00,29205.0,29208.5,29171.5,29182.25,11065.0
2026-09-02 15:45:00,29182.25,29190.75,29136.0,29185.25,11420.0
2026-09-02 16:00:00,29184.5,29198.5,29173.5,29186.75,6741.0
2026-09-02 16:15:00,29186.5,29186.75,29142.25,29151.75,7016.0
2026-09-02 16:30:00,29151.5,29175.25,29138.25,29139.0,7046.0
2026-09-02 16:45:00,29138.5,29168.25,29137.0,29155.0,5965.0
2026-09-02 17:00:00,29154.75,29182.5,29127.0,29145.25,8306.0
2026-09-02 17:15:00,29145.0,29154.5,29125.25,29150.75,6612.0
2026-09-02 17:30:00,29150.5,29158.75,29127.5,29158.75,7149.0
2026-09-02 17:45:00,29159.0,29173.75,29142.5,29158.75,7297.0
2026-09-02 18:00:00,29159.5,29166.0,29135.75,29147.0,7200.0
2026-09-02 18:15:00,29146.75,29199.75,29143.25,29159.25,9323.0
2026-09-02 18:30:00,29159.25,29175.0,29131.5,29136.75,6759.0
2026-09-02 18:45:00,29136.0,29154.25,29130.25,29145.5,5883.0
2026-09-02 19:00:00,29145.75,29172.0,29139.0,29165.5,5821.0
2026-09-02 19:15:00,29166.25,29170.75,29150.0,29167.25,5601.0
2026-09-02 19:30:00,29167.25,29177.5,29155.25,29175.0,6474.0
2026-09-02 19:45:00,29175.25,29197.25,29170.5,29190.25,17909.0
2026-09-02 20:00:00,29190.5,29212.0,29187.5,29194.25,6283.0
2026-09-02 20:15:00,29192.0,29193.75,29139.75,29156.25,4613.0
2026-09-02 20:30:00,29156.0,29163.25,29147.5,29148.0,1419.0
2026-09-02 20:45:00,29147.75,29164.0,29139.25,29141.0,1435.0
2026-09-02 22:00:00,29177.0,29188.75,29148.0,29185.75,831.0
2026-09-02 22:15:00,29184.75,29208.75,29178.0,29196.0,1352.0
2026-09-02 22:30:00,29196.0,29203.0,29192.0,29196.0,686.0
2026-09-02 22:45:00,29195.25,29195.5,29178.25,29180.5,712.0
2026-09-02 23:00:00,29180.75,29188.75,29170.75,29171.75,941.0
2026-09-02 23:15:00,29172.75,29180.0,29167.5,29179.0,839.0
2026-09-02 23:30:00,29180.0,29188.25,29175.0,29188.25,595.0
2026-09-02 23:45:00,29188.0,29213.0,29187.5,29201.25,1857.0
2026-09-03 00:00:00,29200.75,29201.75,29165.75,29169.25,2134.0
2026-09-03 00:15:00,29166.75,29168.25,29141.0,29156.25,2050.0
2026-09-03 00:30:00,29155.75,29162.0,29146.0,29156.5,907.0
2026-09-03 00:45:00,29155.75,29161.75,29146.75,29151.0,698.0
2026-09-03 01:00:00,29150.75,29186.75,29147.75,29183.25,1879.0
2026-09-03 01:15:00,29182.5,29200.75,29156.5,29174.75,2147.0
2026-09-03 01:30:00,29176.75,29199.25,29167.75,29169.0,1737.0
2026-09-03 01:45:00,29169.0,29175.75,29136.25,29137.5,1840.0
2026-09-03 02:00:00,29136.75,29188.0,29132.75,29182.5,2007.0
2026-09-03 02:15:00,29182.75,29195.0,29173.0,29188.5,1439.0
2026-09-03 02:30:00,29186.5,29199.0,29168.75,29173.0,999.0
2026-09-03 02:45:00,29173.25,29188.5,29167.5,29180.75,825.0
2026-09-03 03:00:00,29182.25,29204.5,29179.5,29203.25,1014.0
2026-09-03 03:15:00,29204.25,29234.0,29202.25,29219.75,2335.0
2026-09-03 03:30:00,29220.75,29233.75,29217.75,29227.5,828.0
2026-09-03 03:45:00,29227.0,29243.0,29220.25,29232.0,955.0
2026-09-03 04:00:00,29245.5,29255.0,29237.75,29247.0,1231.0
2026-09-03 04:15:00,29247.0,29249.25,29227.25,29227.75,787.0
2026-09-03 04:30:00,29227.75,29236.25,29214.75,29219.25,1120.0
2026-09-03 04:45:00,29218.75,29229.0,29204.5,29207.5,789.0
2026-09-03 05:00:00,29207.25,29208.5,29140.75,29149.0,2663.0
2026-09-03 05:15:00,29147.75,29148.5,29075.0,29104.0,5748.0
2026-09-03 05:30:00,29102.75,29152.0,29098.25,29143.0,3751.0
2026-09-03 05:45:00,29143.0,29188.75,29127.5,29188.75,2503.0
2026-09-03 06:00:00,29188.5,29203.25,29162.75,29170.0,2458.0
2026-09-03 06:15:00,29169.0,29180.25,29161.0,29177.25,1303.0
2026-09-03 06:30:00,29177.0,29187.5,29164.0,29181.5,1468.0
2026-09-03 06:45:00,29182.0,29182.75,29159.5,29174.25,896.0
2026-09-03 07:00:00,29173.25,29233.0,29160.0,29205.5,2748.0
2026-09-03 07:15:00,29204.75,29211.5,29178.5,29203.25,1455.0
2026-09-03 07:30:00,29202.5,29245.5,29192.0,29241.25,1963.0
2026-09-03 07:45:00,29240.75,29240.75,29182.75,29220.25,1795.0
2026-09-03 08:00:00,29220.25,29292.75,29213.25,29247.25,6533.0
2026-09-03 08:15:00,29247.0,29264.0,29232.75,29256.0,2414.0
2026-09-03 08:30:00,29257.25,29257.25,29226.75,29228.25,1598.0
2026-09-03 08:45:00,29229.5,29235.0,29215.0,29216.25,1133.0
2026-09-03 09:00:00,29218.5,29225.75,29211.0,29223.5,1073.0
2026-09-03 09:15:00,29223.5,29224.0,29187.75,29187.75,1233.0
2026-09-03 09:30:00,29187.25,29198.0,29169.25,29176.75,1331.0
2026-09-03 09:45:00,29176.25,29176.25,29126.5,29137.75,2134.0
2026-09-03 10:00:00,29138.0,29158.5,29120.25,29124.75,2035.0
2026-09-03 10:15:00,29125.5,29134.25,29119.25,29127.5,1809.0
2026-09-03 10:30:00,29127.0,29140.0,29105.5,29128.25,1628.0
2026-09-03 10:45:00,29128.0,29129.75,29108.0,29128.0,1182.0
2026-09-03 11:00:00,29129.0,29170.75,29106.25,29164.5,2819.0
2026-09-03 11:15:00,29164.0,29186.75,29156.5,29166.75,1855.0
2026-09-03 11:30:00,29167.0,29173.5,29111.25,29142.5,2554.0
2026-09-03 11:45:00,29142.25,29144.5,29101.0,29105.5,2857.0
2026-09-03 12:00:00,29105.5,29147.25,29104.0,29125.0,2609.0
2026-09-03 12:15:00,29125.5,29151.0,29105.75,29145.75,2848.0
2026-09-03 12:30:00,29144.75,29244.0,29144.0,29189.75,8722.0
2026-09-03 12:45:00,29189.0,29258.75,29185.0,29244.5,5560.0
2026-09-03 13:00:00,29243.75,29246.0,29194.25,29239.25,5887.0
2026-09-03 13:15:00,29239.5,29253.75,29200.5,29249.0,6147.0
2026-09-03 13:30:00,29249.5,29359.5,29199.5,29345.5,50045.0
2026-09-03 13:45:00,29345.25,29375.5,29296.75,29333.0,28771.0
2026-09-03 14:00:00,29331.75,29333.25,29241.75,29300.75,28219.0
2026-09-03 14:15:00,29301.0,29364.5,29295.75,29343.0,21724.0
2026-09-03 14:30:00,29343.0,29360.5,29273.25,29283.0,19623.0
2026-09-03 14:45:00,29283.0,29368.0,29246.5,29363.5,19617.0
2026-09-03 15:00:00,29363.25,29466.25,29362.25,29465.0,28039.0
2026-09-03 15:15:00,29464.75,29539.5,29453.75,29536.5,22898.0
2026-09-03 15:30:00,29536.0,29542.5,29503.5,29506.5,15942.0
2026-09-03 15:45:00,29506.75,29539.25,29504.0,29538.0,9257.0
2026-09-03 16:00:00,29538.75,29539.75,29503.0,29519.0,10916.0
2026-09-03 16:15:00,29519.5,29529.5,29489.25,29497.0,7906.0
2026-09-03 16:30:00,29497.0,29534.5,29483.0,29528.0,8827.0
2026-09-03 16:45:00,29528.0,29544.0,29516.5,29528.0,7336.0
2026-09-03 17:00:00,29528.25,29534.0,29486.75,29490.5,6740.0
2026-09-03 17:15:00,29491.25,29508.0,29476.0,29502.5,7009.0
2026-09-03 17:30:00,29502.75,29532.0,29502.25,29528.5,7294.0
2026-09-03 17:45:00,29529.0,29552.5,29521.75,29543.75,8213.0
2026-09-03 18:00:00,29551.5,29579.5,29551.5,29573.5,11657.0
2026-09-03 18:15:00,29573.75,29584.25,29564.75,29570.5,7285.0
2026-09-03 18:30:00,29571.0,29580.0,29559.5,29560.5,5625.0
2026-09-03 18:45:00,29560.75,29581.0,29559.5,29568.25,6121.0
2026-09-03 19:00:00,29568.25,29570.5,29532.75,29538.25,6890.0
2026-09-03 19:15:00,29538.25,29543.5,29526.0,29533.25,8677.0
2026-09-03 19:30:00,29533.25,29540.0,29521.75,29524.0,8391.0
2026-09-03 19:45:00,29524.25,29536.25,29509.25,29530.75,25371.0
2026-09-03 20:00:00,29530.75,29536.25,29507.0,29521.25,7018.0
2026-09-03 20:15:00,29521.5,29522.0,29505.0,29510.25,1535.0
2026-09-03 20:30:00,29510.25,29516.75,29508.0,29510.75,929.0
2026-09-03 20:45:00,29511.25,29512.75,29499.25,29502.25,1406.0
2026-09-03 22:00:00,29505.0,29509.0,29482.0,29485.25,539.0
2026-09-03 22:15:00,29485.5,29496.0,29484.75,29490.0,641.0
2026-09-03 22:30:00,29491.0,29498.5,29490.0,29494.25,442.0
2026-09-03 22:45:00,29495.75,29512.75,29493.5,29508.75,801.0
2026-09-03 23:00:00,29508.25,29511.5,29500.5,29503.25,648.0
2026-09-03 23:15:00,29503.0,29509.5,29498.25,29507.25,400.0
2026-09-03 23:30:00,29507.0,29511.0,29501.25,29505.0,281.0
2026-09-03 23:45:00,29506.5,29516.75,29502.25,29504.0,802.0
2026-09-04 00:00:00,29503.75,29520.5,29495.0,29509.75,1496.0
2026-09-04 00:15:00,29510.25,29529.0,29505.0,29527.5,1549.0
2026-09-04 00:30:00,29527.75,29533.5,29519.25,29532.5,1157.0
2026-09-04 00:45:00,29532.5,29542.25,29530.0,29530.75,1046.0
2026-09-04 01:00:00,29530.0,29532.75,29517.75,29522.75,1198.0
2026-09-04 01:15:00,29523.0,29542.75,29516.25,29540.75,1477.0
2026-09-04 01:30:00,29539.5,29547.75,29534.5,29545.0,965.0
2026-09-04 01:45:00,29545.25,29548.75,29523.25,29548.0,1454.0
2026-09-04 02:00:00,29547.75,29553.25,29537.25,29550.25,831.0
2026-09-04 02:15:00,29549.0,29556.25,29547.0,29555.0,537.0
2026-09-04 02:30:00,29555.75,29566.5,29544.0,29546.5,1307.0
2026-09-04 02:45:00,29546.5,29568.0,29545.25,29564.5,979.0
2026-09-04 03:00:00,29563.25,29566.5,29557.25,29560.5,504.0
2026-09-04 03:15:00,29560.25,29578.25,29559.75,29569.0,1147.0
2026-09-04 03:30:00,29569.5,29578.75,29566.75,29568.5,683.0
2026-09-04 03:45:00,29567.5,29573.25,29563.75,29571.5,449.0
2026-09-04 04:00:00,29564.25,29577.75,29563.0,29575.5,289.0
2026-09-04 04:15:00,29576.0,29595.0,29567.5,29593.0,1270.0
2026-09-04 04:30:00,29592.25,29601.25,29585.0,29588.0,918.0
2026-09-04 04:45:00,29588.5,29599.75,29583.25,29598.25,629.0
2026-09-04 05:00:00,29597.5,29623.5,29593.75,29621.5,1542.0
2026-09-04 05:15:00,29621.0,29643.0,29620.25,29622.75,1850.0
2026-09-04 05:30:00,29622.0,29625.25,29605.5,29608.5,1163.0
2026-09-04 05:45:00,29609.25,29622.0,29591.5,29620.75,1608.0
2026-09-04 06:00:00,29620.25,29643.75,29617.0,29642.25,1894.0
2026-09-04 06:15:00,29641.75,29642.25,29622.5,29631.25,1334.0
2026-09-04 06:30:00,29631.5,29633.0,29595.75,29604.0,1552.0
2026-09-04 06:45:00,29603.5,29604.0,29574.0,29576.75,1196.0
2026-09-04 07:00:00,29577.75,29623.75,29575.25,29620.0,1882.0
2026-09-04 07:15:00,29619.5,29637.25,29607.25,29636.25,1078.0
2026-09-04 07:30:00,29635.75,29653.0,29628.0,29646.75,1770.0
2026-09-04 07:45:00,29646.5,29658.25,29641.25,29652.25,1120.0
2026-09-04 08:00:00,29653.75,29669.25,29635.5,29650.25,2482.0
2026-09-04 08:15:00,29650.75,29672.0,29645.0,29668.5,1204.0
2026-09-04 08:30:00,29670.0,29673.0,29643.75,29658.5,1011.0
2026-09-04 08:45:00,29658.25,29664.75,29647.0,29658.5,954.0
2026-09-04 09:00:00,29657.5,29658.25,29625.25,29628.5,1184.0
2026-09-04 09:15:00,29629.75,29642.5,29616.5,29624.5,1115.0
2026-09-04 09:30:00,29625.75,29647.0,29618.5,29643.0,836.0
2026-09-04 09:45:00,29644.5,29661.75,29643.5,29657.25,967.0
2026-09-04 10:00:00,29656.75,29668.75,29653.25,29661.5,978.0
2026-09-04 10:15:00,29660.75,29686.0,29658.5,29678.5,1252.0
2026-09-04 10:30:00,29676.5,29683.75,29668.5,29679.5,849.0
2026-09-04 10:45:00,29680.0,29704.5,29675.75,29680.0,1377.0
2026-09-04 11:00:00,29681.5,29686.0,29650.75,29660.0,1460.0
2026-09-04 11:15:00,29660.5,29676.75,29655.5,29662.5,981.0
2026-09-04 11:30:00,29663.75,29676.25,29661.0,29671.25,1045.0
2026-09-04 11:45:00,29671.0,29690.0,29666.5,29683.25,1220.0
2026-09-04 12:00:00,29682.0,29686.25,29627.0,29643.25,3593.0
2026-09-04 12:15:00,29642.25,29694.0,29631.75,29674.25,2710.0
2026-09-04 12:30:00,29674.5,29693.75,29531.25,29557.75,14727.0
2026-09-04 12:45:00,29557.25,29557.75,29502.0,29546.5,8906.0
2026-09-04 13:00:00,29547.0,29556.75,29523.0,29548.25,5677.0
2026-09-04 13:15:00,29548.25,29591.0,29546.75,29588.0,7106.0
2026-09-04 13:30:00,29588.75,29647.0,29554.5,29616.5,39323.0
2026-09-04 13:45:00,29616.25,29691.75,29577.5,29691.0,24421.0
2026-09-04 14:00:00,29690.5,29691.0,29594.0,29648.5,23351.0
2026-09-04 14:15:00,29648.0,29649.75,29564.75,29595.5,22946.0
2026-09-04 14:30:00,29596.25,29598.25,29531.0,29533.5,19318.0
2026-09-04 14:45:00,29533.25,29544.25,29498.75,29521.0,19000.0
2026-09-04 15:00:00,29520.0,29541.25,29497.25,29540.5,15497.0
2026-09-04 15:15:00,29540.75,29543.0,29484.25,29506.75,14642.0
2026-09-04 15:30:00,29506.75,29524.5,29478.0,29520.5,11585.0
2026-09-04 15:45:00,29520.0,29522.25,29487.0,29515.0,10109.0
2026-09-04 16:00:00,29514.75,29554.25,29505.0,29544.0,9284.0
