timestamp,open,high,low,close,volume
2026-05-31 22:10:00,51026.0,51052.0,51020.0,51052.0,81.0
2026-05-31 22:15:00,51054.0,51059.0,51039.0,51057.0,78.0
2026-05-31 22:20:00,51053.0,51070.0,51049.0,51065.0,64.0
2026-05-31 22:25:00,51064.0,51068.0,51058.0,51059.0,30.0
2026-05-31 22:30:00,51060.0,51074.0,51059.0,51069.0,53.0
2026-05-31 22:35:00,51065.0,51068.0,51052.0,51057.0,37.0
2026-05-31 22:40:00,51058.0,51072.0,51058.0,51072.0,47.0
2026-05-31 22:45:00,51073.0,51088.0,51069.0,51088.0,94.0
2026-05-31 22:50:00,51088.0,51094.0,51087.0,51087.0,38.0
2026-05-31 22:55:00,51089.0,51095.0,51089.0,51094.0,37.0
2026-05-31 23:00:00,51094.0,51099.0,51083.0,51095.0,61.0
2026-05-31 23:05:00,51094.0,51101.0,51093.0,51100.0,27.0
2026-05-31 23:10:00,51102.0,51111.0,51102.0,51107.0,60.0
2026-05-31 23:15:00,51106.0,51109.0,51104.0,51106.0,26.0
2026-05-31 23:20:00,51107.0,51108.0,51094.0,51097.0,25.0
2026-05-31 23:25:00,51101.0,51114.0,51099.0,51114.0,24.0
2026-05-31 23:30:00,51116.0,51123.0,51104.0,51105.0,48.0
2026-05-31 23:35:00,51105.0,51110.0,51098.0,51109.0,15.0
2026-05-31 23:40:00,51110.0,51110.0,51106.0,51109.0,21.0
2026-05-31 23:45:00,51105.0,51109.0,51100.0,51103.0,22.0
2026-05-31 23:50:00,51105.0,51117.0,51102.0,51113.0,24.0
2026-05-31 23:55:00,51113.0,51113.0,51104.0,51108.0,18.0
2026-06-01 00:00:00,51110.0,51163.0,51110.0,51136.0,537.0
2026-06-01 00:05:00,51134.0,51166.0,51120.0,51120.0,301.0
2026-06-01 00:10:00,51114.0,51132.0,51102.0,51128.0,181.0
2026-06-01 00:15:00,51137.0,51151.0,51124.0,51129.0,126.0
2026-06-01 00:20:00,51132.0,51144.0,51126.0,51134.0,165.0
2026-06-01 00:25:00,51138.0,51143.0,51124.0,51127.0,68.0
2026-06-01 00:30:00,51128.0,51134.0,51114.0,51116.0,59.0
2026-06-01 00:35:00,51119.0,51121.0,51111.0,51114.0,86.0
2026-06-01 00:40:00,51112.0,51114.0,51104.0,51112.0,103.0
2026-06-01 00:45:00,51112.0,51122.0,51112.0,51120.0,85.0
2026-06-01 00:50:00,51118.0,51126.0,51115.0,51122.0,92.0
2026-06-01 00:55:00,51120.0,51130.0,51117.0,51119.0,70.0
2026-06-01 01:00:00,51120.0,51125.0,51092.0,51097.0,146.0
2026-06-01 01:05:00,51099.0,51102.0,51091.0,51102.0,59.0
2026-06-01 01:10:00,51103.0,51105.0,51092.0,51102.0,83.0
2026-06-01 01:15:00,51105.0,51107.0,51095.0,51098.0,29.0
2026-06-01 01:20:00,51100.0,51128.0,51100.0,51123.0,86.0
2026-06-01 01:25:00,51124.0,51135.0,51110.0,51110.0,54.0
2026-06-01 01:30:00,51106.0,51117.0,51105.0,51117.0,34.0
2026-06-01 01:35:00,51120.0,51126.0,51114.0,51124.0,58.0
2026-06-01 01:40:00,51126.0,51143.0,51126.0,51138.0,42.0
2026-06-01 01:45:00,51139.0,51142.0,51132.0,51136.0,35.0
2026-06-01 01:50:00,51136.0,51138.0,51128.0,51137.0,53.0
2026-06-01 01:55:00,51138.0,51148.0,51138.0,51145.0,77.0
2026-06-01 02:00:00,51145.0,51156.0,51142.0,51150.0,70.0
2026-06-01 02:05:00,51150.0,51154.0,51147.0,51149.0,48.0
2026-06-01 02:10:00,51148.0,51152.0,51141.0,51150.0,44.0
2026-06-01 02:15:00,51154.0,51160.0,51151.0,51157.0,30.0
2026-06-01 02:20:00,51160.0,51164.0,51155.0,51162.0,42.0
2026-06-01 02:25:00,51163.0,51163.0,51153.0,51155.0,32.0
2026-06-01 02:30:00,51155.0,51155.0,51143.0,51151.0,36.0
2026-06-01 02:35:00,51150.0,51150.0,51142.0,51149.0,65.0
2026-06-01 02:40:00,51151.0,51151.0,51146.0,51147.0,28.0
2026-06-01 02:45:00,51147.0,51153.0,51145.0,51151.0,28.0
2026-06-01 02:50:00,51151.0,51152.0,51147.0,51150.0,16.0
2026-06-01 02:55:00,51150.0,51157.0,51150.0,51157.0,14.0
2026-06-01 03:00:00,51157.0,51162.0,51156.0,51160.0,19.0
2026-06-01 03:05:00,51157.0,51157.0,51147.0,51149.0,28.0
2026-06-01 03:10:00,51147.0,51147.0,51138.0,51142.0,18.0
2026-06-01 03:15:00,51141.0,51145.0,51120.0,51141.0,187.0
2026-06-01 03:20:00,51139.0,51149.0,51139.0,51149.0,36.0
2026-06-01 03:25:00,51150.0,51156.0,51148.0,51153.0,33.0
2026-06-01 03:30:00,51156.0,51172.0,51155.0,51160.0,98.0
2026-06-01 03:35:00,51159.0,51159.0,51137.0,51138.0,65.0
2026-06-01 03:40:00,51137.0,51137.0,51118.0,51119.0,38.0
2026-06-01 03:45:00,51120.0,51125.0,51112.0,51123.0,62.0
2026-06-01 03:50:00,51121.0,51122.0,51113.0,51113.0,17.0
2026-06-01 03:55:00,51114.0,51117.0,51112.0,51117.0,24.0
2026-06-01 04:00:00,51120.0,51122.0,51115.0,51115.0,0.0
2026-06-01 04:05:00,51115.0,51122.0,51110.0,51121.0,17.0
2026-06-01 04:10:00,51119.0,51120.0,51116.0,51118.0,13.0
2026-06-01 04:15:00,51116.0,51123.0,51115.0,51121.0,12.0
2026-06-01 04:20:00,51120.0,51128.0,51119.0,51128.0,27.0
2026-06-01 04:25:00,51130.0,51130.0,51118.0,51122.0,27.0
2026-06-01 04:30:00,51125.0,51128.0,51121.0,51127.0,20.0
2026-06-01 04:35:00,51128.0,51135.0,51128.0,51130.0,36.0
2026-06-01 04:40:00,51130.0,51137.0,51130.0,51135.0,37.0
2026-06-01 04:45:00,51136.0,51136.0,51129.0,51130.0,26.0
2026-06-01 04:50:00,51128.0,51135.0,51126.0,51130.0,42.0
2026-06-01 04:55:00,51130.0,51134.0,51130.0,51133.0,17.0
2026-06-01 05:00:00,51133.0,51135.0,51128.0,51131.0,29.0
2026-06-01 05:05:00,51130.0,51130.0,51126.0,51126.0,39.0
2026-06-01 05:10:00,51124.0,51129.0,51124.0,51127.0,29.0
2026-06-01 05:15:00,51126.0,51129.0,51124.0,51127.0,38.0
2026-06-01 05:20:00,51125.0,51130.0,51119.0,51119.0,32.0
2026-06-01 05:25:00,51118.0,51125.0,51117.0,51117.0,24.0
2026-06-01 05:30:00,51118.0,51127.0,51116.0,51119.0,32.0
2026-06-01 05:35:00,51119.0,51125.0,51117.0,51125.0,57.0
2026-06-01 05:40:00,51125.0,51130.0,51122.0,51128.0,20.0
2026-06-01 05:45:00,51129.0,51131.0,51127.0,51129.0,39.0
2026-06-01 05:50:00,51129.0,51132.0,51125.0,51129.0,38.0
2026-06-01 05:55:00,51128.0,51137.0,51128.0,51136.0,23.0
2026-06-01 06:00:00,51137.0,51137.0,51126.0,51126.0,61.0
2026-06-01 06:05:00,51129.0,51133.0,51126.0,51130.0,38.0
2026-06-01 06:10:00,51128.0,51129.0,51120.0,51121.0,34.0
2026-06-01 06:15:00,51121.0,51123.0,51116.0,51118.0,30.0
2026-06-01 06:20:00,51118.0,51119.0,51111.0,51111.0,36.0
2026-06-01 06:25:00,51111.0,51112.0,51100.0,51105.0,86.0
2026-06-01 06:30:00,51105.0,51109.0,51100.0,51109.0,109.0
2026-06-01 06:35:00,51108.0,51113.0,51104.0,51107.0,75.0
2026-06-01 06:40:00,51107.0,51113.0,51100.0,51111.0,82.0
2026-06-01 06:45:00,51109.0,51109.0,51090.0,51099.0,147.0
2026-06-01 06:50:00,51100.0,51103.0,51095.0,51099.0,52.0
2026-06-01 06:55:00,51101.0,51111.0,51101.0,51105.0,58.0
2026-06-01 07:00:00,51106.0,51124.0,51100.0,51120.0,203.0
2026-06-01 07:05:00,51120.0,51135.0,51105.0,51134.0,181.0
2026-06-01 07:10:00,51136.0,51139.0,51120.0,51126.0,90.0
2026-06-01 07:15:00,51127.0,51129.0,51111.0,51123.0,121.0
2026-06-01 07:20:00,51124.0,51139.0,51121.0,51126.0,173.0
2026-06-01 07:25:00,51127.0,51135.0,51114.0,51120.0,195.0
2026-06-01 07:30:00,51119.0,51123.0,51104.0,51117.0,68.0
2026-06-01 07:35:00,51119.0,51120.0,51111.0,51115.0,76.0
2026-06-01 07:40:00,51114.0,51116.0,51088.0,51097.0,124.0
2026-06-01 07:45:00,51097.0,51098.0,51085.0,51092.0,57.0
2026-06-01 07:50:00,51092.0,51104.0,51091.0,51099.0,45.0
2026-06-01 07:55:00,51101.0,51121.0,51099.0,51121.0,35.0
2026-06-01 08:00:00,51121.0,51157.0,51119.0,51134.0,319.0
2026-06-01 08:05:00,51142.0,51155.0,51133.0,51155.0,154.0
2026-06-01 08:10:00,51157.0,51163.0,51141.0,51147.0,208.0
2026-06-01 08:15:00,51147.0,51170.0,51147.0,51170.0,229.0
2026-06-01 08:20:00,51173.0,51176.0,51160.0,51172.0,169.0
2026-06-01 08:25:00,51172.0,51180.0,51168.0,51177.0,110.0
2026-06-01 08:30:00,51178.0,51179.0,51154.0,51158.0,148.0
2026-06-01 08:35:00,51157.0,51168.0,51155.0,51166.0,118.0
2026-06-01 08:40:00,51169.0,51175.0,51160.0,51172.0,133.0
2026-06-01 08:45:00,51173.0,51189.0,51156.0,51183.0,262.0
2026-06-01 08:50:00,51183.0,51203.0,51181.0,51203.0,116.0
2026-06-01 08:55:00,51204.0,51226.0,51203.0,51216.0,184.0
2026-06-01 09:00:00,51217.0,51232.0,51214.0,51223.0,150.0
2026-06-01 09:05:00,51221.0,51221.0,51192.0,51195.0,111.0
2026-06-01 09:10:00,51196.0,51215.0,51193.0,51211.0,137.0
2026-06-01 09:15:00,51210.0,51223.0,51205.0,51220.0,50.0
2026-06-01 09:20:00,51220.0,51225.0,51211.0,51225.0,66.0
2026-06-01 09:25:00,51225.0,51253.0,51222.0,51252.0,174.0
2026-06-01 09:30:00,51252.0,51253.0,51234.0,51251.0,113.0
2026-06-01 09:35:00,51252.0,51266.0,51250.0,51257.0,215.0
2026-06-01 09:40:00,51257.0,51264.0,51249.0,51257.0,97.0
2026-06-01 09:45:00,51254.0,51280.0,51250.0,51277.0,229.0
2026-06-01 09:50:00,51276.0,51276.0,51260.0,51262.0,214.0
2026-06-01 09:55:00,51260.0,51263.0,51235.0,51242.0,144.0
2026-06-01 10:00:00,51244.0,51253.0,51240.0,51251.0,109.0
2026-06-01 10:05:00,51251.0,51277.0,51251.0,51275.0,125.0
2026-06-01 10:10:00,51276.0,51296.0,51275.0,51285.0,159.0
2026-06-01 10:15:00,51283.0,51289.0,51269.0,51271.0,95.0
2026-06-01 10:20:00,51271.0,51286.0,51264.0,51284.0,143.0
2026-06-01 10:25:00,51286.0,51295.0,51280.0,51281.0,99.0
2026-06-01 10:30:00,51283.0,51287.0,51270.0,51284.0,82.0
2026-06-01 10:35:00,51287.0,51316.0,51287.0,51297.0,193.0
2026-06-01 10:40:00,51298.0,51308.0,51298.0,51302.0,82.0
2026-06-01 10:45:00,51301.0,51301.0,51286.0,51298.0,59.0
2026-06-01 10:50:00,51294.0,51311.0,51293.0,51309.0,77.0
2026-06-01 10:55:00,51308.0,51315.0,51301.0,51306.0,108.0
2026-06-01 11:00:00,51305.0,51363.0,51297.0,51355.0,531.0
2026-06-01 11:05:00,51356.0,51358.0,51328.0,51342.0,319.0
2026-06-01 11:10:00,51340.0,51350.0,51328.0,51336.0,174.0
2026-06-01 11:15:00,51337.0,51346.0,51331.0,51335.0,138.0
2026-06-01 11:20:00,51337.0,51366.0,51334.0,51347.0,302.0
2026-06-01 11:25:00,51347.0,51362.0,51335.0,51358.0,199.0
2026-06-01 11:30:00,51358.0,51380.0,51356.0,51365.0,289.0
2026-06-01 11:35:00,51366.0,51384.0,51349.0,51364.0,293.0
2026-06-01 11:40:00,51363.0,51366.0,51351.0,51357.0,214.0
2026-06-01 11:45:00,51358.0,51358.0,51318.0,51318.0,218.0
2026-06-01 11:50:00,51318.0,51329.0,51307.0,51307.0,197.0
2026-06-01 11:55:00,51307.0,51319.0,51303.0,51303.0,129.0
2026-06-01 12:00:00,51303.0,51309.0,51274.0,51277.0,317.0
2026-06-01 12:05:00,51278.0,51286.0,51232.0,51236.0,372.0
2026-06-01 12:10:00,51235.0,51243.0,51220.0,51231.0,361.0
2026-06-01 12:15:00,51232.0,51247.0,51219.0,51227.0,401.0
2026-06-01 12:20:00,51228.0,51254.0,51226.0,51235.0,368.0
2026-06-01 12:25:00,51234.0,51251.0,51223.0,51224.0,359.0
2026-06-01 12:30:00,51222.0,51223.0,51193.0,51213.0,293.0
2026-06-01 12:35:00,51211.0,51212.0,51185.0,51204.0,237.0
2026-06-01 12:40:00,51202.0,51253.0,51194.0,51245.0,373.0
2026-06-01 12:45:00,51246.0,51259.0,51237.0,51245.0,261.0
2026-06-01 12:50:00,51245.0,51252.0,51232.0,51237.0,200.0
2026-06-01 12:55:00,51235.0,51235.0,51218.0,51224.0,134.0
2026-06-01 13:00:00,51222.0,51225.0,51186.0,51192.0,227.0
2026-06-01 13:05:00,51193.0,51239.0,51180.0,51235.0,230.0
2026-06-01 13:10:00,51238.0,51238.0,50992.0,51045.0,2999.0
2026-06-01 13:15:00,51044.0,51128.0,51036.0,51059.0,1266.0
2026-06-01 13:20:00,51056.0,51062.0,50989.0,50995.0,1089.0
2026-06-01 13:25:00,50993.0,51007.0,50972.0,50984.0,1163.0
2026-06-01 13:30:00,50987.0,50997.0,50858.0,50973.0,5760.0
2026-06-01 13:35:00,50974.0,50985.0,50894.0,50930.0,3257.0
2026-06-01 13:40:00,50929.0,51002.0,50902.0,50987.0,2229.0
2026-06-01 13:45:00,50982.0,50997.0,50932.0,50956.0,1620.0
2026-06-01 13:50:00,50954.0,51008.0,50931.0,51005.0,1981.0
2026-06-01 13:55:00,51005.0,51040.0,50992.0,51030.0,1428.0
2026-06-01 14:00:00,51021.0,51085.0,51010.0,51040.0,2308.0
2026-06-01 14:05:00,51039.0,51042.0,50988.0,51025.0,1719.0
2026-06-01 14:10:00,51024.0,51026.0,50963.0,50999.0,1256.0
2026-06-01 14:15:00,50996.0,51032.0,50930.0,50940.0,1919.0
2026-06-01 14:20:00,50939.0,50983.0,50935.0,50946.0,1246.0
2026-06-01 14:25:00,50947.0,50963.0,50925.0,50947.0,1084.0
2026-06-01 14:30:00,50947.0,50954.0,50885.0,50892.0,1382.0
2026-06-01 14:35:00,50891.0,50894.0,50861.0,50867.0,854.0
2026-06-01 14:40:00,50869.0,50897.0,50862.0,50879.0,742.0
2026-06-01 14:45:00,50878.0,50882.0,50843.0,50857.0,871.0
2026-06-01 14:50:00,50859.0,50870.0,50824.0,50843.0,690.0
2026-06-01 14:55:00,50842.0,50886.0,50841.0,50886.0,669.0
2026-06-01 15:00:00,50886.0,50909.0,50845.0,50907.0,845.0
2026-06-01 15:05:00,50909.0,50949.0,50881.0,50941.0,1123.0
2026-06-01 15:10:00,50940.0,50966.0,50931.0,50948.0,586.0
2026-06-01 15:15:00,50951.0,50955.0,50924.0,50934.0,515.0
2026-06-01 15:20:00,50935.0,50962.0,50930.0,50941.0,462.0
2026-06-01 15:25:00,50940.0,50956.0,50927.0,50943.0,536.0
2026-06-01 15:30:00,50944.0,51023.0,50932.0,50989.0,2998.0
2026-06-01 15:35:00,50990.0,51017.0,50983.0,51010.0,959.0
2026-06-01 15:40:00,51008.0,51014.0,50977.0,51003.0,700.0
2026-06-01 15:45:00,51006.0,51007.0,50974.0,50982.0,535.0
2026-06-01 15:50:00,50984.0,50999.0,50979.0,50980.0,466.0
2026-06-01 15:55:00,50982.0,50996.0,50964.0,50969.0,507.0
2026-06-01 16:00:00,50971.0,50992.0,50945.0,50952.0,830.0
2026-06-01 16:05:00,50952.0,50966.0,50943.0,50955.0,298.0
2026-06-01 16:10:00,50952.0,50955.0,50926.0,50937.0,961.0
2026-06-01 16:15:00,50936.0,50944.0,50882.0,50929.0,822.0
2026-06-01 16:20:00,50932.0,50932.0,50903.0,50903.0,400.0
2026-06-01 16:25:00,50902.0,50902.0,50867.0,50884.0,719.0
2026-06-01 16:30:00,50886.0,50919.0,50880.0,50908.0,1119.0
2026-06-01 16:35:00,50907.0,50936.0,50903.0,50933.0,384.0
2026-06-01 16:40:00,50934.0,50936.0,50913.0,50914.0,330.0
2026-06-01 16:45:00,50914.0,50932.0,50904.0,50927.0,481.0
2026-06-01 16:50:00,50927.0,50981.0,50922.0,50979.0,858.0
2026-06-01 16:55:00,50980.0,51000.0,50958.0,50961.0,595.0
2026-06-01 17:00:00,50961.0,50962.0,50930.0,50933.0,751.0
2026-06-01 17:05:00,50932.0,50942.0,50897.0,50908.0,474.0
2026-06-01 17:10:00,50911.0,50928.0,50908.0,50925.0,297.0
2026-06-01 17:15:00,50924.0,50954.0,50920.0,50954.0,295.0
2026-06-01 17:20:00,50954.0,50966.0,50943.0,50955.0,352.0
2026-06-01 17:25:00,50954.0,51020.0,50935.0,51018.0,890.0
2026-06-01 17:30:00,51020.0,51030.0,50973.0,50988.0,1782.0
2026-06-01 17:35:00,50988.0,51000.0,50976.0,50995.0,591.0
2026-06-01 17:40:00,50992.0,51143.0,50990.0,51059.0,1973.0
2026-06-01 17:45:00,51057.0,51068.0,51037.0,51041.0,698.0
2026-06-01 17:50:00,51042.0,51057.0,51036.0,51047.0,454.0
2026-06-01 17:55:00,51045.0,51065.0,51045.0,51055.0,473.0
2026-06-01 18:00:00,51055.0,51080.0,51054.0,51070.0,512.0
2026-06-01 18:05:00,51072.0,51114.0,51065.0,51109.0,446.0
2026-06-01 18:10:00,51108.0,51120.0,51087.0,51099.0,453.0
2026-06-01 18:15:00,51099.0,51102.0,51081.0,51101.0,296.0
2026-06-01 18:20:00,51101.0,51119.0,51093.0,51099.0,379.0
2026-06-01 18:25:00,51098.0,51113.0,51095.0,51099.0,288.0
2026-06-01 18:30:00,51099.0,51100.0,51074.0,51088.0,474.0
2026-06-01 18:35:00,51089.0,51111.0,51088.0,51109.0,344.0
2026-06-01 18:40:00,51109.0,51120.0,51098.0,51115.0,287.0
2026-06-01 18:45:00,51115.0,51129.0,51106.0,51123.0,253.0
2026-06-01 18:50:00,51123.0,51137.0,51113.0,51135.0,368.0
2026-06-01 18:55:00,51134.0,51140.0,51112.0,51116.0,410.0
2026-06-01 19:00:00,51114.0,51124.0,51095.0,51104.0,510.0
2026-06-01 19:05:00,51105.0,51121.0,51093.0,51102.0,459.0
2026-06-01 19:10:00,51102.0,51103.0,51085.0,51088.0,294.0
2026-06-01 19:15:00,51090.0,51109.0,51090.0,51103.0,232.0
2026-06-01 19:20:00,51104.0,51130.0,51102.0,51130.0,264.0
2026-06-01 19:25:00,51127.0,51154.0,51126.0,51148.0,594.0
2026-06-01 19:30:00,51145.0,51163.0,51132.0,51161.0,465.0
2026-06-01 19:35:00,51163.0,51176.0,51154.0,51163.0,597.0
2026-06-01 19:40:00,51163.0,51166.0,51144.0,51162.0,401.0
2026-06-01 19:45:00,51160.0,51175.0,51147.0,51168.0,762.0
2026-06-01 19:50:00,51167.0,51171.0,51133.0,51140.0,1008.0
2026-06-01 19:55:00,51141.0,51159.0,51122.0,51134.0,2638.0
2026-06-01 20:00:00,51135.0,51140.0,51126.0,51138.0,689.0
2026-06-01 20:05:00,51138.0,51145.0,51128.0,51141.0,263.0
2026-06-01 20:10:00,51141.0,51147.0,51133.0,51144.0,135.0
2026-06-01 20:15:00,51144.0,51144.0,51129.0,51134.0,192.0
2026-06-01 20:20:00,51136.0,51136.0,51122.0,51123.0,87.0
2026-06-01 20:25:00,51124.0,51124.0,51110.0,51115.0,89.0
2026-06-01 20:30:00,51116.0,51125.0,51107.0,51125.0,110.0
2026-06-01 20:35:00,51123.0,51132.0,51123.0,51131.0,69.0
2026-06-01 20:40:00,51131.0,51139.0,51121.0,51135.0,200.0
2026-06-01 20:45:00,51132.0,51136.0,51121.0,51130.0,230.0
2026-06-01 20:50:00,51128.0,51137.0,51114.0,51122.0,229.0
2026-06-01 20:55:00,51122.0,51129.0,51106.0,51106.0,225.0
2026-06-01 22:00:00,51073.0,51078.0,51049.0,51061.0,0.0
2026-06-01 22:05:00,51064.0,51069.0,51028.0,51055.0,185.0
2026-06-01 22:10:00,51055.0,51064.0,51046.0,51046.0,50.0
2026-06-01 22:15:00,51046.0,51055.0,51046.0,51049.0,35.0
2026-06-01 22:20:00,51054.0,51054.0,51032.0,51041.0,49.0
2026-06-01 22:25:00,51046.0,51046.0,51027.0,51027.0,38.0
2026-06-01 22:30:00,51030.0,51034.0,51022.0,51025.0,38.0
2026-06-01 22:35:00,51026.0,51026.0,51004.0,51012.0,52.0
2026-06-01 22:40:00,51009.0,51014.0,50998.0,51004.0,51.0
2026-06-01 22:45:00,51008.0,51015.0,51003.0,51007.0,71.0
2026-06-01 22:50:00,51010.0,51010.0,51002.0,51002.0,126.0
2026-06-01 22:55:00,51009.0,51017.0,51005.0,51013.0,65.0
2026-06-01 23:00:00,51015.0,51015.0,51007.0,51013.0,97.0
2026-06-01 23:05:00,51016.0,51016.0,51011.0,51011.0,11.0
2026-06-01 23:10:00,51019.0,51020.0,51012.0,51012.0,44.0
2026-06-01 23:15:00,51010.0,51024.0,51010.0,51022.0,28.0
2026-06-01 23:20:00,51021.0,51022.0,51016.0,51016.0,47.0
2026-06-01 23:25:00,51013.0,51014.0,51004.0,51007.0,28.0
2026-06-01 23:30:00,51008.0,51008.0,50992.0,51006.0,37.0
2026-06-01 23:35:00,51008.0,51026.0,50998.0,51006.0,138.0
2026-06-01 23:40:00,51011.0,51019.0,51006.0,51007.0,28.0
2026-06-01 23:45:00,51012.0,51012.0,50975.0,50978.0,122.0
2026-06-01 23:50:00,50979.0,50984.0,50964.0,50984.0,58.0
2026-06-01 23:55:00,50984.0,50992.0,50979.0,50985.0,42.0
2026-06-02 00:00:00,50988.0,50997.0,50969.0,50971.0,86.0
2026-06-02 00:05:00,50972.0,50975.0,50921.0,50939.0,265.0
2026-06-02 00:10:00,50937.0,50952.0,50936.0,50948.0,169.0
2026-06-02 00:15:00,50948.0,50955.0,50938.0,50942.0,142.0
2026-06-02 00:20:00,50940.0,50942.0,50923.0,50923.0,100.0
2026-06-02 00:25:00,50924.0,50930.0,50921.0,50928.0,64.0
2026-06-02 00:30:00,50930.0,50943.0,50918.0,50935.0,156.0
2026-06-02 00:35:00,50936.0,50942.0,50926.0,50930.0,63.0
2026-06-02 00:40:00,50930.0,50934.0,50906.0,50914.0,165.0
2026-06-02 00:45:00,50914.0,50917.0,50900.0,50906.0,84.0
2026-06-02 00:50:00,50906.0,50906.0,50896.0,50897.0,139.0
2026-06-02 00:55:00,50893.0,50898.0,50878.0,50887.0,176.0
2026-06-02 01:00:00,50892.0,50908.0,50887.0,50906.0,182.0
2026-06-02 01:05:00,50904.0,50920.0,50903.0,50903.0,130.0
2026-06-02 01:10:00,50905.0,50920.0,50905.0,50916.0,78.0
2026-06-02 01:15:00,50917.0,50919.0,50904.0,50915.0,51.0
2026-06-02 01:20:00,50914.0,50921.0,50914.0,50919.0,31.0
2026-06-02 01:25:00,50923.0,50923.0,50891.0,50912.0,134.0
2026-06-02 01:30:00,50916.0,50918.0,50903.0,50903.0,67.0
2026-06-02 01:35:00,50903.0,50910.0,50885.0,50890.0,127.0
2026-06-02 01:40:00,50889.0,50912.0,50886.0,50894.0,131.0
2026-06-02 01:45:00,50892.0,50892.0,50871.0,50877.0,186.0
2026-06-02 01:50:00,50880.0,50893.0,50878.0,50890.0,91.0
2026-06-02 01:55:00,50893.0,50895.0,50880.0,50888.0,44.0
2026-06-02 02:00:00,50894.0,50897.0,50890.0,50895.0,55.0
2026-06-02 02:05:00,50895.0,50901.0,50891.0,50898.0,61.0
2026-06-02 02:10:00,50900.0,50902.0,50894.0,50899.0,66.0
2026-06-02 02:15:00,50898.0,50900.0,50890.0,50896.0,51.0
2026-06-02 02:20:00,50898.0,50901.0,50895.0,50896.0,49.0
2026-06-02 02:25:00,50896.0,50906.0,50896.0,50901.0,30.0
2026-06-02 02:30:00,50905.0,50907.0,50896.0,50898.0,48.0
2026-06-02 02:35:00,50900.0,50907.0,50900.0,50905.0,25.0
2026-06-02 02:40:00,50906.0,50911.0,50895.0,50898.0,42.0
2026-06-02 02:45:00,50901.0,50904.0,50895.0,50895.0,18.0
2026-06-02 02:50:00,50898.0,50903.0,50895.0,50895.0,11.0
2026-06-02 02:55:00,50898.0,50904.0,50897.0,50901.0,101.0
2026-06-02 03:00:00,50900.0,50904.0,50895.0,50898.0,45.0
2026-06-02 03:05:00,50901.0,50905.0,50898.0,50901.0,49.0
2026-06-02 03:10:00,50900.0,50900.0,50893.0,50898.0,36.0
2026-06-02 03:15:00,50900.0,50908.0,50896.0,50908.0,44.0
2026-06-02 03:20:00,50908.0,50917.0,50904.0,50917.0,67.0
2026-06-02 03:25:00,50920.0,50927.0,50918.0,50921.0,72.0
2026-06-02 03:30:00,50920.0,50921.0,50913.0,50917.0,68.0
2026-06-02 03:35:00,50917.0,50920.0,50909.0,50913.0,34.0
2026-06-02 03:40:00,50915.0,50924.0,50912.0,50920.0,35.0
2026-06-02 03:45:00,50917.0,50927.0,50917.0,50926.0,29.0
2026-06-02 03:50:00,50926.0,50931.0,50923.0,50927.0,37.0
2026-06-02 03:55:00,50928.0,50931.0,50926.0,50929.0,7.0
2026-06-02 04:00:00,50927.0,50932.0,50927.0,50931.0,0.0
2026-06-02 04:05:00,50932.0,50940.0,50931.0,50931.0,75.0
2026-06-02 04:10:00,50932.0,50941.0,50930.0,50931.0,35.0
2026-06-02 04:15:00,50931.0,50933.0,50926.0,50928.0,26.0
2026-06-02 04:20:00,50927.0,50936.0,50927.0,50933.0,20.0
2026-06-02 04:25:00,50933.0,50934.0,50929.0,50929.0,45.0
2026-06-02 04:30:00,50928.0,50928.0,50918.0,50922.0,55.0
2026-06-02 04:35:00,50920.0,50921.0,50915.0,50920.0,27.0
2026-06-02 04:40:00,50918.0,50921.0,50915.0,50916.0,50.0
2026-06-02 04:45:00,50915.0,50927.0,50915.0,50926.0,101.0
2026-06-02 04:50:00,50927.0,50936.0,50927.0,50936.0,68.0
2026-06-02 04:55:00,50933.0,50948.0,50933.0,50946.0,56.0
2026-06-02 05:00:00,50948.0,50952.0,50940.0,50940.0,68.0
2026-06-02 05:05:00,50942.0,50944.0,50939.0,50939.0,32.0
2026-06-02 05:10:00,50939.0,50942.0,50934.0,50942.0,71.0
2026-06-02 05:15:00,50943.0,50951.0,50943.0,50950.0,41.0
2026-06-02 05:20:00,50952.0,50962.0,50952.0,50960.0,56.0
2026-06-02 05:25:00,50960.0,50962.0,50957.0,50960.0,47.0
2026-06-02 05:30:00,50960.0,50972.0,50960.0,50972.0,81.0
2026-06-02 05:35:00,50973.0,50977.0,50965.0,50966.0,104.0
2026-06-02 05:40:00,50965.0,50973.0,50965.0,50972.0,32.0
2026-06-02 05:45:00,50975.0,50975.0,50956.0,50965.0,90.0
2026-06-02 05:50:00,50965.0,50966.0,50952.0,50958.0,62.0
2026-06-02 05:55:00,50957.0,50958.0,50950.0,50950.0,41.0
2026-06-02 06:00:00,50950.0,50964.0,50943.0,50963.0,114.0
2026-06-02 06:05:00,50965.0,50983.0,50965.0,50974.0,88.0
2026-06-02 06:10:00,50976.0,50983.0,50974.0,50977.0,58.0
2026-06-02 06:15:00,50979.0,50985.0,50978.0,50980.0,55.0
2026-06-02 06:20:00,50978.0,50985.0,50973.0,50983.0,24.0
2026-06-02 06:25:00,50983.0,50986.0,50977.0,50985.0,53.0
2026-06-02 06:30:00,50983.0,50990.0,50972.0,50981.0,109.0
2026-06-02 06:35:00,50980.0,50994.0,50978.0,50982.0,217.0
2026-06-02 06:40:00,50984.0,50985.0,50980.0,50982.0,62.0
2026-06-02 06:45:00,50980.0,50988.0,50976.0,50977.0,93.0
2026-06-02 06:50:00,50980.0,50987.0,50974.0,50985.0,84.0
2026-06-02 06:55:00,50983.0,51005.0,50983.0,50996.0,131.0
2026-06-02 07:00:00,50997.0,51026.0,50995.0,51023.0,245.0
2026-06-02 07:05:00,51024.0,51028.0,51015.0,51026.0,105.0
2026-06-02 07:10:00,51024.0,51033.0,51023.0,51027.0,82.0
2026-06-02 07:15:00,51027.0,51040.0,51023.0,51036.0,121.0
2026-06-02 07:20:00,51035.0,51041.0,51026.0,51026.0,146.0
2026-06-02 07:25:00,51028.0,51029.0,51017.0,51028.0,160.0
2026-06-02 07:30:00,51028.0,51033.0,51020.0,51031.0,89.0
2026-06-02 07:35:00,51035.0,51038.0,51032.0,51035.0,64.0
2026-06-02 07:40:00,51033.0,51054.0,51031.0,51044.0,178.0
2026-06-02 07:45:00,51045.0,51056.0,51045.0,51055.0,134.0
2026-06-02 07:50:00,51054.0,51075.0,51052.0,51073.0,149.0
2026-06-02 07:55:00,51074.0,51082.0,51070.0,51077.0,96.0
2026-06-02 08:00:00,51078.0,51084.0,51049.0,51069.0,331.0
2026-06-02 08:05:00,51069.0,51083.0,51054.0,51056.0,161.0
2026-06-02 08:10:00,51052.0,51057.0,51033.0,51033.0,155.0
2026-06-02 08:15:00,51033.0,51044.0,51031.0,51033.0,166.0
2026-06-02 08:20:00,51036.0,51050.0,51026.0,51045.0,332.0
2026-06-02 08:25:00,51044.0,51044.0,51003.0,51003.0,185.0
2026-06-02 08:30:00,51004.0,51014.0,50994.0,51001.0,157.0
2026-06-02 08:35:00,51000.0,51006.0,50989.0,51005.0,98.0
2026-06-02 08:40:00,51006.0,51013.0,51001.0,51012.0,107.0
2026-06-02 08:45:00,51010.0,51018.0,51007.0,51016.0,69.0
2026-06-02 08:50:00,51014.0,51028.0,51003.0,51020.0,126.0
2026-06-02 08:55:00,51024.0,51025.0,51013.0,51015.0,102.0
2026-06-02 09:00:00,51015.0,51015.0,50989.0,50991.0,143.0
2026-06-02 09:05:00,50995.0,51000.0,50988.0,50993.0,81.0
2026-06-02 09:10:00,50992.0,50996.0,50982.0,50985.0,54.0
2026-06-02 09:15:00,50986.0,50986.0,50972.0,50974.0,106.0
2026-06-02 09:20:00,50974.0,50974.0,50942.0,50944.0,145.0
2026-06-02 09:25:00,50945.0,50955.0,50931.0,50939.0,173.0
2026-06-02 09:30:00,50937.0,50944.0,50927.0,50932.0,91.0
2026-06-02 09:35:00,50929.0,50932.0,50921.0,50927.0,68.0
2026-06-02 09:40:00,50924.0,50937.0,50909.0,50932.0,169.0
2026-06-02 09:45:00,50937.0,50947.0,50935.0,50940.0,133.0
2026-06-02 09:50:00,50941.0,50951.0,50934.0,50936.0,147.0
2026-06-02 09:55:00,50935.0,50935.0,50907.0,50924.0,198.0
2026-06-02 10:00:00,50926.0,50931.0,50903.0,50911.0,112.0
2026-06-02 10:05:00,50911.0,50919.0,50904.0,50915.0,67.0
2026-06-02 10:10:00,50913.0,50933.0,50911.0,50926.0,110.0
2026-06-02 10:15:00,50925.0,50932.0,50918.0,50926.0,92.0
2026-06-02 10:20:00,50926.0,50931.0,50921.0,50923.0,81.0
2026-06-02 10:25:00,50925.0,50930.0,50916.0,50927.0,174.0
2026-06-02 10:30:00,50934.0,50939.0,50926.0,50939.0,89.0
2026-06-02 10:35:00,50941.0,50944.0,50926.0,50926.0,95.0
2026-06-02 10:40:00,50932.0,50950.0,50926.0,50950.0,100.0
2026-06-02 10:45:00,50952.0,50957.0,50936.0,50936.0,92.0
2026-06-02 10:50:00,50938.0,50941.0,50932.0,50941.0,53.0
2026-06-02 10:55:00,50942.0,50949.0,50938.0,50942.0,71.0
2026-06-02 11:00:00,50941.0,50952.0,50934.0,50937.0,185.0
2026-06-02 11:05:00,50936.0,50936.0,50917.0,50917.0,92.0
2026-06-02 11:10:00,50916.0,50929.0,50909.0,50917.0,128.0
2026-06-02 11:15:00,50915.0,50915.0,50891.0,50897.0,138.0
2026-06-02 11:20:00,50897.0,50911.0,50895.0,50905.0,80.0
2026-06-02 11:25:00,50907.0,50915.0,50899.0,50910.0,75.0
2026-06-02 11:30:00,50910.0,50922.0,50897.0,50912.0,232.0
2026-06-02 11:35:00,50912.0,50926.0,50905.0,50926.0,113.0
2026-06-02 11:40:00,50925.0,50927.0,50919.0,50921.0,67.0
2026-06-02 11:45:00,50922.0,50925.0,50914.0,50914.0,51.0
2026-06-02 11:50:00,50913.0,50916.0,50902.0,50913.0,109.0
2026-06-02 11:55:00,50912.0,50917.0,50908.0,50908.0,105.0
2026-06-02 12:00:00,50906.0,50920.0,50888.0,50910.0,254.0
2026-06-02 12:05:00,50908.0,50940.0,50908.0,50939.0,162.0
2026-06-02 12:10:00,50937.0,50950.0,50934.0,50936.0,178.0
2026-06-02 12:15:00,50936.0,50944.0,50930.0,50932.0,74.0
2026-06-02 12:20:00,50931.0,50960.0,50931.0,50941.0,298.0
2026-06-02 12:25:00,50941.0,50948.0,50928.0,50934.0,191.0
2026-06-02 12:30:00,50935.0,50939.0,50912.0,50921.0,223.0
2026-06-02 12:35:00,50917.0,50923.0,50873.0,50880.0,386.0
2026-06-02 12:40:00,50883.0,50900.0,50864.0,50895.0,335.0
2026-06-02 12:45:00,50898.0,50903.0,50887.0,50891.0,246.0
2026-06-02 12:50:00,50897.0,50898.0,50879.0,50886.0,110.0
2026-06-02 12:55:00,50888.0,50888.0,50871.0,50882.0,138.0
2026-06-02 13:00:00,50884.0,50919.0,50884.0,50898.0,446.0
2026-06-02 13:05:00,50900.0,50916.0,50841.0,50879.0,576.0
2026-06-02 13:10:00,50876.0,50896.0,50865.0,50889.0,277.0
2026-06-02 13:15:00,50889.0,50899.0,50872.0,50891.0,191.0
2026-06-02 13:20:00,50892.0,50894.0,50875.0,50880.0,220.0
2026-06-02 13:25:00,50878.0,50886.0,50844.0,50871.0,869.0
2026-06-02 13:30:00,50874.0,51253.0,50870.0,51214.0,8034.0
2026-06-02 13:35:00,51216.0,51295.0,51200.0,51250.0,4741.0
2026-06-02 13:40:00,51248.0,51310.0,51223.0,51233.0,3504.0
2026-06-02 13:45:00,51233.0,51247.0,51115.0,51116.0,3408.0
2026-06-02 13:50:00,51117.0,51119.0,51024.0,51029.0,2625.0
2026-06-02 13:55:00,51028.0,51053.0,50973.0,50984.0,1888.0
2026-06-02 14:00:00,50992.0,51041.0,50941.0,51016.0,2461.0
2026-06-02 14:05:00,51019.0,51030.0,50987.0,51011.0,1240.0
2026-06-02 14:10:00,51011.0,51048.0,51001.0,51020.0,1190.0
2026-06-02 14:15:00,51021.0,51061.0,50982.0,50993.0,1445.0
2026-06-02 14:20:00,50996.0,51021.0,50964.0,51018.0,1261.0
2026-06-02 14:25:00,51016.0,51052.0,51016.0,51023.0,1091.0
2026-06-02 14:30:00,51025.0,51086.0,51017.0,51083.0,1161.0
2026-06-02 14:35:00,51083.0,51104.0,51073.0,51077.0,1065.0
2026-06-02 14:40:00,51077.0,51120.0,51076.0,51114.0,790.0
2026-06-02 14:45:00,51118.0,51174.0,51093.0,51171.0,925.0
2026-06-02 14:50:00,51172.0,51191.0,51166.0,51181.0,806.0
2026-06-02 14:55:00,51180.0,51220.0,51174.0,51215.0,712.0
2026-06-02 15:00:00,51216.0,51240.0,51198.0,51231.0,888.0
2026-06-02 15:05:00,51235.0,51309.0,51235.0,51297.0,1288.0
2026-06-02 15:10:00,51300.0,51303.0,51250.0,51252.0,1032.0
2026-06-02 15:15:00,51251.0,51329.0,51248.0,51313.0,1415.0
2026-06-02 15:20:00,51311.0,51347.0,51306.0,51308.0,1062.0
2026-06-02 15:25:00,51307.0,51321.0,51288.0,51290.0,931.0
2026-06-02 15:30:00,51290.0,51306.0,51277.0,51286.0,648.0
2026-06-02 15:35:00,51285.0,51292.0,51257.0,51265.0,687.0
2026-06-02 15:40:00,51266.0,51296.0,51254.0,51287.0,577.0
2026-06-02 15:45:00,51288.0,51312.0,51284.0,51307.0,731.0
2026-06-02 15:50:00,51306.0,51306.0,51259.0,51269.0,469.0
2026-06-02 15:55:00,51268.0,51276.0,51250.0,51264.0,420.0
2026-06-02 16:00:00,51262.0,51264.0,51241.0,51255.0,617.0
2026-06-02 16:05:00,51255.0,51259.0,51212.0,51237.0,979.0
2026-06-02 16:10:00,51237.0,51280.0,51226.0,51263.0,807.0
2026-06-02 16:15:00,51263.0,51266.0,51234.0,51241.0,612.0
2026-06-02 16:20:00,51242.0,51268.0,51240.0,51258.0,471.0
2026-06-02 16:25:00,51259.0,51265.0,51228.0,51236.0,328.0
2026-06-02 16:30:00,51237.0,51244.0,51226.0,51235.0,420.0
2026-06-02 16:35:00,51234.0,51252.0,51230.0,51248.0,409.0
2026-06-02 16:40:00,51248.0,51272.0,51247.0,51264.0,388.0
2026-06-02 16:45:00,51265.0,51296.0,51260.0,51293.0,406.0
2026-06-02 16:50:00,51290.0,51305.0,51279.0,51291.0,333.0
2026-06-02 16:55:00,51292.0,51305.0,51291.0,51292.0,275.0
2026-06-02 17:00:00,51293.0,51310.0,51288.0,51298.0,441.0
2026-06-02 17:05:00,51297.0,51303.0,51274.0,51279.0,719.0
2026-06-02 17:10:00,51282.0,51291.0,51269.0,51288.0,282.0
2026-06-02 17:15:00,51287.0,51290.0,51266.0,51281.0,505.0
2026-06-02 17:20:00,51281.0,51289.0,51256.0,51261.0,329.0
2026-06-02 17:25:00,51263.0,51272.0,51255.0,51264.0,343.0
2026-06-02 17:30:00,51264.0,51300.0,51264.0,51299.0,439.0
2026-06-02 17:35:00,51297.0,51298.0,51279.0,51290.0,447.0
2026-06-02 17:40:00,51292.0,51308.0,51289.0,51294.0,449.0
2026-06-02 17:45:00,51291.0,51305.0,51287.0,51302.0,297.0
2026-06-02 17:50:00,51302.0,51308.0,51292.0,51293.0,286.0
2026-06-02 17:55:00,51294.0,51296.0,51285.0,51288.0,236.0
2026-06-02 18:00:00,51289.0,51312.0,51283.0,51308.0,343.0
2026-06-02 18:05:00,51306.0,51325.0,51305.0,51321.0,377.0
2026-06-02 18:10:00,51323.0,51334.0,51314.0,51326.0,519.0
2026-06-02 18:15:00,51327.0,51335.0,51316.0,51333.0,406.0
2026-06-02 18:20:00,51335.0,51362.0,51326.0,51359.0,379.0
2026-06-02 18:25:00,51358.0,51378.0,51348.0,51361.0,584.0
2026-06-02 18:30:00,51360.0,51403.0,51356.0,51392.0,468.0
2026-06-02 18:35:00,51394.0,51412.0,51385.0,51387.0,636.0
2026-06-02 18:40:00,51389.0,51405.0,51388.0,51389.0,318.0
2026-06-02 18:45:00,51390.0,51393.0,51376.0,51393.0,338.0
2026-06-02 18:50:00,51394.0,51398.0,51384.0,51384.0,328.0
2026-06-02 18:55:00,51388.0,51409.0,51384.0,51401.0,291.0
2026-06-02 19:00:00,51401.0,51413.0,51387.0,51388.0,376.0
2026-06-02 19:05:00,51390.0,51398.0,51382.0,51388.0,284.0
2026-06-02 19:10:00,51388.0,51391.0,51360.0,51364.0,446.0
2026-06-02 19:15:00,51365.0,51387.0,51364.0,51373.0,374.0
2026-06-02 19:20:00,51372.0,51384.0,51363.0,51384.0,289.0
2026-06-02 19:25:00,51385.0,51416.0,51380.0,51412.0,492.0
2026-06-02 19:30:00,51410.0,51427.0,51408.0,51415.0,632.0
2026-06-02 19:35:00,51416.0,51419.0,51404.0,51407.0,365.0
2026-06-02 19:40:00,51408.0,51414.0,51398.0,51403.0,420.0
2026-06-02 19:45:00,51402.0,51414.0,51392.0,51414.0,541.0
2026-06-02 19:50:00,51412.0,51443.0,51408.0,51426.0,929.0
2026-06-02 19:55:00,51427.0,51432.0,51389.0,51397.0,3066.0
2026-06-02 20:00:00,51397.0,51427.0,51395.0,51427.0,930.0
2026-06-02 20:05:00,51427.0,51437.0,51419.0,51428.0,312.0
2026-06-02 20:10:00,51428.0,51441.0,51415.0,51430.0,255.0
2026-06-02 20:15:00,51428.0,51437.0,51418.0,51428.0,160.0
2026-06-02 20:20:00,51429.0,51433.0,51419.0,51422.0,97.0
2026-06-02 20:25:00,51422.0,51423.0,51410.0,51416.0,122.0
2026-06-02 20:30:00,51417.0,51417.0,51408.0,51412.0,182.0
2026-06-02 20:35:00,51412.0,51421.0,51411.0,51421.0,132.0
2026-06-02 20:40:00,51420.0,51427.0,51417.0,51424.0,86.0
2026-06-02 20:45:00,51425.0,51425.0,51411.0,51417.0,81.0
2026-06-02 20:50:00,51415.0,51437.0,51415.0,51432.0,126.0
2026-06-02 20:55:00,51431.0,51431.0,51422.0,51429.0,78.0
2026-06-02 22:00:00,51396.0,51416.0,51396.0,51403.0,0.0
2026-06-02 22:05:00,51406.0,51418.0,51402.0,51408.0,38.0
2026-06-02 22:10:00,51404.0,51407.0,51392.0,51397.0,101.0
2026-06-02 22:15:00,51396.0,51403.0,51389.0,51394.0,107.0
2026-06-02 22:20:00,51395.0,51404.0,51395.0,51396.0,72.0
2026-06-02 22:25:00,51399.0,51405.0,51394.0,51401.0,59.0
2026-06-02 22:30:00,51402.0,51409.0,51401.0,51401.0,48.0
2026-06-02 22:35:00,51402.0,51403.0,51399.0,51399.0,10.0
2026-06-02 22:40:00,51399.0,51400.0,51391.0,51392.0,36.0
2026-06-02 22:45:00,51393.0,51398.0,51390.0,51398.0,27.0
2026-06-02 22:50:00,51396.0,51396.0,51370.0,51383.0,121.0
2026-06-02 22:55:00,51379.0,51389.0,51379.0,51386.0,47.0
2026-06-02 23:00:00,51387.0,51389.0,51366.0,51370.0,76.0
2026-06-02 23:05:00,51370.0,51373.0,51360.0,51361.0,127.0
2026-06-02 23:10:00,51358.0,51359.0,51342.0,51344.0,91.0
2026-06-02 23:15:00,51343.0,51349.0,51318.0,51324.0,229.0
2026-06-02 23:20:00,51320.0,51324.0,51273.0,51307.0,499.0
2026-06-02 23:25:00,51302.0,51351.0,51294.0,51335.0,247.0
2026-06-02 23:30:00,51339.0,51340.0,51318.0,51330.0,240.0
2026-06-02 23:35:00,51328.0,51369.0,51328.0,51359.0,223.0
2026-06-02 23:40:00,51359.0,51387.0,51358.0,51382.0,159.0
2026-06-02 23:45:00,51381.0,51391.0,51377.0,51385.0,134.0
2026-06-02 23:50:00,51390.0,51396.0,51377.0,51394.0,71.0
2026-06-02 23:55:00,51391.0,51409.0,51383.0,51402.0,132.0
2026-06-03 00:00:00,51400.0,51418.0,51396.0,51409.0,113.0
2026-06-03 00:05:00,51404.0,51405.0,51389.0,51393.0,95.0
2026-06-03 00:10:00,51391.0,51397.0,51385.0,51386.0,86.0
2026-06-03 00:15:00,51384.0,51397.0,51379.0,51393.0,98.0
2026-06-03 00:20:00,51390.0,51400.0,51383.0,51384.0,55.0
2026-06-03 00:25:00,51385.0,51385.0,51373.0,51379.0,59.0
2026-06-03 00:30:00,51378.0,51382.0,51371.0,51378.0,57.0
2026-06-03 00:35:00,51376.0,51389.0,51371.0,51386.0,64.0
2026-06-03 00:40:00,51386.0,51389.0,51377.0,51380.0,60.0
2026-06-03 00:45:00,51379.0,51385.0,51378.0,51380.0,76.0
2026-06-03 00:50:00,51383.0,51384.0,51377.0,51383.0,88.0
2026-06-03 00:55:00,51383.0,51383.0,51375.0,51380.0,43.0
2026-06-03 01:00:00,51379.0,51385.0,51362.0,51364.0,97.0
2026-06-03 01:05:00,51366.0,51372.0,51359.0,51368.0,69.0
2026-06-03 01:10:00,51375.0,51377.0,51369.0,51369.0,45.0
2026-06-03 01:15:00,51367.0,51374.0,51367.0,51374.0,32.0
2026-06-03 01:20:00,51372.0,51372.0,51367.0,51369.0,37.0
2026-06-03 01:25:00,51367.0,51373.0,51366.0,51371.0,30.0
2026-06-03 01:30:00,51367.0,51373.0,51361.0,51368.0,50.0
2026-06-03 01:35:00,51373.0,51375.0,51364.0,51371.0,38.0
2026-06-03 01:40:00,51372.0,51385.0,51372.0,51385.0,74.0
2026-06-03 01:45:00,51385.0,51389.0,51381.0,51383.0,71.0
2026-06-03 01:50:00,51380.0,51381.0,51376.0,51381.0,56.0
2026-06-03 01:55:00,51382.0,51383.0,51374.0,51374.0,34.0
2026-06-03 02:00:00,51375.0,51377.0,51373.0,51374.0,38.0
2026-06-03 02:05:00,51374.0,51375.0,51369.0,51369.0,23.0
2026-06-03 02:10:00,51370.0,51382.0,51370.0,51379.0,26.0
2026-06-03 02:15:00,51379.0,51383.0,51379.0,51382.0,35.0
2026-06-03 02:20:00,51384.0,51384.0,51375.0,51377.0,31.0
2026-06-03 02:25:00,51378.0,51384.0,51378.0,51381.0,66.0
2026-06-03 02:30:00,51380.0,51381.0,51376.0,51378.0,30.0
2026-06-03 02:35:00,51378.0,51386.0,51376.0,51386.0,34.0
2026-06-03 02:40:00,51384.0,51388.0,51381.0,51381.0,31.0
2026-06-03 02:45:00,51380.0,51381.0,51375.0,51376.0,31.0
2026-06-03 02:50:00,51376.0,51378.0,51374.0,51376.0,37.0
2026-06-03 02:55:00,51376.0,51378.0,51374.0,51376.0,37.0
2026-06-03 03:00:00,51376.0,51385.0,51376.0,51385.0,49.0
2026-06-03 03:05:00,51388.0,51393.0,51388.0,51389.0,36.0
2026-06-03 03:10:00,51388.0,51389.0,51384.0,51384.0,25.0
2026-06-03 03:15:00,51387.0,51388.0,51378.0,51378.0,24.0
2026-06-03 03:20:00,51380.0,51384.0,51380.0,51382.0,23.0
2026-06-03 03:25:00,51380.0,51380.0,51372.0,51372.0,25.0
2026-06-03 03:30:00,51372.0,51380.0,51372.0,51380.0,24.0
2026-06-03 03:35:00,51382.0,51382.0,51376.0,51377.0,27.0
2026-06-03 03:40:00,51377.0,51383.0,51377.0,51381.0,28.0
2026-06-03 03:45:00,51381.0,51383.0,51375.0,51377.0,26.0
2026-06-03 03:50:00,51377.0,51378.0,51375.0,51378.0,21.0
2026-06-03 03:55:00,51378.0,51381.0,51378.0,51378.0,16.0
2026-06-03 04:00:00,51378.0,51383.0,51376.0,51380.0,0.0
2026-06-03 04:05:00,51380.0,51381.0,51377.0,51377.0,22.0
2026-06-03 04:10:00,51375.0,51379.0,51374.0,51378.0,34.0
2026-06-03 04:15:00,51378.0,51379.0,51375.0,51379.0,37.0
2026-06-03 04:20:00,51377.0,51385.0,51377.0,51380.0,20.0
2026-06-03 04:25:00,51382.0,51382.0,51377.0,51379.0,18.0
2026-06-03 04:30:00,51378.0,51378.0,51377.0,51378.0,19.0
2026-06-03 04:35:00,51377.0,51377.0,51373.0,51376.0,42.0
2026-06-03 04:40:00,51377.0,51377.0,51375.0,51376.0,21.0
2026-06-03 04:45:00,51375.0,51376.0,51368.0,51371.0,29.0
2026-06-03 04:50:00,51370.0,51372.0,51368.0,51369.0,19.0
2026-06-03 04:55:00,51365.0,51367.0,51362.0,51367.0,36.0
2026-06-03 05:00:00,51367.0,51368.0,51361.0,51367.0,60.0
2026-06-03 05:05:00,51364.0,51369.0,51363.0,51367.0,24.0
2026-06-03 05:10:00,51368.0,51379.0,51368.0,51374.0,49.0
2026-06-03 05:15:00,51375.0,51377.0,51373.0,51373.0,29.0
2026-06-03 05:20:00,51372.0,51372.0,51369.0,51370.0,26.0
2026-06-03 05:25:00,51371.0,51371.0,51358.0,51358.0,26.0
2026-06-03 05:30:00,51358.0,51359.0,51343.0,51348.0,64.0
2026-06-03 05:35:00,51347.0,51356.0,51347.0,51354.0,41.0
2026-06-03 05:40:00,51357.0,51358.0,51347.0,51347.0,35.0
2026-06-03 05:45:00,51348.0,51351.0,51345.0,51347.0,44.0
2026-06-03 05:50:00,51347.0,51349.0,51338.0,51344.0,49.0
2026-06-03 05:55:00,51342.0,51346.0,51338.0,51338.0,22.0
2026-06-03 06:00:00,51339.0,51348.0,51333.0,51341.0,131.0
2026-06-03 06:05:00,51343.0,51343.0,51316.0,51329.0,94.0
2026-06-03 06:10:00,51329.0,51333.0,51317.0,51330.0,116.0
2026-06-03 06:15:00,51332.0,51335.0,51323.0,51324.0,53.0
2026-06-03 06:20:00,51325.0,51331.0,51320.0,51326.0,70.0
2026-06-03 06:25:00,51326.0,51326.0,51315.0,51318.0,42.0
2026-06-03 06:30:00,51316.0,51318.0,51305.0,51312.0,73.0
2026-06-03 06:35:00,51311.0,51333.0,51311.0,51328.0,113.0
2026-06-03 06:40:00,51328.0,51329.0,51303.0,51321.0,239.0
2026-06-03 06:45:00,51319.0,51319.0,51303.0,51311.0,94.0
2026-06-03 06:50:00,51310.0,51328.0,51310.0,51314.0,62.0
2026-06-03 06:55:00,51313.0,51321.0,51312.0,51321.0,40.0
2026-06-03 07:00:00,51322.0,51324.0,51310.0,51312.0,125.0
2026-06-03 07:05:00,51312.0,51314.0,51302.0,51313.0,115.0
2026-06-03 07:10:00,51307.0,51320.0,51299.0,51314.0,168.0
2026-06-03 07:15:00,51316.0,51319.0,51310.0,51312.0,79.0
2026-06-03 07:20:00,51314.0,51318.0,51298.0,51298.0,72.0
2026-06-03 07:25:00,51298.0,51304.0,51289.0,51297.0,149.0
2026-06-03 07:30:00,51294.0,51304.0,51286.0,51304.0,106.0
2026-06-03 07:35:00,51301.0,51308.0,51288.0,51294.0,100.0
2026-06-03 07:40:00,51293.0,51294.0,51275.0,51278.0,105.0
2026-06-03 07:45:00,51280.0,51284.0,51268.0,51272.0,222.0
2026-06-03 07:50:00,51271.0,51291.0,51267.0,51274.0,440.0
2026-06-03 07:55:00,51274.0,51284.0,51274.0,51284.0,137.0
2026-06-03 08:00:00,51280.0,51283.0,51261.0,51262.0,187.0
2026-06-03 08:05:00,51262.0,51279.0,51250.0,51274.0,205.0
2026-06-03 08:10:00,51277.0,51280.0,51265.0,51265.0,128.0
2026-06-03 08:15:00,51265.0,51273.0,51247.0,51251.0,192.0
2026-06-03 08:20:00,51253.0,51265.0,51249.0,51255.0,202.0
2026-06-03 08:25:00,51254.0,51276.0,51254.0,51275.0,122.0
2026-06-03 08:30:00,51273.0,51283.0,51270.0,51279.0,67.0
2026-06-03 08:35:00,51276.0,51276.0,51263.0,51265.0,100.0
2026-06-03 08:40:00,51265.0,51266.0,51255.0,51260.0,56.0
2026-06-03 08:45:00,51259.0,51264.0,51251.0,51263.0,101.0
2026-06-03 08:50:00,51264.0,51269.0,51256.0,51256.0,90.0
2026-06-03 08:55:00,51255.0,51271.0,51253.0,51261.0,108.0
2026-06-03 09:00:00,51258.0,51263.0,51251.0,51256.0,59.0
2026-06-03 09:05:00,51255.0,51263.0,51253.0,51261.0,85.0
2026-06-03 09:10:00,51261.0,51263.0,51241.0,51242.0,138.0
2026-06-03 09:15:00,51243.0,51243.0,51227.0,51233.0,112.0
2026-06-03 09:20:00,51232.0,51238.0,51218.0,51232.0,140.0
2026-06-03 09:25:00,51231.0,51232.0,51208.0,51208.0,161.0
2026-06-03 09:30:00,51208.0,51216.0,51196.0,51211.0,164.0
2026-06-03 09:35:00,51210.0,51217.0,51201.0,51201.0,96.0
2026-06-03 09:40:00,51202.0,51211.0,51199.0,51199.0,77.0
2026-06-03 09:45:00,51196.0,51203.0,51192.0,51194.0,112.0
2026-06-03 09:50:00,51192.0,51219.0,51192.0,51211.0,134.0
2026-06-03 09:55:00,51208.0,51212.0,51190.0,51192.0,137.0
2026-06-03 10:00:00,51195.0,51206.0,51192.0,51203.0,138.0
2026-06-03 10:05:00,51208.0,51277.0,51208.0,51242.0,929.0
2026-06-03 10:10:00,51241.0,51259.0,51228.0,51234.0,143.0
2026-06-03 10:15:00,51234.0,51236.0,51223.0,51223.0,117.0
2026-06-03 10:20:00,51224.0,51224.0,51209.0,51221.0,76.0
2026-06-03 10:25:00,51222.0,51226.0,51210.0,51226.0,102.0
2026-06-03 10:30:00,51224.0,51233.0,51213.0,51214.0,218.0
2026-06-03 10:35:00,51214.0,51216.0,51207.0,51211.0,78.0
2026-06-03 10:40:00,51209.0,51209.0,51185.0,51187.0,172.0
2026-06-03 10:45:00,51187.0,51193.0,51174.0,51178.0,160.0
2026-06-03 10:50:00,51182.0,51216.0,51182.0,51216.0,94.0
2026-06-03 10:55:00,51216.0,51231.0,51216.0,51230.0,129.0
2026-06-03 11:00:00,51229.0,51247.0,51228.0,51240.0,153.0
2026-06-03 11:05:00,51239.0,51242.0,51225.0,51234.0,113.0
2026-06-03 11:10:00,51235.0,51240.0,51231.0,51240.0,107.0
2026-06-03 11:15:00,51240.0,51248.0,51237.0,51247.0,96.0
2026-06-03 11:20:00,51250.0,51255.0,51247.0,51252.0,117.0
2026-06-03 11:25:00,51252.0,51265.0,51251.0,51261.0,144.0
2026-06-03 11:30:00,51260.0,51282.0,51259.0,51281.0,287.0
2026-06-03 11:35:00,51279.0,51284.0,51266.0,51278.0,145.0
2026-06-03 11:40:00,51279.0,51287.0,51277.0,51278.0,94.0
2026-06-03 11:45:00,51277.0,51285.0,51269.0,51277.0,144.0
2026-06-03 11:50:00,51277.0,51285.0,51267.0,51267.0,78.0
2026-06-03 11:55:00,51262.0,51264.0,51250.0,51252.0,81.0
2026-06-03 12:00:00,51253.0,51261.0,51239.0,51239.0,206.0
2026-06-03 12:05:00,51237.0,51252.0,51234.0,51247.0,175.0
2026-06-03 12:10:00,51244.0,51247.0,51239.0,51243.0,93.0
2026-06-03 12:15:00,51240.0,51240.0,51223.0,51233.0,188.0
2026-06-03 12:20:00,51232.0,51239.0,51201.0,51205.0,275.0
2026-06-03 12:25:00,51205.0,51211.0,51194.0,51195.0,222.0
2026-06-03 12:30:00,51196.0,51197.0,51169.0,51176.0,404.0
2026-06-03 12:35:00,51173.0,51173.0,51145.0,51148.0,348.0
2026-06-03 12:40:00,51150.0,51171.0,51139.0,51170.0,237.0
2026-06-03 12:45:00,51171.0,51191.0,51159.0,51190.0,251.0
2026-06-03 12:50:00,51189.0,51201.0,51188.0,51191.0,132.0
2026-06-03 12:55:00,51185.0,51186.0,51163.0,51180.0,183.0
2026-06-03 13:00:00,51180.0,51198.0,51172.0,51196.0,173.0
2026-06-03 13:05:00,51196.0,51229.0,51190.0,51205.0,265.0
2026-06-03 13:10:00,51205.0,51206.0,51181.0,51182.0,177.0
2026-06-03 13:15:00,51182.0,51183.0,51151.0,51152.0,242.0
2026-06-03 13:20:00,51151.0,51156.0,51140.0,51150.0,323.0
2026-06-03 13:25:00,51149.0,51153.0,51073.0,51101.0,1388.0
2026-06-03 13:30:00,51102.0,51242.0,51042.0,51219.0,6926.0
2026-06-03 13:35:00,51219.0,51264.0,51161.0,51167.0,3221.0
2026-06-03 13:40:00,51167.0,51211.0,51134.0,51157.0,2198.0
2026-06-03 13:45:00,51158.0,51172.0,51058.0,51064.0,2499.0
2026-06-03 13:50:00,51069.0,51105.0,51028.0,51082.0,2153.0
2026-06-03 13:55:00,51082.0,51122.0,51072.0,51081.0,1410.0
2026-06-03 14:00:00,51081.0,51126.0,51053.0,51064.0,1593.0
2026-06-03 14:05:00,51064.0,51096.0,51047.0,51074.0,1387.0
2026-06-03 14:10:00,51077.0,51091.0,51033.0,51033.0,1340.0
2026-06-03 14:15:00,51034.0,51055.0,50958.0,50963.0,2351.0
2026-06-03 14:20:00,50965.0,50981.0,50925.0,50981.0,1516.0
2026-06-03 14:25:00,50982.0,51030.0,50972.0,51016.0,1162.0
2026-06-03 14:30:00,51014.0,51049.0,50999.0,51011.0,1230.0
2026-06-03 14:35:00,51011.0,51064.0,51010.0,51041.0,693.0
2026-06-03 14:40:00,51036.0,51036.0,50959.0,50989.0,694.0
2026-06-03 14:45:00,50989.0,50992.0,50959.0,50964.0,823.0
2026-06-03 14:50:00,50967.0,50993.0,50955.0,50978.0,685.0
2026-06-03 14:55:00,50978.0,51007.0,50976.0,51000.0,755.0
2026-06-03 15:00:00,50999.0,51007.0,50967.0,50975.0,779.0
2026-06-03 15:05:00,50973.0,50979.0,50933.0,50965.0,789.0
2026-06-03 15:10:00,50965.0,50976.0,50931.0,50939.0,784.0
2026-06-03 15:15:00,50939.0,50992.0,50935.0,50972.0,868.0
2026-06-03 15:20:00,50972.0,50983.0,50946.0,50975.0,797.0
2026-06-03 15:25:00,50975.0,51011.0,50966.0,50992.0,932.0
2026-06-03 15:30:00,50994.0,51004.0,50951.0,50967.0,926.0
2026-06-03 15:35:00,50969.0,50969.0,50893.0,50930.0,1143.0
2026-06-03 15:40:00,50930.0,50940.0,50909.0,50911.0,922.0
2026-06-03 15:45:00,50909.0,50924.0,50880.0,50907.0,950.0
2026-06-03 15:50:00,50907.0,50926.0,50896.0,50926.0,716.0
2026-06-03 15:55:00,50927.0,50944.0,50918.0,50941.0,453.0
2026-06-03 16:00:00,50943.0,50964.0,50925.0,50962.0,558.0
2026-06-03 16:05:00,50961.0,50970.0,50934.0,50954.0,470.0
2026-06-03 16:10:00,50954.0,50964.0,50944.0,50959.0,346.0
2026-06-03 16:15:00,50960.0,50967.0,50932.0,50948.0,522.0
2026-06-03 16:20:00,50947.0,50951.0,50905.0,50913.0,517.0
2026-06-03 16:25:00,50913.0,50951.0,50901.0,50941.0,724.0
2026-06-03 16:30:00,50941.0,50956.0,50928.0,50933.0,589.0
2026-06-03 16:35:00,50930.0,50932.0,50911.0,50924.0,447.0
2026-06-03 16:40:00,50922.0,50941.0,50915.0,50941.0,501.0
2026-06-03 16:45:00,50940.0,50952.0,50928.0,50937.0,518.0
2026-06-03 16:50:00,50939.0,50945.0,50908.0,50931.0,582.0
2026-06-03 16:55:00,50934.0,50947.0,50921.0,50936.0,662.0
2026-06-03 17:00:00,50937.0,50952.0,50926.0,50944.0,442.0
2026-06-03 17:05:00,50944.0,50975.0,50944.0,50959.0,661.0
2026-06-03 17:10:00,50960.0,50967.0,50896.0,50917.0,811.0
2026-06-03 17:15:00,50917.0,50930.0,50911.0,50928.0,420.0
2026-06-03 17:20:00,50925.0,50942.0,50916.0,50925.0,398.0
2026-06-03 17:25:00,50926.0,50929.0,50909.0,50923.0,373.0
2026-06-03 17:30:00,50922.0,50939.0,50891.0,50937.0,616.0
2026-06-03 17:35:00,50939.0,50947.0,50928.0,50940.0,417.0
2026-06-03 17:40:00,50942.0,50958.0,50924.0,50924.0,368.0
2026-06-03 17:45:00,50924.0,50938.0,50917.0,50932.0,319.0
2026-06-03 17:50:00,50931.0,50962.0,50928.0,50959.0,365.0
2026-06-03 17:55:00,50961.0,50971.0,50944.0,50951.0,323.0
2026-06-03 18:00:00,50949.0,50956.0,50934.0,50949.0,358.0
2026-06-03 18:05:00,50952.0,50955.0,50943.0,50948.0,194.0
2026-06-03 18:10:00,50948.0,50971.0,50948.0,50963.0,331.0
2026-06-03 18:15:00,50963.0,50965.0,50935.0,50950.0,347.0
2026-06-03 18:20:00,50949.0,50952.0,50928.0,50945.0,502.0
2026-06-03 18:25:00,50946.0,50970.0,50946.0,50969.0,357.0
2026-06-03 18:30:00,50968.0,50975.0,50924.0,50934.0,540.0
2026-06-03 18:35:00,50933.0,50953.0,50926.0,50947.0,322.0
2026-06-03 18:40:00,50946.0,50951.0,50939.0,50944.0,291.0
2026-06-03 18:45:00,50942.0,50949.0,50929.0,50931.0,237.0
2026-06-03 18:50:00,50929.0,50933.0,50910.0,50914.0,295.0
2026-06-03 18:55:00,50913.0,50937.0,50910.0,50918.0,344.0
2026-06-03 19:00:00,50919.0,50923.0,50885.0,50900.0,641.0
2026-06-03 19:05:00,50900.0,50912.0,50895.0,50901.0,276.0
2026-06-03 19:10:00,50895.0,50895.0,50872.0,50874.0,439.0
2026-06-03 19:15:00,50873.0,50903.0,50872.0,50891.0,865.0
2026-06-03 19:20:00,50892.0,50903.0,50861.0,50861.0,580.0
2026-06-03 19:25:00,50864.0,50882.0,50849.0,50861.0,585.0
2026-06-03 19:30:00,50861.0,50866.0,50839.0,50849.0,616.0
2026-06-03 19:35:00,50850.0,50892.0,50848.0,50891.0,698.0
2026-06-03 19:40:00,50890.0,50900.0,50871.0,50874.0,717.0
2026-06-03 19:45:00,50873.0,50883.0,50850.0,50876.0,1055.0
2026-06-03 19:50:00,50874.0,50877.0,50829.0,50856.0,1850.0
2026-06-03 19:55:00,50855.0,50862.0,50787.0,50808.0,3878.0
2026-06-03 20:00:00,50809.0,50818.0,50792.0,50797.0,1099.0
2026-06-03 20:05:00,50798.0,50810.0,50784.0,50800.0,451.0
2026-06-03 20:10:00,50800.0,50807.0,50771.0,50785.0,364.0
2026-06-03 20:15:00,50786.0,50816.0,50763.0,50810.0,1159.0
2026-06-03 20:20:00,50809.0,50811.0,50775.0,50810.0,495.0
2026-06-03 20:25:00,50810.0,50821.0,50791.0,50804.0,423.0
2026-06-03 20:30:00,50802.0,50814.0,50795.0,50796.0,253.0
2026-06-03 20:35:00,50793.0,50793.0,50771.0,50781.0,297.0
2026-06-03 20:40:00,50780.0,50786.0,50742.0,50747.0,394.0
2026-06-03 20:45:00,50747.0,50764.0,50745.0,50754.0,244.0
2026-06-03 20:50:00,50754.0,50755.0,50743.0,50744.0,244.0
2026-06-03 20:55:00,50743.0,50760.0,50738.0,50760.0,189.0
2026-06-03 22:00:00,50774.0,50840.0,50772.0,50820.0,0.0
2026-06-03 22:05:00,50819.0,50834.0,50808.0,50828.0,107.0
2026-06-03 22:10:00,50833.0,50833.0,50802.0,50818.0,104.0
2026-06-03 22:15:00,50814.0,50814.0,50806.0,50808.0,68.0
2026-06-03 22:20:00,50810.0,50823.0,50808.0,50820.0,77.0
2026-06-03 22:25:00,50818.0,50830.0,50817.0,50821.0,60.0
2026-06-03 22:30:00,50820.0,50825.0,50809.0,50816.0,57.0
2026-06-03 22:35:00,50814.0,50814.0,50802.0,50806.0,77.0
2026-06-03 22:40:00,50804.0,50806.0,50791.0,50797.0,65.0
2026-06-03 22:45:00,50793.0,50794.0,50784.0,50790.0,37.0
2026-06-03 22:50:00,50792.0,50801.0,50787.0,50795.0,128.0
2026-06-03 22:55:00,50797.0,50850.0,50792.0,50841.0,177.0
2026-06-03 23:00:00,50844.0,50849.0,50814.0,50816.0,144.0
2026-06-03 23:05:00,50815.0,50815.0,50803.0,50808.0,187.0
2026-06-03 23:10:00,50807.0,50807.0,50801.0,50803.0,86.0
2026-06-03 23:15:00,50800.0,50802.0,50787.0,50796.0,84.0
2026-06-03 23:20:00,50795.0,50797.0,50790.0,50791.0,36.0
2026-06-03 23:25:00,50790.0,50810.0,50790.0,50804.0,45.0
2026-06-03 23:30:00,50806.0,50818.0,50786.0,50789.0,85.0
2026-06-03 23:35:00,50788.0,50797.0,50780.0,50795.0,51.0
2026-06-03 23:40:00,50796.0,50801.0,50790.0,50792.0,48.0
2026-06-03 23:45:00,50794.0,50799.0,50789.0,50794.0,71.0
2026-06-03 23:50:00,50796.0,50814.0,50795.0,50814.0,45.0
2026-06-03 23:55:00,50813.0,50821.0,50801.0,50815.0,94.0
2026-06-04 00:00:00,50813.0,50836.0,50790.0,50819.0,357.0
2026-06-04 00:05:00,50814.0,50824.0,50803.0,50814.0,74.0
2026-06-04 00:10:00,50813.0,50828.0,50808.0,50818.0,122.0
2026-06-04 00:15:00,50817.0,50844.0,50797.0,50830.0,143.0
2026-06-04 00:20:00,50830.0,50834.0,50806.0,50806.0,60.0
2026-06-04 00:25:00,50808.0,50810.0,50799.0,50804.0,65.0
2026-06-04 00:30:00,50803.0,50844.0,50803.0,50839.0,98.0
2026-06-04 00:35:00,50843.0,50847.0,50813.0,50815.0,112.0
2026-06-04 00:40:00,50816.0,50830.0,50813.0,50830.0,68.0
2026-06-04 00:45:00,50832.0,50834.0,50815.0,50819.0,75.0
2026-06-04 00:50:00,50817.0,50818.0,50798.0,50816.0,57.0
2026-06-04 00:55:00,50814.0,50820.0,50801.0,50820.0,40.0
2026-06-04 01:00:00,50818.0,50830.0,50814.0,50825.0,70.0
2026-06-04 01:05:00,50824.0,50834.0,50817.0,50834.0,63.0
2026-06-04 01:10:00,50834.0,50845.0,50829.0,50838.0,46.0
2026-06-04 01:15:00,50838.0,50838.0,50806.0,50812.0,37.0
2026-06-04 01:20:00,50811.0,50825.0,50811.0,50816.0,38.0
2026-06-04 01:25:00,50813.0,50819.0,50809.0,50814.0,33.0
2026-06-04 01:30:00,50819.0,50838.0,50819.0,50833.0,47.0
2026-06-04 01:35:00,50836.0,50839.0,50823.0,50823.0,94.0
2026-06-04 01:40:00,50827.0,50827.0,50809.0,50818.0,110.0
2026-06-04 01:45:00,50818.0,50823.0,50810.0,50821.0,47.0
2026-06-04 01:50:00,50821.0,50821.0,50780.0,50787.0,100.0
2026-06-04 01:55:00,50786.0,50802.0,50786.0,50797.0,71.0
2026-06-04 02:00:00,50803.0,50808.0,50793.0,50793.0,78.0
2026-06-04 02:05:00,50792.0,50804.0,50788.0,50791.0,67.0
2026-06-04 02:10:00,50792.0,50794.0,50783.0,50785.0,111.0
2026-06-04 02:15:00,50787.0,50788.0,50756.0,50769.0,148.0
2026-06-04 02:20:00,50770.0,50792.0,50769.0,50790.0,64.0
2026-06-04 02:25:00,50789.0,50802.0,50788.0,50788.0,49.0
2026-06-04 02:30:00,50791.0,50792.0,50760.0,50764.0,76.0
2026-06-04 02:35:00,50764.0,50771.0,50761.0,50767.0,42.0
2026-06-04 02:40:00,50770.0,50780.0,50770.0,50774.0,43.0
2026-06-04 02:45:00,50779.0,50801.0,50779.0,50798.0,34.0
2026-06-04 02:50:00,50797.0,50800.0,50788.0,50792.0,36.0
2026-06-04 02:55:00,50791.0,50792.0,50782.0,50787.0,19.0
2026-06-04 03:00:00,50791.0,50797.0,50781.0,50795.0,43.0
2026-06-04 03:05:00,50798.0,50805.0,50794.0,50797.0,30.0
2026-06-04 03:10:00,50800.0,50804.0,50791.0,50792.0,22.0
2026-06-04 03:15:00,50793.0,50801.0,50793.0,50801.0,32.0
2026-06-04 03:20:00,50799.0,50799.0,50792.0,50796.0,25.0
2026-06-04 03:25:00,50795.0,50801.0,50795.0,50798.0,31.0
2026-06-04 03:30:00,50801.0,50805.0,50796.0,50799.0,49.0
2026-06-04 03:35:00,50795.0,50795.0,50783.0,50785.0,38.0
2026-06-04 03:40:00,50785.0,50785.0,50768.0,50773.0,41.0
2026-06-04 03:45:00,50770.0,50771.0,50765.0,50767.0,27.0
2026-06-04 03:50:00,50770.0,50780.0,50770.0,50780.0,14.0
2026-06-04 03:55:00,50780.0,50793.0,50780.0,50793.0,16.0
2026-06-04 04:00:00,50799.0,50800.0,50788.0,50797.0,0.0
2026-06-04 04:05:00,50796.0,50803.0,50796.0,50799.0,40.0
2026-06-04 04:10:00,50800.0,50807.0,50800.0,50806.0,28.0
2026-06-04 04:15:00,50809.0,50813.0,50800.0,50809.0,49.0
2026-06-04 04:20:00,50808.0,50812.0,50804.0,50810.0,53.0
2026-06-04 04:25:00,50810.0,50814.0,50804.0,50804.0,37.0
2026-06-04 04:30:00,50803.0,50815.0,50792.0,50807.0,66.0
2026-06-04 04:35:00,50806.0,50808.0,50799.0,50803.0,51.0
2026-06-04 04:40:00,50807.0,50817.0,50806.0,50816.0,34.0
2026-06-04 04:45:00,50817.0,50821.0,50803.0,50806.0,62.0
2026-06-04 04:50:00,50806.0,50811.0,50806.0,50811.0,22.0
2026-06-04 04:55:00,50812.0,50816.0,50810.0,50812.0,37.0
2026-06-04 05:00:00,50813.0,50815.0,50802.0,50807.0,32.0
2026-06-04 05:05:00,50806.0,50809.0,50782.0,50782.0,42.0
2026-06-04 05:10:00,50782.0,50789.0,50776.0,50786.0,35.0
2026-06-04 05:15:00,50790.0,50796.0,50783.0,50793.0,21.0
2026-06-04 05:20:00,50789.0,50791.0,50779.0,50780.0,29.0
2026-06-04 05:25:00,50781.0,50786.0,50775.0,50779.0,25.0
2026-06-04 05:30:00,50778.0,50793.0,50775.0,50791.0,42.0
2026-06-04 05:35:00,50790.0,50805.0,50786.0,50797.0,51.0
2026-06-04 05:40:00,50796.0,50810.0,50796.0,50808.0,33.0
2026-06-04 05:45:00,50805.0,50805.0,50793.0,50796.0,46.0
2026-06-04 05:50:00,50800.0,50804.0,50796.0,50796.0,26.0
2026-06-04 05:55:00,50794.0,50804.0,50787.0,50804.0,16.0
2026-06-04 06:00:00,50802.0,50837.0,50801.0,50833.0,127.0
2026-06-04 06:05:00,50829.0,50840.0,50829.0,50837.0,83.0
2026-06-04 06:10:00,50833.0,50837.0,50819.0,50823.0,46.0
2026-06-04 06:15:00,50824.0,50827.0,50815.0,50817.0,29.0
2026-06-04 06:20:00,50817.0,50817.0,50797.0,50797.0,34.0
2026-06-04 06:25:00,50800.0,50830.0,50800.0,50830.0,47.0
2026-06-04 06:30:00,50831.0,50859.0,50825.0,50843.0,150.0
2026-06-04 06:35:00,50845.0,50865.0,50845.0,50854.0,101.0
2026-06-04 06:40:00,50854.0,50861.0,50844.0,50854.0,74.0
2026-06-04 06:45:00,50850.0,50852.0,50839.0,50842.0,54.0
2026-06-04 06:50:00,50846.0,50863.0,50842.0,50850.0,141.0
2026-06-04 06:55:00,50845.0,50859.0,50843.0,50858.0,74.0
2026-06-04 07:00:00,50858.0,50890.0,50849.0,50890.0,171.0
2026-06-04 07:05:00,50892.0,50898.0,50876.0,50897.0,134.0
2026-06-04 07:10:00,50895.0,50909.0,50890.0,50903.0,117.0
2026-06-04 07:15:00,50902.0,50920.0,50902.0,50918.0,176.0
2026-06-04 07:20:00,50915.0,50918.0,50891.0,50908.0,284.0
2026-06-04 07:25:00,50907.0,50925.0,50896.0,50924.0,87.0
2026-06-04 07:30:00,50921.0,50935.0,50914.0,50923.0,195.0
2026-06-04 07:35:00,50924.0,50933.0,50919.0,50919.0,93.0
2026-06-04 07:40:00,50920.0,50922.0,50900.0,50908.0,74.0
2026-06-04 07:45:00,50908.0,50911.0,50900.0,50900.0,38.0
2026-06-04 07:50:00,50901.0,50901.0,50889.0,50896.0,119.0
2026-06-04 07:55:00,50896.0,50917.0,50892.0,50912.0,336.0
2026-06-04 08:00:00,50910.0,50922.0,50891.0,50920.0,142.0
2026-06-04 08:05:00,50920.0,50930.0,50908.0,50930.0,161.0
2026-06-04 08:10:00,50929.0,50939.0,50916.0,50920.0,231.0
2026-06-04 08:15:00,50920.0,50933.0,50915.0,50932.0,184.0
2026-06-04 08:20:00,50933.0,50935.0,50900.0,50931.0,224.0
2026-06-04 08:25:00,50935.0,50960.0,50909.0,50957.0,337.0
2026-06-04 08:30:00,50962.0,51008.0,50944.0,50975.0,513.0
2026-06-04 08:35:00,50979.0,50985.0,50958.0,50962.0,134.0
2026-06-04 08:40:00,50962.0,50964.0,50945.0,50952.0,156.0
2026-06-04 08:45:00,50950.0,50962.0,50922.0,50923.0,161.0
2026-06-04 08:50:00,50923.0,50934.0,50912.0,50919.0,238.0
2026-06-04 08:55:00,50914.0,50918.0,50905.0,50906.0,168.0
2026-06-04 09:00:00,50905.0,50944.0,50895.0,50944.0,180.0
2026-06-04 09:05:00,50941.0,50941.0,50921.0,50922.0,160.0
2026-06-04 09:10:00,50924.0,50925.0,50898.0,50913.0,250.0
2026-06-04 09:15:00,50911.0,50932.0,50905.0,50922.0,293.0
2026-06-04 09:20:00,50925.0,50947.0,50919.0,50930.0,183.0
2026-06-04 09:25:00,50931.0,50955.0,50929.0,50946.0,116.0
2026-06-04 09:30:00,50945.0,50967.0,50943.0,50962.0,135.0
2026-06-04 09:35:00,50963.0,51013.0,50963.0,51002.0,194.0
2026-06-04 09:40:00,51000.0,51016.0,50995.0,51015.0,159.0
2026-06-04 09:45:00,51015.0,51048.0,51012.0,51040.0,297.0
2026-06-04 09:50:00,51037.0,51046.0,51032.0,51038.0,182.0
2026-06-04 09:55:00,51037.0,51046.0,51025.0,51028.0,112.0
2026-06-04 10:00:00,51029.0,51068.0,51027.0,51044.0,587.0
2026-06-04 10:05:00,51044.0,51051.0,51032.0,51037.0,163.0
2026-06-04 10:10:00,51035.0,51050.0,51024.0,51037.0,181.0
2026-06-04 10:15:00,51037.0,51039.0,51016.0,51036.0,128.0
2026-06-04 10:20:00,51035.0,51046.0,51028.0,51036.0,195.0
2026-06-04 10:25:00,51035.0,51038.0,51015.0,51015.0,110.0
2026-06-04 10:30:00,51020.0,51035.0,51019.0,51035.0,191.0
2026-06-04 10:35:00,51034.0,51041.0,51008.0,51009.0,134.0
2026-06-04 10:40:00,51008.0,51011.0,50997.0,51005.0,101.0
2026-06-04 10:45:00,51004.0,51007.0,50998.0,51001.0,67.0
2026-06-04 10:50:00,50998.0,50998.0,50974.0,50998.0,166.0
2026-06-04 10:55:00,51000.0,51002.0,50988.0,50999.0,132.0
2026-06-04 11:00:00,50998.0,51060.0,50994.0,51054.0,426.0
2026-06-04 11:05:00,51053.0,51069.0,51053.0,51059.0,238.0
2026-06-04 11:10:00,51058.0,51085.0,51048.0,51084.0,216.0
2026-06-04 11:15:00,51086.0,51143.0,51085.0,51140.0,495.0
2026-06-04 11:20:00,51143.0,51144.0,51108.0,51134.0,265.0
2026-06-04 11:25:00,51136.0,51152.0,51130.0,51130.0,287.0
2026-06-04 11:30:00,51132.0,51143.0,51107.0,51135.0,340.0
2026-06-04 11:35:00,51134.0,51134.0,51084.0,51130.0,420.0
2026-06-04 11:40:00,51127.0,51138.0,51109.0,51135.0,248.0
2026-06-04 11:45:00,51134.0,51177.0,51129.0,51169.0,408.0
2026-06-04 11:50:00,51169.0,51216.0,51165.0,51214.0,687.0
2026-06-04 11:55:00,51217.0,51219.0,51190.0,51209.0,472.0
2026-06-04 12:00:00,51209.0,51229.0,51197.0,51212.0,469.0
2026-06-04 12:05:00,51212.0,51271.0,51208.0,51221.0,673.0
2026-06-04 12:10:00,51223.0,51233.0,51186.0,51191.0,528.0
2026-06-04 12:15:00,51192.0,51218.0,51182.0,51212.0,262.0
2026-06-04 12:20:00,51214.0,51254.0,51211.0,51252.0,356.0
2026-06-04 12:25:00,51252.0,51264.0,51239.0,51248.0,339.0
2026-06-04 12:30:00,51251.0,51333.0,51248.0,51259.0,568.0
2026-06-04 12:35:00,51256.0,51274.0,51247.0,51272.0,423.0
2026-06-04 12:40:00,51271.0,51289.0,51271.0,51282.0,405.0
2026-06-04 12:45:00,51286.0,51286.0,51257.0,51279.0,318.0
2026-06-04 12:50:00,51277.0,51322.0,51271.0,51302.0,367.0
2026-06-04 12:55:00,51301.0,51301.0,51272.0,51280.0,303.0
2026-06-04 13:00:00,51283.0,51306.0,51275.0,51298.0,285.0
2026-06-04 13:05:00,51298.0,51315.0,51291.0,51299.0,234.0
2026-06-04 13:10:00,51300.0,51304.0,51282.0,51287.0,260.0
2026-06-04 13:15:00,51288.0,51312.0,51285.0,51295.0,552.0
2026-06-04 13:20:00,51292.0,51292.0,51255.0,51259.0,494.0
2026-06-04 13:25:00,51259.0,51358.0,51228.0,51354.0,1977.0
2026-06-04 13:30:00,51352.0,51380.0,51257.0,51303.0,7171.0
2026-06-04 13:35:00,51303.0,51346.0,51256.0,51320.0,3635.0
2026-06-04 13:40:00,51320.0,51404.0,51310.0,51394.0,3614.0
2026-06-04 13:45:00,51393.0,51473.0,51351.0,51461.0,3421.0
2026-06-04 13:50:00,51459.0,51511.0,51437.0,51489.0,3281.0
2026-06-04 13:55:00,51489.0,51545.0,51470.0,51532.0,2934.0
2026-06-04 14:00:00,51535.0,51556.0,51511.0,51521.0,2514.0
2026-06-04 14:05:00,51523.0,51576.0,51510.0,51546.0,2315.0
2026-06-04 14:10:00,51545.0,51556.0,51476.0,51500.0,2202.0
2026-06-04 14:15:00,51501.0,51512.0,51468.0,51493.0,1606.0
2026-06-04 14:20:00,51494.0,51550.0,51488.0,51528.0,1524.0
2026-06-04 14:25:00,51528.0,51540.0,51481.0,51484.0,1192.0
2026-06-04 14:30:00,51486.0,51486.0,51446.0,51465.0,1384.0
2026-06-04 14:35:00,51465.0,51466.0,51430.0,51455.0,1224.0
2026-06-04 14:40:00,51455.0,51482.0,51447.0,51464.0,749.0
2026-06-04 14:45:00,51461.0,51480.0,51437.0,51456.0,860.0
2026-06-04 14:50:00,51455.0,51511.0,51454.0,51510.0,801.0
2026-06-04 14:55:00,51510.0,51537.0,51504.0,51522.0,835.0
2026-06-04 15:00:00,51524.0,51577.0,51524.0,51562.0,1250.0
2026-06-04 15:05:00,51561.0,51628.0,51560.0,51613.0,1591.0
2026-06-04 15:10:00,51611.0,51628.0,51596.0,51615.0,1189.0
2026-06-04 15:15:00,51616.0,51651.0,51611.0,51617.0,1115.0
2026-06-04 15:20:00,51617.0,51641.0,51607.0,51640.0,779.0
2026-06-04 15:25:00,51640.0,51660.0,51625.0,51658.0,925.0
2026-06-04 15:30:00,51658.0,51676.0,51632.0,51646.0,1273.0
2026-06-04 15:35:00,51645.0,51656.0,51638.0,51653.0,769.0
2026-06-04 15:40:00,51651.0,51657.0,51605.0,51617.0,1054.0
2026-06-04 15:45:00,51618.0,51638.0,51609.0,51614.0,776.0
2026-06-04 15:50:00,51615.0,51647.0,51607.0,51622.0,719.0
2026-06-04 15:55:00,51623.0,51640.0,51615.0,51625.0,470.0
2026-06-04 16:00:00,51624.0,51643.0,51618.0,51622.0,657.0
2026-06-04 16:05:00,51622.0,51682.0,51619.0,51675.0,802.0
2026-06-04 16:10:00,51675.0,51692.0,51672.0,51686.0,602.0
2026-06-04 16:15:00,51687.0,51714.0,51687.0,51707.0,702.0
2026-06-04 16:20:00,51706.0,51727.0,51700.0,51714.0,720.0
2026-06-04 16:25:00,51715.0,51723.0,51704.0,51722.0,526.0
2026-06-04 16:30:00,51722.0,51722.0,51688.0,51698.0,869.0
2026-06-04 16:35:00,51698.0,51721.0,51696.0,51711.0,419.0
2026-06-04 16:40:00,51712.0,51714.0,51695.0,51702.0,451.0
2026-06-04 16:45:00,51702.0,51714.0,51697.0,51712.0,421.0
2026-06-04 16:50:00,51710.0,51715.0,51684.0,51689.0,592.0
2026-06-04 16:55:00,51691.0,51695.0,51677.0,51679.0,411.0
2026-06-04 17:00:00,51680.0,51685.0,51664.0,51668.0,650.0
2026-06-04 17:05:00,51670.0,51673.0,51619.0,51623.0,1077.0
2026-06-04 17:10:00,51623.0,51626.0,51589.0,51590.0,750.0
2026-06-04 17:15:00,51591.0,51620.0,51584.0,51612.0,576.0
2026-06-04 17:20:00,51613.0,51614.0,51575.0,51589.0,508.0
2026-06-04 17:25:00,51590.0,51604.0,51583.0,51593.0,544.0
2026-06-04 17:30:00,51590.0,51601.0,51584.0,51587.0,675.0
2026-06-04 17:35:00,51585.0,51612.0,51578.0,51610.0,799.0
2026-06-04 17:40:00,51607.0,51630.0,51601.0,51608.0,684.0
2026-06-04 17:45:00,51603.0,51609.0,51587.0,51609.0,423.0
2026-06-04 17:50:00,51608.0,51611.0,51578.0,51578.0,413.0
2026-06-04 17:55:00,51579.0,51615.0,51579.0,51605.0,456.0
2026-06-04 18:00:00,51604.0,51611.0,51573.0,51589.0,727.0
2026-06-04 18:05:00,51589.0,51595.0,51560.0,51561.0,413.0
2026-06-04 18:10:00,51563.0,51576.0,51561.0,51570.0,390.0
2026-06-04 18:15:00,51572.0,51598.0,51562.0,51598.0,524.0
2026-06-04 18:20:00,51598.0,51655.0,51597.0,51643.0,1242.0
2026-06-04 18:25:00,51642.0,51643.0,51610.0,51631.0,895.0
2026-06-04 18:30:00,51631.0,51667.0,51626.0,51662.0,1390.0
2026-06-04 18:35:00,51662.0,51685.0,51657.0,51658.0,773.0
2026-06-04 18:40:00,51660.0,51675.0,51645.0,51645.0,513.0
2026-06-04 18:45:00,51644.0,51669.0,51640.0,51653.0,553.0
2026-06-04 18:50:00,51653.0,51668.0,51648.0,51660.0,339.0
2026-06-04 18:55:00,51662.0,51681.0,51659.0,51678.0,641.0
2026-06-04 19:00:00,51677.0,51696.0,51677.0,51684.0,673.0
2026-06-04 19:05:00,51684.0,51705.0,51674.0,51697.0,691.0
2026-06-04 19:10:00,51695.0,51714.0,51690.0,51700.0,567.0
2026-06-04 19:15:00,51701.0,51722.0,51701.0,51721.0,679.0
2026-06-04 19:20:00,51722.0,51745.0,51716.0,51738.0,933.0
2026-06-04 19:25:00,51738.0,51752.0,51724.0,51739.0,770.0
2026-06-04 19:30:00,51738.0,51741.0,51720.0,51727.0,968.0
2026-06-04 19:35:00,51727.0,51733.0,51718.0,51719.0,810.0
2026-06-04 19:40:00,51718.0,51718.0,51693.0,51699.0,968.0
2026-06-04 19:45:00,51700.0,51718.0,51689.0,51712.0,757.0
2026-06-04 19:50:00,51713.0,51723.0,51690.0,51696.0,1425.0
2026-06-04 19:55:00,51695.0,51700.0,51655.0,51661.0,4176.0
2026-06-04 20:00:00,51663.0,51688.0,51655.0,51667.0,1165.0
2026-06-04 20:05:00,51666.0,51680.0,51658.0,51677.0,400.0
2026-06-04 20:10:00,51680.0,51687.0,51668.0,51670.0,343.0
2026-06-04 20:15:00,51669.0,51677.0,51667.0,51670.0,215.0
2026-06-04 20:20:00,51669.0,51671.0,51653.0,51660.0,164.0
2026-06-04 20:25:00,51661.0,51665.0,51653.0,51659.0,164.0
2026-06-04 20:30:00,51656.0,51664.0,51655.0,51662.0,71.0
2026-06-04 20:35:00,51662.0,51668.0,51658.0,51658.0,68.0
2026-06-04 20:40:00,51659.0,51667.0,51652.0,51652.0,87.0
2026-06-04 20:45:00,51653.0,51658.0,51648.0,51655.0,143.0
2026-06-04 20:50:00,51655.0,51665.0,51653.0,51665.0,88.0
2026-06-04 20:55:00,51664.0,51672.0,51662.0,51664.0,129.0
2026-06-04 22:00:00,51665.0,51669.0,51637.0,51639.0,0.0
2026-06-04 22:05:00,51642.0,51656.0,51635.0,51648.0,83.0
2026-06-04 22:10:00,51656.0,51656.0,51639.0,51654.0,117.0
2026-06-04 22:15:00,51653.0,51654.0,51641.0,51651.0,76.0
2026-06-04 22:20:00,51654.0,51656.0,51647.0,51647.0,76.0
2026-06-04 22:25:00,51650.0,51655.0,51641.0,51653.0,106.0
2026-06-04 22:30:00,51654.0,51662.0,51654.0,51659.0,54.0
2026-06-04 22:35:00,51659.0,51663.0,51658.0,51663.0,40.0
2026-06-04 22:40:00,51658.0,51664.0,51658.0,51663.0,54.0
2026-06-04 22:45:00,51661.0,51676.0,51660.0,51673.0,47.0
2026-06-04 22:50:00,51676.0,51680.0,51676.0,51678.0,12.0
2026-06-04 22:55:00,51674.0,51682.0,51674.0,51679.0,24.0
2026-06-04 23:00:00,51680.0,51680.0,51667.0,51670.0,44.0
2026-06-04 23:05:00,51671.0,51672.0,51659.0,51662.0,39.0
2026-06-04 23:10:00,51664.0,51668.0,51661.0,51662.0,86.0
2026-06-04 23:15:00,51664.0,51665.0,51656.0,51657.0,62.0
2026-06-04 23:20:00,51656.0,51667.0,51655.0,51665.0,108.0
2026-06-04 23:25:00,51665.0,51668.0,51663.0,51666.0,32.0
2026-06-04 23:30:00,51667.0,51667.0,51651.0,51655.0,40.0
2026-06-04 23:35:00,51655.0,51662.0,51651.0,51660.0,70.0
2026-06-04 23:40:00,51660.0,51663.0,51655.0,51663.0,57.0
2026-06-04 23:45:00,51662.0,51662.0,51651.0,51655.0,141.0
2026-06-04 23:50:00,51656.0,51661.0,51646.0,51646.0,62.0
2026-06-04 23:55:00,51643.0,51646.0,51633.0,51636.0,62.0
2026-06-05 00:00:00,51635.0,51636.0,51601.0,51612.0,232.0
2026-06-05 00:05:00,51614.0,51626.0,51611.0,51619.0,133.0
2026-06-05 00:10:00,51619.0,51625.0,51593.0,51600.0,219.0
2026-06-05 00:15:00,51601.0,51617.0,51600.0,51605.0,157.0
2026-06-05 00:20:00,51605.0,51624.0,51604.0,51622.0,198.0
2026-06-05 00:25:00,51624.0,51632.0,51615.0,51623.0,130.0
2026-06-05 00:30:00,51620.0,51623.0,51613.0,51618.0,83.0
2026-06-05 00:35:00,51616.0,51623.0,51608.0,51622.0,100.0
2026-06-05 00:40:00,51622.0,51632.0,51621.0,51624.0,83.0
2026-06-05 00:45:00,51622.0,51635.0,51620.0,51624.0,159.0
2026-06-05 00:50:00,51622.0,51624.0,51609.0,51622.0,84.0
2026-06-05 00:55:00,51614.0,51623.0,51606.0,51623.0,154.0
2026-06-05 01:00:00,51624.0,51629.0,51614.0,51624.0,105.0
2026-06-05 01:05:00,51626.0,51642.0,51624.0,51642.0,107.0
2026-06-05 01:10:00,51639.0,51641.0,51629.0,51636.0,98.0
2026-06-05 01:15:00,51639.0,51646.0,51630.0,51637.0,94.0
2026-06-05 01:20:00,51636.0,51637.0,51614.0,51615.0,108.0
2026-06-05 01:25:00,51615.0,51615.0,51588.0,51597.0,189.0
2026-06-05 01:30:00,51596.0,51616.0,51592.0,51613.0,128.0
2026-06-05 01:35:00,51613.0,51617.0,51594.0,51598.0,139.0
2026-06-05 01:40:00,51596.0,51601.0,51586.0,51596.0,140.0
2026-06-05 01:45:00,51595.0,51595.0,51585.0,51592.0,82.0
2026-06-05 01:50:00,51591.0,51609.0,51590.0,51604.0,100.0
2026-06-05 01:55:00,51605.0,51622.0,51604.0,51618.0,120.0
2026-06-05 02:00:00,51617.0,51633.0,51615.0,51626.0,134.0
2026-06-05 02:05:00,51628.0,51636.0,51627.0,51633.0,56.0
2026-06-05 02:10:00,51634.0,51650.0,51632.0,51634.0,130.0
2026-06-05 02:15:00,51634.0,51639.0,51612.0,51626.0,176.0
2026-06-05 02:20:00,51627.0,51627.0,51611.0,51617.0,78.0
2026-06-05 02:25:00,51619.0,51623.0,51611.0,51612.0,50.0
2026-06-05 02:30:00,51612.0,51612.0,51600.0,51601.0,62.0
2026-06-05 02:35:00,51599.0,51604.0,51595.0,51597.0,76.0
2026-06-05 02:40:00,51596.0,51602.0,51594.0,51596.0,79.0
2026-06-05 02:45:00,51597.0,51597.0,51585.0,51590.0,71.0
2026-06-05 02:50:00,51591.0,51606.0,51591.0,51598.0,60.0
2026-06-05 02:55:00,51594.0,51601.0,51590.0,51597.0,37.0
2026-06-05 03:00:00,51598.0,51602.0,51597.0,51601.0,51.0
2026-06-05 03:05:00,51600.0,51601.0,51585.0,51599.0,67.0
2026-06-05 03:10:00,51600.0,51605.0,51597.0,51604.0,37.0
2026-06-05 03:15:00,51602.0,51612.0,51599.0,51605.0,26.0
2026-06-05 03:20:00,51601.0,51610.0,51598.0,51610.0,42.0
2026-06-05 03:25:00,51612.0,51617.0,51597.0,51597.0,58.0
2026-06-05 03:30:00,51599.0,51612.0,51598.0,51610.0,60.0
2026-06-05 03:35:00,51610.0,51613.0,51607.0,51609.0,36.0
2026-06-05 03:40:00,51612.0,51620.0,51612.0,51615.0,22.0
2026-06-05 03:45:00,51618.0,51618.0,51610.0,51611.0,35.0
2026-06-05 03:50:00,51609.0,51610.0,51597.0,51602.0,80.0
2026-06-05 03:55:00,51603.0,51605.0,51601.0,51605.0,29.0
2026-06-05 04:00:00,51607.0,51610.0,51600.0,51605.0,66.0
2026-06-05 04:05:00,51605.0,51614.0,51605.0,51610.0,11.0
2026-06-05 04:10:00,51611.0,51611.0,51604.0,51607.0,13.0
2026-06-05 04:15:00,51607.0,51618.0,51606.0,51618.0,40.0
2026-06-05 04:20:00,51617.0,51617.0,51612.0,51612.0,24.0
2026-06-05 04:25:00,51616.0,51623.0,51608.0,51608.0,25.0
2026-06-05 04:30:00,51605.0,51605.0,51596.0,51603.0,39.0
2026-06-05 04:35:00,51605.0,51616.0,51605.0,51615.0,39.0
2026-06-05 04:40:00,51616.0,51623.0,51609.0,51615.0,50.0
2026-06-05 04:45:00,51618.0,51626.0,51617.0,51625.0,69.0
2026-06-05 04:50:00,51628.0,51636.0,51625.0,51634.0,78.0
2026-06-05 04:55:00,51634.0,51634.0,51629.0,51631.0,47.0
2026-06-05 05:00:00,51632.0,51637.0,51622.0,51624.0,103.0
2026-06-05 05:05:00,51623.0,51626.0,51616.0,51616.0,46.0
2026-06-05 05:10:00,51617.0,51622.0,51613.0,51620.0,48.0
2026-06-05 05:15:00,51620.0,51626.0,51614.0,51622.0,56.0
2026-06-05 05:20:00,51626.0,51635.0,51623.0,51635.0,42.0
2026-06-05 05:25:00,51632.0,51636.0,51624.0,51627.0,54.0
2026-06-05 05:30:00,51628.0,51647.0,51628.0,51637.0,106.0
2026-06-05 05:35:00,51638.0,51652.0,51637.0,51645.0,52.0
2026-06-05 05:40:00,51648.0,51655.0,51641.0,51644.0,94.0
2026-06-05 05:45:00,51642.0,51642.0,51633.0,51637.0,64.0
2026-06-05 05:50:00,51639.0,51643.0,51627.0,51631.0,101.0
2026-06-05 05:55:00,51630.0,51636.0,51624.0,51636.0,103.0
2026-06-05 06:00:00,51635.0,51661.0,51634.0,51661.0,202.0
2026-06-05 06:05:00,51660.0,51685.0,51660.0,51680.0,162.0
2026-06-05 06:10:00,51677.0,51681.0,51655.0,51663.0,153.0
2026-06-05 06:15:00,51662.0,51663.0,51646.0,51655.0,113.0
2026-06-05 06:20:00,51650.0,51652.0,51641.0,51650.0,62.0
2026-06-05 06:25:00,51648.0,51653.0,51644.0,51652.0,68.0
2026-06-05 06:30:00,51650.0,51661.0,51644.0,51645.0,72.0
2026-06-05 06:35:00,51643.0,51657.0,51639.0,51654.0,95.0
2026-06-05 06:40:00,51656.0,51661.0,51652.0,51652.0,100.0
2026-06-05 06:45:00,51651.0,51657.0,51633.0,51649.0,126.0
2026-06-05 06:50:00,51648.0,51655.0,51643.0,51655.0,83.0
2026-06-05 06:55:00,51657.0,51677.0,51655.0,51663.0,164.0
2026-06-05 07:00:00,51663.0,51674.0,51638.0,51649.0,383.0
2026-06-05 07:05:00,51650.0,51653.0,51632.0,51646.0,265.0
2026-06-05 07:10:00,51647.0,51663.0,51640.0,51653.0,241.0
2026-06-05 07:15:00,51654.0,51670.0,51649.0,51652.0,193.0
2026-06-05 07:20:00,51649.0,51679.0,51641.0,51668.0,179.0
2026-06-05 07:25:00,51669.0,51703.0,51664.0,51700.0,339.0
2026-06-05 07:30:00,51701.0,51705.0,51685.0,51694.0,233.0
2026-06-05 07:35:00,51694.0,51699.0,51681.0,51696.0,137.0
2026-06-05 07:40:00,51697.0,51701.0,51679.0,51701.0,134.0
2026-06-05 07:45:00,51701.0,51703.0,51684.0,51694.0,155.0
2026-06-05 07:50:00,51693.0,51696.0,51687.0,51688.0,84.0
2026-06-05 07:55:00,51688.0,51692.0,51659.0,51662.0,136.0
2026-06-05 08:00:00,51659.0,51659.0,51641.0,51646.0,224.0
2026-06-05 08:05:00,51647.0,51664.0,51639.0,51664.0,200.0
2026-06-05 08:10:00,51664.0,51682.0,51663.0,51681.0,150.0
2026-06-05 08:15:00,51683.0,51687.0,51668.0,51672.0,93.0
2026-06-05 08:20:00,51672.0,51672.0,51651.0,51666.0,211.0
2026-06-05 08:25:00,51669.0,51691.0,51660.0,51689.0,207.0
2026-06-05 08:30:00,51691.0,51698.0,51668.0,51684.0,257.0
2026-06-05 08:35:00,51685.0,51703.0,51685.0,51702.0,153.0
2026-06-05 08:40:00,51702.0,51712.0,51696.0,51697.0,157.0
2026-06-05 08:45:00,51697.0,51705.0,51691.0,51702.0,213.0
2026-06-05 08:50:00,51699.0,51704.0,51693.0,51704.0,156.0
2026-06-05 08:55:00,51702.0,51702.0,51695.0,51698.0,122.0
2026-06-05 09:00:00,51699.0,51705.0,51691.0,51697.0,179.0
2026-06-05 09:05:00,51699.0,51704.0,51692.0,51697.0,109.0
2026-06-05 09:10:00,51695.0,51813.0,51688.0,51777.0,1218.0
2026-06-05 09:15:00,51777.0,51788.0,51729.0,51732.0,315.0
2026-06-05 09:20:00,51731.0,51753.0,51724.0,51750.0,209.0
2026-06-05 09:25:00,51748.0,51752.0,51729.0,51736.0,113.0
2026-06-05 09:30:00,51737.0,51749.0,51726.0,51732.0,275.0
2026-06-05 09:35:00,51729.0,51732.0,51711.0,51711.0,96.0
2026-06-05 09:40:00,51715.0,51718.0,51705.0,51709.0,58.0
2026-06-05 09:45:00,51709.0,51725.0,51708.0,51722.0,90.0
2026-06-05 09:50:00,51720.0,51735.0,51715.0,51734.0,78.0
2026-06-05 09:55:00,51736.0,51743.0,51726.0,51728.0,146.0
2026-06-05 10:00:00,51726.0,51730.0,51720.0,51724.0,88.0
2026-06-05 10:05:00,51726.0,51729.0,51716.0,51727.0,49.0
2026-06-05 10:10:00,51730.0,51741.0,51728.0,51741.0,74.0
2026-06-05 10:15:00,51745.0,51752.0,51741.0,51752.0,55.0
2026-06-05 10:20:00,51753.0,51761.0,51748.0,51755.0,110.0
2026-06-05 10:25:00,51755.0,51755.0,51748.0,51751.0,67.0
2026-06-05 10:30:00,51751.0,51753.0,51741.0,51744.0,87.0
2026-06-05 10:35:00,51744.0,51749.0,51737.0,51742.0,46.0
2026-06-05 10:40:00,51742.0,51746.0,51731.0,51743.0,67.0
2026-06-05 10:45:00,51747.0,51751.0,51738.0,51739.0,64.0
2026-06-05 10:50:00,51740.0,51746.0,51731.0,51731.0,51.0
2026-06-05 10:55:00,51732.0,51743.0,51729.0,51734.0,112.0
2026-06-05 11:00:00,51731.0,51751.0,51724.0,51744.0,167.0
2026-06-05 11:05:00,51746.0,51758.0,51744.0,51748.0,75.0
2026-06-05 11:10:00,51746.0,51747.0,51737.0,51742.0,95.0
2026-06-05 11:15:00,51742.0,51748.0,51727.0,51737.0,162.0
2026-06-05 11:20:00,51736.0,51737.0,51690.0,51702.0,498.0
2026-06-05 11:25:00,51699.0,51746.0,51699.0,51741.0,384.0
2026-06-05 11:30:00,51740.0,51758.0,51736.0,51749.0,188.0
2026-06-05 11:35:00,51753.0,51770.0,51740.0,51740.0,227.0
2026-06-05 11:40:00,51740.0,51756.0,51740.0,51750.0,143.0
2026-06-05 11:45:00,51750.0,51750.0,51724.0,51728.0,110.0
2026-06-05 11:50:00,51730.0,51738.0,51728.0,51734.0,98.0
2026-06-05 11:55:00,51733.0,51735.0,51713.0,51713.0,91.0
2026-06-05 12:00:00,51712.0,51718.0,51702.0,51717.0,226.0
2026-06-05 12:05:00,51717.0,51729.0,51717.0,51721.0,73.0
2026-06-05 12:10:00,51720.0,51734.0,51709.0,51711.0,147.0
2026-06-05 12:15:00,51712.0,51713.0,51692.0,51700.0,322.0
2026-06-05 12:20:00,51700.0,51709.0,51689.0,51696.0,320.0
2026-06-05 12:25:00,51697.0,51703.0,51678.0,51700.0,341.0
2026-06-05 12:30:00,51690.0,51849.0,51641.0,51645.0,1055.0
2026-06-05 12:35:00,51646.0,51696.0,51632.0,51686.0,593.0
2026-06-05 12:40:00,51688.0,51746.0,51688.0,51738.0,513.0
2026-06-05 12:45:00,51737.0,51767.0,51732.0,51767.0,381.0
2026-06-05 12:50:00,51766.0,51767.0,51684.0,51691.0,516.0
2026-06-05 12:55:00,51688.0,51711.0,51668.0,51698.0,398.0
2026-06-05 13:00:00,51698.0,51710.0,51669.0,51676.0,410.0
2026-06-05 13:05:00,51675.0,51715.0,51665.0,51708.0,424.0
2026-06-05 13:10:00,51706.0,51730.0,51675.0,51687.0,391.0
2026-06-05 13:15:00,51686.0,51705.0,51680.0,51694.0,326.0
2026-06-05 13:20:00,51695.0,51711.0,51667.0,51669.0,350.0
2026-06-05 13:25:00,51668.0,51760.0,51659.0,51744.0,1291.0
2026-06-05 13:30:00,51744.0,51749.0,51608.0,51647.0,6150.0
2026-06-05 13:35:00,51648.0,51651.0,51538.0,51539.0,3807.0
2026-06-05 13:40:00,51537.0,51570.0,51450.0,51463.0,3191.0
2026-06-05 13:45:00,51461.0,51513.0,51449.0,51458.0,3022.0
2026-06-05 13:50:00,51458.0,51526.0,51445.0,51481.0,2803.0
2026-06-05 13:55:00,51485.0,51503.0,51457.0,51471.0,1755.0
2026-06-05 14:00:00,51472.0,51565.0,51424.0,51552.0,4291.0
2026-06-05 14:05:00,51552.0,51584.0,51492.0,51543.0,2609.0
2026-06-05 14:10:00,51546.0,51581.0,51522.0,51537.0,1941.0
2026-06-05 14:15:00,51537.0,51576.0,51529.0,51541.0,1228.0
2026-06-05 14:20:00,51541.0,51548.0,51470.0,51481.0,1533.0
2026-06-05 14:25:00,51480.0,51487.0,51456.0,51463.0,986.0
2026-06-05 14:30:00,51462.0,51530.0,51458.0,51522.0,1374.0
2026-06-05 14:35:00,51523.0,51548.0,51508.0,51540.0,1113.0
2026-06-05 14:40:00,51540.0,51561.0,51493.0,51515.0,1334.0
2026-06-05 14:45:00,51512.0,51518.0,51466.0,51502.0,860.0
2026-06-05 14:50:00,51495.0,51518.0,51488.0,51505.0,667.0
2026-06-05 14:55:00,51504.0,51514.0,51481.0,51504.0,663.0
2026-06-05 15:00:00,51504.0,51530.0,51494.0,51496.0,838.0
2026-06-05 15:05:00,51496.0,51506.0,51451.0,51463.0,935.0
2026-06-05 15:10:00,51462.0,51495.0,51445.0,51469.0,952.0
2026-06-05 15:15:00,51468.0,51479.0,51437.0,51463.0,995.0
2026-06-05 15:20:00,51463.0,51472.0,51421.0,51439.0,1659.0
2026-06-05 15:25:00,51438.0,51468.0,51432.0,51434.0,864.0
2026-06-05 15:30:00,51434.0,51463.0,51425.0,51426.0,954.0
2026-06-05 15:35:00,51426.0,51435.0,51375.0,51379.0,1254.0
2026-06-05 15:40:00,51378.0,51393.0,51350.0,51354.0,1266.0
2026-06-05 15:45:00,51352.0,51359.0,51330.0,51335.0,1040.0
2026-06-05 15:50:00,51335.0,51348.0,51326.0,51334.0,795.0
2026-06-05 15:55:00,51333.0,51344.0,51305.0,51305.0,613.0
2026-06-05 16:00:00,51304.0,51338.0,51297.0,51322.0,1477.0
2026-06-05 16:05:00,51322.0,51322.0,51245.0,51254.0,1598.0
2026-06-05 16:10:00,51253.0,51283.0,51241.0,51255.0,968.0
2026-06-05 16:15:00,51253.0,51262.0,51217.0,51239.0,1193.0
2026-06-05 16:20:00,51241.0,51252.0,51224.0,51227.0,1050.0
2026-06-05 16:25:00,51228.0,51261.0,51218.0,51220.0,955.0
2026-06-05 16:30:00,51220.0,51226.0,51182.0,51214.0,1165.0
2026-06-05 16:35:00,51213.0,51241.0,51192.0,51237.0,1058.0
2026-06-05 16:40:00,51234.0,51239.0,51170.0,51187.0,1034.0
2026-06-05 16:45:00,51183.0,51201.0,51143.0,51200.0,1523.0
2026-06-05 16:50:00,51200.0,51244.0,51194.0,51239.0,1125.0
2026-06-05 16:55:00,51236.0,51262.0,51222.0,51256.0,832.0
2026-06-05 17:00:00,51257.0,51261.0,51188.0,51229.0,821.0
2026-06-05 17:05:00,51228.0,51230.0,51207.0,51222.0,483.0
2026-06-05 17:10:00,51220.0,51229.0,51188.0,51197.0,633.0
2026-06-05 17:15:00,51197.0,51205.0,51168.0,51185.0,602.0
2026-06-05 17:20:00,51185.0,51227.0,51171.0,51219.0,771.0
2026-06-05 17:25:00,51220.0,51231.0,51195.0,51220.0,642.0
2026-06-05 17:30:00,51221.0,51235.0,51186.0,51222.0,849.0
2026-06-05 17:35:00,51222.0,51266.0,51219.0,51259.0,800.0
2026-06-05 17:40:00,51259.0,51271.0,51191.0,51198.0,1052.0
2026-06-05 17:45:00,51200.0,51219.0,51184.0,51195.0,975.0
2026-06-05 17:50:00,51193.0,51211.0,51181.0,51208.0,548.0
2026-06-05 17:55:00,51206.0,51244.0,51206.0,51240.0,479.0
2026-06-05 18:00:00,51241.0,51250.0,51179.0,51179.0,675.0
2026-06-05 18:05:00,51181.0,51191.0,51152.0,51179.0,803.0
2026-06-05 18:10:00,51170.0,51205.0,51152.0,51158.0,966.0
2026-06-05 18:15:00,51157.0,51169.0,51117.0,51139.0,1556.0
2026-06-05 18:20:00,51137.0,51178.0,51136.0,51149.0,1252.0
2026-06-05 18:25:00,51149.0,51154.0,51104.0,51118.0,1091.0
2026-06-05 18:30:00,51117.0,51144.0,51103.0,51126.0,1105.0
2026-06-05 18:35:00,51128.0,51139.0,51105.0,51127.0,740.0
2026-06-05 18:40:00,51126.0,51138.0,51105.0,51108.0,729.0
2026-06-05 18:45:00,51104.0,51106.0,51027.0,51075.0,1556.0
2026-06-05 18:50:00,51076.0,51086.0,51000.0,51009.0,1207.0
2026-06-05 18:55:00,51010.0,51070.0,50984.0,50993.0,2071.0
2026-06-05 19:00:00,50995.0,51003.0,50945.0,50961.0,1348.0
2026-06-05 19:05:00,50962.0,50979.0,50929.0,50953.0,1213.0
2026-06-05 19:10:00,50953.0,50955.0,50914.0,50924.0,1229.0
2026-06-05 19:15:00,50923.0,50923.0,50837.0,50878.0,1843.0
2026-06-05 19:20:00,50877.0,50904.0,50855.0,50888.0,1491.0
2026-06-05 19:25:00,50889.0,50950.0,50887.0,50948.0,1316.0
2026-06-05 19:30:00,50946.0,50953.0,50897.0,50934.0,1790.0
2026-06-05 19:35:00,50933.0,50981.0,50927.0,50973.0,1477.0
2026-06-05 19:40:00,50970.0,50978.0,50904.0,50941.0,1738.0
2026-06-05 19:45:00,50939.0,50990.0,50932.0,50984.0,1275.0
2026-06-05 19:50:00,50985.0,51042.0,50967.0,51018.0,2089.0
2026-06-05 19:55:00,51017.0,51023.0,50923.0,50932.0,4426.0
2026-06-05 20:00:00,50933.0,50936.0,50805.0,50826.0,1983.0
2026-06-05 20:05:00,50825.0,50832.0,50791.0,50802.0,987.0
2026-06-05 20:10:00,50798.0,50799.0,50771.0,50788.0,871.0
2026-06-05 20:15:00,50789.0,50792.0,50750.0,50762.0,471.0
2026-06-05 20:20:00,50763.0,50779.0,50761.0,50766.0,275.0
2026-06-05 20:25:00,50765.0,50793.0,50760.0,50776.0,311.0
2026-06-05 20:30:00,50776.0,50777.0,50747.0,50758.0,298.0
2026-06-05 20:35:00,50756.0,50758.0,50739.0,50755.0,182.0
2026-06-05 20:40:00,50752.0,50762.0,50736.0,50762.0,249.0
2026-06-05 20:45:00,50760.0,50796.0,50753.0,50795.0,248.0
2026-06-05 20:50:00,50793.0,50815.0,50779.0,50792.0,348.0
2026-06-05 20:55:00,50789.0,50936.0,50769.0,50936.0,187.0
2026-06-07 22:10:00,50733.0,50844.0,50733.0,50844.0,146.0
2026-06-07 22:15:00,50830.0,50901.0,50822.0,50855.0,307.0
2026-06-07 22:20:00,50859.0,50907.0,50854.0,50860.0,169.0
2026-06-07 22:25:00,50856.0,50873.0,50829.0,50834.0,89.0
2026-06-07 22:30:00,50839.0,50868.0,50833.0,50859.0,110.0
2026-06-07 22:35:00,50857.0,50878.0,50854.0,50869.0,46.0
2026-06-07 22:40:00,50869.0,50886.0,50847.0,50847.0,83.0
2026-06-07 22:45:00,50848.0,50858.0,50829.0,50834.0,161.0
2026-06-07 22:50:00,50838.0,50846.0,50796.0,50802.0,415.0
2026-06-07 22:55:00,50803.0,50803.0,50624.0,50714.0,785.0
2026-06-07 23:00:00,50713.0,50765.0,50713.0,50762.0,453.0
2026-06-07 23:05:00,50765.0,50794.0,50751.0,50790.0,127.0
2026-06-07 23:10:00,50792.0,50801.0,50773.0,50782.0,165.0
2026-06-07 23:15:00,50783.0,50785.0,50741.0,50751.0,176.0
2026-06-07 23:20:00,50751.0,50765.0,50726.0,50760.0,176.0
2026-06-07 23:25:00,50762.0,50787.0,50759.0,50776.0,72.0
2026-06-07 23:30:00,50775.0,50815.0,50772.0,50799.0,146.0
2026-06-07 23:35:00,50805.0,50807.0,50785.0,50795.0,67.0
2026-06-07 23:40:00,50802.0,50834.0,50802.0,50833.0,55.0
2026-06-07 23:45:00,50828.0,50879.0,50821.0,50870.0,266.0
2026-06-07 23:50:00,50876.0,50882.0,50852.0,50869.0,130.0
2026-06-07 23:55:00,50871.0,50883.0,50856.0,50859.0,115.0
2026-06-08 00:00:00,50857.0,50884.0,50832.0,50878.0,251.0
2026-06-08 00:05:00,50877.0,50890.0,50862.0,50864.0,174.0
2026-06-08 00:10:00,50860.0,50864.0,50822.0,50857.0,321.0
2026-06-08 00:15:00,50855.0,50875.0,50845.0,50858.0,206.0
2026-06-08 00:20:00,50860.0,50879.0,50858.0,50870.0,128.0
2026-06-08 00:25:00,50867.0,50896.0,50865.0,50886.0,203.0
2026-06-08 00:30:00,50887.0,50903.0,50882.0,50892.0,186.0
2026-06-08 00:35:00,50889.0,50913.0,50889.0,50902.0,236.0
2026-06-08 00:40:00,50902.0,50903.0,50811.0,50852.0,580.0
2026-06-08 00:45:00,50847.0,50876.0,50837.0,50872.0,122.0
2026-06-08 00:50:00,50871.0,50878.0,50863.0,50866.0,84.0
2026-06-08 00:55:00,50864.0,50881.0,50840.0,50874.0,110.0
2026-06-08 01:00:00,50880.0,50889.0,50862.0,50876.0,97.0
2026-06-08 01:05:00,50873.0,50891.0,50862.0,50865.0,149.0
2026-06-08 01:10:00,50869.0,50870.0,50816.0,50818.0,263.0
2026-06-08 01:15:00,50818.0,50822.0,50774.0,50785.0,482.0
2026-06-08 01:20:00,50784.0,50805.0,50762.0,50767.0,263.0
2026-06-08 01:25:00,50767.0,50775.0,50729.0,50738.0,300.0
2026-06-08 01:30:00,50741.0,50784.0,50674.0,50765.0,715.0
2026-06-08 01:35:00,50762.0,50779.0,50742.0,50761.0,228.0
2026-06-08 01:40:00,50760.0,50812.0,50748.0,50801.0,298.0
2026-06-08 01:45:00,50800.0,50827.0,50795.0,50799.0,136.0
2026-06-08 01:50:00,50798.0,50812.0,50776.0,50786.0,181.0
2026-06-08 01:55:00,50783.0,50809.0,50783.0,50798.0,127.0
2026-06-08 02:00:00,50800.0,50821.0,50788.0,50795.0,121.0
2026-06-08 02:05:00,50795.0,50801.0,50784.0,50800.0,81.0
2026-06-08 02:10:00,50797.0,50813.0,50788.0,50809.0,63.0
2026-06-08 02:15:00,50806.0,50808.0,50772.0,50778.0,137.0
2026-06-08 02:20:00,50780.0,50797.0,50778.0,50796.0,79.0
2026-06-08 02:25:00,50798.0,50818.0,50780.0,50801.0,170.0
2026-06-08 02:30:00,50804.0,50804.0,50750.0,50787.0,369.0
2026-06-08 02:35:00,50788.0,50808.0,50762.0,50805.0,202.0
2026-06-08 02:40:00,50804.0,50849.0,50804.0,50847.0,112.0
2026-06-08 02:45:00,50849.0,50854.0,50831.0,50831.0,72.0
2026-06-08 02:50:00,50827.0,50827.0,50804.0,50824.0,89.0
2026-06-08 02:55:00,50823.0,50839.0,50823.0,50831.0,56.0
2026-06-08 03:00:00,50833.0,50836.0,50822.0,50824.0,52.0
2026-06-08 03:05:00,50827.0,50844.0,50824.0,50843.0,52.0
2026-06-08 03:10:00,50841.0,50845.0,50835.0,50838.0,38.0
2026-06-08 03:15:00,50838.0,50838.0,50813.0,50815.0,69.0
2026-06-08 03:20:00,50812.0,50843.0,50809.0,50843.0,111.0
2026-06-08 03:25:00,50849.0,50850.0,50835.0,50840.0,58.0
2026-06-08 03:30:00,50839.0,50858.0,50839.0,50847.0,42.0
2026-06-08 03:35:00,50845.0,50856.0,50844.0,50848.0,65.0
2026-06-08 03:40:00,50847.0,50858.0,50844.0,50847.0,40.0
2026-06-08 03:45:00,50853.0,50859.0,50853.0,50855.0,18.0
2026-06-08 03:50:00,50856.0,50867.0,50851.0,50858.0,36.0
2026-06-08 03:55:00,50859.0,50860.0,50850.0,50853.0,18.0
2026-06-08 04:00:00,50859.0,50871.0,50842.0,50847.0,74.0
2026-06-08 04:05:00,50846.0,50848.0,50831.0,50841.0,106.0
2026-06-08 04:10:00,50844.0,50846.0,50828.0,50836.0,85.0
2026-06-08 04:15:00,50838.0,50857.0,50833.0,50835.0,79.0
2026-06-08 04:20:00,50834.0,50835.0,50815.0,50819.0,67.0
2026-06-08 04:25:00,50819.0,50826.0,50816.0,50822.0,51.0
2026-06-08 04:30:00,50831.0,50834.0,50787.0,50797.0,116.0
2026-06-08 04:35:00,50795.0,50801.0,50789.0,50793.0,72.0
2026-06-08 04:40:00,50795.0,50800.0,50780.0,50782.0,85.0
2026-06-08 04:45:00,50784.0,50804.0,50782.0,50787.0,79.0
2026-06-08 04:50:00,50787.0,50803.0,50784.0,50784.0,63.0
2026-06-08 04:55:00,50785.0,50785.0,50762.0,50769.0,82.0
2026-06-08 05:00:00,50769.0,50805.0,50769.0,50805.0,56.0
2026-06-08 05:05:00,50803.0,50803.0,50768.0,50774.0,71.0
2026-06-08 05:10:00,50775.0,50777.0,50739.0,50739.0,123.0
2026-06-08 05:15:00,50740.0,50756.0,50717.0,50753.0,142.0
2026-06-08 05:20:00,50757.0,50772.0,50752.0,50753.0,70.0
2026-06-08 05:25:00,50750.0,50765.0,50734.0,50755.0,79.0
2026-06-08 05:30:00,50759.0,50767.0,50709.0,50715.0,168.0
2026-06-08 05:35:00,50713.0,50718.0,50683.0,50706.0,232.0
2026-06-08 05:40:00,50703.0,50708.0,50674.0,50690.0,159.0
2026-06-08 05:45:00,50690.0,50692.0,50675.0,50677.0,204.0
2026-06-08 05:50:00,50681.0,50710.0,50678.0,50690.0,235.0
2026-06-08 05:55:00,50687.0,50705.0,50679.0,50705.0,143.0
2026-06-08 06:00:00,50708.0,50750.0,50704.0,50735.0,350.0
2026-06-08 06:05:00,50733.0,50740.0,50704.0,50729.0,166.0
2026-06-08 06:10:00,50722.0,50733.0,50705.0,50725.0,156.0
2026-06-08 06:15:00,50724.0,50729.0,50707.0,50722.0,177.0
2026-06-08 06:20:00,50725.0,50751.0,50723.0,50744.0,168.0
2026-06-08 06:25:00,50745.0,50796.0,50731.0,50791.0,282.0
2026-06-08 06:30:00,50786.0,50795.0,50757.0,50757.0,166.0
2026-06-08 06:35:00,50752.0,50754.0,50706.0,50723.0,205.0
2026-06-08 06:40:00,50722.0,50736.0,50703.0,50736.0,174.0
2026-06-08 06:45:00,50735.0,50740.0,50713.0,50713.0,103.0
2026-06-08 06:50:00,50716.0,50743.0,50702.0,50736.0,141.0
2026-06-08 06:55:00,50737.0,50748.0,50728.0,50740.0,72.0
2026-06-08 07:00:00,50742.0,50789.0,50736.0,50771.0,290.0
2026-06-08 07:05:00,50766.0,50784.0,50754.0,50775.0,150.0
2026-06-08 07:10:00,50777.0,50798.0,50765.0,50787.0,189.0
2026-06-08 07:15:00,50783.0,50812.0,50738.0,50789.0,213.0
2026-06-08 07:20:00,50792.0,50850.0,50789.0,50847.0,212.0
2026-06-08 07:25:00,50848.0,50870.0,50830.0,50830.0,262.0
2026-06-08 07:30:00,50832.0,50849.0,50827.0,50846.0,230.0
2026-06-08 07:35:00,50846.0,50864.0,50820.0,50864.0,319.0
2026-06-08 07:40:00,50863.0,50863.0,50842.0,50852.0,77.0
2026-06-08 07:45:00,50852.0,50873.0,50843.0,50851.0,89.0
2026-06-08 07:50:00,50853.0,50856.0,50805.0,50812.0,159.0
2026-06-08 07:55:00,50806.0,50837.0,50801.0,50823.0,258.0
2026-06-08 08:00:00,50826.0,50840.0,50808.0,50822.0,371.0
2026-06-08 08:05:00,50828.0,50837.0,50800.0,50807.0,406.0
2026-06-08 08:10:00,50807.0,50807.0,50769.0,50794.0,369.0
2026-06-08 08:15:00,50792.0,50798.0,50764.0,50791.0,285.0
2026-06-08 08:20:00,50790.0,50795.0,50749.0,50768.0,273.0
2026-06-08 08:25:00,50767.0,50783.0,50767.0,50782.0,163.0
2026-06-08 08:30:00,50783.0,50793.0,50772.0,50777.0,196.0
2026-06-08 08:35:00,50774.0,50776.0,50760.0,50771.0,166.0
2026-06-08 08:40:00,50770.0,50775.0,50744.0,50756.0,250.0
2026-06-08 08:45:00,50756.0,50764.0,50734.0,50762.0,322.0
2026-06-08 08:50:00,50764.0,50775.0,50746.0,50770.0,286.0
2026-06-08 08:55:00,50770.0,50785.0,50755.0,50775.0,162.0
2026-06-08 09:00:00,50776.0,50805.0,50775.0,50804.0,109.0
2026-06-08 09:05:00,50802.0,50802.0,50746.0,50748.0,92.0
2026-06-08 09:10:00,50745.0,50794.0,50745.0,50794.0,80.0
2026-06-08 09:15:00,50797.0,50805.0,50787.0,50794.0,115.0
2026-06-08 09:20:00,50800.0,50814.0,50799.0,50805.0,90.0
2026-06-08 09:25:00,50807.0,50811.0,50794.0,50799.0,127.0
2026-06-08 09:30:00,50803.0,50811.0,50795.0,50802.0,133.0
2026-06-08 09:35:00,50800.0,50920.0,50792.0,50829.0,750.0
2026-06-08 09:40:00,50827.0,50858.0,50823.0,50854.0,99.0
2026-06-08 09:45:00,50852.0,50884.0,50846.0,50878.0,179.0
2026-06-08 09:50:00,50873.0,50881.0,50861.0,50871.0,109.0
2026-06-08 09:55:00,50872.0,50888.0,50870.0,50885.0,65.0
2026-06-08 10:00:00,50890.0,50890.0,50794.0,50858.0,471.0
2026-06-08 10:05:00,50860.0,50893.0,50860.0,50881.0,98.0
2026-06-08 10:10:00,50875.0,50895.0,50875.0,50884.0,84.0
2026-06-08 10:15:00,50884.0,50885.0,50839.0,50839.0,72.0
2026-06-08 10:20:00,50841.0,50851.0,50829.0,50831.0,124.0
2026-06-08 10:25:00,50836.0,50862.0,50835.0,50854.0,112.0
2026-06-08 10:30:00,50854.0,50967.0,50854.0,50920.0,548.0
2026-06-08 10:35:00,50923.0,50933.0,50893.0,50909.0,449.0
2026-06-08 10:40:00,50907.0,50920.0,50899.0,50900.0,96.0
2026-06-08 10:45:00,50906.0,50910.0,50884.0,50896.0,86.0
2026-06-08 10:50:00,50889.0,50910.0,50874.0,50897.0,202.0
2026-06-08 10:55:00,50896.0,50907.0,50885.0,50905.0,296.0
2026-06-08 11:00:00,50905.0,50909.0,50879.0,50889.0,295.0
2026-06-08 11:05:00,50891.0,50912.0,50884.0,50912.0,126.0
2026-06-08 11:10:00,50911.0,51067.0,50908.0,51058.0,1296.0
2026-06-08 11:15:00,51059.0,51104.0,51008.0,51040.0,1072.0
2026-06-08 11:20:00,51040.0,51073.0,51018.0,51020.0,802.0
2026-06-08 11:25:00,51022.0,51066.0,51022.0,51066.0,223.0
2026-06-08 11:30:00,51066.0,51107.0,51066.0,51095.0,754.0
2026-06-08 11:35:00,51095.0,51112.0,51089.0,51101.0,184.0
2026-06-08 11:40:00,51103.0,51106.0,51071.0,51081.0,221.0
2026-06-08 11:45:00,51078.0,51079.0,51034.0,51061.0,323.0
2026-06-08 11:50:00,51064.0,51068.0,51039.0,51046.0,193.0
2026-06-08 11:55:00,51046.0,51063.0,51043.0,51051.0,127.0
2026-06-08 12:00:00,51051.0,51083.0,51045.0,51069.0,601.0
2026-06-08 12:05:00,51070.0,51103.0,51055.0,51099.0,482.0
2026-06-08 12:10:00,51100.0,51106.0,51065.0,51068.0,330.0
2026-06-08 12:15:00,51067.0,51077.0,51058.0,51065.0,221.0
2026-06-08 12:20:00,51064.0,51098.0,51061.0,51080.0,269.0
2026-06-08 12:25:00,51082.0,51087.0,51053.0,51086.0,349.0
2026-06-08 12:30:00,51085.0,51108.0,51077.0,51080.0,271.0
2026-06-08 12:35:00,51079.0,51108.0,51078.0,51084.0,363.0
2026-06-08 12:40:00,51085.0,51128.0,51078.0,51088.0,648.0
2026-06-08 12:45:00,51086.0,51091.0,51067.0,51078.0,226.0
2026-06-08 12:50:00,51079.0,51079.0,51041.0,51063.0,365.0
2026-06-08 12:55:00,51064.0,51070.0,51038.0,51041.0,210.0
2026-06-08 13:00:00,51044.0,51063.0,51027.0,51032.0,655.0
2026-06-08 13:05:00,51028.0,51033.0,50998.0,51006.0,386.0
2026-06-08 13:10:00,51004.0,51005.0,50983.0,50986.0,244.0
2026-06-08 13:15:00,50986.0,50997.0,50962.0,50997.0,265.0
2026-06-08 13:20:00,50997.0,51054.0,50995.0,51021.0,624.0
2026-06-08 13:25:00,51020.0,51053.0,50993.0,51035.0,997.0
2026-06-08 13:30:00,51030.0,51331.0,51012.0,51169.0,7164.0
2026-06-08 13:35:00,51168.0,51168.0,51010.0,51015.0,3588.0
2026-06-08 13:40:00,51013.0,51081.0,50984.0,51061.0,3308.0
2026-06-08 13:45:00,51061.0,51135.0,51060.0,51082.0,2700.0
2026-06-08 13:50:00,51081.0,51131.0,51030.0,51120.0,1617.0
2026-06-08 13:55:00,51120.0,51135.0,51027.0,51031.0,1532.0
2026-06-08 14:00:00,51032.0,51144.0,51018.0,51065.0,2140.0
2026-06-08 14:05:00,51063.0,51142.0,51057.0,51100.0,1325.0
2026-06-08 14:10:00,51103.0,51111.0,51038.0,51041.0,1984.0
2026-06-08 14:15:00,51040.0,51088.0,51016.0,51086.0,1038.0
2026-06-08 14:20:00,51083.0,51110.0,51059.0,51084.0,1177.0
2026-06-08 14:25:00,51085.0,51130.0,51055.0,51063.0,1221.0
2026-06-08 14:30:00,51064.0,51099.0,51056.0,51071.0,921.0
2026-06-08 14:35:00,51071.0,51101.0,51048.0,51091.0,1359.0
2026-06-08 14:40:00,51089.0,51110.0,50994.0,51047.0,1491.0
2026-06-08 14:45:00,51046.0,51114.0,51046.0,51056.0,1552.0
2026-06-08 14:50:00,51057.0,51092.0,51035.0,51081.0,653.0
2026-06-08 14:55:00,51080.0,51163.0,51061.0,51161.0,859.0
2026-06-08 15:00:00,51163.0,51187.0,51089.0,51092.0,1218.0
2026-06-08 15:05:00,51089.0,51164.0,51088.0,51131.0,780.0
2026-06-08 15:10:00,51134.0,51144.0,51091.0,51100.0,640.0
2026-06-08 15:15:00,51102.0,51126.0,51077.0,51100.0,1566.0
2026-06-08 15:20:00,51102.0,51122.0,51068.0,51112.0,918.0
2026-06-08 15:25:00,51112.0,51113.0,51025.0,51034.0,762.0
2026-06-08 15:30:00,51035.0,51042.0,50935.0,50956.0,1331.0
2026-06-08 15:35:00,50956.0,51046.0,50940.0,51036.0,1263.0
2026-06-08 15:40:00,51034.0,51060.0,51014.0,51032.0,848.0
2026-06-08 15:45:00,51032.0,51073.0,51022.0,51025.0,712.0
2026-06-08 15:50:00,51025.0,51063.0,51024.0,51035.0,370.0
2026-06-08 15:55:00,51034.0,51034.0,50988.0,51007.0,626.0
2026-06-08 16:00:00,51007.0,51027.0,50967.0,50998.0,500.0
2026-06-08 16:05:00,50999.0,51039.0,50991.0,51006.0,691.0
2026-06-08 16:10:00,51007.0,51039.0,50993.0,51035.0,482.0
2026-06-08 16:15:00,51036.0,51066.0,51029.0,51046.0,479.0
2026-06-08 16:20:00,51047.0,51071.0,51003.0,51017.0,750.0
2026-06-08 16:25:00,51018.0,51052.0,50986.0,50988.0,485.0
2026-06-08 16:30:00,50990.0,51006.0,50961.0,50963.0,467.0
2026-06-08 16:35:00,50968.0,50992.0,50933.0,50951.0,866.0
2026-06-08 16:40:00,50946.0,50986.0,50941.0,50972.0,434.0
2026-06-08 16:45:00,50973.0,51010.0,50963.0,50987.0,381.0
2026-06-08 16:50:00,50988.0,51003.0,50967.0,50983.0,355.0
2026-06-08 16:55:00,50981.0,50981.0,50940.0,50946.0,410.0
2026-06-08 17:00:00,50945.0,50949.0,50852.0,50878.0,804.0
2026-06-08 17:05:00,50878.0,50927.0,50868.0,50876.0,809.0
2026-06-08 17:10:00,50878.0,50887.0,50840.0,50882.0,702.0
2026-06-08 17:15:00,50883.0,50888.0,50823.0,50846.0,640.0
2026-06-08 17:20:00,50846.0,50876.0,50839.0,50855.0,488.0
2026-06-08 17:25:00,50857.0,50933.0,50849.0,50933.0,832.0
2026-06-08 17:30:00,50930.0,50942.0,50851.0,50870.0,842.0
2026-06-08 17:35:00,50868.0,50881.0,50828.0,50867.0,606.0
2026-06-08 17:40:00,50872.0,50878.0,50847.0,50848.0,348.0
2026-06-08 17:45:00,50851.0,50895.0,50848.0,50895.0,566.0
2026-06-08 17:50:00,50896.0,50909.0,50880.0,50894.0,393.0
2026-06-08 17:55:00,50894.0,50898.0,50871.0,50878.0,329.0
2026-06-08 18:00:00,50882.0,50928.0,50880.0,50920.0,647.0
2026-06-08 18:05:00,50922.0,50960.0,50920.0,50934.0,577.0
2026-06-08 18:10:00,50936.0,50941.0,50876.0,50895.0,809.0
2026-06-08 18:15:00,50898.0,50938.0,50896.0,50926.0,500.0
2026-06-08 18:20:00,50927.0,50957.0,50914.0,50947.0,437.0
2026-06-08 18:25:00,50947.0,50981.0,50945.0,50971.0,481.0
2026-06-08 18:30:00,50973.0,50993.0,50955.0,50957.0,679.0
2026-06-08 18:35:00,50956.0,50981.0,50918.0,50925.0,715.0
2026-06-08 18:40:00,50922.0,50941.0,50916.0,50926.0,530.0
2026-06-08 18:45:00,50929.0,50966.0,50919.0,50924.0,468.0
2026-06-08 18:50:00,50925.0,50943.0,50918.0,50937.0,411.0
2026-06-08 18:55:00,50938.0,50952.0,50906.0,50914.0,504.0
2026-06-08 19:00:00,50915.0,50941.0,50896.0,50933.0,550.0
2026-06-08 19:05:00,50933.0,50941.0,50905.0,50905.0,376.0
2026-06-08 19:10:00,50905.0,50906.0,50862.0,50865.0,785.0
2026-06-08 19:15:00,50867.0,50884.0,50853.0,50861.0,652.0
2026-06-08 19:20:00,50863.0,50890.0,50814.0,50820.0,871.0
2026-06-08 19:25:00,50817.0,50860.0,50793.0,50854.0,773.0
2026-06-08 19:30:00,50856.0,50916.0,50851.0,50892.0,1207.0
2026-06-08 19:35:00,50893.0,50902.0,50863.0,50866.0,808.0
2026-06-08 19:40:00,50866.0,50887.0,50837.0,50863.0,700.0
2026-06-08 19:45:00,50861.0,50889.0,50847.0,50865.0,619.0
2026-06-08 19:50:00,50866.0,50890.0,50820.0,50842.0,1379.0
2026-06-08 19:55:00,50843.0,50870.0,50826.0,50852.0,3004.0
2026-06-08 20:00:00,50853.0,50869.0,50831.0,50864.0,644.0
2026-06-08 20:05:00,50866.0,50868.0,50839.0,50852.0,307.0
2026-06-08 20:10:00,50854.0,50863.0,50837.0,50840.0,149.0
2026-06-08 20:15:00,50838.0,50845.0,50824.0,50828.0,137.0
2026-06-08 20:20:00,50826.0,50833.0,50816.0,50833.0,105.0
2026-06-08 20:25:00,50833.0,50839.0,50812.0,50835.0,246.0
2026-06-08 20:30:00,50836.0,50841.0,50829.0,50837.0,53.0
2026-06-08 20:35:00,50836.0,50842.0,50828.0,50834.0,73.0
2026-06-08 20:40:00,50833.0,50838.0,50828.0,50835.0,59.0
2026-06-08 20:45:00,50837.0,50838.0,50810.0,50823.0,212.0
2026-06-08 20:50:00,50824.0,50830.0,50812.0,50819.0,86.0
2026-06-08 20:55:00,50815.0,50827.0,50811.0,50825.0,85.0
2026-06-08 22:00:00,50800.0,50844.0,50777.0,50777.0,0.0
2026-06-08 22:05:00,50781.0,50792.0,50747.0,50767.0,109.0
2026-06-08 22:10:00,50757.0,50766.0,50730.0,50750.0,114.0
2026-06-08 22:15:00,50754.0,50756.0,50712.0,50738.0,82.0
2026-06-08 22:25:00,50856.0,50856.0,50763.0,50765.0,129.0
2026-06-08 22:30:00,50773.0,50790.0,50773.0,50776.0,62.0
2026-06-08 22:35:00,50777.0,50792.0,50776.0,50790.0,53.0
2026-06-08 22:40:00,50790.0,50796.0,50784.0,50792.0,35.0
2026-06-08 22:45:00,50788.0,50804.0,50785.0,50797.0,32.0
2026-06-08 22:50:00,50796.0,50810.0,50795.0,50808.0,28.0
2026-06-08 22:55:00,50810.0,50833.0,50807.0,50820.0,74.0
2026-06-08 23:00:00,50820.0,50820.0,50808.0,50812.0,30.0
2026-06-08 23:05:00,50814.0,50816.0,50808.0,50812.0,16.0
2026-06-08 23:10:00,50814.0,50833.0,50810.0,50832.0,90.0
2026-06-08 23:15:00,50831.0,50833.0,50812.0,50814.0,30.0
2026-06-08 23:20:00,50813.0,50825.0,50813.0,50819.0,34.0
2026-06-08 23:25:00,50818.0,50819.0,50810.0,50815.0,33.0
2026-06-08 23:30:00,50815.0,50827.0,50812.0,50817.0,54.0
2026-06-08 23:35:00,50820.0,50838.0,50820.0,50836.0,61.0
2026-06-08 23:40:00,50839.0,50840.0,50815.0,50815.0,33.0
2026-06-08 23:45:00,50813.0,50813.0,50785.0,50790.0,81.0
2026-06-08 23:50:00,50791.0,50792.0,50768.0,50770.0,77.0
2026-06-08 23:55:00,50771.0,50801.0,50753.0,50800.0,81.0
2026-06-09 00:00:00,50798.0,50807.0,50739.0,50743.0,210.0
2026-06-09 00:05:00,50746.0,50755.0,50715.0,50727.0,299.0
2026-06-09 00:10:00,50726.0,50757.0,50720.0,50724.0,130.0
2026-06-09 00:15:00,50722.0,50746.0,50717.0,50727.0,106.0
2026-06-09 00:20:00,50726.0,50739.0,50718.0,50733.0,104.0
2026-06-09 00:25:00,50729.0,50746.0,50724.0,50734.0,84.0
2026-06-09 00:30:00,50736.0,50744.0,50685.0,50716.0,194.0
2026-06-09 00:35:00,50713.0,50725.0,50697.0,50704.0,88.0
2026-06-09 00:40:00,50704.0,50724.0,50701.0,50724.0,77.0
2026-06-09 00:45:00,50726.0,50726.0,50700.0,50710.0,87.0
2026-06-09 00:50:00,50709.0,50715.0,50685.0,50695.0,69.0
2026-06-09 00:55:00,50695.0,50722.0,50687.0,50720.0,80.0
2026-06-09 01:00:00,50717.0,50732.0,50708.0,50709.0,94.0
2026-06-09 01:05:00,50704.0,50728.0,50699.0,50715.0,109.0
2026-06-09 01:10:00,50712.0,50742.0,50709.0,50734.0,97.0
2026-06-09 01:15:00,50728.0,50754.0,50727.0,50751.0,71.0
2026-06-09 01:20:00,50755.0,50846.0,50755.0,50812.0,242.0
2026-06-09 01:25:00,50819.0,50834.0,50807.0,50813.0,79.0
2026-06-09 01:30:00,50816.0,50825.0,50804.0,50817.0,94.0
2026-06-09 01:35:00,50813.0,50831.0,50804.0,50830.0,54.0
2026-06-09 01:40:00,50828.0,50843.0,50817.0,50828.0,117.0
2026-06-09 01:45:00,50842.0,50885.0,50841.0,50865.0,131.0
2026-06-09 01:50:00,50860.0,50866.0,50842.0,50847.0,85.0
2026-06-09 01:55:00,50839.0,50847.0,50835.0,50844.0,81.0
2026-06-09 02:00:00,50841.0,50859.0,50841.0,50855.0,53.0
2026-06-09 02:05:00,50852.0,50870.0,50845.0,50867.0,83.0
2026-06-09 02:10:00,50870.0,50870.0,50855.0,50858.0,48.0
2026-06-09 02:15:00,50852.0,50861.0,50845.0,50847.0,79.0
2026-06-09 02:20:00,50846.0,50853.0,50838.0,50847.0,54.0
2026-06-09 02:25:00,50839.0,50849.0,50827.0,50845.0,71.0
2026-06-09 02:30:00,50852.0,50868.0,50850.0,50859.0,59.0
2026-06-09 02:35:00,50852.0,50855.0,50837.0,50855.0,58.0
2026-06-09 02:40:00,50855.0,50861.0,50849.0,50854.0,25.0
2026-06-09 02:45:00,50865.0,50875.0,50863.0,50864.0,45.0
2026-06-09 02:50:00,50858.0,50859.0,50843.0,50853.0,29.0
2026-06-09 02:55:00,50852.0,50859.0,50851.0,50857.0,21.0
2026-06-09 03:00:00,50859.0,50869.0,50855.0,50866.0,42.0
2026-06-09 03:05:00,50856.0,50879.0,50856.0,50872.0,140.0
2026-06-09 03:10:00,50874.0,50881.0,50870.0,50881.0,44.0
2026-06-09 03:15:00,50887.0,50896.0,50885.0,50887.0,49.0
2026-06-09 03:20:00,50882.0,50888.0,50853.0,50853.0,73.0
2026-06-09 03:25:00,50860.0,50872.0,50860.0,50863.0,57.0
2026-06-09 03:30:00,50868.0,50881.0,50864.0,50877.0,77.0
2026-06-09 03:35:00,50878.0,50883.0,50872.0,50883.0,57.0
2026-06-09 03:40:00,50881.0,50908.0,50877.0,50904.0,90.0
2026-06-09 03:45:00,50901.0,50908.0,50891.0,50893.0,58.0
2026-06-09 03:50:00,50891.0,50901.0,50885.0,50892.0,57.0
2026-06-09 03:55:00,50892.0,50901.0,50890.0,50896.0,35.0
2026-06-09 04:00:00,50894.0,50896.0,50881.0,50882.0,56.0
2026-06-09 04:05:00,50880.0,50892.0,50878.0,50891.0,40.0
2026-06-09 04:10:00,50889.0,50901.0,50884.0,50884.0,90.0
2026-06-09 04:15:00,50881.0,50905.0,50880.0,50902.0,54.0
2026-06-09 04:20:00,50900.0,50902.0,50894.0,50900.0,48.0
2026-06-09 04:25:00,50900.0,50903.0,50888.0,50895.0,43.0
2026-06-09 04:30:00,50897.0,50914.0,50893.0,50913.0,74.0
2026-06-09 04:35:00,50915.0,50931.0,50913.0,50929.0,94.0
2026-06-09 04:40:00,50931.0,50931.0,50916.0,50918.0,31.0
2026-06-09 04:45:00,50919.0,50928.0,50910.0,50923.0,46.0
2026-06-09 04:50:00,50924.0,50924.0,50908.0,50918.0,28.0
2026-06-09 04:55:00,50920.0,50922.0,50908.0,50911.0,31.0
2026-06-09 05:00:00,50914.0,50932.0,50909.0,50930.0,98.0
2026-06-09 05:05:00,50929.0,50938.0,50918.0,50918.0,85.0
2026-06-09 05:10:00,50919.0,50932.0,50916.0,50916.0,51.0
2026-06-09 05:15:00,50916.0,50920.0,50910.0,50910.0,55.0
2026-06-09 05:20:00,50911.0,50921.0,50903.0,50921.0,48.0
2026-06-09 05:25:00,50922.0,50929.0,50908.0,50909.0,89.0
2026-06-09 05:30:00,50914.0,50951.0,50911.0,50944.0,178.0
2026-06-09 05:35:00,50946.0,50946.0,50923.0,50932.0,95.0
2026-06-09 05:40:00,50934.0,50941.0,50922.0,50922.0,319.0
2026-06-09 05:45:00,50925.0,50945.0,50925.0,50944.0,127.0
2026-06-09 05:50:00,50940.0,50940.0,50914.0,50917.0,33.0
2026-06-09 05:55:00,50912.0,50916.0,50902.0,50910.0,63.0
2026-06-09 06:00:00,50911.0,50915.0,50892.0,50896.0,197.0
2026-06-09 06:05:00,50894.0,50901.0,50882.0,50884.0,107.0
2026-06-09 06:10:00,50882.0,50893.0,50880.0,50893.0,84.0
2026-06-09 06:15:00,50889.0,50909.0,50889.0,50905.0,80.0
2026-06-09 06:20:00,50906.0,50921.0,50902.0,50913.0,51.0
2026-06-09 06:25:00,50913.0,50918.0,50892.0,50893.0,123.0
2026-06-09 06:30:00,50895.0,50896.0,50864.0,50876.0,145.0
2026-06-09 06:35:00,50876.0,50886.0,50869.0,50884.0,99.0
2026-06-09 06:40:00,50886.0,50902.0,50884.0,50900.0,79.0
2026-06-09 06:45:00,50899.0,50907.0,50894.0,50895.0,58.0
2026-06-09 06:50:00,50893.0,50893.0,50852.0,50859.0,127.0
2026-06-09 06:55:00,50864.0,50869.0,50851.0,50867.0,94.0
2026-06-09 07:00:00,50869.0,50938.0,50857.0,50938.0,335.0
2026-06-09 07:05:00,50938.0,50962.0,50929.0,50943.0,262.0
2026-06-09 07:10:00,50940.0,50942.0,50883.0,50884.0,231.0
2026-06-09 07:15:00,50881.0,50896.0,50868.0,50881.0,105.0
2026-06-09 07:20:00,50884.0,50902.0,50870.0,50870.0,83.0
2026-06-09 07:25:00,50873.0,50873.0,50834.0,50857.0,260.0
2026-06-09 07:30:00,50858.0,50884.0,50856.0,50873.0,157.0
2026-06-09 07:35:00,50875.0,50876.0,50854.0,50868.0,90.0
2026-06-09 07:40:00,50873.0,50889.0,50860.0,50889.0,95.0
2026-06-09 07:45:00,50885.0,50905.0,50885.0,50895.0,69.0
2026-06-09 07:50:00,50897.0,50903.0,50862.0,50871.0,156.0
2026-06-09 07:55:00,50872.0,50881.0,50864.0,50874.0,106.0
2026-06-09 08:00:00,50873.0,50885.0,50843.0,50863.0,253.0
2026-06-09 08:05:00,50858.0,50887.0,50846.0,50883.0,124.0
2026-06-09 08:10:00,50882.0,50940.0,50882.0,50909.0,360.0
2026-06-09 08:15:00,50907.0,50926.0,50907.0,50916.0,197.0
2026-06-09 08:20:00,50916.0,50924.0,50902.0,50908.0,184.0
2026-06-09 08:25:00,50910.0,50926.0,50906.0,50919.0,81.0
2026-06-09 08:30:00,50920.0,50948.0,50920.0,50929.0,90.0
2026-06-09 08:35:00,50931.0,50975.0,50923.0,50971.0,224.0
2026-06-09 08:40:00,50969.0,50977.0,50956.0,50973.0,129.0
2026-06-09 08:45:00,50971.0,50976.0,50958.0,50960.0,89.0
2026-06-09 08:50:00,50956.0,50956.0,50918.0,50928.0,403.0
2026-06-09 08:55:00,50925.0,50936.0,50918.0,50934.0,61.0
2026-06-09 09:00:00,50935.0,50968.0,50931.0,50963.0,75.0
2026-06-09 09:05:00,50962.0,50986.0,50962.0,50983.0,111.0
2026-06-09 09:10:00,50985.0,50997.0,50983.0,50992.0,115.0
2026-06-09 09:15:00,50993.0,51000.0,50985.0,50991.0,135.0
2026-06-09 09:20:00,50990.0,50993.0,50978.0,50990.0,103.0
2026-06-09 09:25:00,50988.0,50996.0,50978.0,50982.0,182.0
2026-06-09 09:30:00,50983.0,50989.0,50958.0,50958.0,118.0
2026-06-09 09:35:00,50958.0,50993.0,50958.0,50982.0,94.0
2026-06-09 09:40:00,50982.0,50990.0,50972.0,50981.0,51.0
2026-06-09 09:45:00,50980.0,50982.0,50969.0,50971.0,114.0
2026-06-09 09:50:00,50972.0,50982.0,50972.0,50978.0,67.0
2026-06-09 09:55:00,50980.0,50980.0,50959.0,50961.0,64.0
2026-06-09 10:00:00,50962.0,50970.0,50946.0,50964.0,343.0
2026-06-09 10:05:00,50966.0,50974.0,50849.0,50921.0,969.0
2026-06-09 10:10:00,50925.0,50982.0,50924.0,50966.0,337.0
2026-06-09 10:15:00,50968.0,50968.0,50944.0,50946.0,177.0
2026-06-09 10:20:00,50944.0,50960.0,50940.0,50957.0,52.0
2026-06-09 10:25:00,50959.0,50973.0,50957.0,50973.0,41.0
2026-06-09 10:30:00,50974.0,50975.0,50959.0,50960.0,43.0
2026-06-09 10:35:00,50960.0,50962.0,50951.0,50953.0,49.0
2026-06-09 10:40:00,50951.0,50966.0,50951.0,50965.0,63.0
2026-06-09 10:45:00,50961.0,50982.0,50960.0,50979.0,119.0
2026-06-09 10:50:00,50979.0,51039.0,50979.0,51000.0,461.0
2026-06-09 10:55:00,50996.0,51004.0,50988.0,50998.0,107.0
2026-06-09 11:00:00,50996.0,51019.0,50985.0,50987.0,148.0
2026-06-09 11:05:00,50984.0,51005.0,50975.0,50997.0,92.0
2026-06-09 11:10:00,50996.0,50999.0,50974.0,50980.0,116.0
2026-06-09 11:15:00,50981.0,50983.0,50955.0,50966.0,104.0
2026-06-09 11:20:00,50967.0,50970.0,50938.0,50938.0,162.0
2026-06-09 11:25:00,50942.0,50952.0,50938.0,50947.0,92.0
2026-06-09 11:30:00,50948.0,50968.0,50947.0,50961.0,156.0
2026-06-09 11:35:00,50962.0,50967.0,50943.0,50950.0,123.0
2026-06-09 11:40:00,50949.0,50972.0,50948.0,50948.0,208.0
2026-06-09 11:45:00,50950.0,50961.0,50931.0,50937.0,125.0
2026-06-09 11:50:00,50936.0,50941.0,50923.0,50925.0,75.0
2026-06-09 11:55:00,50922.0,50925.0,50914.0,50918.0,150.0
2026-06-09 12:00:00,50918.0,50951.0,50917.0,50944.0,154.0
2026-06-09 12:05:00,50943.0,50962.0,50935.0,50954.0,121.0
2026-06-09 12:10:00,50951.0,50953.0,50927.0,50934.0,144.0
2026-06-09 12:15:00,50936.0,50959.0,50930.0,50959.0,125.0
2026-06-09 12:20:00,50956.0,50972.0,50948.0,50969.0,180.0
2026-06-09 12:25:00,50973.0,50998.0,50966.0,50973.0,315.0
2026-06-09 12:30:00,50974.0,51037.0,50974.0,51033.0,365.0
2026-06-09 12:35:00,51032.0,51063.0,51029.0,51038.0,299.0
2026-06-09 12:40:00,51039.0,51046.0,51003.0,51012.0,273.0
2026-06-09 12:45:00,51011.0,51030.0,51002.0,51022.0,162.0
2026-06-09 12:50:00,51020.0,51027.0,51010.0,51011.0,115.0
2026-06-09 12:55:00,51010.0,51073.0,51010.0,51068.0,467.0
2026-06-09 13:00:00,51072.0,51082.0,51025.0,51046.0,772.0
2026-06-09 13:05:00,51052.0,51093.0,51052.0,51080.0,409.0
2026-06-09 13:10:00,51080.0,51094.0,51056.0,51058.0,231.0
2026-06-09 13:15:00,51055.0,51061.0,51041.0,51060.0,225.0
2026-06-09 13:20:00,51057.0,51064.0,51038.0,51047.0,309.0
2026-06-09 13:25:00,51045.0,51121.0,51045.0,51111.0,1166.0
2026-06-09 13:30:00,51111.0,51202.0,51066.0,51150.0,5193.0
2026-06-09 13:35:00,51148.0,51198.0,51101.0,51186.0,2503.0
2026-06-09 13:40:00,51184.0,51249.0,51176.0,51198.0,2407.0
2026-06-09 13:45:00,51196.0,51315.0,51189.0,51293.0,2280.0
2026-06-09 13:50:00,51292.0,51310.0,51262.0,51270.0,1795.0
2026-06-09 13:55:00,51267.0,51291.0,51226.0,51238.0,1287.0
2026-06-09 14:00:00,51242.0,51279.0,51169.0,51188.0,1919.0
2026-06-09 14:05:00,51186.0,51270.0,51173.0,51232.0,1623.0
2026-06-09 14:10:00,51229.0,51238.0,51086.0,51087.0,2449.0
2026-06-09 14:15:00,51087.0,51109.0,50930.0,50982.0,3446.0
2026-06-09 14:20:00,50985.0,51158.0,50963.0,51144.0,2555.0
2026-06-09 14:25:00,51147.0,51165.0,51086.0,51117.0,1719.0
2026-06-09 14:30:00,51111.0,51169.0,51082.0,51126.0,2136.0
2026-06-09 14:35:00,51130.0,51131.0,51051.0,51078.0,1201.0
2026-06-09 14:40:00,51076.0,51096.0,50983.0,50989.0,1472.0
2026-06-09 14:45:00,50990.0,51000.0,50751.0,50763.0,3763.0
2026-06-09 14:50:00,50761.0,50877.0,50726.0,50877.0,3278.0
2026-06-09 14:55:00,50879.0,50986.0,50850.0,50983.0,2022.0
2026-06-09 15:00:00,50982.0,51008.0,50914.0,50916.0,1746.0
2026-06-09 15:05:00,50918.0,50945.0,50873.0,50943.0,1471.0
2026-06-09 15:10:00,50941.0,50961.0,50875.0,50918.0,997.0
2026-06-09 15:15:00,50919.0,50935.0,50844.0,50847.0,931.0
2026-06-09 15:20:00,50846.0,50873.0,50731.0,50732.0,1718.0
2026-06-09 15:25:00,50731.0,50732.0,50512.0,50524.0,3315.0
2026-06-09 15:30:00,50526.0,50570.0,50488.0,50555.0,3323.0
2026-06-09 15:35:00,50552.0,50593.0,50511.0,50557.0,2258.0
2026-06-09 15:40:00,50552.0,50622.0,50548.0,50597.0,1642.0
2026-06-09 15:45:00,50596.0,50617.0,50571.0,50600.0,1153.0
2026-06-09 15:50:00,50598.0,50643.0,50553.0,50589.0,1617.0
2026-06-09 15:55:00,50588.0,50611.0,50503.0,50507.0,1891.0
2026-06-09 16:00:00,50510.0,50606.0,50496.0,50560.0,2166.0
2026-06-09 16:05:00,50560.0,50589.0,50511.0,50540.0,2000.0
2026-06-09 16:10:00,50539.0,50599.0,50515.0,50550.0,1866.0
2026-06-09 16:15:00,50548.0,50553.0,50417.0,50434.0,2349.0
2026-06-09 16:20:00,50436.0,50528.0,50404.0,50523.0,2285.0
2026-06-09 16:25:00,50522.0,50566.0,50521.0,50540.0,1659.0
2026-06-09 16:30:00,50538.0,50622.0,50500.0,50579.0,2111.0
2026-06-09 16:35:00,50582.0,50646.0,50279.0,50310.0,4112.0
2026-06-09 16:40:00,50310.0,50360.0,50262.0,50338.0,3920.0
2026-06-09 16:45:00,50337.0,50411.0,50331.0,50375.0,2780.0
2026-06-09 16:50:00,50377.0,50413.0,50307.0,50311.0,2030.0
2026-06-09 16:55:00,50311.0,50433.0,50302.0,50420.0,1697.0
2026-06-09 17:00:00,50422.0,50499.0,50401.0,50474.0,1922.0
2026-06-09 17:05:00,50475.0,50498.0,50453.0,50472.0,1790.0
2026-06-09 17:10:00,50470.0,50493.0,50410.0,50464.0,1640.0
2026-06-09 17:15:00,50464.0,50553.0,50439.0,50547.0,1344.0
2026-06-09 17:20:00,50544.0,50645.0,50544.0,50626.0,1966.0
2026-06-09 17:25:00,50625.0,50640.0,50595.0,50627.0,1120.0
2026-06-09 17:30:00,50626.0,50681.0,50594.0,50680.0,1040.0
2026-06-09 17:35:00,50681.0,50740.0,50662.0,50720.0,1064.0
2026-06-09 17:40:00,50723.0,50825.0,50715.0,50767.0,1434.0
2026-06-09 17:45:00,50770.0,50774.0,50696.0,50706.0,1734.0
2026-06-09 17:50:00,50707.0,50789.0,50705.0,50757.0,895.0
2026-06-09 17:55:00,50756.0,50779.0,50745.0,50748.0,550.0
2026-06-09 18:00:00,50750.0,50783.0,50735.0,50753.0,858.0
2026-06-09 18:05:00,50753.0,50803.0,50743.0,50801.0,631.0
2026-06-09 18:10:00,50796.0,50797.0,50742.0,50768.0,888.0
2026-06-09 18:15:00,50765.0,50829.0,50734.0,50823.0,1158.0
2026-06-09 18:20:00,50822.0,50864.0,50783.0,50861.0,1069.0
2026-06-09 18:25:00,50860.0,50864.0,50810.0,50859.0,759.0
2026-06-09 18:30:00,50858.0,50907.0,50828.0,50880.0,1130.0
2026-06-09 18:35:00,50879.0,50915.0,50865.0,50899.0,611.0
2026-06-09 18:40:00,50899.0,50904.0,50832.0,50834.0,1056.0
2026-06-09 18:45:00,50835.0,50880.0,50830.0,50880.0,754.0
2026-06-09 18:50:00,50877.0,50900.0,50854.0,50882.0,486.0
2026-06-09 18:55:00,50883.0,50954.0,50880.0,50934.0,889.0
2026-06-09 19:00:00,50935.0,50951.0,50906.0,50944.0,575.0
2026-06-09 19:05:00,50943.0,50965.0,50919.0,50924.0,688.0
2026-06-09 19:10:00,50919.0,50919.0,50867.0,50879.0,837.0
2026-06-09 19:15:00,50880.0,50883.0,50793.0,50805.0,1216.0
2026-06-09 19:20:00,50801.0,50833.0,50780.0,50820.0,1069.0
2026-06-09 19:25:00,50818.0,50839.0,50785.0,50824.0,832.0
2026-06-09 19:30:00,50823.0,50842.0,50767.0,50794.0,1135.0
2026-06-09 19:35:00,50788.0,50807.0,50765.0,50768.0,947.0
2026-06-09 19:40:00,50768.0,50774.0,50728.0,50750.0,1492.0
2026-06-09 19:45:00,50750.0,50783.0,50736.0,50766.0,1026.0
2026-06-09 19:50:00,50767.0,50903.0,50766.0,50892.0,3105.0
2026-06-09 19:55:00,50890.0,50951.0,50886.0,50901.0,4684.0
2026-06-09 20:00:00,50898.0,50928.0,50856.0,50914.0,1552.0
2026-06-09 20:05:00,50915.0,50917.0,50851.0,50865.0,471.0
2026-06-09 20:10:00,50866.0,50874.0,50855.0,50863.0,227.0
2026-06-09 20:15:00,50863.0,50887.0,50857.0,50857.0,193.0
2026-06-09 20:20:00,50856.0,50874.0,50853.0,50866.0,126.0
2026-06-09 20:25:00,50867.0,50898.0,50866.0,50890.0,150.0
2026-06-09 20:30:00,50886.0,50887.0,50866.0,50876.0,87.0
2026-06-09 20:35:00,50874.0,50889.0,50872.0,50881.0,142.0
2026-06-09 20:40:00,50881.0,50897.0,50880.0,50883.0,167.0
2026-06-09 20:45:00,50885.0,50889.0,50862.0,50873.0,222.0
2026-06-09 20:50:00,50874.0,50876.0,50849.0,50852.0,96.0
2026-06-09 20:55:00,50853.0,50879.0,50851.0,50879.0,98.0
2026-06-09 22:00:00,50843.0,50893.0,50800.0,50818.0,0.0
2026-06-09 22:05:00,50836.0,50846.0,50800.0,50834.0,99.0
2026-06-09 22:10:00,50833.0,50833.0,50822.0,50833.0,11.0
2026-06-09 22:15:00,50835.0,50854.0,50806.0,50825.0,108.0
2026-06-09 22:20:00,50831.0,50831.0,50816.0,50818.0,11.0
2026-06-09 22:25:00,50817.0,50819.0,50798.0,50817.0,60.0
2026-06-09 22:30:00,50813.0,50813.0,50767.0,50767.0,139.0
2026-06-09 22:35:00,50769.0,50790.0,50754.0,50782.0,103.0
2026-06-09 22:40:00,50783.0,50784.0,50763.0,50773.0,77.0
2026-06-09 22:45:00,50775.0,50775.0,50738.0,50757.0,129.0
2026-06-09 22:50:00,50759.0,50761.0,50737.0,50747.0,125.0
2026-06-09 22:55:00,50749.0,50768.0,50749.0,50767.0,64.0
2026-06-09 23:00:00,50764.0,50773.0,50752.0,50772.0,195.0
2026-06-09 23:05:00,50774.0,50786.0,50768.0,50778.0,105.0
2026-06-09 23:10:00,50776.0,50776.0,50753.0,50754.0,101.0
2026-06-09 23:15:00,50751.0,50764.0,50746.0,50755.0,90.0
2026-06-09 23:20:00,50753.0,50757.0,50735.0,50739.0,46.0
2026-06-09 23:25:00,50737.0,50747.0,50734.0,50744.0,56.0
2026-06-09 23:30:00,50742.0,50757.0,50737.0,50751.0,77.0
2026-06-09 23:35:00,50756.0,50761.0,50737.0,50755.0,47.0
2026-06-09 23:40:00,50755.0,50758.0,50744.0,50756.0,35.0
2026-06-09 23:45:00,50749.0,50768.0,50749.0,50767.0,70.0
2026-06-09 23:50:00,50764.0,50792.0,50761.0,50792.0,59.0
2026-06-09 23:55:00,50793.0,50808.0,50775.0,50802.0,85.0
2026-06-10 00:00:00,50806.0,50848.0,50801.0,50845.0,173.0
2026-06-10 00:05:00,50843.0,50868.0,50822.0,50839.0,216.0
2026-06-10 00:10:00,50837.0,50838.0,50804.0,50827.0,168.0
2026-06-10 00:15:00,50823.0,50827.0,50792.0,50817.0,126.0
2026-06-10 00:20:00,50811.0,50819.0,50795.0,50806.0,86.0
2026-06-10 00:25:00,50809.0,50823.0,50789.0,50814.0,124.0
2026-06-10 00:30:00,50815.0,50821.0,50775.0,50775.0,186.0
2026-06-10 00:35:00,50778.0,50801.0,50761.0,50787.0,240.0
2026-06-10 00:40:00,50785.0,50785.0,50746.0,50763.0,169.0
2026-06-10 00:45:00,50764.0,50814.0,50759.0,50807.0,113.0
2026-06-10 00:50:00,50808.0,50835.0,50783.0,50826.0,182.0
2026-06-10 00:55:00,50827.0,50856.0,50813.0,50840.0,221.0
2026-06-10 01:00:00,50844.0,50858.0,50831.0,50853.0,224.0
2026-06-10 01:05:00,50854.0,50860.0,50838.0,50851.0,137.0
2026-06-10 01:10:00,50850.0,50887.0,50845.0,50876.0,181.0
2026-06-10 01:15:00,50873.0,50906.0,50867.0,50898.0,158.0
2026-06-10 01:20:00,50898.0,50900.0,50874.0,50874.0,122.0
2026-06-10 01:25:00,50877.0,50888.0,50865.0,50875.0,186.0
2026-06-10 01:30:00,50873.0,50901.0,50859.0,50897.0,274.0
2026-06-10 01:35:00,50896.0,50905.0,50879.0,50894.0,89.0
2026-06-10 01:40:00,50894.0,50899.0,50872.0,50874.0,100.0
2026-06-10 01:45:00,50875.0,50898.0,50867.0,50898.0,105.0
2026-06-10 01:50:00,50894.0,50900.0,50857.0,50875.0,173.0
2026-06-10 01:55:00,50869.0,50892.0,50867.0,50869.0,86.0
2026-06-10 02:00:00,50866.0,50879.0,50839.0,50839.0,145.0
2026-06-10 02:05:00,50842.0,50846.0,50829.0,50835.0,82.0
2026-06-10 02:10:00,50835.0,50869.0,50832.0,50865.0,152.0
2026-06-10 02:15:00,50868.0,50873.0,50859.0,50861.0,62.0
2026-06-10 02:20:00,50864.0,50886.0,50858.0,50873.0,108.0
2026-06-10 02:25:00,50867.0,50875.0,50855.0,50873.0,118.0
2026-06-10 02:30:00,50876.0,50885.0,50860.0,50860.0,118.0
2026-06-10 02:35:00,50859.0,50870.0,50849.0,50849.0,75.0
2026-06-10 02:40:00,50846.0,50862.0,50845.0,50862.0,58.0
2026-06-10 02:45:00,50862.0,50880.0,50860.0,50880.0,68.0
2026-06-10 02:50:00,50882.0,50882.0,50828.0,50833.0,90.0
2026-06-10 02:55:00,50833.0,50844.0,50828.0,50836.0,67.0
2026-06-10 03:00:00,50835.0,50860.0,50833.0,50855.0,43.0
2026-06-10 03:05:00,50858.0,50876.0,50858.0,50867.0,54.0
2026-06-10 03:10:00,50869.0,50875.0,50863.0,50866.0,40.0
2026-06-10 03:15:00,50875.0,50882.0,50862.0,50862.0,51.0
2026-06-10 03:20:00,50861.0,50861.0,50848.0,50852.0,45.0
2026-06-10 03:25:00,50856.0,50858.0,50845.0,50851.0,22.0
2026-06-10 03:30:00,50842.0,50854.0,50838.0,50840.0,53.0
2026-06-10 03:35:00,50842.0,50842.0,50823.0,50825.0,86.0
2026-06-10 03:40:00,50825.0,50825.0,50807.0,50807.0,101.0
2026-06-10 03:45:00,50811.0,50821.0,50810.0,50815.0,26.0
2026-06-10 03:50:00,50814.0,50825.0,50809.0,50823.0,35.0
2026-06-10 03:55:00,50823.0,50826.0,50815.0,50818.0,21.0
2026-06-10 04:00:00,50824.0,50825.0,50799.0,50803.0,58.0
2026-06-10 04:05:00,50803.0,50805.0,50785.0,50791.0,72.0
2026-06-10 04:10:00,50790.0,50792.0,50782.0,50788.0,67.0
2026-06-10 04:15:00,50791.0,50803.0,50783.0,50799.0,68.0
2026-06-10 04:20:00,50801.0,50808.0,50789.0,50793.0,72.0
2026-06-10 04:25:00,50794.0,50799.0,50780.0,50782.0,61.0
2026-06-10 04:30:00,50781.0,50785.0,50771.0,50775.0,121.0
2026-06-10 04:35:00,50774.0,50782.0,50770.0,50779.0,81.0
2026-06-10 04:40:00,50778.0,50786.0,50766.0,50768.0,74.0
2026-06-10 04:45:00,50768.0,50773.0,50761.0,50769.0,93.0
2026-06-10 04:50:00,50768.0,50783.0,50767.0,50779.0,66.0
2026-06-10 04:55:00,50780.0,50780.0,50752.0,50760.0,66.0
2026-06-10 05:00:00,50756.0,50770.0,50753.0,50767.0,72.0
2026-06-10 05:05:00,50767.0,50786.0,50762.0,50780.0,76.0
2026-06-10 05:10:00,50779.0,50780.0,50765.0,50770.0,54.0
2026-06-10 05:15:00,50768.0,50768.0,50751.0,50752.0,91.0
2026-06-10 05:20:00,50751.0,50777.0,50751.0,50775.0,127.0
2026-06-10 05:25:00,50774.0,50825.0,50768.0,50825.0,154.0
2026-06-10 05:30:00,50828.0,50831.0,50789.0,50820.0,135.0
2026-06-10 05:35:00,50812.0,50833.0,50808.0,50833.0,45.0
2026-06-10 05:40:00,50835.0,50845.0,50805.0,50809.0,88.0
2026-06-10 05:45:00,50809.0,50812.0,50786.0,50801.0,78.0
2026-06-10 05:50:00,50800.0,50820.0,50799.0,50820.0,66.0
2026-06-10 05:55:00,50820.0,50835.0,50820.0,50835.0,86.0
2026-06-10 06:00:00,50837.0,50859.0,50835.0,50858.0,105.0
2026-06-10 06:05:00,50854.0,50863.0,50847.0,50848.0,104.0
2026-06-10 06:10:00,50843.0,50870.0,50838.0,50855.0,149.0
2026-06-10 06:15:00,50852.0,50857.0,50843.0,50852.0,87.0
2026-06-10 06:20:00,50855.0,50858.0,50814.0,50814.0,85.0
2026-06-10 06:25:00,50818.0,50835.0,50813.0,50822.0,79.0
2026-06-10 06:30:00,50821.0,50831.0,50813.0,50818.0,90.0
2026-06-10 06:35:00,50813.0,50846.0,50810.0,50833.0,121.0
2026-06-10 06:40:00,50836.0,50837.0,50822.0,50831.0,88.0
2026-06-10 06:45:00,50831.0,50833.0,50821.0,50832.0,48.0
2026-06-10 06:50:00,50830.0,50832.0,50800.0,50802.0,180.0
2026-06-10 06:55:00,50798.0,50801.0,50785.0,50792.0,85.0
2026-06-10 07:00:00,50792.0,50809.0,50785.0,50785.0,215.0
2026-06-10 07:05:00,50779.0,50783.0,50767.0,50783.0,161.0
2026-06-10 07:10:00,50780.0,50805.0,50778.0,50801.0,208.0
2026-06-10 07:15:00,50800.0,50815.0,50779.0,50781.0,137.0
2026-06-10 07:20:00,50780.0,50793.0,50762.0,50773.0,121.0
2026-06-10 07:25:00,50767.0,50768.0,50747.0,50759.0,121.0
2026-06-10 07:30:00,50757.0,50784.0,50750.0,50783.0,101.0
2026-06-10 07:35:00,50783.0,50788.0,50752.0,50754.0,134.0
2026-06-10 07:40:00,50753.0,50762.0,50744.0,50751.0,82.0
2026-06-10 07:45:00,50753.0,50762.0,50735.0,50743.0,189.0
2026-06-10 07:50:00,50745.0,50748.0,50733.0,50745.0,173.0
2026-06-10 07:55:00,50745.0,50758.0,50742.0,50758.0,97.0
2026-06-10 08:00:00,50759.0,50763.0,50690.0,50708.0,322.0
2026-06-10 08:05:00,50706.0,50737.0,50701.0,50733.0,220.0
2026-06-10 08:10:00,50734.0,50738.0,50704.0,50705.0,224.0
2026-06-10 08:15:00,50706.0,50713.0,50680.0,50683.0,231.0
2026-06-10 08:20:00,50683.0,50697.0,50659.0,50686.0,359.0
2026-06-10 08:25:00,50687.0,50693.0,50672.0,50682.0,318.0
2026-06-10 08:30:00,50683.0,50683.0,50654.0,50654.0,317.0
2026-06-10 08:35:00,50655.0,50683.0,50648.0,50670.0,287.0
2026-06-10 08:40:00,50672.0,50675.0,50605.0,50609.0,252.0
2026-06-10 08:45:00,50608.0,50610.0,50560.0,50575.0,348.0
2026-06-10 08:50:00,50574.0,50635.0,50572.0,50611.0,249.0
2026-06-10 08:55:00,50608.0,50612.0,50581.0,50590.0,132.0
2026-06-10 09:00:00,50583.0,50586.0,50563.0,50582.0,200.0
2026-06-10 09:05:00,50586.0,50600.0,50568.0,50569.0,169.0
2026-06-10 09:10:00,50564.0,50600.0,50514.0,50516.0,386.0
2026-06-10 09:15:00,50513.0,50550.0,50478.0,50528.0,402.0
2026-06-10 09:20:00,50524.0,50548.0,50495.0,50548.0,295.0
2026-06-10 09:25:00,50546.0,50588.0,50546.0,50580.0,173.0
2026-06-10 09:30:00,50579.0,50596.0,50569.0,50585.0,98.0
2026-06-10 09:35:00,50584.0,50605.0,50578.0,50582.0,207.0
2026-06-10 09:40:00,50582.0,50583.0,50528.0,50546.0,237.0
2026-06-10 09:45:00,50543.0,50569.0,50525.0,50534.0,161.0
2026-06-10 09:50:00,50534.0,50573.0,50531.0,50568.0,126.0
2026-06-10 09:55:00,50571.0,50588.0,50567.0,50581.0,136.0
2026-06-10 10:00:00,50584.0,50584.0,50539.0,50565.0,196.0
2026-06-10 10:05:00,50561.0,50561.0,50534.0,50554.0,93.0
2026-06-10 10:10:00,50557.0,50559.0,50541.0,50543.0,168.0
2026-06-10 10:15:00,50542.0,50546.0,50487.0,50490.0,246.0
2026-06-10 10:20:00,50483.0,50539.0,50475.0,50534.0,134.0
2026-06-10 10:25:00,50536.0,50565.0,50526.0,50560.0,124.0
2026-06-10 10:30:00,50557.0,50576.0,50540.0,50542.0,166.0
2026-06-10 10:35:00,50541.0,50568.0,50528.0,50565.0,93.0
2026-06-10 10:40:00,50568.0,50588.0,50560.0,50588.0,106.0
2026-06-10 10:45:00,50588.0,50603.0,50569.0,50572.0,103.0
2026-06-10 10:50:00,50568.0,50568.0,50522.0,50531.0,159.0
2026-06-10 10:55:00,50535.0,50590.0,50525.0,50565.0,302.0
2026-06-10 11:00:00,50569.0,50593.0,50353.0,50369.0,1216.0
2026-06-10 11:05:00,50362.0,50443.0,50316.0,50426.0,1266.0
2026-06-10 11:10:00,50427.0,50481.0,50426.0,50469.0,636.0
2026-06-10 11:15:00,50469.0,50503.0,50453.0,50465.0,404.0
2026-06-10 11:20:00,50464.0,50543.0,50462.0,50469.0,690.0
2026-06-10 11:25:00,50467.0,50473.0,50334.0,50443.0,1585.0
2026-06-10 11:30:00,50442.0,50461.0,50402.0,50446.0,478.0
2026-06-10 11:35:00,50445.0,50457.0,50381.0,50381.0,440.0
2026-06-10 11:40:00,50384.0,50433.0,50384.0,50422.0,285.0
2026-06-10 11:45:00,50420.0,50452.0,50405.0,50439.0,223.0
2026-06-10 11:50:00,50441.0,50500.0,50441.0,50493.0,335.0
2026-06-10 11:55:00,50493.0,50507.0,50471.0,50482.0,251.0
2026-06-10 12:00:00,50480.0,50490.0,50460.0,50478.0,433.0
2026-06-10 12:05:00,50475.0,50518.0,50474.0,50511.0,391.0
2026-06-10 12:10:00,50508.0,50570.0,50489.0,50528.0,665.0
2026-06-10 12:15:00,50526.0,50565.0,50486.0,50519.0,621.0
2026-06-10 12:20:00,50519.0,50552.0,50498.0,50519.0,357.0
2026-06-10 12:25:00,50519.0,50579.0,50519.0,50578.0,365.0
2026-06-10 12:30:00,50579.0,50764.0,50509.0,50613.0,1954.0
2026-06-10 12:35:00,50617.0,50667.0,50583.0,50636.0,1158.0
2026-06-10 12:40:00,50638.0,50707.0,50630.0,50677.0,751.0
2026-06-10 12:45:00,50679.0,50735.0,50670.0,50711.0,829.0
2026-06-10 12:50:00,50714.0,50718.0,50684.0,50712.0,545.0
2026-06-10 12:55:00,50713.0,50713.0,50661.0,50664.0,515.0
2026-06-10 13:00:00,50663.0,50679.0,50639.0,50642.0,508.0
2026-06-10 13:05:00,50643.0,50656.0,50609.0,50656.0,464.0
2026-06-10 13:10:00,50657.0,50662.0,50639.0,50645.0,235.0
2026-06-10 13:15:00,50646.0,50660.0,50635.0,50655.0,218.0
2026-06-10 13:20:00,50654.0,50671.0,50639.0,50667.0,251.0
2026-06-10 13:25:00,50665.0,50702.0,50647.0,50700.0,1071.0
2026-06-10 13:30:00,50698.0,50716.0,50570.0,50570.0,5911.0
2026-06-10 13:35:00,50569.0,50664.0,50537.0,50643.0,3664.0
2026-06-10 13:40:00,50641.0,50762.0,50619.0,50754.0,2806.0
2026-06-10 13:45:00,50753.0,50825.0,50707.0,50798.0,3706.0
2026-06-10 13:50:00,50796.0,50804.0,50690.0,50771.0,2761.0
2026-06-10 13:55:00,50772.0,50795.0,50715.0,50731.0,1808.0
2026-06-10 14:00:00,50733.0,50776.0,50692.0,50743.0,1882.0
2026-06-10 14:05:00,50743.0,50768.0,50705.0,50750.0,1209.0
2026-06-10 14:10:00,50751.0,50799.0,50731.0,50748.0,1668.0
2026-06-10 14:15:00,50749.0,50753.0,50666.0,50691.0,2098.0
2026-06-10 14:20:00,50691.0,50782.0,50667.0,50750.0,1371.0
2026-06-10 14:25:00,50754.0,50760.0,50665.0,50695.0,1342.0
2026-06-10 14:30:00,50693.0,50700.0,50611.0,50693.0,1658.0
2026-06-10 14:35:00,50693.0,50701.0,50591.0,50630.0,1379.0
2026-06-10 14:40:00,50630.0,50668.0,50580.0,50580.0,1213.0
2026-06-10 14:45:00,50579.0,50593.0,50525.0,50538.0,2160.0
2026-06-10 14:50:00,50539.0,50561.0,50486.0,50516.0,2265.0
2026-06-10 14:55:00,50513.0,50540.0,50406.0,50434.0,2808.0
2026-06-10 15:00:00,50435.0,50547.0,50398.0,50490.0,2397.0
2026-06-10 15:05:00,50488.0,50497.0,50422.0,50422.0,1255.0
2026-06-10 15:10:00,50421.0,50441.0,50376.0,50379.0,1927.0
2026-06-10 15:15:00,50378.0,50382.0,50327.0,50336.0,1939.0
2026-06-10 15:20:00,50334.0,50431.0,50330.0,50402.0,1388.0
2026-06-10 15:25:00,50399.0,50457.0,50390.0,50392.0,1275.0
2026-06-10 15:30:00,50391.0,50422.0,50335.0,50359.0,1512.0
2026-06-10 15:35:00,50357.0,50385.0,50285.0,50334.0,1872.0
2026-06-10 15:40:00,50331.0,50414.0,50310.0,50395.0,1309.0
2026-06-10 15:45:00,50397.0,50436.0,50200.0,50279.0,4943.0
2026-06-10 15:50:00,50280.0,50360.0,50193.0,50302.0,4179.0
2026-06-10 15:55:00,50300.0,50374.0,50272.0,50371.0,1771.0
2026-06-10 16:00:00,50374.0,50397.0,50328.0,50354.0,1571.0
2026-06-10 16:05:00,50352.0,50395.0,50315.0,50338.0,1263.0
2026-06-10 16:10:00,50334.0,50344.0,50279.0,50316.0,1136.0
2026-06-10 16:15:00,50314.0,50355.0,50305.0,50324.0,733.0
2026-06-10 16:20:00,50323.0,50342.0,50290.0,50298.0,1091.0
2026-06-10 16:25:00,50298.0,50335.0,50288.0,50327.0,561.0
2026-06-10 16:30:00,50327.0,50365.0,50285.0,50362.0,720.0
2026-06-10 16:35:00,50364.0,50407.0,50339.0,50377.0,1015.0
2026-06-10 16:40:00,50379.0,50398.0,50301.0,50326.0,685.0
2026-06-10 16:45:00,50325.0,50327.0,50251.0,50271.0,818.0
2026-06-10 16:50:00,50270.0,50338.0,50262.0,50295.0,776.0
2026-06-10 16:55:00,50293.0,50322.0,50259.0,50315.0,582.0
2026-06-10 17:00:00,50316.0,50360.0,50281.0,50351.0,709.0
2026-06-10 17:05:00,50350.0,50352.0,50271.0,50277.0,858.0
2026-06-10 17:10:00,50274.0,50280.0,50215.0,50225.0,870.0
2026-06-10 17:15:00,50226.0,50250.0,50203.0,50219.0,569.0
2026-06-10 17:20:00,50218.0,50261.0,50215.0,50258.0,599.0
2026-06-10 17:25:00,50258.0,50279.0,50236.0,50260.0,624.0
2026-06-10 17:30:00,50257.0,50259.0,50193.0,50200.0,1044.0
2026-06-10 17:35:00,50198.0,50200.0,50148.0,50150.0,1144.0
2026-06-10 17:40:00,50152.0,50176.0,50132.0,50140.0,740.0
2026-06-10 17:45:00,50139.0,50293.0,50139.0,50270.0,1529.0
2026-06-10 17:50:00,50271.0,50293.0,50190.0,50254.0,1351.0
2026-06-10 17:55:00,50255.0,50300.0,50246.0,50290.0,868.0
2026-06-10 18:00:00,50292.0,50380.0,50291.0,50378.0,1130.0
2026-06-10 18:05:00,50378.0,50383.0,50307.0,50318.0,743.0
2026-06-10 18:10:00,50321.0,50358.0,50306.0,50320.0,663.0
2026-06-10 18:15:00,50319.0,50349.0,50250.0,50269.0,766.0
2026-06-10 18:20:00,50271.0,50300.0,50235.0,50273.0,904.0
2026-06-10 18:25:00,50272.0,50282.0,50240.0,50244.0,565.0
2026-06-10 18:30:00,50244.0,50247.0,50207.0,50219.0,762.0
2026-06-10 18:35:00,50214.0,50221.0,50168.0,50195.0,1418.0
2026-06-10 18:40:00,50196.0,50207.0,50171.0,50187.0,874.0
2026-06-10 18:45:00,50187.0,50198.0,50166.0,50167.0,673.0
2026-06-10 18:50:00,50165.0,50186.0,50117.0,50170.0,1256.0
2026-06-10 18:55:00,50170.0,50179.0,50127.0,50159.0,910.0
2026-06-10 19:00:00,50160.0,50163.0,50109.0,50114.0,950.0
2026-06-10 19:05:00,50113.0,50155.0,50094.0,50136.0,902.0
2026-06-10 19:10:00,50139.0,50147.0,50097.0,50111.0,665.0
2026-06-10 19:15:00,50112.0,50134.0,50088.0,50091.0,702.0
2026-06-10 19:20:00,50091.0,50091.0,50044.0,50064.0,1201.0
2026-06-10 19:25:00,50063.0,50077.0,50040.0,50050.0,665.0
2026-06-10 19:30:00,50049.0,50085.0,50033.0,50069.0,1319.0
2026-06-10 19:35:00,50072.0,50107.0,50057.0,50096.0,838.0
2026-06-10 19:40:00,50097.0,50113.0,50070.0,50102.0,931.0
2026-06-10 19:45:00,50101.0,50112.0,50061.0,50092.0,793.0
2026-06-10 19:50:00,50091.0,50133.0,49993.0,50062.0,2705.0
2026-06-10 19:55:00,50059.0,50075.0,49966.0,49975.0,3124.0
2026-06-10 20:00:00,49977.0,49987.0,49924.0,49950.0,1202.0
2026-06-10 20:05:00,49945.0,49953.0,49909.0,49937.0,1117.0
2026-06-10 20:10:00,49939.0,49965.0,49938.0,49945.0,739.0
2026-06-10 20:15:00,49945.0,49952.0,49919.0,49936.0,547.0
2026-06-10 20:20:00,49937.0,49951.0,49927.0,49939.0,195.0
2026-06-10 20:25:00,49940.0,49945.0,49930.0,49941.0,192.0
2026-06-10 20:30:00,49941.0,49941.0,49914.0,49917.0,180.0
2026-06-10 20:35:00,49919.0,49939.0,49910.0,49930.0,188.0
2026-06-10 20:40:00,49933.0,49938.0,49899.0,49899.0,376.0
2026-06-10 20:45:00,49900.0,49906.0,49873.0,49890.0,250.0
2026-06-10 20:50:00,49891.0,49910.0,49881.0,49904.0,363.0
2026-06-10 20:55:00,49907.0,49923.0,49894.0,49923.0,188.0
2026-06-10 22:00:00,49883.0,49924.0,49837.0,49851.0,0.0
2026-06-10 22:05:00,49850.0,49857.0,49833.0,49843.0,120.0
2026-06-10 22:10:00,49850.0,49896.0,49837.0,49896.0,118.0
2026-06-10 22:15:00,49892.0,49910.0,49880.0,49907.0,122.0
2026-06-10 22:20:00,49904.0,49904.0,49894.0,49902.0,62.0
2026-06-10 22:25:00,49898.0,49922.0,49892.0,49922.0,96.0
2026-06-10 22:30:00,49923.0,49943.0,49915.0,49915.0,107.0
2026-06-10 22:35:00,49914.0,49934.0,49914.0,49932.0,107.0
2026-06-10 22:40:00,49932.0,49937.0,49879.0,49910.0,164.0
2026-06-10 22:45:00,49901.0,49933.0,49888.0,49906.0,119.0
2026-06-10 22:50:00,49906.0,49909.0,49850.0,49865.0,107.0
2026-06-10 22:55:00,49863.0,49864.0,49808.0,49810.0,217.0
2026-06-10 23:00:00,49810.0,49850.0,49784.0,49844.0,262.0
2026-06-10 23:05:00,49845.0,49852.0,49806.0,49811.0,142.0
2026-06-10 23:10:00,49816.0,49822.0,49767.0,49767.0,409.0
2026-06-10 23:15:00,49766.0,49880.0,49758.0,49851.0,585.0
2026-06-10 23:20:00,49857.0,49903.0,49801.0,49829.0,520.0
2026-06-10 23:25:00,49830.0,49905.0,49829.0,49898.0,317.0
2026-06-10 23:30:00,49898.0,49904.0,49826.0,49854.0,267.0
2026-06-10 23:35:00,49856.0,49891.0,49856.0,49877.0,161.0
2026-06-10 23:40:00,49877.0,49916.0,49876.0,49896.0,135.0
2026-06-10 23:45:00,49893.0,49907.0,49864.0,49873.0,160.0
2026-06-10 23:50:00,49875.0,49881.0,49851.0,49855.0,117.0
2026-06-10 23:55:00,49857.0,49860.0,49823.0,49837.0,201.0
2026-06-11 00:00:00,49837.0,49879.0,49831.0,49840.0,237.0
2026-06-11 00:05:00,49847.0,49867.0,49827.0,49845.0,222.0
2026-06-11 00:10:00,49838.0,49888.0,49828.0,49859.0,228.0
2026-06-11 00:15:00,49867.0,49974.0,49867.0,49932.0,639.0
2026-06-11 00:20:00,49931.0,49958.0,49919.0,49929.0,233.0
2026-06-11 00:25:00,49930.0,49933.0,49885.0,49898.0,194.0
2026-06-11 00:30:00,49902.0,49920.0,49885.0,49898.0,211.0
2026-06-11 00:35:00,49897.0,49899.0,49853.0,49880.0,369.0
2026-06-11 00:40:00,49882.0,49930.0,49878.0,49885.0,140.0
2026-06-11 00:45:00,49887.0,49960.0,49887.0,49942.0,229.0
2026-06-11 00:50:00,49941.0,49950.0,49918.0,49933.0,157.0
2026-06-11 00:55:00,49936.0,49951.0,49934.0,49941.0,150.0
2026-06-11 01:00:00,49942.0,49998.0,49941.0,49979.0,385.0
2026-06-11 01:05:00,49978.0,50019.0,49975.0,50009.0,241.0
2026-06-11 01:10:00,50015.0,50094.0,50014.0,50087.0,410.0
2026-06-11 01:15:00,50088.0,50097.0,50064.0,50094.0,220.0
2026-06-11 01:20:00,50096.0,50102.0,50059.0,50087.0,155.0
2026-06-11 01:25:00,50085.0,50088.0,50062.0,50071.0,195.0
2026-06-11 01:30:00,50075.0,50075.0,50042.0,50045.0,210.0
2026-06-11 01:35:00,50047.0,50076.0,50034.0,50059.0,146.0
2026-06-11 01:40:00,50058.0,50067.0,50032.0,50040.0,116.0
2026-06-11 01:45:00,50040.0,50040.0,50008.0,50023.0,182.0
2026-06-11 01:50:00,50018.0,50024.0,50008.0,50012.0,83.0
2026-06-11 01:55:00,50006.0,50012.0,49982.0,50002.0,146.0
2026-06-11 02:00:00,50005.0,50054.0,50000.0,50054.0,117.0
2026-06-11 02:05:00,50053.0,50057.0,50031.0,50053.0,97.0
2026-06-11 02:10:00,50049.0,50050.0,50017.0,50020.0,118.0
2026-06-11 02:15:00,50021.0,50038.0,50011.0,50020.0,93.0
2026-06-11 02:20:00,50019.0,50025.0,49977.0,49987.0,109.0
2026-06-11 02:25:00,49987.0,50004.0,49966.0,49990.0,173.0
2026-06-11 02:30:00,49993.0,49999.0,49962.0,49981.0,135.0
2026-06-11 02:35:00,49978.0,49999.0,49975.0,49991.0,85.0
2026-06-11 02:40:00,49990.0,50006.0,49988.0,49993.0,73.0
2026-06-11 02:45:00,49990.0,50010.0,49990.0,50002.0,38.0
2026-06-11 02:50:00,50011.0,50013.0,49980.0,49996.0,49.0
2026-06-11 02:55:00,50003.0,50032.0,50003.0,50024.0,104.0
2026-06-11 03:00:00,50031.0,50046.0,50026.0,50044.0,113.0
2026-06-11 03:05:00,50049.0,50050.0,50024.0,50031.0,66.0
2026-06-11 03:10:00,50020.0,50022.0,49995.0,49999.0,68.0
2026-06-11 03:15:00,50007.0,50022.0,50001.0,50001.0,91.0
2026-06-11 03:20:00,50000.0,50024.0,49991.0,50023.0,57.0
2026-06-11 03:25:00,50023.0,50025.0,50006.0,50022.0,36.0
2026-06-11 03:30:00,50021.0,50052.0,50018.0,50049.0,83.0
2026-06-11 03:35:00,50050.0,50060.0,50036.0,50059.0,80.0
2026-06-11 03:40:00,50065.0,50074.0,50061.0,50074.0,71.0
2026-06-11 03:45:00,50072.0,50086.0,50069.0,50074.0,58.0
2026-06-11 03:50:00,50080.0,50111.0,50080.0,50099.0,126.0
2026-06-11 03:55:00,50098.0,50110.0,50096.0,50101.0,89.0
2026-06-11 04:00:00,50104.0,50106.0,50091.0,50095.0,88.0
2026-06-11 04:05:00,50092.0,50108.0,50091.0,50099.0,52.0
2026-06-11 04:10:00,50100.0,50108.0,50093.0,50100.0,75.0
2026-06-11 04:15:00,50099.0,50101.0,50087.0,50094.0,77.0
2026-06-11 04:20:00,50096.0,50124.0,50092.0,50110.0,90.0
2026-06-11 04:25:00,50108.0,50124.0,50106.0,50120.0,73.0
2026-06-11 04:30:00,50119.0,50136.0,50119.0,50120.0,63.0
2026-06-11 04:35:00,50116.0,50150.0,50116.0,50149.0,78.0
2026-06-11 04:40:00,50154.0,50179.0,50150.0,50170.0,102.0
2026-06-11 04:45:00,50171.0,50181.0,50156.0,50157.0,96.0
2026-06-11 04:50:00,50158.0,50158.0,50139.0,50153.0,89.0
2026-06-11 04:55:00,50156.0,50158.0,50146.0,50157.0,52.0
2026-06-11 05:00:00,50157.0,50161.0,50137.0,50145.0,110.0
2026-06-11 05:05:00,50145.0,50145.0,50130.0,50138.0,72.0
2026-06-11 05:10:00,50138.0,50139.0,50121.0,50130.0,68.0
2026-06-11 05:15:00,50131.0,50143.0,50122.0,50134.0,49.0
2026-06-11 05:20:00,50131.0,50140.0,50129.0,50133.0,24.0
2026-06-11 05:25:00,50128.0,50129.0,50113.0,50127.0,104.0
2026-06-11 05:30:00,50129.0,50140.0,50115.0,50140.0,66.0
2026-06-11 05:35:00,50141.0,50143.0,50118.0,50127.0,55.0
2026-06-11 05:40:00,50134.0,50148.0,50130.0,50144.0,57.0
2026-06-11 05:45:00,50138.0,50154.0,50137.0,50143.0,51.0
2026-06-11 05:50:00,50135.0,50146.0,50132.0,50133.0,100.0
2026-06-11 05:55:00,50134.0,50158.0,50133.0,50146.0,54.0
2026-06-11 06:00:00,50147.0,50147.0,50100.0,50100.0,216.0
2026-06-11 06:05:00,50098.0,50099.0,50050.0,50082.0,533.0
2026-06-11 06:10:00,50079.0,50124.0,50078.0,50121.0,171.0
2026-06-11 06:15:00,50123.0,50140.0,50113.0,50115.0,195.0
2026-06-11 06:20:00,50117.0,50132.0,50103.0,50126.0,126.0
2026-06-11 06:25:00,50127.0,50131.0,50110.0,50117.0,125.0
2026-06-11 06:30:00,50117.0,50125.0,50107.0,50114.0,80.0
2026-06-11 06:35:00,50116.0,50164.0,50115.0,50155.0,156.0
2026-06-11 06:40:00,50163.0,50166.0,50149.0,50151.0,74.0
2026-06-11 06:45:00,50156.0,50164.0,50144.0,50158.0,91.0
2026-06-11 06:50:00,50157.0,50171.0,50156.0,50170.0,99.0
2026-06-11 06:55:00,50170.0,50186.0,50160.0,50180.0,117.0
2026-06-11 07:00:00,50181.0,50211.0,50180.0,50209.0,263.0
2026-06-11 07:05:00,50209.0,50212.0,50184.0,50206.0,159.0
2026-06-11 07:10:00,50208.0,50224.0,50185.0,50218.0,224.0
2026-06-11 07:15:00,50219.0,50279.0,50212.0,50267.0,297.0
2026-06-11 07:20:00,50272.0,50306.0,50272.0,50289.0,301.0
2026-06-11 07:25:00,50286.0,50288.0,50252.0,50288.0,198.0
2026-06-11 07:30:00,50293.0,50300.0,50282.0,50290.0,153.0
2026-06-11 07:35:00,50287.0,50320.0,50287.0,50301.0,209.0
2026-06-11 07:40:00,50303.0,50314.0,50288.0,50304.0,167.0
2026-06-11 07:45:00,50302.0,50308.0,50276.0,50277.0,115.0
2026-06-11 07:50:00,50278.0,50299.0,50270.0,50292.0,114.0
2026-06-11 07:55:00,50294.0,50296.0,50284.0,50291.0,94.0
2026-06-11 08:00:00,50288.0,50337.0,50268.0,50303.0,648.0
2026-06-11 08:05:00,50301.0,50327.0,50296.0,50313.0,237.0
2026-06-11 08:10:00,50315.0,50339.0,50309.0,50331.0,280.0
2026-06-11 08:15:00,50329.0,50335.0,50303.0,50304.0,219.0
2026-06-11 08:20:00,50304.0,50306.0,50279.0,50298.0,224.0
2026-06-11 08:25:00,50299.0,50308.0,50275.0,50287.0,199.0
2026-06-11 08:30:00,50288.0,50311.0,50281.0,50308.0,197.0
2026-06-11 08:35:00,50307.0,50316.0,50300.0,50311.0,129.0
2026-06-11 08:40:00,50315.0,50320.0,50304.0,50309.0,166.0
2026-06-11 08:45:00,50311.0,50330.0,50311.0,50321.0,160.0
2026-06-11 08:50:00,50321.0,50334.0,50311.0,50316.0,224.0
2026-06-11 08:55:00,50319.0,50343.0,50316.0,50340.0,148.0
2026-06-11 09:00:00,50335.0,50336.0,50317.0,50331.0,186.0
2026-06-11 09:05:00,50336.0,50337.0,50322.0,50330.0,99.0
2026-06-11 09:10:00,50331.0,50339.0,50321.0,50339.0,138.0
2026-06-11 09:15:00,50338.0,50374.0,50336.0,50364.0,247.0
2026-06-11 09:20:00,50360.0,50363.0,50343.0,50357.0,110.0
2026-06-11 09:25:00,50356.0,50367.0,50351.0,50360.0,121.0
2026-06-11 09:30:00,50359.0,50372.0,50354.0,50366.0,145.0
2026-06-11 09:35:00,50371.0,50383.0,50363.0,50368.0,230.0
2026-06-11 09:40:00,50366.0,50392.0,50363.0,50383.0,165.0
2026-06-11 09:45:00,50383.0,50405.0,50378.0,50383.0,253.0
2026-06-11 09:50:00,50385.0,50392.0,50373.0,50387.0,182.0
2026-06-11 09:55:00,50385.0,50403.0,50378.0,50381.0,193.0
2026-06-11 10:00:00,50380.0,50395.0,50350.0,50356.0,257.0
2026-06-11 10:05:00,50356.0,50357.0,50336.0,50345.0,278.0
2026-06-11 10:10:00,50346.0,50356.0,50338.0,50352.0,141.0
2026-06-11 10:15:00,50351.0,50359.0,50345.0,50346.0,107.0
2026-06-11 10:20:00,50358.0,50363.0,50352.0,50354.0,76.0
2026-06-11 10:25:00,50358.0,50360.0,50313.0,50324.0,183.0
2026-06-11 10:30:00,50325.0,50351.0,50324.0,50350.0,158.0
2026-06-11 10:35:00,50348.0,50351.0,50338.0,50348.0,132.0
2026-06-11 10:40:00,50350.0,50357.0,50346.0,50346.0,85.0
2026-06-11 10:45:00,50346.0,50346.0,50338.0,50339.0,161.0
2026-06-11 10:50:00,50346.0,50363.0,50346.0,50358.0,131.0
2026-06-11 10:55:00,50356.0,50357.0,50338.0,50339.0,109.0
2026-06-11 11:00:00,50341.0,50344.0,50332.0,50339.0,251.0
2026-06-11 11:05:00,50337.0,50342.0,50294.0,50301.0,319.0
2026-06-11 11:10:00,50301.0,50323.0,50301.0,50317.0,166.0
2026-06-11 11:15:00,50318.0,50329.0,50316.0,50326.0,131.0
2026-06-11 11:20:00,50327.0,50330.0,50309.0,50311.0,139.0
2026-06-11 11:25:00,50312.0,50340.0,50304.0,50327.0,305.0
2026-06-11 11:30:00,50325.0,50396.0,50324.0,50359.0,579.0
2026-06-11 11:35:00,50357.0,50388.0,50351.0,50363.0,313.0
2026-06-11 11:40:00,50364.0,50386.0,50346.0,50375.0,138.0
2026-06-11 11:45:00,50376.0,50378.0,50360.0,50360.0,127.0
2026-06-11 11:50:00,50360.0,50380.0,50343.0,50377.0,139.0
2026-06-11 11:55:00,50374.0,50397.0,50373.0,50389.0,210.0
2026-06-11 12:00:00,50388.0,50395.0,50371.0,50380.0,211.0
2026-06-11 12:05:00,50380.0,50384.0,50351.0,50379.0,201.0
2026-06-11 12:10:00,50378.0,50381.0,50359.0,50377.0,217.0
2026-06-11 12:15:00,50375.0,50377.0,50298.0,50322.0,447.0
2026-06-11 12:20:00,50320.0,50328.0,50139.0,50205.0,2647.0
2026-06-11 12:25:00,50204.0,50240.0,50174.0,50208.0,863.0
2026-06-11 12:30:00,50208.0,50260.0,50124.0,50166.0,933.0
2026-06-11 12:35:00,50167.0,50201.0,50145.0,50185.0,433.0
2026-06-11 12:40:00,50183.0,50250.0,50145.0,50205.0,975.0
2026-06-11 12:45:00,50207.0,50271.0,50191.0,50251.0,787.0
2026-06-11 12:50:00,50252.0,50276.0,50241.0,50261.0,469.0
2026-06-11 12:55:00,50258.0,50285.0,50237.0,50265.0,631.0
2026-06-11 13:00:00,50262.0,50265.0,50223.0,50240.0,355.0
2026-06-11 13:05:00,50239.0,50241.0,50199.0,50211.0,367.0
2026-06-11 13:10:00,50209.0,50242.0,50207.0,50223.0,274.0
2026-06-11 13:15:00,50223.0,50233.0,50211.0,50224.0,220.0
2026-06-11 13:20:00,50222.0,50245.0,50219.0,50240.0,177.0
2026-06-11 13:25:00,50236.0,50286.0,50233.0,50268.0,819.0
2026-06-11 13:30:00,50266.0,50300.0,50155.0,50223.0,5616.0
2026-06-11 13:35:00,50224.0,50275.0,50185.0,50210.0,2738.0
2026-06-11 13:40:00,50216.0,50220.0,50160.0,50167.0,2072.0
2026-06-11 13:45:00,50168.0,50343.0,50151.0,50301.0,4409.0
2026-06-11 13:50:00,50302.0,50449.0,50302.0,50432.0,2798.0
2026-06-11 13:55:00,50430.0,50439.0,50327.0,50340.0,1747.0
2026-06-11 14:00:00,50346.0,50390.0,50299.0,50329.0,2385.0
2026-06-11 14:05:00,50329.0,50365.0,50276.0,50309.0,1816.0
2026-06-11 14:10:00,50310.0,50316.0,50182.0,50186.0,2584.0
2026-06-11 14:15:00,50186.0,50219.0,50136.0,50188.0,2210.0
2026-06-11 14:20:00,50186.0,50330.0,50178.0,50306.0,2686.0
2026-06-11 14:25:00,50303.0,50320.0,50211.0,50273.0,1736.0
2026-06-11 14:30:00,50275.0,50311.0,50227.0,50281.0,1770.0
2026-06-11 14:35:00,50278.0,50351.0,50262.0,50299.0,1758.0
2026-06-11 14:40:00,50295.0,50346.0,50292.0,50293.0,1078.0
2026-06-11 14:45:00,50295.0,50329.0,50270.0,50294.0,1299.0
2026-06-11 14:50:00,50291.0,50295.0,50221.0,50237.0,1045.0
2026-06-11 14:55:00,50235.0,50238.0,50144.0,50170.0,1348.0
2026-06-11 15:00:00,50168.0,50213.0,50098.0,50180.0,1690.0
2026-06-11 15:05:00,50178.0,50255.0,50123.0,50212.0,1593.0
2026-06-11 15:10:00,50213.0,50296.0,50205.0,50267.0,1573.0
2026-06-11 15:15:00,50268.0,50314.0,50196.0,50249.0,1239.0
2026-06-11 15:20:00,50246.0,50334.0,50240.0,50322.0,1087.0
2026-06-11 15:25:00,50323.0,50343.0,50276.0,50276.0,896.0
2026-06-11 15:30:00,50274.0,50306.0,50227.0,50276.0,1260.0
2026-06-11 15:35:00,50273.0,50334.0,50265.0,50310.0,872.0
2026-06-11 15:40:00,50309.0,50373.0,50265.0,50283.0,909.0
2026-06-11 15:45:00,50288.0,50304.0,50243.0,50273.0,1248.0
2026-06-11 15:50:00,50269.0,50269.0,50214.0,50234.0,857.0
2026-06-11 15:55:00,50235.0,50299.0,50211.0,50285.0,1162.0
2026-06-11 16:00:00,50285.0,50339.0,50259.0,50283.0,751.0
2026-06-11 16:05:00,50283.0,50366.0,50271.0,50353.0,783.0
2026-06-11 16:10:00,50350.0,50404.0,50346.0,50402.0,782.0
2026-06-11 16:15:00,50404.0,50417.0,50362.0,50396.0,760.0
2026-06-11 16:20:00,50399.0,50410.0,50314.0,50319.0,1165.0
2026-06-11 16:25:00,50320.0,50337.0,50279.0,50283.0,1014.0
2026-06-11 16:30:00,50279.0,50391.0,50242.0,50369.0,1452.0
2026-06-11 16:35:00,50367.0,50395.0,50318.0,50331.0,740.0
2026-06-11 16:40:00,50334.0,50352.0,50325.0,50338.0,361.0
2026-06-11 16:45:00,50337.0,50358.0,50303.0,50336.0,530.0
2026-06-11 16:50:00,50336.0,50342.0,50269.0,50270.0,477.0
2026-06-11 16:55:00,50272.0,50276.0,50230.0,50234.0,487.0
2026-06-11 17:00:00,50231.0,50281.0,50186.0,50204.0,791.0
2026-06-11 17:05:00,50201.0,50257.0,50201.0,50247.0,665.0
2026-06-11 17:10:00,50250.0,50284.0,50224.0,50234.0,729.0
2026-06-11 17:15:00,50229.0,50245.0,50186.0,50197.0,511.0
2026-06-11 17:20:00,50200.0,50221.0,50163.0,50212.0,564.0
2026-06-11 17:25:00,50204.0,50657.0,50204.0,50633.0,3107.0
2026-06-11 17:30:00,50632.0,50774.0,50593.0,50701.0,3932.0
2026-06-11 17:35:00,50706.0,50764.0,50657.0,50744.0,2222.0
2026-06-11 17:40:00,50745.0,50875.0,50712.0,50845.0,2211.0
2026-06-11 17:45:00,50845.0,50861.0,50758.0,50774.0,1629.0
2026-06-11 17:50:00,50776.0,50784.0,50684.0,50731.0,1202.0
2026-06-11 17:55:00,50731.0,50797.0,50703.0,50767.0,1213.0
2026-06-11 18:00:00,50765.0,50808.0,50647.0,50679.0,1438.0
2026-06-11 18:05:00,50677.0,50720.0,50635.0,50671.0,1015.0
2026-06-11 18:10:00,50672.0,50735.0,50665.0,50729.0,712.0
2026-06-11 18:15:00,50726.0,50804.0,50716.0,50790.0,939.0
2026-06-11 18:20:00,50791.0,50791.0,50683.0,50736.0,1541.0
2026-06-11 18:25:00,50736.0,50767.0,50719.0,50725.0,641.0
2026-06-11 18:30:00,50730.0,50776.0,50720.0,50749.0,507.0
2026-06-11 18:35:00,50747.0,50785.0,50737.0,50753.0,581.0
2026-06-11 18:40:00,50750.0,50787.0,50734.0,50776.0,429.0
2026-06-11 18:45:00,50775.0,50823.0,50771.0,50818.0,605.0
2026-06-11 18:50:00,50816.0,50843.0,50810.0,50815.0,485.0
2026-06-11 18:55:00,50813.0,50817.0,50780.0,50809.0,677.0
2026-06-11 19:00:00,50808.0,50864.0,50807.0,50851.0,638.0
2026-06-11 19:05:00,50849.0,50859.0,50788.0,50826.0,649.0
2026-06-11 19:10:00,50821.0,50884.0,50815.0,50848.0,1157.0
2026-06-11 19:15:00,50849.0,50880.0,50827.0,50867.0,689.0
2026-06-11 19:20:00,50867.0,50882.0,50848.0,50864.0,494.0
2026-06-11 19:25:00,50862.0,50910.0,50855.0,50893.0,659.0
2026-06-11 19:30:00,50893.0,51009.0,50891.0,50987.0,1934.0
2026-06-11 19:35:00,50990.0,51007.0,50954.0,50965.0,940.0
2026-06-11 19:40:00,50964.0,51017.0,50949.0,51000.0,846.0
2026-06-11 19:45:00,50998.0,50998.0,50925.0,50925.0,953.0
2026-06-11 19:50:00,50931.0,50944.0,50885.0,50915.0,1261.0
2026-06-11 19:55:00,50915.0,50937.0,50851.0,50871.0,3129.0
2026-06-11 20:00:00,50870.0,50905.0,50856.0,50894.0,1011.0
2026-06-11 20:05:00,50896.0,50921.0,50895.0,50911.0,342.0
2026-06-11 20:10:00,50909.0,50949.0,50898.0,50949.0,441.0
2026-06-11 20:15:00,50949.0,50954.0,50931.0,50935.0,211.0
2026-06-11 20:20:00,50934.0,50952.0,50934.0,50949.0,146.0
2026-06-11 20:25:00,50944.0,50965.0,50918.0,50934.0,237.0
2026-06-11 20:30:00,50931.0,50933.0,50916.0,50916.0,103.0
2026-06-11 20:35:00,50916.0,50916.0,50888.0,50892.0,201.0
2026-06-11 20:40:00,50892.0,50900.0,50881.0,50885.0,105.0
2026-06-11 20:45:00,50882.0,50887.0,50875.0,50880.0,81.0
2026-06-11 20:50:00,50877.0,50889.0,50872.0,50885.0,98.0
2026-06-11 20:55:00,50886.0,50919.0,50884.0,50910.0,159.0
2026-06-11 22:00:00,50910.0,50948.0,50891.0,50943.0,0.0
2026-06-11 22:05:00,50941.0,50952.0,50925.0,50948.0,59.0
2026-06-11 22:10:00,50949.0,50974.0,50949.0,50972.0,67.0
2026-06-11 22:15:00,50965.0,50988.0,50958.0,50971.0,90.0
2026-06-11 22:20:00,50970.0,50973.0,50952.0,50953.0,60.0
2026-06-11 22:25:00,50951.0,50958.0,50947.0,50955.0,33.0
2026-06-11 22:30:00,50955.0,50956.0,50941.0,50946.0,86.0
2026-06-11 22:35:00,50947.0,50949.0,50936.0,50938.0,26.0
2026-06-11 22:40:00,50933.0,50949.0,50933.0,50938.0,62.0
2026-06-11 22:45:00,50938.0,50954.0,50927.0,50936.0,102.0
2026-06-11 22:50:00,50936.0,50950.0,50933.0,50938.0,41.0
2026-06-11 22:55:00,50948.0,50952.0,50935.0,50949.0,43.0
2026-06-11 23:00:00,50948.0,50949.0,50931.0,50942.0,48.0
2026-06-11 23:05:00,50933.0,50942.0,50924.0,50936.0,34.0
2026-06-11 23:10:00,50934.0,50938.0,50926.0,50933.0,17.0
2026-06-11 23:15:00,50940.0,50952.0,50935.0,50940.0,32.0
2026-06-11 23:20:00,50936.0,50942.0,50914.0,50917.0,42.0
2026-06-11 23:25:00,50924.0,50931.0,50912.0,50929.0,63.0
2026-06-11 23:30:00,50932.0,50938.0,50928.0,50934.0,26.0
2026-06-11 23:35:00,50934.0,50948.0,50933.0,50943.0,34.0
2026-06-11 23:40:00,50948.0,50958.0,50948.0,50957.0,12.0
2026-06-11 23:45:00,50963.0,50988.0,50963.0,50970.0,60.0
2026-06-11 23:50:00,50966.0,50970.0,50955.0,50960.0,28.0
2026-06-11 23:55:00,50963.0,50976.0,50958.0,50964.0,39.0
2026-06-12 00:00:00,50958.0,50965.0,50903.0,50931.0,117.0
2026-06-12 00:05:00,50933.0,50952.0,50921.0,50934.0,75.0
2026-06-12 00:10:00,50936.0,50936.0,50926.0,50931.0,48.0
2026-06-12 00:15:00,50926.0,50926.0,50904.0,50923.0,44.0
2026-06-12 00:20:00,50913.0,50942.0,50913.0,50942.0,50.0
2026-06-12 00:25:00,50930.0,50949.0,50917.0,50932.0,112.0
2026-06-12 00:30:00,50939.0,50944.0,50932.0,50939.0,59.0
2026-06-12 00:35:00,50947.0,50947.0,50919.0,50919.0,39.0
2026-06-12 00:40:00,50915.0,50927.0,50897.0,50903.0,54.0
2026-06-12 00:45:00,50910.0,50923.0,50904.0,50910.0,37.0
2026-06-12 00:50:00,50915.0,50921.0,50900.0,50900.0,21.0
2026-06-12 00:55:00,50898.0,50913.0,50887.0,50909.0,66.0
2026-06-12 01:00:00,50915.0,50915.0,50880.0,50888.0,90.0
2026-06-12 01:05:00,50883.0,50894.0,50876.0,50894.0,47.0
2026-06-12 01:10:00,50892.0,50898.0,50877.0,50894.0,28.0
2026-06-12 01:15:00,50897.0,50902.0,50881.0,50881.0,31.0
2026-06-12 01:20:00,50885.0,50888.0,50867.0,50879.0,73.0
2026-06-12 01:25:00,50868.0,50869.0,50836.0,50863.0,103.0
2026-06-12 01:30:00,50865.0,50878.0,50858.0,50878.0,37.0
2026-06-12 01:35:00,50875.0,50877.0,50850.0,50873.0,54.0
2026-06-12 01:40:00,50878.0,50893.0,50867.0,50877.0,33.0
2026-06-12 01:45:00,50883.0,50907.0,50883.0,50906.0,34.0
2026-06-12 01:50:00,50901.0,50909.0,50897.0,50899.0,33.0
2026-06-12 01:55:00,50906.0,50929.0,50904.0,50924.0,24.0
2026-06-12 02:00:00,50926.0,50938.0,50926.0,50935.0,57.0
2026-06-12 02:05:00,50932.0,50942.0,50928.0,50942.0,29.0
2026-06-12 02:10:00,50945.0,50948.0,50927.0,50933.0,57.0
2026-06-12 02:15:00,50932.0,50933.0,50925.0,50927.0,15.0
2026-06-12 02:20:00,50934.0,50940.0,50929.0,50929.0,24.0
2026-06-12 02:25:00,50930.0,50930.0,50910.0,50910.0,45.0
2026-06-12 02:30:00,50914.0,50923.0,50912.0,50915.0,20.0
2026-06-12 02:35:00,50916.0,50932.0,50912.0,50932.0,28.0
2026-06-12 02:40:00,50931.0,50941.0,50928.0,50937.0,27.0
2026-06-12 02:45:00,50930.0,50940.0,50921.0,50938.0,24.0
2026-06-12 02:50:00,50927.0,50934.0,50923.0,50934.0,14.0
2026-06-12 02:55:00,50928.0,50930.0,50922.0,50922.0,12.0
2026-06-12 03:00:00,50926.0,50927.0,50918.0,50918.0,12.0
2026-06-12 03:05:00,50919.0,50926.0,50912.0,50913.0,18.0
2026-06-12 03:10:00,50916.0,50916.0,50886.0,50896.0,43.0
2026-06-12 03:15:00,50890.0,50899.0,50883.0,50895.0,20.0
2026-06-12 03:20:00,50894.0,50894.0,50874.0,50875.0,33.0
2026-06-12 03:25:00,50875.0,50896.0,50875.0,50889.0,27.0
2026-06-12 03:30:00,50896.0,50907.0,50891.0,50905.0,24.0
2026-06-12 03:35:00,50903.0,50907.0,50900.0,50907.0,6.0
2026-06-12 03:40:00,50915.0,50923.0,50912.0,50913.0,22.0
2026-06-12 03:45:00,50913.0,50913.0,50892.0,50910.0,29.0
2026-06-12 03:50:00,50919.0,50922.0,50907.0,50911.0,20.0
2026-06-12 03:55:00,50924.0,50926.0,50918.0,50919.0,10.0
2026-06-12 04:00:00,50919.0,50919.0,50902.0,50908.0,16.0
2026-06-12 04:05:00,50911.0,50911.0,50884.0,50890.0,23.0
2026-06-12 04:10:00,50882.0,50899.0,50881.0,50899.0,22.0
2026-06-12 04:15:00,50900.0,50905.0,50888.0,50889.0,17.0
2026-06-12 04:20:00,50889.0,50909.0,50889.0,50903.0,18.0
2026-06-12 04:25:00,50906.0,50926.0,50906.0,50926.0,5.0
2026-06-12 04:30:00,50919.0,50931.0,50916.0,50930.0,20.0
2026-06-12 04:35:00,50926.0,50927.0,50921.0,50927.0,9.0
2026-06-12 04:40:00,50929.0,50938.0,50929.0,50930.0,19.0
2026-06-12 04:45:00,50934.0,50936.0,50929.0,50929.0,19.0
2026-06-12 04:50:00,50928.0,50939.0,50923.0,50928.0,17.0
2026-06-12 04:55:00,50929.0,50941.0,50929.0,50931.0,22.0
2026-06-12 05:00:00,50941.0,50943.0,50923.0,50925.0,26.0
2026-06-12 05:05:00,50922.0,50931.0,50906.0,50913.0,23.0
2026-06-12 05:10:00,50914.0,50932.0,50902.0,50929.0,50.0
2026-06-12 05:15:00,50926.0,50939.0,50925.0,50931.0,27.0
2026-06-12 05:20:00,50932.0,50942.0,50932.0,50938.0,25.0
2026-06-12 05:25:00,50932.0,50941.0,50931.0,50941.0,12.0
2026-06-12 05:30:00,50934.0,50935.0,50907.0,50915.0,46.0
2026-06-12 05:35:00,50913.0,50917.0,50890.0,50896.0,46.0
2026-06-12 05:40:00,50899.0,50930.0,50893.0,50908.0,44.0
2026-06-12 05:45:00,50917.0,50917.0,50894.0,50896.0,79.0
2026-06-12 05:50:00,50897.0,50903.0,50851.0,50895.0,122.0
2026-06-12 05:55:00,50890.0,50896.0,50877.0,50884.0,29.0
2026-06-12 06:00:00,50898.0,50942.0,50891.0,50925.0,108.0
2026-06-12 06:05:00,50929.0,50947.0,50919.0,50943.0,42.0
2026-06-12 06:10:00,50933.0,50957.0,50931.0,50936.0,92.0
2026-06-12 06:15:00,50934.0,50940.0,50921.0,50930.0,36.0
2026-06-12 06:20:00,50930.0,50937.0,50924.0,50933.0,21.0
2026-06-12 06:25:00,50929.0,50929.0,50914.0,50921.0,27.0
2026-06-12 06:30:00,50919.0,50921.0,50898.0,50902.0,90.0
2026-06-12 06:35:00,50899.0,50901.0,50890.0,50894.0,46.0
2026-06-12 06:40:00,50896.0,50896.0,50867.0,50880.0,97.0
2026-06-12 06:45:00,50876.0,50890.0,50872.0,50883.0,38.0
2026-06-12 06:50:00,50885.0,50891.0,50868.0,50868.0,74.0
2026-06-12 06:55:00,50867.0,50883.0,50865.0,50882.0,41.0
2026-06-12 07:00:00,50886.0,50892.0,50843.0,50847.0,166.0
2026-06-12 07:05:00,50855.0,50883.0,50851.0,50883.0,74.0
2026-06-12 07:10:00,50890.0,50891.0,50854.0,50857.0,75.0
2026-06-12 07:15:00,50859.0,50862.0,50837.0,50854.0,83.0
2026-06-12 07:20:00,50850.0,50864.0,50845.0,50864.0,62.0
2026-06-12 07:25:00,50860.0,50864.0,50847.0,50855.0,44.0
2026-06-12 07:30:00,51227.0,51238.0,51224.0,51238.0,2199.0
2026-06-12 07:35:00,51246.0,51280.0,51245.0,51263.0,100.0
2026-06-12 07:40:00,51259.0,51287.0,51257.0,51287.0,53.0
2026-06-12 07:45:00,51292.0,51292.0,51265.0,51276.0,72.0
2026-06-12 07:50:00,51274.0,51288.0,51273.0,51285.0,73.0
2026-06-12 07:55:00,51286.0,51406.0,51286.0,51352.0,411.0
2026-06-12 08:00:00,51353.0,51409.0,51349.0,51376.0,194.0
2026-06-12 08:05:00,51378.0,51461.0,51375.0,51461.0,213.0
2026-06-12 08:10:00,51464.0,51495.0,51458.0,51487.0,182.0
2026-06-12 08:15:00,51479.0,51575.0,51464.0,51543.0,240.0
2026-06-12 08:20:00,51547.0,51590.0,51525.0,51560.0,185.0
2026-06-12 08:25:00,51556.0,51571.0,51544.0,51554.0,91.0
2026-06-12 08:30:00,51557.0,51572.0,51535.0,51535.0,87.0
2026-06-12 08:35:00,51529.0,51529.0,51486.0,51486.0,152.0
2026-06-12 08:40:00,51484.0,51494.0,51467.0,51491.0,91.0
2026-06-12 08:45:00,51496.0,51515.0,51472.0,51515.0,69.0
2026-06-12 08:50:00,51516.0,51528.0,51505.0,51524.0,127.0
2026-06-12 08:55:00,51524.0,51534.0,51514.0,51518.0,96.0
2026-06-12 09:00:00,51524.0,51549.0,51524.0,51545.0,74.0
2026-06-12 09:05:00,51542.0,51545.0,51523.0,51537.0,107.0
2026-06-12 09:10:00,51538.0,51572.0,51529.0,51572.0,115.0
2026-06-12 09:15:00,51575.0,51624.0,51573.0,51611.0,263.0
2026-06-12 09:20:00,51610.0,51613.0,51573.0,51581.0,148.0
2026-06-12 09:25:00,51584.0,51632.0,51578.0,51620.0,132.0
2026-06-12 09:30:00,51615.0,51710.0,51614.0,51710.0,248.0
2026-06-12 09:35:00,51710.0,51723.0,51678.0,51687.0,342.0
2026-06-12 09:40:00,51684.0,51709.0,51678.0,51704.0,224.0
2026-06-12 09:45:00,51703.0,51714.0,51669.0,51674.0,114.0
2026-06-12 09:50:00,51669.0,51677.0,51656.0,51675.0,101.0
2026-06-12 09:55:00,51677.0,51694.0,51649.0,51653.0,135.0
2026-06-12 10:00:00,51651.0,51677.0,51644.0,51646.0,237.0
2026-06-12 10:05:00,51647.0,51652.0,51631.0,51636.0,104.0
2026-06-12 10:10:00,51632.0,51634.0,51582.0,51598.0,322.0
2026-06-12 10:15:00,51600.0,51603.0,51552.0,51560.0,171.0
2026-06-12 10:20:00,51556.0,51556.0,51527.0,51544.0,266.0
2026-06-12 10:25:00,51550.0,51552.0,51478.0,51494.0,407.0
2026-06-12 10:30:00,51496.0,51545.0,51486.0,51512.0,236.0
2026-06-12 10:35:00,51512.0,51536.0,51500.0,51503.0,80.0
2026-06-12 10:40:00,51508.0,51527.0,51508.0,51520.0,55.0
2026-06-12 10:45:00,51522.0,51526.0,51509.0,51509.0,49.0
2026-06-12 10:50:00,51507.0,51511.0,51497.0,51509.0,55.0
2026-06-12 10:55:00,51511.0,51530.0,51492.0,51517.0,144.0
2026-06-12 11:00:00,51521.0,51535.0,51510.0,51522.0,171.0
2026-06-12 11:05:00,51516.0,51530.0,51498.0,51518.0,73.0
2026-06-12 11:10:00,51522.0,51556.0,51522.0,51551.0,106.0
2026-06-12 11:15:00,51554.0,51559.0,51538.0,51553.0,152.0
2026-06-12 11:20:00,51553.0,51597.0,51551.0,51597.0,177.0
2026-06-12 11:25:00,51596.0,51609.0,51590.0,51601.0,108.0
2026-06-12 11:30:00,51594.0,51603.0,51553.0,51567.0,193.0
2026-06-12 11:35:00,51568.0,51586.0,51565.0,51565.0,96.0
2026-06-12 11:40:00,51574.0,51609.0,51572.0,51608.0,104.0
2026-06-12 11:45:00,51607.0,51622.0,51599.0,51605.0,133.0
2026-06-12 11:50:00,51607.0,51651.0,51607.0,51649.0,95.0
2026-06-12 11:55:00,51649.0,51652.0,51620.0,51622.0,103.0
2026-06-12 12:00:00,51620.0,51631.0,51570.0,51579.0,178.0
2026-06-12 12:05:00,51579.0,51592.0,51553.0,51573.0,164.0
2026-06-12 12:10:00,51576.0,51579.0,51562.0,51567.0,96.0
2026-06-12 12:15:00,51570.0,51585.0,51547.0,51580.0,162.0
2026-06-12 12:20:00,51574.0,51574.0,51533.0,51537.0,269.0
2026-06-12 12:25:00,51537.0,51553.0,51535.0,51546.0,325.0
2026-06-12 12:30:00,51542.0,51560.0,51539.0,51547.0,227.0
2026-06-12 12:35:00,51547.0,51557.0,51501.0,51504.0,561.0
2026-06-12 12:40:00,51507.0,51514.0,51468.0,51481.0,501.0
2026-06-12 12:45:00,51485.0,51499.0,51463.0,51496.0,386.0
2026-06-12 12:50:00,51495.0,51510.0,51453.0,51453.0,266.0
2026-06-12 12:55:00,51457.0,51472.0,51413.0,51416.0,544.0
2026-06-12 13:00:00,51418.0,51446.0,51400.0,51446.0,829.0
2026-06-12 13:05:00,51449.0,51494.0,51449.0,51485.0,726.0
2026-06-12 13:10:00,51489.0,51517.0,51475.0,51517.0,228.0
2026-06-12 13:15:00,51515.0,51560.0,51506.0,51559.0,227.0
2026-06-12 13:20:00,51562.0,51581.0,51539.0,51539.0,247.0
2026-06-12 13:25:00,51542.0,51586.0,51527.0,51586.0,483.0
2026-06-12 13:30:00,51587.0,51631.0,51488.0,51538.0,3488.0
2026-06-12 13:35:00,51539.0,51546.0,51415.0,51450.0,1871.0
2026-06-12 13:40:00,51449.0,51450.0,51253.0,51289.0,2823.0
2026-06-12 13:45:00,51288.0,51332.0,51230.0,51265.0,1840.0
2026-06-12 13:50:00,51268.0,51325.0,51238.0,51287.0,1108.0
2026-06-12 13:55:00,51286.0,51335.0,51276.0,51306.0,793.0
2026-06-12 14:00:00,51311.0,51429.0,51274.0,51413.0,1438.0
2026-06-12 14:05:00,51413.0,51489.0,51383.0,51460.0,1277.0
2026-06-12 14:10:00,51457.0,51473.0,51339.0,51368.0,1416.0
2026-06-12 14:15:00,51368.0,51483.0,51364.0,51424.0,1132.0
2026-06-12 14:20:00,51420.0,51446.0,51354.0,51383.0,1064.0
2026-06-12 14:25:00,51383.0,51476.0,51383.0,51447.0,677.0
2026-06-12 14:30:00,51445.0,51501.0,51436.0,51473.0,862.0
2026-06-12 14:35:00,51470.0,51542.0,51459.0,51532.0,1104.0
2026-06-12 14:40:00,51530.0,51540.0,51425.0,51431.0,1052.0
2026-06-12 14:45:00,51432.0,51478.0,51394.0,51422.0,822.0
2026-06-12 14:50:00,51419.0,51691.0,51416.0,51690.0,2323.0
2026-06-12 14:55:00,51686.0,51747.0,51637.0,51725.0,1744.0
2026-06-12 15:00:00,51730.0,51792.0,51713.0,51737.0,1297.0
2026-06-12 15:05:00,51736.0,51765.0,51723.0,51726.0,618.0
2026-06-12 15:10:00,51728.0,51770.0,51705.0,51747.0,592.0
2026-06-12 15:15:00,51751.0,51759.0,51706.0,51748.0,411.0
2026-06-12 15:20:00,51749.0,51821.0,51732.0,51812.0,573.0
2026-06-12 15:25:00,51813.0,51813.0,51771.0,51780.0,556.0
2026-06-12 15:30:00,51783.0,51784.0,51699.0,51701.0,642.0
2026-06-12 15:35:00,51700.0,51778.0,51625.0,51668.0,1229.0
2026-06-12 15:40:00,51668.0,51674.0,51614.0,51623.0,653.0
2026-06-12 15:45:00,51624.0,51680.0,51528.0,51544.0,903.0
2026-06-12 15:50:00,51542.0,51626.0,51522.0,51610.0,833.0
2026-06-12 15:55:00,51605.0,51613.0,51492.0,51509.0,815.0
2026-06-12 16:00:00,51506.0,51530.0,51445.0,51476.0,1020.0
2026-06-12 16:05:00,51474.0,51512.0,51438.0,51499.0,1981.0
2026-06-12 16:10:00,51491.0,51677.0,51468.0,51594.0,1244.0
2026-06-12 16:15:00,51591.0,51655.0,51541.0,51547.0,464.0
2026-06-12 16:20:00,51553.0,51582.0,51514.0,51568.0,393.0
2026-06-12 16:25:00,51558.0,51581.0,51531.0,51546.0,248.0
2026-06-12 16:30:00,51547.0,51570.0,51530.0,51557.0,532.0
2026-06-12 16:35:00,51559.0,51568.0,51513.0,51559.0,431.0
2026-06-12 16:40:00,51563.0,51601.0,51530.0,51545.0,406.0
2026-06-12 16:45:00,51547.0,51606.0,51542.0,51606.0,383.0
2026-06-12 16:50:00,51602.0,51612.0,51567.0,51574.0,988.0
2026-06-12 16:55:00,51577.0,51600.0,51534.0,51593.0,544.0
2026-06-12 17:00:00,51593.0,51632.0,51589.0,51612.0,692.0
2026-06-12 17:05:00,51612.0,51687.0,51607.0,51623.0,715.0
2026-06-12 17:10:00,51626.0,51651.0,51591.0,51642.0,504.0
2026-06-12 17:15:00,51639.0,51685.0,51625.0,51682.0,283.0
2026-06-12 17:20:00,51681.0,51694.0,51652.0,51662.0,272.0
2026-06-12 17:25:00,51665.0,51674.0,51626.0,51645.0,196.0
2026-06-12 17:30:00,51649.0,51651.0,51607.0,51616.0,388.0
2026-06-12 17:35:00,51613.0,51644.0,51599.0,51628.0,630.0
2026-06-12 17:40:00,51630.0,51639.0,51612.0,51628.0,189.0
2026-06-12 17:45:00,51627.0,51644.0,51620.0,51639.0,175.0
2026-06-12 17:50:00,51639.0,51660.0,51631.0,51640.0,151.0
2026-06-12 17:55:00,51638.0,51638.0,51592.0,51607.0,201.0
2026-06-12 18:00:00,51610.0,51627.0,51595.0,51608.0,248.0
2026-06-12 18:05:00,51609.0,51613.0,51569.0,51601.0,260.0
2026-06-12 18:10:00,51602.0,51652.0,51600.0,51611.0,439.0
2026-06-12 18:15:00,51608.0,51631.0,51585.0,51595.0,299.0
2026-06-12 18:20:00,51596.0,51621.0,51593.0,51619.0,201.0
2026-06-12 18:25:00,51615.0,51638.0,51605.0,51633.0,243.0
2026-06-12 18:30:00,51632.0,51661.0,51629.0,51652.0,191.0
2026-06-12 18:35:00,51650.0,51670.0,51645.0,51670.0,168.0
2026-06-12 18:40:00,51669.0,51696.0,51669.0,51689.0,245.0
2026-06-12 18:45:00,51690.0,51703.0,51665.0,51673.0,224.0
2026-06-12 18:50:00,51668.0,51691.0,51648.0,51691.0,173.0
2026-06-12 18:55:00,51689.0,51689.0,51627.0,51628.0,532.0
2026-06-12 19:00:00,51626.0,51682.0,51622.0,51673.0,486.0
2026-06-12 19:05:00,51669.0,51680.0,51643.0,51654.0,235.0
2026-06-12 19:10:00,51657.0,51660.0,51620.0,51635.0,159.0
2026-06-12 19:15:00,51635.0,51637.0,51609.0,51637.0,448.0
2026-06-12 19:20:00,51636.0,51647.0,51624.0,51637.0,213.0
2026-06-12 19:25:00,51636.0,51654.0,51622.0,51630.0,184.0
2026-06-12 19:30:00,51630.0,51641.0,51569.0,51569.0,417.0
2026-06-12 19:35:00,51571.0,51635.0,51547.0,51587.0,1159.0
2026-06-12 19:40:00,51583.0,51604.0,51573.0,51585.0,688.0
2026-06-12 19:45:00,51586.0,51597.0,51566.0,51589.0,522.0
2026-06-12 19:50:00,51594.0,51612.0,51579.0,51604.0,833.0
2026-06-12 19:55:00,51604.0,51633.0,51583.0,51603.0,2287.0
2026-06-12 20:00:00,51600.0,51648.0,51599.0,51628.0,1149.0
2026-06-12 20:05:00,51627.0,51642.0,51622.0,51632.0,414.0
2026-06-12 20:10:00,51631.0,51655.0,51631.0,51653.0,273.0
2026-06-12 20:15:00,51652.0,51661.0,51647.0,51660.0,35.0
2026-06-12 20:20:00,51659.0,51659.0,51643.0,51645.0,53.0
2026-06-12 20:25:00,51648.0,51651.0,51642.0,51642.0,16.0
2026-06-12 20:30:00,51645.0,51654.0,51642.0,51642.0,77.0
2026-06-12 20:35:00,51641.0,51646.0,51634.0,51638.0,33.0
2026-06-12 20:40:00,51642.0,51650.0,51624.0,51624.0,92.0
2026-06-12 20:45:00,51623.0,51623.0,51598.0,51608.0,167.0
2026-06-12 20:50:00,51608.0,51613.0,51594.0,51597.0,98.0
2026-06-12 20:55:00,51598.0,51610.0,51591.0,51605.0,77.0
2026-06-14 22:10:00,51950.0,51958.0,51934.0,51952.0,90.0
2026-06-14 22:15:00,51954.0,51954.0,51921.0,51947.0,26.0
2026-06-14 22:20:00,51956.0,51962.0,51939.0,51953.0,46.0
2026-06-14 22:25:00,51949.0,51949.0,51898.0,51899.0,79.0
2026-06-14 22:30:00,51902.0,51905.0,51875.0,51887.0,111.0
2026-06-14 22:35:00,51901.0,51903.0,51875.0,51885.0,66.0
2026-06-14 22:40:00,51882.0,51891.0,51880.0,51886.0,23.0
2026-06-14 22:45:00,51883.0,51909.0,51879.0,51899.0,33.0
2026-06-14 22:50:00,51906.0,51918.0,51896.0,51917.0,30.0
2026-06-14 22:55:00,51914.0,51928.0,51913.0,51913.0,13.0
2026-06-14 23:00:00,51913.0,51926.0,51913.0,51914.0,25.0
2026-06-14 23:05:00,51919.0,51926.0,51904.0,51914.0,54.0
2026-06-14 23:10:00,51915.0,51916.0,51889.0,51892.0,61.0
2026-06-14 23:15:00,51891.0,51892.0,51864.0,51865.0,71.0
2026-06-14 23:20:00,51867.0,51882.0,51846.0,51877.0,102.0
2026-06-14 23:25:00,51879.0,51893.0,51876.0,51887.0,72.0
2026-06-14 23:30:00,51889.0,51910.0,51889.0,51907.0,69.0
2026-06-14 23:35:00,51910.0,51933.0,51910.0,51930.0,55.0
2026-06-14 23:40:00,51933.0,51939.0,51920.0,51922.0,34.0
2026-06-14 23:45:00,51919.0,51929.0,51891.0,51916.0,88.0
2026-06-14 23:50:00,51911.0,51938.0,51909.0,51933.0,21.0
2026-06-14 23:55:00,51934.0,51944.0,51932.0,51941.0,33.0
2026-06-15 00:00:00,51939.0,51961.0,51929.0,51943.0,244.0
2026-06-15 00:05:00,51943.0,51948.0,51923.0,51937.0,143.0
2026-06-15 00:10:00,51946.0,51985.0,51945.0,51972.0,202.0
2026-06-15 00:15:00,51981.0,51991.0,51963.0,51978.0,183.0
2026-06-15 00:20:00,51980.0,51991.0,51962.0,51978.0,147.0
2026-06-15 00:25:00,51979.0,51998.0,51976.0,51986.0,128.0
2026-06-15 00:30:00,51987.0,52005.0,51984.0,51998.0,150.0
2026-06-15 00:35:00,51999.0,52005.0,51984.0,51996.0,168.0
2026-06-15 00:40:00,51994.0,51997.0,51979.0,51993.0,91.0
2026-06-15 00:45:00,51991.0,52004.0,51982.0,51998.0,114.0
2026-06-15 00:50:00,51995.0,52003.0,51988.0,51996.0,49.0
2026-06-15 00:55:00,51988.0,51996.0,51987.0,51994.0,36.0
2026-06-15 01:00:00,51995.0,52020.0,51987.0,52014.0,137.0
2026-06-15 01:05:00,52013.0,52020.0,52002.0,52016.0,45.0
2026-06-15 01:10:00,52016.0,52030.0,52008.0,52021.0,129.0
2026-06-15 01:15:00,52020.0,52028.0,52015.0,52021.0,81.0
2026-06-15 01:20:00,52018.0,52033.0,52016.0,52024.0,38.0
2026-06-15 01:25:00,52022.0,52038.0,52019.0,52031.0,55.0
2026-06-15 01:30:00,52033.0,52039.0,52028.0,52038.0,31.0
2026-06-15 01:35:00,52041.0,52043.0,52032.0,52032.0,91.0
2026-06-15 01:40:00,52033.0,52036.0,52022.0,52028.0,105.0
2026-06-15 01:45:00,52028.0,52030.0,52020.0,52024.0,86.0
2026-06-15 01:50:00,52023.0,52034.0,52021.0,52021.0,88.0
2026-06-15 01:55:00,52022.0,52023.0,52010.0,52019.0,78.0
2026-06-15 02:00:00,52018.0,52036.0,52018.0,52034.0,137.0
2026-06-15 02:05:00,52037.0,52051.0,52028.0,52048.0,89.0
2026-06-15 02:10:00,52049.0,52052.0,52044.0,52049.0,42.0
2026-06-15 02:15:00,52047.0,52051.0,52046.0,52050.0,21.0
2026-06-15 02:20:00,52050.0,52060.0,52044.0,52059.0,23.0
2026-06-15 02:25:00,52059.0,52062.0,52053.0,52056.0,53.0
2026-06-15 02:30:00,52057.0,52058.0,52045.0,52045.0,56.0
2026-06-15 02:35:00,52046.0,52063.0,52043.0,52061.0,77.0
2026-06-15 02:40:00,52060.0,52067.0,52054.0,52059.0,33.0
2026-06-15 02:45:00,52062.0,52062.0,52057.0,52061.0,25.0
2026-06-15 02:50:00,52061.0,52072.0,52060.0,52071.0,70.0
2026-06-15 02:55:00,52071.0,52074.0,52069.0,52071.0,25.0
2026-06-15 03:00:00,52070.0,52070.0,52054.0,52063.0,87.0
2026-06-15 03:05:00,52065.0,52065.0,52053.0,52063.0,32.0
2026-06-15 03:10:00,52067.0,52070.0,52054.0,52061.0,71.0
2026-06-15 03:15:00,52063.0,52080.0,52061.0,52070.0,44.0
2026-06-15 03:20:00,52068.0,52069.0,52065.0,52066.0,13.0
2026-06-15 03:25:00,52065.0,52069.0,52062.0,52068.0,27.0
2026-06-15 03:30:00,52070.0,52070.0,52061.0,52069.0,32.0
2026-06-15 03:35:00,52069.0,52069.0,52058.0,52061.0,12.0
2026-06-15 03:40:00,52059.0,52061.0,52043.0,52051.0,79.0
2026-06-15 03:45:00,52051.0,52063.0,52047.0,52059.0,36.0
2026-06-15 03:50:00,52058.0,52058.0,52049.0,52056.0,20.0
2026-06-15 03:55:00,52054.0,52055.0,52045.0,52053.0,33.0
2026-06-15 04:00:00,52056.0,52058.0,52041.0,52045.0,44.0
2026-06-15 04:05:00,52043.0,52049.0,52043.0,52045.0,21.0
2026-06-15 04:10:00,52048.0,52048.0,52039.0,52041.0,10.0
2026-06-15 04:15:00,52050.0,52054.0,52045.0,52054.0,45.0
2026-06-15 04:20:00,52059.0,52060.0,52052.0,52057.0,25.0
2026-06-15 04:25:00,52060.0,52067.0,52059.0,52066.0,29.0
2026-06-15 04:30:00,52065.0,52074.0,52061.0,52071.0,46.0
2026-06-15 04:35:00,52071.0,52072.0,52064.0,52071.0,25.0
2026-06-15 04:40:00,52071.0,52072.0,52059.0,52070.0,29.0
2026-06-15 04:45:00,52070.0,52075.0,52069.0,52074.0,24.0
2026-06-15 04:50:00,52075.0,52089.0,52075.0,52087.0,69.0
2026-06-15 04:55:00,52086.0,52110.0,52086.0,52105.0,110.0
2026-06-15 05:00:00,52105.0,52109.0,52099.0,52103.0,63.0
2026-06-15 05:05:00,52102.0,52117.0,52100.0,52117.0,58.0
2026-06-15 05:10:00,52119.0,52125.0,52112.0,52123.0,62.0
2026-06-15 05:15:00,52121.0,52131.0,52118.0,52130.0,62.0
2026-06-15 05:20:00,52129.0,52142.0,52129.0,52133.0,107.0
2026-06-15 05:25:00,52132.0,52145.0,52130.0,52144.0,97.0
2026-06-15 05:30:00,52143.0,52151.0,52127.0,52131.0,95.0
2026-06-15 05:35:00,52130.0,52140.0,52124.0,52140.0,206.0
2026-06-15 05:40:00,52140.0,52149.0,52135.0,52136.0,124.0
2026-06-15 05:45:00,52134.0,52141.0,52126.0,52137.0,83.0
2026-06-15 05:50:00,52136.0,52145.0,52124.0,52126.0,120.0
2026-06-15 05:55:00,52121.0,52134.0,52114.0,52134.0,45.0
2026-06-15 06:00:00,52137.0,52148.0,52119.0,52129.0,174.0
2026-06-15 06:05:00,52129.0,52133.0,52114.0,52115.0,105.0
2026-06-15 06:10:00,52116.0,52121.0,52114.0,52118.0,67.0
2026-06-15 06:15:00,52116.0,52116.0,52097.0,52109.0,124.0
2026-06-15 06:20:00,52110.0,52143.0,52109.0,52143.0,92.0
2026-06-15 06:25:00,52145.0,52152.0,52131.0,52136.0,106.0
2026-06-15 06:30:00,52133.0,52137.0,52109.0,52111.0,135.0
2026-06-15 06:35:00,52110.0,52117.0,52097.0,52112.0,104.0
2026-06-15 06:40:00,52108.0,52117.0,52106.0,52108.0,98.0
2026-06-15 06:45:00,52107.0,52113.0,52103.0,52109.0,58.0
2026-06-15 06:50:00,52112.0,52120.0,52097.0,52097.0,56.0
2026-06-15 06:55:00,52093.0,52103.0,52088.0,52098.0,102.0
2026-06-15 07:00:00,52098.0,52113.0,52074.0,52113.0,209.0
2026-06-15 07:05:00,52115.0,52130.0,52115.0,52123.0,97.0
2026-06-15 07:10:00,52119.0,52122.0,52100.0,52117.0,100.0
2026-06-15 07:15:00,52119.0,52157.0,52114.0,52145.0,213.0
2026-06-15 07:20:00,52142.0,52152.0,52126.0,52135.0,99.0
2026-06-15 07:25:00,52137.0,52156.0,52122.0,52140.0,194.0
2026-06-15 07:30:00,52143.0,52144.0,52123.0,52143.0,186.0
2026-06-15 07:35:00,52141.0,52155.0,52139.0,52154.0,119.0
2026-06-15 07:40:00,52148.0,52161.0,52143.0,52143.0,108.0
2026-06-15 07:45:00,52142.0,52144.0,52127.0,52131.0,90.0
2026-06-15 07:50:00,52133.0,52143.0,52118.0,52138.0,258.0
2026-06-15 07:55:00,52136.0,52136.0,52098.0,52104.0,212.0
2026-06-15 08:00:00,52100.0,52133.0,52090.0,52102.0,273.0
2026-06-15 08:05:00,52100.0,52101.0,52069.0,52077.0,283.0
2026-06-15 08:10:00,52088.0,52093.0,52061.0,52064.0,207.0
2026-06-15 08:15:00,52064.0,52070.0,52046.0,52046.0,158.0
2026-06-15 08:20:00,52048.0,52061.0,52041.0,52053.0,114.0
2026-06-15 08:25:00,52054.0,52089.0,52054.0,52086.0,186.0
2026-06-15 08:30:00,52084.0,52088.0,52053.0,52056.0,121.0
2026-06-15 08:35:00,52058.0,52089.0,52058.0,52083.0,93.0
2026-06-15 08:40:00,52083.0,52093.0,52079.0,52092.0,71.0
2026-06-15 08:45:00,52091.0,52105.0,52070.0,52075.0,112.0
2026-06-15 08:50:00,52074.0,52077.0,52058.0,52069.0,210.0
2026-06-15 08:55:00,52070.0,52080.0,52062.0,52078.0,92.0
2026-06-15 09:00:00,52083.0,52114.0,52080.0,52114.0,158.0
2026-06-15 09:05:00,52115.0,52116.0,52095.0,52095.0,93.0
2026-06-15 09:10:00,52097.0,52103.0,52075.0,52080.0,68.0
2026-06-15 09:15:00,52077.0,52087.0,52066.0,52066.0,149.0
2026-06-15 09:20:00,52070.0,52070.0,52038.0,52039.0,347.0
2026-06-15 09:25:00,52039.0,52050.0,52034.0,52040.0,128.0
2026-06-15 09:30:00,52039.0,52050.0,52030.0,52030.0,99.0
2026-06-15 09:35:00,52032.0,52035.0,52024.0,52024.0,153.0
2026-06-15 09:40:00,52033.0,52044.0,52020.0,52020.0,65.0
2026-06-15 09:45:00,52022.0,52022.0,52012.0,52016.0,86.0
2026-06-15 09:50:00,52018.0,52035.0,52018.0,52025.0,256.0
2026-06-15 09:55:00,52027.0,52034.0,52021.0,52024.0,54.0
2026-06-15 10:00:00,52023.0,52031.0,52015.0,52031.0,100.0
2026-06-15 10:05:00,52030.0,52038.0,52023.0,52038.0,141.0
2026-06-15 10:10:00,52041.0,52045.0,52035.0,52036.0,36.0
2026-06-15 10:15:00,52040.0,52043.0,52022.0,52032.0,46.0
2026-06-15 10:20:00,52030.0,52045.0,52022.0,52045.0,47.0
2026-06-15 10:25:00,52046.0,52053.0,52042.0,52050.0,57.0
2026-06-15 10:30:00,52051.0,52055.0,52034.0,52036.0,78.0
2026-06-15 10:35:00,52036.0,52043.0,52021.0,52024.0,163.0
2026-06-15 10:40:00,52022.0,52047.0,52022.0,52044.0,105.0
2026-06-15 10:45:00,52044.0,52049.0,52038.0,52042.0,80.0
2026-06-15 10:50:00,52037.0,52050.0,52036.0,52047.0,57.0
2026-06-15 10:55:00,52051.0,52064.0,52045.0,52054.0,126.0
2026-06-15 11:00:00,52055.0,52067.0,52047.0,52055.0,249.0
2026-06-15 11:05:00,52055.0,52068.0,52051.0,52067.0,184.0
2026-06-15 11:10:00,52072.0,52113.0,52072.0,52110.0,192.0
2026-06-15 11:15:00,52112.0,52121.0,52101.0,52121.0,303.0
2026-06-15 11:20:00,52122.0,52149.0,52122.0,52149.0,260.0
2026-06-15 11:25:00,52150.0,52152.0,52132.0,52137.0,194.0
2026-06-15 11:30:00,52138.0,52154.0,52130.0,52130.0,262.0
2026-06-15 11:35:00,52126.0,52126.0,52090.0,52104.0,358.0
2026-06-15 11:40:00,52107.0,52124.0,52087.0,52091.0,210.0
2026-06-15 11:45:00,52089.0,52104.0,52077.0,52080.0,212.0
2026-06-15 11:50:00,52082.0,52124.0,52078.0,52121.0,260.0
2026-06-15 11:55:00,52119.0,52121.0,52094.0,52096.0,111.0
2026-06-15 12:00:00,52099.0,52111.0,52076.0,52099.0,191.0
2026-06-15 12:05:00,52095.0,52115.0,52087.0,52099.0,128.0
2026-06-15 12:10:00,52102.0,52117.0,52098.0,52099.0,165.0
2026-06-15 12:15:00,52104.0,52108.0,52070.0,52072.0,355.0
2026-06-15 12:20:00,52076.0,52080.0,52052.0,52069.0,309.0
2026-06-15 12:25:00,52069.0,52097.0,52068.0,52080.0,466.0
2026-06-15 12:30:00,52069.0,52114.0,52067.0,52103.0,322.0
2026-06-15 12:35:00,52102.0,52108.0,52096.0,52100.0,305.0
2026-06-15 12:40:00,52098.0,52147.0,52098.0,52135.0,232.0
2026-06-15 12:45:00,52135.0,52158.0,52112.0,52154.0,621.0
2026-06-15 12:50:00,52152.0,52163.0,52131.0,52150.0,546.0
2026-06-15 12:55:00,52151.0,52179.0,52151.0,52179.0,541.0
2026-06-15 13:00:00,52179.0,52179.0,52159.0,52163.0,222.0
2026-06-15 13:05:00,52162.0,52174.0,52157.0,52172.0,249.0
2026-06-15 13:10:00,52173.0,52191.0,52170.0,52189.0,637.0
2026-06-15 13:15:00,52189.0,52208.0,52179.0,52197.0,726.0
2026-06-15 13:20:00,52197.0,52235.0,52197.0,52234.0,618.0
2026-06-15 13:25:00,52233.0,52236.0,52191.0,52224.0,1066.0
2026-06-15 13:30:00,52226.0,52310.0,52197.0,52273.0,5830.0
2026-06-15 13:35:00,52271.0,52299.0,52243.0,52256.0,2897.0
2026-06-15 13:40:00,52256.0,52257.0,52132.0,52173.0,2456.0
2026-06-15 13:45:00,52173.0,52196.0,52122.0,52171.0,2322.0
2026-06-15 13:50:00,52172.0,52232.0,52160.0,52231.0,1882.0
2026-06-15 13:55:00,52230.0,52271.0,52216.0,52248.0,1872.0
2026-06-15 14:00:00,52247.0,52252.0,52191.0,52223.0,2256.0
2026-06-15 14:05:00,52223.0,52238.0,52147.0,52183.0,3460.0
2026-06-15 14:10:00,52185.0,52196.0,52127.0,52153.0,2147.0
2026-06-15 14:15:00,52153.0,52214.0,52136.0,52203.0,1826.0
2026-06-15 14:20:00,52209.0,52215.0,52197.0,52201.0,2083.0
2026-06-15 14:25:00,52200.0,52252.0,52199.0,52226.0,2592.0
2026-06-15 14:30:00,52225.0,52229.0,52177.0,52187.0,1944.0
2026-06-15 14:35:00,52186.0,52225.0,52184.0,52219.0,974.0
2026-06-15 14:40:00,52220.0,52244.0,52209.0,52241.0,1318.0
2026-06-15 14:45:00,52240.0,52285.0,52239.0,52270.0,984.0
2026-06-15 14:50:00,52273.0,52291.0,52271.0,52282.0,831.0
2026-06-15 14:55:00,52282.0,52284.0,52254.0,52269.0,929.0
2026-06-15 15:00:00,52270.0,52320.0,52268.0,52309.0,1501.0
2026-06-15 15:05:00,52307.0,52310.0,52271.0,52306.0,1708.0
2026-06-15 15:10:00,52306.0,52319.0,52280.0,52307.0,1244.0
2026-06-15 15:15:00,52307.0,52320.0,52274.0,52282.0,1699.0
2026-06-15 15:20:00,52283.0,52314.0,52268.0,52270.0,1081.0
2026-06-15 15:25:00,52269.0,52286.0,52256.0,52278.0,783.0
2026-06-15 15:30:00,52276.0,52304.0,52260.0,52274.0,1568.0
2026-06-15 15:35:00,52275.0,52300.0,52271.0,52289.0,1870.0
2026-06-15 15:40:00,52289.0,52316.0,52279.0,52309.0,625.0
2026-06-15 15:45:00,52310.0,52339.0,52305.0,52327.0,549.0
2026-06-15 15:50:00,52327.0,52345.0,52319.0,52336.0,532.0
2026-06-15 15:55:00,52338.0,52365.0,52328.0,52343.0,571.0
2026-06-15 16:00:00,52343.0,52366.0,52333.0,52333.0,1175.0
2026-06-15 16:05:00,52334.0,52344.0,52319.0,52332.0,497.0
2026-06-15 16:10:00,52332.0,52357.0,52332.0,52344.0,1231.0
2026-06-15 16:15:00,52345.0,52360.0,52337.0,52356.0,372.0
2026-06-15 16:20:00,52357.0,52375.0,52349.0,52367.0,565.0
2026-06-15 16:25:00,52366.0,52378.0,52345.0,52369.0,421.0
2026-06-15 16:30:00,52371.0,52375.0,52356.0,52357.0,395.0
2026-06-15 16:35:00,52357.0,52365.0,52324.0,52325.0,573.0
2026-06-15 16:40:00,52326.0,52346.0,52311.0,52319.0,506.0
2026-06-15 16:45:00,52318.0,52332.0,52317.0,52324.0,443.0
2026-06-15 16:50:00,52329.0,52352.0,52325.0,52338.0,503.0
2026-06-15 16:55:00,52339.0,52354.0,52332.0,52341.0,530.0
2026-06-15 17:00:00,52339.0,52340.0,52304.0,52327.0,706.0
2026-06-15 17:05:00,52326.0,52334.0,52287.0,52307.0,1065.0
2026-06-15 17:10:00,52305.0,52353.0,52305.0,52349.0,1057.0
2026-06-15 17:15:00,52346.0,52366.0,52344.0,52352.0,1126.0
2026-06-15 17:20:00,52350.0,52380.0,52349.0,52376.0,604.0
2026-06-15 17:25:00,52375.0,52380.0,52357.0,52357.0,1007.0
2026-06-15 17:30:00,52359.0,52369.0,52328.0,52334.0,375.0
2026-06-15 17:35:00,52334.0,52348.0,52333.0,52343.0,258.0
2026-06-15 17:40:00,52341.0,52342.0,52311.0,52317.0,218.0
2026-06-15 17:45:00,52317.0,52319.0,52294.0,52304.0,762.0
2026-06-15 17:50:00,52305.0,52305.0,52275.0,52277.0,699.0
2026-06-15 17:55:00,52275.0,52278.0,52261.0,52275.0,1156.0
2026-06-15 18:00:00,52276.0,52280.0,52228.0,52252.0,590.0
2026-06-15 18:05:00,52250.0,52276.0,52246.0,52256.0,311.0
2026-06-15 18:10:00,52254.0,52262.0,52240.0,52262.0,540.0
2026-06-15 18:15:00,52262.0,52271.0,52249.0,52253.0,460.0
2026-06-15 18:20:00,52254.0,52260.0,52243.0,52255.0,256.0
2026-06-15 18:25:00,52254.0,52256.0,52214.0,52221.0,612.0
2026-06-15 18:30:00,52219.0,52228.0,52195.0,52223.0,586.0
2026-06-15 18:35:00,52222.0,52247.0,52211.0,52239.0,407.0
2026-06-15 18:40:00,52240.0,52255.0,52226.0,52233.0,359.0
2026-06-15 18:45:00,52235.0,52249.0,52233.0,52244.0,378.0
2026-06-15 18:50:00,52240.0,52245.0,52220.0,52221.0,376.0
2026-06-15 18:55:00,52220.0,52233.0,52214.0,52222.0,524.0
2026-06-15 19:00:00,52224.0,52227.0,52201.0,52217.0,653.0
2026-06-15 19:05:00,52217.0,52233.0,52213.0,52220.0,574.0
2026-06-15 19:10:00,52220.0,52249.0,52216.0,52248.0,516.0
2026-06-15 19:15:00,52250.0,52267.0,52240.0,52244.0,489.0
2026-06-15 19:20:00,52245.0,52248.0,52225.0,52230.0,554.0
2026-06-15 19:25:00,52229.0,52231.0,52200.0,52201.0,613.0
2026-06-15 19:30:00,52200.0,52227.0,52190.0,52204.0,920.0
2026-06-15 19:35:00,52203.0,52213.0,52174.0,52193.0,962.0
2026-06-15 19:40:00,52193.0,52201.0,52176.0,52189.0,1525.0
2026-06-15 19:45:00,52186.0,52217.0,52179.0,52202.0,1361.0
2026-06-15 19:50:00,52200.0,52207.0,52138.0,52147.0,1784.0
2026-06-15 19:55:00,52144.0,52159.0,52087.0,52150.0,5525.0
2026-06-15 20:00:00,52151.0,52164.0,52145.0,52159.0,1025.0
2026-06-15 20:05:00,52157.0,52158.0,52143.0,52153.0,253.0
2026-06-15 20:10:00,52152.0,52159.0,52131.0,52153.0,358.0
2026-06-15 20:15:00,52152.0,52152.0,52128.0,52141.0,124.0
2026-06-15 20:20:00,52146.0,52146.0,52122.0,52125.0,69.0
2026-06-15 20:25:00,52125.0,52139.0,52125.0,52135.0,66.0
2026-06-15 20:30:00,52135.0,52155.0,52135.0,52143.0,113.0
2026-06-15 20:35:00,52144.0,52157.0,52143.0,52157.0,133.0
2026-06-15 20:40:00,52160.0,52163.0,52150.0,52154.0,208.0
2026-06-15 20:45:00,52156.0,52167.0,52155.0,52159.0,88.0
2026-06-15 20:50:00,52161.0,52161.0,52138.0,52147.0,77.0
2026-06-15 20:55:00,52152.0,52153.0,52124.0,52134.0,185.0
2026-06-15 22:00:00,52147.0,52162.0,52133.0,52144.0,0.0
2026-06-15 22:05:00,52143.0,52154.0,52127.0,52143.0,83.0
2026-06-15 22:10:00,52142.0,52149.0,52132.0,52144.0,142.0
2026-06-15 22:15:00,52145.0,52147.0,52117.0,52117.0,65.0
2026-06-15 22:20:00,52120.0,52135.0,52110.0,52116.0,93.0
2026-06-15 22:25:00,52120.0,52131.0,52095.0,52121.0,130.0
2026-06-15 22:30:00,52124.0,52128.0,52118.0,52125.0,39.0
2026-06-15 22:35:00,52125.0,52134.0,52123.0,52123.0,19.0
2026-06-15 22:40:00,52127.0,52134.0,52121.0,52121.0,13.0
2026-06-15 22:45:00,52122.0,52123.0,52117.0,52119.0,10.0
2026-06-15 22:50:00,52114.0,52122.0,52099.0,52100.0,83.0
2026-06-15 22:55:00,52103.0,52109.0,52103.0,52105.0,24.0
2026-06-15 23:00:00,52103.0,52106.0,52097.0,52098.0,62.0
2026-06-15 23:05:00,52096.0,52099.0,52091.0,52091.0,56.0
2026-06-15 23:10:00,52093.0,52094.0,52080.0,52084.0,78.0
2026-06-15 23:15:00,52083.0,52091.0,52083.0,52088.0,51.0
2026-06-15 23:20:00,52092.0,52111.0,52092.0,52111.0,27.0
2026-06-15 23:25:00,52116.0,52120.0,52105.0,52111.0,51.0
2026-06-15 23:30:00,52108.0,52114.0,52095.0,52095.0,51.0
2026-06-15 23:35:00,52095.0,52102.0,52094.0,52097.0,16.0
2026-06-15 23:40:00,52095.0,52103.0,52089.0,52103.0,37.0
2026-06-15 23:45:00,52107.0,52109.0,52096.0,52098.0,15.0
2026-06-15 23:50:00,52103.0,52111.0,52102.0,52111.0,36.0
2026-06-15 23:55:00,52113.0,52113.0,52105.0,52107.0,36.0
2026-06-16 00:00:00,52107.0,52114.0,52093.0,52104.0,83.0
2026-06-16 00:05:00,52104.0,52122.0,52104.0,52119.0,53.0
2026-06-16 00:10:00,52121.0,52123.0,52113.0,52116.0,24.0
2026-06-16 00:15:00,52113.0,52131.0,52110.0,52131.0,39.0
2026-06-16 00:20:00,52127.0,52127.0,52114.0,52125.0,52.0
2026-06-16 00:25:00,52124.0,52129.0,52119.0,52127.0,29.0
2026-06-16 00:30:00,52126.0,52146.0,52123.0,52135.0,127.0
2026-06-16 00:35:00,52131.0,52131.0,52109.0,52117.0,47.0
2026-06-16 00:40:00,52116.0,52138.0,52116.0,52121.0,67.0
2026-06-16 00:45:00,52118.0,52130.0,52116.0,52116.0,24.0
2026-06-16 00:50:00,52120.0,52120.0,52110.0,52116.0,87.0
2026-06-16 00:55:00,52118.0,52128.0,52116.0,52126.0,37.0
2026-06-16 01:00:00,52128.0,52143.0,52124.0,52141.0,40.0
2026-06-16 01:05:00,52141.0,52141.0,52125.0,52135.0,48.0
2026-06-16 01:10:00,52136.0,52138.0,52124.0,52129.0,48.0
2026-06-16 01:15:00,52125.0,52134.0,52125.0,52130.0,46.0
2026-06-16 01:20:00,52135.0,52148.0,52133.0,52140.0,44.0
2026-06-16 01:25:00,52140.0,52152.0,52139.0,52140.0,34.0
2026-06-16 01:30:00,52137.0,52142.0,52130.0,52132.0,40.0
2026-06-16 01:35:00,52126.0,52135.0,52123.0,52135.0,17.0
2026-06-16 01:40:00,52129.0,52130.0,52119.0,52125.0,21.0
2026-06-16 01:45:00,52120.0,52132.0,52119.0,52131.0,17.0
2026-06-16 01:50:00,52129.0,52129.0,52119.0,52126.0,36.0
2026-06-16 01:55:00,52124.0,52126.0,52117.0,52125.0,66.0
2026-06-16 02:00:00,52127.0,52128.0,52118.0,52123.0,25.0
2026-06-16 02:05:00,52126.0,52133.0,52124.0,52124.0,12.0
2026-06-16 02:10:00,52124.0,52125.0,52121.0,52123.0,28.0
2026-06-16 02:15:00,52130.0,52143.0,52130.0,52138.0,29.0
2026-06-16 02:20:00,52135.0,52147.0,52135.0,52144.0,26.0
2026-06-16 02:25:00,52141.0,52147.0,52140.0,52146.0,20.0
2026-06-16 02:30:00,52147.0,52156.0,52145.0,52153.0,43.0
2026-06-16 02:35:00,52155.0,52158.0,52150.0,52150.0,54.0
2026-06-16 02:40:00,52145.0,52151.0,52144.0,52151.0,9.0
2026-06-16 02:45:00,52149.0,52158.0,52149.0,52149.0,23.0
2026-06-16 02:50:00,52151.0,52151.0,52143.0,52144.0,6.0
2026-06-16 02:55:00,52141.0,52146.0,52136.0,52145.0,35.0
2026-06-16 03:00:00,52149.0,52151.0,52144.0,52151.0,12.0
2026-06-16 03:05:00,52154.0,52161.0,52153.0,52157.0,28.0
2026-06-16 03:10:00,52154.0,52157.0,52146.0,52146.0,20.0
2026-06-16 03:15:00,52147.0,52157.0,52146.0,52157.0,16.0
2026-06-16 03:20:00,52158.0,52167.0,52156.0,52167.0,43.0
2026-06-16 03:25:00,52164.0,52171.0,52162.0,52162.0,24.0
2026-06-16 03:30:00,52163.0,52163.0,52152.0,52157.0,92.0
2026-06-16 03:35:00,52163.0,52175.0,52162.0,52171.0,56.0
2026-06-16 03:40:00,52171.0,52175.0,52168.0,52173.0,44.0
2026-06-16 03:45:00,52173.0,52173.0,52157.0,52157.0,10.0
2026-06-16 03:50:00,52161.0,52161.0,52144.0,52148.0,41.0
2026-06-16 03:55:00,52143.0,52147.0,52143.0,52146.0,13.0
2026-06-16 04:00:00,52151.0,52152.0,52143.0,52149.0,85.0
2026-06-16 04:05:00,52142.0,52142.0,52136.0,52138.0,25.0
2026-06-16 04:10:00,52141.0,52141.0,52133.0,52135.0,18.0
2026-06-16 04:15:00,52135.0,52138.0,52130.0,52134.0,19.0
2026-06-16 04:20:00,52137.0,52144.0,52137.0,52140.0,16.0
2026-06-16 04:25:00,52137.0,52138.0,52129.0,52134.0,14.0
2026-06-16 04:30:00,52135.0,52140.0,52129.0,52136.0,23.0
2026-06-16 04:35:00,52136.0,52142.0,52132.0,52142.0,17.0
2026-06-16 04:40:00,52144.0,52149.0,52139.0,52139.0,22.0
2026-06-16 04:45:00,52138.0,52142.0,52126.0,52130.0,38.0
2026-06-16 04:50:00,52128.0,52128.0,52119.0,52120.0,42.0
2026-06-16 04:55:00,52118.0,52134.0,52114.0,52132.0,30.0
2026-06-16 05:00:00,52139.0,52156.0,52136.0,52153.0,38.0
2026-06-16 05:05:00,52149.0,52160.0,52149.0,52159.0,35.0
2026-06-16 05:10:00,52160.0,52178.0,52160.0,52175.0,33.0
2026-06-16 05:15:00,52172.0,52185.0,52172.0,52184.0,33.0
2026-06-16 05:20:00,52180.0,52180.0,52169.0,52171.0,22.0
2026-06-16 05:25:00,52165.0,52166.0,52154.0,52156.0,34.0
2026-06-16 05:30:00,52159.0,52159.0,52130.0,52130.0,338.0
2026-06-16 05:35:00,52125.0,52140.0,52125.0,52134.0,39.0
2026-06-16 05:40:00,52139.0,52143.0,52139.0,52141.0,18.0
2026-06-16 05:45:00,52144.0,52148.0,52142.0,52146.0,28.0
2026-06-16 05:50:00,52144.0,52154.0,52143.0,52146.0,18.0
2026-06-16 05:55:00,52147.0,52149.0,52143.0,52145.0,10.0
2026-06-16 06:00:00,52144.0,52161.0,52136.0,52159.0,78.0
2026-06-16 06:05:00,52162.0,52171.0,52162.0,52169.0,40.0
2026-06-16 06:10:00,52166.0,52180.0,52166.0,52177.0,82.0
2026-06-16 06:15:00,52180.0,52183.0,52164.0,52168.0,44.0
2026-06-16 06:20:00,52163.0,52169.0,52160.0,52165.0,29.0
2026-06-16 06:25:00,52164.0,52174.0,52164.0,52174.0,29.0
2026-06-16 06:30:00,52177.0,52177.0,52164.0,52172.0,33.0
2026-06-16 06:35:00,52170.0,52181.0,52170.0,52178.0,41.0
2026-06-16 06:40:00,52177.0,52177.0,52171.0,52171.0,30.0
2026-06-16 06:45:00,52170.0,52172.0,52164.0,52164.0,32.0
2026-06-16 06:50:00,52165.0,52172.0,52165.0,52172.0,10.0
2026-06-16 06:55:00,52174.0,52181.0,52169.0,52180.0,65.0
2026-06-16 07:00:00,52180.0,52196.0,52180.0,52185.0,212.0
2026-06-16 07:05:00,52189.0,52203.0,52189.0,52196.0,235.0
2026-06-16 07:10:00,52196.0,52205.0,52192.0,52205.0,81.0
2026-06-16 07:15:00,52204.0,52211.0,52201.0,52209.0,188.0
2026-06-16 07:20:00,52204.0,52211.0,52194.0,52199.0,83.0
2026-06-16 07:25:00,52203.0,52221.0,52201.0,52220.0,72.0
2026-06-16 07:30:00,52219.0,52227.0,52215.0,52217.0,104.0
2026-06-16 07:35:00,52216.0,52238.0,52213.0,52238.0,122.0
2026-06-16 07:40:00,52239.0,52240.0,52207.0,52207.0,106.0
2026-06-16 07:45:00,52206.0,52210.0,52186.0,52193.0,150.0
2026-06-16 07:50:00,52195.0,52215.0,52194.0,52207.0,144.0
2026-06-16 07:55:00,52207.0,52214.0,52199.0,52207.0,96.0
2026-06-16 08:00:00,52210.0,52223.0,52199.0,52207.0,209.0
2026-06-16 08:05:00,52206.0,52238.0,52202.0,52220.0,226.0
2026-06-16 08:10:00,52221.0,52230.0,52205.0,52208.0,249.0
2026-06-16 08:15:00,52210.0,52210.0,52189.0,52194.0,135.0
2026-06-16 08:20:00,52194.0,52197.0,52178.0,52182.0,204.0
2026-06-16 08:25:00,52185.0,52203.0,52180.0,52182.0,247.0
2026-06-16 08:30:00,52183.0,52195.0,52169.0,52174.0,174.0
2026-06-16 08:35:00,52170.0,52178.0,52162.0,52163.0,202.0
2026-06-16 08:40:00,52164.0,52177.0,52162.0,52175.0,114.0
2026-06-16 08:45:00,52177.0,52178.0,52169.0,52173.0,65.0
2026-06-16 08:50:00,52168.0,52178.0,52159.0,52174.0,180.0
2026-06-16 08:55:00,52175.0,52176.0,52155.0,52166.0,244.0
2026-06-16 09:00:00,52165.0,52183.0,52162.0,52179.0,124.0
2026-06-16 09:05:00,52182.0,52191.0,52182.0,52190.0,106.0
2026-06-16 09:10:00,52191.0,52192.0,52179.0,52183.0,87.0
2026-06-16 09:15:00,52182.0,52185.0,52162.0,52163.0,115.0
2026-06-16 09:20:00,52160.0,52168.0,52154.0,52168.0,109.0
2026-06-16 09:25:00,52168.0,52171.0,52164.0,52165.0,69.0
2026-06-16 09:30:00,52173.0,52179.0,52165.0,52165.0,100.0
2026-06-16 09:35:00,52166.0,52172.0,52162.0,52164.0,47.0
2026-06-16 09:40:00,52164.0,52165.0,52149.0,52151.0,160.0
2026-06-16 09:45:00,52151.0,52151.0,52135.0,52139.0,133.0
2026-06-16 09:50:00,52139.0,52161.0,52139.0,52161.0,87.0
2026-06-16 09:55:00,52159.0,52163.0,52145.0,52158.0,78.0
2026-06-16 10:00:00,52161.0,52177.0,52160.0,52177.0,217.0
2026-06-16 10:05:00,52176.0,52192.0,52174.0,52192.0,205.0
2026-06-16 10:10:00,52191.0,52196.0,52181.0,52192.0,76.0
2026-06-16 10:15:00,52192.0,52192.0,52177.0,52177.0,97.0
2026-06-16 10:20:00,52181.0,52182.0,52167.0,52174.0,81.0
2026-06-16 10:25:00,52173.0,52183.0,52173.0,52182.0,44.0
2026-06-16 10:30:00,52184.0,52189.0,52171.0,52178.0,131.0
2026-06-16 10:35:00,52178.0,52179.0,52169.0,52176.0,44.0
2026-06-16 10:40:00,52176.0,52180.0,52173.0,52176.0,163.0
2026-06-16 10:45:00,52176.0,52176.0,52167.0,52171.0,65.0
2026-06-16 10:50:00,52170.0,52192.0,52170.0,52183.0,107.0
2026-06-16 10:55:00,52186.0,52196.0,52182.0,52193.0,79.0
2026-06-16 11:00:00,52194.0,52199.0,52177.0,52180.0,142.0
2026-06-16 11:05:00,52182.0,52187.0,52164.0,52166.0,119.0
2026-06-16 11:10:00,52164.0,52167.0,52157.0,52164.0,128.0
2026-06-16 11:15:00,52162.0,52172.0,52158.0,52171.0,193.0
2026-06-16 11:20:00,52171.0,52180.0,52165.0,52166.0,175.0
2026-06-16 11:25:00,52167.0,52178.0,52159.0,52178.0,160.0
2026-06-16 11:30:00,52180.0,52189.0,52178.0,52179.0,112.0
2026-06-16 11:35:00,52176.0,52182.0,52163.0,52180.0,60.0
2026-06-16 11:40:00,52179.0,52184.0,52174.0,52183.0,60.0
2026-06-16 11:45:00,52189.0,52193.0,52184.0,52184.0,239.0
2026-06-16 11:50:00,52183.0,52184.0,52158.0,52158.0,249.0
2026-06-16 11:55:00,52160.0,52171.0,52160.0,52169.0,229.0
2026-06-16 12:00:00,52174.0,52181.0,52168.0,52171.0,75.0
2026-06-16 12:05:00,52164.0,52211.0,52164.0,52208.0,123.0
2026-06-16 12:10:00,52209.0,52214.0,52200.0,52202.0,125.0
2026-06-16 12:15:00,52203.0,52211.0,52197.0,52211.0,267.0
2026-06-16 12:20:00,52209.0,52215.0,52191.0,52211.0,382.0
2026-06-16 12:25:00,52211.0,52227.0,52206.0,52224.0,406.0
2026-06-16 12:30:00,52222.0,52237.0,52217.0,52237.0,528.0
2026-06-16 12:35:00,52236.0,52247.0,52228.0,52241.0,360.0
2026-06-16 12:40:00,52239.0,52243.0,52229.0,52235.0,243.0
2026-06-16 12:45:00,52233.0,52257.0,52233.0,52245.0,457.0
2026-06-16 12:50:00,52247.0,52273.0,52246.0,52271.0,387.0
2026-06-16 12:55:00,52273.0,52282.0,52262.0,52263.0,351.0
2026-06-16 13:00:00,52261.0,52279.0,52255.0,52272.0,241.0
2026-06-16 13:05:00,52272.0,52278.0,52253.0,52259.0,276.0
2026-06-16 13:10:00,52258.0,52268.0,52251.0,52251.0,221.0
2026-06-16 13:15:00,52252.0,52262.0,52245.0,52262.0,286.0
2026-06-16 13:20:00,52261.0,52283.0,52260.0,52281.0,338.0
2026-06-16 13:25:00,52281.0,52334.0,52272.0,52329.0,939.0
2026-06-16 13:30:00,52328.0,52538.0,52312.0,52525.0,6266.0
2026-06-16 13:35:00,52526.0,52526.0,52474.0,52509.0,2588.0
2026-06-16 13:40:00,52508.0,52508.0,52425.0,52450.0,2501.0
2026-06-16 13:45:00,52452.0,52458.0,52395.0,52410.0,2355.0
2026-06-16 13:50:00,52407.0,52424.0,52371.0,52384.0,2260.0
2026-06-16 13:55:00,52383.0,52387.0,52302.0,52349.0,1952.0
2026-06-16 14:00:00,52349.0,52425.0,52332.0,52410.0,1986.0
2026-06-16 14:05:00,52409.0,52455.0,52385.0,52438.0,1228.0
2026-06-16 14:10:00,52437.0,52493.0,52425.0,52491.0,1792.0
2026-06-16 14:15:00,52492.0,52523.0,52471.0,52489.0,2094.0
2026-06-16 14:20:00,52489.0,52507.0,52439.0,52445.0,1762.0
2026-06-16 14:25:00,52447.0,52458.0,52416.0,52419.0,1295.0
2026-06-16 14:30:00,52419.0,52441.0,52388.0,52423.0,1353.0
2026-06-16 14:35:00,52424.0,52476.0,52413.0,52476.0,1565.0
2026-06-16 14:40:00,52474.0,52482.0,52387.0,52388.0,1002.0
2026-06-16 14:45:00,52386.0,52438.0,52384.0,52432.0,1062.0
2026-06-16 14:50:00,52433.0,52438.0,52408.0,52432.0,655.0
2026-06-16 14:55:00,52432.0,52471.0,52425.0,52464.0,837.0
2026-06-16 15:00:00,52464.0,52471.0,52417.0,52425.0,1027.0
2026-06-16 15:05:00,52425.0,52445.0,52413.0,52430.0,687.0
2026-06-16 15:10:00,52431.0,52454.0,52415.0,52450.0,745.0
2026-06-16 15:15:00,52449.0,52477.0,52443.0,52459.0,654.0
2026-06-16 15:20:00,52457.0,52506.0,52453.0,52489.0,980.0
2026-06-16 15:25:00,52486.0,52510.0,52468.0,52491.0,836.0
2026-06-16 15:30:00,52493.0,52536.0,52489.0,52528.0,1025.0
2026-06-16 15:35:00,52529.0,52542.0,52515.0,52533.0,1067.0
2026-06-16 15:40:00,52530.0,52535.0,52513.0,52518.0,1256.0
2026-06-16 15:45:00,52518.0,52536.0,52479.0,52532.0,1700.0
2026-06-16 15:50:00,52530.0,52588.0,52524.0,52573.0,1717.0
2026-06-16 15:55:00,52575.0,52583.0,52553.0,52561.0,1060.0
2026-06-16 16:00:00,52559.0,52597.0,52557.0,52568.0,971.0
2026-06-16 16:05:00,52569.0,52604.0,52566.0,52600.0,965.0
2026-06-16 16:10:00,52599.0,52633.0,52592.0,52616.0,964.0
2026-06-16 16:15:00,52616.0,52630.0,52605.0,52621.0,859.0
2026-06-16 16:20:00,52620.0,52627.0,52592.0,52608.0,908.0
2026-06-16 16:25:00,52606.0,52614.0,52582.0,52599.0,499.0
2026-06-16 16:30:00,52598.0,52605.0,52577.0,52578.0,686.0
2026-06-16 16:35:00,52579.0,52627.0,52577.0,52624.0,862.0
2026-06-16 16:40:00,52622.0,52638.0,52614.0,52620.0,989.0
2026-06-16 16:45:00,52617.0,52631.0,52605.0,52611.0,449.0
2026-06-16 16:50:00,52613.0,52621.0,52583.0,52615.0,702.0
2026-06-16 16:55:00,52610.0,52630.0,52603.0,52615.0,425.0
2026-06-16 17:00:00,52614.0,52622.0,52600.0,52610.0,500.0
2026-06-16 17:05:00,52609.0,52624.0,52593.0,52620.0,498.0
2026-06-16 17:10:00,52619.0,52630.0,52613.0,52622.0,553.0
2026-06-16 17:15:00,52621.0,52634.0,52585.0,52588.0,578.0
2026-06-16 17:20:00,52588.0,52611.0,52583.0,52604.0,647.0
2026-06-16 17:25:00,52604.0,52609.0,52589.0,52595.0,365.0
2026-06-16 17:30:00,52594.0,52612.0,52583.0,52585.0,726.0
2026-06-16 17:35:00,52587.0,52599.0,52560.0,52571.0,514.0
2026-06-16 17:40:00,52572.0,52610.0,52563.0,52592.0,827.0
2026-06-16 17:45:00,52591.0,52593.0,52566.0,52572.0,428.0
2026-06-16 17:50:00,52573.0,52578.0,52553.0,52577.0,1421.0
2026-06-16 17:55:00,52574.0,52584.0,52551.0,52559.0,405.0
2026-06-16 18:00:00,52556.0,52568.0,52547.0,52549.0,1445.0
2026-06-16 18:05:00,52549.0,52551.0,52530.0,52533.0,832.0
2026-06-16 18:10:00,52536.0,52546.0,52530.0,52538.0,299.0
2026-06-16 18:15:00,52540.0,52554.0,52525.0,52547.0,1039.0
2026-06-16 18:20:00,52546.0,52565.0,52539.0,52552.0,573.0
2026-06-16 18:25:00,52552.0,52571.0,52547.0,52555.0,310.0
2026-06-16 18:30:00,52556.0,52559.0,52533.0,52545.0,367.0
2026-06-16 18:35:00,52544.0,52563.0,52538.0,52540.0,550.0
2026-06-16 18:40:00,52540.0,52549.0,52534.0,52540.0,668.0
2026-06-16 18:45:00,52541.0,52545.0,52527.0,52531.0,966.0
2026-06-16 18:50:00,52529.0,52537.0,52519.0,52525.0,334.0
2026-06-16 18:55:00,52525.0,52548.0,52525.0,52534.0,986.0
2026-06-16 19:00:00,52532.0,52532.0,52497.0,52510.0,1088.0
2026-06-16 19:05:00,52510.0,52510.0,52486.0,52489.0,915.0
2026-06-16 19:10:00,52488.0,52500.0,52485.0,52491.0,866.0
2026-06-16 19:15:00,52492.0,52496.0,52448.0,52491.0,937.0
2026-06-16 19:20:00,52489.0,52524.0,52482.0,52519.0,472.0
2026-06-16 19:25:00,52518.0,52530.0,52491.0,52506.0,530.0
2026-06-16 19:30:00,52506.0,52507.0,52463.0,52463.0,760.0
2026-06-16 19:35:00,52463.0,52491.0,52462.0,52463.0,694.0
2026-06-16 19:40:00,52465.0,52495.0,52459.0,52492.0,565.0
2026-06-16 19:45:00,52491.0,52507.0,52485.0,52501.0,995.0
2026-06-16 19:50:00,52501.0,52530.0,52492.0,52512.0,1500.0
2026-06-16 19:55:00,52508.0,52524.0,52444.0,52478.0,4548.0
2026-06-16 20:00:00,52476.0,52483.0,52451.0,52462.0,1437.0
2026-06-16 20:05:00,52463.0,52470.0,52452.0,52453.0,318.0
2026-06-16 20:10:00,52453.0,52453.0,52437.0,52448.0,430.0
2026-06-16 20:15:00,52446.0,52447.0,52428.0,52441.0,258.0
2026-06-16 20:20:00,52441.0,52455.0,52439.0,52450.0,205.0
2026-06-16 20:25:00,52450.0,52458.0,52446.0,52448.0,109.0
2026-06-16 20:30:00,52446.0,52450.0,52442.0,52445.0,134.0
2026-06-16 20:35:00,52446.0,52454.0,52441.0,52454.0,101.0
2026-06-16 20:40:00,52455.0,52465.0,52452.0,52456.0,61.0
2026-06-16 20:45:00,52459.0,52462.0,52454.0,52458.0,44.0
2026-06-16 20:50:00,52456.0,52462.0,52450.0,52450.0,123.0
2026-06-16 20:55:00,52449.0,52466.0,52440.0,52466.0,135.0
2026-06-16 22:00:00,52408.0,52474.0,52408.0,52452.0,0.0
2026-06-16 22:05:00,52452.0,52475.0,52449.0,52474.0,48.0
2026-06-16 22:10:00,52473.0,52486.0,52471.0,52480.0,24.0
2026-06-16 22:15:00,52482.0,52490.0,52479.0,52486.0,46.0
2026-06-16 22:20:00,52487.0,52505.0,52481.0,52502.0,80.0
2026-06-16 22:25:00,52501.0,52505.0,52490.0,52493.0,43.0
2026-06-16 22:30:00,52495.0,52513.0,52493.0,52505.0,100.0
2026-06-16 22:35:00,52506.0,52513.0,52501.0,52508.0,69.0
2026-06-16 22:40:00,52506.0,52506.0,52485.0,52501.0,99.0
2026-06-16 22:45:00,52501.0,52516.0,52501.0,52509.0,39.0
2026-06-16 22:50:00,52509.0,52517.0,52507.0,52517.0,22.0
2026-06-16 22:55:00,52518.0,52522.0,52515.0,52521.0,42.0
2026-06-16 23:00:00,52520.0,52522.0,52510.0,52513.0,49.0
2026-06-16 23:05:00,52512.0,52520.0,52512.0,52519.0,44.0
2026-06-16 23:10:00,52519.0,52519.0,52509.0,52518.0,43.0
2026-06-16 23:15:00,52519.0,52520.0,52513.0,52520.0,20.0
2026-06-16 23:20:00,52518.0,52521.0,52514.0,52521.0,21.0
2026-06-16 23:25:00,52522.0,52524.0,52514.0,52518.0,21.0
2026-06-16 23:30:00,52518.0,52520.0,52513.0,52518.0,27.0
2026-06-16 23:35:00,52519.0,52523.0,52513.0,52520.0,42.0
2026-06-16 23:40:00,52519.0,52525.0,52513.0,52525.0,14.0
2026-06-16 23:45:00,52524.0,52527.0,52516.0,52520.0,49.0
2026-06-16 23:50:00,52519.0,52527.0,52509.0,52527.0,71.0
2026-06-16 23:55:00,52522.0,52523.0,52513.0,52513.0,37.0
2026-06-17 00:00:00,52515.0,52542.0,52515.0,52533.0,121.0
2026-06-17 00:05:00,52532.0,52533.0,52521.0,52531.0,75.0
2026-06-17 00:10:00,52530.0,52536.0,52525.0,52529.0,58.0
2026-06-17 00:15:00,52532.0,52541.0,52528.0,52529.0,70.0
2026-06-17 00:20:00,52529.0,52529.0,52518.0,52526.0,46.0
2026-06-17 00:25:00,52529.0,52534.0,52527.0,52529.0,25.0
2026-06-17 00:30:00,52526.0,52537.0,52524.0,52534.0,23.0
2026-06-17 00:35:00,52532.0,52535.0,52529.0,52533.0,30.0
2026-06-17 00:40:00,52534.0,52540.0,52534.0,52537.0,47.0
2026-06-17 00:45:00,52533.0,52535.0,52526.0,52534.0,35.0
2026-06-17 00:50:00,52532.0,52532.0,52521.0,52529.0,15.0
2026-06-17 00:55:00,52528.0,52530.0,52525.0,52528.0,24.0
2026-06-17 01:00:00,52528.0,52548.0,52519.0,52548.0,134.0
2026-06-17 01:05:00,52547.0,52568.0,52547.0,52568.0,108.0
2026-06-17 01:10:00,52567.0,52567.0,52552.0,52552.0,62.0
2026-06-17 01:15:00,52549.0,52559.0,52545.0,52559.0,24.0
2026-06-17 01:20:00,52557.0,52560.0,52553.0,52557.0,37.0
2026-06-17 01:25:00,52559.0,52564.0,52556.0,52560.0,40.0
2026-06-17 01:30:00,52555.0,52561.0,52555.0,52555.0,45.0
2026-06-17 01:35:00,52555.0,52560.0,52551.0,52552.0,43.0
2026-06-17 01:40:00,52551.0,52552.0,52543.0,52546.0,80.0
2026-06-17 01:45:00,52549.0,52551.0,52542.0,52546.0,55.0
2026-06-17 01:50:00,52544.0,52550.0,52542.0,52545.0,40.0
2026-06-17 01:55:00,52548.0,52549.0,52544.0,52547.0,58.0
2026-06-17 02:00:00,52548.0,52551.0,52538.0,52540.0,44.0
2026-06-17 02:05:00,52539.0,52544.0,52533.0,52535.0,82.0
2026-06-17 02:10:00,52536.0,52539.0,52533.0,52535.0,56.0
2026-06-17 02:15:00,52537.0,52539.0,52530.0,52530.0,63.0
2026-06-17 02:20:00,52531.0,52536.0,52531.0,52535.0,28.0
2026-06-17 02:25:00,52532.0,52533.0,52527.0,52527.0,70.0
2026-06-17 02:30:00,52526.0,52527.0,52517.0,52520.0,40.0
2026-06-17 02:35:00,52522.0,52523.0,52517.0,52517.0,25.0
2026-06-17 02:40:00,52517.0,52519.0,52516.0,52517.0,15.0
2026-06-17 02:45:00,52515.0,52516.0,52508.0,52512.0,39.0
2026-06-17 02:50:00,52513.0,52517.0,52513.0,52515.0,40.0
2026-06-17 02:55:00,52514.0,52523.0,52514.0,52523.0,46.0
2026-06-17 03:00:00,52522.0,52531.0,52521.0,52528.0,37.0
2026-06-17 03:05:00,52526.0,52535.0,52526.0,52529.0,38.0
2026-06-17 03:10:00,52531.0,52531.0,52517.0,52517.0,38.0
2026-06-17 03:15:00,52514.0,52519.0,52508.0,52513.0,67.0
2026-06-17 03:20:00,52512.0,52512.0,52505.0,52510.0,30.0
2026-06-17 03:25:00,52507.0,52511.0,52505.0,52506.0,28.0
2026-06-17 03:30:00,52507.0,52515.0,52505.0,52511.0,34.0
2026-06-17 03:35:00,52515.0,52517.0,52512.0,52516.0,31.0
2026-06-17 03:40:00,52516.0,52536.0,52516.0,52534.0,33.0
2026-06-17 03:45:00,52531.0,52538.0,52530.0,52536.0,24.0
2026-06-17 03:50:00,52534.0,52540.0,52532.0,52538.0,26.0
2026-06-17 03:55:00,52539.0,52543.0,52538.0,52540.0,20.0
2026-06-17 04:00:00,52537.0,52541.0,52535.0,52540.0,28.0
2026-06-17 04:05:00,52542.0,52544.0,52532.0,52533.0,27.0
2026-06-17 04:10:00,52532.0,52535.0,52527.0,52527.0,21.0
2026-06-17 04:15:00,52528.0,52534.0,52528.0,52532.0,16.0
2026-06-17 04:20:00,52532.0,52532.0,52520.0,52520.0,52.0
2026-06-17 04:25:00,52525.0,52526.0,52521.0,52521.0,104.0
2026-06-17 04:30:00,52520.0,52523.0,52515.0,52515.0,20.0
2026-06-17 04:35:00,52513.0,52514.0,52508.0,52511.0,14.0
2026-06-17 04:40:00,52513.0,52513.0,52500.0,52501.0,39.0
2026-06-17 04:45:00,52506.0,52517.0,52506.0,52517.0,32.0
2026-06-17 04:50:00,52516.0,52519.0,52513.0,52518.0,22.0
2026-06-17 04:55:00,52517.0,52520.0,52515.0,52515.0,24.0
2026-06-17 05:00:00,52515.0,52520.0,52512.0,52518.0,49.0
2026-06-17 05:05:00,52517.0,52518.0,52512.0,52512.0,23.0
2026-06-17 05:10:00,52514.0,52516.0,52510.0,52516.0,22.0
2026-06-17 05:15:00,52517.0,52519.0,52510.0,52510.0,44.0
2026-06-17 05:20:00,52511.0,52514.0,52508.0,52509.0,48.0
2026-06-17 05:25:00,52509.0,52510.0,52497.0,52499.0,35.0
2026-06-17 05:30:00,52500.0,52504.0,52496.0,52504.0,82.0
2026-06-17 05:35:00,52505.0,52514.0,52501.0,52514.0,53.0
2026-06-17 05:40:00,52513.0,52513.0,52496.0,52498.0,70.0
2026-06-17 05:45:00,52495.0,52503.0,52494.0,52503.0,30.0
2026-06-17 05:50:00,52500.0,52501.0,52496.0,52496.0,30.0
2026-06-17 05:55:00,52493.0,52495.0,52483.0,52490.0,87.0
2026-06-17 06:00:00,52492.0,52503.0,52485.0,52500.0,113.0
2026-06-17 06:05:00,52502.0,52513.0,52499.0,52501.0,78.0
2026-06-17 06:10:00,52502.0,52507.0,52493.0,52498.0,57.0
2026-06-17 06:15:00,52496.0,52499.0,52489.0,52489.0,54.0
2026-06-17 06:20:00,52488.0,52492.0,52476.0,52476.0,212.0
2026-06-17 06:25:00,52472.0,52480.0,52469.0,52478.0,64.0
2026-06-17 06:30:00,52475.0,52506.0,52463.0,52506.0,574.0
2026-06-17 06:35:00,52506.0,52513.0,52502.0,52511.0,85.0
2026-06-17 06:40:00,52514.0,52516.0,52506.0,52508.0,90.0
2026-06-17 06:45:00,52512.0,52522.0,52512.0,52518.0,78.0
2026-06-17 06:50:00,52514.0,52514.0,52500.0,52500.0,55.0
2026-06-17 06:55:00,52501.0,52511.0,52498.0,52511.0,45.0
2026-06-17 07:00:00,52510.0,52520.0,52499.0,52509.0,154.0
2026-06-17 07:05:00,52510.0,52525.0,52501.0,52525.0,125.0
2026-06-17 07:10:00,52524.0,52533.0,52516.0,52530.0,130.0
2026-06-17 07:15:00,52530.0,52534.0,52497.0,52499.0,246.0
2026-06-17 07:20:00,52501.0,52501.0,52483.0,52484.0,77.0
2026-06-17 07:25:00,52486.0,52486.0,52460.0,52466.0,221.0
2026-06-17 07:30:00,52465.0,52477.0,52460.0,52464.0,83.0
2026-06-17 07:35:00,52470.0,52485.0,52470.0,52485.0,105.0
2026-06-17 07:40:00,52494.0,52494.0,52475.0,52475.0,50.0
2026-06-17 07:45:00,52474.0,52474.0,52460.0,52460.0,70.0
2026-06-17 07:50:00,52463.0,52478.0,52463.0,52465.0,76.0
2026-06-17 07:55:00,52470.0,52475.0,52454.0,52463.0,227.0
2026-06-17 08:00:00,52463.0,52472.0,52456.0,52461.0,182.0
2026-06-17 08:05:00,52463.0,52463.0,52451.0,52455.0,192.0
2026-06-17 08:10:00,52451.0,52451.0,52397.0,52401.0,347.0
2026-06-17 08:15:00,52400.0,52425.0,52398.0,52422.0,200.0
2026-06-17 08:20:00,52419.0,52440.0,52416.0,52440.0,102.0
2026-06-17 08:25:00,52439.0,52455.0,52439.0,52439.0,101.0
2026-06-17 08:30:00,52437.0,52443.0,52411.0,52438.0,142.0
2026-06-17 08:35:00,52439.0,52444.0,52420.0,52420.0,169.0
2026-06-17 08:40:00,52421.0,52436.0,52414.0,52417.0,88.0
2026-06-17 08:45:00,52420.0,52425.0,52411.0,52411.0,78.0
2026-06-17 08:50:00,52412.0,52452.0,52412.0,52451.0,129.0
2026-06-17 08:55:00,52454.0,52460.0,52449.0,52458.0,134.0
2026-06-17 09:00:00,52460.0,52463.0,52445.0,52453.0,84.0
2026-06-17 09:05:00,52448.0,52452.0,52436.0,52436.0,66.0
2026-06-17 09:10:00,52437.0,52452.0,52435.0,52448.0,49.0
2026-06-17 09:15:00,52450.0,52462.0,52450.0,52460.0,86.0
2026-06-17 09:20:00,52460.0,52476.0,52455.0,52476.0,78.0
2026-06-17 09:25:00,52479.0,52479.0,52468.0,52472.0,53.0
2026-06-17 09:30:00,52475.0,52492.0,52465.0,52466.0,110.0
2026-06-17 09:35:00,52463.0,52466.0,52452.0,52456.0,95.0
2026-06-17 09:40:00,52461.0,52469.0,52458.0,52462.0,53.0
2026-06-17 09:45:00,52462.0,52470.0,52449.0,52455.0,279.0
2026-06-17 09:50:00,52453.0,52453.0,52443.0,52449.0,110.0
2026-06-17 09:55:00,52449.0,52451.0,52438.0,52443.0,129.0
2026-06-17 10:00:00,52445.0,52449.0,52412.0,52420.0,215.0
2026-06-17 10:05:00,52424.0,52429.0,52408.0,52426.0,284.0
2026-06-17 10:10:00,52430.0,52435.0,52407.0,52431.0,144.0
2026-06-17 10:15:00,52433.0,52436.0,52420.0,52422.0,112.0
2026-06-17 10:20:00,52420.0,52459.0,52420.0,52456.0,157.0
2026-06-17 10:25:00,52459.0,52462.0,52444.0,52444.0,85.0
2026-06-17 10:30:00,52451.0,52459.0,52447.0,52457.0,80.0
2026-06-17 10:35:00,52456.0,52468.0,52453.0,52467.0,89.0
2026-06-17 10:40:00,52463.0,52473.0,52456.0,52472.0,73.0
2026-06-17 10:45:00,52471.0,52472.0,52457.0,52468.0,75.0
2026-06-17 10:50:00,52474.0,52488.0,52443.0,52448.0,166.0
2026-06-17 10:55:00,52448.0,52452.0,52430.0,52441.0,140.0
2026-06-17 11:00:00,52436.0,52466.0,52436.0,52455.0,141.0
2026-06-17 11:05:00,52455.0,52473.0,52455.0,52466.0,103.0
2026-06-17 11:10:00,52470.0,52474.0,52465.0,52465.0,38.0
2026-06-17 11:15:00,52463.0,52468.0,52459.0,52461.0,105.0
2026-06-17 11:20:00,52464.0,52472.0,52460.0,52470.0,68.0
2026-06-17 11:25:00,52470.0,52479.0,52460.0,52465.0,111.0
2026-06-17 11:30:00,52464.0,52465.0,52445.0,52453.0,47.0
2026-06-17 11:35:00,52453.0,52457.0,52448.0,52453.0,84.0
2026-06-17 11:40:00,52454.0,52462.0,52441.0,52446.0,71.0
2026-06-17 11:45:00,52446.0,52459.0,52425.0,52430.0,104.0
2026-06-17 11:50:00,52433.0,52437.0,52423.0,52433.0,106.0
2026-06-17 11:55:00,52431.0,52435.0,52414.0,52433.0,301.0
2026-06-17 12:00:00,52435.0,52454.0,52432.0,52447.0,155.0
2026-06-17 12:05:00,52444.0,52463.0,52443.0,52452.0,171.0
2026-06-17 12:10:00,52455.0,52465.0,52443.0,52453.0,119.0
2026-06-17 12:15:00,52452.0,52456.0,52430.0,52435.0,96.0
2026-06-17 12:20:00,52435.0,52436.0,52421.0,52422.0,174.0
2026-06-17 12:25:00,52421.0,52434.0,52414.0,52414.0,151.0
2026-06-17 12:30:00,52411.0,52437.0,52407.0,52427.0,181.0
2026-06-17 12:35:00,52427.0,52438.0,52421.0,52425.0,91.0
2026-06-17 12:40:00,52422.0,52453.0,52419.0,52448.0,213.0
2026-06-17 12:45:00,52447.0,52454.0,52445.0,52448.0,95.0
2026-06-17 12:50:00,52453.0,52463.0,52451.0,52456.0,104.0
2026-06-17 12:55:00,52456.0,52459.0,52445.0,52454.0,142.0
2026-06-17 13:00:00,52454.0,52463.0,52433.0,52445.0,260.0
2026-06-17 13:05:00,52447.0,52449.0,52415.0,52419.0,119.0
2026-06-17 13:10:00,52423.0,52443.0,52418.0,52439.0,122.0
2026-06-17 13:15:00,52439.0,52450.0,52437.0,52442.0,118.0
2026-06-17 13:20:00,52443.0,52460.0,52443.0,52450.0,230.0
2026-06-17 13:25:00,52449.0,52453.0,52411.0,52437.0,716.0
2026-06-17 13:30:00,52438.0,52514.0,52424.0,52514.0,4590.0
2026-06-17 13:35:00,52513.0,52554.0,52490.0,52522.0,2118.0
2026-06-17 13:40:00,52519.0,52576.0,52502.0,52568.0,1700.0
2026-06-17 13:45:00,52568.0,52642.0,52548.0,52623.0,1967.0
2026-06-17 13:50:00,52626.0,52648.0,52591.0,52646.0,1656.0
2026-06-17 13:55:00,52646.0,52663.0,52625.0,52636.0,1491.0
2026-06-17 14:00:00,52639.0,52688.0,52605.0,52681.0,1896.0
2026-06-17 14:05:00,52681.0,52717.0,52651.0,52707.0,1285.0
2026-06-17 14:10:00,52708.0,52713.0,52650.0,52691.0,1264.0
2026-06-17 14:15:00,52694.0,52706.0,52676.0,52692.0,736.0
2026-06-17 14:20:00,52692.0,52723.0,52660.0,52722.0,1029.0
2026-06-17 14:25:00,52722.0,52734.0,52679.0,52691.0,1182.0
2026-06-17 14:30:00,52689.0,52694.0,52618.0,52651.0,1497.0
2026-06-17 14:35:00,52651.0,52651.0,52604.0,52619.0,1154.0
2026-06-17 14:40:00,52620.0,52631.0,52581.0,52616.0,1019.0
2026-06-17 14:45:00,52614.0,52636.0,52473.0,52571.0,4692.0
2026-06-17 14:50:00,52572.0,52634.0,52546.0,52618.0,1665.0
2026-06-17 14:55:00,52613.0,52620.0,52552.0,52555.0,1047.0
2026-06-17 15:00:00,52555.0,52601.0,52555.0,52598.0,965.0
2026-06-17 15:05:00,52598.0,52599.0,52539.0,52542.0,769.0
2026-06-17 15:10:00,52541.0,52567.0,52530.0,52560.0,716.0
2026-06-17 15:15:00,52559.0,52597.0,52541.0,52575.0,951.0
2026-06-17 15:20:00,52577.0,52633.0,52572.0,52632.0,612.0
2026-06-17 15:25:00,52630.0,52647.0,52622.0,52635.0,643.0
2026-06-17 15:30:00,52634.0,52712.0,52627.0,52704.0,1159.0
2026-06-17 15:35:00,52702.0,52720.0,52690.0,52717.0,1066.0
2026-06-17 15:40:00,52718.0,52727.0,52695.0,52704.0,492.0
2026-06-17 15:45:00,52705.0,52721.0,52695.0,52717.0,678.0
2026-06-17 15:50:00,52720.0,52728.0,52675.0,52692.0,535.0
2026-06-17 15:55:00,52691.0,52699.0,52664.0,52669.0,281.0
2026-06-17 16:00:00,52674.0,52680.0,52658.0,52665.0,386.0
2026-06-17 16:05:00,52664.0,52670.0,52643.0,52665.0,298.0
2026-06-17 16:10:00,52662.0,52678.0,52651.0,52674.0,289.0
2026-06-17 16:15:00,52674.0,52700.0,52666.0,52699.0,678.0
2026-06-17 16:20:00,52696.0,52699.0,52667.0,52682.0,366.0
2026-06-17 16:25:00,52681.0,52685.0,52660.0,52662.0,286.0
2026-06-17 16:30:00,52661.0,52663.0,52620.0,52639.0,521.0
2026-06-17 16:35:00,52640.0,52656.0,52628.0,52650.0,797.0
2026-06-17 16:40:00,52649.0,52649.0,52621.0,52641.0,289.0
2026-06-17 16:45:00,52642.0,52660.0,52633.0,52651.0,265.0
2026-06-17 16:50:00,52653.0,52671.0,52647.0,52661.0,202.0
2026-06-17 16:55:00,52664.0,52679.0,52654.0,52658.0,257.0
2026-06-17 17:00:00,52656.0,52657.0,52635.0,52646.0,425.0
2026-06-17 17:05:00,52643.0,52652.0,52570.0,52632.0,935.0
2026-06-17 17:10:00,52633.0,52644.0,52615.0,52618.0,422.0
2026-06-17 17:15:00,52615.0,52616.0,52585.0,52599.0,361.0
2026-06-17 17:20:00,52604.0,52604.0,52566.0,52572.0,381.0
2026-06-17 17:25:00,52572.0,52592.0,52563.0,52574.0,399.0
2026-06-17 17:30:00,52571.0,52572.0,52539.0,52553.0,517.0
2026-06-17 17:35:00,52555.0,52581.0,52550.0,52570.0,432.0
2026-06-17 17:40:00,52570.0,52576.0,52554.0,52567.0,282.0
2026-06-17 17:45:00,52567.0,52577.0,52556.0,52577.0,403.0
2026-06-17 17:50:00,52576.0,52628.0,52573.0,52616.0,599.0
2026-06-17 17:55:00,52615.0,52635.0,52596.0,52634.0,347.0
2026-06-17 18:00:00,52635.0,52635.0,52300.0,52301.0,2433.0
2026-06-17 18:05:00,52301.0,52401.0,52236.0,52383.0,3721.0
2026-06-17 18:10:00,52382.0,52415.0,52344.0,52373.0,2016.0
2026-06-17 18:15:00,52371.0,52458.0,52370.0,52437.0,1666.0
2026-06-17 18:20:00,52436.0,52452.0,52367.0,52377.0,1163.0
2026-06-17 18:25:00,52376.0,52384.0,52336.0,52366.0,1430.0
2026-06-17 18:30:00,52368.0,52500.0,52315.0,52324.0,3513.0
2026-06-17 18:35:00,52324.0,52499.0,52320.0,52451.0,1705.0
2026-06-17 18:40:00,52458.0,52553.0,52413.0,52527.0,1982.0
2026-06-17 18:45:00,52524.0,52527.0,52451.0,52459.0,1157.0
2026-06-17 18:50:00,52460.0,52502.0,52431.0,52457.0,875.0
2026-06-17 18:55:00,52453.0,52453.0,52294.0,52329.0,1462.0
2026-06-17 19:00:00,52327.0,52393.0,52316.0,52327.0,2025.0
2026-06-17 19:05:00,52328.0,52371.0,52278.0,52295.0,1096.0
2026-06-17 19:10:00,52295.0,52331.0,52202.0,52314.0,2323.0
2026-06-17 19:15:00,52316.0,52322.0,52166.0,52166.0,1266.0
2026-06-17 19:20:00,52167.0,52170.0,52015.0,52018.0,2763.0
2026-06-17 19:25:00,52020.0,52104.0,52008.0,52023.0,1415.0
2026-06-17 19:30:00,52018.0,52023.0,51926.0,51927.0,1780.0
2026-06-17 19:35:00,51932.0,51989.0,51839.0,51850.0,1778.0
2026-06-17 19:40:00,51849.0,51913.0,51840.0,51887.0,1923.0
2026-06-17 19:45:00,51887.0,51970.0,51883.0,51921.0,1859.0
2026-06-17 19:50:00,51918.0,51977.0,51842.0,51913.0,2457.0
2026-06-17 19:55:00,51912.0,51981.0,51908.0,51944.0,3292.0
2026-06-17 20:00:00,51944.0,52002.0,51940.0,51969.0,1522.0
2026-06-17 20:05:00,51972.0,51981.0,51948.0,51966.0,401.0
2026-06-17 20:10:00,51975.0,51990.0,51929.0,51946.0,578.0
2026-06-17 20:15:00,51948.0,52006.0,51937.0,52003.0,375.0
2026-06-17 20:20:00,52005.0,52031.0,52005.0,52012.0,327.0
2026-06-17 20:25:00,52012.0,52032.0,52008.0,52024.0,125.0
2026-06-17 20:30:00,52024.0,52044.0,52015.0,52027.0,220.0
2026-06-17 20:35:00,52026.0,52064.0,52026.0,52056.0,175.0
2026-06-17 20:40:00,52055.0,52056.0,52036.0,52045.0,133.0
2026-06-17 20:45:00,52046.0,52055.0,52040.0,52040.0,123.0
2026-06-17 20:50:00,52040.0,52050.0,52030.0,52044.0,173.0
2026-06-17 20:55:00,52050.0,52050.0,52035.0,52049.0,101.0
2026-06-17 22:00:00,52060.0,52071.0,52010.0,52016.0,0.0
2026-06-17 22:05:00,52021.0,52064.0,52021.0,52062.0,104.0
2026-06-17 22:10:00,52056.0,52079.0,52056.0,52068.0,58.0
2026-06-17 22:15:00,52071.0,52076.0,52050.0,52055.0,87.0
2026-06-17 22:20:00,52061.0,52068.0,52049.0,52057.0,113.0
2026-06-17 22:25:00,52054.0,52061.0,52047.0,52051.0,81.0
2026-06-17 22:30:00,52052.0,52067.0,52052.0,52059.0,64.0
2026-06-17 22:35:00,52063.0,52081.0,52063.0,52074.0,75.0
2026-06-17 22:40:00,52071.0,52073.0,52064.0,52066.0,22.0
2026-06-17 22:45:00,52065.0,52075.0,52065.0,52074.0,18.0
2026-06-17 22:50:00,52069.0,52075.0,52069.0,52075.0,29.0
2026-06-17 22:55:00,52072.0,52075.0,52068.0,52071.0,40.0
2026-06-17 23:00:00,52072.0,52080.0,52067.0,52078.0,48.0
2026-06-17 23:05:00,52078.0,52105.0,52067.0,52103.0,182.0
2026-06-17 23:10:00,52101.0,52125.0,52096.0,52125.0,102.0
2026-06-17 23:15:00,52125.0,52140.0,52122.0,52135.0,113.0
2026-06-17 23:20:00,52136.0,52158.0,52135.0,52154.0,65.0
2026-06-17 23:25:00,52154.0,52168.0,52152.0,52162.0,68.0
2026-06-17 23:30:00,52161.0,52173.0,52154.0,52163.0,104.0
2026-06-17 23:35:00,52161.0,52161.0,52141.0,52149.0,82.0
2026-06-17 23:40:00,52149.0,52149.0,52135.0,52142.0,59.0
2026-06-17 23:45:00,52142.0,52164.0,52137.0,52160.0,89.0
2026-06-17 23:50:00,52160.0,52177.0,52157.0,52166.0,67.0
2026-06-17 23:55:00,52165.0,52176.0,52154.0,52175.0,66.0
2026-06-18 00:00:00,52176.0,52222.0,52167.0,52216.0,291.0
2026-06-18 00:05:00,52219.0,52262.0,52216.0,52243.0,271.0
2026-06-18 00:10:00,52245.0,52272.0,52235.0,52268.0,161.0
2026-06-18 00:15:00,52270.0,52273.0,52232.0,52232.0,267.0
2026-06-18 00:20:00,52232.0,52239.0,52218.0,52222.0,128.0
2026-06-18 00:25:00,52217.0,52222.0,52202.0,52222.0,159.0
2026-06-18 00:30:00,52224.0,52241.0,52221.0,52237.0,156.0
2026-06-18 00:35:00,52233.0,52241.0,52226.0,52241.0,81.0
2026-06-18 00:40:00,52242.0,52242.0,52221.0,52225.0,88.0
2026-06-18 00:45:00,52225.0,52225.0,52208.0,52212.0,56.0
2026-06-18 00:50:00,52210.0,52215.0,52189.0,52211.0,159.0
2026-06-18 00:55:00,52209.0,52210.0,52190.0,52204.0,126.0
2026-06-18 01:00:00,52207.0,52230.0,52201.0,52224.0,142.0
2026-06-18 01:05:00,52226.0,52244.0,52219.0,52241.0,70.0
2026-06-18 01:10:00,52241.0,52250.0,52234.0,52245.0,73.0
2026-06-18 01:15:00,52244.0,52246.0,52220.0,52235.0,86.0
2026-06-18 01:20:00,52235.0,52256.0,52233.0,52249.0,39.0
2026-06-18 01:25:00,52250.0,52259.0,52237.0,52237.0,37.0
2026-06-18 01:30:00,52242.0,52248.0,52236.0,52236.0,54.0
2026-06-18 01:35:00,52240.0,52240.0,52225.0,52227.0,46.0
2026-06-18 01:40:00,52225.0,52240.0,52225.0,52230.0,37.0
2026-06-18 01:45:00,52228.0,52229.0,52215.0,52225.0,74.0
2026-06-18 01:50:00,52222.0,52245.0,52221.0,52236.0,39.0
2026-06-18 01:55:00,52234.0,52234.0,52223.0,52228.0,35.0
2026-06-18 02:00:00,52232.0,52236.0,52224.0,52236.0,43.0
2026-06-18 02:05:00,52237.0,52238.0,52227.0,52237.0,29.0
2026-06-18 02:10:00,52232.0,52246.0,52230.0,52244.0,13.0
2026-06-18 02:15:00,52237.0,52237.0,52223.0,52224.0,44.0
2026-06-18 02:20:00,52228.0,52233.0,52224.0,52233.0,15.0
2026-06-18 02:25:00,52228.0,52228.0,52222.0,52226.0,34.0
2026-06-18 02:30:00,52230.0,52231.0,52220.0,52229.0,23.0
2026-06-18 02:35:00,52225.0,52232.0,52223.0,52232.0,14.0
2026-06-18 02:40:00,52234.0,52241.0,52231.0,52241.0,17.0
2026-06-18 02:45:00,52240.0,52240.0,52231.0,52239.0,28.0
2026-06-18 02:50:00,52238.0,52245.0,52238.0,52240.0,32.0
2026-06-18 02:55:00,52241.0,52243.0,52235.0,52241.0,86.0
2026-06-18 03:00:00,52242.0,52253.0,52242.0,52248.0,54.0
2026-06-18 03:05:00,52247.0,52251.0,52236.0,52238.0,63.0
2026-06-18 03:10:00,52238.0,52238.0,52217.0,52218.0,88.0
2026-06-18 03:15:00,52217.0,52225.0,52213.0,52224.0,52.0
2026-06-18 03:20:00,52226.0,52239.0,52226.0,52238.0,39.0
2026-06-18 03:25:00,52235.0,52248.0,52235.0,52243.0,18.0
2026-06-18 03:30:00,52243.0,52252.0,52233.0,52233.0,46.0
2026-06-18 03:35:00,52232.0,52233.0,52211.0,52227.0,42.0
2026-06-18 03:40:00,52229.0,52229.0,52216.0,52219.0,25.0
2026-06-18 03:45:00,52220.0,52233.0,52218.0,52231.0,50.0
2026-06-18 03:50:00,52235.0,52239.0,52232.0,52238.0,18.0
2026-06-18 03:55:00,52238.0,52249.0,52235.0,52242.0,27.0
2026-06-18 04:00:00,52243.0,52254.0,52241.0,52241.0,41.0
2026-06-18 04:05:00,52242.0,52242.0,52235.0,52236.0,31.0
2026-06-18 04:10:00,52240.0,52241.0,52224.0,52228.0,57.0
2026-06-18 04:15:00,52224.0,52228.0,52220.0,52220.0,25.0
2026-06-18 04:20:00,52218.0,52218.0,52209.0,52216.0,42.0
2026-06-18 04:25:00,52214.0,52228.0,52210.0,52223.0,71.0
2026-06-18 04:30:00,52222.0,52222.0,52207.0,52215.0,67.0
2026-06-18 04:35:00,52215.0,52221.0,52211.0,52213.0,41.0
2026-06-18 04:40:00,52210.0,52211.0,52198.0,52198.0,83.0
2026-06-18 04:45:00,52199.0,52203.0,52194.0,52200.0,65.0
2026-06-18 04:50:00,52199.0,52203.0,52193.0,52201.0,46.0
2026-06-18 04:55:00,52199.0,52203.0,52192.0,52192.0,39.0
2026-06-18 05:00:00,52191.0,52202.0,52185.0,52200.0,49.0
2026-06-18 05:05:00,52201.0,52204.0,52197.0,52198.0,43.0
2026-06-18 05:10:00,52197.0,52197.0,52184.0,52186.0,21.0
2026-06-18 05:15:00,52186.0,52213.0,52186.0,52210.0,51.0
2026-06-18 05:20:00,52208.0,52212.0,52205.0,52205.0,31.0
2026-06-18 05:25:00,52207.0,52209.0,52197.0,52200.0,43.0
2026-06-18 05:30:00,52203.0,52212.0,52199.0,52205.0,49.0
2026-06-18 05:35:00,52205.0,52207.0,52198.0,52207.0,49.0
2026-06-18 05:40:00,52205.0,52214.0,52198.0,52204.0,80.0
2026-06-18 05:45:00,52203.0,52203.0,52191.0,52191.0,28.0
2026-06-18 05:50:00,52190.0,52192.0,52184.0,52188.0,22.0
2026-06-18 05:55:00,52187.0,52196.0,52176.0,52183.0,171.0
2026-06-18 06:00:00,52184.0,52199.0,52172.0,52190.0,128.0
2026-06-18 06:05:00,52189.0,52189.0,52159.0,52163.0,113.0
2026-06-18 06:10:00,52166.0,52183.0,52164.0,52181.0,134.0
2026-06-18 06:15:00,52183.0,52186.0,52166.0,52170.0,124.0
2026-06-18 06:20:00,52170.0,52201.0,52170.0,52187.0,64.0
2026-06-18 06:25:00,52182.0,52211.0,52179.0,52208.0,96.0
2026-06-18 06:30:00,52208.0,52208.0,52189.0,52193.0,48.0
2026-06-18 06:35:00,52190.0,52193.0,52183.0,52190.0,83.0
2026-06-18 06:40:00,52189.0,52194.0,52174.0,52193.0,82.0
2026-06-18 06:45:00,52198.0,52230.0,52198.0,52229.0,99.0
2026-06-18 06:50:00,52230.0,52233.0,52221.0,52221.0,68.0
2026-06-18 06:55:00,52225.0,52250.0,52225.0,52249.0,160.0
2026-06-18 07:00:00,52250.0,52256.0,52238.0,52255.0,206.0
2026-06-18 07:05:00,52255.0,52255.0,52240.0,52251.0,137.0
2026-06-18 07:10:00,52254.0,52255.0,52194.0,52198.0,270.0
2026-06-18 07:15:00,52198.0,52209.0,52194.0,52206.0,117.0
2026-06-18 07:20:00,52208.0,52236.0,52206.0,52235.0,103.0
2026-06-18 07:25:00,52234.0,52254.0,52226.0,52250.0,109.0
2026-06-18 07:30:00,52247.0,52247.0,52217.0,52234.0,122.0
2026-06-18 07:35:00,52236.0,52241.0,52227.0,52229.0,66.0
2026-06-18 07:40:00,52228.0,52231.0,52221.0,52229.0,40.0
2026-06-18 07:45:00,52229.0,52231.0,52210.0,52222.0,90.0
2026-06-18 07:50:00,52217.0,52219.0,52204.0,52205.0,97.0
2026-06-18 07:55:00,52206.0,52235.0,52206.0,52234.0,70.0
2026-06-18 08:00:00,52237.0,52262.0,52235.0,52258.0,220.0
2026-06-18 08:05:00,52259.0,52283.0,52253.0,52274.0,297.0
2026-06-18 08:10:00,52271.0,52277.0,52244.0,52248.0,195.0
2026-06-18 08:15:00,52248.0,52261.0,52242.0,52244.0,75.0
2026-06-18 08:20:00,52245.0,52246.0,52211.0,52214.0,115.0
2026-06-18 08:25:00,52219.0,52224.0,52209.0,52213.0,157.0
2026-06-18 08:30:00,52211.0,52227.0,52202.0,52216.0,168.0
2026-06-18 08:35:00,52217.0,52235.0,52202.0,52228.0,135.0
2026-06-18 08:40:00,52231.0,52235.0,52214.0,52215.0,163.0
2026-06-18 08:45:00,52214.0,52223.0,52203.0,52210.0,136.0
2026-06-18 08:50:00,52208.0,52208.0,52159.0,52167.0,251.0
2026-06-18 08:55:00,52169.0,52176.0,52136.0,52150.0,269.0
2026-06-18 09:00:00,52154.0,52177.0,52138.0,52176.0,132.0
2026-06-18 09:05:00,52177.0,52190.0,52170.0,52179.0,92.0
2026-06-18 09:10:00,52171.0,52192.0,52152.0,52192.0,119.0
2026-06-18 09:15:00,52195.0,52221.0,52194.0,52212.0,209.0
2026-06-18 09:20:00,52208.0,52208.0,52192.0,52192.0,55.0
2026-06-18 09:25:00,52193.0,52209.0,52193.0,52204.0,51.0
2026-06-18 09:30:00,52202.0,52215.0,52194.0,52208.0,54.0
2026-06-18 09:35:00,52208.0,52234.0,52208.0,52234.0,78.0
2026-06-18 09:40:00,52235.0,52242.0,52228.0,52239.0,55.0
2026-06-18 09:45:00,52239.0,52259.0,52239.0,52254.0,69.0
2026-06-18 09:50:00,52254.0,52262.0,52247.0,52253.0,100.0
2026-06-18 09:55:00,52252.0,52260.0,52243.0,52248.0,84.0
2026-06-18 10:00:00,52248.0,52249.0,52213.0,52221.0,131.0
2026-06-18 10:05:00,52213.0,52229.0,52211.0,52224.0,141.0
2026-06-18 10:10:00,52230.0,52253.0,52219.0,52250.0,109.0
2026-06-18 10:15:00,52253.0,52260.0,52237.0,52246.0,67.0
2026-06-18 10:20:00,52246.0,52253.0,52232.0,52233.0,57.0
2026-06-18 10:25:00,52235.0,52240.0,52217.0,52221.0,65.0
2026-06-18 10:30:00,52222.0,52237.0,52193.0,52195.0,104.0
2026-06-18 10:35:00,52196.0,52203.0,52183.0,52183.0,104.0
2026-06-18 10:40:00,52184.0,52188.0,52152.0,52153.0,145.0
2026-06-18 10:45:00,52151.0,52179.0,52150.0,52171.0,99.0
2026-06-18 10:50:00,52169.0,52176.0,52154.0,52157.0,115.0
2026-06-18 10:55:00,52158.0,52161.0,52151.0,52155.0,51.0
2026-06-18 11:00:00,52162.0,52162.0,52126.0,52136.0,204.0
2026-06-18 11:05:00,52134.0,52141.0,52069.0,52079.0,336.0
2026-06-18 11:10:00,52080.0,52093.0,52057.0,52093.0,220.0
2026-06-18 11:15:00,52092.0,52094.0,52035.0,52043.0,269.0
2026-06-18 11:20:00,52043.0,52059.0,52024.0,52056.0,242.0
2026-06-18 11:25:00,52057.0,52082.0,52057.0,52072.0,125.0
2026-06-18 11:30:00,52069.0,52088.0,52066.0,52075.0,162.0
2026-06-18 11:35:00,52077.0,52077.0,52037.0,52037.0,163.0
2026-06-18 11:40:00,52033.0,52046.0,52006.0,52035.0,445.0
2026-06-18 11:45:00,52040.0,52050.0,52034.0,52042.0,121.0
2026-06-18 11:50:00,52044.0,52063.0,52033.0,52040.0,246.0
2026-06-18 11:55:00,52037.0,52048.0,52030.0,52048.0,113.0
2026-06-18 12:00:00,52046.0,52080.0,52041.0,52080.0,172.0
2026-06-18 12:05:00,52078.0,52088.0,52067.0,52088.0,288.0
2026-06-18 12:10:00,52085.0,52132.0,52083.0,52119.0,218.0
2026-06-18 12:15:00,52120.0,52127.0,52102.0,52122.0,148.0
2026-06-18 12:20:00,52119.0,52168.0,52119.0,52165.0,280.0
2026-06-18 12:25:00,52165.0,52184.0,52152.0,52152.0,274.0
2026-06-18 12:30:00,52171.0,52185.0,52167.0,52172.0,196.0
2026-06-18 12:35:00,52171.0,52188.0,52144.0,52144.0,178.0
2026-06-18 12:40:00,52147.0,52182.0,52142.0,52158.0,221.0
2026-06-18 12:45:00,52156.0,52199.0,52149.0,52199.0,186.0
2026-06-18 12:50:00,52196.0,52201.0,52181.0,52201.0,204.0
2026-06-18 12:55:00,52206.0,52233.0,52205.0,52208.0,264.0
2026-06-18 13:00:00,52206.0,52211.0,52158.0,52158.0,361.0
2026-06-18 13:05:00,52162.0,52200.0,52154.0,52179.0,398.0
2026-06-18 13:10:00,52180.0,52214.0,52172.0,52212.0,376.0
2026-06-18 13:15:00,52214.0,52235.0,52201.0,52223.0,298.0
2026-06-18 13:20:00,52219.0,52245.0,52211.0,52227.0,221.0
2026-06-18 13:25:00,52226.0,52290.0,52213.0,52272.0,1754.0
2026-06-18 13:30:00,52278.0,52378.0,52265.0,52276.0,5189.0
2026-06-18 13:35:00,52274.0,52292.0,52180.0,52194.0,3784.0
2026-06-18 13:40:00,52196.0,52222.0,52143.0,52173.0,2018.0
2026-06-18 13:45:00,52176.0,52227.0,52116.0,52220.0,2257.0
2026-06-18 13:50:00,52222.0,52237.0,52176.0,52191.0,1691.0
2026-06-18 13:55:00,52184.0,52211.0,52128.0,52152.0,1424.0
2026-06-18 14:00:00,52156.0,52172.0,52085.0,52114.0,1543.0
2026-06-18 14:05:00,52115.0,52168.0,52069.0,52117.0,1407.0
2026-06-18 14:10:00,52119.0,52119.0,52027.0,52066.0,1856.0
2026-06-18 14:15:00,52068.0,52122.0,52005.0,52104.0,1474.0
2026-06-18 14:20:00,52103.0,52168.0,52087.0,52136.0,1012.0
2026-06-18 14:25:00,52137.0,52164.0,52110.0,52115.0,900.0
2026-06-18 14:30:00,52114.0,52158.0,52064.0,52153.0,930.0
2026-06-18 14:35:00,52154.0,52183.0,52136.0,52164.0,788.0
2026-06-18 14:40:00,52166.0,52191.0,52157.0,52170.0,780.0
2026-06-18 14:45:00,52169.0,52226.0,52167.0,52214.0,781.0
2026-06-18 14:50:00,52213.0,52213.0,52168.0,52187.0,813.0
2026-06-18 14:55:00,52191.0,52228.0,52187.0,52212.0,605.0
2026-06-18 15:00:00,52212.0,52219.0,52139.0,52161.0,800.0
2026-06-18 15:05:00,52160.0,52160.0,52127.0,52131.0,458.0
2026-06-18 15:10:00,52134.0,52187.0,52114.0,52115.0,775.0
2026-06-18 15:15:00,52116.0,52130.0,52077.0,52079.0,658.0
2026-06-18 15:20:00,52080.0,52114.0,52066.0,52080.0,616.0
2026-06-18 15:25:00,52082.0,52111.0,52050.0,52065.0,755.0
2026-06-18 15:30:00,52062.0,52095.0,52039.0,52090.0,859.0
2026-06-18 15:35:00,52091.0,52095.0,52023.0,52058.0,774.0
2026-06-18 15:40:00,52058.0,52082.0,52036.0,52039.0,510.0
2026-06-18 15:45:00,52039.0,52074.0,52026.0,52064.0,460.0
2026-06-18 15:50:00,52064.0,52103.0,52063.0,52079.0,410.0
2026-06-18 15:55:00,52078.0,52110.0,52078.0,52083.0,368.0
2026-06-18 16:00:00,52085.0,52101.0,52039.0,52040.0,389.0
2026-06-18 16:05:00,52042.0,52061.0,52016.0,52044.0,580.0
2026-06-18 16:10:00,52048.0,52077.0,52035.0,52067.0,514.0
2026-06-18 16:15:00,52069.0,52088.0,52045.0,52064.0,450.0
2026-06-18 16:20:00,52065.0,52102.0,52062.0,52064.0,500.0
2026-06-18 16:25:00,52061.0,52096.0,52061.0,52083.0,306.0
2026-06-18 16:30:00,52085.0,52087.0,52059.0,52071.0,295.0
2026-06-18 16:35:00,52073.0,52097.0,52054.0,52095.0,382.0
2026-06-18 16:40:00,52096.0,52103.0,52080.0,52085.0,380.0
2026-06-18 16:45:00,52089.0,52095.0,52072.0,52073.0,261.0
2026-06-18 16:50:00,52075.0,52075.0,52030.0,52049.0,450.0
2026-06-18 16:55:00,52052.0,52064.0,52032.0,52064.0,433.0
2026-06-18 17:00:00,52061.0,52096.0,52048.0,52095.0,504.0
2026-06-18 17:05:00,52093.0,52140.0,52091.0,52134.0,580.0
2026-06-18 17:10:00,52133.0,52150.0,52122.0,52148.0,440.0
2026-06-18 17:15:00,52149.0,52202.0,52140.0,52177.0,685.0
2026-06-18 17:20:00,52179.0,52183.0,52133.0,52133.0,442.0
2026-06-18 17:25:00,52134.0,52147.0,52111.0,52124.0,499.0
2026-06-18 17:30:00,52125.0,52143.0,52105.0,52121.0,363.0
2026-06-18 17:35:00,52121.0,52121.0,52078.0,52090.0,446.0
2026-06-18 17:40:00,52091.0,52104.0,52085.0,52096.0,475.0
2026-06-18 17:45:00,52095.0,52100.0,52074.0,52090.0,313.0
2026-06-18 17:50:00,52091.0,52109.0,52082.0,52094.0,272.0
2026-06-18 17:55:00,52093.0,52093.0,52076.0,52076.0,448.0
2026-06-18 18:00:00,52077.0,52081.0,52028.0,52039.0,743.0
2026-06-18 18:05:00,52036.0,52059.0,52028.0,52048.0,385.0
2026-06-18 18:10:00,52047.0,52071.0,52043.0,52043.0,341.0
2026-06-18 18:15:00,52044.0,52065.0,52029.0,52059.0,339.0
2026-06-18 18:20:00,52058.0,52060.0,52039.0,52054.0,269.0
2026-06-18 18:25:00,52053.0,52065.0,52037.0,52045.0,357.0
2026-06-18 18:30:00,52046.0,52063.0,52038.0,52048.0,296.0
2026-06-18 18:35:00,52048.0,52049.0,52022.0,52036.0,439.0
2026-06-18 18:40:00,52035.0,52067.0,52028.0,52064.0,334.0
2026-06-18 18:45:00,52064.0,52069.0,52048.0,52059.0,305.0
2026-06-18 18:50:00,52060.0,52077.0,52045.0,52045.0,299.0
2026-06-18 18:55:00,52048.0,52059.0,52022.0,52037.0,407.0
2026-06-18 19:00:00,52036.0,52039.0,52000.0,52005.0,567.0
2026-06-18 19:05:00,52004.0,52027.0,52000.0,52016.0,445.0
2026-06-18 19:10:00,52015.0,52017.0,51964.0,51987.0,586.0
2026-06-18 19:15:00,51985.0,52026.0,51976.0,52022.0,681.0
2026-06-18 19:20:00,52022.0,52050.0,52019.0,52020.0,483.0
2026-06-18 19:25:00,52021.0,52034.0,52009.0,52017.0,313.0
2026-06-18 19:30:00,52014.0,52040.0,51985.0,52038.0,760.0
2026-06-18 19:35:00,52039.0,52074.0,52039.0,52070.0,522.0
2026-06-18 19:40:00,52069.0,52085.0,52057.0,52079.0,574.0
2026-06-18 19:45:00,52080.0,52080.0,51995.0,52004.0,1534.0
2026-06-18 19:50:00,52006.0,52078.0,51994.0,52039.0,1687.0
2026-06-18 19:55:00,52039.0,52083.0,51975.0,51975.0,5051.0
2026-06-18 20:00:00,51975.0,52017.0,51967.0,52015.0,840.0
2026-06-18 20:05:00,52016.0,52038.0,52016.0,52026.0,475.0
2026-06-18 20:10:00,52025.0,52046.0,52020.0,52043.0,311.0
2026-06-18 20:15:00,52045.0,52074.0,52043.0,52073.0,155.0
2026-06-18 20:20:00,52075.0,52088.0,52061.0,52061.0,137.0
2026-06-18 20:25:00,52061.0,52068.0,52057.0,52061.0,97.0
2026-06-18 20:30:00,52060.0,52068.0,52052.0,52056.0,105.0
2026-06-18 20:35:00,52057.0,52058.0,52041.0,52043.0,95.0
2026-06-18 20:40:00,52046.0,52048.0,52030.0,52034.0,53.0
2026-06-18 20:45:00,52035.0,52040.0,52024.0,52038.0,153.0
2026-06-18 20:50:00,52036.0,52043.0,52028.0,52039.0,124.0
2026-06-18 20:55:00,52039.0,52053.0,52034.0,52053.0,213.0
2026-06-18 22:00:00,52085.0,52085.0,52040.0,52045.0,0.0
2026-06-18 22:05:00,52047.0,52047.0,52036.0,52039.0,26.0
2026-06-18 22:10:00,52042.0,52048.0,52041.0,52041.0,15.0
2026-06-18 22:15:00,52031.0,52035.0,52010.0,52010.0,40.0
2026-06-18 22:20:00,52012.0,52013.0,51994.0,51996.0,37.0
2026-06-18 22:25:00,51996.0,52006.0,51996.0,52000.0,11.0
2026-06-18 22:30:00,51997.0,51998.0,51991.0,51991.0,10.0
2026-06-18 22:35:00,51990.0,51991.0,51984.0,51984.0,17.0
2026-06-18 22:40:00,51981.0,51987.0,51977.0,51983.0,23.0
2026-06-18 22:45:00,51981.0,51986.0,51968.0,51986.0,32.0
2026-06-18 22:50:00,51987.0,51987.0,51980.0,51981.0,23.0
2026-06-18 22:55:00,51980.0,51980.0,51974.0,51974.0,13.0
2026-06-18 23:00:00,51978.0,51983.0,51970.0,51973.0,38.0
2026-06-18 23:05:00,51969.0,51977.0,51968.0,51976.0,25.0
2026-06-18 23:10:00,51975.0,51978.0,51970.0,51972.0,23.0
2026-06-18 23:15:00,51973.0,51978.0,51972.0,51978.0,26.0
2026-06-18 23:20:00,51978.0,51993.0,51977.0,51992.0,55.0
2026-06-18 23:25:00,51992.0,51997.0,51989.0,51995.0,28.0
2026-06-18 23:30:00,51994.0,51998.0,51988.0,51998.0,35.0
2026-06-18 23:35:00,51999.0,52009.0,51998.0,52002.0,32.0
2026-06-18 23:40:00,52005.0,52005.0,51998.0,52002.0,18.0
2026-06-18 23:45:00,52004.0,52008.0,51998.0,52002.0,35.0
2026-06-18 23:50:00,52005.0,52015.0,52005.0,52013.0,25.0
2026-06-18 23:55:00,52015.0,52015.0,52006.0,52006.0,27.0
2026-06-19 00:00:00,52005.0,52006.0,51986.0,52000.0,98.0
2026-06-19 00:05:00,51996.0,52005.0,51979.0,51984.0,54.0
2026-06-19 00:10:00,51989.0,51989.0,51963.0,51967.0,66.0
2026-06-19 00:15:00,51969.0,51996.0,51969.0,51995.0,95.0
2026-06-19 00:20:00,51994.0,51994.0,51975.0,51987.0,59.0
2026-06-19 00:25:00,51985.0,51999.0,51982.0,51989.0,28.0
2026-06-19 00:30:00,51987.0,51995.0,51983.0,51994.0,35.0
2026-06-19 00:35:00,51993.0,51993.0,51970.0,51978.0,39.0
2026-06-19 00:40:00,51976.0,51982.0,51972.0,51979.0,20.0
2026-06-19 00:45:00,51979.0,51981.0,51973.0,51975.0,37.0
2026-06-19 00:50:00,51974.0,51975.0,51971.0,51972.0,14.0
2026-06-19 00:55:00,51972.0,51972.0,51960.0,51968.0,32.0
2026-06-19 01:00:00,51968.0,51980.0,51962.0,51980.0,42.0
2026-06-19 01:05:00,51973.0,51974.0,51942.0,51942.0,82.0
2026-06-19 01:10:00,51945.0,51947.0,51931.0,51934.0,49.0
2026-06-19 01:15:00,51937.0,51950.0,51937.0,51950.0,31.0
2026-06-19 01:20:00,51949.0,51949.0,51938.0,51938.0,20.0
2026-06-19 01:25:00,51940.0,51948.0,51940.0,51943.0,22.0
2026-06-19 01:30:00,51939.0,51939.0,51927.0,51938.0,21.0
2026-06-19 01:35:00,51936.0,51943.0,51931.0,51933.0,81.0
2026-06-19 01:40:00,51932.0,51933.0,51925.0,51932.0,17.0
2026-06-19 01:45:00,51935.0,51943.0,51928.0,51929.0,22.0
2026-06-19 01:50:00,51933.0,51933.0,51917.0,51917.0,39.0
2026-06-19 01:55:00,51916.0,51919.0,51905.0,51908.0,44.0
2026-06-19 02:00:00,51910.0,51913.0,51898.0,51905.0,52.0
2026-06-19 02:05:00,51906.0,51907.0,51888.0,51894.0,53.0
2026-06-19 02:10:00,51894.0,51894.0,51882.0,51883.0,49.0
2026-06-19 02:15:00,51882.0,51882.0,51860.0,51860.0,93.0
2026-06-19 02:20:00,51861.0,51887.0,51861.0,51887.0,46.0
2026-06-19 02:25:00,51882.0,51882.0,51874.0,51875.0,37.0
2026-06-19 02:30:00,51878.0,51889.0,51878.0,51888.0,33.0
2026-06-19 02:35:00,51894.0,51895.0,51891.0,51891.0,14.0
2026-06-19 02:40:00,51890.0,51903.0,51890.0,51898.0,27.0
2026-06-19 02:45:00,51896.0,51896.0,51886.0,51887.0,21.0
2026-06-19 02:50:00,51879.0,51888.0,51871.0,51886.0,31.0
2026-06-19 02:55:00,51887.0,51889.0,51884.0,51888.0,15.0
2026-06-19 03:00:00,51889.0,51899.0,51881.0,51881.0,36.0
2026-06-19 03:05:00,51881.0,51881.0,51873.0,51874.0,24.0
2026-06-19 03:10:00,51878.0,51883.0,51877.0,51878.0,17.0
2026-06-19 03:15:00,51875.0,51877.0,51848.0,51856.0,85.0
2026-06-19 03:20:00,51852.0,51858.0,51849.0,51856.0,16.0
2026-06-19 03:25:00,51848.0,51852.0,51842.0,51846.0,22.0
2026-06-19 03:30:00,51846.0,51854.0,51843.0,51849.0,47.0
2026-06-19 03:35:00,51850.0,51875.0,51850.0,51875.0,53.0
2026-06-19 03:40:00,51875.0,51879.0,51867.0,51878.0,31.0
2026-06-19 03:45:00,51876.0,51880.0,51872.0,51875.0,35.0
2026-06-19 03:50:00,51875.0,51884.0,51875.0,51879.0,27.0
2026-06-19 03:55:00,51880.0,51882.0,51872.0,51875.0,29.0
2026-06-21 22:00:00,51870.0,51888.0,51807.0,51888.0,125.0
2026-06-21 22:05:00,51837.0,51888.0,51789.0,51789.0,86.0
2026-06-21 22:10:00,51796.0,51800.0,51735.0,51749.0,171.0
2026-06-21 22:15:00,51761.0,51778.0,51712.0,51775.0,183.0
2026-06-21 22:20:00,51775.0,51855.0,51775.0,51853.0,141.0
2026-06-21 22:25:00,51851.0,51860.0,51829.0,51843.0,81.0
2026-06-21 22:30:00,51840.0,51888.0,51808.0,51809.0,84.0
2026-06-21 22:35:00,51811.0,51835.0,51809.0,51820.0,47.0
2026-06-21 22:40:00,51820.0,51855.0,51820.0,51849.0,81.0
2026-06-21 22:45:00,51850.0,51866.0,51847.0,51860.0,70.0
2026-06-21 22:50:00,51866.0,51888.0,51853.0,51870.0,50.0
2026-06-21 22:55:00,51871.0,51871.0,51845.0,51846.0,86.0
2026-06-21 23:00:00,51842.0,51844.0,51786.0,51799.0,172.0
2026-06-21 23:05:00,51798.0,51826.0,51790.0,51822.0,159.0
2026-06-21 23:10:00,51819.0,51825.0,51791.0,51793.0,121.0
2026-06-21 23:15:00,51794.0,51888.0,51783.0,51805.0,126.0
2026-06-21 23:20:00,51804.0,51826.0,51795.0,51823.0,69.0
2026-06-21 23:25:00,51822.0,51824.0,51801.0,51811.0,71.0
2026-06-21 23:30:00,51818.0,51823.0,51802.0,51816.0,159.0
2026-06-21 23:35:00,51814.0,51814.0,51772.0,51789.0,100.0
2026-06-21 23:40:00,51788.0,51888.0,51774.0,51793.0,64.0
2026-06-21 23:45:00,51792.0,51796.0,51757.0,51760.0,86.0
2026-06-21 23:50:00,51760.0,51769.0,51735.0,51737.0,58.0
2026-06-21 23:55:00,51737.0,51761.0,51737.0,51760.0,31.0
2026-06-22 00:00:00,51762.0,51833.0,51743.0,51832.0,349.0
2026-06-22 00:05:00,51828.0,51888.0,51816.0,51817.0,202.0
2026-06-22 00:10:00,51818.0,51856.0,51808.0,51856.0,78.0
2026-06-22 00:15:00,51854.0,51888.0,51850.0,51879.0,146.0
2026-06-22 00:20:00,51877.0,51886.0,51864.0,51869.0,47.0
2026-06-22 00:25:00,51866.0,51911.0,51866.0,51907.0,166.0
2026-06-22 00:30:00,51907.0,51914.0,51888.0,51897.0,65.0
2026-06-22 00:35:00,51896.0,51912.0,51895.0,51897.0,109.0
2026-06-22 00:40:00,51897.0,51900.0,51883.0,51885.0,87.0
2026-06-22 00:45:00,51888.0,51899.0,51876.0,51876.0,92.0
2026-06-22 00:50:00,51877.0,51888.0,51872.0,51877.0,61.0
2026-06-22 00:55:00,51881.0,51919.0,51881.0,51913.0,107.0
2026-06-22 01:00:00,51918.0,51948.0,51918.0,51935.0,185.0
2026-06-22 01:05:00,51937.0,51963.0,51937.0,51937.0,74.0
2026-06-22 01:10:00,51935.0,51947.0,51927.0,51947.0,50.0
2026-06-22 01:15:00,51947.0,51953.0,51930.0,51930.0,46.0
2026-06-22 01:20:00,51931.0,51945.0,51888.0,51941.0,35.0
2026-06-22 01:25:00,51942.0,51957.0,51939.0,51955.0,52.0
2026-06-22 01:30:00,51955.0,51955.0,51940.0,51942.0,56.0
2026-06-22 01:35:00,51941.0,51960.0,51934.0,51960.0,43.0
2026-06-22 01:40:00,51960.0,51964.0,51946.0,51951.0,52.0
2026-06-22 01:45:00,51958.0,51958.0,51888.0,51943.0,36.0
2026-06-22 01:50:00,51950.0,51954.0,51937.0,51940.0,44.0
2026-06-22 01:55:00,51937.0,51946.0,51934.0,51941.0,28.0
2026-06-22 02:00:00,51943.0,51947.0,51928.0,51935.0,48.0
2026-06-22 02:05:00,51937.0,51940.0,51924.0,51924.0,70.0
2026-06-22 02:10:00,51919.0,51919.0,51888.0,51892.0,91.0
2026-06-22 02:15:00,51893.0,51905.0,51893.0,51901.0,34.0
2026-06-22 02:20:00,51900.0,51906.0,51894.0,51901.0,55.0
2026-06-22 02:25:00,51901.0,51902.0,51880.0,51888.0,67.0
2026-06-22 02:30:00,51888.0,51891.0,51872.0,51878.0,58.0
2026-06-22 02:35:00,51878.0,51888.0,51866.0,51867.0,45.0
2026-06-22 02:40:00,51865.0,51865.0,51847.0,51853.0,106.0
2026-06-22 02:45:00,51853.0,51853.0,51842.0,51845.0,57.0
2026-06-22 02:50:00,51846.0,51867.0,51844.0,51863.0,65.0
2026-06-22 02:55:00,51863.0,51864.0,51853.0,51853.0,59.0
2026-06-22 03:00:00,51855.0,51888.0,51836.0,51862.0,84.0
2026-06-22 03:05:00,51861.0,51863.0,51853.0,51853.0,43.0
2026-06-22 03:10:00,51850.0,51857.0,51845.0,51853.0,54.0
2026-06-22 03:15:00,51853.0,51873.0,51853.0,51861.0,44.0
2026-06-22 03:20:00,51860.0,51863.0,51857.0,51859.0,38.0
2026-06-22 03:25:00,51857.0,51888.0,51850.0,51850.0,38.0
2026-06-22 03:30:00,51851.0,51861.0,51851.0,51856.0,59.0
2026-06-22 03:35:00,51857.0,51859.0,51851.0,51856.0,36.0
2026-06-22 03:40:00,51855.0,51858.0,51853.0,51853.0,24.0
2026-06-22 03:45:00,51860.0,51874.0,51856.0,51871.0,37.0
2026-06-22 03:50:00,51873.0,51888.0,51860.0,51861.0,51.0
2026-06-22 03:55:00,51860.0,51860.0,51839.0,51841.0,68.0
2026-06-22 04:00:00,51844.0,51844.0,51830.0,51836.0,56.0
2026-06-22 04:05:00,51836.0,51844.0,51834.0,51839.0,34.0
2026-06-22 04:10:00,51844.0,51844.0,51828.0,51828.0,13.0
2026-06-22 04:15:00,51831.0,51888.0,51826.0,51829.0,53.0
2026-06-22 04:20:00,51827.0,51831.0,51804.0,51820.0,139.0
2026-06-22 04:25:00,51824.0,51827.0,51813.0,51819.0,34.0
2026-06-22 04:30:00,51817.0,51824.0,51814.0,51822.0,32.0
2026-06-22 04:35:00,51822.0,51822.0,51812.0,51819.0,29.0
2026-06-22 04:40:00,51819.0,51888.0,51810.0,51813.0,43.0
2026-06-22 04:45:00,51817.0,51835.0,51815.0,51822.0,112.0
2026-06-22 04:50:00,51822.0,51823.0,51813.0,51815.0,54.0
2026-06-22 04:55:00,51816.0,51824.0,51812.0,51821.0,55.0
2026-06-22 05:00:00,51821.0,51888.0,51821.0,51829.0,46.0
2026-06-22 05:05:00,51832.0,51865.0,51832.0,51863.0,102.0
2026-06-22 05:10:00,51859.0,51863.0,51849.0,51862.0,109.0
2026-06-22 05:15:00,51861.0,51871.0,51850.0,51851.0,65.0
2026-06-22 05:20:00,51852.0,51857.0,51850.0,51854.0,25.0
2026-06-22 05:25:00,51858.0,51888.0,51855.0,51888.0,20.0
2026-06-22 05:30:00,51862.0,51866.0,51850.0,51865.0,26.0
2026-06-22 05:35:00,51867.0,51885.0,51866.0,51879.0,51.0
2026-06-22 05:40:00,51878.0,51885.0,51878.0,51881.0,25.0
2026-06-22 05:45:00,51882.0,51886.0,51876.0,51885.0,59.0
2026-06-22 05:50:00,51883.0,51900.0,51882.0,51895.0,22.0
2026-06-22 05:55:00,51897.0,51905.0,51894.0,51897.0,63.0
2026-06-22 06:00:00,51897.0,51912.0,51892.0,51906.0,141.0
2026-06-22 06:05:00,51904.0,51930.0,51903.0,51928.0,132.0
2026-06-22 06:10:00,51927.0,51938.0,51921.0,51932.0,114.0
2026-06-22 06:15:00,51933.0,51948.0,51888.0,51935.0,95.0
2026-06-22 06:20:00,51936.0,51963.0,51931.0,51960.0,67.0
2026-06-22 06:25:00,51959.0,51971.0,51955.0,51955.0,152.0
2026-06-22 06:30:00,51953.0,51953.0,51925.0,51941.0,97.0
2026-06-22 06:35:00,51939.0,51957.0,51937.0,51950.0,45.0
2026-06-22 06:40:00,51953.0,51969.0,51888.0,51969.0,39.0
2026-06-22 06:45:00,51970.0,51970.0,51950.0,51957.0,71.0
2026-06-22 06:50:00,51959.0,51975.0,51957.0,51973.0,72.0
2026-06-22 06:55:00,51973.0,51981.0,51968.0,51976.0,83.0
2026-06-22 07:00:00,51977.0,52000.0,51974.0,51987.0,250.0
2026-06-22 07:05:00,51986.0,51996.0,51888.0,51985.0,95.0
2026-06-22 07:10:00,51984.0,51993.0,51969.0,51978.0,146.0
2026-06-22 07:15:00,51976.0,51999.0,51976.0,51992.0,43.0
2026-06-22 07:20:00,51987.0,51988.0,51979.0,51979.0,42.0
2026-06-22 07:25:00,51979.0,51994.0,51979.0,51991.0,92.0
2026-06-22 07:30:00,51990.0,51995.0,51888.0,51987.0,82.0
2026-06-22 07:35:00,51985.0,52000.0,51978.0,51979.0,57.0
2026-06-22 07:40:00,51978.0,51978.0,51957.0,51961.0,78.0
2026-06-22 07:45:00,51959.0,51974.0,51957.0,51972.0,77.0
2026-06-22 07:50:00,51971.0,51978.0,51938.0,51939.0,71.0
2026-06-22 07:55:00,51938.0,51951.0,51888.0,51948.0,47.0
2026-06-22 08:00:00,51953.0,51959.0,51918.0,51924.0,153.0
2026-06-22 08:05:00,51925.0,51945.0,51925.0,51941.0,116.0
2026-06-22 08:10:00,51939.0,51940.0,51919.0,51934.0,149.0
2026-06-22 08:15:00,51940.0,51948.0,51922.0,51922.0,116.0
2026-06-22 08:20:00,51921.0,51956.0,51888.0,51946.0,194.0
2026-06-22 08:25:00,51947.0,51955.0,51936.0,51950.0,87.0
2026-06-22 08:30:00,51947.0,51951.0,51928.0,51940.0,89.0
2026-06-22 08:35:00,51941.0,51945.0,51931.0,51941.0,94.0
2026-06-22 08:40:00,51942.0,51965.0,51942.0,51965.0,91.0
2026-06-22 08:45:00,51964.0,51969.0,51888.0,51952.0,94.0
2026-06-22 08:50:00,51952.0,51970.0,51949.0,51962.0,173.0
2026-06-22 08:55:00,51964.0,51973.0,51962.0,51966.0,124.0
2026-06-22 09:00:00,51969.0,51989.0,51956.0,51989.0,87.0
2026-06-22 09:05:00,51985.0,52020.0,51984.0,52019.0,251.0
2026-06-22 09:10:00,52018.0,52037.0,51888.0,52032.0,208.0
2026-06-22 09:15:00,52033.0,52033.0,52016.0,52019.0,99.0
2026-06-22 09:20:00,52018.0,52026.0,52012.0,52016.0,57.0
2026-06-22 09:25:00,52013.0,52018.0,52002.0,52006.0,81.0
2026-06-22 09:30:00,52003.0,52011.0,51989.0,52004.0,127.0
2026-06-22 09:35:00,52005.0,52006.0,51888.0,51986.0,82.0
2026-06-22 09:40:00,51984.0,51988.0,51972.0,51978.0,87.0
2026-06-22 09:45:00,51979.0,51986.0,51971.0,51974.0,130.0
2026-06-22 09:50:00,51974.0,51982.0,51967.0,51975.0,109.0
2026-06-22 09:55:00,51974.0,51981.0,51963.0,51966.0,120.0
2026-06-22 10:00:00,51967.0,51995.0,51888.0,51994.0,128.0
2026-06-22 10:05:00,51990.0,52018.0,51984.0,52005.0,135.0
2026-06-22 10:10:00,52004.0,52015.0,52002.0,52006.0,45.0
2026-06-22 10:15:00,52006.0,52019.0,52005.0,52013.0,61.0
2026-06-22 10:20:00,52016.0,52030.0,52014.0,52024.0,54.0
2026-06-22 10:25:00,52026.0,52031.0,51888.0,52014.0,158.0
2026-06-22 10:30:00,52015.0,52017.0,51991.0,51991.0,120.0
2026-06-22 10:35:00,51992.0,52002.0,51979.0,51980.0,154.0
2026-06-22 10:40:00,51978.0,51997.0,51977.0,51991.0,60.0
2026-06-22 10:45:00,51993.0,52009.0,51993.0,52003.0,69.0
2026-06-22 10:50:00,52005.0,52011.0,51888.0,51999.0,84.0
2026-06-22 10:55:00,52000.0,52002.0,51993.0,52001.0,78.0
2026-06-22 11:00:00,51994.0,52035.0,51983.0,52026.0,348.0
2026-06-22 11:05:00,52025.0,52101.0,52024.0,52044.0,777.0
2026-06-22 11:10:00,52043.0,52043.0,52000.0,52023.0,279.0
2026-06-22 11:15:00,52025.0,52025.0,51888.0,52009.0,97.0
2026-06-22 11:20:00,52003.0,52008.0,51990.0,52000.0,104.0
2026-06-22 11:25:00,52004.0,52009.0,51999.0,52000.0,75.0
2026-06-22 11:30:00,52002.0,52033.0,51994.0,52017.0,193.0
2026-06-22 11:35:00,52013.0,52027.0,52010.0,52020.0,104.0
2026-06-22 11:40:00,52021.0,52024.0,51888.0,52017.0,161.0
2026-06-22 11:45:00,52015.0,52022.0,51992.0,52021.0,185.0
2026-06-22 11:50:00,52024.0,52027.0,52013.0,52023.0,229.0
2026-06-22 11:55:00,52022.0,52048.0,52022.0,52048.0,264.0
2026-06-22 12:00:00,52047.0,52058.0,52039.0,52050.0,188.0
2026-06-22 12:05:00,52051.0,52098.0,51888.0,52097.0,313.0
2026-06-22 12:10:00,52095.0,52099.0,52083.0,52085.0,186.0
2026-06-22 12:15:00,52083.0,52087.0,52069.0,52075.0,152.0
2026-06-22 12:20:00,52073.0,52119.0,52073.0,52118.0,183.0
2026-06-22 12:25:00,52116.0,52124.0,52098.0,52121.0,186.0
2026-06-22 12:30:00,52123.0,52124.0,51888.0,52106.0,148.0
2026-06-22 12:35:00,52108.0,52120.0,52096.0,52098.0,110.0
2026-06-22 12:40:00,52099.0,52105.0,52075.0,52079.0,124.0
2026-06-22 12:45:00,52081.0,52082.0,52053.0,52057.0,150.0
2026-06-22 12:50:00,52056.0,52064.0,52050.0,52064.0,90.0
2026-06-22 12:55:00,52065.0,52065.0,51888.0,52043.0,85.0
2026-06-22 13:00:00,52045.0,52102.0,52042.0,52068.0,452.0
2026-06-22 13:05:00,52071.0,52077.0,52044.0,52053.0,138.0
2026-06-22 13:10:00,52049.0,52112.0,52049.0,52112.0,455.0
2026-06-22 13:15:00,52114.0,52121.0,52083.0,52097.0,146.0
2026-06-22 13:20:00,52096.0,52130.0,51888.0,52102.0,288.0
2026-06-22 13:25:00,52099.0,52134.0,52089.0,52110.0,743.0
2026-06-22 13:30:00,52113.0,52293.0,52079.0,52210.0,4927.0
2026-06-22 13:35:00,52210.0,52239.0,52162.0,52203.0,2080.0
2026-06-22 13:40:00,52205.0,52226.0,51888.0,52189.0,1510.0
2026-06-22 13:45:00,52189.0,52298.0,52144.0,52269.0,2008.0
2026-06-22 13:50:00,52269.0,52278.0,52221.0,52240.0,1320.0
2026-06-22 13:55:00,52236.0,52263.0,52217.0,52256.0,1061.0
2026-06-22 14:00:00,52256.0,52256.0,52196.0,52249.0,1395.0
2026-06-22 14:05:00,52250.0,52288.0,51888.0,52287.0,988.0
2026-06-22 14:10:00,52285.0,52305.0,52240.0,52263.0,1183.0
2026-06-22 14:15:00,52264.0,52279.0,52195.0,52200.0,885.0
2026-06-22 14:20:00,52202.0,52237.0,52169.0,52187.0,717.0
2026-06-22 14:25:00,52184.0,52216.0,52139.0,52140.0,932.0
2026-06-22 14:30:00,52142.0,52146.0,51888.0,52103.0,1672.0
2026-06-22 14:35:00,52102.0,52121.0,52071.0,52091.0,735.0
2026-06-22 14:40:00,52089.0,52115.0,52075.0,52088.0,766.0
2026-06-22 14:45:00,52090.0,52135.0,52088.0,52115.0,1009.0
2026-06-22 14:50:00,52116.0,52126.0,52076.0,52092.0,702.0
2026-06-22 14:55:00,52094.0,52147.0,51888.0,52136.0,1030.0
2026-06-22 15:00:00,52136.0,52180.0,52132.0,52141.0,632.0
2026-06-22 15:05:00,52142.0,52143.0,52062.0,52068.0,614.0
2026-06-22 15:10:00,52069.0,52124.0,52064.0,52099.0,626.0
2026-06-22 15:15:00,52103.0,52143.0,52088.0,52107.0,662.0
2026-06-22 15:20:00,52105.0,52136.0,51888.0,52130.0,574.0
2026-06-22 15:25:00,52129.0,52149.0,52101.0,52120.0,890.0
2026-06-22 15:30:00,52121.0,52149.0,52096.0,52121.0,853.0
2026-06-22 15:35:00,52122.0,52154.0,52114.0,52145.0,648.0
2026-06-22 15:40:00,52144.0,52181.0,52142.0,52171.0,522.0
2026-06-22 15:45:00,52175.0,52199.0,51888.0,52132.0,879.0
2026-06-22 15:50:00,52134.0,52158.0,52107.0,52150.0,727.0
2026-06-22 15:55:00,52146.0,52178.0,52140.0,52168.0,553.0
2026-06-22 16:00:00,52168.0,52176.0,52102.0,52110.0,615.0
2026-06-22 16:05:00,52108.0,52137.0,52108.0,52125.0,489.0
2026-06-22 16:10:00,52125.0,52180.0,51888.0,52179.0,532.0
2026-06-22 16:15:00,52181.0,52184.0,52157.0,52179.0,382.0
2026-06-22 16:20:00,52180.0,52202.0,52140.0,52148.0,535.0
2026-06-22 16:25:00,52146.0,52166.0,52138.0,52150.0,354.0
2026-06-22 16:30:00,52151.0,52155.0,52119.0,52126.0,370.0
2026-06-22 16:35:00,52125.0,52155.0,51888.0,52144.0,397.0
2026-06-22 16:40:00,52145.0,52151.0,52124.0,52147.0,308.0
2026-06-22 16:45:00,52143.0,52173.0,52132.0,52172.0,290.0
2026-06-22 16:50:00,52171.0,52193.0,52158.0,52169.0,336.0
2026-06-22 16:55:00,52170.0,52195.0,52149.0,52167.0,543.0
2026-06-22 17:00:00,52168.0,52179.0,51888.0,52141.0,237.0
2026-06-22 17:05:00,52141.0,52141.0,52108.0,52128.0,354.0
2026-06-22 17:10:00,52124.0,52155.0,52120.0,52141.0,328.0
2026-06-22 17:15:00,52142.0,52169.0,52142.0,52147.0,244.0
2026-06-22 17:20:00,52148.0,52161.0,52129.0,52139.0,190.0
2026-06-22 17:25:00,52138.0,52145.0,51888.0,52123.0,175.0
2026-06-22 17:30:00,52122.0,52132.0,52093.0,52105.0,375.0
2026-06-22 17:35:00,52105.0,52107.0,52075.0,52103.0,341.0
2026-06-22 17:40:00,52101.0,52113.0,52093.0,52111.0,188.0
2026-06-22 17:45:00,52109.0,52124.0,52096.0,52115.0,286.0
2026-06-22 17:50:00,52117.0,52147.0,51888.0,52143.0,202.0
2026-06-22 17:55:00,52143.0,52143.0,52112.0,52113.0,212.0
2026-06-22 18:00:00,52110.0,52119.0,52078.0,52088.0,359.0
2026-06-22 18:05:00,52085.0,52114.0,52082.0,52114.0,249.0
2026-06-22 18:10:00,52115.0,52125.0,51888.0,52120.0,234.0
2026-06-22 18:15:00,52122.0,52136.0,51888.0,52135.0,265.0
2026-06-22 18:20:00,52136.0,52174.0,52136.0,52152.0,373.0
2026-06-22 18:25:00,52151.0,52155.0,52127.0,52145.0,305.0
2026-06-22 18:30:00,52145.0,52167.0,52123.0,52127.0,491.0
2026-06-22 18:35:00,52128.0,52141.0,51888.0,52119.0,172.0
2026-06-22 18:40:00,52119.0,52120.0,51888.0,52089.0,284.0
2026-06-22 18:45:00,52086.0,52103.0,52075.0,52100.0,244.0
2026-06-22 18:50:00,52103.0,52106.0,52030.0,52054.0,473.0
2026-06-22 18:55:00,52053.0,52061.0,52022.0,52026.0,340.0
2026-06-22 19:00:00,52028.0,52056.0,51888.0,52041.0,341.0
2026-06-22 19:05:00,52038.0,52046.0,52007.0,52035.0,357.0
2026-06-22 19:10:00,52034.0,52045.0,52020.0,52040.0,233.0
2026-06-22 19:15:00,52044.0,52071.0,52037.0,52066.0,391.0
2026-06-22 19:20:00,52065.0,52073.0,52042.0,52055.0,309.0
2026-06-22 19:25:00,52057.0,52058.0,51888.0,52023.0,302.0
2026-06-22 19:30:00,52024.0,52050.0,52023.0,52039.0,472.0
2026-06-22 19:35:00,52037.0,52061.0,52033.0,52045.0,420.0
2026-06-22 19:40:00,52050.0,52050.0,52022.0,52033.0,468.0
2026-06-22 19:45:00,52033.0,52084.0,52030.0,52079.0,543.0
2026-06-22 19:50:00,52081.0,52113.0,51888.0,52113.0,988.0
2026-06-22 19:55:00,52112.0,52138.0,52089.0,52113.0,3558.0
2026-06-22 20:00:00,52114.0,52162.0,52101.0,52155.0,850.0
2026-06-22 20:05:00,52155.0,52170.0,52152.0,52169.0,227.0
2026-06-22 20:10:00,52169.0,52179.0,52155.0,52174.0,309.0
2026-06-22 20:15:00,52177.0,52192.0,51888.0,52190.0,213.0
2026-06-22 20:20:00,52193.0,52197.0,52179.0,52181.0,124.0
2026-06-22 20:25:00,52181.0,52181.0,52157.0,52168.0,137.0
2026-06-22 20:30:00,52167.0,52175.0,52162.0,52164.0,88.0
2026-06-22 20:35:00,52161.0,52162.0,52147.0,52159.0,117.0
2026-06-22 20:40:00,52160.0,52179.0,51888.0,52176.0,51.0
2026-06-22 20:45:00,52178.0,52183.0,52172.0,52177.0,91.0
2026-06-22 20:50:00,52176.0,52179.0,52164.0,52168.0,54.0
2026-06-22 20:55:00,52168.0,52178.0,51888.0,51888.0,132.0
2026-06-22 22:00:00,52165.0,52207.0,52162.0,52174.0,0.0
2026-06-22 22:05:00,52179.0,52179.0,52150.0,52175.0,91.0
2026-06-22 22:10:00,52172.0,52176.0,52165.0,52168.0,20.0
2026-06-22 22:15:00,52173.0,52173.0,52160.0,52169.0,18.0
2026-06-22 22:20:00,52164.0,52176.0,52163.0,52173.0,19.0
2026-06-22 22:25:00,52167.0,52172.0,52164.0,52171.0,35.0
2026-06-22 22:30:00,52167.0,52180.0,52141.0,52147.0,177.0
2026-06-22 22:35:00,52150.0,52154.0,52129.0,52143.0,77.0
2026-06-22 22:40:00,52143.0,52143.0,52129.0,52131.0,24.0
2026-06-22 22:45:00,52133.0,52137.0,52130.0,52133.0,27.0
2026-06-22 22:50:00,52135.0,52143.0,52128.0,52143.0,11.0
2026-06-22 22:55:00,52141.0,52160.0,52138.0,52145.0,72.0
2026-06-22 23:00:00,52144.0,52147.0,52132.0,52137.0,91.0
2026-06-22 23:05:00,52138.0,52140.0,52133.0,52140.0,43.0
2026-06-22 23:10:00,52137.0,52137.0,52116.0,52122.0,58.0
2026-06-22 23:15:00,52120.0,52123.0,52109.0,52119.0,41.0
2026-06-22 23:20:00,52116.0,52127.0,52116.0,52125.0,24.0
2026-06-22 23:25:00,52126.0,52141.0,52120.0,52135.0,45.0
2026-06-22 23:30:00,52133.0,52133.0,52128.0,52128.0,5.0
2026-06-22 23:35:00,52131.0,52138.0,52130.0,52130.0,15.0
2026-06-22 23:40:00,52132.0,52142.0,52132.0,52139.0,15.0
2026-06-22 23:45:00,52142.0,52142.0,52130.0,52137.0,32.0
2026-06-22 23:50:00,52137.0,52152.0,52132.0,52143.0,62.0
2026-06-22 23:55:00,52140.0,52154.0,52139.0,52152.0,30.0
2026-06-23 00:00:00,52150.0,52162.0,52134.0,52147.0,146.0
2026-06-23 00:05:00,52144.0,52171.0,52144.0,52163.0,122.0
2026-06-23 00:10:00,52160.0,52163.0,52133.0,52147.0,108.0
2026-06-23 00:15:00,52148.0,52163.0,52146.0,52155.0,170.0
2026-06-23 00:20:00,52154.0,52180.0,52152.0,52179.0,349.0
2026-06-23 00:25:00,52179.0,52179.0,52160.0,52168.0,161.0
2026-06-23 00:30:00,52165.0,52195.0,52164.0,52194.0,174.0
2026-06-23 00:35:00,52194.0,52210.0,52188.0,52208.0,90.0
2026-06-23 00:40:00,52202.0,52236.0,52192.0,52234.0,149.0
2026-06-23 00:45:00,52235.0,52259.0,52228.0,52255.0,264.0
2026-06-23 00:50:00,52254.0,52258.0,52241.0,52245.0,94.0
2026-06-23 00:55:00,52245.0,52256.0,52238.0,52250.0,60.0
2026-06-23 01:00:00,52254.0,52260.0,52240.0,52246.0,162.0
2026-06-23 01:05:00,52247.0,52252.0,52233.0,52248.0,144.0
2026-06-23 01:10:00,52245.0,52247.0,52218.0,52218.0,71.0
2026-06-23 01:15:00,52220.0,52221.0,52207.0,52209.0,89.0
2026-06-23 01:20:00,52210.0,52218.0,52203.0,52213.0,70.0
2026-06-23 01:25:00,52215.0,52231.0,52215.0,52231.0,53.0
2026-06-23 01:30:00,52231.0,52232.0,52211.0,52212.0,57.0
2026-06-23 01:35:00,52210.0,52210.0,52172.0,52183.0,176.0
2026-06-23 01:40:00,52185.0,52195.0,52168.0,52171.0,117.0
2026-06-23 01:45:00,52168.0,52170.0,52150.0,52162.0,150.0
2026-06-23 01:50:00,52163.0,52172.0,52117.0,52164.0,174.0
2026-06-23 01:55:00,52163.0,52185.0,52160.0,52172.0,72.0
2026-06-23 02:00:00,52176.0,52195.0,52171.0,52190.0,156.0
2026-06-23 02:05:00,52187.0,52187.0,52149.0,52154.0,129.0
2026-06-23 02:10:00,52153.0,52165.0,52134.0,52165.0,69.0
2026-06-23 02:15:00,52166.0,52187.0,52159.0,52171.0,78.0
2026-06-23 02:20:00,52177.0,52184.0,52164.0,52169.0,31.0
2026-06-23 02:25:00,52170.0,52172.0,52159.0,52159.0,44.0
2026-06-23 02:30:00,52156.0,52162.0,52150.0,52151.0,43.0
2026-06-23 02:35:00,52154.0,52157.0,52149.0,52152.0,36.0
2026-06-23 02:40:00,52148.0,52163.0,52147.0,52161.0,49.0
2026-06-23 02:45:00,52161.0,52164.0,52138.0,52143.0,133.0
2026-06-23 02:50:00,52144.0,52153.0,52141.0,52144.0,47.0
2026-06-23 02:55:00,52146.0,52150.0,52127.0,52136.0,51.0
2026-06-23 03:00:00,52135.0,52138.0,52120.0,52130.0,59.0
2026-06-23 03:05:00,52129.0,52129.0,52092.0,52092.0,130.0
2026-06-23 03:10:00,52092.0,52099.0,52075.0,52091.0,134.0
2026-06-23 03:15:00,52090.0,52096.0,52083.0,52089.0,52.0
2026-06-23 03:20:00,52092.0,52105.0,52092.0,52103.0,43.0
2026-06-23 03:25:00,52101.0,52116.0,52099.0,52113.0,88.0
2026-06-23 03:30:00,52112.0,52114.0,52097.0,52100.0,98.0
2026-06-23 03:35:00,52100.0,52102.0,52065.0,52070.0,152.0
2026-06-23 03:40:00,52068.0,52071.0,52046.0,52070.0,196.0
2026-06-23 03:45:00,52065.0,52066.0,52052.0,52061.0,69.0
2026-06-23 03:50:00,52063.0,52087.0,52059.0,52085.0,96.0
2026-06-23 03:55:00,52084.0,52094.0,52081.0,52090.0,73.0
2026-06-23 04:00:00,52102.0,52122.0,52096.0,52099.0,141.0
2026-06-23 04:05:00,52094.0,52096.0,52077.0,52077.0,67.0
2026-06-23 04:10:00,52079.0,52079.0,52068.0,52068.0,47.0
2026-06-23 04:15:00,52070.0,52070.0,52050.0,52050.0,109.0
2026-06-23 04:20:00,52052.0,52054.0,52034.0,52040.0,67.0
2026-06-23 04:25:00,52041.0,52052.0,52041.0,52052.0,52.0
2026-06-23 04:30:00,52050.0,52052.0,52038.0,52046.0,32.0
2026-06-23 04:35:00,52048.0,52049.0,52037.0,52038.0,58.0
2026-06-23 04:40:00,52040.0,52045.0,52034.0,52039.0,65.0
2026-06-23 04:45:00,52044.0,52046.0,52035.0,52039.0,51.0
2026-06-23 04:50:00,52038.0,52041.0,52005.0,52006.0,92.0
2026-06-23 04:55:00,52002.0,52005.0,51984.0,51991.0,85.0
2026-06-23 05:00:00,51992.0,52017.0,51992.0,52017.0,81.0
2026-06-23 05:05:00,52011.0,52020.0,52005.0,52005.0,56.0
2026-06-23 05:10:00,52006.0,52027.0,52006.0,52006.0,94.0
2026-06-23 05:15:00,52005.0,52005.0,51977.0,51980.0,114.0
2026-06-23 05:20:00,51982.0,51994.0,51977.0,51978.0,67.0
2026-06-23 05:25:00,51980.0,51980.0,51938.0,51956.0,156.0
2026-06-23 05:30:00,51957.0,51958.0,51931.0,51955.0,154.0
2026-06-23 05:35:00,51956.0,51957.0,51918.0,51929.0,143.0
2026-06-23 05:40:00,51931.0,51952.0,51924.0,51947.0,127.0
2026-06-23 05:45:00,51947.0,51966.0,51937.0,51960.0,112.0
2026-06-23 05:50:00,51957.0,51970.0,51945.0,51950.0,102.0
2026-06-23 05:55:00,51949.0,51952.0,51936.0,51943.0,122.0
2026-06-23 06:00:00,51945.0,51964.0,51936.0,51954.0,170.0
2026-06-23 06:05:00,51957.0,51963.0,51928.0,51930.0,210.0
2026-06-23 06:10:00,51931.0,51939.0,51923.0,51939.0,143.0
2026-06-23 06:15:00,51940.0,51947.0,51934.0,51947.0,172.0
2026-06-23 06:20:00,51947.0,51947.0,51910.0,51921.0,120.0
2026-06-23 06:25:00,51921.0,51921.0,51869.0,51895.0,383.0
2026-06-23 06:30:00,51890.0,51913.0,51885.0,51900.0,198.0
2026-06-23 06:35:00,51901.0,51904.0,51884.0,51884.0,181.0
2026-06-23 06:40:00,51885.0,51900.0,51863.0,51868.0,196.0
2026-06-23 06:45:00,51866.0,51887.0,51865.0,51871.0,183.0
2026-06-23 06:50:00,51872.0,51877.0,51864.0,51871.0,97.0
2026-06-23 06:55:00,51873.0,51874.0,51855.0,51861.0,212.0
2026-06-23 07:00:00,51862.0,51866.0,51823.0,51840.0,497.0
2026-06-23 07:05:00,51841.0,51864.0,51837.0,51859.0,299.0
2026-06-23 07:10:00,51858.0,51862.0,51820.0,51821.0,313.0
2026-06-23 07:15:00,51822.0,51822.0,51770.0,51784.0,428.0
2026-06-23 07:20:00,51781.0,51792.0,51754.0,51758.0,249.0
2026-06-23 07:25:00,51759.0,51780.0,51739.0,51776.0,285.0
2026-06-23 07:30:00,51774.0,51781.0,51745.0,51781.0,164.0
2026-06-23 07:35:00,51787.0,51790.0,51756.0,51789.0,166.0
2026-06-23 07:40:00,51791.0,51796.0,51749.0,51757.0,143.0
2026-06-23 07:45:00,51759.0,51763.0,51740.0,51748.0,205.0
2026-06-23 07:50:00,51749.0,51752.0,51729.0,51743.0,233.0
2026-06-23 07:55:00,51749.0,51749.0,51695.0,51730.0,383.0
2026-06-23 08:00:00,51736.0,51747.0,51691.0,51716.0,1115.0
2026-06-23 08:05:00,51717.0,51756.0,51714.0,51751.0,415.0
2026-06-23 08:10:00,51750.0,51761.0,51731.0,51740.0,366.0
2026-06-23 08:15:00,51740.0,51775.0,51740.0,51746.0,497.0
2026-06-23 08:20:00,51749.0,51763.0,51746.0,51759.0,295.0
2026-06-23 08:25:00,51759.0,51767.0,51742.0,51751.0,228.0
2026-06-23 08:30:00,51752.0,51789.0,51739.0,51789.0,181.0
2026-06-23 08:35:00,51789.0,51806.0,51789.0,51800.0,222.0
2026-06-23 08:40:00,51804.0,51822.0,51794.0,51802.0,218.0
2026-06-23 08:45:00,51802.0,51802.0,51760.0,51772.0,226.0
2026-06-23 08:50:00,51772.0,51779.0,51762.0,51776.0,196.0
2026-06-23 08:55:00,51774.0,51784.0,51767.0,51779.0,200.0
2026-06-23 09:00:00,51780.0,51805.0,51778.0,51790.0,199.0
2026-06-23 09:05:00,51787.0,51791.0,51763.0,51773.0,106.0
2026-06-23 09:10:00,51774.0,51807.0,51768.0,51798.0,149.0
2026-06-23 09:15:00,51797.0,51802.0,51779.0,51783.0,59.0
2026-06-23 09:20:00,51787.0,51825.0,51786.0,51824.0,167.0
2026-06-23 09:25:00,51823.0,51848.0,51822.0,51846.0,231.0
2026-06-23 09:30:00,51844.0,51845.0,51812.0,51818.0,150.0
2026-06-23 09:35:00,51821.0,51827.0,51809.0,51815.0,159.0
2026-06-23 09:40:00,51816.0,51838.0,51805.0,51838.0,286.0
2026-06-23 09:45:00,51836.0,51873.0,51826.0,51872.0,320.0
2026-06-23 09:50:00,51874.0,51877.0,51862.0,51868.0,137.0
2026-06-23 09:55:00,51866.0,51874.0,51863.0,51869.0,100.0
2026-06-23 10:00:00,51868.0,51904.0,51865.0,51898.0,261.0
2026-06-23 10:05:00,51895.0,51898.0,51869.0,51871.0,125.0
2026-06-23 10:10:00,51872.0,51883.0,51868.0,51875.0,105.0
2026-06-23 10:15:00,51875.0,51912.0,51874.0,51912.0,96.0
2026-06-23 10:20:00,51912.0,51941.0,51909.0,51912.0,279.0
2026-06-23 10:25:00,51911.0,51911.0,51886.0,51887.0,109.0
2026-06-23 10:30:00,51887.0,51887.0,51835.0,51835.0,324.0
2026-06-23 10:35:00,51837.0,51842.0,51814.0,51825.0,267.0
2026-06-23 10:40:00,51825.0,51845.0,51816.0,51838.0,143.0
2026-06-23 10:45:00,51838.0,51858.0,51827.0,51834.0,108.0
2026-06-23 10:50:00,51840.0,51852.0,51825.0,51849.0,115.0
2026-06-23 10:55:00,51847.0,51857.0,51835.0,51842.0,122.0
2026-06-23 11:00:00,51841.0,51877.0,51831.0,51856.0,328.0
2026-06-23 11:05:00,51854.0,51854.0,51820.0,51828.0,174.0
2026-06-23 11:10:00,51825.0,51859.0,51823.0,51859.0,193.0
2026-06-23 11:15:00,51860.0,51862.0,51839.0,51856.0,117.0
2026-06-23 11:20:00,51857.0,51909.0,51831.0,51871.0,507.0
2026-06-23 11:25:00,51870.0,51883.0,51851.0,51861.0,150.0
2026-06-23 11:30:00,51860.0,51878.0,51848.0,51868.0,130.0
2026-06-23 11:35:00,51871.0,51877.0,51840.0,51869.0,251.0
2026-06-23 11:40:00,51868.0,51914.0,51868.0,51913.0,156.0
2026-06-23 11:45:00,51913.0,51924.0,51902.0,51922.0,88.0
2026-06-23 11:50:00,51919.0,51962.0,51896.0,51962.0,368.0
2026-06-23 11:55:00,51961.0,51966.0,51916.0,51922.0,254.0
2026-06-23 12:00:00,51922.0,51948.0,51906.0,51935.0,259.0
2026-06-23 12:05:00,51939.0,51939.0,51916.0,51929.0,195.0
2026-06-23 12:10:00,51928.0,51946.0,51910.0,51930.0,181.0
2026-06-23 12:15:00,51930.0,51933.0,51901.0,51922.0,183.0
2026-06-23 12:20:00,51920.0,51920.0,51889.0,51890.0,313.0
2026-06-23 12:25:00,51886.0,51899.0,51853.0,51882.0,383.0
2026-06-23 12:30:00,51884.0,51903.0,51850.0,51850.0,250.0
2026-06-23 12:35:00,51852.0,51880.0,51844.0,51868.0,217.0
2026-06-23 12:40:00,51866.0,51888.0,51858.0,51881.0,289.0
2026-06-23 12:45:00,51881.0,51890.0,51861.0,51881.0,205.0
2026-06-23 12:50:00,51882.0,51893.0,51874.0,51875.0,148.0
2026-06-23 12:55:00,51877.0,51892.0,51870.0,51892.0,112.0
2026-06-23 13:00:00,51892.0,51918.0,51868.0,51916.0,323.0
2026-06-23 13:05:00,51918.0,51927.0,51897.0,51901.0,135.0
2026-06-23 13:10:00,51899.0,51908.0,51880.0,51894.0,189.0
2026-06-23 13:15:00,51893.0,51893.0,51842.0,51845.0,264.0
2026-06-23 13:20:00,51847.0,51858.0,51826.0,51846.0,233.0
2026-06-23 13:25:00,51841.0,51862.0,51810.0,51853.0,876.0
2026-06-23 13:30:00,51852.0,51886.0,51745.0,51805.0,4801.0
2026-06-23 13:35:00,51804.0,51809.0,51693.0,51802.0,3059.0
2026-06-23 13:40:00,51798.0,51935.0,51763.0,51919.0,2004.0
2026-06-23 13:45:00,51908.0,52058.0,51901.0,52032.0,2314.0
2026-06-23 13:50:00,52031.0,52090.0,51971.0,51975.0,1954.0
2026-06-23 13:55:00,51974.0,51977.0,51899.0,51931.0,1750.0
2026-06-23 14:00:00,51933.0,52027.0,51912.0,52009.0,1890.0
2026-06-23 14:05:00,52011.0,52077.0,51998.0,52068.0,1175.0
2026-06-23 14:10:00,52067.0,52140.0,52055.0,52122.0,1432.0
2026-06-23 14:15:00,52123.0,52189.0,52096.0,52186.0,1197.0
2026-06-23 14:20:00,52185.0,52206.0,52140.0,52184.0,1192.0
2026-06-23 14:25:00,52182.0,52187.0,52120.0,52171.0,1383.0
2026-06-23 14:30:00,52171.0,52183.0,52114.0,52120.0,867.0
2026-06-23 14:35:00,52119.0,52155.0,52095.0,52100.0,722.0
2026-06-23 14:40:00,52099.0,52128.0,52063.0,52098.0,813.0
2026-06-23 14:45:00,52098.0,52139.0,52074.0,52125.0,692.0
2026-06-23 14:50:00,52126.0,52160.0,52105.0,52156.0,744.0
2026-06-23 14:55:00,52157.0,52170.0,52132.0,52168.0,720.0
2026-06-23 15:00:00,52169.0,52177.0,52127.0,52152.0,872.0
2026-06-23 15:05:00,52151.0,52164.0,52104.0,52117.0,637.0
2026-06-23 15:10:00,52120.0,52133.0,52095.0,52124.0,927.0
2026-06-23 15:15:00,52119.0,52127.0,52061.0,52081.0,491.0
2026-06-23 15:20:00,52080.0,52086.0,52036.0,52040.0,652.0
2026-06-23 15:25:00,52037.0,52056.0,52021.0,52053.0,874.0
2026-06-23 15:30:00,52051.0,52094.0,52047.0,52074.0,517.0
2026-06-23 15:35:00,52073.0,52113.0,52037.0,52047.0,707.0
2026-06-23 15:40:00,52048.0,52095.0,52039.0,52080.0,443.0
2026-06-23 15:45:00,52080.0,52133.0,52066.0,52115.0,546.0
2026-06-23 15:50:00,52116.0,52157.0,52106.0,52134.0,438.0
2026-06-23 15:55:00,52136.0,52157.0,52121.0,52142.0,433.0
2026-06-23 16:00:00,52144.0,52171.0,52135.0,52159.0,420.0
2026-06-23 16:05:00,52159.0,52218.0,52159.0,52214.0,606.0
2026-06-23 16:10:00,52215.0,52238.0,52215.0,52226.0,465.0
2026-06-23 16:15:00,52230.0,52233.0,52194.0,52200.0,502.0
2026-06-23 16:20:00,52196.0,52201.0,52174.0,52191.0,384.0
2026-06-23 16:25:00,52191.0,52232.0,52190.0,52232.0,280.0
2026-06-23 16:30:00,52230.0,52236.0,52215.0,52220.0,260.0
2026-06-23 16:35:00,52219.0,52258.0,52215.0,52251.0,355.0
2026-06-23 16:40:00,52252.0,52267.0,52239.0,52256.0,353.0
2026-06-23 16:45:00,52257.0,52260.0,52227.0,52248.0,724.0
2026-06-23 16:50:00,52247.0,52249.0,52228.0,52239.0,244.0
2026-06-23 16:55:00,52245.0,52251.0,52215.0,52231.0,293.0
2026-06-23 17:00:00,52232.0,52234.0,52199.0,52208.0,327.0
2026-06-23 17:05:00,52210.0,52231.0,52201.0,52220.0,218.0
2026-06-23 17:10:00,52221.0,52246.0,52214.0,52234.0,349.0
2026-06-23 17:15:00,52233.0,52242.0,52219.0,52233.0,206.0
2026-06-23 17:20:00,52238.0,52281.0,52229.0,52271.0,406.0
2026-06-23 17:25:00,52270.0,52270.0,52234.0,52236.0,252.0
2026-06-23 17:30:00,52236.0,52250.0,52216.0,52248.0,379.0
2026-06-23 17:35:00,52251.0,52262.0,52240.0,52259.0,341.0
2026-06-23 17:40:00,52257.0,52261.0,52226.0,52230.0,276.0
2026-06-23 17:45:00,52227.0,52256.0,52223.0,52246.0,330.0
2026-06-23 17:50:00,52245.0,52246.0,52181.0,52183.0,421.0
2026-06-23 17:55:00,52182.0,52186.0,52161.0,52177.0,502.0
2026-06-23 18:00:00,52179.0,52214.0,52173.0,52184.0,467.0
2026-06-23 18:05:00,52185.0,52193.0,52152.0,52172.0,408.0
2026-06-23 18:10:00,52173.0,52184.0,52167.0,52169.0,281.0
2026-06-23 18:15:00,52169.0,52171.0,52144.0,52151.0,435.0
2026-06-23 18:20:00,52150.0,52162.0,52124.0,52158.0,386.0
2026-06-23 18:25:00,52158.0,52158.0,52131.0,52140.0,329.0
2026-06-23 18:30:00,52139.0,52143.0,52120.0,52132.0,370.0
2026-06-23 18:35:00,52132.0,52137.0,52116.0,52120.0,376.0
2026-06-23 18:40:00,52117.0,52117.0,52056.0,52066.0,780.0
2026-06-23 18:45:00,52066.0,52077.0,52044.0,52071.0,628.0
2026-06-23 18:50:00,52074.0,52099.0,52053.0,52070.0,609.0
2026-06-23 18:55:00,52070.0,52097.0,52051.0,52087.0,490.0
2026-06-23 19:00:00,52089.0,52128.0,52080.0,52125.0,574.0
2026-06-23 19:05:00,52128.0,52159.0,52108.0,52115.0,634.0
2026-06-23 19:10:00,52120.0,52141.0,52107.0,52119.0,334.0
2026-06-23 19:15:00,52118.0,52123.0,52063.0,52063.0,306.0
2026-06-23 19:20:00,52066.0,52112.0,52064.0,52101.0,524.0
2026-06-23 19:25:00,52101.0,52120.0,52093.0,52113.0,417.0
2026-06-23 19:30:00,52114.0,52120.0,52062.0,52071.0,586.0
2026-06-23 19:35:00,52069.0,52094.0,52058.0,52058.0,593.0
2026-06-23 19:40:00,52059.0,52079.0,52049.0,52072.0,759.0
2026-06-23 19:45:00,52072.0,52102.0,52064.0,52101.0,1032.0
2026-06-23 19:50:00,52101.0,52160.0,52091.0,52155.0,1770.0
2026-06-23 19:55:00,52153.0,52154.0,52062.0,52069.0,3696.0
2026-06-23 20:00:00,52069.0,52094.0,52054.0,52089.0,783.0
2026-06-23 20:05:00,52088.0,52103.0,52087.0,52093.0,223.0
2026-06-23 20:10:00,52092.0,52095.0,52081.0,52081.0,205.0
2026-06-23 20:15:00,52080.0,52080.0,52054.0,52063.0,145.0
2026-06-23 20:20:00,52065.0,52078.0,52061.0,52077.0,79.0
2026-06-23 20:25:00,52079.0,52081.0,52068.0,52075.0,49.0
2026-06-23 20:30:00,52076.0,52087.0,52075.0,52086.0,39.0
2026-06-23 20:35:00,52086.0,52091.0,52074.0,52075.0,37.0
2026-06-23 20:40:00,52074.0,52086.0,52070.0,52081.0,41.0
2026-06-23 20:45:00,52079.0,52092.0,52078.0,52092.0,45.0
2026-06-23 20:50:00,52094.0,52101.0,52093.0,52096.0,55.0
2026-06-23 20:55:00,52099.0,52128.0,52096.0,52128.0,86.0
2026-06-23 22:00:00,52119.0,52119.0,52060.0,52080.0,0.0
2026-06-23 22:05:00,52076.0,52096.0,52073.0,52091.0,28.0
2026-06-23 22:10:00,52092.0,52100.0,52086.0,52086.0,32.0
2026-06-23 22:15:00,52089.0,52090.0,52079.0,52084.0,88.0
2026-06-23 22:20:00,52088.0,52088.0,52050.0,52051.0,74.0
2026-06-23 22:25:00,52050.0,52052.0,52035.0,52039.0,100.0
2026-06-23 22:30:00,52041.0,52051.0,52025.0,52029.0,51.0
2026-06-23 22:35:00,52024.0,52030.0,52014.0,52020.0,32.0
2026-06-23 22:40:00,52025.0,52033.0,52019.0,52025.0,57.0
2026-06-23 22:45:00,52031.0,52040.0,52031.0,52035.0,29.0
2026-06-23 22:50:00,52036.0,52039.0,52027.0,52033.0,40.0
2026-06-23 22:55:00,52037.0,52044.0,52035.0,52040.0,44.0
2026-06-23 23:00:00,52041.0,52042.0,52000.0,52007.0,86.0
2026-06-23 23:05:00,52010.0,52010.0,51970.0,52003.0,160.0
2026-06-23 23:10:00,52001.0,52047.0,52000.0,52043.0,92.0
2026-06-23 23:15:00,52041.0,52056.0,52041.0,52045.0,27.0
2026-06-23 23:20:00,52045.0,52055.0,52041.0,52052.0,43.0
2026-06-23 23:25:00,52053.0,52055.0,52040.0,52042.0,38.0
2026-06-23 23:30:00,52042.0,52047.0,52016.0,52016.0,72.0
2026-06-23 23:35:00,52018.0,52018.0,52005.0,52008.0,101.0
2026-06-23 23:40:00,52010.0,52036.0,52007.0,52036.0,72.0
2026-06-23 23:45:00,52034.0,52115.0,52034.0,52105.0,256.0
2026-06-23 23:50:00,52104.0,52108.0,52091.0,52095.0,61.0
2026-06-23 23:55:00,52085.0,52096.0,52080.0,52089.0,50.0
2026-06-24 00:00:00,52087.0,52120.0,52069.0,52070.0,135.0
2026-06-24 00:05:00,52069.0,52119.0,52060.0,52105.0,174.0
2026-06-24 00:10:00,52106.0,52125.0,52090.0,52098.0,183.0
2026-06-24 00:15:00,52096.0,52114.0,52089.0,52094.0,151.0
2026-06-24 00:20:00,52088.0,52090.0,52054.0,52055.0,141.0
2026-06-24 00:25:00,52056.0,52071.0,52043.0,52071.0,103.0
2026-06-24 00:30:00,52075.0,52084.0,52064.0,52073.0,123.0
2026-06-24 00:35:00,52075.0,52079.0,52055.0,52065.0,69.0
2026-06-24 00:40:00,52064.0,52072.0,52057.0,52066.0,42.0
2026-06-24 00:45:00,52068.0,52076.0,52049.0,52055.0,69.0
2026-06-24 00:50:00,52054.0,52064.0,52049.0,52051.0,39.0
2026-06-24 00:55:00,52048.0,52062.0,52034.0,52062.0,65.0
2026-06-24 01:00:00,52063.0,52063.0,52036.0,52046.0,120.0
2026-06-24 01:05:00,52045.0,52077.0,52038.0,52058.0,118.0
2026-06-24 01:10:00,52056.0,52075.0,52052.0,52072.0,68.0
2026-06-24 01:15:00,52071.0,52071.0,52022.0,52031.0,114.0
2026-06-24 01:20:00,52033.0,52071.0,52024.0,52071.0,82.0
2026-06-24 01:25:00,52070.0,52079.0,52056.0,52063.0,48.0
2026-06-24 01:30:00,52065.0,52070.0,52053.0,52056.0,82.0
2026-06-24 01:35:00,52050.0,52051.0,52040.0,52050.0,43.0
2026-06-24 01:40:00,52050.0,52076.0,52050.0,52062.0,77.0
2026-06-24 01:45:00,52067.0,52067.0,52055.0,52055.0,43.0
2026-06-24 01:50:00,52056.0,52073.0,52055.0,52067.0,39.0
2026-06-24 01:55:00,52063.0,52063.0,52049.0,52062.0,48.0
2026-06-24 02:00:00,52060.0,52077.0,52058.0,52073.0,74.0
2026-06-24 02:05:00,52071.0,52074.0,52054.0,52074.0,26.0
2026-06-24 02:10:00,52073.0,52085.0,52073.0,52081.0,25.0
2026-06-24 02:15:00,52081.0,52081.0,52057.0,52060.0,59.0
2026-06-24 02:20:00,52073.0,52073.0,52031.0,52043.0,167.0
2026-06-24 02:25:00,52047.0,52064.0,52047.0,52060.0,31.0
2026-06-24 02:30:00,52066.0,52072.0,52052.0,52060.0,34.0
2026-06-24 02:35:00,52060.0,52061.0,52025.0,52042.0,165.0
2026-06-24 02:40:00,52045.0,52056.0,52031.0,52036.0,100.0
2026-06-24 02:45:00,52036.0,52036.0,52008.0,52016.0,86.0
2026-06-24 02:50:00,52016.0,52023.0,52006.0,52009.0,61.0
2026-06-24 02:55:00,52013.0,52018.0,52000.0,52001.0,102.0
2026-06-24 03:00:00,52003.0,52022.0,51994.0,51999.0,140.0
2026-06-24 03:05:00,51999.0,52021.0,51982.0,52017.0,117.0
2026-06-24 03:10:00,52020.0,52065.0,52018.0,52065.0,103.0
2026-06-24 03:15:00,52055.0,52055.0,52029.0,52029.0,77.0
2026-06-24 03:20:00,52031.0,52036.0,52021.0,52021.0,22.0
2026-06-24 03:25:00,52030.0,52073.0,52030.0,52073.0,36.0
2026-06-24 03:30:00,52070.0,52085.0,52070.0,52072.0,42.0
2026-06-24 03:35:00,52080.0,52090.0,52066.0,52070.0,61.0
2026-06-24 03:40:00,52068.0,52083.0,52066.0,52076.0,42.0
2026-06-24 03:45:00,52068.0,52078.0,52064.0,52072.0,33.0
2026-06-24 03:50:00,52065.0,52077.0,52062.0,52072.0,27.0
2026-06-24 03:55:00,52070.0,52073.0,52065.0,52073.0,16.0
2026-06-24 04:00:00,52069.0,52073.0,52051.0,52052.0,30.0
2026-06-24 04:05:00,52049.0,52056.0,52043.0,52044.0,34.0
2026-06-24 04:10:00,52049.0,52053.0,52031.0,52038.0,64.0
2026-06-24 04:15:00,52041.0,52044.0,52024.0,52024.0,36.0
2026-06-24 04:20:00,52025.0,52033.0,52017.0,52022.0,37.0
2026-06-24 04:25:00,52023.0,52037.0,52023.0,52033.0,14.0
2026-06-24 04:30:00,52034.0,52062.0,52033.0,52061.0,38.0
2026-06-24 04:35:00,52061.0,52083.0,52061.0,52077.0,47.0
2026-06-24 04:40:00,52077.0,52088.0,52075.0,52083.0,37.0
2026-06-24 04:45:00,52077.0,52086.0,52077.0,52078.0,55.0
2026-06-24 04:50:00,52078.0,52080.0,52065.0,52068.0,48.0
2026-06-24 04:55:00,52069.0,52074.0,52040.0,52048.0,264.0
2026-06-24 05:00:00,52052.0,52055.0,52029.0,52034.0,74.0
2026-06-24 05:05:00,52037.0,52037.0,52005.0,52021.0,117.0
2026-06-24 05:10:00,52017.0,52025.0,52015.0,52017.0,45.0
2026-06-24 05:15:00,52023.0,52033.0,52017.0,52031.0,77.0
2026-06-24 05:20:00,52035.0,52045.0,52029.0,52045.0,40.0
2026-06-24 05:25:00,52046.0,52058.0,52041.0,52047.0,44.0
2026-06-24 05:30:00,52050.0,52051.0,52036.0,52036.0,61.0
2026-06-24 05:35:00,52034.0,52054.0,52034.0,52054.0,54.0
2026-06-24 05:40:00,52048.0,52051.0,52031.0,52032.0,34.0
2026-06-24 05:45:00,52031.0,52039.0,52025.0,52026.0,51.0
2026-06-24 05:50:00,52026.0,52027.0,52020.0,52025.0,27.0
2026-06-24 05:55:00,52023.0,52033.0,52023.0,52032.0,22.0
2026-06-24 06:00:00,52029.0,52029.0,51988.0,51992.0,121.0
2026-06-24 06:05:00,51991.0,52011.0,51990.0,52005.0,65.0
2026-06-24 06:10:00,52008.0,52036.0,52008.0,52021.0,52.0
2026-06-24 06:15:00,52022.0,52022.0,52001.0,52001.0,41.0
2026-06-24 06:20:00,51997.0,51997.0,51982.0,51996.0,53.0
2026-06-24 06:25:00,51996.0,52010.0,51993.0,51994.0,60.0
2026-06-24 06:30:00,52003.0,52024.0,52001.0,52013.0,52.0
2026-06-24 06:35:00,52010.0,52028.0,52010.0,52014.0,73.0
2026-06-24 06:40:00,52015.0,52017.0,52011.0,52014.0,44.0
2026-06-24 06:45:00,52013.0,52020.0,51998.0,52020.0,46.0
2026-06-24 06:50:00,52022.0,52034.0,52020.0,52030.0,22.0
2026-06-24 06:55:00,52027.0,52027.0,52013.0,52014.0,22.0
2026-06-24 07:00:00,52013.0,52022.0,51971.0,51984.0,193.0
2026-06-24 07:05:00,51985.0,52015.0,51963.0,51999.0,222.0
2026-06-24 07:10:00,52001.0,52027.0,52001.0,52018.0,94.0
2026-06-24 07:15:00,52020.0,52032.0,52006.0,52018.0,80.0
2026-06-24 07:20:00,52015.0,52032.0,52007.0,52025.0,59.0
2026-06-24 07:25:00,52014.0,52014.0,51994.0,51994.0,50.0
2026-06-24 07:30:00,51992.0,52009.0,51988.0,51998.0,53.0
2026-06-24 07:35:00,51993.0,51993.0,51961.0,51988.0,129.0
2026-06-24 07:40:00,51982.0,52028.0,51982.0,52028.0,104.0
2026-06-24 07:45:00,52025.0,52040.0,52023.0,52028.0,89.0
2026-06-24 07:50:00,52030.0,52032.0,51991.0,51996.0,72.0
2026-06-24 07:55:00,51999.0,52004.0,51982.0,51983.0,95.0
2026-06-24 08:00:00,51986.0,52026.0,51982.0,52026.0,162.0
2026-06-24 08:05:00,52024.0,52037.0,52008.0,52012.0,145.0
2026-06-24 08:10:00,52012.0,52020.0,51998.0,52017.0,110.0
2026-06-24 08:15:00,52016.0,52028.0,52003.0,52003.0,97.0
2026-06-24 08:20:00,52003.0,52012.0,51997.0,52005.0,104.0
2026-06-24 08:25:00,52001.0,52005.0,51993.0,52001.0,68.0
2026-06-24 08:30:00,52004.0,52031.0,51997.0,52011.0,73.0
2026-06-24 08:35:00,52022.0,52022.0,52008.0,52010.0,39.0
2026-06-24 08:40:00,52010.0,52017.0,52007.0,52015.0,30.0
2026-06-24 08:45:00,52016.0,52020.0,52003.0,52005.0,38.0
2026-06-24 08:50:00,52004.0,52018.0,52003.0,52011.0,43.0
2026-06-24 08:55:00,52014.0,52016.0,52004.0,52012.0,46.0
2026-06-24 09:00:00,52015.0,52024.0,52007.0,52010.0,64.0
2026-06-24 09:05:00,52010.0,52025.0,52002.0,52014.0,59.0
2026-06-24 09:10:00,52016.0,52038.0,52006.0,52032.0,45.0
2026-06-24 09:15:00,52032.0,52033.0,51981.0,52002.0,121.0
2026-06-24 09:20:00,52010.0,52021.0,52004.0,52017.0,54.0
2026-06-24 09:25:00,52019.0,52029.0,52003.0,52007.0,40.0
2026-06-24 09:30:00,52006.0,52021.0,52000.0,52016.0,89.0
2026-06-24 09:35:00,52014.0,52018.0,51993.0,51997.0,116.0
2026-06-24 09:40:00,51991.0,51991.0,51976.0,51979.0,135.0
2026-06-24 09:45:00,51976.0,51995.0,51965.0,51987.0,128.0
2026-06-24 09:50:00,51993.0,52011.0,51991.0,51998.0,73.0
2026-06-24 09:55:00,51993.0,52006.0,51990.0,52006.0,54.0
2026-06-24 10:00:00,52005.0,52005.0,51971.0,51986.0,113.0
2026-06-24 10:05:00,51989.0,52001.0,51987.0,52001.0,80.0
2026-06-24 10:10:00,51999.0,52008.0,51983.0,52003.0,66.0
2026-06-24 10:15:00,52005.0,52019.0,51999.0,52008.0,110.0
2026-06-24 10:20:00,52010.0,52018.0,52002.0,52009.0,66.0
2026-06-24 10:25:00,52007.0,52020.0,52007.0,52020.0,49.0
2026-06-24 10:30:00,52022.0,52032.0,52018.0,52026.0,89.0
2026-06-24 10:35:00,52026.0,52035.0,52024.0,52032.0,78.0
2026-06-24 10:40:00,52031.0,52081.0,52029.0,52067.0,238.0
2026-06-24 10:45:00,52064.0,52072.0,52045.0,52046.0,96.0
2026-06-24 10:50:00,52045.0,52045.0,52021.0,52023.0,94.0
2026-06-24 10:55:00,52024.0,52028.0,52010.0,52017.0,118.0
2026-06-24 11:00:00,52022.0,52066.0,52019.0,52054.0,178.0
2026-06-24 11:05:00,52057.0,52062.0,52048.0,52048.0,72.0
2026-06-24 11:10:00,52050.0,52060.0,52047.0,52049.0,52.0
2026-06-24 11:15:00,52049.0,52061.0,52039.0,52048.0,87.0
2026-06-24 11:20:00,52043.0,52065.0,52027.0,52065.0,141.0
2026-06-24 11:25:00,52066.0,52079.0,52057.0,52068.0,69.0
2026-06-24 11:30:00,52074.0,52098.0,52074.0,52084.0,115.0
2026-06-24 11:35:00,52090.0,52129.0,52087.0,52105.0,166.0
2026-06-24 11:40:00,52108.0,52108.0,52089.0,52095.0,70.0
2026-06-24 11:45:00,52101.0,52170.0,52100.0,52168.0,202.0
2026-06-24 11:50:00,52165.0,52174.0,52149.0,52165.0,199.0
2026-06-24 11:55:00,52154.0,52171.0,52147.0,52171.0,113.0
2026-06-24 12:00:00,52171.0,52176.0,52131.0,52160.0,256.0
2026-06-24 12:05:00,52154.0,52155.0,52112.0,52127.0,161.0
2026-06-24 12:10:00,52124.0,52130.0,52110.0,52120.0,138.0
2026-06-24 12:15:00,52124.0,52158.0,52103.0,52158.0,160.0
2026-06-24 12:20:00,52158.0,52169.0,52135.0,52145.0,283.0
2026-06-24 12:25:00,52146.0,52146.0,52125.0,52134.0,193.0
2026-06-24 12:30:00,52130.0,52145.0,52118.0,52120.0,95.0
2026-06-24 12:35:00,52121.0,52121.0,52088.0,52092.0,106.0
2026-06-24 12:40:00,52087.0,52087.0,52057.0,52068.0,126.0
2026-06-24 12:45:00,52070.0,52079.0,52049.0,52054.0,76.0
2026-06-24 12:50:00,52054.0,52058.0,52040.0,52046.0,92.0
2026-06-24 12:55:00,52045.0,52046.0,52030.0,52045.0,124.0
2026-06-24 13:00:00,52046.0,52063.0,52042.0,52042.0,234.0
2026-06-24 13:05:00,52046.0,52050.0,52020.0,52030.0,166.0
2026-06-24 13:10:00,52028.0,52030.0,51984.0,51998.0,314.0
2026-06-24 13:15:00,51998.0,52010.0,51987.0,52005.0,167.0
2026-06-24 13:20:00,52004.0,52012.0,51933.0,51961.0,600.0
2026-06-24 13:25:00,51961.0,52042.0,51950.0,52030.0,825.0
2026-06-24 13:30:00,52028.0,52128.0,52015.0,52116.0,4052.0
2026-06-24 13:35:00,52118.0,52153.0,52063.0,52091.0,1688.0
2026-06-24 13:40:00,52090.0,52109.0,52005.0,52103.0,2706.0
2026-06-24 13:45:00,52103.0,52130.0,52051.0,52126.0,2230.0
2026-06-24 13:50:00,52129.0,52258.0,52127.0,52219.0,2043.0
2026-06-24 13:55:00,52219.0,52233.0,52127.0,52145.0,1162.0
2026-06-24 14:00:00,52148.0,52194.0,52131.0,52151.0,1127.0
2026-06-24 14:05:00,52154.0,52241.0,52154.0,52196.0,1589.0
2026-06-24 14:10:00,52197.0,52218.0,52160.0,52211.0,1201.0
2026-06-24 14:15:00,52212.0,52221.0,52163.0,52209.0,760.0
2026-06-24 14:20:00,52212.0,52316.0,52176.0,52291.0,1640.0
2026-06-24 14:25:00,52289.0,52307.0,52258.0,52277.0,962.0
2026-06-24 14:30:00,52283.0,52323.0,52280.0,52300.0,1000.0
2026-06-24 14:35:00,52300.0,52306.0,52259.0,52264.0,876.0
2026-06-24 14:40:00,52262.0,52356.0,52248.0,52354.0,989.0
2026-06-24 14:45:00,52354.0,52416.0,52348.0,52381.0,1482.0
2026-06-24 14:50:00,52383.0,52450.0,52383.0,52440.0,1064.0
2026-06-24 14:55:00,52437.0,52509.0,52420.0,52507.0,1186.0
2026-06-24 15:00:00,52508.0,52526.0,52494.0,52504.0,1169.0
2026-06-24 15:05:00,52504.0,52532.0,52473.0,52487.0,1099.0
2026-06-24 15:10:00,52486.0,52523.0,52464.0,52496.0,782.0
2026-06-24 15:15:00,52496.0,52589.0,52496.0,52584.0,968.0
2026-06-24 15:20:00,52586.0,52614.0,52573.0,52598.0,836.0
2026-06-24 15:25:00,52595.0,52667.0,52575.0,52667.0,1028.0
2026-06-24 15:30:00,52666.0,52676.0,52629.0,52645.0,750.0
2026-06-24 15:35:00,52646.0,52657.0,52622.0,52630.0,493.0
2026-06-24 15:40:00,52631.0,52645.0,52589.0,52600.0,633.0
2026-06-24 15:45:00,52602.0,52602.0,52551.0,52597.0,866.0
2026-06-24 15:50:00,52598.0,52620.0,52583.0,52593.0,591.0
2026-06-24 15:55:00,52594.0,52603.0,52567.0,52577.0,336.0
2026-06-24 16:00:00,52577.0,52578.0,52544.0,52550.0,407.0
2026-06-24 16:05:00,52552.0,52579.0,52547.0,52556.0,418.0
2026-06-24 16:10:00,52557.0,52582.0,52548.0,52560.0,333.0
2026-06-24 16:15:00,52564.0,52591.0,52544.0,52560.0,361.0
2026-06-24 16:20:00,52560.0,52608.0,52539.0,52605.0,410.0
2026-06-24 16:25:00,52601.0,52604.0,52568.0,52575.0,364.0
2026-06-24 16:30:00,52575.0,52583.0,52555.0,52578.0,277.0
2026-06-24 16:35:00,52579.0,52601.0,52516.0,52519.0,695.0
2026-06-24 16:40:00,52519.0,52524.0,52482.0,52514.0,1061.0
2026-06-24 16:45:00,52514.0,52541.0,52493.0,52523.0,518.0
2026-06-24 16:50:00,52520.0,52541.0,52473.0,52474.0,479.0
2026-06-24 16:55:00,52475.0,52480.0,52449.0,52466.0,504.0
2026-06-24 17:00:00,52470.0,52490.0,52461.0,52480.0,444.0
2026-06-24 17:05:00,52480.0,52482.0,52384.0,52412.0,918.0
2026-06-24 17:10:00,52412.0,52439.0,52385.0,52399.0,522.0
2026-06-24 17:15:00,52397.0,52418.0,52317.0,52334.0,987.0
2026-06-24 17:20:00,52337.0,52337.0,52269.0,52275.0,983.0
2026-06-24 17:25:00,52274.0,52274.0,52203.0,52214.0,1060.0
2026-06-24 17:30:00,52215.0,52243.0,52183.0,52230.0,1467.0
2026-06-24 17:35:00,52232.0,52253.0,52173.0,52227.0,904.0
2026-06-24 17:40:00,52230.0,52236.0,52182.0,52191.0,667.0
2026-06-24 17:45:00,52189.0,52224.0,52158.0,52220.0,639.0
2026-06-24 17:50:00,52217.0,52260.0,52210.0,52254.0,476.0
2026-06-24 17:55:00,52259.0,52287.0,52199.0,52204.0,711.0
2026-06-24 18:00:00,52208.0,52246.0,52192.0,52239.0,684.0
2026-06-24 18:05:00,52238.0,52273.0,52232.0,52256.0,429.0
2026-06-24 18:10:00,52257.0,52271.0,52237.0,52252.0,525.0
2026-06-24 18:15:00,52253.0,52323.0,52251.0,52309.0,654.0
2026-06-24 18:20:00,52307.0,52338.0,52296.0,52338.0,338.0
2026-06-24 18:25:00,52339.0,52375.0,52333.0,52369.0,551.0
2026-06-24 18:30:00,52370.0,52417.0,52367.0,52416.0,689.0
2026-06-24 18:35:00,52411.0,52411.0,52366.0,52378.0,450.0
2026-06-24 18:40:00,52377.0,52386.0,52343.0,52363.0,400.0
2026-06-24 18:45:00,52363.0,52363.0,52273.0,52288.0,447.0
2026-06-24 18:50:00,52291.0,52316.0,52253.0,52314.0,813.0
2026-06-24 18:55:00,52317.0,52332.0,52284.0,52305.0,454.0
2026-06-24 19:00:00,52306.0,52375.0,52278.0,52349.0,596.0
2026-06-24 19:05:00,52350.0,52350.0,52260.0,52293.0,703.0
2026-06-24 19:10:00,52294.0,52330.0,52267.0,52325.0,540.0
2026-06-24 19:15:00,52325.0,52330.0,52301.0,52326.0,292.0
2026-06-24 19:20:00,52328.0,52328.0,52289.0,52305.0,276.0
2026-06-24 19:25:00,52309.0,52335.0,52281.0,52287.0,406.0
2026-06-24 19:30:00,52289.0,52290.0,52226.0,52234.0,791.0
2026-06-24 19:35:00,52235.0,52237.0,52191.0,52206.0,669.0
2026-06-24 19:40:00,52205.0,52235.0,52189.0,52227.0,626.0
2026-06-24 19:45:00,52226.0,52270.0,52223.0,52257.0,1123.0
2026-06-24 19:50:00,52256.0,52302.0,52229.0,52298.0,1341.0
2026-06-24 19:55:00,52299.0,52300.0,52234.0,52284.0,3529.0
2026-06-24 20:00:00,52285.0,52356.0,52256.0,52332.0,1359.0
2026-06-24 20:05:00,52329.0,52369.0,52310.0,52311.0,1070.0
2026-06-24 20:10:00,52311.0,52340.0,52308.0,52339.0,757.0
2026-06-24 20:15:00,52333.0,52342.0,52318.0,52341.0,381.0
2026-06-24 20:20:00,52339.0,52382.0,52337.0,52346.0,314.0
2026-06-24 20:25:00,52347.0,52364.0,52317.0,52362.0,459.0
2026-06-24 20:30:00,52357.0,52417.0,52357.0,52372.0,660.0
2026-06-24 20:35:00,52374.0,52405.0,52339.0,52389.0,363.0
2026-06-24 20:40:00,52390.0,52408.0,52367.0,52380.0,269.0
2026-06-24 20:45:00,52380.0,52392.0,52355.0,52360.0,263.0
2026-06-24 20:50:00,52362.0,52374.0,52358.0,52363.0,125.0
2026-06-24 20:55:00,52365.0,52407.0,52356.0,52394.0,197.0
2026-06-24 22:00:00,52381.0,52401.0,52356.0,52358.0,0.0
2026-06-24 22:05:00,52357.0,52359.0,52336.0,52339.0,187.0
2026-06-24 22:10:00,52345.0,52352.0,52322.0,52323.0,74.0
2026-06-24 22:15:00,52321.0,52325.0,52315.0,52325.0,69.0
2026-06-24 22:20:00,52320.0,52331.0,52316.0,52316.0,83.0
2026-06-24 22:25:00,52313.0,52317.0,52302.0,52304.0,62.0
2026-06-24 22:30:00,52308.0,52313.0,52304.0,52312.0,51.0
2026-06-24 22:35:00,52311.0,52314.0,52305.0,52311.0,55.0
2026-06-24 22:40:00,52311.0,52321.0,52307.0,52318.0,58.0
2026-06-24 22:45:00,52319.0,52320.0,52306.0,52309.0,33.0
2026-06-24 22:50:00,52308.0,52313.0,52304.0,52311.0,51.0
2026-06-24 22:55:00,52310.0,52313.0,52304.0,52308.0,26.0
2026-06-24 23:00:00,52307.0,52312.0,52300.0,52309.0,56.0
2026-06-24 23:05:00,52309.0,52311.0,52305.0,52308.0,43.0
2026-06-24 23:10:00,52307.0,52308.0,52293.0,52297.0,72.0
2026-06-24 23:15:00,52299.0,52299.0,52292.0,52295.0,39.0
2026-06-24 23:20:00,52294.0,52315.0,52294.0,52314.0,66.0
2026-06-24 23:25:00,52313.0,52324.0,52313.0,52313.0,53.0
2026-06-24 23:30:00,52313.0,52331.0,52313.0,52330.0,54.0
2026-06-24 23:35:00,52330.0,52346.0,52329.0,52340.0,57.0
2026-06-24 23:40:00,52338.0,52343.0,52333.0,52339.0,35.0
2026-06-24 23:45:00,52342.0,52357.0,52331.0,52340.0,96.0
2026-06-24 23:50:00,52339.0,52342.0,52323.0,52332.0,55.0
2026-06-24 23:55:00,52332.0,52332.0,52324.0,52325.0,43.0
2026-06-25 00:00:00,52330.0,52334.0,52293.0,52296.0,297.0
2026-06-25 00:05:00,52294.0,52314.0,52288.0,52308.0,127.0
2026-06-25 00:10:00,52308.0,52327.0,52301.0,52310.0,98.0
2026-06-25 00:15:00,52310.0,52318.0,52302.0,52309.0,89.0
2026-06-25 00:20:00,52306.0,52315.0,52303.0,52306.0,86.0
2026-06-25 00:25:00,52303.0,52306.0,52292.0,52294.0,98.0
2026-06-25 00:30:00,52292.0,52294.0,52271.0,52282.0,194.0
2026-06-25 00:35:00,52280.0,52287.0,52269.0,52281.0,111.0
2026-06-25 00:40:00,52280.0,52280.0,52253.0,52265.0,142.0
2026-06-25 00:45:00,52267.0,52274.0,52251.0,52259.0,60.0
2026-06-25 00:50:00,52258.0,52273.0,52258.0,52268.0,70.0
2026-06-25 00:55:00,52265.0,52265.0,52236.0,52245.0,59.0
2026-06-25 01:00:00,52246.0,52258.0,52239.0,52240.0,104.0
2026-06-25 01:05:00,52238.0,52243.0,52230.0,52233.0,79.0
2026-06-25 01:10:00,52234.0,52243.0,52233.0,52240.0,75.0
2026-06-25 01:15:00,52241.0,52268.0,52236.0,52267.0,90.0
2026-06-25 01:20:00,52268.0,52270.0,52260.0,52260.0,59.0
2026-06-25 01:25:00,52262.0,52265.0,52249.0,52250.0,42.0
2026-06-25 01:30:00,52254.0,52277.0,52253.0,52276.0,53.0
2026-06-25 01:35:00,52280.0,52299.0,52279.0,52287.0,55.0
2026-06-25 01:40:00,52287.0,52288.0,52269.0,52271.0,68.0
2026-06-25 01:45:00,52266.0,52269.0,52259.0,52263.0,59.0
2026-06-25 01:50:00,52270.0,52275.0,52265.0,52266.0,21.0
2026-06-25 01:55:00,52268.0,52278.0,52259.0,52259.0,34.0
2026-06-25 02:00:00,52251.0,52278.0,52251.0,52278.0,80.0
2026-06-25 02:05:00,52274.0,52280.0,52266.0,52266.0,61.0
2026-06-25 02:10:00,52269.0,52269.0,52247.0,52255.0,102.0
2026-06-25 02:15:00,52257.0,52270.0,52250.0,52270.0,49.0
2026-06-25 02:20:00,52272.0,52292.0,52270.0,52278.0,41.0
2026-06-25 02:25:00,52272.0,52280.0,52270.0,52272.0,20.0
2026-06-25 02:30:00,52268.0,52273.0,52262.0,52273.0,41.0
2026-06-25 02:35:00,52273.0,52278.0,52269.0,52272.0,28.0
2026-06-25 02:40:00,52265.0,52265.0,52253.0,52256.0,26.0
2026-06-25 02:45:00,52254.0,52260.0,52254.0,52257.0,29.0
2026-06-25 02:50:00,52258.0,52266.0,52254.0,52264.0,47.0
2026-06-25 02:55:00,52266.0,52280.0,52262.0,52280.0,31.0
2026-06-25 03:00:00,52278.0,52291.0,52271.0,52280.0,47.0
2026-06-25 03:05:00,52283.0,52292.0,52275.0,52275.0,20.0
2026-06-25 03:10:00,52276.0,52280.0,52267.0,52273.0,30.0
2026-06-25 03:15:00,52274.0,52292.0,52257.0,52292.0,92.0
2026-06-25 03:20:00,52291.0,52295.0,52288.0,52294.0,38.0
2026-06-25 03:25:00,52292.0,52294.0,52285.0,52287.0,36.0
2026-06-25 03:30:00,52290.0,52299.0,52283.0,52284.0,44.0
2026-06-25 03:35:00,52283.0,52283.0,52277.0,52283.0,22.0
2026-06-25 03:40:00,52281.0,52288.0,52275.0,52278.0,53.0
2026-06-25 03:45:00,52278.0,52285.0,52273.0,52285.0,15.0
2026-06-25 03:50:00,52282.0,52291.0,52282.0,52290.0,17.0
2026-06-25 03:55:00,52290.0,52298.0,52290.0,52297.0,23.0
2026-06-25 04:00:00,52299.0,52300.0,52283.0,52284.0,27.0
2026-06-25 04:05:00,52280.0,52282.0,52275.0,52280.0,29.0
2026-06-25 04:10:00,52280.0,52280.0,52269.0,52269.0,30.0
2026-06-25 04:15:00,52270.0,52270.0,52256.0,52263.0,47.0
2026-06-25 04:20:00,52264.0,52276.0,52263.0,52264.0,28.0
2026-06-25 04:25:00,52262.0,52263.0,52260.0,52262.0,14.0
2026-06-25 04:30:00,52258.0,52258.0,52239.0,52242.0,37.0
2026-06-25 04:35:00,52242.0,52257.0,52239.0,52257.0,29.0
2026-06-25 04:40:00,52258.0,52270.0,52253.0,52270.0,15.0
2026-06-25 04:45:00,52271.0,52272.0,52259.0,52259.0,84.0
2026-06-25 04:50:00,52266.0,52267.0,52256.0,52260.0,115.0
2026-06-25 04:55:00,52257.0,52258.0,52215.0,52227.0,306.0
2026-06-25 05:00:00,52232.0,52253.0,52230.0,52250.0,69.0
2026-06-25 05:05:00,52253.0,52267.0,52253.0,52264.0,38.0
2026-06-25 05:10:00,52267.0,52268.0,52260.0,52260.0,28.0
2026-06-25 05:15:00,52257.0,52262.0,52256.0,52256.0,12.0
2026-06-25 05:20:00,52254.0,52267.0,52252.0,52265.0,42.0
2026-06-25 05:25:00,52266.0,52280.0,52263.0,52279.0,46.0
2026-06-25 05:30:00,52274.0,52280.0,52271.0,52278.0,36.0
2026-06-25 05:35:00,52280.0,52280.0,52265.0,52268.0,31.0
2026-06-25 05:40:00,52272.0,52285.0,52272.0,52279.0,65.0
2026-06-25 05:45:00,52280.0,52280.0,52265.0,52269.0,29.0
2026-06-25 05:50:00,52268.0,52271.0,52264.0,52266.0,26.0
2026-06-25 05:55:00,52266.0,52271.0,52260.0,52268.0,37.0
2026-06-25 06:00:00,52270.0,52288.0,52270.0,52277.0,74.0
2026-06-25 06:05:00,52275.0,52292.0,52270.0,52287.0,81.0
2026-06-25 06:10:00,52290.0,52323.0,52287.0,52320.0,120.0
2026-06-25 06:15:00,52313.0,52333.0,52312.0,52332.0,132.0
2026-06-25 06:20:00,52333.0,52333.0,52321.0,52329.0,55.0
2026-06-25 06:25:00,52330.0,52357.0,52324.0,52351.0,105.0
2026-06-25 06:30:00,52352.0,52360.0,52340.0,52347.0,66.0
2026-06-25 06:35:00,52354.0,52362.0,52346.0,52348.0,114.0
2026-06-25 06:40:00,52345.0,52355.0,52337.0,52347.0,49.0
2026-06-25 06:45:00,52347.0,52363.0,52340.0,52341.0,42.0
2026-06-25 06:50:00,52341.0,52343.0,52325.0,52326.0,52.0
2026-06-25 06:55:00,52327.0,52334.0,52320.0,52330.0,64.0
2026-06-25 07:00:00,52331.0,52351.0,52330.0,52337.0,127.0
2026-06-25 07:05:00,52338.0,52349.0,52332.0,52339.0,101.0
2026-06-25 07:10:00,52339.0,52343.0,52328.0,52334.0,59.0
2026-06-25 07:15:00,52331.0,52346.0,52325.0,52342.0,99.0
2026-06-25 07:20:00,52343.0,52362.0,52342.0,52350.0,98.0
2026-06-25 07:25:00,52353.0,52353.0,52338.0,52341.0,49.0
2026-06-25 07:30:00,52345.0,52355.0,52339.0,52346.0,24.0
2026-06-25 07:35:00,52349.0,52351.0,52330.0,52344.0,48.0
2026-06-25 07:40:00,52349.0,52352.0,52340.0,52340.0,44.0
2026-06-25 07:45:00,52341.0,52343.0,52326.0,52331.0,71.0
2026-06-25 07:50:00,52333.0,52337.0,52329.0,52335.0,18.0
2026-06-25 07:55:00,52333.0,52346.0,52331.0,52342.0,48.0
2026-06-25 08:00:00,52345.0,52362.0,52332.0,52337.0,174.0
2026-06-25 08:05:00,52337.0,52348.0,52331.0,52340.0,89.0
2026-06-25 08:10:00,52336.0,52339.0,52308.0,52313.0,76.0
2026-06-25 08:15:00,52311.0,52314.0,52296.0,52312.0,104.0
2026-06-25 08:20:00,52319.0,52323.0,52314.0,52316.0,66.0
2026-06-25 08:25:00,52319.0,52328.0,52314.0,52324.0,52.0
2026-06-25 08:30:00,52323.0,52335.0,52321.0,52328.0,64.0
2026-06-25 08:35:00,52325.0,52341.0,52325.0,52341.0,75.0
2026-06-25 08:40:00,52336.0,52348.0,52330.0,52330.0,98.0
2026-06-25 08:45:00,52330.0,52334.0,52315.0,52323.0,101.0
2026-06-25 08:50:00,52323.0,52323.0,52300.0,52301.0,47.0
2026-06-25 08:55:00,52304.0,52308.0,52293.0,52304.0,104.0
2026-06-25 09:00:00,52305.0,52326.0,52304.0,52323.0,32.0
2026-06-25 09:05:00,52322.0,52331.0,52319.0,52327.0,37.0
2026-06-25 09:10:00,52317.0,52335.0,52315.0,52322.0,52.0
2026-06-25 09:15:00,52320.0,52329.0,52299.0,52302.0,31.0
2026-06-25 09:20:00,52304.0,52309.0,52304.0,52307.0,16.0
2026-06-25 09:25:00,52305.0,52321.0,52298.0,52315.0,40.0
2026-06-25 09:30:00,52316.0,52334.0,52316.0,52327.0,69.0
2026-06-25 09:35:00,52323.0,52334.0,52323.0,52330.0,23.0
2026-06-25 09:40:00,52331.0,52332.0,52322.0,52329.0,25.0
2026-06-25 09:45:00,52332.0,52335.0,52324.0,52333.0,65.0
2026-06-25 09:50:00,52335.0,52354.0,52330.0,52354.0,80.0
2026-06-25 09:55:00,52355.0,52356.0,52332.0,52336.0,37.0
2026-06-25 10:00:00,52337.0,52406.0,52336.0,52406.0,448.0
2026-06-25 10:05:00,52408.0,52441.0,52389.0,52431.0,362.0
2026-06-25 10:10:00,52429.0,52462.0,52414.0,52426.0,216.0
2026-06-25 10:15:00,52425.0,52437.0,52419.0,52427.0,89.0
2026-06-25 10:20:00,52424.0,52441.0,52410.0,52411.0,112.0
2026-06-25 10:25:00,52410.0,52426.0,52402.0,52426.0,205.0
2026-06-25 10:30:00,52427.0,52427.0,52395.0,52401.0,145.0
2026-06-25 10:35:00,52403.0,52412.0,52398.0,52406.0,62.0
2026-06-25 10:40:00,52406.0,52413.0,52388.0,52389.0,86.0
2026-06-25 10:45:00,52387.0,52406.0,52377.0,52406.0,84.0
2026-06-25 10:50:00,52411.0,52419.0,52407.0,52418.0,44.0
2026-06-25 10:55:00,52417.0,52432.0,52415.0,52420.0,61.0
2026-06-25 11:00:00,52423.0,52430.0,52405.0,52414.0,92.0
2026-06-25 11:05:00,52411.0,52411.0,52400.0,52407.0,72.0
2026-06-25 11:10:00,52409.0,52414.0,52401.0,52405.0,105.0
2026-06-25 11:15:00,52400.0,52404.0,52382.0,52386.0,90.0
2026-06-25 11:20:00,52380.0,52381.0,52366.0,52369.0,81.0
2026-06-25 11:25:00,52369.0,52372.0,52355.0,52359.0,61.0
2026-06-25 11:30:00,52363.0,52374.0,52362.0,52371.0,105.0
2026-06-25 11:35:00,52372.0,52392.0,52367.0,52390.0,88.0
2026-06-25 11:40:00,52390.0,52404.0,52386.0,52396.0,83.0
2026-06-25 11:45:00,52394.0,52405.0,52370.0,52370.0,81.0
2026-06-25 11:50:00,52371.0,52382.0,52351.0,52351.0,94.0
2026-06-25 11:55:00,52352.0,52352.0,52337.0,52338.0,129.0
2026-06-25 12:00:00,52338.0,52357.0,52336.0,52344.0,131.0
2026-06-25 12:05:00,52345.0,52381.0,52345.0,52372.0,197.0
2026-06-25 12:10:00,52373.0,52376.0,52334.0,52342.0,287.0
2026-06-25 12:15:00,52341.0,52351.0,52331.0,52333.0,109.0
2026-06-25 12:20:00,52339.0,52339.0,52307.0,52328.0,162.0
2026-06-25 12:25:00,52329.0,52340.0,52321.0,52339.0,144.0
2026-06-25 12:30:00,52339.0,52444.0,52339.0,52419.0,610.0
2026-06-25 12:35:00,52422.0,52430.0,52399.0,52405.0,271.0
2026-06-25 12:40:00,52404.0,52423.0,52385.0,52409.0,180.0
2026-06-25 12:45:00,52406.0,52463.0,52405.0,52441.0,254.0
2026-06-25 12:50:00,52439.0,52447.0,52414.0,52431.0,181.0
2026-06-25 12:55:00,52428.0,52432.0,52397.0,52408.0,146.0
2026-06-25 13:00:00,52406.0,52423.0,52400.0,52410.0,174.0
2026-06-25 13:05:00,52407.0,52420.0,52399.0,52417.0,81.0
2026-06-25 13:10:00,52417.0,52435.0,52409.0,52428.0,159.0
2026-06-25 13:15:00,52427.0,52429.0,52399.0,52415.0,98.0
2026-06-25 13:20:00,52414.0,52443.0,52411.0,52439.0,168.0
2026-06-25 13:25:00,52438.0,52559.0,52432.0,52542.0,1054.0
2026-06-25 13:30:00,52539.0,52681.0,52512.0,52587.0,5418.0
2026-06-25 13:35:00,52587.0,52655.0,52572.0,52616.0,2375.0
2026-06-25 13:40:00,52617.0,52630.0,52543.0,52550.0,1891.0
2026-06-25 13:45:00,52551.0,52559.0,52461.0,52529.0,2412.0
2026-06-25 13:50:00,52527.0,52568.0,52465.0,52481.0,1763.0
2026-06-25 13:55:00,52478.0,52501.0,52420.0,52463.0,2060.0
2026-06-25 14:00:00,52468.0,52679.0,52458.0,52675.0,2692.0
2026-06-25 14:05:00,52679.0,52825.0,52677.0,52820.0,3076.0
2026-06-25 14:10:00,52821.0,52876.0,52816.0,52826.0,2252.0
2026-06-25 14:15:00,52826.0,52994.0,52806.0,52986.0,2476.0
2026-06-25 14:20:00,52986.0,53035.0,52964.0,52983.0,2007.0
2026-06-25 14:25:00,52981.0,53048.0,52981.0,53020.0,1410.0
2026-06-25 14:30:00,53021.0,53088.0,53010.0,53051.0,1911.0
2026-06-25 14:35:00,53051.0,53097.0,53021.0,53053.0,1486.0
2026-06-25 14:40:00,53052.0,53057.0,52955.0,52977.0,1910.0
2026-06-25 14:45:00,52979.0,53014.0,52936.0,52994.0,1421.0
2026-06-25 14:50:00,52991.0,53084.0,52989.0,53069.0,1311.0
2026-06-25 14:55:00,53070.0,53070.0,52902.0,52903.0,1875.0
2026-06-25 15:00:00,52905.0,52921.0,52869.0,52910.0,1473.0
2026-06-25 15:05:00,52909.0,52935.0,52796.0,52809.0,1869.0
2026-06-25 15:10:00,52806.0,52806.0,52660.0,52675.0,2418.0
2026-06-25 15:15:00,52678.0,52709.0,52609.0,52694.0,2164.0
2026-06-25 15:20:00,52694.0,52778.0,52660.0,52763.0,1702.0
2026-06-25 15:25:00,52766.0,52804.0,52728.0,52755.0,898.0
2026-06-25 15:30:00,52758.0,52792.0,52698.0,52701.0,900.0
2026-06-25 15:35:00,52705.0,52728.0,52676.0,52676.0,705.0
2026-06-25 15:40:00,52679.0,52702.0,52647.0,52698.0,713.0
2026-06-25 15:45:00,52697.0,52756.0,52658.0,52664.0,896.0
2026-06-25 15:50:00,52664.0,52692.0,52620.0,52649.0,782.0
2026-06-25 15:55:00,52647.0,52703.0,52639.0,52667.0,562.0
2026-06-25 16:00:00,52671.0,52685.0,52622.0,52633.0,649.0
2026-06-25 16:05:00,52635.0,52699.0,52625.0,52691.0,684.0
2026-06-25 16:10:00,52689.0,52746.0,52686.0,52702.0,823.0
2026-06-25 16:15:00,52705.0,52719.0,52688.0,52698.0,617.0
2026-06-25 16:20:00,52699.0,52714.0,52629.0,52636.0,491.0
2026-06-25 16:25:00,52641.0,52644.0,52578.0,52599.0,650.0
2026-06-25 16:30:00,52598.0,52598.0,52540.0,52560.0,653.0
2026-06-25 16:35:00,52557.0,52558.0,52508.0,52513.0,631.0
2026-06-25 16:40:00,52512.0,52526.0,52471.0,52485.0,760.0
2026-06-25 16:45:00,52482.0,52499.0,52443.0,52491.0,907.0
2026-06-25 16:50:00,52488.0,52505.0,52466.0,52484.0,539.0
2026-06-25 16:55:00,52483.0,52483.0,52437.0,52465.0,457.0
2026-06-25 17:00:00,52464.0,52493.0,52448.0,52449.0,556.0
2026-06-25 17:05:00,52450.0,52463.0,52422.0,52444.0,542.0
2026-06-25 17:10:00,52446.0,52499.0,52445.0,52458.0,580.0
2026-06-25 17:15:00,52459.0,52520.0,52422.0,52423.0,699.0
2026-06-25 17:20:00,52423.0,52454.0,52397.0,52429.0,787.0
2026-06-25 17:25:00,52426.0,52469.0,52424.0,52436.0,427.0
2026-06-25 17:30:00,52436.0,52448.0,52405.0,52431.0,447.0
2026-06-25 17:35:00,52432.0,52472.0,52425.0,52454.0,617.0
2026-06-25 17:40:00,52455.0,52483.0,52398.0,52406.0,610.0
2026-06-25 17:45:00,52409.0,52410.0,52339.0,52360.0,832.0
2026-06-25 17:50:00,52359.0,52409.0,52343.0,52403.0,516.0
2026-06-25 17:55:00,52404.0,52448.0,52387.0,52439.0,693.0
2026-06-25 18:00:00,52440.0,52443.0,52304.0,52336.0,1119.0
2026-06-25 18:05:00,52337.0,52393.0,52314.0,52385.0,618.0
2026-06-25 18:10:00,52387.0,52432.0,52373.0,52385.0,627.0
2026-06-25 18:15:00,52386.0,52507.0,52376.0,52477.0,945.0
2026-06-25 18:20:00,52477.0,52515.0,52452.0,52492.0,742.0
2026-06-25 18:25:00,52495.0,52571.0,52495.0,52551.0,721.0
2026-06-25 18:30:00,52555.0,52555.0,52434.0,52434.0,914.0
2026-06-25 18:35:00,52438.0,52461.0,52411.0,52450.0,895.0
2026-06-25 18:40:00,52451.0,52454.0,52372.0,52379.0,626.0
2026-06-25 18:45:00,52378.0,52378.0,52330.0,52364.0,689.0
2026-06-25 18:50:00,52366.0,52426.0,52359.0,52388.0,615.0
2026-06-25 18:55:00,52391.0,52413.0,52379.0,52393.0,387.0
2026-06-25 19:00:00,52392.0,52398.0,52346.0,52395.0,530.0
2026-06-25 19:05:00,52392.0,52422.0,52388.0,52409.0,395.0
2026-06-25 19:10:00,52408.0,52426.0,52379.0,52380.0,325.0
2026-06-25 19:15:00,52379.0,52403.0,52367.0,52385.0,352.0
2026-06-25 19:20:00,52386.0,52406.0,52375.0,52390.0,306.0
2026-06-25 19:25:00,52392.0,52398.0,52353.0,52365.0,419.0
2026-06-25 19:30:00,52363.0,52369.0,52337.0,52354.0,560.0
2026-06-25 19:35:00,52351.0,52371.0,52339.0,52367.0,440.0
2026-06-25 19:40:00,52369.0,52375.0,52330.0,52338.0,667.0
2026-06-25 19:45:00,52337.0,52349.0,52305.0,52339.0,894.0
2026-06-25 19:50:00,52336.0,52383.0,52316.0,52361.0,1396.0
2026-06-25 19:55:00,52364.0,52376.0,52289.0,52366.0,4331.0
2026-06-25 20:00:00,52365.0,52473.0,52361.0,52438.0,1458.0
2026-06-25 20:05:00,52440.0,52461.0,52440.0,52446.0,345.0
2026-06-25 20:10:00,52447.0,52452.0,52436.0,52447.0,235.0
2026-06-25 20:15:00,52447.0,52486.0,52445.0,52481.0,312.0
2026-06-25 20:20:00,52478.0,52526.0,52477.0,52507.0,255.0
2026-06-25 20:25:00,52504.0,52515.0,52498.0,52501.0,136.0
2026-06-25 20:30:00,52501.0,52504.0,52488.0,52500.0,161.0
2026-06-25 20:35:00,52500.0,52505.0,52498.0,52498.0,102.0
2026-06-25 20:40:00,52498.0,52500.0,52490.0,52493.0,84.0
2026-06-25 20:45:00,52492.0,52493.0,52470.0,52478.0,92.0
2026-06-25 20:50:00,52478.0,52481.0,52461.0,52465.0,70.0
2026-06-25 20:55:00,52461.0,52466.0,52440.0,52446.0,115.0
2026-06-25 22:00:00,52439.0,52449.0,52400.0,52422.0,0.0
2026-06-25 22:05:00,52426.0,52434.0,52419.0,52429.0,40.0
2026-06-25 22:10:00,52418.0,52418.0,52401.0,52412.0,72.0
2026-06-25 22:15:00,52414.0,52431.0,52412.0,52420.0,36.0
2026-06-25 22:20:00,52417.0,52430.0,52411.0,52425.0,32.0
2026-06-25 22:25:00,52422.0,52425.0,52415.0,52416.0,28.0
2026-06-25 22:30:00,52409.0,52414.0,52402.0,52413.0,38.0
2026-06-25 22:35:00,52412.0,52418.0,52407.0,52417.0,33.0
2026-06-25 22:40:00,52414.0,52420.0,52409.0,52412.0,21.0
2026-06-25 22:45:00,52415.0,52416.0,52407.0,52408.0,25.0
2026-06-25 22:50:00,52410.0,52423.0,52407.0,52423.0,22.0
2026-06-25 22:55:00,52423.0,52429.0,52419.0,52427.0,31.0
2026-06-25 23:00:00,52429.0,52437.0,52424.0,52432.0,40.0
2026-06-25 23:05:00,52430.0,52433.0,52424.0,52426.0,37.0
2026-06-25 23:10:00,52427.0,52451.0,52427.0,52451.0,64.0
2026-06-25 23:15:00,52448.0,52500.0,52446.0,52495.0,164.0
2026-06-25 23:20:00,52495.0,52526.0,52495.0,52506.0,159.0
2026-06-25 23:25:00,52508.0,52521.0,52496.0,52497.0,136.0
2026-06-25 23:30:00,52498.0,52502.0,52466.0,52468.0,144.0
2026-06-25 23:35:00,52469.0,52471.0,52434.0,52435.0,175.0
2026-06-25 23:40:00,52434.0,52436.0,52409.0,52415.0,155.0
2026-06-25 23:45:00,52413.0,52413.0,52372.0,52388.0,139.0
2026-06-25 23:50:00,52382.0,52387.0,52361.0,52385.0,120.0
2026-06-25 23:55:00,52387.0,52393.0,52371.0,52386.0,85.0
2026-06-26 00:00:00,52392.0,52429.0,52378.0,52419.0,153.0
2026-06-26 00:05:00,52418.0,52448.0,52418.0,52445.0,128.0
2026-06-26 00:10:00,52442.0,52460.0,52426.0,52451.0,98.0
2026-06-26 00:15:00,52453.0,52463.0,52428.0,52430.0,146.0
2026-06-26 00:20:00,52427.0,52449.0,52423.0,52436.0,99.0
2026-06-26 00:25:00,52433.0,52464.0,52429.0,52461.0,145.0
2026-06-26 00:30:00,52463.0,52472.0,52444.0,52447.0,108.0
2026-06-26 00:35:00,52453.0,52457.0,52432.0,52435.0,70.0
2026-06-26 00:40:00,52444.0,52466.0,52438.0,52454.0,82.0
2026-06-26 00:45:00,52455.0,52466.0,52450.0,52452.0,66.0
2026-06-26 00:50:00,52449.0,52461.0,52422.0,52422.0,86.0
2026-06-26 00:55:00,52422.0,52448.0,52422.0,52432.0,78.0
2026-06-26 01:00:00,52434.0,52453.0,52424.0,52425.0,95.0
2026-06-26 01:05:00,52424.0,52427.0,52393.0,52416.0,140.0
2026-06-26 01:10:00,52422.0,52446.0,52421.0,52430.0,45.0
2026-06-26 01:15:00,52441.0,52460.0,52436.0,52448.0,104.0
2026-06-26 01:20:00,52449.0,52451.0,52432.0,52434.0,33.0
2026-06-26 01:25:00,52431.0,52431.0,52390.0,52392.0,156.0
2026-06-26 01:30:00,52394.0,52399.0,52347.0,52353.0,129.0
2026-06-26 01:35:00,52351.0,52358.0,52340.0,52354.0,103.0
2026-06-26 01:40:00,52357.0,52366.0,52344.0,52350.0,93.0
2026-06-26 01:45:00,52345.0,52378.0,52327.0,52372.0,186.0
2026-06-26 01:50:00,52378.0,52381.0,52361.0,52363.0,68.0
2026-06-26 01:55:00,52364.0,52366.0,52314.0,52335.0,245.0
2026-06-26 02:00:00,52340.0,52345.0,52315.0,52317.0,131.0
2026-06-26 02:05:00,52317.0,52328.0,52304.0,52304.0,72.0
2026-06-26 02:10:00,52305.0,52307.0,52278.0,52295.0,133.0
2026-06-26 02:15:00,52292.0,52317.0,52292.0,52298.0,98.0
2026-06-26 02:20:00,52299.0,52309.0,52292.0,52292.0,100.0
2026-06-26 02:25:00,52289.0,52294.0,52271.0,52287.0,167.0
2026-06-26 02:30:00,52282.0,52288.0,52248.0,52261.0,131.0
2026-06-26 02:35:00,52263.0,52284.0,52250.0,52284.0,161.0
2026-06-26 02:40:00,52279.0,52285.0,52258.0,52278.0,85.0
2026-06-26 02:45:00,52274.0,52277.0,52232.0,52240.0,241.0
2026-06-26 02:50:00,52244.0,52261.0,52237.0,52243.0,146.0
2026-06-26 02:55:00,52244.0,52246.0,52226.0,52237.0,161.0
2026-06-26 03:00:00,52237.0,52241.0,52216.0,52220.0,198.0
2026-06-26 03:05:00,52219.0,52232.0,52216.0,52225.0,88.0
2026-06-26 03:10:00,52224.0,52240.0,52217.0,52228.0,140.0
2026-06-26 03:15:00,52227.0,52232.0,52220.0,52228.0,110.0
2026-06-26 03:20:00,52231.0,52235.0,52221.0,52223.0,80.0
2026-06-26 03:25:00,52226.0,52235.0,52224.0,52231.0,75.0
2026-06-26 03:30:00,52229.0,52229.0,52208.0,52209.0,116.0
2026-06-26 03:35:00,52210.0,52219.0,52188.0,52206.0,231.0
2026-06-26 03:40:00,52203.0,52233.0,52201.0,52233.0,105.0
2026-06-26 03:45:00,52232.0,52241.0,52220.0,52220.0,91.0
2026-06-26 03:50:00,52223.0,52252.0,52223.0,52249.0,124.0
2026-06-26 03:55:00,52248.0,52262.0,52246.0,52262.0,79.0
2026-06-26 04:00:00,52278.0,52283.0,52264.0,52267.0,218.0
2026-06-26 04:05:00,52265.0,52277.0,52256.0,52265.0,110.0
2026-06-26 04:10:00,52268.0,52280.0,52264.0,52265.0,62.0
2026-06-26 04:15:00,52266.0,52285.0,52265.0,52268.0,64.0
2026-06-26 04:20:00,52264.0,52274.0,52246.0,52246.0,173.0
2026-06-26 04:25:00,52247.0,52270.0,52239.0,52264.0,91.0
2026-06-26 04:30:00,52263.0,52278.0,52238.0,52239.0,126.0
2026-06-26 04:35:00,52238.0,52249.0,52235.0,52236.0,73.0
2026-06-26 04:40:00,52231.0,52248.0,52231.0,52248.0,65.0
2026-06-26 04:45:00,52249.0,52249.0,52230.0,52233.0,50.0
2026-06-26 04:50:00,52235.0,52237.0,52218.0,52225.0,84.0
2026-06-26 04:55:00,52222.0,52227.0,52219.0,52226.0,62.0
2026-06-26 05:00:00,52226.0,52241.0,52221.0,52221.0,90.0
2026-06-26 05:05:00,52226.0,52234.0,52215.0,52220.0,95.0
2026-06-26 05:10:00,52221.0,52251.0,52220.0,52251.0,112.0
2026-06-26 05:15:00,52253.0,52266.0,52248.0,52255.0,106.0
2026-06-26 05:20:00,52254.0,52263.0,52250.0,52260.0,74.0
2026-06-26 05:25:00,52260.0,52274.0,52256.0,52261.0,113.0
2026-06-26 05:30:00,52266.0,52280.0,52248.0,52248.0,156.0
2026-06-26 05:35:00,52248.0,52258.0,52215.0,52218.0,128.0
2026-06-26 05:40:00,52217.0,52220.0,52184.0,52184.0,302.0
2026-06-26 05:45:00,52184.0,52184.0,52166.0,52181.0,93.0
2026-06-26 05:50:00,52185.0,52222.0,52183.0,52216.0,64.0
2026-06-26 05:55:00,52212.0,52234.0,52209.0,52229.0,44.0
2026-06-26 06:00:00,52222.0,52241.0,52215.0,52236.0,112.0
2026-06-26 06:05:00,52240.0,52242.0,52217.0,52223.0,109.0
2026-06-26 06:10:00,52226.0,52260.0,52222.0,52256.0,205.0
2026-06-26 06:15:00,52262.0,52276.0,52262.0,52270.0,83.0
2026-06-26 06:20:00,52265.0,52285.0,52265.0,52269.0,91.0
2026-06-26 06:25:00,52276.0,52304.0,52271.0,52302.0,165.0
2026-06-26 06:30:00,52302.0,52318.0,52287.0,52307.0,212.0
2026-06-26 06:35:00,52313.0,52330.0,52311.0,52319.0,75.0
2026-06-26 06:40:00,52320.0,52348.0,52320.0,52348.0,95.0
2026-06-26 06:45:00,52344.0,52379.0,52340.0,52358.0,237.0
2026-06-26 06:50:00,52360.0,52412.0,52356.0,52408.0,142.0
2026-06-26 06:55:00,52407.0,52423.0,52387.0,52396.0,189.0
2026-06-26 07:00:00,52399.0,52405.0,52374.0,52374.0,183.0
2026-06-26 07:05:00,52376.0,52376.0,52347.0,52347.0,142.0
2026-06-26 07:10:00,52348.0,52388.0,52343.0,52384.0,98.0
2026-06-26 07:15:00,52387.0,52397.0,52380.0,52389.0,141.0
2026-06-26 07:20:00,52389.0,52415.0,52375.0,52413.0,107.0
2026-06-26 07:25:00,52417.0,52430.0,52401.0,52426.0,122.0
2026-06-26 07:30:00,52430.0,52446.0,52423.0,52433.0,171.0
2026-06-26 07:35:00,52432.0,52443.0,52414.0,52443.0,66.0
2026-06-26 07:40:00,52439.0,52439.0,52404.0,52417.0,55.0
2026-06-26 07:45:00,52412.0,52412.0,52400.0,52404.0,109.0
2026-06-26 07:50:00,52406.0,52428.0,52406.0,52428.0,97.0
2026-06-26 07:55:00,52430.0,52438.0,52427.0,52435.0,66.0
2026-06-26 08:00:00,52433.0,52457.0,52401.0,52420.0,237.0
2026-06-26 08:05:00,52416.0,52445.0,52405.0,52441.0,208.0
2026-06-26 08:10:00,52442.0,52450.0,52409.0,52410.0,171.0
2026-06-26 08:15:00,52416.0,52437.0,52413.0,52419.0,99.0
2026-06-26 08:20:00,52419.0,52427.0,52405.0,52418.0,101.0
2026-06-26 08:25:00,52420.0,52449.0,52417.0,52446.0,181.0
2026-06-26 08:30:00,52444.0,52449.0,52393.0,52399.0,234.0
2026-06-26 08:35:00,52398.0,52398.0,52379.0,52392.0,202.0
2026-06-26 08:40:00,52391.0,52408.0,52375.0,52379.0,120.0
2026-06-26 08:45:00,52380.0,52385.0,52340.0,52342.0,167.0
2026-06-26 08:50:00,52340.0,52348.0,52305.0,52307.0,229.0
2026-06-26 08:55:00,52303.0,52322.0,52280.0,52317.0,242.0
2026-06-26 09:00:00,52319.0,52319.0,52277.0,52280.0,158.0
2026-06-26 09:05:00,52285.0,52306.0,52281.0,52286.0,148.0
2026-06-26 09:10:00,52285.0,52321.0,52276.0,52311.0,112.0
2026-06-26 09:15:00,52308.0,52314.0,52270.0,52295.0,331.0
2026-06-26 09:20:00,52300.0,52303.0,52267.0,52271.0,174.0
2026-06-26 09:25:00,52271.0,52281.0,52259.0,52280.0,141.0
2026-06-26 09:30:00,52277.0,52281.0,52255.0,52281.0,144.0
2026-06-26 09:35:00,52285.0,52299.0,52270.0,52289.0,139.0
2026-06-26 09:40:00,52289.0,52327.0,52289.0,52311.0,115.0
2026-06-26 09:45:00,52308.0,52342.0,52298.0,52327.0,137.0
2026-06-26 09:50:00,52319.0,52332.0,52305.0,52305.0,85.0
2026-06-26 09:55:00,52301.0,52301.0,52279.0,52292.0,85.0
2026-06-26 10:00:00,52290.0,52293.0,52234.0,52247.0,176.0
2026-06-26 10:05:00,52252.0,52281.0,52248.0,52277.0,89.0
2026-06-26 10:10:00,52278.0,52296.0,52271.0,52289.0,63.0
2026-06-26 10:15:00,52289.0,52300.0,52279.0,52279.0,67.0
2026-06-26 10:20:00,52275.0,52278.0,52248.0,52251.0,112.0
2026-06-26 10:25:00,52249.0,52280.0,52244.0,52280.0,98.0
2026-06-26 10:30:00,52278.0,52294.0,52274.0,52287.0,80.0
2026-06-26 10:35:00,52290.0,52300.0,52280.0,52282.0,117.0
2026-06-26 10:40:00,52284.0,52292.0,52270.0,52276.0,64.0
2026-06-26 10:45:00,52275.0,52300.0,52268.0,52275.0,134.0
2026-06-26 10:50:00,52278.0,52289.0,52262.0,52287.0,62.0
2026-06-26 10:55:00,52289.0,52291.0,52266.0,52283.0,88.0
2026-06-26 11:00:00,52286.0,52296.0,52255.0,52287.0,196.0
2026-06-26 11:05:00,52285.0,52297.0,52280.0,52292.0,99.0
2026-06-26 11:10:00,52290.0,52315.0,52283.0,52291.0,97.0
2026-06-26 11:15:00,52287.0,52287.0,52266.0,52276.0,114.0
2026-06-26 11:20:00,52267.0,52278.0,52253.0,52268.0,134.0
2026-06-26 11:25:00,52270.0,52280.0,52262.0,52268.0,85.0
2026-06-26 11:30:00,52268.0,52291.0,52268.0,52283.0,93.0
2026-06-26 11:35:00,52281.0,52289.0,52272.0,52282.0,168.0
2026-06-26 11:40:00,52287.0,52308.0,52278.0,52288.0,171.0
2026-06-26 11:45:00,52287.0,52308.0,52279.0,52301.0,108.0
2026-06-26 11:50:00,52302.0,52304.0,52242.0,52250.0,237.0
2026-06-26 11:55:00,52249.0,52282.0,52248.0,52279.0,181.0
2026-06-26 12:00:00,52278.0,52311.0,52269.0,52309.0,197.0
2026-06-26 12:05:00,52308.0,52349.0,52308.0,52348.0,323.0
2026-06-26 12:10:00,52347.0,52379.0,52332.0,52363.0,229.0
2026-06-26 12:15:00,52364.0,52394.0,52332.0,52340.0,194.0
2026-06-26 12:20:00,52340.0,52341.0,52287.0,52291.0,288.0
2026-06-26 12:25:00,52288.0,52312.0,52281.0,52304.0,162.0
2026-06-26 12:30:00,52309.0,52331.0,52299.0,52302.0,178.0
2026-06-26 12:35:00,52303.0,52304.0,52235.0,52243.0,353.0
2026-06-26 12:40:00,52246.0,52260.0,52228.0,52240.0,220.0
2026-06-26 12:45:00,52237.0,52242.0,52199.0,52205.0,317.0
2026-06-26 12:50:00,52205.0,52239.0,52191.0,52236.0,371.0
2026-06-26 12:55:00,52236.0,52255.0,52234.0,52246.0,179.0
2026-06-26 13:00:00,52250.0,52254.0,52213.0,52247.0,566.0
2026-06-26 13:05:00,52246.0,52249.0,52216.0,52219.0,186.0
2026-06-26 13:10:00,52217.0,52226.0,52199.0,52209.0,252.0
2026-06-26 13:15:00,52209.0,52218.0,52111.0,52167.0,1181.0
2026-06-26 13:20:00,52168.0,52212.0,52161.0,52183.0,584.0
2026-06-26 13:25:00,52179.0,52182.0,52068.0,52099.0,1318.0
2026-06-26 13:30:00,52096.0,52226.0,52055.0,52111.0,5252.0
2026-06-26 13:35:00,52113.0,52140.0,52066.0,52095.0,2377.0
2026-06-26 13:40:00,52094.0,52135.0,52043.0,52065.0,2232.0
2026-06-26 13:45:00,52065.0,52189.0,52008.0,52103.0,2572.0
2026-06-26 13:50:00,52100.0,52141.0,52069.0,52115.0,1534.0
2026-06-26 13:55:00,52117.0,52232.0,52102.0,52197.0,1843.0
2026-06-26 14:00:00,52190.0,52271.0,52182.0,52254.0,1642.0
2026-06-26 14:05:00,52257.0,52319.0,52240.0,52300.0,1678.0
2026-06-26 14:10:00,52297.0,52344.0,52297.0,52312.0,1483.0
2026-06-26 14:15:00,52313.0,52361.0,52304.0,52333.0,975.0
2026-06-26 14:20:00,52334.0,52412.0,52325.0,52376.0,1408.0
2026-06-26 14:25:00,52378.0,52432.0,52364.0,52389.0,949.0
2026-06-26 14:30:00,52389.0,52428.0,52348.0,52354.0,1343.0
2026-06-26 14:35:00,52351.0,52362.0,52292.0,52308.0,1050.0
2026-06-26 14:40:00,52308.0,52367.0,52278.0,52293.0,1041.0
2026-06-26 14:45:00,52292.0,52377.0,52289.0,52343.0,1098.0
2026-06-26 14:50:00,52347.0,52353.0,52289.0,52296.0,822.0
2026-06-26 14:55:00,52299.0,52311.0,52258.0,52288.0,754.0
2026-06-26 15:00:00,52289.0,52351.0,52289.0,52315.0,758.0
2026-06-26 15:05:00,52317.0,52347.0,52281.0,52346.0,618.0
2026-06-26 15:10:00,52344.0,52354.0,52292.0,52300.0,552.0
2026-06-26 15:15:00,52299.0,52355.0,52274.0,52347.0,762.0
2026-06-26 15:20:00,52348.0,52416.0,52336.0,52384.0,718.0
2026-06-26 15:25:00,52384.0,52454.0,52384.0,52454.0,839.0
2026-06-26 15:30:00,52454.0,52511.0,52453.0,52467.0,1136.0
2026-06-26 15:35:00,52467.0,52518.0,52454.0,52501.0,798.0
2026-06-26 15:40:00,52500.0,52542.0,52486.0,52507.0,887.0
2026-06-26 15:45:00,52514.0,52523.0,52484.0,52501.0,739.0
2026-06-26 15:50:00,52503.0,52516.0,52407.0,52438.0,1549.0
2026-06-26 15:55:00,52439.0,52510.0,52427.0,52501.0,653.0
2026-06-26 16:00:00,52505.0,52507.0,52463.0,52477.0,664.0
2026-06-26 16:05:00,52473.0,52476.0,52382.0,52390.0,594.0
2026-06-26 16:10:00,52387.0,52405.0,52354.0,52355.0,516.0
2026-06-26 16:15:00,52353.0,52386.0,52340.0,52352.0,595.0
2026-06-26 16:20:00,52357.0,52357.0,52244.0,52277.0,1670.0
2026-06-26 16:25:00,52277.0,52311.0,52264.0,52304.0,548.0
2026-06-26 16:30:00,52306.0,52372.0,52306.0,52367.0,757.0
2026-06-26 16:35:00,52365.0,52385.0,52351.0,52364.0,434.0
2026-06-26 16:40:00,52364.0,52377.0,52317.0,52321.0,360.0
2026-06-26 16:45:00,52323.0,52351.0,52318.0,52348.0,352.0
2026-06-26 16:50:00,52349.0,52380.0,52347.0,52367.0,422.0
2026-06-26 16:55:00,52368.0,52380.0,52352.0,52375.0,232.0
2026-06-26 17:00:00,52378.0,52433.0,52362.0,52416.0,527.0
2026-06-26 17:05:00,52419.0,52475.0,52416.0,52452.0,421.0
2026-06-26 17:10:00,52455.0,52464.0,52408.0,52422.0,378.0
2026-06-26 17:15:00,52424.0,52426.0,52385.0,52397.0,357.0
2026-06-26 17:20:00,52399.0,52404.0,52346.0,52349.0,365.0
2026-06-26 17:25:00,52345.0,52396.0,52329.0,52378.0,466.0
2026-06-26 17:30:00,52381.0,52417.0,52370.0,52396.0,456.0
2026-06-26 17:35:00,52397.0,52398.0,52349.0,52350.0,368.0
2026-06-26 17:40:00,52352.0,52381.0,52331.0,52356.0,373.0
2026-06-26 17:45:00,52356.0,52364.0,52321.0,52323.0,286.0
2026-06-26 17:50:00,52323.0,52340.0,52317.0,52329.0,285.0
2026-06-26 17:55:00,52330.0,52330.0,52292.0,52311.0,381.0
2026-06-26 18:00:00,52313.0,52358.0,52303.0,52352.0,441.0
2026-06-26 18:05:00,52351.0,52369.0,52335.0,52335.0,370.0
2026-06-26 18:10:00,52334.0,52359.0,52320.0,52325.0,275.0
2026-06-26 18:15:00,52328.0,52335.0,52289.0,52298.0,395.0
2026-06-26 18:20:00,52297.0,52332.0,52290.0,52331.0,407.0
2026-06-26 18:25:00,52333.0,52339.0,52283.0,52296.0,409.0
2026-06-26 18:30:00,52297.0,52329.0,52293.0,52308.0,344.0
2026-06-26 18:35:00,52309.0,52315.0,52276.0,52283.0,306.0
2026-06-26 18:40:00,52284.0,52314.0,52281.0,52300.0,343.0
2026-06-26 18:45:00,52297.0,52297.0,52235.0,52253.0,491.0
2026-06-26 18:50:00,52254.0,52267.0,52235.0,52240.0,447.0
2026-06-26 18:55:00,52241.0,52253.0,52219.0,52239.0,378.0
2026-06-26 19:00:00,52242.0,52267.0,52222.0,52222.0,590.0
2026-06-26 19:05:00,52219.0,52272.0,52218.0,52256.0,478.0
2026-06-26 19:10:00,52254.0,52286.0,52241.0,52283.0,407.0
2026-06-26 19:15:00,52286.0,52308.0,52281.0,52294.0,439.0
2026-06-26 19:20:00,52294.0,52295.0,52239.0,52261.0,482.0
2026-06-26 19:25:00,52263.0,52273.0,52247.0,52253.0,283.0
2026-06-26 19:30:00,52256.0,52260.0,52217.0,52243.0,589.0
2026-06-26 19:35:00,52243.0,52246.0,52193.0,52218.0,582.0
2026-06-26 19:40:00,52216.0,52244.0,52194.0,52222.0,641.0
2026-06-26 19:45:00,52225.0,52252.0,52159.0,52187.0,1472.0
2026-06-26 19:50:00,52187.0,52304.0,52179.0,52300.0,2538.0
2026-06-26 19:55:00,52299.0,52322.0,52128.0,52176.0,4460.0
2026-06-26 20:00:00,52178.0,52276.0,52171.0,52239.0,2452.0
2026-06-26 20:05:00,52236.0,52251.0,52188.0,52238.0,428.0
2026-06-26 20:10:00,52237.0,52268.0,52215.0,52257.0,520.0
2026-06-26 20:15:00,52257.0,52290.0,52256.0,52275.0,243.0
2026-06-26 20:20:00,52272.0,52289.0,52257.0,52285.0,233.0
2026-06-26 20:25:00,52287.0,52309.0,52273.0,52286.0,250.0
2026-06-26 20:30:00,52289.0,52294.0,52210.0,52245.0,294.0
2026-06-26 20:35:00,52236.0,52258.0,52189.0,52210.0,345.0
2026-06-26 20:40:00,52212.0,52222.0,52186.0,52207.0,152.0
2026-06-26 20:45:00,52207.0,52215.0,52188.0,52192.0,140.0
2026-06-26 20:50:00,52199.0,52215.0,52195.0,52214.0,88.0
2026-06-26 20:55:00,52216.0,52224.0,52144.0,52209.0,254.0
2026-06-28 22:10:00,52324.0,52349.0,52321.0,52340.0,55.0
2026-06-28 22:15:00,52335.0,52337.0,52311.0,52317.0,71.0
2026-06-28 22:20:00,52314.0,52323.0,52294.0,52309.0,61.0
2026-06-28 22:25:00,52304.0,52325.0,52302.0,52314.0,76.0
2026-06-28 22:30:00,52317.0,52326.0,52311.0,52316.0,52.0
2026-06-28 22:35:00,52313.0,52332.0,52312.0,52330.0,46.0
2026-06-28 22:40:00,52328.0,52341.0,52327.0,52339.0,40.0
2026-06-28 22:45:00,52342.0,52343.0,52332.0,52342.0,26.0
2026-06-28 22:50:00,52342.0,52342.0,52334.0,52335.0,20.0
2026-06-28 22:55:00,52336.0,52340.0,52334.0,52337.0,20.0
2026-06-28 23:00:00,52333.0,52354.0,52325.0,52349.0,84.0
2026-06-28 23:05:00,52353.0,52392.0,52348.0,52392.0,132.0
2026-06-28 23:10:00,52393.0,52409.0,52392.0,52398.0,70.0
2026-06-28 23:15:00,52395.0,52411.0,52385.0,52411.0,46.0
2026-06-28 23:20:00,52404.0,52420.0,52404.0,52410.0,47.0
2026-06-28 23:25:00,52409.0,52418.0,52408.0,52410.0,15.0
2026-06-28 23:30:00,52416.0,52432.0,52415.0,52420.0,22.0
2026-06-28 23:35:00,52422.0,52439.0,52420.0,52433.0,30.0
2026-06-28 23:40:00,52435.0,52435.0,52427.0,52434.0,8.0
2026-06-28 23:45:00,52435.0,52450.0,52425.0,52434.0,43.0
2026-06-28 23:50:00,52435.0,52439.0,52426.0,52434.0,12.0
2026-06-28 23:55:00,52427.0,52430.0,52404.0,52404.0,49.0
2026-06-29 00:00:00,52401.0,52404.0,52352.0,52381.0,346.0
2026-06-29 00:05:00,52374.0,52379.0,52343.0,52348.0,227.0
2026-06-29 00:10:00,52349.0,52397.0,52340.0,52376.0,230.0
2026-06-29 00:15:00,52375.0,52384.0,52332.0,52358.0,162.0
2026-06-29 00:20:00,52357.0,52359.0,52321.0,52331.0,214.0
2026-06-29 00:25:00,52330.0,52344.0,52326.0,52326.0,156.0
2026-06-29 00:30:00,52327.0,52356.0,52323.0,52343.0,274.0
2026-06-29 00:35:00,52342.0,52345.0,52323.0,52332.0,156.0
2026-06-29 00:40:00,52328.0,52376.0,52328.0,52370.0,111.0
2026-06-29 00:45:00,52366.0,52366.0,52306.0,52322.0,169.0
2026-06-29 00:50:00,52323.0,52340.0,52320.0,52335.0,103.0
2026-06-29 00:55:00,52340.0,52371.0,52338.0,52367.0,98.0
2026-06-29 01:00:00,52369.0,52376.0,52323.0,52333.0,76.0
2026-06-29 01:05:00,52334.0,52356.0,52324.0,52329.0,80.0
2026-06-29 01:10:00,52329.0,52337.0,52326.0,52332.0,67.0
2026-06-29 01:15:00,52332.0,52335.0,52284.0,52292.0,114.0
2026-06-29 01:20:00,52300.0,52326.0,52288.0,52310.0,43.0
2026-06-29 01:25:00,52314.0,52323.0,52292.0,52293.0,39.0
2026-06-29 01:30:00,52294.0,52298.0,52273.0,52291.0,113.0
2026-06-29 01:35:00,52286.0,52329.0,52283.0,52326.0,122.0
2026-06-29 01:40:00,52330.0,52336.0,52320.0,52324.0,84.0
2026-06-29 01:45:00,52324.0,52324.0,52288.0,52304.0,59.0
2026-06-29 01:50:00,52309.0,52323.0,52308.0,52319.0,38.0
2026-06-29 01:55:00,52317.0,52340.0,52317.0,52328.0,65.0
2026-06-29 02:00:00,52329.0,52335.0,52311.0,52311.0,80.0
2026-06-29 02:05:00,52315.0,52319.0,52289.0,52292.0,63.0
2026-06-29 02:10:00,52296.0,52298.0,52264.0,52269.0,99.0
2026-06-29 02:15:00,52268.0,52300.0,52259.0,52295.0,91.0
2026-06-29 02:20:00,52303.0,52330.0,52302.0,52323.0,67.0
2026-06-29 02:25:00,52321.0,52347.0,52318.0,52342.0,77.0
2026-06-29 02:30:00,52342.0,52351.0,52338.0,52349.0,65.0
2026-06-29 02:35:00,52352.0,52370.0,52350.0,52365.0,37.0
2026-06-29 02:40:00,52363.0,52369.0,52356.0,52360.0,43.0
2026-06-29 02:45:00,52361.0,52368.0,52358.0,52368.0,45.0
2026-06-29 02:50:00,52368.0,52371.0,52356.0,52357.0,40.0
2026-06-29 02:55:00,52357.0,52369.0,52357.0,52363.0,29.0
2026-06-29 03:00:00,52362.0,52386.0,52362.0,52382.0,67.0
2026-06-29 03:05:00,52384.0,52400.0,52381.0,52395.0,69.0
2026-06-29 03:10:00,52389.0,52391.0,52375.0,52375.0,36.0
2026-06-29 03:15:00,52370.0,52375.0,52368.0,52372.0,29.0
2026-06-29 03:20:00,52369.0,52376.0,52363.0,52363.0,24.0
2026-06-29 03:25:00,52363.0,52375.0,52361.0,52362.0,25.0
2026-06-29 03:30:00,52362.0,52368.0,52344.0,52344.0,34.0
2026-06-29 03:35:00,52346.0,52346.0,52310.0,52321.0,72.0
2026-06-29 03:40:00,52320.0,52332.0,52320.0,52322.0,23.0
2026-06-29 03:45:00,52323.0,52359.0,52320.0,52359.0,44.0
2026-06-29 03:50:00,52360.0,52390.0,52360.0,52368.0,113.0
2026-06-29 03:55:00,52370.0,52384.0,52365.0,52383.0,31.0
2026-06-29 04:00:00,52382.0,52382.0,52368.0,52370.0,33.0
2026-06-29 04:05:00,52370.0,52371.0,52360.0,52365.0,22.0
2026-06-29 04:10:00,52360.0,52360.0,52350.0,52355.0,19.0
2026-06-29 04:15:00,52351.0,52351.0,52345.0,52350.0,12.0
2026-06-29 04:20:00,52347.0,52359.0,52341.0,52359.0,34.0
2026-06-29 04:25:00,52361.0,52369.0,52353.0,52361.0,32.0
2026-06-29 04:30:00,52361.0,52366.0,52354.0,52360.0,30.0
2026-06-29 04:35:00,52352.0,52369.0,52352.0,52361.0,93.0
2026-06-29 04:40:00,52360.0,52360.0,52345.0,52356.0,46.0
2026-06-29 04:45:00,52352.0,52360.0,52348.0,52360.0,35.0
2026-06-29 04:50:00,52359.0,52367.0,52355.0,52365.0,26.0
2026-06-29 04:55:00,52360.0,52363.0,52352.0,52360.0,82.0
2026-06-29 05:00:00,52361.0,52367.0,52352.0,52354.0,85.0
2026-06-29 05:05:00,52351.0,52367.0,52350.0,52363.0,52.0
2026-06-29 05:10:00,52362.0,52375.0,52356.0,52375.0,31.0
2026-06-29 05:15:00,52385.0,52391.0,52360.0,52361.0,95.0
2026-06-29 05:20:00,52371.0,52377.0,52365.0,52368.0,61.0
2026-06-29 05:25:00,52372.0,52373.0,52360.0,52367.0,52.0
2026-06-29 05:30:00,52369.0,52393.0,52365.0,52393.0,70.0
2026-06-29 05:35:00,52392.0,52400.0,52383.0,52393.0,80.0
2026-06-29 05:40:00,52396.0,52420.0,52395.0,52418.0,73.0
2026-06-29 05:45:00,52417.0,52419.0,52405.0,52409.0,49.0
2026-06-29 05:50:00,52408.0,52437.0,52401.0,52433.0,132.0
2026-06-29 05:55:00,52434.0,52439.0,52427.0,52432.0,155.0
2026-06-29 06:00:00,52432.0,52433.0,52392.0,52397.0,147.0
2026-06-29 06:05:00,52397.0,52399.0,52385.0,52387.0,48.0
2026-06-29 06:10:00,52394.0,52395.0,52380.0,52390.0,61.0
2026-06-29 06:15:00,52393.0,52393.0,52378.0,52382.0,60.0
2026-06-29 06:20:00,52382.0,52388.0,52373.0,52387.0,49.0
2026-06-29 06:25:00,52387.0,52397.0,52382.0,52386.0,70.0
2026-06-29 06:30:00,52387.0,52389.0,52370.0,52389.0,98.0
2026-06-29 06:35:00,52390.0,52393.0,52378.0,52384.0,44.0
2026-06-29 06:40:00,52384.0,52392.0,52377.0,52382.0,60.0
2026-06-29 06:45:00,52382.0,52383.0,52373.0,52375.0,51.0
2026-06-29 06:50:00,52375.0,52376.0,52364.0,52364.0,57.0
2026-06-29 06:55:00,52362.0,52363.0,52343.0,52354.0,141.0
2026-06-29 07:00:00,52353.0,52354.0,52290.0,52313.0,245.0
2026-06-29 07:05:00,52309.0,52329.0,52303.0,52329.0,106.0
2026-06-29 07:10:00,52334.0,52339.0,52311.0,52335.0,95.0
2026-06-29 07:15:00,52340.0,52362.0,52340.0,52356.0,75.0
2026-06-29 07:20:00,52358.0,52378.0,52358.0,52371.0,53.0
2026-06-29 07:25:00,52374.0,52419.0,52372.0,52406.0,129.0
2026-06-29 07:30:00,52404.0,52405.0,52377.0,52389.0,51.0
2026-06-29 07:35:00,52389.0,52416.0,52381.0,52415.0,92.0
2026-06-29 07:40:00,52416.0,52419.0,52400.0,52400.0,58.0
2026-06-29 07:45:00,52396.0,52396.0,52366.0,52376.0,119.0
2026-06-29 07:50:00,52380.0,52407.0,52380.0,52398.0,64.0
2026-06-29 07:55:00,52398.0,52416.0,52396.0,52412.0,44.0
2026-06-29 08:00:00,52413.0,52447.0,52405.0,52428.0,236.0
2026-06-29 08:05:00,52425.0,52453.0,52423.0,52445.0,116.0
2026-06-29 08:10:00,52441.0,52448.0,52431.0,52445.0,67.0
2026-06-29 08:15:00,52455.0,52468.0,52425.0,52442.0,97.0
2026-06-29 08:20:00,52441.0,52445.0,52418.0,52425.0,67.0
2026-06-29 08:25:00,52427.0,52435.0,52395.0,52399.0,70.0
2026-06-29 08:30:00,52398.0,52419.0,52394.0,52417.0,65.0
2026-06-29 08:35:00,52420.0,52435.0,52414.0,52414.0,64.0
2026-06-29 08:40:00,52413.0,52414.0,52394.0,52400.0,79.0
2026-06-29 08:45:00,52399.0,52405.0,52391.0,52398.0,53.0
2026-06-29 08:50:00,52398.0,52401.0,52372.0,52372.0,62.0
2026-06-29 08:55:00,52369.0,52370.0,52359.0,52364.0,72.0
2026-06-29 09:00:00,52365.0,52386.0,52356.0,52385.0,91.0
2026-06-29 09:05:00,52388.0,52401.0,52387.0,52398.0,38.0
2026-06-29 09:10:00,52404.0,52408.0,52389.0,52400.0,75.0
2026-06-29 09:15:00,52401.0,52417.0,52391.0,52411.0,28.0
2026-06-29 09:20:00,52415.0,52415.0,52402.0,52404.0,33.0
2026-06-29 09:25:00,52402.0,52416.0,52402.0,52415.0,53.0
2026-06-29 09:30:00,52421.0,52421.0,52406.0,52407.0,35.0
2026-06-29 09:35:00,52404.0,52405.0,52393.0,52404.0,27.0
2026-06-29 09:40:00,52397.0,52406.0,52392.0,52406.0,28.0
2026-06-29 09:45:00,52407.0,52407.0,52381.0,52382.0,40.0
2026-06-29 09:50:00,52382.0,52386.0,52336.0,52353.0,288.0
2026-06-29 09:55:00,52356.0,52379.0,52352.0,52371.0,50.0
2026-06-29 10:00:00,52376.0,52381.0,52364.0,52371.0,71.0
2026-06-29 10:05:00,52370.0,52379.0,52361.0,52376.0,30.0
2026-06-29 10:10:00,52379.0,52384.0,52367.0,52372.0,43.0
2026-06-29 10:15:00,52367.0,52368.0,52342.0,52361.0,51.0
2026-06-29 10:20:00,52366.0,52370.0,52356.0,52365.0,12.0
2026-06-29 10:25:00,52362.0,52393.0,52362.0,52393.0,51.0
2026-06-29 10:30:00,52394.0,52413.0,52391.0,52411.0,37.0
2026-06-29 10:35:00,52408.0,52438.0,52398.0,52431.0,192.0
2026-06-29 10:40:00,52433.0,52434.0,52421.0,52421.0,36.0
2026-06-29 10:45:00,52412.0,52422.0,52388.0,52411.0,204.0
2026-06-29 10:50:00,52414.0,52424.0,52410.0,52423.0,51.0
2026-06-29 10:55:00,52421.0,52454.0,52414.0,52448.0,83.0
2026-06-29 11:00:00,52451.0,52475.0,52448.0,52468.0,187.0
2026-06-29 11:05:00,52468.0,52485.0,52461.0,52461.0,102.0
2026-06-29 11:10:00,52456.0,52457.0,52425.0,52430.0,66.0
2026-06-29 11:15:00,52429.0,52438.0,52413.0,52413.0,91.0
2026-06-29 11:20:00,52412.0,52430.0,52403.0,52420.0,164.0
2026-06-29 11:25:00,52421.0,52438.0,52419.0,52427.0,61.0
2026-06-29 11:30:00,52429.0,52499.0,52420.0,52455.0,470.0
2026-06-29 11:35:00,52452.0,52462.0,52447.0,52447.0,30.0
2026-06-29 11:40:00,52449.0,52477.0,52447.0,52466.0,149.0
2026-06-29 11:45:00,52463.0,52480.0,52450.0,52471.0,85.0
2026-06-29 11:50:00,52468.0,52488.0,52463.0,52470.0,124.0
2026-06-29 11:55:00,52472.0,52472.0,52456.0,52465.0,134.0
2026-06-29 12:00:00,52465.0,52467.0,52445.0,52448.0,153.0
2026-06-29 12:05:00,52447.0,52453.0,52439.0,52450.0,87.0
2026-06-29 12:10:00,52447.0,52463.0,52446.0,52451.0,94.0
2026-06-29 12:15:00,52452.0,52460.0,52437.0,52450.0,131.0
2026-06-29 12:20:00,52453.0,52463.0,52436.0,52453.0,164.0
2026-06-29 12:25:00,52460.0,52472.0,52453.0,52453.0,142.0
2026-06-29 12:30:00,52448.0,52455.0,52420.0,52452.0,153.0
2026-06-29 12:35:00,52457.0,52461.0,52420.0,52425.0,169.0
2026-06-29 12:40:00,52424.0,52429.0,52388.0,52421.0,200.0
2026-06-29 12:45:00,52420.0,52432.0,52411.0,52418.0,103.0
2026-06-29 12:50:00,52419.0,52437.0,52417.0,52433.0,96.0
2026-06-29 12:55:00,52433.0,52461.0,52433.0,52459.0,87.0
2026-06-29 13:00:00,52464.0,52476.0,52460.0,52468.0,169.0
2026-06-29 13:05:00,52471.0,52480.0,52460.0,52467.0,156.0
2026-06-29 13:10:00,52466.0,52512.0,52464.0,52507.0,233.0
2026-06-29 13:15:00,52503.0,52529.0,52501.0,52524.0,247.0
2026-06-29 13:20:00,52524.0,52526.0,52431.0,52440.0,591.0
2026-06-29 13:25:00,52439.0,52479.0,52422.0,52457.0,752.0
2026-06-29 13:30:00,52457.0,52590.0,52380.0,52582.0,6562.0
2026-06-29 13:35:00,52582.0,52583.0,52399.0,52504.0,3023.0
2026-06-29 13:40:00,52503.0,52640.0,52464.0,52635.0,2400.0
2026-06-29 13:45:00,52638.0,52648.0,52583.0,52613.0,2126.0
2026-06-29 13:50:00,52616.0,52684.0,52592.0,52638.0,1798.0
2026-06-29 13:55:00,52636.0,52644.0,52535.0,52552.0,1932.0
2026-06-29 14:00:00,52553.0,52572.0,52496.0,52545.0,2060.0
2026-06-29 14:05:00,52544.0,52565.0,52460.0,52479.0,1831.0
2026-06-29 14:10:00,52478.0,52490.0,52333.0,52334.0,2185.0
2026-06-29 14:15:00,52334.0,52481.0,52324.0,52455.0,2506.0
2026-06-29 14:20:00,52456.0,52496.0,52428.0,52475.0,1281.0
2026-06-29 14:25:00,52475.0,52589.0,52475.0,52555.0,1760.0
2026-06-29 14:30:00,52556.0,52644.0,52549.0,52630.0,2025.0
2026-06-29 14:35:00,52629.0,52700.0,52613.0,52648.0,1814.0
2026-06-29 14:40:00,52648.0,52675.0,52613.0,52616.0,992.0
2026-06-29 14:45:00,52616.0,52619.0,52536.0,52571.0,1315.0
2026-06-29 14:50:00,52569.0,52672.0,52569.0,52644.0,895.0
2026-06-29 14:55:00,52644.0,52644.0,52565.0,52596.0,999.0
2026-06-29 15:00:00,52599.0,52602.0,52509.0,52527.0,749.0
2026-06-29 15:05:00,52527.0,52552.0,52479.0,52483.0,783.0
2026-06-29 15:10:00,52485.0,52504.0,52462.0,52501.0,1005.0
2026-06-29 15:15:00,52500.0,52506.0,52453.0,52454.0,697.0
2026-06-29 15:20:00,52455.0,52477.0,52433.0,52459.0,778.0
2026-06-29 15:25:00,52456.0,52500.0,52433.0,52486.0,527.0
2026-06-29 15:30:00,52489.0,52511.0,52463.0,52465.0,737.0
2026-06-29 15:35:00,52465.0,52500.0,52449.0,52491.0,502.0
2026-06-29 15:40:00,52490.0,52515.0,52472.0,52511.0,464.0
2026-06-29 15:45:00,52510.0,52521.0,52486.0,52490.0,415.0
2026-06-29 15:50:00,52489.0,52493.0,52456.0,52475.0,463.0
2026-06-29 15:55:00,52475.0,52497.0,52455.0,52489.0,597.0
2026-06-29 16:00:00,52491.0,52504.0,52469.0,52503.0,496.0
2026-06-29 16:05:00,52504.0,52542.0,52504.0,52528.0,543.0
2026-06-29 16:10:00,52529.0,52537.0,52506.0,52523.0,482.0
2026-06-29 16:15:00,52522.0,52529.0,52476.0,52486.0,356.0
2026-06-29 16:20:00,52486.0,52498.0,52464.0,52491.0,446.0
2026-06-29 16:25:00,52490.0,52494.0,52477.0,52489.0,265.0
2026-06-29 16:30:00,52493.0,52501.0,52459.0,52463.0,319.0
2026-06-29 16:35:00,52463.0,52493.0,52454.0,52490.0,250.0
2026-06-29 16:40:00,52490.0,52493.0,52459.0,52477.0,261.0
2026-06-29 16:45:00,52478.0,52491.0,52459.0,52491.0,159.0
2026-06-29 16:50:00,52490.0,52508.0,52478.0,52501.0,366.0
2026-06-29 16:55:00,52497.0,52509.0,52486.0,52491.0,258.0
2026-06-29 17:00:00,52491.0,52516.0,52487.0,52498.0,381.0
2026-06-29 17:05:00,52496.0,52528.0,52496.0,52521.0,303.0
2026-06-29 17:10:00,52521.0,52565.0,52521.0,52551.0,813.0
2026-06-29 17:15:00,52553.0,52570.0,52530.0,52533.0,615.0
2026-06-29 17:20:00,52533.0,52559.0,52503.0,52503.0,531.0
2026-06-29 17:25:00,52504.0,52524.0,52494.0,52511.0,266.0
2026-06-29 17:30:00,52509.0,52554.0,52499.0,52552.0,456.0
2026-06-29 17:35:00,52555.0,52575.0,52540.0,52572.0,522.0
2026-06-29 17:40:00,52572.0,52590.0,52569.0,52581.0,428.0
2026-06-29 17:45:00,52582.0,52597.0,52571.0,52584.0,311.0
2026-06-29 17:50:00,52587.0,52628.0,52584.0,52613.0,357.0
2026-06-29 17:55:00,52611.0,52623.0,52594.0,52614.0,424.0
2026-06-29 18:00:00,52614.0,52653.0,52603.0,52634.0,488.0
2026-06-29 18:05:00,52634.0,52645.0,52628.0,52638.0,376.0
2026-06-29 18:10:00,52636.0,52656.0,52623.0,52634.0,551.0
2026-06-29 18:15:00,52634.0,52644.0,52617.0,52618.0,411.0
2026-06-29 18:20:00,52620.0,52623.0,52604.0,52611.0,274.0
2026-06-29 18:25:00,52610.0,52618.0,52597.0,52608.0,281.0
2026-06-29 18:30:00,52609.0,52632.0,52602.0,52618.0,293.0
2026-06-29 18:35:00,52623.0,52638.0,52613.0,52618.0,261.0
2026-06-29 18:40:00,52625.0,52628.0,52608.0,52621.0,229.0
2026-06-29 18:45:00,52624.0,52628.0,52604.0,52624.0,295.0
2026-06-29 18:50:00,52623.0,52632.0,52606.0,52611.0,280.0
2026-06-29 18:55:00,52612.0,52624.0,52603.0,52612.0,470.0
2026-06-29 19:00:00,52614.0,52627.0,52596.0,52615.0,377.0
2026-06-29 19:05:00,52612.0,52627.0,52610.0,52618.0,220.0
2026-06-29 19:10:00,52617.0,52623.0,52590.0,52595.0,250.0
2026-06-29 19:15:00,52593.0,52596.0,52571.0,52582.0,370.0
2026-06-29 19:20:00,52583.0,52588.0,52568.0,52572.0,359.0
2026-06-29 19:25:00,52571.0,52587.0,52571.0,52575.0,282.0
2026-06-29 19:30:00,52575.0,52578.0,52545.0,52552.0,455.0
2026-06-29 19:35:00,52551.0,52561.0,52535.0,52547.0,505.0
2026-06-29 19:40:00,52545.0,52570.0,52541.0,52570.0,430.0
2026-06-29 19:45:00,52569.0,52579.0,52551.0,52576.0,848.0
2026-06-29 19:50:00,52578.0,52595.0,52547.0,52553.0,1236.0
2026-06-29 19:55:00,52555.0,52593.0,52533.0,52552.0,3281.0
2026-06-29 20:00:00,52551.0,52571.0,52543.0,52543.0,993.0
2026-06-29 20:05:00,52542.0,52550.0,52538.0,52546.0,373.0
2026-06-29 20:10:00,52546.0,52561.0,52542.0,52556.0,242.0
2026-06-29 20:15:00,52555.0,52567.0,52549.0,52567.0,154.0
2026-06-29 20:20:00,52565.0,52579.0,52564.0,52573.0,46.0
2026-06-29 20:25:00,52577.0,52580.0,52569.0,52569.0,87.0
2026-06-29 20:30:00,52570.0,52571.0,52563.0,52567.0,57.0
2026-06-29 20:35:00,52564.0,52564.0,52548.0,52553.0,71.0
2026-06-29 20:40:00,52550.0,52561.0,52549.0,52556.0,53.0
2026-06-29 20:45:00,52553.0,52557.0,52543.0,52557.0,65.0
2026-06-29 20:50:00,52555.0,52564.0,52545.0,52550.0,89.0
2026-06-29 20:55:00,52549.0,52557.0,52530.0,52530.0,194.0
2026-06-29 22:00:00,52554.0,52560.0,52530.0,52544.0,0.0
2026-06-29 22:05:00,52546.0,52555.0,52522.0,52544.0,77.0
2026-06-29 22:10:00,52543.0,52553.0,52536.0,52538.0,42.0
2026-06-29 22:15:00,52540.0,52542.0,52535.0,52542.0,16.0
2026-06-29 22:20:00,52546.0,52547.0,52532.0,52533.0,20.0
2026-06-29 22:25:00,52531.0,52536.0,52529.0,52532.0,20.0
2026-06-29 22:30:00,52536.0,52536.0,52519.0,52523.0,37.0
2026-06-29 22:35:00,52523.0,52528.0,52521.0,52528.0,9.0
2026-06-29 22:40:00,52523.0,52545.0,52522.0,52541.0,20.0
2026-06-29 22:45:00,52535.0,52535.0,52529.0,52532.0,30.0
2026-06-29 22:50:00,52533.0,52533.0,52525.0,52525.0,4.0
2026-06-29 22:55:00,52530.0,52530.0,52523.0,52530.0,12.0
2026-06-29 23:00:00,52529.0,52534.0,52529.0,52534.0,13.0
2026-06-29 23:05:00,52532.0,52556.0,52532.0,52548.0,33.0
2026-06-29 23:10:00,52548.0,52548.0,52526.0,52532.0,60.0
2026-06-29 23:15:00,52532.0,52537.0,52531.0,52533.0,7.0
2026-06-29 23:20:00,52533.0,52534.0,52526.0,52530.0,19.0
2026-06-29 23:25:00,52529.0,52533.0,52529.0,52531.0,7.0
2026-06-29 23:30:00,52526.0,52538.0,52525.0,52538.0,15.0
2026-06-29 23:35:00,52533.0,52536.0,52529.0,52530.0,17.0
2026-06-29 23:40:00,52529.0,52530.0,52523.0,52525.0,11.0
2026-06-29 23:45:00,52523.0,52523.0,52494.0,52504.0,65.0
2026-06-29 23:50:00,52505.0,52505.0,52497.0,52504.0,22.0
2026-06-29 23:55:00,52506.0,52520.0,52506.0,52520.0,19.0
2026-06-30 00:00:00,52515.0,52515.0,52496.0,52512.0,45.0
2026-06-30 00:05:00,52517.0,52529.0,52512.0,52512.0,31.0
2026-06-30 00:10:00,52510.0,52526.0,52510.0,52525.0,20.0
2026-06-30 00:15:00,52523.0,52528.0,52520.0,52524.0,29.0
2026-06-30 00:20:00,52522.0,52522.0,52513.0,52515.0,35.0
2026-06-30 00:25:00,52519.0,52519.0,52496.0,52500.0,70.0
2026-06-30 00:30:00,52501.0,52501.0,52468.0,52486.0,111.0
2026-06-30 00:35:00,52483.0,52497.0,52479.0,52497.0,63.0
2026-06-30 00:40:00,52495.0,52505.0,52490.0,52491.0,79.0
2026-06-30 00:45:00,52490.0,52510.0,52488.0,52505.0,74.0
2026-06-30 00:50:00,52512.0,52515.0,52502.0,52513.0,73.0
2026-06-30 00:55:00,52514.0,52518.0,52511.0,52517.0,47.0
2026-06-30 01:00:00,52519.0,52524.0,52502.0,52506.0,63.0
2026-06-30 01:05:00,52507.0,52507.0,52496.0,52499.0,44.0
2026-06-30 01:10:00,52500.0,52503.0,52491.0,52498.0,77.0
2026-06-30 01:15:00,52498.0,52504.0,52492.0,52498.0,65.0
2026-06-30 01:20:00,52499.0,52505.0,52494.0,52501.0,61.0
2026-06-30 01:25:00,52500.0,52535.0,52500.0,52535.0,98.0
2026-06-30 01:30:00,52534.0,52558.0,52531.0,52547.0,132.0
2026-06-30 01:35:00,52541.0,52541.0,52516.0,52530.0,57.0
2026-06-30 01:40:00,52530.0,52547.0,52528.0,52544.0,35.0
2026-06-30 01:45:00,52543.0,52545.0,52531.0,52539.0,34.0
2026-06-30 01:50:00,52537.0,52547.0,52537.0,52545.0,12.0
2026-06-30 01:55:00,52546.0,52548.0,52545.0,52545.0,9.0
2026-06-30 02:00:00,52549.0,52549.0,52531.0,52535.0,36.0
2026-06-30 02:05:00,52539.0,52539.0,52528.0,52532.0,28.0
2026-06-30 02:10:00,52532.0,52532.0,52520.0,52523.0,39.0
2026-06-30 02:15:00,52526.0,52526.0,52497.0,52506.0,79.0
2026-06-30 02:20:00,52508.0,52528.0,52508.0,52525.0,42.0
2026-06-30 02:25:00,52526.0,52533.0,52523.0,52527.0,35.0
2026-06-30 02:30:00,52524.0,52531.0,52522.0,52524.0,65.0
2026-06-30 02:35:00,52526.0,52530.0,52524.0,52530.0,10.0
2026-06-30 02:40:00,52530.0,52531.0,52520.0,52521.0,23.0
2026-06-30 02:45:00,52525.0,52528.0,52521.0,52527.0,19.0
2026-06-30 02:50:00,52526.0,52529.0,52523.0,52525.0,17.0
2026-06-30 02:55:00,52525.0,52525.0,52507.0,52510.0,38.0
2026-06-30 03:00:00,52510.0,52515.0,52506.0,52514.0,23.0
2026-06-30 03:05:00,52512.0,52528.0,52512.0,52528.0,22.0
2026-06-30 03:10:00,52526.0,52528.0,52523.0,52523.0,10.0
2026-06-30 03:15:00,52526.0,52535.0,52526.0,52532.0,37.0
2026-06-30 03:20:00,52531.0,52532.0,52523.0,52523.0,17.0
2026-06-30 03:25:00,52522.0,52533.0,52521.0,52533.0,11.0
2026-06-30 03:30:00,52534.0,52542.0,52527.0,52541.0,30.0
2026-06-30 03:35:00,52541.0,52557.0,52541.0,52553.0,85.0
2026-06-30 03:40:00,52553.0,52568.0,52553.0,52568.0,44.0
2026-06-30 03:45:00,52565.0,52570.0,52561.0,52570.0,23.0
2026-06-30 03:50:00,52575.0,52589.0,52571.0,52572.0,76.0
2026-06-30 03:55:00,52571.0,52571.0,52563.0,52566.0,40.0
2026-06-30 04:00:00,52562.0,52581.0,52562.0,52579.0,47.0
2026-06-30 04:05:00,52578.0,52579.0,52571.0,52576.0,54.0
2026-06-30 04:10:00,52577.0,52582.0,52573.0,52582.0,13.0
2026-06-30 04:15:00,52583.0,52587.0,52581.0,52584.0,33.0
2026-06-30 04:20:00,52584.0,52588.0,52580.0,52582.0,69.0
2026-06-30 04:25:00,52581.0,52584.0,52576.0,52579.0,34.0
2026-06-30 04:30:00,52577.0,52586.0,52575.0,52585.0,55.0
2026-06-30 04:35:00,52587.0,52606.0,52587.0,52602.0,103.0
2026-06-30 04:40:00,52600.0,52601.0,52591.0,52595.0,56.0
2026-06-30 04:45:00,52593.0,52593.0,52580.0,52583.0,57.0
2026-06-30 04:50:00,52584.0,52584.0,52576.0,52577.0,53.0
2026-06-30 04:55:00,52574.0,52579.0,52574.0,52578.0,19.0
2026-06-30 05:00:00,52580.0,52594.0,52580.0,52582.0,69.0
2026-06-30 05:05:00,52583.0,52590.0,52579.0,52589.0,12.0
2026-06-30 05:10:00,52590.0,52601.0,52590.0,52600.0,30.0
2026-06-30 05:15:00,52601.0,52601.0,52589.0,52592.0,35.0
2026-06-30 05:20:00,52589.0,52596.0,52587.0,52592.0,45.0
2026-06-30 05:25:00,52592.0,52593.0,52576.0,52576.0,75.0
2026-06-30 05:30:00,52574.0,52577.0,52568.0,52571.0,55.0
2026-06-30 05:35:00,52573.0,52576.0,52567.0,52574.0,43.0
2026-06-30 05:40:00,52577.0,52583.0,52569.0,52571.0,29.0
2026-06-30 05:45:00,52570.0,52580.0,52569.0,52580.0,22.0
2026-06-30 05:50:00,52582.0,52590.0,52578.0,52588.0,22.0
2026-06-30 05:55:00,52587.0,52596.0,52586.0,52589.0,37.0
2026-06-30 06:00:00,52588.0,52600.0,52586.0,52593.0,55.0
2026-06-30 06:05:00,52591.0,52591.0,52584.0,52587.0,21.0
2026-06-30 06:10:00,52587.0,52602.0,52584.0,52592.0,33.0
2026-06-30 06:15:00,52590.0,52592.0,52582.0,52582.0,27.0
2026-06-30 06:20:00,52580.0,52580.0,52568.0,52573.0,81.0
2026-06-30 06:25:00,52571.0,52588.0,52555.0,52584.0,82.0
2026-06-30 06:30:00,52584.0,52587.0,52557.0,52563.0,75.0
2026-06-30 06:35:00,52562.0,52577.0,52562.0,52573.0,53.0
2026-06-30 06:40:00,52570.0,52576.0,52560.0,52560.0,18.0
2026-06-30 06:45:00,52559.0,52588.0,52556.0,52588.0,26.0
2026-06-30 06:50:00,52588.0,52588.0,52581.0,52582.0,25.0
2026-06-30 06:55:00,52585.0,52604.0,52583.0,52604.0,45.0
2026-06-30 07:00:00,52603.0,52627.0,52593.0,52615.0,125.0
2026-06-30 07:05:00,52620.0,52639.0,52616.0,52624.0,87.0
2026-06-30 07:10:00,52617.0,52617.0,52589.0,52592.0,74.0
2026-06-30 07:15:00,52592.0,52600.0,52588.0,52588.0,34.0
2026-06-30 07:20:00,52586.0,52606.0,52584.0,52606.0,26.0
2026-06-30 07:25:00,52605.0,52610.0,52600.0,52603.0,28.0
2026-06-30 07:30:00,52610.0,52614.0,52602.0,52612.0,61.0
2026-06-30 07:35:00,52613.0,52625.0,52612.0,52615.0,60.0
2026-06-30 07:40:00,52615.0,52624.0,52613.0,52623.0,70.0
2026-06-30 07:45:00,52621.0,52622.0,52605.0,52612.0,86.0
2026-06-30 07:50:00,52609.0,52609.0,52578.0,52594.0,103.0
2026-06-30 07:55:00,52592.0,52600.0,52586.0,52590.0,33.0
2026-06-30 08:00:00,52590.0,52621.0,52590.0,52605.0,199.0
2026-06-30 08:05:00,52599.0,52606.0,52586.0,52591.0,112.0
2026-06-30 08:10:00,52593.0,52601.0,52577.0,52577.0,110.0
2026-06-30 08:15:00,52573.0,52580.0,52554.0,52579.0,216.0
2026-06-30 08:20:00,52580.0,52609.0,52580.0,52606.0,68.0
2026-06-30 08:25:00,52605.0,52606.0,52595.0,52603.0,42.0
2026-06-30 08:30:00,52607.0,52614.0,52569.0,52574.0,103.0
2026-06-30 08:35:00,52574.0,52574.0,52559.0,52565.0,139.0
2026-06-30 08:40:00,52564.0,52567.0,52545.0,52558.0,159.0
2026-06-30 08:45:00,52564.0,52564.0,52544.0,52550.0,84.0
2026-06-30 08:50:00,52551.0,52580.0,52543.0,52578.0,100.0
2026-06-30 08:55:00,52584.0,52599.0,52581.0,52594.0,78.0
2026-06-30 09:00:00,52593.0,52625.0,52589.0,52622.0,151.0
2026-06-30 09:05:00,52619.0,52622.0,52611.0,52622.0,79.0
2026-06-30 09:10:00,52620.0,52646.0,52618.0,52642.0,91.0
2026-06-30 09:15:00,52639.0,52654.0,52639.0,52643.0,143.0
2026-06-30 09:20:00,52644.0,52646.0,52636.0,52642.0,71.0
2026-06-30 09:25:00,52644.0,52655.0,52644.0,52647.0,60.0
2026-06-30 09:30:00,52643.0,52643.0,52617.0,52620.0,69.0
2026-06-30 09:35:00,52618.0,52642.0,52617.0,52640.0,37.0
2026-06-30 09:40:00,52642.0,52661.0,52642.0,52660.0,100.0
2026-06-30 09:45:00,52660.0,52676.0,52655.0,52671.0,116.0
2026-06-30 09:50:00,52671.0,52700.0,52664.0,52674.0,740.0
2026-06-30 09:55:00,52675.0,52681.0,52665.0,52666.0,62.0
2026-06-30 10:00:00,52668.0,52669.0,52652.0,52662.0,146.0
2026-06-30 10:05:00,52661.0,52689.0,52661.0,52674.0,119.0
2026-06-30 10:10:00,52673.0,52678.0,52619.0,52628.0,756.0
2026-06-30 10:15:00,52633.0,52651.0,52629.0,52645.0,148.0
2026-06-30 10:20:00,52646.0,52658.0,52613.0,52620.0,215.0
2026-06-30 10:25:00,52616.0,52637.0,52613.0,52630.0,131.0
2026-06-30 10:30:00,52632.0,52640.0,52617.0,52622.0,97.0
2026-06-30 10:35:00,52623.0,52623.0,52606.0,52613.0,104.0
2026-06-30 10:40:00,52614.0,52637.0,52609.0,52636.0,63.0
2026-06-30 10:45:00,52634.0,52658.0,52630.0,52650.0,120.0
2026-06-30 10:50:00,52649.0,52660.0,52641.0,52656.0,64.0
2026-06-30 10:55:00,52652.0,52678.0,52649.0,52672.0,90.0
2026-06-30 11:00:00,52671.0,52676.0,52657.0,52675.0,110.0
2026-06-30 11:05:00,52677.0,52696.0,52677.0,52693.0,166.0
2026-06-30 11:10:00,52693.0,52714.0,52687.0,52688.0,253.0
2026-06-30 11:15:00,52688.0,52688.0,52665.0,52676.0,154.0
2026-06-30 11:20:00,52677.0,52677.0,52656.0,52658.0,80.0
2026-06-30 11:25:00,52655.0,52655.0,52626.0,52634.0,282.0
2026-06-30 11:30:00,52635.0,52657.0,52626.0,52633.0,157.0
2026-06-30 11:35:00,52636.0,52639.0,52621.0,52632.0,113.0
2026-06-30 11:40:00,52630.0,52647.0,52629.0,52645.0,106.0
2026-06-30 11:45:00,52647.0,52666.0,52647.0,52658.0,116.0
2026-06-30 11:50:00,52658.0,52659.0,52624.0,52630.0,258.0
2026-06-30 11:55:00,52630.0,52636.0,52610.0,52614.0,136.0
2026-06-30 12:00:00,52615.0,52615.0,52558.0,52568.0,336.0
2026-06-30 12:05:00,52565.0,52570.0,52547.0,52557.0,217.0
2026-06-30 12:10:00,52556.0,52582.0,52555.0,52557.0,212.0
2026-06-30 12:15:00,52560.0,52561.0,52529.0,52546.0,416.0
2026-06-30 12:20:00,52547.0,52549.0,52512.0,52527.0,279.0
2026-06-30 12:25:00,52529.0,52532.0,52505.0,52512.0,290.0
2026-06-30 12:30:00,52511.0,52520.0,52493.0,52516.0,252.0
2026-06-30 12:35:00,52516.0,52529.0,52503.0,52529.0,125.0
2026-06-30 12:40:00,52530.0,52554.0,52527.0,52542.0,201.0
2026-06-30 12:45:00,52541.0,52564.0,52539.0,52562.0,135.0
2026-06-30 12:50:00,52559.0,52584.0,52558.0,52565.0,194.0
2026-06-30 12:55:00,52568.0,52568.0,52542.0,52546.0,132.0
2026-06-30 13:00:00,52548.0,52557.0,52525.0,52528.0,175.0
2026-06-30 13:05:00,52531.0,52545.0,52520.0,52521.0,186.0
2026-06-30 13:10:00,52519.0,52545.0,52514.0,52521.0,169.0
2026-06-30 13:15:00,52519.0,52550.0,52513.0,52548.0,215.0
2026-06-30 13:20:00,52549.0,52555.0,52518.0,52524.0,229.0
2026-06-30 13:25:00,52522.0,52663.0,52522.0,52663.0,1315.0
2026-06-30 13:30:00,52658.0,52659.0,52383.0,52400.0,6917.0
2026-06-30 13:35:00,52401.0,52485.0,52390.0,52457.0,3420.0
2026-06-30 13:40:00,52454.0,52581.0,52449.0,52514.0,1308.0
2026-06-30 13:45:00,52514.0,52529.0,52457.0,52499.0,1156.0
2026-06-30 13:50:00,52499.0,52623.0,52495.0,52580.0,1638.0
2026-06-30 13:55:00,52574.0,52645.0,52574.0,52610.0,916.0
2026-06-30 14:00:00,52619.0,52658.0,52562.0,52616.0,1224.0
2026-06-30 14:05:00,52614.0,52614.0,52548.0,52566.0,1059.0
2026-06-30 14:10:00,52561.0,52610.0,52556.0,52601.0,784.0
2026-06-30 14:15:00,52599.0,52644.0,52574.0,52590.0,781.0
2026-06-30 14:20:00,52593.0,52655.0,52579.0,52631.0,804.0
2026-06-30 14:25:00,52632.0,52650.0,52621.0,52643.0,492.0
2026-06-30 14:30:00,52642.0,52706.0,52640.0,52706.0,1080.0
2026-06-30 14:35:00,52707.0,52733.0,52643.0,52646.0,1156.0
2026-06-30 14:40:00,52645.0,52682.0,52616.0,52664.0,1033.0
2026-06-30 14:45:00,52663.0,52698.0,52630.0,52652.0,860.0
2026-06-30 14:50:00,52651.0,52678.0,52619.0,52628.0,584.0
2026-06-30 14:55:00,52630.0,52647.0,52592.0,52612.0,808.0
2026-06-30 15:00:00,52613.0,52679.0,52604.0,52663.0,671.0
2026-06-30 15:05:00,52663.0,52696.0,52623.0,52674.0,658.0
2026-06-30 15:10:00,52676.0,52708.0,52668.0,52678.0,600.0
2026-06-30 15:15:00,52673.0,52689.0,52632.0,52650.0,527.0
2026-06-30 15:20:00,52652.0,52712.0,52652.0,52708.0,417.0
2026-06-30 15:25:00,52709.0,52728.0,52684.0,52716.0,556.0
2026-06-30 15:30:00,52714.0,52715.0,52659.0,52677.0,504.0
2026-06-30 15:35:00,52678.0,52682.0,52624.0,52624.0,433.0
2026-06-30 15:40:00,52627.0,52660.0,52615.0,52631.0,408.0
2026-06-30 15:45:00,52630.0,52677.0,52630.0,52645.0,459.0
2026-06-30 15:50:00,52646.0,52656.0,52624.0,52643.0,324.0
2026-06-30 15:55:00,52644.0,52679.0,52639.0,52679.0,318.0
2026-06-30 16:00:00,52679.0,52705.0,52673.0,52679.0,383.0
2026-06-30 16:05:00,52680.0,52723.0,52678.0,52709.0,417.0
2026-06-30 16:10:00,52711.0,52740.0,52711.0,52737.0,406.0
2026-06-30 16:15:00,52731.0,52750.0,52716.0,52723.0,618.0
2026-06-30 16:20:00,52723.0,52736.0,52711.0,52719.0,418.0
2026-06-30 16:25:00,52722.0,52732.0,52692.0,52710.0,416.0
2026-06-30 16:30:00,52708.0,52734.0,52700.0,52731.0,326.0
2026-06-30 16:35:00,52731.0,52736.0,52701.0,52733.0,300.0
2026-06-30 16:40:00,52734.0,52742.0,52722.0,52741.0,270.0
2026-06-30 16:45:00,52742.0,52750.0,52730.0,52733.0,331.0
2026-06-30 16:50:00,52733.0,52763.0,52725.0,52749.0,317.0
2026-06-30 16:55:00,52751.0,52761.0,52737.0,52743.0,301.0
2026-06-30 17:00:00,52743.0,52754.0,52732.0,52733.0,373.0
2026-06-30 17:05:00,52734.0,52744.0,52723.0,52725.0,270.0
2026-06-30 17:10:00,52723.0,52732.0,52716.0,52716.0,248.0
2026-06-30 17:15:00,52716.0,52730.0,52709.0,52724.0,264.0
2026-06-30 17:20:00,52724.0,52743.0,52720.0,52735.0,278.0
2026-06-30 17:25:00,52734.0,52751.0,52725.0,52744.0,370.0
2026-06-30 17:30:00,52744.0,52763.0,52728.0,52747.0,259.0
2026-06-30 17:35:00,52746.0,52750.0,52709.0,52715.0,347.0
2026-06-30 17:40:00,52715.0,52726.0,52703.0,52725.0,268.0
2026-06-30 17:45:00,52725.0,52729.0,52707.0,52713.0,168.0
2026-06-30 17:50:00,52714.0,52726.0,52707.0,52708.0,147.0
2026-06-30 17:55:00,52707.0,52718.0,52697.0,52701.0,166.0
2026-06-30 18:00:00,52702.0,52726.0,52687.0,52713.0,346.0
2026-06-30 18:05:00,52716.0,52718.0,52689.0,52689.0,192.0
2026-06-30 18:10:00,52689.0,52708.0,52688.0,52705.0,131.0
2026-06-30 18:15:00,52706.0,52707.0,52692.0,52704.0,150.0
2026-06-30 18:20:00,52703.0,52713.0,52691.0,52702.0,143.0
2026-06-30 18:25:00,52701.0,52713.0,52693.0,52705.0,200.0
2026-06-30 18:30:00,52704.0,52708.0,52671.0,52687.0,338.0
2026-06-30 18:35:00,52691.0,52705.0,52681.0,52690.0,207.0
2026-06-30 18:40:00,52692.0,52705.0,52688.0,52698.0,232.0
2026-06-30 18:45:00,52703.0,52733.0,52690.0,52731.0,323.0
2026-06-30 18:50:00,52732.0,52737.0,52718.0,52728.0,264.0
2026-06-30 18:55:00,52727.0,52736.0,52710.0,52713.0,276.0
2026-06-30 19:00:00,52710.0,52718.0,52694.0,52697.0,297.0
2026-06-30 19:05:00,52696.0,52723.0,52693.0,52710.0,281.0
2026-06-30 19:10:00,52712.0,52731.0,52694.0,52725.0,237.0
2026-06-30 19:15:00,52724.0,52754.0,52720.0,52737.0,352.0
2026-06-30 19:20:00,52739.0,52751.0,52726.0,52745.0,310.0
2026-06-30 19:25:00,52744.0,52754.0,52716.0,52716.0,464.0
2026-06-30 19:30:00,52718.0,52720.0,52682.0,52687.0,739.0
2026-06-30 19:35:00,52685.0,52692.0,52663.0,52674.0,688.0
2026-06-30 19:40:00,52671.0,52676.0,52646.0,52671.0,593.0
2026-06-30 19:45:00,52671.0,52677.0,52650.0,52660.0,676.0
2026-06-30 19:50:00,52662.0,52712.0,52647.0,52711.0,1167.0
2026-06-30 19:55:00,52712.0,52738.0,52645.0,52665.0,4419.0
2026-06-30 20:00:00,52666.0,52706.0,52658.0,52695.0,1287.0
2026-06-30 20:05:00,52694.0,52699.0,52664.0,52676.0,235.0
2026-06-30 20:10:00,52674.0,52674.0,52637.0,52656.0,500.0
2026-06-30 20:15:00,52654.0,52666.0,52638.0,52645.0,253.0
2026-06-30 20:20:00,52640.0,52645.0,52632.0,52634.0,174.0
2026-06-30 20:25:00,52632.0,52635.0,52623.0,52625.0,61.0
2026-06-30 20:30:00,52627.0,52627.0,52610.0,52612.0,68.0
2026-06-30 20:35:00,52610.0,52611.0,52603.0,52604.0,85.0
2026-06-30 20:40:00,52602.0,52604.0,52594.0,52595.0,87.0
2026-06-30 20:45:00,52594.0,52600.0,52570.0,52574.0,150.0
2026-06-30 20:50:00,52575.0,52587.0,52560.0,52578.0,147.0
2026-06-30 20:55:00,52575.0,52588.0,52565.0,52567.0,118.0
2026-06-30 22:00:00,52546.0,52598.0,52546.0,52585.0,0.0
2026-06-30 22:05:00,52581.0,52595.0,52578.0,52595.0,47.0
2026-06-30 22:10:00,52591.0,52591.0,52575.0,52591.0,26.0
2026-06-30 22:15:00,52589.0,52605.0,52588.0,52600.0,65.0
2026-06-30 22:20:00,52601.0,52606.0,52600.0,52603.0,25.0
2026-06-30 22:25:00,52600.0,52607.0,52600.0,52605.0,30.0
2026-06-30 22:30:00,52600.0,52609.0,52600.0,52601.0,44.0
2026-06-30 22:35:00,52599.0,52603.0,52599.0,52600.0,12.0
2026-06-30 22:40:00,52599.0,52601.0,52598.0,52600.0,7.0
2026-06-30 22:45:00,52601.0,52601.0,52588.0,52589.0,10.0
2026-06-30 22:50:00,52585.0,52585.0,52568.0,52574.0,42.0
2026-06-30 22:55:00,52575.0,52578.0,52569.0,52576.0,31.0
2026-06-30 23:00:00,52578.0,52581.0,52566.0,52566.0,69.0
2026-06-30 23:05:00,52568.0,52578.0,52560.0,52572.0,66.0
2026-06-30 23:10:00,52573.0,52573.0,52571.0,52572.0,10.0
2026-06-30 23:15:00,52570.0,52575.0,52570.0,52572.0,11.0
2026-06-30 23:20:00,52567.0,52573.0,52567.0,52573.0,11.0
2026-06-30 23:25:00,52572.0,52579.0,52572.0,52574.0,27.0
2026-06-30 23:30:00,52573.0,52585.0,52573.0,52585.0,48.0
2026-06-30 23:35:00,52585.0,52586.0,52579.0,52583.0,32.0
2026-06-30 23:40:00,52580.0,52582.0,52577.0,52577.0,14.0
2026-06-30 23:45:00,52577.0,52583.0,52566.0,52571.0,23.0
2026-06-30 23:50:00,52570.0,52573.0,52561.0,52569.0,22.0
2026-06-30 23:55:00,52570.0,52577.0,52562.0,52573.0,29.0
2026-07-01 00:00:00,52574.0,52590.0,52573.0,52589.0,147.0
2026-07-01 00:05:00,52584.0,52591.0,52579.0,52583.0,100.0
2026-07-01 00:10:00,52585.0,52592.0,52580.0,52584.0,48.0
2026-07-01 00:15:00,52585.0,52596.0,52585.0,52595.0,38.0
2026-07-01 00:20:00,52594.0,52606.0,52594.0,52601.0,61.0
2026-07-01 00:25:00,52599.0,52607.0,52596.0,52600.0,35.0
2026-07-01 00:30:00,52602.0,52619.0,52601.0,52615.0,65.0
2026-07-01 00:35:00,52616.0,52618.0,52604.0,52604.0,86.0
2026-07-01 00:40:00,52610.0,52615.0,52610.0,52612.0,24.0
2026-07-01 00:45:00,52615.0,52625.0,52613.0,52624.0,20.0
2026-07-01 00:50:00,52623.0,52623.0,52602.0,52602.0,49.0
2026-07-01 00:55:00,52606.0,52613.0,52605.0,52609.0,14.0
2026-07-01 01:00:00,52608.0,52613.0,52566.0,52566.0,155.0
2026-07-01 01:05:00,52565.0,52574.0,52562.0,52566.0,58.0
2026-07-01 01:10:00,52564.0,52576.0,52554.0,52576.0,126.0
2026-07-01 01:15:00,52579.0,52579.0,52558.0,52567.0,81.0
2026-07-01 01:20:00,52562.0,52564.0,52554.0,52554.0,34.0
2026-07-01 01:25:00,52551.0,52551.0,52542.0,52549.0,33.0
2026-07-01 01:30:00,52552.0,52559.0,52535.0,52539.0,73.0
2026-07-01 01:35:00,52545.0,52551.0,52543.0,52545.0,32.0
2026-07-01 01:40:00,52544.0,52546.0,52536.0,52537.0,18.0
2026-07-01 01:45:00,52537.0,52541.0,52529.0,52539.0,58.0
2026-07-01 01:50:00,52535.0,52540.0,52533.0,52540.0,49.0
2026-07-01 01:55:00,52541.0,52545.0,52531.0,52535.0,75.0
2026-07-01 02:00:00,52536.0,52545.0,52536.0,52540.0,100.0
2026-07-01 02:05:00,52538.0,52541.0,52511.0,52515.0,177.0
2026-07-01 02:10:00,52517.0,52522.0,52494.0,52504.0,158.0
2026-07-01 02:15:00,52503.0,52513.0,52467.0,52506.0,181.0
2026-07-01 02:20:00,52500.0,52508.0,52496.0,52506.0,60.0
2026-07-01 02:25:00,52505.0,52512.0,52499.0,52506.0,45.0
2026-07-01 02:30:00,52504.0,52512.0,52498.0,52498.0,33.0
2026-07-01 02:35:00,52498.0,52510.0,52498.0,52508.0,21.0
2026-07-01 02:40:00,52504.0,52508.0,52502.0,52505.0,33.0
2026-07-01 02:45:00,52505.0,52507.0,52501.0,52502.0,27.0
2026-07-01 02:50:00,52501.0,52503.0,52495.0,52501.0,40.0
2026-07-01 02:55:00,52500.0,52501.0,52493.0,52493.0,14.0
2026-07-01 03:00:00,52493.0,52495.0,52489.0,52489.0,38.0
2026-07-01 03:05:00,52491.0,52495.0,52489.0,52493.0,34.0
2026-07-01 03:10:00,52498.0,52501.0,52497.0,52501.0,16.0
2026-07-01 03:15:00,52501.0,52503.0,52488.0,52491.0,27.0
2026-07-01 03:20:00,52491.0,52491.0,52474.0,52477.0,23.0
2026-07-01 03:25:00,52477.0,52477.0,52471.0,52473.0,37.0
2026-07-01 03:30:00,52473.0,52478.0,52464.0,52470.0,35.0
2026-07-01 03:35:00,52475.0,52490.0,52475.0,52490.0,40.0
2026-07-01 03:40:00,52486.0,52488.0,52481.0,52484.0,55.0
2026-07-01 03:45:00,52486.0,52500.0,52486.0,52500.0,18.0
2026-07-01 03:50:00,52501.0,52510.0,52501.0,52502.0,32.0
2026-07-01 03:55:00,52498.0,52505.0,52497.0,52499.0,13.0
2026-07-01 04:00:00,52497.0,52498.0,52484.0,52489.0,30.0
2026-07-01 04:05:00,52491.0,52498.0,52491.0,52493.0,14.0
2026-07-01 04:10:00,52497.0,52497.0,52489.0,52490.0,27.0
2026-07-01 04:15:00,52489.0,52495.0,52488.0,52492.0,13.0
2026-07-01 04:20:00,52491.0,52496.0,52489.0,52489.0,17.0
2026-07-01 04:25:00,52489.0,52503.0,52489.0,52500.0,13.0
2026-07-01 04:30:00,52500.0,52501.0,52494.0,52497.0,10.0
2026-07-01 04:35:00,52496.0,52497.0,52487.0,52488.0,15.0
2026-07-01 04:40:00,52489.0,52509.0,52489.0,52508.0,44.0
2026-07-01 04:45:00,52511.0,52527.0,52511.0,52516.0,37.0
2026-07-01 04:50:00,52520.0,52530.0,52520.0,52526.0,13.0
2026-07-01 04:55:00,52526.0,52526.0,52502.0,52510.0,19.0
2026-07-01 05:00:00,52509.0,52518.0,52497.0,52507.0,27.0
2026-07-01 05:05:00,52508.0,52519.0,52508.0,52519.0,6.0
2026-07-01 05:10:00,52513.0,52515.0,52509.0,52515.0,3.0
2026-07-01 05:15:00,52515.0,52515.0,52513.0,52515.0,8.0
2026-07-01 05:20:00,52512.0,52514.0,52499.0,52506.0,26.0
2026-07-01 05:25:00,52508.0,52508.0,52500.0,52503.0,11.0
2026-07-01 05:30:00,52502.0,52507.0,52492.0,52496.0,44.0
2026-07-01 05:35:00,52500.0,52503.0,52490.0,52493.0,52.0
2026-07-01 05:40:00,52499.0,52506.0,52492.0,52506.0,39.0
2026-07-01 05:45:00,52501.0,52505.0,52489.0,52489.0,6.0
2026-07-01 05:50:00,52485.0,52498.0,52485.0,52498.0,10.0
2026-07-01 05:55:00,52496.0,52502.0,52495.0,52498.0,28.0
2026-07-01 06:00:00,52501.0,52515.0,52486.0,52494.0,97.0
2026-07-01 06:05:00,52495.0,52510.0,52495.0,52507.0,83.0
2026-07-01 06:10:00,52507.0,52515.0,52492.0,52492.0,59.0
2026-07-01 06:15:00,52492.0,52506.0,52491.0,52505.0,84.0
2026-07-01 06:20:00,52506.0,52520.0,52506.0,52516.0,73.0
2026-07-01 06:25:00,52512.0,52518.0,52492.0,52510.0,79.0
2026-07-01 06:30:00,52509.0,52514.0,52497.0,52506.0,49.0
2026-07-01 06:35:00,52504.0,52522.0,52504.0,52518.0,22.0
2026-07-01 06:40:00,52520.0,52528.0,52517.0,52519.0,59.0
2026-07-01 06:45:00,52521.0,52531.0,52518.0,52531.0,42.0
2026-07-01 06:50:00,52532.0,52532.0,52518.0,52518.0,33.0
2026-07-01 06:55:00,52516.0,52516.0,52503.0,52514.0,43.0
2026-07-01 07:00:00,52512.0,52533.0,52500.0,52507.0,180.0
2026-07-01 07:05:00,52505.0,52507.0,52483.0,52484.0,142.0
2026-07-01 07:10:00,52484.0,52484.0,52436.0,52455.0,272.0
2026-07-01 07:15:00,52451.0,52468.0,52427.0,52450.0,135.0
2026-07-01 07:20:00,52451.0,52482.0,52434.0,52469.0,113.0
2026-07-01 07:25:00,52472.0,52475.0,52463.0,52469.0,54.0
2026-07-01 07:30:00,52471.0,52486.0,52463.0,52486.0,76.0
2026-07-01 07:35:00,52486.0,52494.0,52472.0,52493.0,54.0
2026-07-01 07:40:00,52495.0,52495.0,52478.0,52478.0,50.0
2026-07-01 07:45:00,52483.0,52488.0,52472.0,52488.0,69.0
2026-07-01 07:50:00,52488.0,52491.0,52477.0,52489.0,59.0
2026-07-01 07:55:00,52491.0,52505.0,52489.0,52494.0,64.0
2026-07-01 08:00:00,52497.0,52504.0,52478.0,52492.0,134.0
2026-07-01 08:05:00,52492.0,52521.0,52480.0,52521.0,159.0
2026-07-01 08:10:00,52520.0,52524.0,52506.0,52510.0,111.0
2026-07-01 08:15:00,52512.0,52540.0,52512.0,52540.0,88.0
2026-07-01 08:20:00,52540.0,52545.0,52524.0,52540.0,92.0
2026-07-01 08:25:00,52540.0,52550.0,52537.0,52547.0,180.0
2026-07-01 08:30:00,52550.0,52559.0,52537.0,52559.0,132.0
2026-07-01 08:35:00,52557.0,52571.0,52554.0,52561.0,117.0
2026-07-01 08:40:00,52561.0,52570.0,52554.0,52562.0,45.0
2026-07-01 08:45:00,52562.0,52562.0,52541.0,52542.0,85.0
2026-07-01 08:50:00,52541.0,52553.0,52541.0,52551.0,69.0
2026-07-01 08:55:00,52552.0,52560.0,52549.0,52560.0,68.0
2026-07-01 09:00:00,52559.0,52562.0,52532.0,52533.0,73.0
2026-07-01 09:05:00,52533.0,52537.0,52526.0,52528.0,67.0
2026-07-01 09:10:00,52528.0,52542.0,52510.0,52539.0,73.0
2026-07-01 09:15:00,52536.0,52541.0,52528.0,52531.0,53.0
2026-07-01 09:20:00,52531.0,52543.0,52531.0,52538.0,46.0
2026-07-01 09:25:00,52536.0,52545.0,52523.0,52545.0,60.0
2026-07-01 09:30:00,52543.0,52557.0,52535.0,52553.0,86.0
2026-07-01 09:35:00,52555.0,52558.0,52552.0,52558.0,44.0
2026-07-01 09:40:00,52557.0,52558.0,52543.0,52545.0,68.0
2026-07-01 09:45:00,52544.0,52550.0,52531.0,52531.0,91.0
2026-07-01 09:50:00,52530.0,52542.0,52523.0,52542.0,76.0
2026-07-01 09:55:00,52538.0,52551.0,52531.0,52548.0,64.0
2026-07-01 10:00:00,52547.0,52557.0,52536.0,52536.0,87.0
2026-07-01 10:05:00,52538.0,52540.0,52519.0,52528.0,90.0
2026-07-01 10:10:00,52524.0,52524.0,52504.0,52523.0,102.0
2026-07-01 10:15:00,52527.0,52551.0,52527.0,52548.0,84.0
2026-07-01 10:20:00,52549.0,52563.0,52549.0,52556.0,49.0
2026-07-01 10:25:00,52558.0,52562.0,52551.0,52552.0,38.0
2026-07-01 10:30:00,52553.0,52573.0,52553.0,52562.0,260.0
2026-07-01 10:35:00,52565.0,52569.0,52560.0,52567.0,62.0
2026-07-01 10:40:00,52567.0,52570.0,52537.0,52545.0,161.0
2026-07-01 10:45:00,52545.0,52545.0,52538.0,52540.0,22.0
2026-07-01 10:50:00,52541.0,52552.0,52540.0,52540.0,32.0
2026-07-01 10:55:00,52552.0,52569.0,52552.0,52554.0,95.0
2026-07-01 11:00:00,52556.0,52578.0,52555.0,52565.0,99.0
2026-07-01 11:05:00,52565.0,52572.0,52560.0,52567.0,91.0
2026-07-01 11:10:00,52567.0,52571.0,52553.0,52561.0,47.0
2026-07-01 11:15:00,52562.0,52586.0,52559.0,52576.0,83.0
2026-07-01 11:20:00,52577.0,52582.0,52565.0,52571.0,55.0
2026-07-01 11:25:00,52569.0,52575.0,52561.0,52563.0,52.0
2026-07-01 11:30:00,52562.0,52564.0,52553.0,52553.0,72.0
2026-07-01 11:35:00,52552.0,52554.0,52521.0,52532.0,145.0
2026-07-01 11:40:00,52528.0,52538.0,52510.0,52529.0,196.0
2026-07-01 11:45:00,52528.0,52542.0,52520.0,52523.0,96.0
2026-07-01 11:50:00,52523.0,52527.0,52503.0,52505.0,217.0
2026-07-01 11:55:00,52508.0,52525.0,52508.0,52518.0,191.0
2026-07-01 12:00:00,52520.0,52525.0,52478.0,52480.0,311.0
2026-07-01 12:05:00,52476.0,52492.0,52473.0,52492.0,192.0
2026-07-01 12:10:00,52491.0,52517.0,52487.0,52508.0,200.0
2026-07-01 12:15:00,52513.0,52541.0,52512.0,52539.0,197.0
2026-07-01 12:20:00,52541.0,52542.0,52525.0,52528.0,177.0
2026-07-01 12:25:00,52528.0,52534.0,52515.0,52522.0,255.0
2026-07-01 12:30:00,52522.0,52533.0,52468.0,52468.0,513.0
2026-07-01 12:35:00,52469.0,52508.0,52461.0,52491.0,632.0
2026-07-01 12:40:00,52493.0,52508.0,52472.0,52484.0,415.0
2026-07-01 12:45:00,52485.0,52524.0,52478.0,52524.0,357.0
2026-07-01 12:50:00,52525.0,52546.0,52507.0,52531.0,343.0
2026-07-01 12:55:00,52529.0,52552.0,52520.0,52527.0,463.0
2026-07-01 13:00:00,52529.0,52570.0,52524.0,52528.0,582.0
2026-07-01 13:05:00,52528.0,52534.0,52490.0,52493.0,390.0
2026-07-01 13:10:00,52491.0,52526.0,52486.0,52512.0,508.0
2026-07-01 13:15:00,52516.0,52595.0,52508.0,52585.0,816.0
2026-07-01 13:20:00,52583.0,52609.0,52570.0,52600.0,488.0
2026-07-01 13:25:00,52599.0,52601.0,52526.0,52575.0,1384.0
2026-07-01 13:30:00,52573.0,52648.0,52401.0,52415.0,5927.0
2026-07-01 13:35:00,52416.0,52476.0,52381.0,52458.0,2923.0
2026-07-01 13:40:00,52454.0,52499.0,52433.0,52493.0,1817.0
2026-07-01 13:45:00,52493.0,52576.0,52480.0,52553.0,2222.0
2026-07-01 13:50:00,52552.0,52654.0,52544.0,52642.0,1538.0
2026-07-01 13:55:00,52641.0,52648.0,52603.0,52626.0,1105.0
2026-07-01 14:00:00,52643.0,52669.0,52588.0,52646.0,1127.0
2026-07-01 14:05:00,52647.0,52741.0,52641.0,52692.0,1797.0
2026-07-01 14:10:00,52698.0,52802.0,52693.0,52794.0,1331.0
2026-07-01 14:15:00,52795.0,52805.0,52718.0,52748.0,1270.0
2026-07-01 14:20:00,52748.0,52797.0,52736.0,52749.0,814.0
2026-07-01 14:25:00,52749.0,52767.0,52735.0,52753.0,578.0
2026-07-01 14:30:00,52755.0,52771.0,52723.0,52767.0,789.0
2026-07-01 14:35:00,52763.0,52791.0,52755.0,52773.0,596.0
2026-07-01 14:40:00,52768.0,52782.0,52739.0,52758.0,524.0
2026-07-01 14:45:00,52755.0,52774.0,52732.0,52759.0,688.0
2026-07-01 14:50:00,52763.0,52792.0,52733.0,52756.0,651.0
2026-07-01 14:55:00,52755.0,52807.0,52753.0,52803.0,665.0
2026-07-01 15:00:00,52805.0,52806.0,52760.0,52796.0,951.0
2026-07-01 15:05:00,52799.0,52845.0,52793.0,52811.0,904.0
2026-07-01 15:10:00,52812.0,52825.0,52778.0,52784.0,582.0
2026-07-01 15:15:00,52785.0,52820.0,52768.0,52813.0,956.0
2026-07-01 15:20:00,52815.0,52855.0,52800.0,52851.0,1015.0
2026-07-01 15:25:00,52851.0,52902.0,52841.0,52899.0,893.0
2026-07-01 15:30:00,52902.0,52905.0,52868.0,52868.0,912.0
2026-07-01 15:35:00,52869.0,52903.0,52863.0,52903.0,438.0
2026-07-01 15:40:00,52901.0,52946.0,52894.0,52942.0,853.0
2026-07-01 15:45:00,52941.0,52973.0,52941.0,52962.0,721.0
2026-07-01 15:50:00,52964.0,52987.0,52948.0,52981.0,643.0
2026-07-01 15:55:00,52981.0,52989.0,52957.0,52985.0,584.0
2026-07-01 16:00:00,52987.0,53014.0,52981.0,53011.0,642.0
2026-07-01 16:05:00,53010.0,53046.0,53002.0,53036.0,1023.0
2026-07-01 16:10:00,53034.0,53095.0,53030.0,53091.0,964.0
2026-07-01 16:15:00,53090.0,53105.0,53060.0,53067.0,1147.0
2026-07-01 16:20:00,53068.0,53070.0,53033.0,53053.0,745.0
2026-07-01 16:25:00,53053.0,53058.0,53030.0,53045.0,411.0
2026-07-01 16:30:00,53046.0,53075.0,53016.0,53018.0,582.0
2026-07-01 16:35:00,53019.0,53021.0,52994.0,52997.0,565.0
2026-07-01 16:40:00,52995.0,53003.0,52969.0,52986.0,510.0
2026-07-01 16:45:00,52986.0,52988.0,52938.0,52942.0,575.0
2026-07-01 16:50:00,52941.0,52953.0,52895.0,52909.0,928.0
2026-07-01 16:55:00,52908.0,52931.0,52864.0,52865.0,658.0
2026-07-01 17:00:00,52867.0,52897.0,52858.0,52866.0,653.0
2026-07-01 17:05:00,52865.0,52866.0,52809.0,52838.0,1010.0
2026-07-01 17:10:00,52839.0,52853.0,52828.0,52839.0,622.0
2026-07-01 17:15:00,52840.0,52849.0,52820.0,52839.0,417.0
2026-07-01 17:20:00,52841.0,52862.0,52829.0,52849.0,503.0
2026-07-01 17:25:00,52851.0,52870.0,52846.0,52848.0,313.0
2026-07-01 17:30:00,52847.0,52865.0,52817.0,52819.0,487.0
2026-07-01 17:35:00,52819.0,52840.0,52813.0,52831.0,267.0
2026-07-01 17:40:00,52827.0,52835.0,52786.0,52787.0,349.0
2026-07-01 17:45:00,52787.0,52798.0,52781.0,52784.0,312.0
2026-07-01 17:50:00,52785.0,52795.0,52760.0,52778.0,399.0
2026-07-01 17:55:00,52780.0,52781.0,52763.0,52769.0,299.0
2026-07-01 18:00:00,52769.0,52791.0,52764.0,52777.0,356.0
2026-07-01 18:05:00,52776.0,52776.0,52722.0,52732.0,420.0
2026-07-01 18:10:00,52730.0,52732.0,52714.0,52724.0,418.0
2026-07-01 18:15:00,52722.0,52728.0,52692.0,52725.0,480.0
2026-07-01 18:20:00,52726.0,52729.0,52708.0,52725.0,344.0
2026-07-01 18:25:00,52723.0,52726.0,52696.0,52710.0,335.0
2026-07-01 18:30:00,52710.0,52712.0,52691.0,52700.0,288.0
2026-07-01 18:35:00,52700.0,52728.0,52695.0,52719.0,346.0
2026-07-01 18:40:00,52719.0,52732.0,52714.0,52728.0,307.0
2026-07-01 18:45:00,52732.0,52737.0,52701.0,52720.0,640.0
2026-07-01 18:50:00,52719.0,52727.0,52700.0,52702.0,533.0
2026-07-01 18:55:00,52700.0,52729.0,52697.0,52722.0,384.0
2026-07-01 19:00:00,52725.0,52743.0,52717.0,52720.0,401.0
2026-07-01 19:05:00,52719.0,52730.0,52710.0,52712.0,444.0
2026-07-01 19:10:00,52711.0,52724.0,52697.0,52724.0,313.0
2026-07-01 19:15:00,52722.0,52747.0,52721.0,52738.0,426.0
2026-07-01 19:20:00,52737.0,52745.0,52726.0,52743.0,195.0
2026-07-01 19:25:00,52743.0,52744.0,52694.0,52695.0,405.0
2026-07-01 19:30:00,52696.0,52706.0,52673.0,52701.0,512.0
2026-07-01 19:35:00,52705.0,52720.0,52697.0,52713.0,673.0
2026-07-01 19:40:00,52712.0,52716.0,52691.0,52709.0,438.0
2026-07-01 19:45:00,52709.0,52718.0,52689.0,52712.0,495.0
2026-07-01 19:50:00,52713.0,52725.0,52689.0,52713.0,1098.0
2026-07-01 19:55:00,52712.0,52714.0,52654.0,52663.0,3035.0
2026-07-01 20:00:00,52663.0,52666.0,52591.0,52605.0,1106.0
2026-07-01 20:05:00,52606.0,52610.0,52581.0,52594.0,496.0
2026-07-01 20:10:00,52594.0,52623.0,52589.0,52611.0,359.0
2026-07-01 20:15:00,52610.0,52621.0,52597.0,52611.0,263.0
2026-07-01 20:20:00,52613.0,52622.0,52610.0,52619.0,77.0
2026-07-01 20:25:00,52622.0,52624.0,52601.0,52603.0,174.0
2026-07-01 20:30:00,52602.0,52605.0,52588.0,52593.0,75.0
2026-07-01 20:35:00,52587.0,52592.0,52569.0,52576.0,144.0
2026-07-01 20:40:00,52575.0,52586.0,52575.0,52586.0,107.0
2026-07-01 20:45:00,52588.0,52591.0,52580.0,52583.0,64.0
2026-07-01 20:50:00,52582.0,52595.0,52580.0,52587.0,51.0
2026-07-01 20:55:00,52592.0,52606.0,52590.0,52603.0,136.0
2026-07-01 22:00:00,52640.0,52640.0,52574.0,52592.0,0.0
2026-07-01 22:05:00,52587.0,52616.0,52585.0,52605.0,102.0
2026-07-01 22:10:00,52606.0,52606.0,52595.0,52595.0,25.0
2026-07-01 22:15:00,52599.0,52604.0,52599.0,52600.0,13.0
2026-07-01 22:20:00,52607.0,52618.0,52607.0,52613.0,36.0
2026-07-01 22:25:00,52610.0,52615.0,52603.0,52615.0,24.0
2026-07-01 22:30:00,52615.0,52615.0,52608.0,52612.0,46.0
2026-07-01 22:35:00,52613.0,52615.0,52610.0,52612.0,32.0
2026-07-01 22:40:00,52612.0,52617.0,52611.0,52614.0,29.0
2026-07-01 22:45:00,52612.0,52612.0,52605.0,52605.0,11.0
2026-07-01 22:50:00,52605.0,52610.0,52601.0,52607.0,11.0
2026-07-01 22:55:00,52606.0,52622.0,52606.0,52621.0,32.0
2026-07-01 23:00:00,52616.0,52619.0,52616.0,52617.0,10.0
2026-07-01 23:05:00,52617.0,52617.0,52612.0,52612.0,17.0
2026-07-01 23:10:00,52616.0,52621.0,52615.0,52621.0,18.0
2026-07-01 23:15:00,52621.0,52624.0,52618.0,52620.0,41.0
2026-07-01 23:20:00,52622.0,52625.0,52616.0,52619.0,22.0
2026-07-01 23:25:00,52621.0,52626.0,52619.0,52623.0,28.0
2026-07-01 23:30:00,52621.0,52626.0,52619.0,52620.0,22.0
2026-07-01 23:35:00,52620.0,52628.0,52616.0,52623.0,19.0
2026-07-01 23:40:00,52623.0,52624.0,52617.0,52623.0,28.0
2026-07-01 23:45:00,52623.0,52623.0,52587.0,52591.0,72.0
2026-07-01 23:50:00,52587.0,52608.0,52582.0,52601.0,76.0
2026-07-01 23:55:00,52603.0,52611.0,52600.0,52604.0,25.0
2026-07-02 00:00:00,52605.0,52609.0,52563.0,52565.0,291.0
2026-07-02 00:05:00,52563.0,52593.0,52562.0,52579.0,163.0
2026-07-02 00:10:00,52587.0,52596.0,52578.0,52586.0,91.0
2026-07-02 00:15:00,52595.0,52598.0,52587.0,52589.0,81.0
2026-07-02 00:20:00,52589.0,52613.0,52589.0,52606.0,55.0
2026-07-02 00:25:00,52604.0,52608.0,52599.0,52599.0,54.0
2026-07-02 00:30:00,52604.0,52604.0,52596.0,52603.0,41.0
2026-07-02 00:35:00,52604.0,52611.0,52593.0,52599.0,71.0
2026-07-02 00:40:00,52598.0,52600.0,52576.0,52581.0,88.0
2026-07-02 00:45:00,52584.0,52604.0,52580.0,52604.0,103.0
2026-07-02 00:50:00,52601.0,52615.0,52597.0,52615.0,80.0
2026-07-02 00:55:00,52614.0,52615.0,52602.0,52610.0,111.0
2026-07-02 01:00:00,52609.0,52620.0,52609.0,52620.0,81.0
2026-07-02 01:05:00,52621.0,52625.0,52614.0,52617.0,131.0
2026-07-02 01:10:00,52617.0,52636.0,52616.0,52633.0,115.0
2026-07-02 01:15:00,52635.0,52635.0,52619.0,52629.0,108.0
2026-07-02 01:20:00,52630.0,52634.0,52626.0,52626.0,85.0
2026-07-02 01:25:00,52628.0,52643.0,52626.0,52640.0,71.0
2026-07-02 01:30:00,52642.0,52665.0,52639.0,52653.0,145.0
2026-07-02 01:35:00,52655.0,52669.0,52649.0,52669.0,87.0
2026-07-02 01:40:00,52668.0,52687.0,52668.0,52678.0,82.0
2026-07-02 01:45:00,52679.0,52694.0,52673.0,52688.0,63.0
2026-07-02 01:50:00,52684.0,52688.0,52680.0,52680.0,46.0
2026-07-02 01:55:00,52682.0,52682.0,52676.0,52679.0,24.0
2026-07-02 02:00:00,52679.0,52689.0,52677.0,52685.0,76.0
2026-07-02 02:05:00,52684.0,52687.0,52678.0,52685.0,51.0
2026-07-02 02:10:00,52686.0,52700.0,52683.0,52700.0,43.0
2026-07-02 02:15:00,52702.0,52710.0,52699.0,52710.0,29.0
2026-07-02 02:20:00,52707.0,52714.0,52703.0,52707.0,41.0
2026-07-02 02:25:00,52706.0,52716.0,52706.0,52711.0,49.0
2026-07-02 02:30:00,52712.0,52713.0,52706.0,52708.0,34.0
2026-07-02 02:35:00,52707.0,52708.0,52702.0,52703.0,28.0
2026-07-02 02:40:00,52704.0,52707.0,52701.0,52704.0,28.0
2026-07-02 02:45:00,52703.0,52709.0,52703.0,52709.0,13.0
2026-07-02 02:50:00,52712.0,52718.0,52710.0,52717.0,51.0
2026-07-02 02:55:00,52719.0,52720.0,52715.0,52718.0,21.0
2026-07-02 03:00:00,52718.0,52719.0,52711.0,52715.0,30.0
2026-07-02 03:05:00,52714.0,52727.0,52711.0,52717.0,88.0
2026-07-02 03:10:00,52717.0,52717.0,52704.0,52714.0,53.0
2026-07-02 03:15:00,52715.0,52716.0,52707.0,52711.0,40.0
2026-07-02 03:20:00,52712.0,52712.0,52705.0,52710.0,76.0
2026-07-02 03:25:00,52711.0,52713.0,52706.0,52712.0,28.0
2026-07-02 03:30:00,52710.0,52735.0,52710.0,52728.0,55.0
2026-07-02 03:35:00,52727.0,52729.0,52717.0,52717.0,42.0
2026-07-02 03:40:00,52719.0,52719.0,52707.0,52718.0,138.0
2026-07-02 03:45:00,52718.0,52723.0,52714.0,52722.0,29.0
2026-07-02 03:50:00,52726.0,52728.0,52718.0,52724.0,24.0
2026-07-02 03:55:00,52721.0,52725.0,52720.0,52720.0,25.0
2026-07-02 04:00:00,52718.0,52719.0,52709.0,52709.0,33.0
2026-07-02 04:05:00,52709.0,52710.0,52701.0,52701.0,23.0
2026-07-02 04:10:00,52704.0,52704.0,52695.0,52696.0,34.0
2026-07-02 04:15:00,52696.0,52698.0,52692.0,52693.0,44.0
2026-07-02 04:20:00,52691.0,52697.0,52689.0,52693.0,44.0
2026-07-02 04:25:00,52693.0,52694.0,52686.0,52690.0,27.0
2026-07-02 04:30:00,52685.0,52686.0,52668.0,52668.0,33.0
2026-07-02 04:35:00,52670.0,52677.0,52666.0,52676.0,60.0
2026-07-02 04:40:00,52675.0,52676.0,52668.0,52670.0,68.0
2026-07-02 04:45:00,52670.0,52675.0,52669.0,52674.0,33.0
2026-07-02 04:50:00,52672.0,52684.0,52672.0,52684.0,28.0
2026-07-02 04:55:00,52691.0,52694.0,52686.0,52687.0,21.0
2026-07-02 05:00:00,52686.0,52688.0,52674.0,52685.0,163.0
2026-07-02 05:05:00,52690.0,52700.0,52690.0,52695.0,20.0
2026-07-02 05:10:00,52693.0,52695.0,52690.0,52693.0,26.0
2026-07-02 05:15:00,52696.0,52697.0,52695.0,52697.0,28.0
2026-07-02 05:20:00,52702.0,52703.0,52693.0,52697.0,27.0
2026-07-02 05:25:00,52695.0,52695.0,52683.0,52683.0,47.0
2026-07-02 05:30:00,52679.0,52681.0,52673.0,52675.0,81.0
2026-07-02 05:35:00,52673.0,52673.0,52661.0,52662.0,44.0
2026-07-02 05:40:00,52662.0,52664.0,52651.0,52659.0,39.0
2026-07-02 05:45:00,52659.0,52662.0,52651.0,52653.0,76.0
2026-07-02 05:50:00,52654.0,52660.0,52650.0,52651.0,52.0
2026-07-02 05:55:00,52653.0,52658.0,52652.0,52654.0,41.0
2026-07-02 06:00:00,52650.0,52664.0,52645.0,52645.0,85.0
2026-07-02 06:05:00,52650.0,52653.0,52635.0,52636.0,103.0
2026-07-02 06:10:00,52636.0,52638.0,52626.0,52632.0,123.0
2026-07-02 06:15:00,52636.0,52653.0,52635.0,52640.0,176.0
2026-07-02 06:20:00,52640.0,52648.0,52638.0,52646.0,63.0
2026-07-02 06:25:00,52643.0,52646.0,52623.0,52628.0,115.0
2026-07-02 06:30:00,52630.0,52645.0,52628.0,52638.0,73.0
2026-07-02 06:35:00,52638.0,52638.0,52629.0,52630.0,42.0
2026-07-02 06:40:00,52631.0,52633.0,52611.0,52616.0,85.0
2026-07-02 06:45:00,52614.0,52615.0,52597.0,52606.0,173.0
2026-07-02 06:50:00,52603.0,52607.0,52589.0,52589.0,147.0
2026-07-02 06:55:00,52591.0,52601.0,52591.0,52592.0,128.0
2026-07-02 07:00:00,52591.0,52600.0,52570.0,52571.0,254.0
2026-07-02 07:05:00,52571.0,52588.0,52551.0,52586.0,244.0
2026-07-02 07:10:00,52585.0,52598.0,52566.0,52568.0,169.0
2026-07-02 07:15:00,52568.0,52597.0,52564.0,52597.0,146.0
2026-07-02 07:20:00,52597.0,52602.0,52587.0,52593.0,122.0
2026-07-02 07:25:00,52593.0,52602.0,52586.0,52593.0,78.0
2026-07-02 07:30:00,52589.0,52589.0,52572.0,52582.0,116.0
2026-07-02 07:35:00,52582.0,52608.0,52580.0,52608.0,102.0
2026-07-02 07:40:00,52607.0,52649.0,52607.0,52644.0,89.0
2026-07-02 07:45:00,52642.0,52653.0,52636.0,52648.0,217.0
2026-07-02 07:50:00,52646.0,52648.0,52639.0,52642.0,76.0
2026-07-02 07:55:00,52644.0,52648.0,52629.0,52632.0,88.0
2026-07-02 08:00:00,52634.0,52637.0,52616.0,52635.0,196.0
2026-07-02 08:05:00,52636.0,52662.0,52635.0,52654.0,156.0
2026-07-02 08:10:00,52654.0,52657.0,52629.0,52636.0,101.0
2026-07-02 08:15:00,52636.0,52654.0,52632.0,52635.0,120.0
2026-07-02 08:20:00,52634.0,52678.0,52634.0,52676.0,121.0
2026-07-02 08:25:00,52676.0,52708.0,52672.0,52694.0,217.0
2026-07-02 08:30:00,52691.0,52700.0,52684.0,52692.0,207.0
2026-07-02 08:35:00,52694.0,52702.0,52686.0,52692.0,175.0
2026-07-02 08:40:00,52691.0,52695.0,52678.0,52683.0,79.0
2026-07-02 08:45:00,52682.0,52707.0,52680.0,52706.0,48.0
2026-07-02 08:50:00,52710.0,52720.0,52706.0,52709.0,140.0
2026-07-02 08:55:00,52706.0,52707.0,52683.0,52686.0,82.0
2026-07-02 09:00:00,52686.0,52686.0,52676.0,52680.0,48.0
2026-07-02 09:05:00,52677.0,52682.0,52662.0,52667.0,62.0
2026-07-02 09:10:00,52672.0,52681.0,52670.0,52676.0,66.0
2026-07-02 09:15:00,52676.0,52695.0,52669.0,52690.0,56.0
2026-07-02 09:20:00,52685.0,52701.0,52685.0,52701.0,31.0
2026-07-02 09:25:00,52701.0,52701.0,52685.0,52686.0,87.0
2026-07-02 09:30:00,52685.0,52696.0,52685.0,52692.0,150.0
2026-07-02 09:35:00,52694.0,52706.0,52693.0,52702.0,52.0
2026-07-02 09:40:00,52703.0,52712.0,52699.0,52705.0,54.0
2026-07-02 09:45:00,52699.0,52699.0,52681.0,52689.0,62.0
2026-07-02 09:50:00,52689.0,52702.0,52689.0,52701.0,64.0
2026-07-02 09:55:00,52703.0,52704.0,52691.0,52698.0,57.0
2026-07-02 10:00:00,52700.0,52700.0,52686.0,52686.0,103.0
2026-07-02 10:05:00,52685.0,52698.0,52681.0,52698.0,52.0
2026-07-02 10:10:00,52698.0,52703.0,52693.0,52703.0,60.0
2026-07-02 10:15:00,52703.0,52721.0,52701.0,52721.0,52.0
2026-07-02 10:20:00,52724.0,52726.0,52710.0,52721.0,68.0
2026-07-02 10:25:00,52720.0,52743.0,52720.0,52731.0,159.0
2026-07-02 10:30:00,52735.0,52751.0,52725.0,52748.0,149.0
2026-07-02 10:35:00,52748.0,52770.0,52748.0,52763.0,204.0
2026-07-02 10:40:00,52765.0,52771.0,52761.0,52765.0,51.0
2026-07-02 10:45:00,52768.0,52769.0,52746.0,52750.0,77.0
2026-07-02 10:50:00,52752.0,52756.0,52743.0,52756.0,28.0
2026-07-02 10:55:00,52756.0,52767.0,52750.0,52759.0,99.0
2026-07-02 11:00:00,52759.0,52775.0,52752.0,52767.0,215.0
2026-07-02 11:05:00,52768.0,52769.0,52752.0,52759.0,76.0
2026-07-02 11:10:00,52758.0,52771.0,52757.0,52771.0,71.0
2026-07-02 11:15:00,52772.0,52775.0,52751.0,52758.0,86.0
2026-07-02 11:20:00,52759.0,52767.0,52752.0,52762.0,51.0
2026-07-02 11:25:00,52760.0,52767.0,52756.0,52757.0,70.0
2026-07-02 11:30:00,52758.0,52765.0,52748.0,52754.0,107.0
2026-07-02 11:35:00,52755.0,52772.0,52753.0,52766.0,76.0
2026-07-02 11:40:00,52767.0,52769.0,52754.0,52754.0,101.0
2026-07-02 11:45:00,52751.0,52781.0,52751.0,52776.0,99.0
2026-07-02 11:50:00,52771.0,52774.0,52738.0,52740.0,179.0
2026-07-02 11:55:00,52739.0,52750.0,52729.0,52730.0,133.0
2026-07-02 12:00:00,52729.0,52737.0,52712.0,52735.0,213.0
2026-07-02 12:05:00,52738.0,52741.0,52715.0,52731.0,228.0
2026-07-02 12:10:00,52730.0,52738.0,52719.0,52738.0,225.0
2026-07-02 12:15:00,52738.0,52739.0,52716.0,52731.0,239.0
2026-07-02 12:20:00,52731.0,52758.0,52731.0,52748.0,184.0
2026-07-02 12:25:00,52751.0,52760.0,52715.0,52749.0,282.0
2026-07-02 12:30:00,52739.0,52876.0,52739.0,52857.0,1185.0
2026-07-02 12:35:00,52857.0,52894.0,52851.0,52878.0,503.0
2026-07-02 12:40:00,52878.0,52928.0,52878.0,52922.0,447.0
2026-07-02 12:45:00,52924.0,52945.0,52912.0,52939.0,363.0
2026-07-02 12:50:00,52942.0,52942.0,52896.0,52898.0,276.0
2026-07-02 12:55:00,52897.0,52901.0,52845.0,52868.0,426.0
2026-07-02 13:00:00,52872.0,52886.0,52804.0,52871.0,620.0
2026-07-02 13:05:00,52869.0,52869.0,52825.0,52826.0,270.0
2026-07-02 13:10:00,52830.0,52873.0,52829.0,52836.0,344.0
2026-07-02 13:15:00,52832.0,52835.0,52805.0,52834.0,308.0
2026-07-02 13:20:00,52836.0,52865.0,52826.0,52861.0,289.0
2026-07-02 13:25:00,52859.0,52967.0,52857.0,52956.0,1378.0
2026-07-02 13:30:00,52951.0,52984.0,52839.0,52875.0,4985.0
2026-07-02 13:35:00,52873.0,52924.0,52823.0,52924.0,2569.0
2026-07-02 13:40:00,52926.0,53054.0,52907.0,53022.0,2783.0
2026-07-02 13:45:00,53020.0,53109.0,53001.0,53078.0,2170.0
2026-07-02 13:50:00,53076.0,53127.0,53040.0,53046.0,1588.0
2026-07-02 13:55:00,53046.0,53075.0,53016.0,53032.0,1110.0
2026-07-02 14:00:00,53037.0,53053.0,52925.0,52958.0,1542.0
2026-07-02 14:05:00,52958.0,53020.0,52934.0,53000.0,1106.0
2026-07-02 14:10:00,53001.0,53098.0,52989.0,53097.0,1189.0
2026-07-02 14:15:00,53096.0,53141.0,53071.0,53103.0,1409.0
2026-07-02 14:20:00,53103.0,53103.0,53027.0,53036.0,1013.0
2026-07-02 14:25:00,53035.0,53055.0,52966.0,52970.0,1604.0
2026-07-02 14:30:00,52968.0,53096.0,52954.0,53049.0,1436.0
2026-07-02 14:35:00,53049.0,53104.0,53007.0,53083.0,1169.0
2026-07-02 14:40:00,53086.0,53100.0,52969.0,53000.0,1509.0
2026-07-02 14:45:00,53001.0,53045.0,52976.0,53042.0,1155.0
2026-07-02 14:50:00,53044.0,53096.0,53008.0,53039.0,1163.0
2026-07-02 14:55:00,53039.0,53115.0,53030.0,53115.0,949.0
2026-07-02 15:00:00,53116.0,53119.0,53055.0,53056.0,813.0
2026-07-02 15:05:00,53056.0,53062.0,52921.0,52991.0,1768.0
2026-07-02 15:10:00,52990.0,53103.0,52969.0,53068.0,1178.0
2026-07-02 15:15:00,53069.0,53083.0,52949.0,52958.0,1095.0
2026-07-02 15:20:00,52958.0,53062.0,52958.0,53059.0,1061.0
2026-07-02 15:25:00,53057.0,53067.0,52976.0,52977.0,1016.0
2026-07-02 15:30:00,52976.0,53051.0,52971.0,53009.0,816.0
2026-07-02 15:35:00,53009.0,53053.0,53000.0,53022.0,811.0
2026-07-02 15:40:00,53021.0,53040.0,53000.0,53012.0,806.0
2026-07-02 15:45:00,53010.0,53029.0,52977.0,52990.0,544.0
2026-07-02 15:50:00,52990.0,52991.0,52950.0,52977.0,700.0
2026-07-02 15:55:00,52980.0,53016.0,52952.0,53009.0,573.0
2026-07-02 16:00:00,53009.0,53032.0,52971.0,53011.0,662.0
2026-07-02 16:05:00,53010.0,53032.0,52994.0,53018.0,511.0
2026-07-02 16:10:00,53017.0,53039.0,53007.0,53017.0,516.0
2026-07-02 16:15:00,53019.0,53029.0,52998.0,53002.0,349.0
2026-07-02 16:20:00,53002.0,53002.0,52960.0,52962.0,687.0
2026-07-02 16:25:00,52962.0,52987.0,52960.0,52977.0,601.0
2026-07-02 16:30:00,52977.0,52980.0,52940.0,52956.0,709.0
2026-07-02 16:35:00,52951.0,52989.0,52922.0,52959.0,716.0
2026-07-02 16:40:00,52959.0,52985.0,52947.0,52970.0,596.0
2026-07-02 16:45:00,52970.0,52995.0,52941.0,52986.0,463.0
2026-07-02 16:50:00,52986.0,53018.0,52967.0,53003.0,427.0
2026-07-02 16:55:00,53004.0,53004.0,52947.0,52958.0,456.0
2026-07-02 17:00:00,52957.0,52961.0,52835.0,52858.0,1079.0
2026-07-02 17:05:00,52857.0,52889.0,52825.0,52866.0,789.0
2026-07-02 17:10:00,52863.0,52901.0,52854.0,52890.0,498.0
2026-07-02 17:15:00,52886.0,52914.0,52864.0,52872.0,644.0
2026-07-02 17:20:00,52869.0,52887.0,52846.0,52849.0,341.0
2026-07-02 17:25:00,52849.0,52862.0,52835.0,52853.0,410.0
2026-07-02 17:30:00,52851.0,52885.0,52845.0,52848.0,527.0
2026-07-02 17:35:00,52850.0,52857.0,52792.0,52805.0,660.0
2026-07-02 17:40:00,52809.0,52822.0,52777.0,52814.0,486.0
2026-07-02 17:45:00,52813.0,52815.0,52772.0,52800.0,370.0
2026-07-02 17:50:00,52800.0,52829.0,52781.0,52812.0,445.0
2026-07-02 17:55:00,52812.0,52818.0,52768.0,52786.0,317.0
2026-07-02 18:00:00,52785.0,52838.0,52766.0,52836.0,464.0
2026-07-02 18:05:00,52837.0,52917.0,52834.0,52915.0,897.0
2026-07-02 18:10:00,52914.0,52940.0,52898.0,52905.0,480.0
2026-07-02 18:15:00,52907.0,52912.0,52852.0,52880.0,615.0
2026-07-02 18:20:00,52881.0,52913.0,52880.0,52903.0,242.0
2026-07-02 18:25:00,52907.0,52935.0,52901.0,52935.0,290.0
2026-07-02 18:30:00,52934.0,52989.0,52933.0,52981.0,795.0
2026-07-02 18:35:00,52980.0,53012.0,52980.0,53006.0,606.0
2026-07-02 18:40:00,53006.0,53038.0,52997.0,53020.0,460.0
2026-07-02 18:45:00,53017.0,53027.0,52996.0,53025.0,378.0
2026-07-02 18:50:00,53026.0,53027.0,52985.0,52990.0,323.0
2026-07-02 18:55:00,52986.0,53006.0,52981.0,52998.0,221.0
2026-07-02 19:00:00,53000.0,53006.0,52935.0,52939.0,535.0
2026-07-02 19:05:00,52941.0,52972.0,52917.0,52957.0,915.0
2026-07-02 19:10:00,52957.0,52968.0,52937.0,52945.0,427.0
2026-07-02 19:15:00,52945.0,52949.0,52914.0,52931.0,432.0
2026-07-02 19:20:00,52932.0,52956.0,52921.0,52947.0,395.0
2026-07-02 19:25:00,52947.0,52982.0,52943.0,52956.0,703.0
2026-07-02 19:30:00,52958.0,52990.0,52947.0,52987.0,605.0
2026-07-02 19:35:00,52985.0,53032.0,52982.0,53032.0,544.0
2026-07-02 19:40:00,53031.0,53064.0,53018.0,53056.0,596.0
2026-07-02 19:45:00,53059.0,53080.0,53048.0,53070.0,938.0
2026-07-02 19:50:00,53071.0,53149.0,53062.0,53139.0,2086.0
2026-07-02 19:55:00,53142.0,53218.0,53131.0,53172.0,5230.0
2026-07-02 20:00:00,53172.0,53179.0,53148.0,53148.0,1314.0
2026-07-02 20:05:00,53149.0,53168.0,53139.0,53161.0,360.0
2026-07-02 20:10:00,53162.0,53170.0,53150.0,53164.0,250.0
2026-07-02 20:15:00,53167.0,53167.0,53150.0,53155.0,242.0
2026-07-02 20:20:00,53156.0,53163.0,53147.0,53154.0,131.0
2026-07-02 20:25:00,53154.0,53158.0,53151.0,53155.0,144.0
2026-07-02 20:30:00,53153.0,53162.0,53148.0,53159.0,156.0
2026-07-02 20:35:00,53159.0,53165.0,53154.0,53157.0,133.0
2026-07-02 20:40:00,53157.0,53160.0,53140.0,53144.0,87.0
2026-07-02 20:45:00,53146.0,53158.0,53145.0,53156.0,158.0
2026-07-02 20:50:00,53160.0,53161.0,53148.0,53148.0,170.0
2026-07-02 20:55:00,53146.0,53177.0,53140.0,53169.0,154.0
2026-07-02 22:00:00,53152.0,53168.0,53144.0,53154.0,0.0
2026-07-02 22:05:00,53156.0,53169.0,53154.0,53158.0,53.0
2026-07-02 22:10:00,53154.0,53162.0,53134.0,53157.0,91.0
2026-07-02 22:15:00,53157.0,53167.0,53157.0,53164.0,29.0
2026-07-02 22:20:00,53163.0,53169.0,53162.0,53162.0,21.0
2026-07-02 22:25:00,53160.0,53173.0,53160.0,53166.0,10.0
2026-07-02 22:30:00,53165.0,53169.0,53157.0,53169.0,26.0
2026-07-02 22:35:00,53168.0,53180.0,53168.0,53180.0,18.0
2026-07-02 22:40:00,53180.0,53189.0,53180.0,53189.0,19.0
2026-07-02 22:45:00,53186.0,53190.0,53181.0,53184.0,18.0
2026-07-02 22:50:00,53185.0,53185.0,53179.0,53179.0,5.0
2026-07-02 22:55:00,53182.0,53195.0,53182.0,53193.0,12.0
2026-07-02 23:00:00,53191.0,53194.0,53190.0,53193.0,34.0
2026-07-02 23:05:00,53190.0,53193.0,53188.0,53192.0,24.0
2026-07-02 23:10:00,53185.0,53187.0,53178.0,53186.0,16.0
2026-07-02 23:15:00,53185.0,53197.0,53185.0,53197.0,31.0
2026-07-02 23:20:00,53197.0,53213.0,53195.0,53207.0,104.0
2026-07-02 23:25:00,53212.0,53225.0,53211.0,53213.0,71.0
2026-07-02 23:30:00,53209.0,53217.0,53198.0,53214.0,67.0
2026-07-02 23:35:00,53213.0,53218.0,53209.0,53210.0,32.0
2026-07-02 23:40:00,53208.0,53215.0,53203.0,53207.0,27.0
2026-07-02 23:45:00,53205.0,53226.0,53205.0,53224.0,49.0
2026-07-02 23:50:00,53221.0,53226.0,53215.0,53218.0,37.0
2026-07-02 23:55:00,53213.0,53220.0,53213.0,53220.0,33.0
2026-07-03 00:00:00,53218.0,53230.0,53190.0,53207.0,231.0
2026-07-03 00:05:00,53210.0,53220.0,53195.0,53206.0,92.0
2026-07-03 00:10:00,53205.0,53238.0,53200.0,53233.0,110.0
2026-07-03 00:15:00,53231.0,53240.0,53228.0,53240.0,109.0
2026-07-03 00:20:00,53241.0,53245.0,53235.0,53236.0,69.0
2026-07-03 00:25:00,53239.0,53250.0,53234.0,53246.0,99.0
2026-07-03 00:30:00,53242.0,53252.0,53229.0,53249.0,80.0
2026-07-03 00:35:00,53248.0,53278.0,53248.0,53273.0,83.0
2026-07-03 00:40:00,53273.0,53275.0,53263.0,53273.0,65.0
2026-07-03 00:45:00,53270.0,53277.0,53268.0,53272.0,63.0
2026-07-03 00:50:00,53274.0,53274.0,53258.0,53264.0,44.0
2026-07-03 00:55:00,53269.0,53269.0,53256.0,53262.0,87.0
2026-07-03 01:00:00,53264.0,53302.0,53256.0,53291.0,156.0
2026-07-03 01:05:00,53291.0,53332.0,53289.0,53324.0,255.0
2026-07-03 01:10:00,53320.0,53340.0,53317.0,53335.0,121.0
2026-07-03 01:15:00,53334.0,53356.0,53330.0,53345.0,110.0
2026-07-03 01:20:00,53347.0,53382.0,53346.0,53379.0,107.0
2026-07-03 01:25:00,53379.0,53383.0,53374.0,53377.0,84.0
2026-07-03 01:30:00,53375.0,53396.0,53370.0,53396.0,96.0
2026-07-03 01:35:00,53397.0,53400.0,53382.0,53391.0,69.0
2026-07-03 01:40:00,53392.0,53396.0,53382.0,53389.0,58.0
2026-07-03 01:45:00,53388.0,53388.0,53363.0,53366.0,73.0
2026-07-03 01:50:00,53367.0,53372.0,53354.0,53358.0,64.0
2026-07-03 01:55:00,53362.0,53364.0,53351.0,53353.0,52.0
2026-07-03 02:00:00,53357.0,53367.0,53357.0,53364.0,92.0
2026-07-03 02:05:00,53364.0,53371.0,53362.0,53367.0,59.0
2026-07-03 02:10:00,53368.0,53369.0,53349.0,53349.0,52.0
2026-07-03 02:15:00,53348.0,53355.0,53337.0,53337.0,33.0
2026-07-03 02:20:00,53337.0,53345.0,53335.0,53335.0,42.0
2026-07-03 02:25:00,53335.0,53337.0,53326.0,53333.0,99.0
2026-07-03 02:30:00,53333.0,53334.0,53325.0,53329.0,50.0
2026-07-03 02:35:00,53327.0,53329.0,53321.0,53324.0,46.0
2026-07-03 02:40:00,53323.0,53323.0,53315.0,53316.0,44.0
2026-07-03 02:45:00,53315.0,53325.0,53315.0,53325.0,40.0
2026-07-03 02:50:00,53323.0,53328.0,53321.0,53327.0,44.0
2026-07-03 02:55:00,53326.0,53336.0,53325.0,53336.0,36.0
2026-07-03 03:00:00,53334.0,53334.0,53318.0,53319.0,80.0
2026-07-03 03:05:00,53319.0,53323.0,53310.0,53312.0,54.0
2026-07-03 03:10:00,53310.0,53310.0,53302.0,53307.0,36.0
2026-07-03 03:15:00,53310.0,53310.0,53302.0,53304.0,41.0
2026-07-03 03:20:00,53307.0,53323.0,53307.0,53320.0,38.0
2026-07-03 03:25:00,53320.0,53331.0,53314.0,53331.0,45.0
2026-07-03 03:30:00,53337.0,53340.0,53329.0,53331.0,53.0
2026-07-03 03:35:00,53331.0,53334.0,53321.0,53323.0,20.0
2026-07-03 03:40:00,53323.0,53326.0,53315.0,53315.0,40.0
2026-07-03 03:45:00,53315.0,53328.0,53312.0,53325.0,40.0
2026-07-03 03:50:00,53324.0,53332.0,53324.0,53328.0,14.0
2026-07-03 03:55:00,53328.0,53339.0,53328.0,53336.0,19.0
2026-07-05 22:00:00,53230.0,53231.0,53172.0,53178.0,47.0
2026-07-05 22:05:00,53171.0,53172.0,53153.0,53159.0,22.0
2026-07-05 22:10:00,53157.0,53160.0,53140.0,53149.0,44.0
2026-07-05 22:15:00,53153.0,53165.0,53148.0,53163.0,48.0
2026-07-05 22:20:00,53158.0,53170.0,53153.0,53164.0,56.0
2026-07-05 22:25:00,53159.0,53166.0,53152.0,53162.0,26.0
2026-07-05 22:30:00,53167.0,53180.0,53162.0,53179.0,25.0
2026-07-05 22:35:00,53179.0,53181.0,53171.0,53180.0,25.0
2026-07-05 22:40:00,53182.0,53186.0,53176.0,53180.0,28.0
2026-07-05 22:45:00,53188.0,53197.0,53187.0,53197.0,42.0
2026-07-05 22:50:00,53194.0,53194.0,53162.0,53162.0,42.0
2026-07-05 22:55:00,53182.0,53183.0,53173.0,53182.0,31.0
2026-07-05 23:00:00,53181.0,53185.0,53172.0,53185.0,43.0
2026-07-05 23:05:00,53188.0,53200.0,53188.0,53198.0,31.0
2026-07-05 23:10:00,53195.0,53207.0,53190.0,53203.0,119.0
2026-07-05 23:15:00,53203.0,53215.0,53162.0,53210.0,33.0
2026-07-05 23:20:00,53209.0,53216.0,53201.0,53201.0,30.0
2026-07-05 23:25:00,53201.0,53206.0,53199.0,53202.0,39.0
2026-07-05 23:30:00,53205.0,53218.0,53205.0,53212.0,47.0
2026-07-05 23:35:00,53213.0,53217.0,53209.0,53212.0,27.0
2026-07-05 23:40:00,53211.0,53213.0,53162.0,53210.0,31.0
2026-07-05 23:45:00,53208.0,53227.0,53201.0,53225.0,33.0
2026-07-05 23:50:00,53223.0,53244.0,53223.0,53236.0,88.0
2026-07-05 23:55:00,53234.0,53257.0,53231.0,53255.0,96.0
2026-07-06 00:00:00,53257.0,53258.0,53204.0,53241.0,317.0
2026-07-06 00:05:00,53239.0,53269.0,53162.0,53260.0,133.0
2026-07-06 00:10:00,53258.0,53269.0,53249.0,53264.0,89.0
2026-07-06 00:15:00,53263.0,53296.0,53263.0,53269.0,157.0
2026-07-06 00:20:00,53268.0,53272.0,53245.0,53246.0,123.0
2026-07-06 00:25:00,53253.0,53254.0,53225.0,53244.0,133.0
2026-07-06 00:30:00,53243.0,53265.0,53162.0,53246.0,270.0
2026-07-06 00:35:00,53246.0,53253.0,53236.0,53253.0,67.0
2026-07-06 00:40:00,53256.0,53263.0,53246.0,53251.0,93.0
2026-07-06 00:45:00,53255.0,53270.0,53255.0,53269.0,91.0
2026-07-06 00:50:00,53270.0,53287.0,53265.0,53281.0,105.0
2026-07-06 00:55:00,53283.0,53291.0,53162.0,53275.0,89.0
2026-07-06 01:00:00,53275.0,53277.0,53256.0,53257.0,66.0
2026-07-06 01:05:00,53252.0,53260.0,53245.0,53250.0,59.0
2026-07-06 01:10:00,53250.0,53263.0,53238.0,53258.0,78.0
2026-07-06 01:15:00,53258.0,53269.0,53162.0,53162.0,92.0
2026-07-06 01:20:00,53266.0,53273.0,53162.0,53254.0,93.0
2026-07-06 01:25:00,53257.0,53257.0,53231.0,53248.0,201.0
2026-07-06 01:30:00,53252.0,53263.0,53250.0,53257.0,87.0
2026-07-06 01:35:00,53256.0,53268.0,53252.0,53268.0,74.0
2026-07-06 01:40:00,53269.0,53272.0,53256.0,53256.0,64.0
2026-07-06 01:45:00,53256.0,53256.0,53162.0,53232.0,82.0
2026-07-06 01:50:00,53232.0,53239.0,53220.0,53239.0,124.0
2026-07-06 01:55:00,53237.0,53251.0,53235.0,53240.0,51.0
2026-07-06 02:00:00,53242.0,53248.0,53227.0,53233.0,134.0
2026-07-06 02:05:00,53234.0,53234.0,53162.0,53162.0,35.0
2026-07-06 02:10:00,53221.0,53224.0,53201.0,53205.0,48.0
2026-07-06 02:15:00,53206.0,53221.0,53196.0,53211.0,106.0
2026-07-06 02:20:00,53208.0,53214.0,53205.0,53208.0,43.0
2026-07-06 02:25:00,53212.0,53220.0,53209.0,53213.0,39.0
2026-07-06 02:30:00,53212.0,53212.0,53162.0,53190.0,88.0
2026-07-06 02:35:00,53191.0,53193.0,53162.0,53184.0,44.0
2026-07-06 02:40:00,53181.0,53190.0,53174.0,53187.0,122.0
2026-07-06 02:45:00,53188.0,53205.0,53188.0,53201.0,117.0
2026-07-06 02:50:00,53198.0,53200.0,53188.0,53191.0,40.0
2026-07-06 02:55:00,53193.0,53199.0,53162.0,53162.0,44.0
2026-07-06 03:00:00,53190.0,53190.0,53178.0,53180.0,118.0
2026-07-06 03:05:00,53181.0,53185.0,53177.0,53183.0,42.0
2026-07-06 03:10:00,53183.0,53185.0,53159.0,53167.0,106.0
2026-07-06 03:15:00,53169.0,53178.0,53168.0,53172.0,42.0
2026-07-06 03:20:00,53172.0,53176.0,53162.0,53162.0,44.0
2026-07-06 03:25:00,53170.0,53177.0,53168.0,53175.0,24.0
2026-07-06 03:30:00,53176.0,53182.0,53168.0,53172.0,77.0
2026-07-06 03:35:00,53172.0,53179.0,53170.0,53175.0,31.0
2026-07-06 03:40:00,53175.0,53175.0,53165.0,53165.0,50.0
2026-07-06 03:45:00,53164.0,53174.0,53162.0,53163.0,65.0
2026-07-06 03:50:00,53164.0,53165.0,53153.0,53156.0,122.0
2026-07-06 03:55:00,53159.0,53165.0,53154.0,53162.0,45.0
2026-07-06 04:00:00,53165.0,53165.0,53148.0,53156.0,115.0
2026-07-06 04:05:00,53156.0,53158.0,53151.0,53151.0,33.0
2026-07-06 04:10:00,53152.0,53175.0,53150.0,53174.0,47.0
2026-07-06 04:15:00,53175.0,53176.0,53162.0,53163.0,52.0
2026-07-06 04:20:00,53164.0,53170.0,53161.0,53168.0,44.0
2026-07-06 04:25:00,53165.0,53173.0,53165.0,53171.0,24.0
2026-07-06 04:30:00,53171.0,53178.0,53169.0,53169.0,52.0
2026-07-06 04:35:00,53170.0,53174.0,53162.0,53171.0,47.0
2026-07-06 04:40:00,53173.0,53181.0,53170.0,53177.0,40.0
2026-07-06 04:45:00,53177.0,53180.0,53173.0,53174.0,26.0
2026-07-06 04:50:00,53174.0,53182.0,53170.0,53181.0,68.0
2026-07-06 04:55:00,53182.0,53192.0,53180.0,53180.0,38.0
2026-07-06 05:00:00,53183.0,53184.0,53162.0,53175.0,44.0
2026-07-06 05:05:00,53173.0,53194.0,53171.0,53190.0,66.0
2026-07-06 05:10:00,53190.0,53196.0,53186.0,53194.0,40.0
2026-07-06 05:15:00,53194.0,53207.0,53194.0,53206.0,51.0
2026-07-06 05:20:00,53204.0,53204.0,53186.0,53199.0,57.0
2026-07-06 05:25:00,53197.0,53200.0,53162.0,53195.0,64.0
2026-07-06 05:30:00,53193.0,53193.0,53170.0,53174.0,66.0
2026-07-06 05:35:00,53174.0,53189.0,53173.0,53186.0,44.0
2026-07-06 05:40:00,53189.0,53213.0,53189.0,53202.0,67.0
2026-07-06 05:45:00,53203.0,53203.0,53192.0,53192.0,24.0
2026-07-06 05:50:00,53195.0,53206.0,53162.0,53205.0,33.0
2026-07-06 05:55:00,53202.0,53204.0,53179.0,53180.0,26.0
2026-07-06 06:00:00,53182.0,53194.0,53181.0,53194.0,87.0
2026-07-06 06:05:00,53196.0,53200.0,53192.0,53197.0,81.0
2026-07-06 06:10:00,53192.0,53193.0,53173.0,53173.0,60.0
2026-07-06 06:15:00,53172.0,53186.0,53162.0,53182.0,39.0
2026-07-06 06:20:00,53179.0,53182.0,53174.0,53182.0,22.0
2026-07-06 06:25:00,53187.0,53201.0,53187.0,53197.0,42.0
2026-07-06 06:30:00,53196.0,53199.0,53189.0,53190.0,57.0
2026-07-06 06:35:00,53192.0,53196.0,53183.0,53188.0,59.0
2026-07-06 06:40:00,53189.0,53195.0,53162.0,53188.0,59.0
2026-07-06 06:45:00,53188.0,53190.0,53182.0,53184.0,23.0
2026-07-06 06:50:00,53184.0,53189.0,53182.0,53182.0,20.0
2026-07-06 06:55:00,53185.0,53195.0,53184.0,53195.0,41.0
2026-07-06 07:00:00,53196.0,53206.0,53189.0,53204.0,257.0
2026-07-06 07:05:00,53208.0,53226.0,53162.0,53222.0,111.0
2026-07-06 07:10:00,53221.0,53233.0,53220.0,53231.0,98.0
2026-07-06 07:15:00,53235.0,53245.0,53221.0,53245.0,67.0
2026-07-06 07:20:00,53243.0,53249.0,53227.0,53232.0,59.0
2026-07-06 07:25:00,53233.0,53235.0,53217.0,53219.0,109.0
2026-07-06 07:30:00,53222.0,53234.0,53162.0,53230.0,82.0
2026-07-06 07:35:00,53234.0,53239.0,53226.0,53227.0,52.0
2026-07-06 07:40:00,53233.0,53265.0,53233.0,53264.0,82.0
2026-07-06 07:45:00,53265.0,53268.0,53258.0,53267.0,73.0
2026-07-06 07:50:00,53266.0,53284.0,53266.0,53283.0,107.0
2026-07-06 07:55:00,53284.0,53299.0,53162.0,53294.0,97.0
2026-07-06 08:00:00,53291.0,53310.0,53279.0,53293.0,257.0
2026-07-06 08:05:00,53292.0,53300.0,53282.0,53290.0,115.0
2026-07-06 08:10:00,53289.0,53295.0,53266.0,53272.0,181.0
2026-07-06 08:15:00,53276.0,53280.0,53267.0,53278.0,70.0
2026-07-06 08:20:00,53285.0,53290.0,53162.0,53285.0,58.0
2026-07-06 08:25:00,53284.0,53288.0,53280.0,53288.0,50.0
2026-07-06 08:30:00,53286.0,53287.0,53266.0,53266.0,84.0
2026-07-06 08:35:00,53266.0,53269.0,53245.0,53247.0,66.0
2026-07-06 08:40:00,53248.0,53257.0,53248.0,53251.0,49.0
2026-07-06 08:45:00,53249.0,53249.0,53162.0,53241.0,70.0
2026-07-06 08:50:00,53243.0,53244.0,53222.0,53230.0,192.0
2026-07-06 08:55:00,53229.0,53248.0,53225.0,53240.0,134.0
2026-07-06 09:00:00,53241.0,53242.0,53225.0,53226.0,82.0
2026-07-06 09:05:00,53222.0,53227.0,53212.0,53212.0,111.0
2026-07-06 09:10:00,53214.0,53215.0,53162.0,53207.0,127.0
2026-07-06 09:15:00,53207.0,53212.0,53195.0,53195.0,40.0
2026-07-06 09:20:00,53195.0,53209.0,53186.0,53203.0,85.0
2026-07-06 09:25:00,53209.0,53223.0,53209.0,53221.0,70.0
2026-07-06 09:30:00,53222.0,53222.0,53199.0,53205.0,76.0
2026-07-06 09:35:00,53206.0,53220.0,53162.0,53216.0,43.0
2026-07-06 09:40:00,53215.0,53216.0,53210.0,53211.0,47.0
2026-07-06 09:45:00,53206.0,53206.0,53178.0,53182.0,77.0
2026-07-06 09:50:00,53181.0,53216.0,53181.0,53214.0,88.0
2026-07-06 09:55:00,53214.0,53216.0,53204.0,53206.0,71.0
2026-07-06 10:00:00,53206.0,53217.0,53162.0,53192.0,87.0
2026-07-06 10:05:00,53187.0,53197.0,53186.0,53194.0,61.0
2026-07-06 10:10:00,53192.0,53222.0,53192.0,53222.0,47.0
2026-07-06 10:15:00,53223.0,53238.0,53223.0,53236.0,61.0
2026-07-06 10:20:00,53234.0,53241.0,53222.0,53222.0,66.0
2026-07-06 10:25:00,53221.0,53222.0,53162.0,53208.0,64.0
2026-07-06 10:30:00,53209.0,53219.0,53208.0,53216.0,43.0
2026-07-06 10:35:00,53213.0,53224.0,53209.0,53209.0,77.0
2026-07-06 10:40:00,53208.0,53210.0,53177.0,53178.0,109.0
2026-07-06 10:45:00,53177.0,53193.0,53164.0,53187.0,168.0
2026-07-06 10:50:00,53185.0,53188.0,53162.0,53186.0,47.0
2026-07-06 10:55:00,53188.0,53193.0,53182.0,53185.0,48.0
2026-07-06 11:00:00,53186.0,53205.0,53172.0,53180.0,174.0
2026-07-06 11:05:00,53180.0,53180.0,53155.0,53156.0,194.0
2026-07-06 11:10:00,53158.0,53175.0,53155.0,53164.0,82.0
2026-07-06 11:15:00,53165.0,53169.0,53161.0,53168.0,99.0
2026-07-06 11:20:00,53167.0,53167.0,53145.0,53150.0,105.0
2026-07-06 11:25:00,53149.0,53154.0,53129.0,53136.0,166.0
2026-07-06 11:30:00,53136.0,53157.0,53126.0,53157.0,158.0
2026-07-06 11:35:00,53156.0,53160.0,53146.0,53154.0,133.0
2026-07-06 11:40:00,53162.0,53171.0,53156.0,53159.0,110.0
2026-07-06 11:45:00,53161.0,53166.0,53144.0,53145.0,104.0
2026-07-06 11:50:00,53144.0,53149.0,53115.0,53116.0,166.0
2026-07-06 11:55:00,53115.0,53124.0,53107.0,53118.0,203.0
2026-07-06 12:00:00,53117.0,53162.0,53099.0,53139.0,469.0
2026-07-06 12:05:00,53139.0,53162.0,53115.0,53117.0,144.0
2026-07-06 12:10:00,53116.0,53129.0,53107.0,53126.0,132.0
2026-07-06 12:15:00,53126.0,53155.0,53125.0,53138.0,158.0
2026-07-06 12:20:00,53139.0,53142.0,53105.0,53112.0,301.0
2026-07-06 12:25:00,53111.0,53162.0,53111.0,53124.0,363.0
2026-07-06 12:30:00,53121.0,53146.0,53121.0,53131.0,180.0
2026-07-06 12:35:00,53129.0,53164.0,53129.0,53154.0,215.0
2026-07-06 12:40:00,53154.0,53158.0,53141.0,53147.0,79.0
2026-07-06 12:45:00,53149.0,53152.0,53133.0,53133.0,50.0
2026-07-06 12:50:00,53136.0,53147.0,53135.0,53146.0,60.0
2026-07-06 12:55:00,53146.0,53162.0,53132.0,53132.0,36.0
2026-07-06 13:00:00,53138.0,53138.0,53093.0,53100.0,213.0
2026-07-06 13:05:00,53102.0,53110.0,53098.0,53103.0,129.0
2026-07-06 13:10:00,53101.0,53111.0,53084.0,53093.0,292.0
2026-07-06 13:15:00,53093.0,53162.0,53076.0,53095.0,330.0
2026-07-06 13:20:00,53094.0,53107.0,53078.0,53095.0,301.0
2026-07-06 13:25:00,53094.0,53266.0,53082.0,53266.0,1251.0
2026-07-06 13:30:00,53260.0,53382.0,53255.0,53347.0,6048.0
2026-07-06 13:35:00,53348.0,53348.0,53166.0,53185.0,2997.0
2026-07-06 13:40:00,53185.0,53205.0,53117.0,53167.0,1706.0
2026-07-06 13:45:00,53176.0,53205.0,53136.0,53171.0,1259.0
2026-07-06 13:50:00,53173.0,53195.0,53065.0,53105.0,1554.0
2026-07-06 13:55:00,53102.0,53114.0,53039.0,53072.0,1256.0
2026-07-06 14:00:00,53072.0,53090.0,53015.0,53026.0,1211.0
2026-07-06 14:05:00,53026.0,53162.0,52962.0,52972.0,1599.0
2026-07-06 14:10:00,52972.0,53075.0,52967.0,53072.0,1415.0
2026-07-06 14:15:00,53071.0,53082.0,53037.0,53068.0,1190.0
2026-07-06 14:20:00,53069.0,53128.0,53048.0,53091.0,1037.0
2026-07-06 14:25:00,53093.0,53135.0,53093.0,53129.0,784.0
2026-07-06 14:30:00,53127.0,53162.0,53086.0,53088.0,892.0
2026-07-06 14:35:00,53089.0,53133.0,53086.0,53128.0,812.0
2026-07-06 14:40:00,53126.0,53150.0,53076.0,53106.0,871.0
2026-07-06 14:45:00,53105.0,53106.0,53064.0,53101.0,546.0
2026-07-06 14:50:00,53103.0,53146.0,53094.0,53143.0,622.0
2026-07-06 14:55:00,53141.0,53192.0,53129.0,53192.0,660.0
2026-07-06 15:00:00,53193.0,53211.0,53163.0,53172.0,816.0
2026-07-06 15:05:00,53173.0,53216.0,53158.0,53216.0,599.0
2026-07-06 15:10:00,53216.0,53228.0,53187.0,53220.0,630.0
2026-07-06 15:15:00,53221.0,53221.0,53162.0,53162.0,449.0
2026-07-06 15:20:00,53197.0,53197.0,53146.0,53167.0,553.0
2026-07-06 15:25:00,53169.0,53184.0,53143.0,53171.0,559.0
2026-07-06 15:30:00,53174.0,53200.0,53163.0,53172.0,430.0
2026-07-06 15:35:00,53171.0,53191.0,53151.0,53188.0,274.0
2026-07-06 15:40:00,53191.0,53202.0,53162.0,53195.0,414.0
2026-07-06 15:45:00,53199.0,53207.0,53181.0,53193.0,321.0
2026-07-06 15:50:00,53194.0,53202.0,53165.0,53180.0,284.0
2026-07-06 15:55:00,53189.0,53196.0,53178.0,53181.0,217.0
2026-07-06 16:00:00,53180.0,53183.0,53153.0,53170.0,318.0
2026-07-06 16:05:00,53169.0,53184.0,53156.0,53163.0,313.0
2026-07-06 16:10:00,53163.0,53171.0,53152.0,53162.0,274.0
2026-07-06 16:15:00,53161.0,53200.0,53143.0,53189.0,461.0
2026-07-06 16:20:00,53187.0,53194.0,53170.0,53190.0,238.0
2026-07-06 16:25:00,53187.0,53206.0,53178.0,53197.0,293.0
2026-07-06 16:30:00,53196.0,53198.0,53162.0,53188.0,240.0
2026-07-06 16:35:00,53190.0,53197.0,53179.0,53192.0,198.0
2026-07-06 16:40:00,53190.0,53215.0,53188.0,53215.0,201.0
2026-07-06 16:45:00,53215.0,53243.0,53213.0,53233.0,535.0
2026-07-06 16:50:00,53235.0,53243.0,53224.0,53224.0,349.0
2026-07-06 16:55:00,53224.0,53227.0,53162.0,53207.0,311.0
2026-07-06 17:00:00,53209.0,53230.0,53202.0,53230.0,341.0
2026-07-06 17:05:00,53232.0,53277.0,53231.0,53261.0,615.0
2026-07-06 17:10:00,53260.0,53271.0,53248.0,53269.0,263.0
2026-07-06 17:15:00,53270.0,53273.0,53248.0,53256.0,193.0
2026-07-06 17:20:00,53256.0,53280.0,53162.0,53268.0,286.0
2026-07-06 17:25:00,53268.0,53273.0,53250.0,53258.0,265.0
2026-07-06 17:30:00,53258.0,53264.0,53220.0,53227.0,535.0
2026-07-06 17:35:00,53231.0,53237.0,53215.0,53232.0,212.0
2026-07-06 17:40:00,53229.0,53232.0,53183.0,53208.0,523.0
2026-07-06 17:45:00,53208.0,53224.0,53162.0,53212.0,281.0
2026-07-06 17:50:00,53213.0,53225.0,53198.0,53201.0,233.0
2026-07-06 17:55:00,53203.0,53224.0,53200.0,53218.0,226.0
2026-07-06 18:00:00,53225.0,53264.0,53225.0,53264.0,367.0
2026-07-06 18:05:00,53262.0,53274.0,53253.0,53259.0,306.0
2026-07-06 18:10:00,53257.0,53263.0,53162.0,53263.0,166.0
2026-07-06 18:15:00,53263.0,53285.0,53260.0,53276.0,327.0
2026-07-06 18:20:00,53278.0,53288.0,53274.0,53286.0,250.0
2026-07-06 18:25:00,53286.0,53305.0,53285.0,53300.0,453.0
2026-07-06 18:30:00,53298.0,53308.0,53273.0,53279.0,257.0
2026-07-06 18:35:00,53276.0,53283.0,53162.0,53272.0,128.0
2026-07-06 18:40:00,53276.0,53283.0,53266.0,53269.0,170.0
2026-07-06 18:45:00,53271.0,53297.0,53268.0,53297.0,210.0
2026-07-06 18:50:00,53299.0,53316.0,53298.0,53314.0,274.0
2026-07-06 18:55:00,53316.0,53331.0,53311.0,53330.0,314.0
2026-07-06 19:00:00,53331.0,53345.0,53162.0,53315.0,534.0
2026-07-06 19:05:00,53314.0,53320.0,53284.0,53291.0,291.0
2026-07-06 19:10:00,53289.0,53296.0,53276.0,53295.0,195.0
2026-07-06 19:15:00,53295.0,53297.0,53270.0,53296.0,302.0
2026-07-06 19:20:00,53297.0,53315.0,53290.0,53313.0,214.0
2026-07-06 19:25:00,53311.0,53319.0,53162.0,53303.0,290.0
2026-07-06 19:30:00,53303.0,53324.0,53288.0,53296.0,432.0
2026-07-06 19:35:00,53295.0,53323.0,53288.0,53313.0,375.0
2026-07-06 19:40:00,53313.0,53313.0,53290.0,53312.0,233.0
2026-07-06 19:45:00,53310.0,53321.0,53297.0,53310.0,351.0
2026-07-06 19:50:00,53310.0,53336.0,53162.0,53320.0,1174.0
2026-07-06 19:55:00,53321.0,53385.0,53305.0,53382.0,3729.0
2026-07-06 20:00:00,53383.0,53398.0,53365.0,53374.0,1195.0
2026-07-06 20:05:00,53374.0,53393.0,53370.0,53393.0,258.0
2026-07-06 20:10:00,53392.0,53396.0,53162.0,53388.0,210.0
2026-07-06 20:15:00,53386.0,53416.0,53162.0,53404.0,312.0
2026-07-06 20:20:00,53404.0,53409.0,53398.0,53409.0,77.0
2026-07-06 20:25:00,53408.0,53408.0,53396.0,53402.0,119.0
2026-07-06 20:30:00,53402.0,53413.0,53399.0,53412.0,122.0
2026-07-06 20:35:00,53412.0,53413.0,53162.0,53410.0,43.0
2026-07-06 20:40:00,53410.0,53413.0,53406.0,53412.0,58.0
2026-07-06 20:45:00,53411.0,53411.0,53396.0,53397.0,106.0
2026-07-06 20:50:00,53395.0,53406.0,53395.0,53404.0,73.0
2026-07-06 20:55:00,53403.0,53421.0,53162.0,53162.0,159.0
2026-07-06 22:00:00,53405.0,53432.0,53400.0,53425.0,0.0
2026-07-06 22:05:00,53419.0,53420.0,53409.0,53419.0,39.0
2026-07-06 22:10:00,53421.0,53430.0,53421.0,53426.0,25.0
2026-07-06 22:15:00,53429.0,53438.0,53427.0,53433.0,22.0
2026-07-06 22:20:00,53432.0,53435.0,53430.0,53430.0,9.0
2026-07-06 22:25:00,53428.0,53433.0,53423.0,53430.0,30.0
2026-07-06 22:30:00,53428.0,53435.0,53424.0,53431.0,34.0
2026-07-06 22:35:00,53434.0,53438.0,53419.0,53430.0,50.0
2026-07-06 22:40:00,53430.0,53434.0,53430.0,53432.0,13.0
2026-07-06 22:45:00,53432.0,53432.0,53420.0,53425.0,36.0
2026-07-06 22:50:00,53427.0,53429.0,53420.0,53424.0,36.0
2026-07-06 22:55:00,53426.0,53429.0,53423.0,53425.0,30.0
2026-07-06 23:00:00,53426.0,53435.0,53426.0,53431.0,40.0
2026-07-06 23:05:00,53428.0,53433.0,53426.0,53432.0,30.0
2026-07-06 23:10:00,53435.0,53440.0,53434.0,53436.0,45.0
2026-07-06 23:15:00,53434.0,53436.0,53423.0,53424.0,34.0
2026-07-06 23:20:00,53424.0,53424.0,53412.0,53419.0,50.0
2026-07-06 23:25:00,53419.0,53419.0,53412.0,53412.0,23.0
2026-07-06 23:30:00,53416.0,53416.0,53406.0,53407.0,32.0
2026-07-06 23:35:00,53407.0,53411.0,53406.0,53410.0,22.0
2026-07-06 23:40:00,53408.0,53411.0,53401.0,53403.0,25.0
2026-07-06 23:45:00,53400.0,53400.0,53378.0,53381.0,138.0
2026-07-06 23:50:00,53377.0,53377.0,53352.0,53365.0,122.0
2026-07-06 23:55:00,53364.0,53368.0,53356.0,53365.0,57.0
2026-07-07 00:00:00,53363.0,53383.0,53355.0,53383.0,99.0
2026-07-07 00:05:00,53380.0,53390.0,53370.0,53387.0,97.0
2026-07-07 00:10:00,53383.0,53394.0,53373.0,53394.0,51.0
2026-07-07 00:15:00,53392.0,53400.0,53388.0,53390.0,111.0
2026-07-07 00:20:00,53394.0,53410.0,53390.0,53410.0,133.0
2026-07-07 00:25:00,53410.0,53420.0,53392.0,53395.0,95.0
2026-07-07 00:30:00,53396.0,53406.0,53392.0,53394.0,40.0
2026-07-07 00:35:00,53394.0,53395.0,53374.0,53380.0,54.0
2026-07-07 00:40:00,53378.0,53398.0,53378.0,53397.0,65.0
2026-07-07 00:45:00,53394.0,53410.0,53390.0,53403.0,73.0
2026-07-07 00:50:00,53403.0,53409.0,53397.0,53402.0,43.0
2026-07-07 00:55:00,53403.0,53404.0,53392.0,53393.0,56.0
2026-07-07 01:00:00,53395.0,53403.0,53390.0,53401.0,76.0
2026-07-07 01:05:00,53403.0,53436.0,53401.0,53431.0,110.0
2026-07-07 01:10:00,53430.0,53433.0,53425.0,53428.0,63.0
2026-07-07 01:15:00,53430.0,53431.0,53413.0,53413.0,52.0
2026-07-07 01:20:00,53419.0,53436.0,53418.0,53432.0,112.0
2026-07-07 01:25:00,53434.0,53459.0,53432.0,53455.0,148.0
2026-07-07 01:30:00,53453.0,53454.0,53433.0,53442.0,146.0
2026-07-07 01:35:00,53447.0,53467.0,53445.0,53465.0,89.0
2026-07-07 01:40:00,53463.0,53471.0,53453.0,53453.0,67.0
2026-07-07 01:45:00,53455.0,53463.0,53455.0,53455.0,46.0
2026-07-07 01:50:00,53456.0,53460.0,53446.0,53449.0,39.0
2026-07-07 01:55:00,53448.0,53449.0,53438.0,53439.0,148.0
2026-07-07 02:00:00,53438.0,53439.0,53428.0,53433.0,87.0
2026-07-07 02:05:00,53431.0,53448.0,53431.0,53437.0,60.0
2026-07-07 02:10:00,53433.0,53435.0,53428.0,53432.0,24.0
2026-07-07 02:15:00,53431.0,53432.0,53427.0,53432.0,17.0
2026-07-07 02:20:00,53428.0,53428.0,53416.0,53423.0,47.0
2026-07-07 02:25:00,53423.0,53425.0,53417.0,53420.0,38.0
2026-07-07 02:30:00,53420.0,53426.0,53416.0,53419.0,90.0
2026-07-07 02:35:00,53422.0,53428.0,53418.0,53422.0,55.0
2026-07-07 02:40:00,53421.0,53428.0,53418.0,53418.0,47.0
2026-07-07 02:45:00,53418.0,53420.0,53416.0,53418.0,20.0
2026-07-07 02:50:00,53416.0,53424.0,53414.0,53421.0,40.0
2026-07-07 02:55:00,53418.0,53418.0,53408.0,53408.0,20.0
2026-07-07 03:00:00,53407.0,53424.0,53406.0,53422.0,45.0
2026-07-07 03:05:00,53423.0,53427.0,53419.0,53425.0,18.0
2026-07-07 03:10:00,53424.0,53424.0,53419.0,53419.0,16.0
2026-07-07 03:15:00,53420.0,53423.0,53412.0,53419.0,49.0
2026-07-07 03:20:00,53420.0,53425.0,53415.0,53425.0,54.0
2026-07-07 03:25:00,53424.0,53427.0,53419.0,53422.0,78.0
2026-07-07 03:30:00,53421.0,53426.0,53411.0,53421.0,90.0
2026-07-07 03:35:00,53421.0,53437.0,53421.0,53431.0,36.0
2026-07-07 03:40:00,53433.0,53443.0,53430.0,53438.0,35.0
2026-07-07 03:45:00,53439.0,53443.0,53427.0,53429.0,119.0
2026-07-07 03:50:00,53429.0,53431.0,53421.0,53425.0,41.0
2026-07-07 03:55:00,53427.0,53431.0,53419.0,53419.0,35.0
2026-07-07 04:00:00,53426.0,53430.0,53424.0,53426.0,37.0
2026-07-07 04:05:00,53429.0,53430.0,53421.0,53425.0,20.0
2026-07-07 04:10:00,53426.0,53435.0,53426.0,53433.0,15.0
2026-07-07 04:15:00,53426.0,53427.0,53420.0,53420.0,16.0
2026-07-07 04:20:00,53419.0,53422.0,53415.0,53418.0,55.0
2026-07-07 04:25:00,53419.0,53423.0,53408.0,53414.0,54.0
2026-07-07 04:30:00,53416.0,53421.0,53406.0,53406.0,49.0
2026-07-07 04:35:00,53407.0,53407.0,53386.0,53387.0,72.0
2026-07-07 04:40:00,53391.0,53397.0,53391.0,53395.0,25.0
2026-07-07 04:45:00,53398.0,53402.0,53396.0,53398.0,16.0
2026-07-07 04:50:00,53398.0,53403.0,53384.0,53385.0,75.0
2026-07-07 04:55:00,53386.0,53386.0,53365.0,53381.0,147.0
2026-07-07 05:00:00,53380.0,53381.0,53370.0,53373.0,17.0
2026-07-07 05:05:00,53370.0,53382.0,53360.0,53362.0,77.0
2026-07-07 05:10:00,53362.0,53369.0,53360.0,53368.0,44.0
2026-07-07 05:15:00,53369.0,53374.0,53365.0,53365.0,59.0
2026-07-07 05:20:00,53367.0,53376.0,53365.0,53370.0,74.0
2026-07-07 05:25:00,53368.0,53381.0,53365.0,53381.0,68.0
2026-07-07 05:30:00,53380.0,53397.0,53379.0,53387.0,102.0
2026-07-07 05:35:00,53385.0,53400.0,53385.0,53394.0,147.0
2026-07-07 05:40:00,53394.0,53407.0,53393.0,53396.0,55.0
2026-07-07 05:45:00,53396.0,53402.0,53394.0,53394.0,35.0
2026-07-07 05:50:00,53396.0,53401.0,53386.0,53396.0,75.0
2026-07-07 05:55:00,53399.0,53409.0,53399.0,53407.0,66.0
2026-07-07 06:00:00,53405.0,53412.0,53387.0,53387.0,126.0
2026-07-07 06:05:00,53386.0,53389.0,53375.0,53381.0,112.0
2026-07-07 06:10:00,53382.0,53383.0,53359.0,53363.0,137.0
2026-07-07 06:15:00,53364.0,53365.0,53341.0,53351.0,193.0
2026-07-07 06:20:00,53349.0,53372.0,53348.0,53358.0,177.0
2026-07-07 06:25:00,53364.0,53377.0,53363.0,53377.0,27.0
2026-07-07 06:30:00,53373.0,53377.0,53370.0,53371.0,26.0
2026-07-07 06:35:00,53371.0,53385.0,53370.0,53381.0,25.0
2026-07-07 06:40:00,53381.0,53383.0,53376.0,53379.0,38.0
2026-07-07 06:45:00,53383.0,53384.0,53370.0,53371.0,43.0
2026-07-07 06:50:00,53376.0,53394.0,53376.0,53386.0,47.0
2026-07-07 06:55:00,53385.0,53396.0,53384.0,53389.0,41.0
2026-07-07 07:00:00,53389.0,53404.0,53374.0,53400.0,127.0
2026-07-07 07:05:00,53398.0,53414.0,53394.0,53409.0,88.0
2026-07-07 07:10:00,53410.0,53431.0,53407.0,53420.0,161.0
2026-07-07 07:15:00,53421.0,53444.0,53420.0,53442.0,135.0
2026-07-07 07:20:00,53441.0,53447.0,53437.0,53440.0,95.0
2026-07-07 07:25:00,53442.0,53465.0,53442.0,53462.0,115.0
2026-07-07 07:30:00,53462.0,53476.0,53457.0,53467.0,134.0
2026-07-07 07:35:00,53467.0,53467.0,53458.0,53463.0,26.0
2026-07-07 07:40:00,53463.0,53478.0,53463.0,53468.0,26.0
2026-07-07 07:45:00,53461.0,53466.0,53453.0,53453.0,66.0
2026-07-07 07:50:00,53452.0,53456.0,53433.0,53434.0,78.0
2026-07-07 07:55:00,53433.0,53454.0,53429.0,53442.0,73.0
2026-07-07 08:00:00,53444.0,53447.0,53414.0,53420.0,173.0
2026-07-07 08:05:00,53418.0,53429.0,53413.0,53422.0,124.0
2026-07-07 08:10:00,53427.0,53456.0,53422.0,53455.0,128.0
2026-07-07 08:15:00,53455.0,53492.0,53455.0,53479.0,188.0
2026-07-07 08:20:00,53476.0,53503.0,53470.0,53496.0,99.0
2026-07-07 08:25:00,53496.0,53509.0,53495.0,53508.0,92.0
2026-07-07 08:30:00,53513.0,53520.0,53505.0,53508.0,119.0
2026-07-07 08:35:00,53507.0,53507.0,53488.0,53491.0,75.0
2026-07-07 08:40:00,53488.0,53493.0,53483.0,53491.0,42.0
2026-07-07 08:45:00,53490.0,53497.0,53483.0,53489.0,56.0
2026-07-07 08:50:00,53487.0,53487.0,53455.0,53462.0,181.0
2026-07-07 08:55:00,53460.0,53466.0,53447.0,53462.0,159.0
2026-07-07 09:00:00,53462.0,53462.0,53442.0,53454.0,89.0
2026-07-07 09:05:00,53451.0,53456.0,53449.0,53455.0,39.0
2026-07-07 09:10:00,53451.0,53470.0,53450.0,53469.0,49.0
2026-07-07 09:15:00,53469.0,53480.0,53469.0,53478.0,42.0
2026-07-07 09:20:00,53480.0,53485.0,53477.0,53477.0,32.0
2026-07-07 09:25:00,53478.0,53490.0,53474.0,53480.0,93.0
2026-07-07 09:30:00,53482.0,53488.0,53472.0,53474.0,75.0
2026-07-07 09:35:00,53472.0,53490.0,53467.0,53488.0,55.0
2026-07-07 09:40:00,53488.0,53498.0,53487.0,53494.0,63.0
2026-07-07 09:45:00,53498.0,53502.0,53493.0,53500.0,47.0
2026-07-07 09:50:00,53497.0,53500.0,53486.0,53486.0,38.0
2026-07-07 09:55:00,53482.0,53502.0,53482.0,53488.0,180.0
2026-07-07 10:00:00,53486.0,53499.0,53478.0,53499.0,90.0
2026-07-07 10:05:00,53498.0,53498.0,53470.0,53479.0,110.0
2026-07-07 10:10:00,53483.0,53483.0,53457.0,53457.0,101.0
2026-07-07 10:15:00,53455.0,53470.0,53454.0,53461.0,110.0
2026-07-07 10:20:00,53460.0,53464.0,53452.0,53459.0,29.0
2026-07-07 10:25:00,53457.0,53457.0,53444.0,53451.0,44.0
2026-07-07 10:30:00,53453.0,53463.0,53443.0,53457.0,136.0
2026-07-07 10:35:00,53455.0,53456.0,53448.0,53453.0,53.0
2026-07-07 10:40:00,53455.0,53464.0,53455.0,53459.0,16.0
2026-07-07 10:45:00,53460.0,53469.0,53453.0,53459.0,86.0
2026-07-07 10:50:00,53457.0,53457.0,53408.0,53432.0,152.0
2026-07-07 10:55:00,53434.0,53445.0,53434.0,53437.0,30.0
2026-07-07 11:00:00,53441.0,53458.0,53420.0,53454.0,272.0
2026-07-07 11:05:00,53459.0,53484.0,53459.0,53482.0,101.0
2026-07-07 11:10:00,53482.0,53488.0,53478.0,53485.0,79.0
2026-07-07 11:15:00,53486.0,53506.0,53478.0,53506.0,165.0
2026-07-07 11:20:00,53507.0,53513.0,53500.0,53508.0,53.0
2026-07-07 11:25:00,53510.0,53518.0,53496.0,53496.0,85.0
2026-07-07 11:30:00,53495.0,53515.0,53494.0,53513.0,96.0
2026-07-07 11:35:00,53512.0,53533.0,53507.0,53520.0,278.0
2026-07-07 11:40:00,53521.0,53525.0,53496.0,53502.0,119.0
2026-07-07 11:45:00,53499.0,53524.0,53498.0,53519.0,96.0
2026-07-07 11:50:00,53520.0,53530.0,53491.0,53500.0,217.0
2026-07-07 11:55:00,53500.0,53524.0,53498.0,53518.0,122.0
2026-07-07 12:00:00,53517.0,53523.0,53502.0,53521.0,199.0
2026-07-07 12:05:00,53522.0,53551.0,53520.0,53544.0,366.0
2026-07-07 12:10:00,53542.0,53549.0,53527.0,53532.0,106.0
2026-07-07 12:15:00,53532.0,53534.0,53510.0,53514.0,176.0
2026-07-07 12:20:00,53515.0,53532.0,53499.0,53529.0,231.0
2026-07-07 12:25:00,53528.0,53558.0,53528.0,53541.0,234.0
2026-07-07 12:30:00,53541.0,53542.0,53527.0,53532.0,155.0
2026-07-07 12:35:00,53533.0,53561.0,53528.0,53550.0,179.0
2026-07-07 12:40:00,53553.0,53605.0,53548.0,53598.0,587.0
2026-07-07 12:45:00,53598.0,53622.0,53588.0,53589.0,447.0
2026-07-07 12:50:00,53594.0,53615.0,53592.0,53592.0,221.0
2026-07-07 12:55:00,53593.0,53603.0,53578.0,53590.0,288.0
2026-07-07 13:00:00,53592.0,53601.0,53564.0,53580.0,352.0
2026-07-07 13:05:00,53580.0,53598.0,53540.0,53592.0,364.0
2026-07-07 13:10:00,53591.0,53622.0,53583.0,53618.0,263.0
2026-07-07 13:15:00,53615.0,53653.0,53615.0,53647.0,468.0
2026-07-07 13:20:00,53644.0,53648.0,53601.0,53624.0,402.0
2026-07-07 13:25:00,53620.0,53656.0,53608.0,53630.0,1158.0
2026-07-07 13:30:00,53628.0,53638.0,53498.0,53503.0,5378.0
2026-07-07 13:35:00,53503.0,53529.0,53460.0,53460.0,3269.0
2026-07-07 13:40:00,53462.0,53515.0,53399.0,53484.0,2929.0
2026-07-07 13:45:00,53483.0,53513.0,53451.0,53476.0,1807.0
2026-07-07 13:50:00,53474.0,53495.0,53401.0,53408.0,1799.0
2026-07-07 13:55:00,53410.0,53415.0,53336.0,53369.0,2126.0
2026-07-07 14:00:00,53369.0,53405.0,53350.0,53384.0,1669.0
2026-07-07 14:05:00,53384.0,53400.0,53321.0,53336.0,1182.0
2026-07-07 14:10:00,53335.0,53345.0,53256.0,53262.0,1536.0
2026-07-07 14:15:00,53261.0,53332.0,53250.0,53331.0,1913.0
2026-07-07 14:20:00,53331.0,53376.0,53294.0,53318.0,1545.0
2026-07-07 14:25:00,53317.0,53344.0,53271.0,53322.0,1578.0
2026-07-07 14:30:00,53321.0,53336.0,53252.0,53253.0,1164.0
2026-07-07 14:35:00,53251.0,53270.0,53223.0,53231.0,1205.0
2026-07-07 14:40:00,53231.0,53242.0,53200.0,53233.0,1213.0
2026-07-07 14:45:00,53234.0,53264.0,53213.0,53243.0,1408.0
2026-07-07 14:50:00,53242.0,53257.0,53224.0,53233.0,506.0
2026-07-07 14:55:00,53237.0,53247.0,53183.0,53187.0,736.0
2026-07-07 15:00:00,53186.0,53189.0,53138.0,53156.0,1040.0
2026-07-07 15:05:00,53153.0,53189.0,53143.0,53173.0,666.0
2026-07-07 15:10:00,53175.0,53183.0,53101.0,53101.0,652.0
2026-07-07 15:15:00,53100.0,53143.0,53076.0,53130.0,838.0
2026-07-07 15:20:00,53134.0,53151.0,53113.0,53124.0,672.0
2026-07-07 15:25:00,53124.0,53163.0,53111.0,53160.0,539.0
2026-07-07 15:30:00,53162.0,53166.0,53122.0,53125.0,597.0
2026-07-07 15:35:00,53125.0,53140.0,53111.0,53133.0,446.0
2026-07-07 15:40:00,53132.0,53162.0,53120.0,53161.0,570.0
2026-07-07 15:45:00,53160.0,53192.0,53150.0,53150.0,767.0
2026-07-07 15:50:00,53147.0,53190.0,53147.0,53159.0,321.0
2026-07-07 15:55:00,53157.0,53180.0,53145.0,53179.0,387.0
2026-07-07 16:00:00,53180.0,53192.0,53161.0,53169.0,503.0
2026-07-07 16:05:00,53169.0,53183.0,53151.0,53170.0,522.0
2026-07-07 16:10:00,53171.0,53204.0,53162.0,53184.0,526.0
2026-07-07 16:15:00,53181.0,53196.0,53159.0,53170.0,325.0
2026-07-07 16:20:00,53167.0,53211.0,53165.0,53208.0,826.0
2026-07-07 16:25:00,53207.0,53221.0,53187.0,53190.0,433.0
2026-07-07 16:30:00,53189.0,53199.0,53158.0,53160.0,428.0
2026-07-07 16:35:00,53158.0,53206.0,53158.0,53203.0,332.0
2026-07-07 16:40:00,53203.0,53209.0,53182.0,53185.0,236.0
2026-07-07 16:45:00,53188.0,53209.0,53184.0,53201.0,244.0
2026-07-07 16:50:00,53203.0,53205.0,53170.0,53174.0,244.0
2026-07-07 16:55:00,53175.0,53202.0,53165.0,53198.0,278.0
2026-07-07 17:00:00,53200.0,53207.0,53181.0,53187.0,178.0
2026-07-07 17:05:00,53187.0,53191.0,53171.0,53179.0,338.0
2026-07-07 17:10:00,53180.0,53196.0,53174.0,53187.0,217.0
2026-07-07 17:15:00,53191.0,53192.0,53155.0,53170.0,306.0
2026-07-07 17:20:00,53174.0,53214.0,53168.0,53208.0,297.0
2026-07-07 17:25:00,53207.0,53241.0,53200.0,53233.0,463.0
2026-07-07 17:30:00,53231.0,53252.0,53226.0,53236.0,473.0
2026-07-07 17:35:00,53235.0,53239.0,53213.0,53226.0,226.0
2026-07-07 17:40:00,53229.0,53247.0,53228.0,53238.0,193.0
2026-07-07 17:45:00,53236.0,53236.0,53208.0,53215.0,216.0
2026-07-07 17:50:00,53213.0,53218.0,53192.0,53202.0,249.0
2026-07-07 17:55:00,53204.0,53223.0,53200.0,53214.0,193.0
2026-07-07 18:00:00,53217.0,53224.0,53196.0,53215.0,234.0
2026-07-07 18:05:00,53213.0,53218.0,53184.0,53193.0,250.0
2026-07-07 18:10:00,53194.0,53203.0,53182.0,53196.0,300.0
2026-07-07 18:15:00,53195.0,53231.0,53193.0,53211.0,501.0
2026-07-07 18:20:00,53211.0,53244.0,53205.0,53233.0,696.0
2026-07-07 18:25:00,53237.0,53252.0,53226.0,53246.0,224.0
2026-07-07 18:30:00,53248.0,53254.0,53223.0,53230.0,946.0
2026-07-07 18:35:00,53229.0,53254.0,53224.0,53236.0,266.0
2026-07-07 18:40:00,53236.0,53252.0,53223.0,53251.0,312.0
2026-07-07 18:45:00,53254.0,53263.0,53180.0,53208.0,974.0
2026-07-07 18:50:00,53209.0,53216.0,53190.0,53206.0,837.0
2026-07-07 18:55:00,53209.0,53218.0,53195.0,53201.0,578.0
2026-07-07 19:00:00,53200.0,53208.0,53155.0,53172.0,1058.0
2026-07-07 19:05:00,53174.0,53174.0,53139.0,53146.0,610.0
2026-07-07 19:10:00,53145.0,53156.0,53135.0,53148.0,268.0
2026-07-07 19:15:00,53152.0,53169.0,53125.0,53160.0,984.0
2026-07-07 19:20:00,53158.0,53198.0,53146.0,53197.0,534.0
2026-07-07 19:25:00,53199.0,53201.0,53140.0,53147.0,473.0
2026-07-07 19:30:00,53146.0,53155.0,53127.0,53147.0,695.0
2026-07-07 19:35:00,53147.0,53169.0,53138.0,53156.0,460.0
2026-07-07 19:40:00,53157.0,53166.0,53146.0,53158.0,521.0
2026-07-07 19:45:00,53160.0,53202.0,53159.0,53199.0,808.0
2026-07-07 19:50:00,53201.0,53247.0,53197.0,53247.0,1191.0
2026-07-07 19:55:00,53248.0,53265.0,53182.0,53208.0,3521.0
2026-07-07 20:00:00,53209.0,53211.0,53172.0,53189.0,840.0
2026-07-07 20:05:00,53190.0,53199.0,53168.0,53198.0,376.0
2026-07-07 20:10:00,53195.0,53196.0,53150.0,53173.0,579.0
2026-07-07 20:15:00,53171.0,53190.0,53156.0,53178.0,382.0
2026-07-07 20:20:00,53179.0,53183.0,53168.0,53174.0,170.0
2026-07-07 20:25:00,53174.0,53185.0,53169.0,53171.0,102.0
2026-07-07 20:30:00,53171.0,53177.0,53166.0,53170.0,103.0
2026-07-07 20:35:00,53170.0,53178.0,53170.0,53178.0,63.0
2026-07-07 20:40:00,53180.0,53180.0,53171.0,53171.0,58.0
2026-07-07 20:45:00,53170.0,53177.0,53167.0,53167.0,88.0
2026-07-07 20:50:00,53171.0,53186.0,53169.0,53182.0,81.0
2026-07-07 20:55:00,53186.0,53202.0,53179.0,53195.0,60.0
2026-07-07 22:00:00,53166.0,53193.0,53132.0,53175.0,0.0
2026-07-07 22:05:00,53180.0,53182.0,53164.0,53173.0,39.0
2026-07-07 22:10:00,53162.0,53173.0,53160.0,53170.0,16.0
2026-07-07 22:15:00,53168.0,53181.0,53168.0,53181.0,18.0
2026-07-07 22:20:00,53180.0,53180.0,53175.0,53176.0,4.0
2026-07-07 22:25:00,53181.0,53181.0,53170.0,53179.0,6.0
2026-07-07 22:30:00,53180.0,53187.0,53172.0,53187.0,29.0
2026-07-07 22:35:00,53187.0,53187.0,53160.0,53163.0,41.0
2026-07-07 22:40:00,53166.0,53167.0,53154.0,53156.0,16.0
2026-07-07 22:45:00,53153.0,53172.0,53153.0,53172.0,35.0
2026-07-07 22:50:00,53168.0,53168.0,53168.0,53168.0,1.0
2026-07-07 23:00:00,53197.0,53197.0,53158.0,53160.0,55.0
2026-07-07 23:05:00,53164.0,53166.0,53159.0,53162.0,39.0
2026-07-07 23:10:00,53162.0,53167.0,53153.0,53167.0,30.0
2026-07-07 23:15:00,53167.0,53197.0,53165.0,53193.0,39.0
2026-07-07 23:20:00,53194.0,53194.0,53174.0,53174.0,30.0
2026-07-07 23:25:00,53174.0,53181.0,53169.0,53181.0,154.0
2026-07-07 23:30:00,53184.0,53185.0,53170.0,53175.0,35.0
2026-07-07 23:35:00,53169.0,53178.0,53158.0,53163.0,35.0
2026-07-07 23:40:00,53163.0,53163.0,53153.0,53159.0,30.0
2026-07-07 23:45:00,53159.0,53177.0,53157.0,53165.0,203.0
2026-07-07 23:50:00,53167.0,53167.0,53143.0,53150.0,57.0
2026-07-07 23:55:00,53148.0,53151.0,53129.0,53135.0,93.0
2026-07-08 00:00:00,53135.0,53143.0,53095.0,53122.0,270.0
2026-07-08 00:05:00,53125.0,53142.0,53109.0,53121.0,164.0
2026-07-08 00:10:00,53117.0,53126.0,53105.0,53108.0,173.0
2026-07-08 00:15:00,53107.0,53132.0,53106.0,53116.0,167.0
2026-07-08 00:20:00,53118.0,53156.0,53106.0,53152.0,114.0
2026-07-08 00:25:00,53148.0,53151.0,53124.0,53137.0,173.0
2026-07-08 00:30:00,53138.0,53143.0,53127.0,53136.0,58.0
2026-07-08 00:35:00,53136.0,53165.0,53131.0,53165.0,62.0
2026-07-08 00:40:00,53165.0,53178.0,53160.0,53172.0,129.0
2026-07-08 00:45:00,53174.0,53180.0,53166.0,53172.0,111.0
2026-07-08 00:50:00,53172.0,53187.0,53171.0,53177.0,65.0
2026-07-08 00:55:00,53177.0,53197.0,53174.0,53195.0,58.0
2026-07-08 01:00:00,53198.0,53207.0,53190.0,53198.0,130.0
2026-07-08 01:05:00,53199.0,53199.0,53177.0,53178.0,70.0
2026-07-08 01:10:00,53183.0,53198.0,53180.0,53196.0,54.0
2026-07-08 01:15:00,53194.0,53195.0,53184.0,53187.0,31.0
2026-07-08 01:20:00,53190.0,53190.0,53172.0,53174.0,45.0
2026-07-08 01:25:00,53176.0,53183.0,53169.0,53171.0,48.0
2026-07-08 01:30:00,53174.0,53182.0,53170.0,53174.0,80.0
2026-07-08 01:35:00,53177.0,53178.0,53156.0,53167.0,80.0
2026-07-08 01:40:00,53168.0,53171.0,53156.0,53165.0,39.0
2026-07-08 01:45:00,53170.0,53180.0,53167.0,53174.0,44.0
2026-07-08 01:50:00,53179.0,53182.0,53167.0,53168.0,30.0
2026-07-08 01:55:00,53167.0,53174.0,53164.0,53168.0,40.0
2026-07-08 02:00:00,53167.0,53174.0,53152.0,53157.0,108.0
2026-07-08 02:05:00,53157.0,53157.0,53144.0,53154.0,68.0
2026-07-08 02:10:00,53155.0,53155.0,53138.0,53138.0,73.0
2026-07-08 02:15:00,53136.0,53142.0,53126.0,53132.0,49.0
2026-07-08 02:20:00,53129.0,53136.0,53121.0,53131.0,62.0
2026-07-08 02:25:00,53130.0,53139.0,53116.0,53125.0,191.0
2026-07-08 02:30:00,53124.0,53126.0,53115.0,53126.0,50.0
2026-07-08 02:35:00,53129.0,53130.0,53120.0,53130.0,40.0
2026-07-08 02:40:00,53131.0,53139.0,53125.0,53139.0,20.0
2026-07-08 02:45:00,53143.0,53147.0,53138.0,53145.0,38.0
2026-07-08 02:50:00,53146.0,53146.0,53137.0,53140.0,22.0
2026-07-08 02:55:00,53143.0,53144.0,53134.0,53134.0,20.0
2026-07-08 03:00:00,53141.0,53146.0,53141.0,53146.0,40.0
2026-07-08 03:05:00,53147.0,53147.0,53139.0,53142.0,21.0
2026-07-08 03:10:00,53141.0,53151.0,53141.0,53146.0,36.0
2026-07-08 03:15:00,53144.0,53150.0,53139.0,53147.0,47.0
2026-07-08 03:20:00,53143.0,53154.0,53143.0,53151.0,56.0
2026-07-08 03:25:00,53150.0,53168.0,53150.0,53165.0,108.0
2026-07-08 03:30:00,53165.0,53171.0,53153.0,53156.0,81.0
2026-07-08 03:35:00,53157.0,53160.0,53152.0,53154.0,29.0
2026-07-08 03:40:00,53155.0,53155.0,53143.0,53145.0,27.0
2026-07-08 03:45:00,53145.0,53146.0,53138.0,53145.0,32.0
2026-07-08 03:50:00,53146.0,53147.0,53142.0,53146.0,19.0
2026-07-08 03:55:00,53143.0,53144.0,53138.0,53139.0,37.0
2026-07-08 04:00:00,53138.0,53138.0,53131.0,53134.0,31.0
2026-07-08 04:05:00,53135.0,53142.0,53134.0,53142.0,15.0
2026-07-08 04:10:00,53139.0,53139.0,53130.0,53134.0,20.0
2026-07-08 04:15:00,53135.0,53137.0,53132.0,53136.0,32.0
2026-07-08 04:20:00,53135.0,53159.0,53135.0,53159.0,18.0
2026-07-08 04:25:00,53155.0,53156.0,53151.0,53156.0,18.0
2026-07-08 04:30:00,53158.0,53165.0,53149.0,53149.0,67.0
2026-07-08 04:35:00,53152.0,53157.0,53143.0,53152.0,64.0
2026-07-08 04:40:00,53155.0,53159.0,53153.0,53158.0,15.0
2026-07-08 04:45:00,53154.0,53168.0,53154.0,53159.0,33.0
2026-07-08 04:50:00,53157.0,53157.0,53149.0,53149.0,26.0
2026-07-08 04:55:00,53147.0,53158.0,53143.0,53155.0,27.0
2026-07-08 05:00:00,53154.0,53165.0,53145.0,53148.0,20.0
2026-07-08 05:05:00,53148.0,53163.0,53148.0,53151.0,25.0
2026-07-08 05:10:00,53149.0,53149.0,53140.0,53143.0,26.0
2026-07-08 05:15:00,53140.0,53150.0,53133.0,53140.0,41.0
2026-07-08 05:20:00,53140.0,53141.0,53130.0,53130.0,36.0
2026-07-08 05:25:00,53129.0,53138.0,53126.0,53132.0,24.0
2026-07-08 05:30:00,53133.0,53133.0,53114.0,53122.0,70.0
2026-07-08 05:35:00,53117.0,53123.0,53115.0,53122.0,45.0
2026-07-08 05:40:00,53121.0,53135.0,53118.0,53122.0,42.0
2026-07-08 05:45:00,53119.0,53124.0,53101.0,53101.0,98.0
2026-07-08 05:50:00,53103.0,53108.0,53093.0,53108.0,106.0
2026-07-08 05:55:00,53117.0,53123.0,53112.0,53113.0,34.0
2026-07-08 06:00:00,53117.0,53118.0,53100.0,53103.0,102.0
2026-07-08 06:05:00,53104.0,53105.0,53095.0,53102.0,126.0
2026-07-08 06:10:00,53104.0,53104.0,53084.0,53086.0,115.0
2026-07-08 06:15:00,53087.0,53098.0,53085.0,53091.0,75.0
2026-07-08 06:20:00,53092.0,53113.0,53081.0,53113.0,80.0
2026-07-08 06:25:00,53114.0,53115.0,53090.0,53092.0,69.0
2026-07-08 06:30:00,53090.0,53098.0,53064.0,53071.0,152.0
2026-07-08 06:35:00,53069.0,53070.0,53051.0,53052.0,93.0
2026-07-08 06:40:00,53054.0,53061.0,53036.0,53038.0,181.0
2026-07-08 06:45:00,53037.0,53048.0,53026.0,53048.0,168.0
2026-07-08 06:50:00,53048.0,53068.0,53048.0,53064.0,80.0
2026-07-08 06:55:00,53061.0,53062.0,53045.0,53055.0,59.0
2026-07-08 07:00:00,53057.0,53060.0,52999.0,53005.0,354.0
2026-07-08 07:05:00,53002.0,53009.0,52987.0,53008.0,198.0
2026-07-08 07:10:00,53006.0,53019.0,53000.0,53011.0,125.0
2026-07-08 07:15:00,53012.0,53028.0,52990.0,52991.0,157.0
2026-07-08 07:20:00,52994.0,53015.0,52978.0,53013.0,140.0
2026-07-08 07:25:00,53019.0,53027.0,53009.0,53024.0,114.0
2026-07-08 07:30:00,53024.0,53029.0,53023.0,53027.0,11.0
2026-07-08 07:40:00,53197.0,53197.0,53006.0,53026.0,333.0
2026-07-08 07:45:00,53028.0,53029.0,53003.0,53014.0,70.0
2026-07-08 07:50:00,53015.0,53016.0,52992.0,52998.0,52.0
2026-07-08 07:55:00,52996.0,52997.0,52988.0,52992.0,53.0
2026-07-08 08:00:00,52996.0,53005.0,52984.0,52987.0,160.0
2026-07-08 08:05:00,52987.0,53001.0,52979.0,53000.0,149.0
2026-07-08 08:10:00,52999.0,53009.0,52986.0,52994.0,149.0
2026-07-08 08:15:00,52997.0,52997.0,52783.0,52842.0,1263.0
2026-07-08 08:20:00,52839.0,52868.0,52760.0,52769.0,837.0
2026-07-08 08:25:00,52767.0,52770.0,52685.0,52686.0,918.0
2026-07-08 08:30:00,52689.0,52694.0,52622.0,52648.0,1047.0
2026-07-08 08:35:00,52650.0,52662.0,52570.0,52580.0,841.0
2026-07-08 08:40:00,52580.0,52610.0,52562.0,52605.0,487.0
2026-07-08 08:45:00,52606.0,52630.0,52595.0,52598.0,452.0
2026-07-08 08:50:00,52597.0,52631.0,52583.0,52600.0,345.0
2026-07-08 08:55:00,52599.0,52628.0,52545.0,52552.0,373.0
2026-07-08 09:00:00,52553.0,52554.0,52501.0,52510.0,525.0
2026-07-08 09:05:00,52511.0,52521.0,52488.0,52498.0,464.0
2026-07-08 09:10:00,52495.0,52538.0,52481.0,52486.0,475.0
2026-07-08 09:15:00,52483.0,52525.0,52471.0,52520.0,332.0
2026-07-08 09:20:00,52523.0,52552.0,52509.0,52520.0,329.0
2026-07-08 09:25:00,52517.0,52527.0,52497.0,52523.0,162.0
2026-07-08 09:30:00,52516.0,52550.0,52509.0,52546.0,134.0
2026-07-08 09:35:00,52546.0,52576.0,52521.0,52542.0,312.0
2026-07-08 09:40:00,52539.0,52542.0,52507.0,52540.0,182.0
2026-07-08 09:45:00,52541.0,52541.0,52509.0,52531.0,173.0
2026-07-08 09:50:00,52526.0,52548.0,52509.0,52528.0,278.0
2026-07-08 09:55:00,52527.0,52527.0,52490.0,52500.0,323.0
2026-07-08 10:00:00,52504.0,52509.0,52475.0,52495.0,275.0
2026-07-08 10:05:00,52495.0,52495.0,52470.0,52491.0,157.0
2026-07-08 10:10:00,52483.0,52503.0,52471.0,52495.0,193.0
2026-07-08 10:15:00,52498.0,52512.0,52478.0,52512.0,145.0
2026-07-08 10:20:00,52514.0,52532.0,52511.0,52517.0,335.0
2026-07-08 10:25:00,52516.0,52556.0,52516.0,52556.0,264.0
2026-07-08 10:30:00,52552.0,52612.0,52538.0,52607.0,589.0
2026-07-08 10:35:00,52609.0,52633.0,52607.0,52627.0,153.0
2026-07-08 10:40:00,52627.0,52634.0,52617.0,52627.0,62.0
2026-07-08 10:45:00,52635.0,52648.0,52614.0,52619.0,123.0
2026-07-08 10:50:00,52621.0,52642.0,52621.0,52638.0,89.0
2026-07-08 10:55:00,52638.0,52660.0,52620.0,52622.0,181.0
2026-07-08 11:00:00,52624.0,52643.0,52607.0,52633.0,351.0
2026-07-08 11:05:00,52633.0,52652.0,52620.0,52627.0,174.0
2026-07-08 11:10:00,52630.0,52636.0,52609.0,52622.0,131.0
2026-07-08 11:15:00,52622.0,52628.0,52604.0,52620.0,160.0
2026-07-08 11:20:00,52621.0,52622.0,52573.0,52582.0,254.0
2026-07-08 11:25:00,52582.0,52605.0,52582.0,52605.0,108.0
2026-07-08 11:30:00,52606.0,52637.0,52593.0,52637.0,155.0
2026-07-08 11:35:00,52636.0,52650.0,52607.0,52612.0,167.0
2026-07-08 11:40:00,52611.0,52771.0,52605.0,52699.0,1391.0
2026-07-08 11:45:00,52697.0,52724.0,52679.0,52683.0,431.0
2026-07-08 11:50:00,52686.0,52710.0,52670.0,52707.0,311.0
2026-07-08 11:55:00,52707.0,52731.0,52684.0,52690.0,286.0
2026-07-08 12:00:00,52687.0,52707.0,52655.0,52707.0,344.0
2026-07-08 12:05:00,52707.0,52772.0,52707.0,52753.0,263.0
2026-07-08 12:10:00,52758.0,52786.0,52757.0,52768.0,241.0
2026-07-08 12:15:00,52769.0,52795.0,52761.0,52789.0,227.0
2026-07-08 12:20:00,52790.0,52791.0,52742.0,52742.0,281.0
2026-07-08 12:25:00,52741.0,52797.0,52736.0,52793.0,366.0
2026-07-08 12:30:00,52793.0,52816.0,52759.0,52767.0,321.0
2026-07-08 12:35:00,52767.0,52784.0,52764.0,52776.0,203.0
2026-07-08 12:40:00,52773.0,52775.0,52756.0,52770.0,130.0
2026-07-08 12:45:00,52772.0,52773.0,52738.0,52743.0,213.0
2026-07-08 12:50:00,52744.0,52776.0,52741.0,52769.0,192.0
2026-07-08 12:55:00,52766.0,52788.0,52694.0,52697.0,702.0
2026-07-08 13:00:00,52700.0,52727.0,52694.0,52721.0,328.0
2026-07-08 13:05:00,52721.0,52724.0,52692.0,52717.0,511.0
2026-07-08 13:10:00,52718.0,52766.0,52702.0,52751.0,379.0
2026-07-08 13:15:00,52748.0,52748.0,52713.0,52714.0,225.0
2026-07-08 13:20:00,52712.0,52721.0,52691.0,52721.0,400.0
2026-07-08 13:25:00,52718.0,52744.0,52645.0,52675.0,1066.0
2026-07-08 13:30:00,52676.0,52753.0,52601.0,52713.0,5017.0
2026-07-08 13:35:00,52712.0,52752.0,52657.0,52743.0,2546.0
2026-07-08 13:40:00,52744.0,52794.0,52714.0,52746.0,1741.0
2026-07-08 13:45:00,52743.0,52767.0,52689.0,52698.0,1305.0
2026-07-08 13:50:00,52701.0,52728.0,52660.0,52674.0,1184.0
2026-07-08 13:55:00,52675.0,52716.0,52640.0,52658.0,1260.0
2026-07-08 14:00:00,52657.0,52693.0,52635.0,52676.0,1133.0
2026-07-08 14:05:00,52675.0,52747.0,52674.0,52701.0,1543.0
2026-07-08 14:10:00,52695.0,52709.0,52616.0,52625.0,1042.0
2026-07-08 14:15:00,52620.0,52626.0,52533.0,52556.0,1412.0
2026-07-08 14:20:00,52556.0,52660.0,52545.0,52614.0,1126.0
2026-07-08 14:25:00,52613.0,52640.0,52533.0,52566.0,961.0
2026-07-08 14:30:00,52565.0,52595.0,52541.0,52568.0,1177.0
2026-07-08 14:35:00,52569.0,52573.0,52487.0,52492.0,1138.0
2026-07-08 14:40:00,52492.0,52527.0,52482.0,52507.0,857.0
2026-07-08 14:45:00,52504.0,52507.0,52438.0,52444.0,1160.0
2026-07-08 14:50:00,52444.0,52500.0,52423.0,52464.0,1709.0
2026-07-08 14:55:00,52465.0,52474.0,52440.0,52465.0,631.0
2026-07-08 15:00:00,52468.0,52476.0,52412.0,52425.0,783.0
2026-07-08 15:05:00,52425.0,52444.0,52397.0,52415.0,699.0
2026-07-08 15:10:00,52415.0,52450.0,52412.0,52437.0,680.0
2026-07-08 15:15:00,52435.0,52464.0,52392.0,52457.0,1119.0
2026-07-08 15:20:00,52456.0,52476.0,52383.0,52390.0,899.0
2026-07-08 15:25:00,52391.0,52400.0,52358.0,52379.0,816.0
2026-07-08 15:30:00,52376.0,52405.0,52343.0,52399.0,858.0
2026-07-08 15:35:00,52401.0,52410.0,52365.0,52368.0,586.0
2026-07-08 15:40:00,52371.0,52405.0,52369.0,52378.0,568.0
2026-07-08 15:45:00,52377.0,52397.0,52359.0,52377.0,527.0
2026-07-08 15:50:00,52375.0,52391.0,52357.0,52390.0,455.0
2026-07-08 15:55:00,52394.0,52399.0,52368.0,52387.0,646.0
2026-07-08 16:00:00,52387.0,52431.0,52384.0,52426.0,582.0
2026-07-08 16:05:00,52424.0,52466.0,52423.0,52462.0,574.0
2026-07-08 16:10:00,52462.0,52502.0,52462.0,52481.0,562.0
2026-07-08 16:15:00,52480.0,52512.0,52471.0,52502.0,439.0
2026-07-08 16:20:00,52502.0,52521.0,52476.0,52486.0,592.0
2026-07-08 16:25:00,52486.0,52528.0,52482.0,52512.0,460.0
2026-07-08 16:30:00,52511.0,52551.0,52496.0,52501.0,725.0
2026-07-08 16:35:00,52498.0,52531.0,52465.0,52515.0,1091.0
2026-07-08 16:40:00,52513.0,52587.0,52493.0,52577.0,943.0
2026-07-08 16:45:00,52577.0,52592.0,52555.0,52589.0,321.0
2026-07-08 16:50:00,52590.0,52612.0,52580.0,52589.0,666.0
2026-07-08 16:55:00,52591.0,52612.0,52581.0,52588.0,285.0
2026-07-08 17:00:00,52588.0,52601.0,52565.0,52599.0,419.0
2026-07-08 17:05:00,52597.0,52621.0,52570.0,52578.0,326.0
2026-07-08 17:10:00,52578.0,52612.0,52563.0,52588.0,356.0
2026-07-08 17:15:00,52588.0,52633.0,52588.0,52629.0,266.0
2026-07-08 17:20:00,52628.0,52659.0,52626.0,52655.0,478.0
2026-07-08 17:25:00,52657.0,52670.0,52639.0,52662.0,419.0
2026-07-08 17:30:00,52664.0,52691.0,52657.0,52661.0,618.0
2026-07-08 17:35:00,52659.0,52662.0,52624.0,52628.0,335.0
2026-07-08 17:40:00,52629.0,52635.0,52616.0,52631.0,290.0
2026-07-08 17:45:00,52627.0,52633.0,52589.0,52595.0,287.0
2026-07-08 17:50:00,52596.0,52618.0,52591.0,52606.0,255.0
2026-07-08 17:55:00,52604.0,52604.0,52578.0,52600.0,270.0
2026-07-08 18:00:00,52597.0,52644.0,52575.0,52632.0,340.0
2026-07-08 18:05:00,52635.0,52644.0,52618.0,52633.0,236.0
2026-07-08 18:10:00,52630.0,52661.0,52612.0,52653.0,264.0
2026-07-08 18:15:00,52654.0,52663.0,52606.0,52628.0,292.0
2026-07-08 18:20:00,52632.0,52656.0,52616.0,52638.0,195.0
2026-07-08 18:25:00,52637.0,52659.0,52630.0,52633.0,201.0
2026-07-08 18:30:00,52629.0,52645.0,52616.0,52627.0,230.0
2026-07-08 18:35:00,52626.0,52661.0,52614.0,52659.0,240.0
2026-07-08 18:40:00,52658.0,52663.0,52630.0,52661.0,216.0
2026-07-08 18:45:00,52661.0,52676.0,52644.0,52672.0,188.0
2026-07-08 18:50:00,52670.0,52680.0,52653.0,52659.0,321.0
2026-07-08 18:55:00,52657.0,52659.0,52637.0,52656.0,257.0
2026-07-08 19:00:00,52658.0,52667.0,52630.0,52639.0,333.0
2026-07-08 19:05:00,52640.0,52656.0,52625.0,52646.0,194.0
2026-07-08 19:10:00,52646.0,52647.0,52616.0,52626.0,213.0
2026-07-08 19:15:00,52626.0,52656.0,52624.0,52631.0,281.0
2026-07-08 19:20:00,52633.0,52655.0,52629.0,52635.0,192.0
2026-07-08 19:25:00,52636.0,52644.0,52627.0,52634.0,215.0
2026-07-08 19:30:00,52634.0,52644.0,52604.0,52608.0,415.0
2026-07-08 19:35:00,52609.0,52629.0,52605.0,52621.0,533.0
2026-07-08 19:40:00,52622.0,52638.0,52605.0,52637.0,307.0
2026-07-08 19:45:00,52636.0,52640.0,52574.0,52601.0,667.0
2026-07-08 19:50:00,52601.0,52650.0,52587.0,52649.0,1336.0
2026-07-08 19:55:00,52649.0,52660.0,52611.0,52621.0,3810.0
2026-07-08 20:00:00,52622.0,52626.0,52592.0,52605.0,662.0
2026-07-08 20:05:00,52603.0,52607.0,52592.0,52603.0,149.0
2026-07-08 20:10:00,52598.0,52598.0,52574.0,52594.0,352.0
2026-07-08 20:15:00,52595.0,52604.0,52582.0,52584.0,231.0
2026-07-08 20:20:00,52581.0,52589.0,52578.0,52580.0,45.0
2026-07-08 20:25:00,52578.0,52585.0,52576.0,52581.0,78.0
2026-07-08 20:30:00,52581.0,52586.0,52555.0,52557.0,141.0
2026-07-08 20:35:00,52560.0,52560.0,52534.0,52559.0,174.0
2026-07-08 20:40:00,52559.0,52576.0,52558.0,52562.0,66.0
2026-07-08 20:45:00,52560.0,52568.0,52558.0,52563.0,49.0
2026-07-08 20:50:00,52567.0,52586.0,52567.0,52567.0,66.0
2026-07-08 20:55:00,52569.0,52574.0,52536.0,52561.0,166.0
2026-07-08 22:00:00,52541.0,52576.0,52530.0,52570.0,0.0
2026-07-08 22:05:00,52569.0,52575.0,52566.0,52575.0,15.0
2026-07-08 22:10:00,52566.0,52575.0,52566.0,52567.0,13.0
2026-07-08 22:15:00,52569.0,52576.0,52562.0,52566.0,16.0
2026-07-08 22:20:00,52560.0,52567.0,52560.0,52567.0,3.0
2026-07-08 22:25:00,52572.0,52572.0,52560.0,52564.0,9.0
2026-07-08 22:30:00,52577.0,52591.0,52564.0,52586.0,45.0
2026-07-08 22:35:00,52582.0,52586.0,52564.0,52564.0,47.0
2026-07-08 22:40:00,52575.0,52575.0,52568.0,52573.0,26.0
2026-07-08 22:45:00,52568.0,52577.0,52568.0,52574.0,8.0
2026-07-08 22:50:00,52575.0,52578.0,52575.0,52575.0,18.0
2026-07-08 22:55:00,52567.0,52574.0,52567.0,52574.0,8.0
2026-07-08 23:00:00,52574.0,52577.0,52568.0,52568.0,16.0
2026-07-08 23:05:00,52571.0,52585.0,52571.0,52581.0,29.0
2026-07-08 23:10:00,52579.0,52582.0,52577.0,52582.0,19.0
2026-07-08 23:15:00,52585.0,52587.0,52572.0,52573.0,21.0
2026-07-08 23:20:00,52567.0,52576.0,52564.0,52572.0,9.0
2026-07-08 23:25:00,52574.0,52576.0,52570.0,52576.0,11.0
2026-07-08 23:30:00,52578.0,52586.0,52573.0,52584.0,26.0
2026-07-08 23:35:00,52580.0,52593.0,52577.0,52583.0,77.0
2026-07-08 23:40:00,52583.0,52591.0,52583.0,52589.0,26.0
2026-07-08 23:45:00,52587.0,52599.0,52584.0,52585.0,53.0
2026-07-08 23:50:00,52587.0,52595.0,52580.0,52589.0,71.0
2026-07-08 23:55:00,52592.0,52601.0,52591.0,52599.0,18.0
2026-07-09 00:00:00,52597.0,52607.0,52582.0,52589.0,107.0
2026-07-09 00:05:00,52589.0,52609.0,52576.0,52601.0,153.0
2026-07-09 00:10:00,52596.0,52615.0,52587.0,52614.0,99.0
2026-07-09 00:15:00,52611.0,52616.0,52590.0,52590.0,86.0
2026-07-09 00:20:00,52591.0,52618.0,52591.0,52613.0,128.0
2026-07-09 00:25:00,52618.0,52640.0,52614.0,52635.0,63.0
2026-07-09 00:30:00,52636.0,52646.0,52622.0,52626.0,115.0
2026-07-09 00:35:00,52627.0,52656.0,52624.0,52647.0,66.0
2026-07-09 00:40:00,52645.0,52646.0,52638.0,52641.0,28.0
2026-07-09 00:45:00,52640.0,52660.0,52639.0,52655.0,71.0
2026-07-09 00:50:00,52655.0,52655.0,52624.0,52624.0,59.0
2026-07-09 00:55:00,52628.0,52656.0,52627.0,52656.0,57.0
2026-07-09 01:00:00,52657.0,52673.0,52653.0,52659.0,160.0
2026-07-09 01:05:00,52659.0,52683.0,52657.0,52683.0,64.0
2026-07-09 01:10:00,52681.0,52681.0,52668.0,52668.0,49.0
2026-07-09 01:15:00,52662.0,52670.0,52658.0,52670.0,43.0
2026-07-09 01:20:00,52670.0,52678.0,52646.0,52646.0,65.0
2026-07-09 01:25:00,52649.0,52653.0,52637.0,52647.0,66.0
2026-07-09 01:30:00,52655.0,52664.0,52646.0,52664.0,64.0
2026-07-09 01:35:00,52662.0,52665.0,52660.0,52661.0,63.0
2026-07-09 01:40:00,52660.0,52662.0,52653.0,52657.0,139.0
2026-07-09 01:45:00,52657.0,52678.0,52648.0,52678.0,89.0
2026-07-09 01:50:00,52678.0,52685.0,52657.0,52659.0,64.0
2026-07-09 01:55:00,52657.0,52672.0,52655.0,52671.0,75.0
2026-07-09 02:00:00,52672.0,52675.0,52659.0,52671.0,94.0
2026-07-09 02:05:00,52670.0,52686.0,52665.0,52684.0,56.0
2026-07-09 02:10:00,52680.0,52698.0,52668.0,52688.0,116.0
2026-07-09 02:15:00,52684.0,52691.0,52679.0,52683.0,59.0
2026-07-09 02:20:00,52685.0,52695.0,52670.0,52671.0,90.0
2026-07-09 02:25:00,52672.0,52679.0,52669.0,52679.0,18.0
2026-07-09 02:30:00,52677.0,52689.0,52676.0,52676.0,33.0
2026-07-09 02:35:00,52675.0,52680.0,52661.0,52674.0,59.0
2026-07-09 02:40:00,52673.0,52675.0,52662.0,52662.0,66.0
2026-07-09 02:45:00,52663.0,52665.0,52645.0,52651.0,53.0
2026-07-09 02:50:00,52649.0,52657.0,52647.0,52657.0,84.0
2026-07-09 02:55:00,52657.0,52662.0,52653.0,52655.0,35.0
2026-07-09 03:00:00,52658.0,52658.0,52648.0,52653.0,80.0
2026-07-09 03:05:00,52652.0,52657.0,52652.0,52655.0,24.0
2026-07-09 03:10:00,52656.0,52656.0,52645.0,52647.0,30.0
2026-07-09 03:15:00,52648.0,52655.0,52639.0,52644.0,84.0
2026-07-09 03:20:00,52645.0,52652.0,52640.0,52649.0,28.0
2026-07-09 03:25:00,52647.0,52673.0,52647.0,52668.0,40.0
2026-07-09 03:30:00,52673.0,52701.0,52673.0,52693.0,114.0
2026-07-09 03:35:00,52691.0,52695.0,52688.0,52692.0,25.0
2026-07-09 03:40:00,52690.0,52695.0,52684.0,52695.0,35.0
2026-07-09 03:45:00,52695.0,52698.0,52690.0,52693.0,31.0
2026-07-09 03:50:00,52691.0,52696.0,52687.0,52695.0,30.0
2026-07-09 03:55:00,52697.0,52698.0,52688.0,52691.0,22.0
2026-07-09 04:00:00,52695.0,52700.0,52688.0,52691.0,32.0
2026-07-09 04:05:00,52692.0,52695.0,52690.0,52694.0,25.0
2026-07-09 04:10:00,52691.0,52698.0,52688.0,52695.0,31.0
2026-07-09 04:15:00,52696.0,52707.0,52696.0,52698.0,27.0
2026-07-09 04:20:00,52696.0,52699.0,52686.0,52688.0,19.0
2026-07-09 04:25:00,52689.0,52695.0,52685.0,52690.0,25.0
2026-07-09 04:30:00,52694.0,52719.0,52694.0,52709.0,42.0
2026-07-09 04:35:00,52709.0,52715.0,52705.0,52713.0,28.0
2026-07-09 04:40:00,52714.0,52716.0,52709.0,52712.0,50.0
2026-07-09 04:45:00,52714.0,52714.0,52706.0,52706.0,17.0
2026-07-09 04:50:00,52707.0,52721.0,52707.0,52720.0,30.0
2026-07-09 04:55:00,52719.0,52724.0,52714.0,52718.0,45.0
2026-07-09 05:00:00,52719.0,52722.0,52706.0,52706.0,31.0
2026-07-09 05:05:00,52707.0,52707.0,52688.0,52694.0,61.0
2026-07-09 05:10:00,52695.0,52754.0,52695.0,52731.0,260.0
2026-07-09 05:15:00,52732.0,52736.0,52691.0,52693.0,123.0
2026-07-09 05:20:00,52693.0,52693.0,52684.0,52688.0,28.0
2026-07-09 05:25:00,52687.0,52693.0,52684.0,52691.0,22.0
2026-07-09 05:30:00,52697.0,52709.0,52670.0,52709.0,86.0
2026-07-09 05:35:00,52712.0,52720.0,52709.0,52714.0,37.0
2026-07-09 05:40:00,52713.0,52718.0,52708.0,52718.0,12.0
2026-07-09 05:45:00,52719.0,52733.0,52717.0,52732.0,30.0
2026-07-09 05:50:00,52740.0,52744.0,52733.0,52735.0,88.0
2026-07-09 05:55:00,52735.0,52753.0,52730.0,52753.0,91.0
2026-07-09 06:00:00,52752.0,52760.0,52734.0,52734.0,141.0
2026-07-09 06:05:00,52732.0,52732.0,52716.0,52718.0,58.0
2026-07-09 06:10:00,52719.0,52720.0,52706.0,52719.0,78.0
2026-07-09 06:15:00,52715.0,52723.0,52704.0,52704.0,119.0
2026-07-09 06:20:00,52705.0,52715.0,52698.0,52702.0,92.0
2026-07-09 06:25:00,52701.0,52708.0,52696.0,52699.0,65.0
2026-07-09 06:30:00,52698.0,52712.0,52690.0,52700.0,111.0
2026-07-09 06:35:00,52709.0,52712.0,52692.0,52694.0,66.0
2026-07-09 06:40:00,52693.0,52706.0,52691.0,52706.0,54.0
2026-07-09 06:45:00,52707.0,52707.0,52698.0,52699.0,34.0
2026-07-09 06:50:00,52700.0,52711.0,52700.0,52703.0,36.0
2026-07-09 06:55:00,52702.0,52709.0,52699.0,52704.0,57.0
2026-07-09 07:00:00,52705.0,52730.0,52699.0,52714.0,188.0
2026-07-09 07:05:00,52718.0,52720.0,52692.0,52695.0,154.0
2026-07-09 07:10:00,52692.0,52711.0,52676.0,52710.0,103.0
2026-07-09 07:15:00,52717.0,52720.0,52699.0,52703.0,56.0
2026-07-09 07:20:00,52695.0,52697.0,52674.0,52687.0,75.0
2026-07-09 07:25:00,52685.0,52700.0,52681.0,52697.0,83.0
2026-07-09 07:30:00,52695.0,52716.0,52695.0,52706.0,108.0
2026-07-09 07:35:00,52694.0,52697.0,52675.0,52688.0,58.0
2026-07-09 07:40:00,52687.0,52734.0,52680.0,52732.0,82.0
2026-07-09 07:45:00,52735.0,52736.0,52709.0,52719.0,83.0
2026-07-09 07:50:00,52721.0,52724.0,52705.0,52706.0,46.0
2026-07-09 07:55:00,52705.0,52706.0,52682.0,52699.0,81.0
2026-07-09 08:00:00,52699.0,52703.0,52676.0,52679.0,187.0
2026-07-09 08:05:00,52680.0,52698.0,52677.0,52679.0,175.0
2026-07-09 08:10:00,52682.0,52698.0,52681.0,52687.0,89.0
2026-07-09 08:15:00,52687.0,52702.0,52671.0,52683.0,85.0
2026-07-09 08:20:00,52682.0,52694.0,52677.0,52693.0,66.0
2026-07-09 08:25:00,52691.0,52712.0,52681.0,52711.0,62.0
2026-07-09 08:30:00,52709.0,52714.0,52660.0,52667.0,94.0
2026-07-09 08:35:00,52671.0,52675.0,52659.0,52660.0,59.0
2026-07-09 08:40:00,52656.0,52669.0,52650.0,52661.0,55.0
2026-07-09 08:45:00,52661.0,52674.0,52636.0,52641.0,78.0
2026-07-09 08:50:00,52644.0,52679.0,52638.0,52677.0,46.0
2026-07-09 08:55:00,52679.0,52682.0,52663.0,52668.0,61.0
2026-07-09 09:00:00,52668.0,52670.0,52652.0,52663.0,46.0
2026-07-09 09:05:00,52662.0,52672.0,52652.0,52655.0,34.0
2026-07-09 09:10:00,52659.0,52661.0,52649.0,52658.0,47.0
2026-07-09 09:15:00,52657.0,52658.0,52632.0,52632.0,42.0
2026-07-09 09:20:00,52639.0,52645.0,52638.0,52643.0,14.0
2026-07-09 09:25:00,52643.0,52648.0,52637.0,52638.0,44.0
2026-07-09 09:30:00,52635.0,52641.0,52607.0,52611.0,96.0
2026-07-09 09:35:00,52617.0,52621.0,52598.0,52617.0,65.0
2026-07-09 09:40:00,52610.0,52610.0,52568.0,52586.0,121.0
2026-07-09 09:45:00,52583.0,52608.0,52583.0,52603.0,32.0
2026-07-09 09:50:00,52604.0,52623.0,52603.0,52619.0,33.0
2026-07-09 09:55:00,52623.0,52629.0,52623.0,52625.0,28.0
2026-07-09 10:00:00,52623.0,52623.0,52609.0,52614.0,38.0
2026-07-09 10:05:00,52613.0,52625.0,52613.0,52623.0,20.0
2026-07-09 10:10:00,52624.0,52637.0,52622.0,52630.0,38.0
2026-07-09 10:15:00,52632.0,52632.0,52602.0,52612.0,163.0
2026-07-09 10:20:00,52611.0,52624.0,52605.0,52620.0,45.0
2026-07-09 10:25:00,52617.0,52617.0,52579.0,52579.0,84.0
2026-07-09 10:30:00,52578.0,52579.0,52554.0,52574.0,231.0
2026-07-09 10:35:00,52574.0,52585.0,52567.0,52580.0,147.0
2026-07-09 10:40:00,52575.0,52583.0,52558.0,52579.0,170.0
2026-07-09 10:45:00,52583.0,52588.0,52536.0,52542.0,146.0
2026-07-09 10:50:00,52540.0,52543.0,52501.0,52538.0,227.0
2026-07-09 10:55:00,52538.0,52562.0,52518.0,52561.0,169.0
2026-07-09 11:00:00,52564.0,52579.0,52557.0,52574.0,91.0
2026-07-09 11:05:00,52573.0,52576.0,52536.0,52542.0,79.0
2026-07-09 11:10:00,52543.0,52582.0,52543.0,52572.0,116.0
2026-07-09 11:15:00,52567.0,52567.0,52553.0,52556.0,40.0
2026-07-09 11:20:00,52552.0,52556.0,52531.0,52533.0,136.0
2026-07-09 11:25:00,52539.0,52565.0,52537.0,52544.0,198.0
2026-07-09 11:30:00,52545.0,52564.0,52528.0,52555.0,203.0
2026-07-09 11:35:00,52558.0,52563.0,52537.0,52554.0,134.0
2026-07-09 11:40:00,52552.0,52561.0,52538.0,52559.0,186.0
2026-07-09 11:45:00,52558.0,52591.0,52551.0,52577.0,250.0
2026-07-09 11:50:00,52579.0,52596.0,52569.0,52579.0,130.0
2026-07-09 11:55:00,52581.0,52592.0,52581.0,52590.0,62.0
2026-07-09 12:00:00,52587.0,52610.0,52583.0,52606.0,174.0
2026-07-09 12:05:00,52607.0,52639.0,52596.0,52625.0,121.0
2026-07-09 12:10:00,52626.0,52631.0,52614.0,52616.0,119.0
2026-07-09 12:15:00,52614.0,52634.0,52610.0,52624.0,124.0
2026-07-09 12:20:00,52624.0,52628.0,52605.0,52617.0,101.0
2026-07-09 12:25:00,52618.0,52646.0,52618.0,52644.0,166.0
2026-07-09 12:30:00,52645.0,52665.0,52637.0,52656.0,155.0
2026-07-09 12:35:00,52660.0,52684.0,52655.0,52675.0,144.0
2026-07-09 12:40:00,52674.0,52686.0,52639.0,52642.0,164.0
2026-07-09 12:45:00,52639.0,52650.0,52627.0,52644.0,136.0
2026-07-09 12:50:00,52647.0,52672.0,52645.0,52670.0,139.0
2026-07-09 12:55:00,52672.0,52673.0,52646.0,52646.0,93.0
2026-07-09 13:00:00,52646.0,52713.0,52646.0,52712.0,232.0
2026-07-09 13:05:00,52712.0,52720.0,52688.0,52705.0,211.0
2026-07-09 13:10:00,52702.0,52709.0,52674.0,52681.0,224.0
2026-07-09 13:15:00,52682.0,52724.0,52672.0,52723.0,268.0
2026-07-09 13:20:00,52723.0,52742.0,52709.0,52737.0,253.0
2026-07-09 13:25:00,52735.0,52749.0,52694.0,52700.0,1378.0
2026-07-09 13:30:00,52701.0,52735.0,52549.0,52601.0,4847.0
2026-07-09 13:35:00,52602.0,52630.0,52552.0,52580.0,2152.0
2026-07-09 13:40:00,52585.0,52660.0,52554.0,52658.0,1494.0
2026-07-09 13:45:00,52660.0,52678.0,52612.0,52641.0,1229.0
2026-07-09 13:50:00,52642.0,52717.0,52623.0,52697.0,1003.0
2026-07-09 13:55:00,52699.0,52709.0,52662.0,52679.0,968.0
2026-07-09 14:00:00,52681.0,52705.0,52674.0,52686.0,756.0
2026-07-09 14:05:00,52686.0,52727.0,52679.0,52698.0,926.0
2026-07-09 14:10:00,52697.0,52728.0,52678.0,52713.0,891.0
2026-07-09 14:15:00,52713.0,52716.0,52634.0,52647.0,1068.0
2026-07-09 14:20:00,52648.0,52691.0,52624.0,52665.0,889.0
2026-07-09 14:25:00,52668.0,52746.0,52653.0,52721.0,870.0
2026-07-09 14:30:00,52722.0,52727.0,52694.0,52722.0,656.0
2026-07-09 14:35:00,52723.0,52769.0,52711.0,52762.0,713.0
2026-07-09 14:40:00,52761.0,52768.0,52735.0,52742.0,787.0
2026-07-09 14:45:00,52743.0,52757.0,52689.0,52694.0,574.0
2026-07-09 14:50:00,52696.0,52714.0,52675.0,52713.0,512.0
2026-07-09 14:55:00,52714.0,52778.0,52702.0,52775.0,618.0
2026-07-09 15:00:00,52777.0,52780.0,52753.0,52759.0,415.0
2026-07-09 15:05:00,52759.0,52791.0,52742.0,52770.0,542.0
2026-07-09 15:10:00,52771.0,52775.0,52716.0,52725.0,565.0
2026-07-09 15:15:00,52726.0,52753.0,52718.0,52748.0,435.0
2026-07-09 15:20:00,52746.0,52784.0,52744.0,52774.0,501.0
2026-07-09 15:25:00,52772.0,52779.0,52757.0,52766.0,271.0
2026-07-09 15:30:00,52769.0,52769.0,52742.0,52760.0,398.0
2026-07-09 15:35:00,52759.0,52809.0,52754.0,52802.0,536.0
2026-07-09 15:40:00,52805.0,52847.0,52792.0,52847.0,584.0
2026-07-09 15:45:00,52845.0,52853.0,52800.0,52811.0,508.0
2026-07-09 15:50:00,52814.0,52817.0,52787.0,52791.0,279.0
2026-07-09 15:55:00,52790.0,52804.0,52763.0,52774.0,318.0
2026-07-09 16:00:00,52775.0,52817.0,52775.0,52815.0,448.0
2026-07-09 16:05:00,52814.0,52828.0,52805.0,52811.0,286.0
2026-07-09 16:10:00,52812.0,52836.0,52808.0,52836.0,251.0
2026-07-09 16:15:00,52836.0,52837.0,52816.0,52826.0,263.0
2026-07-09 16:20:00,52825.0,52859.0,52822.0,52850.0,322.0
2026-07-09 16:25:00,52851.0,52865.0,52848.0,52856.0,238.0
2026-07-09 16:30:00,52855.0,52862.0,52833.0,52833.0,395.0
2026-07-09 16:35:00,52835.0,52844.0,52821.0,52832.0,225.0
2026-07-09 16:40:00,52833.0,52833.0,52807.0,52813.0,260.0
2026-07-09 16:45:00,52815.0,52820.0,52789.0,52805.0,266.0
2026-07-09 16:50:00,52801.0,52807.0,52778.0,52782.0,333.0
2026-07-09 16:55:00,52780.0,52803.0,52775.0,52802.0,298.0
2026-07-09 17:00:00,52803.0,52820.0,52795.0,52800.0,307.0
2026-07-09 17:05:00,52797.0,52811.0,52791.0,52801.0,421.0
2026-07-09 17:10:00,52805.0,52813.0,52783.0,52788.0,283.0
2026-07-09 17:15:00,52787.0,52805.0,52782.0,52797.0,325.0
2026-07-09 17:20:00,52796.0,52808.0,52784.0,52793.0,287.0
2026-07-09 17:25:00,52790.0,52830.0,52790.0,52823.0,394.0
2026-07-09 17:30:00,52824.0,52841.0,52812.0,52831.0,298.0
2026-07-09 17:35:00,52829.0,52840.0,52821.0,52831.0,174.0
2026-07-09 17:40:00,52829.0,52836.0,52815.0,52828.0,253.0
2026-07-09 17:45:00,52829.0,52841.0,52825.0,52837.0,179.0
2026-07-09 17:50:00,52839.0,52847.0,52833.0,52833.0,175.0
2026-07-09 17:55:00,52832.0,52834.0,52805.0,52817.0,420.0
2026-07-09 18:00:00,52816.0,52828.0,52809.0,52819.0,235.0
2026-07-09 18:05:00,52821.0,52842.0,52819.0,52830.0,285.0
2026-07-09 18:10:00,52829.0,52853.0,52822.0,52826.0,358.0
2026-07-09 18:15:00,52828.0,52839.0,52813.0,52813.0,356.0
2026-07-09 18:20:00,52813.0,52814.0,52784.0,52784.0,362.0
2026-07-09 18:25:00,52786.0,52790.0,52765.0,52777.0,318.0
2026-07-09 18:30:00,52780.0,52785.0,52762.0,52769.0,377.0
2026-07-09 18:35:00,52767.0,52778.0,52753.0,52759.0,307.0
2026-07-09 18:40:00,52756.0,52768.0,52746.0,52759.0,220.0
2026-07-09 18:45:00,52757.0,52762.0,52740.0,52760.0,319.0
2026-07-09 18:50:00,52761.0,52764.0,52749.0,52752.0,200.0
2026-07-09 18:55:00,52753.0,52764.0,52741.0,52755.0,309.0
2026-07-09 19:00:00,52756.0,52762.0,52744.0,52751.0,294.0
2026-07-09 19:05:00,52752.0,52754.0,52712.0,52718.0,383.0
2026-07-09 19:10:00,52716.0,52736.0,52713.0,52729.0,274.0
2026-07-09 19:15:00,52728.0,52747.0,52723.0,52725.0,380.0
2026-07-09 19:20:00,52726.0,52734.0,52708.0,52713.0,337.0
2026-07-09 19:25:00,52713.0,52735.0,52713.0,52715.0,347.0
2026-07-09 19:30:00,52713.0,52724.0,52700.0,52717.0,494.0
2026-07-09 19:35:00,52719.0,52726.0,52698.0,52709.0,551.0
2026-07-09 19:40:00,52708.0,52736.0,52708.0,52722.0,539.0
2026-07-09 19:45:00,52722.0,52728.0,52705.0,52710.0,733.0
2026-07-09 19:50:00,52711.0,52739.0,52703.0,52731.0,1374.0
2026-07-09 19:55:00,52734.0,52776.0,52723.0,52768.0,3450.0
2026-07-09 20:00:00,52770.0,52781.0,52746.0,52781.0,858.0
2026-07-09 20:05:00,52779.0,52786.0,52771.0,52778.0,157.0
2026-07-09 20:10:00,52777.0,52777.0,52756.0,52766.0,284.0
2026-07-09 20:15:00,52767.0,52785.0,52766.0,52779.0,214.0
2026-07-09 20:20:00,52775.0,52775.0,52761.0,52761.0,55.0
2026-07-09 20:25:00,52761.0,52762.0,52756.0,52761.0,38.0
2026-07-09 20:30:00,52760.0,52768.0,52758.0,52766.0,61.0
2026-07-09 20:35:00,52767.0,52768.0,52757.0,52761.0,43.0
2026-07-09 20:40:00,52760.0,52761.0,52752.0,52752.0,58.0
2026-07-09 20:45:00,52754.0,52754.0,52747.0,52751.0,21.0
2026-07-09 20:50:00,52750.0,52750.0,52727.0,52737.0,102.0
2026-07-09 20:55:00,52739.0,52739.0,52711.0,52715.0,104.0
2026-07-09 22:00:00,52753.0,52754.0,52710.0,52747.0,0.0
2026-07-09 22:05:00,52732.0,52743.0,52721.0,52723.0,28.0
2026-07-09 22:10:00,52721.0,52727.0,52715.0,52720.0,24.0
2026-07-09 22:15:00,52718.0,52732.0,52718.0,52731.0,23.0
2026-07-09 22:20:00,52733.0,52743.0,52732.0,52739.0,25.0
2026-07-09 22:25:00,52742.0,52748.0,52737.0,52744.0,23.0
2026-07-09 22:30:00,52743.0,52753.0,52742.0,52752.0,34.0
2026-07-09 22:35:00,52748.0,52756.0,52748.0,52748.0,26.0
2026-07-09 22:40:00,52751.0,52751.0,52743.0,52743.0,13.0
2026-07-09 22:45:00,52741.0,52751.0,52741.0,52750.0,16.0
2026-07-09 22:50:00,52751.0,52753.0,52744.0,52744.0,7.0
2026-07-09 22:55:00,52746.0,52748.0,52743.0,52745.0,6.0
2026-07-09 23:00:00,52749.0,52750.0,52741.0,52748.0,13.0
2026-07-09 23:05:00,52753.0,52761.0,52750.0,52760.0,38.0
2026-07-09 23:10:00,52759.0,52763.0,52755.0,52758.0,13.0
2026-07-09 23:15:00,52756.0,52758.0,52755.0,52755.0,8.0
2026-07-09 23:20:00,52757.0,52763.0,52754.0,52763.0,14.0
2026-07-09 23:25:00,52763.0,52767.0,52759.0,52767.0,25.0
2026-07-09 23:30:00,52765.0,52766.0,52758.0,52759.0,15.0
2026-07-09 23:35:00,52760.0,52763.0,52758.0,52763.0,18.0
2026-07-09 23:40:00,52764.0,52764.0,52755.0,52758.0,14.0
2026-07-09 23:45:00,52754.0,52754.0,52732.0,52737.0,39.0
2026-07-09 23:50:00,52739.0,52751.0,52739.0,52751.0,20.0
2026-07-09 23:55:00,52754.0,52757.0,52747.0,52751.0,20.0
2026-07-10 00:00:00,52750.0,52752.0,52724.0,52729.0,63.0
2026-07-10 00:05:00,52732.0,52739.0,52729.0,52739.0,59.0
2026-07-10 00:10:00,52741.0,52744.0,52730.0,52733.0,57.0
2026-07-10 00:15:00,52734.0,52742.0,52733.0,52734.0,44.0
2026-07-10 00:20:00,52736.0,52741.0,52730.0,52738.0,61.0
2026-07-10 00:25:00,52738.0,52752.0,52737.0,52751.0,71.0
2026-07-10 00:30:00,52751.0,52753.0,52734.0,52736.0,96.0
2026-07-10 00:35:00,52739.0,52741.0,52724.0,52726.0,67.0
2026-07-10 00:40:00,52727.0,52729.0,52720.0,52724.0,48.0
2026-07-10 00:45:00,52724.0,52727.0,52717.0,52725.0,72.0
2026-07-10 00:50:00,52724.0,52724.0,52714.0,52714.0,39.0
2026-07-10 00:55:00,52714.0,52732.0,52714.0,52732.0,32.0
2026-07-10 01:00:00,52733.0,52743.0,52733.0,52736.0,48.0
2026-07-10 01:05:00,52737.0,52744.0,52734.0,52741.0,43.0
2026-07-10 01:10:00,52741.0,52741.0,52723.0,52733.0,39.0
2026-07-10 01:15:00,52730.0,52739.0,52730.0,52732.0,67.0
2026-07-10 01:20:00,52734.0,52734.0,52727.0,52731.0,46.0
2026-07-10 01:25:00,52733.0,52740.0,52729.0,52740.0,30.0
2026-07-10 01:30:00,52739.0,52739.0,52730.0,52738.0,74.0
2026-07-10 01:35:00,52739.0,52740.0,52732.0,52733.0,58.0
2026-07-10 01:40:00,52732.0,52735.0,52728.0,52729.0,28.0
2026-07-10 01:45:00,52729.0,52737.0,52721.0,52735.0,74.0
2026-07-10 01:50:00,52736.0,52736.0,52727.0,52730.0,47.0
2026-07-10 01:55:00,52732.0,52740.0,52732.0,52732.0,29.0
2026-07-10 02:00:00,52732.0,52732.0,52717.0,52732.0,32.0
2026-07-10 02:05:00,52735.0,52744.0,52735.0,52741.0,35.0
2026-07-10 02:10:00,52743.0,52743.0,52738.0,52742.0,34.0
2026-07-10 02:15:00,52743.0,52746.0,52741.0,52741.0,33.0
2026-07-10 02:20:00,52742.0,52743.0,52728.0,52734.0,28.0
2026-07-10 02:25:00,52733.0,52734.0,52729.0,52732.0,25.0
2026-07-10 02:30:00,52734.0,52734.0,52721.0,52722.0,45.0
2026-07-10 02:35:00,52722.0,52728.0,52716.0,52728.0,51.0
2026-07-10 02:40:00,52731.0,52740.0,52731.0,52733.0,53.0
2026-07-10 02:45:00,52735.0,52737.0,52729.0,52734.0,46.0
2026-07-10 02:50:00,52735.0,52743.0,52733.0,52742.0,61.0
2026-07-10 02:55:00,52740.0,52744.0,52738.0,52743.0,42.0
2026-07-10 03:00:00,52743.0,52748.0,52743.0,52747.0,21.0
2026-07-10 03:05:00,52746.0,52760.0,52746.0,52758.0,25.0
2026-07-10 03:10:00,52761.0,52762.0,52747.0,52752.0,57.0
2026-07-10 03:15:00,52749.0,52750.0,52746.0,52748.0,18.0
2026-07-10 03:20:00,52749.0,52749.0,52741.0,52743.0,38.0
2026-07-10 03:25:00,52744.0,52745.0,52737.0,52738.0,26.0
2026-07-10 03:30:00,52737.0,52740.0,52734.0,52737.0,24.0
2026-07-10 03:35:00,52733.0,52737.0,52730.0,52731.0,26.0
2026-07-10 03:40:00,52734.0,52737.0,52733.0,52736.0,18.0
2026-07-10 03:45:00,52735.0,52742.0,52733.0,52741.0,37.0
2026-07-10 03:50:00,52738.0,52738.0,52734.0,52738.0,20.0
2026-07-10 03:55:00,52735.0,52740.0,52730.0,52738.0,32.0
2026-07-10 04:00:00,52736.0,52741.0,52734.0,52741.0,17.0
2026-07-10 04:05:00,52741.0,52741.0,52734.0,52739.0,17.0
2026-07-10 04:10:00,52735.0,52737.0,52732.0,52733.0,22.0
2026-07-10 04:15:00,52733.0,52733.0,52728.0,52729.0,11.0
2026-07-10 04:20:00,52729.0,52729.0,52718.0,52719.0,29.0
2026-07-10 04:25:00,52717.0,52721.0,52713.0,52715.0,34.0
2026-07-10 04:30:00,52715.0,52718.0,52704.0,52712.0,122.0
2026-07-10 04:35:00,52712.0,52715.0,52709.0,52709.0,30.0
2026-07-10 04:40:00,52711.0,52717.0,52709.0,52717.0,10.0
2026-07-10 04:45:00,52718.0,52718.0,52713.0,52717.0,16.0
2026-07-10 04:50:00,52715.0,52717.0,52712.0,52717.0,19.0
2026-07-10 04:55:00,52716.0,52716.0,52710.0,52711.0,18.0
2026-07-10 05:00:00,52708.0,52714.0,52705.0,52707.0,33.0
2026-07-10 05:05:00,52709.0,52711.0,52706.0,52710.0,15.0
2026-07-10 05:10:00,52715.0,52718.0,52715.0,52717.0,7.0
2026-07-10 05:15:00,52717.0,52726.0,52717.0,52725.0,30.0
2026-07-10 05:20:00,52724.0,52727.0,52719.0,52719.0,16.0
2026-07-10 05:25:00,52723.0,52725.0,52720.0,52724.0,26.0
2026-07-10 05:30:00,52722.0,52724.0,52719.0,52724.0,32.0
2026-07-10 05:35:00,52725.0,52726.0,52719.0,52720.0,54.0
2026-07-10 05:40:00,52718.0,52730.0,52718.0,52726.0,48.0
2026-07-10 05:45:00,52726.0,52735.0,52726.0,52734.0,16.0
2026-07-10 05:50:00,52733.0,52746.0,52731.0,52745.0,70.0
2026-07-10 05:55:00,52743.0,52745.0,52740.0,52743.0,21.0
2026-07-10 06:00:00,52745.0,52801.0,52745.0,52800.0,255.0
2026-07-10 06:05:00,52801.0,52818.0,52794.0,52813.0,203.0
2026-07-10 06:10:00,52812.0,52812.0,52788.0,52791.0,116.0
2026-07-10 06:15:00,52792.0,52805.0,52778.0,52799.0,98.0
2026-07-10 06:20:00,52799.0,52799.0,52775.0,52775.0,110.0
2026-07-10 06:25:00,52775.0,52782.0,52765.0,52781.0,82.0
2026-07-10 06:30:00,52782.0,52817.0,52780.0,52785.0,77.0
2026-07-10 06:35:00,52783.0,52784.0,52772.0,52776.0,36.0
2026-07-10 06:40:00,52769.0,52777.0,52765.0,52765.0,39.0
2026-07-10 06:45:00,52765.0,52773.0,52765.0,52772.0,40.0
2026-07-10 06:50:00,52772.0,52778.0,52767.0,52778.0,32.0
2026-07-10 06:55:00,52781.0,52792.0,52777.0,52786.0,38.0
2026-07-10 07:00:00,52788.0,52805.0,52781.0,52789.0,253.0
2026-07-10 07:05:00,52796.0,52811.0,52792.0,52811.0,58.0
2026-07-10 07:10:00,52813.0,52832.0,52806.0,52831.0,83.0
2026-07-10 07:15:00,52831.0,52842.0,52825.0,52839.0,121.0
2026-07-10 07:20:00,52840.0,52847.0,52833.0,52844.0,46.0
2026-07-10 07:25:00,52844.0,52845.0,52825.0,52835.0,95.0
2026-07-10 07:30:00,52837.0,52839.0,52822.0,52830.0,64.0
2026-07-10 07:35:00,52831.0,52842.0,52828.0,52842.0,30.0
2026-07-10 07:40:00,52837.0,52843.0,52834.0,52834.0,25.0
2026-07-10 07:45:00,52832.0,52832.0,52785.0,52793.0,221.0
2026-07-10 07:50:00,52795.0,52795.0,52784.0,52786.0,87.0
2026-07-10 07:55:00,52789.0,52810.0,52786.0,52807.0,75.0
2026-07-10 08:00:00,52809.0,52822.0,52790.0,52816.0,309.0
2026-07-10 08:05:00,52821.0,52869.0,52818.0,52849.0,242.0
2026-07-10 08:10:00,52849.0,52867.0,52842.0,52850.0,130.0
2026-07-10 08:15:00,52850.0,52850.0,52823.0,52826.0,293.0
2026-07-10 08:20:00,52826.0,52840.0,52824.0,52828.0,172.0
2026-07-10 08:25:00,52828.0,52834.0,52822.0,52825.0,110.0
2026-07-10 08:30:00,52823.0,52823.0,52799.0,52815.0,154.0
2026-07-10 08:35:00,52817.0,52823.0,52798.0,52800.0,163.0
2026-07-10 08:40:00,52799.0,52810.0,52791.0,52803.0,106.0
2026-07-10 08:45:00,52803.0,52804.0,52783.0,52785.0,110.0
2026-07-10 08:50:00,52784.0,52803.0,52769.0,52777.0,150.0
2026-07-10 08:55:00,52774.0,52803.0,52773.0,52799.0,172.0
2026-07-10 09:00:00,52799.0,52828.0,52780.0,52827.0,235.0
2026-07-10 09:05:00,52826.0,52834.0,52818.0,52834.0,73.0
2026-07-10 09:10:00,52831.0,52847.0,52828.0,52844.0,54.0
2026-07-10 09:15:00,52842.0,52849.0,52835.0,52843.0,122.0
2026-07-10 09:20:00,52845.0,52846.0,52822.0,52822.0,65.0
2026-07-10 09:25:00,52821.0,52827.0,52815.0,52826.0,36.0
2026-07-10 09:30:00,52827.0,52831.0,52820.0,52825.0,17.0
2026-07-10 09:35:00,52821.0,52821.0,52812.0,52813.0,18.0
2026-07-10 09:40:00,52812.0,52812.0,52793.0,52802.0,58.0
2026-07-10 09:45:00,52802.0,52818.0,52800.0,52817.0,59.0
2026-07-10 09:50:00,52822.0,52835.0,52822.0,52826.0,56.0
2026-07-10 09:55:00,52827.0,52831.0,52818.0,52818.0,20.0
2026-07-10 10:00:00,52822.0,52847.0,52822.0,52844.0,114.0
2026-07-10 10:05:00,52847.0,52864.0,52846.0,52860.0,139.0
2026-07-10 10:10:00,52859.0,52865.0,52851.0,52854.0,108.0
2026-07-10 10:15:00,52852.0,52866.0,52852.0,52866.0,59.0
2026-07-10 10:20:00,52868.0,52880.0,52858.0,52870.0,383.0
2026-07-10 10:25:00,52869.0,52876.0,52863.0,52874.0,53.0
2026-07-10 10:30:00,52879.0,52895.0,52879.0,52887.0,160.0
2026-07-10 10:35:00,52889.0,52892.0,52883.0,52886.0,61.0
2026-07-10 10:40:00,52887.0,52895.0,52873.0,52894.0,65.0
2026-07-10 10:45:00,52892.0,52892.0,52871.0,52876.0,44.0
2026-07-10 10:50:00,52876.0,52876.0,52859.0,52865.0,63.0
2026-07-10 10:55:00,52864.0,52885.0,52864.0,52883.0,52.0
2026-07-10 11:00:00,52882.0,52887.0,52862.0,52862.0,134.0
2026-07-10 11:05:00,52863.0,52871.0,52858.0,52869.0,58.0
2026-07-10 11:10:00,52870.0,52875.0,52865.0,52865.0,90.0
2026-07-10 11:15:00,52864.0,52881.0,52864.0,52873.0,129.0
2026-07-10 11:20:00,52876.0,52884.0,52872.0,52881.0,92.0
2026-07-10 11:25:00,52882.0,52882.0,52851.0,52851.0,143.0
2026-07-10 11:30:00,52854.0,52855.0,52820.0,52823.0,130.0
2026-07-10 11:35:00,52821.0,52822.0,52803.0,52808.0,177.0
2026-07-10 11:40:00,52808.0,52824.0,52801.0,52824.0,106.0
2026-07-10 11:45:00,52825.0,52837.0,52825.0,52835.0,71.0
2026-07-10 11:50:00,52833.0,52846.0,52831.0,52836.0,36.0
2026-07-10 11:55:00,52834.0,52838.0,52818.0,52823.0,113.0
2026-07-10 12:00:00,52824.0,52829.0,52796.0,52802.0,150.0
2026-07-10 12:05:00,52801.0,52826.0,52785.0,52825.0,156.0
2026-07-10 12:10:00,52829.0,52952.0,52829.0,52894.0,1345.0
2026-07-10 12:15:00,52898.0,52909.0,52871.0,52874.0,314.0
2026-07-10 12:20:00,52873.0,52878.0,52845.0,52878.0,156.0
2026-07-10 12:25:00,52876.0,52878.0,52859.0,52859.0,139.0
2026-07-10 12:30:00,52867.0,52867.0,52839.0,52843.0,75.0
2026-07-10 12:35:00,52844.0,52885.0,52832.0,52883.0,171.0
2026-07-10 12:40:00,52887.0,52904.0,52875.0,52888.0,246.0
2026-07-10 12:45:00,52892.0,52910.0,52888.0,52894.0,124.0
2026-07-10 12:50:00,52889.0,52895.0,52881.0,52889.0,145.0
2026-07-10 12:55:00,52888.0,52902.0,52884.0,52886.0,117.0
2026-07-10 13:00:00,52884.0,52902.0,52875.0,52891.0,166.0
2026-07-10 13:05:00,52893.0,52906.0,52889.0,52902.0,87.0
2026-07-10 13:10:00,52901.0,52937.0,52894.0,52936.0,213.0
2026-07-10 13:15:00,52934.0,52937.0,52910.0,52914.0,230.0
2026-07-10 13:20:00,52915.0,52932.0,52915.0,52932.0,136.0
2026-07-10 13:25:00,52929.0,52932.0,52889.0,52907.0,550.0
2026-07-10 13:30:00,52909.0,52916.0,52783.0,52798.0,4183.0
2026-07-10 13:35:00,52801.0,52867.0,52781.0,52866.0,2085.0
2026-07-10 13:40:00,52865.0,52872.0,52771.0,52839.0,1646.0
2026-07-10 13:45:00,52840.0,52844.0,52787.0,52789.0,1145.0
2026-07-10 13:50:00,52788.0,52834.0,52774.0,52810.0,913.0
2026-07-10 13:55:00,52812.0,52830.0,52789.0,52815.0,749.0
2026-07-10 14:00:00,52814.0,52829.0,52791.0,52810.0,865.0
2026-07-10 14:05:00,52810.0,52827.0,52773.0,52780.0,722.0
2026-07-10 14:10:00,52779.0,52784.0,52716.0,52718.0,863.0
2026-07-10 14:15:00,52716.0,52831.0,52703.0,52827.0,1135.0
2026-07-10 14:20:00,52830.0,52855.0,52818.0,52819.0,1017.0
2026-07-10 14:25:00,52819.0,52860.0,52806.0,52828.0,585.0
2026-07-10 14:30:00,52828.0,52845.0,52506.0,52699.0,4087.0
2026-07-10 14:35:00,52697.0,52807.0,52673.0,52759.0,1508.0
2026-07-10 14:40:00,52759.0,52832.0,52755.0,52827.0,834.0
2026-07-10 14:45:00,52826.0,52833.0,52788.0,52825.0,876.0
2026-07-10 14:50:00,52829.0,52850.0,52821.0,52823.0,557.0
2026-07-10 14:55:00,52823.0,52824.0,52756.0,52786.0,678.0
2026-07-10 15:00:00,52787.0,52826.0,52779.0,52802.0,583.0
2026-07-10 15:05:00,52801.0,52836.0,52795.0,52834.0,468.0
2026-07-10 15:10:00,52833.0,52849.0,52817.0,52845.0,585.0
2026-07-10 15:15:00,52850.0,52908.0,52849.0,52887.0,1028.0
2026-07-10 15:20:00,52888.0,52909.0,52848.0,52896.0,802.0
2026-07-10 15:25:00,52897.0,52929.0,52883.0,52900.0,740.0
2026-07-10 15:30:00,52902.0,52906.0,52864.0,52873.0,587.0
2026-07-10 15:35:00,52874.0,52884.0,52852.0,52857.0,469.0
2026-07-10 15:40:00,52856.0,52880.0,52836.0,52867.0,530.0
2026-07-10 15:45:00,52867.0,52868.0,52836.0,52849.0,357.0
2026-07-10 15:50:00,52849.0,52894.0,52843.0,52894.0,266.0
2026-07-10 15:55:00,52893.0,52895.0,52864.0,52867.0,258.0
2026-07-10 16:00:00,52867.0,52897.0,52851.0,52861.0,403.0
2026-07-10 16:05:00,52861.0,52862.0,52829.0,52845.0,238.0
2026-07-10 16:10:00,52838.0,52869.0,52838.0,52868.0,282.0
2026-07-10 16:15:00,52870.0,52893.0,52854.0,52858.0,245.0
2026-07-10 16:20:00,52862.0,52863.0,52824.0,52833.0,335.0
2026-07-10 16:25:00,52837.0,52841.0,52818.0,52839.0,274.0
2026-07-10 16:30:00,52839.0,52872.0,52838.0,52848.0,169.0
2026-07-10 16:35:00,52846.0,52849.0,52813.0,52841.0,204.0
2026-07-10 16:40:00,52842.0,52873.0,52839.0,52869.0,210.0
2026-07-10 16:45:00,52867.0,52889.0,52866.0,52882.0,234.0
2026-07-10 16:50:00,52882.0,52898.0,52879.0,52897.0,265.0
2026-07-10 16:55:00,52896.0,52911.0,52896.0,52898.0,259.0
2026-07-10 17:00:00,52900.0,52902.0,52879.0,52890.0,289.0
2026-07-10 17:05:00,52891.0,52894.0,52883.0,52883.0,102.0
2026-07-10 17:10:00,52885.0,52907.0,52879.0,52905.0,155.0
2026-07-10 17:15:00,52904.0,52929.0,52904.0,52911.0,250.0
2026-07-10 17:20:00,52913.0,52917.0,52893.0,52898.0,218.0
2026-07-10 17:25:00,52897.0,52901.0,52886.0,52898.0,168.0
2026-07-10 17:30:00,52898.0,52912.0,52894.0,52912.0,228.0
2026-07-10 17:35:00,52912.0,52931.0,52908.0,52908.0,250.0
2026-07-10 17:40:00,52910.0,52916.0,52901.0,52906.0,244.0
2026-07-10 17:45:00,52906.0,52934.0,52903.0,52921.0,361.0
2026-07-10 17:50:00,52920.0,52943.0,52919.0,52932.0,196.0
2026-07-10 17:55:00,52932.0,52934.0,52903.0,52905.0,165.0
2026-07-10 18:00:00,52908.0,52913.0,52886.0,52904.0,281.0
2026-07-10 18:05:00,52905.0,52924.0,52903.0,52918.0,208.0
2026-07-10 18:10:00,52921.0,52942.0,52911.0,52920.0,771.0
2026-07-10 18:15:00,52921.0,52925.0,52914.0,52922.0,216.0
2026-07-10 18:20:00,52920.0,52933.0,52913.0,52927.0,174.0
2026-07-10 18:25:00,52930.0,52950.0,52925.0,52938.0,512.0
2026-07-10 18:30:00,52940.0,52954.0,52934.0,52935.0,239.0
2026-07-10 18:35:00,52934.0,52943.0,52928.0,52935.0,138.0
2026-07-10 18:40:00,52934.0,52955.0,52934.0,52948.0,166.0
2026-07-10 18:45:00,52949.0,52954.0,52946.0,52949.0,120.0
2026-07-10 18:50:00,52946.0,52948.0,52933.0,52945.0,169.0
2026-07-10 18:55:00,52944.0,52952.0,52939.0,52945.0,187.0
2026-07-10 19:00:00,52945.0,52961.0,52940.0,52957.0,264.0
2026-07-10 19:05:00,52957.0,52973.0,52955.0,52973.0,283.0
2026-07-10 19:10:00,52974.0,52985.0,52974.0,52975.0,297.0
2026-07-10 19:15:00,52974.0,52984.0,52965.0,52966.0,235.0
2026-07-10 19:20:00,52964.0,52975.0,52960.0,52975.0,268.0
2026-07-10 19:25:00,52973.0,52981.0,52967.0,52967.0,200.0
2026-07-10 19:30:00,52968.0,52968.0,52940.0,52949.0,618.0
2026-07-10 19:35:00,52950.0,52954.0,52939.0,52948.0,424.0
2026-07-10 19:40:00,52948.0,52966.0,52940.0,52963.0,551.0
2026-07-10 19:45:00,52962.0,52974.0,52956.0,52963.0,431.0
2026-07-10 19:50:00,52963.0,52979.0,52956.0,52962.0,866.0
2026-07-10 19:55:00,52961.0,52967.0,52893.0,52915.0,2741.0
2026-07-10 20:00:00,52916.0,52960.0,52909.0,52945.0,679.0
2026-07-10 20:05:00,52945.0,52951.0,52941.0,52950.0,122.0
2026-07-10 20:10:00,52948.0,52961.0,52946.0,52957.0,135.0
2026-07-10 20:15:00,52955.0,52967.0,52955.0,52961.0,150.0
2026-07-10 20:20:00,52962.0,52970.0,52957.0,52967.0,183.0
2026-07-10 20:25:00,52963.0,52970.0,52960.0,52966.0,93.0
2026-07-10 20:30:00,52964.0,52974.0,52951.0,52956.0,106.0
2026-07-10 20:35:00,52957.0,52967.0,52957.0,52962.0,60.0
2026-07-10 20:40:00,52964.0,52969.0,52964.0,52966.0,29.0
2026-07-10 20:45:00,52968.0,52978.0,52968.0,52978.0,90.0
2026-07-10 20:50:00,52980.0,52986.0,52977.0,52986.0,65.0
2026-07-10 20:55:00,52986.0,52992.0,52906.0,52906.0,116.0
2026-07-12 22:10:00,52800.0,52812.0,52757.0,52757.0,133.0
2026-07-12 22:15:00,52759.0,52782.0,52753.0,52754.0,113.0
2026-07-12 22:20:00,52762.0,52780.0,52751.0,52768.0,75.0
2026-07-12 22:25:00,52775.0,52788.0,52766.0,52779.0,33.0
2026-07-12 22:30:00,52787.0,52810.0,52787.0,52800.0,47.0
2026-07-12 22:35:00,52806.0,52809.0,52793.0,52804.0,28.0
2026-07-12 22:40:00,52807.0,52811.0,52798.0,52811.0,25.0
2026-07-12 22:45:00,52807.0,52807.0,52795.0,52799.0,8.0
2026-07-12 22:50:00,52803.0,52815.0,52802.0,52814.0,14.0
2026-07-12 22:55:00,52812.0,52821.0,52811.0,52816.0,23.0
2026-07-12 23:00:00,52815.0,52816.0,52805.0,52808.0,24.0
2026-07-12 23:05:00,52810.0,52817.0,52810.0,52815.0,6.0
2026-07-12 23:10:00,52813.0,52818.0,52813.0,52815.0,31.0
2026-07-12 23:15:00,52818.0,52819.0,52811.0,52816.0,21.0
2026-07-12 23:20:00,52816.0,52816.0,52806.0,52808.0,13.0
2026-07-12 23:25:00,52808.0,52808.0,52801.0,52803.0,22.0
2026-07-12 23:30:00,52800.0,52805.0,52797.0,52799.0,27.0
2026-07-12 23:35:00,52798.0,52804.0,52793.0,52804.0,24.0
2026-07-12 23:40:00,52803.0,52804.0,52787.0,52790.0,23.0
2026-07-12 23:45:00,52788.0,52794.0,52774.0,52778.0,71.0
2026-07-12 23:50:00,52780.0,52809.0,52780.0,52794.0,40.0
2026-07-12 23:55:00,52795.0,52808.0,52789.0,52805.0,21.0
2026-07-13 00:00:00,52806.0,52812.0,52787.0,52800.0,258.0
2026-07-13 00:05:00,52798.0,52821.0,52798.0,52816.0,156.0
2026-07-13 00:10:00,52818.0,52843.0,52818.0,52831.0,180.0
2026-07-13 00:15:00,52832.0,52837.0,52801.0,52812.0,131.0
2026-07-13 00:20:00,52816.0,52819.0,52810.0,52818.0,58.0
2026-07-13 00:25:00,52816.0,52820.0,52807.0,52807.0,46.0
2026-07-13 00:30:00,52808.0,52814.0,52796.0,52796.0,128.0
2026-07-13 00:35:00,52797.0,52804.0,52794.0,52804.0,104.0
2026-07-13 00:40:00,52805.0,52808.0,52792.0,52801.0,163.0
2026-07-13 00:45:00,52803.0,52807.0,52791.0,52795.0,57.0
2026-07-13 00:50:00,52796.0,52796.0,52761.0,52770.0,210.0
2026-07-13 00:55:00,52769.0,52780.0,52767.0,52777.0,78.0
2026-07-13 01:00:00,52776.0,52777.0,52749.0,52750.0,222.0
2026-07-13 01:05:00,52752.0,52764.0,52741.0,52743.0,97.0
2026-07-13 01:10:00,52743.0,52750.0,52740.0,52743.0,139.0
2026-07-13 01:15:00,52742.0,52765.0,52740.0,52761.0,71.0
2026-07-13 01:20:00,52756.0,52760.0,52726.0,52732.0,78.0
2026-07-13 01:25:00,52731.0,52747.0,52725.0,52744.0,95.0
2026-07-13 01:30:00,52742.0,52747.0,52734.0,52735.0,81.0
2026-07-13 01:35:00,52737.0,52758.0,52735.0,52755.0,31.0
2026-07-13 01:40:00,52758.0,52758.0,52730.0,52738.0,46.0
2026-07-13 01:45:00,52737.0,52742.0,52733.0,52733.0,34.0
2026-07-13 01:50:00,52733.0,52736.0,52730.0,52735.0,110.0
2026-07-13 01:55:00,52735.0,52741.0,52722.0,52739.0,109.0
2026-07-13 02:00:00,52742.0,52744.0,52712.0,52713.0,91.0
2026-07-13 02:05:00,52715.0,52731.0,52715.0,52730.0,106.0
2026-07-13 02:10:00,52729.0,52737.0,52720.0,52720.0,73.0
2026-07-13 02:15:00,52719.0,52725.0,52713.0,52725.0,32.0
2026-07-13 02:20:00,52724.0,52734.0,52724.0,52733.0,41.0
2026-07-13 02:25:00,52735.0,52736.0,52726.0,52729.0,30.0
2026-07-13 02:30:00,52730.0,52733.0,52718.0,52731.0,52.0
2026-07-13 02:35:00,52736.0,52738.0,52731.0,52736.0,22.0
2026-07-13 02:40:00,52733.0,52735.0,52729.0,52732.0,17.0
2026-07-13 02:45:00,52731.0,52734.0,52726.0,52730.0,31.0
2026-07-13 02:50:00,52734.0,52737.0,52724.0,52727.0,25.0
2026-07-13 02:55:00,52728.0,52728.0,52717.0,52717.0,46.0
2026-07-13 03:00:00,52718.0,52718.0,52703.0,52706.0,56.0
2026-07-13 03:05:00,52705.0,52709.0,52703.0,52707.0,49.0
2026-07-13 03:10:00,52709.0,52715.0,52709.0,52713.0,58.0
2026-07-13 03:15:00,52712.0,52713.0,52706.0,52706.0,31.0
2026-07-13 03:20:00,52711.0,52711.0,52706.0,52709.0,23.0
2026-07-13 03:25:00,52710.0,52717.0,52710.0,52715.0,29.0
2026-07-13 03:30:00,52712.0,52716.0,52707.0,52709.0,37.0
2026-07-13 03:35:00,52708.0,52712.0,52703.0,52710.0,39.0
2026-07-13 03:40:00,52709.0,52714.0,52706.0,52709.0,29.0
2026-07-13 03:45:00,52705.0,52712.0,52703.0,52712.0,16.0
2026-07-13 03:50:00,52711.0,52711.0,52700.0,52700.0,26.0
2026-07-13 03:55:00,52702.0,52703.0,52689.0,52692.0,40.0
2026-07-13 04:00:00,52696.0,52699.0,52685.0,52685.0,104.0
2026-07-13 04:05:00,52687.0,52688.0,52680.0,52681.0,53.0
2026-07-13 04:10:00,52688.0,52690.0,52682.0,52683.0,92.0
2026-07-13 04:15:00,52683.0,52703.0,52682.0,52703.0,30.0
2026-07-13 04:20:00,52703.0,52713.0,52700.0,52704.0,64.0
2026-07-13 04:25:00,52703.0,52704.0,52692.0,52694.0,22.0
2026-07-13 04:30:00,52695.0,52703.0,52694.0,52701.0,37.0
2026-07-13 04:35:00,52700.0,52700.0,52686.0,52692.0,36.0
2026-07-13 04:40:00,52690.0,52690.0,52681.0,52685.0,33.0
2026-07-13 04:45:00,52684.0,52689.0,52676.0,52678.0,39.0
2026-07-13 04:50:00,52677.0,52690.0,52675.0,52687.0,23.0
2026-07-13 04:55:00,52686.0,52693.0,52686.0,52689.0,25.0
2026-07-13 05:00:00,52685.0,52689.0,52670.0,52674.0,91.0
2026-07-13 05:05:00,52674.0,52705.0,52669.0,52702.0,110.0
2026-07-13 05:10:00,52704.0,52722.0,52704.0,52716.0,75.0
2026-07-13 05:15:00,52717.0,52723.0,52703.0,52710.0,86.0
2026-07-13 05:20:00,52708.0,52711.0,52684.0,52692.0,142.0
2026-07-13 05:25:00,52691.0,52699.0,52685.0,52685.0,90.0
2026-07-13 05:30:00,52686.0,52695.0,52656.0,52695.0,168.0
2026-07-13 05:35:00,52696.0,52708.0,52693.0,52699.0,99.0
2026-07-13 05:40:00,52701.0,52706.0,52690.0,52693.0,36.0
2026-07-13 05:45:00,52688.0,52688.0,52667.0,52678.0,41.0
2026-07-13 05:50:00,52682.0,52702.0,52681.0,52692.0,62.0
2026-07-13 05:55:00,52688.0,52708.0,52684.0,52708.0,107.0
2026-07-13 06:00:00,52710.0,52735.0,52707.0,52729.0,120.0
2026-07-13 06:05:00,52733.0,52738.0,52715.0,52731.0,66.0
2026-07-13 06:10:00,52733.0,52734.0,52715.0,52717.0,83.0
2026-07-13 06:15:00,52722.0,52768.0,52722.0,52764.0,150.0
2026-07-13 06:20:00,52767.0,52795.0,52763.0,52786.0,169.0
2026-07-13 06:25:00,52787.0,52805.0,52787.0,52804.0,101.0
2026-07-13 06:30:00,52805.0,52806.0,52786.0,52786.0,53.0
2026-07-13 06:35:00,52779.0,52787.0,52772.0,52779.0,56.0
2026-07-13 06:40:00,52778.0,52794.0,52774.0,52791.0,58.0
2026-07-13 06:45:00,52791.0,52817.0,52788.0,52813.0,95.0
2026-07-13 06:50:00,52814.0,52822.0,52796.0,52803.0,90.0
2026-07-13 06:55:00,52801.0,52831.0,52800.0,52830.0,46.0
2026-07-13 07:00:00,52830.0,52872.0,52812.0,52864.0,388.0
2026-07-13 07:05:00,52865.0,52877.0,52860.0,52874.0,194.0
2026-07-13 07:10:00,52874.0,52892.0,52874.0,52890.0,145.0
2026-07-13 07:15:00,52888.0,52893.0,52842.0,52842.0,179.0
2026-07-13 07:20:00,52843.0,52861.0,52840.0,52851.0,124.0
2026-07-13 07:25:00,52852.0,52852.0,52827.0,52827.0,110.0
2026-07-13 07:30:00,52832.0,52832.0,52800.0,52820.0,194.0
2026-07-13 07:35:00,52823.0,52847.0,52820.0,52838.0,71.0
2026-07-13 07:40:00,52845.0,52861.0,52825.0,52833.0,99.0
2026-07-13 07:45:00,52837.0,52845.0,52830.0,52831.0,48.0
2026-07-13 07:50:00,52830.0,52856.0,52826.0,52856.0,58.0
2026-07-13 07:55:00,52857.0,52866.0,52849.0,52850.0,93.0
2026-07-13 08:00:00,52853.0,52892.0,52846.0,52885.0,207.0
2026-07-13 08:05:00,52887.0,52926.0,52887.0,52907.0,172.0
2026-07-13 08:10:00,52907.0,52915.0,52900.0,52915.0,164.0
2026-07-13 08:15:00,52915.0,52943.0,52913.0,52927.0,199.0
2026-07-13 08:20:00,52925.0,52930.0,52909.0,52912.0,106.0
2026-07-13 08:25:00,52911.0,52928.0,52907.0,52915.0,89.0
2026-07-13 08:30:00,52915.0,52932.0,52915.0,52918.0,47.0
2026-07-13 08:35:00,52921.0,52932.0,52918.0,52921.0,69.0
2026-07-13 08:40:00,52919.0,52927.0,52916.0,52925.0,35.0
2026-07-13 08:45:00,52923.0,52933.0,52922.0,52932.0,75.0
2026-07-13 08:50:00,52930.0,52945.0,52926.0,52938.0,109.0
2026-07-13 08:55:00,52940.0,52947.0,52936.0,52945.0,71.0
2026-07-13 09:00:00,52949.0,52954.0,52935.0,52943.0,90.0
2026-07-13 09:05:00,52941.0,52958.0,52937.0,52955.0,76.0
2026-07-13 09:10:00,52954.0,52954.0,52929.0,52934.0,76.0
2026-07-13 09:15:00,52940.0,52961.0,52935.0,52955.0,53.0
2026-07-13 09:20:00,52953.0,52961.0,52947.0,52957.0,38.0
2026-07-13 09:25:00,52957.0,52983.0,52957.0,52969.0,105.0
2026-07-13 09:30:00,52970.0,52981.0,52958.0,52961.0,89.0
2026-07-13 09:35:00,52959.0,52964.0,52941.0,52951.0,92.0
2026-07-13 09:40:00,52951.0,52953.0,52925.0,52934.0,145.0
2026-07-13 09:45:00,52934.0,52944.0,52930.0,52944.0,45.0
2026-07-13 09:50:00,52942.0,52944.0,52933.0,52937.0,53.0
2026-07-13 09:55:00,52938.0,52941.0,52923.0,52924.0,70.0
2026-07-13 10:00:00,52926.0,52928.0,52891.0,52908.0,204.0
2026-07-13 10:05:00,52910.0,52912.0,52899.0,52902.0,89.0
2026-07-13 10:10:00,52904.0,52919.0,52901.0,52917.0,79.0
2026-07-13 10:15:00,52918.0,52923.0,52913.0,52917.0,42.0
2026-07-13 10:20:00,52917.0,52917.0,52902.0,52902.0,58.0
2026-07-13 10:25:00,52902.0,52904.0,52890.0,52896.0,107.0
2026-07-13 10:30:00,52894.0,52900.0,52881.0,52895.0,129.0
2026-07-13 10:35:00,52895.0,52908.0,52895.0,52906.0,26.0
2026-07-13 10:40:00,52905.0,52908.0,52890.0,52897.0,14.0
2026-07-13 10:45:00,52894.0,52900.0,52884.0,52889.0,61.0
2026-07-13 10:50:00,52888.0,52899.0,52886.0,52892.0,41.0
2026-07-13 10:55:00,52890.0,52893.0,52880.0,52893.0,40.0
2026-07-13 11:00:00,52896.0,52898.0,52875.0,52884.0,148.0
2026-07-13 11:05:00,52884.0,52912.0,52884.0,52906.0,201.0
2026-07-13 11:10:00,52906.0,52906.0,52865.0,52873.0,126.0
2026-07-13 11:15:00,52871.0,52882.0,52858.0,52858.0,70.0
2026-07-13 11:20:00,52857.0,52872.0,52854.0,52870.0,50.0
2026-07-13 11:25:00,52871.0,52896.0,52871.0,52893.0,81.0
2026-07-13 11:30:00,52892.0,52895.0,52876.0,52890.0,86.0
2026-07-13 11:35:00,52899.0,52900.0,52874.0,52877.0,48.0
2026-07-13 11:40:00,52876.0,52881.0,52872.0,52877.0,34.0
2026-07-13 11:45:00,52877.0,52878.0,52857.0,52865.0,91.0
2026-07-13 11:50:00,52863.0,52864.0,52837.0,52843.0,129.0
2026-07-13 11:55:00,52837.0,52846.0,52830.0,52845.0,136.0
2026-07-13 12:00:00,52843.0,52852.0,52838.0,52845.0,154.0
2026-07-13 12:05:00,52848.0,52857.0,52840.0,52856.0,96.0
2026-07-13 12:10:00,52856.0,52878.0,52805.0,52816.0,328.0
2026-07-13 12:15:00,52824.0,52844.0,52821.0,52836.0,72.0
2026-07-13 12:20:00,52832.0,52836.0,52819.0,52826.0,71.0
2026-07-13 12:25:00,52828.0,52840.0,52821.0,52830.0,102.0
2026-07-13 12:30:00,52833.0,52833.0,52808.0,52825.0,144.0
2026-07-13 12:35:00,52825.0,52828.0,52813.0,52822.0,103.0
2026-07-13 12:40:00,52822.0,52840.0,52814.0,52830.0,125.0
2026-07-13 12:45:00,52832.0,52856.0,52832.0,52852.0,121.0
2026-07-13 12:50:00,52851.0,52866.0,52845.0,52858.0,170.0
2026-07-13 12:55:00,52862.0,52883.0,52860.0,52883.0,131.0
2026-07-13 13:00:00,52883.0,52905.0,52875.0,52878.0,143.0
2026-07-13 13:05:00,52876.0,52894.0,52866.0,52867.0,109.0
2026-07-13 13:10:00,52867.0,52872.0,52856.0,52869.0,148.0
2026-07-13 13:15:00,52868.0,52875.0,52856.0,52871.0,150.0
2026-07-13 13:20:00,52871.0,52891.0,52871.0,52878.0,265.0
2026-07-13 13:25:00,52868.0,52907.0,52864.0,52904.0,820.0
2026-07-13 13:30:00,52909.0,53070.0,52891.0,53016.0,4721.0
2026-07-13 13:35:00,53016.0,53060.0,52970.0,53003.0,2224.0
2026-07-13 13:40:00,53003.0,53020.0,52974.0,52976.0,1544.0
2026-07-13 13:45:00,52978.0,53035.0,52941.0,53020.0,1809.0
2026-07-13 13:50:00,53019.0,53099.0,52978.0,53090.0,1687.0
2026-07-13 13:55:00,53091.0,53111.0,53060.0,53086.0,1360.0
2026-07-13 14:00:00,53088.0,53113.0,52991.0,52995.0,1922.0
2026-07-13 14:05:00,52994.0,53000.0,52918.0,52937.0,1411.0
2026-07-13 14:10:00,52940.0,53010.0,52927.0,53003.0,765.0
2026-07-13 14:15:00,53002.0,53019.0,52793.0,52903.0,2851.0
2026-07-13 14:20:00,52904.0,52950.0,52847.0,52946.0,1067.0
2026-07-13 14:25:00,52942.0,52952.0,52919.0,52928.0,873.0
2026-07-13 14:30:00,52930.0,52933.0,52869.0,52878.0,674.0
2026-07-13 14:35:00,52879.0,52882.0,52827.0,52840.0,784.0
2026-07-13 14:40:00,52839.0,52849.0,52792.0,52807.0,687.0
2026-07-13 14:45:00,52807.0,52835.0,52771.0,52830.0,796.0
2026-07-13 14:50:00,52831.0,52841.0,52769.0,52808.0,588.0
2026-07-13 14:55:00,52808.0,52837.0,52796.0,52831.0,654.0
2026-07-13 15:00:00,52833.0,52858.0,52791.0,52795.0,650.0
2026-07-13 15:05:00,52796.0,52825.0,52781.0,52808.0,364.0
2026-07-13 15:10:00,52810.0,52823.0,52785.0,52805.0,392.0
2026-07-13 15:15:00,52806.0,52814.0,52780.0,52811.0,304.0
2026-07-13 15:20:00,52808.0,52813.0,52788.0,52798.0,320.0
2026-07-13 15:25:00,52796.0,52817.0,52769.0,52813.0,432.0
2026-07-13 15:30:00,52815.0,52815.0,52774.0,52785.0,378.0
2026-07-13 15:35:00,52785.0,52810.0,52781.0,52782.0,355.0
2026-07-13 15:40:00,52780.0,52791.0,52768.0,52768.0,229.0
2026-07-13 15:45:00,52766.0,52791.0,52765.0,52781.0,298.0
2026-07-13 15:50:00,52784.0,52803.0,52763.0,52793.0,309.0
2026-07-13 15:55:00,52793.0,52793.0,52744.0,52752.0,299.0
2026-07-13 16:00:00,52752.0,52768.0,52736.0,52757.0,323.0
2026-07-13 16:05:00,52756.0,52765.0,52742.0,52745.0,188.0
2026-07-13 16:10:00,52749.0,52767.0,52732.0,52734.0,213.0
2026-07-13 16:15:00,52733.0,52733.0,52690.0,52702.0,377.0
2026-07-13 16:20:00,52700.0,52720.0,52694.0,52694.0,404.0
2026-07-13 16:25:00,52695.0,52698.0,52629.0,52653.0,831.0
2026-07-13 16:30:00,52652.0,52659.0,52624.0,52629.0,755.0
2026-07-13 16:35:00,52630.0,52713.0,52603.0,52697.0,1149.0
2026-07-13 16:40:00,52694.0,52741.0,52682.0,52730.0,646.0
2026-07-13 16:45:00,52736.0,52747.0,52706.0,52712.0,459.0
2026-07-13 16:50:00,52711.0,52716.0,52669.0,52674.0,717.0
2026-07-13 16:55:00,52671.0,52712.0,52670.0,52711.0,432.0
2026-07-13 17:00:00,52711.0,52726.0,52706.0,52710.0,381.0
2026-07-13 17:05:00,52710.0,52742.0,52708.0,52738.0,348.0
2026-07-13 17:10:00,52738.0,52755.0,52735.0,52743.0,398.0
2026-07-13 17:15:00,52742.0,52771.0,52725.0,52762.0,436.0
2026-07-13 17:20:00,52761.0,52784.0,52736.0,52740.0,411.0
2026-07-13 17:25:00,52740.0,52752.0,52732.0,52742.0,280.0
2026-07-13 17:30:00,52742.0,52765.0,52736.0,52750.0,255.0
2026-07-13 17:35:00,52748.0,52753.0,52736.0,52751.0,217.0
2026-07-13 17:40:00,52750.0,52770.0,52739.0,52767.0,257.0
2026-07-13 17:45:00,52767.0,52790.0,52748.0,52751.0,351.0
2026-07-13 17:50:00,52751.0,52757.0,52730.0,52738.0,349.0
2026-07-13 17:55:00,52739.0,52742.0,52709.0,52714.0,277.0
2026-07-13 18:00:00,52718.0,52764.0,52714.0,52758.0,439.0
2026-07-13 18:05:00,52756.0,52784.0,52753.0,52759.0,336.0
2026-07-13 18:10:00,52756.0,52756.0,52726.0,52743.0,268.0
2026-07-13 18:15:00,52741.0,52742.0,52701.0,52708.0,254.0
2026-07-13 18:20:00,52710.0,52725.0,52693.0,52725.0,417.0
2026-07-13 18:25:00,52725.0,52738.0,52716.0,52722.0,243.0
2026-07-13 18:30:00,52723.0,52733.0,52710.0,52714.0,198.0
2026-07-13 18:35:00,52716.0,52740.0,52716.0,52733.0,243.0
2026-07-13 18:40:00,52729.0,52756.0,52723.0,52750.0,260.0
2026-07-13 18:45:00,52751.0,52752.0,52730.0,52738.0,249.0
2026-07-13 18:50:00,52741.0,52761.0,52731.0,52747.0,234.0
2026-07-13 18:55:00,52744.0,52761.0,52741.0,52751.0,179.0
2026-07-13 19:00:00,52752.0,52757.0,52726.0,52754.0,256.0
2026-07-13 19:05:00,52752.0,52757.0,52740.0,52740.0,164.0
2026-07-13 19:10:00,52740.0,52757.0,52728.0,52754.0,282.0
2026-07-13 19:15:00,52756.0,52777.0,52747.0,52765.0,282.0
2026-07-13 19:20:00,52762.0,52766.0,52735.0,52747.0,654.0
2026-07-13 19:25:00,52744.0,52747.0,52696.0,52707.0,734.0
2026-07-13 19:30:00,52706.0,52711.0,52694.0,52711.0,576.0
2026-07-13 19:35:00,52710.0,52710.0,52674.0,52699.0,580.0
2026-07-13 19:40:00,52698.0,52736.0,52698.0,52732.0,468.0
2026-07-13 19:45:00,52732.0,52750.0,52724.0,52744.0,502.0
2026-07-13 19:50:00,52743.0,52775.0,52730.0,52762.0,1190.0
2026-07-13 19:55:00,52760.0,52785.0,52752.0,52764.0,2732.0
2026-07-13 20:00:00,52765.0,52765.0,52730.0,52753.0,772.0
2026-07-13 20:05:00,52753.0,52762.0,52747.0,52755.0,119.0
2026-07-13 20:10:00,52756.0,52757.0,52726.0,52729.0,129.0
2026-07-13 20:15:00,52732.0,52735.0,52680.0,52710.0,483.0
2026-07-13 20:20:00,52712.0,52724.0,52712.0,52719.0,115.0
2026-07-13 20:25:00,52721.0,52721.0,52716.0,52718.0,46.0
2026-07-13 20:30:00,52718.0,52719.0,52700.0,52712.0,72.0
2026-07-13 20:35:00,52712.0,52715.0,52709.0,52711.0,69.0
2026-07-13 20:40:00,52711.0,52711.0,52699.0,52706.0,88.0
2026-07-13 20:45:00,52705.0,52714.0,52701.0,52712.0,81.0
2026-07-13 20:50:00,52711.0,52713.0,52701.0,52712.0,40.0
2026-07-13 20:55:00,52711.0,52728.0,52711.0,52720.0,101.0
2026-07-13 22:00:00,52731.0,52756.0,52725.0,52725.0,0.0
2026-07-13 22:05:00,52743.0,52747.0,52723.0,52726.0,21.0
2026-07-13 22:10:00,52731.0,52731.0,52716.0,52724.0,8.0
2026-07-13 22:15:00,52722.0,52730.0,52721.0,52729.0,12.0
2026-07-13 22:20:00,52728.0,52732.0,52721.0,52723.0,16.0
2026-07-13 22:25:00,52720.0,52723.0,52716.0,52723.0,15.0
2026-07-13 22:30:00,52719.0,52719.0,52704.0,52716.0,27.0
2026-07-13 22:35:00,52717.0,52719.0,52712.0,52713.0,9.0
2026-07-13 22:40:00,52712.0,52718.0,52708.0,52718.0,10.0
2026-07-13 22:45:00,52717.0,52725.0,52716.0,52722.0,10.0
2026-07-13 22:50:00,52718.0,52718.0,52699.0,52703.0,23.0
2026-07-13 22:55:00,52698.0,52698.0,52691.0,52695.0,32.0
2026-07-13 23:00:00,52692.0,52694.0,52669.0,52676.0,70.0
2026-07-13 23:05:00,52675.0,52678.0,52666.0,52673.0,48.0
2026-07-13 23:10:00,52671.0,52682.0,52657.0,52660.0,63.0
2026-07-13 23:15:00,52662.0,52667.0,52660.0,52663.0,15.0
2026-07-13 23:20:00,52667.0,52680.0,52667.0,52678.0,15.0
2026-07-13 23:25:00,52680.0,52689.0,52673.0,52673.0,31.0
2026-07-13 23:30:00,52670.0,52670.0,52664.0,52667.0,18.0
2026-07-13 23:35:00,52666.0,52673.0,52665.0,52668.0,32.0
2026-07-13 23:40:00,52667.0,52670.0,52647.0,52647.0,41.0
2026-07-13 23:45:00,52647.0,52663.0,52641.0,52648.0,60.0
2026-07-13 23:50:00,52647.0,52668.0,52646.0,52667.0,60.0
2026-07-13 23:55:00,52660.0,52695.0,52659.0,52693.0,63.0
2026-07-14 00:00:00,52695.0,52719.0,52636.0,52641.0,216.0
2026-07-14 00:05:00,52652.0,52667.0,52617.0,52637.0,164.0
2026-07-14 00:10:00,52646.0,52677.0,52639.0,52667.0,144.0
2026-07-14 00:15:00,52668.0,52679.0,52600.0,52600.0,161.0
2026-07-14 00:20:00,52596.0,52613.0,52573.0,52595.0,246.0
2026-07-14 00:25:00,52597.0,52602.0,52578.0,52597.0,89.0
2026-07-14 00:30:00,52602.0,52627.0,52590.0,52614.0,98.0
2026-07-14 00:35:00,52614.0,52628.0,52605.0,52612.0,82.0
2026-07-14 00:40:00,52611.0,52626.0,52570.0,52587.0,151.0
2026-07-14 00:45:00,52588.0,52623.0,52587.0,52611.0,99.0
2026-07-14 00:50:00,52613.0,52640.0,52609.0,52640.0,91.0
2026-07-14 00:55:00,52640.0,52652.0,52640.0,52643.0,92.0
2026-07-14 01:00:00,52647.0,52652.0,52627.0,52632.0,89.0
2026-07-14 01:05:00,52631.0,52652.0,52629.0,52649.0,52.0
2026-07-14 01:10:00,52646.0,52652.0,52642.0,52648.0,35.0
2026-07-14 01:15:00,52644.0,52670.0,52642.0,52668.0,53.0
2026-07-14 01:20:00,52668.0,52677.0,52652.0,52657.0,52.0
2026-07-14 01:25:00,52655.0,52667.0,52652.0,52652.0,27.0
2026-07-14 01:30:00,52647.0,52656.0,52635.0,52651.0,37.0
2026-07-14 01:35:00,52649.0,52649.0,52628.0,52630.0,62.0
2026-07-14 01:40:00,52632.0,52635.0,52614.0,52628.0,78.0
2026-07-14 01:45:00,52629.0,52650.0,52627.0,52646.0,36.0
2026-07-14 01:50:00,52644.0,52647.0,52623.0,52625.0,37.0
2026-07-14 01:55:00,52618.0,52623.0,52602.0,52615.0,107.0
2026-07-14 02:00:00,52615.0,52638.0,52605.0,52636.0,47.0
2026-07-14 02:05:00,52639.0,52655.0,52639.0,52644.0,52.0
2026-07-14 02:10:00,52643.0,52646.0,52616.0,52621.0,51.0
2026-07-14 02:15:00,52619.0,52624.0,52618.0,52619.0,51.0
2026-07-14 02:20:00,52618.0,52618.0,52582.0,52591.0,111.0
2026-07-14 02:25:00,52592.0,52608.0,52588.0,52606.0,64.0
2026-07-14 02:30:00,52611.0,52611.0,52595.0,52595.0,30.0
2026-07-14 02:35:00,52597.0,52620.0,52590.0,52620.0,44.0
2026-07-14 02:40:00,52620.0,52627.0,52616.0,52618.0,42.0
2026-07-14 02:45:00,52620.0,52621.0,52610.0,52620.0,42.0
2026-07-14 02:50:00,52618.0,52618.0,52580.0,52582.0,68.0
2026-07-14 02:55:00,52583.0,52588.0,52580.0,52586.0,41.0
2026-07-14 03:00:00,52584.0,52592.0,52574.0,52580.0,85.0
2026-07-14 03:05:00,52579.0,52587.0,52578.0,52583.0,45.0
2026-07-14 03:10:00,52581.0,52585.0,52576.0,52578.0,73.0
2026-07-14 03:15:00,52578.0,52581.0,52561.0,52570.0,125.0
2026-07-14 03:20:00,52567.0,52589.0,52562.0,52586.0,65.0
2026-07-14 03:25:00,52578.0,52592.0,52573.0,52591.0,63.0
2026-07-14 03:30:00,52596.0,52607.0,52570.0,52570.0,83.0
2026-07-14 03:35:00,52570.0,52582.0,52565.0,52577.0,50.0
2026-07-14 03:40:00,52571.0,52577.0,52564.0,52567.0,60.0
2026-07-14 03:45:00,52564.0,52582.0,52559.0,52571.0,109.0
2026-07-14 03:50:00,52572.0,52598.0,52572.0,52593.0,65.0
2026-07-14 03:55:00,52595.0,52603.0,52593.0,52597.0,46.0
2026-07-14 04:00:00,52597.0,52619.0,52597.0,52609.0,70.0
2026-07-14 04:05:00,52607.0,52608.0,52583.0,52587.0,55.0
2026-07-14 04:10:00,52586.0,52593.0,52577.0,52591.0,49.0
2026-07-14 04:15:00,52581.0,52596.0,52579.0,52595.0,21.0
2026-07-14 04:20:00,52597.0,52610.0,52597.0,52605.0,33.0
2026-07-14 04:25:00,52608.0,52628.0,52606.0,52623.0,40.0
2026-07-14 04:30:00,52620.0,52640.0,52620.0,52639.0,32.0
2026-07-14 04:35:00,52639.0,52675.0,52639.0,52675.0,141.0
2026-07-14 04:40:00,52671.0,52680.0,52659.0,52672.0,78.0
2026-07-14 04:45:00,52669.0,52693.0,52669.0,52681.0,61.0
2026-07-14 04:50:00,52680.0,52684.0,52666.0,52673.0,50.0
2026-07-14 04:55:00,52675.0,52686.0,52671.0,52683.0,59.0
2026-07-14 05:00:00,52682.0,52697.0,52677.0,52690.0,97.0
2026-07-14 05:05:00,52689.0,52692.0,52680.0,52689.0,85.0
2026-07-14 05:10:00,52692.0,52693.0,52682.0,52682.0,71.0
2026-07-14 05:15:00,52683.0,52686.0,52674.0,52681.0,72.0
2026-07-14 05:20:00,52683.0,52711.0,52682.0,52708.0,180.0
2026-07-14 05:25:00,52706.0,52721.0,52703.0,52721.0,104.0
2026-07-14 05:30:00,52722.0,52743.0,52710.0,52712.0,231.0
2026-07-14 05:35:00,52714.0,52731.0,52714.0,52725.0,48.0
2026-07-14 05:40:00,52724.0,52731.0,52716.0,52725.0,88.0
2026-07-14 05:45:00,52726.0,52729.0,52717.0,52723.0,47.0
2026-07-14 05:50:00,52725.0,52728.0,52717.0,52722.0,78.0
2026-07-14 05:55:00,52721.0,52728.0,52712.0,52716.0,61.0
2026-07-14 06:00:00,52715.0,52735.0,52712.0,52713.0,97.0
2026-07-14 06:05:00,52714.0,52721.0,52713.0,52718.0,64.0
2026-07-14 06:10:00,52724.0,52727.0,52719.0,52725.0,60.0
2026-07-14 06:15:00,52726.0,52734.0,52722.0,52728.0,64.0
2026-07-14 06:20:00,52730.0,52737.0,52711.0,52711.0,45.0
2026-07-14 06:25:00,52709.0,52709.0,52686.0,52694.0,128.0
2026-07-14 06:30:00,52695.0,52709.0,52685.0,52688.0,123.0
2026-07-14 06:35:00,52686.0,52691.0,52670.0,52672.0,92.0
2026-07-14 06:40:00,52671.0,52672.0,52654.0,52662.0,66.0
2026-07-14 06:45:00,52659.0,52662.0,52635.0,52642.0,72.0
2026-07-14 06:50:00,52647.0,52653.0,52644.0,52644.0,36.0
2026-07-14 06:55:00,52644.0,52650.0,52634.0,52635.0,61.0
2026-07-14 07:00:00,52634.0,52660.0,52610.0,52658.0,212.0
2026-07-14 07:05:00,52658.0,52693.0,52658.0,52679.0,141.0
2026-07-14 07:10:00,52675.0,52676.0,52652.0,52663.0,71.0
2026-07-14 07:15:00,52660.0,52672.0,52638.0,52642.0,67.0
2026-07-14 07:20:00,52641.0,52649.0,52620.0,52636.0,88.0
2026-07-14 07:25:00,52637.0,52642.0,52616.0,52619.0,87.0
2026-07-14 07:30:00,52620.0,52620.0,52581.0,52616.0,133.0
2026-07-14 07:35:00,52611.0,52622.0,52598.0,52622.0,66.0
2026-07-14 07:40:00,52621.0,52621.0,52586.0,52588.0,105.0
2026-07-14 07:45:00,52586.0,52614.0,52570.0,52614.0,134.0
2026-07-14 07:50:00,52619.0,52643.0,52613.0,52636.0,86.0
2026-07-14 07:55:00,52636.0,52636.0,52616.0,52632.0,78.0
2026-07-14 08:00:00,52632.0,52648.0,52584.0,52606.0,204.0
2026-07-14 08:05:00,52604.0,52610.0,52585.0,52586.0,127.0
2026-07-14 08:10:00,52586.0,52614.0,52585.0,52614.0,113.0
2026-07-14 08:15:00,52613.0,52628.0,52613.0,52621.0,73.0
2026-07-14 08:20:00,52617.0,52622.0,52602.0,52607.0,74.0
2026-07-14 08:25:00,52615.0,52633.0,52610.0,52620.0,65.0
2026-07-14 08:30:00,52614.0,52630.0,52609.0,52621.0,54.0
2026-07-14 08:35:00,52621.0,52621.0,52599.0,52607.0,62.0
2026-07-14 08:40:00,52605.0,52612.0,52596.0,52609.0,65.0
2026-07-14 08:45:00,52599.0,52604.0,52577.0,52577.0,65.0
2026-07-14 08:50:00,52577.0,52610.0,52558.0,52606.0,169.0
2026-07-14 08:55:00,52612.0,52615.0,52583.0,52586.0,95.0
2026-07-14 09:00:00,52582.0,52610.0,52564.0,52608.0,109.0
2026-07-14 09:05:00,52613.0,52625.0,52594.0,52622.0,116.0
2026-07-14 09:10:00,52621.0,52653.0,52616.0,52649.0,79.0
2026-07-14 09:15:00,52641.0,52649.0,52613.0,52623.0,148.0
2026-07-14 09:20:00,52622.0,52629.0,52616.0,52629.0,44.0
2026-07-14 09:25:00,52629.0,52629.0,52609.0,52618.0,136.0
2026-07-14 09:30:00,52618.0,52646.0,52618.0,52638.0,134.0
2026-07-14 09:35:00,52639.0,52649.0,52638.0,52643.0,48.0
2026-07-14 09:40:00,52641.0,52652.0,52641.0,52643.0,44.0
2026-07-14 09:45:00,52637.0,52668.0,52636.0,52665.0,56.0
2026-07-14 09:50:00,52661.0,52661.0,52643.0,52647.0,64.0
2026-07-14 09:55:00,52641.0,52649.0,52635.0,52641.0,57.0
2026-07-14 10:00:00,52645.0,52671.0,52639.0,52671.0,65.0
2026-07-14 10:05:00,52673.0,52675.0,52659.0,52671.0,93.0
2026-07-14 10:10:00,52671.0,52685.0,52614.0,52624.0,420.0
2026-07-14 10:15:00,52626.0,52658.0,52620.0,52650.0,209.0
2026-07-14 10:20:00,52653.0,52659.0,52646.0,52651.0,69.0
2026-07-14 10:25:00,52648.0,52655.0,52627.0,52652.0,111.0
2026-07-14 10:30:00,52654.0,52713.0,52576.0,52644.0,1642.0
2026-07-14 10:35:00,52638.0,52767.0,52631.0,52633.0,1458.0
2026-07-14 10:40:00,52637.0,52650.0,52583.0,52597.0,571.0
2026-07-14 10:45:00,52599.0,52631.0,52579.0,52620.0,469.0
2026-07-14 10:50:00,52618.0,52632.0,52566.0,52574.0,358.0
2026-07-14 10:55:00,52577.0,52588.0,52561.0,52582.0,124.0
2026-07-14 11:00:00,52583.0,52607.0,52349.0,52366.0,1945.0
2026-07-14 11:05:00,52367.0,52384.0,52274.0,52281.0,1119.0
2026-07-14 11:10:00,52282.0,52327.0,52255.0,52323.0,573.0
2026-07-14 11:15:00,52320.0,52340.0,52296.0,52328.0,591.0
2026-07-14 11:20:00,52329.0,52452.0,52298.0,52446.0,1198.0
2026-07-14 11:25:00,52449.0,52536.0,52431.0,52476.0,2103.0
2026-07-14 11:30:00,52473.0,52534.0,52469.0,52475.0,523.0
2026-07-14 11:35:00,52475.0,52481.0,52412.0,52421.0,281.0
2026-07-14 11:40:00,52422.0,52450.0,52383.0,52402.0,522.0
2026-07-14 11:45:00,52403.0,52464.0,52393.0,52441.0,328.0
2026-07-14 11:50:00,52443.0,52467.0,52442.0,52454.0,189.0
2026-07-14 11:55:00,52452.0,52475.0,52442.0,52462.0,223.0
2026-07-14 12:00:00,52461.0,52471.0,52431.0,52468.0,674.0
2026-07-14 12:05:00,52465.0,52484.0,52445.0,52451.0,309.0
2026-07-14 12:10:00,52452.0,52456.0,52422.0,52435.0,296.0
2026-07-14 12:15:00,52435.0,52459.0,52413.0,52450.0,315.0
2026-07-14 12:20:00,52450.0,52502.0,52431.0,52499.0,472.0
2026-07-14 12:25:00,52501.0,52538.0,52466.0,52466.0,382.0
2026-07-14 12:30:00,52475.0,52895.0,52453.0,52727.0,2772.0
2026-07-14 12:35:00,52727.0,52745.0,52680.0,52696.0,1518.0
2026-07-14 12:40:00,52695.0,52709.0,52653.0,52673.0,706.0
2026-07-14 12:45:00,52679.0,52688.0,52640.0,52655.0,728.0
2026-07-14 12:50:00,52651.0,52663.0,52619.0,52657.0,656.0
2026-07-14 12:55:00,52660.0,52666.0,52609.0,52628.0,659.0
2026-07-14 13:00:00,52629.0,52676.0,52629.0,52643.0,529.0
2026-07-14 13:05:00,52646.0,52685.0,52644.0,52669.0,299.0
2026-07-14 13:10:00,52674.0,52695.0,52667.0,52684.0,362.0
2026-07-14 13:15:00,52681.0,52696.0,52652.0,52660.0,259.0
2026-07-14 13:20:00,52656.0,52709.0,52631.0,52704.0,392.0
2026-07-14 13:25:00,52701.0,52720.0,52638.0,52657.0,1098.0
2026-07-14 13:30:00,52659.0,52716.0,52570.0,52661.0,5031.0
2026-07-14 13:35:00,52661.0,52790.0,52635.0,52784.0,3305.0
2026-07-14 13:40:00,52781.0,52887.0,52759.0,52877.0,2371.0
2026-07-14 13:45:00,52874.0,52875.0,52754.0,52787.0,2055.0
2026-07-14 13:50:00,52787.0,52838.0,52773.0,52804.0,1351.0
2026-07-14 13:55:00,52808.0,52828.0,52756.0,52820.0,1367.0
2026-07-14 14:00:00,52819.0,52882.0,52787.0,52855.0,1665.0
2026-07-14 14:05:00,52855.0,52893.0,52834.0,52862.0,1043.0
2026-07-14 14:10:00,52861.0,52905.0,52819.0,52905.0,1200.0
2026-07-14 14:15:00,52902.0,52902.0,52795.0,52845.0,1374.0
2026-07-14 14:20:00,52843.0,52882.0,52835.0,52851.0,1021.0
2026-07-14 14:25:00,52852.0,52896.0,52823.0,52853.0,832.0
2026-07-14 14:30:00,52852.0,52981.0,52823.0,52876.0,2018.0
2026-07-14 14:35:00,52874.0,52890.0,52839.0,52870.0,1133.0
2026-07-14 14:40:00,52874.0,52891.0,52810.0,52810.0,867.0
2026-07-14 14:45:00,52808.0,52823.0,52779.0,52781.0,827.0
2026-07-14 14:50:00,52780.0,52790.0,52748.0,52771.0,775.0
2026-07-14 14:55:00,52775.0,52799.0,52759.0,52763.0,783.0
2026-07-14 15:00:00,52763.0,52875.0,52712.0,52822.0,1840.0
2026-07-14 15:05:00,52826.0,52852.0,52795.0,52825.0,903.0
2026-07-14 15:10:00,52825.0,52844.0,52777.0,52781.0,681.0
2026-07-14 15:15:00,52779.0,52782.0,52707.0,52715.0,709.0
2026-07-14 15:20:00,52716.0,52765.0,52693.0,52762.0,862.0
2026-07-14 15:25:00,52764.0,52780.0,52738.0,52764.0,689.0
2026-07-14 15:30:00,52761.0,52790.0,52729.0,52732.0,588.0
2026-07-14 15:35:00,52732.0,52739.0,52671.0,52672.0,864.0
2026-07-14 15:40:00,52671.0,52674.0,52580.0,52665.0,1233.0
2026-07-14 15:45:00,52666.0,52697.0,52665.0,52667.0,626.0
2026-07-14 15:50:00,52668.0,52675.0,52641.0,52659.0,602.0
2026-07-14 15:55:00,52656.0,52669.0,52634.0,52664.0,494.0
2026-07-14 16:00:00,52665.0,52668.0,52634.0,52656.0,433.0
2026-07-14 16:05:00,52655.0,52663.0,52628.0,52655.0,588.0
2026-07-14 16:10:00,52656.0,52703.0,52638.0,52690.0,547.0
2026-07-14 16:15:00,52689.0,52700.0,52628.0,52646.0,502.0
2026-07-14 16:20:00,52648.0,52648.0,52615.0,52624.0,380.0
2026-07-14 16:25:00,52623.0,52632.0,52595.0,52619.0,476.0
2026-07-14 16:30:00,52620.0,52663.0,52614.0,52649.0,403.0
2026-07-14 16:35:00,52649.0,52669.0,52645.0,52655.0,312.0
2026-07-14 16:40:00,52653.0,52676.0,52640.0,52646.0,300.0
2026-07-14 16:45:00,52644.0,52654.0,52610.0,52642.0,384.0
2026-07-14 16:50:00,52641.0,52668.0,52627.0,52659.0,267.0
2026-07-14 16:55:00,52662.0,52672.0,52644.0,52668.0,192.0
2026-07-14 17:00:00,52668.0,52690.0,52659.0,52662.0,264.0
2026-07-14 17:05:00,52665.0,52688.0,52652.0,52688.0,179.0
2026-07-14 17:10:00,52684.0,52697.0,52672.0,52672.0,259.0
2026-07-14 17:15:00,52674.0,52688.0,52656.0,52684.0,374.0
2026-07-14 17:20:00,52683.0,52722.0,52683.0,52714.0,367.0
2026-07-14 17:25:00,52714.0,52732.0,52702.0,52717.0,285.0
2026-07-14 17:30:00,52720.0,52725.0,52695.0,52697.0,299.0
2026-07-14 17:35:00,52697.0,52698.0,52669.0,52685.0,294.0
2026-07-14 17:40:00,52684.0,52686.0,52664.0,52677.0,216.0
2026-07-14 17:45:00,52677.0,52695.0,52658.0,52687.0,196.0
2026-07-14 17:50:00,52685.0,52707.0,52679.0,52685.0,268.0
2026-07-14 17:55:00,52687.0,52691.0,52675.0,52682.0,162.0
2026-07-14 18:00:00,52682.0,52698.0,52655.0,52697.0,374.0
2026-07-14 18:05:00,52697.0,52732.0,52697.0,52710.0,407.0
2026-07-14 18:10:00,52710.0,52735.0,52708.0,52730.0,280.0
2026-07-14 18:15:00,52732.0,52745.0,52717.0,52735.0,314.0
2026-07-14 18:20:00,52736.0,52749.0,52719.0,52719.0,267.0
2026-07-14 18:25:00,52719.0,52737.0,52712.0,52736.0,223.0
2026-07-14 18:30:00,52737.0,52738.0,52721.0,52725.0,214.0
2026-07-14 18:35:00,52727.0,52740.0,52716.0,52736.0,588.0
2026-07-14 18:40:00,52733.0,52737.0,52704.0,52720.0,597.0
2026-07-14 18:45:00,52719.0,52728.0,52713.0,52723.0,177.0
2026-07-14 18:50:00,52722.0,52737.0,52716.0,52737.0,265.0
2026-07-14 18:55:00,52737.0,52748.0,52730.0,52740.0,210.0
2026-07-14 19:00:00,52741.0,52765.0,52733.0,52763.0,378.0
2026-07-14 19:05:00,52760.0,52778.0,52757.0,52764.0,305.0
2026-07-14 19:10:00,52767.0,52775.0,52737.0,52751.0,276.0
2026-07-14 19:15:00,52755.0,52772.0,52750.0,52752.0,383.0
2026-07-14 19:20:00,52751.0,52786.0,52751.0,52786.0,211.0
2026-07-14 19:25:00,52788.0,52803.0,52785.0,52799.0,414.0
2026-07-14 19:30:00,52798.0,52801.0,52773.0,52785.0,863.0
2026-07-14 19:35:00,52785.0,52815.0,52776.0,52795.0,422.0
2026-07-14 19:40:00,52795.0,52823.0,52790.0,52813.0,316.0
2026-07-14 19:45:00,52812.0,52824.0,52807.0,52818.0,440.0
2026-07-14 19:50:00,52818.0,52820.0,52785.0,52794.0,982.0
2026-07-14 19:55:00,52794.0,52822.0,52777.0,52780.0,2505.0
2026-07-14 20:00:00,52782.0,52809.0,52776.0,52796.0,543.0
2026-07-14 20:05:00,52794.0,52806.0,52792.0,52792.0,196.0
2026-07-14 20:10:00,52791.0,52798.0,52784.0,52792.0,142.0
2026-07-14 20:15:00,52792.0,52806.0,52790.0,52796.0,172.0
2026-07-14 20:20:00,52794.0,52794.0,52775.0,52782.0,71.0
2026-07-14 20:25:00,52784.0,52786.0,52773.0,52777.0,92.0
2026-07-14 20:30:00,52778.0,52785.0,52773.0,52773.0,52.0
2026-07-14 20:35:00,52774.0,52790.0,52773.0,52787.0,75.0
2026-07-14 20:40:00,52785.0,52789.0,52783.0,52785.0,37.0
2026-07-14 20:45:00,52785.0,52788.0,52783.0,52785.0,16.0
2026-07-14 20:50:00,52772.0,52789.0,52772.0,52789.0,68.0
2026-07-14 20:55:00,52788.0,52812.0,52788.0,52811.0,78.0
2026-07-14 22:00:00,52792.0,52802.0,52770.0,52796.0,0.0
2026-07-14 22:05:00,52795.0,52796.0,52783.0,52789.0,23.0
2026-07-14 22:10:00,52785.0,52785.0,52759.0,52767.0,56.0
2026-07-14 22:15:00,52767.0,52791.0,52767.0,52791.0,53.0
2026-07-14 22:20:00,52791.0,52807.0,52791.0,52806.0,20.0
2026-07-14 22:25:00,52808.0,52808.0,52796.0,52800.0,19.0
2026-07-14 22:30:00,52811.0,52815.0,52805.0,52815.0,20.0
2026-07-14 22:35:00,52812.0,52812.0,52810.0,52811.0,4.0
2026-07-14 22:40:00,52810.0,52812.0,52808.0,52812.0,9.0
2026-07-14 22:45:00,52811.0,52811.0,52797.0,52803.0,28.0
2026-07-14 22:50:00,52805.0,52805.0,52797.0,52802.0,13.0
2026-07-14 22:55:00,52801.0,52801.0,52789.0,52792.0,14.0
2026-07-14 23:00:00,52791.0,52803.0,52788.0,52803.0,46.0
2026-07-14 23:05:00,52805.0,52812.0,52800.0,52811.0,38.0
2026-07-14 23:10:00,52811.0,52821.0,52811.0,52820.0,31.0
2026-07-14 23:15:00,52820.0,52825.0,52819.0,52824.0,20.0
2026-07-14 23:20:00,52824.0,52828.0,52824.0,52827.0,8.0
2026-07-14 23:25:00,52827.0,52847.0,52827.0,52845.0,95.0
2026-07-14 23:30:00,52845.0,52859.0,52844.0,52852.0,46.0
2026-07-14 23:35:00,52855.0,52857.0,52849.0,52852.0,40.0
2026-07-14 23:40:00,52852.0,52863.0,52851.0,52859.0,70.0
2026-07-14 23:45:00,52858.0,52859.0,52853.0,52858.0,28.0
2026-07-14 23:50:00,52859.0,52865.0,52858.0,52862.0,43.0
2026-07-14 23:55:00,52865.0,52869.0,52859.0,52859.0,49.0
2026-07-15 00:00:00,52864.0,52869.0,52854.0,52857.0,108.0
2026-07-15 00:05:00,52855.0,52858.0,52848.0,52856.0,29.0
2026-07-15 00:10:00,52853.0,52860.0,52843.0,52844.0,93.0
2026-07-15 00:15:00,52842.0,52847.0,52831.0,52833.0,101.0
2026-07-15 00:20:00,52831.0,52837.0,52828.0,52831.0,73.0
2026-07-15 00:25:00,52833.0,52835.0,52823.0,52830.0,50.0
2026-07-15 00:30:00,52832.0,52832.0,52816.0,52816.0,66.0
2026-07-15 00:35:00,52812.0,52812.0,52793.0,52803.0,69.0
2026-07-15 00:40:00,52799.0,52802.0,52775.0,52779.0,72.0
2026-07-15 00:45:00,52777.0,52792.0,52776.0,52787.0,40.0
2026-07-15 00:50:00,52788.0,52810.0,52787.0,52809.0,55.0
2026-07-15 00:55:00,52813.0,52833.0,52813.0,52825.0,46.0
2026-07-15 01:00:00,52826.0,52833.0,52806.0,52811.0,60.0
2026-07-15 01:05:00,52814.0,52817.0,52808.0,52814.0,22.0
2026-07-15 01:10:00,52816.0,52829.0,52816.0,52826.0,19.0
2026-07-15 01:15:00,52825.0,52839.0,52825.0,52830.0,24.0
2026-07-15 01:20:00,52829.0,52830.0,52818.0,52818.0,29.0
2026-07-15 01:25:00,52818.0,52823.0,52808.0,52812.0,31.0
2026-07-15 01:30:00,52813.0,52820.0,52808.0,52820.0,31.0
2026-07-15 01:35:00,52824.0,52824.0,52811.0,52814.0,40.0
2026-07-15 01:40:00,52811.0,52815.0,52799.0,52800.0,25.0
2026-07-15 01:45:00,52801.0,52809.0,52801.0,52809.0,22.0
2026-07-15 01:50:00,52805.0,52814.0,52804.0,52814.0,28.0
2026-07-15 01:55:00,52814.0,52823.0,52813.0,52822.0,35.0
2026-07-15 02:00:00,52821.0,52822.0,52814.0,52819.0,41.0
2026-07-15 02:05:00,52818.0,52826.0,52817.0,52819.0,50.0
2026-07-15 02:10:00,52817.0,52818.0,52812.0,52814.0,39.0
2026-07-15 02:15:00,52816.0,52820.0,52815.0,52819.0,25.0
2026-07-15 02:20:00,52820.0,52827.0,52820.0,52826.0,23.0
2026-07-15 02:25:00,52823.0,52836.0,52823.0,52832.0,30.0
2026-07-15 02:30:00,52830.0,52842.0,52828.0,52842.0,59.0
2026-07-15 02:35:00,52842.0,52845.0,52837.0,52840.0,51.0
2026-07-15 02:40:00,52841.0,52847.0,52838.0,52847.0,16.0
2026-07-15 02:45:00,52844.0,52845.0,52840.0,52842.0,20.0
2026-07-15 02:50:00,52841.0,52841.0,52825.0,52829.0,33.0
2026-07-15 02:55:00,52830.0,52830.0,52824.0,52826.0,11.0
2026-07-15 03:00:00,52825.0,52831.0,52824.0,52828.0,24.0
2026-07-15 03:05:00,52830.0,52836.0,52826.0,52828.0,41.0
2026-07-15 03:10:00,52828.0,52828.0,52822.0,52822.0,27.0
2026-07-15 03:15:00,52822.0,52828.0,52822.0,52824.0,29.0
2026-07-15 03:20:00,52825.0,52828.0,52823.0,52827.0,19.0
2026-07-15 03:25:00,52827.0,52834.0,52827.0,52832.0,21.0
2026-07-15 03:30:00,52832.0,52833.0,52829.0,52833.0,21.0
2026-07-15 03:35:00,52832.0,52836.0,52827.0,52834.0,23.0
2026-07-15 03:40:00,52836.0,52839.0,52833.0,52833.0,28.0
2026-07-15 03:45:00,52834.0,52840.0,52833.0,52840.0,15.0
2026-07-15 03:50:00,52839.0,52849.0,52839.0,52848.0,40.0
2026-07-15 03:55:00,52846.0,52847.0,52842.0,52845.0,15.0
2026-07-15 04:00:00,52846.0,52847.0,52843.0,52846.0,27.0
2026-07-15 04:05:00,52846.0,52847.0,52840.0,52841.0,28.0
2026-07-15 04:10:00,52845.0,52854.0,52843.0,52852.0,40.0
2026-07-15 04:15:00,52851.0,52861.0,52851.0,52859.0,23.0
2026-07-15 04:20:00,52860.0,52863.0,52858.0,52862.0,27.0
2026-07-15 04:25:00,52863.0,52864.0,52860.0,52860.0,28.0
2026-07-15 04:30:00,52858.0,52862.0,52854.0,52855.0,21.0
2026-07-15 04:35:00,52854.0,52854.0,52838.0,52850.0,272.0
2026-07-15 04:40:00,52851.0,52854.0,52843.0,52845.0,30.0
2026-07-15 04:45:00,52845.0,52851.0,52845.0,52849.0,19.0
2026-07-15 04:50:00,52845.0,52850.0,52844.0,52849.0,20.0
2026-07-15 04:55:00,52850.0,52854.0,52847.0,52849.0,17.0
2026-07-15 05:00:00,52851.0,52872.0,52825.0,52830.0,244.0
2026-07-15 05:05:00,52831.0,52849.0,52825.0,52846.0,57.0
2026-07-15 05:10:00,52848.0,52848.0,52832.0,52837.0,51.0
2026-07-15 05:15:00,52837.0,52840.0,52834.0,52837.0,27.0
2026-07-15 05:20:00,52836.0,52840.0,52828.0,52829.0,50.0
2026-07-15 05:25:00,52824.0,52825.0,52818.0,52819.0,31.0
2026-07-15 05:30:00,52816.0,52833.0,52816.0,52827.0,56.0
2026-07-15 05:35:00,52829.0,52841.0,52829.0,52841.0,37.0
2026-07-15 05:40:00,52843.0,52843.0,52831.0,52833.0,31.0
2026-07-15 05:45:00,52832.0,52842.0,52830.0,52842.0,20.0
2026-07-15 05:50:00,52839.0,52843.0,52837.0,52841.0,42.0
2026-07-15 05:55:00,52840.0,52847.0,52839.0,52845.0,46.0
2026-07-15 06:00:00,52844.0,52844.0,52819.0,52825.0,138.0
2026-07-15 06:05:00,52828.0,52829.0,52810.0,52822.0,124.0
2026-07-15 06:10:00,52823.0,52825.0,52814.0,52816.0,58.0
2026-07-15 06:15:00,52813.0,52818.0,52805.0,52818.0,99.0
2026-07-15 06:20:00,52818.0,52823.0,52814.0,52822.0,38.0
2026-07-15 06:25:00,52823.0,52836.0,52822.0,52832.0,53.0
2026-07-15 06:30:00,52834.0,52839.0,52819.0,52830.0,67.0
2026-07-15 06:35:00,52831.0,52831.0,52820.0,52820.0,31.0
2026-07-15 06:40:00,52819.0,52821.0,52812.0,52814.0,38.0
2026-07-15 06:45:00,52815.0,52817.0,52811.0,52815.0,86.0
2026-07-15 06:50:00,52814.0,52814.0,52796.0,52801.0,64.0
2026-07-15 06:55:00,52798.0,52798.0,52786.0,52791.0,92.0
2026-07-15 07:00:00,52793.0,52793.0,52770.0,52770.0,208.0
2026-07-15 07:05:00,52770.0,52774.0,52751.0,52761.0,210.0
2026-07-15 07:10:00,52763.0,52770.0,52759.0,52769.0,99.0
2026-07-15 07:15:00,52769.0,52778.0,52760.0,52760.0,56.0
2026-07-15 07:20:00,52759.0,52765.0,52750.0,52750.0,180.0
2026-07-15 07:25:00,52752.0,52752.0,52700.0,52720.0,363.0
2026-07-15 07:30:00,52718.0,52733.0,52717.0,52718.0,93.0
2026-07-15 07:35:00,52720.0,52730.0,52718.0,52730.0,67.0
2026-07-15 07:40:00,52731.0,52749.0,52725.0,52749.0,117.0
2026-07-15 07:45:00,52752.0,52760.0,52737.0,52759.0,43.0
2026-07-15 07:50:00,52762.0,52765.0,52747.0,52761.0,45.0
2026-07-15 07:55:00,52759.0,52759.0,52749.0,52750.0,38.0
2026-07-15 08:00:00,52753.0,52774.0,52747.0,52773.0,233.0
2026-07-15 08:05:00,52775.0,52778.0,52764.0,52777.0,152.0
2026-07-15 08:10:00,52778.0,52812.0,52769.0,52809.0,257.0
2026-07-15 08:15:00,52811.0,52833.0,52804.0,52828.0,178.0
2026-07-15 08:20:00,52829.0,52837.0,52801.0,52809.0,194.0
2026-07-15 08:25:00,52813.0,52839.0,52799.0,52834.0,192.0
2026-07-15 08:30:00,52834.0,52852.0,52827.0,52846.0,152.0
2026-07-15 08:35:00,52847.0,52884.0,52840.0,52881.0,225.0
2026-07-15 08:40:00,52879.0,52888.0,52863.0,52872.0,149.0
2026-07-15 08:45:00,52873.0,52886.0,52869.0,52871.0,137.0
2026-07-15 08:50:00,52869.0,52879.0,52858.0,52858.0,103.0
2026-07-15 08:55:00,52857.0,52883.0,52854.0,52881.0,104.0
2026-07-15 09:00:00,52880.0,52888.0,52875.0,52882.0,79.0
2026-07-15 09:05:00,52884.0,52914.0,52883.0,52914.0,130.0
2026-07-15 09:10:00,52913.0,52924.0,52911.0,52917.0,126.0
2026-07-15 09:15:00,52919.0,52920.0,52902.0,52913.0,114.0
2026-07-15 09:20:00,52913.0,52913.0,52895.0,52900.0,53.0
2026-07-15 09:25:00,52899.0,52900.0,52887.0,52890.0,25.0
2026-07-15 09:30:00,52885.0,52912.0,52878.0,52911.0,110.0
2026-07-15 09:35:00,52913.0,52917.0,52903.0,52903.0,110.0
2026-07-15 09:40:00,52900.0,52918.0,52897.0,52918.0,65.0
2026-07-15 09:45:00,52919.0,52919.0,52892.0,52894.0,83.0
2026-07-15 09:50:00,52895.0,52899.0,52869.0,52877.0,97.0
2026-07-15 09:55:00,52877.0,52884.0,52872.0,52877.0,47.0
2026-07-15 10:00:00,52879.0,52903.0,52874.0,52883.0,230.0
2026-07-15 10:05:00,52882.0,52901.0,52879.0,52899.0,103.0
2026-07-15 10:10:00,52900.0,52900.0,52867.0,52881.0,134.0
2026-07-15 10:15:00,52884.0,52886.0,52864.0,52868.0,111.0
2026-07-15 10:20:00,52866.0,52869.0,52810.0,52811.0,448.0
2026-07-15 10:25:00,52810.0,52822.0,52790.0,52792.0,155.0
2026-07-15 10:30:00,52792.0,52807.0,52778.0,52782.0,225.0
2026-07-15 10:35:00,52781.0,52808.0,52772.0,52804.0,221.0
2026-07-15 10:40:00,52804.0,52811.0,52797.0,52800.0,85.0
2026-07-15 10:45:00,52799.0,52807.0,52790.0,52796.0,100.0
2026-07-15 10:50:00,52798.0,52807.0,52793.0,52799.0,92.0
2026-07-15 10:55:00,52797.0,52816.0,52794.0,52811.0,169.0
2026-07-15 11:00:00,52808.0,52824.0,52798.0,52816.0,177.0
2026-07-15 11:05:00,52818.0,52820.0,52798.0,52805.0,63.0
2026-07-15 11:10:00,52801.0,52801.0,52771.0,52782.0,152.0
2026-07-15 11:15:00,52781.0,52787.0,52777.0,52777.0,114.0
2026-07-15 11:20:00,52778.0,52792.0,52778.0,52783.0,51.0
2026-07-15 11:25:00,52781.0,52795.0,52770.0,52772.0,92.0
2026-07-15 11:30:00,52775.0,52777.0,52742.0,52773.0,268.0
2026-07-15 11:35:00,52774.0,52796.0,52774.0,52795.0,111.0
2026-07-15 11:40:00,52794.0,52798.0,52781.0,52791.0,48.0
2026-07-15 11:45:00,52789.0,52799.0,52776.0,52776.0,74.0
2026-07-15 11:50:00,52779.0,52805.0,52777.0,52796.0,120.0
2026-07-15 11:55:00,52794.0,52815.0,52790.0,52810.0,112.0
2026-07-15 12:00:00,52810.0,52813.0,52786.0,52786.0,71.0
2026-07-15 12:05:00,52783.0,52791.0,52766.0,52788.0,109.0
2026-07-15 12:10:00,52786.0,52794.0,52775.0,52790.0,75.0
2026-07-15 12:15:00,52792.0,52808.0,52792.0,52801.0,70.0
2026-07-15 12:20:00,52800.0,52809.0,52780.0,52809.0,122.0
2026-07-15 12:25:00,52807.0,52811.0,52791.0,52806.0,169.0
2026-07-15 12:30:00,52802.0,52874.0,52802.0,52874.0,566.0
2026-07-15 12:35:00,52872.0,52904.0,52856.0,52897.0,370.0
2026-07-15 12:40:00,52896.0,52940.0,52889.0,52933.0,340.0
2026-07-15 12:45:00,52938.0,52938.0,52902.0,52920.0,219.0
2026-07-15 12:50:00,52921.0,52937.0,52906.0,52917.0,135.0
2026-07-15 12:55:00,52918.0,52918.0,52889.0,52889.0,139.0
2026-07-15 13:00:00,52892.0,52912.0,52882.0,52912.0,209.0
2026-07-15 13:05:00,52909.0,52919.0,52897.0,52898.0,171.0
2026-07-15 13:10:00,52892.0,52894.0,52850.0,52853.0,187.0
2026-07-15 13:15:00,52852.0,52863.0,52837.0,52863.0,135.0
2026-07-15 13:20:00,52863.0,52880.0,52850.0,52861.0,153.0
2026-07-15 13:25:00,52857.0,52901.0,52848.0,52901.0,586.0
2026-07-15 13:30:00,52898.0,52924.0,52763.0,52914.0,4790.0
2026-07-15 13:35:00,52916.0,53088.0,52879.0,52991.0,4112.0
2026-07-15 13:40:00,52988.0,52988.0,52915.0,52948.0,1684.0
2026-07-15 13:45:00,52953.0,52955.0,52844.0,52921.0,1708.0
2026-07-15 13:50:00,52923.0,52968.0,52882.0,52958.0,1442.0
2026-07-15 13:55:00,52957.0,52998.0,52917.0,52946.0,1761.0
2026-07-15 14:00:00,52947.0,53000.0,52920.0,52920.0,1178.0
2026-07-15 14:05:00,52920.0,52953.0,52903.0,52914.0,991.0
2026-07-15 14:10:00,52915.0,52956.0,52903.0,52955.0,877.0
2026-07-15 14:15:00,52954.0,53085.0,52954.0,53055.0,1733.0
2026-07-15 14:20:00,53055.0,53065.0,52958.0,52993.0,1430.0
2026-07-15 14:25:00,52988.0,53025.0,52955.0,53006.0,1069.0
2026-07-15 14:30:00,53010.0,53048.0,52977.0,53042.0,781.0
2026-07-15 14:35:00,53044.0,53055.0,52992.0,52992.0,741.0
2026-07-15 14:40:00,52992.0,53005.0,52954.0,52974.0,865.0
2026-07-15 14:45:00,52976.0,52976.0,52910.0,52958.0,1103.0
2026-07-15 14:50:00,52961.0,52993.0,52943.0,52950.0,686.0
2026-07-15 14:55:00,52953.0,52966.0,52928.0,52958.0,501.0
2026-07-15 15:00:00,52959.0,52979.0,52947.0,52961.0,534.0
2026-07-15 15:05:00,52960.0,52994.0,52930.0,52970.0,649.0
2026-07-15 15:10:00,52970.0,52977.0,52915.0,52922.0,487.0
2026-07-15 15:15:00,52921.0,52968.0,52891.0,52949.0,704.0
2026-07-15 15:20:00,52948.0,52961.0,52920.0,52931.0,449.0
2026-07-15 15:25:00,52929.0,52943.0,52893.0,52938.0,724.0
2026-07-15 15:30:00,52937.0,52954.0,52911.0,52936.0,590.0
2026-07-15 15:35:00,52937.0,52961.0,52928.0,52948.0,451.0
2026-07-15 15:40:00,52951.0,52964.0,52937.0,52945.0,318.0
2026-07-15 15:45:00,52941.0,52957.0,52928.0,52928.0,273.0
2026-07-15 15:50:00,52926.0,52929.0,52900.0,52924.0,333.0
2026-07-15 15:55:00,52922.0,52924.0,52881.0,52888.0,424.0
2026-07-15 16:00:00,52889.0,52897.0,52861.0,52885.0,450.0
2026-07-15 16:05:00,52885.0,52888.0,52848.0,52869.0,460.0
2026-07-15 16:10:00,52870.0,52876.0,52808.0,52811.0,628.0
2026-07-15 16:15:00,52809.0,52820.0,52754.0,52763.0,903.0
2026-07-15 16:20:00,52765.0,52768.0,52688.0,52691.0,1008.0
2026-07-15 16:25:00,52690.0,52735.0,52680.0,52728.0,957.0
2026-07-15 16:30:00,52728.0,52742.0,52700.0,52704.0,707.0
2026-07-15 16:35:00,52707.0,52721.0,52691.0,52707.0,443.0
2026-07-15 16:40:00,52705.0,52727.0,52688.0,52725.0,433.0
2026-07-15 16:45:00,52729.0,52831.0,52720.0,52749.0,1651.0
2026-07-15 16:50:00,52747.0,52790.0,52747.0,52770.0,474.0
2026-07-15 16:55:00,52769.0,52796.0,52755.0,52793.0,352.0
2026-07-15 17:00:00,52792.0,52818.0,52789.0,52807.0,413.0
2026-07-15 17:05:00,52806.0,52834.0,52803.0,52804.0,293.0
2026-07-15 17:10:00,52803.0,52816.0,52774.0,52775.0,261.0
2026-07-15 17:15:00,52778.0,52802.0,52775.0,52792.0,202.0
2026-07-15 17:20:00,52794.0,52801.0,52763.0,52786.0,294.0
2026-07-15 17:25:00,52788.0,52836.0,52788.0,52836.0,325.0
2026-07-15 17:30:00,52837.0,52859.0,52830.0,52839.0,371.0
2026-07-15 17:35:00,52840.0,52878.0,52840.0,52872.0,321.0
2026-07-15 17:40:00,52872.0,52889.0,52861.0,52875.0,404.0
2026-07-15 17:45:00,52875.0,52911.0,52874.0,52911.0,338.0
2026-07-15 17:50:00,52909.0,52928.0,52884.0,52923.0,393.0
2026-07-15 17:55:00,52922.0,52922.0,52905.0,52918.0,380.0
2026-07-15 18:00:00,52921.0,52941.0,52913.0,52926.0,357.0
2026-07-15 18:05:00,52926.0,52949.0,52921.0,52934.0,298.0
2026-07-15 18:10:00,52936.0,52951.0,52932.0,52933.0,299.0
2026-07-15 18:15:00,52933.0,52935.0,52907.0,52908.0,339.0
2026-07-15 18:20:00,52910.0,52913.0,52892.0,52904.0,324.0
2026-07-15 18:25:00,52905.0,52916.0,52899.0,52912.0,211.0
2026-07-15 18:30:00,52913.0,52929.0,52897.0,52922.0,249.0
2026-07-15 18:35:00,52920.0,52930.0,52906.0,52929.0,181.0
2026-07-15 18:40:00,52930.0,52937.0,52895.0,52897.0,226.0
2026-07-15 18:45:00,52896.0,52898.0,52856.0,52876.0,509.0
2026-07-15 18:50:00,52874.0,52878.0,52856.0,52859.0,281.0
2026-07-15 18:55:00,52861.0,52876.0,52859.0,52861.0,249.0
2026-07-15 19:00:00,52860.0,52870.0,52839.0,52847.0,246.0
2026-07-15 19:05:00,52848.0,52862.0,52835.0,52861.0,357.0
2026-07-15 19:10:00,52860.0,52896.0,52858.0,52894.0,586.0
2026-07-15 19:15:00,52893.0,52921.0,52888.0,52907.0,249.0
2026-07-15 19:20:00,52907.0,52909.0,52887.0,52891.0,319.0
2026-07-15 19:25:00,52891.0,52903.0,52882.0,52886.0,261.0
2026-07-15 19:30:00,52886.0,52894.0,52846.0,52851.0,695.0
2026-07-15 19:35:00,52850.0,52891.0,52842.0,52889.0,252.0
2026-07-15 19:40:00,52886.0,52905.0,52876.0,52903.0,277.0
2026-07-15 19:45:00,52902.0,52912.0,52871.0,52881.0,335.0
2026-07-15 19:50:00,52880.0,52905.0,52874.0,52892.0,712.0
2026-07-15 19:55:00,52895.0,52919.0,52878.0,52913.0,2381.0
2026-07-15 20:00:00,52915.0,52930.0,52901.0,52927.0,559.0
2026-07-15 20:05:00,52925.0,52927.0,52883.0,52905.0,374.0
2026-07-15 20:10:00,52903.0,52922.0,52898.0,52913.0,329.0
2026-07-15 20:15:00,52915.0,52930.0,52913.0,52924.0,163.0
2026-07-15 20:20:00,52925.0,52941.0,52925.0,52928.0,121.0
2026-07-15 20:25:00,52927.0,52928.0,52919.0,52922.0,46.0
2026-07-15 20:30:00,52921.0,52921.0,52909.0,52910.0,18.0
2026-07-15 20:35:00,52908.0,52913.0,52907.0,52911.0,15.0
2026-07-15 20:40:00,52908.0,52915.0,52905.0,52905.0,28.0
2026-07-15 20:45:00,52909.0,52915.0,52909.0,52912.0,26.0
2026-07-15 20:50:00,52910.0,52915.0,52906.0,52907.0,88.0
2026-07-15 20:55:00,52906.0,52915.0,52895.0,52897.0,71.0
2026-07-15 22:00:00,52919.0,52929.0,52889.0,52926.0,0.0
2026-07-15 22:05:00,52927.0,52930.0,52923.0,52923.0,15.0
2026-07-15 22:10:00,52920.0,52920.0,52914.0,52916.0,17.0
2026-07-15 22:15:00,52916.0,52920.0,52916.0,52918.0,28.0
2026-07-15 22:20:00,52918.0,52918.0,52905.0,52909.0,9.0
2026-07-15 22:25:00,52905.0,52911.0,52904.0,52904.0,6.0
2026-07-15 22:30:00,52909.0,52914.0,52907.0,52914.0,22.0
2026-07-15 22:35:00,52920.0,52921.0,52915.0,52918.0,23.0
2026-07-15 22:40:00,52916.0,52918.0,52910.0,52917.0,21.0
2026-07-15 22:45:00,52917.0,52922.0,52917.0,52919.0,16.0
2026-07-15 22:50:00,52921.0,52938.0,52895.0,52905.0,154.0
2026-07-15 22:55:00,52907.0,52917.0,52904.0,52911.0,16.0
2026-07-15 23:00:00,52907.0,52918.0,52907.0,52918.0,18.0
2026-07-15 23:05:00,52913.0,52913.0,52909.0,52911.0,8.0
2026-07-15 23:10:00,52912.0,52918.0,52912.0,52916.0,4.0
2026-07-15 23:15:00,52915.0,52922.0,52914.0,52921.0,10.0
2026-07-15 23:20:00,52919.0,52921.0,52919.0,52921.0,7.0
2026-07-15 23:25:00,52922.0,52930.0,52921.0,52929.0,24.0
2026-07-15 23:30:00,52930.0,52938.0,52926.0,52937.0,20.0
2026-07-15 23:35:00,52938.0,52938.0,52929.0,52929.0,24.0
2026-07-15 23:40:00,52932.0,52934.0,52932.0,52934.0,8.0
2026-07-15 23:50:00,52900.0,52925.0,52900.0,52912.0,57.0
2026-07-15 23:55:00,52912.0,52914.0,52909.0,52909.0,12.0
2026-07-16 00:00:00,52907.0,52947.0,52907.0,52939.0,87.0
2026-07-16 00:05:00,52940.0,52953.0,52935.0,52947.0,26.0
2026-07-16 00:10:00,52952.0,52962.0,52946.0,52961.0,51.0
2026-07-16 00:15:00,52960.0,52965.0,52947.0,52953.0,60.0
2026-07-16 00:20:00,52954.0,52957.0,52947.0,52947.0,37.0
2026-07-16 00:25:00,52947.0,52954.0,52946.0,52950.0,102.0
2026-07-16 00:30:00,52952.0,52956.0,52947.0,52952.0,89.0
2026-07-16 00:35:00,52948.0,52948.0,52931.0,52934.0,36.0
2026-07-16 00:40:00,52936.0,52939.0,52927.0,52937.0,110.0
2026-07-16 00:45:00,52936.0,52936.0,52928.0,52933.0,64.0
2026-07-16 00:50:00,52931.0,52944.0,52927.0,52927.0,39.0
2026-07-16 00:55:00,52927.0,52932.0,52920.0,52921.0,30.0
2026-07-16 01:00:00,52927.0,52927.0,52903.0,52909.0,70.0
2026-07-16 01:05:00,52907.0,52912.0,52902.0,52912.0,30.0
2026-07-16 01:10:00,52912.0,52915.0,52905.0,52915.0,57.0
2026-07-16 01:15:00,52912.0,52912.0,52880.0,52880.0,62.0
2026-07-16 01:20:00,52880.0,52892.0,52875.0,52887.0,107.0
2026-07-16 01:25:00,52889.0,52900.0,52886.0,52894.0,40.0
2026-07-16 01:30:00,52897.0,52911.0,52893.0,52899.0,53.0
2026-07-16 01:35:00,52906.0,52907.0,52902.0,52903.0,37.0
2026-07-16 01:40:00,52908.0,52910.0,52896.0,52898.0,21.0
2026-07-16 01:45:00,52899.0,52911.0,52897.0,52911.0,39.0
2026-07-16 01:50:00,52908.0,52909.0,52893.0,52898.0,38.0
2026-07-16 01:55:00,52898.0,52901.0,52879.0,52884.0,37.0
2026-07-16 02:00:00,52881.0,52883.0,52854.0,52860.0,79.0
2026-07-16 02:05:00,52858.0,52866.0,52856.0,52862.0,30.0
2026-07-16 02:10:00,52862.0,52871.0,52862.0,52862.0,16.0
2026-07-16 02:15:00,52864.0,52872.0,52859.0,52871.0,30.0
2026-07-16 02:20:00,52870.0,52892.0,52870.0,52891.0,72.0
2026-07-16 02:25:00,52892.0,52899.0,52888.0,52892.0,37.0
2026-07-16 02:30:00,52893.0,52902.0,52893.0,52899.0,30.0
2026-07-16 02:35:00,52904.0,52905.0,52896.0,52896.0,21.0
2026-07-16 02:40:00,52896.0,52907.0,52896.0,52900.0,32.0
2026-07-16 02:45:00,52901.0,52917.0,52901.0,52917.0,50.0
2026-07-16 02:50:00,52914.0,52916.0,52906.0,52915.0,28.0
2026-07-16 02:55:00,52914.0,52924.0,52913.0,52924.0,44.0
2026-07-16 03:00:00,52925.0,52933.0,52919.0,52930.0,60.0
2026-07-16 03:05:00,52928.0,52940.0,52928.0,52937.0,50.0
2026-07-16 03:10:00,52936.0,52939.0,52927.0,52928.0,45.0
2026-07-16 03:15:00,52927.0,52929.0,52923.0,52927.0,42.0
2026-07-16 03:20:00,52927.0,52932.0,52924.0,52930.0,32.0
2026-07-16 03:25:00,52930.0,52936.0,52929.0,52936.0,25.0
2026-07-16 03:30:00,52942.0,52955.0,52942.0,52950.0,50.0
2026-07-16 03:35:00,52949.0,52955.0,52944.0,52948.0,39.0
2026-07-16 03:40:00,52950.0,52957.0,52948.0,52950.0,16.0
2026-07-16 03:45:00,52949.0,52956.0,52949.0,52956.0,21.0
2026-07-16 03:50:00,52955.0,52969.0,52953.0,52963.0,86.0
2026-07-16 03:55:00,52963.0,52963.0,52959.0,52959.0,20.0
2026-07-16 04:00:00,52957.0,52960.0,52954.0,52956.0,60.0
2026-07-16 04:05:00,52956.0,52963.0,52955.0,52962.0,26.0
2026-07-16 04:10:00,52958.0,52971.0,52957.0,52966.0,41.0
2026-07-16 04:15:00,52965.0,52970.0,52960.0,52960.0,20.0
2026-07-16 04:20:00,52959.0,52959.0,52949.0,52953.0,40.0
2026-07-16 04:25:00,52953.0,52954.0,52947.0,52947.0,20.0
2026-07-16 04:30:00,52950.0,52951.0,52944.0,52944.0,23.0
2026-07-16 04:35:00,52942.0,52943.0,52938.0,52939.0,22.0
2026-07-16 04:40:00,52942.0,52947.0,52940.0,52947.0,17.0
2026-07-16 04:45:00,52941.0,52944.0,52941.0,52944.0,6.0
2026-07-16 04:50:00,52948.0,52956.0,52948.0,52956.0,8.0
2026-07-16 04:55:00,52956.0,52956.0,52950.0,52954.0,14.0
2026-07-16 05:00:00,52957.0,52965.0,52957.0,52963.0,19.0
2026-07-16 05:05:00,52963.0,52965.0,52961.0,52961.0,23.0
2026-07-16 05:10:00,52964.0,52985.0,52964.0,52981.0,62.0
2026-07-16 05:15:00,52983.0,52994.0,52975.0,52978.0,104.0
2026-07-16 05:20:00,52981.0,52985.0,52977.0,52979.0,40.0
2026-07-16 05:25:00,52978.0,52982.0,52970.0,52973.0,75.0
2026-07-16 05:30:00,52975.0,52993.0,52958.0,52959.0,191.0
2026-07-16 05:35:00,52958.0,52959.0,52939.0,52946.0,143.0
2026-07-16 05:40:00,52945.0,52967.0,52945.0,52956.0,39.0
2026-07-16 05:45:00,52958.0,52958.0,52935.0,52935.0,89.0
2026-07-16 05:50:00,52934.0,52934.0,52927.0,52927.0,45.0
2026-07-16 05:55:00,52930.0,52935.0,52928.0,52931.0,32.0
2026-07-16 06:00:00,52933.0,52949.0,52933.0,52937.0,66.0
2026-07-16 06:05:00,52939.0,52964.0,52920.0,52946.0,418.0
2026-07-16 06:10:00,52941.0,52945.0,52934.0,52944.0,65.0
2026-07-16 06:15:00,52944.0,52951.0,52940.0,52947.0,93.0
2026-07-16 06:20:00,52944.0,52946.0,52934.0,52937.0,48.0
2026-07-16 06:25:00,52936.0,52945.0,52930.0,52934.0,46.0
2026-07-16 06:30:00,52933.0,52935.0,52912.0,52913.0,115.0
2026-07-16 06:35:00,52911.0,52912.0,52897.0,52911.0,113.0
2026-07-16 06:40:00,52914.0,52922.0,52914.0,52920.0,41.0
2026-07-16 06:45:00,52919.0,52921.0,52910.0,52921.0,38.0
2026-07-16 06:50:00,52919.0,52928.0,52919.0,52927.0,37.0
2026-07-16 06:55:00,52934.0,52946.0,52934.0,52945.0,58.0
2026-07-16 07:00:00,52942.0,52947.0,52889.0,52924.0,231.0
2026-07-16 07:05:00,52922.0,52924.0,52909.0,52919.0,90.0
2026-07-16 07:10:00,52918.0,52918.0,52889.0,52892.0,153.0
2026-07-16 07:15:00,52890.0,52896.0,52882.0,52891.0,118.0
2026-07-16 07:20:00,52889.0,52903.0,52889.0,52896.0,66.0
2026-07-16 07:25:00,52902.0,52914.0,52898.0,52904.0,94.0
2026-07-16 07:30:00,52906.0,52908.0,52891.0,52899.0,66.0
2026-07-16 07:35:00,52901.0,52901.0,52886.0,52893.0,112.0
2026-07-16 07:40:00,52893.0,52906.0,52886.0,52899.0,123.0
2026-07-16 07:45:00,52898.0,52906.0,52874.0,52874.0,168.0
2026-07-16 07:50:00,52875.0,52875.0,52847.0,52848.0,132.0
2026-07-16 07:55:00,52850.0,52854.0,52832.0,52846.0,138.0
2026-07-16 08:00:00,52847.0,52904.0,52841.0,52901.0,203.0
2026-07-16 08:05:00,52902.0,52902.0,52877.0,52879.0,163.0
2026-07-16 08:10:00,52878.0,52878.0,52841.0,52850.0,183.0
2026-07-16 08:15:00,52852.0,52870.0,52851.0,52865.0,161.0
2026-07-16 08:20:00,52868.0,52893.0,52867.0,52874.0,98.0
2026-07-16 08:25:00,52878.0,52890.0,52872.0,52881.0,76.0
2026-07-16 08:30:00,52884.0,52901.0,52879.0,52888.0,66.0
2026-07-16 08:35:00,52888.0,52896.0,52888.0,52891.0,50.0
2026-07-16 08:40:00,52887.0,52901.0,52887.0,52897.0,53.0
2026-07-16 08:45:00,52898.0,52931.0,52897.0,52921.0,86.0
2026-07-16 08:50:00,52921.0,52923.0,52888.0,52892.0,74.0
2026-07-16 08:55:00,52896.0,52908.0,52894.0,52902.0,68.0
2026-07-16 09:00:00,52904.0,52914.0,52893.0,52898.0,145.0
2026-07-16 09:05:00,52892.0,52894.0,52883.0,52887.0,56.0
2026-07-16 09:10:00,52882.0,52896.0,52878.0,52887.0,71.0
2026-07-16 09:15:00,52888.0,52900.0,52884.0,52884.0,33.0
2026-07-16 09:20:00,52883.0,52897.0,52862.0,52863.0,60.0
2026-07-16 09:25:00,52861.0,52872.0,52854.0,52855.0,62.0
2026-07-16 09:30:00,52860.0,52874.0,52858.0,52871.0,77.0
2026-07-16 09:35:00,52864.0,52865.0,52846.0,52852.0,87.0
2026-07-16 09:40:00,52855.0,52857.0,52844.0,52852.0,73.0
2026-07-16 09:45:00,52852.0,52852.0,52835.0,52835.0,99.0
2026-07-16 09:50:00,52836.0,52854.0,52836.0,52853.0,85.0
2026-07-16 09:55:00,52854.0,53057.0,52854.0,53025.0,2293.0
2026-07-16 10:00:00,53026.0,53053.0,53013.0,53038.0,530.0
2026-07-16 10:05:00,53042.0,53046.0,53017.0,53028.0,263.0
2026-07-16 10:10:00,53023.0,53038.0,53003.0,53003.0,187.0
2026-07-16 10:15:00,53002.0,53011.0,52983.0,52991.0,271.0
2026-07-16 10:20:00,52992.0,52997.0,52966.0,52966.0,217.0
2026-07-16 10:25:00,52968.0,52983.0,52968.0,52975.0,136.0
2026-07-16 10:30:00,52976.0,53034.0,52972.0,53015.0,308.0
2026-07-16 10:35:00,53014.0,53034.0,52997.0,53017.0,82.0
2026-07-16 10:40:00,53018.0,53035.0,53016.0,53026.0,48.0
2026-07-16 10:45:00,53029.0,53029.0,53005.0,53016.0,68.0
2026-07-16 10:50:00,53014.0,53018.0,52990.0,53000.0,68.0
2026-07-16 10:55:00,52997.0,53005.0,52981.0,52987.0,129.0
2026-07-16 11:00:00,52992.0,53020.0,52977.0,53014.0,326.0
2026-07-16 11:05:00,53015.0,53016.0,52985.0,52993.0,132.0
2026-07-16 11:10:00,52995.0,53001.0,52972.0,53001.0,127.0
2026-07-16 11:15:00,53003.0,53007.0,52986.0,52993.0,203.0
2026-07-16 11:20:00,52993.0,53030.0,52987.0,53028.0,178.0
2026-07-16 11:25:00,53025.0,53037.0,53014.0,53022.0,160.0
2026-07-16 11:30:00,53022.0,53024.0,52989.0,53005.0,152.0
2026-07-16 11:35:00,53005.0,53014.0,52999.0,53012.0,176.0
2026-07-16 11:40:00,53015.0,53018.0,52998.0,53013.0,113.0
2026-07-16 11:45:00,53009.0,53012.0,52860.0,52879.0,720.0
2026-07-16 11:50:00,52879.0,52967.0,52878.0,52967.0,688.0
2026-07-16 11:55:00,52969.0,52994.0,52969.0,52981.0,230.0
2026-07-16 12:00:00,52980.0,53002.0,52973.0,52988.0,276.0
2026-07-16 12:05:00,52989.0,52989.0,52952.0,52962.0,313.0
2026-07-16 12:10:00,52962.0,52963.0,52930.0,52944.0,276.0
2026-07-16 12:15:00,52943.0,52973.0,52940.0,52973.0,146.0
2026-07-16 12:20:00,52972.0,52977.0,52913.0,52915.0,516.0
2026-07-16 12:25:00,52914.0,52935.0,52907.0,52931.0,315.0
2026-07-16 12:30:00,52931.0,52950.0,52923.0,52942.0,209.0
2026-07-16 12:35:00,52947.0,52948.0,52885.0,52887.0,459.0
2026-07-16 12:40:00,52884.0,52903.0,52880.0,52901.0,292.0
2026-07-16 12:45:00,52898.0,52933.0,52891.0,52907.0,227.0
2026-07-16 12:50:00,52908.0,52925.0,52907.0,52921.0,163.0
2026-07-16 12:55:00,52918.0,52926.0,52901.0,52908.0,180.0
2026-07-16 13:00:00,52907.0,52919.0,52901.0,52915.0,312.0
2026-07-16 13:05:00,52916.0,52959.0,52916.0,52952.0,219.0
2026-07-16 13:10:00,52951.0,52978.0,52945.0,52977.0,183.0
2026-07-16 13:15:00,52979.0,52993.0,52968.0,52976.0,226.0
2026-07-16 13:20:00,52974.0,52980.0,52953.0,52968.0,196.0
2026-07-16 13:25:00,52965.0,53021.0,52959.0,52988.0,680.0
2026-07-16 13:30:00,52990.0,53086.0,52952.0,52960.0,4922.0
2026-07-16 13:35:00,52962.0,53011.0,52959.0,52982.0,2348.0
2026-07-16 13:40:00,52983.0,53014.0,52918.0,52990.0,2067.0
2026-07-16 13:45:00,52991.0,53019.0,52919.0,52945.0,1623.0
2026-07-16 13:50:00,52947.0,52988.0,52902.0,52915.0,1763.0
2026-07-16 13:55:00,52913.0,52913.0,52850.0,52865.0,1753.0
2026-07-16 14:00:00,52866.0,52929.0,52866.0,52929.0,1224.0
2026-07-16 14:05:00,52928.0,52955.0,52908.0,52942.0,1176.0
2026-07-16 14:10:00,52945.0,52993.0,52898.0,52900.0,1336.0
2026-07-16 14:15:00,52900.0,52914.0,52857.0,52908.0,1099.0
2026-07-16 14:20:00,52908.0,52938.0,52883.0,52936.0,719.0
2026-07-16 14:25:00,52935.0,52995.0,52932.0,52983.0,866.0
2026-07-16 14:30:00,52982.0,53009.0,52959.0,52984.0,929.0
2026-07-16 14:35:00,52983.0,52992.0,52936.0,52939.0,593.0
2026-07-16 14:40:00,52941.0,53020.0,52941.0,53016.0,585.0
2026-07-16 14:45:00,53016.0,53036.0,52992.0,53020.0,923.0
2026-07-16 14:50:00,53019.0,53066.0,53015.0,53048.0,860.0
2026-07-16 14:55:00,53044.0,53059.0,53028.0,53053.0,838.0
2026-07-16 15:00:00,53052.0,53054.0,53011.0,53034.0,573.0
2026-07-16 15:05:00,53033.0,53062.0,53017.0,53056.0,634.0
2026-07-16 15:10:00,53058.0,53076.0,53041.0,53058.0,636.0
2026-07-16 15:15:00,53058.0,53080.0,53050.0,53052.0,567.0
2026-07-16 15:20:00,53051.0,53071.0,53025.0,53068.0,804.0
2026-07-16 15:25:00,53066.0,53108.0,53041.0,53041.0,1338.0
2026-07-16 15:30:00,53043.0,53077.0,53009.0,53076.0,670.0
2026-07-16 15:35:00,53074.0,53085.0,53043.0,53055.0,481.0
2026-07-16 15:40:00,53057.0,53073.0,53026.0,53028.0,541.0
2026-07-16 15:45:00,53024.0,53025.0,52988.0,53009.0,473.0
2026-07-16 15:50:00,53009.0,53044.0,53007.0,53008.0,372.0
2026-07-16 15:55:00,53009.0,53023.0,52986.0,53009.0,395.0
2026-07-16 16:00:00,53009.0,53016.0,52961.0,52964.0,548.0
2026-07-16 16:05:00,52964.0,53003.0,52951.0,52995.0,821.0
2026-07-16 16:10:00,52994.0,52994.0,52887.0,52892.0,821.0
2026-07-16 16:15:00,52893.0,52950.0,52890.0,52892.0,676.0
2026-07-16 16:20:00,52892.0,52892.0,52837.0,52846.0,1248.0
2026-07-16 16:25:00,52846.0,52870.0,52825.0,52860.0,542.0
2026-07-16 16:30:00,52863.0,52876.0,52837.0,52847.0,649.0
2026-07-16 16:35:00,52850.0,52890.0,52842.0,52848.0,545.0
2026-07-16 16:40:00,52846.0,52883.0,52844.0,52876.0,274.0
2026-07-16 16:45:00,52877.0,52888.0,52849.0,52887.0,341.0
2026-07-16 16:50:00,52887.0,52915.0,52877.0,52907.0,353.0
2026-07-16 16:55:00,52909.0,52962.0,52907.0,52958.0,655.0
2026-07-16 17:00:00,52957.0,52963.0,52920.0,52936.0,396.0
2026-07-16 17:05:00,52937.0,52977.0,52922.0,52963.0,309.0
2026-07-16 17:10:00,52962.0,52965.0,52934.0,52935.0,217.0
2026-07-16 17:15:00,52940.0,52954.0,52913.0,52922.0,193.0
2026-07-16 17:20:00,52921.0,52926.0,52881.0,52891.0,388.0
2026-07-16 17:25:00,52890.0,52896.0,52871.0,52885.0,316.0
2026-07-16 17:30:00,52883.0,52908.0,52841.0,52849.0,395.0
2026-07-16 17:35:00,52847.0,52855.0,52796.0,52811.0,692.0
2026-07-16 17:40:00,52812.0,52819.0,52785.0,52818.0,663.0
2026-07-16 17:45:00,52820.0,52842.0,52800.0,52830.0,434.0
2026-07-16 17:50:00,52827.0,52827.0,52796.0,52807.0,279.0
2026-07-16 17:55:00,52805.0,52806.0,52770.0,52780.0,535.0
2026-07-16 18:00:00,52780.0,52784.0,52734.0,52734.0,792.0
2026-07-16 18:05:00,52734.0,52744.0,52714.0,52734.0,666.0
2026-07-16 18:10:00,52733.0,52785.0,52732.0,52752.0,671.0
2026-07-16 18:15:00,52750.0,52777.0,52727.0,52769.0,377.0
2026-07-16 18:20:00,52768.0,52786.0,52761.0,52764.0,500.0
2026-07-16 18:25:00,52765.0,52778.0,52741.0,52744.0,410.0
2026-07-16 18:30:00,52743.0,52743.0,52716.0,52736.0,398.0
2026-07-16 18:35:00,52734.0,52745.0,52715.0,52716.0,285.0
2026-07-16 18:40:00,52714.0,52730.0,52686.0,52711.0,554.0
2026-07-16 18:45:00,52710.0,52742.0,52701.0,52733.0,281.0
2026-07-16 18:50:00,52730.0,52747.0,52706.0,52706.0,258.0
2026-07-16 18:55:00,52704.0,52723.0,52700.0,52715.0,318.0
2026-07-16 19:00:00,52713.0,52741.0,52708.0,52731.0,311.0
2026-07-16 19:05:00,52730.0,52735.0,52680.0,52686.0,407.0
2026-07-16 19:10:00,52684.0,52688.0,52663.0,52687.0,632.0
2026-07-16 19:15:00,52684.0,52721.0,52678.0,52718.0,391.0
2026-07-16 19:20:00,52718.0,52727.0,52700.0,52701.0,375.0
2026-07-16 19:25:00,52702.0,52709.0,52682.0,52692.0,350.0
2026-07-16 19:30:00,52691.0,52695.0,52627.0,52627.0,686.0
2026-07-16 19:35:00,52631.0,52648.0,52613.0,52643.0,675.0
2026-07-16 19:40:00,52642.0,52660.0,52625.0,52631.0,460.0
2026-07-16 19:45:00,52630.0,52637.0,52607.0,52628.0,903.0
2026-07-16 19:50:00,52630.0,52734.0,52629.0,52725.0,1498.0
2026-07-16 19:55:00,52727.0,52795.0,52718.0,52786.0,2817.0
2026-07-16 20:00:00,52784.0,52786.0,52743.0,52752.0,1067.0
2026-07-16 20:05:00,52752.0,52753.0,52736.0,52747.0,220.0
2026-07-16 20:10:00,52748.0,52751.0,52737.0,52740.0,153.0
2026-07-16 20:15:00,52741.0,52756.0,52735.0,52749.0,200.0
2026-07-16 20:20:00,52750.0,52766.0,52747.0,52753.0,76.0
2026-07-16 20:25:00,52753.0,52756.0,52729.0,52731.0,89.0
2026-07-16 20:30:00,52730.0,52738.0,52727.0,52734.0,77.0
2026-07-16 20:35:00,52732.0,52744.0,52732.0,52736.0,55.0
2026-07-16 20:40:00,52734.0,52737.0,52732.0,52735.0,25.0
2026-07-16 20:45:00,52736.0,52750.0,52734.0,52746.0,80.0
2026-07-16 20:50:00,52746.0,52750.0,52735.0,52750.0,91.0
2026-07-16 20:55:00,52751.0,52751.0,52740.0,52743.0,75.0
2026-07-16 22:00:00,52778.0,52789.0,52746.0,52759.0,0.0
2026-07-16 22:05:00,52761.0,52762.0,52752.0,52756.0,21.0
2026-07-16 22:10:00,52750.0,52756.0,52745.0,52749.0,29.0
2026-07-16 22:15:00,52751.0,52752.0,52735.0,52746.0,29.0
2026-07-16 22:20:00,52746.0,52760.0,52741.0,52757.0,26.0
2026-07-16 22:25:00,52759.0,52761.0,52756.0,52756.0,18.0
2026-07-16 22:30:00,52761.0,52761.0,52745.0,52749.0,22.0
2026-07-16 22:35:00,52748.0,52748.0,52742.0,52747.0,16.0
2026-07-16 22:40:00,52743.0,52747.0,52739.0,52747.0,19.0
2026-07-16 22:45:00,52743.0,52743.0,52733.0,52735.0,40.0
2026-07-16 22:50:00,52734.0,52737.0,52720.0,52720.0,36.0
2026-07-16 22:55:00,52722.0,52729.0,52720.0,52726.0,25.0
2026-07-16 23:00:00,52730.0,52730.0,52716.0,52717.0,37.0
2026-07-16 23:05:00,52720.0,52720.0,52703.0,52706.0,60.0
2026-07-16 23:10:00,52706.0,52716.0,52704.0,52713.0,31.0
2026-07-16 23:15:00,52711.0,52713.0,52709.0,52713.0,18.0
2026-07-16 23:20:00,52711.0,52712.0,52694.0,52697.0,38.0
2026-07-16 23:25:00,52696.0,52706.0,52695.0,52704.0,44.0
2026-07-16 23:30:00,52702.0,52704.0,52695.0,52704.0,70.0
2026-07-16 23:35:00,52701.0,52704.0,52690.0,52701.0,55.0
2026-07-16 23:40:00,52700.0,52707.0,52697.0,52698.0,44.0
2026-07-16 23:45:00,52695.0,52696.0,52684.0,52686.0,36.0
2026-07-16 23:50:00,52685.0,52706.0,52685.0,52704.0,32.0
2026-07-16 23:55:00,52695.0,52695.0,52688.0,52693.0,12.0
2026-07-17 00:00:00,52694.0,52705.0,52670.0,52670.0,78.0
2026-07-17 00:05:00,52669.0,52675.0,52652.0,52657.0,123.0
2026-07-17 00:10:00,52657.0,52660.0,52643.0,52646.0,118.0
2026-07-17 00:15:00,52650.0,52668.0,52648.0,52655.0,131.0
2026-07-17 00:20:00,52655.0,52658.0,52639.0,52640.0,76.0
2026-07-17 00:25:00,52640.0,52647.0,52624.0,52630.0,92.0
2026-07-17 00:30:00,52628.0,52630.0,52614.0,52620.0,99.0
2026-07-17 00:35:00,52622.0,52624.0,52615.0,52617.0,89.0
2026-07-17 00:40:00,52616.0,52620.0,52597.0,52598.0,176.0
2026-07-17 00:45:00,52598.0,52611.0,52598.0,52610.0,92.0
2026-07-17 00:50:00,52612.0,52628.0,52608.0,52628.0,105.0
2026-07-17 00:55:00,52628.0,52637.0,52613.0,52613.0,73.0
2026-07-17 01:00:00,52617.0,52620.0,52584.0,52585.0,137.0
2026-07-17 01:05:00,52584.0,52589.0,52561.0,52582.0,151.0
2026-07-17 01:10:00,52588.0,52588.0,52556.0,52559.0,56.0
2026-07-17 01:15:00,52560.0,52575.0,52560.0,52574.0,40.0
2026-07-17 01:20:00,52572.0,52572.0,52558.0,52561.0,80.0
2026-07-17 01:25:00,52563.0,52574.0,52551.0,52573.0,83.0
2026-07-17 01:30:00,52578.0,52578.0,52545.0,52546.0,132.0
2026-07-17 01:35:00,52544.0,52559.0,52540.0,52555.0,81.0
2026-07-17 01:40:00,52554.0,52556.0,52533.0,52537.0,91.0
2026-07-17 01:45:00,52535.0,52535.0,52511.0,52514.0,161.0
2026-07-17 01:50:00,52512.0,52520.0,52506.0,52509.0,78.0
2026-07-17 01:55:00,52501.0,52516.0,52501.0,52513.0,63.0
2026-07-17 02:00:00,52517.0,52526.0,52516.0,52521.0,95.0
2026-07-17 02:05:00,52517.0,52520.0,52500.0,52501.0,113.0
2026-07-17 02:10:00,52499.0,52509.0,52495.0,52507.0,74.0
2026-07-17 02:15:00,52506.0,52508.0,52493.0,52500.0,80.0
2026-07-17 02:20:00,52501.0,52506.0,52493.0,52500.0,130.0
2026-07-17 02:25:00,52500.0,52502.0,52489.0,52497.0,59.0
2026-07-17 02:30:00,52497.0,52509.0,52487.0,52490.0,96.0
2026-07-17 02:35:00,52492.0,52499.0,52483.0,52488.0,90.0
2026-07-17 02:40:00,52490.0,52499.0,52487.0,52499.0,67.0
2026-07-17 02:45:00,52499.0,52501.0,52487.0,52491.0,69.0
2026-07-17 02:50:00,52489.0,52494.0,52476.0,52476.0,82.0
2026-07-17 02:55:00,52475.0,52494.0,52466.0,52491.0,87.0
2026-07-17 03:00:00,52494.0,52504.0,52488.0,52496.0,66.0
2026-07-17 03:05:00,52502.0,52520.0,52501.0,52515.0,67.0
2026-07-17 03:10:00,52514.0,52514.0,52505.0,52513.0,37.0
2026-07-17 03:15:00,52514.0,52523.0,52514.0,52522.0,59.0
2026-07-17 03:20:00,52521.0,52532.0,52521.0,52524.0,83.0
2026-07-17 03:25:00,52524.0,52529.0,52521.0,52528.0,54.0
2026-07-17 03:30:00,52527.0,52527.0,52492.0,52495.0,110.0
2026-07-17 03:35:00,52497.0,52513.0,52496.0,52505.0,46.0
2026-07-17 03:40:00,52505.0,52505.0,52469.0,52478.0,100.0
2026-07-17 03:45:00,52482.0,52482.0,52470.0,52470.0,53.0
2026-07-17 03:50:00,52469.0,52469.0,52455.0,52459.0,118.0
2026-07-17 03:55:00,52459.0,52461.0,52448.0,52452.0,86.0
2026-07-17 04:00:00,52451.0,52451.0,52426.0,52428.0,181.0
2026-07-17 04:05:00,52430.0,52442.0,52428.0,52440.0,93.0
2026-07-17 04:10:00,52438.0,52439.0,52422.0,52426.0,105.0
2026-07-17 04:15:00,52426.0,52427.0,52412.0,52413.0,61.0
2026-07-17 04:20:00,52413.0,52418.0,52399.0,52409.0,161.0
2026-07-17 04:25:00,52408.0,52410.0,52380.0,52394.0,207.0
2026-07-17 04:30:00,52395.0,52400.0,52370.0,52375.0,187.0
2026-07-17 04:35:00,52376.0,52382.0,52369.0,52375.0,148.0
2026-07-17 04:40:00,52373.0,52393.0,52360.0,52388.0,105.0
2026-07-17 04:45:00,52389.0,52412.0,52385.0,52407.0,127.0
2026-07-17 04:50:00,52406.0,52418.0,52404.0,52418.0,73.0
2026-07-17 04:55:00,52413.0,52415.0,52387.0,52387.0,90.0
2026-07-17 05:00:00,52386.0,52395.0,52378.0,52392.0,82.0
2026-07-17 05:05:00,52390.0,52390.0,52378.0,52388.0,48.0
2026-07-17 05:10:00,52387.0,52392.0,52376.0,52379.0,76.0
2026-07-17 05:15:00,52379.0,52389.0,52369.0,52386.0,39.0
2026-07-17 05:20:00,52380.0,52388.0,52376.0,52380.0,61.0
2026-07-17 05:25:00,52379.0,52379.0,52367.0,52375.0,61.0
2026-07-17 05:30:00,52377.0,52385.0,52356.0,52362.0,144.0
2026-07-17 05:35:00,52363.0,52363.0,52323.0,52335.0,317.0
2026-07-17 05:40:00,52340.0,52358.0,52333.0,52358.0,185.0
2026-07-17 05:45:00,52354.0,52371.0,52344.0,52367.0,104.0
2026-07-17 05:50:00,52369.0,52384.0,52364.0,52383.0,179.0
2026-07-17 05:55:00,52383.0,52392.0,52371.0,52389.0,154.0
2026-07-17 06:00:00,52388.0,52423.0,52388.0,52417.0,234.0
2026-07-17 06:05:00,52421.0,52433.0,52403.0,52406.0,226.0
2026-07-17 06:10:00,52409.0,52430.0,52399.0,52422.0,145.0
2026-07-17 06:15:00,52420.0,52449.0,52420.0,52444.0,151.0
2026-07-17 06:20:00,52444.0,52466.0,52438.0,52458.0,288.0
2026-07-17 06:25:00,52460.0,52474.0,52460.0,52467.0,87.0
2026-07-17 06:30:00,52464.0,52489.0,52463.0,52488.0,89.0
2026-07-17 06:35:00,52487.0,52487.0,52450.0,52453.0,174.0
2026-07-17 06:40:00,52453.0,52453.0,52430.0,52439.0,79.0
2026-07-17 06:45:00,52440.0,52440.0,52420.0,52429.0,124.0
2026-07-17 06:50:00,52427.0,52438.0,52419.0,52433.0,106.0
2026-07-17 06:55:00,52436.0,52462.0,52436.0,52444.0,140.0
2026-07-17 07:00:00,52444.0,52484.0,52430.0,52483.0,300.0
2026-07-17 07:05:00,52482.0,52483.0,52457.0,52463.0,158.0
2026-07-17 07:10:00,52465.0,52475.0,52455.0,52473.0,91.0
2026-07-17 07:15:00,52476.0,52500.0,52474.0,52491.0,174.0
2026-07-17 07:20:00,52489.0,52489.0,52461.0,52466.0,107.0
2026-07-17 07:25:00,52468.0,52502.0,52460.0,52501.0,115.0
2026-07-17 07:30:00,52499.0,52515.0,52488.0,52494.0,174.0
2026-07-17 07:35:00,52485.0,52505.0,52480.0,52503.0,138.0
2026-07-17 07:40:00,52508.0,52529.0,52501.0,52523.0,116.0
2026-07-17 07:45:00,52523.0,52530.0,52497.0,52523.0,126.0
2026-07-17 07:50:00,52517.0,52530.0,52512.0,52518.0,70.0
2026-07-17 07:55:00,52516.0,52537.0,52507.0,52515.0,100.0
2026-07-17 08:00:00,52514.0,52550.0,52506.0,52546.0,304.0
2026-07-17 08:05:00,52540.0,52564.0,52515.0,52528.0,419.0
2026-07-17 08:10:00,52530.0,52532.0,52496.0,52509.0,243.0
2026-07-17 08:15:00,52505.0,52508.0,52456.0,52469.0,420.0
2026-07-17 08:20:00,52472.0,52479.0,52455.0,52461.0,294.0
2026-07-17 08:25:00,52460.0,52490.0,52451.0,52475.0,290.0
2026-07-17 08:30:00,52477.0,52498.0,52438.0,52441.0,329.0
2026-07-17 08:35:00,52440.0,52446.0,52411.0,52419.0,289.0
2026-07-17 08:40:00,52420.0,52422.0,52396.0,52420.0,255.0
2026-07-17 08:45:00,52419.0,52442.0,52415.0,52429.0,237.0
2026-07-17 08:50:00,52429.0,52438.0,52391.0,52437.0,303.0
2026-07-17 08:55:00,52435.0,52452.0,52417.0,52421.0,99.0
2026-07-17 09:00:00,52420.0,52420.0,52368.0,52392.0,289.0
2026-07-17 09:05:00,52400.0,52403.0,52377.0,52390.0,156.0
2026-07-17 09:10:00,52391.0,52433.0,52390.0,52433.0,208.0
2026-07-17 09:15:00,52429.0,52436.0,52418.0,52430.0,138.0
2026-07-17 09:20:00,52432.0,52440.0,52415.0,52432.0,187.0
2026-07-17 09:25:00,52436.0,52452.0,52434.0,52452.0,91.0
2026-07-17 09:30:00,52449.0,52449.0,52408.0,52408.0,107.0
2026-07-17 09:35:00,52408.0,52421.0,52400.0,52405.0,156.0
2026-07-17 09:40:00,52405.0,52414.0,52379.0,52387.0,183.0
2026-07-17 09:45:00,52391.0,52413.0,52391.0,52399.0,112.0
2026-07-17 09:50:00,52397.0,52417.0,52396.0,52414.0,243.0
2026-07-17 09:55:00,52410.0,52432.0,52409.0,52432.0,114.0
2026-07-17 10:00:00,52431.0,52440.0,52409.0,52420.0,166.0
2026-07-17 10:05:00,52414.0,52445.0,52411.0,52431.0,142.0
2026-07-17 10:10:00,52431.0,52462.0,52420.0,52459.0,206.0
2026-07-17 10:15:00,52461.0,52470.0,52450.0,52461.0,148.0
2026-07-17 10:20:00,52459.0,52466.0,52437.0,52455.0,237.0
2026-07-17 10:25:00,52455.0,52468.0,52451.0,52451.0,115.0
2026-07-17 10:30:00,52453.0,52469.0,52451.0,52464.0,137.0
2026-07-17 10:35:00,52464.0,52469.0,52454.0,52460.0,122.0
2026-07-17 10:40:00,52461.0,52471.0,52449.0,52451.0,135.0
2026-07-17 10:45:00,52455.0,52469.0,52452.0,52466.0,80.0
2026-07-17 10:50:00,52460.0,52470.0,52445.0,52458.0,72.0
2026-07-17 10:55:00,52459.0,52574.0,52455.0,52516.0,2127.0
2026-07-17 11:00:00,52514.0,52546.0,52497.0,52497.0,567.0
2026-07-17 11:05:00,52498.0,52517.0,52476.0,52494.0,282.0
2026-07-17 11:10:00,52491.0,52492.0,52443.0,52448.0,198.0
2026-07-17 11:15:00,52447.0,52489.0,52441.0,52474.0,209.0
2026-07-17 11:20:00,52473.0,52473.0,52450.0,52455.0,150.0
2026-07-17 11:25:00,52458.0,52493.0,52451.0,52485.0,156.0
2026-07-17 11:30:00,52487.0,52503.0,52483.0,52489.0,114.0
2026-07-17 11:35:00,52503.0,52535.0,52503.0,52528.0,124.0
2026-07-17 11:40:00,52524.0,52538.0,52512.0,52513.0,89.0
2026-07-17 11:45:00,52513.0,52536.0,52507.0,52508.0,139.0
2026-07-17 11:50:00,52509.0,52533.0,52485.0,52525.0,282.0
2026-07-17 11:55:00,52527.0,52529.0,52504.0,52506.0,179.0
2026-07-17 12:00:00,52504.0,52516.0,52481.0,52482.0,323.0
2026-07-17 12:05:00,52485.0,52491.0,52470.0,52480.0,282.0
2026-07-17 12:10:00,52480.0,52486.0,52465.0,52476.0,139.0
2026-07-17 12:15:00,52477.0,52485.0,52459.0,52459.0,157.0
2026-07-17 12:20:00,52458.0,52477.0,52449.0,52469.0,266.0
2026-07-17 12:25:00,52470.0,52475.0,52459.0,52465.0,266.0
2026-07-17 12:30:00,52458.0,52462.0,52434.0,52442.0,273.0
2026-07-17 12:35:00,52441.0,52471.0,52424.0,52464.0,302.0
2026-07-17 12:40:00,52462.0,52462.0,52437.0,52446.0,233.0
2026-07-17 12:45:00,52440.0,52444.0,52398.0,52398.0,243.0
2026-07-17 12:50:00,52398.0,52410.0,52390.0,52398.0,241.0
2026-07-17 12:55:00,52399.0,52406.0,52355.0,52369.0,413.0
2026-07-17 13:00:00,52370.0,52372.0,52303.0,52306.0,762.0
2026-07-17 13:05:00,52310.0,52316.0,52262.0,52281.0,852.0
2026-07-17 13:10:00,52280.0,52298.0,52268.0,52273.0,395.0
2026-07-17 13:15:00,52270.0,52313.0,52261.0,52275.0,509.0
2026-07-17 13:20:00,52275.0,52283.0,52231.0,52252.0,634.0
2026-07-17 13:25:00,52248.0,52311.0,52228.0,52242.0,1683.0
2026-07-17 13:30:00,52240.0,52330.0,52174.0,52271.0,5936.0
2026-07-17 13:35:00,52266.0,52473.0,52265.0,52459.0,3786.0
2026-07-17 13:40:00,52458.0,52616.0,52447.0,52562.0,4266.0
2026-07-17 13:45:00,52563.0,52730.0,52553.0,52721.0,4144.0
2026-07-17 13:50:00,52719.0,52732.0,52644.0,52644.0,2961.0
2026-07-17 13:55:00,52643.0,52716.0,52637.0,52710.0,1668.0
2026-07-17 14:00:00,52705.0,52750.0,52689.0,52709.0,2077.0
2026-07-17 14:05:00,52709.0,52764.0,52698.0,52762.0,1777.0
2026-07-17 14:10:00,52761.0,52803.0,52753.0,52784.0,1613.0
2026-07-17 14:15:00,52783.0,52835.0,52767.0,52779.0,2005.0
2026-07-17 14:20:00,52777.0,52800.0,52750.0,52781.0,975.0
2026-07-17 14:25:00,52779.0,52804.0,52740.0,52742.0,1056.0
2026-07-17 14:30:00,52743.0,52778.0,52736.0,52738.0,1120.0
2026-07-17 14:35:00,52739.0,52750.0,52703.0,52711.0,1104.0
2026-07-17 14:40:00,52713.0,52736.0,52684.0,52692.0,905.0
2026-07-17 14:45:00,52692.0,52736.0,52684.0,52692.0,836.0
2026-07-17 14:50:00,52690.0,52731.0,52679.0,52728.0,728.0
2026-07-17 14:55:00,52730.0,52770.0,52708.0,52728.0,962.0
2026-07-17 15:00:00,52732.0,52734.0,52672.0,52681.0,971.0
2026-07-17 15:05:00,52681.0,52719.0,52679.0,52696.0,687.0
2026-07-17 15:10:00,52697.0,52717.0,52642.0,52654.0,914.0
2026-07-17 15:15:00,52657.0,52675.0,52613.0,52654.0,894.0
2026-07-17 15:20:00,52653.0,52690.0,52635.0,52669.0,742.0
2026-07-17 15:25:00,52670.0,52758.0,52670.0,52745.0,997.0
2026-07-17 15:30:00,52745.0,52770.0,52676.0,52692.0,1448.0
2026-07-17 15:35:00,52693.0,52725.0,52666.0,52711.0,658.0
2026-07-17 15:40:00,52715.0,52730.0,52682.0,52709.0,543.0
2026-07-17 15:45:00,52706.0,52710.0,52660.0,52692.0,657.0
2026-07-17 15:50:00,52690.0,52715.0,52668.0,52713.0,355.0
2026-07-17 15:55:00,52710.0,52753.0,52702.0,52744.0,521.0
2026-07-17 16:00:00,52746.0,52755.0,52622.0,52643.0,1861.0
2026-07-17 16:05:00,52643.0,52664.0,52615.0,52662.0,796.0
2026-07-17 16:10:00,52663.0,52690.0,52650.0,52688.0,598.0
2026-07-17 16:15:00,52685.0,52698.0,52653.0,52665.0,523.0
2026-07-17 16:20:00,52665.0,52681.0,52602.0,52603.0,604.0
2026-07-17 16:25:00,52603.0,52653.0,52597.0,52629.0,612.0
2026-07-17 16:30:00,52627.0,52640.0,52574.0,52574.0,576.0
2026-07-17 16:35:00,52575.0,52598.0,52565.0,52586.0,524.0
2026-07-17 16:40:00,52585.0,52622.0,52581.0,52612.0,546.0
2026-07-17 16:45:00,52612.0,52649.0,52589.0,52631.0,589.0
2026-07-17 16:50:00,52629.0,52641.0,52595.0,52601.0,647.0
2026-07-17 16:55:00,52598.0,52600.0,52567.0,52583.0,445.0
2026-07-17 17:00:00,52585.0,52611.0,52570.0,52571.0,600.0
2026-07-17 17:05:00,52564.0,52599.0,52553.0,52591.0,481.0
2026-07-17 17:10:00,52593.0,52620.0,52570.0,52570.0,732.0
2026-07-17 17:15:00,52571.0,52583.0,52536.0,52543.0,603.0
2026-07-17 17:20:00,52542.0,52558.0,52519.0,52558.0,411.0
2026-07-17 17:25:00,52557.0,52592.0,52555.0,52581.0,357.0
2026-07-17 17:30:00,52580.0,52603.0,52576.0,52592.0,431.0
2026-07-17 17:35:00,52593.0,52594.0,52554.0,52558.0,374.0
2026-07-17 17:40:00,52557.0,52560.0,52526.0,52532.0,375.0
2026-07-17 17:45:00,52530.0,52552.0,52513.0,52523.0,392.0
2026-07-17 17:50:00,52525.0,52525.0,52483.0,52494.0,576.0
2026-07-17 17:55:00,52492.0,52500.0,52466.0,52478.0,453.0
2026-07-17 18:00:00,52478.0,52504.0,52466.0,52476.0,544.0
2026-07-17 18:05:00,52474.0,52482.0,52444.0,52477.0,550.0
2026-07-17 18:10:00,52477.0,52483.0,52462.0,52467.0,421.0
2026-07-17 18:15:00,52466.0,52475.0,52433.0,52450.0,616.0
2026-07-17 18:20:00,52448.0,52459.0,52421.0,52428.0,499.0
2026-07-17 18:25:00,52429.0,52434.0,52404.0,52415.0,503.0
2026-07-17 18:30:00,52417.0,52453.0,52406.0,52421.0,581.0
2026-07-17 18:35:00,52420.0,52434.0,52410.0,52418.0,320.0
2026-07-17 18:40:00,52418.0,52418.0,52389.0,52395.0,491.0
2026-07-17 18:45:00,52394.0,52434.0,52388.0,52423.0,474.0
2026-07-17 18:50:00,52422.0,52465.0,52411.0,52464.0,464.0
2026-07-17 18:55:00,52462.0,52463.0,52435.0,52440.0,419.0
2026-07-17 19:00:00,52440.0,52445.0,52401.0,52419.0,661.0
2026-07-17 19:05:00,52423.0,52430.0,52395.0,52397.0,338.0
2026-07-17 19:10:00,52397.0,52397.0,52366.0,52371.0,502.0
2026-07-17 19:15:00,52367.0,52398.0,52364.0,52382.0,703.0
2026-07-17 19:20:00,52378.0,52378.0,52343.0,52344.0,398.0
2026-07-17 19:25:00,52344.0,52391.0,52334.0,52369.0,652.0
2026-07-17 19:30:00,52371.0,52396.0,52343.0,52362.0,1054.0
2026-07-17 19:35:00,52362.0,52391.0,52357.0,52380.0,476.0
2026-07-17 19:40:00,52379.0,52420.0,52368.0,52417.0,655.0
2026-07-17 19:45:00,52416.0,52451.0,52410.0,52441.0,890.0
2026-07-17 19:50:00,52440.0,52450.0,52386.0,52409.0,1429.0
2026-07-17 19:55:00,52409.0,52438.0,52356.0,52374.0,2479.0
2026-07-17 20:00:00,52373.0,52376.0,52326.0,52334.0,1226.0
2026-07-17 20:05:00,52333.0,52350.0,52332.0,52342.0,366.0
2026-07-17 20:10:00,52342.0,52345.0,52317.0,52333.0,435.0
2026-07-17 20:15:00,52333.0,52345.0,52326.0,52340.0,284.0
2026-07-17 20:20:00,52339.0,52350.0,52338.0,52348.0,176.0
2026-07-17 20:25:00,52349.0,52358.0,52349.0,52354.0,111.0
2026-07-17 20:30:00,52352.0,52369.0,52351.0,52366.0,104.0
2026-07-17 20:35:00,52362.0,52372.0,52352.0,52365.0,87.0
2026-07-17 20:40:00,52367.0,52379.0,52367.0,52379.0,59.0
2026-07-17 20:45:00,52381.0,52381.0,52373.0,52377.0,60.0
2026-07-17 20:50:00,52374.0,52393.0,52374.0,52387.0,89.0
2026-07-17 20:55:00,52387.0,52387.0,52375.0,52375.0,70.0
2026-07-19 22:10:00,52287.0,52294.0,52269.0,52287.0,34.0
2026-07-19 22:15:00,52285.0,52310.0,52284.0,52307.0,72.0
2026-07-19 22:20:00,52309.0,52329.0,52304.0,52304.0,67.0
2026-07-19 22:25:00,52299.0,52303.0,52280.0,52281.0,46.0
2026-07-19 22:30:00,52275.0,52318.0,52274.0,52318.0,63.0
2026-07-19 22:35:00,52325.0,52338.0,52321.0,52325.0,52.0
2026-07-19 22:40:00,52328.0,52365.0,52328.0,52363.0,56.0
2026-07-19 22:45:00,52359.0,52364.0,52345.0,52355.0,33.0
2026-07-19 22:50:00,52357.0,52357.0,52329.0,52335.0,49.0
2026-07-19 22:55:00,52336.0,52346.0,52335.0,52340.0,40.0
2026-07-19 23:00:00,52341.0,52342.0,52317.0,52325.0,40.0
2026-07-19 23:05:00,52324.0,52330.0,52314.0,52324.0,22.0
2026-07-19 23:10:00,52327.0,52338.0,52327.0,52329.0,21.0
2026-07-19 23:15:00,52329.0,52332.0,52320.0,52326.0,18.0
2026-07-19 23:20:00,52325.0,52325.0,52313.0,52315.0,11.0
2026-07-19 23:25:00,52333.0,52340.0,52313.0,52318.0,23.0
2026-07-19 23:30:00,52319.0,52335.0,52308.0,52335.0,42.0
2026-07-19 23:35:00,52336.0,52349.0,52332.0,52334.0,64.0
2026-07-19 23:40:00,52332.0,52350.0,52329.0,52349.0,48.0
2026-07-19 23:45:00,52348.0,52348.0,52316.0,52322.0,53.0
2026-07-19 23:50:00,52324.0,52356.0,52324.0,52346.0,54.0
2026-07-19 23:55:00,52343.0,52358.0,52343.0,52352.0,23.0
2026-07-20 00:00:00,52357.0,52369.0,52335.0,52355.0,148.0
2026-07-20 00:05:00,52357.0,52402.0,52357.0,52389.0,193.0
2026-07-20 00:10:00,52386.0,52399.0,52383.0,52383.0,135.0
2026-07-20 00:15:00,52388.0,52400.0,52376.0,52389.0,132.0
2026-07-20 00:20:00,52386.0,52394.0,52367.0,52372.0,92.0
2026-07-20 00:25:00,52371.0,52374.0,52362.0,52373.0,73.0
2026-07-20 00:30:00,52373.0,52373.0,52352.0,52352.0,107.0
2026-07-20 00:35:00,52353.0,52367.0,52349.0,52350.0,68.0
2026-07-20 00:40:00,52351.0,52364.0,52344.0,52346.0,111.0
2026-07-20 00:45:00,52343.0,52361.0,52339.0,52360.0,46.0
2026-07-20 00:50:00,52360.0,52369.0,52357.0,52362.0,52.0
2026-07-20 00:55:00,52363.0,52373.0,52360.0,52368.0,33.0
2026-07-20 01:00:00,52371.0,52394.0,52369.0,52380.0,91.0
2026-07-20 01:05:00,52378.0,52394.0,52378.0,52392.0,31.0
2026-07-20 01:10:00,52394.0,52398.0,52369.0,52371.0,40.0
2026-07-20 01:15:00,52374.0,52378.0,52365.0,52366.0,95.0
2026-07-20 01:20:00,52368.0,52392.0,52358.0,52385.0,70.0
2026-07-20 01:25:00,52378.0,52386.0,52354.0,52355.0,61.0
2026-07-20 01:30:00,52356.0,52362.0,52350.0,52361.0,48.0
2026-07-20 01:35:00,52359.0,52359.0,52344.0,52352.0,51.0
2026-07-20 01:40:00,52348.0,52353.0,52311.0,52323.0,126.0
2026-07-20 01:45:00,52321.0,52330.0,52317.0,52326.0,59.0
2026-07-20 01:50:00,52327.0,52330.0,52283.0,52283.0,104.0
2026-07-20 01:55:00,52282.0,52305.0,52282.0,52301.0,66.0
2026-07-20 02:00:00,52302.0,52346.0,52298.0,52341.0,142.0
2026-07-20 02:05:00,52341.0,52351.0,52332.0,52340.0,65.0
2026-07-20 02:10:00,52339.0,52340.0,52311.0,52317.0,34.0
2026-07-20 02:15:00,52313.0,52313.0,52288.0,52291.0,70.0
2026-07-20 02:20:00,52297.0,52301.0,52293.0,52297.0,33.0
2026-07-20 02:25:00,52299.0,52313.0,52292.0,52310.0,43.0
2026-07-20 02:30:00,52308.0,52345.0,52307.0,52332.0,49.0
2026-07-20 02:35:00,52335.0,52337.0,52327.0,52332.0,27.0
2026-07-20 02:40:00,52325.0,52360.0,52325.0,52346.0,49.0
2026-07-20 02:45:00,52347.0,52354.0,52344.0,52345.0,88.0
2026-07-20 02:50:00,52349.0,52350.0,52340.0,52340.0,37.0
2026-07-20 02:55:00,52342.0,52347.0,52335.0,52342.0,26.0
2026-07-20 03:00:00,52342.0,52347.0,52334.0,52336.0,52.0
2026-07-20 03:05:00,52333.0,52333.0,52318.0,52321.0,22.0
2026-07-20 03:10:00,52317.0,52325.0,52313.0,52317.0,43.0
2026-07-20 03:15:00,52317.0,52339.0,52317.0,52333.0,23.0
2026-07-20 03:20:00,52334.0,52348.0,52332.0,52346.0,32.0
2026-07-20 03:25:00,52346.0,52347.0,52338.0,52343.0,23.0
2026-07-20 03:30:00,52336.0,52352.0,52334.0,52345.0,38.0
2026-07-20 03:35:00,52344.0,52353.0,52336.0,52349.0,33.0
2026-07-20 03:40:00,52348.0,52362.0,52344.0,52359.0,22.0
2026-07-20 03:45:00,52356.0,52365.0,52356.0,52359.0,17.0
2026-07-20 03:50:00,52360.0,52365.0,52357.0,52361.0,55.0
2026-07-20 03:55:00,52360.0,52361.0,52336.0,52342.0,32.0
2026-07-20 04:00:00,52346.0,52353.0,52341.0,52342.0,43.0
2026-07-20 04:05:00,52342.0,52342.0,52328.0,52330.0,18.0
2026-07-20 04:10:00,52333.0,52334.0,52321.0,52322.0,33.0
2026-07-20 04:15:00,52321.0,52324.0,52312.0,52324.0,40.0
2026-07-20 04:20:00,52327.0,52339.0,52324.0,52339.0,34.0
2026-07-20 04:25:00,52338.0,52362.0,52338.0,52362.0,22.0
2026-07-20 04:30:00,52360.0,52371.0,52356.0,52365.0,30.0
2026-07-20 04:35:00,52362.0,52376.0,52362.0,52376.0,16.0
2026-07-20 04:40:00,52378.0,52391.0,52378.0,52389.0,38.0
2026-07-20 04:45:00,52382.0,52396.0,52382.0,52396.0,25.0
2026-07-20 04:50:00,52397.0,52403.0,52387.0,52387.0,49.0
2026-07-20 04:55:00,52388.0,52388.0,52378.0,52380.0,31.0
2026-07-20 05:00:00,52383.0,52386.0,52375.0,52380.0,55.0
2026-07-20 05:05:00,52373.0,52373.0,52355.0,52355.0,34.0
2026-07-20 05:10:00,52360.0,52360.0,52331.0,52348.0,115.0
2026-07-20 05:15:00,52349.0,52349.0,52334.0,52343.0,27.0
2026-07-20 05:20:00,52342.0,52343.0,52329.0,52334.0,33.0
2026-07-20 05:25:00,52330.0,52336.0,52327.0,52335.0,23.0
2026-07-20 05:30:00,52334.0,52336.0,52328.0,52328.0,36.0
2026-07-20 05:35:00,52331.0,52340.0,52328.0,52332.0,51.0
2026-07-20 05:40:00,52333.0,52342.0,52329.0,52332.0,64.0
2026-07-20 05:45:00,52329.0,52335.0,52318.0,52325.0,72.0
2026-07-20 05:50:00,52323.0,52325.0,52315.0,52315.0,53.0
2026-07-20 05:55:00,52314.0,52325.0,52309.0,52311.0,60.0
2026-07-20 06:00:00,52317.0,52323.0,52313.0,52316.0,79.0
2026-07-20 06:05:00,52314.0,52330.0,52302.0,52324.0,155.0
2026-07-20 06:10:00,52316.0,52316.0,52306.0,52307.0,106.0
2026-07-20 06:15:00,52307.0,52321.0,52302.0,52304.0,72.0
2026-07-20 06:20:00,52303.0,52320.0,52303.0,52306.0,80.0
2026-07-20 06:25:00,52305.0,52308.0,52298.0,52301.0,71.0
2026-07-20 06:30:00,52302.0,52306.0,52273.0,52280.0,166.0
2026-07-20 06:35:00,52280.0,52285.0,52270.0,52277.0,89.0
2026-07-20 06:40:00,52277.0,52312.0,52277.0,52295.0,187.0
2026-07-20 06:45:00,52292.0,52303.0,52284.0,52288.0,57.0
2026-07-20 06:50:00,52289.0,52302.0,52289.0,52289.0,26.0
2026-07-20 06:55:00,52295.0,52295.0,52281.0,52294.0,45.0
2026-07-20 07:00:00,52297.0,52338.0,52295.0,52321.0,188.0
2026-07-20 07:05:00,52320.0,52323.0,52307.0,52318.0,83.0
2026-07-20 07:10:00,52320.0,52324.0,52307.0,52312.0,62.0
2026-07-20 07:15:00,52314.0,52316.0,52300.0,52313.0,55.0
2026-07-20 07:20:00,52315.0,52367.0,52315.0,52354.0,164.0
2026-07-20 07:25:00,52360.0,52391.0,52358.0,52381.0,150.0
2026-07-20 07:30:00,52382.0,52440.0,52382.0,52435.0,310.0
2026-07-20 07:35:00,52439.0,52458.0,52435.0,52445.0,311.0
2026-07-20 07:40:00,52446.0,52463.0,52436.0,52459.0,185.0
2026-07-20 07:45:00,52460.0,52470.0,52424.0,52424.0,150.0
2026-07-20 07:50:00,52421.0,52423.0,52404.0,52410.0,98.0
2026-07-20 07:55:00,52406.0,52449.0,52406.0,52430.0,101.0
2026-07-20 08:00:00,52430.0,52476.0,52430.0,52455.0,192.0
2026-07-20 08:05:00,52451.0,52458.0,52434.0,52444.0,99.0
2026-07-20 08:10:00,52444.0,52464.0,52437.0,52460.0,67.0
2026-07-20 08:15:00,52460.0,52472.0,52453.0,52461.0,100.0
2026-07-20 08:20:00,52461.0,52465.0,52449.0,52463.0,59.0
2026-07-20 08:25:00,52461.0,52474.0,52458.0,52460.0,69.0
2026-07-20 08:30:00,52459.0,52464.0,52438.0,52448.0,80.0
2026-07-20 08:35:00,52449.0,52473.0,52444.0,52468.0,76.0
2026-07-20 08:40:00,52474.0,52485.0,52453.0,52455.0,56.0
2026-07-20 08:45:00,52454.0,52466.0,52451.0,52466.0,61.0
2026-07-20 08:50:00,52461.0,52465.0,52445.0,52447.0,49.0
2026-07-20 08:55:00,52448.0,52466.0,52444.0,52462.0,92.0
2026-07-20 09:00:00,52460.0,52474.0,52460.0,52461.0,48.0
2026-07-20 09:05:00,52455.0,52467.0,52455.0,52462.0,104.0
2026-07-20 09:10:00,52462.0,52479.0,52461.0,52474.0,81.0
2026-07-20 09:15:00,52470.0,52496.0,52468.0,52468.0,98.0
2026-07-20 09:20:00,52468.0,52504.0,52468.0,52500.0,95.0
2026-07-20 09:25:00,52501.0,52504.0,52493.0,52498.0,38.0
2026-07-20 09:30:00,52497.0,52516.0,52491.0,52507.0,70.0
2026-07-20 09:35:00,52507.0,52516.0,52499.0,52502.0,101.0
2026-07-20 09:40:00,52502.0,52517.0,52498.0,52512.0,100.0
2026-07-20 09:45:00,52510.0,52525.0,52505.0,52518.0,82.0
2026-07-20 09:50:00,52518.0,52540.0,52513.0,52521.0,234.0
2026-07-20 09:55:00,52522.0,52522.0,52504.0,52516.0,88.0
2026-07-20 10:00:00,52518.0,52525.0,52509.0,52512.0,102.0
2026-07-20 10:05:00,52515.0,52517.0,52498.0,52498.0,40.0
2026-07-20 10:10:00,52497.0,52512.0,52480.0,52480.0,58.0
2026-07-20 10:15:00,52480.0,52480.0,52460.0,52466.0,128.0
2026-07-20 10:20:00,52465.0,52487.0,52465.0,52485.0,47.0
2026-07-20 10:25:00,52485.0,52488.0,52475.0,52486.0,36.0
2026-07-20 10:30:00,52478.0,52492.0,52457.0,52467.0,238.0
2026-07-20 10:35:00,52466.0,52466.0,52445.0,52457.0,55.0
2026-07-20 10:40:00,52453.0,52460.0,52445.0,52452.0,140.0
2026-07-20 10:45:00,52449.0,52485.0,52448.0,52483.0,145.0
2026-07-20 10:50:00,52484.0,52510.0,52480.0,52507.0,95.0
2026-07-20 10:55:00,52506.0,52506.0,52476.0,52483.0,78.0
2026-07-20 11:00:00,52482.0,52516.0,52477.0,52512.0,162.0
2026-07-20 11:05:00,52513.0,52522.0,52510.0,52510.0,80.0
2026-07-20 11:10:00,52510.0,52522.0,52504.0,52504.0,73.0
2026-07-20 11:15:00,52502.0,52507.0,52496.0,52502.0,85.0
2026-07-20 11:20:00,52501.0,52501.0,52484.0,52495.0,55.0
2026-07-20 11:25:00,52494.0,52495.0,52471.0,52475.0,122.0
2026-07-20 11:30:00,52476.0,52622.0,52473.0,52598.0,1710.0
2026-07-20 11:35:00,52596.0,52616.0,52580.0,52596.0,450.0
2026-07-20 11:40:00,52594.0,52621.0,52581.0,52591.0,387.0
2026-07-20 11:45:00,52602.0,52606.0,52553.0,52553.0,303.0
2026-07-20 11:50:00,52553.0,52579.0,52546.0,52578.0,316.0
2026-07-20 11:55:00,52577.0,52581.0,52567.0,52578.0,82.0
2026-07-20 12:00:00,52578.0,52581.0,52465.0,52482.0,1155.0
2026-07-20 12:05:00,52482.0,52517.0,52472.0,52493.0,500.0
2026-07-20 12:10:00,52494.0,52501.0,52457.0,52474.0,319.0
2026-07-20 12:15:00,52474.0,52487.0,52458.0,52468.0,195.0
2026-07-20 12:20:00,52467.0,52469.0,52444.0,52449.0,193.0
2026-07-20 12:25:00,52448.0,52495.0,52441.0,52495.0,226.0
2026-07-20 12:30:00,52494.0,52504.0,52462.0,52469.0,269.0
2026-07-20 12:35:00,52469.0,52495.0,52467.0,52481.0,122.0
2026-07-20 12:40:00,52476.0,52479.0,52438.0,52449.0,178.0
2026-07-20 12:45:00,52449.0,52497.0,52448.0,52481.0,161.0
2026-07-20 12:50:00,52477.0,52478.0,52444.0,52444.0,183.0
2026-07-20 12:55:00,52447.0,52448.0,52429.0,52445.0,286.0
2026-07-20 13:00:00,52446.0,52463.0,52433.0,52462.0,307.0
2026-07-20 13:05:00,52460.0,52464.0,52448.0,52448.0,112.0
2026-07-20 13:10:00,52452.0,52470.0,52435.0,52444.0,186.0
2026-07-20 13:15:00,52443.0,52452.0,52430.0,52444.0,150.0
2026-07-20 13:20:00,52446.0,52476.0,52441.0,52474.0,130.0
2026-07-20 13:25:00,52472.0,52536.0,52468.0,52491.0,1022.0
2026-07-20 13:30:00,52490.0,52633.0,52471.0,52512.0,3877.0
2026-07-20 13:35:00,52512.0,52535.0,52464.0,52516.0,1785.0
2026-07-20 13:40:00,52519.0,52550.0,52471.0,52475.0,1607.0
2026-07-20 13:45:00,52477.0,52486.0,52397.0,52422.0,1871.0
2026-07-20 13:50:00,52421.0,52468.0,52333.0,52342.0,1626.0
2026-07-20 13:55:00,52345.0,52363.0,52319.0,52319.0,1019.0
2026-07-20 14:00:00,52322.0,52378.0,52300.0,52320.0,1038.0
2026-07-20 14:05:00,52320.0,52335.0,52259.0,52264.0,1103.0
2026-07-20 14:10:00,52262.0,52291.0,52240.0,52252.0,982.0
2026-07-20 14:15:00,52253.0,52287.0,52240.0,52254.0,618.0
2026-07-20 14:20:00,52249.0,52252.0,52205.0,52241.0,692.0
2026-07-20 14:25:00,52241.0,52257.0,52220.0,52245.0,569.0
2026-07-20 14:30:00,52247.0,52251.0,52194.0,52202.0,686.0
2026-07-20 14:35:00,52200.0,52238.0,52176.0,52228.0,722.0
2026-07-20 14:40:00,52230.0,52249.0,52195.0,52198.0,413.0
2026-07-20 14:45:00,52196.0,52251.0,52184.0,52227.0,574.0
2026-07-20 14:50:00,52226.0,52263.0,52215.0,52220.0,446.0
2026-07-20 14:55:00,52217.0,52219.0,52159.0,52196.0,733.0
2026-07-20 15:00:00,52200.0,52207.0,52170.0,52186.0,753.0
2026-07-20 15:05:00,52188.0,52238.0,52138.0,52232.0,990.0
2026-07-20 15:10:00,52232.0,52241.0,52184.0,52208.0,514.0
2026-07-20 15:15:00,52214.0,52245.0,52201.0,52240.0,301.0
2026-07-20 15:20:00,52241.0,52274.0,52233.0,52268.0,466.0
2026-07-20 15:25:00,52265.0,52290.0,52257.0,52277.0,482.0
2026-07-20 15:30:00,52276.0,52284.0,52252.0,52267.0,451.0
2026-07-20 15:35:00,52266.0,52268.0,52219.0,52238.0,497.0
2026-07-20 15:40:00,52230.0,52262.0,52228.0,52260.0,288.0
2026-07-20 15:45:00,52258.0,52272.0,52228.0,52243.0,255.0
2026-07-20 15:50:00,52242.0,52287.0,52235.0,52278.0,336.0
2026-07-20 15:55:00,52275.0,52282.0,52226.0,52231.0,280.0
2026-07-20 16:00:00,52231.0,52264.0,52223.0,52246.0,340.0
2026-07-20 16:05:00,52246.0,52286.0,52246.0,52284.0,331.0
2026-07-20 16:10:00,52284.0,52304.0,52283.0,52294.0,353.0
2026-07-20 16:15:00,52293.0,52294.0,52260.0,52287.0,255.0
2026-07-20 16:20:00,52292.0,52301.0,52270.0,52299.0,185.0
2026-07-20 16:25:00,52298.0,52300.0,52256.0,52268.0,305.0
2026-07-20 16:30:00,52274.0,52283.0,52235.0,52237.0,272.0
2026-07-20 16:35:00,52235.0,52272.0,52235.0,52272.0,137.0
2026-07-20 16:40:00,52269.0,52277.0,52157.0,52236.0,1307.0
2026-07-20 16:45:00,52235.0,52286.0,52227.0,52278.0,331.0
2026-07-20 16:50:00,52275.0,52277.0,52200.0,52203.0,486.0
2026-07-20 16:55:00,52203.0,52218.0,52188.0,52199.0,313.0
2026-07-20 17:00:00,52201.0,52217.0,52179.0,52180.0,287.0
2026-07-20 17:05:00,52180.0,52189.0,52155.0,52184.0,391.0
2026-07-20 17:10:00,52189.0,52192.0,52148.0,52152.0,241.0
2026-07-20 17:15:00,52150.0,52162.0,52128.0,52141.0,491.0
2026-07-20 17:20:00,52142.0,52168.0,52139.0,52148.0,246.0
2026-07-20 17:25:00,52145.0,52149.0,52120.0,52140.0,399.0
2026-07-20 17:30:00,52144.0,52170.0,52127.0,52167.0,275.0
2026-07-20 17:35:00,52167.0,52175.0,52134.0,52136.0,267.0
2026-07-20 17:40:00,52137.0,52141.0,52118.0,52130.0,241.0
2026-07-20 17:45:00,52129.0,52156.0,52125.0,52145.0,215.0
2026-07-20 17:50:00,52148.0,52190.0,52145.0,52178.0,303.0
2026-07-20 17:55:00,52173.0,52184.0,52155.0,52180.0,189.0
2026-07-20 18:00:00,52182.0,52224.0,52182.0,52206.0,392.0
2026-07-20 18:05:00,52204.0,52213.0,52184.0,52198.0,182.0
2026-07-20 18:10:00,52192.0,52227.0,52188.0,52217.0,210.0
2026-07-20 18:15:00,52218.0,52239.0,52212.0,52234.0,248.0
2026-07-20 18:20:00,52234.0,52240.0,52169.0,52170.0,490.0
2026-07-20 18:25:00,52169.0,52201.0,52159.0,52184.0,386.0
2026-07-20 18:30:00,52182.0,52182.0,52104.0,52118.0,534.0
2026-07-20 18:35:00,52117.0,52150.0,52100.0,52103.0,440.0
2026-07-20 18:40:00,52101.0,52102.0,52039.0,52039.0,874.0
2026-07-20 18:45:00,52039.0,52064.0,52026.0,52047.0,570.0
2026-07-20 18:50:00,52047.0,52080.0,52042.0,52072.0,300.0
2026-07-20 18:55:00,52070.0,52075.0,52050.0,52066.0,267.0
2026-07-20 19:00:00,52065.0,52089.0,52055.0,52067.0,318.0
2026-07-20 19:05:00,52063.0,52082.0,52036.0,52077.0,341.0
2026-07-20 19:10:00,52083.0,52101.0,52012.0,52012.0,529.0
2026-07-20 19:15:00,52014.0,52049.0,51999.0,52030.0,1058.0
2026-07-20 19:20:00,52034.0,52071.0,52029.0,52063.0,486.0
2026-07-20 19:25:00,52062.0,52090.0,52035.0,52081.0,852.0
2026-07-20 19:30:00,52084.0,52106.0,52060.0,52094.0,861.0
2026-07-20 19:35:00,52095.0,52101.0,52069.0,52091.0,458.0
2026-07-20 19:40:00,52092.0,52114.0,52087.0,52103.0,427.0
2026-07-20 19:45:00,52105.0,52121.0,52099.0,52114.0,661.0
2026-07-20 19:50:00,52113.0,52113.0,52060.0,52079.0,1022.0
2026-07-20 19:55:00,52080.0,52097.0,52046.0,52079.0,2879.0
2026-07-20 20:00:00,52080.0,52108.0,52077.0,52089.0,1020.0
2026-07-20 20:05:00,52090.0,52098.0,52068.0,52077.0,310.0
2026-07-20 20:10:00,52072.0,52073.0,52056.0,52058.0,249.0
2026-07-20 20:15:00,52059.0,52065.0,52049.0,52058.0,162.0
2026-07-20 20:20:00,52057.0,52065.0,52056.0,52061.0,69.0
2026-07-20 20:25:00,52064.0,52069.0,52042.0,52055.0,107.0
2026-07-20 20:30:00,52058.0,52071.0,52056.0,52069.0,59.0
2026-07-20 20:35:00,52071.0,52080.0,52067.0,52078.0,26.0
2026-07-20 20:40:00,52078.0,52078.0,52071.0,52074.0,31.0
2026-07-20 20:45:00,52077.0,52091.0,52073.0,52087.0,126.0
2026-07-20 20:50:00,52080.0,52085.0,52074.0,52085.0,44.0
2026-07-20 20:55:00,52085.0,52112.0,52081.0,52111.0,192.0
2026-07-20 22:00:00,52091.0,52115.0,52035.0,52077.0,0.0
2026-07-20 22:05:00,52076.0,52076.0,52059.0,52070.0,59.0
2026-07-20 22:10:00,52078.0,52085.0,52075.0,52085.0,34.0
2026-07-20 22:15:00,52085.0,52088.0,52078.0,52078.0,27.0
2026-07-20 22:20:00,52078.0,52085.0,52078.0,52083.0,8.0
2026-07-20 22:25:00,52083.0,52085.0,52079.0,52080.0,13.0
2026-07-20 22:30:00,52083.0,52083.0,52062.0,52066.0,59.0
2026-07-20 22:35:00,52066.0,52067.0,52058.0,52059.0,78.0
2026-07-20 22:40:00,52058.0,52065.0,52051.0,52065.0,66.0
2026-07-20 22:45:00,52070.0,52070.0,52053.0,52053.0,13.0
2026-07-20 22:50:00,52055.0,52055.0,52053.0,52054.0,11.0
2026-07-20 22:55:00,52054.0,52054.0,52053.0,52053.0,3.0
2026-07-20 23:00:00,52056.0,52066.0,52056.0,52066.0,14.0
2026-07-20 23:05:00,52067.0,52078.0,52067.0,52076.0,20.0
2026-07-20 23:10:00,52079.0,52088.0,52079.0,52087.0,23.0
2026-07-20 23:15:00,52088.0,52103.0,52088.0,52103.0,27.0
2026-07-20 23:20:00,52107.0,52113.0,52104.0,52107.0,63.0
2026-07-20 23:25:00,52108.0,52112.0,52105.0,52112.0,29.0
2026-07-20 23:30:00,52113.0,52120.0,52109.0,52113.0,45.0
2026-07-20 23:35:00,52114.0,52115.0,52105.0,52105.0,14.0
2026-07-20 23:40:00,52108.0,52111.0,52106.0,52108.0,27.0
2026-07-20 23:45:00,52109.0,52120.0,52097.0,52101.0,62.0
2026-07-20 23:50:00,52097.0,52097.0,52069.0,52077.0,72.0
2026-07-20 23:55:00,52080.0,52101.0,52080.0,52095.0,22.0
2026-07-21 00:00:00,52092.0,52092.0,52059.0,52064.0,141.0
2026-07-21 00:05:00,52070.0,52070.0,52040.0,52051.0,88.0
2026-07-21 00:10:00,52052.0,52079.0,52046.0,52055.0,64.0
2026-07-21 00:15:00,52055.0,52086.0,52035.0,52082.0,108.0
2026-07-21 00:20:00,52080.0,52083.0,52060.0,52070.0,43.0
2026-07-21 00:25:00,52069.0,52085.0,52063.0,52073.0,32.0
2026-07-21 00:30:00,52077.0,52103.0,52077.0,52092.0,70.0
2026-07-21 00:35:00,52098.0,52105.0,52087.0,52105.0,45.0
2026-07-21 00:40:00,52101.0,52108.0,52097.0,52101.0,58.0
2026-07-21 00:45:00,52103.0,52114.0,52094.0,52114.0,74.0
2026-07-21 00:50:00,52113.0,52114.0,52107.0,52108.0,31.0
2026-07-21 00:55:00,52110.0,52115.0,52106.0,52106.0,16.0
2026-07-21 01:00:00,52105.0,52108.0,52086.0,52097.0,51.0
2026-07-21 01:05:00,52099.0,52125.0,52098.0,52121.0,58.0
2026-07-21 01:10:00,52122.0,52137.0,52117.0,52134.0,66.0
2026-07-21 01:15:00,52137.0,52140.0,52109.0,52131.0,124.0
2026-07-21 01:20:00,52127.0,52128.0,52112.0,52123.0,38.0
2026-07-21 01:25:00,52122.0,52125.0,52114.0,52122.0,37.0
2026-07-21 01:30:00,52125.0,52125.0,52111.0,52121.0,40.0
2026-07-21 01:35:00,52119.0,52119.0,52101.0,52102.0,49.0
2026-07-21 01:40:00,52101.0,52102.0,52082.0,52085.0,64.0
2026-07-21 01:45:00,52079.0,52102.0,52074.0,52099.0,43.0
2026-07-21 01:50:00,52100.0,52104.0,52087.0,52095.0,47.0
2026-07-21 01:55:00,52095.0,52099.0,52087.0,52088.0,36.0
2026-07-21 02:00:00,52092.0,52116.0,52092.0,52110.0,63.0
2026-07-21 02:05:00,52114.0,52124.0,52100.0,52102.0,55.0
2026-07-21 02:10:00,52101.0,52101.0,52093.0,52097.0,32.0
2026-07-21 02:15:00,52092.0,52094.0,52075.0,52079.0,42.0
2026-07-21 02:20:00,52079.0,52111.0,52079.0,52111.0,12.0
2026-07-21 02:25:00,52115.0,52117.0,52106.0,52106.0,31.0
2026-07-21 02:30:00,52107.0,52124.0,52107.0,52121.0,34.0
2026-07-21 02:35:00,52122.0,52136.0,52122.0,52131.0,96.0
2026-07-21 02:40:00,52131.0,52131.0,52123.0,52123.0,29.0
2026-07-21 02:45:00,52122.0,52125.0,52117.0,52118.0,22.0
2026-07-21 02:50:00,52119.0,52126.0,52117.0,52126.0,35.0
2026-07-21 02:55:00,52129.0,52133.0,52127.0,52133.0,41.0
2026-07-21 03:00:00,52136.0,52148.0,52136.0,52148.0,72.0
2026-07-21 03:05:00,52148.0,52151.0,52144.0,52145.0,41.0
2026-07-21 03:10:00,52143.0,52148.0,52143.0,52148.0,30.0
2026-07-21 03:15:00,52147.0,52162.0,52145.0,52161.0,53.0
2026-07-21 03:20:00,52160.0,52171.0,52160.0,52171.0,44.0
2026-07-21 03:25:00,52170.0,52174.0,52169.0,52173.0,28.0
2026-07-21 03:30:00,52174.0,52174.0,52165.0,52169.0,39.0
2026-07-21 03:35:00,52170.0,52171.0,52163.0,52166.0,80.0
2026-07-21 03:40:00,52169.0,52172.0,52167.0,52171.0,44.0
2026-07-21 03:45:00,52169.0,52178.0,52168.0,52176.0,81.0
2026-07-21 03:50:00,52176.0,52182.0,52173.0,52181.0,65.0
2026-07-21 03:55:00,52184.0,52195.0,52182.0,52195.0,55.0
2026-07-21 04:00:00,52204.0,52217.0,52203.0,52212.0,117.0
2026-07-21 04:05:00,52214.0,52231.0,52211.0,52220.0,69.0
2026-07-21 04:10:00,52217.0,52222.0,52217.0,52218.0,33.0
2026-07-21 04:15:00,52219.0,52222.0,52212.0,52213.0,28.0
2026-07-21 04:20:00,52212.0,52222.0,52212.0,52221.0,26.0
2026-07-21 04:25:00,52221.0,52223.0,52212.0,52219.0,23.0
2026-07-21 04:30:00,52222.0,52227.0,52219.0,52224.0,26.0
2026-07-21 04:35:00,52228.0,52243.0,52228.0,52237.0,100.0
2026-07-21 04:40:00,52234.0,52237.0,52228.0,52228.0,83.0
2026-07-21 04:45:00,52227.0,52237.0,52224.0,52237.0,32.0
2026-07-21 04:50:00,52234.0,52234.0,52225.0,52233.0,25.0
2026-07-21 04:55:00,52230.0,52235.0,52227.0,52235.0,46.0
2026-07-21 05:00:00,52235.0,52235.0,52224.0,52226.0,33.0
2026-07-21 05:05:00,52225.0,52225.0,52212.0,52219.0,98.0
2026-07-21 05:10:00,52221.0,52224.0,52212.0,52213.0,29.0
2026-07-21 05:15:00,52212.0,52212.0,52204.0,52206.0,36.0
2026-07-21 05:20:00,52207.0,52218.0,52207.0,52218.0,40.0
2026-07-21 05:25:00,52216.0,52231.0,52216.0,52231.0,49.0
2026-07-21 05:30:00,52232.0,52238.0,52228.0,52238.0,43.0
2026-07-21 05:35:00,52237.0,52240.0,52229.0,52230.0,54.0
2026-07-21 05:40:00,52234.0,52261.0,52234.0,52261.0,82.0
2026-07-21 05:45:00,52260.0,52262.0,52244.0,52258.0,51.0
2026-07-21 05:50:00,52258.0,52268.0,52258.0,52259.0,81.0
2026-07-21 05:55:00,52260.0,52261.0,52248.0,52250.0,40.0
2026-07-21 06:00:00,52248.0,52259.0,52245.0,52253.0,128.0
2026-07-21 06:05:00,52253.0,52255.0,52224.0,52226.0,85.0
2026-07-21 06:10:00,52226.0,52228.0,52214.0,52221.0,147.0
2026-07-21 06:15:00,52220.0,52228.0,52212.0,52216.0,163.0
2026-07-21 06:20:00,52214.0,52230.0,52213.0,52228.0,91.0
2026-07-21 06:25:00,52233.0,52253.0,52229.0,52234.0,85.0
2026-07-21 06:30:00,52235.0,52257.0,52235.0,52255.0,52.0
2026-07-21 06:35:00,52256.0,52275.0,52247.0,52254.0,218.0
2026-07-21 06:40:00,52251.0,52262.0,52249.0,52253.0,75.0
2026-07-21 06:45:00,52252.0,52253.0,52239.0,52244.0,55.0
2026-07-21 06:50:00,52244.0,52255.0,52242.0,52251.0,50.0
2026-07-21 06:55:00,52250.0,52250.0,52242.0,52248.0,44.0
2026-07-21 07:00:00,52247.0,52325.0,52233.0,52291.0,453.0
2026-07-21 07:05:00,52290.0,52300.0,52273.0,52274.0,195.0
2026-07-21 07:10:00,52274.0,52277.0,52242.0,52256.0,308.0
2026-07-21 07:15:00,52253.0,52253.0,52233.0,52251.0,130.0
2026-07-21 07:20:00,52251.0,52251.0,52227.0,52228.0,58.0
2026-07-21 07:25:00,52231.0,52234.0,52197.0,52212.0,190.0
2026-07-21 07:30:00,52212.0,52234.0,52190.0,52234.0,77.0
2026-07-21 07:35:00,52233.0,52248.0,52231.0,52239.0,95.0
2026-07-21 07:40:00,52241.0,52246.0,52230.0,52230.0,60.0
2026-07-21 07:45:00,52230.0,52235.0,52222.0,52224.0,49.0
2026-07-21 07:50:00,52222.0,52233.0,52213.0,52227.0,159.0
2026-07-21 07:55:00,52225.0,52239.0,52220.0,52231.0,147.0
2026-07-21 08:00:00,52234.0,52234.0,52199.0,52204.0,223.0
2026-07-21 08:05:00,52201.0,52235.0,52200.0,52234.0,214.0
2026-07-21 08:10:00,52230.0,52246.0,52219.0,52244.0,181.0
2026-07-21 08:15:00,52246.0,52258.0,52236.0,52257.0,108.0
2026-07-21 08:20:00,52253.0,52265.0,52245.0,52259.0,134.0
2026-07-21 08:25:00,52258.0,52266.0,52230.0,52235.0,109.0
2026-07-21 08:30:00,52239.0,52256.0,52232.0,52255.0,78.0
2026-07-21 08:35:00,52254.0,52265.0,52249.0,52265.0,77.0
2026-07-21 08:40:00,52259.0,52285.0,52255.0,52282.0,79.0
2026-07-21 08:45:00,52280.0,52280.0,52249.0,52250.0,96.0
2026-07-21 08:50:00,52253.0,52263.0,52237.0,52247.0,152.0
2026-07-21 08:55:00,52245.0,52261.0,52243.0,52260.0,114.0
2026-07-21 09:00:00,52255.0,52283.0,52255.0,52283.0,108.0
2026-07-21 09:05:00,52282.0,52287.0,52274.0,52274.0,112.0
2026-07-21 09:10:00,52278.0,52282.0,52269.0,52270.0,91.0
2026-07-21 09:15:00,52274.0,52284.0,52256.0,52258.0,154.0
2026-07-21 09:20:00,52259.0,52273.0,52245.0,52250.0,199.0
2026-07-21 09:25:00,52251.0,52255.0,52235.0,52235.0,55.0
2026-07-21 09:30:00,52235.0,52261.0,52228.0,52254.0,59.0
2026-07-21 09:35:00,52252.0,52256.0,52237.0,52237.0,39.0
2026-07-21 09:40:00,52241.0,52241.0,52221.0,52240.0,99.0
2026-07-21 09:45:00,52236.0,52259.0,52234.0,52259.0,37.0
2026-07-21 09:50:00,52254.0,52255.0,52228.0,52235.0,62.0
2026-07-21 09:55:00,52235.0,52236.0,52215.0,52224.0,79.0
2026-07-21 10:00:00,52222.0,52248.0,52218.0,52228.0,150.0
2026-07-21 10:05:00,52230.0,52232.0,52217.0,52220.0,57.0
2026-07-21 10:10:00,52218.0,52273.0,52217.0,52243.0,293.0
2026-07-21 10:15:00,52242.0,52247.0,52237.0,52245.0,43.0
2026-07-21 10:20:00,52244.0,52251.0,52237.0,52239.0,50.0
2026-07-21 10:25:00,52244.0,52245.0,52230.0,52245.0,71.0
2026-07-21 10:30:00,52243.0,52316.0,52242.0,52308.0,489.0
2026-07-21 10:35:00,52305.0,52326.0,52301.0,52301.0,201.0
2026-07-21 10:40:00,52297.0,52320.0,52289.0,52308.0,84.0
2026-07-21 10:45:00,52303.0,52311.0,52278.0,52300.0,164.0
2026-07-21 10:50:00,52301.0,52313.0,52291.0,52291.0,39.0
2026-07-21 10:55:00,52293.0,52311.0,52289.0,52301.0,82.0
2026-07-21 11:00:00,52305.0,52305.0,52279.0,52282.0,108.0
2026-07-21 11:05:00,52280.0,52291.0,52263.0,52263.0,158.0
2026-07-21 11:10:00,52265.0,52269.0,52243.0,52248.0,146.0
2026-07-21 11:15:00,52247.0,52255.0,52235.0,52235.0,143.0
2026-07-21 11:20:00,52237.0,52239.0,52202.0,52232.0,168.0
2026-07-21 11:25:00,52223.0,52233.0,52211.0,52212.0,133.0
2026-07-21 11:30:00,52219.0,52242.0,52219.0,52228.0,53.0
2026-07-21 11:35:00,52224.0,52254.0,52223.0,52243.0,102.0
2026-07-21 11:40:00,52243.0,52245.0,52216.0,52218.0,79.0
2026-07-21 11:45:00,52222.0,52226.0,52208.0,52214.0,51.0
2026-07-21 11:50:00,52216.0,52217.0,52191.0,52192.0,118.0
2026-07-21 11:55:00,52196.0,52199.0,52186.0,52198.0,117.0
2026-07-21 12:00:00,52202.0,52211.0,52181.0,52188.0,157.0
2026-07-21 12:05:00,52190.0,52220.0,52189.0,52204.0,165.0
2026-07-21 12:10:00,52202.0,52225.0,52199.0,52209.0,145.0
2026-07-21 12:15:00,52207.0,52209.0,52155.0,52175.0,401.0
2026-07-21 12:20:00,52175.0,52199.0,52166.0,52195.0,205.0
2026-07-21 12:25:00,52195.0,52195.0,52166.0,52168.0,227.0
2026-07-21 12:30:00,52168.0,52181.0,52168.0,52179.0,90.0
2026-07-21 12:35:00,52172.0,52178.0,52160.0,52173.0,116.0
2026-07-21 12:40:00,52173.0,52176.0,52116.0,52150.0,413.0
2026-07-21 12:45:00,52155.0,52202.0,52154.0,52198.0,239.0
2026-07-21 12:50:00,52195.0,52213.0,52190.0,52210.0,122.0
2026-07-21 12:55:00,52209.0,52214.0,52196.0,52201.0,109.0
2026-07-21 13:00:00,52206.0,52210.0,52180.0,52199.0,165.0
2026-07-21 13:05:00,52199.0,52216.0,52195.0,52199.0,162.0
2026-07-21 13:10:00,52200.0,52225.0,52197.0,52223.0,244.0
2026-07-21 13:15:00,52219.0,52245.0,52216.0,52241.0,300.0
2026-07-21 13:20:00,52242.0,52260.0,52233.0,52260.0,224.0
2026-07-21 13:25:00,52256.0,52273.0,52237.0,52254.0,868.0
2026-07-21 13:30:00,52256.0,52300.0,52198.0,52282.0,3873.0
2026-07-21 13:35:00,52284.0,52286.0,52194.0,52199.0,1828.0
2026-07-21 13:40:00,52200.0,52210.0,52089.0,52107.0,1809.0
2026-07-21 13:45:00,52107.0,52203.0,52107.0,52187.0,1404.0
2026-07-21 13:50:00,52186.0,52200.0,52108.0,52195.0,1357.0
2026-07-21 13:55:00,52191.0,52237.0,52164.0,52218.0,988.0
2026-07-21 14:00:00,52221.0,52336.0,52213.0,52324.0,1379.0
2026-07-21 14:05:00,52323.0,52372.0,52288.0,52333.0,1010.0
2026-07-21 14:10:00,52331.0,52389.0,52317.0,52379.0,872.0
2026-07-21 14:15:00,52376.0,52388.0,52332.0,52367.0,796.0
2026-07-21 14:20:00,52368.0,52375.0,52330.0,52366.0,650.0
2026-07-21 14:25:00,52366.0,52398.0,52359.0,52394.0,814.0
2026-07-21 14:30:00,52393.0,52414.0,52363.0,52390.0,893.0
2026-07-21 14:35:00,52387.0,52400.0,52300.0,52306.0,834.0
2026-07-21 14:40:00,52304.0,52332.0,52281.0,52317.0,883.0
2026-07-21 14:45:00,52321.0,52372.0,52307.0,52366.0,960.0
2026-07-21 14:50:00,52365.0,52368.0,52293.0,52306.0,612.0
2026-07-21 14:55:00,52308.0,52324.0,52289.0,52321.0,417.0
2026-07-21 15:00:00,52320.0,52326.0,52291.0,52319.0,614.0
2026-07-21 15:05:00,52317.0,52354.0,52309.0,52344.0,621.0
2026-07-21 15:10:00,52346.0,52365.0,52334.0,52356.0,501.0
2026-07-21 15:15:00,52356.0,52405.0,52350.0,52402.0,632.0
2026-07-21 15:20:00,52401.0,52441.0,52375.0,52384.0,1041.0
2026-07-21 15:25:00,52382.0,52420.0,52378.0,52418.0,383.0
2026-07-21 15:30:00,52417.0,52437.0,52399.0,52406.0,642.0
2026-07-21 15:35:00,52407.0,52416.0,52382.0,52405.0,449.0
2026-07-21 15:40:00,52407.0,52433.0,52401.0,52424.0,303.0
2026-07-21 15:45:00,52420.0,52448.0,52411.0,52434.0,532.0
2026-07-21 15:50:00,52433.0,52446.0,52427.0,52435.0,291.0
2026-07-21 15:55:00,52436.0,52456.0,52425.0,52430.0,410.0
2026-07-21 16:00:00,52430.0,52454.0,52428.0,52452.0,274.0
2026-07-21 16:05:00,52452.0,52467.0,52444.0,52461.0,378.0
2026-07-21 16:10:00,52463.0,52475.0,52448.0,52472.0,224.0
2026-07-21 16:15:00,52474.0,52503.0,52471.0,52494.0,497.0
2026-07-21 16:20:00,52495.0,52517.0,52475.0,52510.0,534.0
2026-07-21 16:25:00,52511.0,52557.0,52511.0,52545.0,595.0
2026-07-21 16:30:00,52548.0,52565.0,52538.0,52558.0,469.0
2026-07-21 16:35:00,52553.0,52559.0,52540.0,52550.0,303.0
2026-07-21 16:40:00,52548.0,52569.0,52541.0,52560.0,393.0
2026-07-21 16:45:00,52561.0,52561.0,52545.0,52546.0,297.0
2026-07-21 16:50:00,52545.0,52582.0,52541.0,52580.0,382.0
2026-07-21 16:55:00,52578.0,52590.0,52564.0,52568.0,298.0
2026-07-21 17:00:00,52569.0,52576.0,52545.0,52545.0,330.0
2026-07-21 17:05:00,52542.0,52559.0,52538.0,52545.0,261.0
2026-07-21 17:10:00,52546.0,52547.0,52530.0,52533.0,436.0
2026-07-21 17:15:00,52534.0,52538.0,52499.0,52500.0,400.0
2026-07-21 17:20:00,52499.0,52513.0,52491.0,52512.0,316.0
2026-07-21 17:25:00,52512.0,52517.0,52492.0,52497.0,200.0
2026-07-21 17:30:00,52497.0,52501.0,52470.0,52477.0,356.0
2026-07-21 17:35:00,52476.0,52507.0,52475.0,52496.0,487.0
2026-07-21 17:40:00,52499.0,52500.0,52480.0,52497.0,189.0
2026-07-21 17:45:00,52495.0,52505.0,52488.0,52498.0,192.0
2026-07-21 17:50:00,52497.0,52500.0,52478.0,52478.0,282.0
2026-07-21 17:55:00,52480.0,52480.0,52459.0,52469.0,292.0
2026-07-21 18:00:00,52467.0,52474.0,52438.0,52445.0,532.0
2026-07-21 18:05:00,52444.0,52453.0,52431.0,52447.0,268.0
2026-07-21 18:10:00,52445.0,52461.0,52419.0,52421.0,362.0
2026-07-21 18:15:00,52421.0,52427.0,52412.0,52424.0,276.0
2026-07-21 18:20:00,52422.0,52440.0,52420.0,52433.0,231.0
2026-07-21 18:25:00,52432.0,52451.0,52425.0,52446.0,273.0
2026-07-21 18:30:00,52446.0,52446.0,52417.0,52419.0,258.0
2026-07-21 18:35:00,52418.0,52437.0,52416.0,52428.0,195.0
2026-07-21 18:40:00,52428.0,52439.0,52415.0,52433.0,313.0
2026-07-21 18:45:00,52432.0,52441.0,52415.0,52432.0,127.0
2026-07-21 18:50:00,52429.0,52437.0,52420.0,52422.0,154.0
2026-07-21 18:55:00,52424.0,52435.0,52421.0,52429.0,232.0
2026-07-21 19:00:00,52430.0,52434.0,52413.0,52427.0,322.0
2026-07-21 19:05:00,52428.0,52447.0,52424.0,52425.0,315.0
2026-07-21 19:10:00,52424.0,52441.0,52417.0,52438.0,284.0
2026-07-21 19:15:00,52437.0,52456.0,52430.0,52433.0,209.0
2026-07-21 19:20:00,52433.0,52442.0,52429.0,52435.0,174.0
2026-07-21 19:25:00,52434.0,52456.0,52431.0,52455.0,191.0
2026-07-21 19:30:00,52453.0,52453.0,52420.0,52426.0,420.0
2026-07-21 19:35:00,52428.0,52456.0,52424.0,52439.0,355.0
2026-07-21 19:40:00,52435.0,52443.0,52413.0,52438.0,462.0
2026-07-21 19:45:00,52436.0,52437.0,52419.0,52435.0,481.0
2026-07-21 19:50:00,52434.0,52441.0,52420.0,52423.0,880.0
2026-07-21 19:55:00,52423.0,52450.0,52414.0,52442.0,2470.0
2026-07-21 20:00:00,52441.0,52450.0,52427.0,52433.0,496.0
2026-07-21 20:05:00,52434.0,52440.0,52429.0,52435.0,167.0
2026-07-21 20:10:00,52434.0,52437.0,52425.0,52436.0,166.0
2026-07-21 20:15:00,52434.0,52434.0,52418.0,52420.0,122.0
2026-07-21 20:20:00,52421.0,52429.0,52418.0,52429.0,31.0
2026-07-21 20:25:00,52430.0,52430.0,52418.0,52420.0,54.0
2026-07-21 20:30:00,52421.0,52429.0,52421.0,52425.0,40.0
2026-07-21 20:35:00,52425.0,52432.0,52424.0,52427.0,30.0
2026-07-21 20:40:00,52426.0,52429.0,52421.0,52421.0,44.0
2026-07-21 20:45:00,52422.0,52428.0,52417.0,52417.0,71.0
2026-07-21 20:50:00,52416.0,52419.0,52414.0,52414.0,38.0
2026-07-21 20:55:00,52413.0,52420.0,52410.0,52416.0,90.0
2026-07-21 22:00:00,52431.0,52431.0,52407.0,52418.0,0.0
2026-07-21 22:05:00,52421.0,52423.0,52407.0,52417.0,63.0
2026-07-21 22:10:00,52420.0,52429.0,52420.0,52429.0,17.0
2026-07-21 22:15:00,52428.0,52439.0,52427.0,52439.0,52.0
2026-07-21 22:20:00,52437.0,52437.0,52424.0,52424.0,35.0
2026-07-21 22:25:00,52426.0,52431.0,52426.0,52428.0,22.0
2026-07-21 22:30:00,52429.0,52432.0,52421.0,52425.0,35.0
2026-07-21 22:35:00,52426.0,52426.0,52423.0,52423.0,6.0
2026-07-21 22:40:00,52428.0,52432.0,52425.0,52425.0,20.0
2026-07-21 22:45:00,52421.0,52421.0,52414.0,52414.0,12.0
2026-07-21 22:50:00,52415.0,52419.0,52413.0,52419.0,7.0
2026-07-21 22:55:00,52416.0,52425.0,52415.0,52425.0,6.0
2026-07-21 23:00:00,52424.0,52426.0,52420.0,52426.0,12.0
2026-07-21 23:05:00,52423.0,52428.0,52423.0,52426.0,12.0
2026-07-21 23:10:00,52424.0,52430.0,52422.0,52430.0,14.0
2026-07-21 23:15:00,52428.0,52433.0,52420.0,52433.0,46.0
2026-07-21 23:20:00,52426.0,52426.0,52415.0,52415.0,46.0
2026-07-21 23:25:00,52418.0,52427.0,52418.0,52427.0,8.0
2026-07-21 23:30:00,52426.0,52431.0,52425.0,52428.0,12.0
2026-07-21 23:35:00,52427.0,52427.0,52420.0,52422.0,10.0
2026-07-21 23:40:00,52423.0,52423.0,52413.0,52417.0,36.0
2026-07-21 23:45:00,52416.0,52425.0,52416.0,52423.0,42.0
2026-07-21 23:50:00,52422.0,52423.0,52413.0,52416.0,56.0
2026-07-21 23:55:00,52416.0,52426.0,52416.0,52426.0,26.0
2026-07-22 00:00:00,52423.0,52435.0,52418.0,52435.0,142.0
2026-07-22 00:05:00,52435.0,52436.0,52409.0,52414.0,127.0
2026-07-22 00:10:00,52415.0,52428.0,52408.0,52424.0,77.0
2026-07-22 00:15:00,52423.0,52424.0,52410.0,52421.0,99.0
2026-07-22 00:20:00,52417.0,52425.0,52407.0,52415.0,61.0
2026-07-22 00:25:00,52418.0,52418.0,52407.0,52415.0,70.0
2026-07-22 00:30:00,52416.0,52420.0,52404.0,52418.0,85.0
2026-07-22 00:35:00,52413.0,52422.0,52407.0,52417.0,79.0
2026-07-22 00:40:00,52417.0,52422.0,52416.0,52417.0,33.0
2026-07-22 00:45:00,52419.0,52419.0,52405.0,52415.0,62.0
2026-07-22 00:50:00,52415.0,52422.0,52410.0,52414.0,33.0
2026-07-22 00:55:00,52415.0,52424.0,52414.0,52422.0,53.0
2026-07-22 01:00:00,52423.0,52432.0,52399.0,52410.0,179.0
2026-07-22 01:05:00,52411.0,52412.0,52395.0,52401.0,55.0
2026-07-22 01:10:00,52402.0,52403.0,52392.0,52392.0,55.0
2026-07-22 01:15:00,52394.0,52394.0,52384.0,52389.0,77.0
2026-07-22 01:20:00,52387.0,52391.0,52375.0,52377.0,83.0
2026-07-22 01:25:00,52377.0,52397.0,52375.0,52390.0,39.0
2026-07-22 01:30:00,52392.0,52393.0,52379.0,52392.0,74.0
2026-07-22 01:35:00,52394.0,52398.0,52391.0,52395.0,30.0
2026-07-22 01:40:00,52398.0,52398.0,52386.0,52394.0,52.0
2026-07-22 01:45:00,52393.0,52411.0,52390.0,52409.0,87.0
2026-07-22 01:50:00,52409.0,52421.0,52406.0,52421.0,53.0
2026-07-22 01:55:00,52420.0,52425.0,52419.0,52419.0,91.0
2026-07-22 02:00:00,52423.0,52425.0,52396.0,52401.0,102.0
2026-07-22 02:05:00,52401.0,52401.0,52394.0,52398.0,42.0
2026-07-22 02:10:00,52397.0,52407.0,52397.0,52404.0,43.0
2026-07-22 02:15:00,52405.0,52410.0,52401.0,52404.0,56.0
2026-07-22 02:20:00,52405.0,52407.0,52402.0,52404.0,38.0
2026-07-22 02:25:00,52404.0,52416.0,52399.0,52412.0,48.0
2026-07-22 02:30:00,52412.0,52417.0,52405.0,52410.0,33.0
2026-07-22 02:35:00,52411.0,52411.0,52403.0,52403.0,24.0
2026-07-22 02:40:00,52405.0,52429.0,52405.0,52427.0,66.0
2026-07-22 02:45:00,52430.0,52435.0,52426.0,52433.0,55.0
2026-07-22 02:50:00,52434.0,52434.0,52427.0,52431.0,48.0
2026-07-22 02:55:00,52431.0,52433.0,52424.0,52433.0,42.0
2026-07-22 03:00:00,52431.0,52449.0,52428.0,52441.0,111.0
2026-07-22 03:05:00,52441.0,52441.0,52422.0,52422.0,47.0
2026-07-22 03:10:00,52420.0,52423.0,52418.0,52418.0,26.0
2026-07-22 03:15:00,52418.0,52424.0,52412.0,52424.0,69.0
2026-07-22 03:20:00,52420.0,52435.0,52420.0,52433.0,106.0
2026-07-22 03:25:00,52433.0,52442.0,52433.0,52435.0,23.0
2026-07-22 03:30:00,52432.0,52432.0,52412.0,52414.0,37.0
2026-07-22 03:35:00,52415.0,52417.0,52410.0,52417.0,25.0
2026-07-22 03:40:00,52419.0,52419.0,52411.0,52411.0,18.0
2026-07-22 03:45:00,52415.0,52418.0,52412.0,52414.0,25.0
2026-07-22 03:50:00,52414.0,52414.0,52387.0,52388.0,97.0
2026-07-22 03:55:00,52390.0,52390.0,52383.0,52384.0,42.0
2026-07-22 04:00:00,52390.0,52395.0,52384.0,52395.0,32.0
2026-07-22 04:05:00,52394.0,52401.0,52392.0,52400.0,22.0
2026-07-22 04:10:00,52398.0,52400.0,52395.0,52395.0,13.0
2026-07-22 04:15:00,52397.0,52405.0,52397.0,52400.0,20.0
2026-07-22 04:20:00,52402.0,52403.0,52402.0,52402.0,12.0
2026-07-22 04:25:00,52403.0,52404.0,52401.0,52402.0,13.0
2026-07-22 04:30:00,52398.0,52399.0,52390.0,52390.0,60.0
2026-07-22 04:35:00,52393.0,52395.0,52390.0,52394.0,24.0
2026-07-22 04:40:00,52392.0,52399.0,52392.0,52399.0,22.0
2026-07-22 04:45:00,52399.0,52399.0,52390.0,52396.0,17.0
2026-07-22 04:50:00,52395.0,52396.0,52389.0,52390.0,52.0
2026-07-22 04:55:00,52388.0,52396.0,52385.0,52395.0,98.0
2026-07-22 05:00:00,52399.0,52399.0,52387.0,52387.0,32.0
2026-07-22 05:05:00,52387.0,52396.0,52385.0,52394.0,92.0
2026-07-22 05:10:00,52393.0,52399.0,52393.0,52398.0,49.0
2026-07-22 05:15:00,52397.0,52408.0,52397.0,52406.0,43.0
2026-07-22 05:20:00,52401.0,52406.0,52397.0,52404.0,83.0
2026-07-22 05:25:00,52401.0,52414.0,52397.0,52411.0,76.0
2026-07-22 05:30:00,52410.0,52416.0,52402.0,52414.0,80.0
2026-07-22 05:35:00,52413.0,52413.0,52401.0,52403.0,49.0
2026-07-22 05:40:00,52407.0,52408.0,52401.0,52404.0,49.0
2026-07-22 05:45:00,52402.0,52403.0,52399.0,52400.0,10.0
2026-07-22 05:50:00,52405.0,52415.0,52405.0,52406.0,56.0
2026-07-22 05:55:00,52410.0,52412.0,52405.0,52411.0,32.0
2026-07-22 06:00:00,52413.0,52430.0,52406.0,52427.0,124.0
2026-07-22 06:05:00,52424.0,52424.0,52411.0,52413.0,217.0
2026-07-22 06:10:00,52415.0,52425.0,52415.0,52422.0,55.0
2026-07-22 06:15:00,52420.0,52420.0,52388.0,52396.0,279.0
2026-07-22 06:20:00,52396.0,52398.0,52350.0,52362.0,283.0
2026-07-22 06:25:00,52360.0,52363.0,52347.0,52350.0,278.0
2026-07-22 06:30:00,52351.0,52360.0,52339.0,52356.0,192.0
2026-07-22 06:35:00,52359.0,52380.0,52358.0,52360.0,162.0
2026-07-22 06:40:00,52360.0,52362.0,52341.0,52347.0,70.0
2026-07-22 06:45:00,52344.0,52344.0,52310.0,52323.0,257.0
2026-07-22 06:50:00,52325.0,52351.0,52324.0,52346.0,162.0
2026-07-22 06:55:00,52341.0,52341.0,52320.0,52320.0,124.0
2026-07-22 07:00:00,52319.0,52329.0,52283.0,52289.0,432.0
2026-07-22 07:05:00,52289.0,52295.0,52270.0,52287.0,344.0
2026-07-22 07:10:00,52294.0,52319.0,52286.0,52319.0,236.0
2026-07-22 07:15:00,52320.0,52346.0,52320.0,52336.0,206.0
2026-07-22 07:20:00,52335.0,52346.0,52330.0,52333.0,245.0
2026-07-22 07:25:00,52331.0,52372.0,52331.0,52355.0,232.0
2026-07-22 07:30:00,52355.0,52366.0,52321.0,52321.0,221.0
2026-07-22 07:35:00,52322.0,52323.0,52286.0,52287.0,191.0
2026-07-22 07:40:00,52287.0,52291.0,52266.0,52290.0,330.0
2026-07-22 07:45:00,52289.0,52304.0,52272.0,52275.0,324.0
2026-07-22 07:50:00,52276.0,52296.0,52274.0,52296.0,114.0
2026-07-22 07:55:00,52299.0,52309.0,52295.0,52309.0,171.0
2026-07-22 08:00:00,52308.0,52388.0,52306.0,52387.0,584.0
2026-07-22 08:05:00,52388.0,52393.0,52360.0,52364.0,321.0
2026-07-22 08:10:00,52365.0,52367.0,52333.0,52343.0,246.0
2026-07-22 08:15:00,52343.0,52371.0,52342.0,52364.0,247.0
2026-07-22 08:20:00,52367.0,52386.0,52360.0,52379.0,309.0
2026-07-22 08:25:00,52378.0,52412.0,52375.0,52411.0,313.0
2026-07-22 08:30:00,52410.0,52434.0,52408.0,52428.0,305.0
2026-07-22 08:35:00,52427.0,52434.0,52407.0,52408.0,151.0
2026-07-22 08:40:00,52409.0,52415.0,52404.0,52414.0,161.0
2026-07-22 08:45:00,52414.0,52434.0,52405.0,52416.0,257.0
2026-07-22 08:50:00,52418.0,52430.0,52406.0,52416.0,254.0
2026-07-22 08:55:00,52416.0,52416.0,52389.0,52408.0,271.0
2026-07-22 09:00:00,52406.0,52437.0,52403.0,52432.0,214.0
2026-07-22 09:05:00,52434.0,52444.0,52417.0,52421.0,303.0
2026-07-22 09:10:00,52423.0,52423.0,52410.0,52413.0,176.0
2026-07-22 09:15:00,52415.0,52438.0,52409.0,52434.0,119.0
2026-07-22 09:20:00,52435.0,52442.0,52424.0,52438.0,193.0
2026-07-22 09:25:00,52438.0,52439.0,52411.0,52413.0,122.0
2026-07-22 09:30:00,52410.0,52410.0,52380.0,52380.0,199.0
2026-07-22 09:35:00,52382.0,52411.0,52382.0,52398.0,228.0
2026-07-22 09:40:00,52396.0,52406.0,52385.0,52399.0,154.0
2026-07-22 09:45:00,52398.0,52403.0,52386.0,52395.0,162.0
2026-07-22 09:50:00,52395.0,52395.0,52363.0,52374.0,196.0
2026-07-22 09:55:00,52378.0,52404.0,52377.0,52401.0,192.0
2026-07-22 10:00:00,52404.0,52424.0,52402.0,52416.0,168.0
2026-07-22 10:05:00,52416.0,52421.0,52404.0,52407.0,131.0
2026-07-22 10:10:00,52407.0,52415.0,52388.0,52394.0,188.0
2026-07-22 10:15:00,52393.0,52413.0,52393.0,52407.0,155.0
2026-07-22 10:20:00,52407.0,52477.0,52407.0,52467.0,1214.0
2026-07-22 10:25:00,52469.0,52477.0,52447.0,52470.0,365.0
2026-07-22 10:30:00,52471.0,52471.0,52450.0,52461.0,520.0
2026-07-22 10:35:00,52461.0,52461.0,52427.0,52431.0,544.0
2026-07-22 10:40:00,52432.0,52436.0,52395.0,52395.0,465.0
2026-07-22 10:45:00,52394.0,52424.0,52392.0,52424.0,326.0
2026-07-22 10:50:00,52424.0,52433.0,52416.0,52422.0,127.0
2026-07-22 10:55:00,52420.0,52429.0,52415.0,52416.0,106.0
2026-07-22 11:00:00,52416.0,52417.0,52388.0,52403.0,359.0
2026-07-22 11:05:00,52404.0,52410.0,52360.0,52404.0,986.0
2026-07-22 11:10:00,52405.0,52421.0,52368.0,52377.0,313.0
2026-07-22 11:15:00,52378.0,52379.0,52364.0,52369.0,166.0
2026-07-22 11:20:00,52366.0,52379.0,52360.0,52370.0,240.0
2026-07-22 11:25:00,52369.0,52369.0,52355.0,52359.0,137.0
2026-07-22 11:30:00,52362.0,52375.0,52355.0,52371.0,125.0
2026-07-22 11:35:00,52373.0,52387.0,52373.0,52375.0,59.0
2026-07-22 11:40:00,52374.0,52374.0,52282.0,52320.0,1025.0
2026-07-22 11:45:00,52318.0,52364.0,52313.0,52361.0,234.0
2026-07-22 11:50:00,52359.0,52359.0,52326.0,52326.0,160.0
2026-07-22 11:55:00,52327.0,52336.0,52301.0,52304.0,147.0
2026-07-22 12:00:00,52303.0,52327.0,52302.0,52314.0,172.0
2026-07-22 12:05:00,52315.0,52339.0,52313.0,52329.0,211.0
2026-07-22 12:10:00,52328.0,52355.0,52326.0,52349.0,163.0
2026-07-22 12:15:00,52352.0,52353.0,52331.0,52336.0,129.0
2026-07-22 12:20:00,52336.0,52338.0,52314.0,52322.0,128.0
2026-07-22 12:25:00,52323.0,52348.0,52315.0,52348.0,218.0
2026-07-22 12:30:00,52348.0,52393.0,52335.0,52385.0,377.0
2026-07-22 12:35:00,52386.0,52397.0,52379.0,52390.0,208.0
2026-07-22 12:40:00,52389.0,52389.0,52372.0,52380.0,167.0
2026-07-22 12:45:00,52382.0,52382.0,52344.0,52345.0,94.0
2026-07-22 12:50:00,52348.0,52370.0,52340.0,52370.0,86.0
2026-07-22 12:55:00,52370.0,52370.0,52262.0,52342.0,1246.0
2026-07-22 13:00:00,52341.0,52368.0,52337.0,52368.0,216.0
2026-07-22 13:05:00,52367.0,52368.0,52343.0,52362.0,165.0
2026-07-22 13:10:00,52361.0,52361.0,52346.0,52353.0,107.0
2026-07-22 13:15:00,52352.0,52405.0,52352.0,52405.0,311.0
2026-07-22 13:20:00,52405.0,52416.0,52388.0,52416.0,301.0
2026-07-22 13:25:00,52414.0,52460.0,52390.0,52435.0,796.0
2026-07-22 13:30:00,52438.0,52554.0,52375.0,52520.0,4907.0
2026-07-22 13:35:00,52520.0,52561.0,52489.0,52519.0,2299.0
2026-07-22 13:40:00,52515.0,52540.0,52444.0,52527.0,2246.0
2026-07-22 13:45:00,52528.0,52596.0,52516.0,52576.0,1531.0
2026-07-22 13:50:00,52577.0,52620.0,52552.0,52601.0,1641.0
2026-07-22 13:55:00,52600.0,52692.0,52586.0,52644.0,1717.0
2026-07-22 14:00:00,52642.0,52697.0,52626.0,52688.0,1426.0
2026-07-22 14:05:00,52689.0,52721.0,52652.0,52673.0,1319.0
2026-07-22 14:10:00,52673.0,52682.0,52610.0,52612.0,800.0
2026-07-22 14:15:00,52614.0,52623.0,52584.0,52592.0,997.0
2026-07-22 14:20:00,52592.0,52607.0,52548.0,52553.0,1647.0
2026-07-22 14:25:00,52559.0,52566.0,52507.0,52515.0,1940.0
2026-07-22 14:30:00,52517.0,52551.0,52502.0,52507.0,1127.0
2026-07-22 14:35:00,52511.0,52518.0,52481.0,52513.0,980.0
2026-07-22 14:40:00,52511.0,52520.0,52474.0,52478.0,863.0
2026-07-22 14:45:00,52479.0,52517.0,52479.0,52503.0,734.0
2026-07-22 14:50:00,52503.0,52511.0,52476.0,52496.0,678.0
2026-07-22 14:55:00,52495.0,52496.0,52470.0,52491.0,511.0
2026-07-22 15:00:00,52489.0,52528.0,52475.0,52511.0,560.0
2026-07-22 15:05:00,52512.0,52513.0,52483.0,52503.0,591.0
2026-07-22 15:10:00,52504.0,52537.0,52499.0,52509.0,491.0
2026-07-22 15:15:00,52508.0,52519.0,52480.0,52515.0,448.0
2026-07-22 15:20:00,52517.0,52568.0,52515.0,52565.0,642.0
2026-07-22 15:25:00,52565.0,52600.0,52565.0,52572.0,678.0
2026-07-22 15:30:00,52571.0,52583.0,52551.0,52551.0,426.0
2026-07-22 15:35:00,52552.0,52583.0,52545.0,52583.0,333.0
2026-07-22 15:40:00,52583.0,52597.0,52550.0,52563.0,348.0
2026-07-22 15:45:00,52567.0,52612.0,52567.0,52604.0,450.0
2026-07-22 15:50:00,52605.0,52614.0,52589.0,52599.0,295.0
2026-07-22 15:55:00,52596.0,52623.0,52587.0,52619.0,354.0
2026-07-22 16:00:00,52620.0,52625.0,52595.0,52623.0,301.0
2026-07-22 16:05:00,52624.0,52644.0,52610.0,52633.0,360.0
2026-07-22 16:10:00,52630.0,52635.0,52609.0,52610.0,266.0
2026-07-22 16:15:00,52610.0,52632.0,52594.0,52631.0,274.0
2026-07-22 16:20:00,52629.0,52630.0,52607.0,52621.0,197.0
2026-07-22 16:25:00,52620.0,52635.0,52616.0,52633.0,473.0
2026-07-22 16:30:00,52636.0,52640.0,52619.0,52638.0,258.0
2026-07-22 16:35:00,52636.0,52653.0,52630.0,52647.0,369.0
2026-07-22 16:40:00,52647.0,52648.0,52638.0,52643.0,171.0
2026-07-22 16:45:00,52642.0,52651.0,52607.0,52616.0,279.0
2026-07-22 16:50:00,52619.0,52619.0,52596.0,52599.0,232.0
2026-07-22 16:55:00,52597.0,52619.0,52594.0,52609.0,395.0
2026-07-22 17:00:00,52608.0,52611.0,52570.0,52573.0,446.0
2026-07-22 17:05:00,52572.0,52586.0,52567.0,52577.0,286.0
2026-07-22 17:10:00,52576.0,52579.0,52549.0,52552.0,422.0
2026-07-22 17:15:00,52550.0,52564.0,52536.0,52538.0,555.0
2026-07-22 17:20:00,52537.0,52539.0,52506.0,52510.0,429.0
2026-07-22 17:25:00,52509.0,52521.0,52497.0,52500.0,319.0
2026-07-22 17:30:00,52497.0,52537.0,52495.0,52510.0,627.0
2026-07-22 17:35:00,52510.0,52525.0,52502.0,52524.0,343.0
2026-07-22 17:40:00,52524.0,52535.0,52511.0,52522.0,243.0
2026-07-22 17:45:00,52521.0,52522.0,52503.0,52518.0,208.0
2026-07-22 17:50:00,52519.0,52536.0,52516.0,52522.0,196.0
2026-07-22 17:55:00,52521.0,52526.0,52505.0,52519.0,261.0
2026-07-22 18:00:00,52521.0,52525.0,52489.0,52498.0,396.0
2026-07-22 18:05:00,52497.0,52514.0,52491.0,52496.0,229.0
2026-07-22 18:10:00,52495.0,52497.0,52475.0,52485.0,329.0
2026-07-22 18:15:00,52485.0,52514.0,52483.0,52501.0,303.0
2026-07-22 18:20:00,52501.0,52518.0,52497.0,52499.0,163.0
2026-07-22 18:25:00,52498.0,52516.0,52496.0,52513.0,174.0
2026-07-22 18:30:00,52514.0,52514.0,52484.0,52491.0,387.0
2026-07-22 18:35:00,52490.0,52506.0,52489.0,52502.0,219.0
2026-07-22 18:40:00,52501.0,52503.0,52484.0,52492.0,239.0
2026-07-22 18:45:00,52492.0,52505.0,52476.0,52479.0,247.0
2026-07-22 18:50:00,52477.0,52502.0,52473.0,52497.0,345.0
2026-07-22 18:55:00,52494.0,52503.0,52490.0,52493.0,299.0
2026-07-22 19:00:00,52494.0,52496.0,52455.0,52460.0,428.0
2026-07-22 19:05:00,52458.0,52475.0,52452.0,52457.0,264.0
2026-07-22 19:10:00,52455.0,52458.0,52439.0,52451.0,334.0
2026-07-22 19:15:00,52449.0,52478.0,52449.0,52475.0,293.0
2026-07-22 19:20:00,52472.0,52473.0,52436.0,52438.0,216.0
2026-07-22 19:25:00,52439.0,52440.0,52427.0,52437.0,321.0
2026-07-22 19:30:00,52434.0,52435.0,52414.0,52425.0,478.0
2026-07-22 19:35:00,52424.0,52435.0,52414.0,52416.0,296.0
2026-07-22 19:40:00,52415.0,52449.0,52415.0,52444.0,508.0
2026-07-22 19:45:00,52444.0,52460.0,52436.0,52452.0,628.0
2026-07-22 19:50:00,52451.0,52464.0,52431.0,52438.0,1016.0
2026-07-22 19:55:00,52439.0,52480.0,52421.0,52426.0,2905.0
2026-07-22 20:00:00,52429.0,52536.0,52428.0,52445.0,1369.0
2026-07-22 20:05:00,52443.0,52476.0,52415.0,52460.0,658.0
2026-07-22 20:10:00,52460.0,52540.0,52455.0,52540.0,573.0
2026-07-22 20:15:00,52536.0,52542.0,52510.0,52521.0,437.0
2026-07-22 20:20:00,52521.0,52532.0,52505.0,52532.0,204.0
2026-07-22 20:25:00,52534.0,52538.0,52500.0,52522.0,158.0
2026-07-22 20:30:00,52519.0,52523.0,52511.0,52511.0,112.0
2026-07-22 20:35:00,52508.0,52513.0,52491.0,52512.0,213.0
2026-07-22 20:40:00,52504.0,52512.0,52499.0,52501.0,135.0
2026-07-22 20:45:00,52501.0,52511.0,52496.0,52502.0,84.0
2026-07-22 20:50:00,52504.0,52529.0,52504.0,52515.0,126.0
2026-07-22 20:55:00,52516.0,52518.0,52470.0,52470.0,241.0
2026-07-22 22:00:00,52430.0,52453.0,52386.0,52400.0,0.0
2026-07-22 22:05:00,52399.0,52418.0,52395.0,52413.0,83.0
2026-07-22 22:10:00,52412.0,52416.0,52404.0,52411.0,32.0
2026-07-22 22:15:00,52412.0,52423.0,52395.0,52406.0,99.0
2026-07-22 22:20:00,52407.0,52414.0,52404.0,52406.0,33.0
2026-07-22 22:25:00,52404.0,52405.0,52380.0,52385.0,66.0
2026-07-22 22:30:00,52385.0,52393.0,52375.0,52377.0,68.0
2026-07-22 22:35:00,52379.0,52381.0,52354.0,52357.0,73.0
2026-07-22 22:40:00,52355.0,52360.0,52354.0,52359.0,21.0
2026-07-22 22:45:00,52357.0,52373.0,52355.0,52373.0,48.0
2026-07-22 22:50:00,52373.0,52390.0,52372.0,52390.0,20.0
2026-07-22 22:55:00,52384.0,52394.0,52384.0,52386.0,20.0
2026-07-22 23:00:00,52386.0,52388.0,52368.0,52373.0,57.0
2026-07-22 23:05:00,52371.0,52377.0,52371.0,52372.0,30.0
2026-07-22 23:10:00,52372.0,52390.0,52371.0,52385.0,64.0
2026-07-22 23:15:00,52385.0,52385.0,52370.0,52371.0,36.0
2026-07-22 23:20:00,52372.0,52376.0,52372.0,52374.0,15.0
2026-07-22 23:25:00,52373.0,52375.0,52372.0,52373.0,24.0
2026-07-22 23:30:00,52373.0,52383.0,52372.0,52381.0,23.0
2026-07-22 23:35:00,52380.0,52388.0,52380.0,52388.0,16.0
2026-07-22 23:40:00,52388.0,52389.0,52381.0,52388.0,40.0
2026-07-22 23:45:00,52383.0,52405.0,52382.0,52399.0,70.0
2026-07-22 23:50:00,52399.0,52403.0,52390.0,52401.0,41.0
2026-07-22 23:55:00,52400.0,52424.0,52399.0,52424.0,56.0
2026-07-23 00:00:00,52426.0,52429.0,52403.0,52418.0,185.0
2026-07-23 00:05:00,52419.0,52432.0,52411.0,52426.0,109.0
2026-07-23 00:10:00,52425.0,52430.0,52415.0,52423.0,73.0
2026-07-23 00:15:00,52421.0,52440.0,52411.0,52435.0,145.0
2026-07-23 00:20:00,52434.0,52463.0,52434.0,52463.0,127.0
2026-07-23 00:25:00,52464.0,52477.0,52454.0,52454.0,96.0
2026-07-23 00:30:00,52458.0,52472.0,52454.0,52472.0,79.0
2026-07-23 00:35:00,52472.0,52480.0,52468.0,52475.0,44.0
2026-07-23 00:40:00,52475.0,52490.0,52475.0,52488.0,55.0
2026-07-23 00:45:00,52490.0,52493.0,52482.0,52482.0,42.0
2026-07-23 00:50:00,52482.0,52499.0,52481.0,52496.0,104.0
2026-07-23 00:55:00,52494.0,52500.0,52487.0,52492.0,46.0
2026-07-23 01:00:00,52494.0,52515.0,52487.0,52510.0,141.0
2026-07-23 01:05:00,52508.0,52510.0,52491.0,52491.0,112.0
2026-07-23 01:10:00,52493.0,52498.0,52487.0,52488.0,74.0
2026-07-23 01:15:00,52488.0,52488.0,52479.0,52480.0,92.0
2026-07-23 01:20:00,52481.0,52495.0,52480.0,52487.0,85.0
2026-07-23 01:25:00,52479.0,52493.0,52478.0,52481.0,92.0
2026-07-23 01:30:00,52480.0,52494.0,52464.0,52493.0,148.0
2026-07-23 01:35:00,52491.0,52492.0,52478.0,52478.0,58.0
2026-07-23 01:40:00,52474.0,52487.0,52474.0,52479.0,61.0
2026-07-23 01:45:00,52477.0,52484.0,52474.0,52483.0,74.0
2026-07-23 01:50:00,52482.0,52493.0,52481.0,52485.0,37.0
2026-07-23 01:55:00,52486.0,52488.0,52475.0,52476.0,13.0
2026-07-23 02:00:00,52470.0,52483.0,52469.0,52483.0,31.0
2026-07-23 02:05:00,52484.0,52487.0,52473.0,52474.0,25.0
2026-07-23 02:10:00,52472.0,52474.0,52462.0,52462.0,49.0
2026-07-23 02:15:00,52461.0,52467.0,52446.0,52450.0,67.0
2026-07-23 02:20:00,52448.0,52450.0,52441.0,52441.0,80.0
2026-07-23 02:25:00,52438.0,52443.0,52432.0,52435.0,54.0
2026-07-23 02:30:00,52437.0,52459.0,52434.0,52458.0,58.0
2026-07-23 02:35:00,52458.0,52460.0,52430.0,52439.0,68.0
2026-07-23 02:40:00,52439.0,52454.0,52436.0,52453.0,73.0
2026-07-23 02:45:00,52453.0,52454.0,52445.0,52445.0,23.0
2026-07-23 02:50:00,52447.0,52458.0,52440.0,52457.0,63.0
2026-07-23 02:55:00,52452.0,52456.0,52447.0,52449.0,54.0
2026-07-23 03:00:00,52452.0,52453.0,52433.0,52433.0,73.0
2026-07-23 03:05:00,52434.0,52437.0,52415.0,52420.0,74.0
2026-07-23 03:10:00,52418.0,52418.0,52392.0,52394.0,147.0
2026-07-23 03:15:00,52395.0,52397.0,52381.0,52389.0,79.0
2026-07-23 03:20:00,52390.0,52399.0,52384.0,52388.0,64.0
2026-07-23 03:25:00,52389.0,52395.0,52376.0,52392.0,73.0
2026-07-23 03:30:00,52395.0,52404.0,52383.0,52389.0,73.0
2026-07-23 03:35:00,52387.0,52403.0,52387.0,52400.0,26.0
2026-07-23 03:40:00,52404.0,52412.0,52400.0,52412.0,43.0
2026-07-23 03:45:00,52410.0,52414.0,52400.0,52406.0,33.0
2026-07-23 03:50:00,52409.0,52409.0,52399.0,52401.0,49.0
2026-07-23 03:55:00,52401.0,52403.0,52384.0,52392.0,71.0
2026-07-23 04:00:00,52388.0,52388.0,52370.0,52374.0,68.0
2026-07-23 04:05:00,52373.0,52380.0,52350.0,52373.0,106.0
2026-07-23 04:10:00,52373.0,52386.0,52372.0,52386.0,29.0
2026-07-23 04:15:00,52388.0,52390.0,52383.0,52384.0,28.0
2026-07-23 04:20:00,52385.0,52402.0,52384.0,52397.0,14.0
2026-07-23 04:25:00,52399.0,52414.0,52395.0,52408.0,70.0
2026-07-23 04:30:00,52402.0,52403.0,52389.0,52403.0,23.0
2026-07-23 04:35:00,52403.0,52404.0,52399.0,52404.0,10.0
2026-07-23 04:40:00,52406.0,52406.0,52393.0,52393.0,27.0
2026-07-23 04:45:00,52390.0,52399.0,52380.0,52380.0,19.0
2026-07-23 04:50:00,52379.0,52381.0,52369.0,52378.0,30.0
2026-07-23 04:55:00,52377.0,52380.0,52370.0,52377.0,23.0
2026-07-23 05:00:00,52381.0,52381.0,52368.0,52374.0,18.0
2026-07-23 05:05:00,52374.0,52374.0,52371.0,52372.0,5.0
2026-07-23 05:10:00,52373.0,52379.0,52362.0,52379.0,24.0
2026-07-23 05:15:00,52378.0,52379.0,52373.0,52377.0,26.0
2026-07-23 05:20:00,52379.0,52382.0,52363.0,52372.0,29.0
2026-07-23 05:25:00,52376.0,52400.0,52376.0,52400.0,32.0
2026-07-23 05:30:00,52401.0,52416.0,52399.0,52404.0,57.0
2026-07-23 05:35:00,52397.0,52400.0,52383.0,52387.0,28.0
2026-07-23 05:40:00,52381.0,52389.0,52375.0,52380.0,16.0
2026-07-23 05:45:00,52380.0,52380.0,52368.0,52370.0,37.0
2026-07-23 05:50:00,52363.0,52366.0,52339.0,52339.0,78.0
2026-07-23 05:55:00,52339.0,52353.0,52337.0,52337.0,47.0
2026-07-23 06:00:00,52339.0,52361.0,52338.0,52348.0,73.0
2026-07-23 06:05:00,52348.0,52354.0,52336.0,52340.0,73.0
2026-07-23 06:10:00,52342.0,52359.0,52342.0,52358.0,56.0
2026-07-23 06:15:00,52356.0,52366.0,52350.0,52365.0,52.0
2026-07-23 06:20:00,52368.0,52370.0,52346.0,52353.0,52.0
2026-07-23 06:25:00,52353.0,52360.0,52350.0,52358.0,48.0
2026-07-23 06:30:00,52359.0,52360.0,52325.0,52330.0,91.0
2026-07-23 06:35:00,52332.0,52335.0,52321.0,52322.0,58.0
2026-07-23 06:40:00,52320.0,52323.0,52311.0,52313.0,74.0
2026-07-23 06:45:00,52314.0,52337.0,52314.0,52328.0,38.0
2026-07-23 06:50:00,52326.0,52326.0,52305.0,52314.0,54.0
2026-07-23 06:55:00,52314.0,52314.0,52297.0,52301.0,124.0
2026-07-23 07:00:00,52301.0,52301.0,52247.0,52263.0,413.0
2026-07-23 07:05:00,52263.0,52279.0,52233.0,52236.0,237.0
2026-07-23 07:10:00,52237.0,52237.0,52131.0,52190.0,697.0
2026-07-23 07:15:00,52191.0,52219.0,52190.0,52209.0,285.0
2026-07-23 07:20:00,52210.0,52223.0,52200.0,52200.0,122.0
2026-07-23 07:25:00,52202.0,52248.0,52202.0,52210.0,167.0
2026-07-23 07:30:00,52212.0,52213.0,52153.0,52159.0,216.0
2026-07-23 07:35:00,52160.0,52181.0,52155.0,52177.0,122.0
2026-07-23 07:40:00,52180.0,52180.0,52145.0,52165.0,110.0
2026-07-23 07:45:00,52152.0,52159.0,52140.0,52157.0,129.0
2026-07-23 07:50:00,52151.0,52181.0,52145.0,52176.0,149.0
2026-07-23 07:55:00,52182.0,52207.0,52182.0,52200.0,187.0
2026-07-23 08:00:00,52201.0,52210.0,52174.0,52190.0,253.0
2026-07-23 08:05:00,52189.0,52264.0,52189.0,52264.0,161.0
2026-07-23 08:10:00,52266.0,52268.0,52243.0,52244.0,77.0
2026-07-23 08:15:00,52244.0,52273.0,52230.0,52264.0,111.0
2026-07-23 08:20:00,52263.0,52269.0,52239.0,52246.0,104.0
2026-07-23 08:25:00,52246.0,52269.0,52246.0,52266.0,73.0
2026-07-23 08:30:00,52261.0,52262.0,52236.0,52250.0,117.0
2026-07-23 08:35:00,52249.0,52252.0,52234.0,52239.0,57.0
2026-07-23 08:40:00,52240.0,52247.0,52222.0,52222.0,90.0
2026-07-23 08:45:00,52222.0,52233.0,52220.0,52233.0,83.0
2026-07-23 08:50:00,52231.0,52269.0,52226.0,52266.0,133.0
2026-07-23 08:55:00,52265.0,52295.0,52258.0,52294.0,134.0
2026-07-23 09:00:00,52292.0,52332.0,52278.0,52321.0,395.0
2026-07-23 09:05:00,52314.0,52314.0,52268.0,52268.0,185.0
2026-07-23 09:10:00,52267.0,52288.0,52258.0,52258.0,132.0
2026-07-23 09:15:00,52254.0,52267.0,52244.0,52244.0,85.0
2026-07-23 09:20:00,52246.0,52248.0,52229.0,52231.0,59.0
2026-07-23 09:25:00,52230.0,52238.0,52215.0,52223.0,73.0
2026-07-23 09:30:00,52223.0,52229.0,52213.0,52221.0,66.0
2026-07-23 09:35:00,52218.0,52230.0,52216.0,52230.0,59.0
2026-07-23 09:40:00,52232.0,52249.0,52229.0,52245.0,76.0
2026-07-23 09:45:00,52241.0,52256.0,52241.0,52246.0,85.0
2026-07-23 09:50:00,52243.0,52251.0,52224.0,52243.0,137.0
2026-07-23 09:55:00,52245.0,52250.0,52213.0,52226.0,98.0
2026-07-23 10:00:00,52228.0,52256.0,52220.0,52240.0,277.0
2026-07-23 10:05:00,52242.0,52245.0,52213.0,52218.0,135.0
2026-07-23 10:10:00,52220.0,52220.0,52202.0,52209.0,71.0
2026-07-23 10:15:00,52209.0,52226.0,52206.0,52219.0,48.0
2026-07-23 10:20:00,52218.0,52237.0,52213.0,52230.0,51.0
2026-07-23 10:25:00,52236.0,52245.0,52231.0,52234.0,80.0
2026-07-23 10:30:00,52229.0,52284.0,52229.0,52273.0,456.0
2026-07-23 10:35:00,52275.0,52300.0,52274.0,52289.0,77.0
2026-07-23 10:40:00,52288.0,52307.0,52287.0,52291.0,69.0
2026-07-23 10:45:00,52292.0,52313.0,52291.0,52311.0,80.0
2026-07-23 10:50:00,52313.0,52320.0,52307.0,52315.0,42.0
2026-07-23 10:55:00,52313.0,52313.0,52296.0,52296.0,88.0
2026-07-23 11:00:00,52298.0,52314.0,52265.0,52280.0,371.0
2026-07-23 11:05:00,52280.0,52280.0,52244.0,52246.0,174.0
2026-07-23 11:10:00,52244.0,52259.0,52242.0,52259.0,98.0
2026-07-23 11:15:00,52262.0,52272.0,52243.0,52245.0,102.0
2026-07-23 11:20:00,52244.0,52245.0,52198.0,52204.0,206.0
2026-07-23 11:25:00,52205.0,52215.0,52190.0,52201.0,195.0
2026-07-23 11:30:00,52200.0,52212.0,52164.0,52179.0,257.0
2026-07-23 11:35:00,52182.0,52182.0,52102.0,52119.0,540.0
2026-07-23 11:40:00,52118.0,52139.0,52096.0,52112.0,318.0
2026-07-23 11:45:00,52114.0,52132.0,52098.0,52125.0,305.0
2026-07-23 11:50:00,52126.0,52191.0,52126.0,52160.0,424.0
2026-07-23 11:55:00,52158.0,52162.0,52139.0,52151.0,131.0
2026-07-23 12:00:00,52149.0,52149.0,52114.0,52124.0,315.0
2026-07-23 12:05:00,52121.0,52130.0,52083.0,52089.0,283.0
2026-07-23 12:10:00,52086.0,52106.0,52065.0,52073.0,228.0
2026-07-23 12:15:00,52074.0,52110.0,52023.0,52045.0,709.0
2026-07-23 12:20:00,52041.0,52042.0,51982.0,51987.0,408.0
2026-07-23 12:25:00,51988.0,52005.0,51972.0,51981.0,402.0
2026-07-23 12:30:00,51980.0,51997.0,51954.0,51993.0,402.0
2026-07-23 12:35:00,51989.0,51991.0,51936.0,51968.0,437.0
2026-07-23 12:40:00,51966.0,51971.0,51900.0,51937.0,757.0
2026-07-23 12:45:00,51938.0,51955.0,51898.0,51930.0,687.0
2026-07-23 12:50:00,51925.0,51935.0,51895.0,51902.0,279.0
2026-07-23 12:55:00,51906.0,51916.0,51876.0,51893.0,346.0
2026-07-23 13:00:00,51893.0,51897.0,51844.0,51859.0,405.0
2026-07-23 13:05:00,51853.0,51867.0,51820.0,51830.0,646.0
2026-07-23 13:10:00,51831.0,51838.0,51795.0,51815.0,550.0
2026-07-23 13:15:00,51816.0,51831.0,51797.0,51824.0,305.0
2026-07-23 13:20:00,51822.0,51823.0,51778.0,51780.0,676.0
2026-07-23 13:25:00,51778.0,51802.0,51740.0,51770.0,1049.0
2026-07-23 13:30:00,51772.0,52049.0,51736.0,52035.0,5688.0
2026-07-23 13:35:00,52038.0,52074.0,51979.0,52041.0,3808.0
2026-07-23 13:40:00,52043.0,52085.0,52013.0,52019.0,3024.0
2026-07-23 13:45:00,52019.0,52026.0,51899.0,51921.0,3495.0
2026-07-23 13:50:00,51921.0,51935.0,51876.0,51935.0,2040.0
2026-07-23 13:55:00,51933.0,51964.0,51834.0,51876.0,2215.0
2026-07-23 14:00:00,51877.0,51934.0,51877.0,51916.0,1765.0
2026-07-23 14:05:00,51920.0,51930.0,51813.0,51847.0,2072.0
2026-07-23 14:10:00,51846.0,51962.0,51843.0,51908.0,1797.0
2026-07-23 14:15:00,51908.0,51952.0,51891.0,51906.0,1151.0
2026-07-23 14:20:00,51906.0,51928.0,51858.0,51878.0,1136.0
2026-07-23 14:25:00,51878.0,51913.0,51849.0,51909.0,782.0
2026-07-23 14:30:00,51906.0,51918.0,51849.0,51860.0,727.0
2026-07-23 14:35:00,51861.0,51948.0,51830.0,51929.0,1244.0
2026-07-23 14:40:00,51937.0,51968.0,51880.0,51889.0,917.0
2026-07-23 14:45:00,51887.0,51951.0,51874.0,51920.0,687.0
2026-07-23 14:50:00,51917.0,51934.0,51857.0,51901.0,763.0
2026-07-23 14:55:00,51900.0,51932.0,51898.0,51927.0,619.0
2026-07-23 15:00:00,51927.0,51947.0,51862.0,51876.0,969.0
2026-07-23 15:05:00,51872.0,51876.0,51809.0,51855.0,1323.0
2026-07-23 15:10:00,51853.0,51859.0,51807.0,51825.0,1047.0
2026-07-23 15:15:00,51823.0,51854.0,51816.0,51831.0,1036.0
2026-07-23 15:20:00,51833.0,51847.0,51767.0,51813.0,1708.0
2026-07-23 15:25:00,51811.0,51814.0,51772.0,51782.0,989.0
2026-07-23 15:30:00,51784.0,51808.0,51720.0,51808.0,1591.0
2026-07-23 15:35:00,51806.0,51904.0,51801.0,51900.0,1228.0
2026-07-23 15:40:00,51898.0,51935.0,51854.0,51862.0,877.0
2026-07-23 15:45:00,51857.0,51868.0,51835.0,51858.0,459.0
2026-07-23 15:50:00,51861.0,51874.0,51840.0,51872.0,433.0
2026-07-23 15:55:00,51875.0,51899.0,51850.0,51892.0,467.0
2026-07-23 16:00:00,51895.0,51918.0,51878.0,51899.0,574.0
2026-07-23 16:05:00,51892.0,51935.0,51868.0,51935.0,495.0
2026-07-23 16:10:00,51933.0,51963.0,51930.0,51960.0,589.0
2026-07-23 16:15:00,51963.0,51984.0,51933.0,51949.0,549.0
2026-07-23 16:20:00,51949.0,52017.0,51949.0,51999.0,604.0
2026-07-23 16:25:00,51997.0,52007.0,51973.0,51983.0,483.0
2026-07-23 16:30:00,51982.0,51998.0,51950.0,51955.0,492.0
2026-07-23 16:35:00,51955.0,51973.0,51935.0,51972.0,668.0
2026-07-23 16:40:00,51973.0,51973.0,51926.0,51936.0,336.0
2026-07-23 16:45:00,51935.0,51935.0,51873.0,51879.0,440.0
2026-07-23 16:50:00,51875.0,51912.0,51866.0,51900.0,468.0
2026-07-23 16:55:00,51897.0,51947.0,51896.0,51938.0,385.0
2026-07-23 17:00:00,51941.0,51959.0,51922.0,51925.0,401.0
2026-07-23 17:05:00,51925.0,51933.0,51900.0,51933.0,382.0
2026-07-23 17:10:00,51929.0,51956.0,51914.0,51917.0,362.0
2026-07-23 17:15:00,51915.0,51939.0,51902.0,51918.0,470.0
2026-07-23 17:20:00,51924.0,51947.0,51918.0,51947.0,276.0
2026-07-23 17:25:00,51948.0,51954.0,51918.0,51918.0,242.0
2026-07-23 17:30:00,51915.0,51916.0,51859.0,51861.0,542.0
2026-07-23 17:35:00,51858.0,51865.0,51830.0,51842.0,433.0
2026-07-23 17:40:00,51839.0,51847.0,51817.0,51833.0,439.0
2026-07-23 17:45:00,51830.0,51861.0,51817.0,51852.0,389.0
2026-07-23 17:50:00,51851.0,51851.0,51819.0,51820.0,344.0
2026-07-23 17:55:00,51819.0,51828.0,51790.0,51791.0,502.0
2026-07-23 18:00:00,51789.0,51803.0,51779.0,51784.0,457.0
2026-07-23 18:05:00,51783.0,51814.0,51775.0,51801.0,397.0
2026-07-23 18:10:00,51802.0,51822.0,51792.0,51793.0,334.0
2026-07-23 18:15:00,51795.0,51822.0,51792.0,51810.0,399.0
2026-07-23 18:20:00,51810.0,51833.0,51807.0,51823.0,338.0
2026-07-23 18:25:00,51829.0,51840.0,51806.0,51840.0,272.0
2026-07-23 18:30:00,51839.0,51851.0,51831.0,51841.0,275.0
2026-07-23 18:35:00,51842.0,51845.0,51811.0,51817.0,360.0
2026-07-23 18:40:00,51817.0,51833.0,51804.0,51831.0,441.0
2026-07-23 18:45:00,51832.0,51883.0,51831.0,51880.0,494.0
2026-07-23 18:50:00,51878.0,51883.0,51838.0,51840.0,503.0
2026-07-23 18:55:00,51838.0,51859.0,51834.0,51858.0,413.0
2026-07-23 19:00:00,51861.0,51883.0,51857.0,51864.0,424.0
2026-07-23 19:05:00,51864.0,51882.0,51849.0,51855.0,553.0
2026-07-23 19:10:00,51853.0,51865.0,51841.0,51857.0,412.0
2026-07-23 19:15:00,51857.0,51879.0,51856.0,51878.0,443.0
2026-07-23 19:20:00,51879.0,51913.0,51876.0,51913.0,720.0
2026-07-23 19:25:00,51913.0,51923.0,51890.0,51891.0,460.0
2026-07-23 19:30:00,51892.0,51909.0,51855.0,51875.0,864.0
2026-07-23 19:35:00,51869.0,51872.0,51837.0,51849.0,542.0
2026-07-23 19:40:00,51846.0,51853.0,51827.0,51829.0,542.0
2026-07-23 19:45:00,51829.0,51834.0,51786.0,51793.0,856.0
2026-07-23 19:50:00,51794.0,51851.0,51783.0,51836.0,1646.0
2026-07-23 19:55:00,51837.0,51920.0,51837.0,51893.0,3270.0
2026-07-23 20:00:00,51893.0,51917.0,51878.0,51883.0,1155.0
2026-07-23 20:05:00,51884.0,51895.0,51867.0,51879.0,416.0
2026-07-23 20:10:00,51880.0,51899.0,51880.0,51892.0,316.0
2026-07-23 20:15:00,51894.0,51903.0,51887.0,51891.0,151.0
2026-07-23 20:20:00,51888.0,51906.0,51886.0,51903.0,90.0
2026-07-23 20:25:00,51902.0,51906.0,51891.0,51896.0,138.0
2026-07-23 20:30:00,51895.0,51912.0,51893.0,51910.0,127.0
2026-07-23 20:35:00,51909.0,51914.0,51901.0,51903.0,78.0
2026-07-23 20:40:00,51900.0,51900.0,51888.0,51891.0,73.0
2026-07-23 20:45:00,51893.0,51899.0,51889.0,51896.0,37.0
2026-07-23 20:50:00,51894.0,51902.0,51889.0,51899.0,97.0
2026-07-23 20:55:00,51900.0,51922.0,51899.0,51919.0,145.0
2026-07-23 22:00:00,51920.0,51924.0,51880.0,51880.0,0.0
2026-07-23 22:05:00,51882.0,51896.0,51881.0,51886.0,36.0
2026-07-23 22:10:00,51882.0,51886.0,51873.0,51882.0,51.0
2026-07-23 22:15:00,51880.0,51886.0,51873.0,51880.0,39.0
2026-07-23 22:20:00,51878.0,51895.0,51878.0,51890.0,13.0
2026-07-23 22:25:00,51888.0,51888.0,51878.0,51881.0,10.0
2026-07-23 22:30:00,51881.0,51887.0,51878.0,51878.0,36.0
2026-07-23 22:35:00,51877.0,51881.0,51871.0,51877.0,27.0
2026-07-23 22:40:00,51875.0,51878.0,51870.0,51878.0,19.0
2026-07-23 22:45:00,51877.0,51893.0,51877.0,51882.0,44.0
2026-07-23 22:50:00,51881.0,51885.0,51881.0,51884.0,12.0
2026-07-23 22:55:00,51886.0,51895.0,51885.0,51895.0,16.0
2026-07-23 23:00:00,51891.0,51894.0,51878.0,51881.0,35.0
2026-07-23 23:05:00,51881.0,51885.0,51875.0,51876.0,44.0
2026-07-23 23:10:00,51875.0,51876.0,51871.0,51876.0,24.0
2026-07-23 23:15:00,51875.0,51878.0,51874.0,51875.0,9.0
2026-07-23 23:20:00,51874.0,51874.0,51871.0,51871.0,9.0
2026-07-23 23:25:00,51872.0,51880.0,51869.0,51879.0,16.0
2026-07-23 23:30:00,51878.0,51884.0,51875.0,51883.0,18.0
2026-07-23 23:35:00,51883.0,51884.0,51875.0,51875.0,16.0
2026-07-23 23:40:00,51874.0,51883.0,51846.0,51876.0,95.0
2026-07-23 23:45:00,51878.0,51895.0,51874.0,51882.0,47.0
2026-07-23 23:50:00,51878.0,51884.0,51865.0,51865.0,41.0
2026-07-23 23:55:00,51865.0,51891.0,51865.0,51888.0,47.0
2026-07-24 00:00:00,51886.0,51920.0,51886.0,51894.0,145.0
2026-07-24 00:05:00,51893.0,51907.0,51883.0,51892.0,113.0
2026-07-24 00:10:00,51893.0,51896.0,51875.0,51888.0,119.0
2026-07-24 00:15:00,51892.0,51910.0,51877.0,51897.0,162.0
2026-07-24 00:20:00,51897.0,51936.0,51893.0,51927.0,172.0
2026-07-24 00:25:00,51924.0,51926.0,51915.0,51919.0,62.0
2026-07-24 00:30:00,51921.0,51921.0,51901.0,51914.0,93.0
2026-07-24 00:35:00,51914.0,51929.0,51910.0,51925.0,67.0
2026-07-24 00:40:00,51929.0,51952.0,51928.0,51952.0,89.0
2026-07-24 00:45:00,51950.0,51964.0,51946.0,51953.0,58.0
2026-07-24 00:50:00,51950.0,51953.0,51927.0,51928.0,53.0
2026-07-24 00:55:00,51922.0,51950.0,51921.0,51950.0,63.0
2026-07-24 01:00:00,51950.0,51963.0,51940.0,51947.0,87.0
2026-07-24 01:05:00,51948.0,51949.0,51941.0,51941.0,55.0
2026-07-24 01:10:00,51941.0,51949.0,51935.0,51935.0,38.0
2026-07-24 01:15:00,51937.0,51947.0,51935.0,51942.0,50.0
2026-07-24 01:20:00,51936.0,51943.0,51930.0,51940.0,62.0
2026-07-24 01:25:00,51940.0,51956.0,51938.0,51938.0,59.0
2026-07-24 01:30:00,51941.0,51955.0,51932.0,51953.0,68.0
2026-07-24 01:35:00,51953.0,51959.0,51948.0,51951.0,50.0
2026-07-24 01:40:00,51953.0,51975.0,51949.0,51968.0,84.0
2026-07-24 01:45:00,51968.0,51968.0,51952.0,51952.0,38.0
2026-07-24 01:50:00,51947.0,51958.0,51938.0,51957.0,77.0
2026-07-24 01:55:00,51957.0,51962.0,51951.0,51954.0,68.0
2026-07-24 02:00:00,51954.0,51955.0,51947.0,51948.0,58.0
2026-07-24 02:05:00,51943.0,51950.0,51942.0,51950.0,53.0
2026-07-24 02:10:00,51955.0,51966.0,51955.0,51959.0,45.0
2026-07-24 02:15:00,51960.0,51962.0,51953.0,51957.0,79.0
2026-07-24 02:20:00,51954.0,51961.0,51949.0,51961.0,39.0
2026-07-24 02:25:00,51961.0,51964.0,51954.0,51958.0,68.0
2026-07-24 02:30:00,51958.0,51958.0,51931.0,51937.0,85.0
2026-07-24 02:35:00,51937.0,51940.0,51923.0,51925.0,94.0
2026-07-24 02:40:00,51925.0,51929.0,51921.0,51927.0,62.0
2026-07-24 02:45:00,51922.0,51924.0,51908.0,51912.0,84.0
2026-07-24 02:50:00,51914.0,51921.0,51910.0,51912.0,83.0
2026-07-24 02:55:00,51913.0,51926.0,51913.0,51916.0,103.0
2026-07-24 03:00:00,51915.0,51918.0,51905.0,51916.0,74.0
2026-07-24 03:05:00,51916.0,51919.0,51907.0,51907.0,42.0
2026-07-24 03:10:00,51911.0,51921.0,51906.0,51917.0,73.0
2026-07-24 03:15:00,51918.0,51923.0,51909.0,51910.0,54.0
2026-07-24 03:20:00,51908.0,51921.0,51908.0,51916.0,49.0
2026-07-24 03:25:00,51915.0,51928.0,51910.0,51910.0,57.0
2026-07-24 03:30:00,51909.0,51911.0,51881.0,51896.0,132.0
2026-07-24 03:35:00,51897.0,51908.0,51893.0,51907.0,57.0
2026-07-24 03:40:00,51902.0,51905.0,51900.0,51904.0,32.0
2026-07-24 03:45:00,51901.0,51915.0,51898.0,51912.0,56.0
2026-07-24 03:50:00,51912.0,51915.0,51903.0,51903.0,43.0
2026-07-24 03:55:00,51902.0,51904.0,51897.0,51897.0,63.0
2026-07-24 04:00:00,51900.0,51900.0,51887.0,51892.0,80.0
2026-07-24 04:05:00,51894.0,51917.0,51894.0,51916.0,46.0
2026-07-24 04:10:00,51916.0,51916.0,51892.0,51893.0,52.0
2026-07-24 04:15:00,51892.0,51906.0,51892.0,51896.0,56.0
2026-07-24 04:20:00,51895.0,51909.0,51885.0,51905.0,42.0
2026-07-24 04:25:00,51905.0,51917.0,51903.0,51915.0,42.0
2026-07-24 04:30:00,51913.0,51916.0,51901.0,51906.0,42.0
2026-07-24 04:35:00,51905.0,51907.0,51904.0,51904.0,24.0
2026-07-24 04:40:00,51898.0,51901.0,51880.0,51897.0,65.0
2026-07-24 04:45:00,51895.0,51905.0,51893.0,51896.0,48.0
2026-07-24 04:50:00,51902.0,51919.0,51902.0,51913.0,88.0
2026-07-24 04:55:00,51911.0,51915.0,51909.0,51915.0,82.0
2026-07-24 05:00:00,51915.0,51928.0,51911.0,51924.0,65.0
2026-07-24 05:05:00,51926.0,51946.0,51923.0,51934.0,107.0
2026-07-24 05:10:00,51935.0,51940.0,51927.0,51933.0,40.0
2026-07-24 05:15:00,51931.0,51944.0,51926.0,51944.0,86.0
2026-07-24 05:20:00,51946.0,51951.0,51939.0,51951.0,79.0
2026-07-24 05:25:00,51949.0,51961.0,51948.0,51952.0,93.0
2026-07-24 05:30:00,51954.0,51959.0,51939.0,51943.0,108.0
2026-07-24 05:35:00,51944.0,51944.0,51931.0,51943.0,79.0
2026-07-24 05:40:00,51942.0,51949.0,51937.0,51949.0,75.0
2026-07-24 05:45:00,51947.0,51963.0,51944.0,51949.0,63.0
2026-07-24 05:50:00,51953.0,51953.0,51932.0,51936.0,86.0
2026-07-24 05:55:00,51929.0,51943.0,51929.0,51933.0,51.0
2026-07-24 06:00:00,51932.0,51934.0,51912.0,51915.0,101.0
2026-07-24 06:05:00,51916.0,51921.0,51909.0,51913.0,124.0
2026-07-24 06:10:00,51916.0,51926.0,51914.0,51919.0,60.0
2026-07-24 06:15:00,51922.0,51950.0,51911.0,51950.0,94.0
2026-07-24 06:20:00,51952.0,51962.0,51952.0,51954.0,47.0
2026-07-24 06:25:00,51958.0,51965.0,51931.0,51943.0,96.0
2026-07-24 06:30:00,51940.0,51940.0,51927.0,51940.0,98.0
2026-07-24 06:35:00,51943.0,51956.0,51936.0,51942.0,53.0
2026-07-24 06:40:00,51942.0,51944.0,51923.0,51923.0,48.0
2026-07-24 06:45:00,51922.0,51928.0,51905.0,51911.0,69.0
2026-07-24 06:50:00,51913.0,51935.0,51911.0,51931.0,94.0
2026-07-24 06:55:00,51930.0,51957.0,51925.0,51953.0,102.0
2026-07-24 07:00:00,51949.0,52005.0,51943.0,51993.0,395.0
2026-07-24 07:05:00,51992.0,52037.0,51989.0,52036.0,148.0
2026-07-24 07:10:00,52036.0,52044.0,52029.0,52041.0,224.0
2026-07-24 07:15:00,52041.0,52078.0,52033.0,52072.0,197.0
2026-07-24 07:20:00,52073.0,52083.0,52069.0,52075.0,151.0
2026-07-24 07:25:00,52076.0,52108.0,52076.0,52105.0,178.0
2026-07-24 07:30:00,52107.0,52116.0,52080.0,52092.0,275.0
2026-07-24 07:35:00,52094.0,52104.0,52074.0,52080.0,113.0
2026-07-24 07:40:00,52081.0,52081.0,52060.0,52074.0,86.0
2026-07-24 07:45:00,52069.0,52078.0,52064.0,52078.0,81.0
2026-07-24 07:50:00,52080.0,52084.0,52067.0,52077.0,67.0
2026-07-24 07:55:00,52082.0,52087.0,52072.0,52073.0,76.0
2026-07-24 08:00:00,52071.0,52075.0,52049.0,52068.0,130.0
2026-07-24 08:05:00,52061.0,52079.0,52045.0,52071.0,173.0
2026-07-24 08:10:00,52073.0,52077.0,52053.0,52062.0,105.0
2026-07-24 08:15:00,52061.0,52083.0,52050.0,52063.0,60.0
2026-07-24 08:20:00,52063.0,52072.0,52056.0,52068.0,64.0
2026-07-24 08:25:00,52067.0,52110.0,52057.0,52108.0,218.0
2026-07-24 08:30:00,52103.0,52129.0,52097.0,52115.0,235.0
2026-07-24 08:35:00,52115.0,52136.0,52106.0,52122.0,186.0
2026-07-24 08:40:00,52122.0,52125.0,52108.0,52123.0,160.0
2026-07-24 08:45:00,52125.0,52128.0,52101.0,52115.0,93.0
2026-07-24 08:50:00,52114.0,52119.0,52090.0,52093.0,124.0
2026-07-24 08:55:00,52093.0,52109.0,52090.0,52106.0,125.0
2026-07-24 09:00:00,52108.0,52127.0,52103.0,52113.0,164.0
2026-07-24 09:05:00,52113.0,52153.0,52111.0,52152.0,180.0
2026-07-24 09:10:00,52151.0,52154.0,52114.0,52118.0,162.0
2026-07-24 09:15:00,52121.0,52138.0,52113.0,52130.0,96.0
2026-07-24 09:20:00,52131.0,52162.0,52130.0,52156.0,149.0
2026-07-24 09:25:00,52153.0,52164.0,52147.0,52151.0,85.0
2026-07-24 09:30:00,52153.0,52168.0,52143.0,52166.0,85.0
2026-07-24 09:35:00,52167.0,52176.0,52158.0,52166.0,101.0
2026-07-24 09:40:00,52166.0,52176.0,52159.0,52169.0,107.0
2026-07-24 09:45:00,52169.0,52175.0,52160.0,52162.0,75.0
2026-07-24 09:50:00,52163.0,52175.0,52163.0,52169.0,63.0
2026-07-24 09:55:00,52167.0,52185.0,52167.0,52179.0,113.0
2026-07-24 10:00:00,52180.0,52196.0,52178.0,52181.0,212.0
2026-07-24 10:05:00,52180.0,52191.0,52160.0,52165.0,120.0
2026-07-24 10:10:00,52168.0,52169.0,52152.0,52166.0,217.0
2026-07-24 10:15:00,52163.0,52167.0,52160.0,52162.0,43.0
2026-07-24 10:20:00,52163.0,52163.0,52148.0,52158.0,163.0
2026-07-24 10:25:00,52157.0,52171.0,52151.0,52168.0,53.0
2026-07-24 10:30:00,52166.0,52180.0,52160.0,52162.0,77.0
2026-07-24 10:35:00,52160.0,52171.0,52153.0,52164.0,107.0
2026-07-24 10:40:00,52165.0,52169.0,52160.0,52166.0,41.0
2026-07-24 10:45:00,52170.0,52173.0,52161.0,52171.0,61.0
2026-07-24 10:50:00,52173.0,52179.0,52154.0,52154.0,140.0
2026-07-24 10:55:00,52152.0,52181.0,52150.0,52151.0,467.0
2026-07-24 11:00:00,52150.0,52180.0,52087.0,52125.0,1077.0
2026-07-24 11:05:00,52124.0,52134.0,52110.0,52134.0,188.0
2026-07-24 11:10:00,52130.0,52138.0,52095.0,52100.0,203.0
2026-07-24 11:15:00,52102.0,52130.0,52093.0,52099.0,191.0
2026-07-24 11:20:00,52096.0,52110.0,52093.0,52095.0,94.0
2026-07-24 11:25:00,52094.0,52108.0,52085.0,52092.0,99.0
2026-07-24 11:30:00,52091.0,52098.0,52085.0,52094.0,102.0
2026-07-24 11:35:00,52095.0,52117.0,52083.0,52096.0,110.0
2026-07-24 11:40:00,52094.0,52094.0,52072.0,52072.0,116.0
2026-07-24 11:45:00,52071.0,52095.0,52064.0,52094.0,116.0
2026-07-24 11:50:00,52093.0,52099.0,52080.0,52080.0,148.0
2026-07-24 11:55:00,52080.0,52157.0,52054.0,52123.0,600.0
2026-07-24 12:00:00,52125.0,52129.0,52085.0,52102.0,203.0
2026-07-24 12:05:00,52101.0,52115.0,52082.0,52110.0,167.0
2026-07-24 12:10:00,52103.0,52112.0,52087.0,52101.0,187.0
2026-07-24 12:15:00,52102.0,52120.0,52099.0,52102.0,128.0
2026-07-24 12:20:00,52100.0,52125.0,52088.0,52121.0,200.0
2026-07-24 12:25:00,52123.0,52126.0,52089.0,52108.0,416.0
2026-07-24 12:30:00,52108.0,52122.0,52098.0,52099.0,118.0
2026-07-24 12:35:00,52101.0,52119.0,52095.0,52110.0,129.0
2026-07-24 12:40:00,52109.0,52117.0,52078.0,52083.0,151.0
2026-07-24 12:45:00,52082.0,52084.0,52064.0,52073.0,118.0
2026-07-24 12:50:00,52075.0,52077.0,52041.0,52046.0,248.0
2026-07-24 12:55:00,52044.0,52046.0,52012.0,52021.0,253.0
2026-07-24 13:00:00,52023.0,52045.0,52021.0,52028.0,207.0
2026-07-24 13:05:00,52024.0,52026.0,52007.0,52015.0,163.0
2026-07-24 13:10:00,52016.0,52049.0,52015.0,52036.0,250.0
2026-07-24 13:15:00,52038.0,52053.0,52023.0,52041.0,177.0
2026-07-24 13:20:00,52042.0,52044.0,52013.0,52029.0,127.0
2026-07-24 13:25:00,52029.0,52055.0,51979.0,51985.0,996.0
2026-07-24 13:30:00,51980.0,52049.0,51905.0,51908.0,3821.0
2026-07-24 13:35:00,51910.0,52023.0,51904.0,51973.0,2124.0
2026-07-24 13:40:00,51971.0,52034.0,51956.0,51965.0,1262.0
2026-07-24 13:45:00,51963.0,52082.0,51925.0,52042.0,1576.0
2026-07-24 13:50:00,52041.0,52054.0,51936.0,51986.0,1980.0
2026-07-24 13:55:00,51985.0,52023.0,51946.0,51984.0,1241.0
2026-07-24 14:00:00,51988.0,52030.0,51957.0,51973.0,1214.0
2026-07-24 14:05:00,51971.0,52075.0,51960.0,52062.0,1172.0
2026-07-24 14:10:00,52059.0,52091.0,52023.0,52065.0,1393.0
2026-07-24 14:15:00,52066.0,52091.0,51995.0,52018.0,1376.0
2026-07-24 14:20:00,52018.0,52063.0,51991.0,52034.0,957.0
2026-07-24 14:25:00,52037.0,52040.0,51985.0,51988.0,861.0
2026-07-24 14:30:00,51989.0,52002.0,51953.0,51953.0,969.0
2026-07-24 14:35:00,51955.0,51978.0,51938.0,51939.0,764.0
2026-07-24 14:40:00,51938.0,51972.0,51878.0,51878.0,1267.0
2026-07-24 14:45:00,51880.0,51947.0,51876.0,51946.0,1273.0
2026-07-24 14:50:00,51943.0,51994.0,51943.0,51968.0,773.0
2026-07-24 14:55:00,51968.0,52067.0,51967.0,52062.0,826.0
2026-07-24 15:00:00,52061.0,52073.0,52035.0,52049.0,831.0
2026-07-24 15:05:00,52049.0,52080.0,52030.0,52034.0,753.0
2026-07-24 15:10:00,52030.0,52205.0,52026.0,52184.0,2833.0
2026-07-24 15:15:00,52184.0,52255.0,52152.0,52164.0,2303.0
2026-07-24 15:20:00,52163.0,52251.0,52157.0,52234.0,1314.0
2026-07-24 15:25:00,52235.0,52290.0,52229.0,52273.0,1159.0
2026-07-24 15:30:00,52274.0,52282.0,52236.0,52236.0,1101.0
2026-07-24 15:35:00,52235.0,52304.0,52234.0,52301.0,859.0
2026-07-24 15:40:00,52301.0,52305.0,52253.0,52262.0,1080.0
2026-07-24 15:45:00,52262.0,52281.0,52240.0,52254.0,569.0
2026-07-24 15:50:00,52256.0,52285.0,52237.0,52258.0,590.0
2026-07-24 15:55:00,52257.0,52271.0,52246.0,52271.0,498.0
2026-07-24 16:00:00,52273.0,52277.0,52245.0,52265.0,663.0
2026-07-24 16:05:00,52265.0,52274.0,52241.0,52251.0,537.0
2026-07-24 16:10:00,52253.0,52274.0,52238.0,52261.0,634.0
2026-07-24 16:15:00,52259.0,52300.0,52253.0,52296.0,452.0
2026-07-24 16:20:00,52295.0,52309.0,52291.0,52297.0,406.0
2026-07-24 16:25:00,52296.0,52314.0,52290.0,52292.0,479.0
2026-07-24 16:30:00,52294.0,52295.0,52248.0,52251.0,1157.0
2026-07-24 16:35:00,52250.0,52265.0,52234.0,52236.0,381.0
2026-07-24 16:40:00,52234.0,52236.0,52198.0,52201.0,482.0
2026-07-24 16:45:00,52198.0,52209.0,52160.0,52174.0,693.0
2026-07-24 16:50:00,52172.0,52179.0,52141.0,52154.0,636.0
2026-07-24 16:55:00,52152.0,52209.0,52145.0,52184.0,540.0
2026-07-24 17:00:00,52187.0,52191.0,52156.0,52167.0,468.0
2026-07-24 17:05:00,52161.0,52178.0,52108.0,52116.0,1270.0
2026-07-24 17:10:00,52114.0,52164.0,52103.0,52156.0,451.0
2026-07-24 17:15:00,52158.0,52184.0,52141.0,52179.0,393.0
2026-07-24 17:20:00,52181.0,52187.0,52145.0,52166.0,450.0
2026-07-24 17:25:00,52166.0,52209.0,52157.0,52207.0,431.0
2026-07-24 17:30:00,52207.0,52215.0,52184.0,52213.0,295.0
2026-07-24 17:35:00,52217.0,52220.0,52189.0,52194.0,266.0
2026-07-24 17:40:00,52196.0,52197.0,52174.0,52177.0,317.0
2026-07-24 17:45:00,52173.0,52186.0,52161.0,52176.0,258.0
2026-07-24 17:50:00,52176.0,52186.0,52155.0,52173.0,309.0
2026-07-24 17:55:00,52174.0,52189.0,52169.0,52170.0,180.0
2026-07-24 18:00:00,52168.0,52179.0,52154.0,52168.0,281.0
2026-07-24 18:05:00,52168.0,52199.0,52160.0,52193.0,294.0
2026-07-24 18:10:00,52193.0,52195.0,52165.0,52166.0,231.0
2026-07-24 18:15:00,52165.0,52176.0,52142.0,52146.0,322.0
2026-07-24 18:20:00,52145.0,52145.0,52121.0,52140.0,493.0
2026-07-24 18:25:00,52139.0,52141.0,52089.0,52091.0,583.0
2026-07-24 18:30:00,52092.0,52096.0,52026.0,52032.0,816.0
2026-07-24 18:35:00,52033.0,52068.0,52012.0,52057.0,1113.0
2026-07-24 18:40:00,52057.0,52058.0,52020.0,52044.0,551.0
2026-07-24 18:45:00,52042.0,52084.0,52041.0,52061.0,500.0
2026-07-24 18:50:00,52063.0,52076.0,52050.0,52066.0,357.0
2026-07-24 18:55:00,52066.0,52093.0,52062.0,52081.0,519.0
2026-07-24 19:00:00,52082.0,52102.0,52064.0,52080.0,512.0
2026-07-24 19:05:00,52073.0,52095.0,52064.0,52067.0,481.0
2026-07-24 19:10:00,52065.0,52104.0,52059.0,52068.0,681.0
2026-07-24 19:15:00,52072.0,52088.0,52059.0,52088.0,406.0
2026-07-24 19:20:00,52086.0,52095.0,52042.0,52046.0,453.0
2026-07-24 19:25:00,52047.0,52071.0,52040.0,52059.0,296.0
2026-07-24 19:30:00,52060.0,52101.0,52059.0,52077.0,653.0
2026-07-24 19:35:00,52076.0,52126.0,52075.0,52101.0,818.0
2026-07-24 19:40:00,52100.0,52116.0,52089.0,52110.0,551.0
2026-07-24 19:45:00,52109.0,52133.0,52092.0,52130.0,567.0
2026-07-24 19:50:00,52131.0,52142.0,52091.0,52136.0,1170.0
2026-07-24 19:55:00,52135.0,52140.0,52092.0,52126.0,2708.0
2026-07-24 20:00:00,52126.0,52143.0,52104.0,52108.0,668.0
2026-07-24 20:05:00,52106.0,52108.0,52090.0,52102.0,214.0
2026-07-24 20:10:00,52097.0,52113.0,52091.0,52098.0,161.0
2026-07-24 20:15:00,52098.0,52117.0,52098.0,52105.0,112.0
2026-07-24 20:20:00,52108.0,52123.0,52101.0,52102.0,69.0
2026-07-24 20:25:00,52100.0,52106.0,52080.0,52082.0,152.0
2026-07-24 20:30:00,52082.0,52085.0,52059.0,52061.0,121.0
2026-07-24 20:35:00,52069.0,52078.0,52068.0,52068.0,46.0
2026-07-24 20:40:00,52075.0,52082.0,52070.0,52082.0,42.0
2026-07-24 20:45:00,52088.0,52093.0,52082.0,52084.0,39.0
2026-07-24 20:50:00,52084.0,52095.0,52080.0,52091.0,41.0
2026-07-24 20:55:00,52093.0,52124.0,52082.0,52124.0,92.0
2026-07-26 22:10:00,52381.0,52386.0,52362.0,52377.0,15.0
2026-07-26 22:15:00,52378.0,52382.0,52356.0,52373.0,42.0
2026-07-26 22:20:00,52375.0,52378.0,52361.0,52370.0,27.0
2026-07-26 22:25:00,52369.0,52375.0,52365.0,52369.0,30.0
2026-07-26 22:30:00,52367.0,52370.0,52356.0,52367.0,45.0
2026-07-26 22:35:00,52374.0,52378.0,52367.0,52367.0,17.0
2026-07-26 22:40:00,52366.0,52366.0,52354.0,52360.0,42.0
2026-07-26 22:45:00,52357.0,52366.0,52344.0,52354.0,33.0
2026-07-26 22:50:00,52354.0,52362.0,52340.0,52348.0,26.0
2026-07-26 22:55:00,52356.0,52356.0,52334.0,52344.0,36.0
2026-07-26 23:00:00,52347.0,52361.0,52345.0,52354.0,77.0
2026-07-26 23:05:00,52352.0,52369.0,52352.0,52369.0,34.0
2026-07-26 23:10:00,52372.0,52380.0,52372.0,52380.0,17.0
2026-07-26 23:15:00,52379.0,52397.0,52379.0,52392.0,51.0
2026-07-26 23:20:00,52392.0,52392.0,52377.0,52379.0,14.0
2026-07-26 23:25:00,52385.0,52388.0,52379.0,52383.0,20.0
2026-07-26 23:30:00,52387.0,52413.0,52387.0,52412.0,55.0
2026-07-26 23:35:00,52412.0,52422.0,52410.0,52412.0,27.0
2026-07-26 23:40:00,52413.0,52433.0,52413.0,52430.0,54.0
2026-07-26 23:45:00,52428.0,52455.0,52419.0,52449.0,83.0
2026-07-26 23:50:00,52449.0,52455.0,52443.0,52448.0,83.0
2026-07-26 23:55:00,52447.0,52460.0,52435.0,52452.0,57.0
2026-07-27 00:00:00,52451.0,52479.0,52426.0,52430.0,241.0
2026-07-27 00:05:00,52425.0,52450.0,52425.0,52445.0,141.0
2026-07-27 00:10:00,52448.0,52474.0,52441.0,52468.0,129.0
2026-07-27 00:15:00,52467.0,52480.0,52412.0,52414.0,232.0
2026-07-27 00:20:00,52418.0,52420.0,52400.0,52420.0,198.0
2026-07-27 00:25:00,52416.0,52430.0,52405.0,52417.0,154.0
2026-07-27 00:30:00,52418.0,52426.0,52405.0,52412.0,109.0
2026-07-27 00:35:00,52412.0,52414.0,52384.0,52384.0,120.0
2026-07-27 00:40:00,52385.0,52392.0,52380.0,52389.0,119.0
2026-07-27 00:45:00,52388.0,52388.0,52375.0,52377.0,65.0
2026-07-27 00:50:00,52378.0,52394.0,52370.0,52386.0,68.0
2026-07-27 00:55:00,52381.0,52382.0,52370.0,52372.0,91.0
2026-07-27 01:00:00,52370.0,52389.0,52361.0,52361.0,138.0
2026-07-27 01:05:00,52362.0,52378.0,52360.0,52370.0,67.0
2026-07-27 01:10:00,52372.0,52375.0,52358.0,52364.0,62.0
2026-07-27 01:15:00,52368.0,52377.0,52361.0,52361.0,119.0
2026-07-27 01:20:00,52358.0,52358.0,52337.0,52355.0,89.0
2026-07-27 01:25:00,52358.0,52364.0,52345.0,52362.0,64.0
2026-07-27 01:30:00,52364.0,52391.0,52364.0,52386.0,63.0
2026-07-27 01:35:00,52382.0,52395.0,52372.0,52393.0,56.0
2026-07-27 01:40:00,52391.0,52408.0,52390.0,52395.0,92.0
2026-07-27 01:45:00,52394.0,52411.0,52389.0,52403.0,50.0
2026-07-27 01:50:00,52398.0,52398.0,52382.0,52394.0,38.0
2026-07-27 01:55:00,52396.0,52409.0,52395.0,52407.0,28.0
2026-07-27 02:00:00,52410.0,52421.0,52405.0,52410.0,59.0
2026-07-27 02:05:00,52405.0,52416.0,52400.0,52416.0,22.0
2026-07-27 02:10:00,52407.0,52415.0,52407.0,52413.0,5.0
2026-07-27 02:15:00,52412.0,52420.0,52410.0,52417.0,33.0
2026-07-27 02:20:00,52414.0,52416.0,52401.0,52403.0,46.0
2026-07-27 02:25:00,52409.0,52418.0,52403.0,52407.0,40.0
2026-07-27 02:30:00,52406.0,52406.0,52386.0,52390.0,51.0
2026-07-27 02:35:00,52393.0,52414.0,52392.0,52410.0,42.0
2026-07-27 02:40:00,52409.0,52411.0,52405.0,52409.0,21.0
2026-07-27 02:45:00,52408.0,52411.0,52399.0,52400.0,31.0
2026-07-27 02:50:00,52403.0,52405.0,52399.0,52404.0,16.0
2026-07-27 02:55:00,52403.0,52408.0,52402.0,52406.0,14.0
2026-07-27 03:00:00,52406.0,52427.0,52406.0,52412.0,52.0
2026-07-27 03:05:00,52412.0,52422.0,52412.0,52415.0,25.0
2026-07-27 03:10:00,52417.0,52428.0,52415.0,52428.0,37.0
2026-07-27 03:15:00,52428.0,52434.0,52425.0,52434.0,32.0
2026-07-27 03:20:00,52434.0,52436.0,52428.0,52432.0,30.0
2026-07-27 03:25:00,52430.0,52432.0,52425.0,52427.0,20.0
2026-07-27 03:30:00,52428.0,52428.0,52414.0,52424.0,47.0
2026-07-27 03:35:00,52422.0,52423.0,52419.0,52423.0,11.0
2026-07-27 03:40:00,52417.0,52433.0,52417.0,52427.0,18.0
2026-07-27 03:45:00,52426.0,52427.0,52416.0,52417.0,14.0
2026-07-27 03:50:00,52418.0,52422.0,52418.0,52420.0,9.0
2026-07-27 03:55:00,52423.0,52429.0,52416.0,52427.0,26.0
2026-07-27 04:00:00,52431.0,52433.0,52423.0,52429.0,26.0
2026-07-27 04:05:00,52432.0,52434.0,52422.0,52428.0,14.0
2026-07-27 04:10:00,52429.0,52437.0,52428.0,52437.0,8.0
2026-07-27 04:15:00,52437.0,52442.0,52435.0,52438.0,9.0
2026-07-27 04:20:00,52440.0,52442.0,52434.0,52435.0,22.0
2026-07-27 04:25:00,52438.0,52439.0,52424.0,52431.0,19.0
2026-07-27 04:30:00,52433.0,52445.0,52431.0,52444.0,19.0
2026-07-27 04:35:00,52445.0,52454.0,52444.0,52454.0,31.0
2026-07-27 04:40:00,52455.0,52469.0,52455.0,52466.0,50.0
2026-07-27 04:45:00,52466.0,52468.0,52462.0,52462.0,47.0
2026-07-27 04:50:00,52463.0,52474.0,52461.0,52474.0,60.0
2026-07-27 04:55:00,52473.0,52475.0,52464.0,52464.0,47.0
2026-07-27 05:00:00,52468.0,52470.0,52460.0,52468.0,35.0
2026-07-27 05:05:00,52469.0,52475.0,52466.0,52473.0,27.0
2026-07-27 05:10:00,52476.0,52493.0,52476.0,52492.0,59.0
2026-07-27 05:15:00,52486.0,52491.0,52480.0,52486.0,60.0
2026-07-27 05:20:00,52487.0,52493.0,52483.0,52487.0,43.0
2026-07-27 05:25:00,52490.0,52491.0,52486.0,52491.0,20.0
2026-07-27 05:30:00,52493.0,52503.0,52487.0,52493.0,119.0
2026-07-27 05:35:00,52497.0,52518.0,52495.0,52514.0,109.0
2026-07-27 05:40:00,52517.0,52518.0,52501.0,52515.0,70.0
2026-07-27 05:45:00,52514.0,52536.0,52514.0,52526.0,97.0
2026-07-27 05:50:00,52526.0,52531.0,52521.0,52531.0,49.0
2026-07-27 05:55:00,52531.0,52531.0,52518.0,52520.0,73.0
2026-07-27 06:00:00,52522.0,52550.0,52522.0,52537.0,162.0
2026-07-27 06:05:00,52537.0,52550.0,52531.0,52546.0,181.0
2026-07-27 06:10:00,52552.0,52557.0,52529.0,52534.0,107.0
2026-07-27 06:15:00,52532.0,52549.0,52529.0,52544.0,107.0
2026-07-27 06:20:00,52544.0,52546.0,52518.0,52524.0,125.0
2026-07-27 06:25:00,52523.0,52530.0,52520.0,52530.0,40.0
2026-07-27 06:30:00,52528.0,52551.0,52528.0,52545.0,97.0
2026-07-27 06:35:00,52552.0,52558.0,52546.0,52550.0,134.0
2026-07-27 06:40:00,52547.0,52547.0,52526.0,52535.0,240.0
2026-07-27 06:45:00,52537.0,52540.0,52523.0,52536.0,52.0
2026-07-27 06:50:00,52542.0,52542.0,52518.0,52523.0,71.0
2026-07-27 06:55:00,52522.0,52545.0,52520.0,52535.0,99.0
2026-07-27 07:00:00,52531.0,52571.0,52523.0,52571.0,290.0
2026-07-27 07:05:00,52570.0,52575.0,52551.0,52564.0,188.0
2026-07-27 07:10:00,52564.0,52583.0,52550.0,52582.0,145.0
2026-07-27 07:15:00,52581.0,52598.0,52565.0,52596.0,146.0
2026-07-27 07:20:00,52596.0,52599.0,52580.0,52582.0,175.0
2026-07-27 07:25:00,52587.0,52588.0,52560.0,52560.0,124.0
2026-07-27 07:30:00,52560.0,52572.0,52541.0,52572.0,101.0
2026-07-27 07:35:00,52574.0,52579.0,52546.0,52552.0,73.0
2026-07-27 07:40:00,52553.0,52566.0,52545.0,52566.0,91.0
2026-07-27 07:45:00,52564.0,52568.0,52546.0,52562.0,103.0
2026-07-27 07:50:00,52564.0,52574.0,52553.0,52565.0,84.0
2026-07-27 07:55:00,52563.0,52569.0,52517.0,52517.0,106.0
2026-07-27 08:00:00,52514.0,52529.0,52505.0,52508.0,240.0
2026-07-27 08:05:00,52508.0,52543.0,52508.0,52542.0,139.0
2026-07-27 08:10:00,52540.0,52579.0,52537.0,52577.0,146.0
2026-07-27 08:15:00,52579.0,52582.0,52561.0,52572.0,124.0
2026-07-27 08:20:00,52572.0,52583.0,52561.0,52561.0,125.0
2026-07-27 08:25:00,52562.0,52588.0,52560.0,52580.0,118.0
2026-07-27 08:30:00,52584.0,52596.0,52569.0,52577.0,139.0
2026-07-27 08:35:00,52573.0,52588.0,52566.0,52584.0,140.0
2026-07-27 08:40:00,52585.0,52626.0,52583.0,52620.0,229.0
2026-07-27 08:45:00,52623.0,52627.0,52606.0,52610.0,136.0
2026-07-27 08:50:00,52611.0,52628.0,52608.0,52622.0,120.0
2026-07-27 08:55:00,52621.0,52626.0,52603.0,52626.0,162.0
2026-07-27 09:00:00,52624.0,52624.0,52606.0,52609.0,128.0
2026-07-27 09:05:00,52609.0,52624.0,52607.0,52615.0,77.0
2026-07-27 09:10:00,52614.0,52625.0,52611.0,52612.0,78.0
2026-07-27 09:15:00,52614.0,52619.0,52610.0,52611.0,53.0
2026-07-27 09:20:00,52612.0,52632.0,52612.0,52632.0,50.0
2026-07-27 09:25:00,52632.0,52649.0,52628.0,52630.0,113.0
2026-07-27 09:30:00,52632.0,52644.0,52626.0,52639.0,97.0
2026-07-27 09:35:00,52638.0,52654.0,52631.0,52650.0,72.0
2026-07-27 09:40:00,52651.0,52663.0,52640.0,52656.0,82.0
2026-07-27 09:45:00,52654.0,52678.0,52650.0,52668.0,86.0
2026-07-27 09:50:00,52669.0,52677.0,52664.0,52672.0,58.0
2026-07-27 09:55:00,52672.0,52674.0,52660.0,52671.0,58.0
2026-07-27 10:00:00,52665.0,52678.0,52662.0,52670.0,80.0
2026-07-27 10:05:00,52669.0,52675.0,52655.0,52655.0,62.0
2026-07-27 10:10:00,52655.0,52670.0,52635.0,52667.0,117.0
2026-07-27 10:15:00,52666.0,52683.0,52665.0,52681.0,96.0
2026-07-27 10:20:00,52682.0,52682.0,52660.0,52662.0,118.0
2026-07-27 10:25:00,52662.0,52669.0,52654.0,52665.0,122.0
2026-07-27 10:30:00,52668.0,52670.0,52661.0,52664.0,48.0
2026-07-27 10:35:00,52666.0,52673.0,52653.0,52673.0,58.0
2026-07-27 10:40:00,52670.0,52680.0,52664.0,52680.0,45.0
2026-07-27 10:45:00,52680.0,52688.0,52673.0,52688.0,74.0
2026-07-27 10:50:00,52688.0,52705.0,52682.0,52700.0,117.0
2026-07-27 10:55:00,52703.0,52714.0,52696.0,52700.0,100.0
2026-07-27 11:00:00,52702.0,52717.0,52686.0,52692.0,182.0
2026-07-27 11:05:00,52691.0,52710.0,52682.0,52709.0,117.0
2026-07-27 11:10:00,52708.0,52712.0,52690.0,52703.0,114.0
2026-07-27 11:15:00,52702.0,52716.0,52699.0,52699.0,85.0
2026-07-27 11:20:00,52697.0,52710.0,52693.0,52702.0,83.0
2026-07-27 11:25:00,52706.0,52710.0,52656.0,52659.0,277.0
2026-07-27 11:30:00,52657.0,52700.0,52653.0,52686.0,349.0
2026-07-27 11:35:00,52689.0,52712.0,52687.0,52704.0,132.0
2026-07-27 11:40:00,52701.0,52704.0,52662.0,52689.0,226.0
2026-07-27 11:45:00,52689.0,52706.0,52684.0,52688.0,104.0
2026-07-27 11:50:00,52690.0,52704.0,52689.0,52701.0,95.0
2026-07-27 11:55:00,52700.0,52710.0,52694.0,52699.0,150.0
2026-07-27 12:00:00,52700.0,52708.0,52694.0,52702.0,123.0
2026-07-27 12:05:00,52704.0,52735.0,52692.0,52717.0,463.0
2026-07-27 12:10:00,52717.0,52720.0,52649.0,52652.0,512.0
2026-07-27 12:15:00,52653.0,52676.0,52653.0,52663.0,144.0
2026-07-27 12:20:00,52665.0,52704.0,52663.0,52699.0,287.0
2026-07-27 12:25:00,52700.0,52717.0,52695.0,52695.0,232.0
2026-07-27 12:30:00,52697.0,52711.0,52675.0,52709.0,239.0
2026-07-27 12:35:00,52709.0,52715.0,52694.0,52702.0,179.0
2026-07-27 12:40:00,52705.0,52709.0,52691.0,52708.0,96.0
2026-07-27 12:45:00,52708.0,52742.0,52704.0,52732.0,318.0
2026-07-27 12:50:00,52730.0,52744.0,52711.0,52731.0,296.0
2026-07-27 12:55:00,52730.0,52749.0,52729.0,52745.0,149.0
2026-07-27 13:00:00,52746.0,52756.0,52734.0,52747.0,319.0
2026-07-27 13:05:00,52744.0,52744.0,52722.0,52742.0,203.0
2026-07-27 13:10:00,52743.0,52774.0,52738.0,52752.0,210.0
2026-07-27 13:15:00,52753.0,52758.0,52705.0,52718.0,218.0
2026-07-27 13:20:00,52717.0,52750.0,52715.0,52734.0,194.0
2026-07-27 13:25:00,52731.0,52786.0,52726.0,52732.0,1087.0
2026-07-27 13:30:00,52732.0,52781.0,52647.0,52728.0,4332.0
2026-07-27 13:35:00,52724.0,52790.0,52708.0,52731.0,2519.0
2026-07-27 13:40:00,52728.0,52771.0,52672.0,52675.0,1949.0
2026-07-27 13:45:00,52677.0,52716.0,52653.0,52690.0,1699.0
2026-07-27 13:50:00,52691.0,52700.0,52654.0,52657.0,1341.0
2026-07-27 13:55:00,52659.0,52659.0,52579.0,52579.0,2121.0
2026-07-27 14:00:00,52580.0,52654.0,52541.0,52609.0,2135.0
2026-07-27 14:05:00,52609.0,52634.0,52549.0,52574.0,1308.0
2026-07-27 14:10:00,52571.0,52582.0,52530.0,52574.0,1226.0
2026-07-27 14:15:00,52576.0,52598.0,52518.0,52553.0,1157.0
2026-07-27 14:20:00,52551.0,52554.0,52481.0,52496.0,1234.0
2026-07-27 14:25:00,52495.0,52502.0,52417.0,52424.0,1859.0
2026-07-27 14:30:00,52424.0,52436.0,52369.0,52385.0,1758.0
2026-07-27 14:35:00,52383.0,52401.0,52333.0,52385.0,2142.0
2026-07-27 14:40:00,52384.0,52389.0,52296.0,52325.0,1464.0
2026-07-27 14:45:00,52325.0,52358.0,52294.0,52326.0,1322.0
2026-07-27 14:50:00,52326.0,52351.0,52298.0,52348.0,1236.0
2026-07-27 14:55:00,52351.0,52420.0,52336.0,52411.0,1213.0
2026-07-27 15:00:00,52413.0,52435.0,52381.0,52410.0,1093.0
2026-07-27 15:05:00,52408.0,52448.0,52375.0,52379.0,593.0
2026-07-27 15:10:00,52377.0,52458.0,52368.0,52428.0,736.0
2026-07-27 15:15:00,52424.0,52428.0,52335.0,52368.0,882.0
2026-07-27 15:20:00,52370.0,52382.0,52318.0,52324.0,761.0
2026-07-27 15:25:00,52324.0,52353.0,52311.0,52348.0,649.0
2026-07-27 15:30:00,52348.0,52348.0,52268.0,52270.0,717.0
2026-07-27 15:35:00,52269.0,52273.0,52187.0,52227.0,1151.0
2026-07-27 15:40:00,52230.0,52272.0,52212.0,52265.0,783.0
2026-07-27 15:45:00,52268.0,52271.0,52202.0,52224.0,581.0
2026-07-27 15:50:00,52223.0,52249.0,52215.0,52233.0,441.0
2026-07-27 15:55:00,52233.0,52238.0,52194.0,52223.0,497.0
2026-07-27 16:00:00,52224.0,52242.0,52205.0,52242.0,438.0
2026-07-27 16:05:00,52242.0,52285.0,52230.0,52283.0,418.0
2026-07-27 16:10:00,52284.0,52298.0,52230.0,52242.0,550.0
2026-07-27 16:15:00,52241.0,52243.0,52196.0,52230.0,497.0
2026-07-27 16:20:00,52226.0,52276.0,52217.0,52265.0,463.0
2026-07-27 16:25:00,52265.0,52385.0,52260.0,52329.0,1892.0
2026-07-27 16:30:00,52328.0,52374.0,52322.0,52372.0,604.0
2026-07-27 16:35:00,52371.0,52394.0,52333.0,52340.0,492.0
2026-07-27 16:40:00,52341.0,52351.0,52296.0,52309.0,495.0
2026-07-27 16:45:00,52311.0,52343.0,52292.0,52292.0,438.0
2026-07-27 16:50:00,52291.0,52292.0,52238.0,52254.0,494.0
2026-07-27 16:55:00,52253.0,52259.0,52223.0,52247.0,528.0
2026-07-27 17:00:00,52247.0,52250.0,52191.0,52206.0,649.0
2026-07-27 17:05:00,52203.0,52227.0,52200.0,52211.0,402.0
2026-07-27 17:10:00,52209.0,52231.0,52204.0,52216.0,390.0
2026-07-27 17:15:00,52215.0,52225.0,52173.0,52196.0,381.0
2026-07-27 17:20:00,52191.0,52235.0,52188.0,52219.0,538.0
2026-07-27 17:25:00,52222.0,52235.0,52196.0,52197.0,383.0
2026-07-27 17:30:00,52196.0,52252.0,52193.0,52242.0,431.0
2026-07-27 17:35:00,52249.0,52260.0,52217.0,52233.0,371.0
2026-07-27 17:40:00,52232.0,52250.0,52224.0,52248.0,225.0
2026-07-27 17:45:00,52250.0,52261.0,52238.0,52242.0,260.0
2026-07-27 17:50:00,52239.0,52282.0,52238.0,52275.0,344.0
2026-07-27 17:55:00,52279.0,52296.0,52266.0,52289.0,583.0
2026-07-27 18:00:00,52290.0,52297.0,52266.0,52283.0,441.0
2026-07-27 18:05:00,52281.0,52307.0,52278.0,52285.0,379.0
2026-07-27 18:10:00,52284.0,52293.0,52275.0,52283.0,354.0
2026-07-27 18:15:00,52283.0,52286.0,52247.0,52259.0,364.0
2026-07-27 18:20:00,52257.0,52292.0,52250.0,52284.0,256.0
2026-07-27 18:25:00,52286.0,52302.0,52276.0,52295.0,238.0
2026-07-27 18:30:00,52295.0,52297.0,52256.0,52256.0,308.0
2026-07-27 18:35:00,52256.0,52263.0,52244.0,52249.0,312.0
2026-07-27 18:40:00,52248.0,52296.0,52240.0,52269.0,1608.0
2026-07-27 18:45:00,52271.0,52278.0,52249.0,52252.0,337.0
2026-07-27 18:50:00,52254.0,52332.0,52253.0,52319.0,738.0
2026-07-27 18:55:00,52320.0,52368.0,52320.0,52363.0,786.0
2026-07-27 19:00:00,52364.0,52374.0,52318.0,52319.0,619.0
2026-07-27 19:05:00,52319.0,52377.0,52315.0,52371.0,646.0
2026-07-27 19:10:00,52373.0,52385.0,52342.0,52363.0,421.0
2026-07-27 19:15:00,52364.0,52388.0,52360.0,52388.0,269.0
2026-07-27 19:20:00,52390.0,52404.0,52377.0,52383.0,438.0
2026-07-27 19:25:00,52386.0,52387.0,52358.0,52382.0,326.0
2026-07-27 19:30:00,52381.0,52408.0,52373.0,52394.0,480.0
2026-07-27 19:35:00,52392.0,52402.0,52378.0,52383.0,362.0
2026-07-27 19:40:00,52386.0,52404.0,52379.0,52394.0,289.0
2026-07-27 19:45:00,52393.0,52401.0,52370.0,52387.0,623.0
2026-07-27 19:50:00,52390.0,52400.0,52358.0,52364.0,913.0
2026-07-27 19:55:00,52365.0,52394.0,52347.0,52380.0,2895.0
2026-07-27 20:00:00,52381.0,52403.0,52377.0,52385.0,705.0
2026-07-27 20:05:00,52384.0,52385.0,52355.0,52380.0,168.0
2026-07-27 20:10:00,52381.0,52381.0,52357.0,52371.0,184.0
2026-07-27 20:15:00,52370.0,52389.0,52370.0,52383.0,162.0
2026-07-27 20:20:00,52380.0,52381.0,52370.0,52375.0,32.0
2026-07-27 20:25:00,52378.0,52383.0,52378.0,52382.0,48.0
2026-07-27 20:30:00,52384.0,52405.0,52377.0,52403.0,105.0
2026-07-27 20:35:00,52404.0,52428.0,52404.0,52412.0,105.0
2026-07-27 20:40:00,52410.0,52410.0,52400.0,52405.0,61.0
2026-07-27 20:45:00,52409.0,52409.0,52404.0,52406.0,35.0
2026-07-27 20:50:00,52405.0,52423.0,52405.0,52411.0,116.0
2026-07-27 20:55:00,52413.0,52431.0,52408.0,52431.0,165.0
2026-07-27 22:00:00,52405.0,52431.0,52405.0,52420.0,0.0
2026-07-27 22:05:00,52418.0,52424.0,52411.0,52415.0,15.0
2026-07-27 22:10:00,52416.0,52416.0,52405.0,52410.0,22.0
2026-07-27 22:15:00,52412.0,52416.0,52404.0,52410.0,32.0
2026-07-27 22:20:00,52414.0,52416.0,52410.0,52410.0,32.0
2026-07-27 22:25:00,52409.0,52412.0,52401.0,52406.0,70.0
2026-07-27 22:30:00,52404.0,52438.0,52404.0,52418.0,123.0
2026-07-27 22:35:00,52420.0,52426.0,52413.0,52418.0,35.0
2026-07-27 22:40:00,52416.0,52417.0,52408.0,52410.0,26.0
2026-07-27 22:45:00,52411.0,52412.0,52396.0,52398.0,39.0
2026-07-27 22:50:00,52396.0,52406.0,52396.0,52397.0,22.0
2026-07-27 22:55:00,52399.0,52400.0,52393.0,52399.0,26.0
2026-07-27 23:00:00,52396.0,52396.0,52372.0,52379.0,93.0
2026-07-27 23:05:00,52381.0,52403.0,52378.0,52394.0,34.0
2026-07-27 23:10:00,52392.0,52396.0,52389.0,52389.0,24.0
2026-07-27 23:15:00,52389.0,52394.0,52382.0,52394.0,24.0
2026-07-27 23:20:00,52400.0,52401.0,52391.0,52399.0,16.0
2026-07-27 23:25:00,52399.0,52413.0,52399.0,52412.0,20.0
2026-07-27 23:30:00,52414.0,52414.0,52407.0,52411.0,21.0
2026-07-27 23:35:00,52410.0,52411.0,52405.0,52406.0,33.0
2026-07-27 23:40:00,52405.0,52405.0,52400.0,52403.0,11.0
2026-07-27 23:45:00,52404.0,52405.0,52383.0,52384.0,48.0
2026-07-27 23:50:00,52385.0,52410.0,52380.0,52409.0,67.0
2026-07-27 23:55:00,52411.0,52415.0,52399.0,52402.0,37.0
2026-07-28 00:00:00,52406.0,52411.0,52380.0,52394.0,108.0
2026-07-28 00:05:00,52391.0,52392.0,52349.0,52367.0,141.0
2026-07-28 00:10:00,52363.0,52364.0,52334.0,52359.0,172.0
2026-07-28 00:15:00,52363.0,52369.0,52340.0,52344.0,187.0
2026-07-28 00:20:00,52352.0,52352.0,52324.0,52336.0,111.0
2026-07-28 00:25:00,52337.0,52340.0,52327.0,52336.0,109.0
2026-07-28 00:30:00,52338.0,52345.0,52307.0,52343.0,153.0
2026-07-28 00:35:00,52344.0,52348.0,52339.0,52346.0,77.0
2026-07-28 00:40:00,52348.0,52359.0,52345.0,52353.0,102.0
2026-07-28 00:45:00,52355.0,52355.0,52336.0,52345.0,113.0
2026-07-28 00:50:00,52343.0,52349.0,52340.0,52340.0,73.0
2026-07-28 00:55:00,52343.0,52346.0,52331.0,52334.0,73.0
2026-07-28 01:00:00,52342.0,52343.0,52321.0,52321.0,112.0
2026-07-28 01:05:00,52321.0,52323.0,52307.0,52309.0,131.0
2026-07-28 01:10:00,52311.0,52311.0,52290.0,52299.0,139.0
2026-07-28 01:15:00,52299.0,52307.0,52294.0,52305.0,70.0
2026-07-28 01:20:00,52313.0,52325.0,52304.0,52323.0,76.0
2026-07-28 01:25:00,52322.0,52363.0,52319.0,52351.0,122.0
2026-07-28 01:30:00,52347.0,52369.0,52341.0,52369.0,80.0
2026-07-28 01:35:00,52371.0,52371.0,52349.0,52355.0,53.0
2026-07-28 01:40:00,52355.0,52367.0,52342.0,52367.0,59.0
2026-07-28 01:45:00,52362.0,52386.0,52362.0,52374.0,47.0
2026-07-28 01:50:00,52374.0,52376.0,52342.0,52343.0,115.0
2026-07-28 01:55:00,52344.0,52349.0,52337.0,52347.0,57.0
2026-07-28 02:00:00,52351.0,52357.0,52345.0,52353.0,145.0
2026-07-28 02:05:00,52357.0,52357.0,52338.0,52340.0,71.0
2026-07-28 02:10:00,52336.0,52338.0,52322.0,52326.0,46.0
2026-07-28 02:15:00,52322.0,52344.0,52320.0,52344.0,48.0
2026-07-28 02:20:00,52343.0,52356.0,52342.0,52343.0,47.0
2026-07-28 02:25:00,52347.0,52347.0,52326.0,52331.0,52.0
2026-07-28 02:30:00,52328.0,52343.0,52328.0,52339.0,74.0
2026-07-28 02:35:00,52340.0,52344.0,52335.0,52340.0,43.0
2026-07-28 02:40:00,52336.0,52336.0,52319.0,52325.0,113.0
2026-07-28 02:45:00,52324.0,52331.0,52318.0,52331.0,70.0
2026-07-28 02:50:00,52326.0,52345.0,52322.0,52336.0,147.0
2026-07-28 02:55:00,52338.0,52340.0,52333.0,52336.0,29.0
2026-07-28 03:00:00,52336.0,52336.0,52320.0,52328.0,85.0
2026-07-28 03:05:00,52328.0,52332.0,52322.0,52328.0,41.0
2026-07-28 03:10:00,52327.0,52342.0,52319.0,52339.0,66.0
2026-07-28 03:15:00,52340.0,52369.0,52340.0,52369.0,98.0
2026-07-28 03:20:00,52372.0,52378.0,52368.0,52373.0,98.0
2026-07-28 03:25:00,52373.0,52379.0,52341.0,52345.0,100.0
2026-07-28 03:30:00,52347.0,52380.0,52335.0,52379.0,103.0
2026-07-28 03:35:00,52378.0,52390.0,52366.0,52390.0,59.0
2026-07-28 03:40:00,52387.0,52407.0,52378.0,52396.0,101.0
2026-07-28 03:45:00,52400.0,52416.0,52396.0,52415.0,79.0
2026-07-28 03:50:00,52415.0,52422.0,52407.0,52415.0,43.0
2026-07-28 03:55:00,52409.0,52417.0,52402.0,52417.0,14.0
2026-07-28 04:00:00,52408.0,52415.0,52406.0,52411.0,33.0
2026-07-28 04:05:00,52408.0,52411.0,52395.0,52395.0,78.0
2026-07-28 04:10:00,52392.0,52398.0,52372.0,52373.0,58.0
2026-07-28 04:15:00,52372.0,52388.0,52370.0,52388.0,27.0
2026-07-28 04:20:00,52393.0,52396.0,52370.0,52371.0,28.0
2026-07-28 04:25:00,52372.0,52379.0,52370.0,52378.0,26.0
2026-07-28 04:30:00,52377.0,52377.0,52368.0,52374.0,36.0
2026-07-28 04:35:00,52375.0,52376.0,52372.0,52372.0,7.0
2026-07-28 04:40:00,52373.0,52383.0,52372.0,52377.0,23.0
2026-07-28 04:45:00,52381.0,52394.0,52381.0,52391.0,70.0
2026-07-28 04:50:00,52383.0,52383.0,52369.0,52373.0,67.0
2026-07-28 04:55:00,52379.0,52379.0,52354.0,52357.0,39.0
2026-07-28 05:00:00,52357.0,52388.0,52357.0,52387.0,45.0
2026-07-28 05:05:00,52389.0,52395.0,52381.0,52390.0,51.0
2026-07-28 05:15:00,52382.0,52390.0,52382.0,52389.0,100.0
2026-07-28 05:20:00,52384.0,52395.0,52383.0,52391.0,44.0
2026-07-28 05:25:00,52389.0,52390.0,52377.0,52388.0,42.0
2026-07-28 05:30:00,52389.0,52389.0,52356.0,52361.0,91.0
2026-07-28 05:35:00,52362.0,52381.0,52358.0,52370.0,70.0
2026-07-28 05:40:00,52370.0,52370.0,52357.0,52365.0,54.0
2026-07-28 05:45:00,52364.0,52370.0,52360.0,52362.0,41.0
2026-07-28 05:50:00,52364.0,52388.0,52360.0,52383.0,74.0
2026-07-28 05:55:00,52384.0,52386.0,52367.0,52372.0,41.0
2026-07-28 06:00:00,52376.0,52400.0,52372.0,52373.0,108.0
2026-07-28 06:05:00,52375.0,52402.0,52374.0,52393.0,117.0
2026-07-28 06:10:00,52395.0,52410.0,52385.0,52409.0,141.0
2026-07-28 06:15:00,52408.0,52427.0,52408.0,52419.0,180.0
2026-07-28 06:20:00,52422.0,52423.0,52377.0,52393.0,311.0
2026-07-28 06:25:00,52399.0,52402.0,52384.0,52395.0,197.0
2026-07-28 06:30:00,52398.0,52407.0,52389.0,52396.0,105.0
2026-07-28 06:35:00,52398.0,52415.0,52391.0,52407.0,107.0
2026-07-28 06:40:00,52407.0,52424.0,52404.0,52424.0,98.0
2026-07-28 06:45:00,52419.0,52419.0,52401.0,52406.0,49.0
2026-07-28 06:50:00,52404.0,52416.0,52398.0,52416.0,50.0
2026-07-28 06:55:00,52416.0,52441.0,52415.0,52429.0,178.0
2026-07-28 07:00:00,52427.0,52458.0,52423.0,52431.0,296.0
2026-07-28 07:05:00,52432.0,52476.0,52412.0,52473.0,182.0
2026-07-28 07:10:00,52473.0,52479.0,52458.0,52466.0,134.0
2026-07-28 07:15:00,52465.0,52485.0,52464.0,52475.0,131.0
2026-07-28 07:20:00,52475.0,52487.0,52470.0,52474.0,99.0
2026-07-28 07:25:00,52478.0,52493.0,52472.0,52478.0,106.0
2026-07-28 07:30:00,52475.0,52477.0,52467.0,52475.0,133.0
2026-07-28 07:35:00,52476.0,52482.0,52458.0,52476.0,85.0
2026-07-28 07:40:00,52476.0,52479.0,52450.0,52454.0,67.0
2026-07-28 07:45:00,52454.0,52456.0,52425.0,52436.0,104.0
2026-07-28 07:50:00,52436.0,52466.0,52434.0,52458.0,120.0
2026-07-28 07:55:00,52461.0,52463.0,52434.0,52439.0,91.0
2026-07-28 08:00:00,52437.0,52481.0,52427.0,52460.0,250.0
2026-07-28 08:05:00,52466.0,52471.0,52439.0,52445.0,152.0
2026-07-28 08:10:00,52445.0,52447.0,52411.0,52416.0,125.0
2026-07-28 08:15:00,52416.0,52457.0,52412.0,52451.0,165.0
2026-07-28 08:20:00,52448.0,52497.0,52448.0,52492.0,116.0
2026-07-28 08:25:00,52489.0,52491.0,52469.0,52491.0,81.0
2026-07-28 08:30:00,52491.0,52491.0,52465.0,52486.0,85.0
2026-07-28 08:35:00,52485.0,52491.0,52474.0,52483.0,126.0
2026-07-28 08:40:00,52484.0,52495.0,52475.0,52481.0,265.0
2026-07-28 08:45:00,52482.0,52528.0,52482.0,52512.0,214.0
2026-07-28 08:50:00,52511.0,52538.0,52486.0,52487.0,169.0
2026-07-28 08:55:00,52488.0,52489.0,52473.0,52487.0,121.0
2026-07-28 09:00:00,52485.0,52500.0,52478.0,52489.0,83.0
2026-07-28 09:05:00,52489.0,52498.0,52480.0,52498.0,109.0
2026-07-28 09:10:00,52498.0,52519.0,52497.0,52503.0,131.0
2026-07-28 09:15:00,52502.0,52522.0,52502.0,52513.0,61.0
2026-07-28 09:20:00,52512.0,52522.0,52512.0,52522.0,27.0
2026-07-28 09:25:00,52518.0,52530.0,52515.0,52528.0,55.0
2026-07-28 09:30:00,52527.0,52544.0,52520.0,52544.0,100.0
2026-07-28 09:35:00,52541.0,52546.0,52532.0,52544.0,131.0
2026-07-28 09:40:00,52546.0,52553.0,52538.0,52539.0,114.0
2026-07-28 09:45:00,52541.0,52560.0,52540.0,52557.0,67.0
2026-07-28 09:50:00,52560.0,52569.0,52538.0,52538.0,81.0
2026-07-28 09:55:00,52537.0,52547.0,52521.0,52521.0,106.0
2026-07-28 10:00:00,52521.0,52532.0,52513.0,52526.0,118.0
2026-07-28 10:05:00,52524.0,52530.0,52506.0,52511.0,81.0
2026-07-28 10:10:00,52511.0,52529.0,52505.0,52515.0,70.0
2026-07-28 10:15:00,52515.0,52532.0,52511.0,52521.0,96.0
2026-07-28 10:20:00,52522.0,52522.0,52504.0,52514.0,56.0
2026-07-28 10:25:00,52513.0,52521.0,52495.0,52521.0,88.0
2026-07-28 10:30:00,52523.0,52534.0,52503.0,52522.0,247.0
2026-07-28 10:35:00,52518.0,52518.0,52482.0,52498.0,216.0
2026-07-28 10:40:00,52495.0,52503.0,52486.0,52502.0,137.0
2026-07-28 10:45:00,52500.0,52530.0,52491.0,52520.0,127.0
2026-07-28 10:50:00,52519.0,52531.0,52512.0,52524.0,93.0
2026-07-28 10:55:00,52525.0,52578.0,52519.0,52565.0,455.0
2026-07-28 11:00:00,52563.0,52686.0,52538.0,52679.0,1238.0
2026-07-28 11:05:00,52677.0,52684.0,52645.0,52673.0,541.0
2026-07-28 11:10:00,52672.0,52672.0,52631.0,52652.0,329.0
2026-07-28 11:15:00,52650.0,52770.0,52647.0,52747.0,923.0
2026-07-28 11:20:00,52745.0,52745.0,52718.0,52719.0,334.0
2026-07-28 11:25:00,52715.0,52728.0,52698.0,52712.0,328.0
2026-07-28 11:30:00,52710.0,52730.0,52658.0,52721.0,947.0
2026-07-28 11:35:00,52723.0,52778.0,52696.0,52696.0,711.0
2026-07-28 11:40:00,52697.0,52706.0,52666.0,52701.0,363.0
2026-07-28 11:45:00,52700.0,52748.0,52696.0,52721.0,210.0
2026-07-28 11:50:00,52719.0,52726.0,52708.0,52715.0,152.0
2026-07-28 11:55:00,52721.0,52774.0,52712.0,52769.0,261.0
2026-07-28 12:00:00,52768.0,52790.0,52758.0,52788.0,427.0
2026-07-28 12:05:00,52789.0,52801.0,52780.0,52800.0,412.0
2026-07-28 12:10:00,52798.0,52803.0,52775.0,52785.0,209.0
2026-07-28 12:15:00,52787.0,52789.0,52764.0,52784.0,351.0
2026-07-28 12:20:00,52785.0,52831.0,52777.0,52821.0,524.0
2026-07-28 12:25:00,52821.0,52847.0,52821.0,52844.0,397.0
2026-07-28 12:30:00,52846.0,52860.0,52815.0,52833.0,593.0
2026-07-28 12:35:00,52830.0,52865.0,52826.0,52843.0,272.0
2026-07-28 12:40:00,52839.0,52889.0,52831.0,52884.0,385.0
2026-07-28 12:45:00,52884.0,52903.0,52879.0,52900.0,524.0
2026-07-28 12:50:00,52900.0,52906.0,52874.0,52897.0,498.0
2026-07-28 12:55:00,52896.0,52902.0,52878.0,52889.0,256.0
2026-07-28 13:00:00,52887.0,52887.0,52850.0,52869.0,505.0
2026-07-28 13:05:00,52870.0,52879.0,52861.0,52868.0,303.0
2026-07-28 13:10:00,52866.0,52866.0,52840.0,52847.0,313.0
2026-07-28 13:15:00,52848.0,52895.0,52844.0,52876.0,300.0
2026-07-28 13:20:00,52874.0,52895.0,52861.0,52895.0,324.0
2026-07-28 13:25:00,52892.0,52905.0,52849.0,52871.0,1062.0
2026-07-28 13:30:00,52869.0,52869.0,52681.0,52714.0,5935.0
2026-07-28 13:35:00,52721.0,52799.0,52665.0,52697.0,2442.0
2026-07-28 13:40:00,52701.0,52717.0,52616.0,52680.0,2342.0
2026-07-28 13:45:00,52679.0,52766.0,52660.0,52761.0,2444.0
2026-07-28 13:50:00,52764.0,52792.0,52688.0,52729.0,1948.0
2026-07-28 13:55:00,52727.0,52745.0,52686.0,52727.0,1192.0
2026-07-28 14:00:00,52737.0,52789.0,52732.0,52771.0,1001.0
2026-07-28 14:05:00,52773.0,52819.0,52762.0,52786.0,1212.0
2026-07-28 14:10:00,52785.0,52828.0,52760.0,52783.0,1070.0
2026-07-28 14:15:00,52786.0,52851.0,52786.0,52795.0,1218.0
2026-07-28 14:20:00,52800.0,52850.0,52780.0,52828.0,1282.0
2026-07-28 14:25:00,52828.0,52842.0,52783.0,52808.0,730.0
2026-07-28 14:30:00,52808.0,52816.0,52763.0,52764.0,816.0
2026-07-28 14:35:00,52764.0,52823.0,52724.0,52725.0,1322.0
2026-07-28 14:40:00,52725.0,52787.0,52718.0,52757.0,1038.0
2026-07-28 14:45:00,52759.0,52791.0,52743.0,52781.0,811.0
2026-07-28 14:50:00,52784.0,52829.0,52773.0,52827.0,861.0
2026-07-28 14:55:00,52827.0,52865.0,52754.0,52757.0,968.0
2026-07-28 15:00:00,52760.0,52791.0,52724.0,52734.0,730.0
2026-07-28 15:05:00,52735.0,52779.0,52724.0,52777.0,589.0
2026-07-28 15:10:00,52776.0,52871.0,52766.0,52848.0,2120.0
2026-07-28 15:15:00,52846.0,52938.0,52843.0,52937.0,2066.0
2026-07-28 15:20:00,52934.0,52989.0,52934.0,52984.0,1819.0
2026-07-28 15:25:00,52985.0,53027.0,52963.0,52973.0,1583.0
2026-07-28 15:30:00,52975.0,52992.0,52944.0,52961.0,1054.0
2026-07-28 15:35:00,52962.0,53018.0,52959.0,53004.0,896.0
2026-07-28 15:40:00,52998.0,53038.0,52998.0,53037.0,805.0
2026-07-28 15:45:00,53036.0,53054.0,53024.0,53052.0,834.0
2026-07-28 15:50:00,53053.0,53067.0,53019.0,53057.0,993.0
2026-07-28 15:55:00,53058.0,53076.0,53047.0,53064.0,801.0
2026-07-28 16:00:00,53065.0,53068.0,53034.0,53039.0,673.0
2026-07-28 16:05:00,53038.0,53063.0,53028.0,53052.0,643.0
2026-07-28 16:10:00,53054.0,53069.0,53043.0,53062.0,506.0
2026-07-28 16:15:00,53062.0,53068.0,53024.0,53055.0,681.0
2026-07-28 16:20:00,53055.0,53063.0,53041.0,53050.0,568.0
2026-07-28 16:25:00,53052.0,53066.0,53035.0,53035.0,347.0
2026-07-28 16:30:00,53036.0,53051.0,53034.0,53039.0,493.0
2026-07-28 16:35:00,53040.0,53054.0,53028.0,53046.0,425.0
2026-07-28 16:40:00,53047.0,53068.0,53037.0,53055.0,815.0
2026-07-28 16:45:00,53057.0,53061.0,53017.0,53039.0,494.0
2026-07-28 16:50:00,53037.0,53073.0,53033.0,53068.0,566.0
2026-07-28 16:55:00,53068.0,53084.0,53062.0,53080.0,402.0
2026-07-28 17:00:00,53079.0,53097.0,53068.0,53080.0,749.0
2026-07-28 17:05:00,53080.0,53099.0,53050.0,53056.0,944.0
2026-07-28 17:10:00,53054.0,53065.0,53029.0,53040.0,647.0
2026-07-28 17:15:00,53038.0,53060.0,53038.0,53056.0,544.0
2026-07-28 17:20:00,53055.0,53105.0,53048.0,53066.0,1124.0
2026-07-28 17:25:00,53066.0,53083.0,53038.0,53039.0,573.0
2026-07-28 17:30:00,53037.0,53059.0,53010.0,53053.0,793.0
2026-07-28 17:35:00,53054.0,53063.0,53032.0,53034.0,387.0
2026-07-28 17:40:00,53033.0,53049.0,52988.0,52995.0,622.0
2026-07-28 17:45:00,52993.0,53031.0,52985.0,53025.0,582.0
2026-07-28 17:50:00,53025.0,53025.0,52987.0,52991.0,404.0
2026-07-28 17:55:00,52993.0,53006.0,52978.0,52999.0,356.0
2026-07-28 18:00:00,52997.0,53019.0,52988.0,53004.0,454.0
2026-07-28 18:05:00,53002.0,53005.0,52982.0,52989.0,310.0
2026-07-28 18:10:00,52989.0,52993.0,52952.0,52954.0,442.0
2026-07-28 18:15:00,52953.0,52986.0,52953.0,52978.0,393.0
2026-07-28 18:20:00,52976.0,52980.0,52941.0,52943.0,392.0
2026-07-28 18:25:00,52941.0,52960.0,52936.0,52955.0,392.0
2026-07-28 18:30:00,52955.0,52977.0,52948.0,52975.0,480.0
2026-07-28 18:35:00,52972.0,52989.0,52961.0,52980.0,369.0
2026-07-28 18:40:00,52982.0,52988.0,52953.0,52982.0,357.0
2026-07-28 18:45:00,52985.0,53018.0,52984.0,53010.0,428.0
2026-07-28 18:50:00,53010.0,53021.0,53002.0,53002.0,258.0
2026-07-28 18:55:00,53003.0,53017.0,52994.0,53000.0,255.0
2026-07-28 19:00:00,52999.0,53009.0,52983.0,53000.0,613.0
2026-07-28 19:05:00,52998.0,53015.0,52988.0,52993.0,362.0
2026-07-28 19:10:00,52999.0,53011.0,52987.0,52991.0,234.0
2026-07-28 19:15:00,52991.0,53017.0,52986.0,53002.0,642.0
2026-07-28 19:20:00,53007.0,53013.0,52987.0,52995.0,290.0
2026-07-28 19:25:00,52994.0,52994.0,52968.0,52977.0,411.0
2026-07-28 19:30:00,52976.0,52986.0,52963.0,52981.0,601.0
2026-07-28 19:35:00,52981.0,53001.0,52969.0,52975.0,583.0
2026-07-28 19:40:00,52974.0,52990.0,52971.0,52987.0,266.0
2026-07-28 19:45:00,52986.0,52990.0,52956.0,52969.0,628.0
2026-07-28 19:50:00,52967.0,52992.0,52958.0,52991.0,912.0
2026-07-28 19:55:00,52989.0,52996.0,52925.0,52945.0,2967.0
2026-07-28 20:00:00,52944.0,52963.0,52934.0,52962.0,1172.0
2026-07-28 20:05:00,52962.0,52972.0,52915.0,52956.0,714.0
2026-07-28 20:10:00,52954.0,52975.0,52942.0,52947.0,369.0
2026-07-28 20:15:00,52948.0,52949.0,52931.0,52947.0,170.0
2026-07-28 20:20:00,52948.0,52948.0,52932.0,52933.0,106.0
2026-07-28 20:25:00,52937.0,52961.0,52937.0,52948.0,191.0
2026-07-28 20:30:00,52948.0,52956.0,52944.0,52951.0,108.0
2026-07-28 20:35:00,52952.0,52954.0,52922.0,52931.0,229.0
2026-07-28 20:40:00,52927.0,52936.0,52924.0,52928.0,52.0
2026-07-28 20:45:00,52928.0,52931.0,52925.0,52925.0,71.0
2026-07-28 20:50:00,52924.0,52924.0,52908.0,52921.0,128.0
2026-07-28 20:55:00,52922.0,52925.0,52907.0,52907.0,92.0
2026-07-28 22:00:00,52915.0,52959.0,52908.0,52943.0,0.0
2026-07-28 22:05:00,52945.0,52945.0,52935.0,52944.0,24.0
2026-07-28 22:10:00,52940.0,52943.0,52908.0,52916.0,35.0
2026-07-28 22:15:00,52922.0,52925.0,52896.0,52906.0,67.0
2026-07-28 22:20:00,52899.0,52899.0,52875.0,52875.0,84.0
2026-07-28 22:25:00,52875.0,52886.0,52861.0,52879.0,95.0
2026-07-28 22:30:00,52880.0,52885.0,52846.0,52856.0,125.0
2026-07-28 22:35:00,52858.0,52874.0,52825.0,52825.0,91.0
2026-07-28 22:40:00,52829.0,52850.0,52829.0,52850.0,81.0
2026-07-28 22:45:00,52855.0,52869.0,52842.0,52867.0,175.0
2026-07-28 22:50:00,52867.0,52902.0,52862.0,52896.0,205.0
2026-07-28 22:55:00,52896.0,52910.0,52884.0,52890.0,156.0
2026-07-28 23:00:00,52890.0,52896.0,52874.0,52892.0,199.0
2026-07-28 23:05:00,52892.0,52906.0,52859.0,52873.0,211.0
2026-07-28 23:10:00,52870.0,52906.0,52866.0,52898.0,92.0
2026-07-28 23:15:00,52891.0,52902.0,52883.0,52883.0,74.0
2026-07-28 23:20:00,52887.0,52927.0,52883.0,52924.0,112.0
2026-07-28 23:25:00,52924.0,52927.0,52908.0,52912.0,105.0
2026-07-28 23:30:00,52909.0,52915.0,52900.0,52912.0,89.0
2026-07-28 23:35:00,52915.0,52923.0,52913.0,52915.0,36.0
2026-07-28 23:40:00,52915.0,52962.0,52911.0,52960.0,172.0
2026-07-28 23:45:00,52957.0,52975.0,52943.0,52971.0,225.0
2026-07-28 23:50:00,52973.0,53001.0,52973.0,52993.0,274.0
2026-07-28 23:55:00,52991.0,52994.0,52960.0,52966.0,318.0
2026-07-29 00:00:00,52967.0,52980.0,52953.0,52963.0,359.0
2026-07-29 00:05:00,52963.0,53002.0,52963.0,52973.0,163.0
2026-07-29 00:10:00,52966.0,52977.0,52957.0,52972.0,155.0
2026-07-29 00:15:00,52970.0,52994.0,52963.0,52985.0,103.0
2026-07-29 00:20:00,52981.0,53033.0,52979.0,53007.0,298.0
2026-07-29 00:25:00,53010.0,53019.0,53006.0,53011.0,125.0
2026-07-29 00:30:00,53015.0,53020.0,53002.0,53002.0,119.0
2026-07-29 00:35:00,53000.0,53021.0,52995.0,53019.0,122.0
2026-07-29 00:40:00,53018.0,53024.0,53003.0,53022.0,87.0
2026-07-29 00:45:00,53021.0,53024.0,53013.0,53017.0,90.0
2026-07-29 00:50:00,53013.0,53022.0,53011.0,53019.0,57.0
2026-07-29 00:55:00,53018.0,53018.0,53000.0,53004.0,79.0
2026-07-29 01:00:00,53002.0,53007.0,52982.0,52985.0,154.0
2026-07-29 01:05:00,52982.0,52985.0,52965.0,52967.0,113.0
2026-07-29 01:10:00,52964.0,52965.0,52937.0,52949.0,128.0
2026-07-29 01:15:00,52949.0,52956.0,52932.0,52953.0,162.0
2026-07-29 01:20:00,52955.0,52982.0,52955.0,52980.0,230.0
2026-07-29 01:25:00,52978.0,52981.0,52968.0,52973.0,43.0
2026-07-29 01:30:00,52968.0,52972.0,52946.0,52955.0,125.0
2026-07-29 01:35:00,52954.0,52961.0,52950.0,52952.0,33.0
2026-07-29 01:40:00,52949.0,52949.0,52927.0,52936.0,87.0
2026-07-29 01:45:00,52935.0,52938.0,52918.0,52918.0,116.0
2026-07-29 01:50:00,52916.0,52919.0,52894.0,52900.0,169.0
2026-07-29 01:55:00,52902.0,52911.0,52896.0,52901.0,156.0
2026-07-29 02:00:00,52897.0,52902.0,52884.0,52896.0,154.0
2026-07-29 02:05:00,52896.0,52909.0,52893.0,52901.0,72.0
2026-07-29 02:10:00,52904.0,52926.0,52904.0,52917.0,95.0
2026-07-29 02:15:00,52917.0,52917.0,52898.0,52910.0,73.0
2026-07-29 02:20:00,52901.0,52924.0,52900.0,52907.0,178.0
2026-07-29 02:25:00,52903.0,52905.0,52883.0,52893.0,153.0
2026-07-29 02:30:00,52893.0,52915.0,52893.0,52911.0,91.0
2026-07-29 02:35:00,52912.0,52921.0,52909.0,52920.0,100.0
2026-07-29 02:40:00,52927.0,52930.0,52915.0,52916.0,35.0
2026-07-29 02:45:00,52917.0,52920.0,52909.0,52915.0,19.0
2026-07-29 02:50:00,52915.0,52919.0,52908.0,52913.0,57.0
2026-07-29 02:55:00,52914.0,52923.0,52904.0,52922.0,55.0
2026-07-29 03:00:00,52922.0,52922.0,52899.0,52902.0,60.0
2026-07-29 03:05:00,52905.0,52927.0,52902.0,52926.0,54.0
2026-07-29 03:10:00,52922.0,52922.0,52888.0,52889.0,102.0
2026-07-29 03:15:00,52891.0,52900.0,52891.0,52894.0,55.0
2026-07-29 03:20:00,52896.0,52905.0,52890.0,52891.0,57.0
2026-07-29 03:25:00,52890.0,52898.0,52885.0,52885.0,63.0
2026-07-29 03:30:00,52884.0,52885.0,52861.0,52881.0,123.0
2026-07-29 03:35:00,52881.0,52887.0,52869.0,52869.0,59.0
2026-07-29 03:40:00,52869.0,52874.0,52861.0,52868.0,93.0
2026-07-29 03:45:00,52867.0,52878.0,52866.0,52866.0,52.0
2026-07-29 03:50:00,52866.0,52866.0,52833.0,52836.0,119.0
2026-07-29 03:55:00,52831.0,52831.0,52817.0,52825.0,108.0
2026-07-29 04:00:00,52829.0,52830.0,52809.0,52820.0,163.0
2026-07-29 04:05:00,52824.0,52833.0,52819.0,52832.0,119.0
2026-07-29 04:10:00,52830.0,52834.0,52820.0,52820.0,96.0
2026-07-29 04:15:00,52826.0,52840.0,52820.0,52838.0,109.0
2026-07-29 04:20:00,52837.0,52843.0,52831.0,52841.0,103.0
2026-07-29 04:25:00,52839.0,52845.0,52829.0,52832.0,80.0
2026-07-29 04:30:00,52831.0,52841.0,52821.0,52823.0,93.0
2026-07-29 04:35:00,52823.0,52837.0,52815.0,52828.0,133.0
2026-07-29 04:40:00,52827.0,52829.0,52818.0,52821.0,73.0
2026-07-29 04:45:00,52820.0,52832.0,52814.0,52832.0,96.0
2026-07-29 04:50:00,52832.0,52860.0,52832.0,52854.0,164.0
2026-07-29 04:55:00,52854.0,52861.0,52848.0,52860.0,119.0
2026-07-29 05:00:00,52868.0,52876.0,52859.0,52873.0,89.0
2026-07-29 05:05:00,52872.0,52892.0,52867.0,52883.0,137.0
2026-07-29 05:10:00,52882.0,52903.0,52879.0,52903.0,62.0
2026-07-29 05:15:00,52905.0,52905.0,52893.0,52895.0,65.0
2026-07-29 05:20:00,52898.0,52906.0,52893.0,52901.0,48.0
2026-07-29 05:25:00,52903.0,52909.0,52900.0,52903.0,57.0
2026-07-29 05:30:00,52904.0,52911.0,52896.0,52905.0,47.0
2026-07-29 05:35:00,52904.0,52912.0,52900.0,52908.0,91.0
2026-07-29 05:40:00,52904.0,52904.0,52892.0,52903.0,51.0
2026-07-29 05:45:00,52904.0,52904.0,52885.0,52885.0,47.0
2026-07-29 05:50:00,52889.0,52896.0,52888.0,52896.0,46.0
2026-07-29 05:55:00,52894.0,52894.0,52881.0,52888.0,71.0
2026-07-29 06:00:00,52887.0,52899.0,52879.0,52879.0,160.0
2026-07-29 06:05:00,52877.0,52882.0,52873.0,52877.0,84.0
2026-07-29 06:10:00,52878.0,52888.0,52875.0,52884.0,65.0
2026-07-29 06:15:00,52884.0,52907.0,52884.0,52899.0,90.0
2026-07-29 06:20:00,52902.0,52902.0,52888.0,52888.0,83.0
2026-07-29 06:25:00,52887.0,52910.0,52885.0,52905.0,89.0
2026-07-29 06:30:00,52907.0,52956.0,52907.0,52934.0,361.0
2026-07-29 06:35:00,52936.0,52948.0,52930.0,52943.0,142.0
2026-07-29 06:40:00,52940.0,52941.0,52924.0,52929.0,115.0
2026-07-29 06:45:00,52926.0,52943.0,52914.0,52938.0,122.0
2026-07-29 06:50:00,52936.0,52953.0,52935.0,52948.0,161.0
2026-07-29 06:55:00,52950.0,52955.0,52942.0,52951.0,74.0
2026-07-29 07:00:00,52952.0,52968.0,52927.0,52966.0,423.0
2026-07-29 07:05:00,52967.0,52990.0,52967.0,52990.0,154.0
2026-07-29 07:10:00,52993.0,53003.0,52960.0,52960.0,179.0
2026-07-29 07:15:00,52964.0,52973.0,52949.0,52950.0,94.0
2026-07-29 07:20:00,52949.0,52956.0,52941.0,52949.0,66.0
2026-07-29 07:25:00,52942.0,52966.0,52940.0,52966.0,82.0
2026-07-29 07:30:00,52969.0,52979.0,52951.0,52957.0,102.0
2026-07-29 07:35:00,52959.0,52980.0,52956.0,52973.0,97.0
2026-07-29 07:40:00,52973.0,53006.0,52970.0,53006.0,173.0
2026-07-29 07:45:00,52997.0,52998.0,52971.0,52988.0,360.0
2026-07-29 07:50:00,52986.0,52996.0,52977.0,52977.0,196.0
2026-07-29 07:55:00,52976.0,53008.0,52976.0,52994.0,114.0
2026-07-29 08:00:00,52995.0,53005.0,52974.0,52983.0,202.0
2026-07-29 08:05:00,52983.0,53009.0,52974.0,52994.0,197.0
2026-07-29 08:10:00,52997.0,53011.0,52974.0,52979.0,132.0
2026-07-29 08:15:00,52975.0,52976.0,52974.0,52975.0,101.0
2026-07-29 08:20:00,52977.0,52980.0,52954.0,52959.0,148.0
2026-07-29 08:25:00,52959.0,52959.0,52931.0,52935.0,212.0
2026-07-29 08:30:00,52937.0,52996.0,52934.0,52986.0,209.0
2026-07-29 08:35:00,52984.0,52988.0,52975.0,52987.0,173.0
2026-07-29 08:40:00,52985.0,53005.0,52977.0,53003.0,160.0
2026-07-29 08:45:00,53004.0,53019.0,52984.0,53013.0,246.0
2026-07-29 08:50:00,53016.0,53023.0,52989.0,52999.0,164.0
2026-07-29 08:55:00,53002.0,53004.0,52979.0,52987.0,91.0
2026-07-29 09:00:00,52992.0,52994.0,52953.0,52956.0,92.0
2026-07-29 09:05:00,52953.0,52964.0,52938.0,52942.0,152.0
2026-07-29 09:10:00,52939.0,52946.0,52932.0,52939.0,98.0
2026-07-29 09:15:00,52938.0,52938.0,52919.0,52925.0,93.0
2026-07-29 09:20:00,52923.0,52923.0,52898.0,52901.0,154.0
2026-07-29 09:25:00,52900.0,52906.0,52868.0,52888.0,180.0
2026-07-29 09:30:00,52890.0,52893.0,52857.0,52857.0,187.0
2026-07-29 09:35:00,52855.0,52859.0,52842.0,52844.0,152.0
2026-07-29 09:40:00,52846.0,52858.0,52838.0,52856.0,200.0
2026-07-29 09:45:00,52860.0,52884.0,52860.0,52884.0,183.0
2026-07-29 09:50:00,52886.0,52939.0,52886.0,52910.0,365.0
2026-07-29 09:55:00,52911.0,52914.0,52865.0,52895.0,632.0
2026-07-29 10:00:00,52893.0,52893.0,52842.0,52842.0,320.0
2026-07-29 10:05:00,52841.0,52859.0,52814.0,52834.0,311.0
2026-07-29 10:10:00,52840.0,52851.0,52818.0,52827.0,143.0
2026-07-29 10:15:00,52826.0,52850.0,52816.0,52840.0,139.0
2026-07-29 10:20:00,52839.0,52843.0,52830.0,52830.0,88.0
2026-07-29 10:25:00,52833.0,52845.0,52825.0,52841.0,90.0
2026-07-29 10:30:00,52844.0,52861.0,52835.0,52839.0,118.0
2026-07-29 10:35:00,52838.0,52843.0,52809.0,52820.0,126.0
2026-07-29 10:40:00,52818.0,52838.0,52814.0,52833.0,136.0
2026-07-29 10:45:00,52834.0,52838.0,52817.0,52822.0,134.0
2026-07-29 10:50:00,52823.0,52823.0,52789.0,52792.0,294.0
2026-07-29 10:55:00,52788.0,52809.0,52787.0,52809.0,160.0
2026-07-29 11:00:00,52811.0,52822.0,52779.0,52793.0,334.0
2026-07-29 11:05:00,52791.0,52801.0,52766.0,52801.0,133.0
2026-07-29 11:10:00,52799.0,52809.0,52783.0,52786.0,190.0
2026-07-29 11:15:00,52785.0,52803.0,52775.0,52789.0,117.0
2026-07-29 11:20:00,52788.0,52798.0,52775.0,52776.0,123.0
2026-07-29 11:25:00,52778.0,52803.0,52778.0,52793.0,165.0
2026-07-29 11:30:00,52793.0,52793.0,52768.0,52777.0,129.0
2026-07-29 11:35:00,52774.0,52783.0,52758.0,52762.0,237.0
2026-07-29 11:40:00,52765.0,52775.0,52753.0,52769.0,118.0
2026-07-29 11:45:00,52769.0,52792.0,52749.0,52774.0,350.0
2026-07-29 11:50:00,52775.0,52782.0,52754.0,52754.0,113.0
2026-07-29 11:55:00,52752.0,52763.0,52749.0,52761.0,123.0
2026-07-29 12:00:00,52761.0,52762.0,52730.0,52732.0,225.0
2026-07-29 12:05:00,52734.0,52751.0,52703.0,52717.0,400.0
2026-07-29 12:10:00,52720.0,52728.0,52695.0,52703.0,311.0
2026-07-29 12:15:00,52707.0,52708.0,52543.0,52589.0,1761.0
2026-07-29 12:20:00,52590.0,52603.0,52567.0,52568.0,660.0
2026-07-29 12:25:00,52569.0,52623.0,52568.0,52592.0,399.0
2026-07-29 12:30:00,52590.0,52619.0,52558.0,52619.0,393.0
2026-07-29 12:35:00,52621.0,52623.0,52587.0,52601.0,293.0
2026-07-29 12:40:00,52599.0,52620.0,52589.0,52618.0,373.0
2026-07-29 12:45:00,52620.0,52620.0,52595.0,52615.0,310.0
2026-07-29 12:50:00,52613.0,52616.0,52572.0,52575.0,268.0
2026-07-29 12:55:00,52573.0,52598.0,52568.0,52583.0,252.0
2026-07-29 13:00:00,52585.0,52586.0,52513.0,52517.0,471.0
2026-07-29 13:05:00,52515.0,52530.0,52510.0,52518.0,356.0
2026-07-29 13:10:00,52519.0,52529.0,52494.0,52502.0,365.0
2026-07-29 13:15:00,52501.0,52522.0,52478.0,52487.0,474.0
2026-07-29 13:20:00,52485.0,52532.0,52476.0,52531.0,504.0
2026-07-29 13:25:00,52529.0,52551.0,52479.0,52483.0,1470.0
2026-07-29 13:30:00,52483.0,52554.0,52460.0,52474.0,5345.0
2026-07-29 13:35:00,52476.0,52538.0,52440.0,52518.0,3962.0
2026-07-29 13:40:00,52520.0,52535.0,52451.0,52452.0,2711.0
2026-07-29 13:45:00,52454.0,52511.0,52431.0,52442.0,1778.0
2026-07-29 13:50:00,52442.0,52446.0,52345.0,52377.0,1859.0
2026-07-29 13:55:00,52375.0,52375.0,52290.0,52305.0,1838.0
2026-07-29 14:00:00,52306.0,52315.0,52250.0,52263.0,2675.0
2026-07-29 14:05:00,52265.0,52299.0,52200.0,52210.0,2194.0
2026-07-29 14:10:00,52208.0,52239.0,52122.0,52158.0,2136.0
2026-07-29 14:15:00,52158.0,52211.0,52152.0,52189.0,1610.0
2026-07-29 14:20:00,52194.0,52225.0,52158.0,52165.0,1140.0
2026-07-29 14:25:00,52165.0,52173.0,52105.0,52149.0,1589.0
2026-07-29 14:30:00,52148.0,52166.0,52100.0,52114.0,1431.0
2026-07-29 14:35:00,52115.0,52150.0,52105.0,52115.0,958.0
2026-07-29 14:40:00,52113.0,52116.0,52042.0,52063.0,1418.0
2026-07-29 14:45:00,52061.0,52096.0,52049.0,52074.0,1088.0
2026-07-29 14:50:00,52078.0,52133.0,52068.0,52125.0,1537.0
2026-07-29 14:55:00,52127.0,52129.0,52052.0,52071.0,938.0
2026-07-29 15:00:00,52072.0,52124.0,52049.0,52104.0,1039.0
2026-07-29 15:05:00,52104.0,52120.0,52073.0,52118.0,770.0
2026-07-29 15:10:00,52117.0,52128.0,52079.0,52085.0,834.0
2026-07-29 15:15:00,52085.0,52119.0,52072.0,52072.0,894.0
2026-07-29 15:20:00,52073.0,52113.0,52070.0,52113.0,566.0
2026-07-29 15:25:00,52110.0,52114.0,52075.0,52087.0,488.0
2026-07-29 15:30:00,52089.0,52117.0,52079.0,52087.0,727.0
2026-07-29 15:35:00,52087.0,52112.0,52069.0,52069.0,687.0
2026-07-29 15:40:00,52070.0,52078.0,52041.0,52064.0,724.0
2026-07-29 15:45:00,52066.0,52098.0,52057.0,52096.0,715.0
2026-07-29 15:50:00,52095.0,52099.0,52042.0,52043.0,583.0
2026-07-29 15:55:00,52041.0,52063.0,52018.0,52056.0,892.0
2026-07-29 16:00:00,52056.0,52063.0,52006.0,52009.0,962.0
2026-07-29 16:05:00,52006.0,52018.0,51972.0,52011.0,1189.0
2026-07-29 16:10:00,52007.0,52011.0,51974.0,51974.0,579.0
2026-07-29 16:15:00,51973.0,51995.0,51957.0,51977.0,799.0
2026-07-29 16:20:00,51977.0,52047.0,51965.0,52028.0,838.0
2026-07-29 16:25:00,52029.0,52061.0,52025.0,52058.0,467.0
2026-07-29 16:30:00,52057.0,52077.0,52037.0,52038.0,619.0
2026-07-29 16:35:00,52038.0,52046.0,52017.0,52044.0,347.0
2026-07-29 16:40:00,52043.0,52051.0,52009.0,52024.0,375.0
2026-07-29 16:45:00,52027.0,52052.0,52008.0,52051.0,460.0
2026-07-29 16:50:00,52052.0,52092.0,52048.0,52082.0,598.0
2026-07-29 16:55:00,52082.0,52114.0,52073.0,52114.0,625.0
2026-07-29 17:00:00,52114.0,52188.0,52108.0,52181.0,847.0
2026-07-29 17:05:00,52182.0,52190.0,52135.0,52136.0,696.0
2026-07-29 17:10:00,52136.0,52187.0,52132.0,52182.0,595.0
2026-07-29 17:15:00,52183.0,52215.0,52164.0,52213.0,684.0
2026-07-29 17:20:00,52212.0,52232.0,52184.0,52187.0,803.0
2026-07-29 17:25:00,52187.0,52200.0,52164.0,52164.0,473.0
2026-07-29 17:30:00,52163.0,52204.0,52140.0,52159.0,764.0
2026-07-29 17:35:00,52156.0,52169.0,52141.0,52145.0,471.0
2026-07-29 17:40:00,52145.0,52149.0,52118.0,52135.0,589.0
2026-07-29 17:45:00,52136.0,52151.0,52110.0,52148.0,507.0
2026-07-29 17:50:00,52145.0,52162.0,52137.0,52156.0,447.0
2026-07-29 17:55:00,52158.0,52163.0,52125.0,52152.0,369.0
2026-07-29 18:00:00,52152.0,52345.0,52152.0,52242.0,2305.0
2026-07-29 18:05:00,52249.0,52272.0,52162.0,52175.0,1693.0
2026-07-29 18:10:00,52174.0,52194.0,52118.0,52146.0,1999.0
2026-07-29 18:15:00,52147.0,52197.0,52109.0,52114.0,1012.0
2026-07-29 18:20:00,52114.0,52117.0,52058.0,52082.0,1193.0
2026-07-29 18:25:00,52082.0,52126.0,52067.0,52125.0,756.0
2026-07-29 18:30:00,52126.0,52164.0,52022.0,52079.0,1863.0
2026-07-29 18:35:00,52080.0,52222.0,52043.0,52203.0,1779.0
2026-07-29 18:40:00,52202.0,52318.0,52198.0,52300.0,1810.0
2026-07-29 18:45:00,52299.0,52416.0,52290.0,52392.0,1600.0
2026-07-29 18:50:00,52392.0,52428.0,52354.0,52423.0,1020.0
2026-07-29 18:55:00,52424.0,52426.0,52358.0,52371.0,1061.0
2026-07-29 19:00:00,52372.0,52411.0,52256.0,52274.0,1313.0
2026-07-29 19:05:00,52275.0,52277.0,52150.0,52152.0,964.0
2026-07-29 19:10:00,52155.0,52215.0,52140.0,52207.0,1369.0
2026-07-29 19:15:00,52207.0,52273.0,52148.0,52161.0,1294.0
2026-07-29 19:20:00,52162.0,52165.0,52045.0,52050.0,2086.0
2026-07-29 19:25:00,52046.0,52063.0,51988.0,52001.0,1548.0
2026-07-29 19:30:00,52007.0,52022.0,51861.0,51922.0,2016.0
2026-07-29 19:35:00,51921.0,51932.0,51778.0,51782.0,2161.0
2026-07-29 19:40:00,51779.0,51821.0,51746.0,51773.0,1906.0
2026-07-29 19:45:00,51776.0,51782.0,51698.0,51764.0,2643.0
2026-07-29 19:50:00,51759.0,51777.0,51710.0,51765.0,2207.0
2026-07-29 19:55:00,51764.0,51796.0,51717.0,51765.0,4513.0
2026-07-29 20:00:00,51760.0,51831.0,51711.0,51757.0,1856.0
2026-07-29 20:05:00,51760.0,51768.0,51686.0,51688.0,915.0
2026-07-29 20:10:00,51686.0,51716.0,51630.0,51681.0,1532.0
2026-07-29 20:15:00,51683.0,51717.0,51673.0,51700.0,480.0
2026-07-29 20:20:00,51702.0,51724.0,51690.0,51694.0,334.0
2026-07-29 20:25:00,51697.0,51710.0,51669.0,51698.0,366.0
2026-07-29 20:30:00,51703.0,51763.0,51684.0,51755.0,305.0
2026-07-29 20:35:00,51762.0,51798.0,51753.0,51792.0,186.0
2026-07-29 20:40:00,51788.0,51794.0,51756.0,51760.0,171.0
2026-07-29 20:45:00,51758.0,51772.0,51730.0,51732.0,221.0
2026-07-29 20:50:00,51731.0,51760.0,51728.0,51751.0,219.0
2026-07-29 20:55:00,51758.0,51765.0,51734.0,51735.0,146.0
2026-07-29 22:00:00,51759.0,51872.0,51744.0,51869.0,0.0
2026-07-29 22:05:00,51862.0,51920.0,51860.0,51920.0,413.0
2026-07-29 22:10:00,51921.0,51962.0,51917.0,51927.0,420.0
2026-07-29 22:15:00,51930.0,51941.0,51910.0,51932.0,197.0
2026-07-29 22:20:00,51932.0,51942.0,51905.0,51905.0,145.0
2026-07-29 22:25:00,51909.0,51932.0,51902.0,51922.0,162.0
2026-07-29 22:30:00,51924.0,51924.0,51900.0,51900.0,71.0
2026-07-29 22:35:00,51900.0,51917.0,51896.0,51902.0,96.0
2026-07-29 22:40:00,51899.0,51908.0,51889.0,51907.0,61.0
2026-07-29 22:45:00,51913.0,51922.0,51908.0,51909.0,38.0
2026-07-29 22:50:00,51908.0,51920.0,51900.0,51900.0,88.0
2026-07-29 22:55:00,51898.0,51901.0,51892.0,51900.0,25.0
2026-07-29 23:00:00,51902.0,51920.0,51902.0,51914.0,39.0
2026-07-29 23:05:00,51912.0,51928.0,51906.0,51919.0,61.0
2026-07-29 23:10:00,51917.0,51917.0,51892.0,51895.0,97.0
2026-07-29 23:15:00,51907.0,51916.0,51888.0,51914.0,108.0
2026-07-29 23:20:00,51914.0,51925.0,51913.0,51913.0,38.0
2026-07-29 23:25:00,51921.0,51921.0,51905.0,51905.0,102.0
2026-07-29 23:30:00,51904.0,51921.0,51904.0,51914.0,89.0
2026-07-29 23:35:00,51914.0,51928.0,51911.0,51923.0,55.0
2026-07-29 23:40:00,51918.0,51923.0,51913.0,51918.0,42.0
2026-07-29 23:45:00,51917.0,51931.0,51910.0,51910.0,65.0
2026-07-29 23:50:00,51914.0,51925.0,51906.0,51925.0,109.0
2026-07-29 23:55:00,51929.0,51930.0,51918.0,51918.0,46.0
2026-07-30 00:00:00,51918.0,51931.0,51894.0,51914.0,206.0
2026-07-30 00:05:00,51918.0,51951.0,51911.0,51934.0,202.0
2026-07-30 00:10:00,51935.0,51950.0,51919.0,51939.0,136.0
2026-07-30 00:15:00,51939.0,51939.0,51903.0,51904.0,205.0
2026-07-30 00:20:00,51907.0,51912.0,51892.0,51901.0,130.0
2026-07-30 00:25:00,51902.0,51907.0,51895.0,51900.0,144.0
2026-07-30 00:30:00,51899.0,51913.0,51868.0,51873.0,233.0
2026-07-30 00:35:00,51876.0,51876.0,51844.0,51861.0,194.0
2026-07-30 00:40:00,51863.0,51866.0,51854.0,51865.0,146.0
2026-07-30 00:45:00,51864.0,51893.0,51864.0,51874.0,127.0
2026-07-30 00:50:00,51874.0,51900.0,51869.0,51898.0,85.0
2026-07-30 00:55:00,51894.0,51895.0,51875.0,51884.0,50.0
2026-07-30 01:00:00,51885.0,51893.0,51877.0,51890.0,127.0
2026-07-30 01:05:00,51891.0,51927.0,51887.0,51887.0,176.0
2026-07-30 01:10:00,51885.0,51895.0,51868.0,51871.0,180.0
2026-07-30 01:15:00,51871.0,51876.0,51857.0,51873.0,189.0
2026-07-30 01:20:00,51876.0,51877.0,51854.0,51864.0,173.0
2026-07-30 01:25:00,51864.0,51881.0,51853.0,51873.0,91.0
2026-07-30 01:30:00,51874.0,51887.0,51871.0,51883.0,193.0
2026-07-30 01:35:00,51878.0,51897.0,51878.0,51892.0,123.0
2026-07-30 01:40:00,51893.0,51909.0,51892.0,51908.0,109.0
2026-07-30 01:45:00,51910.0,51912.0,51897.0,51905.0,116.0
2026-07-30 01:50:00,51909.0,51913.0,51902.0,51906.0,56.0
2026-07-30 01:55:00,51905.0,51915.0,51903.0,51911.0,59.0
2026-07-30 02:00:00,51912.0,51929.0,51912.0,51921.0,110.0
2026-07-30 02:05:00,51916.0,51917.0,51906.0,51912.0,49.0
2026-07-30 02:10:00,51911.0,51913.0,51898.0,51900.0,52.0
2026-07-30 02:15:00,51901.0,51905.0,51894.0,51896.0,66.0
2026-07-30 02:20:00,51895.0,51915.0,51894.0,51907.0,55.0
2026-07-30 02:25:00,51908.0,51909.0,51897.0,51898.0,105.0
2026-07-30 02:30:00,51896.0,51897.0,51886.0,51887.0,145.0
2026-07-30 02:35:00,51887.0,51894.0,51881.0,51893.0,54.0
2026-07-30 02:40:00,51893.0,51903.0,51890.0,51903.0,69.0
2026-07-30 02:45:00,51900.0,51903.0,51882.0,51887.0,36.0
2026-07-30 02:50:00,51885.0,51890.0,51881.0,51884.0,33.0
2026-07-30 02:55:00,51883.0,51883.0,51857.0,51857.0,97.0
2026-07-30 03:00:00,51858.0,51892.0,51858.0,51883.0,83.0
2026-07-30 03:05:00,51883.0,51888.0,51857.0,51857.0,75.0
2026-07-30 03:10:00,51862.0,51866.0,51830.0,51838.0,116.0
2026-07-30 03:15:00,51838.0,51846.0,51826.0,51830.0,65.0
2026-07-30 03:20:00,51834.0,51836.0,51815.0,51833.0,66.0
2026-07-30 03:25:00,51829.0,51839.0,51823.0,51829.0,87.0
2026-07-30 03:30:00,51832.0,51849.0,51804.0,51849.0,160.0
2026-07-30 03:35:00,51847.0,51854.0,51823.0,51824.0,55.0
2026-07-30 03:40:00,51822.0,51843.0,51820.0,51838.0,40.0
2026-07-30 03:45:00,51839.0,51843.0,51826.0,51838.0,34.0
2026-07-30 03:50:00,51840.0,51842.0,51830.0,51839.0,43.0
2026-07-30 03:55:00,51841.0,51848.0,51829.0,51829.0,29.0
2026-07-30 04:00:00,51834.0,51839.0,51825.0,51836.0,52.0
2026-07-30 04:05:00,51833.0,51833.0,51819.0,51820.0,36.0
2026-07-30 04:10:00,51821.0,51825.0,51810.0,51814.0,37.0
2026-07-30 04:15:00,51811.0,51823.0,51807.0,51821.0,56.0
2026-07-30 04:20:00,51824.0,51837.0,51822.0,51834.0,30.0
2026-07-30 04:25:00,51834.0,51860.0,51832.0,51857.0,82.0
2026-07-30 04:30:00,51855.0,51856.0,51848.0,51856.0,43.0
2026-07-30 04:35:00,51856.0,51858.0,51832.0,51833.0,39.0
2026-07-30 04:40:00,51831.0,51838.0,51812.0,51812.0,67.0
2026-07-30 04:45:00,51814.0,51840.0,51814.0,51824.0,37.0
2026-07-30 04:50:00,51829.0,51829.0,51812.0,51816.0,50.0
2026-07-30 04:55:00,51815.0,51816.0,51797.0,51807.0,94.0
2026-07-30 05:00:00,51803.0,51808.0,51781.0,51802.0,110.0
2026-07-30 05:05:00,51799.0,51804.0,51778.0,51778.0,85.0
2026-07-30 05:10:00,51779.0,51794.0,51778.0,51793.0,72.0
2026-07-30 05:15:00,51792.0,51809.0,51791.0,51802.0,78.0
2026-07-30 05:20:00,51804.0,51806.0,51791.0,51800.0,37.0
2026-07-30 05:25:00,51803.0,51813.0,51789.0,51805.0,38.0
2026-07-30 05:30:00,51806.0,51821.0,51792.0,51806.0,93.0
2026-07-30 05:35:00,51807.0,51812.0,51791.0,51808.0,65.0
2026-07-30 05:40:00,51810.0,51826.0,51809.0,51825.0,70.0
2026-07-30 05:45:00,51825.0,51849.0,51805.0,51807.0,161.0
2026-07-30 05:50:00,51811.0,51813.0,51798.0,51802.0,78.0
2026-07-30 05:55:00,51799.0,51806.0,51787.0,51806.0,83.0
2026-07-30 06:00:00,51804.0,51806.0,51794.0,51797.0,93.0
2026-07-30 06:05:00,51799.0,51806.0,51779.0,51780.0,180.0
2026-07-30 06:10:00,51779.0,51785.0,51764.0,51768.0,173.0
2026-07-30 06:15:00,51765.0,51765.0,51742.0,51751.0,119.0
2026-07-30 06:20:00,51744.0,51767.0,51732.0,51763.0,135.0
2026-07-30 06:25:00,51762.0,51782.0,51762.0,51770.0,100.0
2026-07-30 06:30:00,51769.0,51771.0,51752.0,51766.0,95.0
2026-07-30 06:35:00,51765.0,51767.0,51749.0,51763.0,97.0
2026-07-30 06:40:00,51766.0,51767.0,51744.0,51744.0,84.0
2026-07-30 06:45:00,51741.0,51767.0,51740.0,51763.0,124.0
2026-07-30 06:50:00,51763.0,51773.0,51758.0,51773.0,67.0
2026-07-30 06:55:00,51773.0,51806.0,51773.0,51804.0,144.0
2026-07-30 07:00:00,51806.0,51926.0,51788.0,51898.0,530.0
2026-07-30 07:05:00,51901.0,51915.0,51853.0,51874.0,273.0
2026-07-30 07:10:00,51878.0,51903.0,51862.0,51891.0,165.0
2026-07-30 07:15:00,51892.0,51896.0,51847.0,51854.0,196.0
2026-07-30 07:20:00,51855.0,51866.0,51822.0,51866.0,179.0
2026-07-30 07:25:00,51867.0,51872.0,51843.0,51855.0,184.0
2026-07-30 07:30:00,51858.0,51859.0,51793.0,51793.0,239.0
2026-07-30 07:35:00,51794.0,51799.0,51755.0,51794.0,167.0
2026-07-30 07:40:00,51800.0,51832.0,51787.0,51828.0,145.0
2026-07-30 07:45:00,51821.0,51836.0,51808.0,51835.0,181.0
2026-07-30 07:50:00,51834.0,51845.0,51812.0,51813.0,221.0
2026-07-30 07:55:00,51811.0,51818.0,51798.0,51803.0,118.0
2026-07-30 08:00:00,51803.0,51825.0,51775.0,51825.0,319.0
2026-07-30 08:05:00,51830.0,51901.0,51823.0,51891.0,308.0
2026-07-30 08:10:00,51898.0,51909.0,51887.0,51893.0,200.0
2026-07-30 08:15:00,51893.0,51897.0,51859.0,51859.0,176.0
2026-07-30 08:20:00,51860.0,51897.0,51853.0,51888.0,201.0
2026-07-30 08:25:00,51889.0,51926.0,51888.0,51913.0,223.0
2026-07-30 08:30:00,51910.0,51932.0,51908.0,51920.0,160.0
2026-07-30 08:35:00,51915.0,51924.0,51895.0,51898.0,135.0
2026-07-30 08:40:00,51899.0,51921.0,51897.0,51910.0,80.0
2026-07-30 08:45:00,51906.0,51917.0,51896.0,51900.0,94.0
2026-07-30 08:50:00,51900.0,51901.0,51878.0,51878.0,148.0
2026-07-30 08:55:00,51878.0,51889.0,51847.0,51886.0,190.0
2026-07-30 09:00:00,51889.0,51912.0,51874.0,51906.0,172.0
2026-07-30 09:05:00,51903.0,51931.0,51900.0,51923.0,139.0
2026-07-30 09:10:00,51923.0,51947.0,51903.0,51922.0,181.0
2026-07-30 09:15:00,51921.0,51934.0,51911.0,51921.0,211.0
2026-07-30 09:20:00,51919.0,51942.0,51918.0,51930.0,240.0
2026-07-30 09:25:00,51931.0,51942.0,51916.0,51928.0,89.0
2026-07-30 09:30:00,51925.0,51939.0,51915.0,51938.0,83.0
2026-07-30 09:35:00,51937.0,51957.0,51922.0,51922.0,147.0
2026-07-30 09:40:00,51923.0,51929.0,51911.0,51928.0,88.0
2026-07-30 09:45:00,51925.0,51933.0,51917.0,51928.0,46.0
2026-07-30 09:50:00,51930.0,51933.0,51909.0,51915.0,96.0
2026-07-30 09:55:00,51915.0,51915.0,51839.0,51844.0,185.0
2026-07-30 10:00:00,51843.0,51866.0,51832.0,51857.0,149.0
2026-07-30 10:05:00,51851.0,51890.0,51851.0,51888.0,129.0
2026-07-30 10:10:00,51886.0,51897.0,51849.0,51856.0,108.0
2026-07-30 10:15:00,51858.0,51897.0,51857.0,51897.0,179.0
2026-07-30 10:20:00,51900.0,51915.0,51896.0,51899.0,117.0
2026-07-30 10:25:00,51905.0,51924.0,51901.0,51904.0,57.0
2026-07-30 10:30:00,51905.0,51912.0,51885.0,51891.0,146.0
2026-07-30 10:35:00,51891.0,51915.0,51890.0,51914.0,72.0
2026-07-30 10:40:00,51913.0,51951.0,51911.0,51923.0,145.0
2026-07-30 10:45:00,51926.0,51937.0,51901.0,51908.0,114.0
2026-07-30 10:50:00,51912.0,51928.0,51885.0,51885.0,137.0
2026-07-30 10:55:00,51884.0,51895.0,51871.0,51887.0,112.0
2026-07-30 11:00:00,51890.0,51913.0,51885.0,51901.0,122.0
2026-07-30 11:05:00,51900.0,51915.0,51897.0,51914.0,87.0
2026-07-30 11:10:00,51914.0,51937.0,51905.0,51931.0,166.0
2026-07-30 11:15:00,51931.0,51966.0,51928.0,51953.0,145.0
2026-07-30 11:20:00,51955.0,51968.0,51937.0,51968.0,148.0
2026-07-30 11:25:00,51968.0,51985.0,51968.0,51983.0,162.0
2026-07-30 11:30:00,51985.0,52009.0,51982.0,51993.0,331.0
2026-07-30 11:35:00,51991.0,52018.0,51991.0,52007.0,162.0
2026-07-30 11:40:00,52005.0,52008.0,51972.0,51991.0,269.0
2026-07-30 11:45:00,51991.0,52011.0,51991.0,52003.0,168.0
2026-07-30 11:50:00,52003.0,52048.0,52003.0,52043.0,274.0
2026-07-30 11:55:00,52044.0,52046.0,52007.0,52012.0,316.0
2026-07-30 12:00:00,52013.0,52017.0,51987.0,52012.0,214.0
2026-07-30 12:05:00,52014.0,52020.0,52001.0,52009.0,98.0
2026-07-30 12:10:00,52008.0,52011.0,51990.0,52002.0,127.0
2026-07-30 12:15:00,52003.0,52034.0,52001.0,52018.0,209.0
2026-07-30 12:20:00,52020.0,52037.0,51994.0,52027.0,220.0
2026-07-30 12:25:00,52029.0,52041.0,51981.0,52000.0,287.0
2026-07-30 12:30:00,52004.0,52035.0,51960.0,51977.0,302.0
2026-07-30 12:35:00,51977.0,51992.0,51938.0,51950.0,265.0
2026-07-30 12:40:00,51948.0,51961.0,51918.0,51947.0,371.0
2026-07-30 12:45:00,51952.0,51965.0,51929.0,51946.0,207.0
2026-07-30 12:50:00,51953.0,51982.0,51946.0,51976.0,167.0
2026-07-30 12:55:00,51976.0,51984.0,51959.0,51968.0,287.0
2026-07-30 13:00:00,51969.0,52029.0,51967.0,52014.0,446.0
2026-07-30 13:05:00,52010.0,52078.0,52009.0,52029.0,624.0
2026-07-30 13:10:00,52030.0,52051.0,52011.0,52030.0,302.0
2026-07-30 13:15:00,52029.0,52052.0,52016.0,52051.0,254.0
2026-07-30 13:20:00,52050.0,52088.0,52037.0,52088.0,332.0
2026-07-30 13:25:00,52087.0,52110.0,52053.0,52108.0,1295.0
2026-07-30 13:30:00,52105.0,52121.0,51990.0,51995.0,4510.0
2026-07-30 13:35:00,51997.0,52066.0,51934.0,51955.0,2482.0
2026-07-30 13:40:00,51957.0,52029.0,51877.0,51980.0,2436.0
2026-07-30 13:45:00,51978.0,52072.0,51978.0,52040.0,1655.0
2026-07-30 13:50:00,52039.0,52133.0,52031.0,52084.0,2326.0
2026-07-30 13:55:00,52084.0,52104.0,52049.0,52096.0,1069.0
2026-07-30 14:00:00,52092.0,52127.0,52025.0,52071.0,1818.0
2026-07-30 14:05:00,52070.0,52118.0,52044.0,52067.0,1401.0
2026-07-30 14:10:00,52067.0,52088.0,52046.0,52086.0,1129.0
2026-07-30 14:15:00,52086.0,52096.0,52037.0,52063.0,835.0
2026-07-30 14:20:00,52061.0,52107.0,52029.0,52039.0,965.0
2026-07-30 14:25:00,52037.0,52113.0,52016.0,52067.0,1080.0
2026-07-30 14:30:00,52068.0,52093.0,52026.0,52041.0,925.0
2026-07-30 14:35:00,52041.0,52090.0,52030.0,52078.0,998.0
2026-07-30 14:40:00,52078.0,52096.0,52007.0,52013.0,1022.0
2026-07-30 14:45:00,52014.0,52030.0,51931.0,51953.0,1173.0
2026-07-30 14:50:00,51955.0,51968.0,51898.0,51907.0,1219.0
2026-07-30 14:55:00,51906.0,51948.0,51888.0,51929.0,839.0
2026-07-30 15:00:00,51930.0,51935.0,51871.0,51895.0,994.0
2026-07-30 15:05:00,51893.0,51924.0,51845.0,51914.0,964.0
2026-07-30 15:10:00,51912.0,51912.0,51814.0,51820.0,714.0
2026-07-30 15:15:00,51817.0,51894.0,51800.0,51892.0,819.0
2026-07-30 15:20:00,51898.0,51926.0,51875.0,51886.0,694.0
2026-07-30 15:25:00,51887.0,51903.0,51847.0,51869.0,732.0
2026-07-30 15:30:00,51868.0,51949.0,51857.0,51949.0,814.0
2026-07-30 15:35:00,51948.0,51975.0,51921.0,51947.0,814.0
2026-07-30 15:40:00,51946.0,52044.0,51945.0,52021.0,752.0
2026-07-30 15:45:00,52023.0,52060.0,52023.0,52050.0,606.0
2026-07-30 15:50:00,52051.0,52077.0,52033.0,52071.0,570.0
2026-07-30 15:55:00,52074.0,52104.0,52074.0,52081.0,525.0
2026-07-30 16:00:00,52083.0,52125.0,52062.0,52124.0,925.0
2026-07-30 16:05:00,52123.0,52130.0,52082.0,52109.0,484.0
2026-07-30 16:10:00,52108.0,52171.0,52108.0,52160.0,915.0
2026-07-30 16:15:00,52160.0,52195.0,52153.0,52184.0,546.0
2026-07-30 16:20:00,52186.0,52199.0,52152.0,52154.0,760.0
2026-07-30 16:25:00,52153.0,52191.0,52148.0,52188.0,470.0
2026-07-30 16:30:00,52190.0,52212.0,52165.0,52208.0,550.0
2026-07-30 16:35:00,52208.0,52226.0,52173.0,52178.0,521.0
2026-07-30 16:40:00,52181.0,52189.0,52159.0,52182.0,674.0
2026-07-30 16:45:00,52183.0,52224.0,52181.0,52207.0,400.0
2026-07-30 16:50:00,52209.0,52257.0,52191.0,52255.0,485.0
2026-07-30 16:55:00,52258.0,52266.0,52232.0,52234.0,449.0
2026-07-30 17:00:00,52237.0,52322.0,52237.0,52305.0,895.0
2026-07-30 17:05:00,52304.0,52316.0,52264.0,52288.0,476.0
2026-07-30 17:10:00,52288.0,52295.0,52266.0,52276.0,473.0
2026-07-30 17:15:00,52276.0,52303.0,52272.0,52301.0,272.0
2026-07-30 17:20:00,52300.0,52306.0,52287.0,52295.0,374.0
2026-07-30 17:25:00,52293.0,52294.0,52278.0,52290.0,353.0
2026-07-30 17:30:00,52290.0,52308.0,52272.0,52286.0,404.0
2026-07-30 17:35:00,52285.0,52313.0,52264.0,52269.0,462.0
2026-07-30 17:40:00,52272.0,52320.0,52272.0,52302.0,458.0
2026-07-30 17:45:00,52301.0,52317.0,52291.0,52291.0,356.0
2026-07-30 17:50:00,52293.0,52320.0,52284.0,52285.0,354.0
2026-07-30 17:55:00,52284.0,52284.0,52260.0,52266.0,239.0
2026-07-30 18:00:00,52265.0,52304.0,52265.0,52271.0,355.0
2026-07-30 18:05:00,52271.0,52295.0,52271.0,52285.0,217.0
2026-07-30 18:10:00,52285.0,52303.0,52281.0,52298.0,358.0
2026-07-30 18:15:00,52297.0,52313.0,52294.0,52311.0,239.0
2026-07-30 18:20:00,52310.0,52328.0,52308.0,52313.0,292.0
2026-07-30 18:25:00,52313.0,52321.0,52298.0,52318.0,325.0
2026-07-30 18:30:00,52317.0,52322.0,52293.0,52306.0,359.0
2026-07-30 18:35:00,52302.0,52313.0,52290.0,52298.0,253.0
2026-07-30 18:40:00,52296.0,52319.0,52296.0,52317.0,239.0
2026-07-30 18:45:00,52319.0,52321.0,52309.0,52321.0,250.0
2026-07-30 18:50:00,52321.0,52343.0,52317.0,52334.0,351.0
2026-07-30 18:55:00,52333.0,52351.0,52331.0,52348.0,283.0
2026-07-30 19:00:00,52348.0,52390.0,52345.0,52383.0,687.0
2026-07-30 19:05:00,52383.0,52395.0,52371.0,52390.0,443.0
2026-07-30 19:10:00,52394.0,52415.0,52390.0,52399.0,647.0
2026-07-30 19:15:00,52402.0,52404.0,52383.0,52389.0,431.0
2026-07-30 19:20:00,52391.0,52405.0,52387.0,52389.0,293.0
2026-07-30 19:25:00,52389.0,52403.0,52380.0,52383.0,376.0
2026-07-30 19:30:00,52381.0,52396.0,52375.0,52380.0,709.0
2026-07-30 19:35:00,52381.0,52392.0,52364.0,52369.0,361.0
2026-07-30 19:40:00,52371.0,52383.0,52361.0,52376.0,453.0
2026-07-30 19:45:00,52374.0,52385.0,52352.0,52363.0,680.0
2026-07-30 19:50:00,52364.0,52367.0,52334.0,52342.0,1270.0
2026-07-30 19:55:00,52343.0,52401.0,52329.0,52378.0,3408.0
2026-07-30 20:00:00,52377.0,52484.0,52364.0,52473.0,1173.0
2026-07-30 20:05:00,52473.0,52478.0,52440.0,52442.0,368.0
2026-07-30 20:10:00,52440.0,52465.0,52431.0,52460.0,507.0
2026-07-30 20:15:00,52460.0,52483.0,52451.0,52464.0,338.0
2026-07-30 20:20:00,52466.0,52471.0,52456.0,52460.0,126.0
2026-07-30 20:25:00,52460.0,52460.0,52440.0,52449.0,128.0
2026-07-30 20:30:00,52454.0,52484.0,52417.0,52437.0,460.0
2026-07-30 20:35:00,52438.0,52440.0,52405.0,52422.0,334.0
2026-07-30 20:40:00,52421.0,52446.0,52412.0,52443.0,451.0
2026-07-30 20:45:00,52443.0,52451.0,52435.0,52440.0,291.0
2026-07-30 20:50:00,52443.0,52452.0,52432.0,52442.0,407.0
2026-07-30 20:55:00,52442.0,52446.0,52417.0,52427.0,196.0
2026-07-30 22:00:00,52395.0,52422.0,52375.0,52414.0,0.0
2026-07-30 22:05:00,52421.0,52425.0,52405.0,52414.0,65.0
2026-07-30 22:10:00,52416.0,52418.0,52389.0,52402.0,30.0
2026-07-30 22:15:00,52407.0,52424.0,52404.0,52411.0,101.0
2026-07-30 22:20:00,52413.0,52416.0,52399.0,52401.0,61.0
2026-07-30 22:25:00,52403.0,52417.0,52401.0,52414.0,80.0
2026-07-30 22:30:00,52417.0,52432.0,52414.0,52430.0,63.0
2026-07-30 22:35:00,52432.0,52452.0,52432.0,52451.0,55.0
2026-07-30 22:40:00,52451.0,52458.0,52444.0,52458.0,48.0
2026-07-30 22:45:00,52458.0,52467.0,52458.0,52467.0,21.0
2026-07-30 22:50:00,52463.0,52471.0,52461.0,52470.0,34.0
2026-07-30 22:55:00,52472.0,52480.0,52470.0,52477.0,26.0
2026-07-30 23:00:00,52481.0,52500.0,52478.0,52500.0,91.0
2026-07-30 23:05:00,52500.0,52504.0,52486.0,52486.0,74.0
2026-07-30 23:10:00,52484.0,52484.0,52468.0,52471.0,39.0
2026-07-30 23:15:00,52471.0,52472.0,52463.0,52470.0,36.0
2026-07-30 23:20:00,52469.0,52471.0,52465.0,52465.0,24.0
2026-07-30 23:25:00,52466.0,52476.0,52466.0,52473.0,25.0
2026-07-30 23:30:00,52473.0,52481.0,52471.0,52476.0,38.0
2026-07-30 23:35:00,52475.0,52481.0,52471.0,52479.0,30.0
2026-07-30 23:40:00,52480.0,52495.0,52477.0,52492.0,167.0
2026-07-30 23:45:00,52489.0,52498.0,52480.0,52497.0,83.0
2026-07-30 23:50:00,52492.0,52494.0,52477.0,52486.0,69.0
2026-07-30 23:55:00,52488.0,52497.0,52479.0,52482.0,54.0
2026-07-31 00:00:00,52482.0,52501.0,52461.0,52501.0,378.0
2026-07-31 00:05:00,52497.0,52512.0,52491.0,52510.0,140.0
2026-07-31 00:10:00,52508.0,52530.0,52500.0,52526.0,153.0
2026-07-31 00:15:00,52525.0,52541.0,52508.0,52528.0,193.0
2026-07-31 00:20:00,52526.0,52526.0,52509.0,52514.0,98.0
2026-07-31 00:25:00,52517.0,52528.0,52515.0,52517.0,59.0
2026-07-31 00:30:00,52518.0,52539.0,52517.0,52527.0,92.0
2026-07-31 00:35:00,52529.0,52539.0,52522.0,52537.0,97.0
2026-07-31 00:40:00,52537.0,52551.0,52532.0,52551.0,96.0
2026-07-31 00:45:00,52551.0,52551.0,52522.0,52522.0,71.0
2026-07-31 00:50:00,52524.0,52529.0,52512.0,52514.0,66.0
2026-07-31 00:55:00,52515.0,52532.0,52514.0,52529.0,64.0
2026-07-31 01:00:00,52530.0,52553.0,52529.0,52551.0,171.0
2026-07-31 01:05:00,52552.0,52561.0,52548.0,52561.0,97.0
2026-07-31 01:10:00,52563.0,52570.0,52556.0,52566.0,108.0
2026-07-31 01:15:00,52567.0,52590.0,52564.0,52577.0,185.0
2026-07-31 01:20:00,52577.0,52580.0,52566.0,52570.0,43.0
2026-07-31 01:25:00,52569.0,52582.0,52566.0,52579.0,112.0
2026-07-31 01:30:00,52575.0,52580.0,52563.0,52580.0,82.0
2026-07-31 01:35:00,52579.0,52579.0,52555.0,52561.0,124.0
2026-07-31 01:40:00,52560.0,52560.0,52548.0,52550.0,89.0
2026-07-31 01:45:00,52551.0,52556.0,52543.0,52551.0,102.0
2026-07-31 01:50:00,52553.0,52566.0,52553.0,52562.0,112.0
2026-07-31 01:55:00,52562.0,52576.0,52560.0,52575.0,57.0
2026-07-31 02:00:00,52575.0,52585.0,52569.0,52570.0,108.0
2026-07-31 02:05:00,52567.0,52594.0,52564.0,52589.0,104.0
2026-07-31 02:10:00,52589.0,52590.0,52578.0,52584.0,40.0
2026-07-31 02:15:00,52583.0,52587.0,52574.0,52580.0,108.0
2026-07-31 02:20:00,52580.0,52580.0,52572.0,52574.0,45.0
2026-07-31 02:25:00,52573.0,52574.0,52560.0,52567.0,46.0
2026-07-31 02:30:00,52564.0,52570.0,52555.0,52555.0,36.0
2026-07-31 02:35:00,52553.0,52559.0,52545.0,52555.0,64.0
2026-07-31 02:40:00,52558.0,52566.0,52557.0,52560.0,35.0
2026-07-31 02:45:00,52566.0,52571.0,52549.0,52551.0,49.0
2026-07-31 02:50:00,52550.0,52565.0,52546.0,52546.0,59.0
2026-07-31 02:55:00,52544.0,52552.0,52540.0,52552.0,31.0
2026-07-31 03:00:00,52553.0,52556.0,52544.0,52556.0,30.0
2026-07-31 03:05:00,52552.0,52552.0,52548.0,52552.0,30.0
2026-07-31 03:10:00,52549.0,52554.0,52528.0,52536.0,71.0
2026-07-31 03:15:00,52539.0,52557.0,52536.0,52557.0,87.0
2026-07-31 03:20:00,52556.0,52564.0,52553.0,52556.0,60.0
2026-07-31 03:25:00,52557.0,52563.0,52552.0,52560.0,46.0
2026-07-31 03:30:00,52561.0,52578.0,52561.0,52575.0,67.0
2026-07-31 03:35:00,52573.0,52577.0,52567.0,52575.0,29.0
2026-07-31 03:40:00,52573.0,52573.0,52565.0,52567.0,39.0
2026-07-31 03:45:00,52568.0,52568.0,52545.0,52546.0,51.0
2026-07-31 03:50:00,52552.0,52575.0,52552.0,52568.0,43.0
2026-07-31 03:55:00,52574.0,52575.0,52569.0,52575.0,23.0
2026-07-31 04:00:00,52570.0,52570.0,52555.0,52565.0,46.0
2026-07-31 04:05:00,52564.0,52580.0,52564.0,52579.0,40.0
2026-07-31 04:10:00,52578.0,52583.0,52576.0,52581.0,53.0
2026-07-31 04:15:00,52576.0,52585.0,52573.0,52585.0,40.0
2026-07-31 04:20:00,52584.0,52594.0,52582.0,52593.0,102.0
2026-07-31 04:25:00,52592.0,52602.0,52590.0,52601.0,183.0
2026-07-31 04:30:00,52601.0,52613.0,52598.0,52611.0,71.0
2026-07-31 04:35:00,52611.0,52624.0,52608.0,52624.0,76.0
2026-07-31 04:40:00,52621.0,52623.0,52615.0,52623.0,50.0
2026-07-31 04:45:00,52623.0,52631.0,52623.0,52626.0,63.0
2026-07-31 04:50:00,52626.0,52630.0,52617.0,52630.0,54.0
2026-07-31 04:55:00,52632.0,52633.0,52628.0,52629.0,32.0
2026-07-31 05:00:00,52630.0,52639.0,52629.0,52630.0,60.0
2026-07-31 05:05:00,52627.0,52629.0,52618.0,52620.0,50.0
2026-07-31 05:10:00,52621.0,52624.0,52616.0,52621.0,63.0
2026-07-31 05:15:00,52625.0,52626.0,52618.0,52623.0,25.0
2026-07-31 05:20:00,52623.0,52623.0,52618.0,52618.0,26.0
2026-07-31 05:25:00,52620.0,52630.0,52618.0,52626.0,45.0
2026-07-31 05:30:00,52628.0,52630.0,52615.0,52617.0,58.0
2026-07-31 05:35:00,52618.0,52627.0,52618.0,52624.0,54.0
2026-07-31 05:40:00,52625.0,52638.0,52618.0,52618.0,66.0
2026-07-31 05:45:00,52615.0,52629.0,52611.0,52626.0,51.0
2026-07-31 05:50:00,52624.0,52625.0,52613.0,52621.0,50.0
2026-07-31 05:55:00,52620.0,52622.0,52608.0,52615.0,60.0
2026-07-31 06:00:00,52613.0,52624.0,52606.0,52611.0,78.0
2026-07-31 06:05:00,52613.0,52620.0,52613.0,52616.0,54.0
2026-07-31 06:10:00,52615.0,52625.0,52612.0,52623.0,76.0
2026-07-31 06:15:00,52626.0,52628.0,52618.0,52622.0,46.0
2026-07-31 06:20:00,52619.0,52619.0,52608.0,52611.0,40.0
2026-07-31 06:25:00,52614.0,52619.0,52609.0,52619.0,39.0
2026-07-31 06:30:00,52619.0,52621.0,52589.0,52590.0,106.0
2026-07-31 06:35:00,52589.0,52602.0,52582.0,52590.0,128.0
2026-07-31 06:40:00,52591.0,52593.0,52572.0,52572.0,105.0
2026-07-31 06:45:00,52573.0,52579.0,52556.0,52562.0,178.0
2026-07-31 06:50:00,52566.0,52581.0,52551.0,52578.0,152.0
2026-07-31 06:55:00,52582.0,52600.0,52580.0,52590.0,94.0
2026-07-31 07:00:00,52591.0,52605.0,52571.0,52605.0,211.0
2026-07-31 07:05:00,52605.0,52644.0,52605.0,52642.0,163.0
2026-07-31 07:10:00,52643.0,52692.0,52642.0,52681.0,287.0
2026-07-31 07:15:00,52685.0,52685.0,52637.0,52670.0,313.0
2026-07-31 07:20:00,52668.0,52672.0,52646.0,52654.0,113.0
2026-07-31 07:25:00,52662.0,52690.0,52661.0,52671.0,154.0
2026-07-31 07:30:00,52672.0,52676.0,52660.0,52660.0,113.0
2026-07-31 07:35:00,52659.0,52675.0,52654.0,52672.0,105.0
2026-07-31 07:40:00,52670.0,52689.0,52666.0,52685.0,98.0
2026-07-31 07:45:00,52688.0,52688.0,52659.0,52666.0,150.0
2026-07-31 07:50:00,52664.0,52669.0,52649.0,52662.0,81.0
2026-07-31 07:55:00,52662.0,52679.0,52659.0,52660.0,102.0
2026-07-31 08:00:00,52659.0,52669.0,52638.0,52660.0,255.0
2026-07-31 08:05:00,52663.0,52669.0,52651.0,52656.0,103.0
2026-07-31 08:10:00,52658.0,52673.0,52654.0,52665.0,125.0
2026-07-31 08:15:00,52670.0,52691.0,52669.0,52690.0,110.0
2026-07-31 08:20:00,52689.0,52692.0,52657.0,52670.0,210.0
2026-07-31 08:25:00,52671.0,52697.0,52671.0,52683.0,164.0
2026-07-31 08:30:00,52673.0,52673.0,52643.0,52665.0,112.0
2026-07-31 08:35:00,52662.0,52673.0,52648.0,52651.0,96.0
2026-07-31 08:40:00,52647.0,52667.0,52647.0,52656.0,143.0
2026-07-31 08:45:00,52658.0,52665.0,52644.0,52652.0,131.0
2026-07-31 08:50:00,52651.0,52664.0,52648.0,52650.0,92.0
2026-07-31 08:55:00,52650.0,52677.0,52650.0,52664.0,144.0
2026-07-31 09:00:00,52666.0,52672.0,52652.0,52652.0,92.0
2026-07-31 09:05:00,52652.0,52666.0,52643.0,52665.0,76.0
2026-07-31 09:10:00,52665.0,52685.0,52663.0,52685.0,103.0
2026-07-31 09:15:00,52683.0,52694.0,52683.0,52683.0,78.0
2026-07-31 09:20:00,52680.0,52688.0,52674.0,52675.0,73.0
2026-07-31 09:25:00,52673.0,52682.0,52670.0,52672.0,71.0
2026-07-31 09:30:00,52673.0,52678.0,52644.0,52648.0,115.0
2026-07-31 09:35:00,52653.0,52653.0,52617.0,52625.0,152.0
2026-07-31 09:40:00,52626.0,52646.0,52619.0,52637.0,202.0
2026-07-31 09:45:00,52636.0,52644.0,52626.0,52636.0,48.0
2026-07-31 09:50:00,52636.0,52654.0,52636.0,52647.0,82.0
2026-07-31 09:55:00,52643.0,52652.0,52634.0,52641.0,59.0
2026-07-31 10:00:00,52640.0,52642.0,52620.0,52626.0,87.0
2026-07-31 10:05:00,52628.0,52636.0,52620.0,52628.0,58.0
2026-07-31 10:10:00,52626.0,52643.0,52626.0,52643.0,44.0
2026-07-31 10:15:00,52641.0,52679.0,52641.0,52676.0,154.0
2026-07-31 10:20:00,52681.0,52696.0,52668.0,52668.0,67.0
2026-07-31 10:25:00,52667.0,52678.0,52666.0,52671.0,43.0
2026-07-31 10:30:00,52668.0,52710.0,52665.0,52707.0,275.0
2026-07-31 10:35:00,52707.0,52715.0,52690.0,52710.0,165.0
2026-07-31 10:40:00,52711.0,52720.0,52698.0,52714.0,128.0
2026-07-31 10:45:00,52716.0,52723.0,52700.0,52710.0,79.0
2026-07-31 10:50:00,52709.0,52733.0,52707.0,52728.0,104.0
2026-07-31 10:55:00,52727.0,52742.0,52715.0,52725.0,180.0
2026-07-31 11:00:00,52726.0,52727.0,52693.0,52712.0,257.0
2026-07-31 11:05:00,52714.0,52714.0,52699.0,52702.0,112.0
2026-07-31 11:10:00,52701.0,52701.0,52683.0,52683.0,114.0
2026-07-31 11:15:00,52684.0,52687.0,52636.0,52668.0,293.0
2026-07-31 11:20:00,52670.0,52677.0,52653.0,52661.0,143.0
2026-07-31 11:25:00,52660.0,52662.0,52643.0,52644.0,203.0
2026-07-31 11:30:00,52642.0,52653.0,52610.0,52619.0,479.0
2026-07-31 11:35:00,52620.0,52639.0,52608.0,52609.0,131.0
2026-07-31 11:40:00,52609.0,52617.0,52594.0,52612.0,166.0
2026-07-31 11:45:00,52609.0,52635.0,52606.0,52627.0,205.0
2026-07-31 11:50:00,52625.0,52665.0,52625.0,52656.0,109.0
2026-07-31 11:55:00,52661.0,52673.0,52651.0,52662.0,100.0
2026-07-31 12:00:00,52662.0,52664.0,52620.0,52624.0,236.0
2026-07-31 12:05:00,52629.0,52638.0,52617.0,52623.0,120.0
2026-07-31 12:10:00,52626.0,52636.0,52616.0,52625.0,222.0
2026-07-31 12:15:00,52624.0,52637.0,52620.0,52626.0,146.0
2026-07-31 12:20:00,52626.0,52640.0,52600.0,52640.0,265.0
2026-07-31 12:25:00,52640.0,52643.0,52629.0,52629.0,204.0
2026-07-31 12:30:00,52630.0,52635.0,52584.0,52586.0,250.0
2026-07-31 12:35:00,52586.0,52586.0,52539.0,52541.0,482.0
2026-07-31 12:40:00,52542.0,52566.0,52532.0,52557.0,174.0
2026-07-31 12:45:00,52559.0,52567.0,52537.0,52544.0,157.0
2026-07-31 12:50:00,52541.0,52574.0,52528.0,52569.0,208.0
2026-07-31 12:55:00,52569.0,52569.0,52530.0,52552.0,189.0
2026-07-31 13:00:00,52553.0,52589.0,52540.0,52568.0,211.0
2026-07-31 13:05:00,52568.0,52584.0,52549.0,52581.0,234.0
2026-07-31 13:10:00,52583.0,52595.0,52566.0,52574.0,165.0
2026-07-31 13:15:00,52577.0,52595.0,52575.0,52594.0,165.0
2026-07-31 13:20:00,52598.0,52652.0,52595.0,52649.0,381.0
2026-07-31 13:25:00,52647.0,52650.0,52577.0,52615.0,890.0
2026-07-31 13:30:00,52616.0,52646.0,52522.0,52548.0,3968.0
2026-07-31 13:35:00,52549.0,52572.0,52468.0,52468.0,2229.0
2026-07-31 13:40:00,52465.0,52513.0,52414.0,52489.0,1619.0
2026-07-31 13:45:00,52492.0,52504.0,52375.0,52378.0,2734.0
2026-07-31 13:50:00,52378.0,52398.0,52345.0,52369.0,2588.0
2026-07-31 13:55:00,52368.0,52398.0,52339.0,52341.0,1467.0
2026-07-31 14:00:00,52339.0,52356.0,52253.0,52260.0,1544.0
2026-07-31 14:05:00,52259.0,52280.0,52146.0,52206.0,2258.0
2026-07-31 14:10:00,52202.0,52213.0,52137.0,52178.0,1641.0
2026-07-31 14:15:00,52176.0,52209.0,52124.0,52143.0,1964.0
2026-07-31 14:20:00,52140.0,52248.0,52133.0,52228.0,1443.0
2026-07-31 14:25:00,52227.0,52308.0,52222.0,52304.0,1320.0
2026-07-31 14:30:00,52302.0,52333.0,52269.0,52294.0,993.0
2026-07-31 14:35:00,52291.0,52332.0,52287.0,52329.0,642.0
2026-07-31 14:40:00,52331.0,52360.0,52298.0,52348.0,936.0
2026-07-31 14:45:00,52347.0,52395.0,52343.0,52375.0,1037.0
2026-07-31 14:50:00,52376.0,52445.0,52367.0,52395.0,1295.0
2026-07-31 14:55:00,52397.0,52442.0,52370.0,52434.0,896.0
2026-07-31 15:00:00,52433.0,52441.0,52394.0,52436.0,611.0
2026-07-31 15:05:00,52437.0,52459.0,52376.0,52405.0,808.0
2026-07-31 15:10:00,52406.0,52482.0,52396.0,52464.0,866.0
2026-07-31 15:15:00,52465.0,52502.0,52413.0,52439.0,1417.0
2026-07-31 15:20:00,52439.0,52454.0,52397.0,52403.0,706.0
2026-07-31 15:25:00,52400.0,52420.0,52373.0,52388.0,742.0
2026-07-31 15:30:00,52387.0,52407.0,52357.0,52404.0,926.0
2026-07-31 15:35:00,52407.0,52492.0,52396.0,52476.0,827.0
2026-07-31 15:40:00,52479.0,52504.0,52428.0,52469.0,641.0
2026-07-31 15:45:00,52473.0,52486.0,52437.0,52447.0,603.0
2026-07-31 15:50:00,52449.0,52529.0,52441.0,52501.0,747.0
2026-07-31 15:55:00,52498.0,52549.0,52495.0,52537.0,561.0
2026-07-31 16:00:00,52534.0,52553.0,52512.0,52538.0,525.0
2026-07-31 16:05:00,52538.0,52544.0,52490.0,52514.0,583.0
2026-07-31 16:10:00,52513.0,52567.0,52513.0,52552.0,527.0
2026-07-31 16:15:00,52553.0,52555.0,52513.0,52539.0,379.0
2026-07-31 16:20:00,52539.0,52600.0,52535.0,52590.0,496.0
2026-07-31 16:25:00,52592.0,52592.0,52540.0,52571.0,411.0
2026-07-31 16:30:00,52573.0,52604.0,52569.0,52604.0,397.0
2026-07-31 16:35:00,52603.0,52613.0,52568.0,52577.0,427.0
2026-07-31 16:40:00,52579.0,52598.0,52569.0,52579.0,399.0
2026-07-31 16:45:00,52576.0,52605.0,52569.0,52587.0,365.0
2026-07-31 16:50:00,52587.0,52611.0,52578.0,52592.0,311.0
2026-07-31 16:55:00,52597.0,52598.0,52574.0,52576.0,288.0
2026-07-31 17:00:00,52575.0,52604.0,52568.0,52588.0,336.0
2026-07-31 17:05:00,52587.0,52606.0,52560.0,52581.0,347.0
2026-07-31 17:10:00,52581.0,52618.0,52575.0,52614.0,257.0
2026-07-31 17:15:00,52613.0,52622.0,52608.0,52619.0,217.0
2026-07-31 17:20:00,52620.0,52663.0,52610.0,52656.0,516.0
2026-07-31 17:25:00,52657.0,52676.0,52649.0,52667.0,608.0
2026-07-31 17:30:00,52667.0,52667.0,52653.0,52658.0,372.0
2026-07-31 17:35:00,52657.0,52670.0,52634.0,52636.0,413.0
2026-07-31 17:40:00,52635.0,52646.0,52624.0,52639.0,277.0
2026-07-31 17:45:00,52641.0,52658.0,52605.0,52607.0,454.0
2026-07-31 17:50:00,52609.0,52633.0,52601.0,52622.0,262.0
2026-07-31 17:55:00,52622.0,52634.0,52613.0,52616.0,161.0
2026-07-31 18:00:00,52617.0,52652.0,52609.0,52636.0,430.0
2026-07-31 18:05:00,52636.0,52665.0,52621.0,52662.0,248.0
2026-07-31 18:10:00,52663.0,52675.0,52657.0,52662.0,321.0
2026-07-31 18:15:00,52659.0,52684.0,52655.0,52672.0,246.0
2026-07-31 18:20:00,52673.0,52691.0,52668.0,52684.0,331.0
2026-07-31 18:25:00,52687.0,52689.0,52665.0,52678.0,198.0
2026-07-31 18:30:00,52680.0,52686.0,52662.0,52663.0,243.0
2026-07-31 18:35:00,52663.0,52672.0,52650.0,52654.0,370.0
2026-07-31 18:40:00,52652.0,52674.0,52645.0,52669.0,288.0
2026-07-31 18:45:00,52669.0,52678.0,52660.0,52675.0,238.0
2026-07-31 18:50:00,52677.0,52684.0,52664.0,52666.0,282.0
2026-07-31 18:55:00,52668.0,52672.0,52653.0,52662.0,303.0
2026-07-31 19:00:00,52667.0,52681.0,52633.0,52635.0,321.0
2026-07-31 19:05:00,52637.0,52672.0,52630.0,52664.0,248.0
2026-07-31 19:10:00,52661.0,52685.0,52660.0,52673.0,223.0
2026-07-31 19:15:00,52674.0,52724.0,52668.0,52720.0,547.0
2026-07-31 19:20:00,52719.0,52747.0,52711.0,52724.0,638.0
2026-07-31 19:25:00,52725.0,52738.0,52703.0,52704.0,571.0
2026-07-31 19:30:00,52703.0,52703.0,52665.0,52669.0,631.0
2026-07-31 19:35:00,52669.0,52727.0,52668.0,52723.0,534.0
2026-07-31 19:40:00,52721.0,52759.0,52716.0,52759.0,522.0
2026-07-31 19:45:00,52757.0,52769.0,52739.0,52758.0,734.0
2026-07-31 19:50:00,52756.0,52772.0,52713.0,52729.0,1412.0
2026-07-31 19:55:00,52731.0,52733.0,52616.0,52635.0,4374.0
2026-07-31 20:00:00,52637.0,52685.0,52637.0,52671.0,1230.0
2026-07-31 20:05:00,52668.0,52686.0,52656.0,52678.0,193.0
2026-07-31 20:10:00,52677.0,52682.0,52669.0,52677.0,222.0
2026-07-31 20:15:00,52671.0,52674.0,52659.0,52659.0,107.0
2026-07-31 20:20:00,52658.0,52658.0,52650.0,52655.0,72.0
2026-07-31 20:25:00,52652.0,52659.0,52645.0,52653.0,43.0
2026-07-31 20:30:00,52648.0,52650.0,52637.0,52647.0,112.0
2026-07-31 20:35:00,52646.0,52648.0,52640.0,52645.0,108.0
2026-07-31 20:40:00,52643.0,52645.0,52628.0,52631.0,100.0
2026-07-31 20:45:00,52632.0,52634.0,52624.0,52630.0,108.0
2026-07-31 20:50:00,52633.0,52633.0,52536.0,52568.0,392.0
2026-07-31 20:55:00,52569.0,52635.0,52494.0,52635.0,221.0
2026-08-02 22:10:00,52835.0,52855.0,52832.0,52845.0,97.0
2026-08-02 22:15:00,52840.0,52844.0,52817.0,52817.0,109.0
2026-08-02 22:20:00,52822.0,52858.0,52822.0,52839.0,112.0
2026-08-02 22:25:00,52845.0,52859.0,52831.0,52843.0,80.0
2026-08-02 22:30:00,52844.0,52846.0,52832.0,52837.0,45.0
2026-08-02 22:35:00,52836.0,52851.0,52835.0,52847.0,93.0
2026-08-02 22:40:00,52846.0,52846.0,52824.0,52826.0,87.0
2026-08-02 22:45:00,52825.0,52827.0,52816.0,52816.0,27.0
2026-08-02 22:50:00,52820.0,52820.0,52805.0,52810.0,53.0
2026-08-02 22:55:00,52811.0,52811.0,52787.0,52789.0,45.0
2026-08-02 23:00:00,52797.0,52818.0,52795.0,52813.0,88.0
2026-08-02 23:05:00,52813.0,52813.0,52791.0,52793.0,70.0
2026-08-02 23:10:00,52791.0,52794.0,52785.0,52794.0,35.0
2026-08-02 23:15:00,52792.0,52798.0,52792.0,52797.0,13.0
2026-08-02 23:20:00,52796.0,52809.0,52792.0,52809.0,38.0
2026-08-02 23:25:00,52809.0,52815.0,52808.0,52809.0,29.0
2026-08-02 23:30:00,52809.0,52830.0,52809.0,52821.0,78.0
2026-08-02 23:35:00,52819.0,52820.0,52810.0,52810.0,40.0
2026-08-02 23:40:00,52806.0,52813.0,52800.0,52811.0,39.0
2026-08-02 23:45:00,52812.0,52822.0,52793.0,52815.0,53.0
2026-08-02 23:50:00,52815.0,52837.0,52806.0,52806.0,80.0
2026-08-02 23:55:00,52809.0,52816.0,52799.0,52816.0,49.0
2026-08-03 00:00:00,52812.0,52816.0,52777.0,52792.0,270.0
2026-08-03 00:05:00,52788.0,52822.0,52785.0,52811.0,98.0
2026-08-03 00:10:00,52811.0,52823.0,52803.0,52819.0,123.0
2026-08-03 00:15:00,52820.0,52838.0,52816.0,52827.0,114.0
2026-08-03 00:20:00,52827.0,52829.0,52815.0,52821.0,73.0
2026-08-03 00:25:00,52819.0,52832.0,52814.0,52818.0,74.0
2026-08-03 00:30:00,52817.0,52837.0,52817.0,52835.0,99.0
2026-08-03 00:35:00,52839.0,52843.0,52833.0,52839.0,62.0
2026-08-03 00:40:00,52840.0,52851.0,52822.0,52835.0,101.0
2026-08-03 00:45:00,52833.0,52837.0,52827.0,52829.0,40.0
2026-08-03 00:50:00,52829.0,52844.0,52818.0,52836.0,82.0
2026-08-03 00:55:00,52839.0,52845.0,52839.0,52841.0,43.0
2026-08-03 01:00:00,52843.0,52859.0,52833.0,52856.0,119.0
2026-08-03 01:05:00,52855.0,52873.0,52848.0,52853.0,111.0
2026-08-03 01:10:00,52851.0,52851.0,52832.0,52836.0,62.0
2026-08-03 01:15:00,52835.0,52839.0,52823.0,52839.0,67.0
2026-08-03 01:20:00,52837.0,52855.0,52835.0,52852.0,44.0
2026-08-03 01:25:00,52853.0,52870.0,52850.0,52870.0,72.0
2026-08-03 01:30:00,52870.0,52870.0,52858.0,52860.0,30.0
2026-08-03 01:35:00,52858.0,52866.0,52858.0,52863.0,55.0
2026-08-03 01:40:00,52865.0,52880.0,52865.0,52876.0,60.0
2026-08-03 01:45:00,52876.0,52890.0,52871.0,52872.0,99.0
2026-08-03 01:50:00,52873.0,52877.0,52865.0,52872.0,68.0
2026-08-03 01:55:00,52874.0,52878.0,52870.0,52870.0,46.0
2026-08-03 02:00:00,52869.0,52877.0,52867.0,52875.0,43.0
2026-08-03 02:05:00,52872.0,52875.0,52868.0,52871.0,54.0
2026-08-03 02:10:00,52872.0,52879.0,52868.0,52875.0,39.0
2026-08-03 02:15:00,52871.0,52885.0,52871.0,52885.0,72.0
2026-08-03 02:20:00,52885.0,52890.0,52881.0,52881.0,49.0
2026-08-03 02:25:00,52882.0,52882.0,52866.0,52867.0,72.0
2026-08-03 02:30:00,52867.0,52873.0,52858.0,52873.0,43.0
2026-08-03 02:35:00,52875.0,52877.0,52872.0,52876.0,33.0
2026-08-03 02:40:00,52875.0,52881.0,52875.0,52876.0,36.0
2026-08-03 02:45:00,52877.0,52883.0,52877.0,52883.0,26.0
2026-08-03 02:50:00,52880.0,52888.0,52878.0,52886.0,21.0
2026-08-03 02:55:00,52886.0,52893.0,52886.0,52889.0,50.0
2026-08-03 03:00:00,52889.0,52895.0,52885.0,52888.0,43.0
2026-08-03 03:05:00,52889.0,52892.0,52887.0,52887.0,22.0
2026-08-03 03:10:00,52886.0,52893.0,52886.0,52893.0,25.0
2026-08-03 03:15:00,52892.0,52899.0,52892.0,52894.0,43.0
2026-08-03 03:20:00,52897.0,52897.0,52879.0,52879.0,47.0
2026-08-03 03:25:00,52880.0,52881.0,52875.0,52875.0,38.0
2026-08-03 03:30:00,52877.0,52885.0,52873.0,52883.0,41.0
2026-08-03 03:35:00,52885.0,52904.0,52884.0,52901.0,57.0
2026-08-03 03:40:00,52902.0,52912.0,52902.0,52907.0,47.0
2026-08-03 03:45:00,52908.0,52912.0,52902.0,52907.0,32.0
2026-08-03 03:50:00,52906.0,52920.0,52906.0,52917.0,72.0
2026-08-03 03:55:00,52914.0,52915.0,52904.0,52906.0,16.0
2026-08-03 04:00:00,52905.0,52909.0,52900.0,52904.0,21.0
2026-08-03 04:05:00,52903.0,52917.0,52903.0,52917.0,35.0
2026-08-03 04:10:00,52917.0,52918.0,52914.0,52914.0,9.0
2026-08-03 04:15:00,52915.0,52926.0,52915.0,52921.0,18.0
2026-08-03 04:20:00,52921.0,52928.0,52920.0,52928.0,16.0
2026-08-03 04:25:00,52927.0,52929.0,52923.0,52928.0,38.0
2026-08-03 04:30:00,52928.0,52930.0,52921.0,52921.0,29.0
2026-08-03 04:35:00,52922.0,52924.0,52918.0,52920.0,47.0
2026-08-03 04:40:00,52920.0,52924.0,52915.0,52924.0,21.0
2026-08-03 04:45:00,52927.0,52941.0,52926.0,52937.0,42.0
2026-08-03 04:50:00,52936.0,52937.0,52928.0,52928.0,29.0
2026-08-03 04:55:00,52928.0,52928.0,52920.0,52922.0,152.0
2026-08-03 05:00:00,52920.0,52931.0,52920.0,52925.0,200.0
2026-08-03 05:05:00,52923.0,52924.0,52917.0,52919.0,31.0
2026-08-03 05:10:00,52926.0,52935.0,52926.0,52933.0,25.0
2026-08-03 05:15:00,52929.0,52929.0,52923.0,52923.0,27.0
2026-08-03 05:20:00,52928.0,52928.0,52924.0,52926.0,12.0
2026-08-03 05:25:00,52926.0,52932.0,52923.0,52923.0,37.0
2026-08-03 05:30:00,52922.0,52925.0,52920.0,52920.0,25.0
2026-08-03 05:35:00,52917.0,52919.0,52913.0,52914.0,24.0
2026-08-03 05:40:00,52914.0,52920.0,52914.0,52920.0,49.0
2026-08-03 05:45:00,52921.0,52921.0,52917.0,52918.0,8.0
2026-08-03 05:50:00,52918.0,52918.0,52904.0,52906.0,45.0
2026-08-03 05:55:00,52906.0,52916.0,52906.0,52914.0,23.0
2026-08-03 06:00:00,52912.0,52931.0,52910.0,52929.0,106.0
2026-08-03 06:05:00,52936.0,52942.0,52925.0,52931.0,59.0
2026-08-03 06:10:00,52934.0,52939.0,52921.0,52921.0,56.0
2026-08-03 06:15:00,52922.0,52922.0,52911.0,52911.0,50.0
2026-08-03 06:20:00,52910.0,52911.0,52902.0,52906.0,68.0
2026-08-03 06:25:00,52904.0,52904.0,52882.0,52891.0,91.0
2026-08-03 06:30:00,52893.0,52910.0,52890.0,52905.0,61.0
2026-08-03 06:35:00,52899.0,52899.0,52885.0,52897.0,42.0
2026-08-03 06:40:00,52894.0,52900.0,52888.0,52896.0,42.0
2026-08-03 06:45:00,52893.0,52899.0,52887.0,52892.0,54.0
2026-08-03 06:50:00,52894.0,52903.0,52893.0,52903.0,54.0
2026-08-03 06:55:00,52902.0,52903.0,52887.0,52889.0,109.0
2026-08-03 07:00:00,52892.0,52913.0,52866.0,52895.0,262.0
2026-08-03 07:05:00,52896.0,52928.0,52896.0,52910.0,153.0
2026-08-03 07:10:00,52904.0,52919.0,52901.0,52916.0,82.0
2026-08-03 07:15:00,52917.0,52927.0,52847.0,52870.0,291.0
2026-08-03 07:20:00,52869.0,52905.0,52866.0,52898.0,108.0
2026-08-03 07:25:00,52898.0,52908.0,52891.0,52908.0,88.0
2026-08-03 07:30:00,52899.0,52917.0,52896.0,52917.0,106.0
2026-08-03 07:35:00,52915.0,52934.0,52899.0,52904.0,76.0
2026-08-03 07:40:00,52905.0,52905.0,52887.0,52890.0,61.0
2026-08-03 07:45:00,52891.0,52923.0,52891.0,52922.0,64.0
2026-08-03 07:50:00,52916.0,52934.0,52914.0,52933.0,84.0
2026-08-03 07:55:00,52934.0,52957.0,52932.0,52954.0,139.0
2026-08-03 08:00:00,52953.0,52953.0,52919.0,52934.0,143.0
2026-08-03 08:05:00,52930.0,52940.0,52924.0,52935.0,39.0
2026-08-03 08:10:00,52931.0,52948.0,52921.0,52947.0,75.0
2026-08-03 08:15:00,52949.0,52949.0,52927.0,52938.0,103.0
2026-08-03 08:20:00,52939.0,52945.0,52927.0,52933.0,126.0
2026-08-03 08:25:00,52935.0,52949.0,52925.0,52949.0,131.0
2026-08-03 08:30:00,52950.0,52951.0,52926.0,52938.0,101.0
2026-08-03 08:35:00,52941.0,52984.0,52936.0,52976.0,184.0
2026-08-03 08:40:00,52976.0,52984.0,52965.0,52970.0,93.0
2026-08-03 08:45:00,52969.0,52979.0,52959.0,52967.0,45.0
2026-08-03 08:50:00,52972.0,52972.0,52956.0,52958.0,92.0
2026-08-03 08:55:00,52959.0,52992.0,52959.0,52989.0,155.0
2026-08-03 09:00:00,52993.0,52999.0,52976.0,52980.0,237.0
2026-08-03 09:05:00,52975.0,52985.0,52972.0,52985.0,93.0
2026-08-03 09:10:00,52986.0,52988.0,52962.0,52970.0,95.0
2026-08-03 09:15:00,52968.0,52972.0,52949.0,52965.0,102.0
2026-08-03 09:20:00,52969.0,52970.0,52964.0,52964.0,26.0
2026-08-03 09:25:00,52965.0,52972.0,52957.0,52964.0,47.0
2026-08-03 09:30:00,52967.0,52990.0,52967.0,52983.0,43.0
2026-08-03 09:35:00,52987.0,53006.0,52980.0,52980.0,94.0
2026-08-03 09:40:00,52983.0,52998.0,52982.0,52985.0,63.0
2026-08-03 09:45:00,52988.0,53001.0,52987.0,52989.0,63.0
2026-08-03 09:50:00,52989.0,52989.0,52974.0,52982.0,67.0
2026-08-03 09:55:00,52984.0,52989.0,52975.0,52976.0,50.0
2026-08-03 10:00:00,52976.0,52980.0,52964.0,52980.0,87.0
2026-08-03 10:05:00,52985.0,53003.0,52982.0,52997.0,65.0
2026-08-03 10:10:00,52999.0,53041.0,52999.0,53019.0,340.0
2026-08-03 10:15:00,53019.0,53036.0,53019.0,53028.0,124.0
2026-08-03 10:20:00,53028.0,53054.0,53021.0,53054.0,138.0
2026-08-03 10:25:00,53055.0,53065.0,53039.0,53045.0,173.0
2026-08-03 10:30:00,53046.0,53051.0,53030.0,53037.0,95.0
2026-08-03 10:35:00,53039.0,53068.0,53032.0,53065.0,133.0
2026-08-03 10:40:00,53067.0,53078.0,53055.0,53064.0,201.0
2026-08-03 10:45:00,53064.0,53069.0,53044.0,53048.0,104.0
2026-08-03 10:50:00,53048.0,53055.0,53039.0,53046.0,65.0
2026-08-03 10:55:00,53047.0,53061.0,53046.0,53058.0,65.0
2026-08-03 11:00:00,53059.0,53087.0,53050.0,53072.0,336.0
2026-08-03 11:05:00,53073.0,53095.0,53064.0,53087.0,185.0
2026-08-03 11:10:00,53090.0,53122.0,53088.0,53105.0,386.0
2026-08-03 11:15:00,53106.0,53140.0,53101.0,53139.0,242.0
2026-08-03 11:20:00,53139.0,53154.0,53115.0,53121.0,241.0
2026-08-03 11:25:00,53124.0,53153.0,53122.0,53151.0,203.0
2026-08-03 11:30:00,53153.0,53193.0,53150.0,53191.0,557.0
2026-08-03 11:35:00,53192.0,53198.0,53166.0,53170.0,265.0
2026-08-03 11:40:00,53170.0,53189.0,53163.0,53189.0,268.0
2026-08-03 11:45:00,53191.0,53204.0,53181.0,53195.0,202.0
2026-08-03 11:50:00,53197.0,53197.0,53160.0,53160.0,355.0
2026-08-03 11:55:00,53161.0,53172.0,53145.0,53171.0,224.0
2026-08-03 12:00:00,53172.0,53185.0,53152.0,53183.0,253.0
2026-08-03 12:05:00,53184.0,53185.0,53162.0,53173.0,210.0
2026-08-03 12:10:00,53173.0,53173.0,53147.0,53167.0,380.0
2026-08-03 12:15:00,53168.0,53193.0,53168.0,53193.0,207.0
2026-08-03 12:20:00,53195.0,53215.0,53181.0,53183.0,426.0
2026-08-03 12:25:00,53185.0,53204.0,53184.0,53197.0,297.0
2026-08-03 12:30:00,53197.0,53227.0,53192.0,53227.0,339.0
2026-08-03 12:35:00,53226.0,53253.0,53215.0,53253.0,432.0
2026-08-03 12:40:00,53254.0,53261.0,53235.0,53254.0,379.0
2026-08-03 12:45:00,53257.0,53279.0,53252.0,53270.0,427.0
2026-08-03 12:50:00,53270.0,53291.0,53267.0,53286.0,333.0
2026-08-03 12:55:00,53287.0,53321.0,53280.0,53304.0,786.0
2026-08-03 13:00:00,53306.0,53335.0,53299.0,53316.0,437.0
2026-08-03 13:05:00,53317.0,53326.0,53303.0,53309.0,262.0
2026-08-03 13:10:00,53306.0,53328.0,53295.0,53297.0,333.0
2026-08-03 13:15:00,53295.0,53307.0,53275.0,53305.0,397.0
2026-08-03 13:20:00,53304.0,53322.0,53285.0,53301.0,480.0
2026-08-03 13:25:00,53299.0,53299.0,53155.0,53168.0,1372.0
2026-08-03 13:30:00,53171.0,53312.0,53123.0,53240.0,5405.0
2026-08-03 13:35:00,53242.0,53318.0,53240.0,53294.0,2718.0
2026-08-03 13:40:00,53292.0,53296.0,53184.0,53192.0,2100.0
2026-08-03 13:45:00,53195.0,53252.0,53175.0,53216.0,2189.0
2026-08-03 13:50:00,53217.0,53306.0,53195.0,53274.0,2014.0
2026-08-03 13:55:00,53270.0,53294.0,53263.0,53273.0,1035.0
2026-08-03 14:00:00,53269.0,53377.0,53257.0,53350.0,2320.0
2026-08-03 14:05:00,53349.0,53357.0,53308.0,53325.0,1467.0
2026-08-03 14:10:00,53329.0,53351.0,53299.0,53346.0,863.0
2026-08-03 14:15:00,53346.0,53363.0,53304.0,53311.0,861.0
2026-08-03 14:20:00,53312.0,53317.0,53259.0,53284.0,1153.0
2026-08-03 14:25:00,53281.0,53300.0,53260.0,53264.0,798.0
2026-08-03 14:30:00,53264.0,53269.0,53213.0,53225.0,1029.0
2026-08-03 14:35:00,53224.0,53232.0,53198.0,53223.0,793.0
2026-08-03 14:40:00,53222.0,53253.0,53219.0,53251.0,959.0
2026-08-03 14:45:00,53253.0,53256.0,53208.0,53217.0,692.0
2026-08-03 14:50:00,53216.0,53242.0,53186.0,53202.0,1378.0
2026-08-03 14:55:00,53206.0,53250.0,53195.0,53202.0,886.0
2026-08-03 15:00:00,53200.0,53225.0,53170.0,53184.0,696.0
2026-08-03 15:05:00,53185.0,53185.0,53142.0,53157.0,820.0
2026-08-03 15:10:00,53158.0,53179.0,53147.0,53176.0,605.0
2026-08-03 15:15:00,53176.0,53204.0,53166.0,53201.0,598.0
2026-08-03 15:20:00,53202.0,53206.0,53174.0,53181.0,557.0
2026-08-03 15:25:00,53183.0,53196.0,53135.0,53182.0,1156.0
2026-08-03 15:30:00,53183.0,53191.0,53157.0,53163.0,478.0
2026-08-03 15:35:00,53162.0,53206.0,53157.0,53189.0,578.0
2026-08-03 15:40:00,53189.0,53214.0,53176.0,53178.0,656.0
2026-08-03 15:45:00,53179.0,53213.0,53177.0,53204.0,665.0
2026-08-03 15:50:00,53205.0,53219.0,53185.0,53196.0,489.0
2026-08-03 15:55:00,53195.0,53195.0,53162.0,53173.0,494.0
2026-08-03 16:00:00,53173.0,53184.0,53144.0,53150.0,513.0
2026-08-03 16:05:00,53152.0,53172.0,53144.0,53168.0,519.0
2026-08-03 16:10:00,53171.0,53171.0,53145.0,53164.0,378.0
2026-08-03 16:15:00,53166.0,53174.0,53144.0,53150.0,327.0
2026-08-03 16:20:00,53152.0,53159.0,53128.0,53158.0,450.0
2026-08-03 16:25:00,53159.0,53179.0,53148.0,53177.0,590.0
2026-08-03 16:30:00,53177.0,53179.0,53154.0,53156.0,536.0
2026-08-03 16:35:00,53154.0,53161.0,53132.0,53146.0,427.0
2026-08-03 16:40:00,53147.0,53158.0,53125.0,53134.0,336.0
2026-08-03 16:45:00,53135.0,53139.0,53119.0,53130.0,463.0
2026-08-03 16:50:00,53129.0,53131.0,53089.0,53091.0,807.0
2026-08-03 16:55:00,53091.0,53122.0,53086.0,53114.0,492.0
2026-08-03 17:00:00,53114.0,53119.0,53091.0,53102.0,273.0
2026-08-03 17:05:00,53106.0,53110.0,53078.0,53097.0,320.0
2026-08-03 17:10:00,53097.0,53121.0,53094.0,53118.0,262.0
2026-08-03 17:15:00,53119.0,53133.0,53116.0,53133.0,259.0
2026-08-03 17:20:00,53132.0,53155.0,53130.0,53138.0,336.0
2026-08-03 17:25:00,53141.0,53147.0,53128.0,53138.0,264.0
2026-08-03 17:30:00,53140.0,53182.0,53137.0,53182.0,301.0
2026-08-03 17:35:00,53180.0,53207.0,53177.0,53207.0,403.0
2026-08-03 17:40:00,53208.0,53226.0,53201.0,53219.0,359.0
2026-08-03 17:45:00,53217.0,53238.0,53217.0,53234.0,404.0
2026-08-03 17:50:00,53236.0,53241.0,53223.0,53239.0,265.0
2026-08-03 17:55:00,53240.0,53249.0,53216.0,53231.0,398.0
2026-08-03 18:00:00,53231.0,53262.0,53226.0,53260.0,469.0
2026-08-03 18:05:00,53259.0,53294.0,53256.0,53294.0,905.0
2026-08-03 18:10:00,53294.0,53296.0,53257.0,53268.0,442.0
2026-08-03 18:15:00,53270.0,53282.0,53260.0,53264.0,335.0
2026-08-03 18:20:00,53263.0,53283.0,53251.0,53272.0,311.0
2026-08-03 18:25:00,53271.0,53279.0,53259.0,53275.0,340.0
2026-08-03 18:30:00,53279.0,53289.0,53237.0,53254.0,462.0
2026-08-03 18:35:00,53257.0,53285.0,53256.0,53281.0,376.0
2026-08-03 18:40:00,53280.0,53304.0,53276.0,53302.0,486.0
2026-08-03 18:45:00,53300.0,53306.0,53284.0,53300.0,320.0
2026-08-03 18:50:00,53301.0,53305.0,53286.0,53295.0,314.0
2026-08-03 18:55:00,53296.0,53312.0,53279.0,53281.0,299.0
2026-08-03 19:00:00,53283.0,53319.0,53283.0,53315.0,458.0
2026-08-03 19:05:00,53315.0,53316.0,53280.0,53295.0,584.0
2026-08-03 19:10:00,53299.0,53321.0,53297.0,53319.0,251.0
2026-08-03 19:15:00,53319.0,53331.0,53305.0,53307.0,380.0
2026-08-03 19:20:00,53310.0,53336.0,53308.0,53335.0,592.0
2026-08-03 19:25:00,53334.0,53350.0,53324.0,53335.0,602.0
2026-08-03 19:30:00,53335.0,53350.0,53330.0,53346.0,692.0
2026-08-03 19:35:00,53346.0,53352.0,53308.0,53332.0,598.0
2026-08-03 19:40:00,53331.0,53342.0,53318.0,53336.0,742.0
2026-08-03 19:45:00,53336.0,53362.0,53332.0,53354.0,1054.0
2026-08-03 19:50:00,53354.0,53368.0,53328.0,53339.0,1394.0
2026-08-03 19:55:00,53341.0,53376.0,53324.0,53333.0,3445.0
2026-08-03 20:00:00,53335.0,53390.0,53332.0,53390.0,993.0
2026-08-03 20:05:00,53389.0,53412.0,53383.0,53403.0,446.0
2026-08-03 20:10:00,53401.0,53414.0,53393.0,53407.0,276.0
2026-08-03 20:15:00,53407.0,53407.0,53386.0,53394.0,171.0
2026-08-03 20:20:00,53395.0,53402.0,53389.0,53389.0,84.0
2026-08-03 20:25:00,53386.0,53390.0,53384.0,53387.0,86.0
2026-08-03 20:30:00,53387.0,53395.0,53387.0,53393.0,152.0
2026-08-03 20:35:00,53395.0,53406.0,53394.0,53398.0,120.0
2026-08-03 20:40:00,53397.0,53410.0,53397.0,53398.0,67.0
2026-08-03 20:45:00,53397.0,53404.0,53388.0,53391.0,83.0
2026-08-03 20:50:00,53392.0,53401.0,53388.0,53388.0,119.0
2026-08-03 20:55:00,53391.0,53401.0,53385.0,53392.0,139.0
2026-08-03 22:00:00,53381.0,53398.0,53370.0,53392.0,0.0
2026-08-03 22:05:00,53393.0,53416.0,53393.0,53411.0,61.0
2026-08-03 22:10:00,53409.0,53413.0,53401.0,53401.0,49.0
2026-08-03 22:15:00,53402.0,53412.0,53401.0,53411.0,26.0
2026-08-03 22:20:00,53408.0,53413.0,53403.0,53411.0,23.0
2026-08-03 22:25:00,53410.0,53412.0,53408.0,53412.0,22.0
2026-08-03 22:30:00,53411.0,53422.0,53411.0,53418.0,39.0
2026-08-03 22:35:00,53415.0,53427.0,53409.0,53409.0,55.0
2026-08-03 22:40:00,53421.0,53429.0,53421.0,53428.0,16.0
2026-08-03 22:45:00,53423.0,53432.0,53414.0,53430.0,42.0
2026-08-03 22:50:00,53432.0,53445.0,53424.0,53432.0,60.0
2026-08-03 22:55:00,53434.0,53434.0,53424.0,53424.0,67.0
2026-08-03 23:00:00,53429.0,53433.0,53424.0,53429.0,74.0
2026-08-03 23:05:00,53431.0,53436.0,53418.0,53418.0,73.0
2026-08-03 23:10:00,53419.0,53420.0,53414.0,53419.0,23.0
2026-08-03 23:15:00,53418.0,53418.0,53409.0,53412.0,40.0
2026-08-03 23:20:00,53412.0,53417.0,53407.0,53407.0,18.0
2026-08-03 23:25:00,53406.0,53410.0,53403.0,53408.0,29.0
2026-08-03 23:30:00,53402.0,53416.0,53402.0,53416.0,31.0
2026-08-03 23:35:00,53414.0,53414.0,53403.0,53405.0,14.0
2026-08-03 23:40:00,53401.0,53407.0,53399.0,53405.0,28.0
2026-08-03 23:45:00,53404.0,53418.0,53404.0,53414.0,38.0
2026-08-03 23:50:00,53413.0,53420.0,53405.0,53405.0,37.0
2026-08-03 23:55:00,53406.0,53411.0,53401.0,53405.0,27.0
2026-08-04 00:00:00,53406.0,53424.0,53393.0,53411.0,165.0
2026-08-04 00:05:00,53408.0,53430.0,53407.0,53423.0,130.0
2026-08-04 00:10:00,53427.0,53432.0,53412.0,53429.0,105.0
2026-08-04 00:15:00,53430.0,53436.0,53419.0,53420.0,128.0
2026-08-04 00:20:00,53421.0,53435.0,53419.0,53431.0,52.0
2026-08-04 00:25:00,53429.0,53442.0,53418.0,53423.0,92.0
2026-08-04 00:30:00,53425.0,53438.0,53424.0,53433.0,55.0
2026-08-04 00:35:00,53434.0,53465.0,53427.0,53460.0,147.0
2026-08-04 00:40:00,53461.0,53463.0,53450.0,53452.0,116.0
2026-08-04 00:45:00,53456.0,53456.0,53442.0,53453.0,69.0
2026-08-04 00:50:00,53450.0,53454.0,53435.0,53441.0,88.0
2026-08-04 00:55:00,53442.0,53445.0,53430.0,53441.0,89.0
2026-08-04 01:00:00,53440.0,53450.0,53437.0,53445.0,139.0
2026-08-04 01:05:00,53442.0,53464.0,53437.0,53463.0,67.0
2026-08-04 01:10:00,53461.0,53471.0,53461.0,53469.0,143.0
2026-08-04 01:15:00,53467.0,53469.0,53457.0,53460.0,75.0
2026-08-04 01:20:00,53462.0,53470.0,53462.0,53470.0,41.0
2026-08-04 01:25:00,53474.0,53475.0,53465.0,53466.0,45.0
2026-08-04 01:30:00,53468.0,53472.0,53452.0,53456.0,75.0
2026-08-04 01:35:00,53455.0,53464.0,53452.0,53459.0,39.0
2026-08-04 01:40:00,53459.0,53470.0,53456.0,53469.0,58.0
2026-08-04 01:45:00,53467.0,53470.0,53460.0,53460.0,61.0
2026-08-04 01:50:00,53460.0,53466.0,53452.0,53461.0,208.0
2026-08-04 01:55:00,53462.0,53466.0,53457.0,53458.0,155.0
2026-08-04 02:00:00,53458.0,53480.0,53458.0,53462.0,111.0
2026-08-04 02:05:00,53462.0,53463.0,53446.0,53450.0,62.0
2026-08-04 02:10:00,53448.0,53463.0,53445.0,53461.0,65.0
2026-08-04 02:15:00,53464.0,53478.0,53464.0,53478.0,164.0
2026-08-04 02:20:00,53479.0,53479.0,53464.0,53474.0,57.0
2026-08-04 02:25:00,53471.0,53476.0,53468.0,53472.0,48.0
2026-08-04 02:30:00,53475.0,53485.0,53468.0,53468.0,64.0
2026-08-04 02:35:00,53470.0,53476.0,53470.0,53474.0,33.0
2026-08-04 02:40:00,53476.0,53480.0,53471.0,53480.0,52.0
2026-08-04 02:45:00,53477.0,53482.0,53474.0,53479.0,40.0
2026-08-04 02:50:00,53479.0,53487.0,53478.0,53486.0,26.0
2026-08-04 02:55:00,53487.0,53489.0,53473.0,53473.0,49.0
2026-08-04 03:00:00,53471.0,53482.0,53469.0,53477.0,28.0
2026-08-04 03:05:00,53478.0,53478.0,53470.0,53474.0,40.0
2026-08-04 03:10:00,53474.0,53475.0,53463.0,53468.0,41.0
2026-08-04 03:15:00,53470.0,53481.0,53470.0,53475.0,39.0
2026-08-04 03:20:00,53475.0,53478.0,53471.0,53478.0,23.0
2026-08-04 03:25:00,53479.0,53485.0,53478.0,53481.0,30.0
2026-08-04 03:30:00,53482.0,53491.0,53481.0,53490.0,35.0
2026-08-04 03:35:00,53488.0,53488.0,53482.0,53487.0,32.0
2026-08-04 03:40:00,53486.0,53486.0,53472.0,53473.0,33.0
2026-08-04 03:45:00,53473.0,53480.0,53469.0,53479.0,28.0
2026-08-04 03:50:00,53479.0,53487.0,53479.0,53480.0,24.0
2026-08-04 03:55:00,53480.0,53482.0,53479.0,53480.0,30.0
2026-08-04 04:00:00,53481.0,53481.0,53475.0,53476.0,27.0
2026-08-04 04:05:00,53476.0,53477.0,53472.0,53477.0,20.0
2026-08-04 04:10:00,53476.0,53476.0,53467.0,53472.0,24.0
2026-08-04 04:15:00,53473.0,53478.0,53473.0,53477.0,18.0
2026-08-04 04:20:00,53476.0,53476.0,53473.0,53473.0,18.0
2026-08-04 04:25:00,53474.0,53476.0,53470.0,53475.0,23.0
2026-08-04 04:30:00,53474.0,53476.0,53473.0,53473.0,20.0
2026-08-04 04:35:00,53473.0,53474.0,53470.0,53473.0,12.0
2026-08-04 04:40:00,53476.0,53480.0,53474.0,53474.0,18.0
2026-08-04 04:45:00,53473.0,53479.0,53473.0,53477.0,11.0
2026-08-04 04:50:00,53475.0,53475.0,53469.0,53471.0,16.0
2026-08-04 04:55:00,53469.0,53469.0,53456.0,53460.0,40.0
2026-08-04 05:00:00,53458.0,53466.0,53453.0,53456.0,169.0
2026-08-04 05:05:00,53458.0,53459.0,53453.0,53457.0,18.0
2026-08-04 05:10:00,53457.0,53457.0,53450.0,53453.0,40.0
2026-08-04 05:15:00,53453.0,53455.0,53452.0,53455.0,36.0
2026-08-04 05:20:00,53454.0,53456.0,53451.0,53453.0,27.0
2026-08-04 05:25:00,53450.0,53453.0,53447.0,53449.0,52.0
2026-08-04 05:30:00,53448.0,53455.0,53447.0,53449.0,36.0
2026-08-04 05:35:00,53448.0,53460.0,53446.0,53457.0,112.0
2026-08-04 05:40:00,53457.0,53466.0,53454.0,53457.0,38.0
2026-08-04 05:45:00,53454.0,53454.0,53450.0,53452.0,19.0
2026-08-04 05:50:00,53451.0,53451.0,53440.0,53440.0,32.0
2026-08-04 05:55:00,53441.0,53446.0,53434.0,53439.0,60.0
2026-08-04 06:00:00,53438.0,53447.0,53430.0,53445.0,170.0
2026-08-04 06:05:00,53444.0,53453.0,53439.0,53452.0,76.0
2026-08-04 06:10:00,53451.0,53474.0,53449.0,53473.0,102.0
2026-08-04 06:15:00,53473.0,53473.0,53454.0,53455.0,63.0
2026-08-04 06:20:00,53452.0,53456.0,53444.0,53444.0,45.0
2026-08-04 06:25:00,53442.0,53448.0,53439.0,53441.0,34.0
2026-08-04 06:30:00,53442.0,53444.0,53433.0,53433.0,70.0
2026-08-04 06:35:00,53431.0,53431.0,53424.0,53425.0,78.0
2026-08-04 06:40:00,53426.0,53426.0,53416.0,53425.0,44.0
2026-08-04 06:45:00,53424.0,53433.0,53424.0,53430.0,51.0
2026-08-04 06:50:00,53428.0,53432.0,53425.0,53430.0,34.0
2026-08-04 06:55:00,53425.0,53427.0,53418.0,53427.0,36.0
2026-08-04 07:00:00,53426.0,53456.0,53419.0,53443.0,209.0
2026-08-04 07:05:00,53442.0,53446.0,53416.0,53420.0,383.0
2026-08-04 07:10:00,53420.0,53432.0,53405.0,53410.0,327.0
2026-08-04 07:15:00,53414.0,53423.0,53413.0,53423.0,77.0
2026-08-04 07:20:00,53423.0,53423.0,53401.0,53402.0,44.0
2026-08-04 07:25:00,53403.0,53418.0,53403.0,53412.0,87.0
2026-08-04 07:30:00,53412.0,53431.0,53407.0,53425.0,124.0
2026-08-04 07:35:00,53425.0,53425.0,53406.0,53410.0,47.0
2026-08-04 07:40:00,53412.0,53416.0,53403.0,53403.0,39.0
2026-08-04 07:45:00,53402.0,53431.0,53397.0,53431.0,73.0
2026-08-04 07:50:00,53430.0,53432.0,53419.0,53421.0,66.0
2026-08-04 07:55:00,53419.0,53425.0,53418.0,53423.0,61.0
2026-08-04 08:00:00,53423.0,53424.0,53401.0,53407.0,242.0
2026-08-04 08:05:00,53404.0,53418.0,53389.0,53399.0,154.0
2026-08-04 08:10:00,53398.0,53415.0,53398.0,53415.0,125.0
2026-08-04 08:15:00,53416.0,53435.0,53413.0,53429.0,75.0
2026-08-04 08:20:00,53430.0,53433.0,53421.0,53432.0,78.0
2026-08-04 08:25:00,53430.0,53434.0,53417.0,53434.0,130.0
2026-08-04 08:30:00,53434.0,53434.0,53394.0,53395.0,319.0
2026-08-04 08:35:00,53394.0,53404.0,53378.0,53404.0,200.0
2026-08-04 08:40:00,53405.0,53405.0,53367.0,53371.0,166.0
2026-08-04 08:45:00,53368.0,53372.0,53353.0,53353.0,325.0
2026-08-04 08:50:00,53355.0,53357.0,53336.0,53344.0,138.0
2026-08-04 08:55:00,53345.0,53366.0,53345.0,53358.0,122.0
2026-08-04 09:00:00,53360.0,53371.0,53357.0,53365.0,101.0
2026-08-04 09:05:00,53363.0,53366.0,53344.0,53359.0,151.0
2026-08-04 09:10:00,53359.0,53369.0,53351.0,53367.0,94.0
2026-08-04 09:15:00,53368.0,53374.0,53360.0,53373.0,69.0
2026-08-04 09:20:00,53372.0,53401.0,53371.0,53384.0,268.0
2026-08-04 09:25:00,53382.0,53389.0,53374.0,53389.0,157.0
2026-08-04 09:30:00,53388.0,53410.0,53387.0,53407.0,115.0
2026-08-04 09:35:00,53410.0,53417.0,53395.0,53410.0,132.0
2026-08-04 09:40:00,53409.0,53409.0,53371.0,53381.0,139.0
2026-08-04 09:45:00,53385.0,53399.0,53370.0,53392.0,313.0
2026-08-04 09:50:00,53388.0,53388.0,53364.0,53364.0,94.0
2026-08-04 09:55:00,53362.0,53404.0,53362.0,53404.0,146.0
2026-08-04 10:00:00,53405.0,53406.0,53387.0,53394.0,106.0
2026-08-04 10:05:00,53393.0,53396.0,53376.0,53376.0,67.0
2026-08-04 10:10:00,53377.0,53380.0,53359.0,53361.0,164.0
2026-08-04 10:15:00,53360.0,53361.0,53342.0,53348.0,103.0
2026-08-04 10:20:00,53349.0,53349.0,53335.0,53339.0,119.0
2026-08-04 10:25:00,53343.0,53372.0,53341.0,53345.0,208.0
2026-08-04 10:30:00,53344.0,53695.0,53267.0,53644.0,3601.0
2026-08-04 10:35:00,53646.0,53654.0,53542.0,53550.0,929.0
2026-08-04 10:40:00,53549.0,53585.0,53490.0,53568.0,703.0
2026-08-04 10:45:00,53567.0,53670.0,53561.0,53620.0,569.0
2026-08-04 10:50:00,53620.0,53661.0,53605.0,53638.0,311.0
2026-08-04 10:55:00,53635.0,53695.0,53635.0,53645.0,574.0
2026-08-04 11:00:00,53642.0,53685.0,53593.0,53662.0,883.0
2026-08-04 11:05:00,53661.0,53720.0,53658.0,53707.0,549.0
2026-08-04 11:10:00,53710.0,53728.0,53684.0,53688.0,352.0
2026-08-04 11:15:00,53682.0,53717.0,53671.0,53716.0,448.0
2026-08-04 11:20:00,53718.0,53749.0,53712.0,53729.0,347.0
2026-08-04 11:25:00,53732.0,53757.0,53722.0,53754.0,482.0
2026-08-04 11:30:00,53754.0,53791.0,53748.0,53786.0,468.0
2026-08-04 11:35:00,53788.0,53810.0,53776.0,53788.0,473.0
2026-08-04 11:40:00,53788.0,53911.0,53774.0,53891.0,1096.0
2026-08-04 11:45:00,53892.0,53926.0,53877.0,53901.0,825.0
2026-08-04 11:50:00,53898.0,53947.0,53875.0,53909.0,757.0
2026-08-04 11:55:00,53910.0,53925.0,53894.0,53910.0,416.0
2026-08-04 12:00:00,53910.0,53940.0,53895.0,53918.0,513.0
2026-08-04 12:05:00,53919.0,53966.0,53904.0,53960.0,610.0
2026-08-04 12:10:00,53959.0,53990.0,53921.0,53928.0,457.0
2026-08-04 12:15:00,53924.0,53961.0,53911.0,53959.0,315.0
2026-08-04 12:20:00,53959.0,53986.0,53950.0,53968.0,476.0
2026-08-04 12:25:00,53971.0,53997.0,53967.0,53985.0,331.0
2026-08-04 12:30:00,53982.0,54002.0,53967.0,53998.0,370.0
2026-08-04 12:35:00,53998.0,54009.0,53980.0,53994.0,383.0
2026-08-04 12:40:00,53992.0,54030.0,53992.0,54016.0,317.0
2026-08-04 12:45:00,54015.0,54015.0,53972.0,53980.0,278.0
2026-08-04 12:50:00,53979.0,53998.0,53976.0,53987.0,174.0
2026-08-04 12:55:00,53991.0,53991.0,53947.0,53949.0,188.0
2026-08-04 13:00:00,53947.0,53955.0,53909.0,53917.0,446.0
2026-08-04 13:05:00,53920.0,53985.0,53920.0,53964.0,305.0
2026-08-04 13:10:00,53960.0,54026.0,53958.0,54008.0,351.0
2026-08-04 13:15:00,54010.0,54020.0,53992.0,54009.0,220.0
2026-08-04 13:20:00,54008.0,54085.0,54000.0,54043.0,889.0
2026-08-04 13:25:00,54039.0,54082.0,53997.0,54006.0,917.0
2026-08-04 13:30:00,54001.0,54120.0,53965.0,54021.0,5404.0
2026-08-04 13:35:00,54021.0,54056.0,53978.0,54002.0,2754.0
2026-08-04 13:40:00,54003.0,54003.0,53883.0,53900.0,2903.0
2026-08-04 13:45:00,53902.0,53922.0,53804.0,53856.0,2626.0
2026-08-04 13:50:00,53855.0,53892.0,53844.0,53860.0,1890.0
2026-08-04 13:55:00,53863.0,53867.0,53806.0,53857.0,1488.0
2026-08-04 14:00:00,53866.0,53950.0,53845.0,53901.0,1571.0
2026-08-04 14:05:00,53905.0,53959.0,53897.0,53935.0,1434.0
2026-08-04 14:10:00,53934.0,53957.0,53914.0,53956.0,1174.0
2026-08-04 14:15:00,53955.0,54066.0,53949.0,54038.0,1521.0
2026-08-04 14:20:00,54040.0,54046.0,53948.0,53952.0,1906.0
2026-08-04 14:25:00,53956.0,53968.0,53860.0,53864.0,1279.0
2026-08-04 14:30:00,53865.0,53956.0,53856.0,53952.0,1023.0
2026-08-04 14:35:00,53953.0,54039.0,53938.0,54001.0,1449.0
2026-08-04 14:40:00,54000.0,54039.0,53992.0,54035.0,638.0
2026-08-04 14:45:00,54036.0,54096.0,54027.0,54083.0,1004.0
2026-08-04 14:50:00,54084.0,54110.0,54082.0,54088.0,1171.0
2026-08-04 14:55:00,54086.0,54158.0,54085.0,54130.0,1279.0
2026-08-04 15:00:00,54130.0,54144.0,54110.0,54133.0,977.0
2026-08-04 15:05:00,54133.0,54148.0,54095.0,54126.0,896.0
2026-08-04 15:10:00,54125.0,54131.0,54089.0,54094.0,603.0
2026-08-04 15:15:00,54096.0,54145.0,54096.0,54137.0,772.0
2026-08-04 15:20:00,54138.0,54151.0,54095.0,54148.0,522.0
2026-08-04 15:25:00,54148.0,54158.0,54112.0,54113.0,637.0
2026-08-04 15:30:00,54113.0,54135.0,54089.0,54090.0,732.0
2026-08-04 15:35:00,54092.0,54154.0,54081.0,54136.0,1296.0
2026-08-04 15:40:00,54134.0,54196.0,54126.0,54190.0,1067.0
2026-08-04 15:45:00,54188.0,54240.0,54182.0,54231.0,872.0
2026-08-04 15:50:00,54231.0,54256.0,54186.0,54198.0,1087.0
2026-08-04 15:55:00,54198.0,54235.0,54192.0,54192.0,533.0
2026-08-04 16:00:00,54191.0,54232.0,54190.0,54219.0,604.0
2026-08-04 16:05:00,54222.0,54235.0,54195.0,54208.0,490.0
2026-08-04 16:10:00,54207.0,54222.0,54195.0,54202.0,393.0
2026-08-04 16:15:00,54201.0,54229.0,54201.0,54219.0,371.0
2026-08-04 16:20:00,54219.0,54278.0,54213.0,54269.0,682.0
2026-08-04 16:25:00,54270.0,54276.0,54251.0,54264.0,346.0
2026-08-04 16:30:00,54263.0,54279.0,54250.0,54272.0,338.0
2026-08-04 16:35:00,54272.0,54282.0,54248.0,54270.0,325.0
2026-08-04 16:40:00,54273.0,54306.0,54273.0,54305.0,494.0
2026-08-04 16:45:00,54305.0,54319.0,54297.0,54304.0,586.0
2026-08-04 16:50:00,54304.0,54308.0,54277.0,54290.0,350.0
2026-08-04 16:55:00,54288.0,54298.0,54264.0,54298.0,523.0
2026-08-04 17:00:00,54298.0,54341.0,54292.0,54323.0,769.0
2026-08-04 17:05:00,54326.0,54342.0,54298.0,54322.0,523.0
2026-08-04 17:10:00,54323.0,54346.0,54318.0,54346.0,432.0
2026-08-04 17:15:00,54348.0,54376.0,54346.0,54348.0,572.0
2026-08-04 17:20:00,54348.0,54350.0,54303.0,54321.0,582.0
2026-08-04 17:25:00,54321.0,54330.0,54312.0,54318.0,423.0
2026-08-04 17:30:00,54318.0,54345.0,54302.0,54344.0,604.0
2026-08-04 17:35:00,54342.0,54370.0,54341.0,54359.0,521.0
2026-08-04 17:40:00,54361.0,54383.0,54360.0,54375.0,561.0
2026-08-04 17:45:00,54375.0,54423.0,54370.0,54400.0,777.0
2026-08-04 17:50:00,54398.0,54398.0,54326.0,54345.0,965.0
2026-08-04 17:55:00,54345.0,54358.0,54328.0,54328.0,434.0
2026-08-04 18:00:00,54329.0,54348.0,54294.0,54297.0,817.0
2026-08-04 18:05:00,54298.0,54347.0,54297.0,54333.0,531.0
2026-08-04 18:10:00,54335.0,54347.0,54321.0,54344.0,343.0
2026-08-04 18:15:00,54344.0,54355.0,54325.0,54326.0,384.0
2026-08-04 18:20:00,54325.0,54351.0,54321.0,54326.0,533.0
2026-08-04 18:25:00,54328.0,54340.0,54317.0,54340.0,283.0
2026-08-04 18:30:00,54339.0,54343.0,54312.0,54314.0,328.0
2026-08-04 18:35:00,54313.0,54328.0,54302.0,54309.0,393.0
2026-08-04 18:40:00,54307.0,54311.0,54284.0,54308.0,475.0
2026-08-04 18:45:00,54308.0,54325.0,54302.0,54302.0,385.0
2026-08-04 18:50:00,54301.0,54323.0,54300.0,54302.0,385.0
2026-08-04 18:55:00,54304.0,54327.0,54299.0,54326.0,368.0
2026-08-04 19:00:00,54327.0,54387.0,54327.0,54376.0,789.0
2026-08-04 19:05:00,54378.0,54382.0,54356.0,54375.0,435.0
2026-08-04 19:10:00,54373.0,54376.0,54339.0,54357.0,374.0
2026-08-04 19:15:00,54357.0,54364.0,54344.0,54354.0,357.0
2026-08-04 19:20:00,54355.0,54365.0,54338.0,54351.0,435.0
2026-08-04 19:25:00,54350.0,54357.0,54324.0,54332.0,740.0
2026-08-04 19:30:00,54332.0,54360.0,54320.0,54359.0,481.0
2026-08-04 19:35:00,54360.0,54380.0,54337.0,54365.0,694.0
2026-08-04 19:40:00,54367.0,54380.0,54359.0,54375.0,536.0
2026-08-04 19:45:00,54374.0,54377.0,54342.0,54354.0,842.0
2026-08-04 19:50:00,54355.0,54360.0,54299.0,54302.0,1730.0
2026-08-04 19:55:00,54303.0,54332.0,54237.0,54253.0,5219.0
2026-08-04 20:00:00,54253.0,54388.0,54248.0,54324.0,1768.0
2026-08-04 20:05:00,54319.0,54358.0,54319.0,54340.0,392.0
2026-08-04 20:10:00,54342.0,54342.0,54326.0,54330.0,298.0
2026-08-04 20:15:00,54329.0,54364.0,54300.0,54346.0,563.0
2026-08-04 20:20:00,54346.0,54350.0,54327.0,54342.0,197.0
2026-08-04 20:25:00,54344.0,54345.0,54310.0,54318.0,296.0
2026-08-04 20:30:00,54318.0,54350.0,54318.0,54348.0,107.0
2026-08-04 20:35:00,54349.0,54366.0,54348.0,54349.0,114.0
2026-08-04 20:40:00,54349.0,54375.0,54349.0,54363.0,79.0
2026-08-04 20:45:00,54365.0,54374.0,54355.0,54364.0,130.0
2026-08-04 20:50:00,54366.0,54384.0,54363.0,54378.0,76.0
2026-08-04 20:55:00,54373.0,54383.0,54365.0,54372.0,133.0
2026-08-04 22:00:00,54369.0,54369.0,54343.0,54346.0,0.0
2026-08-04 22:05:00,54348.0,54365.0,54348.0,54352.0,16.0
2026-08-04 22:10:00,54361.0,54362.0,54355.0,54358.0,10.0
2026-08-04 22:15:00,54360.0,54372.0,54360.0,54369.0,17.0
2026-08-04 22:20:00,54371.0,54375.0,54361.0,54363.0,21.0
2026-08-04 22:25:00,54368.0,54377.0,54363.0,54372.0,29.0
2026-08-04 22:30:00,54374.0,54384.0,54372.0,54381.0,38.0
2026-08-04 22:35:00,54382.0,54387.0,54379.0,54382.0,34.0
2026-08-04 22:40:00,54381.0,54382.0,54376.0,54376.0,44.0
2026-08-04 22:45:00,54379.0,54383.0,54367.0,54375.0,40.0
2026-08-04 22:50:00,54372.0,54376.0,54366.0,54370.0,11.0
2026-08-04 22:55:00,54375.0,54379.0,54375.0,54377.0,7.0
2026-08-04 23:00:00,54379.0,54385.0,54374.0,54383.0,38.0
2026-08-04 23:05:00,54384.0,54385.0,54382.0,54385.0,19.0
2026-08-04 23:10:00,54383.0,54383.0,54374.0,54379.0,35.0
2026-08-04 23:15:00,54379.0,54379.0,54377.0,54379.0,33.0
2026-08-04 23:20:00,54379.0,54379.0,54370.0,54371.0,10.0
2026-08-04 23:25:00,54370.0,54370.0,54361.0,54361.0,35.0
2026-08-04 23:30:00,54360.0,54360.0,54353.0,54354.0,43.0
2026-08-04 23:35:00,54352.0,54354.0,54347.0,54354.0,34.0
2026-08-04 23:40:00,54353.0,54365.0,54342.0,54354.0,116.0
2026-08-04 23:45:00,54358.0,54359.0,54348.0,54355.0,37.0
2026-08-04 23:50:00,54357.0,54364.0,54350.0,54353.0,35.0
2026-08-04 23:55:00,54354.0,54360.0,54347.0,54350.0,35.0
2026-08-05 00:00:00,54351.0,54363.0,54345.0,54361.0,103.0
2026-08-05 00:05:00,54359.0,54376.0,54357.0,54362.0,73.0
2026-08-05 00:10:00,54362.0,54367.0,54355.0,54363.0,42.0
2026-08-05 00:15:00,54360.0,54369.0,54355.0,54368.0,61.0
2026-08-05 00:20:00,54369.0,54392.0,54366.0,54385.0,77.0
2026-08-05 00:25:00,54384.0,54387.0,54379.0,54384.0,42.0
2026-08-05 00:30:00,54384.0,54389.0,54376.0,54379.0,68.0
2026-08-05 00:35:00,54378.0,54378.0,54363.0,54366.0,58.0
2026-08-05 00:40:00,54365.0,54367.0,54356.0,54356.0,73.0
2026-08-05 00:45:00,54356.0,54365.0,54354.0,54362.0,41.0
2026-08-05 00:50:00,54362.0,54384.0,54358.0,54383.0,47.0
2026-08-05 00:55:00,54383.0,54398.0,54382.0,54398.0,67.0
2026-08-05 01:00:00,54397.0,54397.0,54364.0,54364.0,136.0
2026-08-05 01:05:00,54366.0,54381.0,54366.0,54381.0,42.0
2026-08-05 01:10:00,54381.0,54383.0,54375.0,54378.0,34.0
2026-08-05 01:15:00,54378.0,54379.0,54363.0,54366.0,84.0
2026-08-05 01:20:00,54360.0,54367.0,54359.0,54364.0,67.0
2026-08-05 01:25:00,54365.0,54369.0,54361.0,54361.0,30.0
2026-08-05 01:30:00,54364.0,54376.0,54363.0,54375.0,26.0
2026-08-05 01:35:00,54375.0,54397.0,54375.0,54397.0,48.0
2026-08-05 01:40:00,54395.0,54395.0,54385.0,54386.0,29.0
2026-08-05 01:45:00,54385.0,54387.0,54375.0,54387.0,137.0
2026-08-05 01:50:00,54388.0,54388.0,54379.0,54383.0,32.0
2026-08-05 01:55:00,54384.0,54400.0,54381.0,54390.0,110.0
2026-08-05 02:00:00,54393.0,54408.0,54387.0,54390.0,287.0
2026-08-05 02:05:00,54390.0,54413.0,54389.0,54410.0,59.0
2026-08-05 02:10:00,54409.0,54424.0,54408.0,54416.0,77.0
2026-08-05 02:15:00,54417.0,54429.0,54414.0,54427.0,65.0
2026-08-05 02:20:00,54427.0,54454.0,54426.0,54439.0,318.0
2026-08-05 02:25:00,54439.0,54446.0,54439.0,54445.0,85.0
2026-08-05 02:30:00,54442.0,54455.0,54438.0,54448.0,74.0
2026-08-05 02:35:00,54448.0,54452.0,54444.0,54446.0,54.0
2026-08-05 02:40:00,54448.0,54452.0,54447.0,54452.0,45.0
2026-08-05 02:45:00,54454.0,54463.0,54453.0,54462.0,79.0
2026-08-05 02:50:00,54460.0,54460.0,54443.0,54449.0,95.0
2026-08-05 02:55:00,54448.0,54449.0,54445.0,54446.0,30.0
2026-08-05 03:00:00,54447.0,54455.0,54446.0,54455.0,65.0
2026-08-05 03:05:00,54456.0,54464.0,54452.0,54458.0,65.0
2026-08-05 03:10:00,54458.0,54470.0,54458.0,54462.0,50.0
2026-08-05 03:15:00,54463.0,54467.0,54459.0,54461.0,45.0
2026-08-05 03:20:00,54457.0,54463.0,54446.0,54446.0,44.0
2026-08-05 03:25:00,54446.0,54449.0,54440.0,54445.0,69.0
2026-08-05 03:30:00,54443.0,54449.0,54437.0,54447.0,22.0
2026-08-05 03:35:00,54454.0,54481.0,54454.0,54475.0,68.0
2026-08-05 03:40:00,54475.0,54482.0,54468.0,54481.0,92.0
2026-08-05 03:45:00,54477.0,54487.0,54475.0,54481.0,64.0
2026-08-05 03:50:00,54483.0,54491.0,54481.0,54484.0,100.0
2026-08-05 03:55:00,54486.0,54493.0,54484.0,54492.0,103.0
2026-08-05 04:00:00,54489.0,54501.0,54487.0,54492.0,123.0
2026-08-05 04:05:00,54493.0,54495.0,54490.0,54495.0,69.0
2026-08-05 04:10:00,54494.0,54496.0,54483.0,54485.0,93.0
2026-08-05 04:15:00,54481.0,54481.0,54471.0,54472.0,67.0
2026-08-05 04:20:00,54473.0,54473.0,54462.0,54466.0,111.0
2026-08-05 04:25:00,54468.0,54485.0,54459.0,54470.0,109.0
2026-08-05 04:30:00,54467.0,54477.0,54466.0,54468.0,27.0
2026-08-05 04:35:00,54471.0,54482.0,54471.0,54472.0,25.0
2026-08-05 04:40:00,54471.0,54473.0,54462.0,54468.0,72.0
2026-08-05 04:45:00,54469.0,54470.0,54462.0,54467.0,29.0
2026-08-05 04:50:00,54466.0,54467.0,54462.0,54464.0,28.0
2026-08-05 04:55:00,54465.0,54467.0,54460.0,54460.0,49.0
2026-08-05 05:00:00,54458.0,54465.0,54451.0,54454.0,77.0
2026-08-05 05:05:00,54456.0,54475.0,54456.0,54472.0,48.0
2026-08-05 05:10:00,54473.0,54475.0,54470.0,54472.0,37.0
2026-08-05 05:15:00,54472.0,54481.0,54471.0,54478.0,75.0
2026-08-05 05:20:00,54482.0,54482.0,54478.0,54479.0,32.0
2026-08-05 05:25:00,54478.0,54484.0,54475.0,54475.0,60.0
2026-08-05 05:30:00,54476.0,54498.0,54476.0,54490.0,134.0
2026-08-05 05:35:00,54490.0,54498.0,54488.0,54488.0,37.0
2026-08-05 05:40:00,54488.0,54495.0,54484.0,54495.0,26.0
2026-08-05 05:45:00,54494.0,54496.0,54490.0,54494.0,39.0
2026-08-05 05:50:00,54492.0,54494.0,54486.0,54494.0,105.0
2026-08-05 05:55:00,54495.0,54499.0,54474.0,54474.0,46.0
2026-08-05 06:00:00,54476.0,54477.0,54458.0,54463.0,150.0
2026-08-05 06:05:00,54460.0,54468.0,54454.0,54461.0,75.0
2026-08-05 06:10:00,54456.0,54460.0,54448.0,54455.0,46.0
2026-08-05 06:15:00,54451.0,54452.0,54437.0,54446.0,191.0
2026-08-05 06:20:00,54442.0,54443.0,54428.0,54430.0,71.0
2026-08-05 06:25:00,54431.0,54432.0,54413.0,54421.0,90.0
2026-08-05 06:30:00,54419.0,54435.0,54412.0,54431.0,75.0
2026-08-05 06:35:00,54430.0,54440.0,54430.0,54433.0,51.0
2026-08-05 06:40:00,54432.0,54437.0,54431.0,54432.0,20.0
2026-08-05 06:45:00,54433.0,54435.0,54425.0,54431.0,40.0
2026-08-05 06:50:00,54432.0,54437.0,54417.0,54418.0,61.0
2026-08-05 06:55:00,54420.0,54438.0,54420.0,54438.0,56.0
2026-08-05 07:00:00,54439.0,54440.0,54409.0,54411.0,282.0
2026-08-05 07:05:00,54414.0,54430.0,54414.0,54422.0,103.0
2026-08-05 07:10:00,54424.0,54424.0,54391.0,54399.0,149.0
2026-08-05 07:15:00,54402.0,54415.0,54395.0,54401.0,93.0
2026-08-05 07:20:00,54395.0,54395.0,54382.0,54386.0,89.0
2026-08-05 07:25:00,54386.0,54390.0,54377.0,54377.0,180.0
2026-08-05 07:30:00,54379.0,54385.0,54365.0,54365.0,122.0
2026-08-05 07:35:00,54363.0,54385.0,54357.0,54385.0,86.0
2026-08-05 07:40:00,54383.0,54400.0,54382.0,54395.0,104.0
2026-08-05 07:45:00,54394.0,54396.0,54378.0,54388.0,59.0
2026-08-05 07:50:00,54383.0,54390.0,54374.0,54374.0,32.0
2026-08-05 07:55:00,54382.0,54405.0,54382.0,54405.0,36.0
2026-08-05 08:00:00,54406.0,54427.0,54404.0,54420.0,161.0
2026-08-05 08:05:00,54418.0,54425.0,54415.0,54418.0,23.0
2026-08-05 08:10:00,54392.0,54408.0,54376.0,54382.0,206.0
2026-08-05 08:15:00,54378.0,54401.0,54378.0,54395.0,76.0
2026-08-05 08:20:00,54398.0,54399.0,54363.0,54373.0,130.0
2026-08-05 08:25:00,54373.0,54395.0,54363.0,54392.0,106.0
2026-08-05 08:30:00,54395.0,54395.0,54363.0,54379.0,97.0
2026-08-05 08:35:00,54378.0,54406.0,54376.0,54404.0,102.0
2026-08-05 08:40:00,54402.0,54405.0,54386.0,54392.0,121.0
2026-08-05 08:45:00,54396.0,54397.0,54366.0,54378.0,107.0
2026-08-05 08:50:00,54384.0,54391.0,54380.0,54382.0,55.0
2026-08-05 08:55:00,54383.0,54398.0,54383.0,54394.0,74.0
2026-08-05 09:00:00,54393.0,54403.0,54384.0,54384.0,74.0
2026-08-05 09:05:00,54383.0,54413.0,54382.0,54413.0,40.0
2026-08-05 09:10:00,54409.0,54417.0,54403.0,54406.0,75.0
2026-08-05 09:15:00,54410.0,54412.0,54397.0,54397.0,42.0
2026-08-05 09:20:00,54397.0,54402.0,54389.0,54396.0,61.0
2026-08-05 09:25:00,54396.0,54409.0,54393.0,54409.0,65.0
2026-08-05 09:30:00,54408.0,54415.0,54399.0,54414.0,35.0
2026-08-05 09:35:00,54418.0,54418.0,54393.0,54394.0,44.0
2026-08-05 09:40:00,54395.0,54410.0,54394.0,54410.0,55.0
2026-08-05 09:45:00,54407.0,54424.0,54405.0,54406.0,86.0
2026-08-05 09:50:00,54409.0,54418.0,54409.0,54418.0,26.0
2026-08-05 09:55:00,54419.0,54422.0,54397.0,54398.0,39.0
2026-08-05 10:00:00,54396.0,54407.0,54390.0,54397.0,43.0
2026-08-05 10:05:00,54399.0,54406.0,54397.0,54406.0,37.0
2026-08-05 10:10:00,54406.0,54408.0,54389.0,54406.0,62.0
2026-08-05 10:15:00,54404.0,54411.0,54402.0,54402.0,59.0
2026-08-05 10:20:00,54406.0,54407.0,54394.0,54407.0,51.0
2026-08-05 10:25:00,54406.0,54424.0,54405.0,54423.0,60.0
2026-08-05 10:30:00,54425.0,54450.0,54413.0,54447.0,195.0
2026-08-05 10:35:00,54447.0,54448.0,54420.0,54440.0,84.0
2026-08-05 10:40:00,54440.0,54457.0,54437.0,54446.0,126.0
2026-08-05 10:45:00,54444.0,54475.0,54444.0,54460.0,331.0
2026-08-05 10:50:00,54459.0,54474.0,54453.0,54472.0,79.0
2026-08-05 10:55:00,54471.0,54471.0,54459.0,54462.0,48.0
2026-08-05 11:00:00,54463.0,54469.0,54440.0,54459.0,254.0
2026-08-05 11:05:00,54461.0,54486.0,54457.0,54486.0,118.0
2026-08-05 11:10:00,54486.0,54486.0,54466.0,54476.0,97.0
2026-08-05 11:15:00,54478.0,54491.0,54476.0,54482.0,64.0
2026-08-05 11:20:00,54483.0,54502.0,54483.0,54492.0,246.0
2026-08-05 11:25:00,54493.0,54504.0,54458.0,54459.0,79.0
2026-08-05 11:30:00,54459.0,54479.0,54454.0,54472.0,132.0
2026-08-05 11:35:00,54470.0,54478.0,54464.0,54466.0,67.0
2026-08-05 11:40:00,54468.0,54468.0,54455.0,54458.0,97.0
2026-08-05 11:45:00,54454.0,54457.0,54442.0,54457.0,117.0
2026-08-05 11:50:00,54461.0,54502.0,54459.0,54487.0,115.0
2026-08-05 11:55:00,54490.0,54524.0,54490.0,54508.0,182.0
2026-08-05 12:00:00,54507.0,54541.0,54503.0,54530.0,280.0
2026-08-05 12:05:00,54528.0,54537.0,54502.0,54512.0,160.0
2026-08-05 12:10:00,54511.0,54542.0,54505.0,54521.0,190.0
2026-08-05 12:15:00,54521.0,54545.0,54521.0,54544.0,87.0
2026-08-05 12:20:00,54542.0,54558.0,54524.0,54526.0,210.0
2026-08-05 12:25:00,54527.0,54544.0,54506.0,54512.0,284.0
2026-08-05 12:30:00,54511.0,54516.0,54464.0,54488.0,314.0
2026-08-05 12:35:00,54492.0,54501.0,54478.0,54478.0,152.0
2026-08-05 12:40:00,54481.0,54493.0,54476.0,54487.0,123.0
2026-08-05 12:45:00,54489.0,54502.0,54479.0,54494.0,100.0
2026-08-05 12:50:00,54491.0,54493.0,54476.0,54478.0,45.0
2026-08-05 12:55:00,54476.0,54489.0,54468.0,54477.0,72.0
2026-08-05 13:00:00,54478.0,54501.0,54476.0,54487.0,166.0
2026-08-05 13:05:00,54487.0,54513.0,54486.0,54507.0,140.0
2026-08-05 13:10:00,54510.0,54511.0,54486.0,54504.0,149.0
2026-08-05 13:15:00,54503.0,54510.0,54485.0,54509.0,159.0
2026-08-05 13:20:00,54507.0,54510.0,54466.0,54467.0,173.0
2026-08-05 13:25:00,54465.0,54533.0,54451.0,54523.0,781.0
2026-08-05 13:30:00,54526.0,54694.0,54513.0,54691.0,4694.0
2026-08-05 13:35:00,54691.0,54755.0,54656.0,54732.0,2862.0
2026-08-05 13:40:00,54733.0,54752.0,54698.0,54751.0,1389.0
2026-08-05 13:45:00,54752.0,54765.0,54631.0,54636.0,1404.0
2026-08-05 13:50:00,54637.0,54777.0,54579.0,54777.0,1955.0
2026-08-05 13:55:00,54778.0,54877.0,54769.0,54874.0,1919.0
2026-08-05 14:00:00,54869.0,54875.0,54805.0,54830.0,1598.0
2026-08-05 14:05:00,54832.0,54870.0,54827.0,54847.0,1189.0
2026-08-05 14:10:00,54845.0,54884.0,54824.0,54870.0,870.0
2026-08-05 14:15:00,54868.0,54874.0,54828.0,54829.0,653.0
2026-08-05 14:20:00,54830.0,54845.0,54790.0,54843.0,1165.0
2026-08-05 14:25:00,54848.0,54870.0,54797.0,54804.0,885.0
2026-08-05 14:30:00,54802.0,54878.0,54796.0,54827.0,1064.0
2026-08-05 14:35:00,54825.0,54845.0,54788.0,54813.0,927.0
2026-08-05 14:40:00,54814.0,54842.0,54799.0,54808.0,936.0
2026-08-05 14:45:00,54810.0,54864.0,54798.0,54861.0,769.0
2026-08-05 14:50:00,54861.0,54876.0,54748.0,54769.0,1064.0
2026-08-05 14:55:00,54777.0,54810.0,54743.0,54787.0,640.0
2026-08-05 15:00:00,54785.0,54857.0,54773.0,54847.0,892.0
2026-08-05 15:05:00,54848.0,54857.0,54793.0,54810.0,641.0
2026-08-05 15:10:00,54811.0,54823.0,54746.0,54758.0,603.0
2026-08-05 15:15:00,54754.0,54757.0,54640.0,54694.0,1979.0
2026-08-05 15:20:00,54691.0,54724.0,54680.0,54701.0,511.0
2026-08-05 15:25:00,54700.0,54702.0,54657.0,54676.0,851.0
2026-08-05 15:30:00,54679.0,54722.0,54671.0,54681.0,603.0
2026-08-05 15:35:00,54682.0,54690.0,54645.0,54674.0,416.0
2026-08-05 15:40:00,54679.0,54686.0,54652.0,54686.0,456.0
2026-08-05 15:45:00,54685.0,54690.0,54656.0,54662.0,536.0
2026-08-05 15:50:00,54662.0,54686.0,54650.0,54654.0,649.0
2026-08-05 15:55:00,54655.0,54667.0,54632.0,54641.0,649.0
2026-08-05 16:00:00,54638.0,54676.0,54624.0,54647.0,727.0
2026-08-05 16:05:00,54647.0,54650.0,54617.0,54638.0,727.0
2026-08-05 16:10:00,54638.0,54656.0,54619.0,54645.0,431.0
2026-08-05 16:15:00,54645.0,54677.0,54629.0,54638.0,480.0
2026-08-05 16:20:00,54650.0,54692.0,54647.0,54652.0,726.0
2026-08-05 16:25:00,54655.0,54696.0,54653.0,54689.0,342.0
2026-08-05 16:30:00,54688.0,54699.0,54646.0,54658.0,333.0
2026-08-05 16:35:00,54660.0,54674.0,54642.0,54649.0,249.0
2026-08-05 16:40:00,54649.0,54669.0,54636.0,54661.0,219.0
2026-08-05 16:45:00,54659.0,54662.0,54639.0,54653.0,191.0
2026-08-05 16:50:00,54648.0,54691.0,54647.0,54685.0,322.0
2026-08-05 16:55:00,54687.0,54693.0,54665.0,54676.0,206.0
2026-08-05 17:00:00,54682.0,54697.0,54662.0,54670.0,275.0
2026-08-05 17:05:00,54663.0,54685.0,54658.0,54675.0,287.0
2026-08-05 17:10:00,54675.0,54687.0,54661.0,54672.0,175.0
2026-08-05 17:15:00,54669.0,54687.0,54653.0,54669.0,329.0
2026-08-05 17:20:00,54667.0,54670.0,54644.0,54668.0,180.0
2026-08-05 17:25:00,54669.0,54692.0,54660.0,54666.0,231.0
2026-08-05 17:30:00,54670.0,54707.0,54658.0,54703.0,265.0
2026-08-05 17:35:00,54703.0,54716.0,54695.0,54707.0,251.0
2026-08-05 17:40:00,54707.0,54729.0,54707.0,54717.0,360.0
2026-08-05 17:45:00,54716.0,54728.0,54696.0,54728.0,292.0
2026-08-05 17:50:00,54730.0,54736.0,54710.0,54715.0,227.0
2026-08-05 17:55:00,54714.0,54725.0,54694.0,54696.0,186.0
2026-08-05 18:00:00,54695.0,54715.0,54686.0,54714.0,307.0
2026-08-05 18:05:00,54711.0,54726.0,54688.0,54698.0,328.0
2026-08-05 18:10:00,54704.0,54710.0,54683.0,54688.0,208.0
2026-08-05 18:15:00,54685.0,54702.0,54681.0,54695.0,166.0
2026-08-05 18:20:00,54694.0,54694.0,54673.0,54673.0,252.0
2026-08-05 18:25:00,54679.0,54687.0,54663.0,54668.0,257.0
2026-08-05 18:30:00,54670.0,54670.0,54631.0,54635.0,516.0
2026-08-05 18:35:00,54636.0,54644.0,54626.0,54629.0,256.0
2026-08-05 18:40:00,54628.0,54643.0,54622.0,54639.0,285.0
2026-08-05 18:45:00,54642.0,54662.0,54641.0,54655.0,241.0
2026-08-05 18:50:00,54655.0,54666.0,54638.0,54651.0,241.0
2026-08-05 18:55:00,54656.0,54657.0,54624.0,54628.0,217.0
2026-08-05 19:00:00,54629.0,54637.0,54613.0,54637.0,424.0
2026-08-05 19:05:00,54638.0,54645.0,54623.0,54630.0,322.0
2026-08-05 19:10:00,54633.0,54633.0,54615.0,54621.0,429.0
2026-08-05 19:15:00,54623.0,54628.0,54614.0,54621.0,315.0
2026-08-05 19:20:00,54622.0,54632.0,54608.0,54621.0,362.0
2026-08-05 19:25:00,54620.0,54624.0,54612.0,54618.0,310.0
2026-08-05 19:30:00,54618.0,54625.0,54597.0,54622.0,345.0
2026-08-05 19:35:00,54621.0,54621.0,54587.0,54597.0,545.0
2026-08-05 19:40:00,54596.0,54609.0,54591.0,54606.0,423.0
2026-08-05 19:45:00,54606.0,54617.0,54576.0,54611.0,867.0
2026-08-05 19:50:00,54611.0,54623.0,54595.0,54602.0,769.0
2026-08-05 19:55:00,54604.0,54614.0,54483.0,54486.0,4344.0
2026-08-05 20:00:00,54486.0,54553.0,54480.0,54538.0,1267.0
2026-08-05 20:05:00,54540.0,54578.0,54527.0,54555.0,529.0
2026-08-05 20:10:00,54553.0,54566.0,54546.0,54563.0,294.0
2026-08-05 20:15:00,54564.0,54568.0,54550.0,54553.0,112.0
2026-08-05 20:20:00,54554.0,54574.0,54552.0,54565.0,107.0
2026-08-05 20:25:00,54564.0,54564.0,54546.0,54553.0,91.0
2026-08-05 20:30:00,54553.0,54564.0,54551.0,54564.0,52.0
2026-08-05 20:35:00,54562.0,54564.0,54549.0,54557.0,107.0
2026-08-05 20:40:00,54554.0,54578.0,54553.0,54573.0,110.0
2026-08-05 20:45:00,54573.0,54575.0,54560.0,54560.0,80.0
2026-08-05 20:50:00,54562.0,54577.0,54552.0,54556.0,103.0
2026-08-05 20:55:00,54557.0,54571.0,54547.0,54555.0,80.0
2026-08-05 22:00:00,54555.0,54572.0,54545.0,54563.0,0.0
2026-08-05 22:05:00,54559.0,54560.0,54548.0,54548.0,77.0
2026-08-05 22:10:00,54549.0,54560.0,54549.0,54558.0,27.0
2026-08-05 22:15:00,54560.0,54565.0,54558.0,54562.0,23.0
2026-08-05 22:20:00,54566.0,54580.0,54564.0,54576.0,47.0
2026-08-05 22:25:00,54575.0,54585.0,54574.0,54580.0,35.0
2026-08-05 22:30:00,54579.0,54584.0,54577.0,54582.0,50.0
2026-08-05 22:35:00,54586.0,54590.0,54580.0,54582.0,30.0
2026-08-05 22:40:00,54583.0,54584.0,54572.0,54579.0,34.0
2026-08-05 22:45:00,54580.0,54584.0,54580.0,54581.0,19.0
2026-08-05 22:50:00,54583.0,54593.0,54574.0,54575.0,67.0
2026-08-05 22:55:00,54572.0,54572.0,54562.0,54566.0,57.0
2026-08-05 23:00:00,54569.0,54578.0,54568.0,54576.0,28.0
2026-08-05 23:05:00,54576.0,54580.0,54576.0,54580.0,16.0
2026-08-05 23:10:00,54577.0,54588.0,54575.0,54586.0,24.0
2026-08-05 23:15:00,54584.0,54592.0,54584.0,54589.0,20.0
2026-08-05 23:20:00,54587.0,54591.0,54587.0,54588.0,11.0
2026-08-05 23:25:00,54595.0,54598.0,54590.0,54593.0,51.0
2026-08-05 23:30:00,54595.0,54601.0,54595.0,54597.0,49.0
2026-08-05 23:35:00,54594.0,54599.0,54582.0,54589.0,61.0
2026-08-05 23:40:00,54590.0,54591.0,54587.0,54591.0,11.0
2026-08-05 23:45:00,54590.0,54590.0,54574.0,54574.0,67.0
2026-08-05 23:50:00,54577.0,54588.0,54576.0,54584.0,38.0
2026-08-05 23:55:00,54586.0,54588.0,54579.0,54582.0,41.0
2026-08-06 00:00:00,54584.0,54595.0,54567.0,54588.0,126.0
2026-08-06 00:05:00,54592.0,54594.0,54582.0,54582.0,52.0
2026-08-06 00:10:00,54582.0,54582.0,54568.0,54578.0,83.0
2026-08-06 00:15:00,54581.0,54590.0,54575.0,54582.0,54.0
2026-08-06 00:20:00,54582.0,54585.0,54580.0,54581.0,56.0
2026-08-06 00:25:00,54578.0,54578.0,54563.0,54571.0,56.0
2026-08-06 00:30:00,54571.0,54577.0,54565.0,54577.0,81.0
2026-08-06 00:35:00,54580.0,54585.0,54578.0,54581.0,18.0
2026-08-06 00:40:00,54586.0,54589.0,54578.0,54582.0,36.0
2026-08-06 00:45:00,54584.0,54585.0,54581.0,54583.0,15.0
2026-08-06 00:50:00,54579.0,54584.0,54578.0,54581.0,30.0
2026-08-06 00:55:00,54580.0,54595.0,54579.0,54591.0,42.0
2026-08-06 01:00:00,54590.0,54596.0,54581.0,54583.0,58.0
2026-08-06 01:05:00,54581.0,54583.0,54573.0,54582.0,49.0
2026-08-06 01:10:00,54581.0,54581.0,54571.0,54581.0,35.0
2026-08-06 01:15:00,54580.0,54580.0,54565.0,54572.0,60.0
2026-08-06 01:20:00,54570.0,54570.0,54554.0,54557.0,98.0
2026-08-06 01:25:00,54558.0,54562.0,54548.0,54557.0,98.0
2026-08-06 01:30:00,54559.0,54586.0,54558.0,54570.0,97.0
2026-08-06 01:35:00,54569.0,54578.0,54564.0,54573.0,33.0
2026-08-06 01:40:00,54575.0,54575.0,54558.0,54563.0,41.0
2026-08-06 01:45:00,54562.0,54577.0,54556.0,54576.0,98.0
2026-08-06 01:50:00,54579.0,54581.0,54573.0,54576.0,32.0
2026-08-06 01:55:00,54580.0,54586.0,54580.0,54584.0,25.0
2026-08-06 02:00:00,54585.0,54602.0,54585.0,54602.0,86.0
2026-08-06 02:05:00,54606.0,54624.0,54602.0,54623.0,78.0
2026-08-06 02:10:00,54624.0,54625.0,54603.0,54605.0,45.0
2026-08-06 02:15:00,54606.0,54606.0,54593.0,54593.0,35.0
2026-08-06 02:20:00,54599.0,54601.0,54590.0,54590.0,36.0
2026-08-06 02:25:00,54589.0,54589.0,54576.0,54584.0,44.0
2026-08-06 02:30:00,54583.0,54589.0,54580.0,54585.0,38.0
2026-08-06 02:35:00,54585.0,54587.0,54585.0,54587.0,11.0
2026-08-06 02:40:00,54590.0,54607.0,54590.0,54605.0,35.0
2026-08-06 02:45:00,54609.0,54611.0,54607.0,54611.0,25.0
2026-08-06 02:50:00,54610.0,54610.0,54600.0,54608.0,31.0
2026-08-06 02:55:00,54604.0,54604.0,54598.0,54599.0,22.0
2026-08-06 03:00:00,54599.0,54616.0,54599.0,54616.0,30.0
2026-08-06 03:05:00,54611.0,54615.0,54608.0,54615.0,19.0
2026-08-06 03:10:00,54620.0,54620.0,54613.0,54613.0,12.0
2026-08-06 03:15:00,54611.0,54613.0,54606.0,54608.0,25.0
2026-08-06 03:20:00,54609.0,54609.0,54601.0,54601.0,33.0
2026-08-06 03:25:00,54600.0,54600.0,54593.0,54595.0,30.0
2026-08-06 03:30:00,54599.0,54606.0,54593.0,54606.0,20.0
2026-08-06 03:35:00,54604.0,54614.0,54604.0,54610.0,22.0
2026-08-06 03:40:00,54609.0,54610.0,54607.0,54607.0,12.0
2026-08-06 03:45:00,54610.0,54613.0,54610.0,54610.0,17.0
2026-08-06 03:50:00,54608.0,54608.0,54595.0,54601.0,28.0
2026-08-06 03:55:00,54605.0,54612.0,54605.0,54609.0,13.0
2026-08-06 04:00:00,54610.0,54610.0,54606.0,54606.0,11.0
2026-08-06 04:05:00,54615.0,54618.0,54613.0,54613.0,29.0
2026-08-06 04:10:00,54609.0,54612.0,54607.0,54609.0,24.0
2026-08-06 04:15:00,54606.0,54606.0,54603.0,54606.0,17.0
2026-08-06 04:20:00,54604.0,54614.0,54604.0,54613.0,21.0
2026-08-06 04:25:00,54615.0,54615.0,54609.0,54611.0,13.0
2026-08-06 04:30:00,54612.0,54617.0,54612.0,54613.0,7.0
2026-08-06 04:35:00,54613.0,54613.0,54605.0,54605.0,9.0
2026-08-06 04:40:00,54605.0,54610.0,54605.0,54609.0,12.0
2026-08-06 04:45:00,54610.0,54612.0,54609.0,54612.0,5.0
2026-08-06 04:50:00,54613.0,54619.0,54613.0,54619.0,23.0
2026-08-06 04:55:00,54618.0,54620.0,54613.0,54616.0,31.0
2026-08-06 05:00:00,54617.0,54618.0,54607.0,54613.0,46.0
2026-08-06 05:05:00,54619.0,54625.0,54618.0,54620.0,14.0
2026-08-06 05:10:00,54618.0,54618.0,54614.0,54616.0,15.0
2026-08-06 05:15:00,54615.0,54617.0,54606.0,54612.0,24.0
2026-08-06 05:20:00,54613.0,54622.0,54611.0,54613.0,20.0
2026-08-06 05:25:00,54613.0,54617.0,54612.0,54615.0,16.0
2026-08-06 05:30:00,54615.0,54615.0,54605.0,54606.0,28.0
2026-08-06 05:35:00,54607.0,54612.0,54607.0,54608.0,13.0
2026-08-06 05:40:00,54612.0,54613.0,54601.0,54612.0,30.0
2026-08-06 05:45:00,54613.0,54617.0,54605.0,54608.0,26.0
2026-08-06 05:50:00,54608.0,54619.0,54608.0,54619.0,18.0
2026-08-06 05:55:00,54621.0,54632.0,54621.0,54632.0,26.0
2026-08-06 06:00:00,54635.0,54636.0,54614.0,54622.0,68.0
2026-08-06 06:05:00,54622.0,54625.0,54604.0,54607.0,57.0
2026-08-06 06:10:00,54609.0,54613.0,54578.0,54583.0,46.0
2026-08-06 06:15:00,54584.0,54591.0,54576.0,54591.0,50.0
2026-08-06 06:20:00,54594.0,54605.0,54586.0,54605.0,55.0
2026-08-06 06:25:00,54605.0,54622.0,54605.0,54622.0,79.0
2026-08-06 06:30:00,54621.0,54623.0,54593.0,54610.0,57.0
2026-08-06 06:35:00,54610.0,54615.0,54601.0,54608.0,37.0
2026-08-06 06:40:00,54600.0,54610.0,54593.0,54610.0,29.0
2026-08-06 06:45:00,54613.0,54618.0,54608.0,54618.0,22.0
2026-08-06 06:50:00,54617.0,54622.0,54615.0,54621.0,25.0
2026-08-06 06:55:00,54622.0,54633.0,54621.0,54629.0,37.0
2026-08-06 07:00:00,54631.0,54637.0,54615.0,54625.0,124.0
2026-08-06 07:05:00,54625.0,54650.0,54623.0,54647.0,105.0
2026-08-06 07:10:00,54648.0,54661.0,54647.0,54657.0,92.0
2026-08-06 07:15:00,54655.0,54660.0,54647.0,54649.0,99.0
2026-08-06 07:20:00,54649.0,54650.0,54630.0,54636.0,107.0
2026-08-06 07:25:00,54632.0,54646.0,54625.0,54630.0,81.0
2026-08-06 07:30:00,54631.0,54631.0,54619.0,54622.0,69.0
2026-08-06 07:35:00,54623.0,54625.0,54593.0,54596.0,42.0
2026-08-06 07:40:00,54593.0,54593.0,54593.0,54593.0,149.0
2026-08-06 07:45:00,54591.0,54612.0,54578.0,54609.0,79.0
2026-08-06 07:50:00,54610.0,54627.0,54608.0,54625.0,66.0
2026-08-06 07:55:00,54623.0,54633.0,54618.0,54633.0,63.0
2026-08-06 08:00:00,54633.0,54633.0,54568.0,54582.0,191.0
2026-08-06 08:05:00,54576.0,54615.0,54576.0,54613.0,97.0
2026-08-06 08:10:00,54612.0,54612.0,54585.0,54598.0,91.0
2026-08-06 08:15:00,54597.0,54618.0,54591.0,54617.0,35.0
2026-08-06 08:20:00,54616.0,54616.0,54599.0,54609.0,63.0
2026-08-06 08:25:00,54608.0,54638.0,54608.0,54635.0,108.0
2026-08-06 08:30:00,54637.0,54651.0,54631.0,54645.0,141.0
2026-08-06 08:35:00,54648.0,54655.0,54630.0,54631.0,138.0
2026-08-06 08:40:00,54632.0,54649.0,54632.0,54638.0,77.0
2026-08-06 08:45:00,54640.0,54661.0,54636.0,54651.0,82.0
2026-08-06 08:50:00,54652.0,54662.0,54650.0,54656.0,119.0
2026-08-06 08:55:00,54655.0,54667.0,54649.0,54666.0,129.0
2026-08-06 09:00:00,54666.0,54677.0,54659.0,54666.0,105.0
2026-08-06 09:05:00,54668.0,54674.0,54641.0,54647.0,75.0
2026-08-06 09:10:00,54651.0,54657.0,54645.0,54656.0,345.0
2026-08-06 09:15:00,54653.0,54673.0,54652.0,54673.0,37.0
2026-08-06 09:20:00,54672.0,54678.0,54670.0,54672.0,53.0
2026-08-06 09:25:00,54671.0,54671.0,54652.0,54661.0,34.0
2026-08-06 09:30:00,54664.0,54664.0,54647.0,54650.0,51.0
2026-08-06 09:35:00,54647.0,54650.0,54636.0,54650.0,24.0
2026-08-06 09:40:00,54649.0,54656.0,54642.0,54648.0,16.0
2026-08-06 09:45:00,54647.0,54672.0,54647.0,54669.0,27.0
2026-08-06 09:50:00,54662.0,54670.0,54656.0,54664.0,39.0
2026-08-06 09:55:00,54663.0,54670.0,54660.0,54668.0,41.0
2026-08-06 10:00:00,54667.0,54668.0,54653.0,54658.0,43.0
2026-08-06 10:05:00,54660.0,54660.0,54649.0,54654.0,29.0
2026-08-06 10:10:00,54649.0,54649.0,54643.0,54647.0,30.0
2026-08-06 10:15:00,54643.0,54661.0,54642.0,54661.0,35.0
2026-08-06 10:20:00,54660.0,54660.0,54650.0,54655.0,24.0
2026-08-06 10:25:00,54656.0,54663.0,54647.0,54652.0,35.0
2026-08-06 10:30:00,54647.0,54647.0,54628.0,54628.0,33.0
2026-08-06 10:35:00,54632.0,54633.0,54624.0,54624.0,36.0
2026-08-06 10:40:00,54627.0,54628.0,54614.0,54620.0,66.0
2026-08-06 10:45:00,54619.0,54644.0,54614.0,54636.0,104.0
2026-08-06 10:50:00,54640.0,54646.0,54635.0,54638.0,43.0
2026-08-06 10:55:00,54636.0,54643.0,54635.0,54643.0,31.0
2026-08-06 11:00:00,54637.0,54649.0,54622.0,54622.0,213.0
2026-08-06 11:05:00,54628.0,54629.0,54596.0,54618.0,172.0
2026-08-06 11:10:00,54621.0,54627.0,54609.0,54612.0,55.0
2026-08-06 11:15:00,54617.0,54629.0,54613.0,54629.0,54.0
2026-08-06 11:20:00,54626.0,54631.0,54621.0,54630.0,45.0
2026-08-06 11:25:00,54624.0,54644.0,54622.0,54642.0,60.0
2026-08-06 11:30:00,54643.0,54645.0,54631.0,54633.0,62.0
2026-08-06 11:35:00,54634.0,54635.0,54613.0,54615.0,49.0
2026-08-06 11:40:00,54609.0,54611.0,54583.0,54586.0,96.0
2026-08-06 11:45:00,54580.0,54596.0,54556.0,54573.0,234.0
2026-08-06 11:50:00,54572.0,54572.0,54544.0,54551.0,132.0
2026-08-06 11:55:00,54551.0,54597.0,54551.0,54582.0,114.0
2026-08-06 12:00:00,54583.0,54589.0,54562.0,54580.0,142.0
2026-08-06 12:05:00,54583.0,54601.0,54571.0,54582.0,146.0
2026-08-06 12:10:00,54577.0,54601.0,54577.0,54601.0,146.0
2026-08-06 12:15:00,54604.0,54620.0,54584.0,54590.0,177.0
2026-08-06 12:20:00,54589.0,54628.0,54588.0,54614.0,205.0
2026-08-06 12:25:00,54615.0,54623.0,54561.0,54579.0,154.0
2026-08-06 12:30:00,54579.0,54615.0,54558.0,54614.0,116.0
2026-08-06 12:35:00,54613.0,54633.0,54613.0,54622.0,81.0
2026-08-06 12:40:00,54622.0,54630.0,54616.0,54626.0,84.0
2026-08-06 12:45:00,54626.0,54635.0,54604.0,54608.0,63.0
2026-08-06 12:50:00,54608.0,54608.0,54583.0,54605.0,74.0
2026-08-06 12:55:00,54600.0,54600.0,54581.0,54595.0,68.0
2026-08-06 13:00:00,54597.0,54597.0,54576.0,54582.0,136.0
2026-08-06 13:05:00,54580.0,54582.0,54556.0,54574.0,163.0
2026-08-06 13:10:00,54572.0,54595.0,54569.0,54581.0,151.0
2026-08-06 13:15:00,54582.0,54600.0,54568.0,54596.0,167.0
2026-08-06 13:20:00,54596.0,54608.0,54588.0,54603.0,139.0
2026-08-06 13:25:00,54599.0,54620.0,54577.0,54582.0,587.0
2026-08-06 13:30:00,54578.0,54660.0,54499.0,54515.0,4101.0
2026-08-06 13:35:00,54516.0,54540.0,54447.0,54463.0,2367.0
2026-08-06 13:40:00,54462.0,54571.0,54459.0,54534.0,1400.0
2026-08-06 13:45:00,54532.0,54546.0,54464.0,54467.0,1123.0
2026-08-06 13:50:00,54466.0,54485.0,54433.0,54441.0,958.0
2026-08-06 13:55:00,54439.0,54447.0,54415.0,54438.0,1289.0
2026-08-06 14:00:00,54438.0,54489.0,54431.0,54484.0,1065.0
2026-08-06 14:05:00,54483.0,54487.0,54425.0,54455.0,679.0
2026-08-06 14:10:00,54453.0,54482.0,54438.0,54480.0,959.0
2026-08-06 14:15:00,54482.0,54483.0,54409.0,54441.0,842.0
2026-08-06 14:20:00,54440.0,54449.0,54400.0,54410.0,664.0
2026-08-06 14:25:00,54408.0,54414.0,54355.0,54389.0,1246.0
2026-08-06 14:30:00,54390.0,54426.0,54363.0,54384.0,1030.0
2026-08-06 14:35:00,54385.0,54390.0,54347.0,54347.0,640.0
2026-08-06 14:40:00,54349.0,54393.0,54346.0,54352.0,651.0
2026-08-06 14:45:00,54353.0,54360.0,54304.0,54307.0,713.0
2026-08-06 14:50:00,54308.0,54324.0,54295.0,54314.0,602.0
2026-08-06 14:55:00,54320.0,54330.0,54301.0,54315.0,588.0
2026-08-06 15:00:00,54316.0,54330.0,54284.0,54301.0,702.0
2026-08-06 15:05:00,54302.0,54306.0,54267.0,54275.0,442.0
2026-08-06 15:10:00,54274.0,54282.0,54213.0,54215.0,716.0
2026-08-06 15:15:00,54215.0,54247.0,54188.0,54188.0,1029.0
2026-08-06 15:20:00,54191.0,54208.0,54162.0,54191.0,705.0
2026-08-06 15:25:00,54191.0,54191.0,54161.0,54177.0,607.0
2026-08-06 15:30:00,54175.0,54183.0,54130.0,54130.0,630.0
2026-08-06 15:35:00,54131.0,54161.0,54126.0,54148.0,756.0
2026-08-06 15:40:00,54149.0,54156.0,54119.0,54127.0,405.0
2026-08-06 15:45:00,54129.0,54189.0,54123.0,54168.0,847.0
2026-08-06 15:50:00,54167.0,54198.0,54104.0,54106.0,1134.0
2026-08-06 15:55:00,54105.0,54136.0,54094.0,54121.0,913.0
2026-08-06 16:00:00,54125.0,54138.0,54098.0,54109.0,562.0
2026-08-06 16:05:00,54109.0,54125.0,54089.0,54119.0,691.0
2026-08-06 16:10:00,54118.0,54124.0,54074.0,54093.0,481.0
2026-08-06 16:15:00,54095.0,54107.0,54065.0,54103.0,628.0
2026-08-06 16:20:00,54104.0,54123.0,54083.0,54108.0,555.0
2026-08-06 16:25:00,54108.0,54142.0,54103.0,54137.0,431.0
2026-08-06 16:30:00,54138.0,54166.0,54128.0,54140.0,624.0
2026-08-06 16:35:00,54147.0,54172.0,54139.0,54166.0,412.0
2026-08-06 16:40:00,54164.0,54164.0,54115.0,54126.0,522.0
2026-08-06 16:45:00,54128.0,54133.0,54094.0,54114.0,371.0
2026-08-06 16:50:00,54115.0,54132.0,54101.0,54126.0,277.0
2026-08-06 16:55:00,54126.0,54160.0,54119.0,54149.0,480.0
2026-08-06 17:00:00,54150.0,54155.0,54113.0,54127.0,477.0
2026-08-06 17:05:00,54126.0,54145.0,54084.0,54090.0,386.0
2026-08-06 17:10:00,54090.0,54106.0,54080.0,54080.0,251.0
2026-08-06 17:15:00,54079.0,54089.0,54058.0,54074.0,397.0
2026-08-06 17:20:00,54075.0,54078.0,54024.0,54024.0,494.0
2026-08-06 17:25:00,54028.0,54046.0,54013.0,54015.0,288.0
2026-08-06 17:30:00,54016.0,54034.0,54005.0,54028.0,510.0
2026-08-06 17:35:00,54029.0,54043.0,54012.0,54021.0,351.0
2026-08-06 17:40:00,54023.0,54035.0,54010.0,54027.0,336.0
2026-08-06 17:45:00,54030.0,54040.0,54017.0,54017.0,354.0
2026-08-06 17:50:00,54015.0,54049.0,54015.0,54042.0,324.0
2026-08-06 17:55:00,54044.0,54064.0,54036.0,54061.0,307.0
2026-08-06 18:00:00,54066.0,54080.0,54055.0,54075.0,386.0
2026-08-06 18:05:00,54074.0,54080.0,54057.0,54066.0,297.0
2026-08-06 18:10:00,54068.0,54080.0,54053.0,54076.0,256.0
2026-08-06 18:15:00,54076.0,54106.0,54052.0,54078.0,990.0
2026-08-06 18:20:00,54080.0,54094.0,54069.0,54089.0,334.0
2026-08-06 18:25:00,54088.0,54093.0,54064.0,54075.0,257.0
2026-08-06 18:30:00,54075.0,54089.0,54062.0,54069.0,408.0
2026-08-06 18:35:00,54067.0,54077.0,54052.0,54066.0,282.0
2026-08-06 18:40:00,54065.0,54073.0,54045.0,54054.0,229.0
2026-08-06 18:45:00,54054.0,54079.0,54047.0,54070.0,273.0
2026-08-06 18:50:00,54070.0,54073.0,54055.0,54067.0,178.0
2026-08-06 18:55:00,54065.0,54073.0,54053.0,54054.0,203.0
2026-08-06 19:00:00,54053.0,54070.0,54050.0,54064.0,324.0
2026-08-06 19:05:00,54065.0,54089.0,54058.0,54089.0,538.0
2026-08-06 19:10:00,54090.0,54096.0,54076.0,54082.0,487.0
2026-08-06 19:15:00,54081.0,54086.0,54066.0,54082.0,327.0
2026-08-06 19:20:00,54083.0,54091.0,54057.0,54057.0,317.0
2026-08-06 19:25:00,54058.0,54058.0,54017.0,54020.0,566.0
2026-08-06 19:30:00,54020.0,54029.0,54007.0,54021.0,622.0
2026-08-06 19:35:00,54020.0,54023.0,53991.0,53994.0,608.0
2026-08-06 19:40:00,53995.0,54002.0,53971.0,53982.0,742.0
2026-08-06 19:45:00,53982.0,54006.0,53970.0,54002.0,663.0
2026-08-06 19:50:00,54001.0,54031.0,53964.0,54021.0,1255.0
2026-08-06 19:55:00,54020.0,54033.0,53989.0,54019.0,3039.0
2026-08-06 20:00:00,54019.0,54041.0,54014.0,54014.0,714.0
2026-08-06 20:05:00,54015.0,54040.0,54014.0,54029.0,383.0
2026-08-06 20:10:00,54032.0,54033.0,54009.0,54009.0,244.0
2026-08-06 20:15:00,54012.0,54014.0,54001.0,54012.0,138.0
2026-08-06 20:20:00,54013.0,54015.0,53978.0,53981.0,262.0
2026-08-06 20:25:00,53982.0,53988.0,53970.0,53979.0,121.0
2026-08-06 20:30:00,53979.0,53986.0,53972.0,53980.0,82.0
2026-08-06 20:35:00,53983.0,53988.0,53967.0,53976.0,96.0
2026-08-06 20:40:00,53977.0,53980.0,53970.0,53976.0,73.0
2026-08-06 20:45:00,53975.0,53977.0,53952.0,53959.0,120.0
2026-08-06 20:50:00,53961.0,53968.0,53956.0,53964.0,23.0
2026-08-06 20:55:00,53968.0,53981.0,53964.0,53981.0,73.0
2026-08-06 22:00:00,54040.0,54040.0,53984.0,53988.0,0.0
2026-08-06 22:05:00,53994.0,54030.0,53994.0,54008.0,84.0
2026-08-06 22:10:00,54006.0,54022.0,54006.0,54020.0,49.0
2026-08-06 22:15:00,54016.0,54027.0,54015.0,54015.0,25.0
2026-08-06 22:20:00,54016.0,54017.0,53995.0,54003.0,25.0
2026-08-06 22:25:00,54012.0,54016.0,54001.0,54004.0,11.0
2026-08-06 22:30:00,54002.0,54002.0,54000.0,54000.0,2.0
2026-08-06 22:35:00,53995.0,53995.0,53986.0,53986.0,32.0
2026-08-06 22:40:00,53987.0,53990.0,53982.0,53982.0,26.0
2026-08-06 22:45:00,53987.0,53998.0,53986.0,53991.0,12.0
2026-08-06 22:50:00,53995.0,53996.0,53991.0,53991.0,10.0
2026-08-06 22:55:00,53990.0,53990.0,53990.0,53990.0,6.0
2026-08-06 23:00:00,53991.0,53998.0,53991.0,53997.0,19.0
2026-08-06 23:05:00,53999.0,53999.0,53992.0,53993.0,9.0
2026-08-06 23:10:00,53991.0,53992.0,53991.0,53992.0,4.0
2026-08-06 23:15:00,53995.0,54001.0,53993.0,53994.0,31.0
2026-08-06 23:20:00,53994.0,53996.0,53992.0,53992.0,7.0
2026-08-06 23:25:00,53994.0,53994.0,53990.0,53992.0,13.0
2026-08-06 23:30:00,53991.0,54002.0,53988.0,54002.0,27.0
2026-08-06 23:35:00,54000.0,54004.0,53999.0,53999.0,12.0
2026-08-06 23:40:00,54003.0,54009.0,54000.0,54007.0,16.0
2026-08-06 23:45:00,54005.0,54008.0,53998.0,54008.0,30.0
2026-08-06 23:50:00,54006.0,54007.0,53997.0,54000.0,31.0
2026-08-06 23:55:00,53998.0,54000.0,53994.0,54000.0,23.0
2026-08-07 00:00:00,53999.0,54000.0,53986.0,53997.0,75.0
2026-08-07 00:05:00,53997.0,54004.0,53985.0,53985.0,55.0
2026-08-07 00:10:00,53984.0,53989.0,53976.0,53987.0,88.0
2026-08-07 00:15:00,53988.0,53991.0,53962.0,53964.0,88.0
2026-08-07 00:20:00,53964.0,53965.0,53943.0,53948.0,116.0
2026-08-07 00:25:00,53949.0,53955.0,53932.0,53935.0,108.0
2026-08-07 00:30:00,53936.0,53985.0,53936.0,53983.0,79.0
2026-08-07 00:35:00,53984.0,53984.0,53950.0,53958.0,60.0
2026-08-07 00:40:00,53957.0,53957.0,53941.0,53953.0,49.0
2026-08-07 00:45:00,53960.0,53963.0,53942.0,53946.0,51.0
2026-08-07 00:50:00,53948.0,53968.0,53948.0,53959.0,48.0
2026-08-07 00:55:00,53958.0,53958.0,53946.0,53954.0,43.0
2026-08-07 01:00:00,53957.0,53969.0,53954.0,53959.0,59.0
2026-08-07 01:05:00,53959.0,53959.0,53943.0,53945.0,77.0
2026-08-07 01:10:00,53947.0,53949.0,53940.0,53944.0,50.0
2026-08-07 01:15:00,53944.0,53944.0,53930.0,53930.0,66.0
2026-08-07 01:20:00,53931.0,53937.0,53919.0,53937.0,139.0
2026-08-07 01:25:00,53938.0,53954.0,53930.0,53954.0,47.0
2026-08-07 01:30:00,53952.0,53967.0,53952.0,53959.0,53.0
2026-08-07 01:35:00,53952.0,53954.0,53933.0,53933.0,63.0
2026-08-07 01:40:00,53930.0,53936.0,53927.0,53932.0,48.0
2026-08-07 01:45:00,53936.0,53946.0,53928.0,53936.0,35.0
2026-08-07 01:50:00,53935.0,53935.0,53922.0,53922.0,28.0
2026-08-07 01:55:00,53923.0,53930.0,53919.0,53927.0,40.0
2026-08-07 02:00:00,53926.0,53930.0,53919.0,53923.0,73.0
2026-08-07 02:05:00,53924.0,53927.0,53910.0,53910.0,62.0
2026-08-07 02:10:00,53910.0,53919.0,53907.0,53918.0,52.0
2026-08-07 02:15:00,53921.0,53921.0,53912.0,53913.0,37.0
2026-08-07 02:20:00,53914.0,53917.0,53908.0,53917.0,22.0
2026-08-07 02:25:00,53915.0,53915.0,53911.0,53911.0,13.0
2026-08-07 02:30:00,53912.0,53912.0,53903.0,53906.0,54.0
2026-08-07 02:35:00,53907.0,53910.0,53890.0,53893.0,65.0
2026-08-07 02:40:00,53894.0,53907.0,53894.0,53905.0,40.0
2026-08-07 02:45:00,53903.0,53908.0,53902.0,53908.0,39.0
2026-08-07 02:50:00,53908.0,53911.0,53905.0,53911.0,46.0
2026-08-07 02:55:00,53910.0,53917.0,53907.0,53907.0,35.0
2026-08-07 03:00:00,53906.0,53917.0,53906.0,53916.0,39.0
2026-08-07 03:05:00,53917.0,53917.0,53903.0,53903.0,22.0
2026-08-07 03:10:00,53904.0,53905.0,53897.0,53898.0,32.0
2026-08-07 03:15:00,53898.0,53898.0,53888.0,53888.0,22.0
2026-08-07 03:20:00,53888.0,53894.0,53884.0,53894.0,47.0
2026-08-07 03:25:00,53896.0,53902.0,53891.0,53900.0,41.0
2026-08-07 03:30:00,53898.0,53904.0,53896.0,53896.0,30.0
2026-08-07 03:35:00,53895.0,53905.0,53895.0,53903.0,31.0
2026-08-07 03:40:00,53904.0,53904.0,53896.0,53897.0,30.0
2026-08-07 03:45:00,53898.0,53900.0,53891.0,53899.0,39.0
2026-08-07 03:50:00,53896.0,53897.0,53889.0,53894.0,30.0
2026-08-07 03:55:00,53897.0,53901.0,53897.0,53899.0,22.0
2026-08-07 04:00:00,53900.0,53906.0,53900.0,53903.0,41.0
2026-08-07 04:05:00,53901.0,53901.0,53895.0,53899.0,34.0
2026-08-07 04:10:00,53897.0,53900.0,53892.0,53893.0,44.0
2026-08-07 04:15:00,53896.0,53897.0,53879.0,53889.0,104.0
2026-08-07 04:20:00,53892.0,53905.0,53892.0,53904.0,72.0
2026-08-07 04:25:00,53905.0,53906.0,53890.0,53895.0,81.0
2026-08-07 04:30:00,53892.0,53908.0,53886.0,53899.0,44.0
2026-08-07 04:35:00,53900.0,53901.0,53888.0,53891.0,28.0
2026-08-07 04:40:00,53891.0,53892.0,53886.0,53887.0,22.0
2026-08-07 04:45:00,53888.0,53895.0,53887.0,53892.0,33.0
2026-08-07 04:50:00,53889.0,53898.0,53885.0,53898.0,110.0
2026-08-07 04:55:00,53898.0,53910.0,53897.0,53907.0,48.0
2026-08-07 05:00:00,53908.0,53919.0,53906.0,53915.0,74.0
2026-08-07 05:05:00,53915.0,53929.0,53911.0,53927.0,61.0
2026-08-07 05:10:00,53920.0,53921.0,53909.0,53910.0,63.0
2026-08-07 05:15:00,53909.0,53922.0,53909.0,53919.0,39.0
2026-08-07 05:20:00,53920.0,53920.0,53908.0,53912.0,106.0
2026-08-07 05:25:00,53917.0,53919.0,53912.0,53916.0,40.0
2026-08-07 05:30:00,53915.0,53917.0,53911.0,53913.0,41.0
2026-08-07 05:35:00,53913.0,53917.0,53912.0,53915.0,34.0
2026-08-07 05:40:00,53913.0,53916.0,53910.0,53915.0,37.0
2026-08-07 05:45:00,53913.0,53914.0,53910.0,53912.0,21.0
2026-08-07 05:50:00,53917.0,53919.0,53913.0,53919.0,57.0
2026-08-07 05:55:00,53919.0,53919.0,53911.0,53912.0,36.0
2026-08-07 06:00:00,53914.0,53932.0,53909.0,53927.0,88.0
2026-08-07 06:05:00,53928.0,53943.0,53927.0,53938.0,155.0
2026-08-07 06:10:00,53937.0,53962.0,53937.0,53962.0,81.0
2026-08-07 06:15:00,53960.0,53967.0,53953.0,53953.0,61.0
2026-08-07 06:20:00,53950.0,53956.0,53940.0,53954.0,80.0
2026-08-07 06:25:00,53954.0,53957.0,53942.0,53956.0,65.0
2026-08-07 06:30:00,53955.0,53955.0,53942.0,53945.0,57.0
2026-08-07 06:35:00,53944.0,53945.0,53931.0,53933.0,83.0
2026-08-07 06:40:00,53928.0,53936.0,53920.0,53935.0,67.0
2026-08-07 06:45:00,53935.0,53947.0,53935.0,53942.0,153.0
2026-08-07 06:50:00,53941.0,53954.0,53938.0,53952.0,83.0
2026-08-07 06:55:00,53951.0,53975.0,53950.0,53969.0,87.0
2026-08-07 07:00:00,53969.0,53983.0,53969.0,53969.0,179.0
2026-08-07 07:05:00,53971.0,53995.0,53964.0,53988.0,133.0
2026-08-07 07:10:00,53987.0,53996.0,53981.0,53996.0,101.0
2026-08-07 07:15:00,53997.0,53999.0,53984.0,53984.0,66.0
2026-08-07 07:20:00,53983.0,53984.0,53977.0,53980.0,58.0
2026-08-07 07:25:00,53983.0,53993.0,53975.0,53993.0,50.0
2026-08-07 07:30:00,53993.0,53997.0,53979.0,53981.0,64.0
2026-08-07 07:35:00,53980.0,53988.0,53978.0,53978.0,29.0
2026-08-07 07:40:00,53980.0,53989.0,53971.0,53972.0,72.0
2026-08-07 07:45:00,53970.0,53970.0,53959.0,53967.0,43.0
2026-08-07 07:50:00,53963.0,53964.0,53945.0,53964.0,61.0
2026-08-07 07:55:00,53962.0,53967.0,53953.0,53953.0,23.0
2026-08-07 08:00:00,53956.0,53973.0,53956.0,53964.0,56.0
2026-08-07 08:05:00,53964.0,53984.0,53963.0,53981.0,48.0
2026-08-07 08:10:00,53980.0,53980.0,53966.0,53967.0,41.0
2026-08-07 08:15:00,53966.0,53967.0,53948.0,53948.0,41.0
2026-08-07 08:20:00,53949.0,53951.0,53936.0,53943.0,118.0
2026-08-07 08:25:00,53947.0,53949.0,53939.0,53945.0,31.0
2026-08-07 08:30:00,53947.0,53975.0,53942.0,53974.0,53.0
2026-08-07 08:35:00,53975.0,53975.0,53950.0,53959.0,68.0
2026-08-07 08:40:00,53963.0,53975.0,53963.0,53964.0,42.0
2026-08-07 08:45:00,53964.0,53967.0,53960.0,53965.0,28.0
2026-08-07 08:50:00,53965.0,53972.0,53962.0,53972.0,22.0
2026-08-07 08:55:00,53971.0,53987.0,53969.0,53986.0,82.0
2026-08-07 09:00:00,53983.0,53991.0,53973.0,53981.0,60.0
2026-08-07 09:05:00,53979.0,53979.0,53974.0,53976.0,37.0
2026-08-07 09:10:00,53976.0,54008.0,53976.0,54003.0,55.0
2026-08-07 09:15:00,54001.0,54001.0,53984.0,53985.0,40.0
2026-08-07 09:20:00,53988.0,54008.0,53986.0,54004.0,45.0
2026-08-07 09:25:00,54009.0,54013.0,53997.0,53999.0,34.0
2026-08-07 09:30:00,54000.0,54016.0,53995.0,54010.0,74.0
2026-08-07 09:35:00,54013.0,54019.0,54010.0,54017.0,38.0
2026-08-07 09:40:00,54019.0,54021.0,54012.0,54012.0,63.0
2026-08-07 09:45:00,54010.0,54021.0,54004.0,54018.0,48.0
2026-08-07 09:50:00,54017.0,54026.0,54015.0,54021.0,42.0
2026-08-07 09:55:00,54024.0,54025.0,54011.0,54020.0,68.0
2026-08-07 10:00:00,54018.0,54036.0,54018.0,54033.0,77.0
2026-08-07 10:05:00,54032.0,54039.0,54025.0,54028.0,62.0
2026-08-07 10:10:00,54025.0,54035.0,54019.0,54019.0,46.0
2026-08-07 10:15:00,54020.0,54024.0,54015.0,54024.0,20.0
2026-08-07 10:20:00,54026.0,54031.0,54021.0,54023.0,20.0
2026-08-07 10:25:00,54024.0,54042.0,54023.0,54042.0,33.0
2026-08-07 10:30:00,54046.0,54054.0,54042.0,54054.0,66.0
2026-08-07 10:35:00,54054.0,54060.0,54049.0,54056.0,64.0
2026-08-07 10:40:00,54054.0,54055.0,54050.0,54053.0,56.0
2026-08-07 10:45:00,54054.0,54056.0,54034.0,54041.0,68.0
2026-08-07 10:50:00,54040.0,54049.0,54034.0,54035.0,34.0
2026-08-07 10:55:00,54036.0,54049.0,54030.0,54046.0,19.0
2026-08-07 11:00:00,54048.0,54059.0,54035.0,54056.0,101.0
2026-08-07 11:05:00,54055.0,54062.0,54050.0,54060.0,82.0
2026-08-07 11:10:00,54061.0,54064.0,54045.0,54049.0,84.0
2026-08-07 11:15:00,54051.0,54063.0,54050.0,54061.0,41.0
2026-08-07 11:20:00,54063.0,54068.0,54056.0,54067.0,142.0
2026-08-07 11:25:00,54065.0,54072.0,54056.0,54062.0,191.0
2026-08-07 11:30:00,54063.0,54082.0,54061.0,54080.0,144.0
2026-08-07 11:35:00,54082.0,54093.0,54082.0,54091.0,60.0
2026-08-07 11:40:00,54090.0,54094.0,54086.0,54092.0,49.0
2026-08-07 11:45:00,54092.0,54095.0,54080.0,54086.0,59.0
2026-08-07 11:50:00,54088.0,54096.0,54080.0,54086.0,57.0
2026-08-07 11:55:00,54081.0,54083.0,54052.0,54053.0,63.0
2026-08-07 12:00:00,54051.0,54088.0,54041.0,54084.0,119.0
2026-08-07 12:05:00,54083.0,54089.0,54069.0,54078.0,139.0
2026-08-07 12:10:00,54078.0,54079.0,54061.0,54064.0,124.0
2026-08-07 12:15:00,54066.0,54081.0,54066.0,54081.0,40.0
2026-08-07 12:20:00,54078.0,54079.0,54063.0,54078.0,105.0
2026-08-07 12:25:00,54078.0,54087.0,54049.0,54085.0,177.0
2026-08-07 12:30:00,54075.0,54188.0,54075.0,54136.0,901.0
2026-08-07 12:35:00,54136.0,54197.0,54127.0,54193.0,442.0
2026-08-07 12:40:00,54193.0,54202.0,54172.0,54172.0,435.0
2026-08-07 12:45:00,54174.0,54194.0,54162.0,54186.0,232.0
2026-08-07 12:50:00,54184.0,54202.0,54179.0,54191.0,186.0
2026-08-07 12:55:00,54191.0,54191.0,54154.0,54162.0,248.0
2026-08-07 13:00:00,54163.0,54164.0,54126.0,54126.0,292.0
2026-08-07 13:05:00,54126.0,54130.0,54087.0,54093.0,166.0
2026-08-07 13:10:00,54092.0,54098.0,54059.0,54076.0,258.0
2026-08-07 13:15:00,54076.0,54101.0,54068.0,54085.0,186.0
2026-08-07 13:20:00,54088.0,54101.0,54076.0,54098.0,148.0
2026-08-07 13:25:00,54096.0,54101.0,54034.0,54050.0,523.0
2026-08-07 13:30:00,54051.0,54077.0,53909.0,53946.0,3272.0
2026-08-07 13:35:00,53947.0,54087.0,53932.0,54078.0,1847.0
2026-08-07 13:40:00,54077.0,54146.0,54070.0,54106.0,1540.0
2026-08-07 13:45:00,54104.0,54113.0,54035.0,54073.0,1295.0
2026-08-07 13:50:00,54073.0,54131.0,54058.0,54128.0,861.0
2026-08-07 13:55:00,54129.0,54139.0,54041.0,54074.0,954.0
2026-08-07 14:00:00,54073.0,54130.0,54064.0,54071.0,992.0
2026-08-07 14:05:00,54073.0,54089.0,54048.0,54066.0,658.0
2026-08-07 14:10:00,54065.0,54083.0,54011.0,54039.0,973.0
2026-08-07 14:15:00,54039.0,54118.0,54035.0,54118.0,809.0
2026-08-07 14:20:00,54117.0,54144.0,54090.0,54138.0,527.0
2026-08-07 14:25:00,54140.0,54199.0,54135.0,54195.0,679.0
2026-08-07 14:30:00,54195.0,54197.0,54130.0,54149.0,618.0
2026-08-07 14:35:00,54150.0,54157.0,54100.0,54111.0,599.0
2026-08-07 14:40:00,54109.0,54135.0,54096.0,54120.0,630.0
2026-08-07 14:45:00,54118.0,54153.0,54100.0,54119.0,588.0
2026-08-07 14:50:00,54118.0,54143.0,54082.0,54134.0,619.0
2026-08-07 14:55:00,54140.0,54169.0,54139.0,54155.0,381.0
2026-08-07 15:00:00,54156.0,54156.0,54115.0,54118.0,445.0
2026-08-07 15:05:00,54116.0,54146.0,54109.0,54142.0,381.0
2026-08-07 15:10:00,54144.0,54154.0,54120.0,54141.0,345.0
2026-08-07 15:15:00,54141.0,54144.0,54113.0,54114.0,388.0
2026-08-07 15:20:00,54115.0,54140.0,54111.0,54132.0,316.0
2026-08-07 15:25:00,54132.0,54137.0,54104.0,54110.0,437.0
2026-08-07 15:30:00,54111.0,54114.0,54053.0,54061.0,545.0
2026-08-07 15:35:00,54061.0,54106.0,54056.0,54088.0,357.0
2026-08-07 15:40:00,54091.0,54102.0,54061.0,54072.0,282.0
2026-08-07 15:45:00,54075.0,54108.0,54066.0,54107.0,312.0
2026-08-07 15:50:00,54109.0,54112.0,54075.0,54090.0,408.0
2026-08-07 15:55:00,54085.0,54089.0,54060.0,54060.0,329.0
2026-08-07 16:00:00,54060.0,54081.0,54051.0,54081.0,267.0
2026-08-07 16:05:00,54080.0,54091.0,54068.0,54071.0,323.0
2026-08-07 16:10:00,54071.0,54096.0,54071.0,54075.0,280.0
2026-08-07 16:15:00,54076.0,54091.0,54073.0,54081.0,144.0
2026-08-07 16:20:00,54084.0,54114.0,54054.0,54054.0,622.0
2026-08-07 16:25:00,54055.0,54057.0,54006.0,54031.0,762.0
2026-08-07 16:30:00,54030.0,54037.0,54000.0,54036.0,398.0
2026-08-07 16:35:00,54035.0,54062.0,54023.0,54061.0,238.0
2026-08-07 16:40:00,54059.0,54095.0,54057.0,54092.0,311.0
2026-08-07 16:45:00,54090.0,54094.0,54072.0,54088.0,202.0
2026-08-07 16:50:00,54090.0,54100.0,54056.0,54067.0,230.0
2026-08-07 16:55:00,54065.0,54068.0,54059.0,54060.0,118.0
2026-08-07 17:00:00,54060.0,54085.0,54058.0,54076.0,225.0
2026-08-07 17:05:00,54076.0,54090.0,54072.0,54084.0,164.0
2026-08-07 17:10:00,54085.0,54094.0,54077.0,54092.0,97.0
2026-08-07 17:15:00,54092.0,54111.0,54090.0,54106.0,127.0
2026-08-07 17:20:00,54109.0,54111.0,54086.0,54088.0,170.0
2026-08-07 17:25:00,54086.0,54093.0,54079.0,54084.0,230.0
2026-08-07 17:30:00,54084.0,54094.0,54063.0,54079.0,436.0
2026-08-07 17:35:00,54076.0,54094.0,54070.0,54092.0,120.0
2026-08-07 17:40:00,54098.0,54098.0,54081.0,54081.0,131.0
2026-08-07 17:45:00,54082.0,54100.0,54079.0,54094.0,138.0
2026-08-07 17:50:00,54094.0,54104.0,54076.0,54098.0,208.0
2026-08-07 17:55:00,54098.0,54100.0,54085.0,54085.0,72.0
2026-08-07 18:00:00,54086.0,54092.0,54070.0,54071.0,191.0
2026-08-07 18:05:00,54074.0,54076.0,54054.0,54063.0,185.0
2026-08-07 18:10:00,54063.0,54065.0,54028.0,54035.0,250.0
2026-08-07 18:15:00,54038.0,54047.0,54032.0,54039.0,167.0
2026-08-07 18:20:00,54039.0,54043.0,54031.0,54033.0,110.0
2026-08-07 18:25:00,54036.0,54048.0,54032.0,54036.0,201.0
2026-08-07 18:30:00,54034.0,54038.0,54021.0,54027.0,207.0
2026-08-07 18:35:00,54027.0,54035.0,54020.0,54028.0,108.0
2026-08-07 18:40:00,54026.0,54036.0,54012.0,54017.0,152.0
2026-08-07 18:45:00,54017.0,54048.0,54015.0,54046.0,190.0
2026-08-07 18:50:00,54046.0,54063.0,54046.0,54054.0,135.0
2026-08-07 18:55:00,54055.0,54069.0,54047.0,54065.0,458.0
2026-08-07 19:00:00,54067.0,54104.0,54063.0,54094.0,504.0
2026-08-07 19:05:00,54095.0,54125.0,54093.0,54123.0,276.0
2026-08-07 19:10:00,54125.0,54146.0,54125.0,54137.0,268.0
2026-08-07 19:15:00,54138.0,54184.0,54138.0,54156.0,383.0
2026-08-07 19:20:00,54155.0,54181.0,54154.0,54160.0,304.0
2026-08-07 19:25:00,54159.0,54174.0,54156.0,54173.0,446.0
2026-08-07 19:30:00,54173.0,54188.0,54156.0,54172.0,290.0
2026-08-07 19:35:00,54175.0,54188.0,54162.0,54167.0,284.0
2026-08-07 19:40:00,54169.0,54171.0,54140.0,54142.0,380.0
2026-08-07 19:45:00,54143.0,54171.0,54139.0,54164.0,447.0
2026-08-07 19:50:00,54163.0,54168.0,54121.0,54123.0,1173.0
2026-08-07 19:55:00,54122.0,54179.0,54114.0,54146.0,2629.0
2026-08-07 20:00:00,54145.0,54162.0,54142.0,54144.0,684.0
2026-08-07 20:05:00,54145.0,54152.0,54129.0,54140.0,171.0
2026-08-07 20:10:00,54137.0,54150.0,54131.0,54141.0,175.0
2026-08-07 20:15:00,54141.0,54149.0,54133.0,54142.0,130.0
2026-08-07 20:20:00,54141.0,54141.0,54129.0,54134.0,47.0
2026-08-07 20:25:00,54134.0,54134.0,54121.0,54124.0,48.0
2026-08-07 20:30:00,54120.0,54132.0,54119.0,54132.0,88.0
2026-08-07 20:35:00,54130.0,54135.0,54127.0,54128.0,27.0
2026-08-07 20:40:00,54127.0,54127.0,54107.0,54119.0,74.0
2026-08-07 20:45:00,54118.0,54125.0,54114.0,54114.0,49.0
2026-08-07 20:50:00,54114.0,54130.0,54114.0,54130.0,21.0
2026-08-07 20:55:00,54132.0,54152.0,54121.0,54152.0,56.0
2026-08-09 22:10:00,54050.0,54056.0,54022.0,54028.0,54.0
2026-08-09 22:15:00,54021.0,54023.0,54004.0,54014.0,90.0
2026-08-09 22:20:00,54012.0,54033.0,54012.0,54033.0,39.0
2026-08-09 22:25:00,54033.0,54040.0,54033.0,54040.0,14.0
2026-08-09 22:30:00,54038.0,54047.0,54027.0,54027.0,9.0
2026-08-09 22:35:00,54030.0,54042.0,54030.0,54040.0,16.0
2026-08-09 22:40:00,54045.0,54053.0,54040.0,54044.0,31.0
2026-08-09 22:45:00,54041.0,54041.0,54039.0,54041.0,6.0
2026-08-09 22:50:00,54041.0,54042.0,54038.0,54038.0,5.0
2026-08-09 22:55:00,54038.0,54040.0,54035.0,54035.0,6.0
2026-08-09 23:00:00,54040.0,54040.0,54030.0,54038.0,25.0
2026-08-09 23:05:00,54039.0,54044.0,54039.0,54041.0,26.0
2026-08-09 23:10:00,54042.0,54042.0,54040.0,54041.0,11.0
2026-08-09 23:15:00,54045.0,54050.0,54045.0,54046.0,14.0
2026-08-09 23:20:00,54045.0,54045.0,54042.0,54044.0,8.0
2026-08-09 23:25:00,54040.0,54044.0,54040.0,54040.0,7.0
2026-08-09 23:30:00,54043.0,54043.0,54026.0,54026.0,29.0
2026-08-09 23:35:00,54025.0,54029.0,54024.0,54029.0,6.0
2026-08-09 23:40:00,54025.0,54031.0,54025.0,54031.0,9.0
2026-08-09 23:45:00,54031.0,54035.0,54026.0,54028.0,20.0
2026-08-09 23:50:00,54027.0,54027.0,54016.0,54018.0,17.0
2026-08-09 23:55:00,54015.0,54018.0,54002.0,54007.0,30.0
2026-08-10 00:00:00,54004.0,54027.0,54000.0,54027.0,102.0
2026-08-10 00:05:00,54025.0,54057.0,54020.0,54055.0,80.0
2026-08-10 00:10:00,54048.0,54055.0,54039.0,54047.0,62.0
2026-08-10 00:15:00,54040.0,54056.0,54040.0,54049.0,68.0
2026-08-10 00:20:00,54049.0,54052.0,54039.0,54039.0,28.0
2026-08-10 00:25:00,54038.0,54038.0,54026.0,54026.0,29.0
2026-08-10 00:30:00,54030.0,54036.0,54024.0,54036.0,35.0
2026-08-10 00:35:00,54035.0,54040.0,54032.0,54038.0,56.0
2026-08-10 00:40:00,54035.0,54045.0,54035.0,54044.0,31.0
2026-08-10 00:45:00,54046.0,54050.0,54044.0,54046.0,20.0
2026-08-10 00:50:00,54050.0,54055.0,54045.0,54051.0,59.0
2026-08-10 00:55:00,54050.0,54057.0,54047.0,54055.0,54.0
2026-08-10 01:00:00,54055.0,54070.0,54049.0,54062.0,68.0
2026-08-10 01:05:00,54067.0,54075.0,54065.0,54072.0,40.0
2026-08-10 01:10:00,54072.0,54084.0,54072.0,54076.0,42.0
2026-08-10 01:15:00,54078.0,54085.0,54075.0,54080.0,33.0
2026-08-10 01:20:00,54076.0,54078.0,54067.0,54074.0,39.0
2026-08-10 01:25:00,54074.0,54082.0,54074.0,54079.0,23.0
2026-08-10 01:30:00,54075.0,54075.0,54063.0,54069.0,36.0
2026-08-10 01:35:00,54071.0,54073.0,54066.0,54068.0,24.0
2026-08-10 01:40:00,54067.0,54068.0,54059.0,54067.0,22.0
2026-08-10 01:45:00,54068.0,54073.0,54065.0,54071.0,20.0
2026-08-10 01:50:00,54071.0,54074.0,54062.0,54062.0,39.0
2026-08-10 01:55:00,54061.0,54065.0,54061.0,54065.0,18.0
2026-08-10 02:00:00,54070.0,54073.0,54065.0,54073.0,19.0
2026-08-10 02:05:00,54072.0,54078.0,54072.0,54076.0,12.0
2026-08-10 02:10:00,54077.0,54079.0,54072.0,54072.0,36.0
2026-08-10 02:15:00,54072.0,54072.0,54061.0,54065.0,25.0
2026-08-10 02:20:00,54065.0,54071.0,54063.0,54070.0,20.0
2026-08-10 02:25:00,54071.0,54074.0,54070.0,54074.0,7.0
2026-08-10 02:30:00,54073.0,54084.0,54073.0,54082.0,26.0
2026-08-10 02:35:00,54081.0,54090.0,54081.0,54090.0,15.0
2026-08-10 02:40:00,54095.0,54099.0,54089.0,54093.0,30.0
2026-08-10 02:45:00,54092.0,54094.0,54081.0,54081.0,17.0
2026-08-10 02:50:00,54081.0,54087.0,54081.0,54087.0,15.0
2026-08-10 02:55:00,54084.0,54085.0,54079.0,54084.0,24.0
2026-08-10 03:00:00,54085.0,54087.0,54083.0,54085.0,11.0
2026-08-10 03:05:00,54084.0,54084.0,54077.0,54077.0,19.0
2026-08-10 03:10:00,54081.0,54083.0,54079.0,54080.0,22.0
2026-08-10 03:15:00,54082.0,54087.0,54081.0,54087.0,8.0
2026-08-10 03:20:00,54089.0,54095.0,54089.0,54095.0,19.0
2026-08-10 03:25:00,54093.0,54094.0,54087.0,54094.0,29.0
2026-08-10 03:30:00,54095.0,54097.0,54090.0,54097.0,28.0
2026-08-10 03:35:00,54097.0,54100.0,54092.0,54097.0,25.0
2026-08-10 03:40:00,54095.0,54103.0,54095.0,54103.0,13.0
2026-08-10 03:45:00,54104.0,54107.0,54102.0,54102.0,7.0
2026-08-10 03:50:00,54101.0,54101.0,54095.0,54095.0,15.0
2026-08-10 03:55:00,54094.0,54096.0,54091.0,54096.0,25.0
2026-08-10 04:00:00,54094.0,54098.0,54091.0,54094.0,20.0
2026-08-10 04:05:00,54094.0,54100.0,54094.0,54099.0,14.0
2026-08-10 04:10:00,54105.0,54108.0,54100.0,54108.0,13.0
2026-08-10 04:15:00,54110.0,54115.0,54107.0,54113.0,42.0
2026-08-10 04:20:00,54108.0,54112.0,54108.0,54112.0,5.0
2026-08-10 04:25:00,54114.0,54118.0,54109.0,54110.0,20.0
2026-08-10 04:30:00,54109.0,54111.0,54107.0,54109.0,10.0
2026-08-10 04:35:00,54110.0,54113.0,54110.0,54112.0,15.0
2026-08-10 04:40:00,54111.0,54113.0,54099.0,54113.0,49.0
2026-08-10 04:45:00,54119.0,54120.0,54117.0,54118.0,8.0
2026-08-10 04:50:00,54119.0,54135.0,54119.0,54132.0,24.0
2026-08-10 04:55:00,54129.0,54133.0,54125.0,54131.0,21.0
2026-08-10 05:00:00,54132.0,54140.0,54132.0,54136.0,19.0
2026-08-10 05:05:00,54135.0,54149.0,54134.0,54141.0,34.0
2026-08-10 05:10:00,54141.0,54143.0,54137.0,54139.0,13.0
2026-08-10 05:15:00,54139.0,54139.0,54132.0,54132.0,22.0
2026-08-10 05:20:00,54131.0,54138.0,54128.0,54137.0,24.0
2026-08-10 05:25:00,54134.0,54134.0,54132.0,54133.0,5.0
2026-08-10 05:30:00,54134.0,54143.0,54133.0,54143.0,24.0
2026-08-10 05:35:00,54142.0,54150.0,54138.0,54145.0,43.0
2026-08-10 05:40:00,54143.0,54144.0,54137.0,54137.0,19.0
2026-08-10 05:45:00,54138.0,54140.0,54136.0,54138.0,16.0
2026-08-10 05:50:00,54137.0,54146.0,54137.0,54144.0,26.0
2026-08-10 05:55:00,54141.0,54141.0,54138.0,54138.0,14.0
2026-08-10 06:00:00,54138.0,54142.0,54133.0,54138.0,61.0
2026-08-10 06:05:00,54139.0,54142.0,54135.0,54141.0,37.0
2026-08-10 06:10:00,54139.0,54153.0,54125.0,54130.0,106.0
2026-08-10 06:15:00,54133.0,54137.0,54125.0,54132.0,83.0
2026-08-10 06:20:00,54130.0,54132.0,54115.0,54118.0,104.0
2026-08-10 06:25:00,54118.0,54125.0,54117.0,54119.0,87.0
2026-08-10 06:30:00,54119.0,54129.0,54109.0,54124.0,76.0
2026-08-10 06:35:00,54126.0,54126.0,54106.0,54106.0,24.0
2026-08-10 06:40:00,54107.0,54117.0,54107.0,54112.0,23.0
2026-08-10 06:45:00,54117.0,54126.0,54114.0,54119.0,26.0
2026-08-10 06:50:00,54122.0,54130.0,54122.0,54123.0,19.0
2026-08-10 06:55:00,54123.0,54145.0,54123.0,54143.0,51.0
2026-08-10 07:00:00,54142.0,54153.0,54132.0,54132.0,88.0
2026-08-10 07:05:00,54135.0,54135.0,54111.0,54119.0,66.0
2026-08-10 07:10:00,54116.0,54120.0,54104.0,54110.0,76.0
2026-08-10 07:15:00,54110.0,54120.0,54109.0,54118.0,31.0
2026-08-10 07:20:00,54116.0,54153.0,54112.0,54150.0,68.0
2026-08-10 07:25:00,54153.0,54156.0,54131.0,54154.0,38.0
2026-08-10 07:30:00,54155.0,54155.0,54141.0,54145.0,21.0
2026-08-10 07:35:00,54143.0,54151.0,54141.0,54145.0,21.0
2026-08-10 07:40:00,54148.0,54150.0,54144.0,54149.0,35.0
2026-08-10 07:45:00,54151.0,54170.0,54125.0,54128.0,222.0
2026-08-10 07:50:00,54128.0,54136.0,54124.0,54132.0,26.0
2026-08-10 07:55:00,54134.0,54140.0,54127.0,54133.0,26.0
2026-08-10 08:00:00,54133.0,54142.0,54120.0,54130.0,52.0
2026-08-10 08:05:00,54130.0,54135.0,54120.0,54120.0,52.0
2026-08-10 08:10:00,54122.0,54129.0,54107.0,54109.0,53.0
2026-08-10 08:15:00,54108.0,54134.0,54106.0,54129.0,59.0
2026-08-10 08:20:00,54127.0,54127.0,54106.0,54118.0,63.0
2026-08-10 08:25:00,54122.0,54125.0,54112.0,54113.0,13.0
2026-08-10 08:30:00,54116.0,54123.0,54098.0,54109.0,66.0
2026-08-10 08:35:00,54111.0,54126.0,54111.0,54117.0,51.0
2026-08-10 08:40:00,54114.0,54118.0,54105.0,54109.0,75.0
2026-08-10 08:45:00,54110.0,54116.0,54108.0,54112.0,30.0
2026-08-10 08:50:00,54109.0,54113.0,54097.0,54099.0,60.0
2026-08-10 08:55:00,54104.0,54116.0,54102.0,54103.0,39.0
2026-08-10 09:00:00,54112.0,54117.0,54108.0,54110.0,28.0
2026-08-10 09:05:00,54109.0,54118.0,54107.0,54107.0,29.0
2026-08-10 09:10:00,54104.0,54128.0,54104.0,54126.0,74.0
2026-08-10 09:15:00,54126.0,54129.0,54114.0,54114.0,29.0
2026-08-10 09:20:00,54114.0,54136.0,54114.0,54133.0,38.0
2026-08-10 09:25:00,54139.0,54139.0,54130.0,54139.0,28.0
2026-08-10 09:30:00,54139.0,54145.0,54133.0,54142.0,59.0
2026-08-10 09:35:00,54140.0,54140.0,54125.0,54126.0,21.0
2026-08-10 09:40:00,54130.0,54130.0,54115.0,54125.0,32.0
2026-08-10 09:45:00,54124.0,54132.0,54118.0,54118.0,24.0
2026-08-10 09:50:00,54115.0,54122.0,54115.0,54117.0,14.0
2026-08-10 09:55:00,54117.0,54122.0,54117.0,54122.0,2.0
2026-08-10 10:00:00,54115.0,54124.0,54103.0,54118.0,45.0
2026-08-10 10:05:00,54121.0,54128.0,54121.0,54125.0,37.0
2026-08-10 10:10:00,54126.0,54131.0,54118.0,54118.0,35.0
2026-08-10 10:15:00,54120.0,54134.0,54116.0,54134.0,14.0
2026-08-10 10:20:00,54134.0,54152.0,54134.0,54139.0,31.0
2026-08-10 10:25:00,54137.0,54140.0,54130.0,54130.0,17.0
2026-08-10 10:30:00,54132.0,54137.0,54107.0,54110.0,45.0
2026-08-10 10:35:00,54114.0,54114.0,54092.0,54099.0,118.0
2026-08-10 10:40:00,54095.0,54105.0,54084.0,54105.0,92.0
2026-08-10 10:45:00,54104.0,54112.0,54103.0,54112.0,23.0
2026-08-10 10:50:00,54111.0,54112.0,54089.0,54089.0,39.0
2026-08-10 10:55:00,54087.0,54094.0,54080.0,54091.0,70.0
2026-08-10 11:00:00,54093.0,54098.0,54059.0,54059.0,197.0
2026-08-10 11:05:00,54061.0,54079.0,54060.0,54077.0,65.0
2026-08-10 11:10:00,54078.0,54081.0,54050.0,54058.0,80.0
2026-08-10 11:15:00,54057.0,54074.0,54055.0,54067.0,27.0
2026-08-10 11:20:00,54064.0,54077.0,54061.0,54074.0,47.0
2026-08-10 11:25:00,54074.0,54085.0,54071.0,54081.0,73.0
2026-08-10 11:30:00,54081.0,54091.0,54081.0,54089.0,51.0
2026-08-10 11:35:00,54088.0,54093.0,54074.0,54080.0,45.0
2026-08-10 11:40:00,54082.0,54095.0,54078.0,54089.0,30.0
2026-08-10 11:45:00,54088.0,54092.0,54080.0,54083.0,36.0
2026-08-10 11:50:00,54080.0,54095.0,54080.0,54087.0,47.0
2026-08-10 11:55:00,54088.0,54088.0,54077.0,54080.0,34.0
2026-08-10 12:00:00,54084.0,54112.0,54084.0,54106.0,138.0
2026-08-10 12:05:00,54107.0,54125.0,54096.0,54124.0,62.0
2026-08-10 12:10:00,54125.0,54125.0,54108.0,54110.0,56.0
2026-08-10 12:15:00,54112.0,54121.0,54110.0,54116.0,93.0
2026-08-10 12:20:00,54111.0,54114.0,54092.0,54094.0,70.0
2026-08-10 12:25:00,54090.0,54101.0,54083.0,54099.0,87.0
2026-08-10 12:30:00,54101.0,54110.0,54070.0,54071.0,204.0
2026-08-10 12:35:00,54070.0,54080.0,54060.0,54060.0,96.0
2026-08-10 12:40:00,54063.0,54063.0,54041.0,54049.0,117.0
2026-08-10 12:45:00,54049.0,54050.0,54034.0,54035.0,165.0
2026-08-10 12:50:00,54031.0,54037.0,54017.0,54035.0,139.0
2026-08-10 12:55:00,54033.0,54066.0,54032.0,54065.0,159.0
2026-08-10 13:00:00,54066.0,54082.0,54066.0,54079.0,181.0
2026-08-10 13:05:00,54080.0,54080.0,54046.0,54049.0,110.0
2026-08-10 13:10:00,54051.0,54058.0,54045.0,54050.0,114.0
2026-08-10 13:15:00,54050.0,54050.0,54011.0,54012.0,186.0
2026-08-10 13:20:00,54013.0,54028.0,53998.0,54010.0,169.0
2026-08-10 13:25:00,54007.0,54039.0,53983.0,54033.0,555.0
2026-08-10 13:30:00,54038.0,54130.0,54036.0,54059.0,2795.0
2026-08-10 13:35:00,54060.0,54088.0,54022.0,54049.0,1520.0
2026-08-10 13:40:00,54053.0,54114.0,54036.0,54036.0,1198.0
2026-08-10 13:45:00,54036.0,54060.0,54003.0,54017.0,1395.0
2026-08-10 13:50:00,54017.0,54087.0,53966.0,54059.0,1991.0
2026-08-10 13:55:00,54057.0,54092.0,54046.0,54050.0,959.0
2026-08-10 14:00:00,54053.0,54080.0,54034.0,54037.0,681.0
2026-08-10 14:05:00,54035.0,54035.0,54000.0,54013.0,564.0
2026-08-10 14:10:00,54013.0,54043.0,53990.0,54028.0,785.0
2026-08-10 14:15:00,54030.0,54086.0,54022.0,54082.0,633.0
2026-08-10 14:20:00,54081.0,54085.0,54054.0,54066.0,541.0
2026-08-10 14:25:00,54064.0,54107.0,54064.0,54090.0,466.0
2026-08-10 14:30:00,54089.0,54094.0,54070.0,54078.0,354.0
2026-08-10 14:35:00,54081.0,54101.0,54056.0,54083.0,522.0
2026-08-10 14:40:00,54083.0,54110.0,54080.0,54100.0,280.0
2026-08-10 14:45:00,54100.0,54157.0,54100.0,54147.0,673.0
2026-08-10 14:50:00,54147.0,54154.0,54102.0,54119.0,673.0
2026-08-10 14:55:00,54119.0,54138.0,54098.0,54101.0,800.0
2026-08-10 15:00:00,54100.0,54110.0,54075.0,54097.0,665.0
2026-08-10 15:05:00,54098.0,54122.0,54098.0,54110.0,406.0
2026-08-10 15:10:00,54109.0,54136.0,54093.0,54136.0,428.0
2026-08-10 15:15:00,54137.0,54152.0,54118.0,54142.0,434.0
2026-08-10 15:20:00,54141.0,54167.0,54141.0,54153.0,323.0
2026-08-10 15:25:00,54151.0,54157.0,54126.0,54138.0,361.0
2026-08-10 15:30:00,54141.0,54149.0,54128.0,54132.0,325.0
2026-08-10 15:35:00,54134.0,54134.0,54097.0,54101.0,433.0
2026-08-10 15:40:00,54098.0,54108.0,54060.0,54077.0,499.0
2026-08-10 15:45:00,54077.0,54102.0,54065.0,54079.0,410.0
2026-08-10 15:50:00,54079.0,54118.0,54072.0,54101.0,404.0
2026-08-10 15:55:00,54100.0,54125.0,54086.0,54121.0,334.0
2026-08-10 16:00:00,54123.0,54125.0,54074.0,54080.0,329.0
2026-08-10 16:05:00,54084.0,54108.0,54081.0,54101.0,195.0
2026-08-10 16:10:00,54100.0,54106.0,54078.0,54078.0,214.0
2026-08-10 16:15:00,54079.0,54079.0,54053.0,54053.0,278.0
2026-08-10 16:20:00,54054.0,54059.0,54027.0,54051.0,609.0
2026-08-10 16:25:00,54054.0,54064.0,54040.0,54058.0,362.0
2026-08-10 16:30:00,54059.0,54065.0,53952.0,54029.0,1221.0
2026-08-10 16:35:00,54029.0,54062.0,54029.0,54040.0,426.0
2026-08-10 16:40:00,54043.0,54046.0,54008.0,54013.0,298.0
2026-08-10 16:45:00,54012.0,54037.0,53999.0,54037.0,283.0
2026-08-10 16:50:00,54037.0,54041.0,54019.0,54035.0,197.0
2026-08-10 16:55:00,54035.0,54046.0,54022.0,54042.0,270.0
2026-08-10 17:00:00,54041.0,54048.0,54009.0,54018.0,226.0
2026-08-10 17:05:00,54017.0,54020.0,54000.0,54015.0,328.0
2026-08-10 17:10:00,54017.0,54026.0,53997.0,54015.0,237.0
2026-08-10 17:15:00,54015.0,54026.0,54007.0,54014.0,220.0
2026-08-10 17:20:00,54016.0,54020.0,53989.0,54019.0,290.0
2026-08-10 17:25:00,54018.0,54019.0,53998.0,54011.0,244.0
2026-08-10 17:30:00,54012.0,54015.0,53999.0,54007.0,225.0
2026-08-10 17:35:00,54009.0,54009.0,53979.0,53995.0,280.0
2026-08-10 17:40:00,53994.0,54008.0,53987.0,53993.0,242.0
2026-08-10 17:45:00,53992.0,54021.0,53983.0,54014.0,377.0
2026-08-10 17:50:00,54015.0,54021.0,53997.0,54008.0,248.0
2026-08-10 17:55:00,54008.0,54013.0,53993.0,54001.0,224.0
2026-08-10 18:00:00,54002.0,54020.0,54002.0,54011.0,149.0
2026-08-10 18:05:00,54012.0,54014.0,53997.0,54002.0,217.0
2026-08-10 18:10:00,54003.0,54009.0,53977.0,53979.0,204.0
2026-08-10 18:15:00,53978.0,53992.0,53971.0,53976.0,300.0
2026-08-10 18:20:00,53974.0,53988.0,53965.0,53975.0,181.0
2026-08-10 18:25:00,53976.0,53989.0,53975.0,53975.0,110.0
2026-08-10 18:30:00,53973.0,53973.0,53958.0,53960.0,362.0
2026-08-10 18:35:00,53959.0,53981.0,53957.0,53981.0,216.0
2026-08-10 18:40:00,53981.0,53998.0,53981.0,53994.0,206.0
2026-08-10 18:45:00,53993.0,54001.0,53986.0,53992.0,141.0
2026-08-10 18:50:00,53993.0,54013.0,53992.0,54007.0,163.0
2026-08-10 18:55:00,54005.0,54012.0,53996.0,53996.0,186.0
2026-08-10 19:00:00,53997.0,53999.0,53981.0,53993.0,215.0
2026-08-10 19:05:00,53996.0,54018.0,53989.0,54015.0,203.0
2026-08-10 19:10:00,54014.0,54014.0,53996.0,53999.0,117.0
2026-08-10 19:15:00,53999.0,54015.0,53996.0,54015.0,156.0
2026-08-10 19:20:00,54016.0,54017.0,54002.0,54010.0,111.0
2026-08-10 19:25:00,54009.0,54009.0,53976.0,53980.0,205.0
2026-08-10 19:30:00,53979.0,53987.0,53967.0,53982.0,357.0
2026-08-10 19:35:00,53979.0,54007.0,53973.0,54002.0,329.0
2026-08-10 19:40:00,54002.0,54014.0,53996.0,54006.0,271.0
2026-08-10 19:45:00,54004.0,54016.0,54000.0,54014.0,405.0
2026-08-10 19:50:00,54013.0,54020.0,53994.0,54003.0,662.0
2026-08-10 19:55:00,54003.0,54078.0,53996.0,54064.0,3062.0
2026-08-10 20:00:00,54064.0,54068.0,54034.0,54034.0,701.0
2026-08-10 20:05:00,54033.0,54043.0,54031.0,54037.0,160.0
2026-08-10 20:10:00,54037.0,54043.0,54035.0,54038.0,149.0
2026-08-10 20:15:00,54036.0,54040.0,54018.0,54027.0,116.0
2026-08-10 20:20:00,54026.0,54029.0,54020.0,54029.0,85.0
2026-08-10 20:25:00,54028.0,54037.0,54027.0,54037.0,57.0
2026-08-10 20:30:00,54033.0,54040.0,54032.0,54038.0,62.0
2026-08-10 20:35:00,54038.0,54043.0,54034.0,54034.0,44.0
2026-08-10 20:40:00,54036.0,54062.0,54033.0,54050.0,116.0
2026-08-10 20:45:00,54052.0,54057.0,54048.0,54056.0,55.0
2026-08-10 20:50:00,54056.0,54061.0,54053.0,54057.0,59.0
2026-08-10 20:55:00,54058.0,54062.0,54054.0,54061.0,58.0
2026-08-10 22:00:00,54049.0,54074.0,54041.0,54041.0,0.0
2026-08-10 22:05:00,54043.0,54049.0,54039.0,54042.0,26.0
2026-08-10 22:10:00,54037.0,54039.0,54016.0,54038.0,46.0
2026-08-10 22:15:00,54039.0,54039.0,54025.0,54028.0,22.0
2026-08-10 22:20:00,54031.0,54033.0,54021.0,54021.0,13.0
2026-08-10 22:25:00,54020.0,54024.0,54019.0,54024.0,27.0
2026-08-10 22:30:00,54018.0,54019.0,54008.0,54009.0,20.0
2026-08-10 22:35:00,54011.0,54015.0,54010.0,54015.0,13.0
2026-08-10 22:40:00,54015.0,54018.0,54012.0,54015.0,12.0
2026-08-10 22:45:00,54016.0,54019.0,54015.0,54015.0,8.0
2026-08-10 22:50:00,54015.0,54015.0,54013.0,54013.0,3.0
2026-08-10 22:55:00,54016.0,54020.0,54016.0,54020.0,2.0
2026-08-10 23:00:00,54023.0,54025.0,54017.0,54021.0,23.0
2026-08-10 23:05:00,54021.0,54027.0,54019.0,54024.0,12.0
2026-08-10 23:10:00,54028.0,54028.0,54023.0,54024.0,12.0
2026-08-10 23:15:00,54029.0,54029.0,54020.0,54021.0,9.0
2026-08-10 23:20:00,54018.0,54021.0,54012.0,54015.0,9.0
2026-08-10 23:25:00,54019.0,54019.0,54007.0,54008.0,32.0
2026-08-10 23:30:00,54009.0,54010.0,54001.0,54004.0,17.0
2026-08-10 23:35:00,54008.0,54015.0,54008.0,54013.0,7.0
2026-08-10 23:40:00,54017.0,54022.0,54016.0,54021.0,10.0
2026-08-10 23:45:00,54021.0,54022.0,54016.0,54020.0,12.0
2026-08-10 23:50:00,54020.0,54020.0,54009.0,54009.0,23.0
2026-08-10 23:55:00,54007.0,54028.0,53998.0,54028.0,54.0
2026-08-11 00:00:00,54025.0,54025.0,54013.0,54017.0,65.0
2026-08-11 00:05:00,54017.0,54017.0,54007.0,54015.0,45.0
2026-08-11 00:10:00,54012.0,54026.0,54012.0,54021.0,62.0
2026-08-11 00:15:00,54019.0,54020.0,54009.0,54018.0,51.0
2026-08-11 00:20:00,54017.0,54020.0,54010.0,54019.0,37.0
2026-08-11 00:25:00,54018.0,54027.0,54017.0,54027.0,21.0
2026-08-11 00:30:00,54026.0,54035.0,54020.0,54033.0,50.0
2026-08-11 00:35:00,54032.0,54038.0,54028.0,54028.0,35.0
2026-08-11 00:40:00,54029.0,54039.0,54025.0,54034.0,53.0
2026-08-11 00:45:00,54036.0,54039.0,54029.0,54031.0,27.0
2026-08-11 00:50:00,54029.0,54034.0,54027.0,54027.0,14.0
2026-08-11 00:55:00,54027.0,54031.0,54024.0,54031.0,23.0
2026-08-11 01:00:00,54032.0,54032.0,54021.0,54030.0,57.0
2026-08-11 01:05:00,54031.0,54039.0,54030.0,54039.0,25.0
2026-08-11 01:10:00,54038.0,54052.0,54035.0,54047.0,116.0
2026-08-11 01:15:00,54047.0,54049.0,54034.0,54035.0,62.0
2026-08-11 01:20:00,54036.0,54051.0,54036.0,54048.0,78.0
2026-08-11 01:25:00,54050.0,54055.0,54046.0,54054.0,31.0
2026-08-11 01:30:00,54053.0,54057.0,54047.0,54049.0,44.0
2026-08-11 01:35:00,54050.0,54050.0,54042.0,54044.0,26.0
2026-08-11 01:40:00,54044.0,54046.0,54033.0,54038.0,47.0
2026-08-11 01:45:00,54036.0,54047.0,54033.0,54046.0,31.0
2026-08-11 01:50:00,54043.0,54045.0,54038.0,54038.0,33.0
2026-08-11 01:55:00,54041.0,54041.0,54029.0,54029.0,34.0
2026-08-11 02:00:00,54027.0,54032.0,54026.0,54032.0,16.0
2026-08-11 02:05:00,54032.0,54032.0,54028.0,54029.0,22.0
2026-08-11 02:10:00,54031.0,54037.0,54030.0,54036.0,9.0
2026-08-11 02:15:00,54041.0,54041.0,54037.0,54037.0,24.0
2026-08-11 02:20:00,54038.0,54038.0,54034.0,54038.0,26.0
2026-08-11 02:25:00,54039.0,54044.0,54039.0,54043.0,18.0
2026-08-11 02:30:00,54043.0,54055.0,54043.0,54052.0,29.0
2026-08-11 02:35:00,54051.0,54051.0,54047.0,54048.0,24.0
2026-08-11 02:40:00,54048.0,54054.0,54048.0,54053.0,29.0
2026-08-11 02:45:00,54053.0,54053.0,54045.0,54045.0,17.0
2026-08-11 02:50:00,54044.0,54045.0,54040.0,54043.0,26.0
2026-08-11 02:55:00,54044.0,54050.0,54043.0,54050.0,18.0
2026-08-11 03:00:00,54048.0,54057.0,54048.0,54057.0,32.0
2026-08-11 03:05:00,54058.0,54061.0,54058.0,54061.0,12.0
2026-08-11 03:10:00,54062.0,54065.0,54062.0,54062.0,18.0
2026-08-11 03:15:00,54060.0,54066.0,54060.0,54066.0,7.0
2026-08-11 03:20:00,54066.0,54075.0,54066.0,54075.0,9.0
2026-08-11 03:25:00,54076.0,54085.0,54076.0,54080.0,25.0
2026-08-11 03:30:00,54079.0,54079.0,54072.0,54073.0,13.0
2026-08-11 03:35:00,54074.0,54075.0,54071.0,54073.0,14.0
2026-08-11 03:40:00,54077.0,54081.0,54070.0,54070.0,26.0
2026-08-11 03:45:00,54069.0,54069.0,54065.0,54067.0,15.0
2026-08-11 03:50:00,54067.0,54070.0,54067.0,54070.0,6.0
2026-08-11 03:55:00,54070.0,54070.0,54065.0,54066.0,8.0
2026-08-11 04:00:00,54070.0,54072.0,54068.0,54068.0,18.0
2026-08-11 04:05:00,54068.0,54069.0,54067.0,54068.0,6.0
2026-08-11 04:10:00,54067.0,54071.0,54066.0,54070.0,20.0
2026-08-11 04:15:00,54070.0,54070.0,54064.0,54064.0,15.0
2026-08-11 04:20:00,54063.0,54063.0,54060.0,54061.0,18.0
2026-08-11 04:25:00,54063.0,54069.0,54061.0,54069.0,15.0
2026-08-11 04:30:00,54066.0,54084.0,54066.0,54074.0,78.0
2026-08-11 04:35:00,54072.0,54073.0,54068.0,54071.0,27.0
2026-08-11 04:40:00,54070.0,54072.0,54069.0,54069.0,5.0
2026-08-11 04:45:00,54068.0,54072.0,54068.0,54070.0,7.0
2026-08-11 04:50:00,54068.0,54069.0,54067.0,54067.0,7.0
2026-08-11 04:55:00,54068.0,54070.0,54066.0,54066.0,14.0
2026-08-11 05:00:00,54064.0,54070.0,54064.0,54069.0,11.0
2026-08-11 05:05:00,54068.0,54070.0,54063.0,54068.0,21.0
2026-08-11 05:10:00,54067.0,54068.0,54065.0,54068.0,20.0
2026-08-11 05:15:00,54071.0,54071.0,54064.0,54065.0,13.0
2026-08-11 05:20:00,54060.0,54062.0,54054.0,54058.0,46.0
2026-08-11 05:25:00,54060.0,54063.0,54060.0,54062.0,12.0
2026-08-11 05:30:00,54059.0,54069.0,54058.0,54068.0,49.0
2026-08-11 05:35:00,54067.0,54075.0,54067.0,54073.0,36.0
2026-08-11 05:40:00,54073.0,54079.0,54073.0,54075.0,12.0
2026-08-11 05:45:00,54075.0,54076.0,54054.0,54054.0,30.0
2026-08-11 05:50:00,54051.0,54056.0,54041.0,54041.0,53.0
2026-08-11 05:55:00,54037.0,54042.0,54036.0,54037.0,24.0
2026-08-11 06:00:00,54037.0,54060.0,54035.0,54058.0,49.0
2026-08-11 06:05:00,54058.0,54062.0,54051.0,54052.0,35.0
2026-08-11 06:10:00,54049.0,54053.0,54046.0,54047.0,34.0
2026-08-11 06:15:00,54052.0,54052.0,54017.0,54018.0,106.0
2026-08-11 06:20:00,54017.0,54028.0,54017.0,54027.0,46.0
2026-08-11 06:25:00,54024.0,54027.0,53999.0,54000.0,66.0
2026-08-11 06:30:00,54000.0,54010.0,53949.0,53973.0,452.0
2026-08-11 06:35:00,53978.0,54012.0,53977.0,54010.0,71.0
2026-08-11 06:40:00,54012.0,54015.0,53997.0,53998.0,71.0
2026-08-11 06:45:00,54002.0,54008.0,53997.0,54005.0,30.0
2026-08-11 06:50:00,53999.0,54004.0,53994.0,53996.0,29.0
2026-08-11 06:55:00,53999.0,54016.0,53999.0,54016.0,42.0
2026-08-11 07:00:00,54018.0,54042.0,54013.0,54024.0,150.0
2026-08-11 07:05:00,54023.0,54029.0,54003.0,54003.0,55.0
2026-08-11 07:10:00,54010.0,54015.0,54005.0,54015.0,37.0
2026-08-11 07:15:00,54015.0,54015.0,53995.0,53999.0,25.0
2026-08-11 07:20:00,53999.0,54000.0,53983.0,53986.0,37.0
2026-08-11 07:25:00,53988.0,54001.0,53988.0,53998.0,32.0
2026-08-11 07:30:00,54000.0,54012.0,53992.0,54011.0,60.0
2026-08-11 07:35:00,54012.0,54025.0,54004.0,54004.0,59.0
2026-08-11 07:40:00,54004.0,54009.0,53994.0,54005.0,40.0
2026-08-11 07:45:00,54004.0,54005.0,53993.0,53994.0,28.0
2026-08-11 07:50:00,53995.0,54003.0,53988.0,53988.0,28.0
2026-08-11 07:55:00,53986.0,54010.0,53986.0,54005.0,57.0
2026-08-11 08:00:00,54008.0,54033.0,54006.0,54013.0,93.0
2026-08-11 08:05:00,54012.0,54013.0,53993.0,53995.0,74.0
2026-08-11 08:10:00,53997.0,54001.0,53980.0,53980.0,50.0
2026-08-11 08:15:00,53978.0,53989.0,53974.0,53976.0,37.0
2026-08-11 08:20:00,53980.0,53988.0,53970.0,53988.0,63.0
2026-08-11 08:25:00,53985.0,54000.0,53978.0,53994.0,115.0
2026-08-11 08:30:00,53997.0,54004.0,53990.0,54003.0,52.0
2026-08-11 08:35:00,54006.0,54010.0,53996.0,53996.0,65.0
2026-08-11 08:40:00,54002.0,54021.0,54000.0,54019.0,47.0
2026-08-11 08:45:00,54020.0,54025.0,54013.0,54025.0,37.0
2026-08-11 08:50:00,54024.0,54029.0,54020.0,54023.0,39.0
2026-08-11 08:55:00,54023.0,54023.0,54001.0,54004.0,77.0
2026-08-11 09:00:00,53999.0,54009.0,53993.0,53993.0,61.0
2026-08-11 09:05:00,53992.0,54004.0,53979.0,53981.0,83.0
2026-08-11 09:10:00,53978.0,53996.0,53978.0,53991.0,68.0
2026-08-11 09:15:00,53991.0,54008.0,53985.0,54008.0,41.0
2026-08-11 09:20:00,54005.0,54016.0,53998.0,54000.0,33.0
2026-08-11 09:25:00,53993.0,54001.0,53989.0,53999.0,25.0
2026-08-11 09:30:00,54000.0,54020.0,54000.0,54018.0,59.0
2026-08-11 09:35:00,54010.0,54017.0,54009.0,54014.0,24.0
2026-08-11 09:40:00,54013.0,54024.0,54011.0,54011.0,32.0
2026-08-11 09:45:00,54017.0,54020.0,54015.0,54018.0,14.0
2026-08-11 09:50:00,54015.0,54016.0,54008.0,54013.0,29.0
2026-08-11 09:55:00,54017.0,54017.0,54004.0,54011.0,32.0
2026-08-11 10:00:00,54014.0,54014.0,53998.0,54004.0,20.0
2026-08-11 10:05:00,53999.0,54002.0,53996.0,54001.0,11.0
2026-08-11 10:10:00,54000.0,54004.0,53996.0,53996.0,30.0
2026-08-11 10:15:00,53996.0,54000.0,53992.0,53992.0,22.0
2026-08-11 10:20:00,53993.0,54031.0,53993.0,54024.0,177.0
2026-08-11 10:25:00,54021.0,54067.0,54021.0,54045.0,226.0
2026-08-11 10:30:00,54049.0,54051.0,54029.0,54036.0,67.0
2026-08-11 10:35:00,54042.0,54046.0,54038.0,54039.0,41.0
2026-08-11 10:40:00,54034.0,54050.0,54033.0,54050.0,21.0
2026-08-11 10:45:00,54046.0,54056.0,54046.0,54054.0,20.0
2026-08-11 10:50:00,54057.0,54065.0,54056.0,54058.0,37.0
2026-08-11 10:55:00,54057.0,54061.0,54039.0,54046.0,63.0
2026-08-11 11:00:00,54053.0,54131.0,54036.0,54114.0,551.0
2026-08-11 11:05:00,54115.0,54118.0,54089.0,54095.0,118.0
2026-08-11 11:10:00,54098.0,54120.0,54097.0,54120.0,123.0
2026-08-11 11:15:00,54117.0,54130.0,54090.0,54091.0,85.0
2026-08-11 11:20:00,54092.0,54095.0,54079.0,54082.0,72.0
2026-08-11 11:25:00,54081.0,54102.0,54080.0,54093.0,46.0
2026-08-11 11:30:00,54094.0,54099.0,54085.0,54096.0,51.0
2026-08-11 11:35:00,54091.0,54093.0,54083.0,54087.0,80.0
2026-08-11 11:40:00,54088.0,54102.0,54085.0,54101.0,91.0
2026-08-11 11:45:00,54101.0,54104.0,54092.0,54097.0,39.0
2026-08-11 11:50:00,54098.0,54116.0,54095.0,54115.0,60.0
2026-08-11 11:55:00,54112.0,54114.0,54104.0,54109.0,45.0
2026-08-11 12:00:00,54111.0,54128.0,54108.0,54117.0,173.0
2026-08-11 12:05:00,54119.0,54131.0,54116.0,54130.0,84.0
2026-08-11 12:10:00,54128.0,54139.0,54126.0,54135.0,103.0
2026-08-11 12:15:00,54136.0,54149.0,54131.0,54135.0,160.0
2026-08-11 12:20:00,54134.0,54139.0,54068.0,54079.0,472.0
2026-08-11 12:25:00,54080.0,54098.0,54079.0,54094.0,85.0
2026-08-11 12:30:00,54093.0,54096.0,54080.0,54092.0,120.0
2026-08-11 12:35:00,54092.0,54114.0,54087.0,54108.0,72.0
2026-08-11 12:40:00,54107.0,54117.0,54104.0,54114.0,78.0
2026-08-11 12:45:00,54116.0,54120.0,54103.0,54118.0,91.0
2026-08-11 12:50:00,54119.0,54122.0,54108.0,54115.0,46.0
2026-08-11 12:55:00,54116.0,54122.0,54115.0,54122.0,53.0
2026-08-11 13:00:00,54124.0,54143.0,54119.0,54139.0,160.0
2026-08-11 13:05:00,54141.0,54163.0,54141.0,54153.0,193.0
2026-08-11 13:10:00,54157.0,54157.0,54124.0,54126.0,117.0
2026-08-11 13:15:00,54126.0,54152.0,54117.0,54146.0,169.0
2026-08-11 13:20:00,54143.0,54151.0,54142.0,54150.0,76.0
2026-08-11 13:25:00,54147.0,54179.0,54147.0,54157.0,709.0
2026-08-11 13:30:00,54158.0,54216.0,54105.0,54174.0,2692.0
2026-08-11 13:35:00,54177.0,54260.0,54156.0,54223.0,1694.0
2026-08-11 13:40:00,54221.0,54273.0,54193.0,54235.0,1266.0
2026-08-11 13:45:00,54240.0,54300.0,54240.0,54297.0,1386.0
2026-08-11 13:50:00,54298.0,54330.0,54283.0,54313.0,1225.0
2026-08-11 13:55:00,54311.0,54336.0,54272.0,54275.0,1180.0
2026-08-11 14:00:00,54274.0,54306.0,54231.0,54242.0,1034.0
2026-08-11 14:05:00,54239.0,54241.0,54142.0,54176.0,1432.0
2026-08-11 14:10:00,54175.0,54181.0,54135.0,54173.0,833.0
2026-08-11 14:15:00,54173.0,54189.0,54123.0,54160.0,1016.0
2026-08-11 14:20:00,54160.0,54175.0,54122.0,54135.0,600.0
2026-08-11 14:25:00,54137.0,54160.0,54131.0,54156.0,515.0
2026-08-11 14:30:00,54155.0,54158.0,54098.0,54116.0,855.0
2026-08-11 14:35:00,54115.0,54133.0,54073.0,54101.0,683.0
2026-08-11 14:40:00,54097.0,54105.0,54057.0,54063.0,513.0
2026-08-11 14:45:00,54065.0,54118.0,54065.0,54115.0,690.0
2026-08-11 14:50:00,54113.0,54115.0,54079.0,54093.0,586.0
2026-08-11 14:55:00,54093.0,54099.0,54055.0,54085.0,500.0
2026-08-11 15:00:00,54088.0,54112.0,54073.0,54085.0,365.0
2026-08-11 15:05:00,54087.0,54087.0,54037.0,54048.0,360.0
2026-08-11 15:10:00,54043.0,54059.0,54026.0,54049.0,407.0
2026-08-11 15:15:00,54045.0,54060.0,54019.0,54034.0,354.0
2026-08-11 15:20:00,54038.0,54071.0,54032.0,54064.0,282.0
2026-08-11 15:25:00,54063.0,54070.0,54041.0,54064.0,248.0
2026-08-11 15:30:00,54062.0,54066.0,54013.0,54025.0,630.0
2026-08-11 15:35:00,54024.0,54042.0,54009.0,54026.0,263.0
2026-08-11 15:40:00,54027.0,54041.0,54019.0,54030.0,304.0
2026-08-11 15:45:00,54029.0,54044.0,54024.0,54038.0,169.0
2026-08-11 15:50:00,54033.0,54052.0,54018.0,54026.0,195.0
2026-08-11 15:55:00,54026.0,54048.0,54026.0,54045.0,143.0
2026-08-11 16:00:00,54045.0,54068.0,54040.0,54043.0,234.0
2026-08-11 16:05:00,54044.0,54068.0,54033.0,54043.0,197.0
2026-08-11 16:10:00,54044.0,54049.0,54018.0,54020.0,263.0
2026-08-11 16:15:00,54022.0,54061.0,54022.0,54042.0,199.0
2026-08-11 16:20:00,54041.0,54053.0,54008.0,54013.0,184.0
2026-08-11 16:25:00,54011.0,54021.0,54001.0,54018.0,351.0
2026-08-11 16:30:00,54017.0,54022.0,53983.0,53993.0,370.0
2026-08-11 16:35:00,53992.0,54016.0,53991.0,54002.0,170.0
2026-08-11 16:40:00,53997.0,54007.0,53989.0,53998.0,136.0
2026-08-11 16:45:00,53997.0,54005.0,53984.0,54003.0,179.0
2026-08-11 16:50:00,54001.0,54009.0,53996.0,54005.0,103.0
2026-08-11 16:55:00,54003.0,54010.0,53985.0,53993.0,155.0
2026-08-11 17:00:00,53995.0,54000.0,53980.0,53981.0,140.0
2026-08-11 17:05:00,53979.0,54002.0,53978.0,53988.0,177.0
2026-08-11 17:10:00,53987.0,53995.0,53966.0,53966.0,173.0
2026-08-11 17:15:00,53969.0,53989.0,53963.0,53986.0,222.0
2026-08-11 17:20:00,53986.0,53993.0,53966.0,53983.0,296.0
2026-08-11 17:25:00,53980.0,53983.0,53958.0,53971.0,148.0
2026-08-11 17:30:00,53973.0,53981.0,53967.0,53976.0,85.0
2026-08-11 17:35:00,53980.0,53987.0,53967.0,53975.0,223.0
2026-08-11 17:40:00,53972.0,53992.0,53972.0,53989.0,221.0
2026-08-11 17:45:00,53991.0,54000.0,53986.0,53988.0,131.0
2026-08-11 17:50:00,53989.0,53999.0,53981.0,53987.0,88.0
2026-08-11 17:55:00,53983.0,53995.0,53977.0,53993.0,109.0
2026-08-11 18:00:00,53993.0,53993.0,53967.0,53972.0,167.0
2026-08-11 18:05:00,53972.0,53977.0,53947.0,53947.0,280.0
2026-08-11 18:10:00,53950.0,53968.0,53948.0,53965.0,104.0
2026-08-11 18:15:00,53964.0,53970.0,53950.0,53960.0,146.0
2026-08-11 18:20:00,53957.0,53970.0,53940.0,53968.0,266.0
2026-08-11 18:25:00,53970.0,53978.0,53909.0,53913.0,658.0
2026-08-11 18:30:00,53917.0,53951.0,53917.0,53939.0,361.0
2026-08-11 18:35:00,53939.0,53951.0,53936.0,53939.0,246.0
2026-08-11 18:40:00,53937.0,53937.0,53913.0,53924.0,222.0
2026-08-11 18:45:00,53925.0,53941.0,53925.0,53939.0,228.0
2026-08-11 18:50:00,53940.0,53941.0,53921.0,53928.0,91.0
2026-08-11 18:55:00,53927.0,53927.0,53910.0,53911.0,150.0
2026-08-11 19:00:00,53912.0,53915.0,53889.0,53889.0,282.0
2026-08-11 19:05:00,53888.0,53890.0,53875.0,53885.0,264.0
2026-08-11 19:10:00,53887.0,53895.0,53880.0,53884.0,286.0
2026-08-11 19:15:00,53882.0,53905.0,53876.0,53904.0,180.0
2026-08-11 19:20:00,53908.0,53915.0,53898.0,53912.0,151.0
2026-08-11 19:25:00,53915.0,53916.0,53897.0,53908.0,193.0
2026-08-11 19:30:00,53908.0,53930.0,53904.0,53924.0,354.0
2026-08-11 19:35:00,53925.0,53941.0,53922.0,53937.0,246.0
2026-08-11 19:40:00,53936.0,53942.0,53920.0,53923.0,228.0
2026-08-11 19:45:00,53922.0,53926.0,53908.0,53917.0,632.0
2026-08-11 19:50:00,53917.0,53920.0,53869.0,53893.0,1100.0
2026-08-11 19:55:00,53892.0,53904.0,53855.0,53892.0,2584.0
2026-08-11 20:00:00,53892.0,53903.0,53883.0,53889.0,462.0
2026-08-11 20:05:00,53889.0,53900.0,53882.0,53900.0,151.0
2026-08-11 20:10:00,53898.0,53901.0,53887.0,53895.0,119.0
2026-08-11 20:15:00,53897.0,53902.0,53893.0,53899.0,36.0
2026-08-11 20:20:00,53900.0,53909.0,53898.0,53907.0,52.0
2026-08-11 20:25:00,53909.0,53912.0,53908.0,53912.0,20.0
2026-08-11 20:30:00,53917.0,53926.0,53915.0,53921.0,33.0
2026-08-11 20:35:00,53922.0,53925.0,53915.0,53918.0,43.0
2026-08-11 20:40:00,53916.0,53917.0,53912.0,53915.0,21.0
2026-08-11 20:45:00,53915.0,53916.0,53900.0,53901.0,56.0
2026-08-11 20:50:00,53899.0,53904.0,53898.0,53901.0,37.0
2026-08-11 20:55:00,53900.0,53904.0,53896.0,53904.0,36.0
2026-08-11 22:00:00,53903.0,53914.0,53890.0,53894.0,0.0
2026-08-11 22:05:00,53890.0,53902.0,53888.0,53902.0,16.0
2026-08-11 22:10:00,53907.0,53907.0,53905.0,53907.0,4.0
2026-08-11 22:15:00,53907.0,53908.0,53906.0,53906.0,7.0
2026-08-11 22:20:00,53903.0,53905.0,53901.0,53901.0,6.0
2026-08-11 22:25:00,53899.0,53899.0,53894.0,53896.0,8.0
2026-08-11 22:30:00,53893.0,53895.0,53885.0,53885.0,16.0
2026-08-11 22:35:00,53888.0,53895.0,53888.0,53891.0,4.0
2026-08-11 22:40:00,53889.0,53896.0,53884.0,53887.0,34.0
2026-08-11 22:45:00,53889.0,53894.0,53885.0,53892.0,42.0
2026-08-11 22:50:00,53892.0,53899.0,53892.0,53897.0,8.0
2026-08-11 22:55:00,53896.0,53900.0,53892.0,53892.0,9.0
2026-08-11 23:00:00,53891.0,53900.0,53890.0,53896.0,15.0
2026-08-11 23:05:00,53895.0,53902.0,53895.0,53902.0,15.0
2026-08-11 23:10:00,53900.0,53902.0,53895.0,53895.0,11.0
2026-08-11 23:15:00,53899.0,53899.0,53897.0,53898.0,5.0
2026-08-11 23:20:00,53897.0,53898.0,53895.0,53898.0,16.0
2026-08-11 23:25:00,53895.0,53900.0,53895.0,53900.0,22.0
2026-08-11 23:30:00,53897.0,53897.0,53886.0,53889.0,18.0
2026-08-11 23:35:00,53890.0,53897.0,53890.0,53892.0,24.0
2026-08-11 23:40:00,53895.0,53896.0,53891.0,53893.0,9.0
2026-08-11 23:45:00,53893.0,53896.0,53893.0,53894.0,6.0
2026-08-11 23:50:00,53897.0,53906.0,53897.0,53906.0,17.0
2026-08-11 23:55:00,53907.0,53907.0,53900.0,53901.0,11.0
2026-08-12 00:00:00,53898.0,53901.0,53886.0,53889.0,76.0
2026-08-12 00:05:00,53891.0,53891.0,53877.0,53884.0,40.0
2026-08-12 00:10:00,53885.0,53886.0,53878.0,53884.0,24.0
2026-08-12 00:15:00,53885.0,53896.0,53881.0,53890.0,65.0
2026-08-12 00:20:00,53888.0,53890.0,53885.0,53890.0,8.0
2026-08-12 00:25:00,53887.0,53887.0,53872.0,53879.0,22.0
2026-08-12 00:30:00,53873.0,53878.0,53873.0,53876.0,22.0
2026-08-12 00:35:00,53881.0,53882.0,53881.0,53882.0,8.0
2026-08-12 00:40:00,53881.0,53881.0,53869.0,53871.0,37.0
2026-08-12 00:45:00,53873.0,53873.0,53862.0,53867.0,34.0
2026-08-12 00:50:00,53866.0,53866.0,53855.0,53859.0,37.0
2026-08-12 00:55:00,53859.0,53871.0,53859.0,53868.0,30.0
2026-08-12 01:00:00,53870.0,53874.0,53866.0,53871.0,18.0
2026-08-12 01:05:00,53872.0,53872.0,53863.0,53866.0,14.0
2026-08-12 01:10:00,53867.0,53870.0,53865.0,53868.0,24.0
2026-08-12 01:15:00,53866.0,53866.0,53856.0,53860.0,28.0
2026-08-12 01:20:00,53864.0,53865.0,53859.0,53859.0,10.0
2026-08-12 01:25:00,53863.0,53866.0,53861.0,53865.0,17.0
2026-08-12 01:30:00,53863.0,53864.0,53855.0,53860.0,27.0
2026-08-12 01:35:00,53859.0,53866.0,53858.0,53866.0,13.0
2026-08-12 01:40:00,53866.0,53867.0,53860.0,53866.0,24.0
2026-08-12 01:45:00,53866.0,53867.0,53862.0,53864.0,19.0
2026-08-12 01:50:00,53865.0,53866.0,53854.0,53858.0,77.0
2026-08-12 01:55:00,53857.0,53860.0,53855.0,53860.0,28.0
2026-08-12 02:00:00,53862.0,53869.0,53862.0,53867.0,75.0
2026-08-12 02:05:00,53869.0,53873.0,53868.0,53873.0,18.0
2026-08-12 02:10:00,53874.0,53881.0,53872.0,53878.0,29.0
2026-08-12 02:15:00,53881.0,53886.0,53879.0,53882.0,29.0
2026-08-12 02:20:00,53885.0,53885.0,53881.0,53881.0,10.0
2026-08-12 02:25:00,53881.0,53883.0,53881.0,53883.0,12.0
2026-08-12 02:30:00,53886.0,53889.0,53882.0,53882.0,30.0
2026-08-12 02:35:00,53880.0,53883.0,53880.0,53880.0,14.0
2026-08-12 02:40:00,53881.0,53883.0,53881.0,53883.0,12.0
2026-08-12 02:45:00,53883.0,53883.0,53877.0,53879.0,8.0
2026-08-12 02:50:00,53880.0,53887.0,53879.0,53887.0,20.0
2026-08-12 02:55:00,53886.0,53890.0,53886.0,53888.0,14.0
2026-08-12 03:00:00,53890.0,53893.0,53881.0,53881.0,39.0
2026-08-12 03:05:00,53882.0,53885.0,53881.0,53884.0,28.0
2026-08-12 03:10:00,53883.0,53888.0,53880.0,53887.0,10.0
2026-08-12 03:15:00,53887.0,53887.0,53879.0,53879.0,12.0
2026-08-12 03:20:00,53880.0,53884.0,53880.0,53883.0,19.0
2026-08-12 03:25:00,53883.0,53892.0,53883.0,53887.0,39.0
2026-08-12 03:30:00,53886.0,53890.0,53884.0,53885.0,19.0
2026-08-12 03:35:00,53886.0,53887.0,53875.0,53877.0,14.0
2026-08-12 03:40:00,53878.0,53880.0,53878.0,53879.0,10.0
2026-08-12 03:45:00,53881.0,53883.0,53874.0,53877.0,19.0
2026-08-12 03:50:00,53878.0,53883.0,53878.0,53883.0,4.0
2026-08-12 03:55:00,53884.0,53887.0,53884.0,53887.0,20.0
2026-08-12 04:00:00,53888.0,53895.0,53884.0,53889.0,30.0
2026-08-12 04:05:00,53887.0,53889.0,53881.0,53883.0,19.0
2026-08-12 04:10:00,53883.0,53890.0,53883.0,53887.0,35.0
2026-08-12 04:15:00,53885.0,53887.0,53882.0,53882.0,10.0
2026-08-12 04:20:00,53887.0,53887.0,53883.0,53884.0,6.0
2026-08-12 04:25:00,53885.0,53888.0,53885.0,53888.0,17.0
2026-08-12 04:30:00,53889.0,53889.0,53883.0,53884.0,9.0
2026-08-12 04:35:00,53884.0,53887.0,53884.0,53887.0,6.0
2026-08-12 04:40:00,53886.0,53886.0,53883.0,53885.0,9.0
2026-08-12 04:45:00,53882.0,53896.0,53882.0,53896.0,12.0
2026-08-12 04:50:00,53899.0,53901.0,53897.0,53897.0,11.0
2026-08-12 04:55:00,53898.0,53901.0,53896.0,53899.0,20.0
2026-08-12 05:00:00,53899.0,53901.0,53897.0,53898.0,26.0
2026-08-12 05:05:00,53898.0,53898.0,53895.0,53897.0,9.0
2026-08-12 05:10:00,53899.0,53899.0,53893.0,53894.0,15.0
2026-08-12 05:15:00,53889.0,53891.0,53885.0,53891.0,21.0
2026-08-12 05:20:00,53892.0,53894.0,53888.0,53894.0,12.0
2026-08-12 05:25:00,53899.0,53904.0,53898.0,53902.0,8.0
2026-08-12 05:30:00,53904.0,53910.0,53901.0,53903.0,32.0
2026-08-12 05:35:00,53901.0,53903.0,53899.0,53903.0,39.0
2026-08-12 05:40:00,53902.0,53904.0,53901.0,53902.0,5.0
2026-08-12 05:45:00,53907.0,53907.0,53902.0,53902.0,11.0
2026-08-12 05:50:00,53902.0,53903.0,53901.0,53902.0,8.0
2026-08-12 05:55:00,53904.0,53906.0,53896.0,53896.0,35.0
2026-08-12 06:00:00,53897.0,53898.0,53888.0,53897.0,39.0
2026-08-12 06:05:00,53895.0,53895.0,53887.0,53887.0,52.0
2026-08-12 06:10:00,53886.0,53886.0,53871.0,53872.0,42.0
2026-08-12 06:15:00,53871.0,53880.0,53871.0,53877.0,23.0
2026-08-12 06:20:00,53882.0,53890.0,53880.0,53890.0,17.0
2026-08-12 06:25:00,53891.0,53902.0,53889.0,53897.0,36.0
2026-08-12 06:30:00,53898.0,53909.0,53896.0,53907.0,29.0
2026-08-12 06:35:00,53910.0,53917.0,53906.0,53916.0,61.0
2026-08-12 06:40:00,53915.0,53915.0,53895.0,53896.0,39.0
2026-08-12 06:45:00,53900.0,53906.0,53900.0,53905.0,23.0
2026-08-12 06:50:00,53907.0,53911.0,53907.0,53910.0,15.0
2026-08-12 06:55:00,53909.0,53915.0,53906.0,53915.0,42.0
2026-08-12 07:00:00,53915.0,53915.0,53896.0,53898.0,90.0
2026-08-12 07:05:00,53899.0,53902.0,53893.0,53895.0,42.0
2026-08-12 07:10:00,53897.0,53912.0,53897.0,53903.0,74.0
2026-08-12 07:15:00,53902.0,53911.0,53902.0,53910.0,26.0
2026-08-12 07:20:00,53910.0,53910.0,53890.0,53891.0,39.0
2026-08-12 07:25:00,53888.0,53894.0,53886.0,53892.0,26.0
2026-08-12 07:30:00,53891.0,53898.0,53891.0,53892.0,29.0
2026-08-12 07:35:00,53898.0,53910.0,53898.0,53907.0,22.0
2026-08-12 07:40:00,53908.0,53912.0,53902.0,53912.0,24.0
2026-08-12 07:45:00,53911.0,53911.0,53899.0,53900.0,38.0
2026-08-12 07:50:00,53900.0,53904.0,53900.0,53903.0,19.0
2026-08-12 07:55:00,53900.0,53900.0,53880.0,53892.0,43.0
2026-08-12 08:00:00,53891.0,53904.0,53888.0,53894.0,116.0
2026-08-12 08:05:00,53897.0,53906.0,53887.0,53888.0,56.0
2026-08-12 08:10:00,53886.0,53893.0,53884.0,53892.0,40.0
2026-08-12 08:15:00,53890.0,53890.0,53875.0,53886.0,83.0
2026-08-12 08:20:00,53884.0,53890.0,53875.0,53884.0,80.0
2026-08-12 08:25:00,53882.0,53887.0,53877.0,53881.0,171.0
2026-08-12 08:30:00,53879.0,53880.0,53861.0,53864.0,47.0
2026-08-12 08:35:00,53866.0,53882.0,53866.0,53876.0,40.0
2026-08-12 08:40:00,53875.0,53881.0,53873.0,53876.0,29.0
2026-08-12 08:45:00,53870.0,53881.0,53869.0,53881.0,14.0
2026-08-12 08:50:00,53884.0,53888.0,53880.0,53887.0,51.0
2026-08-12 08:55:00,53888.0,53889.0,53876.0,53877.0,63.0
2026-08-12 09:00:00,53879.0,53897.0,53875.0,53895.0,58.0
2026-08-12 09:05:00,53895.0,53896.0,53885.0,53894.0,62.0
2026-08-12 09:10:00,53894.0,53904.0,53894.0,53902.0,52.0
2026-08-12 09:15:00,53906.0,53909.0,53896.0,53906.0,54.0
2026-08-12 09:20:00,53908.0,53959.0,53903.0,53959.0,300.0
2026-08-12 09:25:00,53956.0,53972.0,53936.0,53937.0,240.0
2026-08-12 09:30:00,53939.0,53956.0,53932.0,53939.0,79.0
2026-08-12 09:35:00,53940.0,53958.0,53938.0,53958.0,62.0
2026-08-12 09:40:00,53959.0,53965.0,53958.0,53961.0,43.0
2026-08-12 09:45:00,53957.0,53965.0,53948.0,53964.0,53.0
2026-08-12 09:50:00,53966.0,53984.0,53933.0,53933.0,143.0
2026-08-12 09:55:00,53935.0,53945.0,53922.0,53944.0,49.0
2026-08-12 10:00:00,53944.0,53956.0,53944.0,53952.0,45.0
2026-08-12 10:05:00,53951.0,53962.0,53951.0,53959.0,40.0
2026-08-12 10:10:00,53961.0,53963.0,53947.0,53947.0,29.0
2026-08-12 10:15:00,53948.0,53952.0,53942.0,53947.0,45.0
2026-08-12 10:20:00,53948.0,53952.0,53942.0,53942.0,49.0
2026-08-12 10:25:00,53941.0,53942.0,53933.0,53934.0,37.0
2026-08-12 10:30:00,53935.0,53938.0,53924.0,53932.0,168.0
2026-08-12 10:35:00,53936.0,53936.0,53928.0,53930.0,19.0
2026-08-12 10:40:00,53933.0,53942.0,53933.0,53937.0,11.0
2026-08-12 10:45:00,53939.0,53952.0,53873.0,53911.0,433.0
2026-08-12 10:50:00,53908.0,53923.0,53903.0,53917.0,203.0
2026-08-12 10:55:00,53916.0,53936.0,53914.0,53936.0,30.0
2026-08-12 11:00:00,53938.0,53942.0,53916.0,53939.0,74.0
2026-08-12 11:05:00,53941.0,53956.0,53937.0,53951.0,87.0
2026-08-12 11:10:00,53959.0,53959.0,53949.0,53949.0,42.0
2026-08-12 11:15:00,53948.0,53950.0,53937.0,53948.0,39.0
2026-08-12 11:20:00,53946.0,53955.0,53946.0,53949.0,44.0
2026-08-12 11:25:00,53952.0,53964.0,53949.0,53963.0,27.0
2026-08-12 11:30:00,53960.0,53972.0,53959.0,53963.0,84.0
2026-08-12 11:35:00,53962.0,53963.0,53952.0,53959.0,121.0
2026-08-12 11:40:00,53960.0,53988.0,53956.0,53982.0,122.0
2026-08-12 11:45:00,53984.0,53995.0,53975.0,53975.0,196.0
2026-08-12 11:50:00,53974.0,53979.0,53965.0,53977.0,84.0
2026-08-12 11:55:00,53978.0,53987.0,53977.0,53978.0,74.0
2026-08-12 12:00:00,53976.0,53981.0,53955.0,53955.0,157.0
2026-08-12 12:05:00,53959.0,53963.0,53949.0,53955.0,57.0
2026-08-12 12:10:00,53953.0,53986.0,53952.0,53983.0,116.0
2026-08-12 12:15:00,53984.0,53998.0,53980.0,53994.0,241.0
2026-08-12 12:20:00,54000.0,54004.0,53990.0,53998.0,209.0
2026-08-12 12:25:00,53999.0,54058.0,53998.0,54045.0,346.0
2026-08-12 12:30:00,54059.0,54150.0,53920.0,54023.0,1008.0
2026-08-12 12:35:00,54024.0,54029.0,53988.0,54028.0,261.0
2026-08-12 12:40:00,54029.0,54056.0,54022.0,54030.0,252.0
2026-08-12 12:45:00,54023.0,54034.0,54002.0,54021.0,171.0
2026-08-12 12:50:00,54024.0,54035.0,54005.0,54020.0,118.0
2026-08-12 12:55:00,54022.0,54044.0,54010.0,54043.0,92.0
2026-08-12 13:00:00,54043.0,54048.0,54016.0,54043.0,287.0
2026-08-12 13:05:00,54043.0,54052.0,54027.0,54034.0,140.0
2026-08-12 13:10:00,54032.0,54049.0,54028.0,54041.0,88.0
2026-08-12 13:15:00,54041.0,54070.0,54039.0,54068.0,331.0
2026-08-12 13:20:00,54066.0,54072.0,54045.0,54051.0,204.0
2026-08-12 13:25:00,54049.0,54085.0,54036.0,54053.0,607.0
2026-08-12 13:30:00,54051.0,54081.0,53894.0,53974.0,3637.0
2026-08-12 13:35:00,53977.0,54025.0,53959.0,53992.0,1476.0
2026-08-12 13:40:00,53990.0,54028.0,53938.0,53939.0,1055.0
2026-08-12 13:45:00,53944.0,53983.0,53903.0,53972.0,1448.0
2026-08-12 13:50:00,53973.0,53992.0,53926.0,53940.0,969.0
2026-08-12 13:55:00,53938.0,53952.0,53884.0,53888.0,633.0
2026-08-12 14:00:00,53888.0,53933.0,53872.0,53895.0,882.0
2026-08-12 14:05:00,53896.0,53904.0,53842.0,53855.0,773.0
2026-08-12 14:10:00,53855.0,53892.0,53842.0,53882.0,763.0
2026-08-12 14:15:00,53883.0,53952.0,53867.0,53943.0,700.0
2026-08-12 14:20:00,53944.0,53972.0,53908.0,53949.0,569.0
2026-08-12 14:25:00,53947.0,53966.0,53920.0,53940.0,470.0
2026-08-12 14:30:00,53941.0,53964.0,53830.0,53895.0,1372.0
2026-08-12 14:35:00,53897.0,53920.0,53884.0,53916.0,407.0
2026-08-12 14:40:00,53915.0,53948.0,53910.0,53933.0,354.0
2026-08-12 14:45:00,53935.0,53948.0,53893.0,53927.0,390.0
2026-08-12 14:50:00,53924.0,53932.0,53879.0,53881.0,460.0
2026-08-12 14:55:00,53880.0,53896.0,53867.0,53885.0,375.0
2026-08-12 15:00:00,53884.0,53885.0,53855.0,53863.0,424.0
2026-08-12 15:05:00,53862.0,53872.0,53849.0,53871.0,263.0
2026-08-12 15:10:00,53873.0,53899.0,53864.0,53872.0,353.0
2026-08-12 15:15:00,53869.0,53881.0,53851.0,53869.0,222.0
2026-08-12 15:20:00,53872.0,53875.0,53840.0,53865.0,231.0
2026-08-12 15:25:00,53864.0,53892.0,53859.0,53892.0,192.0
2026-08-12 15:30:00,53891.0,53897.0,53863.0,53877.0,246.0
2026-08-12 15:35:00,53876.0,53888.0,53854.0,53857.0,165.0
2026-08-12 15:40:00,53856.0,53914.0,53855.0,53905.0,242.0
2026-08-12 15:45:00,53908.0,53915.0,53895.0,53912.0,174.0
2026-08-12 15:50:00,53912.0,53915.0,53890.0,53901.0,113.0
2026-08-12 15:55:00,53905.0,53919.0,53898.0,53910.0,135.0
2026-08-12 16:00:00,53907.0,53940.0,53906.0,53930.0,328.0
2026-08-12 16:05:00,53931.0,53933.0,53902.0,53919.0,128.0
2026-08-12 16:10:00,53918.0,53944.0,53906.0,53938.0,142.0
2026-08-12 16:15:00,53941.0,53943.0,53925.0,53930.0,235.0
2026-08-12 16:20:00,53934.0,53936.0,53921.0,53924.0,141.0
2026-08-12 16:25:00,53930.0,53930.0,53911.0,53912.0,119.0
2026-08-12 16:30:00,53910.0,53922.0,53899.0,53912.0,190.0
2026-08-12 16:35:00,53910.0,53936.0,53910.0,53928.0,192.0
2026-08-12 16:40:00,53927.0,53933.0,53918.0,53923.0,122.0
2026-08-12 16:45:00,53925.0,53925.0,53908.0,53917.0,120.0
2026-08-12 16:50:00,53917.0,53934.0,53912.0,53924.0,113.0
2026-08-12 16:55:00,53923.0,53925.0,53909.0,53923.0,102.0
2026-08-12 17:00:00,53918.0,53920.0,53903.0,53907.0,120.0
2026-08-12 17:05:00,53907.0,53938.0,53903.0,53920.0,181.0
2026-08-12 17:10:00,53919.0,53922.0,53904.0,53913.0,127.0
2026-08-12 17:15:00,53914.0,53914.0,53890.0,53897.0,148.0
2026-08-12 17:20:00,53901.0,53902.0,53883.0,53896.0,116.0
2026-08-12 17:25:00,53893.0,53918.0,53893.0,53904.0,120.0
2026-08-12 17:30:00,53905.0,53917.0,53896.0,53917.0,143.0
2026-08-12 17:35:00,53917.0,53917.0,53904.0,53917.0,120.0
2026-08-12 17:40:00,53917.0,53933.0,53907.0,53915.0,372.0
2026-08-12 17:45:00,53920.0,53932.0,53908.0,53913.0,188.0
2026-08-12 17:50:00,53914.0,53926.0,53903.0,53903.0,173.0
2026-08-12 17:55:00,53905.0,53915.0,53894.0,53909.0,106.0
2026-08-12 18:00:00,53909.0,53916.0,53905.0,53906.0,157.0
2026-08-12 18:05:00,53907.0,53913.0,53901.0,53905.0,85.0
2026-08-12 18:10:00,53904.0,53913.0,53900.0,53909.0,147.0
2026-08-12 18:15:00,53907.0,53910.0,53898.0,53908.0,170.0
2026-08-12 18:20:00,53909.0,53912.0,53901.0,53902.0,94.0
2026-08-12 18:25:00,53908.0,53917.0,53898.0,53900.0,127.0
2026-08-12 18:30:00,53899.0,53920.0,53899.0,53917.0,167.0
2026-08-12 18:35:00,53916.0,53932.0,53916.0,53923.0,177.0
2026-08-12 18:40:00,53921.0,53954.0,53921.0,53947.0,235.0
2026-08-12 18:45:00,53949.0,53956.0,53942.0,53949.0,122.0
2026-08-12 18:50:00,53949.0,53953.0,53944.0,53950.0,115.0
2026-08-12 18:55:00,53948.0,53951.0,53926.0,53927.0,274.0
2026-08-12 19:00:00,53927.0,53959.0,53926.0,53952.0,170.0
2026-08-12 19:05:00,53954.0,53957.0,53939.0,53941.0,137.0
2026-08-12 19:10:00,53942.0,53945.0,53915.0,53920.0,187.0
2026-08-12 19:15:00,53919.0,53927.0,53912.0,53916.0,144.0
2026-08-12 19:20:00,53915.0,53919.0,53903.0,53910.0,163.0
2026-08-12 19:25:00,53911.0,53920.0,53905.0,53916.0,114.0
2026-08-12 19:30:00,53919.0,53925.0,53913.0,53921.0,238.0
2026-08-12 19:35:00,53921.0,53942.0,53921.0,53928.0,282.0
2026-08-12 19:40:00,53927.0,53931.0,53902.0,53918.0,315.0
2026-08-12 19:45:00,53921.0,53928.0,53903.0,53915.0,495.0
2026-08-12 19:50:00,53919.0,53920.0,53854.0,53858.0,1353.0
2026-08-12 19:55:00,53860.0,53887.0,53852.0,53865.0,2075.0
2026-08-12 20:00:00,53866.0,53904.0,53859.0,53898.0,458.0
2026-08-12 20:05:00,53897.0,53943.0,53894.0,53907.0,461.0
2026-08-12 20:10:00,53908.0,53912.0,53888.0,53898.0,230.0
2026-08-12 20:15:00,53898.0,53902.0,53884.0,53886.0,45.0
2026-08-12 20:20:00,53886.0,53893.0,53878.0,53882.0,59.0
2026-08-12 20:25:00,53882.0,53882.0,53866.0,53871.0,68.0
2026-08-12 20:30:00,53869.0,53873.0,53855.0,53862.0,77.0
2026-08-12 20:35:00,53863.0,53871.0,53860.0,53870.0,54.0
2026-08-12 20:40:00,53867.0,53881.0,53866.0,53875.0,192.0
2026-08-12 20:45:00,53876.0,53876.0,53871.0,53871.0,40.0
2026-08-12 20:50:00,53871.0,53882.0,53871.0,53876.0,48.0
2026-08-12 20:55:00,53872.0,53874.0,53860.0,53864.0,46.0
2026-08-12 22:00:00,53905.0,53905.0,53835.0,53878.0,0.0
2026-08-12 22:05:00,53878.0,53882.0,53871.0,53882.0,16.0
2026-08-12 22:10:00,53878.0,53880.0,53874.0,53880.0,10.0
2026-08-12 22:15:00,53882.0,53885.0,53878.0,53884.0,27.0
2026-08-12 22:20:00,53886.0,53888.0,53881.0,53887.0,28.0
2026-08-12 22:25:00,53890.0,53890.0,53883.0,53886.0,14.0
2026-08-12 22:30:00,53881.0,53881.0,53875.0,53876.0,24.0
2026-08-12 22:35:00,53876.0,53881.0,53876.0,53881.0,6.0
2026-08-12 22:40:00,53882.0,53890.0,53881.0,53883.0,23.0
2026-08-12 22:45:00,53885.0,53885.0,53879.0,53880.0,7.0
2026-08-12 22:50:00,53879.0,53883.0,53879.0,53882.0,8.0
2026-08-12 22:55:00,53885.0,53887.0,53878.0,53878.0,18.0
2026-08-12 23:00:00,53881.0,53894.0,53881.0,53893.0,15.0
2026-08-12 23:05:00,53892.0,53897.0,53891.0,53896.0,32.0
2026-08-12 23:10:00,53896.0,53899.0,53895.0,53899.0,35.0
2026-08-12 23:15:00,53901.0,53901.0,53896.0,53896.0,10.0
2026-08-12 23:20:00,53900.0,53901.0,53897.0,53900.0,11.0
2026-08-12 23:25:00,53898.0,53902.0,53898.0,53900.0,12.0
2026-08-12 23:30:00,53898.0,53898.0,53892.0,53893.0,58.0
2026-08-12 23:35:00,53895.0,53897.0,53895.0,53897.0,13.0
2026-08-12 23:40:00,53898.0,53898.0,53896.0,53897.0,11.0
2026-08-12 23:45:00,53895.0,53895.0,53875.0,53880.0,59.0
2026-08-12 23:50:00,53882.0,53885.0,53882.0,53883.0,6.0
2026-08-12 23:55:00,53884.0,53884.0,53875.0,53876.0,32.0
2026-08-13 00:00:00,53876.0,53884.0,53866.0,53879.0,89.0
2026-08-13 00:05:00,53877.0,53884.0,53869.0,53871.0,99.0
2026-08-13 00:10:00,53871.0,53879.0,53854.0,53856.0,113.0
2026-08-13 00:15:00,53856.0,53856.0,53841.0,53845.0,99.0
2026-08-13 00:20:00,53846.0,53857.0,53839.0,53856.0,160.0
2026-08-13 00:25:00,53855.0,53855.0,53836.0,53836.0,47.0
2026-08-13 00:30:00,53837.0,53852.0,53835.0,53851.0,39.0
2026-08-13 00:35:00,53848.0,53851.0,53837.0,53837.0,28.0
2026-08-13 00:40:00,53836.0,53841.0,53828.0,53839.0,59.0
2026-08-13 00:45:00,53841.0,53845.0,53837.0,53839.0,32.0
2026-08-13 00:50:00,53838.0,53846.0,53837.0,53841.0,57.0
2026-08-13 00:55:00,53838.0,53846.0,53838.0,53846.0,31.0
2026-08-13 01:00:00,53844.0,53846.0,53831.0,53837.0,68.0
2026-08-13 01:05:00,53834.0,53834.0,53818.0,53826.0,38.0
2026-08-13 01:10:00,53822.0,53824.0,53805.0,53808.0,56.0
2026-08-13 01:15:00,53807.0,53809.0,53803.0,53808.0,50.0
2026-08-13 01:20:00,53808.0,53812.0,53805.0,53812.0,31.0
2026-08-13 01:25:00,53812.0,53813.0,53805.0,53805.0,34.0
2026-08-13 01:30:00,53806.0,53827.0,53806.0,53823.0,31.0
2026-08-13 01:35:00,53819.0,53824.0,53819.0,53819.0,39.0
2026-08-13 01:40:00,53820.0,53820.0,53811.0,53819.0,32.0
2026-08-13 01:45:00,53818.0,53821.0,53815.0,53818.0,28.0
2026-08-13 01:50:00,53822.0,53832.0,53822.0,53832.0,25.0
2026-08-13 01:55:00,53831.0,53836.0,53825.0,53826.0,43.0
2026-08-13 02:00:00,53826.0,53835.0,53826.0,53832.0,25.0
2026-08-13 02:05:00,53830.0,53839.0,53830.0,53836.0,24.0
2026-08-13 02:10:00,53836.0,53837.0,53833.0,53836.0,21.0
2026-08-13 02:15:00,53837.0,53839.0,53835.0,53838.0,19.0
2026-08-13 02:20:00,53837.0,53840.0,53834.0,53837.0,22.0
2026-08-13 02:25:00,53832.0,53832.0,53824.0,53824.0,23.0
2026-08-13 02:30:00,53827.0,53827.0,53821.0,53825.0,21.0
2026-08-13 02:35:00,53821.0,53824.0,53820.0,53823.0,17.0
2026-08-13 02:40:00,53826.0,53843.0,53825.0,53841.0,49.0
2026-08-13 02:45:00,53841.0,53845.0,53841.0,53841.0,22.0
2026-08-13 02:50:00,53841.0,53841.0,53837.0,53837.0,16.0
2026-08-13 02:55:00,53836.0,53838.0,53835.0,53837.0,11.0
2026-08-13 03:00:00,53834.0,53834.0,53828.0,53828.0,30.0
2026-08-13 03:05:00,53829.0,53833.0,53829.0,53830.0,16.0
2026-08-13 03:10:00,53832.0,53836.0,53827.0,53836.0,18.0
2026-08-13 03:15:00,53835.0,53835.0,53830.0,53830.0,32.0
2026-08-13 03:20:00,53830.0,53832.0,53830.0,53831.0,16.0
2026-08-13 03:25:00,53832.0,53835.0,53831.0,53831.0,39.0
2026-08-13 03:30:00,53832.0,53833.0,53825.0,53826.0,72.0
2026-08-13 03:35:00,53826.0,53841.0,53826.0,53840.0,148.0
2026-08-13 03:40:00,53841.0,53848.0,53841.0,53846.0,24.0
2026-08-13 03:45:00,53846.0,53852.0,53846.0,53851.0,25.0
2026-08-13 03:50:00,53849.0,53852.0,53849.0,53851.0,21.0
2026-08-13 03:55:00,53849.0,53850.0,53847.0,53848.0,19.0
2026-08-13 04:00:00,53847.0,53853.0,53842.0,53844.0,34.0
2026-08-13 04:05:00,53848.0,53853.0,53848.0,53853.0,16.0
2026-08-13 04:10:00,53854.0,53856.0,53845.0,53845.0,29.0
2026-08-13 04:15:00,53845.0,53846.0,53844.0,53844.0,13.0
2026-08-13 04:20:00,53844.0,53846.0,53838.0,53846.0,14.0
2026-08-13 04:25:00,53850.0,53858.0,53849.0,53856.0,15.0
2026-08-13 04:30:00,53855.0,53857.0,53852.0,53852.0,17.0
2026-08-13 04:35:00,53853.0,53855.0,53853.0,53853.0,27.0
2026-08-13 04:40:00,53850.0,53855.0,53850.0,53854.0,13.0
2026-08-13 04:45:00,53853.0,53863.0,53852.0,53862.0,33.0
2026-08-13 04:50:00,53864.0,53866.0,53863.0,53863.0,12.0
2026-08-13 04:55:00,53864.0,53867.0,53859.0,53859.0,26.0
2026-08-13 05:00:00,53858.0,53868.0,53858.0,53868.0,26.0
2026-08-13 05:05:00,53863.0,53863.0,53860.0,53862.0,20.0
2026-08-13 05:10:00,53864.0,53871.0,53864.0,53869.0,23.0
2026-08-13 05:15:00,53871.0,53871.0,53862.0,53862.0,30.0
2026-08-13 05:20:00,53863.0,53865.0,53862.0,53862.0,11.0
2026-08-13 05:25:00,53864.0,53869.0,53859.0,53869.0,39.0
2026-08-13 05:30:00,53870.0,53871.0,53860.0,53870.0,35.0
2026-08-13 05:35:00,53872.0,53875.0,53871.0,53874.0,35.0
2026-08-13 05:40:00,53876.0,53877.0,53873.0,53875.0,17.0
2026-08-13 05:45:00,53872.0,53874.0,53869.0,53873.0,14.0
2026-08-13 05:50:00,53872.0,53877.0,53871.0,53874.0,15.0
2026-08-13 05:55:00,53875.0,53875.0,53871.0,53871.0,20.0
2026-08-13 06:00:00,53872.0,53882.0,53872.0,53882.0,47.0
2026-08-13 06:05:00,53883.0,53892.0,53883.0,53892.0,43.0
2026-08-13 06:10:00,53891.0,53893.0,53888.0,53888.0,22.0
2026-08-13 06:15:00,53889.0,53899.0,53889.0,53896.0,36.0
2026-08-13 06:20:00,53894.0,53897.0,53891.0,53896.0,30.0
2026-08-13 06:25:00,53896.0,53899.0,53889.0,53889.0,33.0
2026-08-13 06:30:00,53891.0,53891.0,53885.0,53885.0,32.0
2026-08-13 06:35:00,53889.0,53890.0,53879.0,53888.0,29.0
2026-08-13 06:40:00,53888.0,53891.0,53884.0,53889.0,32.0
2026-08-13 06:45:00,53890.0,53891.0,53879.0,53880.0,30.0
2026-08-13 06:50:00,53879.0,53897.0,53879.0,53897.0,37.0
2026-08-13 06:55:00,53897.0,53909.0,53895.0,53907.0,69.0
2026-08-13 07:00:00,53907.0,53916.0,53895.0,53908.0,121.0
2026-08-13 07:05:00,53909.0,53912.0,53902.0,53912.0,75.0
2026-08-13 07:10:00,53912.0,53918.0,53902.0,53903.0,30.0
2026-08-13 07:15:00,53905.0,53905.0,53891.0,53898.0,37.0
2026-08-13 07:20:00,53899.0,53909.0,53899.0,53908.0,23.0
2026-08-13 07:25:00,53906.0,53909.0,53896.0,53909.0,30.0
2026-08-13 07:30:00,53908.0,53926.0,53908.0,53921.0,61.0
2026-08-13 07:35:00,53923.0,53923.0,53914.0,53919.0,24.0
2026-08-13 07:40:00,53919.0,53934.0,53918.0,53931.0,59.0
2026-08-13 07:45:00,53931.0,53931.0,53921.0,53928.0,47.0
2026-08-13 07:50:00,53930.0,53940.0,53930.0,53935.0,57.0
2026-08-13 07:55:00,53932.0,53938.0,53923.0,53924.0,28.0
2026-08-13 08:00:00,53924.0,53932.0,53905.0,53925.0,98.0
2026-08-13 08:05:00,53925.0,53942.0,53925.0,53937.0,60.0
2026-08-13 08:10:00,53938.0,53963.0,53936.0,53956.0,103.0
2026-08-13 08:15:00,53957.0,53963.0,53937.0,53942.0,82.0
2026-08-13 08:20:00,53941.0,53968.0,53935.0,53964.0,62.0
2026-08-13 08:25:00,53963.0,53974.0,53963.0,53965.0,74.0
2026-08-13 08:30:00,53970.0,53978.0,53965.0,53978.0,69.0
2026-08-13 08:35:00,53976.0,53980.0,53962.0,53965.0,94.0
2026-08-13 08:40:00,53968.0,53983.0,53968.0,53976.0,31.0
2026-08-13 08:45:00,53975.0,53985.0,53971.0,53979.0,92.0
2026-08-13 08:50:00,53979.0,53986.0,53969.0,53970.0,52.0
2026-08-13 08:55:00,53968.0,53987.0,53968.0,53979.0,48.0
2026-08-13 09:00:00,53981.0,54002.0,53979.0,53986.0,133.0
2026-08-13 09:05:00,53988.0,53993.0,53982.0,53990.0,32.0
2026-08-13 09:10:00,53985.0,53998.0,53977.0,53996.0,94.0
2026-08-13 09:15:00,53994.0,54012.0,53993.0,54012.0,82.0
2026-08-13 09:20:00,54014.0,54017.0,54011.0,54012.0,37.0
2026-08-13 09:25:00,54019.0,54020.0,54005.0,54009.0,23.0
2026-08-13 09:30:00,54005.0,54009.0,53999.0,54005.0,41.0
2026-08-13 09:35:00,54003.0,54003.0,53991.0,53994.0,122.0
2026-08-13 09:40:00,53993.0,53999.0,53992.0,53997.0,20.0
2026-08-13 09:45:00,53997.0,53999.0,53997.0,53998.0,5.0
2026-08-13 09:50:00,53998.0,54002.0,53993.0,53996.0,20.0
2026-08-13 09:55:00,53997.0,53997.0,53985.0,53986.0,36.0
2026-08-13 10:00:00,53987.0,54021.0,53987.0,53991.0,200.0
2026-08-13 10:05:00,53991.0,53996.0,53989.0,53989.0,13.0
2026-08-13 10:10:00,53990.0,53990.0,53976.0,53977.0,25.0
2026-08-13 10:15:00,53980.0,53988.0,53976.0,53983.0,24.0
2026-08-13 10:20:00,53981.0,53984.0,53977.0,53984.0,40.0
2026-08-13 10:25:00,53982.0,53989.0,53969.0,53973.0,52.0
2026-08-13 10:30:00,53975.0,53985.0,53975.0,53981.0,16.0
2026-08-13 10:35:00,53979.0,53980.0,53974.0,53977.0,24.0
2026-08-13 10:40:00,53980.0,53981.0,53975.0,53978.0,19.0
2026-08-13 10:45:00,53979.0,53986.0,53978.0,53986.0,22.0
2026-08-13 10:50:00,53986.0,53992.0,53986.0,53989.0,42.0
2026-08-13 10:55:00,53990.0,53990.0,53979.0,53986.0,38.0
2026-08-13 11:00:00,53988.0,53997.0,53984.0,53984.0,92.0
2026-08-13 11:05:00,53982.0,53986.0,53977.0,53984.0,36.0
2026-08-13 11:10:00,53986.0,53994.0,53983.0,53994.0,31.0
2026-08-13 11:15:00,53995.0,53998.0,53992.0,53996.0,75.0
2026-08-13 11:20:00,53994.0,54003.0,53988.0,54003.0,28.0
2026-08-13 11:25:00,54002.0,54010.0,53995.0,54006.0,101.0
2026-08-13 11:30:00,54006.0,54020.0,54004.0,54016.0,74.0
2026-08-13 11:35:00,54017.0,54027.0,54013.0,54025.0,86.0
2026-08-13 11:40:00,54027.0,54040.0,54021.0,54039.0,62.0
2026-08-13 11:45:00,54039.0,54044.0,54020.0,54021.0,176.0
2026-08-13 11:50:00,54020.0,54031.0,54009.0,54029.0,84.0
2026-08-13 11:55:00,54026.0,54029.0,54002.0,54007.0,83.0
2026-08-13 12:00:00,54008.0,54021.0,54008.0,54021.0,161.0
2026-08-13 12:05:00,54021.0,54045.0,54018.0,54039.0,93.0
2026-08-13 12:10:00,54039.0,54042.0,54020.0,54028.0,87.0
2026-08-13 12:15:00,54027.0,54030.0,54007.0,54007.0,70.0
2026-08-13 12:20:00,54008.0,54010.0,53980.0,53983.0,275.0
2026-08-13 12:25:00,53986.0,54008.0,53982.0,54004.0,109.0
2026-08-13 12:30:00,54004.0,54057.0,53977.0,53995.0,245.0
2026-08-13 12:35:00,53999.0,54033.0,53999.0,54033.0,106.0
2026-08-13 12:40:00,54033.0,54040.0,54017.0,54033.0,187.0
2026-08-13 12:45:00,54035.0,54051.0,54034.0,54037.0,134.0
2026-08-13 12:50:00,54038.0,54047.0,54034.0,54039.0,95.0
2026-08-13 12:55:00,54042.0,54057.0,54042.0,54056.0,100.0
2026-08-13 13:00:00,54056.0,54069.0,54035.0,54043.0,272.0
2026-08-13 13:05:00,54044.0,54055.0,54025.0,54027.0,451.0
2026-08-13 13:10:00,54028.0,54037.0,54019.0,54030.0,99.0
2026-08-13 13:15:00,54031.0,54049.0,54022.0,54046.0,117.0
2026-08-13 13:20:00,54045.0,54057.0,54018.0,54024.0,152.0
2026-08-13 13:25:00,54022.0,54044.0,54003.0,54028.0,538.0
2026-08-13 13:30:00,54028.0,54082.0,53967.0,53971.0,2360.0
2026-08-13 13:35:00,53971.0,54030.0,53945.0,54030.0,1325.0
2026-08-13 13:40:00,54027.0,54042.0,53977.0,53985.0,1033.0
2026-08-13 13:45:00,53990.0,54052.0,53976.0,53977.0,1077.0
2026-08-13 13:50:00,53976.0,53993.0,53933.0,53983.0,1212.0
2026-08-13 13:55:00,53981.0,54015.0,53959.0,53997.0,980.0
2026-08-13 14:00:00,53996.0,54096.0,53995.0,54084.0,1480.0
2026-08-13 14:05:00,54082.0,54114.0,54033.0,54063.0,1263.0
2026-08-13 14:10:00,54067.0,54069.0,54039.0,54062.0,433.0
2026-08-13 14:15:00,54065.0,54084.0,54000.0,54082.0,1195.0
2026-08-13 14:20:00,54080.0,54149.0,54078.0,54132.0,1299.0
2026-08-13 14:25:00,54129.0,54145.0,54106.0,54111.0,626.0
2026-08-13 14:30:00,54110.0,54113.0,54055.0,54063.0,759.0
2026-08-13 14:35:00,54063.0,54081.0,54037.0,54062.0,613.0
2026-08-13 14:40:00,54061.0,54065.0,54001.0,54002.0,702.0
2026-08-13 14:45:00,54001.0,54002.0,53936.0,53944.0,1027.0
2026-08-13 14:50:00,53945.0,53956.0,53921.0,53940.0,555.0
2026-08-13 14:55:00,53938.0,53943.0,53903.0,53936.0,541.0
2026-08-13 15:00:00,53938.0,53969.0,53897.0,53902.0,770.0
2026-08-13 15:05:00,53906.0,53913.0,53872.0,53888.0,690.0
2026-08-13 15:10:00,53888.0,53890.0,53830.0,53838.0,688.0
2026-08-13 15:15:00,53836.0,53844.0,53789.0,53822.0,756.0
2026-08-13 15:20:00,53821.0,53831.0,53781.0,53801.0,605.0
2026-08-13 15:25:00,53802.0,53802.0,53715.0,53740.0,1109.0
2026-08-13 15:30:00,53739.0,53784.0,53734.0,53768.0,666.0
2026-08-13 15:35:00,53767.0,53799.0,53765.0,53786.0,605.0
2026-08-13 15:40:00,53784.0,53803.0,53772.0,53784.0,393.0
2026-08-13 15:45:00,53781.0,53812.0,53781.0,53799.0,386.0
2026-08-13 15:50:00,53799.0,53813.0,53790.0,53794.0,454.0
2026-08-13 15:55:00,53794.0,53805.0,53754.0,53758.0,519.0
2026-08-13 16:00:00,53759.0,53788.0,53756.0,53775.0,443.0
2026-08-13 16:05:00,53775.0,53798.0,53762.0,53764.0,248.0
2026-08-13 16:10:00,53764.0,53777.0,53758.0,53772.0,211.0
2026-08-13 16:15:00,53774.0,53779.0,53765.0,53778.0,152.0
2026-08-13 16:20:00,53775.0,53789.0,53772.0,53780.0,182.0
2026-08-13 16:25:00,53776.0,53813.0,53776.0,53812.0,335.0
2026-08-13 16:30:00,53811.0,53836.0,53804.0,53832.0,345.0
2026-08-13 16:35:00,53832.0,53836.0,53810.0,53812.0,211.0
2026-08-13 16:40:00,53811.0,53821.0,53799.0,53812.0,163.0
2026-08-13 16:45:00,53812.0,53821.0,53807.0,53809.0,111.0
2026-08-13 16:50:00,53810.0,53831.0,53810.0,53825.0,167.0
2026-08-13 16:55:00,53825.0,53830.0,53815.0,53820.0,67.0
2026-08-13 17:00:00,53820.0,53835.0,53818.0,53827.0,191.0
2026-08-13 17:05:00,53825.0,53863.0,53816.0,53844.0,312.0
2026-08-13 17:10:00,53845.0,53845.0,53828.0,53838.0,123.0
2026-08-13 17:15:00,53842.0,53863.0,53842.0,53857.0,169.0
2026-08-13 17:20:00,53857.0,53861.0,53848.0,53860.0,114.0
2026-08-13 17:25:00,53860.0,53863.0,53842.0,53844.0,126.0
2026-08-13 17:30:00,53845.0,53849.0,53820.0,53823.0,282.0
2026-08-13 17:35:00,53823.0,53825.0,53806.0,53825.0,159.0
2026-08-13 17:40:00,53821.0,53832.0,53818.0,53823.0,139.0
2026-08-13 17:45:00,53826.0,53839.0,53826.0,53834.0,137.0
2026-08-13 17:50:00,53836.0,53851.0,53836.0,53843.0,204.0
2026-08-13 17:55:00,53844.0,53846.0,53830.0,53841.0,93.0
2026-08-13 18:00:00,53844.0,53868.0,53843.0,53865.0,143.0
2026-08-13 18:05:00,53863.0,53871.0,53857.0,53861.0,158.0
2026-08-13 18:10:00,53860.0,53892.0,53851.0,53886.0,259.0
2026-08-13 18:15:00,53888.0,53891.0,53860.0,53867.0,139.0
2026-08-13 18:20:00,53869.0,53870.0,53846.0,53850.0,196.0
2026-08-13 18:25:00,53851.0,53864.0,53851.0,53857.0,152.0
2026-08-13 18:30:00,53860.0,53866.0,53853.0,53866.0,126.0
2026-08-13 18:35:00,53871.0,53899.0,53867.0,53899.0,197.0
2026-08-13 18:40:00,53899.0,53923.0,53895.0,53908.0,340.0
2026-08-13 18:45:00,53911.0,53911.0,53888.0,53899.0,136.0
2026-08-13 18:50:00,53899.0,53906.0,53883.0,53896.0,200.0
2026-08-13 18:55:00,53897.0,53902.0,53865.0,53874.0,202.0
2026-08-13 19:00:00,53873.0,53889.0,53873.0,53884.0,183.0
2026-08-13 19:05:00,53883.0,53912.0,53880.0,53903.0,217.0
2026-08-13 19:10:00,53903.0,53903.0,53879.0,53892.0,216.0
2026-08-13 19:15:00,53892.0,53917.0,53887.0,53915.0,171.0
2026-08-13 19:20:00,53917.0,53937.0,53912.0,53934.0,452.0
2026-08-13 19:25:00,53933.0,53942.0,53918.0,53924.0,218.0
2026-08-13 19:30:00,53922.0,53942.0,53922.0,53933.0,280.0
2026-08-13 19:35:00,53932.0,53932.0,53913.0,53926.0,277.0
2026-08-13 19:40:00,53924.0,53935.0,53910.0,53913.0,326.0
2026-08-13 19:45:00,53912.0,53934.0,53911.0,53925.0,565.0
2026-08-13 19:50:00,53924.0,53932.0,53902.0,53916.0,550.0
2026-08-13 19:55:00,53919.0,53954.0,53917.0,53934.0,2351.0
2026-08-13 20:00:00,53936.0,53951.0,53919.0,53945.0,618.0
2026-08-13 20:05:00,53942.0,53944.0,53929.0,53933.0,86.0
2026-08-13 20:10:00,53932.0,53934.0,53927.0,53931.0,147.0
2026-08-13 20:15:00,53930.0,53936.0,53921.0,53926.0,81.0
2026-08-13 20:20:00,53930.0,53937.0,53930.0,53936.0,18.0
2026-08-13 20:25:00,53933.0,53935.0,53925.0,53930.0,98.0
2026-08-13 20:30:00,53929.0,53939.0,53928.0,53936.0,47.0
2026-08-13 20:35:00,53936.0,53943.0,53936.0,53941.0,33.0
2026-08-13 20:40:00,53944.0,53949.0,53944.0,53945.0,37.0
2026-08-13 20:45:00,53946.0,53952.0,53945.0,53950.0,40.0
2026-08-13 20:50:00,53953.0,53967.0,53953.0,53958.0,106.0
2026-08-13 20:55:00,53957.0,53967.0,53952.0,53960.0,86.0
2026-08-13 22:00:00,53961.0,53978.0,53950.0,53964.0,0.0
2026-08-13 22:05:00,53966.0,53966.0,53951.0,53956.0,29.0
2026-08-13 22:10:00,53957.0,53957.0,53939.0,53941.0,61.0
2026-08-13 22:15:00,53940.0,53949.0,53940.0,53949.0,11.0
2026-08-13 22:20:00,53954.0,53954.0,53946.0,53946.0,20.0
2026-08-13 22:25:00,53950.0,53953.0,53947.0,53950.0,8.0
2026-08-13 22:30:00,53949.0,53951.0,53945.0,53945.0,13.0
2026-08-13 22:35:00,53948.0,53948.0,53945.0,53945.0,4.0
2026-08-13 22:40:00,53945.0,53955.0,53944.0,53945.0,29.0
2026-08-13 22:45:00,53946.0,53946.0,53925.0,53946.0,70.0
2026-08-13 22:50:00,53944.0,53944.0,53943.0,53943.0,2.0
2026-08-13 22:55:00,53943.0,53944.0,53942.0,53944.0,9.0
2026-08-13 23:00:00,53948.0,53948.0,53939.0,53939.0,2.0
2026-08-13 23:05:00,53945.0,53955.0,53945.0,53950.0,11.0
2026-08-13 23:10:00,53950.0,53954.0,53950.0,53950.0,5.0
2026-08-13 23:15:00,53951.0,53951.0,53943.0,53951.0,44.0
2026-08-13 23:20:00,53953.0,53953.0,53950.0,53952.0,15.0
2026-08-13 23:25:00,53951.0,53958.0,53951.0,53954.0,13.0
2026-08-13 23:30:00,53953.0,53957.0,53953.0,53957.0,6.0
2026-08-13 23:35:00,53959.0,53960.0,53957.0,53957.0,9.0
2026-08-13 23:40:00,53956.0,53964.0,53955.0,53960.0,14.0
2026-08-13 23:45:00,53961.0,53965.0,53958.0,53960.0,35.0
2026-08-13 23:50:00,53960.0,53962.0,53957.0,53957.0,39.0
2026-08-13 23:55:00,53958.0,53960.0,53951.0,53951.0,16.0
2026-08-14 00:00:00,53954.0,53956.0,53948.0,53949.0,52.0
2026-08-14 00:05:00,53953.0,53958.0,53946.0,53948.0,55.0
2026-08-14 00:10:00,53950.0,53953.0,53947.0,53949.0,25.0
2026-08-14 00:15:00,53949.0,53962.0,53949.0,53961.0,58.0
2026-08-14 00:20:00,53962.0,53962.0,53952.0,53955.0,37.0
2026-08-14 00:25:00,53955.0,53955.0,53943.0,53943.0,30.0
2026-08-14 00:30:00,53942.0,53947.0,53940.0,53941.0,36.0
2026-08-14 00:35:00,53939.0,53944.0,53938.0,53939.0,29.0
2026-08-14 00:40:00,53938.0,53938.0,53928.0,53928.0,44.0
2026-08-14 00:45:00,53928.0,53931.0,53923.0,53931.0,42.0
2026-08-14 00:50:00,53935.0,53952.0,53934.0,53952.0,64.0
2026-08-14 00:55:00,53953.0,53963.0,53953.0,53962.0,37.0
2026-08-14 01:00:00,53960.0,53967.0,53959.0,53963.0,82.0
2026-08-14 01:05:00,53964.0,53968.0,53958.0,53968.0,45.0
2026-08-14 01:10:00,53966.0,53972.0,53957.0,53960.0,70.0
2026-08-14 01:15:00,53959.0,53964.0,53958.0,53958.0,27.0
2026-08-14 01:20:00,53957.0,53960.0,53954.0,53958.0,30.0
2026-08-14 01:25:00,53958.0,53962.0,53954.0,53962.0,28.0
2026-08-14 01:30:00,53962.0,53981.0,53962.0,53980.0,48.0
2026-08-14 01:35:00,53980.0,53988.0,53979.0,53985.0,46.0
2026-08-14 01:40:00,53986.0,53988.0,53978.0,53981.0,28.0
2026-08-14 01:45:00,53981.0,53985.0,53981.0,53985.0,19.0
2026-08-14 01:50:00,53984.0,53984.0,53977.0,53980.0,31.0
2026-08-14 01:55:00,53977.0,53987.0,53976.0,53986.0,38.0
2026-08-14 02:00:00,53987.0,53993.0,53985.0,53993.0,102.0
2026-08-14 02:05:00,53993.0,53995.0,53984.0,53986.0,25.0
2026-08-14 02:10:00,53990.0,53997.0,53987.0,53996.0,62.0
2026-08-14 02:15:00,53998.0,53999.0,53993.0,53995.0,28.0
2026-08-14 02:20:00,53993.0,53994.0,53990.0,53993.0,26.0
2026-08-14 02:25:00,53991.0,53992.0,53988.0,53992.0,34.0
2026-08-14 02:30:00,53991.0,53991.0,53984.0,53984.0,21.0
2026-08-14 02:35:00,53983.0,53983.0,53978.0,53978.0,55.0
2026-08-14 02:40:00,53977.0,53984.0,53976.0,53981.0,19.0
2026-08-14 02:45:00,53982.0,53983.0,53978.0,53979.0,40.0
2026-08-14 02:50:00,53981.0,53981.0,53976.0,53978.0,33.0
2026-08-14 02:55:00,53975.0,53975.0,53970.0,53974.0,43.0
2026-08-14 03:00:00,53973.0,53983.0,53972.0,53983.0,34.0
2026-08-14 03:05:00,53985.0,53988.0,53983.0,53984.0,24.0
2026-08-14 03:10:00,53985.0,53986.0,53980.0,53983.0,29.0
2026-08-14 03:15:00,53985.0,53990.0,53984.0,53990.0,12.0
2026-08-14 03:20:00,53990.0,53992.0,53985.0,53989.0,43.0
2026-08-14 03:25:00,53989.0,53990.0,53986.0,53988.0,15.0
2026-08-14 03:30:00,53989.0,53991.0,53987.0,53989.0,11.0
2026-08-14 03:35:00,53988.0,53988.0,53978.0,53979.0,30.0
2026-08-14 03:40:00,53978.0,53980.0,53976.0,53980.0,8.0
2026-08-14 03:45:00,53976.0,53977.0,53974.0,53976.0,15.0
2026-08-14 03:50:00,53973.0,53976.0,53972.0,53972.0,13.0
2026-08-14 03:55:00,53972.0,53972.0,53967.0,53969.0,36.0
2026-08-14 04:00:00,53968.0,53974.0,53968.0,53972.0,32.0
2026-08-14 04:05:00,53971.0,53975.0,53971.0,53973.0,14.0
2026-08-14 04:10:00,53976.0,53976.0,53974.0,53976.0,14.0
2026-08-14 04:15:00,53976.0,53977.0,53973.0,53973.0,22.0
2026-08-14 04:20:00,53973.0,53973.0,53972.0,53972.0,14.0
2026-08-14 04:25:00,53973.0,53976.0,53970.0,53971.0,20.0
2026-08-14 04:30:00,53970.0,53972.0,53963.0,53963.0,22.0
2026-08-14 04:35:00,53966.0,53969.0,53963.0,53969.0,28.0
2026-08-14 04:40:00,53972.0,53972.0,53966.0,53966.0,45.0
2026-08-14 04:45:00,53966.0,53969.0,53965.0,53969.0,17.0
2026-08-14 04:50:00,53966.0,53968.0,53966.0,53968.0,5.0
2026-08-14 04:55:00,53969.0,53970.0,53966.0,53967.0,14.0
2026-08-14 05:00:00,53968.0,53969.0,53962.0,53963.0,19.0
2026-08-14 05:05:00,53965.0,53965.0,53959.0,53963.0,16.0
2026-08-14 05:10:00,53962.0,53968.0,53961.0,53965.0,22.0
2026-08-14 05:15:00,53964.0,53964.0,53961.0,53961.0,8.0
2026-08-14 05:20:00,53961.0,53961.0,53955.0,53960.0,25.0
2026-08-14 05:25:00,53960.0,53961.0,53958.0,53958.0,13.0
2026-08-14 05:30:00,53961.0,53961.0,53956.0,53956.0,33.0
2026-08-14 05:35:00,53956.0,53958.0,53954.0,53954.0,13.0
2026-08-14 05:40:00,53954.0,53954.0,53949.0,53953.0,20.0
2026-08-14 05:45:00,53955.0,53955.0,53953.0,53954.0,7.0
2026-08-14 05:50:00,53953.0,53957.0,53953.0,53955.0,21.0
2026-08-14 05:55:00,53955.0,53955.0,53941.0,53942.0,28.0
2026-08-14 06:00:00,53944.0,53944.0,53933.0,53934.0,43.0
2026-08-14 06:05:00,53936.0,53940.0,53928.0,53931.0,34.0
2026-08-14 06:10:00,53932.0,53932.0,53926.0,53930.0,29.0
2026-08-14 06:15:00,53931.0,53931.0,53917.0,53917.0,28.0
2026-08-14 06:20:00,53920.0,53922.0,53918.0,53919.0,25.0
2026-08-14 06:25:00,53921.0,53921.0,53915.0,53917.0,25.0
2026-08-14 06:30:00,53918.0,53925.0,53918.0,53921.0,41.0
2026-08-14 06:35:00,53916.0,53919.0,53913.0,53915.0,23.0
2026-08-14 06:40:00,53913.0,53916.0,53909.0,53916.0,22.0
2026-08-14 06:45:00,53916.0,53918.0,53910.0,53911.0,31.0
2026-08-14 06:50:00,53910.0,53910.0,53900.0,53900.0,113.0
2026-08-14 06:55:00,53901.0,53906.0,53896.0,53897.0,33.0
2026-08-14 07:00:00,53899.0,53905.0,53876.0,53884.0,153.0
2026-08-14 07:05:00,53880.0,53884.0,53873.0,53877.0,38.0
2026-08-14 07:10:00,53881.0,53884.0,53850.0,53852.0,107.0
2026-08-14 07:15:00,53855.0,53866.0,53854.0,53858.0,67.0
2026-08-14 07:20:00,53859.0,53867.0,53856.0,53867.0,29.0
2026-08-14 07:25:00,53867.0,53868.0,53851.0,53860.0,52.0
2026-08-14 07:30:00,53860.0,53866.0,53857.0,53862.0,51.0
2026-08-14 07:35:00,53860.0,53864.0,53854.0,53864.0,32.0
2026-08-14 07:40:00,53864.0,53885.0,53862.0,53883.0,67.0
2026-08-14 07:45:00,53884.0,53891.0,53875.0,53890.0,64.0
2026-08-14 07:50:00,53889.0,53891.0,53880.0,53885.0,39.0
2026-08-14 07:55:00,53887.0,53895.0,53877.0,53877.0,92.0
2026-08-14 08:00:00,53877.0,53881.0,53870.0,53870.0,69.0
2026-08-14 08:05:00,53868.0,53869.0,53837.0,53843.0,110.0
2026-08-14 08:10:00,53846.0,53846.0,53828.0,53839.0,94.0
2026-08-14 08:15:00,53841.0,53845.0,53835.0,53837.0,52.0
2026-08-14 08:20:00,53836.0,53845.0,53824.0,53843.0,64.0
2026-08-14 08:25:00,53845.0,53865.0,53845.0,53858.0,71.0
2026-08-14 08:30:00,53860.0,53863.0,53849.0,53850.0,39.0
2026-08-14 08:35:00,53850.0,53866.0,53850.0,53860.0,69.0
2026-08-14 08:40:00,53860.0,53866.0,53857.0,53858.0,44.0
2026-08-14 08:45:00,53858.0,53872.0,53858.0,53865.0,39.0
2026-08-14 08:50:00,53865.0,53881.0,53862.0,53874.0,67.0
2026-08-14 08:55:00,53873.0,53877.0,53861.0,53864.0,33.0
2026-08-14 09:00:00,53856.0,53864.0,53849.0,53854.0,37.0
2026-08-14 09:05:00,53852.0,53870.0,53852.0,53870.0,33.0
2026-08-14 09:10:00,53871.0,53875.0,53862.0,53868.0,31.0
2026-08-14 09:15:00,53867.0,53869.0,53862.0,53864.0,22.0
2026-08-14 09:20:00,53865.0,53881.0,53865.0,53874.0,32.0
2026-08-14 09:25:00,53875.0,53875.0,53847.0,53855.0,74.0
2026-08-14 09:30:00,53855.0,53858.0,53843.0,53844.0,51.0
2026-08-14 09:35:00,53844.0,53844.0,53834.0,53834.0,30.0
2026-08-14 09:40:00,53837.0,53857.0,53835.0,53857.0,71.0
2026-08-14 09:45:00,53859.0,53870.0,53859.0,53865.0,62.0
2026-08-14 09:50:00,53861.0,53867.0,53860.0,53867.0,19.0
2026-08-14 09:55:00,53864.0,53871.0,53863.0,53871.0,31.0
2026-08-14 10:00:00,53868.0,53872.0,53862.0,53866.0,36.0
2026-08-14 10:05:00,53867.0,53877.0,53867.0,53872.0,61.0
2026-08-14 10:10:00,53869.0,53879.0,53869.0,53875.0,42.0
2026-08-14 10:15:00,53870.0,53885.0,53870.0,53885.0,55.0
2026-08-14 10:20:00,53887.0,53887.0,53874.0,53881.0,57.0
2026-08-14 10:25:00,53882.0,53882.0,53869.0,53870.0,21.0
2026-08-14 10:30:00,53871.0,53878.0,53869.0,53871.0,46.0
2026-08-14 10:35:00,53870.0,53874.0,53862.0,53872.0,31.0
2026-08-14 10:40:00,53872.0,53873.0,53855.0,53859.0,47.0
2026-08-14 10:45:00,53857.0,53857.0,53846.0,53852.0,42.0
2026-08-14 10:50:00,53853.0,53863.0,53852.0,53854.0,38.0
2026-08-14 10:55:00,53851.0,53858.0,53844.0,53858.0,28.0
2026-08-14 11:00:00,53860.0,53860.0,53824.0,53831.0,94.0
2026-08-14 11:05:00,53830.0,53830.0,53805.0,53823.0,151.0
2026-08-14 11:10:00,53823.0,53824.0,53801.0,53806.0,70.0
2026-08-14 11:15:00,53804.0,53822.0,53798.0,53822.0,99.0
2026-08-14 11:20:00,53819.0,53835.0,53819.0,53834.0,79.0
2026-08-14 11:25:00,53834.0,53836.0,53820.0,53829.0,28.0
2026-08-14 11:30:00,53831.0,53850.0,53831.0,53846.0,47.0
2026-08-14 11:35:00,53850.0,53864.0,53841.0,53863.0,63.0
2026-08-14 11:40:00,53863.0,53877.0,53863.0,53876.0,25.0
2026-08-14 11:45:00,53875.0,53875.0,53863.0,53865.0,32.0
2026-08-14 11:50:00,53865.0,53867.0,53855.0,53859.0,51.0
2026-08-14 11:55:00,53856.0,53856.0,53842.0,53849.0,52.0
2026-08-14 12:00:00,53847.0,53852.0,53831.0,53838.0,71.0
2026-08-14 12:05:00,53837.0,53845.0,53833.0,53841.0,44.0
2026-08-14 12:10:00,53837.0,53842.0,53791.0,53842.0,334.0
2026-08-14 12:15:00,53837.0,53852.0,53834.0,53841.0,61.0
2026-08-14 12:20:00,53840.0,53856.0,53839.0,53839.0,128.0
2026-08-14 12:25:00,53841.0,53861.0,53838.0,53861.0,95.0
2026-08-14 12:30:00,53867.0,53874.0,53848.0,53858.0,133.0
2026-08-14 12:35:00,53859.0,53863.0,53847.0,53847.0,80.0
2026-08-14 12:40:00,53847.0,53853.0,53837.0,53849.0,91.0
2026-08-14 12:45:00,53847.0,53873.0,53846.0,53870.0,67.0
2026-08-14 12:50:00,53870.0,53872.0,53866.0,53867.0,31.0
2026-08-14 12:55:00,53871.0,53878.0,53866.0,53866.0,36.0
2026-08-14 13:00:00,53868.0,53871.0,53831.0,53836.0,188.0
2026-08-14 13:05:00,53838.0,53843.0,53812.0,53830.0,142.0
2026-08-14 13:10:00,53831.0,53833.0,53803.0,53806.0,104.0
2026-08-14 13:15:00,53806.0,53840.0,53806.0,53832.0,215.0
2026-08-14 13:20:00,53829.0,53853.0,53829.0,53845.0,179.0
2026-08-14 13:25:00,53844.0,53884.0,53843.0,53865.0,563.0
2026-08-14 13:30:00,53865.0,53900.0,53757.0,53896.0,3693.0
2026-08-14 13:35:00,53897.0,53924.0,53852.0,53856.0,1267.0
2026-08-14 13:40:00,53855.0,53898.0,53820.0,53881.0,884.0
2026-08-14 13:45:00,53881.0,53928.0,53869.0,53900.0,942.0
2026-08-14 13:50:00,53898.0,53956.0,53888.0,53946.0,1160.0
2026-08-14 13:55:00,53945.0,53948.0,53900.0,53925.0,533.0
2026-08-14 14:00:00,53922.0,53944.0,53879.0,53895.0,595.0
2026-08-14 14:05:00,53897.0,53911.0,53860.0,53883.0,673.0
2026-08-14 14:10:00,53883.0,53906.0,53870.0,53887.0,341.0
2026-08-14 14:15:00,53884.0,53930.0,53871.0,53905.0,566.0
2026-08-14 14:20:00,53904.0,53910.0,53871.0,53897.0,515.0
2026-08-14 14:25:00,53897.0,53898.0,53870.0,53890.0,462.0
2026-08-14 14:30:00,53890.0,53894.0,53836.0,53846.0,629.0
2026-08-14 14:35:00,53839.0,53860.0,53817.0,53848.0,522.0
2026-08-14 14:40:00,53847.0,53851.0,53814.0,53823.0,374.0
2026-08-14 14:45:00,53823.0,53849.0,53820.0,53838.0,370.0
2026-08-14 14:50:00,53837.0,53839.0,53807.0,53811.0,414.0
2026-08-14 14:55:00,53813.0,53830.0,53799.0,53818.0,397.0
2026-08-14 15:00:00,53818.0,53860.0,53813.0,53844.0,452.0
2026-08-14 15:05:00,53843.0,53854.0,53818.0,53830.0,324.0
2026-08-14 15:10:00,53831.0,53837.0,53811.0,53814.0,217.0
2026-08-14 15:15:00,53816.0,53832.0,53809.0,53813.0,372.0
2026-08-14 15:20:00,53816.0,53823.0,53803.0,53814.0,360.0
2026-08-14 15:25:00,53812.0,53821.0,53789.0,53805.0,516.0
2026-08-14 15:30:00,53806.0,53828.0,53797.0,53813.0,402.0
2026-08-14 15:35:00,53812.0,53823.0,53795.0,53807.0,357.0
2026-08-14 15:40:00,53807.0,53809.0,53775.0,53790.0,390.0
2026-08-14 15:45:00,53792.0,53802.0,53770.0,53773.0,299.0
2026-08-14 15:50:00,53772.0,53776.0,53759.0,53763.0,299.0
2026-08-14 15:55:00,53764.0,53776.0,53756.0,53760.0,263.0
2026-08-14 16:00:00,53765.0,53784.0,53765.0,53775.0,281.0
2026-08-14 16:05:00,53776.0,53792.0,53770.0,53778.0,206.0
2026-08-14 16:10:00,53779.0,53805.0,53765.0,53805.0,266.0
2026-08-14 16:15:00,53805.0,53818.0,53796.0,53797.0,367.0
2026-08-14 16:20:00,53799.0,53809.0,53788.0,53801.0,216.0
2026-08-14 16:25:00,53799.0,53803.0,53788.0,53793.0,182.0
2026-08-14 16:30:00,53794.0,53810.0,53785.0,53806.0,341.0
2026-08-14 16:35:00,53808.0,53820.0,53800.0,53815.0,174.0
2026-08-14 16:40:00,53814.0,53821.0,53802.0,53803.0,175.0
2026-08-14 16:45:00,53802.0,53806.0,53788.0,53791.0,185.0
2026-08-14 16:50:00,53791.0,53791.0,53766.0,53775.0,312.0
2026-08-14 16:55:00,53778.0,53779.0,53745.0,53753.0,254.0
2026-08-14 17:00:00,53757.0,53773.0,53754.0,53768.0,172.0
2026-08-14 17:05:00,53766.0,53780.0,53765.0,53778.0,121.0
2026-08-14 17:10:00,53780.0,53798.0,53769.0,53794.0,351.0
2026-08-14 17:15:00,53796.0,53799.0,53782.0,53793.0,111.0
2026-08-14 17:20:00,53790.0,53810.0,53790.0,53799.0,156.0
2026-08-14 17:25:00,53800.0,53801.0,53790.0,53801.0,113.0
2026-08-14 17:30:00,53801.0,53812.0,53794.0,53797.0,169.0
2026-08-14 17:35:00,53792.0,53793.0,53766.0,53771.0,243.0
2026-08-14 17:40:00,53770.0,53778.0,53763.0,53776.0,132.0
2026-08-14 17:45:00,53776.0,53783.0,53766.0,53781.0,145.0
2026-08-14 17:50:00,53780.0,53791.0,53774.0,53791.0,107.0
2026-08-14 17:55:00,53790.0,53806.0,53787.0,53799.0,169.0
2026-08-14 18:00:00,53802.0,53824.0,53793.0,53812.0,222.0
2026-08-14 18:05:00,53810.0,53825.0,53807.0,53822.0,222.0
2026-08-14 18:10:00,53823.0,53848.0,53820.0,53837.0,420.0
2026-08-14 18:15:00,53839.0,53850.0,53835.0,53840.0,251.0
2026-08-14 18:20:00,53840.0,53849.0,53830.0,53846.0,232.0
2026-08-14 18:25:00,53849.0,53853.0,53837.0,53845.0,440.0
2026-08-14 18:30:00,53846.0,53859.0,53838.0,53844.0,278.0
2026-08-14 18:35:00,53844.0,53852.0,53838.0,53851.0,103.0
2026-08-14 18:40:00,53849.0,53856.0,53844.0,53851.0,264.0
2026-08-14 18:45:00,53850.0,53871.0,53845.0,53871.0,272.0
2026-08-14 18:50:00,53872.0,53885.0,53872.0,53878.0,384.0
2026-08-14 18:55:00,53877.0,53878.0,53863.0,53868.0,163.0
2026-08-14 19:00:00,53867.0,53870.0,53835.0,53838.0,209.0
2026-08-14 19:05:00,53836.0,53843.0,53829.0,53840.0,191.0
2026-08-14 19:10:00,53838.0,53854.0,53832.0,53845.0,197.0
2026-08-14 19:15:00,53849.0,53854.0,53832.0,53838.0,334.0
2026-08-14 19:20:00,53838.0,53848.0,53831.0,53848.0,129.0
2026-08-14 19:25:00,53849.0,53857.0,53835.0,53838.0,177.0
2026-08-14 19:30:00,53838.0,53850.0,53830.0,53843.0,247.0
2026-08-14 19:35:00,53842.0,53848.0,53822.0,53830.0,255.0
2026-08-14 19:40:00,53830.0,53841.0,53824.0,53826.0,288.0
2026-08-14 19:45:00,53822.0,53836.0,53812.0,53820.0,552.0
2026-08-14 19:50:00,53819.0,53827.0,53795.0,53801.0,1151.0
2026-08-14 19:55:00,53800.0,53822.0,53779.0,53817.0,2352.0
2026-08-14 20:00:00,53814.0,53817.0,53780.0,53788.0,465.0
2026-08-14 20:05:00,53787.0,53788.0,53778.0,53788.0,100.0
2026-08-14 20:10:00,53784.0,53794.0,53774.0,53781.0,175.0
2026-08-14 20:15:00,53782.0,53789.0,53776.0,53779.0,46.0
2026-08-14 20:20:00,53778.0,53782.0,53777.0,53780.0,21.0
2026-08-14 20:25:00,53782.0,53783.0,53778.0,53781.0,26.0
2026-08-14 20:30:00,53781.0,53796.0,53777.0,53796.0,102.0
2026-08-14 20:35:00,53796.0,53799.0,53792.0,53792.0,58.0
2026-08-14 20:40:00,53793.0,53797.0,53787.0,53787.0,38.0
2026-08-14 20:45:00,53788.0,53788.0,53782.0,53783.0,49.0
2026-08-14 20:50:00,53782.0,53789.0,53780.0,53780.0,27.0
2026-08-14 20:55:00,53780.0,53807.0,53769.0,53807.0,97.0
