strategy,direction,entry_time,exit_time,entry_price,exit_price,net_pnl
MA_Crossover(10/50),SHORT,2026-05-31 22:15:00,2026-05-31 22:25:00,7594.25,7596.5,-13.25
MA_Crossover(10/50),LONG,2026-05-31 22:25:00,2026-06-01 07:40:00,7596.5,7610.5,68.0
MA_Crossover(10/50),SHORT,2026-06-01 07:40:00,2026-06-01 10:30:00,7610.5,7614.75,-23.25
MA_Crossover(10/50),LONG,2026-06-01 10:30:00,2026-06-01 12:15:00,7614.75,7608.5,-33.25
MA_Crossover(10/50),SHORT,2026-06-01 12:15:00,2026-06-01 16:40:00,7608.5,7600.0,40.5
MA_Crossover(10/50),LONG,2026-06-01 16:40:00,2026-06-01 20:40:00,7600.0,7612.75,61.75
MA_Crossover(10/50),SHORT,2026-06-01 20:40:00,2026-06-02 04:50:00,7612.75,7588.25,120.5
MA_Crossover(10/50),LONG,2026-06-02 04:50:00,2026-06-02 10:50:00,7588.25,7599.25,53.0
MA_Crossover(10/50),SHORT,2026-06-02 10:50:00,2026-06-02 13:50:00,7599.25,7604.25,-27.0
MA_Crossover(10/50),LONG,2026-06-02 13:50:00,2026-06-02 18:40:00,7604.25,7615.0,51.75
MA_Crossover(10/50),SHORT,2026-06-02 18:40:00,2026-06-02 19:05:00,7615.0,7621.75,-35.75
MA_Crossover(10/50),LONG,2026-06-02 19:05:00,2026-06-02 23:05:00,7621.75,7616.75,-27.0
MA_Crossover(10/50),SHORT,2026-06-02 23:05:00,2026-06-03 00:20:00,7616.75,7623.25,-34.5
MA_Crossover(10/50),LONG,2026-06-03 00:20:00,2026-06-03 01:50:00,7623.25,7620.25,-17.0
MA_Crossover(10/50),SHORT,2026-06-03 01:50:00,2026-06-03 02:15:00,7620.25,7622.5,-13.25
MA_Crossover(10/50),LONG,2026-06-03 02:15:00,2026-06-03 02:25:00,7622.5,7620.25,-13.25
MA_Crossover(10/50),SHORT,2026-06-03 02:25:00,2026-06-03 02:40:00,7620.25,7622.5,-13.25
MA_Crossover(10/50),LONG,2026-06-03 02:40:00,2026-06-03 02:45:00,7622.5,7621.5,-7.0
MA_Crossover(10/50),SHORT,2026-06-03 02:45:00,2026-06-03 03:15:00,7621.5,7622.5,-7.0
MA_Crossover(10/50),LONG,2026-06-03 03:15:00,2026-06-03 05:35:00,7622.5,7619.75,-15.75
MA_Crossover(10/50),SHORT,2026-06-03 05:35:00,2026-06-03 11:40:00,7619.75,7619.0,1.75
MA_Crossover(10/50),LONG,2026-06-03 11:40:00,2026-06-03 12:20:00,7619.0,7613.5,-29.5
MA_Crossover(10/50),SHORT,2026-06-03 12:20:00,2026-06-03 18:45:00,7613.5,7584.5,143.0
MA_Crossover(10/50),LONG,2026-06-03 18:45:00,2026-06-03 19:05:00,7584.5,7577.75,-35.75
MA_Crossover(10/50),SHORT,2026-06-03 19:05:00,2026-06-04 04:15:00,7577.75,7546.25,155.5
MA_Crossover(10/50),LONG,2026-06-04 04:15:00,2026-06-04 05:30:00,7546.25,7540.25,-32.0
MA_Crossover(10/50),SHORT,2026-06-04 05:30:00,2026-06-04 05:45:00,7540.25,7544.75,-24.5
MA_Crossover(10/50),LONG,2026-06-04 05:45:00,2026-06-04 05:50:00,7544.75,7542.0,-15.75
MA_Crossover(10/50),SHORT,2026-06-04 05:50:00,2026-06-04 06:05:00,7542.0,7545.75,-20.75
MA_Crossover(10/50),LONG,2026-06-04 06:05:00,2026-06-04 08:30:00,7545.75,7544.0,-10.75
MA_Crossover(10/50),SHORT,2026-06-04 08:30:00,2026-06-04 12:35:00,7544.0,7544.0,-2.0
MA_Crossover(10/50),LONG,2026-06-04 12:35:00,2026-06-04 20:30:00,7544.0,7588.75,221.75
MA_Crossover(10/50),SHORT,2026-06-04 20:30:00,2026-06-05 08:25:00,7588.75,7561.5,134.25
MA_Crossover(10/50),LONG,2026-06-05 08:25:00,2026-06-05 12:05:00,7561.5,7561.0,-4.5
MA_Crossover(10/50),SHORT,2026-06-05 12:05:00,2026-06-08 00:25:00,7561.0,7410.0,753.0
MA_Crossover(10/50),LONG,2026-06-08 00:25:00,2026-06-08 01:35:00,7410.0,7397.75,-63.25
MA_Crossover(10/50),SHORT,2026-06-08 01:35:00,2026-06-08 02:05:00,7397.75,7405.25,-39.5
MA_Crossover(10/50),LONG,2026-06-08 02:05:00,2026-06-08 02:20:00,7405.25,7401.5,-20.75
MA_Crossover(10/50),SHORT,2026-06-08 02:20:00,2026-06-08 02:25:00,7401.5,7405.75,-23.25
MA_Crossover(10/50),LONG,2026-06-08 02:25:00,2026-06-08 04:45:00,7405.75,7402.0,-20.75
MA_Crossover(10/50),SHORT,2026-06-08 04:45:00,2026-06-08 07:15:00,7402.0,7410.0,-42.0
MA_Crossover(10/50),LONG,2026-06-08 07:15:00,2026-06-08 14:20:00,7410.0,7438.75,141.75
MA_Crossover(10/50),SHORT,2026-06-08 14:20:00,2026-06-08 14:30:00,7438.75,7447.75,-47.0
MA_Crossover(10/50),LONG,2026-06-08 14:30:00,2026-06-08 16:35:00,7447.75,7441.75,-32.0
MA_Crossover(10/50),SHORT,2026-06-08 16:35:00,2026-06-09 01:40:00,7441.75,7418.5,114.25
MA_Crossover(10/50),LONG,2026-06-09 01:40:00,2026-06-09 12:30:00,7418.5,7443.75,124.25
MA_Crossover(10/50),SHORT,2026-06-09 12:30:00,2026-06-09 12:35:00,7443.75,7452.75,-47.0
MA_Crossover(10/50),LONG,2026-06-09 12:35:00,2026-06-09 14:25:00,7452.75,7440.75,-62.0
MA_Crossover(10/50),SHORT,2026-06-09 14:25:00,2026-06-09 18:25:00,7440.75,7372.5,339.25
MA_Crossover(10/50),LONG,2026-06-09 18:25:00,2026-06-09 23:00:00,7372.5,7370.5,-12.0
MA_Crossover(10/50),SHORT,2026-06-09 23:00:00,2026-06-09 23:05:00,7370.5,7375.5,-27.0
MA_Crossover(10/50),LONG,2026-06-09 23:05:00,2026-06-09 23:15:00,7375.5,7370.5,-27.0
MA_Crossover(10/50),SHORT,2026-06-09 23:15:00,2026-06-10 00:00:00,7370.5,7378.75,-43.25
MA_Crossover(10/50),LONG,2026-06-10 00:00:00,2026-06-10 02:25:00,7378.75,7375.25,-19.5
MA_Crossover(10/50),SHORT,2026-06-10 02:25:00,2026-06-10 02:30:00,7375.25,7378.5,-18.25
MA_Crossover(10/50),LONG,2026-06-10 02:30:00,2026-06-10 02:35:00,7378.5,7376.0,-14.5
MA_Crossover(10/50),SHORT,2026-06-10 02:35:00,2026-06-10 06:20:00,7376.0,7374.25,6.75
MA_Crossover(10/50),LONG,2026-06-10 06:20:00,2026-06-10 06:25:00,7374.25,7367.5,-35.75
MA_Crossover(10/50),SHORT,2026-06-10 06:25:00,2026-06-10 06:30:00,7367.5,7370.25,-15.75
MA_Crossover(10/50),LONG,2026-06-10 06:30:00,2026-06-10 07:20:00,7370.25,7367.0,-18.25
MA_Crossover(10/50),SHORT,2026-06-10 07:20:00,2026-06-10 12:40:00,7367.0,7353.5,65.5
MA_Crossover(10/50),LONG,2026-06-10 12:40:00,2026-06-10 15:15:00,7353.5,7327.5,-132.0
MA_Crossover(10/50),SHORT,2026-06-10 15:15:00,2026-06-11 01:00:00,7327.5,7277.25,249.25
MA_Crossover(10/50),LONG,2026-06-11 01:00:00,2026-06-11 11:15:00,7277.25,7322.25,223.0
MA_Crossover(10/50),SHORT,2026-06-11 11:15:00,2026-06-11 11:50:00,7322.25,7329.5,-38.25
MA_Crossover(10/50),LONG,2026-06-11 11:50:00,2026-06-11 12:25:00,7329.5,7309.25,-103.25
MA_Crossover(10/50),SHORT,2026-06-11 12:25:00,2026-06-11 17:35:00,7309.25,7362.5,-268.25
MA_Crossover(10/50),LONG,2026-06-11 17:35:00,2026-06-12 03:30:00,7362.5,7404.25,206.75
MA_Crossover(10/50),SHORT,2026-06-12 03:30:00,2026-06-12 03:45:00,7404.25,7407.0,-15.75
MA_Crossover(10/50),LONG,2026-06-12 03:45:00,2026-06-12 03:50:00,7407.0,7405.0,-12.0
MA_Crossover(10/50),SHORT,2026-06-12 03:50:00,2026-06-12 04:05:00,7405.0,7401.75,14.25
MA_Crossover(10/50),LONG,2026-06-12 04:05:00,2026-06-12 04:10:00,7401.75,7401.25,-4.5
MA_Crossover(10/50),SHORT,2026-06-12 04:10:00,2026-06-12 04:35:00,7401.25,7408.75,-39.5
MA_Crossover(10/50),LONG,2026-06-12 04:35:00,2026-06-12 05:45:00,7408.75,7402.75,-32.0
MA_Crossover(10/50),SHORT,2026-06-12 05:45:00,2026-06-12 08:15:00,7402.75,7411.5,-45.75
MA_Crossover(10/50),LONG,2026-06-12 08:15:00,2026-06-12 12:45:00,7411.5,7414.25,11.75
MA_Crossover(10/50),SHORT,2026-06-12 12:45:00,2026-06-12 15:00:00,7414.25,7440.75,-134.5
MA_Crossover(10/50),LONG,2026-06-12 15:00:00,2026-06-12 16:10:00,7440.75,7413.0,-140.75
MA_Crossover(10/50),SHORT,2026-06-12 16:10:00,2026-06-12 16:15:00,7413.0,7427.25,-73.25
MA_Crossover(10/50),LONG,2026-06-12 16:15:00,2026-06-12 19:45:00,7427.25,7426.0,-8.25
MA_Crossover(10/50),SHORT,2026-06-12 19:45:00,2026-06-12 20:00:00,7426.0,7433.5,-39.5
MA_Crossover(10/50),LONG,2026-06-12 20:00:00,2026-06-15 19:30:00,7433.5,7625.0,955.5
MA_Crossover(10/50),SHORT,2026-06-15 19:30:00,2026-06-16 03:25:00,7625.0,7622.0,13.0
MA_Crossover(10/50),LONG,2026-06-16 03:25:00,2026-06-16 04:55:00,7622.0,7615.5,-34.5
MA_Crossover(10/50),SHORT,2026-06-16 04:55:00,2026-06-16 05:10:00,7615.5,7621.5,-32.0
MA_Crossover(10/50),LONG,2026-06-16 05:10:00,2026-06-16 05:40:00,7621.5,7617.75,-20.75
MA_Crossover(10/50),SHORT,2026-06-16 05:40:00,2026-06-16 06:15:00,7617.75,7623.0,-28.25
MA_Crossover(10/50),LONG,2026-06-16 06:15:00,2026-06-16 09:50:00,7623.0,7620.0,-17.0
MA_Crossover(10/50),SHORT,2026-06-16 09:50:00,2026-06-16 10:20:00,7620.0,7624.0,-22.0
MA_Crossover(10/50),LONG,2026-06-16 10:20:00,2026-06-16 12:45:00,7624.0,7623.75,-3.25
MA_Crossover(10/50),SHORT,2026-06-16 12:45:00,2026-06-16 13:35:00,7623.75,7634.75,-57.0
MA_Crossover(10/50),LONG,2026-06-16 13:35:00,2026-06-16 14:25:00,7634.75,7617.25,-89.5
MA_Crossover(10/50),SHORT,2026-06-16 14:25:00,2026-06-17 00:20:00,7617.25,7596.25,103.0
MA_Crossover(10/50),LONG,2026-06-17 00:20:00,2026-06-17 08:15:00,7596.25,7598.75,10.5
MA_Crossover(10/50),SHORT,2026-06-17 08:15:00,2026-06-17 13:25:00,7598.75,7597.25,5.5
MA_Crossover(10/50),LONG,2026-06-17 13:25:00,2026-06-17 13:35:00,7597.25,7589.5,-40.75
MA_Crossover(10/50),SHORT,2026-06-17 13:35:00,2026-06-17 14:25:00,7589.5,7603.75,-73.25
MA_Crossover(10/50),LONG,2026-06-17 14:25:00,2026-06-17 14:40:00,7603.75,7582.75,-107.0
MA_Crossover(10/50),SHORT,2026-06-17 14:40:00,2026-06-17 16:25:00,7582.75,7592.25,-49.5
MA_Crossover(10/50),LONG,2026-06-17 16:25:00,2026-06-17 16:35:00,7592.25,7586.0,-33.25
MA_Crossover(10/50),SHORT,2026-06-17 16:35:00,2026-06-17 23:25:00,7586.0,7536.75,244.25
MA_Crossover(10/50),LONG,2026-06-17 23:25:00,2026-06-18 04:30:00,7536.75,7546.5,46.75
MA_Crossover(10/50),SHORT,2026-06-18 04:30:00,2026-06-18 07:00:00,7546.5,7556.5,-52.0
MA_Crossover(10/50),LONG,2026-06-18 07:00:00,2026-06-18 11:00:00,7556.5,7553.5,-17.0
MA_Crossover(10/50),SHORT,2026-06-18 11:00:00,2026-06-18 12:45:00,7553.5,7555.25,-10.75
MA_Crossover(10/50),LONG,2026-06-18 12:45:00,2026-06-18 13:55:00,7555.25,7543.0,-63.25
MA_Crossover(10/50),SHORT,2026-06-18 13:55:00,2026-06-18 14:25:00,7543.0,7561.5,-94.5
MA_Crossover(10/50),LONG,2026-06-18 14:25:00,2026-06-18 15:45:00,7561.5,7545.75,-80.75
MA_Crossover(10/50),SHORT,2026-06-18 15:45:00,2026-06-18 16:00:00,7545.75,7560.25,-74.5
MA_Crossover(10/50),LONG,2026-06-18 16:00:00,2026-06-18 19:05:00,7560.25,7557.25,-17.0
MA_Crossover(10/50),SHORT,2026-06-18 19:05:00,2026-06-18 19:45:00,7557.25,7571.0,-70.75
MA_Crossover(10/50),LONG,2026-06-18 19:45:00,2026-06-18 22:45:00,7571.0,7561.75,-48.25
MA_Crossover(10/50),SHORT,2026-06-18 22:45:00,2026-06-22 00:50:00,7561.75,7545.0,81.75
MA_Crossover(10/50),LONG,2026-06-22 00:50:00,2026-06-22 02:50:00,7545.0,7538.0,-37.0
MA_Crossover(10/50),SHORT,2026-06-22 02:50:00,2026-06-22 05:25:00,7538.0,7545.0,-37.0
MA_Crossover(10/50),LONG,2026-06-22 05:25:00,2026-06-22 14:40:00,7545.0,7550.5,25.5
MA_Crossover(10/50),SHORT,2026-06-22 14:40:00,2026-06-23 01:00:00,7550.5,7540.25,49.25
MA_Crossover(10/50),LONG,2026-06-23 01:00:00,2026-06-23 01:35:00,7540.25,7530.0,-53.25
MA_Crossover(10/50),SHORT,2026-06-23 01:35:00,2026-06-23 11:55:00,7530.0,7453.0,383.0
MA_Crossover(10/50),LONG,2026-06-23 11:55:00,2026-06-23 12:30:00,7453.0,7437.25,-80.75
MA_Crossover(10/50),SHORT,2026-06-23 12:30:00,2026-06-23 13:55:00,7437.25,7459.75,-114.5
MA_Crossover(10/50),LONG,2026-06-23 13:55:00,2026-06-23 15:35:00,7459.75,7443.75,-82.0
MA_Crossover(10/50),SHORT,2026-06-23 15:35:00,2026-06-23 16:10:00,7443.75,7466.25,-114.5
MA_Crossover(10/50),LONG,2026-06-23 16:10:00,2026-06-23 18:15:00,7466.25,7453.75,-64.5
MA_Crossover(10/50),SHORT,2026-06-23 18:15:00,2026-06-24 00:10:00,7453.75,7455.0,-8.25
MA_Crossover(10/50),LONG,2026-06-24 00:10:00,2026-06-24 02:40:00,7455.0,7441.5,-69.5
MA_Crossover(10/50),SHORT,2026-06-24 02:40:00,2026-06-24 04:50:00,7441.5,7449.75,-43.25
MA_Crossover(10/50),LONG,2026-06-24 04:50:00,2026-06-24 07:20:00,7449.75,7446.5,-18.25
MA_Crossover(10/50),SHORT,2026-06-24 07:20:00,2026-06-24 07:50:00,7446.5,7451.5,-27.0
MA_Crossover(10/50),LONG,2026-06-24 07:50:00,2026-06-24 07:55:00,7451.5,7446.25,-28.25
MA_Crossover(10/50),SHORT,2026-06-24 07:55:00,2026-06-24 08:15:00,7446.25,7451.75,-29.5
MA_Crossover(10/50),LONG,2026-06-24 08:15:00,2026-06-24 08:50:00,7451.75,7445.25,-34.5
MA_Crossover(10/50),SHORT,2026-06-24 08:50:00,2026-06-24 10:30:00,7445.25,7450.5,-28.25
MA_Crossover(10/50),LONG,2026-06-24 10:30:00,2026-06-24 13:10:00,7450.5,7446.75,-20.75
MA_Crossover(10/50),SHORT,2026-06-24 13:10:00,2026-06-24 13:40:00,7446.75,7458.5,-60.75
MA_Crossover(10/50),LONG,2026-06-24 13:40:00,2026-06-24 13:50:00,7458.5,7450.0,-44.5
MA_Crossover(10/50),SHORT,2026-06-24 13:50:00,2026-06-24 13:55:00,7450.0,7468.25,-93.25
MA_Crossover(10/50),LONG,2026-06-24 13:55:00,2026-06-24 14:20:00,7468.25,7444.25,-122.0
MA_Crossover(10/50),SHORT,2026-06-24 14:20:00,2026-06-24 14:25:00,7444.25,7458.5,-73.25
MA_Crossover(10/50),LONG,2026-06-24 14:25:00,2026-06-24 16:55:00,7458.5,7454.0,-24.5
MA_Crossover(10/50),SHORT,2026-06-24 16:55:00,2026-06-24 20:15:00,7454.0,7463.75,-50.75
MA_Crossover(10/50),LONG,2026-06-24 20:15:00,2026-06-25 00:55:00,7463.75,7459.25,-24.5
MA_Crossover(10/50),SHORT,2026-06-25 00:55:00,2026-06-25 02:05:00,7459.25,7463.25,-22.0
MA_Crossover(10/50),LONG,2026-06-25 02:05:00,2026-06-25 02:15:00,7463.25,7455.5,-40.75
MA_Crossover(10/50),SHORT,2026-06-25 02:15:00,2026-06-25 03:00:00,7455.5,7463.5,-42.0
MA_Crossover(10/50),LONG,2026-06-25 03:00:00,2026-06-25 11:25:00,7463.5,7474.0,50.5
MA_Crossover(10/50),SHORT,2026-06-25 11:25:00,2026-06-25 12:40:00,7474.0,7487.5,-69.5
MA_Crossover(10/50),LONG,2026-06-25 12:40:00,2026-06-25 13:40:00,7487.5,7466.25,-108.25
MA_Crossover(10/50),SHORT,2026-06-25 13:40:00,2026-06-25 20:20:00,7466.25,7446.75,95.5
MA_Crossover(10/50),LONG,2026-06-25 20:20:00,2026-06-25 22:10:00,7446.75,7423.25,-119.5
MA_Crossover(10/50),SHORT,2026-06-25 22:10:00,2026-06-25 23:25:00,7423.25,7449.5,-133.25
MA_Crossover(10/50),LONG,2026-06-25 23:25:00,2026-06-26 00:00:00,7449.5,7423.75,-130.75
MA_Crossover(10/50),SHORT,2026-06-26 00:00:00,2026-06-26 06:40:00,7423.75,7391.0,161.75
MA_Crossover(10/50),LONG,2026-06-26 06:40:00,2026-06-26 09:05:00,7391.0,7384.5,-34.5
MA_Crossover(10/50),SHORT,2026-06-26 09:05:00,2026-06-26 12:15:00,7384.5,7398.5,-72.0
MA_Crossover(10/50),LONG,2026-06-26 12:15:00,2026-06-26 12:50:00,7398.5,7383.25,-78.25
MA_Crossover(10/50),SHORT,2026-06-26 12:50:00,2026-06-26 14:05:00,7383.25,7415.0,-160.75
MA_Crossover(10/50),LONG,2026-06-26 14:05:00,2026-06-26 18:45:00,7415.0,7420.75,26.75
MA_Crossover(10/50),SHORT,2026-06-26 18:45:00,2026-06-28 22:25:00,7420.75,7433.5,-65.75
MA_Crossover(10/50),LONG,2026-06-28 22:25:00,2026-06-29 01:35:00,7433.5,7429.25,-23.25
MA_Crossover(10/50),SHORT,2026-06-29 01:35:00,2026-06-29 01:40:00,7429.25,7438.5,-48.25
MA_Crossover(10/50),LONG,2026-06-29 01:40:00,2026-06-29 02:15:00,7438.5,7422.5,-82.0
MA_Crossover(10/50),SHORT,2026-06-29 02:15:00,2026-06-29 02:30:00,7422.5,7440.0,-89.5
MA_Crossover(10/50),LONG,2026-06-29 02:30:00,2026-06-29 14:10:00,7440.0,7439.5,-4.5
MA_Crossover(10/50),SHORT,2026-06-29 14:10:00,2026-06-29 15:05:00,7439.5,7462.75,-118.25
MA_Crossover(10/50),LONG,2026-06-29 15:05:00,2026-06-30 00:35:00,7462.75,7486.0,114.25
MA_Crossover(10/50),SHORT,2026-06-30 00:35:00,2026-06-30 01:40:00,7486.0,7494.5,-44.5
MA_Crossover(10/50),LONG,2026-06-30 01:40:00,2026-06-30 03:05:00,7494.5,7491.75,-15.75
MA_Crossover(10/50),SHORT,2026-06-30 03:05:00,2026-06-30 03:10:00,7491.75,7494.5,-15.75
MA_Crossover(10/50),LONG,2026-06-30 03:10:00,2026-06-30 03:15:00,7494.5,7493.25,-8.25
MA_Crossover(10/50),SHORT,2026-06-30 03:15:00,2026-06-30 03:20:00,7493.25,7495.75,-14.5
MA_Crossover(10/50),LONG,2026-06-30 03:20:00,2026-06-30 08:15:00,7495.75,7502.75,33.0
MA_Crossover(10/50),SHORT,2026-06-30 08:15:00,2026-06-30 08:30:00,7502.75,7508.5,-30.75
MA_Crossover(10/50),LONG,2026-06-30 08:30:00,2026-06-30 08:35:00,7508.5,7502.5,-32.0
MA_Crossover(10/50),SHORT,2026-06-30 08:35:00,2026-06-30 09:55:00,7502.5,7507.0,-24.5
MA_Crossover(10/50),LONG,2026-06-30 09:55:00,2026-06-30 12:20:00,7507.0,7501.75,-28.25
MA_Crossover(10/50),SHORT,2026-06-30 12:20:00,2026-06-30 13:55:00,7501.75,7518.75,-87.0
MA_Crossover(10/50),LONG,2026-06-30 13:55:00,2026-06-30 20:25:00,7518.75,7542.75,118.0
MA_Crossover(10/50),SHORT,2026-06-30 20:25:00,2026-07-01 00:50:00,7542.75,7549.0,-33.25
MA_Crossover(10/50),LONG,2026-07-01 00:50:00,2026-07-01 01:00:00,7549.0,7545.0,-22.0
MA_Crossover(10/50),SHORT,2026-07-01 01:00:00,2026-07-01 09:00:00,7545.0,7528.75,79.25
MA_Crossover(10/50),LONG,2026-07-01 09:00:00,2026-07-01 09:10:00,7528.75,7524.5,-23.25
MA_Crossover(10/50),SHORT,2026-07-01 09:10:00,2026-07-01 09:35:00,7524.5,7527.0,-14.5
MA_Crossover(10/50),LONG,2026-07-01 09:35:00,2026-07-01 12:45:00,7527.0,7528.0,3.0
MA_Crossover(10/50),SHORT,2026-07-01 12:45:00,2026-07-01 13:25:00,7528.0,7537.75,-50.75
MA_Crossover(10/50),LONG,2026-07-01 13:25:00,2026-07-01 13:35:00,7537.75,7508.75,-147.0
MA_Crossover(10/50),SHORT,2026-07-01 13:35:00,2026-07-01 14:10:00,7508.75,7544.25,-179.5
MA_Crossover(10/50),LONG,2026-07-01 14:10:00,2026-07-01 18:30:00,7544.25,7556.0,56.75
MA_Crossover(10/50),SHORT,2026-07-01 18:30:00,2026-07-02 01:10:00,7556.0,7548.25,36.75
MA_Crossover(10/50),LONG,2026-07-02 01:10:00,2026-07-02 04:40:00,7548.25,7544.25,-22.0
MA_Crossover(10/50),SHORT,2026-07-02 04:40:00,2026-07-02 05:15:00,7544.25,7552.25,-42.0
MA_Crossover(10/50),LONG,2026-07-02 05:15:00,2026-07-02 05:40:00,7552.25,7543.0,-48.25
MA_Crossover(10/50),SHORT,2026-07-02 05:40:00,2026-07-02 08:55:00,7543.0,7542.75,-0.75
MA_Crossover(10/50),LONG,2026-07-02 08:55:00,2026-07-02 10:10:00,7542.75,7534.5,-43.25
MA_Crossover(10/50),SHORT,2026-07-02 10:10:00,2026-07-02 10:35:00,7534.5,7541.5,-37.0
MA_Crossover(10/50),LONG,2026-07-02 10:35:00,2026-07-02 15:05:00,7541.5,7541.5,-2.0
MA_Crossover(10/50),SHORT,2026-07-02 15:05:00,2026-07-02 20:00:00,7541.5,7526.5,73.0
MA_Crossover(10/50),LONG,2026-07-02 20:00:00,2026-07-06 01:45:00,7526.5,7557.0,150.5
MA_Crossover(10/50),SHORT,2026-07-06 01:45:00,2026-07-06 05:10:00,7557.0,7551.5,25.5
MA_Crossover(10/50),LONG,2026-07-06 05:10:00,2026-07-06 05:35:00,7551.5,7545.75,-30.75
MA_Crossover(10/50),SHORT,2026-07-06 05:35:00,2026-07-06 05:55:00,7545.75,7551.75,-32.0
MA_Crossover(10/50),LONG,2026-07-06 05:55:00,2026-07-06 06:15:00,7551.75,7546.75,-27.0
MA_Crossover(10/50),SHORT,2026-07-06 06:15:00,2026-07-06 06:35:00,7546.75,7553.25,-34.5
MA_Crossover(10/50),LONG,2026-07-06 06:35:00,2026-07-06 12:00:00,7553.25,7556.5,14.25
MA_Crossover(10/50),SHORT,2026-07-06 12:00:00,2026-07-06 12:05:00,7556.5,7562.5,-32.0
MA_Crossover(10/50),LONG,2026-07-06 12:05:00,2026-07-06 12:30:00,7562.5,7558.5,-22.0
MA_Crossover(10/50),SHORT,2026-07-06 12:30:00,2026-07-06 12:55:00,7558.5,7562.75,-23.25
MA_Crossover(10/50),LONG,2026-07-06 12:55:00,2026-07-06 13:10:00,7562.75,7556.5,-33.25
MA_Crossover(10/50),SHORT,2026-07-06 13:10:00,2026-07-06 13:35:00,7556.5,7570.0,-69.5
MA_Crossover(10/50),LONG,2026-07-06 13:35:00,2026-07-06 23:40:00,7570.0,7591.25,104.25
MA_Crossover(10/50),SHORT,2026-07-06 23:40:00,2026-07-07 07:15:00,7591.25,7576.5,71.75
MA_Crossover(10/50),LONG,2026-07-07 07:15:00,2026-07-07 11:05:00,7576.5,7574.75,-10.75
MA_Crossover(10/50),SHORT,2026-07-07 11:05:00,2026-07-07 12:10:00,7574.75,7582.75,-42.0
MA_Crossover(10/50),LONG,2026-07-07 12:10:00,2026-07-07 13:40:00,7582.75,7572.75,-52.0
MA_Crossover(10/50),SHORT,2026-07-07 13:40:00,2026-07-07 16:40:00,7572.75,7565.5,34.25
MA_Crossover(10/50),LONG,2026-07-07 16:40:00,2026-07-07 19:00:00,7565.5,7552.5,-67.0
MA_Crossover(10/50),SHORT,2026-07-07 19:00:00,2026-07-08 00:40:00,7552.5,7555.75,-18.25
MA_Crossover(10/50),LONG,2026-07-08 00:40:00,2026-07-08 02:15:00,7555.75,7548.0,-40.75
MA_Crossover(10/50),SHORT,2026-07-08 02:15:00,2026-07-08 03:05:00,7548.0,7555.5,-39.5
MA_Crossover(10/50),LONG,2026-07-08 03:05:00,2026-07-08 04:40:00,7555.5,7550.25,-28.25
MA_Crossover(10/50),SHORT,2026-07-08 04:40:00,2026-07-08 12:10:00,7550.25,7510.0,199.25
MA_Crossover(10/50),LONG,2026-07-08 12:10:00,2026-07-08 14:50:00,7510.0,7488.0,-112.0
MA_Crossover(10/50),SHORT,2026-07-08 14:50:00,2026-07-08 16:40:00,7488.0,7507.25,-98.25
MA_Crossover(10/50),LONG,2026-07-08 16:40:00,2026-07-08 20:40:00,7507.25,7513.25,28.0
MA_Crossover(10/50),SHORT,2026-07-08 20:40:00,2026-07-08 22:20:00,7513.25,7520.25,-37.0
MA_Crossover(10/50),LONG,2026-07-08 22:20:00,2026-07-08 22:45:00,7520.25,7517.0,-18.25
MA_Crossover(10/50),SHORT,2026-07-08 22:45:00,2026-07-08 23:10:00,7517.0,7522.0,-27.0
MA_Crossover(10/50),LONG,2026-07-08 23:10:00,2026-07-09 03:20:00,7522.0,7526.5,20.5
MA_Crossover(10/50),SHORT,2026-07-09 03:20:00,2026-07-09 03:30:00,7526.5,7535.25,-45.75
MA_Crossover(10/50),LONG,2026-07-09 03:30:00,2026-07-09 09:05:00,7535.25,7544.5,44.25
MA_Crossover(10/50),SHORT,2026-07-09 09:05:00,2026-07-09 12:10:00,7544.5,7548.25,-20.75
MA_Crossover(10/50),LONG,2026-07-09 12:10:00,2026-07-10 00:20:00,7548.25,7582.0,166.75
MA_Crossover(10/50),SHORT,2026-07-10 00:20:00,2026-07-10 03:00:00,7582.0,7586.25,-23.25
MA_Crossover(10/50),LONG,2026-07-10 03:00:00,2026-07-10 04:30:00,7586.25,7581.25,-27.0
MA_Crossover(10/50),SHORT,2026-07-10 04:30:00,2026-07-10 09:20:00,7581.25,7582.0,-5.75
MA_Crossover(10/50),LONG,2026-07-10 09:20:00,2026-07-10 15:05:00,7582.0,7581.75,-3.25
MA_Crossover(10/50),SHORT,2026-07-10 15:05:00,2026-07-10 15:20:00,7581.75,7599.5,-90.75
MA_Crossover(10/50),LONG,2026-07-10 15:20:00,2026-07-12 22:20:00,7599.5,7593.0,-34.5
MA_Crossover(10/50),SHORT,2026-07-12 22:20:00,2026-07-13 07:10:00,7593.0,7588.5,20.5
MA_Crossover(10/50),LONG,2026-07-13 07:10:00,2026-07-13 12:10:00,7588.5,7594.0,25.5
MA_Crossover(10/50),SHORT,2026-07-13 12:10:00,2026-07-13 13:35:00,7594.0,7605.25,-58.25
MA_Crossover(10/50),LONG,2026-07-13 13:35:00,2026-07-13 14:45:00,7605.25,7585.75,-99.5
MA_Crossover(10/50),SHORT,2026-07-13 14:45:00,2026-07-14 01:20:00,7585.75,7558.5,134.25
MA_Crossover(10/50),LONG,2026-07-14 01:20:00,2026-07-14 01:40:00,7558.5,7551.0,-39.5
MA_Crossover(10/50),SHORT,2026-07-14 01:40:00,2026-07-14 04:40:00,7551.0,7556.0,-27.0
MA_Crossover(10/50),LONG,2026-07-14 04:40:00,2026-07-14 08:10:00,7556.0,7553.5,-14.5
MA_Crossover(10/50),SHORT,2026-07-14 08:10:00,2026-07-14 08:30:00,7553.5,7562.5,-47.0
MA_Crossover(10/50),LONG,2026-07-14 08:30:00,2026-07-14 08:50:00,7562.5,7554.75,-40.75
MA_Crossover(10/50),SHORT,2026-07-14 08:50:00,2026-07-14 12:35:00,7554.75,7595.5,-205.75
MA_Crossover(10/50),LONG,2026-07-14 12:35:00,2026-07-14 20:35:00,7595.5,7587.0,-44.5
MA_Crossover(10/50),SHORT,2026-07-14 20:35:00,2026-07-14 20:55:00,7587.0,7590.0,-17.0
MA_Crossover(10/50),LONG,2026-07-14 20:55:00,2026-07-14 22:15:00,7590.0,7584.25,-30.75
MA_Crossover(10/50),SHORT,2026-07-14 22:15:00,2026-07-14 22:30:00,7584.25,7590.5,-33.25
MA_Crossover(10/50),LONG,2026-07-14 22:30:00,2026-07-15 07:30:00,7590.5,7599.0,40.5
MA_Crossover(10/50),SHORT,2026-07-15 07:30:00,2026-07-15 09:05:00,7599.0,7608.25,-48.25
MA_Crossover(10/50),LONG,2026-07-15 09:05:00,2026-07-15 10:25:00,7608.25,7600.25,-42.0
MA_Crossover(10/50),SHORT,2026-07-15 10:25:00,2026-07-15 12:50:00,7600.25,7612.0,-60.75
MA_Crossover(10/50),LONG,2026-07-15 12:50:00,2026-07-15 15:05:00,7612.0,7602.0,-52.0
MA_Crossover(10/50),SHORT,2026-07-15 15:05:00,2026-07-15 17:50:00,7602.0,7610.75,-45.75
MA_Crossover(10/50),LONG,2026-07-15 17:50:00,2026-07-16 01:20:00,7610.75,7610.75,-2.0
MA_Crossover(10/50),SHORT,2026-07-16 01:20:00,2026-07-16 02:30:00,7610.75,7619.5,-45.75
MA_Crossover(10/50),LONG,2026-07-16 02:30:00,2026-07-16 05:55:00,7619.5,7615.75,-20.75
MA_Crossover(10/50),SHORT,2026-07-16 05:55:00,2026-07-16 14:20:00,7615.75,7608.0,36.75
MA_Crossover(10/50),LONG,2026-07-16 14:20:00,2026-07-16 16:15:00,7608.0,7589.0,-97.0
MA_Crossover(10/50),SHORT,2026-07-16 16:15:00,2026-07-17 10:20:00,7589.0,7514.5,370.5
MA_Crossover(10/50),LONG,2026-07-17 10:20:00,2026-07-17 12:25:00,7514.5,7511.0,-19.5
MA_Crossover(10/50),SHORT,2026-07-17 12:25:00,2026-07-17 14:15:00,7511.0,7528.5,-89.5
MA_Crossover(10/50),LONG,2026-07-17 14:15:00,2026-07-17 18:05:00,7528.5,7510.75,-90.75
MA_Crossover(10/50),SHORT,2026-07-17 18:05:00,2026-07-20 00:05:00,7510.75,7504.25,30.5
MA_Crossover(10/50),LONG,2026-07-20 00:05:00,2026-07-20 01:45:00,7504.25,7495.25,-47.0
MA_Crossover(10/50),SHORT,2026-07-20 01:45:00,2026-07-20 02:50:00,7495.25,7510.25,-77.0
MA_Crossover(10/50),LONG,2026-07-20 02:50:00,2026-07-20 05:30:00,7510.25,7500.25,-52.0
MA_Crossover(10/50),SHORT,2026-07-20 05:30:00,2026-07-20 07:30:00,7500.25,7509.5,-48.25
MA_Crossover(10/50),LONG,2026-07-20 07:30:00,2026-07-20 14:15:00,7509.5,7514.0,20.5
MA_Crossover(10/50),SHORT,2026-07-20 14:15:00,2026-07-20 16:10:00,7514.0,7531.75,-90.75
MA_Crossover(10/50),LONG,2026-07-20 16:10:00,2026-07-20 17:00:00,7531.75,7514.0,-90.75
MA_Crossover(10/50),SHORT,2026-07-20 17:00:00,2026-07-21 00:40:00,7514.0,7491.75,109.25
MA_Crossover(10/50),LONG,2026-07-21 00:40:00,2026-07-21 11:10:00,7491.75,7516.75,123.0
MA_Crossover(10/50),SHORT,2026-07-21 11:10:00,2026-07-21 14:20:00,7516.75,7523.5,-35.75
MA_Crossover(10/50),LONG,2026-07-21 14:20:00,2026-07-21 20:30:00,7523.5,7541.5,88.0
MA_Crossover(10/50),SHORT,2026-07-21 20:30:00,2026-07-22 00:05:00,7541.5,7546.75,-28.25
MA_Crossover(10/50),LONG,2026-07-22 00:05:00,2026-07-22 00:40:00,7546.75,7541.25,-29.5
MA_Crossover(10/50),SHORT,2026-07-22 00:40:00,2026-07-22 03:00:00,7541.25,7541.0,-0.75
MA_Crossover(10/50),LONG,2026-07-22 03:00:00,2026-07-22 03:10:00,7541.0,7538.75,-13.25
MA_Crossover(10/50),SHORT,2026-07-22 03:10:00,2026-07-22 03:25:00,7538.75,7543.25,-24.5
MA_Crossover(10/50),LONG,2026-07-22 03:25:00,2026-07-22 03:45:00,7543.25,7539.25,-22.0
MA_Crossover(10/50),SHORT,2026-07-22 03:45:00,2026-07-22 09:25:00,7539.25,7530.25,43.0
MA_Crossover(10/50),LONG,2026-07-22 09:25:00,2026-07-22 09:35:00,7530.25,7522.25,-42.0
MA_Crossover(10/50),SHORT,2026-07-22 09:35:00,2026-07-22 10:25:00,7522.25,7532.0,-50.75
MA_Crossover(10/50),LONG,2026-07-22 10:25:00,2026-07-22 11:30:00,7532.0,7523.0,-47.0
MA_Crossover(10/50),SHORT,2026-07-22 11:30:00,2026-07-22 13:35:00,7523.0,7534.75,-60.75
MA_Crossover(10/50),LONG,2026-07-22 13:35:00,2026-07-22 18:15:00,7534.75,7542.5,36.75
MA_Crossover(10/50),SHORT,2026-07-22 18:15:00,2026-07-22 20:35:00,7542.5,7547.5,-27.0
MA_Crossover(10/50),LONG,2026-07-22 20:35:00,2026-07-22 20:50:00,7547.5,7544.5,-17.0
MA_Crossover(10/50),SHORT,2026-07-22 20:50:00,2026-07-22 20:55:00,7544.5,7546.75,-13.25
MA_Crossover(10/50),LONG,2026-07-22 20:55:00,2026-07-22 22:00:00,7546.75,7531.25,-79.5
MA_Crossover(10/50),SHORT,2026-07-22 22:00:00,2026-07-23 00:30:00,7531.25,7540.75,-49.5
MA_Crossover(10/50),LONG,2026-07-23 00:30:00,2026-07-23 02:25:00,7540.75,7530.75,-52.0
MA_Crossover(10/50),SHORT,2026-07-23 02:25:00,2026-07-23 10:45:00,7530.75,7520.5,49.25
MA_Crossover(10/50),LONG,2026-07-23 10:45:00,2026-07-23 11:20:00,7520.5,7512.0,-44.5
MA_Crossover(10/50),SHORT,2026-07-23 11:20:00,2026-07-23 20:15:00,7512.0,7453.25,291.75
MA_Crossover(10/50),LONG,2026-07-23 20:15:00,2026-07-24 02:40:00,7453.25,7443.25,-52.0
MA_Crossover(10/50),SHORT,2026-07-24 02:40:00,2026-07-24 05:25:00,7443.25,7447.25,-22.0
MA_Crossover(10/50),LONG,2026-07-24 05:25:00,2026-07-24 06:05:00,7447.25,7439.25,-42.0
MA_Crossover(10/50),SHORT,2026-07-24 06:05:00,2026-07-24 07:10:00,7439.25,7452.25,-67.0
MA_Crossover(10/50),LONG,2026-07-24 07:10:00,2026-07-24 11:55:00,7452.25,7456.25,18.0
MA_Crossover(10/50),SHORT,2026-07-24 11:55:00,2026-07-24 12:00:00,7456.25,7465.0,-45.75
MA_Crossover(10/50),LONG,2026-07-24 12:00:00,2026-07-24 12:55:00,7465.0,7453.25,-60.75
MA_Crossover(10/50),SHORT,2026-07-24 12:55:00,2026-07-24 15:15:00,7453.25,7477.75,-124.5
MA_Crossover(10/50),LONG,2026-07-24 15:15:00,2026-07-24 18:15:00,7477.75,7465.0,-65.75
MA_Crossover(10/50),SHORT,2026-07-24 18:15:00,2026-07-26 22:15:00,7465.0,7494.25,-148.25
MA_Crossover(10/50),LONG,2026-07-26 22:15:00,2026-07-27 11:35:00,7494.25,7512.5,89.25
MA_Crossover(10/50),SHORT,2026-07-27 11:35:00,2026-07-27 19:20:00,7512.5,7453.5,293.0
MA_Crossover(10/50),LONG,2026-07-27 19:20:00,2026-07-27 22:55:00,7453.5,7445.25,-43.25
MA_Crossover(10/50),SHORT,2026-07-27 22:55:00,2026-07-28 00:00:00,7445.25,7447.75,-14.5
MA_Crossover(10/50),LONG,2026-07-28 00:00:00,2026-07-28 00:15:00,7447.75,7441.5,-33.25
MA_Crossover(10/50),SHORT,2026-07-28 00:15:00,2026-07-28 03:55:00,7441.5,7440.0,5.5
MA_Crossover(10/50),LONG,2026-07-28 03:55:00,2026-07-28 04:15:00,7440.0,7430.75,-48.25
MA_Crossover(10/50),SHORT,2026-07-28 04:15:00,2026-07-28 07:15:00,7430.75,7435.75,-27.0
MA_Crossover(10/50),LONG,2026-07-28 07:15:00,2026-07-28 13:45:00,7435.75,7428.25,-39.5
MA_Crossover(10/50),SHORT,2026-07-28 13:45:00,2026-07-28 15:15:00,7428.25,7451.5,-118.25
MA_Crossover(10/50),LONG,2026-07-28 15:15:00,2026-07-28 22:25:00,7451.5,7459.75,39.25
MA_Crossover(10/50),SHORT,2026-07-28 22:25:00,2026-07-28 23:45:00,7459.75,7483.0,-118.25
MA_Crossover(10/50),LONG,2026-07-28 23:45:00,2026-07-29 01:50:00,7483.0,7464.25,-95.75
MA_Crossover(10/50),SHORT,2026-07-29 01:50:00,2026-07-29 05:55:00,7464.25,7461.0,14.25
MA_Crossover(10/50),LONG,2026-07-29 05:55:00,2026-07-29 06:05:00,7461.0,7452.75,-43.25
MA_Crossover(10/50),SHORT,2026-07-29 06:05:00,2026-07-29 06:35:00,7452.75,7468.0,-78.25
MA_Crossover(10/50),LONG,2026-07-29 06:35:00,2026-07-29 12:10:00,7468.0,7474.75,31.75
MA_Crossover(10/50),SHORT,2026-07-29 12:10:00,2026-07-29 18:00:00,7474.75,7419.75,273.0
MA_Crossover(10/50),LONG,2026-07-29 18:00:00,2026-07-29 19:35:00,7419.75,7389.25,-154.5
MA_Crossover(10/50),SHORT,2026-07-29 19:35:00,2026-07-30 00:15:00,7389.25,7384.0,24.25
MA_Crossover(10/50),LONG,2026-07-30 00:15:00,2026-07-30 00:25:00,7384.0,7376.0,-42.0
MA_Crossover(10/50),SHORT,2026-07-30 00:25:00,2026-07-30 01:25:00,7376.0,7383.0,-37.0
MA_Crossover(10/50),LONG,2026-07-30 01:25:00,2026-07-30 03:15:00,7383.0,7374.0,-47.0
MA_Crossover(10/50),SHORT,2026-07-30 03:15:00,2026-07-30 08:30:00,7374.0,7376.5,-14.5
MA_Crossover(10/50),LONG,2026-07-30 08:30:00,2026-07-31 06:55:00,7376.5,7497.25,601.75
MA_Crossover(10/50),SHORT,2026-07-31 06:55:00,2026-07-31 07:20:00,7497.25,7506.5,-48.25
MA_Crossover(10/50),LONG,2026-07-31 07:20:00,2026-07-31 10:10:00,7506.5,7504.75,-10.75
MA_Crossover(10/50),SHORT,2026-07-31 10:10:00,2026-07-31 10:15:00,7504.75,7507.5,-15.75
MA_Crossover(10/50),LONG,2026-07-31 10:15:00,2026-07-31 11:20:00,7507.5,7503.0,-24.5
MA_Crossover(10/50),SHORT,2026-07-31 11:20:00,2026-07-31 16:20:00,7503.0,7484.25,91.75
MA_Crossover(10/50),LONG,2026-07-31 16:20:00,2026-08-03 06:50:00,7484.25,7557.5,364.25
MA_Crossover(10/50),SHORT,2026-08-03 06:50:00,2026-08-03 10:10:00,7557.5,7558.5,-7.0
MA_Crossover(10/50),LONG,2026-08-03 10:10:00,2026-08-03 12:10:00,7558.5,7555.0,-19.5
MA_Crossover(10/50),SHORT,2026-08-03 12:10:00,2026-08-03 12:40:00,7555.0,7562.0,-37.0
MA_Crossover(10/50),LONG,2026-08-03 12:40:00,2026-08-04 07:45:00,7562.0,7642.5,400.5
MA_Crossover(10/50),SHORT,2026-08-04 07:45:00,2026-08-04 07:50:00,7642.5,7646.5,-22.0
MA_Crossover(10/50),LONG,2026-08-04 07:50:00,2026-08-04 08:00:00,7646.5,7643.5,-17.0
MA_Crossover(10/50),SHORT,2026-08-04 08:00:00,2026-08-04 10:50:00,7643.5,7644.75,-8.25
MA_Crossover(10/50),LONG,2026-08-04 10:50:00,2026-08-05 07:50:00,7644.75,7791.25,730.5
MA_Crossover(10/50),SHORT,2026-08-05 07:50:00,2026-08-05 08:05:00,7791.25,7796.0,-25.75
MA_Crossover(10/50),LONG,2026-08-05 08:05:00,2026-08-05 08:15:00,7796.0,7787.75,-43.25
MA_Crossover(10/50),SHORT,2026-08-05 08:15:00,2026-08-05 10:25:00,7787.75,7791.75,-22.0
MA_Crossover(10/50),LONG,2026-08-05 10:25:00,2026-08-05 14:45:00,7791.75,7792.25,0.5
MA_Crossover(10/50),SHORT,2026-08-05 14:45:00,2026-08-05 22:45:00,7792.25,7769.0,114.25
MA_Crossover(10/50),LONG,2026-08-05 22:45:00,2026-08-05 23:05:00,7769.0,7764.0,-27.0
MA_Crossover(10/50),SHORT,2026-08-05 23:05:00,2026-08-05 23:15:00,7764.0,7766.0,-12.0
MA_Crossover(10/50),LONG,2026-08-05 23:15:00,2026-08-05 23:35:00,7766.0,7763.0,-17.0
MA_Crossover(10/50),SHORT,2026-08-05 23:35:00,2026-08-06 02:40:00,7763.0,7762.25,1.75
MA_Crossover(10/50),LONG,2026-08-06 02:40:00,2026-08-06 06:15:00,7762.25,7756.25,-32.0
MA_Crossover(10/50),SHORT,2026-08-06 06:15:00,2026-08-06 08:55:00,7756.25,7765.0,-45.75
MA_Crossover(10/50),LONG,2026-08-06 08:55:00,2026-08-06 09:15:00,7765.0,7756.5,-44.5
MA_Crossover(10/50),SHORT,2026-08-06 09:15:00,2026-08-06 09:30:00,7756.5,7760.25,-20.75
MA_Crossover(10/50),LONG,2026-08-06 09:30:00,2026-08-06 11:05:00,7760.25,7754.75,-29.5
MA_Crossover(10/50),SHORT,2026-08-06 11:05:00,2026-08-06 11:40:00,7754.75,7763.75,-47.0
MA_Crossover(10/50),LONG,2026-08-06 11:40:00,2026-08-06 11:50:00,7763.75,7757.5,-33.25
MA_Crossover(10/50),SHORT,2026-08-06 11:50:00,2026-08-06 14:10:00,7757.5,7764.5,-37.0
MA_Crossover(10/50),LONG,2026-08-06 14:10:00,2026-08-06 14:40:00,7764.5,7747.5,-87.0
MA_Crossover(10/50),SHORT,2026-08-06 14:40:00,2026-08-06 19:05:00,7747.5,7745.5,8.0
MA_Crossover(10/50),LONG,2026-08-06 19:05:00,2026-08-06 19:40:00,7745.5,7735.0,-54.5
MA_Crossover(10/50),SHORT,2026-08-06 19:40:00,2026-08-06 23:20:00,7735.0,7738.5,-19.5
MA_Crossover(10/50),LONG,2026-08-06 23:20:00,2026-08-07 00:25:00,7738.5,7730.25,-43.25
MA_Crossover(10/50),SHORT,2026-08-07 00:25:00,2026-08-07 05:15:00,7730.25,7733.75,-19.5
MA_Crossover(10/50),LONG,2026-08-07 05:15:00,2026-08-07 17:30:00,7733.75,7768.25,170.5
MA_Crossover(10/50),SHORT,2026-08-07 17:30:00,2026-08-07 17:50:00,7768.25,7770.0,-10.75
MA_Crossover(10/50),LONG,2026-08-07 17:50:00,2026-08-07 18:05:00,7770.0,7768.75,-8.25
MA_Crossover(10/50),SHORT,2026-08-07 18:05:00,2026-08-07 19:20:00,7768.75,7776.25,-39.5
MA_Crossover(10/50),LONG,2026-08-07 19:20:00,2026-08-09 22:35:00,7776.25,7767.0,-48.25
MA_Crossover(10/50),SHORT,2026-08-09 22:35:00,2026-08-10 00:15:00,7767.0,7776.25,-48.25
MA_Crossover(10/50),LONG,2026-08-10 00:15:00,2026-08-10 10:15:00,7776.25,7786.75,50.5
MA_Crossover(10/50),SHORT,2026-08-10 10:15:00,2026-08-10 10:30:00,7786.75,7790.25,-19.5
MA_Crossover(10/50),LONG,2026-08-10 10:30:00,2026-08-10 10:35:00,7790.25,7789.25,-7.0
MA_Crossover(10/50),SHORT,2026-08-10 10:35:00,2026-08-10 14:15:00,7789.25,7788.75,0.5
MA_Crossover(10/50),LONG,2026-08-10 14:15:00,2026-08-10 16:35:00,7788.75,7773.75,-77.0
MA_Crossover(10/50),SHORT,2026-08-10 16:35:00,2026-08-10 19:20:00,7773.75,7779.75,-32.0
MA_Crossover(10/50),LONG,2026-08-10 19:20:00,2026-08-10 19:35:00,7779.75,7775.25,-24.5
MA_Crossover(10/50),SHORT,2026-08-10 19:35:00,2026-08-10 19:50:00,7775.25,7777.0,-10.75
MA_Crossover(10/50),LONG,2026-08-10 19:50:00,2026-08-10 19:55:00,7777.0,7771.75,-28.25
MA_Crossover(10/50),SHORT,2026-08-10 19:55:00,2026-08-10 22:05:00,7771.75,7779.0,-38.25
MA_Crossover(10/50),LONG,2026-08-10 22:05:00,2026-08-10 22:20:00,7779.0,7776.0,-17.0
MA_Crossover(10/50),SHORT,2026-08-10 22:20:00,2026-08-11 00:35:00,7776.0,7777.75,-10.75
MA_Crossover(10/50),LONG,2026-08-11 00:35:00,2026-08-11 05:55:00,7777.75,7780.75,13.0
MA_Crossover(10/50),SHORT,2026-08-11 05:55:00,2026-08-11 09:50:00,7780.75,7778.75,8.0
MA_Crossover(10/50),LONG,2026-08-11 09:50:00,2026-08-11 13:45:00,7778.75,7778.75,-2.0
MA_Crossover(10/50),SHORT,2026-08-11 13:45:00,2026-08-12 02:50:00,7778.75,7754.5,119.25
MA_Crossover(10/50),LONG,2026-08-12 02:50:00,2026-08-12 14:15:00,7754.5,7768.5,68.0
MA_Crossover(10/50),SHORT,2026-08-12 14:15:00,2026-08-12 16:50:00,7768.5,7772.75,-23.25
MA_Crossover(10/50),LONG,2026-08-12 16:50:00,2026-08-12 19:55:00,7772.75,7767.0,-30.75
MA_Crossover(10/50),SHORT,2026-08-12 19:55:00,2026-08-13 00:25:00,7767.0,7772.25,-28.25
MA_Crossover(10/50),LONG,2026-08-13 00:25:00,2026-08-13 00:30:00,7772.25,7769.0,-18.25
MA_Crossover(10/50),SHORT,2026-08-13 00:30:00,2026-08-13 02:15:00,7769.0,7771.75,-15.75
MA_Crossover(10/50),LONG,2026-08-13 02:15:00,2026-08-13 16:05:00,7771.75,7803.25,155.5
MA_Crossover(10/50),SHORT,2026-08-13 16:05:00,2026-08-13 16:35:00,7803.25,7810.5,-38.25
MA_Crossover(10/50),LONG,2026-08-13 16:35:00,2026-08-14 01:15:00,7810.5,7820.5,48.0
MA_Crossover(10/50),SHORT,2026-08-14 01:15:00,2026-08-14 02:05:00,7820.5,7825.0,-24.5
MA_Crossover(10/50),LONG,2026-08-14 02:05:00,2026-08-14 04:35:00,7825.0,7823.25,-10.75
MA_Crossover(10/50),SHORT,2026-08-14 04:35:00,2026-08-14 06:00:00,7823.25,7824.75,-9.5
MA_Crossover(10/50),LONG,2026-08-14 06:00:00,2026-08-14 06:05:00,7824.75,7822.5,-13.25
MA_Crossover(10/50),SHORT,2026-08-14 06:05:00,2026-08-14 08:05:00,7822.5,7823.75,-8.25
MA_Crossover(10/50),LONG,2026-08-14 08:05:00,2026-08-14 13:35:00,7823.75,7824.25,0.5
MA_Crossover(10/50),SHORT,2026-08-14 13:35:00,2026-08-16 22:20:00,7824.25,7809.25,73.0
MA_Crossover(10/50),LONG,2026-08-16 22:20:00,2026-08-17 02:05:00,7809.25,7806.75,-14.5
MA_Crossover(10/50),SHORT,2026-08-17 02:05:00,2026-08-17 03:25:00,7806.75,7809.75,-17.0
Donchian_Breakout(20),LONG,2026-05-31 23:55:00,2026-06-01 07:30:00,7605.25,7613.25,38.0
Donchian_Breakout(20),SHORT,2026-06-01 07:30:00,2026-06-01 10:40:00,7613.25,7616.75,-19.5
Donchian_Breakout(20),LONG,2026-06-01 10:40:00,2026-06-01 12:10:00,7616.75,7609.25,-39.5
Donchian_Breakout(20),SHORT,2026-06-01 12:10:00,2026-06-01 15:35:00,7609.25,7598.75,50.5
Donchian_Breakout(20),LONG,2026-06-01 15:35:00,2026-06-01 19:35:00,7598.75,7621.25,110.5
Donchian_Breakout(20),SHORT,2026-06-01 19:35:00,2026-06-02 04:10:00,7621.25,7583.75,185.5
Donchian_Breakout(20),LONG,2026-06-02 04:10:00,2026-06-02 09:25:00,7583.75,7600.5,81.75
Donchian_Breakout(20),SHORT,2026-06-02 09:25:00,2026-06-02 14:05:00,7600.5,7605.5,-27.0
Donchian_Breakout(20),LONG,2026-06-02 14:05:00,2026-06-02 17:30:00,7605.5,7618.0,60.5
Donchian_Breakout(20),SHORT,2026-06-02 17:30:00,2026-06-02 19:25:00,7618.0,7623.5,-29.5
Donchian_Breakout(20),LONG,2026-06-02 19:25:00,2026-06-02 22:55:00,7623.5,7622.5,-7.0
Donchian_Breakout(20),SHORT,2026-06-02 22:55:00,2026-06-03 03:25:00,7622.5,7623.75,-8.25
Donchian_Breakout(20),LONG,2026-06-03 03:25:00,2026-06-03 05:05:00,7623.75,7621.25,-14.5
Donchian_Breakout(20),SHORT,2026-06-03 05:05:00,2026-06-03 07:15:00,7621.25,7622.5,-8.25
Donchian_Breakout(20),LONG,2026-06-03 07:15:00,2026-06-03 09:50:00,7622.5,7614.25,-43.25
Donchian_Breakout(20),SHORT,2026-06-03 09:50:00,2026-06-03 17:55:00,7614.25,7583.75,150.5
Donchian_Breakout(20),LONG,2026-06-03 17:55:00,2026-06-03 20:00:00,7583.75,7572.5,-58.25
Donchian_Breakout(20),SHORT,2026-06-03 20:00:00,2026-06-04 00:35:00,7572.5,7547.0,125.5
Donchian_Breakout(20),LONG,2026-06-04 00:35:00,2026-06-04 02:15:00,7547.0,7534.0,-67.0
Donchian_Breakout(20),SHORT,2026-06-04 02:15:00,2026-06-04 04:15:00,7534.0,7546.25,-63.25
Donchian_Breakout(20),LONG,2026-06-04 04:15:00,2026-06-04 08:15:00,7546.25,7542.75,-19.5
Donchian_Breakout(20),SHORT,2026-06-04 08:15:00,2026-06-04 12:00:00,7542.75,7543.75,-7.0
Donchian_Breakout(20),LONG,2026-06-04 12:00:00,2026-06-04 20:00:00,7543.75,7599.75,278.0
Donchian_Breakout(20),SHORT,2026-06-04 20:00:00,2026-06-05 04:55:00,7599.75,7564.25,175.5
Donchian_Breakout(20),LONG,2026-06-05 04:55:00,2026-06-05 06:25:00,7564.25,7555.0,-48.25
Donchian_Breakout(20),SHORT,2026-06-05 06:25:00,2026-06-05 08:25:00,7555.0,7561.5,-34.5
Donchian_Breakout(20),LONG,2026-06-05 08:25:00,2026-06-05 11:25:00,7561.5,7561.75,-0.75
Donchian_Breakout(20),SHORT,2026-06-05 11:25:00,2026-06-08 00:05:00,7561.75,7407.0,771.75
Donchian_Breakout(20),LONG,2026-06-08 00:05:00,2026-06-08 04:25:00,7407.0,7409.0,8.0
Donchian_Breakout(20),SHORT,2026-06-08 04:25:00,2026-06-08 07:15:00,7409.0,7410.0,-7.0
Donchian_Breakout(20),LONG,2026-06-08 07:15:00,2026-06-08 09:10:00,7410.0,7407.75,-13.25
Donchian_Breakout(20),SHORT,2026-06-08 09:10:00,2026-06-08 10:35:00,7407.75,7431.25,-119.5
Donchian_Breakout(20),LONG,2026-06-08 10:35:00,2026-06-08 13:40:00,7431.25,7439.25,38.0
Donchian_Breakout(20),SHORT,2026-06-08 13:40:00,2026-06-08 15:00:00,7439.25,7473.0,-170.75
Donchian_Breakout(20),LONG,2026-06-08 15:00:00,2026-06-08 16:40:00,7473.0,7439.75,-168.25
Donchian_Breakout(20),SHORT,2026-06-08 16:40:00,2026-06-08 23:40:00,7439.75,7418.0,106.75
Donchian_Breakout(20),LONG,2026-06-08 23:40:00,2026-06-09 06:55:00,7418.0,7431.25,64.25
Donchian_Breakout(20),SHORT,2026-06-09 06:55:00,2026-06-09 07:05:00,7431.25,7443.75,-64.5
Donchian_Breakout(20),LONG,2026-06-09 07:05:00,2026-06-09 12:00:00,7443.75,7443.5,-3.25
Donchian_Breakout(20),SHORT,2026-06-09 12:00:00,2026-06-09 13:00:00,7443.5,7456.25,-65.75
Donchian_Breakout(20),LONG,2026-06-09 13:00:00,2026-06-09 14:15:00,7456.25,7437.0,-98.25
Donchian_Breakout(20),SHORT,2026-06-09 14:15:00,2026-06-09 17:40:00,7437.0,7342.5,470.5
Donchian_Breakout(20),LONG,2026-06-09 17:40:00,2026-06-09 22:40:00,7342.5,7371.5,143.0
Donchian_Breakout(20),SHORT,2026-06-09 22:40:00,2026-06-10 00:05:00,7371.5,7387.5,-82.0
Donchian_Breakout(20),LONG,2026-06-10 00:05:00,2026-06-10 02:55:00,7387.5,7371.0,-84.5
Donchian_Breakout(20),SHORT,2026-06-10 02:55:00,2026-06-10 06:05:00,7371.0,7372.0,-7.0
Donchian_Breakout(20),LONG,2026-06-10 06:05:00,2026-06-10 08:05:00,7372.0,7358.0,-72.0
Donchian_Breakout(20),SHORT,2026-06-10 08:05:00,2026-06-10 10:45:00,7358.0,7344.0,68.0
Donchian_Breakout(20),LONG,2026-06-10 10:45:00,2026-06-10 11:05:00,7344.0,7319.0,-127.0
Donchian_Breakout(20),SHORT,2026-06-10 11:05:00,2026-06-10 12:35:00,7319.0,7353.75,-175.75
Donchian_Breakout(20),LONG,2026-06-10 12:35:00,2026-06-10 15:15:00,7353.75,7327.5,-133.25
Donchian_Breakout(20),SHORT,2026-06-10 15:15:00,2026-06-11 00:20:00,7327.5,7274.5,263.0
Donchian_Breakout(20),LONG,2026-06-11 00:20:00,2026-06-11 06:05:00,7274.5,7301.75,134.25
Donchian_Breakout(20),SHORT,2026-06-11 06:05:00,2026-06-11 06:55:00,7301.75,7313.5,-60.75
Donchian_Breakout(20),LONG,2026-06-11 06:55:00,2026-06-11 10:30:00,7313.5,7329.0,75.5
Donchian_Breakout(20),SHORT,2026-06-11 10:30:00,2026-06-11 17:30:00,7329.0,7345.25,-83.25
Donchian_Breakout(20),LONG,2026-06-11 17:30:00,2026-06-12 01:25:00,7345.25,7400.75,275.5
Donchian_Breakout(20),SHORT,2026-06-12 01:25:00,2026-06-12 08:10:00,7400.75,7410.0,-48.25
Donchian_Breakout(20),LONG,2026-06-12 08:10:00,2026-06-12 12:40:00,7410.0,7416.5,30.5
Donchian_Breakout(20),SHORT,2026-06-12 12:40:00,2026-06-12 14:55:00,7416.5,7433.5,-87.0
Donchian_Breakout(20),LONG,2026-06-12 14:55:00,2026-06-15 09:30:00,7433.5,7521.5,438.0
Donchian_Breakout(20),SHORT,2026-06-15 09:30:00,2026-06-15 09:35:00,7521.5,7584.75,-318.25
Donchian_Breakout(20),LONG,2026-06-15 09:35:00,2026-06-15 18:05:00,7584.75,7629.5,221.75
Donchian_Breakout(20),SHORT,2026-06-15 18:05:00,2026-06-16 02:35:00,7629.5,7619.25,49.25
Donchian_Breakout(20),LONG,2026-06-16 02:35:00,2026-06-16 04:55:00,7619.25,7615.5,-20.75
Donchian_Breakout(20),SHORT,2026-06-16 04:55:00,2026-06-16 07:10:00,7615.5,7625.5,-52.0
Donchian_Breakout(20),LONG,2026-06-16 07:10:00,2026-06-16 09:50:00,7625.5,7620.0,-29.5
Donchian_Breakout(20),SHORT,2026-06-16 09:50:00,2026-06-16 10:55:00,7620.0,7629.25,-48.25
Donchian_Breakout(20),LONG,2026-06-16 10:55:00,2026-06-16 12:25:00,7629.25,7623.25,-32.0
Donchian_Breakout(20),SHORT,2026-06-16 12:25:00,2026-06-17 01:10:00,7623.25,7602.25,103.0
Donchian_Breakout(20),LONG,2026-06-17 01:10:00,2026-06-17 03:15:00,7602.25,7601.25,-7.0
Donchian_Breakout(20),SHORT,2026-06-17 03:15:00,2026-06-17 03:55:00,7601.25,7605.75,-24.5
Donchian_Breakout(20),LONG,2026-06-17 03:55:00,2026-06-17 08:15:00,7605.75,7598.75,-37.0
Donchian_Breakout(20),SHORT,2026-06-17 08:15:00,2026-06-17 13:20:00,7598.75,7597.75,3.0
Donchian_Breakout(20),LONG,2026-06-17 13:20:00,2026-06-17 14:00:00,7597.75,7581.25,-84.5
Donchian_Breakout(20),SHORT,2026-06-17 14:00:00,2026-06-17 14:25:00,7581.25,7603.75,-114.5
Donchian_Breakout(20),LONG,2026-06-17 14:25:00,2026-06-17 17:05:00,7603.75,7577.25,-134.5
Donchian_Breakout(20),SHORT,2026-06-17 17:05:00,2026-06-17 22:10:00,7577.25,7516.75,300.5
Donchian_Breakout(20),LONG,2026-06-17 22:10:00,2026-06-18 03:40:00,7516.75,7551.75,173.0
Donchian_Breakout(20),SHORT,2026-06-18 03:40:00,2026-06-18 06:50:00,7551.75,7551.75,-2.0
Donchian_Breakout(20),LONG,2026-06-18 06:50:00,2026-06-18 09:00:00,7551.75,7548.25,-19.5
Donchian_Breakout(20),SHORT,2026-06-18 09:00:00,2026-06-18 13:00:00,7548.25,7560.5,-63.25
Donchian_Breakout(20),LONG,2026-06-18 13:00:00,2026-06-18 13:45:00,7560.5,7538.5,-112.0
Donchian_Breakout(20),SHORT,2026-06-18 13:45:00,2026-06-18 17:10:00,7538.5,7571.75,-168.25
Donchian_Breakout(20),LONG,2026-06-18 17:10:00,2026-06-18 19:05:00,7571.75,7557.25,-74.5
Donchian_Breakout(20),SHORT,2026-06-18 19:05:00,2026-06-18 19:45:00,7557.25,7571.0,-70.75
Donchian_Breakout(20),LONG,2026-06-18 19:45:00,2026-06-18 22:40:00,7571.0,7561.25,-50.75
Donchian_Breakout(20),SHORT,2026-06-18 22:40:00,2026-06-22 06:05:00,7561.25,7549.0,59.25
Donchian_Breakout(20),LONG,2026-06-22 06:05:00,2026-06-22 14:30:00,7549.0,7561.25,59.25
Donchian_Breakout(20),SHORT,2026-06-22 14:30:00,2026-06-22 18:25:00,7561.25,7550.0,54.25
Donchian_Breakout(20),LONG,2026-06-22 18:25:00,2026-06-22 19:00:00,7550.0,7533.0,-87.0
Donchian_Breakout(20),SHORT,2026-06-22 19:00:00,2026-06-23 00:45:00,7533.0,7541.0,-42.0
Donchian_Breakout(20),LONG,2026-06-23 00:45:00,2026-06-23 01:50:00,7541.0,7519.25,-110.75
Donchian_Breakout(20),SHORT,2026-06-23 01:50:00,2026-06-23 09:30:00,7519.25,7445.0,369.25
Donchian_Breakout(20),LONG,2026-06-23 09:30:00,2026-06-23 12:35:00,7445.0,7428.0,-87.0
Donchian_Breakout(20),SHORT,2026-06-23 12:35:00,2026-06-23 13:50:00,7428.0,7457.75,-150.75
Donchian_Breakout(20),LONG,2026-06-23 13:50:00,2026-06-23 17:55:00,7457.75,7456.0,-10.75
Donchian_Breakout(20),SHORT,2026-06-23 17:55:00,2026-06-24 05:10:00,7456.0,7451.5,20.5
Donchian_Breakout(20),LONG,2026-06-24 05:10:00,2026-06-24 09:45:00,7451.5,7441.25,-53.25
Donchian_Breakout(20),SHORT,2026-06-24 09:45:00,2026-06-24 10:35:00,7441.25,7452.5,-58.25
Donchian_Breakout(20),LONG,2026-06-24 10:35:00,2026-06-24 13:15:00,7452.5,7443.0,-49.5
Donchian_Breakout(20),SHORT,2026-06-24 13:15:00,2026-06-24 13:55:00,7443.0,7468.25,-128.25
Donchian_Breakout(20),LONG,2026-06-24 13:55:00,2026-06-24 16:35:00,7468.25,7473.25,23.0
Donchian_Breakout(20),SHORT,2026-06-24 16:35:00,2026-06-24 20:05:00,7473.25,7450.5,111.75
Donchian_Breakout(20),LONG,2026-06-24 20:05:00,2026-06-24 23:15:00,7450.5,7465.0,70.5
Donchian_Breakout(20),SHORT,2026-06-24 23:15:00,2026-06-25 03:25:00,7465.0,7467.0,-12.0
Donchian_Breakout(20),LONG,2026-06-25 03:25:00,2026-06-25 08:55:00,7467.0,7478.25,54.25
Donchian_Breakout(20),SHORT,2026-06-25 08:55:00,2026-06-25 10:15:00,7478.25,7486.0,-40.75
Donchian_Breakout(20),LONG,2026-06-25 10:15:00,2026-06-25 11:20:00,7486.0,7478.75,-38.25
Donchian_Breakout(20),SHORT,2026-06-25 11:20:00,2026-06-25 12:35:00,7478.75,7489.5,-55.75
Donchian_Breakout(20),LONG,2026-06-25 12:35:00,2026-06-25 13:35:00,7489.5,7469.5,-102.0
Donchian_Breakout(20),SHORT,2026-06-25 13:35:00,2026-06-25 18:20:00,7469.5,7443.75,126.75
Donchian_Breakout(20),LONG,2026-06-25 18:20:00,2026-06-26 01:35:00,7443.75,7408.75,-177.0
Donchian_Breakout(20),SHORT,2026-06-26 01:35:00,2026-06-26 06:30:00,7408.75,7386.75,108.0
Donchian_Breakout(20),LONG,2026-06-26 06:30:00,2026-06-26 08:50:00,7386.75,7392.0,24.25
Donchian_Breakout(20),SHORT,2026-06-26 08:50:00,2026-06-26 12:10:00,7392.0,7395.75,-20.75
Donchian_Breakout(20),LONG,2026-06-26 12:10:00,2026-06-26 13:10:00,7395.75,7375.75,-102.0
Donchian_Breakout(20),SHORT,2026-06-26 13:10:00,2026-06-26 14:05:00,7375.75,7415.0,-198.25
Donchian_Breakout(20),LONG,2026-06-26 14:05:00,2026-06-26 18:20:00,7415.0,7427.25,59.25
Donchian_Breakout(20),SHORT,2026-06-26 18:20:00,2026-06-28 22:15:00,7427.25,7435.25,-42.0
Donchian_Breakout(20),LONG,2026-06-28 22:15:00,2026-06-29 00:25:00,7435.25,7425.25,-52.0
Donchian_Breakout(20),SHORT,2026-06-29 00:25:00,2026-06-29 03:05:00,7425.25,7446.75,-109.5
Donchian_Breakout(20),LONG,2026-06-29 03:05:00,2026-06-29 07:05:00,7446.75,7440.5,-33.25
Donchian_Breakout(20),SHORT,2026-06-29 07:05:00,2026-06-29 08:05:00,7440.5,7455.5,-77.0
Donchian_Breakout(20),LONG,2026-06-29 08:05:00,2026-06-29 14:10:00,7455.5,7439.5,-82.0
Donchian_Breakout(20),SHORT,2026-06-29 14:10:00,2026-06-29 15:45:00,7439.5,7474.5,-177.0
Donchian_Breakout(20),LONG,2026-06-29 15:45:00,2026-06-30 00:30:00,7474.5,7490.75,79.25
Donchian_Breakout(20),SHORT,2026-06-30 00:30:00,2026-06-30 03:40:00,7490.75,7502.5,-60.75
Donchian_Breakout(20),LONG,2026-06-30 03:40:00,2026-06-30 08:40:00,7502.5,7497.75,-25.75
Donchian_Breakout(20),SHORT,2026-06-30 08:40:00,2026-06-30 10:50:00,7497.75,7509.75,-62.0
Donchian_Breakout(20),LONG,2026-06-30 10:50:00,2026-06-30 12:10:00,7509.75,7504.25,-29.5
Donchian_Breakout(20),SHORT,2026-06-30 12:10:00,2026-06-30 13:55:00,7504.25,7518.75,-74.5
Donchian_Breakout(20),LONG,2026-06-30 13:55:00,2026-06-30 20:00:00,7518.75,7544.75,128.0
Donchian_Breakout(20),SHORT,2026-06-30 20:00:00,2026-07-01 00:35:00,7544.75,7547.75,-17.0
Donchian_Breakout(20),LONG,2026-07-01 00:35:00,2026-07-01 01:05:00,7547.75,7540.0,-40.75
Donchian_Breakout(20),SHORT,2026-07-01 01:05:00,2026-07-01 04:55:00,7540.0,7534.5,25.5
Donchian_Breakout(20),LONG,2026-07-01 04:55:00,2026-07-01 05:50:00,7534.5,7526.25,-43.25
Donchian_Breakout(20),SHORT,2026-07-01 05:50:00,2026-07-01 08:45:00,7526.25,7527.5,-8.25
Donchian_Breakout(20),LONG,2026-07-01 08:45:00,2026-07-01 12:05:00,7527.5,7527.75,-0.75
Donchian_Breakout(20),SHORT,2026-07-01 12:05:00,2026-07-01 14:10:00,7527.75,7544.25,-84.5
Donchian_Breakout(20),LONG,2026-07-01 14:10:00,2026-07-01 17:00:00,7544.25,7559.75,75.5
Donchian_Breakout(20),SHORT,2026-07-01 17:00:00,2026-07-01 23:00:00,7559.75,7540.25,95.5
Donchian_Breakout(20),LONG,2026-07-01 23:00:00,2026-07-01 23:50:00,7540.25,7530.25,-52.0
Donchian_Breakout(20),SHORT,2026-07-01 23:50:00,2026-07-02 00:55:00,7530.25,7540.5,-53.25
Donchian_Breakout(20),LONG,2026-07-02 00:55:00,2026-07-02 03:25:00,7540.5,7551.25,51.75
Donchian_Breakout(20),SHORT,2026-07-02 03:25:00,2026-07-02 08:35:00,7551.25,7540.75,50.5
Donchian_Breakout(20),LONG,2026-07-02 08:35:00,2026-07-02 14:45:00,7540.75,7549.25,40.5
Donchian_Breakout(20),SHORT,2026-07-02 14:45:00,2026-07-02 19:55:00,7549.25,7523.0,129.25
Donchian_Breakout(20),LONG,2026-07-02 19:55:00,2026-07-06 01:30:00,7523.0,7556.5,165.5
Donchian_Breakout(20),SHORT,2026-07-06 01:30:00,2026-07-06 06:45:00,7556.5,7554.75,6.75
Donchian_Breakout(20),LONG,2026-07-06 06:45:00,2026-07-06 11:55:00,7554.75,7558.25,15.5
Donchian_Breakout(20),SHORT,2026-07-06 11:55:00,2026-07-06 13:30:00,7558.25,7564.75,-34.5
Donchian_Breakout(20),LONG,2026-07-06 13:30:00,2026-07-06 17:35:00,7564.75,7582.25,85.5
Donchian_Breakout(20),SHORT,2026-07-06 17:35:00,2026-07-06 18:50:00,7582.25,7595.0,-65.75
Donchian_Breakout(20),LONG,2026-07-06 18:50:00,2026-07-06 23:00:00,7595.0,7593.75,-8.25
Donchian_Breakout(20),SHORT,2026-07-06 23:00:00,2026-07-07 06:00:00,7593.75,7573.25,100.5
Donchian_Breakout(20),LONG,2026-07-07 06:00:00,2026-07-07 10:50:00,7573.25,7577.0,16.75
Donchian_Breakout(20),SHORT,2026-07-07 10:50:00,2026-07-07 12:10:00,7577.0,7582.75,-30.75
Donchian_Breakout(20),LONG,2026-07-07 12:10:00,2026-07-07 13:35:00,7582.75,7572.75,-52.0
Donchian_Breakout(20),SHORT,2026-07-07 13:35:00,2026-07-07 16:25:00,7572.75,7563.0,46.75
Donchian_Breakout(20),LONG,2026-07-07 16:25:00,2026-07-07 18:50:00,7563.0,7559.25,-20.75
Donchian_Breakout(20),SHORT,2026-07-07 18:50:00,2026-07-08 00:25:00,7559.25,7555.0,19.25
Donchian_Breakout(20),LONG,2026-07-08 00:25:00,2026-07-08 04:55:00,7555.0,7548.25,-35.75
Donchian_Breakout(20),SHORT,2026-07-08 04:55:00,2026-07-08 10:45:00,7548.25,7487.75,300.5
Donchian_Breakout(20),LONG,2026-07-08 10:45:00,2026-07-08 14:40:00,7487.75,7498.0,49.25
Donchian_Breakout(20),SHORT,2026-07-08 14:40:00,2026-07-08 16:45:00,7498.0,7514.5,-84.5
Donchian_Breakout(20),LONG,2026-07-08 16:45:00,2026-07-08 20:20:00,7514.5,7518.5,18.0
Donchian_Breakout(20),SHORT,2026-07-08 20:20:00,2026-07-09 00:00:00,7518.5,7527.0,-44.5
Donchian_Breakout(20),LONG,2026-07-09 00:00:00,2026-07-09 08:35:00,7527.0,7547.75,101.75
Donchian_Breakout(20),SHORT,2026-07-09 08:35:00,2026-07-09 12:10:00,7547.75,7548.25,-4.5
Donchian_Breakout(20),LONG,2026-07-09 12:10:00,2026-07-09 19:00:00,7548.25,7585.25,183.0
Donchian_Breakout(20),SHORT,2026-07-09 19:00:00,2026-07-09 20:10:00,7585.25,7591.25,-32.0
Donchian_Breakout(20),LONG,2026-07-09 20:10:00,2026-07-10 00:25:00,7591.25,7578.75,-64.5
Donchian_Breakout(20),SHORT,2026-07-10 00:25:00,2026-07-10 02:55:00,7578.75,7584.75,-32.0
Donchian_Breakout(20),LONG,2026-07-10 02:55:00,2026-07-10 04:35:00,7584.75,7580.75,-22.0
Donchian_Breakout(20),SHORT,2026-07-10 04:35:00,2026-07-10 09:15:00,7580.75,7580.25,0.5
Donchian_Breakout(20),LONG,2026-07-10 09:15:00,2026-07-10 12:05:00,7580.25,7579.25,-7.0
Donchian_Breakout(20),SHORT,2026-07-10 12:05:00,2026-07-10 13:35:00,7579.25,7597.75,-94.5
Donchian_Breakout(20),LONG,2026-07-10 13:35:00,2026-07-10 14:35:00,7597.75,7581.25,-84.5
Donchian_Breakout(20),SHORT,2026-07-10 14:35:00,2026-07-10 16:20:00,7581.25,7608.0,-135.75
Donchian_Breakout(20),LONG,2026-07-10 16:20:00,2026-07-12 22:15:00,7608.0,7593.5,-74.5
Donchian_Breakout(20),SHORT,2026-07-12 22:15:00,2026-07-13 00:05:00,7593.5,7605.5,-62.0
Donchian_Breakout(20),LONG,2026-07-13 00:05:00,2026-07-13 01:10:00,7605.5,7591.25,-73.25
Donchian_Breakout(20),SHORT,2026-07-13 01:10:00,2026-07-13 07:05:00,7591.25,7587.0,19.25
Donchian_Breakout(20),LONG,2026-07-13 07:05:00,2026-07-13 11:20:00,7587.0,7596.25,44.25
Donchian_Breakout(20),SHORT,2026-07-13 11:20:00,2026-07-13 13:35:00,7596.25,7605.25,-47.0
Donchian_Breakout(20),LONG,2026-07-13 13:35:00,2026-07-13 16:20:00,7605.25,7579.75,-129.5
Donchian_Breakout(20),SHORT,2026-07-13 16:20:00,2026-07-14 01:00:00,7579.75,7558.5,104.25
Donchian_Breakout(20),LONG,2026-07-14 01:00:00,2026-07-14 02:25:00,7558.5,7540.5,-92.0
Donchian_Breakout(20),SHORT,2026-07-14 02:25:00,2026-07-14 04:35:00,7540.5,7552.0,-59.5
Donchian_Breakout(20),LONG,2026-07-14 04:35:00,2026-07-14 06:55:00,7552.0,7560.25,39.25
Donchian_Breakout(20),SHORT,2026-07-14 06:55:00,2026-07-14 12:35:00,7560.25,7595.5,-178.25
Donchian_Breakout(20),LONG,2026-07-14 12:35:00,2026-07-14 22:15:00,7595.5,7584.25,-58.25
Donchian_Breakout(20),SHORT,2026-07-14 22:15:00,2026-07-14 23:25:00,7584.25,7593.5,-48.25
Donchian_Breakout(20),LONG,2026-07-14 23:25:00,2026-07-15 07:25:00,7593.5,7602.25,41.75
Donchian_Breakout(20),SHORT,2026-07-15 07:25:00,2026-07-15 09:05:00,7602.25,7608.25,-32.0
Donchian_Breakout(20),LONG,2026-07-15 09:05:00,2026-07-15 10:25:00,7608.25,7600.25,-42.0
Donchian_Breakout(20),SHORT,2026-07-15 10:25:00,2026-07-15 12:35:00,7600.25,7605.0,-25.75
Donchian_Breakout(20),LONG,2026-07-15 12:35:00,2026-07-15 16:05:00,7605.0,7590.5,-74.5
Donchian_Breakout(20),SHORT,2026-07-15 16:05:00,2026-07-15 17:35:00,7590.5,7601.25,-55.75
Donchian_Breakout(20),LONG,2026-07-15 17:35:00,2026-07-16 01:20:00,7601.25,7610.75,45.5
Donchian_Breakout(20),SHORT,2026-07-16 01:20:00,2026-07-16 03:00:00,7610.75,7622.75,-62.0
Donchian_Breakout(20),LONG,2026-07-16 03:00:00,2026-07-16 05:40:00,7622.75,7618.0,-25.75
Donchian_Breakout(20),SHORT,2026-07-16 05:40:00,2026-07-16 14:20:00,7618.0,7608.0,48.0
Donchian_Breakout(20),LONG,2026-07-16 14:20:00,2026-07-16 16:05:00,7608.0,7596.75,-58.25
Donchian_Breakout(20),SHORT,2026-07-16 16:05:00,2026-07-17 06:25:00,7596.75,7520.75,378.0
Donchian_Breakout(20),LONG,2026-07-17 06:25:00,2026-07-17 08:15:00,7520.75,7507.5,-68.25
Donchian_Breakout(20),SHORT,2026-07-17 08:15:00,2026-07-17 10:00:00,7507.5,7510.25,-15.75
Donchian_Breakout(20),LONG,2026-07-17 10:00:00,2026-07-17 12:20:00,7510.25,7508.5,-10.75
Donchian_Breakout(20),SHORT,2026-07-17 12:20:00,2026-07-17 14:00:00,7508.5,7513.5,-27.0
Donchian_Breakout(20),LONG,2026-07-17 14:00:00,2026-07-17 17:55:00,7513.5,7514.0,0.5
Donchian_Breakout(20),SHORT,2026-07-17 17:55:00,2026-07-20 00:00:00,7514.0,7504.5,45.5
Donchian_Breakout(20),LONG,2026-07-20 00:00:00,2026-07-20 01:45:00,7504.5,7495.25,-48.25
Donchian_Breakout(20),SHORT,2026-07-20 01:45:00,2026-07-20 04:45:00,7495.25,7512.25,-87.0
Donchian_Breakout(20),LONG,2026-07-20 04:45:00,2026-07-20 05:45:00,7512.25,7497.5,-75.75
Donchian_Breakout(20),SHORT,2026-07-20 05:45:00,2026-07-20 07:25:00,7497.5,7504.25,-35.75
Donchian_Breakout(20),LONG,2026-07-20 07:25:00,2026-07-20 14:00:00,7504.25,7520.75,80.5
Donchian_Breakout(20),SHORT,2026-07-20 14:00:00,2026-07-20 15:55:00,7520.75,7526.25,-29.5
Donchian_Breakout(20),LONG,2026-07-20 15:55:00,2026-07-20 17:15:00,7526.25,7502.5,-120.75
Donchian_Breakout(20),SHORT,2026-07-20 17:15:00,2026-07-20 23:20:00,7502.5,7487.0,75.5
Donchian_Breakout(20),LONG,2026-07-20 23:20:00,2026-07-21 02:20:00,7487.0,7489.0,8.0
Donchian_Breakout(20),SHORT,2026-07-21 02:20:00,2026-07-21 02:40:00,7489.0,7501.0,-62.0
Donchian_Breakout(20),LONG,2026-07-21 02:40:00,2026-07-21 07:30:00,7501.0,7517.0,78.0
Donchian_Breakout(20),SHORT,2026-07-21 07:30:00,2026-07-21 09:20:00,7517.0,7526.5,-49.5
Donchian_Breakout(20),LONG,2026-07-21 09:20:00,2026-07-21 11:05:00,7526.5,7517.75,-45.75
Donchian_Breakout(20),SHORT,2026-07-21 11:05:00,2026-07-21 13:30:00,7517.75,7526.0,-43.25
Donchian_Breakout(20),LONG,2026-07-21 13:30:00,2026-07-21 18:15:00,7526.0,7544.75,91.75
Donchian_Breakout(20),SHORT,2026-07-21 18:15:00,2026-07-22 00:05:00,7544.75,7546.75,-12.0
Donchian_Breakout(20),LONG,2026-07-22 00:05:00,2026-07-22 01:05:00,7546.75,7537.5,-48.25
Donchian_Breakout(20),SHORT,2026-07-22 01:05:00,2026-07-22 09:05:00,7537.5,7528.75,41.75
Donchian_Breakout(20),LONG,2026-07-22 09:05:00,2026-07-22 11:45:00,7528.75,7516.25,-64.5
Donchian_Breakout(20),SHORT,2026-07-22 11:45:00,2026-07-22 13:25:00,7516.25,7526.25,-52.0
Donchian_Breakout(20),LONG,2026-07-22 13:25:00,2026-07-22 17:35:00,7526.25,7551.25,123.0
Donchian_Breakout(20),SHORT,2026-07-22 17:35:00,2026-07-22 20:15:00,7551.25,7552.75,-9.5
Donchian_Breakout(20),LONG,2026-07-22 20:15:00,2026-07-22 22:05:00,7552.75,7524.5,-143.25
Donchian_Breakout(20),SHORT,2026-07-22 22:05:00,2026-07-23 00:00:00,7524.5,7530.5,-32.0
Donchian_Breakout(20),LONG,2026-07-23 00:00:00,2026-07-23 02:15:00,7530.5,7536.25,26.75
Donchian_Breakout(20),SHORT,2026-07-23 02:15:00,2026-07-23 04:30:00,7536.25,7532.0,19.25
Donchian_Breakout(20),LONG,2026-07-23 04:30:00,2026-07-23 05:55:00,7532.0,7521.5,-54.5
Donchian_Breakout(20),SHORT,2026-07-23 05:55:00,2026-07-23 09:00:00,7521.5,7518.5,13.0
Donchian_Breakout(20),LONG,2026-07-23 09:00:00,2026-07-23 11:25:00,7518.5,7506.5,-62.0
Donchian_Breakout(20),SHORT,2026-07-23 11:25:00,2026-07-23 16:40:00,7506.5,7457.25,244.25
Donchian_Breakout(20),LONG,2026-07-23 16:40:00,2026-07-23 18:00:00,7457.25,7432.25,-127.0
Donchian_Breakout(20),SHORT,2026-07-23 18:00:00,2026-07-23 20:00:00,7432.25,7444.0,-60.75
Donchian_Breakout(20),LONG,2026-07-23 20:00:00,2026-07-24 02:35:00,7444.0,7446.0,8.0
Donchian_Breakout(20),SHORT,2026-07-24 02:35:00,2026-07-24 04:30:00,7446.0,7444.25,6.75
Donchian_Breakout(20),LONG,2026-07-24 04:30:00,2026-07-24 06:15:00,7444.25,7437.75,-34.5
Donchian_Breakout(20),SHORT,2026-07-24 06:15:00,2026-07-24 07:10:00,7437.75,7452.25,-74.5
Donchian_Breakout(20),LONG,2026-07-24 07:10:00,2026-07-24 11:35:00,7452.25,7457.0,21.75
Donchian_Breakout(20),SHORT,2026-07-24 11:35:00,2026-07-24 12:00:00,7457.0,7465.0,-42.0
Donchian_Breakout(20),LONG,2026-07-24 12:00:00,2026-07-24 12:55:00,7465.0,7453.25,-60.75
Donchian_Breakout(20),SHORT,2026-07-24 12:55:00,2026-07-24 15:00:00,7453.25,7465.0,-60.75
Donchian_Breakout(20),LONG,2026-07-24 15:00:00,2026-07-24 17:10:00,7465.0,7462.75,-13.25
Donchian_Breakout(20),SHORT,2026-07-24 17:10:00,2026-07-26 22:15:00,7462.75,7494.25,-159.5
Donchian_Breakout(20),LONG,2026-07-26 22:15:00,2026-07-27 01:00:00,7494.25,7492.75,-9.5
Donchian_Breakout(20),SHORT,2026-07-27 01:00:00,2026-07-27 03:15:00,7492.75,7503.0,-53.25
Donchian_Breakout(20),LONG,2026-07-27 03:15:00,2026-07-27 07:40:00,7503.0,7509.75,31.75
Donchian_Breakout(20),SHORT,2026-07-27 07:40:00,2026-07-27 08:45:00,7509.75,7519.0,-48.25
Donchian_Breakout(20),LONG,2026-07-27 08:45:00,2026-07-27 11:20:00,7519.0,7516.5,-14.5
Donchian_Breakout(20),SHORT,2026-07-27 11:20:00,2026-07-27 18:55:00,7516.5,7443.5,363.0
Donchian_Breakout(20),LONG,2026-07-27 18:55:00,2026-07-27 23:05:00,7443.5,7441.25,-13.25
Donchian_Breakout(20),SHORT,2026-07-27 23:05:00,2026-07-28 00:05:00,7441.25,7450.25,-47.0
Donchian_Breakout(20),LONG,2026-07-28 00:05:00,2026-07-28 01:05:00,7450.25,7434.0,-83.25
Donchian_Breakout(20),SHORT,2026-07-28 01:05:00,2026-07-28 03:40:00,7434.0,7438.5,-24.5
Donchian_Breakout(20),LONG,2026-07-28 03:40:00,2026-07-28 05:30:00,7438.5,7425.0,-69.5
Donchian_Breakout(20),SHORT,2026-07-28 05:30:00,2026-07-28 07:10:00,7425.0,7435.25,-53.25
Donchian_Breakout(20),LONG,2026-07-28 07:10:00,2026-07-28 10:40:00,7435.25,7436.0,1.75
Donchian_Breakout(20),SHORT,2026-07-28 10:40:00,2026-07-28 11:20:00,7436.0,7446.5,-54.5
Donchian_Breakout(20),LONG,2026-07-28 11:20:00,2026-07-28 13:35:00,7446.5,7439.75,-35.75
Donchian_Breakout(20),SHORT,2026-07-28 13:35:00,2026-07-28 15:20:00,7439.75,7463.25,-119.5
Donchian_Breakout(20),LONG,2026-07-28 15:20:00,2026-07-28 17:45:00,7463.25,7465.5,9.25
Donchian_Breakout(20),SHORT,2026-07-28 17:45:00,2026-07-28 23:45:00,7465.5,7483.0,-89.5
Donchian_Breakout(20),LONG,2026-07-28 23:45:00,2026-07-29 01:45:00,7483.0,7467.25,-80.75
Donchian_Breakout(20),SHORT,2026-07-29 01:45:00,2026-07-29 05:15:00,7467.25,7460.75,30.5
Donchian_Breakout(20),LONG,2026-07-29 05:15:00,2026-07-29 10:55:00,7460.75,7476.75,78.0
Donchian_Breakout(20),SHORT,2026-07-29 10:55:00,2026-07-29 17:05:00,7476.75,7414.25,310.5
Donchian_Breakout(20),LONG,2026-07-29 17:05:00,2026-07-29 19:25:00,7414.25,7407.75,-34.5
Donchian_Breakout(20),SHORT,2026-07-29 19:25:00,2026-07-29 23:10:00,7407.75,7377.0,151.75
Donchian_Breakout(20),LONG,2026-07-29 23:10:00,2026-07-30 03:10:00,7377.0,7377.0,-2.0
Donchian_Breakout(20),SHORT,2026-07-30 03:10:00,2026-07-30 07:05:00,7377.0,7377.0,-2.0
Donchian_Breakout(20),LONG,2026-07-30 07:05:00,2026-07-31 02:40:00,7377.0,7490.75,566.75
Donchian_Breakout(20),SHORT,2026-07-31 02:40:00,2026-07-31 04:20:00,7490.75,7500.75,-52.0
Donchian_Breakout(20),LONG,2026-07-31 04:20:00,2026-07-31 06:35:00,7500.75,7500.0,-5.75
Donchian_Breakout(20),SHORT,2026-07-31 06:35:00,2026-07-31 08:15:00,7500.0,7510.5,-54.5
Donchian_Breakout(20),LONG,2026-07-31 08:15:00,2026-07-31 11:30:00,7510.5,7499.75,-55.75
Donchian_Breakout(20),SHORT,2026-07-31 11:30:00,2026-07-31 13:35:00,7499.75,7512.0,-63.25
Donchian_Breakout(20),LONG,2026-07-31 13:35:00,2026-07-31 13:50:00,7512.0,7474.25,-190.75
Donchian_Breakout(20),SHORT,2026-07-31 13:50:00,2026-07-31 16:00:00,7474.25,7482.5,-43.25
Donchian_Breakout(20),LONG,2026-07-31 16:00:00,2026-07-31 20:55:00,7482.5,7511.25,141.75
Donchian_Breakout(20),SHORT,2026-07-31 20:55:00,2026-08-02 22:15:00,7511.25,7555.5,-223.25
Donchian_Breakout(20),LONG,2026-08-02 22:15:00,2026-08-03 05:55:00,7555.5,7561.0,25.5
Donchian_Breakout(20),SHORT,2026-08-03 05:55:00,2026-08-03 10:35:00,7561.0,7560.75,-0.75
Donchian_Breakout(20),LONG,2026-08-03 10:35:00,2026-08-03 11:55:00,7560.75,7557.0,-20.75
Donchian_Breakout(20),SHORT,2026-08-03 11:55:00,2026-08-03 13:40:00,7557.0,7568.75,-60.75
Donchian_Breakout(20),LONG,2026-08-03 13:40:00,2026-08-04 00:20:00,7568.75,7632.0,314.25
Donchian_Breakout(20),SHORT,2026-08-04 00:20:00,2026-08-04 01:35:00,7632.0,7637.75,-30.75
Donchian_Breakout(20),LONG,2026-08-04 01:35:00,2026-08-04 07:10:00,7637.75,7642.25,20.5
Donchian_Breakout(20),SHORT,2026-08-04 07:10:00,2026-08-04 10:35:00,7642.25,7640.5,6.75
Donchian_Breakout(20),LONG,2026-08-04 10:35:00,2026-08-04 20:00:00,7640.5,7763.75,614.25
Donchian_Breakout(20),SHORT,2026-08-04 20:00:00,2026-08-05 00:30:00,7763.75,7783.5,-100.75
Donchian_Breakout(20),LONG,2026-08-05 00:30:00,2026-08-05 07:30:00,7783.5,7791.0,35.5
Donchian_Breakout(20),SHORT,2026-08-05 07:30:00,2026-08-05 10:30:00,7791.0,7793.0,-12.0
Donchian_Breakout(20),LONG,2026-08-05 10:30:00,2026-08-05 14:40:00,7793.0,7791.25,-10.75
Donchian_Breakout(20),SHORT,2026-08-05 14:40:00,2026-08-05 22:35:00,7791.25,7770.5,101.75
Donchian_Breakout(20),LONG,2026-08-05 22:35:00,2026-08-06 01:05:00,7770.5,7755.0,-79.5
Donchian_Breakout(20),SHORT,2026-08-06 01:05:00,2026-08-06 02:45:00,7755.0,7767.25,-63.25
Donchian_Breakout(20),LONG,2026-08-06 02:45:00,2026-08-06 06:15:00,7767.25,7756.25,-57.0
Donchian_Breakout(20),SHORT,2026-08-06 06:15:00,2026-08-06 08:55:00,7756.25,7765.0,-45.75
Donchian_Breakout(20),LONG,2026-08-06 08:55:00,2026-08-06 11:05:00,7765.0,7754.75,-53.25
Donchian_Breakout(20),SHORT,2026-08-06 11:05:00,2026-08-06 13:50:00,7754.75,7763.0,-43.25
Donchian_Breakout(20),LONG,2026-08-06 13:50:00,2026-08-06 15:20:00,7763.0,7739.5,-119.5
Donchian_Breakout(20),SHORT,2026-08-06 15:20:00,2026-08-06 18:20:00,7739.5,7743.0,-19.5
Donchian_Breakout(20),LONG,2026-08-06 18:20:00,2026-08-06 19:45:00,7743.0,7732.75,-53.25
Donchian_Breakout(20),SHORT,2026-08-06 19:45:00,2026-08-07 00:05:00,7732.75,7741.5,-45.75
Donchian_Breakout(20),LONG,2026-08-07 00:05:00,2026-08-07 00:20:00,7741.5,7732.5,-47.0
Donchian_Breakout(20),SHORT,2026-08-07 00:20:00,2026-08-07 05:10:00,7732.5,7734.75,-13.25
Donchian_Breakout(20),LONG,2026-08-07 05:10:00,2026-08-07 14:15:00,7734.75,7746.0,54.25
Donchian_Breakout(20),SHORT,2026-08-07 14:15:00,2026-08-07 14:30:00,7746.0,7779.25,-168.25
Donchian_Breakout(20),LONG,2026-08-07 14:30:00,2026-08-07 16:30:00,7779.25,7764.75,-74.5
Donchian_Breakout(20),SHORT,2026-08-07 16:30:00,2026-08-07 19:10:00,7764.75,7774.25,-49.5
Donchian_Breakout(20),LONG,2026-08-07 19:10:00,2026-08-09 22:15:00,7774.25,7768.25,-32.0
Donchian_Breakout(20),SHORT,2026-08-09 22:15:00,2026-08-10 00:10:00,7768.25,7775.25,-37.0
Donchian_Breakout(20),LONG,2026-08-10 00:10:00,2026-08-10 06:30:00,7775.25,7785.25,48.0
Donchian_Breakout(20),SHORT,2026-08-10 06:30:00,2026-08-10 07:40:00,7785.25,7793.5,-43.25
Donchian_Breakout(20),LONG,2026-08-10 07:40:00,2026-08-10 10:15:00,7793.5,7786.75,-35.75
Donchian_Breakout(20),SHORT,2026-08-10 10:15:00,2026-08-10 14:05:00,7786.75,7783.5,14.25
Donchian_Breakout(20),LONG,2026-08-10 14:05:00,2026-08-10 16:35:00,7783.5,7773.75,-50.75
Donchian_Breakout(20),SHORT,2026-08-10 16:35:00,2026-08-10 19:10:00,7773.75,7780.75,-37.0
Donchian_Breakout(20),LONG,2026-08-10 19:10:00,2026-08-10 23:25:00,7780.75,7770.5,-53.25
Donchian_Breakout(20),SHORT,2026-08-10 23:25:00,2026-08-11 00:15:00,7770.5,7776.25,-30.75
Donchian_Breakout(20),LONG,2026-08-11 00:15:00,2026-08-11 05:25:00,7776.25,7785.25,43.0
Donchian_Breakout(20),SHORT,2026-08-11 05:25:00,2026-08-11 10:25:00,7785.25,7782.25,13.0
Donchian_Breakout(20),LONG,2026-08-11 10:25:00,2026-08-11 13:35:00,7782.25,7780.75,-9.5
Donchian_Breakout(20),SHORT,2026-08-11 13:35:00,2026-08-11 20:30:00,7780.75,7756.75,118.0
Donchian_Breakout(20),LONG,2026-08-11 20:30:00,2026-08-12 19:55:00,7756.75,7767.0,49.25
Donchian_Breakout(20),SHORT,2026-08-12 19:55:00,2026-08-12 23:15:00,7767.0,7771.25,-23.25
Donchian_Breakout(20),LONG,2026-08-12 23:15:00,2026-08-13 01:15:00,7771.25,7766.25,-27.0
Donchian_Breakout(20),SHORT,2026-08-13 01:15:00,2026-08-13 02:20:00,7766.25,7772.0,-30.75
Donchian_Breakout(20),LONG,2026-08-13 02:20:00,2026-08-13 06:45:00,7772.0,7775.0,13.0
Donchian_Breakout(20),SHORT,2026-08-13 06:45:00,2026-08-13 08:25:00,7775.0,7781.0,-32.0
Donchian_Breakout(20),LONG,2026-08-13 08:25:00,2026-08-13 12:05:00,7781.0,7781.75,1.75
Donchian_Breakout(20),SHORT,2026-08-13 12:05:00,2026-08-13 13:10:00,7781.75,7791.0,-48.25
Donchian_Breakout(20),LONG,2026-08-13 13:10:00,2026-08-13 15:35:00,7791.0,7801.5,50.5
Donchian_Breakout(20),SHORT,2026-08-13 15:35:00,2026-08-13 17:10:00,7801.5,7816.75,-78.25
Donchian_Breakout(20),LONG,2026-08-13 17:10:00,2026-08-14 00:45:00,7816.75,7823.75,33.0
Donchian_Breakout(20),SHORT,2026-08-14 00:45:00,2026-08-14 02:15:00,7823.75,7826.0,-13.25
Donchian_Breakout(20),LONG,2026-08-14 02:15:00,2026-08-14 04:05:00,7826.0,7825.25,-5.75
Donchian_Breakout(20),SHORT,2026-08-14 04:05:00,2026-08-14 05:55:00,7825.25,7825.75,-4.5
Donchian_Breakout(20),LONG,2026-08-14 05:55:00,2026-08-14 06:15:00,7825.75,7821.5,-23.25
Donchian_Breakout(20),SHORT,2026-08-14 06:15:00,2026-08-14 07:50:00,7821.5,7824.25,-15.75
Donchian_Breakout(20),LONG,2026-08-14 07:50:00,2026-08-14 14:25:00,7824.25,7817.75,-34.5
Donchian_Breakout(20),SHORT,2026-08-14 14:25:00,2026-08-14 18:55:00,7817.75,7806.25,55.5
Donchian_Breakout(20),LONG,2026-08-14 18:55:00,2026-08-17 01:55:00,7806.25,7807.5,4.25
Donchian_Breakout(20),SHORT,2026-08-17 01:55:00,2026-08-17 04:00:00,7807.5,7812.75,-28.25
MACD_Momentum(12/26/9),LONG,2026-06-01 00:25:00,2026-06-01 01:05:00,7610.75,7609.5,-8.25
MACD_Momentum(12/26/9),SHORT,2026-06-01 01:05:00,2026-06-01 02:10:00,7609.5,7616.75,-38.25
MACD_Momentum(12/26/9),LONG,2026-06-01 02:10:00,2026-06-01 02:40:00,7616.75,7616.5,-3.25
MACD_Momentum(12/26/9),SHORT,2026-06-01 02:40:00,2026-06-01 04:45:00,7616.5,7617.75,-8.25
MACD_Momentum(12/26/9),LONG,2026-06-01 04:45:00,2026-06-01 05:25:00,7617.75,7615.75,-12.0
MACD_Momentum(12/26/9),SHORT,2026-06-01 05:25:00,2026-06-01 05:50:00,7615.75,7618.5,-15.75
MACD_Momentum(12/26/9),LONG,2026-06-01 05:50:00,2026-06-01 06:25:00,7618.5,7616.25,-13.25
MACD_Momentum(12/26/9),SHORT,2026-06-01 06:25:00,2026-06-01 07:00:00,7616.25,7617.75,-9.5
MACD_Momentum(12/26/9),LONG,2026-06-01 07:00:00,2026-06-01 07:25:00,7617.75,7615.5,-13.25
MACD_Momentum(12/26/9),SHORT,2026-06-01 07:25:00,2026-06-01 08:50:00,7615.5,7609.5,28.0
MACD_Momentum(12/26/9),LONG,2026-06-01 08:50:00,2026-06-01 09:55:00,7609.5,7610.0,0.5
MACD_Momentum(12/26/9),SHORT,2026-06-01 09:55:00,2026-06-01 10:10:00,7610.0,7613.0,-17.0
MACD_Momentum(12/26/9),LONG,2026-06-01 10:10:00,2026-06-01 11:25:00,7613.0,7615.0,8.0
MACD_Momentum(12/26/9),SHORT,2026-06-01 11:25:00,2026-06-01 11:30:00,7615.0,7616.75,-10.75
MACD_Momentum(12/26/9),LONG,2026-06-01 11:30:00,2026-06-01 11:55:00,7616.75,7615.0,-10.75
MACD_Momentum(12/26/9),SHORT,2026-06-01 11:55:00,2026-06-01 14:15:00,7615.0,7587.75,134.25
MACD_Momentum(12/26/9),LONG,2026-06-01 14:15:00,2026-06-01 18:45:00,7587.75,7627.75,198.0
MACD_Momentum(12/26/9),SHORT,2026-06-01 18:45:00,2026-06-01 23:10:00,7627.75,7595.75,158.0
MACD_Momentum(12/26/9),LONG,2026-06-01 23:10:00,2026-06-02 00:20:00,7595.75,7586.75,-47.0
MACD_Momentum(12/26/9),SHORT,2026-06-02 00:20:00,2026-06-02 01:15:00,7586.75,7585.5,4.25
MACD_Momentum(12/26/9),LONG,2026-06-02 01:15:00,2026-06-02 02:00:00,7585.5,7577.75,-40.75
MACD_Momentum(12/26/9),SHORT,2026-06-02 02:00:00,2026-06-02 02:15:00,7577.75,7578.25,-4.5
MACD_Momentum(12/26/9),LONG,2026-06-02 02:15:00,2026-06-02 06:35:00,7578.25,7597.0,91.75
MACD_Momentum(12/26/9),SHORT,2026-06-02 06:35:00,2026-06-02 06:40:00,7597.0,7599.25,-13.25
MACD_Momentum(12/26/9),LONG,2026-06-02 06:40:00,2026-06-02 06:45:00,7599.25,7598.5,-5.75
MACD_Momentum(12/26/9),SHORT,2026-06-02 06:45:00,2026-06-02 06:50:00,7598.5,7600.25,-10.75
MACD_Momentum(12/26/9),LONG,2026-06-02 06:50:00,2026-06-02 07:40:00,7600.25,7603.25,13.0
MACD_Momentum(12/26/9),SHORT,2026-06-02 07:40:00,2026-06-02 08:05:00,7603.25,7610.0,-35.75
MACD_Momentum(12/26/9),LONG,2026-06-02 08:05:00,2026-06-02 08:15:00,7610.0,7606.75,-18.25
MACD_Momentum(12/26/9),SHORT,2026-06-02 08:15:00,2026-06-02 11:35:00,7606.75,7600.5,29.25
MACD_Momentum(12/26/9),LONG,2026-06-02 11:35:00,2026-06-02 12:00:00,7600.5,7596.25,-23.25
MACD_Momentum(12/26/9),SHORT,2026-06-02 12:00:00,2026-06-02 12:10:00,7596.25,7599.25,-17.0
MACD_Momentum(12/26/9),LONG,2026-06-02 12:10:00,2026-06-02 13:00:00,7599.25,7597.0,-13.25
MACD_Momentum(12/26/9),SHORT,2026-06-02 13:00:00,2026-06-02 13:35:00,7597.0,7602.5,-29.5
MACD_Momentum(12/26/9),LONG,2026-06-02 13:35:00,2026-06-02 15:45:00,7602.5,7624.75,109.25
MACD_Momentum(12/26/9),SHORT,2026-06-02 15:45:00,2026-06-02 19:00:00,7624.75,7619.0,26.75
MACD_Momentum(12/26/9),LONG,2026-06-02 19:00:00,2026-06-02 22:05:00,7619.0,7623.25,19.25
MACD_Momentum(12/26/9),SHORT,2026-06-02 22:05:00,2026-06-02 23:50:00,7623.25,7620.5,11.75
MACD_Momentum(12/26/9),LONG,2026-06-02 23:50:00,2026-06-03 01:15:00,7620.5,7620.25,-3.25
MACD_Momentum(12/26/9),SHORT,2026-06-03 01:15:00,2026-06-03 02:20:00,7620.25,7622.75,-14.5
MACD_Momentum(12/26/9),LONG,2026-06-03 02:20:00,2026-06-03 02:25:00,7622.75,7620.25,-14.5
MACD_Momentum(12/26/9),SHORT,2026-06-03 02:25:00,2026-06-03 03:15:00,7620.25,7622.5,-13.25
MACD_Momentum(12/26/9),LONG,2026-06-03 03:15:00,2026-06-03 04:50:00,7622.5,7623.0,0.5
MACD_Momentum(12/26/9),SHORT,2026-06-03 04:50:00,2026-06-03 06:45:00,7623.0,7619.5,15.5
MACD_Momentum(12/26/9),LONG,2026-06-03 06:45:00,2026-06-03 06:55:00,7619.5,7618.0,-9.5
MACD_Momentum(12/26/9),SHORT,2026-06-03 06:55:00,2026-06-03 07:00:00,7618.0,7619.0,-7.0
MACD_Momentum(12/26/9),LONG,2026-06-03 07:00:00,2026-06-03 07:45:00,7619.0,7617.5,-9.5
MACD_Momentum(12/26/9),SHORT,2026-06-03 07:45:00,2026-06-03 08:00:00,7617.5,7620.25,-15.75
MACD_Momentum(12/26/9),LONG,2026-06-03 08:00:00,2026-06-03 08:25:00,7620.25,7616.75,-19.5
MACD_Momentum(12/26/9),SHORT,2026-06-03 08:25:00,2026-06-03 08:30:00,7616.75,7621.5,-25.75
MACD_Momentum(12/26/9),LONG,2026-06-03 08:30:00,2026-06-03 08:55:00,7621.5,7618.0,-19.5
MACD_Momentum(12/26/9),SHORT,2026-06-03 08:55:00,2026-06-03 09:10:00,7618.0,7621.5,-19.5
MACD_Momentum(12/26/9),LONG,2026-06-03 09:10:00,2026-06-03 09:25:00,7621.5,7617.5,-22.0
MACD_Momentum(12/26/9),SHORT,2026-06-03 09:25:00,2026-06-03 10:30:00,7617.5,7616.0,5.5
MACD_Momentum(12/26/9),LONG,2026-06-03 10:30:00,2026-06-03 10:45:00,7616.0,7611.0,-27.0
MACD_Momentum(12/26/9),SHORT,2026-06-03 10:45:00,2026-06-03 11:00:00,7611.0,7614.5,-19.5
MACD_Momentum(12/26/9),LONG,2026-06-03 11:00:00,2026-06-03 12:20:00,7614.5,7613.5,-7.0
MACD_Momentum(12/26/9),SHORT,2026-06-03 12:20:00,2026-06-03 13:35:00,7613.5,7609.5,18.0
MACD_Momentum(12/26/9),LONG,2026-06-03 13:35:00,2026-06-03 13:45:00,7609.5,7592.25,-88.25
MACD_Momentum(12/26/9),SHORT,2026-06-03 13:45:00,2026-06-03 14:30:00,7592.25,7594.75,-14.5
MACD_Momentum(12/26/9),LONG,2026-06-03 14:30:00,2026-06-03 15:40:00,7594.75,7580.5,-73.25
MACD_Momentum(12/26/9),SHORT,2026-06-03 15:40:00,2026-06-03 16:15:00,7580.5,7579.5,3.0
MACD_Momentum(12/26/9),LONG,2026-06-03 16:15:00,2026-06-03 16:20:00,7579.5,7576.0,-19.5
MACD_Momentum(12/26/9),SHORT,2026-06-03 16:20:00,2026-06-03 16:55:00,7576.0,7572.5,15.5
MACD_Momentum(12/26/9),LONG,2026-06-03 16:55:00,2026-06-03 19:05:00,7572.5,7577.75,24.25
MACD_Momentum(12/26/9),SHORT,2026-06-03 19:05:00,2026-06-03 22:50:00,7577.75,7535.0,211.75
MACD_Momentum(12/26/9),LONG,2026-06-03 22:50:00,2026-06-04 01:50:00,7535.0,7544.5,45.5
MACD_Momentum(12/26/9),SHORT,2026-06-04 01:50:00,2026-06-04 03:05:00,7544.5,7537.75,31.75
MACD_Momentum(12/26/9),LONG,2026-06-04 03:05:00,2026-06-04 05:10:00,7537.75,7540.0,9.25
MACD_Momentum(12/26/9),SHORT,2026-06-04 05:10:00,2026-06-04 06:05:00,7540.0,7545.75,-30.75
MACD_Momentum(12/26/9),LONG,2026-06-04 06:05:00,2026-06-04 07:55:00,7545.75,7553.5,36.75
MACD_Momentum(12/26/9),SHORT,2026-06-04 07:55:00,2026-06-04 09:35:00,7553.5,7544.0,45.5
MACD_Momentum(12/26/9),LONG,2026-06-04 09:35:00,2026-06-04 10:30:00,7544.0,7537.75,-33.25
MACD_Momentum(12/26/9),SHORT,2026-06-04 10:30:00,2026-06-04 11:20:00,7537.75,7541.75,-22.0
MACD_Momentum(12/26/9),LONG,2026-06-04 11:20:00,2026-06-04 11:45:00,7541.75,7532.75,-47.0
MACD_Momentum(12/26/9),SHORT,2026-06-04 11:45:00,2026-06-04 11:50:00,7532.75,7537.75,-27.0
MACD_Momentum(12/26/9),LONG,2026-06-04 11:50:00,2026-06-04 15:50:00,7537.75,7577.0,194.25
MACD_Momentum(12/26/9),SHORT,2026-06-04 15:50:00,2026-06-04 16:20:00,7577.0,7592.0,-77.0
MACD_Momentum(12/26/9),LONG,2026-06-04 16:20:00,2026-06-04 16:55:00,7592.0,7596.75,21.75
MACD_Momentum(12/26/9),SHORT,2026-06-04 16:55:00,2026-06-04 22:50:00,7596.75,7584.5,59.25
MACD_Momentum(12/26/9),LONG,2026-06-04 22:50:00,2026-06-04 23:40:00,7584.5,7577.25,-38.25
MACD_Momentum(12/26/9),SHORT,2026-06-04 23:40:00,2026-06-05 01:45:00,7577.25,7555.0,109.25
MACD_Momentum(12/26/9),LONG,2026-06-05 01:45:00,2026-06-05 03:40:00,7555.0,7559.5,20.5
MACD_Momentum(12/26/9),SHORT,2026-06-05 03:40:00,2026-06-05 04:30:00,7559.5,7557.75,6.75
MACD_Momentum(12/26/9),LONG,2026-06-05 04:30:00,2026-06-05 05:55:00,7557.75,7557.5,-3.25
MACD_Momentum(12/26/9),SHORT,2026-06-05 05:55:00,2026-06-05 06:10:00,7557.5,7563.25,-30.75
MACD_Momentum(12/26/9),LONG,2026-06-05 06:10:00,2026-06-05 06:15:00,7563.25,7559.25,-22.0
MACD_Momentum(12/26/9),SHORT,2026-06-05 06:15:00,2026-06-05 07:35:00,7559.25,7557.75,5.5
MACD_Momentum(12/26/9),LONG,2026-06-05 07:35:00,2026-06-05 09:10:00,7557.75,7560.5,11.75
MACD_Momentum(12/26/9),SHORT,2026-06-05 09:10:00,2026-06-05 09:15:00,7560.5,7572.25,-60.75
MACD_Momentum(12/26/9),LONG,2026-06-05 09:15:00,2026-06-05 09:45:00,7572.25,7564.75,-39.5
MACD_Momentum(12/26/9),SHORT,2026-06-05 09:45:00,2026-06-05 09:55:00,7564.75,7568.5,-20.75
MACD_Momentum(12/26/9),LONG,2026-06-05 09:55:00,2026-06-05 10:50:00,7568.5,7571.25,11.75
MACD_Momentum(12/26/9),SHORT,2026-06-05 10:50:00,2026-06-05 14:35:00,7571.25,7528.25,213.0
MACD_Momentum(12/26/9),LONG,2026-06-05 14:35:00,2026-06-05 15:20:00,7528.25,7510.75,-89.5
MACD_Momentum(12/26/9),SHORT,2026-06-05 15:20:00,2026-06-05 17:00:00,7510.75,7469.75,203.0
MACD_Momentum(12/26/9),LONG,2026-06-05 17:00:00,2026-06-05 18:20:00,7469.75,7438.75,-157.0
MACD_Momentum(12/26/9),SHORT,2026-06-05 18:20:00,2026-06-05 19:40:00,7438.75,7411.75,133.0
MACD_Momentum(12/26/9),LONG,2026-06-05 19:40:00,2026-06-05 20:10:00,7411.75,7375.25,-184.5
MACD_Momentum(12/26/9),SHORT,2026-06-05 20:10:00,2026-06-05 20:55:00,7375.25,7369.75,25.5
MACD_Momentum(12/26/9),LONG,2026-06-05 20:55:00,2026-06-08 01:15:00,7369.75,7406.0,179.25
MACD_Momentum(12/26/9),SHORT,2026-06-08 01:15:00,2026-06-08 02:35:00,7406.0,7407.5,-9.5
MACD_Momentum(12/26/9),LONG,2026-06-08 02:35:00,2026-06-08 03:50:00,7407.5,7415.75,39.25
MACD_Momentum(12/26/9),SHORT,2026-06-08 03:50:00,2026-06-08 06:15:00,7415.75,7393.5,109.25
MACD_Momentum(12/26/9),LONG,2026-06-08 06:15:00,2026-06-08 08:20:00,7393.5,7420.0,130.5
MACD_Momentum(12/26/9),SHORT,2026-06-08 08:20:00,2026-06-08 09:45:00,7420.0,7423.25,-18.25
MACD_Momentum(12/26/9),LONG,2026-06-08 09:45:00,2026-06-08 10:25:00,7423.25,7418.75,-24.5
MACD_Momentum(12/26/9),SHORT,2026-06-08 10:25:00,2026-06-08 10:35:00,7418.75,7431.25,-64.5
MACD_Momentum(12/26/9),LONG,2026-06-08 10:35:00,2026-06-08 12:55:00,7431.25,7460.5,144.25
MACD_Momentum(12/26/9),SHORT,2026-06-08 12:55:00,2026-06-08 14:40:00,7460.5,7455.25,24.25
MACD_Momentum(12/26/9),LONG,2026-06-08 14:40:00,2026-06-08 15:35:00,7455.25,7443.75,-59.5
MACD_Momentum(12/26/9),SHORT,2026-06-08 15:35:00,2026-06-08 17:55:00,7443.75,7437.5,29.25
MACD_Momentum(12/26/9),LONG,2026-06-08 17:55:00,2026-06-08 19:10:00,7437.5,7424.25,-68.25
MACD_Momentum(12/26/9),SHORT,2026-06-08 19:10:00,2026-06-08 20:05:00,7424.25,7417.75,30.5
MACD_Momentum(12/26/9),LONG,2026-06-08 20:05:00,2026-06-08 22:10:00,7417.75,7401.75,-82.0
MACD_Momentum(12/26/9),SHORT,2026-06-08 22:10:00,2026-06-08 22:45:00,7401.75,7403.5,-10.75
MACD_Momentum(12/26/9),LONG,2026-06-08 22:45:00,2026-06-09 00:05:00,7403.5,7400.75,-15.75
MACD_Momentum(12/26/9),SHORT,2026-06-09 00:05:00,2026-06-09 01:15:00,7400.75,7400.25,0.5
MACD_Momentum(12/26/9),LONG,2026-06-09 01:15:00,2026-06-09 02:50:00,7400.25,7422.25,108.0
MACD_Momentum(12/26/9),SHORT,2026-06-09 02:50:00,2026-06-09 03:40:00,7422.25,7429.75,-39.5
MACD_Momentum(12/26/9),LONG,2026-06-09 03:40:00,2026-06-09 04:55:00,7429.75,7435.25,25.5
MACD_Momentum(12/26/9),SHORT,2026-06-09 04:55:00,2026-06-09 07:10:00,7435.25,7444.75,-49.5
MACD_Momentum(12/26/9),LONG,2026-06-09 07:10:00,2026-06-09 07:20:00,7444.75,7437.5,-38.25
MACD_Momentum(12/26/9),SHORT,2026-06-09 07:20:00,2026-06-09 08:15:00,7437.5,7444.0,-34.5
MACD_Momentum(12/26/9),LONG,2026-06-09 08:15:00,2026-06-09 10:10:00,7444.0,7441.5,-14.5
MACD_Momentum(12/26/9),SHORT,2026-06-09 10:10:00,2026-06-09 11:00:00,7441.5,7451.5,-52.0
MACD_Momentum(12/26/9),LONG,2026-06-09 11:00:00,2026-06-09 11:25:00,7451.5,7445.0,-34.5
MACD_Momentum(12/26/9),SHORT,2026-06-09 11:25:00,2026-06-09 12:35:00,7445.0,7452.75,-40.75
MACD_Momentum(12/26/9),LONG,2026-06-09 12:35:00,2026-06-09 14:15:00,7452.75,7437.0,-80.75
MACD_Momentum(12/26/9),SHORT,2026-06-09 14:15:00,2026-06-09 17:00:00,7437.0,7287.25,746.75
MACD_Momentum(12/26/9),LONG,2026-06-09 17:00:00,2026-06-09 19:20:00,7287.25,7358.5,354.25
MACD_Momentum(12/26/9),SHORT,2026-06-09 19:20:00,2026-06-09 20:05:00,7358.5,7398.75,-203.25
MACD_Momentum(12/26/9),LONG,2026-06-09 20:05:00,2026-06-09 20:50:00,7398.75,7391.0,-40.75
MACD_Momentum(12/26/9),SHORT,2026-06-09 20:50:00,2026-06-09 23:55:00,7391.0,7376.5,70.5
MACD_Momentum(12/26/9),LONG,2026-06-09 23:55:00,2026-06-10 00:40:00,7376.5,7372.25,-23.25
MACD_Momentum(12/26/9),SHORT,2026-06-10 00:40:00,2026-06-10 01:00:00,7372.25,7381.75,-49.5
MACD_Momentum(12/26/9),LONG,2026-06-10 01:00:00,2026-06-10 01:55:00,7381.75,7379.75,-12.0
MACD_Momentum(12/26/9),SHORT,2026-06-10 01:55:00,2026-06-10 03:20:00,7379.75,7377.0,11.75
MACD_Momentum(12/26/9),LONG,2026-06-10 03:20:00,2026-06-10 03:40:00,7377.0,7372.5,-24.5
MACD_Momentum(12/26/9),SHORT,2026-06-10 03:40:00,2026-06-10 05:30:00,7372.5,7366.75,26.75
MACD_Momentum(12/26/9),LONG,2026-06-10 05:30:00,2026-06-10 07:05:00,7366.75,7366.5,-3.25
MACD_Momentum(12/26/9),SHORT,2026-06-10 07:05:00,2026-06-10 09:40:00,7366.5,7337.5,143.0
MACD_Momentum(12/26/9),LONG,2026-06-10 09:40:00,2026-06-10 11:10:00,7337.5,7321.75,-80.75
MACD_Momentum(12/26/9),SHORT,2026-06-10 11:10:00,2026-06-10 12:05:00,7321.75,7322.5,-5.75
MACD_Momentum(12/26/9),LONG,2026-06-10 12:05:00,2026-06-10 13:35:00,7322.5,7338.5,78.0
MACD_Momentum(12/26/9),SHORT,2026-06-10 13:35:00,2026-06-10 13:40:00,7338.5,7366.5,-142.0
MACD_Momentum(12/26/9),LONG,2026-06-10 13:40:00,2026-06-10 14:45:00,7366.5,7376.5,48.0
MACD_Momentum(12/26/9),SHORT,2026-06-10 14:45:00,2026-06-10 16:35:00,7376.5,7336.75,196.75
MACD_Momentum(12/26/9),LONG,2026-06-10 16:35:00,2026-06-10 17:15:00,7336.75,7310.25,-134.5
MACD_Momentum(12/26/9),SHORT,2026-06-10 17:15:00,2026-06-10 17:50:00,7310.25,7323.75,-69.5
MACD_Momentum(12/26/9),LONG,2026-06-10 17:50:00,2026-06-10 18:40:00,7323.75,7306.0,-90.75
MACD_Momentum(12/26/9),SHORT,2026-06-10 18:40:00,2026-06-10 19:45:00,7306.0,7293.75,59.25
MACD_Momentum(12/26/9),LONG,2026-06-10 19:45:00,2026-06-10 20:00:00,7293.75,7276.0,-90.75
MACD_Momentum(12/26/9),SHORT,2026-06-10 20:00:00,2026-06-10 22:00:00,7276.0,7259.25,81.75
MACD_Momentum(12/26/9),LONG,2026-06-10 22:00:00,2026-06-10 22:05:00,7259.25,7251.0,-43.25
MACD_Momentum(12/26/9),SHORT,2026-06-10 22:05:00,2026-06-10 22:25:00,7251.0,7254.75,-20.75
MACD_Momentum(12/26/9),LONG,2026-06-10 22:25:00,2026-06-10 23:15:00,7254.75,7236.25,-94.5
MACD_Momentum(12/26/9),SHORT,2026-06-10 23:15:00,2026-06-10 23:30:00,7236.25,7257.5,-108.25
MACD_Momentum(12/26/9),LONG,2026-06-10 23:30:00,2026-06-11 02:00:00,7257.5,7287.75,149.25
MACD_Momentum(12/26/9),SHORT,2026-06-11 02:00:00,2026-06-11 03:35:00,7287.75,7294.5,-35.75
MACD_Momentum(12/26/9),LONG,2026-06-11 03:35:00,2026-06-11 05:10:00,7294.5,7307.5,63.0
MACD_Momentum(12/26/9),SHORT,2026-06-11 05:10:00,2026-06-11 06:50:00,7307.5,7311.5,-22.0
MACD_Momentum(12/26/9),LONG,2026-06-11 06:50:00,2026-06-11 08:45:00,7311.5,7335.25,116.75
MACD_Momentum(12/26/9),SHORT,2026-06-11 08:45:00,2026-06-11 11:45:00,7335.25,7329.75,25.5
MACD_Momentum(12/26/9),LONG,2026-06-11 11:45:00,2026-06-11 12:25:00,7329.75,7309.25,-104.5
MACD_Momentum(12/26/9),SHORT,2026-06-11 12:25:00,2026-06-11 13:30:00,7309.25,7307.75,5.5
MACD_Momentum(12/26/9),LONG,2026-06-11 13:30:00,2026-06-11 13:35:00,7307.75,7292.5,-78.25
MACD_Momentum(12/26/9),SHORT,2026-06-11 13:35:00,2026-06-11 13:55:00,7292.5,7330.25,-190.75
MACD_Momentum(12/26/9),LONG,2026-06-11 13:55:00,2026-06-11 14:20:00,7330.25,7290.25,-202.0
MACD_Momentum(12/26/9),SHORT,2026-06-11 14:20:00,2026-06-11 14:25:00,7290.25,7311.25,-107.0
MACD_Momentum(12/26/9),LONG,2026-06-11 14:25:00,2026-06-11 14:50:00,7311.25,7301.0,-53.25
MACD_Momentum(12/26/9),SHORT,2026-06-11 14:50:00,2026-06-11 15:30:00,7301.0,7291.0,48.0
MACD_Momentum(12/26/9),LONG,2026-06-11 15:30:00,2026-06-11 16:55:00,7291.0,7291.0,-2.0
MACD_Momentum(12/26/9),SHORT,2026-06-11 16:55:00,2026-06-11 17:30:00,7291.0,7345.25,-273.25
MACD_Momentum(12/26/9),LONG,2026-06-11 17:30:00,2026-06-11 18:45:00,7345.25,7369.25,118.0
MACD_Momentum(12/26/9),SHORT,2026-06-11 18:45:00,2026-06-11 18:50:00,7369.25,7378.5,-48.25
MACD_Momentum(12/26/9),LONG,2026-06-11 18:50:00,2026-06-11 19:00:00,7378.5,7377.75,-5.75
MACD_Momentum(12/26/9),SHORT,2026-06-11 19:00:00,2026-06-11 19:05:00,7377.75,7383.75,-32.0
MACD_Momentum(12/26/9),LONG,2026-06-11 19:05:00,2026-06-11 19:10:00,7383.75,7381.5,-13.25
MACD_Momentum(12/26/9),SHORT,2026-06-11 19:10:00,2026-06-11 19:15:00,7381.5,7389.5,-42.0
MACD_Momentum(12/26/9),LONG,2026-06-11 19:15:00,2026-06-11 19:55:00,7389.5,7401.5,58.0
MACD_Momentum(12/26/9),SHORT,2026-06-11 19:55:00,2026-06-12 00:35:00,7401.5,7420.0,-94.5
MACD_Momentum(12/26/9),LONG,2026-06-12 00:35:00,2026-06-12 00:45:00,7420.0,7412.25,-40.75
MACD_Momentum(12/26/9),SHORT,2026-06-12 00:45:00,2026-06-12 02:05:00,7412.25,7412.25,-2.0
MACD_Momentum(12/26/9),LONG,2026-06-12 02:05:00,2026-06-12 03:15:00,7412.25,7404.25,-42.0
MACD_Momentum(12/26/9),SHORT,2026-06-12 03:15:00,2026-06-12 04:30:00,7404.25,7408.25,-22.0
MACD_Momentum(12/26/9),LONG,2026-06-12 04:30:00,2026-06-12 05:40:00,7408.25,7401.0,-38.25
MACD_Momentum(12/26/9),SHORT,2026-06-12 05:40:00,2026-06-12 07:40:00,7401.0,7387.25,66.75
MACD_Momentum(12/26/9),LONG,2026-06-12 07:40:00,2026-06-12 10:15:00,7387.25,7436.5,244.25
MACD_Momentum(12/26/9),SHORT,2026-06-12 10:15:00,2026-06-12 11:30:00,7436.5,7438.25,-10.75
MACD_Momentum(12/26/9),LONG,2026-06-12 11:30:00,2026-06-12 12:15:00,7438.25,7434.5,-20.75
MACD_Momentum(12/26/9),SHORT,2026-06-12 12:15:00,2026-06-12 13:30:00,7434.5,7423.75,51.75
MACD_Momentum(12/26/9),LONG,2026-06-12 13:30:00,2026-06-12 13:35:00,7423.75,7401.5,-113.25
MACD_Momentum(12/26/9),SHORT,2026-06-12 13:35:00,2026-06-12 14:10:00,7401.5,7418.25,-85.75
MACD_Momentum(12/26/9),LONG,2026-06-12 14:10:00,2026-06-12 15:50:00,7418.25,7412.0,-33.25
MACD_Momentum(12/26/9),SHORT,2026-06-12 15:50:00,2026-06-12 17:00:00,7412.0,7432.25,-103.25
MACD_Momentum(12/26/9),LONG,2026-06-12 17:00:00,2026-06-12 17:50:00,7432.25,7436.0,16.75
MACD_Momentum(12/26/9),SHORT,2026-06-12 17:50:00,2026-06-12 18:45:00,7436.0,7440.25,-23.25
MACD_Momentum(12/26/9),LONG,2026-06-12 18:45:00,2026-06-12 19:15:00,7440.25,7432.0,-43.25
MACD_Momentum(12/26/9),SHORT,2026-06-12 19:15:00,2026-06-12 20:05:00,7432.0,7437.25,-28.25
MACD_Momentum(12/26/9),LONG,2026-06-12 20:05:00,2026-06-14 22:10:00,7437.25,7500.25,313.0
MACD_Momentum(12/26/9),SHORT,2026-06-14 22:10:00,2026-06-14 22:15:00,7500.25,7500.75,-4.5
MACD_Momentum(12/26/9),LONG,2026-06-14 22:15:00,2026-06-14 23:15:00,7500.75,7490.25,-54.5
MACD_Momentum(12/26/9),SHORT,2026-06-14 23:15:00,2026-06-15 04:45:00,7490.25,7524.25,-172.0
MACD_Momentum(12/26/9),LONG,2026-06-15 04:45:00,2026-06-15 05:55:00,7524.25,7528.75,20.5
MACD_Momentum(12/26/9),SHORT,2026-06-15 05:55:00,2026-06-15 06:05:00,7528.75,7531.5,-15.75
MACD_Momentum(12/26/9),LONG,2026-06-15 06:05:00,2026-06-15 06:10:00,7531.5,7529.5,-12.0
MACD_Momentum(12/26/9),SHORT,2026-06-15 06:10:00,2026-06-15 07:35:00,7529.5,7529.0,0.5
MACD_Momentum(12/26/9),LONG,2026-06-15 07:35:00,2026-06-15 07:45:00,7529.0,7527.0,-12.0
MACD_Momentum(12/26/9),SHORT,2026-06-15 07:45:00,2026-06-15 08:40:00,7527.0,7529.5,-14.5
MACD_Momentum(12/26/9),LONG,2026-06-15 08:40:00,2026-06-15 09:20:00,7529.5,7525.25,-23.25
MACD_Momentum(12/26/9),SHORT,2026-06-15 09:20:00,2026-06-15 09:35:00,7525.25,7584.75,-299.5
MACD_Momentum(12/26/9),LONG,2026-06-15 09:35:00,2026-06-15 10:45:00,7584.75,7590.5,26.75
MACD_Momentum(12/26/9),SHORT,2026-06-15 10:45:00,2026-06-15 13:30:00,7590.5,7599.25,-45.75
MACD_Momentum(12/26/9),LONG,2026-06-15 13:30:00,2026-06-15 14:25:00,7599.25,7611.0,56.75
MACD_Momentum(12/26/9),SHORT,2026-06-15 14:25:00,2026-06-15 14:30:00,7611.0,7617.25,-33.25
MACD_Momentum(12/26/9),LONG,2026-06-15 14:30:00,2026-06-15 14:35:00,7617.25,7612.75,-24.5
MACD_Momentum(12/26/9),SHORT,2026-06-15 14:35:00,2026-06-15 15:00:00,7612.75,7623.25,-54.5
MACD_Momentum(12/26/9),LONG,2026-06-15 15:00:00,2026-06-15 16:35:00,7623.25,7644.0,101.75
MACD_Momentum(12/26/9),SHORT,2026-06-15 16:35:00,2026-06-15 20:05:00,7644.0,7629.25,71.75
MACD_Momentum(12/26/9),LONG,2026-06-15 20:05:00,2026-06-15 22:15:00,7629.25,7621.0,-43.25
MACD_Momentum(12/26/9),SHORT,2026-06-15 22:15:00,2026-06-15 23:15:00,7621.0,7615.75,24.25
MACD_Momentum(12/26/9),LONG,2026-06-15 23:15:00,2026-06-16 00:50:00,7615.75,7615.5,-3.25
MACD_Momentum(12/26/9),SHORT,2026-06-16 00:50:00,2026-06-16 01:40:00,7615.5,7617.25,-10.75
MACD_Momentum(12/26/9),LONG,2026-06-16 01:40:00,2026-06-16 04:15:00,7617.25,7622.0,21.75
MACD_Momentum(12/26/9),SHORT,2026-06-16 04:15:00,2026-06-16 05:15:00,7622.0,7623.0,-7.0
MACD_Momentum(12/26/9),LONG,2026-06-16 05:15:00,2026-06-16 05:35:00,7623.0,7616.25,-35.75
MACD_Momentum(12/26/9),SHORT,2026-06-16 05:35:00,2026-06-16 06:10:00,7616.25,7622.25,-32.0
MACD_Momentum(12/26/9),LONG,2026-06-16 06:10:00,2026-06-16 07:50:00,7622.25,7621.25,-7.0
MACD_Momentum(12/26/9),SHORT,2026-06-16 07:50:00,2026-06-16 08:05:00,7621.25,7626.75,-29.5
MACD_Momentum(12/26/9),LONG,2026-06-16 08:05:00,2026-06-16 08:35:00,7626.75,7623.75,-17.0
MACD_Momentum(12/26/9),SHORT,2026-06-16 08:35:00,2026-06-16 09:05:00,7623.75,7627.25,-19.5
MACD_Momentum(12/26/9),LONG,2026-06-16 09:05:00,2026-06-16 09:20:00,7627.25,7622.25,-27.0
MACD_Momentum(12/26/9),SHORT,2026-06-16 09:20:00,2026-06-16 10:15:00,7622.25,7625.5,-18.25
MACD_Momentum(12/26/9),LONG,2026-06-16 10:15:00,2026-06-16 12:00:00,7625.5,7631.25,26.75
MACD_Momentum(12/26/9),SHORT,2026-06-16 12:00:00,2026-06-16 13:30:00,7631.25,7627.75,15.5
MACD_Momentum(12/26/9),LONG,2026-06-16 13:30:00,2026-06-16 14:20:00,7627.75,7621.75,-32.0
MACD_Momentum(12/26/9),SHORT,2026-06-16 14:20:00,2026-06-16 15:55:00,7621.75,7614.25,35.5
MACD_Momentum(12/26/9),LONG,2026-06-16 15:55:00,2026-06-16 16:55:00,7614.25,7609.0,-28.25
MACD_Momentum(12/26/9),SHORT,2026-06-16 16:55:00,2026-06-16 17:55:00,7609.0,7609.75,-5.75
MACD_Momentum(12/26/9),LONG,2026-06-16 17:55:00,2026-06-16 19:10:00,7609.75,7598.0,-60.75
MACD_Momentum(12/26/9),SHORT,2026-06-16 19:10:00,2026-06-16 20:45:00,7598.0,7585.0,63.0
MACD_Momentum(12/26/9),LONG,2026-06-16 20:45:00,2026-06-16 23:35:00,7585.0,7593.25,39.25
MACD_Momentum(12/26/9),SHORT,2026-06-16 23:35:00,2026-06-17 00:05:00,7593.25,7597.0,-20.75
MACD_Momentum(12/26/9),LONG,2026-06-17 00:05:00,2026-06-17 02:15:00,7597.0,7605.0,38.0
MACD_Momentum(12/26/9),SHORT,2026-06-17 02:15:00,2026-06-17 03:50:00,7605.0,7604.75,-0.75
MACD_Momentum(12/26/9),LONG,2026-06-17 03:50:00,2026-06-17 04:40:00,7604.75,7602.75,-12.0
MACD_Momentum(12/26/9),SHORT,2026-06-17 04:40:00,2026-06-17 05:05:00,7602.75,7607.0,-23.25
MACD_Momentum(12/26/9),LONG,2026-06-17 05:05:00,2026-06-17 05:30:00,7607.0,7604.5,-14.5
MACD_Momentum(12/26/9),SHORT,2026-06-17 05:30:00,2026-06-17 05:40:00,7604.5,7607.75,-18.25
MACD_Momentum(12/26/9),LONG,2026-06-17 05:40:00,2026-06-17 05:45:00,7607.75,7605.75,-12.0
MACD_Momentum(12/26/9),SHORT,2026-06-17 05:45:00,2026-06-17 05:50:00,7605.75,7607.0,-8.25
MACD_Momentum(12/26/9),LONG,2026-06-17 05:50:00,2026-06-17 05:55:00,7607.0,7605.25,-10.75
MACD_Momentum(12/26/9),SHORT,2026-06-17 05:55:00,2026-06-17 06:45:00,7605.25,7608.0,-15.75
MACD_Momentum(12/26/9),LONG,2026-06-17 06:45:00,2026-06-17 07:25:00,7608.0,7605.0,-17.0
MACD_Momentum(12/26/9),SHORT,2026-06-17 07:25:00,2026-06-17 09:15:00,7605.0,7598.25,31.75
MACD_Momentum(12/26/9),LONG,2026-06-17 09:15:00,2026-06-17 09:55:00,7598.25,7592.25,-32.0
MACD_Momentum(12/26/9),SHORT,2026-06-17 09:55:00,2026-06-17 10:40:00,7592.25,7593.25,-7.0
MACD_Momentum(12/26/9),LONG,2026-06-17 10:40:00,2026-06-17 11:50:00,7593.25,7586.5,-35.75
MACD_Momentum(12/26/9),SHORT,2026-06-17 11:50:00,2026-06-17 12:15:00,7586.5,7592.75,-33.25
MACD_Momentum(12/26/9),LONG,2026-06-17 12:15:00,2026-06-17 13:40:00,7592.75,7586.5,-33.25
MACD_Momentum(12/26/9),SHORT,2026-06-17 13:40:00,2026-06-17 13:55:00,7586.5,7596.0,-49.5
MACD_Momentum(12/26/9),LONG,2026-06-17 13:55:00,2026-06-17 14:00:00,7596.0,7581.25,-75.75
MACD_Momentum(12/26/9),SHORT,2026-06-17 14:00:00,2026-06-17 14:20:00,7581.25,7595.75,-74.5
MACD_Momentum(12/26/9),LONG,2026-06-17 14:20:00,2026-06-17 14:40:00,7595.75,7582.75,-67.0
MACD_Momentum(12/26/9),SHORT,2026-06-17 14:40:00,2026-06-17 15:35:00,7582.75,7588.0,-28.25
MACD_Momentum(12/26/9),LONG,2026-06-17 15:35:00,2026-06-17 16:50:00,7588.0,7583.0,-27.0
MACD_Momentum(12/26/9),SHORT,2026-06-17 16:50:00,2026-06-17 17:55:00,7583.0,7584.75,-10.75
MACD_Momentum(12/26/9),LONG,2026-06-17 17:55:00,2026-06-17 18:05:00,7584.75,7531.75,-267.0
MACD_Momentum(12/26/9),SHORT,2026-06-17 18:05:00,2026-06-17 18:45:00,7531.75,7580.25,-244.5
MACD_Momentum(12/26/9),LONG,2026-06-17 18:45:00,2026-06-17 19:05:00,7580.25,7541.25,-197.0
MACD_Momentum(12/26/9),SHORT,2026-06-17 19:05:00,2026-06-17 20:15:00,7541.25,7492.5,241.75
MACD_Momentum(12/26/9),LONG,2026-06-17 20:15:00,2026-06-18 00:55:00,7492.5,7552.75,299.25
MACD_Momentum(12/26/9),SHORT,2026-06-18 00:55:00,2026-06-18 05:20:00,7552.75,7548.5,19.25
MACD_Momentum(12/26/9),LONG,2026-06-18 05:20:00,2026-06-18 06:10:00,7548.5,7541.75,-35.75
MACD_Momentum(12/26/9),SHORT,2026-06-18 06:10:00,2026-06-18 06:30:00,7541.75,7550.25,-44.5
MACD_Momentum(12/26/9),LONG,2026-06-18 06:30:00,2026-06-18 08:30:00,7550.25,7556.5,29.25
MACD_Momentum(12/26/9),SHORT,2026-06-18 08:30:00,2026-06-18 09:45:00,7556.5,7559.25,-15.75
MACD_Momentum(12/26/9),LONG,2026-06-18 09:45:00,2026-06-18 10:35:00,7559.25,7558.0,-8.25
MACD_Momentum(12/26/9),SHORT,2026-06-18 10:35:00,2026-06-18 12:05:00,7558.0,7544.0,68.0
MACD_Momentum(12/26/9),LONG,2026-06-18 12:05:00,2026-06-18 13:40:00,7544.0,7544.0,-2.0
MACD_Momentum(12/26/9),SHORT,2026-06-18 13:40:00,2026-06-18 14:25:00,7544.0,7561.5,-89.5
MACD_Momentum(12/26/9),LONG,2026-06-18 14:25:00,2026-06-18 15:20:00,7561.5,7554.75,-35.75
MACD_Momentum(12/26/9),SHORT,2026-06-18 15:20:00,2026-06-18 16:10:00,7554.75,7558.5,-20.75
MACD_Momentum(12/26/9),LONG,2026-06-18 16:10:00,2026-06-18 17:50:00,7558.5,7569.5,53.0
MACD_Momentum(12/26/9),SHORT,2026-06-18 17:50:00,2026-06-18 19:40:00,7569.5,7567.25,9.25
MACD_Momentum(12/26/9),LONG,2026-06-18 19:40:00,2026-06-18 20:55:00,7567.25,7572.25,23.0
MACD_Momentum(12/26/9),SHORT,2026-06-18 20:55:00,2026-06-18 23:35:00,7572.25,7564.5,36.75
MACD_Momentum(12/26/9),LONG,2026-06-18 23:35:00,2026-06-19 00:15:00,7564.5,7557.5,-37.0
MACD_Momentum(12/26/9),SHORT,2026-06-19 00:15:00,2026-06-19 02:40:00,7557.5,7547.0,50.5
MACD_Momentum(12/26/9),LONG,2026-06-19 02:40:00,2026-06-19 03:25:00,7547.0,7540.0,-37.0
MACD_Momentum(12/26/9),SHORT,2026-06-19 03:25:00,2026-06-21 22:05:00,7540.0,7547.75,-40.75
MACD_Momentum(12/26/9),LONG,2026-06-21 22:05:00,2026-06-21 22:15:00,7547.75,7532.5,-78.25
MACD_Momentum(12/26/9),SHORT,2026-06-21 22:15:00,2026-06-21 22:25:00,7532.5,7541.5,-47.0
MACD_Momentum(12/26/9),LONG,2026-06-21 22:25:00,2026-06-21 23:05:00,7541.5,7528.25,-68.25
MACD_Momentum(12/26/9),SHORT,2026-06-21 23:05:00,2026-06-22 00:10:00,7528.25,7532.25,-22.0
MACD_Momentum(12/26/9),LONG,2026-06-22 00:10:00,2026-06-22 01:55:00,7532.25,7550.0,86.75
MACD_Momentum(12/26/9),SHORT,2026-06-22 01:55:00,2026-06-22 03:40:00,7550.0,7540.5,45.5
MACD_Momentum(12/26/9),LONG,2026-06-22 03:40:00,2026-06-22 03:55:00,7540.5,7536.75,-20.75
MACD_Momentum(12/26/9),SHORT,2026-06-22 03:55:00,2026-06-22 05:00:00,7536.75,7534.75,8.0
MACD_Momentum(12/26/9),LONG,2026-06-22 05:00:00,2026-06-22 07:40:00,7534.75,7565.0,149.25
MACD_Momentum(12/26/9),SHORT,2026-06-22 07:40:00,2026-06-22 09:10:00,7565.0,7563.75,4.25
MACD_Momentum(12/26/9),LONG,2026-06-22 09:10:00,2026-06-22 09:35:00,7563.75,7560.5,-18.25
MACD_Momentum(12/26/9),SHORT,2026-06-22 09:35:00,2026-06-22 10:15:00,7560.5,7563.0,-14.5
MACD_Momentum(12/26/9),LONG,2026-06-22 10:15:00,2026-06-22 10:40:00,7563.0,7557.75,-28.25
MACD_Momentum(12/26/9),SHORT,2026-06-22 10:40:00,2026-06-22 11:05:00,7557.75,7567.0,-48.25
MACD_Momentum(12/26/9),LONG,2026-06-22 11:05:00,2026-06-22 11:55:00,7567.0,7561.5,-29.5
MACD_Momentum(12/26/9),SHORT,2026-06-22 11:55:00,2026-06-22 12:05:00,7561.5,7566.5,-27.0
MACD_Momentum(12/26/9),LONG,2026-06-22 12:05:00,2026-06-22 13:00:00,7566.5,7568.0,5.5
MACD_Momentum(12/26/9),SHORT,2026-06-22 13:00:00,2026-06-22 13:15:00,7568.0,7576.5,-44.5
MACD_Momentum(12/26/9),LONG,2026-06-22 13:15:00,2026-06-22 14:25:00,7576.5,7571.5,-27.0
MACD_Momentum(12/26/9),SHORT,2026-06-22 14:25:00,2026-06-22 15:45:00,7571.5,7555.0,80.5
MACD_Momentum(12/26/9),LONG,2026-06-22 15:45:00,2026-06-22 18:55:00,7555.0,7536.5,-94.5
MACD_Momentum(12/26/9),SHORT,2026-06-22 18:55:00,2026-06-22 19:55:00,7536.5,7543.75,-38.25
MACD_Momentum(12/26/9),LONG,2026-06-22 19:55:00,2026-06-22 22:20:00,7543.75,7541.5,-13.25
MACD_Momentum(12/26/9),SHORT,2026-06-22 22:20:00,2026-06-22 22:25:00,7541.5,7542.5,-7.0
MACD_Momentum(12/26/9),LONG,2026-06-22 22:25:00,2026-06-22 22:30:00,7542.5,7540.0,-14.5
MACD_Momentum(12/26/9),SHORT,2026-06-22 22:30:00,2026-06-22 23:55:00,7540.0,7529.5,50.5
MACD_Momentum(12/26/9),LONG,2026-06-22 23:55:00,2026-06-23 00:20:00,7529.5,7525.25,-23.25
MACD_Momentum(12/26/9),SHORT,2026-06-23 00:20:00,2026-06-23 00:35:00,7525.25,7529.5,-23.25
MACD_Momentum(12/26/9),LONG,2026-06-23 00:35:00,2026-06-23 01:35:00,7529.5,7530.0,0.5
MACD_Momentum(12/26/9),SHORT,2026-06-23 01:35:00,2026-06-23 04:05:00,7530.0,7504.25,126.75
MACD_Momentum(12/26/9),LONG,2026-06-23 04:05:00,2026-06-23 04:25:00,7504.25,7495.5,-45.75
MACD_Momentum(12/26/9),SHORT,2026-06-23 04:25:00,2026-06-23 07:10:00,7495.5,7454.75,201.75
MACD_Momentum(12/26/9),LONG,2026-06-23 07:10:00,2026-06-23 08:00:00,7454.75,7433.75,-107.0
MACD_Momentum(12/26/9),SHORT,2026-06-23 08:00:00,2026-06-23 08:35:00,7433.75,7432.25,5.5
MACD_Momentum(12/26/9),LONG,2026-06-23 08:35:00,2026-06-23 10:35:00,7432.25,7433.5,4.25
MACD_Momentum(12/26/9),SHORT,2026-06-23 10:35:00,2026-06-23 11:15:00,7433.5,7442.5,-47.0
MACD_Momentum(12/26/9),LONG,2026-06-23 11:15:00,2026-06-23 12:25:00,7442.5,7437.5,-27.0
MACD_Momentum(12/26/9),SHORT,2026-06-23 12:25:00,2026-06-23 13:40:00,7437.5,7436.75,1.75
MACD_Momentum(12/26/9),LONG,2026-06-23 13:40:00,2026-06-23 14:50:00,7436.75,7467.75,153.0
MACD_Momentum(12/26/9),SHORT,2026-06-23 14:50:00,2026-06-23 16:10:00,7467.75,7466.25,5.5
MACD_Momentum(12/26/9),LONG,2026-06-23 16:10:00,2026-06-23 17:10:00,7466.25,7464.75,-9.5
MACD_Momentum(12/26/9),SHORT,2026-06-23 17:10:00,2026-06-23 17:15:00,7464.75,7468.75,-22.0
MACD_Momentum(12/26/9),LONG,2026-06-23 17:15:00,2026-06-23 17:20:00,7468.75,7466.75,-12.0
MACD_Momentum(12/26/9),SHORT,2026-06-23 17:20:00,2026-06-23 17:25:00,7466.75,7474.25,-39.5
MACD_Momentum(12/26/9),LONG,2026-06-23 17:25:00,2026-06-23 17:45:00,7474.25,7467.25,-37.0
MACD_Momentum(12/26/9),SHORT,2026-06-23 17:45:00,2026-06-23 19:30:00,7467.25,7446.75,100.5
MACD_Momentum(12/26/9),LONG,2026-06-23 19:30:00,2026-06-23 22:35:00,7446.75,7433.5,-68.25
MACD_Momentum(12/26/9),SHORT,2026-06-23 22:35:00,2026-06-23 23:25:00,7433.5,7437.25,-20.75
MACD_Momentum(12/26/9),LONG,2026-06-23 23:25:00,2026-06-23 23:40:00,7437.25,7428.5,-45.75
MACD_Momentum(12/26/9),SHORT,2026-06-23 23:40:00,2026-06-23 23:45:00,7428.5,7433.5,-27.0
MACD_Momentum(12/26/9),LONG,2026-06-23 23:45:00,2026-06-24 01:05:00,7433.5,7447.25,66.75
MACD_Momentum(12/26/9),SHORT,2026-06-24 01:05:00,2026-06-24 03:30:00,7447.25,7447.75,-4.5
MACD_Momentum(12/26/9),LONG,2026-06-24 03:30:00,2026-06-24 04:20:00,7447.75,7436.5,-58.25
MACD_Momentum(12/26/9),SHORT,2026-06-24 04:20:00,2026-06-24 04:40:00,7436.5,7447.75,-58.25
MACD_Momentum(12/26/9),LONG,2026-06-24 04:40:00,2026-06-24 05:55:00,7447.75,7450.25,10.5
MACD_Momentum(12/26/9),SHORT,2026-06-24 05:55:00,2026-06-24 07:50:00,7450.25,7451.5,-8.25
MACD_Momentum(12/26/9),LONG,2026-06-24 07:50:00,2026-06-24 08:00:00,7451.5,7443.0,-44.5
MACD_Momentum(12/26/9),SHORT,2026-06-24 08:00:00,2026-06-24 08:05:00,7443.0,7450.5,-39.5
MACD_Momentum(12/26/9),LONG,2026-06-24 08:05:00,2026-06-24 08:50:00,7450.5,7445.25,-28.25
MACD_Momentum(12/26/9),SHORT,2026-06-24 08:50:00,2026-06-24 09:15:00,7445.25,7451.25,-32.0
MACD_Momentum(12/26/9),LONG,2026-06-24 09:15:00,2026-06-24 09:30:00,7451.25,7446.75,-24.5
MACD_Momentum(12/26/9),SHORT,2026-06-24 09:30:00,2026-06-24 09:35:00,7446.75,7447.25,-4.5
MACD_Momentum(12/26/9),LONG,2026-06-24 09:35:00,2026-06-24 09:40:00,7447.25,7444.25,-17.0
MACD_Momentum(12/26/9),SHORT,2026-06-24 09:40:00,2026-06-24 10:15:00,7444.25,7447.5,-18.25
MACD_Momentum(12/26/9),LONG,2026-06-24 10:15:00,2026-06-24 11:15:00,7447.5,7448.25,1.75
MACD_Momentum(12/26/9),SHORT,2026-06-24 11:15:00,2026-06-24 11:40:00,7448.25,7456.25,-42.0
MACD_Momentum(12/26/9),LONG,2026-06-24 11:40:00,2026-06-24 12:40:00,7456.25,7456.75,0.5
MACD_Momentum(12/26/9),SHORT,2026-06-24 12:40:00,2026-06-24 13:40:00,7456.75,7458.5,-10.75
MACD_Momentum(12/26/9),LONG,2026-06-24 13:40:00,2026-06-24 14:15:00,7458.5,7451.0,-39.5
MACD_Momentum(12/26/9),SHORT,2026-06-24 14:15:00,2026-06-24 14:30:00,7451.0,7461.0,-52.0
MACD_Momentum(12/26/9),LONG,2026-06-24 14:30:00,2026-06-24 15:50:00,7461.0,7483.25,109.25
MACD_Momentum(12/26/9),SHORT,2026-06-24 15:50:00,2026-06-24 18:15:00,7483.25,7424.75,290.5
MACD_Momentum(12/26/9),LONG,2026-06-24 18:15:00,2026-06-24 19:10:00,7424.75,7409.25,-79.5
MACD_Momentum(12/26/9),SHORT,2026-06-24 19:10:00,2026-06-24 19:30:00,7409.25,7416.0,-35.75
MACD_Momentum(12/26/9),LONG,2026-06-24 19:30:00,2026-06-24 22:25:00,7416.0,7471.25,274.25
MACD_Momentum(12/26/9),SHORT,2026-06-24 22:25:00,2026-06-25 01:40:00,7471.25,7463.75,35.5
MACD_Momentum(12/26/9),LONG,2026-06-25 01:40:00,2026-06-25 04:20:00,7463.75,7464.25,0.5
MACD_Momentum(12/26/9),SHORT,2026-06-25 04:20:00,2026-06-25 05:10:00,7464.25,7469.75,-29.5
MACD_Momentum(12/26/9),LONG,2026-06-25 05:10:00,2026-06-25 06:55:00,7469.75,7477.5,36.75
MACD_Momentum(12/26/9),SHORT,2026-06-25 06:55:00,2026-06-25 07:10:00,7477.5,7482.75,-28.25
MACD_Momentum(12/26/9),LONG,2026-06-25 07:10:00,2026-06-25 07:55:00,7482.75,7485.25,10.5
MACD_Momentum(12/26/9),SHORT,2026-06-25 07:55:00,2026-06-25 09:50:00,7485.25,7482.0,14.25
MACD_Momentum(12/26/9),LONG,2026-06-25 09:50:00,2026-06-25 11:00:00,7482.0,7483.75,6.75
MACD_Momentum(12/26/9),SHORT,2026-06-25 11:00:00,2026-06-25 11:05:00,7483.75,7485.5,-10.75
MACD_Momentum(12/26/9),LONG,2026-06-25 11:05:00,2026-06-25 11:10:00,7485.5,7482.0,-19.5
MACD_Momentum(12/26/9),SHORT,2026-06-25 11:10:00,2026-06-25 12:10:00,7482.0,7480.75,4.25
MACD_Momentum(12/26/9),LONG,2026-06-25 12:10:00,2026-06-25 12:20:00,7480.75,7476.0,-25.75
MACD_Momentum(12/26/9),SHORT,2026-06-25 12:20:00,2026-06-25 12:35:00,7476.0,7489.5,-69.5
MACD_Momentum(12/26/9),LONG,2026-06-25 12:35:00,2026-06-25 13:25:00,7489.5,7481.5,-42.0
MACD_Momentum(12/26/9),SHORT,2026-06-25 13:25:00,2026-06-25 13:30:00,7481.5,7485.75,-23.25
MACD_Momentum(12/26/9),LONG,2026-06-25 13:30:00,2026-06-25 13:35:00,7485.75,7469.5,-83.25
MACD_Momentum(12/26/9),SHORT,2026-06-25 13:35:00,2026-06-25 14:30:00,7469.5,7450.75,91.75
MACD_Momentum(12/26/9),LONG,2026-06-25 14:30:00,2026-06-25 15:15:00,7450.75,7426.0,-125.75
MACD_Momentum(12/26/9),SHORT,2026-06-25 15:15:00,2026-06-25 15:45:00,7426.0,7443.75,-90.75
MACD_Momentum(12/26/9),LONG,2026-06-25 15:45:00,2026-06-25 16:35:00,7443.75,7429.25,-74.5
MACD_Momentum(12/26/9),SHORT,2026-06-25 16:35:00,2026-06-25 17:30:00,7429.25,7427.75,5.5
MACD_Momentum(12/26/9),LONG,2026-06-25 17:30:00,2026-06-25 19:05:00,7427.75,7425.25,-14.5
MACD_Momentum(12/26/9),SHORT,2026-06-25 19:05:00,2026-06-25 20:05:00,7425.25,7440.5,-78.25
MACD_Momentum(12/26/9),LONG,2026-06-25 20:05:00,2026-06-25 22:00:00,7440.5,7431.0,-49.5
MACD_Momentum(12/26/9),SHORT,2026-06-25 22:00:00,2026-06-25 23:10:00,7431.0,7425.5,25.5
MACD_Momentum(12/26/9),LONG,2026-06-25 23:10:00,2026-06-25 23:50:00,7425.5,7423.0,-14.5
MACD_Momentum(12/26/9),SHORT,2026-06-25 23:50:00,2026-06-26 03:35:00,7423.0,7364.0,293.0
MACD_Momentum(12/26/9),LONG,2026-06-26 03:35:00,2026-06-26 08:05:00,7364.0,7405.0,203.0
MACD_Momentum(12/26/9),SHORT,2026-06-26 08:05:00,2026-06-26 09:50:00,7405.0,7393.75,54.25
MACD_Momentum(12/26/9),LONG,2026-06-26 09:50:00,2026-06-26 10:00:00,7393.75,7385.5,-43.25
MACD_Momentum(12/26/9),SHORT,2026-06-26 10:00:00,2026-06-26 10:30:00,7385.5,7386.25,-5.75
MACD_Momentum(12/26/9),LONG,2026-06-26 10:30:00,2026-06-26 11:55:00,7386.25,7378.75,-39.5
MACD_Momentum(12/26/9),SHORT,2026-06-26 11:55:00,2026-06-26 12:05:00,7378.75,7390.0,-58.25
MACD_Momentum(12/26/9),LONG,2026-06-26 12:05:00,2026-06-26 12:45:00,7390.0,7384.25,-30.75
MACD_Momentum(12/26/9),SHORT,2026-06-26 12:45:00,2026-06-26 13:55:00,7384.25,7386.0,-10.75
MACD_Momentum(12/26/9),LONG,2026-06-26 13:55:00,2026-06-26 15:15:00,7386.0,7414.5,140.5
MACD_Momentum(12/26/9),SHORT,2026-06-26 15:15:00,2026-06-26 15:30:00,7414.5,7440.5,-132.0
MACD_Momentum(12/26/9),LONG,2026-06-26 15:30:00,2026-06-26 16:10:00,7440.5,7436.0,-24.5
MACD_Momentum(12/26/9),SHORT,2026-06-26 16:10:00,2026-06-26 19:35:00,7436.0,7419.5,80.5
MACD_Momentum(12/26/9),LONG,2026-06-26 19:35:00,2026-06-26 20:00:00,7419.5,7379.75,-200.75
MACD_Momentum(12/26/9),SHORT,2026-06-26 20:00:00,2026-06-26 20:25:00,7379.75,7417.75,-192.0
MACD_Momentum(12/26/9),LONG,2026-06-26 20:25:00,2026-06-26 20:45:00,7417.75,7400.0,-90.75
MACD_Momentum(12/26/9),SHORT,2026-06-26 20:45:00,2026-06-28 22:15:00,7400.0,7435.25,-178.25
MACD_Momentum(12/26/9),LONG,2026-06-28 22:15:00,2026-06-29 00:00:00,7435.25,7447.5,59.25
MACD_Momentum(12/26/9),SHORT,2026-06-29 00:00:00,2026-06-29 01:40:00,7447.5,7438.5,43.0
MACD_Momentum(12/26/9),LONG,2026-06-29 01:40:00,2026-06-29 02:10:00,7438.5,7429.75,-45.75
MACD_Momentum(12/26/9),SHORT,2026-06-29 02:10:00,2026-06-29 02:30:00,7429.75,7440.0,-53.25
MACD_Momentum(12/26/9),LONG,2026-06-29 02:30:00,2026-06-29 03:40:00,7440.0,7436.5,-19.5
MACD_Momentum(12/26/9),SHORT,2026-06-29 03:40:00,2026-06-29 03:55:00,7436.5,7449.0,-64.5
MACD_Momentum(12/26/9),LONG,2026-06-29 03:55:00,2026-06-29 04:20:00,7449.0,7443.5,-29.5
MACD_Momentum(12/26/9),SHORT,2026-06-29 04:20:00,2026-06-29 05:35:00,7443.5,7449.0,-29.5
MACD_Momentum(12/26/9),LONG,2026-06-29 05:35:00,2026-06-29 06:20:00,7449.0,7447.5,-9.5
MACD_Momentum(12/26/9),SHORT,2026-06-29 06:20:00,2026-06-29 06:35:00,7447.5,7454.0,-34.5
MACD_Momentum(12/26/9),LONG,2026-06-29 06:35:00,2026-06-29 06:50:00,7454.0,7449.5,-24.5
MACD_Momentum(12/26/9),SHORT,2026-06-29 06:50:00,2026-06-29 07:40:00,7449.5,7452.5,-17.0
MACD_Momentum(12/26/9),LONG,2026-06-29 07:40:00,2026-06-29 08:55:00,7452.5,7453.0,0.5
MACD_Momentum(12/26/9),SHORT,2026-06-29 08:55:00,2026-06-29 10:10:00,7453.0,7460.5,-39.5
MACD_Momentum(12/26/9),LONG,2026-06-29 10:10:00,2026-06-29 10:20:00,7460.5,7455.25,-28.25
MACD_Momentum(12/26/9),SHORT,2026-06-29 10:20:00,2026-06-29 10:30:00,7455.25,7460.25,-27.0
MACD_Momentum(12/26/9),LONG,2026-06-29 10:30:00,2026-06-29 11:25:00,7460.25,7460.25,-2.0
MACD_Momentum(12/26/9),SHORT,2026-06-29 11:25:00,2026-06-29 13:20:00,7460.25,7466.75,-34.5
MACD_Momentum(12/26/9),LONG,2026-06-29 13:20:00,2026-06-29 13:25:00,7466.75,7459.5,-38.25
MACD_Momentum(12/26/9),SHORT,2026-06-29 13:25:00,2026-06-29 13:35:00,7459.5,7478.0,-94.5
MACD_Momentum(12/26/9),LONG,2026-06-29 13:35:00,2026-06-29 14:05:00,7478.0,7450.0,-142.0
MACD_Momentum(12/26/9),SHORT,2026-06-29 14:05:00,2026-06-29 14:45:00,7450.0,7459.75,-50.75
MACD_Momentum(12/26/9),LONG,2026-06-29 14:45:00,2026-06-29 16:40:00,7459.75,7474.5,71.75
MACD_Momentum(12/26/9),SHORT,2026-06-29 16:40:00,2026-06-29 17:05:00,7474.5,7480.75,-33.25
MACD_Momentum(12/26/9),LONG,2026-06-29 17:05:00,2026-06-29 18:15:00,7480.75,7495.75,73.0
MACD_Momentum(12/26/9),SHORT,2026-06-29 18:15:00,2026-06-29 23:05:00,7495.75,7495.5,-0.75
MACD_Momentum(12/26/9),LONG,2026-06-29 23:05:00,2026-06-29 23:50:00,7495.5,7493.75,-10.75
MACD_Momentum(12/26/9),SHORT,2026-06-29 23:50:00,2026-06-30 00:15:00,7493.75,7499.25,-29.5
MACD_Momentum(12/26/9),LONG,2026-06-30 00:15:00,2026-06-30 00:30:00,7499.25,7490.75,-44.5
MACD_Momentum(12/26/9),SHORT,2026-06-30 00:30:00,2026-06-30 01:30:00,7490.75,7499.0,-43.25
MACD_Momentum(12/26/9),LONG,2026-06-30 01:30:00,2026-06-30 02:20:00,7499.0,7490.25,-45.75
MACD_Momentum(12/26/9),SHORT,2026-06-30 02:20:00,2026-06-30 03:20:00,7490.25,7495.75,-29.5
MACD_Momentum(12/26/9),LONG,2026-06-30 03:20:00,2026-06-30 05:20:00,7495.75,7511.0,74.25
MACD_Momentum(12/26/9),SHORT,2026-06-30 05:20:00,2026-06-30 07:05:00,7511.0,7510.25,1.75
MACD_Momentum(12/26/9),LONG,2026-06-30 07:05:00,2026-06-30 07:15:00,7510.25,7505.75,-24.5
MACD_Momentum(12/26/9),SHORT,2026-06-30 07:15:00,2026-06-30 07:35:00,7505.75,7508.0,-13.25
MACD_Momentum(12/26/9),LONG,2026-06-30 07:35:00,2026-06-30 07:40:00,7508.0,7507.5,-4.5
MACD_Momentum(12/26/9),SHORT,2026-06-30 07:40:00,2026-06-30 08:30:00,7507.5,7508.5,-7.0
MACD_Momentum(12/26/9),LONG,2026-06-30 08:30:00,2026-06-30 08:35:00,7508.5,7502.5,-32.0
MACD_Momentum(12/26/9),SHORT,2026-06-30 08:35:00,2026-06-30 09:15:00,7502.5,7503.75,-8.25
MACD_Momentum(12/26/9),LONG,2026-06-30 09:15:00,2026-06-30 11:40:00,7503.75,7510.75,33.0
MACD_Momentum(12/26/9),SHORT,2026-06-30 11:40:00,2026-06-30 11:50:00,7510.75,7516.75,-32.0
MACD_Momentum(12/26/9),LONG,2026-06-30 11:50:00,2026-06-30 12:00:00,7516.75,7510.75,-32.0
MACD_Momentum(12/26/9),SHORT,2026-06-30 12:00:00,2026-06-30 13:35:00,7510.75,7500.25,50.5
MACD_Momentum(12/26/9),LONG,2026-06-30 13:35:00,2026-06-30 15:00:00,7500.25,7520.5,99.25
MACD_Momentum(12/26/9),SHORT,2026-06-30 15:00:00,2026-06-30 15:25:00,7520.5,7539.25,-95.75
MACD_Momentum(12/26/9),LONG,2026-06-30 15:25:00,2026-06-30 16:35:00,7539.25,7549.75,50.5
MACD_Momentum(12/26/9),SHORT,2026-06-30 16:35:00,2026-06-30 19:05:00,7549.75,7559.75,-52.0
MACD_Momentum(12/26/9),LONG,2026-06-30 19:05:00,2026-06-30 19:35:00,7559.75,7558.5,-8.25
MACD_Momentum(12/26/9),SHORT,2026-06-30 19:35:00,2026-06-30 22:10:00,7558.5,7547.0,55.5
MACD_Momentum(12/26/9),LONG,2026-06-30 22:10:00,2026-06-30 23:05:00,7547.0,7543.0,-22.0
MACD_Momentum(12/26/9),SHORT,2026-06-30 23:05:00,2026-06-30 23:10:00,7543.0,7545.0,-12.0
MACD_Momentum(12/26/9),LONG,2026-06-30 23:10:00,2026-07-01 01:05:00,7545.0,7540.0,-27.0
MACD_Momentum(12/26/9),SHORT,2026-07-01 01:05:00,2026-07-01 02:45:00,7540.0,7530.5,45.5
MACD_Momentum(12/26/9),LONG,2026-07-01 02:45:00,2026-07-01 05:30:00,7530.5,7528.25,-13.25
MACD_Momentum(12/26/9),SHORT,2026-07-01 05:30:00,2026-07-01 06:50:00,7528.25,7528.5,-3.25
MACD_Momentum(12/26/9),LONG,2026-07-01 06:50:00,2026-07-01 07:00:00,7528.5,7524.5,-22.0
MACD_Momentum(12/26/9),SHORT,2026-07-01 07:00:00,2026-07-01 07:50:00,7524.5,7522.0,10.5
MACD_Momentum(12/26/9),LONG,2026-07-01 07:50:00,2026-07-01 11:30:00,7522.0,7536.0,68.0
MACD_Momentum(12/26/9),SHORT,2026-07-01 11:30:00,2026-07-01 13:25:00,7536.0,7537.75,-10.75
MACD_Momentum(12/26/9),LONG,2026-07-01 13:25:00,2026-07-01 13:35:00,7537.75,7508.75,-147.0
MACD_Momentum(12/26/9),SHORT,2026-07-01 13:35:00,2026-07-01 14:00:00,7508.75,7536.75,-142.0
MACD_Momentum(12/26/9),LONG,2026-07-01 14:00:00,2026-07-01 16:00:00,7536.75,7572.5,176.75
MACD_Momentum(12/26/9),SHORT,2026-07-01 16:00:00,2026-07-01 19:10:00,7572.5,7561.0,55.5
MACD_Momentum(12/26/9),LONG,2026-07-01 19:10:00,2026-07-01 19:40:00,7561.0,7552.5,-44.5
MACD_Momentum(12/26/9),SHORT,2026-07-01 19:40:00,2026-07-01 22:05:00,7552.5,7533.75,91.75
MACD_Momentum(12/26/9),LONG,2026-07-01 22:05:00,2026-07-01 23:50:00,7533.75,7530.25,-19.5
MACD_Momentum(12/26/9),SHORT,2026-07-01 23:50:00,2026-07-02 00:30:00,7530.25,7536.5,-33.25
MACD_Momentum(12/26/9),LONG,2026-07-02 00:30:00,2026-07-02 02:30:00,7536.5,7554.75,89.25
MACD_Momentum(12/26/9),SHORT,2026-07-02 02:30:00,2026-07-02 05:10:00,7554.75,7553.0,6.75
MACD_Momentum(12/26/9),LONG,2026-07-02 05:10:00,2026-07-02 05:40:00,7553.0,7543.0,-52.0
MACD_Momentum(12/26/9),SHORT,2026-07-02 05:40:00,2026-07-02 07:40:00,7543.0,7528.5,70.5
MACD_Momentum(12/26/9),LONG,2026-07-02 07:40:00,2026-07-02 10:00:00,7528.5,7537.25,41.75
MACD_Momentum(12/26/9),SHORT,2026-07-02 10:00:00,2026-07-02 10:35:00,7537.25,7541.5,-23.25
MACD_Momentum(12/26/9),LONG,2026-07-02 10:35:00,2026-07-02 13:10:00,7541.5,7554.5,63.0
MACD_Momentum(12/26/9),SHORT,2026-07-02 13:10:00,2026-07-02 13:45:00,7554.5,7578.5,-122.0
MACD_Momentum(12/26/9),LONG,2026-07-02 13:45:00,2026-07-02 14:30:00,7578.5,7559.75,-95.75
MACD_Momentum(12/26/9),SHORT,2026-07-02 14:30:00,2026-07-02 17:35:00,7559.75,7493.75,328.0
MACD_Momentum(12/26/9),LONG,2026-07-02 17:35:00,2026-07-02 17:40:00,7493.75,7487.0,-35.75
MACD_Momentum(12/26/9),SHORT,2026-07-02 17:40:00,2026-07-02 17:45:00,7487.0,7490.75,-20.75
MACD_Momentum(12/26/9),LONG,2026-07-02 17:45:00,2026-07-02 19:25:00,7490.75,7494.75,18.0
MACD_Momentum(12/26/9),SHORT,2026-07-02 19:25:00,2026-07-02 19:30:00,7494.75,7502.5,-40.75
MACD_Momentum(12/26/9),LONG,2026-07-02 19:30:00,2026-07-02 20:55:00,7502.5,7521.0,90.5
MACD_Momentum(12/26/9),SHORT,2026-07-02 20:55:00,2026-07-02 22:05:00,7521.0,7527.0,-32.0
MACD_Momentum(12/26/9),LONG,2026-07-02 22:05:00,2026-07-02 23:05:00,7527.0,7533.75,31.75
MACD_Momentum(12/26/9),SHORT,2026-07-02 23:05:00,2026-07-03 01:10:00,7533.75,7547.5,-70.75
MACD_Momentum(12/26/9),LONG,2026-07-03 01:10:00,2026-07-03 02:20:00,7547.5,7549.5,8.0
MACD_Momentum(12/26/9),SHORT,2026-07-03 02:20:00,2026-07-05 22:15:00,7549.5,7557.5,-42.0
MACD_Momentum(12/26/9),LONG,2026-07-05 22:15:00,2026-07-05 23:30:00,7557.5,7565.25,36.75
MACD_Momentum(12/26/9),SHORT,2026-07-05 23:30:00,2026-07-06 03:10:00,7565.25,7545.0,99.25
MACD_Momentum(12/26/9),LONG,2026-07-06 03:10:00,2026-07-06 05:35:00,7545.0,7545.75,1.75
MACD_Momentum(12/26/9),SHORT,2026-07-06 05:35:00,2026-07-06 06:05:00,7545.75,7550.75,-27.0
MACD_Momentum(12/26/9),LONG,2026-07-06 06:05:00,2026-07-06 06:10:00,7550.75,7548.5,-13.25
MACD_Momentum(12/26/9),SHORT,2026-07-06 06:10:00,2026-07-06 06:35:00,7548.5,7553.25,-25.75
MACD_Momentum(12/26/9),LONG,2026-07-06 06:35:00,2026-07-06 08:25:00,7553.25,7561.75,40.5
MACD_Momentum(12/26/9),SHORT,2026-07-06 08:25:00,2026-07-06 10:00:00,7561.75,7565.0,-18.25
MACD_Momentum(12/26/9),LONG,2026-07-06 10:00:00,2026-07-06 10:10:00,7565.0,7560.75,-23.25
MACD_Momentum(12/26/9),SHORT,2026-07-06 10:10:00,2026-07-06 10:15:00,7560.75,7564.75,-22.0
MACD_Momentum(12/26/9),LONG,2026-07-06 10:15:00,2026-07-06 10:45:00,7564.75,7560.75,-22.0
MACD_Momentum(12/26/9),SHORT,2026-07-06 10:45:00,2026-07-06 12:10:00,7560.75,7563.0,-13.25
MACD_Momentum(12/26/9),LONG,2026-07-06 12:10:00,2026-07-06 12:25:00,7563.0,7556.25,-35.75
MACD_Momentum(12/26/9),SHORT,2026-07-06 12:25:00,2026-07-06 12:55:00,7556.25,7562.75,-34.5
MACD_Momentum(12/26/9),LONG,2026-07-06 12:55:00,2026-07-06 13:10:00,7562.75,7556.5,-33.25
MACD_Momentum(12/26/9),SHORT,2026-07-06 13:10:00,2026-07-06 13:35:00,7556.5,7570.0,-69.5
MACD_Momentum(12/26/9),LONG,2026-07-06 13:35:00,2026-07-06 16:05:00,7570.0,7587.0,83.0
MACD_Momentum(12/26/9),SHORT,2026-07-06 16:05:00,2026-07-06 18:20:00,7587.0,7592.5,-29.5
MACD_Momentum(12/26/9),LONG,2026-07-06 18:20:00,2026-07-06 19:50:00,7592.5,7597.75,24.25
MACD_Momentum(12/26/9),SHORT,2026-07-06 19:50:00,2026-07-06 22:15:00,7597.75,7599.5,-10.75
MACD_Momentum(12/26/9),LONG,2026-07-06 22:15:00,2026-07-06 22:50:00,7599.5,7596.25,-18.25
MACD_Momentum(12/26/9),SHORT,2026-07-06 22:50:00,2026-07-07 00:25:00,7596.25,7593.25,13.0
MACD_Momentum(12/26/9),LONG,2026-07-07 00:25:00,2026-07-07 00:40:00,7593.25,7585.25,-42.0
MACD_Momentum(12/26/9),SHORT,2026-07-07 00:40:00,2026-07-07 00:55:00,7585.25,7588.75,-19.5
MACD_Momentum(12/26/9),LONG,2026-07-07 00:55:00,2026-07-07 01:00:00,7588.75,7585.25,-19.5
MACD_Momentum(12/26/9),SHORT,2026-07-07 01:00:00,2026-07-07 01:45:00,7585.25,7586.0,-5.75
MACD_Momentum(12/26/9),LONG,2026-07-07 01:45:00,2026-07-07 02:35:00,7586.0,7580.25,-30.75
MACD_Momentum(12/26/9),SHORT,2026-07-07 02:35:00,2026-07-07 03:10:00,7580.25,7582.75,-14.5
MACD_Momentum(12/26/9),LONG,2026-07-07 03:10:00,2026-07-07 03:15:00,7582.75,7579.75,-17.0
MACD_Momentum(12/26/9),SHORT,2026-07-07 03:15:00,2026-07-07 05:30:00,7579.75,7566.0,66.75
MACD_Momentum(12/26/9),LONG,2026-07-07 05:30:00,2026-07-07 07:55:00,7566.0,7574.0,38.0
MACD_Momentum(12/26/9),SHORT,2026-07-07 07:55:00,2026-07-07 08:20:00,7574.0,7579.5,-29.5
MACD_Momentum(12/26/9),LONG,2026-07-07 08:20:00,2026-07-07 09:05:00,7579.5,7579.5,-2.0
MACD_Momentum(12/26/9),SHORT,2026-07-07 09:05:00,2026-07-07 09:15:00,7579.5,7582.5,-17.0
MACD_Momentum(12/26/9),LONG,2026-07-07 09:15:00,2026-07-07 09:30:00,7582.5,7580.25,-13.25
MACD_Momentum(12/26/9),SHORT,2026-07-07 09:30:00,2026-07-07 12:00:00,7580.25,7579.0,4.25
MACD_Momentum(12/26/9),LONG,2026-07-07 12:00:00,2026-07-07 13:05:00,7579.0,7577.5,-9.5
MACD_Momentum(12/26/9),SHORT,2026-07-07 13:05:00,2026-07-07 15:25:00,7577.5,7536.25,204.25
MACD_Momentum(12/26/9),LONG,2026-07-07 15:25:00,2026-07-07 17:50:00,7536.25,7566.25,148.0
MACD_Momentum(12/26/9),SHORT,2026-07-07 17:50:00,2026-07-07 20:00:00,7566.25,7553.0,64.25
MACD_Momentum(12/26/9),LONG,2026-07-07 20:00:00,2026-07-07 22:10:00,7553.0,7545.0,-42.0
MACD_Momentum(12/26/9),SHORT,2026-07-07 22:10:00,2026-07-07 22:35:00,7545.0,7547.75,-15.75
MACD_Momentum(12/26/9),LONG,2026-07-07 22:35:00,2026-07-07 22:45:00,7547.75,7545.5,-13.25
MACD_Momentum(12/26/9),SHORT,2026-07-07 22:45:00,2026-07-07 22:50:00,7545.5,7547.25,-10.75
MACD_Momentum(12/26/9),LONG,2026-07-07 22:50:00,2026-07-07 23:50:00,7547.25,7543.5,-20.75
MACD_Momentum(12/26/9),SHORT,2026-07-07 23:50:00,2026-07-08 00:15:00,7543.5,7547.5,-22.0
MACD_Momentum(12/26/9),LONG,2026-07-08 00:15:00,2026-07-08 01:35:00,7547.5,7555.25,36.75
MACD_Momentum(12/26/9),SHORT,2026-07-08 01:35:00,2026-07-08 02:55:00,7555.25,7553.75,5.5
MACD_Momentum(12/26/9),LONG,2026-07-08 02:55:00,2026-07-08 04:05:00,7553.75,7553.75,-2.0
MACD_Momentum(12/26/9),SHORT,2026-07-08 04:05:00,2026-07-08 07:00:00,7553.75,7539.25,70.5
MACD_Momentum(12/26/9),LONG,2026-07-08 07:00:00,2026-07-08 07:05:00,7539.25,7535.0,-23.25
MACD_Momentum(12/26/9),SHORT,2026-07-08 07:05:00,2026-07-08 07:25:00,7535.0,7539.5,-24.5
MACD_Momentum(12/26/9),LONG,2026-07-08 07:25:00,2026-07-08 08:20:00,7539.5,7521.25,-93.25
MACD_Momentum(12/26/9),SHORT,2026-07-08 08:20:00,2026-07-08 09:40:00,7521.25,7479.25,208.0
MACD_Momentum(12/26/9),LONG,2026-07-08 09:40:00,2026-07-08 13:10:00,7479.25,7510.0,151.75
MACD_Momentum(12/26/9),SHORT,2026-07-08 13:10:00,2026-07-08 16:05:00,7510.0,7487.0,113.0
MACD_Momentum(12/26/9),LONG,2026-07-08 16:05:00,2026-07-08 17:55:00,7487.0,7519.5,160.5
MACD_Momentum(12/26/9),SHORT,2026-07-08 17:55:00,2026-07-08 22:15:00,7519.5,7520.5,-7.0
MACD_Momentum(12/26/9),LONG,2026-07-08 22:15:00,2026-07-09 01:05:00,7520.5,7529.25,41.75
MACD_Momentum(12/26/9),SHORT,2026-07-09 01:05:00,2026-07-09 01:10:00,7529.25,7535.25,-32.0
MACD_Momentum(12/26/9),LONG,2026-07-09 01:10:00,2026-07-09 01:15:00,7535.25,7533.0,-13.25
MACD_Momentum(12/26/9),SHORT,2026-07-09 01:15:00,2026-07-09 01:20:00,7533.0,7535.25,-13.25
MACD_Momentum(12/26/9),LONG,2026-07-09 01:20:00,2026-07-09 01:25:00,7535.25,7533.25,-12.0
MACD_Momentum(12/26/9),SHORT,2026-07-09 01:25:00,2026-07-09 01:50:00,7533.25,7537.75,-24.5
MACD_Momentum(12/26/9),LONG,2026-07-09 01:50:00,2026-07-09 01:55:00,7537.75,7531.25,-34.5
MACD_Momentum(12/26/9),SHORT,2026-07-09 01:55:00,2026-07-09 02:20:00,7531.25,7540.0,-45.75
MACD_Momentum(12/26/9),LONG,2026-07-09 02:20:00,2026-07-09 02:40:00,7540.0,7535.75,-23.25
MACD_Momentum(12/26/9),SHORT,2026-07-09 02:40:00,2026-07-09 03:35:00,7535.75,7537.5,-10.75
MACD_Momentum(12/26/9),LONG,2026-07-09 03:35:00,2026-07-09 05:25:00,7537.5,7541.5,18.0
MACD_Momentum(12/26/9),SHORT,2026-07-09 05:25:00,2026-07-09 05:50:00,7541.5,7548.25,-35.75
MACD_Momentum(12/26/9),LONG,2026-07-09 05:50:00,2026-07-09 06:40:00,7548.25,7550.25,8.0
MACD_Momentum(12/26/9),SHORT,2026-07-09 06:40:00,2026-07-09 07:50:00,7550.25,7556.25,-32.0
MACD_Momentum(12/26/9),LONG,2026-07-09 07:50:00,2026-07-09 08:00:00,7556.25,7553.5,-15.75
MACD_Momentum(12/26/9),SHORT,2026-07-09 08:00:00,2026-07-09 08:05:00,7553.5,7555.75,-13.25
MACD_Momentum(12/26/9),LONG,2026-07-09 08:05:00,2026-07-09 08:15:00,7555.75,7552.75,-17.0
MACD_Momentum(12/26/9),SHORT,2026-07-09 08:15:00,2026-07-09 10:10:00,7552.75,7541.0,56.75
MACD_Momentum(12/26/9),LONG,2026-07-09 10:10:00,2026-07-09 10:50:00,7541.0,7533.25,-40.75
MACD_Momentum(12/26/9),SHORT,2026-07-09 10:50:00,2026-07-09 11:25:00,7533.25,7535.75,-14.5
MACD_Momentum(12/26/9),LONG,2026-07-09 11:25:00,2026-07-09 13:00:00,7535.75,7544.75,43.0
MACD_Momentum(12/26/9),SHORT,2026-07-09 13:00:00,2026-07-09 13:40:00,7544.75,7555.0,-53.25
MACD_Momentum(12/26/9),LONG,2026-07-09 13:40:00,2026-07-09 14:15:00,7555.0,7549.5,-29.5
MACD_Momentum(12/26/9),SHORT,2026-07-09 14:15:00,2026-07-09 15:00:00,7549.5,7562.0,-64.5
MACD_Momentum(12/26/9),LONG,2026-07-09 15:00:00,2026-07-09 16:40:00,7562.0,7581.25,94.25
MACD_Momentum(12/26/9),SHORT,2026-07-09 16:40:00,2026-07-09 17:20:00,7581.25,7590.75,-49.5
MACD_Momentum(12/26/9),LONG,2026-07-09 17:20:00,2026-07-09 17:55:00,7590.75,7592.5,6.75
MACD_Momentum(12/26/9),SHORT,2026-07-09 17:55:00,2026-07-09 20:00:00,7592.5,7590.5,8.0
MACD_Momentum(12/26/9),LONG,2026-07-09 20:00:00,2026-07-09 20:45:00,7590.5,7587.75,-15.75
MACD_Momentum(12/26/9),SHORT,2026-07-09 20:45:00,2026-07-09 23:00:00,7587.75,7586.75,3.0
MACD_Momentum(12/26/9),LONG,2026-07-09 23:00:00,2026-07-10 00:05:00,7586.75,7585.0,-10.75
MACD_Momentum(12/26/9),SHORT,2026-07-10 00:05:00,2026-07-10 01:25:00,7585.0,7579.75,24.25
MACD_Momentum(12/26/9),LONG,2026-07-10 01:25:00,2026-07-10 03:40:00,7579.75,7582.75,13.0
MACD_Momentum(12/26/9),SHORT,2026-07-10 03:40:00,2026-07-10 06:05:00,7582.75,7579.0,16.75
MACD_Momentum(12/26/9),LONG,2026-07-10 06:05:00,2026-07-10 06:20:00,7579.0,7575.75,-18.25
MACD_Momentum(12/26/9),SHORT,2026-07-10 06:20:00,2026-07-10 07:00:00,7575.75,7574.0,6.75
MACD_Momentum(12/26/9),LONG,2026-07-10 07:00:00,2026-07-10 07:55:00,7574.0,7570.75,-18.25
MACD_Momentum(12/26/9),SHORT,2026-07-10 07:55:00,2026-07-10 08:15:00,7570.75,7578.5,-40.75
MACD_Momentum(12/26/9),LONG,2026-07-10 08:15:00,2026-07-10 09:00:00,7578.5,7574.25,-23.25
MACD_Momentum(12/26/9),SHORT,2026-07-10 09:00:00,2026-07-10 09:05:00,7574.25,7576.5,-13.25
MACD_Momentum(12/26/9),LONG,2026-07-10 09:05:00,2026-07-10 11:30:00,7576.5,7586.75,49.25
MACD_Momentum(12/26/9),SHORT,2026-07-10 11:30:00,2026-07-10 12:30:00,7586.75,7587.75,-7.0
MACD_Momentum(12/26/9),LONG,2026-07-10 12:30:00,2026-07-10 14:30:00,7587.75,7597.75,48.0
MACD_Momentum(12/26/9),SHORT,2026-07-10 14:30:00,2026-07-10 15:25:00,7597.75,7603.0,-28.25
MACD_Momentum(12/26/9),LONG,2026-07-10 15:25:00,2026-07-10 18:00:00,7603.0,7612.75,46.75
MACD_Momentum(12/26/9),SHORT,2026-07-10 18:00:00,2026-07-10 19:05:00,7612.75,7623.5,-55.75
MACD_Momentum(12/26/9),LONG,2026-07-10 19:05:00,2026-07-10 19:35:00,7623.5,7622.75,-5.75
MACD_Momentum(12/26/9),SHORT,2026-07-10 19:35:00,2026-07-10 20:55:00,7622.75,7627.25,-24.5
MACD_Momentum(12/26/9),LONG,2026-07-10 20:55:00,2026-07-12 22:10:00,7627.25,7600.0,-138.25
MACD_Momentum(12/26/9),SHORT,2026-07-12 22:10:00,2026-07-12 23:25:00,7600.0,7597.25,11.75
MACD_Momentum(12/26/9),LONG,2026-07-12 23:25:00,2026-07-13 00:55:00,7597.25,7595.75,-9.5
MACD_Momentum(12/26/9),SHORT,2026-07-13 00:55:00,2026-07-13 02:25:00,7595.75,7593.0,11.75
MACD_Momentum(12/26/9),LONG,2026-07-13 02:25:00,2026-07-13 03:00:00,7593.0,7586.25,-35.75
MACD_Momentum(12/26/9),SHORT,2026-07-13 03:00:00,2026-07-13 03:40:00,7586.25,7585.25,3.0
MACD_Momentum(12/26/9),LONG,2026-07-13 03:40:00,2026-07-13 04:10:00,7585.25,7580.0,-28.25
MACD_Momentum(12/26/9),SHORT,2026-07-13 04:10:00,2026-07-13 04:25:00,7580.0,7581.5,-9.5
MACD_Momentum(12/26/9),LONG,2026-07-13 04:25:00,2026-07-13 04:40:00,7581.5,7578.25,-18.25
MACD_Momentum(12/26/9),SHORT,2026-07-13 04:40:00,2026-07-13 05:10:00,7578.25,7581.0,-15.75
MACD_Momentum(12/26/9),LONG,2026-07-13 05:10:00,2026-07-13 05:30:00,7581.0,7571.5,-49.5
MACD_Momentum(12/26/9),SHORT,2026-07-13 05:30:00,2026-07-13 05:40:00,7571.5,7577.25,-30.75
MACD_Momentum(12/26/9),LONG,2026-07-13 05:40:00,2026-07-13 05:50:00,7577.25,7574.0,-18.25
MACD_Momentum(12/26/9),SHORT,2026-07-13 05:50:00,2026-07-13 05:55:00,7574.0,7574.25,-3.25
MACD_Momentum(12/26/9),LONG,2026-07-13 05:55:00,2026-07-13 09:10:00,7574.25,7596.75,110.5
MACD_Momentum(12/26/9),SHORT,2026-07-13 09:10:00,2026-07-13 09:25:00,7596.75,7601.0,-23.25
MACD_Momentum(12/26/9),LONG,2026-07-13 09:25:00,2026-07-13 09:55:00,7601.0,7601.0,-2.0
MACD_Momentum(12/26/9),SHORT,2026-07-13 09:55:00,2026-07-13 12:55:00,7601.0,7594.5,30.5
MACD_Momentum(12/26/9),LONG,2026-07-13 12:55:00,2026-07-13 14:20:00,7594.5,7590.0,-24.5
MACD_Momentum(12/26/9),SHORT,2026-07-13 14:20:00,2026-07-13 17:15:00,7590.0,7572.0,88.0
MACD_Momentum(12/26/9),LONG,2026-07-13 17:15:00,2026-07-13 19:25:00,7572.0,7560.5,-59.5
MACD_Momentum(12/26/9),SHORT,2026-07-13 19:25:00,2026-07-13 19:55:00,7560.5,7562.5,-12.0
MACD_Momentum(12/26/9),LONG,2026-07-13 19:55:00,2026-07-13 20:20:00,7562.5,7553.25,-48.25
MACD_Momentum(12/26/9),SHORT,2026-07-13 20:20:00,2026-07-13 22:05:00,7553.25,7558.75,-29.5
MACD_Momentum(12/26/9),LONG,2026-07-13 22:05:00,2026-07-13 23:05:00,7558.75,7548.0,-55.75
MACD_Momentum(12/26/9),SHORT,2026-07-13 23:05:00,2026-07-14 00:00:00,7548.0,7553.5,-29.5
MACD_Momentum(12/26/9),LONG,2026-07-14 00:00:00,2026-07-14 01:45:00,7553.5,7551.5,-12.0
MACD_Momentum(12/26/9),SHORT,2026-07-14 01:45:00,2026-07-14 03:50:00,7551.5,7538.75,61.75
MACD_Momentum(12/26/9),LONG,2026-07-14 03:50:00,2026-07-14 06:25:00,7538.75,7570.0,154.25
MACD_Momentum(12/26/9),SHORT,2026-07-14 06:25:00,2026-07-14 08:30:00,7570.0,7562.5,35.5
MACD_Momentum(12/26/9),LONG,2026-07-14 08:30:00,2026-07-14 08:50:00,7562.5,7554.75,-40.75
MACD_Momentum(12/26/9),SHORT,2026-07-14 08:50:00,2026-07-14 09:15:00,7554.75,7562.75,-42.0
MACD_Momentum(12/26/9),LONG,2026-07-14 09:15:00,2026-07-14 09:30:00,7562.75,7554.25,-44.5
MACD_Momentum(12/26/9),SHORT,2026-07-14 09:30:00,2026-07-14 09:50:00,7554.25,7561.25,-37.0
MACD_Momentum(12/26/9),LONG,2026-07-14 09:50:00,2026-07-14 10:35:00,7561.25,7556.5,-25.75
MACD_Momentum(12/26/9),SHORT,2026-07-14 10:35:00,2026-07-14 10:40:00,7556.5,7560.75,-23.25
MACD_Momentum(12/26/9),LONG,2026-07-14 10:40:00,2026-07-14 10:55:00,7560.75,7556.0,-25.75
MACD_Momentum(12/26/9),SHORT,2026-07-14 10:55:00,2026-07-14 11:25:00,7556.0,7561.75,-30.75
MACD_Momentum(12/26/9),LONG,2026-07-14 11:25:00,2026-07-14 12:05:00,7561.75,7549.0,-65.75
MACD_Momentum(12/26/9),SHORT,2026-07-14 12:05:00,2026-07-14 12:30:00,7549.0,7561.0,-62.0
MACD_Momentum(12/26/9),LONG,2026-07-14 12:30:00,2026-07-14 13:35:00,7561.0,7566.25,24.25
MACD_Momentum(12/26/9),SHORT,2026-07-14 13:35:00,2026-07-14 14:40:00,7566.25,7589.75,-119.5
MACD_Momentum(12/26/9),LONG,2026-07-14 14:40:00,2026-07-14 14:50:00,7589.75,7579.25,-54.5
MACD_Momentum(12/26/9),SHORT,2026-07-14 14:50:00,2026-07-14 14:55:00,7579.25,7586.75,-39.5
MACD_Momentum(12/26/9),LONG,2026-07-14 14:55:00,2026-07-14 15:40:00,7586.75,7589.0,9.25
MACD_Momentum(12/26/9),SHORT,2026-07-14 15:40:00,2026-07-14 16:50:00,7589.0,7584.5,20.5
MACD_Momentum(12/26/9),LONG,2026-07-14 16:50:00,2026-07-14 18:35:00,7584.5,7594.75,49.25
MACD_Momentum(12/26/9),SHORT,2026-07-14 18:35:00,2026-07-14 22:00:00,7594.75,7589.75,23.0
MACD_Momentum(12/26/9),LONG,2026-07-14 22:00:00,2026-07-14 22:15:00,7589.75,7584.25,-29.5
MACD_Momentum(12/26/9),SHORT,2026-07-14 22:15:00,2026-07-14 22:25:00,7584.25,7591.75,-39.5
MACD_Momentum(12/26/9),LONG,2026-07-14 22:25:00,2026-07-15 00:35:00,7591.75,7599.75,38.0
MACD_Momentum(12/26/9),SHORT,2026-07-15 00:35:00,2026-07-15 01:40:00,7599.75,7602.75,-17.0
MACD_Momentum(12/26/9),LONG,2026-07-15 01:40:00,2026-07-15 01:45:00,7602.75,7597.75,-27.0
MACD_Momentum(12/26/9),SHORT,2026-07-15 01:45:00,2026-07-15 02:00:00,7597.75,7604.5,-35.75
MACD_Momentum(12/26/9),LONG,2026-07-15 02:00:00,2026-07-15 03:00:00,7604.5,7603.25,-8.25
MACD_Momentum(12/26/9),SHORT,2026-07-15 03:00:00,2026-07-15 03:50:00,7603.25,7607.25,-22.0
MACD_Momentum(12/26/9),LONG,2026-07-15 03:50:00,2026-07-15 04:35:00,7607.25,7606.5,-5.75
MACD_Momentum(12/26/9),SHORT,2026-07-15 04:35:00,2026-07-15 06:00:00,7606.5,7609.25,-15.75
MACD_Momentum(12/26/9),LONG,2026-07-15 06:00:00,2026-07-15 06:45:00,7609.25,7607.5,-10.75
MACD_Momentum(12/26/9),SHORT,2026-07-15 06:45:00,2026-07-15 08:40:00,7607.5,7603.75,16.75
MACD_Momentum(12/26/9),LONG,2026-07-15 08:40:00,2026-07-15 09:55:00,7603.75,7605.25,5.5
MACD_Momentum(12/26/9),SHORT,2026-07-15 09:55:00,2026-07-15 11:35:00,7605.25,7600.75,20.5
MACD_Momentum(12/26/9),LONG,2026-07-15 11:35:00,2026-07-15 11:55:00,7600.75,7599.0,-10.75
MACD_Momentum(12/26/9),SHORT,2026-07-15 11:55:00,2026-07-15 12:00:00,7599.0,7600.0,-7.0
MACD_Momentum(12/26/9),LONG,2026-07-15 12:00:00,2026-07-15 12:05:00,7600.0,7597.75,-13.25
MACD_Momentum(12/26/9),SHORT,2026-07-15 12:05:00,2026-07-15 12:35:00,7597.75,7605.0,-38.25
MACD_Momentum(12/26/9),LONG,2026-07-15 12:35:00,2026-07-15 13:55:00,7605.0,7610.5,25.5
MACD_Momentum(12/26/9),SHORT,2026-07-15 13:55:00,2026-07-15 14:05:00,7610.5,7618.0,-39.5
MACD_Momentum(12/26/9),LONG,2026-07-15 14:05:00,2026-07-15 14:25:00,7618.0,7607.75,-53.25
MACD_Momentum(12/26/9),SHORT,2026-07-15 14:25:00,2026-07-15 17:00:00,7607.75,7587.0,101.75
MACD_Momentum(12/26/9),LONG,2026-07-15 17:00:00,2026-07-15 18:50:00,7587.0,7606.5,95.5
MACD_Momentum(12/26/9),SHORT,2026-07-15 18:50:00,2026-07-15 20:00:00,7606.5,7616.75,-53.25
MACD_Momentum(12/26/9),LONG,2026-07-15 20:00:00,2026-07-15 20:55:00,7616.75,7615.75,-7.0
MACD_Momentum(12/26/9),SHORT,2026-07-15 20:55:00,2026-07-15 22:05:00,7615.75,7620.75,-27.0
MACD_Momentum(12/26/9),LONG,2026-07-15 22:05:00,2026-07-15 22:25:00,7620.75,7616.75,-22.0
MACD_Momentum(12/26/9),SHORT,2026-07-15 22:25:00,2026-07-15 23:35:00,7616.75,7621.75,-27.0
MACD_Momentum(12/26/9),LONG,2026-07-15 23:35:00,2026-07-15 23:50:00,7621.75,7614.75,-37.0
MACD_Momentum(12/26/9),SHORT,2026-07-15 23:50:00,2026-07-16 00:10:00,7614.75,7624.0,-48.25
MACD_Momentum(12/26/9),LONG,2026-07-16 00:10:00,2026-07-16 00:30:00,7624.0,7619.25,-25.75
MACD_Momentum(12/26/9),SHORT,2026-07-16 00:30:00,2026-07-16 01:55:00,7619.25,7617.0,9.25
MACD_Momentum(12/26/9),LONG,2026-07-16 01:55:00,2026-07-16 02:05:00,7617.0,7611.75,-28.25
MACD_Momentum(12/26/9),SHORT,2026-07-16 02:05:00,2026-07-16 02:20:00,7611.75,7616.0,-23.25
MACD_Momentum(12/26/9),LONG,2026-07-16 02:20:00,2026-07-16 04:25:00,7616.0,7623.75,36.75
MACD_Momentum(12/26/9),SHORT,2026-07-16 04:25:00,2026-07-16 05:15:00,7623.75,7626.75,-17.0
MACD_Momentum(12/26/9),LONG,2026-07-16 05:15:00,2026-07-16 05:40:00,7626.75,7618.0,-45.75
MACD_Momentum(12/26/9),SHORT,2026-07-16 05:40:00,2026-07-16 08:40:00,7618.0,7604.75,64.25
MACD_Momentum(12/26/9),LONG,2026-07-16 08:40:00,2026-07-16 09:55:00,7604.75,7606.75,8.0
MACD_Momentum(12/26/9),SHORT,2026-07-16 09:55:00,2026-07-16 13:05:00,7606.75,7591.75,73.0
MACD_Momentum(12/26/9),LONG,2026-07-16 13:05:00,2026-07-16 13:45:00,7591.75,7581.75,-52.0
MACD_Momentum(12/26/9),SHORT,2026-07-16 13:45:00,2026-07-16 14:05:00,7581.75,7596.25,-74.5
MACD_Momentum(12/26/9),LONG,2026-07-16 14:05:00,2026-07-16 15:15:00,7596.25,7602.5,29.25
MACD_Momentum(12/26/9),SHORT,2026-07-16 15:15:00,2026-07-16 15:40:00,7602.5,7612.0,-49.5
MACD_Momentum(12/26/9),LONG,2026-07-16 15:40:00,2026-07-16 15:45:00,7612.0,7605.5,-34.5
MACD_Momentum(12/26/9),SHORT,2026-07-16 15:45:00,2026-07-16 17:05:00,7605.5,7595.25,49.25
MACD_Momentum(12/26/9),LONG,2026-07-16 17:05:00,2026-07-16 17:40:00,7595.25,7585.25,-52.0
MACD_Momentum(12/26/9),SHORT,2026-07-16 17:40:00,2026-07-16 20:00:00,7585.25,7577.25,38.0
MACD_Momentum(12/26/9),LONG,2026-07-16 20:00:00,2026-07-16 22:50:00,7577.25,7565.5,-60.75
MACD_Momentum(12/26/9),SHORT,2026-07-16 22:50:00,2026-07-17 01:00:00,7565.5,7552.25,64.25
MACD_Momentum(12/26/9),LONG,2026-07-17 01:00:00,2026-07-17 01:15:00,7552.25,7546.0,-33.25
MACD_Momentum(12/26/9),SHORT,2026-07-17 01:15:00,2026-07-17 03:00:00,7546.0,7530.25,76.75
MACD_Momentum(12/26/9),LONG,2026-07-17 03:00:00,2026-07-17 04:05:00,7530.25,7521.0,-48.25
MACD_Momentum(12/26/9),SHORT,2026-07-17 04:05:00,2026-07-17 05:05:00,7521.0,7515.25,26.75
MACD_Momentum(12/26/9),LONG,2026-07-17 05:05:00,2026-07-17 08:00:00,7515.25,7511.75,-19.5
MACD_Momentum(12/26/9),SHORT,2026-07-17 08:00:00,2026-07-17 08:05:00,7511.75,7514.75,-17.0
MACD_Momentum(12/26/9),LONG,2026-07-17 08:05:00,2026-07-17 08:10:00,7514.75,7512.25,-14.5
MACD_Momentum(12/26/9),SHORT,2026-07-17 08:10:00,2026-07-17 09:10:00,7512.25,7499.5,61.75
MACD_Momentum(12/26/9),LONG,2026-07-17 09:10:00,2026-07-17 11:15:00,7499.5,7513.0,65.5
MACD_Momentum(12/26/9),SHORT,2026-07-17 11:15:00,2026-07-17 12:00:00,7513.0,7518.75,-30.75
MACD_Momentum(12/26/9),LONG,2026-07-17 12:00:00,2026-07-17 12:05:00,7518.75,7513.25,-29.5
MACD_Momentum(12/26/9),SHORT,2026-07-17 12:05:00,2026-07-17 13:55:00,7513.25,7504.5,41.75
MACD_Momentum(12/26/9),LONG,2026-07-17 13:55:00,2026-07-17 15:05:00,7504.5,7507.75,14.25
MACD_Momentum(12/26/9),SHORT,2026-07-17 15:05:00,2026-07-17 15:55:00,7507.75,7526.5,-95.75
MACD_Momentum(12/26/9),LONG,2026-07-17 15:55:00,2026-07-17 16:25:00,7526.5,7518.0,-44.5
MACD_Momentum(12/26/9),SHORT,2026-07-17 16:25:00,2026-07-17 16:50:00,7518.0,7534.5,-84.5
MACD_Momentum(12/26/9),LONG,2026-07-17 16:50:00,2026-07-17 17:20:00,7534.5,7528.75,-30.75
MACD_Momentum(12/26/9),SHORT,2026-07-17 17:20:00,2026-07-17 19:00:00,7528.75,7508.75,98.0
MACD_Momentum(12/26/9),LONG,2026-07-17 19:00:00,2026-07-17 19:10:00,7508.75,7499.5,-48.25
MACD_Momentum(12/26/9),SHORT,2026-07-17 19:10:00,2026-07-17 19:45:00,7499.5,7500.0,-4.5
MACD_Momentum(12/26/9),LONG,2026-07-17 19:45:00,2026-07-17 20:15:00,7500.0,7488.75,-58.25
MACD_Momentum(12/26/9),SHORT,2026-07-17 20:15:00,2026-07-17 20:30:00,7488.75,7493.0,-23.25
MACD_Momentum(12/26/9),LONG,2026-07-17 20:30:00,2026-07-20 00:50:00,7493.0,7505.25,59.25
MACD_Momentum(12/26/9),SHORT,2026-07-20 00:50:00,2026-07-20 02:40:00,7505.25,7502.5,11.75
MACD_Momentum(12/26/9),LONG,2026-07-20 02:40:00,2026-07-20 04:10:00,7502.5,7504.0,5.5
MACD_Momentum(12/26/9),SHORT,2026-07-20 04:10:00,2026-07-20 04:40:00,7504.0,7510.5,-34.5
MACD_Momentum(12/26/9),LONG,2026-07-20 04:40:00,2026-07-20 05:10:00,7510.5,7503.75,-35.75
MACD_Momentum(12/26/9),SHORT,2026-07-20 05:10:00,2026-07-20 06:55:00,7503.75,7496.5,34.25
MACD_Momentum(12/26/9),LONG,2026-07-20 06:55:00,2026-07-20 08:40:00,7496.5,7515.0,90.5
MACD_Momentum(12/26/9),SHORT,2026-07-20 08:40:00,2026-07-20 09:45:00,7515.0,7520.5,-29.5
MACD_Momentum(12/26/9),LONG,2026-07-20 09:45:00,2026-07-20 10:15:00,7520.5,7518.25,-13.25
MACD_Momentum(12/26/9),SHORT,2026-07-20 10:15:00,2026-07-20 11:05:00,7518.25,7525.75,-39.5
MACD_Momentum(12/26/9),LONG,2026-07-20 11:05:00,2026-07-20 11:30:00,7525.75,7523.5,-13.25
MACD_Momentum(12/26/9),SHORT,2026-07-20 11:30:00,2026-07-20 11:35:00,7523.5,7541.0,-89.5
MACD_Momentum(12/26/9),LONG,2026-07-20 11:35:00,2026-07-20 12:05:00,7541.0,7525.0,-82.0
MACD_Momentum(12/26/9),SHORT,2026-07-20 12:05:00,2026-07-20 13:30:00,7525.0,7534.5,-49.5
MACD_Momentum(12/26/9),LONG,2026-07-20 13:30:00,2026-07-20 14:00:00,7534.5,7520.75,-70.75
MACD_Momentum(12/26/9),SHORT,2026-07-20 14:00:00,2026-07-20 15:20:00,7520.75,7516.5,19.25
MACD_Momentum(12/26/9),LONG,2026-07-20 15:20:00,2026-07-20 16:45:00,7516.5,7517.75,4.25
MACD_Momentum(12/26/9),SHORT,2026-07-20 16:45:00,2026-07-20 18:00:00,7517.75,7509.25,40.5
MACD_Momentum(12/26/9),LONG,2026-07-20 18:00:00,2026-07-20 18:40:00,7509.25,7499.25,-52.0
MACD_Momentum(12/26/9),SHORT,2026-07-20 18:40:00,2026-07-20 19:35:00,7499.25,7493.0,29.25
MACD_Momentum(12/26/9),LONG,2026-07-20 19:35:00,2026-07-20 20:15:00,7493.0,7481.75,-58.25
MACD_Momentum(12/26/9),SHORT,2026-07-20 20:15:00,2026-07-20 20:40:00,7481.75,7482.75,-7.0
MACD_Momentum(12/26/9),LONG,2026-07-20 20:40:00,2026-07-21 00:10:00,7482.75,7477.0,-30.75
MACD_Momentum(12/26/9),SHORT,2026-07-21 00:10:00,2026-07-21 00:30:00,7477.0,7486.0,-47.0
MACD_Momentum(12/26/9),LONG,2026-07-21 00:30:00,2026-07-21 01:45:00,7486.0,7491.75,26.75
MACD_Momentum(12/26/9),SHORT,2026-07-21 01:45:00,2026-07-21 02:40:00,7491.75,7501.0,-48.25
MACD_Momentum(12/26/9),LONG,2026-07-21 02:40:00,2026-07-21 04:35:00,7501.0,7514.25,64.25
MACD_Momentum(12/26/9),SHORT,2026-07-21 04:35:00,2026-07-21 05:50:00,7514.25,7521.0,-35.75
MACD_Momentum(12/26/9),LONG,2026-07-21 05:50:00,2026-07-21 06:20:00,7521.0,7519.5,-9.5
MACD_Momentum(12/26/9),SHORT,2026-07-21 06:20:00,2026-07-21 06:45:00,7519.5,7525.25,-30.75
MACD_Momentum(12/26/9),LONG,2026-07-21 06:45:00,2026-07-21 07:00:00,7525.25,7523.5,-10.75
MACD_Momentum(12/26/9),SHORT,2026-07-21 07:00:00,2026-07-21 08:20:00,7523.5,7522.0,5.5
MACD_Momentum(12/26/9),LONG,2026-07-21 08:20:00,2026-07-21 09:35:00,7522.0,7524.5,10.5
MACD_Momentum(12/26/9),SHORT,2026-07-21 09:35:00,2026-07-21 12:15:00,7524.5,7518.0,30.5
MACD_Momentum(12/26/9),LONG,2026-07-21 12:15:00,2026-07-21 12:20:00,7518.0,7512.75,-28.25
MACD_Momentum(12/26/9),SHORT,2026-07-21 12:20:00,2026-07-21 12:55:00,7512.75,7516.5,-20.75
MACD_Momentum(12/26/9),LONG,2026-07-21 12:55:00,2026-07-21 13:50:00,7516.5,7512.5,-22.0
MACD_Momentum(12/26/9),SHORT,2026-07-21 13:50:00,2026-07-21 14:00:00,7512.5,7516.75,-23.25
MACD_Momentum(12/26/9),LONG,2026-07-21 14:00:00,2026-07-21 16:50:00,7516.75,7548.0,154.25
MACD_Momentum(12/26/9),SHORT,2026-07-21 16:50:00,2026-07-21 19:45:00,7548.0,7548.0,-2.0
MACD_Momentum(12/26/9),LONG,2026-07-21 19:45:00,2026-07-21 20:00:00,7548.0,7545.5,-14.5
MACD_Momentum(12/26/9),SHORT,2026-07-21 20:00:00,2026-07-21 22:10:00,7545.5,7542.5,13.0
MACD_Momentum(12/26/9),LONG,2026-07-21 22:10:00,2026-07-21 22:45:00,7542.5,7540.75,-10.75
MACD_Momentum(12/26/9),SHORT,2026-07-21 22:45:00,2026-07-21 23:15:00,7540.75,7541.75,-7.0
MACD_Momentum(12/26/9),LONG,2026-07-21 23:15:00,2026-07-22 00:35:00,7541.75,7540.75,-7.0
MACD_Momentum(12/26/9),SHORT,2026-07-22 00:35:00,2026-07-22 01:50:00,7540.75,7542.25,-9.5
MACD_Momentum(12/26/9),LONG,2026-07-22 01:50:00,2026-07-22 03:15:00,7542.25,7538.5,-20.75
MACD_Momentum(12/26/9),SHORT,2026-07-22 03:15:00,2026-07-22 03:25:00,7538.5,7543.25,-25.75
MACD_Momentum(12/26/9),LONG,2026-07-22 03:25:00,2026-07-22 03:45:00,7543.25,7539.25,-22.0
MACD_Momentum(12/26/9),SHORT,2026-07-22 03:45:00,2026-07-22 06:00:00,7539.25,7536.0,14.25
MACD_Momentum(12/26/9),LONG,2026-07-22 06:00:00,2026-07-22 06:20:00,7536.0,7529.75,-33.25
MACD_Momentum(12/26/9),SHORT,2026-07-22 06:20:00,2026-07-22 07:30:00,7529.75,7525.0,21.75
MACD_Momentum(12/26/9),LONG,2026-07-22 07:30:00,2026-07-22 07:35:00,7525.0,7519.25,-30.75
MACD_Momentum(12/26/9),SHORT,2026-07-22 07:35:00,2026-07-22 08:05:00,7519.25,7521.0,-10.75
MACD_Momentum(12/26/9),LONG,2026-07-22 08:05:00,2026-07-22 09:50:00,7521.0,7524.5,15.5
MACD_Momentum(12/26/9),SHORT,2026-07-22 09:50:00,2026-07-22 10:05:00,7524.5,7529.25,-25.75
MACD_Momentum(12/26/9),LONG,2026-07-22 10:05:00,2026-07-22 11:05:00,7529.25,7526.75,-14.5
MACD_Momentum(12/26/9),SHORT,2026-07-22 11:05:00,2026-07-22 12:40:00,7526.75,7522.25,20.5
MACD_Momentum(12/26/9),LONG,2026-07-22 12:40:00,2026-07-22 14:30:00,7522.25,7534.5,59.25
MACD_Momentum(12/26/9),SHORT,2026-07-22 14:30:00,2026-07-22 15:10:00,7534.5,7548.5,-72.0
MACD_Momentum(12/26/9),LONG,2026-07-22 15:10:00,2026-07-22 16:35:00,7548.5,7561.75,64.25
MACD_Momentum(12/26/9),SHORT,2026-07-22 16:35:00,2026-07-22 19:05:00,7561.75,7545.0,81.75
MACD_Momentum(12/26/9),LONG,2026-07-22 19:05:00,2026-07-22 19:15:00,7545.0,7541.75,-18.25
MACD_Momentum(12/26/9),SHORT,2026-07-22 19:15:00,2026-07-22 19:55:00,7541.75,7541.25,0.5
MACD_Momentum(12/26/9),LONG,2026-07-22 19:55:00,2026-07-22 20:00:00,7541.25,7536.75,-24.5
MACD_Momentum(12/26/9),SHORT,2026-07-22 20:00:00,2026-07-22 20:15:00,7536.75,7552.75,-82.0
MACD_Momentum(12/26/9),LONG,2026-07-22 20:15:00,2026-07-22 22:05:00,7552.75,7524.5,-143.25
MACD_Momentum(12/26/9),SHORT,2026-07-22 22:05:00,2026-07-22 23:25:00,7524.5,7519.5,23.0
MACD_Momentum(12/26/9),LONG,2026-07-22 23:25:00,2026-07-23 01:30:00,7519.5,7544.5,123.0
MACD_Momentum(12/26/9),SHORT,2026-07-23 01:30:00,2026-07-23 03:50:00,7544.5,7528.25,79.25
MACD_Momentum(12/26/9),LONG,2026-07-23 03:50:00,2026-07-23 05:10:00,7528.25,7526.25,-12.0
MACD_Momentum(12/26/9),SHORT,2026-07-23 05:10:00,2026-07-23 05:30:00,7526.25,7533.5,-38.25
MACD_Momentum(12/26/9),LONG,2026-07-23 05:30:00,2026-07-23 05:55:00,7533.5,7521.5,-62.0
MACD_Momentum(12/26/9),SHORT,2026-07-23 05:55:00,2026-07-23 08:10:00,7521.5,7511.5,48.0
MACD_Momentum(12/26/9),LONG,2026-07-23 08:10:00,2026-07-23 09:55:00,7511.5,7512.5,3.0
MACD_Momentum(12/26/9),SHORT,2026-07-23 09:55:00,2026-07-23 10:35:00,7512.5,7518.0,-29.5
MACD_Momentum(12/26/9),LONG,2026-07-23 10:35:00,2026-07-23 11:10:00,7518.0,7511.25,-35.75
MACD_Momentum(12/26/9),SHORT,2026-07-23 11:10:00,2026-07-23 13:35:00,7511.25,7472.75,190.5
MACD_Momentum(12/26/9),LONG,2026-07-23 13:35:00,2026-07-23 14:55:00,7472.75,7441.75,-157.0
MACD_Momentum(12/26/9),SHORT,2026-07-23 14:55:00,2026-07-23 15:50:00,7441.75,7429.0,61.75
MACD_Momentum(12/26/9),LONG,2026-07-23 15:50:00,2026-07-23 17:40:00,7429.0,7436.5,35.5
MACD_Momentum(12/26/9),SHORT,2026-07-23 17:40:00,2026-07-23 19:20:00,7436.5,7431.0,25.5
MACD_Momentum(12/26/9),LONG,2026-07-23 19:20:00,2026-07-23 19:50:00,7431.0,7421.0,-52.0
MACD_Momentum(12/26/9),SHORT,2026-07-23 19:50:00,2026-07-23 20:00:00,7421.0,7444.0,-117.0
MACD_Momentum(12/26/9),LONG,2026-07-23 20:00:00,2026-07-23 22:05:00,7444.0,7446.25,9.25
MACD_Momentum(12/26/9),SHORT,2026-07-23 22:05:00,2026-07-24 00:30:00,7446.25,7451.25,-27.0
MACD_Momentum(12/26/9),LONG,2026-07-24 00:30:00,2026-07-24 00:35:00,7451.25,7448.0,-18.25
MACD_Momentum(12/26/9),SHORT,2026-07-24 00:35:00,2026-07-24 00:40:00,7448.0,7451.25,-18.25
MACD_Momentum(12/26/9),LONG,2026-07-24 00:40:00,2026-07-24 01:55:00,7451.25,7453.75,10.5
MACD_Momentum(12/26/9),SHORT,2026-07-24 01:55:00,2026-07-24 04:10:00,7453.75,7440.75,63.0
MACD_Momentum(12/26/9),LONG,2026-07-24 04:10:00,2026-07-24 06:00:00,7440.75,7442.25,5.5
MACD_Momentum(12/26/9),SHORT,2026-07-24 06:00:00,2026-07-24 07:05:00,7442.25,7447.0,-25.75
MACD_Momentum(12/26/9),LONG,2026-07-24 07:05:00,2026-07-24 08:10:00,7447.0,7452.25,24.25
MACD_Momentum(12/26/9),SHORT,2026-07-24 08:10:00,2026-07-24 08:40:00,7452.25,7459.75,-39.5
MACD_Momentum(12/26/9),LONG,2026-07-24 08:40:00,2026-07-24 08:50:00,7459.75,7458.0,-10.75
MACD_Momentum(12/26/9),SHORT,2026-07-24 08:50:00,2026-07-24 09:10:00,7458.0,7464.75,-35.75
MACD_Momentum(12/26/9),LONG,2026-07-24 09:10:00,2026-07-24 09:20:00,7464.75,7460.25,-24.5
MACD_Momentum(12/26/9),SHORT,2026-07-24 09:20:00,2026-07-24 09:25:00,7460.25,7462.75,-14.5
MACD_Momentum(12/26/9),LONG,2026-07-24 09:25:00,2026-07-24 10:05:00,7462.75,7463.5,1.75
MACD_Momentum(12/26/9),SHORT,2026-07-24 10:05:00,2026-07-24 12:05:00,7463.5,7461.25,9.25
MACD_Momentum(12/26/9),LONG,2026-07-24 12:05:00,2026-07-24 12:45:00,7461.25,7455.75,-29.5
MACD_Momentum(12/26/9),SHORT,2026-07-24 12:45:00,2026-07-24 13:50:00,7455.75,7456.75,-7.0
MACD_Momentum(12/26/9),LONG,2026-07-24 13:50:00,2026-07-24 13:55:00,7456.75,7436.5,-103.25
MACD_Momentum(12/26/9),SHORT,2026-07-24 13:55:00,2026-07-24 14:15:00,7436.5,7454.25,-90.75
MACD_Momentum(12/26/9),LONG,2026-07-24 14:15:00,2026-07-24 14:45:00,7454.25,7437.5,-85.75
MACD_Momentum(12/26/9),SHORT,2026-07-24 14:45:00,2026-07-24 14:55:00,7437.5,7448.75,-58.25
MACD_Momentum(12/26/9),LONG,2026-07-24 14:55:00,2026-07-24 16:35:00,7448.75,7484.25,175.5
MACD_Momentum(12/26/9),SHORT,2026-07-24 16:35:00,2026-07-24 19:40:00,7484.25,7440.5,216.75
MACD_Momentum(12/26/9),LONG,2026-07-24 19:40:00,2026-07-26 23:30:00,7440.5,7498.5,288.0
MACD_Momentum(12/26/9),SHORT,2026-07-26 23:30:00,2026-07-27 02:05:00,7498.5,7497.25,4.25
MACD_Momentum(12/26/9),LONG,2026-07-27 02:05:00,2026-07-27 03:00:00,7497.25,7499.25,8.0
MACD_Momentum(12/26/9),SHORT,2026-07-27 03:00:00,2026-07-27 03:15:00,7499.25,7503.0,-20.75
MACD_Momentum(12/26/9),LONG,2026-07-27 03:15:00,2026-07-27 03:35:00,7503.0,7499.75,-18.25
MACD_Momentum(12/26/9),SHORT,2026-07-27 03:35:00,2026-07-27 04:20:00,7499.75,7502.75,-17.0
MACD_Momentum(12/26/9),LONG,2026-07-27 04:20:00,2026-07-27 06:30:00,7502.75,7514.75,58.0
MACD_Momentum(12/26/9),SHORT,2026-07-27 06:30:00,2026-07-27 08:30:00,7514.75,7515.0,-3.25
MACD_Momentum(12/26/9),LONG,2026-07-27 08:30:00,2026-07-27 10:20:00,7515.0,7521.0,28.0
MACD_Momentum(12/26/9),SHORT,2026-07-27 10:20:00,2026-07-27 12:45:00,7521.0,7511.25,46.75
MACD_Momentum(12/26/9),LONG,2026-07-27 12:45:00,2026-07-27 13:30:00,7511.25,7507.5,-20.75
MACD_Momentum(12/26/9),SHORT,2026-07-27 13:30:00,2026-07-27 15:05:00,7507.5,7455.75,256.75
MACD_Momentum(12/26/9),LONG,2026-07-27 15:05:00,2026-07-27 17:10:00,7455.75,7421.5,-173.25
MACD_Momentum(12/26/9),SHORT,2026-07-27 17:10:00,2026-07-27 17:35:00,7421.5,7429.5,-42.0
MACD_Momentum(12/26/9),LONG,2026-07-27 17:35:00,2026-07-27 20:00:00,7429.5,7449.25,96.75
MACD_Momentum(12/26/9),SHORT,2026-07-27 20:00:00,2026-07-27 23:30:00,7449.25,7448.5,1.75
MACD_Momentum(12/26/9),LONG,2026-07-27 23:30:00,2026-07-27 23:50:00,7448.5,7443.0,-29.5
MACD_Momentum(12/26/9),SHORT,2026-07-27 23:50:00,2026-07-27 23:55:00,7443.0,7449.25,-33.25
MACD_Momentum(12/26/9),LONG,2026-07-27 23:55:00,2026-07-28 00:15:00,7449.25,7441.5,-40.75
MACD_Momentum(12/26/9),SHORT,2026-07-28 00:15:00,2026-07-28 01:35:00,7441.5,7442.75,-8.25
MACD_Momentum(12/26/9),LONG,2026-07-28 01:35:00,2026-07-28 02:10:00,7442.75,7431.25,-59.5
MACD_Momentum(12/26/9),SHORT,2026-07-28 02:10:00,2026-07-28 03:00:00,7431.25,7430.5,1.75
MACD_Momentum(12/26/9),LONG,2026-07-28 03:00:00,2026-07-28 03:05:00,7430.5,7427.5,-17.0
MACD_Momentum(12/26/9),SHORT,2026-07-28 03:05:00,2026-07-28 03:20:00,7427.5,7435.5,-42.0
MACD_Momentum(12/26/9),LONG,2026-07-28 03:20:00,2026-07-28 04:25:00,7435.5,7430.5,-27.0
MACD_Momentum(12/26/9),SHORT,2026-07-28 04:25:00,2026-07-28 06:20:00,7430.5,7424.5,28.0
MACD_Momentum(12/26/9),LONG,2026-07-28 06:20:00,2026-07-28 08:10:00,7424.5,7429.25,21.75
MACD_Momentum(12/26/9),SHORT,2026-07-28 08:10:00,2026-07-28 08:25:00,7429.25,7442.75,-69.5
MACD_Momentum(12/26/9),LONG,2026-07-28 08:25:00,2026-07-28 09:15:00,7442.75,7441.75,-7.0
MACD_Momentum(12/26/9),SHORT,2026-07-28 09:15:00,2026-07-28 09:30:00,7441.75,7445.5,-20.75
MACD_Momentum(12/26/9),LONG,2026-07-28 09:30:00,2026-07-28 09:35:00,7445.5,7443.5,-12.0
MACD_Momentum(12/26/9),SHORT,2026-07-28 09:35:00,2026-07-28 11:25:00,7443.5,7442.5,3.0
MACD_Momentum(12/26/9),LONG,2026-07-28 11:25:00,2026-07-28 11:30:00,7442.5,7437.75,-25.75
MACD_Momentum(12/26/9),SHORT,2026-07-28 11:30:00,2026-07-28 11:50:00,7437.75,7443.25,-29.5
MACD_Momentum(12/26/9),LONG,2026-07-28 11:50:00,2026-07-28 13:15:00,7443.25,7456.25,63.0
MACD_Momentum(12/26/9),SHORT,2026-07-28 13:15:00,2026-07-28 13:20:00,7456.25,7459.25,-17.0
MACD_Momentum(12/26/9),LONG,2026-07-28 13:20:00,2026-07-28 13:25:00,7459.25,7459.0,-3.25
MACD_Momentum(12/26/9),SHORT,2026-07-28 13:25:00,2026-07-28 14:45:00,7459.0,7440.0,93.0
MACD_Momentum(12/26/9),LONG,2026-07-28 14:45:00,2026-07-28 16:25:00,7440.0,7472.25,159.25
MACD_Momentum(12/26/9),SHORT,2026-07-28 16:25:00,2026-07-28 18:55:00,7472.25,7470.5,6.75
MACD_Momentum(12/26/9),LONG,2026-07-28 18:55:00,2026-07-28 19:45:00,7470.5,7471.25,1.75
MACD_Momentum(12/26/9),SHORT,2026-07-28 19:45:00,2026-07-28 20:35:00,7471.25,7472.5,-8.25
MACD_Momentum(12/26/9),LONG,2026-07-28 20:35:00,2026-07-28 20:40:00,7472.5,7466.75,-30.75
MACD_Momentum(12/26/9),SHORT,2026-07-28 20:40:00,2026-07-28 22:05:00,7466.75,7471.5,-25.75
MACD_Momentum(12/26/9),LONG,2026-07-28 22:05:00,2026-07-28 22:20:00,7471.5,7463.0,-44.5
MACD_Momentum(12/26/9),SHORT,2026-07-28 22:20:00,2026-07-28 23:20:00,7463.0,7461.0,8.0
MACD_Momentum(12/26/9),LONG,2026-07-28 23:20:00,2026-07-29 00:50:00,7461.0,7490.0,143.0
MACD_Momentum(12/26/9),SHORT,2026-07-29 00:50:00,2026-07-29 02:40:00,7490.0,7467.5,110.5
MACD_Momentum(12/26/9),LONG,2026-07-29 02:40:00,2026-07-29 03:30:00,7467.5,7455.5,-62.0
MACD_Momentum(12/26/9),SHORT,2026-07-29 03:30:00,2026-07-29 04:55:00,7455.5,7447.75,36.75
MACD_Momentum(12/26/9),LONG,2026-07-29 04:55:00,2026-07-29 06:15:00,7447.75,7455.0,34.25
MACD_Momentum(12/26/9),SHORT,2026-07-29 06:15:00,2026-07-29 06:30:00,7455.0,7460.75,-30.75
MACD_Momentum(12/26/9),LONG,2026-07-29 06:30:00,2026-07-29 07:55:00,7460.75,7478.5,86.75
MACD_Momentum(12/26/9),SHORT,2026-07-29 07:55:00,2026-07-29 09:55:00,7478.5,7488.0,-49.5
MACD_Momentum(12/26/9),LONG,2026-07-29 09:55:00,2026-07-29 10:15:00,7488.0,7483.75,-23.25
MACD_Momentum(12/26/9),SHORT,2026-07-29 10:15:00,2026-07-29 15:05:00,7483.75,7409.0,371.75
MACD_Momentum(12/26/9),LONG,2026-07-29 15:05:00,2026-07-29 16:15:00,7409.0,7375.5,-169.5
MACD_Momentum(12/26/9),SHORT,2026-07-29 16:15:00,2026-07-29 16:25:00,7375.5,7389.25,-70.75
MACD_Momentum(12/26/9),LONG,2026-07-29 16:25:00,2026-07-29 19:20:00,7389.25,7430.0,201.75
MACD_Momentum(12/26/9),SHORT,2026-07-29 19:20:00,2026-07-29 20:55:00,7430.0,7343.5,430.5
MACD_Momentum(12/26/9),LONG,2026-07-29 20:55:00,2026-07-30 00:30:00,7343.5,7378.75,174.25
MACD_Momentum(12/26/9),SHORT,2026-07-30 00:30:00,2026-07-30 01:20:00,7378.75,7381.0,-13.25
MACD_Momentum(12/26/9),LONG,2026-07-30 01:20:00,2026-07-30 02:20:00,7381.0,7386.5,25.5
MACD_Momentum(12/26/9),SHORT,2026-07-30 02:20:00,2026-07-30 04:30:00,7386.5,7378.25,39.25
MACD_Momentum(12/26/9),LONG,2026-07-30 04:30:00,2026-07-30 04:55:00,7378.25,7369.25,-47.0
MACD_Momentum(12/26/9),SHORT,2026-07-30 04:55:00,2026-07-30 05:30:00,7369.25,7368.25,3.0
MACD_Momentum(12/26/9),LONG,2026-07-30 05:30:00,2026-07-30 06:15:00,7368.25,7363.5,-25.75
MACD_Momentum(12/26/9),SHORT,2026-07-30 06:15:00,2026-07-30 07:00:00,7363.5,7363.5,-2.0
MACD_Momentum(12/26/9),LONG,2026-07-30 07:00:00,2026-07-30 07:40:00,7363.5,7363.25,-3.25
MACD_Momentum(12/26/9),SHORT,2026-07-30 07:40:00,2026-07-30 08:15:00,7363.25,7368.25,-27.0
MACD_Momentum(12/26/9),LONG,2026-07-30 08:15:00,2026-07-30 10:00:00,7368.25,7374.5,29.25
MACD_Momentum(12/26/9),SHORT,2026-07-30 10:00:00,2026-07-30 10:30:00,7374.5,7386.0,-59.5
MACD_Momentum(12/26/9),LONG,2026-07-30 10:30:00,2026-07-30 12:30:00,7386.0,7399.75,66.75
MACD_Momentum(12/26/9),SHORT,2026-07-30 12:30:00,2026-07-30 13:20:00,7399.75,7407.5,-40.75
MACD_Momentum(12/26/9),LONG,2026-07-30 13:20:00,2026-07-30 14:50:00,7407.5,7425.25,86.75
MACD_Momentum(12/26/9),SHORT,2026-07-30 14:50:00,2026-07-30 15:55:00,7425.25,7425.25,-2.0
MACD_Momentum(12/26/9),LONG,2026-07-30 15:55:00,2026-07-30 17:40:00,7425.25,7447.25,108.0
MACD_Momentum(12/26/9),SHORT,2026-07-30 17:40:00,2026-07-30 19:05:00,7447.25,7466.25,-97.0
MACD_Momentum(12/26/9),LONG,2026-07-30 19:05:00,2026-07-30 19:50:00,7466.25,7470.25,18.0
MACD_Momentum(12/26/9),SHORT,2026-07-30 19:50:00,2026-07-30 20:05:00,7470.25,7492.0,-110.75
MACD_Momentum(12/26/9),LONG,2026-07-30 20:05:00,2026-07-30 20:40:00,7492.0,7481.25,-55.75
MACD_Momentum(12/26/9),SHORT,2026-07-30 20:40:00,2026-07-30 23:00:00,7481.25,7484.5,-18.25
MACD_Momentum(12/26/9),LONG,2026-07-30 23:00:00,2026-07-30 23:20:00,7484.5,7481.75,-15.75
MACD_Momentum(12/26/9),SHORT,2026-07-30 23:20:00,2026-07-30 23:45:00,7481.75,7487.75,-32.0
MACD_Momentum(12/26/9),LONG,2026-07-30 23:45:00,2026-07-31 00:50:00,7487.75,7492.0,19.25
MACD_Momentum(12/26/9),SHORT,2026-07-31 00:50:00,2026-07-31 01:10:00,7492.0,7501.5,-49.5
MACD_Momentum(12/26/9),LONG,2026-07-31 01:10:00,2026-07-31 01:40:00,7501.5,7498.25,-18.25
MACD_Momentum(12/26/9),SHORT,2026-07-31 01:40:00,2026-07-31 03:25:00,7498.25,7495.75,10.5
MACD_Momentum(12/26/9),LONG,2026-07-31 03:25:00,2026-07-31 05:35:00,7495.75,7506.5,51.75
MACD_Momentum(12/26/9),SHORT,2026-07-31 05:35:00,2026-07-31 07:20:00,7506.5,7506.5,-2.0
MACD_Momentum(12/26/9),LONG,2026-07-31 07:20:00,2026-07-31 09:35:00,7506.5,7508.5,8.0
MACD_Momentum(12/26/9),SHORT,2026-07-31 09:35:00,2026-07-31 11:05:00,7508.5,7511.0,-14.5
MACD_Momentum(12/26/9),LONG,2026-07-31 11:05:00,2026-07-31 11:20:00,7511.0,7503.0,-42.0
MACD_Momentum(12/26/9),SHORT,2026-07-31 11:20:00,2026-07-31 13:10:00,7503.0,7488.0,73.0
MACD_Momentum(12/26/9),LONG,2026-07-31 13:10:00,2026-07-31 13:50:00,7488.0,7474.25,-70.75
MACD_Momentum(12/26/9),SHORT,2026-07-31 13:50:00,2026-07-31 14:45:00,7474.25,7467.5,31.75
MACD_Momentum(12/26/9),LONG,2026-07-31 14:45:00,2026-07-31 17:50:00,7467.5,7504.25,181.75
MACD_Momentum(12/26/9),SHORT,2026-07-31 17:50:00,2026-07-31 19:20:00,7504.25,7526.75,-114.5
MACD_Momentum(12/26/9),LONG,2026-07-31 19:20:00,2026-07-31 20:05:00,7526.75,7519.5,-38.25
MACD_Momentum(12/26/9),SHORT,2026-07-31 20:05:00,2026-08-02 22:15:00,7519.5,7555.5,-182.0
MACD_Momentum(12/26/9),LONG,2026-08-02 22:15:00,2026-08-02 23:10:00,7555.5,7544.5,-57.0
MACD_Momentum(12/26/9),SHORT,2026-08-02 23:10:00,2026-08-03 02:00:00,7544.5,7558.0,-69.5
MACD_Momentum(12/26/9),LONG,2026-08-03 02:00:00,2026-08-03 02:30:00,7558.0,7557.0,-7.0
MACD_Momentum(12/26/9),SHORT,2026-08-03 02:30:00,2026-08-03 04:35:00,7557.0,7564.5,-39.5
MACD_Momentum(12/26/9),LONG,2026-08-03 04:35:00,2026-08-03 04:55:00,7564.5,7564.25,-3.25
MACD_Momentum(12/26/9),SHORT,2026-08-03 04:55:00,2026-08-03 08:00:00,7564.25,7559.75,20.5
MACD_Momentum(12/26/9),LONG,2026-08-03 08:00:00,2026-08-03 08:05:00,7559.75,7552.25,-39.5
MACD_Momentum(12/26/9),SHORT,2026-08-03 08:05:00,2026-08-03 08:45:00,7552.25,7554.5,-13.25
MACD_Momentum(12/26/9),LONG,2026-08-03 08:45:00,2026-08-03 11:15:00,7554.5,7560.0,25.5
MACD_Momentum(12/26/9),SHORT,2026-08-03 11:15:00,2026-08-03 11:20:00,7560.0,7563.0,-17.0
MACD_Momentum(12/26/9),LONG,2026-08-03 11:20:00,2026-08-03 11:30:00,7563.0,7561.5,-9.5
MACD_Momentum(12/26/9),SHORT,2026-08-03 11:30:00,2026-08-03 11:35:00,7561.5,7565.75,-23.25
MACD_Momentum(12/26/9),LONG,2026-08-03 11:35:00,2026-08-03 11:55:00,7565.75,7557.0,-45.75
MACD_Momentum(12/26/9),SHORT,2026-08-03 11:55:00,2026-08-03 12:40:00,7557.0,7562.0,-27.0
MACD_Momentum(12/26/9),LONG,2026-08-03 12:40:00,2026-08-03 13:30:00,7562.0,7546.0,-82.0
MACD_Momentum(12/26/9),SHORT,2026-08-03 13:30:00,2026-08-03 13:45:00,7546.0,7567.25,-108.25
MACD_Momentum(12/26/9),LONG,2026-08-03 13:45:00,2026-08-03 15:20:00,7567.25,7606.0,191.75
MACD_Momentum(12/26/9),SHORT,2026-08-03 15:20:00,2026-08-03 17:35:00,7606.0,7625.25,-98.25
MACD_Momentum(12/26/9),LONG,2026-08-03 17:35:00,2026-08-03 18:30:00,7625.25,7627.5,9.25
MACD_Momentum(12/26/9),SHORT,2026-08-03 18:30:00,2026-08-03 22:40:00,7627.5,7635.25,-40.75
MACD_Momentum(12/26/9),LONG,2026-08-03 22:40:00,2026-08-03 23:10:00,7635.25,7634.0,-8.25
MACD_Momentum(12/26/9),SHORT,2026-08-03 23:10:00,2026-08-04 01:20:00,7634.0,7634.25,-3.25
MACD_Momentum(12/26/9),LONG,2026-08-04 01:20:00,2026-08-04 02:30:00,7634.25,7640.25,28.0
MACD_Momentum(12/26/9),SHORT,2026-08-04 02:30:00,2026-08-04 04:30:00,7640.25,7645.5,-28.25
MACD_Momentum(12/26/9),LONG,2026-08-04 04:30:00,2026-08-04 04:40:00,7645.5,7645.0,-4.5
MACD_Momentum(12/26/9),SHORT,2026-08-04 04:40:00,2026-08-04 05:45:00,7645.0,7647.0,-12.0
MACD_Momentum(12/26/9),LONG,2026-08-04 05:45:00,2026-08-04 06:30:00,7647.0,7647.0,-2.0
MACD_Momentum(12/26/9),SHORT,2026-08-04 06:30:00,2026-08-04 07:50:00,7647.0,7646.5,0.5
MACD_Momentum(12/26/9),LONG,2026-08-04 07:50:00,2026-08-04 07:55:00,7646.5,7643.25,-18.25
MACD_Momentum(12/26/9),SHORT,2026-08-04 07:55:00,2026-08-04 09:40:00,7643.25,7637.25,28.0
MACD_Momentum(12/26/9),LONG,2026-08-04 09:40:00,2026-08-04 12:40:00,7637.25,7654.25,83.0
MACD_Momentum(12/26/9),SHORT,2026-08-04 12:40:00,2026-08-04 13:35:00,7654.25,7669.5,-78.25
MACD_Momentum(12/26/9),LONG,2026-08-04 13:35:00,2026-08-04 16:00:00,7669.5,7736.5,333.0
MACD_Momentum(12/26/9),SHORT,2026-08-04 16:00:00,2026-08-04 17:05:00,7736.5,7763.0,-134.5
MACD_Momentum(12/26/9),LONG,2026-08-04 17:05:00,2026-08-04 17:30:00,7763.0,7765.25,9.25
MACD_Momentum(12/26/9),SHORT,2026-08-04 17:30:00,2026-08-04 17:50:00,7765.25,7779.75,-74.5
MACD_Momentum(12/26/9),LONG,2026-08-04 17:50:00,2026-08-04 17:55:00,7779.75,7771.0,-45.75
MACD_Momentum(12/26/9),SHORT,2026-08-04 17:55:00,2026-08-04 22:10:00,7771.0,7776.0,-27.0
MACD_Momentum(12/26/9),LONG,2026-08-04 22:10:00,2026-08-04 23:30:00,7776.0,7779.5,15.5
MACD_Momentum(12/26/9),SHORT,2026-08-04 23:30:00,2026-08-05 00:30:00,7779.5,7783.5,-22.0
MACD_Momentum(12/26/9),LONG,2026-08-05 00:30:00,2026-08-05 00:50:00,7783.5,7781.0,-14.5
MACD_Momentum(12/26/9),SHORT,2026-08-05 00:50:00,2026-08-05 00:55:00,7781.0,7783.25,-13.25
MACD_Momentum(12/26/9),LONG,2026-08-05 00:55:00,2026-08-05 01:05:00,7783.25,7780.25,-17.0
MACD_Momentum(12/26/9),SHORT,2026-08-05 01:05:00,2026-08-05 01:50:00,7780.25,7784.5,-23.25
MACD_Momentum(12/26/9),LONG,2026-08-05 01:50:00,2026-08-05 03:35:00,7784.5,7788.25,16.75
MACD_Momentum(12/26/9),SHORT,2026-08-05 03:35:00,2026-08-05 03:45:00,7788.25,7791.25,-17.0
MACD_Momentum(12/26/9),LONG,2026-08-05 03:45:00,2026-08-05 04:15:00,7791.25,7791.0,-3.25
MACD_Momentum(12/26/9),SHORT,2026-08-05 04:15:00,2026-08-05 05:15:00,7791.0,7794.75,-20.75
MACD_Momentum(12/26/9),LONG,2026-08-05 05:15:00,2026-08-05 06:25:00,7794.75,7794.0,-5.75
MACD_Momentum(12/26/9),SHORT,2026-08-05 06:25:00,2026-08-05 08:05:00,7794.0,7796.0,-12.0
MACD_Momentum(12/26/9),LONG,2026-08-05 08:05:00,2026-08-05 08:15:00,7796.0,7787.75,-43.25
MACD_Momentum(12/26/9),SHORT,2026-08-05 08:15:00,2026-08-05 09:10:00,7787.75,7786.75,3.0
MACD_Momentum(12/26/9),LONG,2026-08-05 09:10:00,2026-08-05 11:45:00,7786.75,7794.0,34.25
MACD_Momentum(12/26/9),SHORT,2026-08-05 11:45:00,2026-08-05 12:15:00,7794.0,7800.5,-34.5
MACD_Momentum(12/26/9),LONG,2026-08-05 12:15:00,2026-08-05 12:55:00,7800.5,7799.75,-5.75
MACD_Momentum(12/26/9),SHORT,2026-08-05 12:55:00,2026-08-05 13:10:00,7799.75,7807.75,-42.0
MACD_Momentum(12/26/9),LONG,2026-08-05 13:10:00,2026-08-05 14:20:00,7807.75,7808.75,3.0
MACD_Momentum(12/26/9),SHORT,2026-08-05 14:20:00,2026-08-05 16:30:00,7808.75,7772.25,180.5
MACD_Momentum(12/26/9),LONG,2026-08-05 16:30:00,2026-08-05 19:40:00,7772.25,7764.0,-43.25
MACD_Momentum(12/26/9),SHORT,2026-08-05 19:40:00,2026-08-05 20:45:00,7764.0,7761.0,13.0
MACD_Momentum(12/26/9),LONG,2026-08-05 20:45:00,2026-08-05 23:35:00,7761.0,7763.0,8.0
MACD_Momentum(12/26/9),SHORT,2026-08-05 23:35:00,2026-08-06 01:55:00,7763.0,7755.5,35.5
MACD_Momentum(12/26/9),LONG,2026-08-06 01:55:00,2026-08-06 03:25:00,7755.5,7761.75,29.25
MACD_Momentum(12/26/9),SHORT,2026-08-06 03:25:00,2026-08-06 05:05:00,7761.75,7763.75,-12.0
MACD_Momentum(12/26/9),LONG,2026-08-06 05:05:00,2026-08-06 05:35:00,7763.75,7762.0,-10.75
MACD_Momentum(12/26/9),SHORT,2026-08-06 05:35:00,2026-08-06 06:00:00,7762.0,7765.25,-18.25
MACD_Momentum(12/26/9),LONG,2026-08-06 06:00:00,2026-08-06 06:05:00,7765.25,7762.25,-17.0
MACD_Momentum(12/26/9),SHORT,2026-08-06 06:05:00,2026-08-06 07:10:00,7762.25,7762.25,-2.0
MACD_Momentum(12/26/9),LONG,2026-08-06 07:10:00,2026-08-06 07:40:00,7762.25,7755.75,-34.5
MACD_Momentum(12/26/9),SHORT,2026-08-06 07:40:00,2026-08-06 08:30:00,7755.75,7760.5,-25.75
MACD_Momentum(12/26/9),LONG,2026-08-06 08:30:00,2026-08-06 09:15:00,7760.5,7756.5,-22.0
MACD_Momentum(12/26/9),SHORT,2026-08-06 09:15:00,2026-08-06 09:25:00,7756.5,7760.0,-19.5
MACD_Momentum(12/26/9),LONG,2026-08-06 09:25:00,2026-08-06 10:40:00,7760.0,7761.5,5.5
MACD_Momentum(12/26/9),SHORT,2026-08-06 10:40:00,2026-08-06 11:35:00,7761.5,7764.0,-14.5
MACD_Momentum(12/26/9),LONG,2026-08-06 11:35:00,2026-08-06 11:55:00,7764.0,7756.0,-42.0
MACD_Momentum(12/26/9),SHORT,2026-08-06 11:55:00,2026-08-06 12:40:00,7756.0,7760.5,-24.5
MACD_Momentum(12/26/9),LONG,2026-08-06 12:40:00,2026-08-06 13:00:00,7760.5,7754.25,-33.25
MACD_Momentum(12/26/9),SHORT,2026-08-06 13:00:00,2026-08-06 13:50:00,7754.25,7763.0,-45.75
MACD_Momentum(12/26/9),LONG,2026-08-06 13:50:00,2026-08-06 14:40:00,7763.0,7747.5,-79.5
MACD_Momentum(12/26/9),SHORT,2026-08-06 14:40:00,2026-08-06 16:35:00,7747.5,7733.25,69.25
MACD_Momentum(12/26/9),LONG,2026-08-06 16:35:00,2026-08-06 19:30:00,7733.25,7736.5,14.25
MACD_Momentum(12/26/9),SHORT,2026-08-06 19:30:00,2026-08-06 22:10:00,7736.5,7736.75,-3.25
MACD_Momentum(12/26/9),LONG,2026-08-06 22:10:00,2026-08-07 00:15:00,7736.75,7738.25,5.5
MACD_Momentum(12/26/9),SHORT,2026-08-07 00:15:00,2026-08-07 02:00:00,7738.25,7732.75,25.5
MACD_Momentum(12/26/9),LONG,2026-08-07 02:00:00,2026-08-07 02:40:00,7732.75,7727.75,-27.0
MACD_Momentum(12/26/9),SHORT,2026-08-07 02:40:00,2026-08-07 02:55:00,7727.75,7732.75,-27.0
MACD_Momentum(12/26/9),LONG,2026-08-07 02:55:00,2026-08-07 03:30:00,7732.75,7730.5,-13.25
MACD_Momentum(12/26/9),SHORT,2026-08-07 03:30:00,2026-08-07 04:25:00,7730.5,7731.5,-7.0
MACD_Momentum(12/26/9),LONG,2026-08-07 04:25:00,2026-08-07 06:00:00,7731.5,7731.75,-0.75
MACD_Momentum(12/26/9),SHORT,2026-08-07 06:00:00,2026-08-07 06:10:00,7731.75,7735.75,-22.0
MACD_Momentum(12/26/9),LONG,2026-08-07 06:10:00,2026-08-07 06:50:00,7735.75,7734.75,-7.0
MACD_Momentum(12/26/9),SHORT,2026-08-07 06:50:00,2026-08-07 07:10:00,7734.75,7740.25,-29.5
MACD_Momentum(12/26/9),LONG,2026-08-07 07:10:00,2026-08-07 08:00:00,7740.25,7740.5,-0.75
MACD_Momentum(12/26/9),SHORT,2026-08-07 08:00:00,2026-08-07 08:05:00,7740.5,7743.25,-15.75
MACD_Momentum(12/26/9),LONG,2026-08-07 08:05:00,2026-08-07 08:45:00,7743.25,7743.75,0.5
MACD_Momentum(12/26/9),SHORT,2026-08-07 08:45:00,2026-08-07 09:25:00,7743.75,7748.25,-24.5
MACD_Momentum(12/26/9),LONG,2026-08-07 09:25:00,2026-08-07 09:45:00,7748.25,7747.25,-7.0
MACD_Momentum(12/26/9),SHORT,2026-08-07 09:45:00,2026-08-07 11:10:00,7747.25,7751.25,-22.0
MACD_Momentum(12/26/9),LONG,2026-08-07 11:10:00,2026-08-07 12:00:00,7751.25,7748.5,-15.75
MACD_Momentum(12/26/9),SHORT,2026-08-07 12:00:00,2026-08-07 12:30:00,7748.5,7756.5,-42.0
MACD_Momentum(12/26/9),LONG,2026-08-07 12:30:00,2026-08-07 13:15:00,7756.5,7761.5,23.0
MACD_Momentum(12/26/9),SHORT,2026-08-07 13:15:00,2026-08-07 14:30:00,7761.5,7779.25,-90.75
MACD_Momentum(12/26/9),LONG,2026-08-07 14:30:00,2026-08-07 16:00:00,7779.25,7778.0,-8.25
MACD_Momentum(12/26/9),SHORT,2026-08-07 16:00:00,2026-08-07 17:55:00,7778.0,7770.5,35.5
MACD_Momentum(12/26/9),LONG,2026-08-07 17:55:00,2026-08-07 18:10:00,7770.5,7767.75,-15.75
MACD_Momentum(12/26/9),SHORT,2026-08-07 18:10:00,2026-08-07 19:05:00,7767.75,7768.0,-3.25
MACD_Momentum(12/26/9),LONG,2026-08-07 19:05:00,2026-08-07 20:25:00,7768.0,7774.5,30.5
MACD_Momentum(12/26/9),SHORT,2026-08-07 20:25:00,2026-08-09 22:10:00,7774.5,7772.0,10.5
MACD_Momentum(12/26/9),LONG,2026-08-09 22:10:00,2026-08-09 22:15:00,7772.0,7768.25,-20.75
MACD_Momentum(12/26/9),SHORT,2026-08-09 22:15:00,2026-08-09 23:15:00,7768.25,7771.5,-18.25
MACD_Momentum(12/26/9),LONG,2026-08-09 23:15:00,2026-08-10 00:00:00,7771.5,7766.5,-27.0
MACD_Momentum(12/26/9),SHORT,2026-08-10 00:00:00,2026-08-10 00:10:00,7766.5,7775.25,-45.75
MACD_Momentum(12/26/9),LONG,2026-08-10 00:10:00,2026-08-10 00:45:00,7775.25,7770.0,-28.25
MACD_Momentum(12/26/9),SHORT,2026-08-10 00:45:00,2026-08-10 01:05:00,7770.0,7773.0,-17.0
MACD_Momentum(12/26/9),LONG,2026-08-10 01:05:00,2026-08-10 02:20:00,7773.0,7778.25,24.25
MACD_Momentum(12/26/9),SHORT,2026-08-10 02:20:00,2026-08-10 02:45:00,7778.25,7782.75,-24.5
MACD_Momentum(12/26/9),LONG,2026-08-10 02:45:00,2026-08-10 03:05:00,7782.75,7781.75,-7.0
MACD_Momentum(12/26/9),SHORT,2026-08-10 03:05:00,2026-08-10 03:40:00,7781.75,7784.75,-17.0
MACD_Momentum(12/26/9),LONG,2026-08-10 03:40:00,2026-08-10 04:00:00,7784.75,7783.5,-8.25
MACD_Momentum(12/26/9),SHORT,2026-08-10 04:00:00,2026-08-10 04:20:00,7783.5,7786.5,-17.0
MACD_Momentum(12/26/9),LONG,2026-08-10 04:20:00,2026-08-10 04:40:00,7786.5,7785.75,-5.75
MACD_Momentum(12/26/9),SHORT,2026-08-10 04:40:00,2026-08-10 05:05:00,7785.75,7789.0,-18.25
MACD_Momentum(12/26/9),LONG,2026-08-10 05:05:00,2026-08-10 05:35:00,7789.0,7789.25,-0.75
MACD_Momentum(12/26/9),SHORT,2026-08-10 05:35:00,2026-08-10 06:15:00,7789.25,7791.5,-13.25
MACD_Momentum(12/26/9),LONG,2026-08-10 06:15:00,2026-08-10 06:25:00,7791.5,7787.25,-23.25
MACD_Momentum(12/26/9),SHORT,2026-08-10 06:25:00,2026-08-10 07:25:00,7787.25,7791.75,-24.5
MACD_Momentum(12/26/9),LONG,2026-08-10 07:25:00,2026-08-10 08:30:00,7791.75,7791.0,-5.75
MACD_Momentum(12/26/9),SHORT,2026-08-10 08:30:00,2026-08-10 11:35:00,7791.0,7787.0,18.0
MACD_Momentum(12/26/9),LONG,2026-08-10 11:35:00,2026-08-10 12:20:00,7787.0,7779.75,-38.25
MACD_Momentum(12/26/9),SHORT,2026-08-10 12:20:00,2026-08-10 13:15:00,7779.75,7776.0,16.75
MACD_Momentum(12/26/9),LONG,2026-08-10 13:15:00,2026-08-10 15:05:00,7776.0,7783.75,36.75
MACD_Momentum(12/26/9),SHORT,2026-08-10 15:05:00,2026-08-10 16:00:00,7783.75,7790.0,-33.25
MACD_Momentum(12/26/9),LONG,2026-08-10 16:00:00,2026-08-10 16:15:00,7790.0,7784.5,-29.5
MACD_Momentum(12/26/9),SHORT,2026-08-10 16:15:00,2026-08-10 17:20:00,7784.5,7778.0,30.5
MACD_Momentum(12/26/9),LONG,2026-08-10 17:20:00,2026-08-10 17:50:00,7778.0,7773.5,-24.5
MACD_Momentum(12/26/9),SHORT,2026-08-10 17:50:00,2026-08-10 18:10:00,7773.5,7776.0,-14.5
MACD_Momentum(12/26/9),LONG,2026-08-10 18:10:00,2026-08-10 18:25:00,7776.0,7772.0,-22.0
MACD_Momentum(12/26/9),SHORT,2026-08-10 18:25:00,2026-08-10 18:45:00,7772.0,7775.25,-18.25
MACD_Momentum(12/26/9),LONG,2026-08-10 18:45:00,2026-08-10 19:55:00,7775.25,7771.75,-19.5
MACD_Momentum(12/26/9),SHORT,2026-08-10 19:55:00,2026-08-10 20:50:00,7771.75,7777.0,-28.25
MACD_Momentum(12/26/9),LONG,2026-08-10 20:50:00,2026-08-10 22:25:00,7777.0,7774.0,-17.0
MACD_Momentum(12/26/9),SHORT,2026-08-10 22:25:00,2026-08-11 00:10:00,7774.0,7771.0,13.0
MACD_Momentum(12/26/9),LONG,2026-08-11 00:10:00,2026-08-11 02:05:00,7771.0,7784.0,63.0
MACD_Momentum(12/26/9),SHORT,2026-08-11 02:05:00,2026-08-11 03:30:00,7784.0,7788.75,-25.75
MACD_Momentum(12/26/9),LONG,2026-08-11 03:30:00,2026-08-11 03:35:00,7788.75,7787.25,-9.5
MACD_Momentum(12/26/9),SHORT,2026-08-11 03:35:00,2026-08-11 07:35:00,7787.25,7776.0,54.25
MACD_Momentum(12/26/9),LONG,2026-08-11 07:35:00,2026-08-11 11:35:00,7776.0,7787.0,53.0
MACD_Momentum(12/26/9),SHORT,2026-08-11 11:35:00,2026-08-11 12:20:00,7787.0,7793.0,-32.0
MACD_Momentum(12/26/9),LONG,2026-08-11 12:20:00,2026-08-11 12:25:00,7793.0,7786.5,-34.5
MACD_Momentum(12/26/9),SHORT,2026-08-11 12:25:00,2026-08-11 14:30:00,7786.5,7784.75,6.75
MACD_Momentum(12/26/9),LONG,2026-08-11 14:30:00,2026-08-11 14:40:00,7784.75,7779.5,-28.25
MACD_Momentum(12/26/9),SHORT,2026-08-11 14:40:00,2026-08-11 14:50:00,7779.5,7784.75,-28.25
MACD_Momentum(12/26/9),LONG,2026-08-11 14:50:00,2026-08-11 15:10:00,7784.75,7773.5,-58.25
MACD_Momentum(12/26/9),SHORT,2026-08-11 15:10:00,2026-08-11 16:20:00,7773.5,7766.0,35.5
MACD_Momentum(12/26/9),LONG,2026-08-11 16:20:00,2026-08-11 16:25:00,7766.0,7762.25,-20.75
MACD_Momentum(12/26/9),SHORT,2026-08-11 16:25:00,2026-08-11 16:30:00,7762.25,7763.25,-7.0
MACD_Momentum(12/26/9),LONG,2026-08-11 16:30:00,2026-08-11 16:35:00,7763.25,7760.75,-14.5
MACD_Momentum(12/26/9),SHORT,2026-08-11 16:35:00,2026-08-11 16:40:00,7760.75,7764.0,-18.25
MACD_Momentum(12/26/9),LONG,2026-08-11 16:40:00,2026-08-11 16:55:00,7764.0,7759.25,-25.75
MACD_Momentum(12/26/9),SHORT,2026-08-11 16:55:00,2026-08-11 17:35:00,7759.25,7754.5,21.75
MACD_Momentum(12/26/9),LONG,2026-08-11 17:35:00,2026-08-11 18:30:00,7754.5,7740.5,-72.0
MACD_Momentum(12/26/9),SHORT,2026-08-11 18:30:00,2026-08-11 18:55:00,7740.5,7749.0,-44.5
MACD_Momentum(12/26/9),LONG,2026-08-11 18:55:00,2026-08-11 22:10:00,7749.0,7753.0,18.0
MACD_Momentum(12/26/9),SHORT,2026-08-11 22:10:00,2026-08-11 22:15:00,7753.0,7755.75,-15.75
MACD_Momentum(12/26/9),LONG,2026-08-11 22:15:00,2026-08-11 22:35:00,7755.75,7754.25,-9.5
MACD_Momentum(12/26/9),SHORT,2026-08-11 22:35:00,2026-08-11 23:55:00,7754.25,7755.0,-5.75
MACD_Momentum(12/26/9),LONG,2026-08-11 23:55:00,2026-08-12 00:05:00,7755.0,7751.5,-19.5
MACD_Momentum(12/26/9),SHORT,2026-08-12 00:05:00,2026-08-12 00:25:00,7751.5,7754.25,-15.75
MACD_Momentum(12/26/9),LONG,2026-08-12 00:25:00,2026-08-12 00:35:00,7754.25,7752.5,-10.75
MACD_Momentum(12/26/9),SHORT,2026-08-12 00:35:00,2026-08-12 01:10:00,7752.5,7753.25,-5.75
MACD_Momentum(12/26/9),LONG,2026-08-12 01:10:00,2026-08-12 01:20:00,7753.25,7750.75,-14.5
MACD_Momentum(12/26/9),SHORT,2026-08-12 01:20:00,2026-08-12 02:15:00,7750.75,7751.5,-5.75
MACD_Momentum(12/26/9),LONG,2026-08-12 02:15:00,2026-08-12 03:45:00,7751.5,7754.25,11.75
MACD_Momentum(12/26/9),SHORT,2026-08-12 03:45:00,2026-08-12 04:50:00,7754.25,7757.5,-18.25
MACD_Momentum(12/26/9),LONG,2026-08-12 04:50:00,2026-08-12 05:15:00,7757.5,7754.75,-15.75
MACD_Momentum(12/26/9),SHORT,2026-08-12 05:15:00,2026-08-12 06:00:00,7754.75,7756.75,-12.0
MACD_Momentum(12/26/9),LONG,2026-08-12 06:00:00,2026-08-12 06:15:00,7756.75,7755.25,-9.5
MACD_Momentum(12/26/9),SHORT,2026-08-12 06:15:00,2026-08-12 06:40:00,7755.25,7758.25,-17.0
MACD_Momentum(12/26/9),LONG,2026-08-12 06:40:00,2026-08-12 07:50:00,7758.25,7758.75,0.5
MACD_Momentum(12/26/9),SHORT,2026-08-12 07:50:00,2026-08-12 08:05:00,7758.75,7761.5,-15.75
MACD_Momentum(12/26/9),LONG,2026-08-12 08:05:00,2026-08-12 08:35:00,7761.5,7758.25,-18.25
MACD_Momentum(12/26/9),SHORT,2026-08-12 08:35:00,2026-08-12 08:55:00,7758.25,7763.25,-27.0
MACD_Momentum(12/26/9),LONG,2026-08-12 08:55:00,2026-08-12 10:00:00,7763.25,7766.25,13.0
MACD_Momentum(12/26/9),SHORT,2026-08-12 10:00:00,2026-08-12 11:55:00,7766.25,7769.5,-18.25
MACD_Momentum(12/26/9),LONG,2026-08-12 11:55:00,2026-08-12 13:35:00,7769.5,7775.0,25.5
MACD_Momentum(12/26/9),SHORT,2026-08-12 13:35:00,2026-08-12 15:55:00,7775.0,7764.0,53.0
MACD_Momentum(12/26/9),LONG,2026-08-12 15:55:00,2026-08-12 17:50:00,7764.0,7772.25,39.25
MACD_Momentum(12/26/9),SHORT,2026-08-12 17:50:00,2026-08-12 18:15:00,7772.25,7775.5,-18.25
MACD_Momentum(12/26/9),LONG,2026-08-12 18:15:00,2026-08-12 19:10:00,7775.5,7777.0,5.5
MACD_Momentum(12/26/9),SHORT,2026-08-12 19:10:00,2026-08-12 22:10:00,7777.0,7770.25,31.75
MACD_Momentum(12/26/9),LONG,2026-08-12 22:10:00,2026-08-13 00:00:00,7770.25,7768.25,-12.0
MACD_Momentum(12/26/9),SHORT,2026-08-13 00:00:00,2026-08-13 00:05:00,7768.25,7771.25,-17.0
MACD_Momentum(12/26/9),LONG,2026-08-13 00:05:00,2026-08-13 00:35:00,7771.25,7769.0,-13.25
MACD_Momentum(12/26/9),SHORT,2026-08-13 00:35:00,2026-08-13 01:55:00,7769.0,7770.25,-8.25
MACD_Momentum(12/26/9),LONG,2026-08-13 01:55:00,2026-08-13 04:20:00,7770.25,7773.5,14.25
MACD_Momentum(12/26/9),SHORT,2026-08-13 04:20:00,2026-08-13 04:50:00,7773.5,7777.0,-19.5
MACD_Momentum(12/26/9),LONG,2026-08-13 04:50:00,2026-08-13 05:50:00,7777.0,7778.5,5.5
MACD_Momentum(12/26/9),SHORT,2026-08-13 05:50:00,2026-08-13 07:35:00,7778.5,7777.25,4.25
MACD_Momentum(12/26/9),LONG,2026-08-13 07:35:00,2026-08-13 09:10:00,7777.25,7780.25,13.0
MACD_Momentum(12/26/9),SHORT,2026-08-13 09:10:00,2026-08-13 09:40:00,7780.25,7782.25,-12.0
MACD_Momentum(12/26/9),LONG,2026-08-13 09:40:00,2026-08-13 10:30:00,7782.25,7783.75,5.5
MACD_Momentum(12/26/9),SHORT,2026-08-13 10:30:00,2026-08-13 10:50:00,7783.75,7785.5,-10.75
MACD_Momentum(12/26/9),LONG,2026-08-13 10:50:00,2026-08-13 11:05:00,7785.5,7784.5,-7.0
MACD_Momentum(12/26/9),SHORT,2026-08-13 11:05:00,2026-08-13 11:40:00,7784.5,7787.5,-17.0
MACD_Momentum(12/26/9),LONG,2026-08-13 11:40:00,2026-08-13 12:00:00,7787.5,7784.0,-19.5
MACD_Momentum(12/26/9),SHORT,2026-08-13 12:00:00,2026-08-13 12:50:00,7784.0,7785.0,-7.0
MACD_Momentum(12/26/9),LONG,2026-08-13 12:50:00,2026-08-13 14:50:00,7785.0,7821.0,178.0
MACD_Momentum(12/26/9),SHORT,2026-08-13 14:50:00,2026-08-13 16:35:00,7821.0,7810.5,50.5
MACD_Momentum(12/26/9),LONG,2026-08-13 16:35:00,2026-08-13 17:50:00,7810.5,7812.75,9.25
MACD_Momentum(12/26/9),SHORT,2026-08-13 17:50:00,2026-08-13 18:35:00,7812.75,7816.75,-22.0
MACD_Momentum(12/26/9),LONG,2026-08-13 18:35:00,2026-08-13 19:45:00,7816.75,7821.75,23.0
MACD_Momentum(12/26/9),SHORT,2026-08-13 19:45:00,2026-08-13 22:05:00,7821.75,7826.0,-23.25
MACD_Momentum(12/26/9),LONG,2026-08-13 22:05:00,2026-08-13 22:15:00,7826.0,7824.0,-12.0
MACD_Momentum(12/26/9),SHORT,2026-08-13 22:15:00,2026-08-13 22:20:00,7824.0,7826.0,-12.0
MACD_Momentum(12/26/9),LONG,2026-08-13 22:20:00,2026-08-13 22:25:00,7826.0,7824.5,-9.5
MACD_Momentum(12/26/9),SHORT,2026-08-13 22:25:00,2026-08-13 23:15:00,7824.5,7827.5,-17.0
MACD_Momentum(12/26/9),LONG,2026-08-13 23:15:00,2026-08-13 23:30:00,7827.5,7825.75,-10.75
MACD_Momentum(12/26/9),SHORT,2026-08-13 23:30:00,2026-08-13 23:35:00,7825.75,7826.5,-5.75
MACD_Momentum(12/26/9),LONG,2026-08-13 23:35:00,2026-08-13 23:40:00,7826.5,7825.75,-5.75
MACD_Momentum(12/26/9),SHORT,2026-08-13 23:40:00,2026-08-14 01:45:00,7825.75,7823.75,8.0
MACD_Momentum(12/26/9),LONG,2026-08-14 01:45:00,2026-08-14 03:05:00,7823.75,7825.0,4.25
MACD_Momentum(12/26/9),SHORT,2026-08-14 03:05:00,2026-08-14 03:15:00,7825.0,7825.75,-5.75
MACD_Momentum(12/26/9),LONG,2026-08-14 03:15:00,2026-08-14 03:45:00,7825.75,7825.25,-4.5
MACD_Momentum(12/26/9),SHORT,2026-08-14 03:45:00,2026-08-14 05:35:00,7825.25,7823.75,5.5
MACD_Momentum(12/26/9),LONG,2026-08-14 05:35:00,2026-08-14 06:10:00,7823.75,7822.0,-10.75
MACD_Momentum(12/26/9),SHORT,2026-08-14 06:10:00,2026-08-14 07:05:00,7822.0,7822.75,-5.75
MACD_Momentum(12/26/9),LONG,2026-08-14 07:05:00,2026-08-14 07:15:00,7822.75,7820.25,-14.5
MACD_Momentum(12/26/9),SHORT,2026-08-14 07:15:00,2026-08-14 07:20:00,7820.25,7821.5,-8.25
MACD_Momentum(12/26/9),LONG,2026-08-14 07:20:00,2026-08-14 09:15:00,7821.5,7825.75,19.25
MACD_Momentum(12/26/9),SHORT,2026-08-14 09:15:00,2026-08-14 09:25:00,7825.75,7827.5,-10.75
MACD_Momentum(12/26/9),LONG,2026-08-14 09:25:00,2026-08-14 09:30:00,7827.5,7826.0,-9.5
MACD_Momentum(12/26/9),SHORT,2026-08-14 09:30:00,2026-08-14 10:05:00,7826.0,7828.75,-15.75
MACD_Momentum(12/26/9),LONG,2026-08-14 10:05:00,2026-08-14 10:40:00,7828.75,7827.5,-8.25
MACD_Momentum(12/26/9),SHORT,2026-08-14 10:40:00,2026-08-14 11:45:00,7827.5,7828.75,-8.25
MACD_Momentum(12/26/9),LONG,2026-08-14 11:45:00,2026-08-14 12:15:00,7828.75,7826.5,-13.25
MACD_Momentum(12/26/9),SHORT,2026-08-14 12:15:00,2026-08-14 12:45:00,7826.5,7828.75,-13.25
MACD_Momentum(12/26/9),LONG,2026-08-14 12:45:00,2026-08-14 13:15:00,7828.75,7826.0,-15.75
MACD_Momentum(12/26/9),SHORT,2026-08-14 13:15:00,2026-08-14 14:10:00,7826.0,7828.0,-12.0
MACD_Momentum(12/26/9),LONG,2026-08-14 14:10:00,2026-08-14 14:20:00,7828.0,7820.75,-38.25
MACD_Momentum(12/26/9),SHORT,2026-08-14 14:20:00,2026-08-14 16:05:00,7820.75,7806.5,69.25
MACD_Momentum(12/26/9),LONG,2026-08-14 16:05:00,2026-08-14 17:05:00,7806.5,7800.0,-34.5
MACD_Momentum(12/26/9),SHORT,2026-08-14 17:05:00,2026-08-14 17:15:00,7800.0,7802.75,-15.75
MACD_Momentum(12/26/9),LONG,2026-08-14 17:15:00,2026-08-14 17:45:00,7802.75,7798.25,-24.5
MACD_Momentum(12/26/9),SHORT,2026-08-14 17:45:00,2026-08-14 17:50:00,7798.25,7798.25,-2.0
MACD_Momentum(12/26/9),LONG,2026-08-14 17:50:00,2026-08-14 20:10:00,7798.25,7801.0,11.75
MACD_Momentum(12/26/9),SHORT,2026-08-14 20:10:00,2026-08-16 22:10:00,7801.0,7809.75,-45.75
MACD_Momentum(12/26/9),LONG,2026-08-16 22:10:00,2026-08-16 23:20:00,7809.75,7809.25,-4.5
MACD_Momentum(12/26/9),SHORT,2026-08-16 23:20:00,2026-08-16 23:55:00,7809.25,7812.25,-17.0
MACD_Momentum(12/26/9),LONG,2026-08-16 23:55:00,2026-08-17 00:20:00,7812.25,7809.0,-18.25
MACD_Momentum(12/26/9),SHORT,2026-08-17 00:20:00,2026-08-17 01:10:00,7809.0,7811.75,-15.75
MACD_Momentum(12/26/9),LONG,2026-08-17 01:10:00,2026-08-17 01:15:00,7811.75,7810.75,-7.0
MACD_Momentum(12/26/9),SHORT,2026-08-17 01:15:00,2026-08-17 01:20:00,7810.75,7812.25,-9.5
MACD_Momentum(12/26/9),LONG,2026-08-17 01:20:00,2026-08-17 01:40:00,7812.25,7811.5,-5.75
MACD_Momentum(12/26/9),SHORT,2026-08-17 01:40:00,2026-08-17 02:45:00,7811.5,7809.25,9.25
"Parabolic_SAR(af=0.02,max=0.2)",SHORT,2026-05-31 22:20:00,2026-05-31 22:25:00,7594.25,7596.5,-13.25
"Parabolic_SAR(af=0.02,max=0.2)",LONG,2026-05-31 22:25:00,2026-05-31 23:55:00,7596.5,7605.25,41.75
"Parabolic_SAR(af=0.02,max=0.2)",SHORT,2026-05-31 23:55:00,2026-06-01 00:05:00,7605.25,7609.25,-22.0
"Parabolic_SAR(af=0.02,max=0.2)",LONG,2026-06-01 00:05:00,2026-06-01 02:35:00,7609.25,7616.0,31.75
"Parabolic_SAR(af=0.02,max=0.2)",SHORT,2026-06-01 02:35:00,2026-06-01 03:05:00,7616.0,7617.0,-7.0
"Parabolic_SAR(af=0.02,max=0.2)",LONG,2026-06-01 03:05:00,2026-06-01 03:20:00,7617.0,7615.0,-12.0
"Parabolic_SAR(af=0.02,max=0.2)",SHORT,2026-06-01 03:20:00,2026-06-01 03:25:00,7615.0,7617.5,-14.5
"Parabolic_SAR(af=0.02,max=0.2)",LONG,2026-06-01 03:25:00,2026-06-01 03:55:00,7617.5,7612.0,-29.5
"Parabolic_SAR(af=0.02,max=0.2)",SHORT,2026-06-01 03:55:00,2026-06-01 05:45:00,7612.0,7617.25,-28.25
"Parabolic_SAR(af=0.02,max=0.2)",LONG,2026-06-01 05:45:00,2026-06-01 06:30:00,7617.25,7614.5,-15.75
"Parabolic_SAR(af=0.02,max=0.2)",SHORT,2026-06-01 06:30:00,2026-06-01 07:05:00,7614.5,7619.5,-27.0
"Parabolic_SAR(af=0.02,max=0.2)",LONG,2026-06-01 07:05:00,2026-06-01 07:30:00,7619.5,7613.25,-33.25
"Parabolic_SAR(af=0.02,max=0.2)",SHORT,2026-06-01 07:30:00,2026-06-01 08:55:00,7613.25,7612.25,3.0
"Parabolic_SAR(af=0.02,max=0.2)",LONG,2026-06-01 08:55:00,2026-06-01 09:55:00,7612.25,7610.0,-13.25
"Parabolic_SAR(af=0.02,max=0.2)",SHORT,2026-06-01 09:55:00,2026-06-01 10:30:00,7610.0,7614.75,-25.75
"Parabolic_SAR(af=0.02,max=0.2)",LONG,2026-06-01 10:30:00,2026-06-01 11:55:00,7614.75,7615.0,-0.75
"Parabolic_SAR(af=0.02,max=0.2)",SHORT,2026-06-01 11:55:00,2026-06-01 12:45:00,7615.0,7613.75,4.25
"Parabolic_SAR(af=0.02,max=0.2)",LONG,2026-06-01 12:45:00,2026-06-01 13:05:00,7613.75,7606.5,-38.25
"Parabolic_SAR(af=0.02,max=0.2)",SHORT,2026-06-01 13:05:00,2026-06-01 14:20:00,7606.5,7587.25,94.25
"Parabolic_SAR(af=0.02,max=0.2)",LONG,2026-06-01 14:20:00,2026-06-01 16:20:00,7587.25,7591.75,20.5
"Parabolic_SAR(af=0.02,max=0.2)",SHORT,2026-06-01 16:20:00,2026-06-01 16:55:00,7591.75,7606.75,-77.0
"Parabolic_SAR(af=0.02,max=0.2)",LONG,2026-06-01 16:55:00,2026-06-01 18:55:00,7606.75,7625.0,89.25
"Parabolic_SAR(af=0.02,max=0.2)",SHORT,2026-06-01 18:55:00,2026-06-01 20:40:00,7625.0,7612.75,59.25
"Parabolic_SAR(af=0.02,max=0.2)",LONG,2026-06-01 20:40:00,2026-06-01 20:50:00,7612.75,7612.0,-5.75
"Parabolic_SAR(af=0.02,max=0.2)",SHORT,2026-06-01 20:50:00,2026-06-01 23:05:00,7612.0,7595.5,80.5
"Parabolic_SAR(af=0.02,max=0.2)",LONG,2026-06-01 23:05:00,2026-06-01 23:50:00,7595.5,7592.75,-15.75
"Parabolic_SAR(af=0.02,max=0.2)",SHORT,2026-06-01 23:50:00,2026-06-02 01:15:00,7592.75,7585.5,34.25
"Parabolic_SAR(af=0.02,max=0.2)",LONG,2026-06-02 01:15:00,2026-06-02 01:30:00,7585.5,7583.0,-14.5
"Parabolic_SAR(af=0.02,max=0.2)",SHORT,2026-06-02 01:30:00,2026-06-02 02:40:00,7583.0,7582.25,1.75
"Parabolic_SAR(af=0.02,max=0.2)",LONG,2026-06-02 02:40:00,2026-06-02 03:15:00,7582.25,7578.5,-20.75
"Parabolic_SAR(af=0.02,max=0.2)",SHORT,2026-06-02 03:15:00,2026-06-02 03:50:00,7578.5,7581.25,-15.75
"Parabolic_SAR(af=0.02,max=0.2)",LONG,2026-06-02 03:50:00,2026-06-02 05:50:00,7581.25,7593.5,59.25
"Parabolic_SAR(af=0.02,max=0.2)",SHORT,2026-06-02 05:50:00,2026-06-02 06:05:00,7593.5,7595.5,-12.0
"Parabolic_SAR(af=0.02,max=0.2)",LONG,2026-06-02 06:05:00,2026-06-02 07:35:00,7595.5,7603.25,36.75
"Parabolic_SAR(af=0.02,max=0.2)",SHORT,2026-06-02 07:35:00,2026-06-02 07:55:00,7603.25,7605.5,-13.25
"Parabolic_SAR(af=0.02,max=0.2)",LONG,2026-06-02 07:55:00,2026-06-02 08:30:00,7605.5,7603.75,-10.75
"Parabolic_SAR(af=0.02,max=0.2)",SHORT,2026-06-02 08:30:00,2026-06-02 09:55:00,7603.75,7602.75,3.0
"Parabolic_SAR(af=0.02,max=0.2)",LONG,2026-06-02 09:55:00,2026-06-02 10:40:00,7602.75,7600.25,-14.5
"Parabolic_SAR(af=0.02,max=0.2)",SHORT,2026-06-02 10:40:00,2026-06-02 11:35:00,7600.25,7600.5,-3.25
"Parabolic_SAR(af=0.02,max=0.2)",LONG,2026-06-02 11:35:00,2026-06-02 12:00:00,7600.5,7596.25,-23.25
"Parabolic_SAR(af=0.02,max=0.2)",SHORT,2026-06-02 12:00:00,2026-06-02 12:25:00,7596.25,7602.0,-30.75
"Parabolic_SAR(af=0.02,max=0.2)",LONG,2026-06-02 12:25:00,2026-06-02 13:05:00,7602.0,7596.75,-28.25
"Parabolic_SAR(af=0.02,max=0.2)",SHORT,2026-06-02 13:05:00,2026-06-02 13:35:00,7596.75,7602.5,-30.75
"Parabolic_SAR(af=0.02,max=0.2)",LONG,2026-06-02 13:35:00,2026-06-02 15:35:00,7602.5,7626.0,115.5
"Parabolic_SAR(af=0.02,max=0.2)",SHORT,2026-06-02 15:35:00,2026-06-02 16:50:00,7626.0,7624.5,5.5
"Parabolic_SAR(af=0.02,max=0.2)",LONG,2026-06-02 16:50:00,2026-06-02 17:20:00,7624.5,7621.5,-17.0
"Parabolic_SAR(af=0.02,max=0.2)",SHORT,2026-06-02 17:20:00,2026-06-02 18:15:00,7621.5,7618.25,14.25
"Parabolic_SAR(af=0.02,max=0.2)",LONG,2026-06-02 18:15:00,2026-06-02 18:40:00,7618.25,7615.0,-18.25
"Parabolic_SAR(af=0.02,max=0.2)",SHORT,2026-06-02 18:40:00,2026-06-02 19:05:00,7615.0,7621.75,-35.75
"Parabolic_SAR(af=0.02,max=0.2)",LONG,2026-06-02 19:05:00,2026-06-02 22:05:00,7621.75,7623.25,5.5
"Parabolic_SAR(af=0.02,max=0.2)",SHORT,2026-06-02 22:05:00,2026-06-02 23:40:00,7623.25,7616.25,33.0
"Parabolic_SAR(af=0.02,max=0.2)",LONG,2026-06-02 23:40:00,2026-06-03 01:05:00,7616.25,7621.5,24.25
"Parabolic_SAR(af=0.02,max=0.2)",SHORT,2026-06-03 01:05:00,2026-06-03 02:15:00,7621.5,7622.5,-7.0
"Parabolic_SAR(af=0.02,max=0.2)",LONG,2026-06-03 02:15:00,2026-06-03 04:50:00,7622.5,7623.0,0.5
"Parabolic_SAR(af=0.02,max=0.2)",SHORT,2026-06-03 04:50:00,2026-06-03 05:30:00,7623.0,7621.75,4.25
"Parabolic_SAR(af=0.02,max=0.2)",LONG,2026-06-03 05:30:00,2026-06-03 05:35:00,7621.75,7619.75,-12.0
"Parabolic_SAR(af=0.02,max=0.2)",SHORT,2026-06-03 05:35:00,2026-06-03 06:40:00,7619.75,7620.5,-5.75
"Parabolic_SAR(af=0.02,max=0.2)",LONG,2026-06-03 06:40:00,2026-06-03 07:35:00,7620.5,7618.75,-10.75
"Parabolic_SAR(af=0.02,max=0.2)",SHORT,2026-06-03 07:35:00,2026-06-03 08:15:00,7618.75,7619.5,-5.75
"Parabolic_SAR(af=0.02,max=0.2)",LONG,2026-06-03 08:15:00,2026-06-03 08:25:00,7619.5,7616.75,-15.75
"Parabolic_SAR(af=0.02,max=0.2)",SHORT,2026-06-03 08:25:00,2026-06-03 08:35:00,7616.75,7621.25,-24.5
"Parabolic_SAR(af=0.02,max=0.2)",LONG,2026-06-03 08:35:00,2026-06-03 09:40:00,7621.25,7616.0,-28.25
"Parabolic_SAR(af=0.02,max=0.2)",SHORT,2026-06-03 09:40:00,2026-06-03 10:10:00,7616.0,7617.25,-8.25
"Parabolic_SAR(af=0.02,max=0.2)",LONG,2026-06-03 10:10:00,2026-06-03 10:45:00,7617.25,7611.0,-33.25
"Parabolic_SAR(af=0.02,max=0.2)",SHORT,2026-06-03 10:45:00,2026-06-03 11:35:00,7611.0,7619.25,-43.25
"Parabolic_SAR(af=0.02,max=0.2)",LONG,2026-06-03 11:35:00,2026-06-03 12:30:00,7619.25,7611.25,-42.0
"Parabolic_SAR(af=0.02,max=0.2)",SHORT,2026-06-03 12:30:00,2026-06-03 13:35:00,7611.25,7609.5,6.75
"Parabolic_SAR(af=0.02,max=0.2)",LONG,2026-06-03 13:35:00,2026-06-03 13:40:00,7609.5,7606.0,-19.5
"Parabolic_SAR(af=0.02,max=0.2)",SHORT,2026-06-03 13:40:00,2026-06-03 14:35:00,7606.0,7593.0,63.0
"Parabolic_SAR(af=0.02,max=0.2)",LONG,2026-06-03 14:35:00,2026-06-03 15:25:00,7593.0,7582.5,-54.5
"Parabolic_SAR(af=0.02,max=0.2)",SHORT,2026-06-03 15:25:00,2026-06-03 16:55:00,7582.5,7572.5,48.0
"Parabolic_SAR(af=0.02,max=0.2)",LONG,2026-06-03 16:55:00,2026-06-03 18:55:00,7572.5,7583.5,53.0
"Parabolic_SAR(af=0.02,max=0.2)",SHORT,2026-06-03 18:55:00,2026-06-03 19:45:00,7583.5,7580.5,13.0
"Parabolic_SAR(af=0.02,max=0.2)",LONG,2026-06-03 19:45:00,2026-06-03 19:55:00,7580.5,7574.0,-34.5
"Parabolic_SAR(af=0.02,max=0.2)",SHORT,2026-06-03 19:55:00,2026-06-03 22:35:00,7574.0,7541.0,163.0
"Parabolic_SAR(af=0.02,max=0.2)",LONG,2026-06-03 22:35:00,2026-06-03 22:55:00,7541.0,7534.5,-34.5
"Parabolic_SAR(af=0.02,max=0.2)",SHORT,2026-06-03 22:55:00,2026-06-03 23:00:00,7534.5,7543.5,-47.0
"Parabolic_SAR(af=0.02,max=0.2)",LONG,2026-06-03 23:00:00,2026-06-03 23:35:00,7543.5,7531.0,-64.5
"Parabolic_SAR(af=0.02,max=0.2)",SHORT,2026-06-03 23:35:00,2026-06-04 00:05:00,7531.0,7541.5,-54.5
"Parabolic_SAR(af=0.02,max=0.2)",LONG,2026-06-04 00:05:00,2026-06-04 01:30:00,7541.5,7545.5,18.0
"Parabolic_SAR(af=0.02,max=0.2)",SHORT,2026-06-04 01:30:00,2026-06-04 02:50:00,7545.5,7538.25,34.25
"Parabolic_SAR(af=0.02,max=0.2)",LONG,2026-06-04 02:50:00,2026-06-04 04:50:00,7538.25,7545.25,33.0
"Parabolic_SAR(af=0.02,max=0.2)",SHORT,2026-06-04 04:50:00,2026-06-04 05:45:00,7545.25,7544.75,0.5
"Parabolic_SAR(af=0.02,max=0.2)",LONG,2026-06-04 05:45:00,2026-06-04 07:25:00,7544.75,7554.5,46.75
"Parabolic_SAR(af=0.02,max=0.2)",SHORT,2026-06-04 07:25:00,2026-06-04 07:35:00,7554.5,7557.25,-15.75
"Parabolic_SAR(af=0.02,max=0.2)",LONG,2026-06-04 07:35:00,2026-06-04 08:05:00,7557.25,7550.75,-34.5
"Parabolic_SAR(af=0.02,max=0.2)",SHORT,2026-06-04 08:05:00,2026-06-04 09:25:00,7550.75,7538.25,60.5
"Parabolic_SAR(af=0.02,max=0.2)",LONG,2026-06-04 09:25:00,2026-06-04 10:15:00,7538.25,7543.25,23.0
"Parabolic_SAR(af=0.02,max=0.2)",SHORT,2026-06-04 10:15:00,2026-06-04 11:20:00,7543.25,7541.75,5.5
"Parabolic_SAR(af=0.02,max=0.2)",LONG,2026-06-04 11:20:00,2026-06-04 11:40:00,7541.75,7533.0,-45.75
"Parabolic_SAR(af=0.02,max=0.2)",SHORT,2026-06-04 11:40:00,2026-06-04 11:55:00,7533.0,7543.25,-53.25
"Parabolic_SAR(af=0.02,max=0.2)",LONG,2026-06-04 11:55:00,2026-06-04 13:30:00,7543.25,7548.25,23.0
"Parabolic_SAR(af=0.02,max=0.2)",SHORT,2026-06-04 13:30:00,2026-06-04 13:35:00,7548.25,7556.25,-42.0
"Parabolic_SAR(af=0.02,max=0.2)",LONG,2026-06-04 13:35:00,2026-06-04 15:45:00,7556.25,7580.75,120.5
"Parabolic_SAR(af=0.02,max=0.2)",SHORT,2026-06-04 15:45:00,2026-06-04 16:10:00,7580.75,7590.0,-48.25
"Parabolic_SAR(af=0.02,max=0.2)",LONG,2026-06-04 16:10:00,2026-06-04 18:35:00,7590.0,7606.0,78.0
"Parabolic_SAR(af=0.02,max=0.2)",SHORT,2026-06-04 18:35:00,2026-06-04 18:50:00,7606.0,7607.0,-7.0
"Parabolic_SAR(af=0.02,max=0.2)",LONG,2026-06-04 18:50:00,2026-06-04 19:00:00,7607.0,7604.5,-14.5
"Parabolic_SAR(af=0.02,max=0.2)",SHORT,2026-06-04 19:00:00,2026-06-04 19:10:00,7604.5,7607.5,-17.0
"Parabolic_SAR(af=0.02,max=0.2)",LONG,2026-06-04 19:10:00,2026-06-04 19:50:00,7607.5,7606.5,-7.0
"Parabolic_SAR(af=0.02,max=0.2)",SHORT,2026-06-04 19:50:00,2026-06-04 22:50:00,7606.5,7584.5,108.0
"Parabolic_SAR(af=0.02,max=0.2)",LONG,2026-06-04 22:50:00,2026-06-04 23:15:00,7584.5,7580.5,-22.0
"Parabolic_SAR(af=0.02,max=0.2)",SHORT,2026-06-04 23:15:00,2026-06-05 01:40:00,7580.5,7553.0,135.5
"Parabolic_SAR(af=0.02,max=0.2)",LONG,2026-06-05 01:40:00,2026-06-05 02:50:00,7553.0,7560.25,34.25
"Parabolic_SAR(af=0.02,max=0.2)",SHORT,2026-06-05 02:50:00,2026-06-05 04:30:00,7560.25,7557.75,10.5
"Parabolic_SAR(af=0.02,max=0.2)",LONG,2026-06-05 04:30:00,2026-06-05 05:50:00,7557.75,7560.0,9.25
"Parabolic_SAR(af=0.02,max=0.2)",SHORT,2026-06-05 05:50:00,2026-06-05 06:10:00,7560.0,7563.25,-18.25
"Parabolic_SAR(af=0.02,max=0.2)",LONG,2026-06-05 06:10:00,2026-06-05 06:20:00,7563.25,7556.5,-35.75
"Parabolic_SAR(af=0.02,max=0.2)",SHORT,2026-06-05 06:20:00,2026-06-05 07:30:00,7556.5,7555.25,4.25
"Parabolic_SAR(af=0.02,max=0.2)",LONG,2026-06-05 07:30:00,2026-06-05 08:55:00,7555.25,7562.25,33.0
"Parabolic_SAR(af=0.02,max=0.2)",SHORT,2026-06-05 08:55:00,2026-06-05 09:15:00,7562.25,7572.25,-52.0
"Parabolic_SAR(af=0.02,max=0.2)",LONG,2026-06-05 09:15:00,2026-06-05 11:20:00,7572.25,7565.75,-34.5
"Parabolic_SAR(af=0.02,max=0.2)",SHORT,2026-06-05 11:20:00,2026-06-05 13:35:00,7565.75,7550.5,74.25
"Parabolic_SAR(af=0.02,max=0.2)",LONG,2026-06-05 13:35:00,2026-06-05 13:40:00,7550.5,7540.25,-53.25
"Parabolic_SAR(af=0.02,max=0.2)",SHORT,2026-06-05 13:40:00,2026-06-05 14:40:00,7540.25,7526.0,69.25
"Parabolic_SAR(af=0.02,max=0.2)",LONG,2026-06-05 14:40:00,2026-06-05 15:15:00,7526.0,7507.25,-95.75
"Parabolic_SAR(af=0.02,max=0.2)",SHORT,2026-06-05 15:15:00,2026-06-05 16:55:00,7507.25,7470.0,184.25
"Parabolic_SAR(af=0.02,max=0.2)",LONG,2026-06-05 16:55:00,2026-06-05 18:05:00,7470.0,7458.25,-60.75
"Parabolic_SAR(af=0.02,max=0.2)",SHORT,2026-06-05 18:05:00,2026-06-05 19:30:00,7458.25,7409.0,244.25
"Parabolic_SAR(af=0.02,max=0.2)",LONG,2026-06-05 19:30:00,2026-06-05 20:05:00,7409.0,7378.0,-157.0
"Parabolic_SAR(af=0.02,max=0.2)",SHORT,2026-06-05 20:05:00,2026-06-07 22:10:00,7378.0,7369.0,43.0
"Parabolic_SAR(af=0.02,max=0.2)",LONG,2026-06-07 22:10:00,2026-06-07 23:00:00,7369.0,7368.0,-7.0
"Parabolic_SAR(af=0.02,max=0.2)",SHORT,2026-06-07 23:00:00,2026-06-07 23:50:00,7368.0,7398.5,-154.5
"Parabolic_SAR(af=0.02,max=0.2)",LONG,2026-06-07 23:50:00,2026-06-08 01:15:00,7398.5,7406.0,35.5
"Parabolic_SAR(af=0.02,max=0.2)",SHORT,2026-06-08 01:15:00,2026-06-08 01:50:00,7406.0,7404.75,4.25
"Parabolic_SAR(af=0.02,max=0.2)",LONG,2026-06-08 01:50:00,2026-06-08 04:05:00,7404.75,7413.5,41.75
"Parabolic_SAR(af=0.02,max=0.2)",SHORT,2026-06-08 04:05:00,2026-06-08 06:05:00,7413.5,7396.75,81.75
"Parabolic_SAR(af=0.02,max=0.2)",LONG,2026-06-08 06:05:00,2026-06-08 08:05:00,7396.75,7420.75,118.0
"Parabolic_SAR(af=0.02,max=0.2)",SHORT,2026-06-08 08:05:00,2026-06-08 09:20:00,7420.75,7416.25,20.5
"Parabolic_SAR(af=0.02,max=0.2)",LONG,2026-06-08 09:20:00,2026-06-08 10:25:00,7416.25,7418.75,10.5
"Parabolic_SAR(af=0.02,max=0.2)",SHORT,2026-06-08 10:25:00,2026-06-08 10:35:00,7418.75,7431.25,-64.5
"Parabolic_SAR(af=0.02,max=0.2)",LONG,2026-06-08 10:35:00,2026-06-08 12:55:00,7431.25,7460.5,144.25
"Parabolic_SAR(af=0.02,max=0.2)",SHORT,2026-06-08 12:55:00,2026-06-08 13:25:00,7460.5,7466.25,-30.75
"Parabolic_SAR(af=0.02,max=0.2)",LONG,2026-06-08 13:25:00,2026-06-08 13:30:00,7466.25,7457.5,-45.75
"Parabolic_SAR(af=0.02,max=0.2)",SHORT,2026-06-08 13:30:00,2026-06-08 14:30:00,7457.5,7447.75,46.75
"Parabolic_SAR(af=0.02,max=0.2)",LONG,2026-06-08 14:30:00,2026-06-08 15:30:00,7447.75,7455.25,35.5
"Parabolic_SAR(af=0.02,max=0.2)",SHORT,2026-06-08 15:30:00,2026-06-08 17:35:00,7455.25,7438.25,83.0
"Parabolic_SAR(af=0.02,max=0.2)",LONG,2026-06-08 17:35:00,2026-06-08 19:05:00,7438.25,7432.0,-33.25
"Parabolic_SAR(af=0.02,max=0.2)",SHORT,2026-06-08 19:05:00,2026-06-08 19:55:00,7432.0,7414.75,84.25
"Parabolic_SAR(af=0.02,max=0.2)",LONG,2026-06-08 19:55:00,2026-06-08 22:05:00,7414.75,7406.0,-45.75
"Parabolic_SAR(af=0.02,max=0.2)",SHORT,2026-06-08 22:05:00,2026-06-08 23:00:00,7406.0,7411.75,-30.75
"Parabolic_SAR(af=0.02,max=0.2)",LONG,2026-06-08 23:00:00,2026-06-09 00:05:00,7411.75,7400.75,-57.0
"Parabolic_SAR(af=0.02,max=0.2)",SHORT,2026-06-09 00:05:00,2026-06-09 01:15:00,7400.75,7400.25,0.5
"Parabolic_SAR(af=0.02,max=0.2)",LONG,2026-06-09 01:15:00,2026-06-09 02:30:00,7400.25,7420.25,98.0
"Parabolic_SAR(af=0.02,max=0.2)",SHORT,2026-06-09 02:30:00,2026-06-09 03:15:00,7420.25,7426.0,-30.75
"Parabolic_SAR(af=0.02,max=0.2)",LONG,2026-06-09 03:15:00,2026-06-09 05:05:00,7426.0,7436.75,51.75
"Parabolic_SAR(af=0.02,max=0.2)",SHORT,2026-06-09 05:05:00,2026-06-09 05:10:00,7436.75,7433.5,14.25
"Parabolic_SAR(af=0.02,max=0.2)",LONG,2026-06-09 05:10:00,2026-06-09 05:25:00,7433.5,7435.25,6.75
"Parabolic_SAR(af=0.02,max=0.2)",SHORT,2026-06-09 05:25:00,2026-06-09 05:35:00,7435.25,7439.25,-22.0
"Parabolic_SAR(af=0.02,max=0.2)",LONG,2026-06-09 05:35:00,2026-06-09 06:35:00,7439.25,7435.5,-20.75
"Parabolic_SAR(af=0.02,max=0.2)",SHORT,2026-06-09 06:35:00,2026-06-09 07:05:00,7435.5,7443.75,-43.25
"Parabolic_SAR(af=0.02,max=0.2)",LONG,2026-06-09 07:05:00,2026-06-09 07:30:00,7443.75,7433.5,-53.25
"Parabolic_SAR(af=0.02,max=0.2)",SHORT,2026-06-09 07:30:00,2026-06-09 08:15:00,7433.5,7444.0,-54.5
"Parabolic_SAR(af=0.02,max=0.2)",LONG,2026-06-09 08:15:00,2026-06-09 10:10:00,7444.0,7441.5,-14.5
"Parabolic_SAR(af=0.02,max=0.2)",SHORT,2026-06-09 10:10:00,2026-06-09 10:55:00,7441.5,7451.0,-49.5
"Parabolic_SAR(af=0.02,max=0.2)",LONG,2026-06-09 10:55:00,2026-06-09 14:00:00,7451.0,7465.25,69.25
"Parabolic_SAR(af=0.02,max=0.2)",SHORT,2026-06-09 14:00:00,2026-06-09 15:15:00,7465.25,7396.75,340.5
"Parabolic_SAR(af=0.02,max=0.2)",LONG,2026-06-09 15:15:00,2026-06-09 15:25:00,7396.75,7362.75,-172.0
"Parabolic_SAR(af=0.02,max=0.2)",SHORT,2026-06-09 15:25:00,2026-06-09 17:00:00,7362.75,7287.25,375.5
"Parabolic_SAR(af=0.02,max=0.2)",LONG,2026-06-09 17:00:00,2026-06-09 19:15:00,7287.25,7375.0,436.75
"Parabolic_SAR(af=0.02,max=0.2)",SHORT,2026-06-09 19:15:00,2026-06-09 19:55:00,7375.0,7383.5,-44.5
"Parabolic_SAR(af=0.02,max=0.2)",LONG,2026-06-09 19:55:00,2026-06-09 22:05:00,7383.5,7378.5,-27.0
"Parabolic_SAR(af=0.02,max=0.2)",SHORT,2026-06-09 22:05:00,2026-06-09 23:50:00,7378.5,7372.25,29.25
"Parabolic_SAR(af=0.02,max=0.2)",LONG,2026-06-09 23:50:00,2026-06-10 00:35:00,7372.25,7371.5,-5.75
"Parabolic_SAR(af=0.02,max=0.2)",SHORT,2026-06-10 00:35:00,2026-06-10 01:15:00,7371.5,7384.0,-64.5
"Parabolic_SAR(af=0.02,max=0.2)",LONG,2026-06-10 01:15:00,2026-06-10 02:10:00,7384.0,7372.5,-59.5
"Parabolic_SAR(af=0.02,max=0.2)",SHORT,2026-06-10 02:10:00,2026-06-10 05:10:00,7372.5,7361.25,54.25
"Parabolic_SAR(af=0.02,max=0.2)",LONG,2026-06-10 05:10:00,2026-06-10 05:20:00,7361.25,7354.0,-38.25
"Parabolic_SAR(af=0.02,max=0.2)",SHORT,2026-06-10 05:20:00,2026-06-10 05:30:00,7354.0,7366.75,-65.75
"Parabolic_SAR(af=0.02,max=0.2)",LONG,2026-06-10 05:30:00,2026-06-10 06:55:00,7366.75,7369.75,13.0
"Parabolic_SAR(af=0.02,max=0.2)",SHORT,2026-06-10 06:55:00,2026-06-10 09:30:00,7369.75,7336.5,164.25
"Parabolic_SAR(af=0.02,max=0.2)",LONG,2026-06-10 09:30:00,2026-06-10 10:20:00,7336.5,7327.5,-47.0
"Parabolic_SAR(af=0.02,max=0.2)",SHORT,2026-06-10 10:20:00,2026-06-10 10:35:00,7327.5,7335.25,-40.75
"Parabolic_SAR(af=0.02,max=0.2)",LONG,2026-06-10 10:35:00,2026-06-10 11:05:00,7335.25,7319.0,-83.25
"Parabolic_SAR(af=0.02,max=0.2)",SHORT,2026-06-10 11:05:00,2026-06-10 12:10:00,7319.0,7327.25,-43.25
"Parabolic_SAR(af=0.02,max=0.2)",LONG,2026-06-10 12:10:00,2026-06-10 13:35:00,7327.25,7338.5,54.25
"Parabolic_SAR(af=0.02,max=0.2)",SHORT,2026-06-10 13:35:00,2026-06-10 13:40:00,7338.5,7366.5,-142.0
"Parabolic_SAR(af=0.02,max=0.2)",LONG,2026-06-10 13:40:00,2026-06-10 14:45:00,7366.5,7376.5,48.0
"Parabolic_SAR(af=0.02,max=0.2)",SHORT,2026-06-10 14:45:00,2026-06-10 15:45:00,7376.5,7343.0,165.5
"Parabolic_SAR(af=0.02,max=0.2)",LONG,2026-06-10 15:45:00,2026-06-10 15:50:00,7343.0,7320.0,-117.0
"Parabolic_SAR(af=0.02,max=0.2)",SHORT,2026-06-10 15:50:00,2026-06-10 16:40:00,7320.0,7340.25,-103.25
"Parabolic_SAR(af=0.02,max=0.2)",LONG,2026-06-10 16:40:00,2026-06-10 17:15:00,7340.25,7310.25,-152.0
"Parabolic_SAR(af=0.02,max=0.2)",SHORT,2026-06-10 17:15:00,2026-06-10 18:00:00,7310.25,7327.25,-87.0
"Parabolic_SAR(af=0.02,max=0.2)",LONG,2026-06-10 18:00:00,2026-06-10 18:40:00,7327.25,7306.0,-108.25
"Parabolic_SAR(af=0.02,max=0.2)",SHORT,2026-06-10 18:40:00,2026-06-10 19:40:00,7306.0,7296.25,46.75
"Parabolic_SAR(af=0.02,max=0.2)",LONG,2026-06-10 19:40:00,2026-06-10 19:55:00,7296.25,7290.0,-33.25
"Parabolic_SAR(af=0.02,max=0.2)",SHORT,2026-06-10 19:55:00,2026-06-10 22:30:00,7290.0,7258.75,154.25
"Parabolic_SAR(af=0.02,max=0.2)",LONG,2026-06-10 22:30:00,2026-06-10 22:55:00,7258.75,7252.75,-32.0
"Parabolic_SAR(af=0.02,max=0.2)",SHORT,2026-06-10 22:55:00,2026-06-10 23:30:00,7252.75,7257.5,-25.75
"Parabolic_SAR(af=0.02,max=0.2)",LONG,2026-06-10 23:30:00,2026-06-11 01:50:00,7257.5,7294.0,180.5
"Parabolic_SAR(af=0.02,max=0.2)",SHORT,2026-06-11 01:50:00,2026-06-11 03:00:00,7294.0,7289.5,20.5
"Parabolic_SAR(af=0.02,max=0.2)",LONG,2026-06-11 03:00:00,2026-06-11 05:05:00,7289.5,7309.0,95.5
"Parabolic_SAR(af=0.02,max=0.2)",SHORT,2026-06-11 05:05:00,2026-06-11 06:00:00,7309.0,7308.25,1.75
"Parabolic_SAR(af=0.02,max=0.2)",LONG,2026-06-11 06:00:00,2026-06-11 06:05:00,7308.25,7301.75,-34.5
"Parabolic_SAR(af=0.02,max=0.2)",SHORT,2026-06-11 06:05:00,2026-06-11 06:20:00,7301.75,7306.25,-24.5
"Parabolic_SAR(af=0.02,max=0.2)",LONG,2026-06-11 06:20:00,2026-06-11 07:55:00,7306.25,7326.5,99.25
"Parabolic_SAR(af=0.02,max=0.2)",SHORT,2026-06-11 07:55:00,2026-06-11 08:05:00,7326.5,7329.25,-15.75
"Parabolic_SAR(af=0.02,max=0.2)",LONG,2026-06-11 08:05:00,2026-06-11 10:00:00,7329.25,7333.5,19.25
"Parabolic_SAR(af=0.02,max=0.2)",SHORT,2026-06-11 10:00:00,2026-06-11 10:55:00,7333.5,7332.25,4.25
"Parabolic_SAR(af=0.02,max=0.2)",LONG,2026-06-11 10:55:00,2026-06-11 11:00:00,7332.25,7328.75,-19.5
"Parabolic_SAR(af=0.02,max=0.2)",SHORT,2026-06-11 11:00:00,2026-06-11 11:35:00,7328.75,7328.25,0.5
"Parabolic_SAR(af=0.02,max=0.2)",LONG,2026-06-11 11:35:00,2026-06-11 12:25:00,7328.25,7309.25,-97.0
"Parabolic_SAR(af=0.02,max=0.2)",SHORT,2026-06-11 12:25:00,2026-06-11 13:50:00,7309.25,7305.75,15.5
"Parabolic_SAR(af=0.02,max=0.2)",LONG,2026-06-11 13:50:00,2026-06-11 14:20:00,7305.75,7290.25,-79.5
"Parabolic_SAR(af=0.02,max=0.2)",SHORT,2026-06-11 14:20:00,2026-06-11 15:40:00,7290.25,7304.25,-72.0
"Parabolic_SAR(af=0.02,max=0.2)",LONG,2026-06-11 15:40:00,2026-06-11 16:55:00,7304.25,7291.0,-68.25
"Parabolic_SAR(af=0.02,max=0.2)",SHORT,2026-06-11 16:55:00,2026-06-11 17:30:00,7291.0,7345.25,-273.25
"Parabolic_SAR(af=0.02,max=0.2)",LONG,2026-06-11 17:30:00,2026-06-11 19:55:00,7345.25,7401.5,279.25
"Parabolic_SAR(af=0.02,max=0.2)",SHORT,2026-06-11 19:55:00,2026-06-11 22:10:00,7401.5,7406.75,-28.25
"Parabolic_SAR(af=0.02,max=0.2)",LONG,2026-06-11 22:10:00,2026-06-11 23:25:00,7406.75,7404.25,-14.5
"Parabolic_SAR(af=0.02,max=0.2)",SHORT,2026-06-11 23:25:00,2026-06-11 23:50:00,7404.25,7415.75,-59.5
"Parabolic_SAR(af=0.02,max=0.2)",LONG,2026-06-11 23:50:00,2026-06-12 01:00:00,7415.75,7412.5,-18.25
"Parabolic_SAR(af=0.02,max=0.2)",SHORT,2026-06-12 01:00:00,2026-06-12 01:55:00,7412.5,7406.25,29.25
"Parabolic_SAR(af=0.02,max=0.2)",LONG,2026-06-12 01:55:00,2026-06-12 02:40:00,7406.25,7409.75,15.5
"Parabolic_SAR(af=0.02,max=0.2)",SHORT,2026-06-12 02:40:00,2026-06-12 04:30:00,7409.75,7408.25,5.5
"Parabolic_SAR(af=0.02,max=0.2)",LONG,2026-06-12 04:30:00,2026-06-12 05:15:00,7408.25,7408.5,-0.75
"Parabolic_SAR(af=0.02,max=0.2)",SHORT,2026-06-12 05:15:00,2026-06-12 06:15:00,7408.5,7401.75,31.75
"Parabolic_SAR(af=0.02,max=0.2)",LONG,2026-06-12 06:15:00,2026-06-12 06:45:00,7401.75,7389.25,-64.5
"Parabolic_SAR(af=0.02,max=0.2)",SHORT,2026-06-12 06:45:00,2026-06-12 07:40:00,7389.25,7387.25,8.0
"Parabolic_SAR(af=0.02,max=0.2)",LONG,2026-06-12 07:40:00,2026-06-12 08:45:00,7387.25,7412.0,121.75
"Parabolic_SAR(af=0.02,max=0.2)",SHORT,2026-06-12 08:45:00,2026-06-12 09:15:00,7412.0,7426.25,-73.25
"Parabolic_SAR(af=0.02,max=0.2)",LONG,2026-06-12 09:15:00,2026-06-12 10:15:00,7426.25,7436.5,49.25
"Parabolic_SAR(af=0.02,max=0.2)",SHORT,2026-06-12 10:15:00,2026-06-12 11:20:00,7436.5,7432.25,19.25
"Parabolic_SAR(af=0.02,max=0.2)",LONG,2026-06-12 11:20:00,2026-06-12 12:20:00,7432.25,7433.75,5.5
"Parabolic_SAR(af=0.02,max=0.2)",SHORT,2026-06-12 12:20:00,2026-06-12 13:15:00,7433.75,7415.0,91.75
"Parabolic_SAR(af=0.02,max=0.2)",LONG,2026-06-12 13:15:00,2026-06-12 13:35:00,7415.0,7401.5,-69.5
"Parabolic_SAR(af=0.02,max=0.2)",SHORT,2026-06-12 13:35:00,2026-06-12 14:10:00,7401.5,7418.25,-85.75
"Parabolic_SAR(af=0.02,max=0.2)",LONG,2026-06-12 14:10:00,2026-06-12 14:50:00,7418.25,7391.0,-138.25
"Parabolic_SAR(af=0.02,max=0.2)",SHORT,2026-06-12 14:50:00,2026-06-12 14:55:00,7391.0,7433.5,-214.5
"Parabolic_SAR(af=0.02,max=0.2)",LONG,2026-06-12 14:55:00,2026-06-12 15:45:00,7433.5,7426.25,-38.25
"Parabolic_SAR(af=0.02,max=0.2)",SHORT,2026-06-12 15:45:00,2026-06-12 16:45:00,7426.25,7421.75,20.5
"Parabolic_SAR(af=0.02,max=0.2)",LONG,2026-06-12 16:45:00,2026-06-12 18:00:00,7421.75,7430.5,41.75
"Parabolic_SAR(af=0.02,max=0.2)",SHORT,2026-06-12 18:00:00,2026-06-12 18:45:00,7430.5,7440.25,-50.75
"Parabolic_SAR(af=0.02,max=0.2)",LONG,2026-06-12 18:45:00,2026-06-12 19:35:00,7440.25,7423.25,-87.0
"Parabolic_SAR(af=0.02,max=0.2)",SHORT,2026-06-12 19:35:00,2026-06-12 20:05:00,7423.25,7437.25,-72.0
"Parabolic_SAR(af=0.02,max=0.2)",LONG,2026-06-12 20:05:00,2026-06-14 23:15:00,7437.25,7490.25,263.0
"Parabolic_SAR(af=0.02,max=0.2)",SHORT,2026-06-14 23:15:00,2026-06-15 00:00:00,7490.25,7496.5,-33.25
"Parabolic_SAR(af=0.02,max=0.2)",LONG,2026-06-15 00:00:00,2026-06-15 03:05:00,7496.5,7519.0,110.5
"Parabolic_SAR(af=0.02,max=0.2)",SHORT,2026-06-15 03:05:00,2026-06-15 03:20:00,7519.0,7520.75,-10.75
"Parabolic_SAR(af=0.02,max=0.2)",LONG,2026-06-15 03:20:00,2026-06-15 04:05:00,7520.75,7518.25,-14.5
"Parabolic_SAR(af=0.02,max=0.2)",SHORT,2026-06-15 04:05:00,2026-06-15 04:30:00,7518.25,7522.75,-24.5
"Parabolic_SAR(af=0.02,max=0.2)",LONG,2026-06-15 04:30:00,2026-06-15 06:00:00,7522.75,7531.25,40.5
"Parabolic_SAR(af=0.02,max=0.2)",SHORT,2026-06-15 06:00:00,2026-06-15 06:05:00,7531.25,7531.5,-3.25
"Parabolic_SAR(af=0.02,max=0.2)",LONG,2026-06-15 06:05:00,2026-06-15 06:20:00,7531.5,7527.25,-23.25
"Parabolic_SAR(af=0.02,max=0.2)",SHORT,2026-06-15 06:20:00,2026-06-15 07:20:00,7527.25,7530.25,-17.0
"Parabolic_SAR(af=0.02,max=0.2)",LONG,2026-06-15 07:20:00,2026-06-15 08:00:00,7530.25,7522.25,-42.0
"Parabolic_SAR(af=0.02,max=0.2)",SHORT,2026-06-15 08:00:00,2026-06-15 08:30:00,7522.25,7529.5,-38.25
"Parabolic_SAR(af=0.02,max=0.2)",LONG,2026-06-15 08:30:00,2026-06-15 09:25:00,7529.5,7523.5,-32.0
"Parabolic_SAR(af=0.02,max=0.2)",SHORT,2026-06-15 09:25:00,2026-06-15 09:35:00,7523.5,7584.75,-308.25
"Parabolic_SAR(af=0.02,max=0.2)",LONG,2026-06-15 09:35:00,2026-06-15 11:40:00,7584.75,7595.5,51.75
"Parabolic_SAR(af=0.02,max=0.2)",SHORT,2026-06-15 11:40:00,2026-06-15 12:45:00,7595.5,7591.75,16.75
"Parabolic_SAR(af=0.02,max=0.2)",LONG,2026-06-15 12:45:00,2026-06-15 12:50:00,7591.75,7592.25,0.5
"Parabolic_SAR(af=0.02,max=0.2)",SHORT,2026-06-15 12:50:00,2026-06-15 13:15:00,7592.25,7596.75,-24.5
"Parabolic_SAR(af=0.02,max=0.2)",LONG,2026-06-15 13:15:00,2026-06-15 14:15:00,7596.75,7611.0,69.25
"Parabolic_SAR(af=0.02,max=0.2)",SHORT,2026-06-15 14:15:00,2026-06-15 14:55:00,7611.0,7620.25,-48.25
"Parabolic_SAR(af=0.02,max=0.2)",LONG,2026-06-15 14:55:00,2026-06-15 16:20:00,7620.25,7643.25,113.0
"Parabolic_SAR(af=0.02,max=0.2)",SHORT,2026-06-15 16:20:00,2026-06-15 17:20:00,7643.25,7641.75,5.5
"Parabolic_SAR(af=0.02,max=0.2)",LONG,2026-06-15 17:20:00,2026-06-15 17:55:00,7641.75,7636.0,-30.75
"Parabolic_SAR(af=0.02,max=0.2)",SHORT,2026-06-15 17:55:00,2026-06-15 19:20:00,7636.0,7631.5,20.5
"Parabolic_SAR(af=0.02,max=0.2)",LONG,2026-06-15 19:20:00,2026-06-15 19:30:00,7631.5,7625.0,-34.5
"Parabolic_SAR(af=0.02,max=0.2)",SHORT,2026-06-15 19:30:00,2026-06-15 20:05:00,7625.0,7629.25,-23.25
"Parabolic_SAR(af=0.02,max=0.2)",LONG,2026-06-15 20:05:00,2026-06-15 22:15:00,7629.25,7621.0,-43.25
"Parabolic_SAR(af=0.02,max=0.2)",SHORT,2026-06-15 22:15:00,2026-06-15 23:25:00,7621.0,7619.25,6.75
"Parabolic_SAR(af=0.02,max=0.2)",LONG,2026-06-15 23:25:00,2026-06-16 00:40:00,7619.25,7618.25,-7.0
"Parabolic_SAR(af=0.02,max=0.2)",SHORT,2026-06-16 00:40:00,2026-06-16 01:50:00,7618.25,7618.25,-2.0
"Parabolic_SAR(af=0.02,max=0.2)",LONG,2026-06-16 01:50:00,2026-06-16 03:55:00,7618.25,7622.0,16.75
"Parabolic_SAR(af=0.02,max=0.2)",SHORT,2026-06-16 03:55:00,2026-06-16 05:05:00,7622.0,7621.0,3.0
"Parabolic_SAR(af=0.02,max=0.2)",LONG,2026-06-16 05:05:00,2026-06-16 05:35:00,7621.0,7616.25,-25.75
"Parabolic_SAR(af=0.02,max=0.2)",SHORT,2026-06-16 05:35:00,2026-06-16 06:15:00,7616.25,7623.0,-35.75
"Parabolic_SAR(af=0.02,max=0.2)",LONG,2026-06-16 06:15:00,2026-06-16 07:50:00,7623.0,7621.25,-10.75
"Parabolic_SAR(af=0.02,max=0.2)",SHORT,2026-06-16 07:50:00,2026-06-16 08:10:00,7621.25,7629.0,-40.75
"Parabolic_SAR(af=0.02,max=0.2)",LONG,2026-06-16 08:10:00,2026-06-16 08:40:00,7629.0,7621.5,-39.5
"Parabolic_SAR(af=0.02,max=0.2)",SHORT,2026-06-16 08:40:00,2026-06-16 10:15:00,7621.5,7625.5,-22.0
"Parabolic_SAR(af=0.02,max=0.2)",LONG,2026-06-16 10:15:00,2026-06-16 11:30:00,7625.5,7631.75,29.25
"Parabolic_SAR(af=0.02,max=0.2)",SHORT,2026-06-16 11:30:00,2026-06-16 11:50:00,7631.75,7632.75,-7.0
"Parabolic_SAR(af=0.02,max=0.2)",LONG,2026-06-16 11:50:00,2026-06-16 12:20:00,7632.75,7629.0,-20.75
"Parabolic_SAR(af=0.02,max=0.2)",SHORT,2026-06-16 12:20:00,2026-06-16 13:25:00,7629.0,7627.75,4.25
"Parabolic_SAR(af=0.02,max=0.2)",LONG,2026-06-16 13:25:00,2026-06-16 14:00:00,7627.75,7622.75,-27.0
"Parabolic_SAR(af=0.02,max=0.2)",SHORT,2026-06-16 14:00:00,2026-06-16 15:10:00,7622.75,7616.0,31.75
"Parabolic_SAR(af=0.02,max=0.2)",LONG,2026-06-16 15:10:00,2026-06-16 15:30:00,7616.0,7608.0,-42.0
"Parabolic_SAR(af=0.02,max=0.2)",SHORT,2026-06-16 15:30:00,2026-06-16 16:00:00,7608.0,7609.75,-10.75
"Parabolic_SAR(af=0.02,max=0.2)",LONG,2026-06-16 16:00:00,2026-06-16 16:35:00,7609.75,7607.25,-14.5
"Parabolic_SAR(af=0.02,max=0.2)",SHORT,2026-06-16 16:35:00,2026-06-16 17:55:00,7607.25,7609.75,-14.5
"Parabolic_SAR(af=0.02,max=0.2)",LONG,2026-06-16 17:55:00,2026-06-16 18:40:00,7609.75,7604.75,-27.0
"Parabolic_SAR(af=0.02,max=0.2)",SHORT,2026-06-16 18:40:00,2026-06-16 19:55:00,7604.75,7595.25,45.5
"Parabolic_SAR(af=0.02,max=0.2)",LONG,2026-06-16 19:55:00,2026-06-16 20:00:00,7595.25,7588.0,-38.25
"Parabolic_SAR(af=0.02,max=0.2)",SHORT,2026-06-16 20:00:00,2026-06-16 22:05:00,7588.0,7586.5,5.5
"Parabolic_SAR(af=0.02,max=0.2)",LONG,2026-06-16 22:05:00,2026-06-16 23:15:00,7586.5,7593.5,33.0
"Parabolic_SAR(af=0.02,max=0.2)",SHORT,2026-06-16 23:15:00,2026-06-17 00:05:00,7593.5,7597.0,-19.5
"Parabolic_SAR(af=0.02,max=0.2)",LONG,2026-06-17 00:05:00,2026-06-17 02:35:00,7597.0,7602.5,25.5
"Parabolic_SAR(af=0.02,max=0.2)",SHORT,2026-06-17 02:35:00,2026-06-17 03:10:00,7602.5,7603.5,-7.0
"Parabolic_SAR(af=0.02,max=0.2)",LONG,2026-06-17 03:10:00,2026-06-17 03:15:00,7603.5,7601.25,-13.25
"Parabolic_SAR(af=0.02,max=0.2)",SHORT,2026-06-17 03:15:00,2026-06-17 03:45:00,7601.25,7604.25,-17.0
"Parabolic_SAR(af=0.02,max=0.2)",LONG,2026-06-17 03:45:00,2026-06-17 04:45:00,7604.25,7601.5,-15.75
"Parabolic_SAR(af=0.02,max=0.2)",SHORT,2026-06-17 04:45:00,2026-06-17 05:00:00,7601.5,7606.0,-24.5
"Parabolic_SAR(af=0.02,max=0.2)",LONG,2026-06-17 05:00:00,2026-06-17 06:00:00,7606.0,7603.75,-13.25
"Parabolic_SAR(af=0.02,max=0.2)",SHORT,2026-06-17 06:00:00,2026-06-17 06:40:00,7603.75,7607.25,-19.5
"Parabolic_SAR(af=0.02,max=0.2)",LONG,2026-06-17 06:40:00,2026-06-17 07:25:00,7607.25,7605.0,-13.25
"Parabolic_SAR(af=0.02,max=0.2)",SHORT,2026-06-17 07:25:00,2026-06-17 09:00:00,7605.0,7600.0,23.0
"Parabolic_SAR(af=0.02,max=0.2)",LONG,2026-06-17 09:00:00,2026-06-17 09:50:00,7600.0,7595.0,-27.0
"Parabolic_SAR(af=0.02,max=0.2)",SHORT,2026-06-17 09:50:00,2026-06-17 10:45:00,7595.0,7595.75,-5.75
"Parabolic_SAR(af=0.02,max=0.2)",LONG,2026-06-17 10:45:00,2026-06-17 11:45:00,7595.75,7589.5,-33.25
"Parabolic_SAR(af=0.02,max=0.2)",SHORT,2026-06-17 11:45:00,2026-06-17 12:30:00,7589.5,7590.25,-5.75
"Parabolic_SAR(af=0.02,max=0.2)",LONG,2026-06-17 12:30:00,2026-06-17 13:35:00,7590.25,7589.5,-5.75
"Parabolic_SAR(af=0.02,max=0.2)",SHORT,2026-06-17 13:35:00,2026-06-17 13:50:00,7589.5,7593.75,-23.25
"Parabolic_SAR(af=0.02,max=0.2)",LONG,2026-06-17 13:50:00,2026-06-17 14:00:00,7593.75,7581.25,-64.5
"Parabolic_SAR(af=0.02,max=0.2)",SHORT,2026-06-17 14:00:00,2026-06-17 14:20:00,7581.25,7595.75,-74.5
"Parabolic_SAR(af=0.02,max=0.2)",LONG,2026-06-17 14:20:00,2026-06-17 14:45:00,7595.75,7584.0,-60.75
"Parabolic_SAR(af=0.02,max=0.2)",SHORT,2026-06-17 14:45:00,2026-06-17 15:40:00,7584.0,7589.5,-29.5
"Parabolic_SAR(af=0.02,max=0.2)",LONG,2026-06-17 15:40:00,2026-06-17 17:00:00,7589.5,7582.5,-37.0
"Parabolic_SAR(af=0.02,max=0.2)",SHORT,2026-06-17 17:00:00,2026-06-17 17:55:00,7582.5,7584.75,-13.25
"Parabolic_SAR(af=0.02,max=0.2)",LONG,2026-06-17 17:55:00,2026-06-17 18:05:00,7584.75,7531.75,-267.0
"Parabolic_SAR(af=0.02,max=0.2)",SHORT,2026-06-17 18:05:00,2026-06-17 18:45:00,7531.75,7580.25,-244.5
"Parabolic_SAR(af=0.02,max=0.2)",LONG,2026-06-17 18:45:00,2026-06-17 19:20:00,7580.25,7521.5,-295.75
"Parabolic_SAR(af=0.02,max=0.2)",SHORT,2026-06-17 19:20:00,2026-06-17 20:40:00,7521.5,7513.25,39.25
"Parabolic_SAR(af=0.02,max=0.2)",LONG,2026-06-17 20:40:00,2026-06-18 00:30:00,7513.25,7552.75,195.5
"Parabolic_SAR(af=0.02,max=0.2)",SHORT,2026-06-18 00:30:00,2026-06-18 01:10:00,7552.75,7557.75,-27.0
"Parabolic_SAR(af=0.02,max=0.2)",LONG,2026-06-18 01:10:00,2026-06-18 01:50:00,7557.75,7552.75,-27.0
"Parabolic_SAR(af=0.02,max=0.2)",SHORT,2026-06-18 01:50:00,2026-06-18 03:35:00,7552.75,7555.0,-13.25
"Parabolic_SAR(af=0.02,max=0.2)",LONG,2026-06-18 03:35:00,2026-06-18 03:45:00,7555.0,7551.5,-19.5
"Parabolic_SAR(af=0.02,max=0.2)",SHORT,2026-06-18 03:45:00,2026-06-18 05:05:00,7551.5,7547.0,20.5
"Parabolic_SAR(af=0.02,max=0.2)",LONG,2026-06-18 05:05:00,2026-06-18 05:55:00,7547.0,7544.75,-13.25
"Parabolic_SAR(af=0.02,max=0.2)",SHORT,2026-06-18 05:55:00,2026-06-18 06:30:00,7544.75,7550.25,-29.5
"Parabolic_SAR(af=0.02,max=0.2)",LONG,2026-06-18 06:30:00,2026-06-18 07:55:00,7550.25,7554.5,19.25
"Parabolic_SAR(af=0.02,max=0.2)",SHORT,2026-06-18 07:55:00,2026-06-18 08:00:00,7554.5,7559.5,-27.0
"Parabolic_SAR(af=0.02,max=0.2)",LONG,2026-06-18 08:00:00,2026-06-18 08:25:00,7559.5,7557.5,-12.0
"Parabolic_SAR(af=0.02,max=0.2)",SHORT,2026-06-18 08:25:00,2026-06-18 09:20:00,7557.5,7554.5,13.0
"Parabolic_SAR(af=0.02,max=0.2)",LONG,2026-06-18 09:20:00,2026-06-18 10:35:00,7554.5,7558.0,15.5
"Parabolic_SAR(af=0.02,max=0.2)",SHORT,2026-06-18 10:35:00,2026-06-18 11:55:00,7558.0,7542.25,76.75
"Parabolic_SAR(af=0.02,max=0.2)",LONG,2026-06-18 11:55:00,2026-06-18 13:05:00,7542.25,7551.75,45.5
"Parabolic_SAR(af=0.02,max=0.2)",SHORT,2026-06-18 13:05:00,2026-06-18 13:20:00,7551.75,7563.75,-62.0
"Parabolic_SAR(af=0.02,max=0.2)",LONG,2026-06-18 13:20:00,2026-06-18 13:40:00,7563.75,7544.0,-100.75
"Parabolic_SAR(af=0.02,max=0.2)",SHORT,2026-06-18 13:40:00,2026-06-18 14:25:00,7544.0,7561.5,-89.5
"Parabolic_SAR(af=0.02,max=0.2)",LONG,2026-06-18 14:25:00,2026-06-18 15:35:00,7561.5,7553.5,-42.0
"Parabolic_SAR(af=0.02,max=0.2)",SHORT,2026-06-18 15:35:00,2026-06-18 16:25:00,7553.5,7561.75,-43.25
"Parabolic_SAR(af=0.02,max=0.2)",LONG,2026-06-18 16:25:00,2026-06-18 18:00:00,7561.75,7567.0,24.25
"Parabolic_SAR(af=0.02,max=0.2)",SHORT,2026-06-18 18:00:00,2026-06-18 19:25:00,7567.0,7556.5,50.5
"Parabolic_SAR(af=0.02,max=0.2)",LONG,2026-06-18 19:25:00,2026-06-18 20:45:00,7556.5,7572.75,79.25
"Parabolic_SAR(af=0.02,max=0.2)",SHORT,2026-06-18 20:45:00,2026-06-18 23:25:00,7572.75,7564.25,40.5
"Parabolic_SAR(af=0.02,max=0.2)",LONG,2026-06-18 23:25:00,2026-06-19 00:05:00,7564.25,7563.25,-7.0
"Parabolic_SAR(af=0.02,max=0.2)",SHORT,2026-06-19 00:05:00,2026-06-19 02:35:00,7563.25,7546.25,83.0
"Parabolic_SAR(af=0.02,max=0.2)",LONG,2026-06-19 02:35:00,2026-06-19 03:15:00,7546.25,7544.0,-13.25
"Parabolic_SAR(af=0.02,max=0.2)",SHORT,2026-06-19 03:15:00,2026-06-21 22:05:00,7544.0,7547.75,-20.75
"Parabolic_SAR(af=0.02,max=0.2)",LONG,2026-06-21 22:05:00,2026-06-21 22:10:00,7547.75,7536.25,-59.5
"Parabolic_SAR(af=0.02,max=0.2)",SHORT,2026-06-21 22:10:00,2026-06-21 22:30:00,7536.25,7541.0,-25.75
"Parabolic_SAR(af=0.02,max=0.2)",LONG,2026-06-21 22:30:00,2026-06-21 23:05:00,7541.0,7528.25,-65.75
"Parabolic_SAR(af=0.02,max=0.2)",SHORT,2026-06-21 23:05:00,2026-06-21 23:15:00,7528.25,7526.75,5.5
"Parabolic_SAR(af=0.02,max=0.2)",LONG,2026-06-21 23:15:00,2026-06-21 23:20:00,7526.75,7525.5,-8.25
"Parabolic_SAR(af=0.02,max=0.2)",SHORT,2026-06-21 23:20:00,2026-06-21 23:40:00,7525.5,7518.5,33.0
"Parabolic_SAR(af=0.02,max=0.2)",LONG,2026-06-21 23:40:00,2026-06-21 23:45:00,7518.5,7519.75,4.25
"Parabolic_SAR(af=0.02,max=0.2)",SHORT,2026-06-21 23:45:00,2026-06-22 00:05:00,7519.75,7531.5,-60.75
"Parabolic_SAR(af=0.02,max=0.2)",LONG,2026-06-22 00:05:00,2026-06-22 02:40:00,7531.5,7540.5,43.0
"Parabolic_SAR(af=0.02,max=0.2)",SHORT,2026-06-22 02:40:00,2026-06-22 03:00:00,7540.5,7538.5,8.0
"Parabolic_SAR(af=0.02,max=0.2)",LONG,2026-06-22 03:00:00,2026-06-22 03:05:00,7538.5,7537.75,-5.75
"Parabolic_SAR(af=0.02,max=0.2)",SHORT,2026-06-22 03:05:00,2026-06-22 03:25:00,7537.75,7540.5,-15.75
"Parabolic_SAR(af=0.02,max=0.2)",LONG,2026-06-22 03:25:00,2026-06-22 03:55:00,7540.5,7536.75,-20.75
"Parabolic_SAR(af=0.02,max=0.2)",SHORT,2026-06-22 03:55:00,2026-06-22 05:05:00,7536.75,7535.75,3.0
"Parabolic_SAR(af=0.02,max=0.2)",LONG,2026-06-22 05:05:00,2026-06-22 07:35:00,7535.75,7565.5,146.75
"Parabolic_SAR(af=0.02,max=0.2)",SHORT,2026-06-22 07:35:00,2026-06-22 07:40:00,7565.5,7565.0,0.5
"Parabolic_SAR(af=0.02,max=0.2)",LONG,2026-06-22 07:40:00,2026-06-22 07:45:00,7565.0,7562.25,-15.75
"Parabolic_SAR(af=0.02,max=0.2)",SHORT,2026-06-22 07:45:00,2026-06-22 08:45:00,7562.25,7559.75,10.5
"Parabolic_SAR(af=0.02,max=0.2)",LONG,2026-06-22 08:45:00,2026-06-22 09:40:00,7559.75,7557.5,-13.25
"Parabolic_SAR(af=0.02,max=0.2)",SHORT,2026-06-22 09:40:00,2026-06-22 10:10:00,7557.5,7563.25,-30.75
"Parabolic_SAR(af=0.02,max=0.2)",LONG,2026-06-22 10:10:00,2026-06-22 11:50:00,7563.25,7564.25,3.0
"Parabolic_SAR(af=0.02,max=0.2)",SHORT,2026-06-22 11:50:00,2026-06-22 12:35:00,7564.25,7575.5,-58.25
"Parabolic_SAR(af=0.02,max=0.2)",LONG,2026-06-22 12:35:00,2026-06-22 14:20:00,7575.5,7581.25,26.75
"Parabolic_SAR(af=0.02,max=0.2)",SHORT,2026-06-22 14:20:00,2026-06-22 15:30:00,7581.25,7539.75,205.5
"Parabolic_SAR(af=0.02,max=0.2)",LONG,2026-06-22 15:30:00,2026-06-22 16:05:00,7539.75,7533.5,-33.25
"Parabolic_SAR(af=0.02,max=0.2)",SHORT,2026-06-22 16:05:00,2026-06-22 18:20:00,7533.5,7548.5,-77.0
"Parabolic_SAR(af=0.02,max=0.2)",LONG,2026-06-22 18:20:00,2026-06-22 18:55:00,7548.5,7536.5,-62.0
"Parabolic_SAR(af=0.02,max=0.2)",SHORT,2026-06-22 18:55:00,2026-06-22 19:55:00,7536.5,7543.75,-38.25
"Parabolic_SAR(af=0.02,max=0.2)",LONG,2026-06-22 19:55:00,2026-06-22 22:10:00,7543.75,7542.5,-8.25
"Parabolic_SAR(af=0.02,max=0.2)",SHORT,2026-06-22 22:10:00,2026-06-23 00:00:00,7542.5,7531.75,51.75
"Parabolic_SAR(af=0.02,max=0.2)",LONG,2026-06-23 00:00:00,2026-06-23 00:15:00,7531.75,7525.25,-34.5
"Parabolic_SAR(af=0.02,max=0.2)",SHORT,2026-06-23 00:15:00,2026-06-23 00:40:00,7525.25,7533.5,-43.25
"Parabolic_SAR(af=0.02,max=0.2)",LONG,2026-06-23 00:40:00,2026-06-23 01:35:00,7533.5,7530.0,-19.5
"Parabolic_SAR(af=0.02,max=0.2)",SHORT,2026-06-23 01:35:00,2026-06-23 03:55:00,7530.0,7505.25,121.75
"Parabolic_SAR(af=0.02,max=0.2)",LONG,2026-06-23 03:55:00,2026-06-23 04:20:00,7505.25,7496.25,-47.0
"Parabolic_SAR(af=0.02,max=0.2)",SHORT,2026-06-23 04:20:00,2026-06-23 07:10:00,7496.25,7454.75,205.5
"Parabolic_SAR(af=0.02,max=0.2)",LONG,2026-06-23 07:10:00,2026-06-23 07:25:00,7454.75,7443.75,-57.0
"Parabolic_SAR(af=0.02,max=0.2)",SHORT,2026-06-23 07:25:00,2026-06-23 08:35:00,7443.75,7432.25,55.5
"Parabolic_SAR(af=0.02,max=0.2)",LONG,2026-06-23 08:35:00,2026-06-23 10:15:00,7432.25,7442.25,48.0
"Parabolic_SAR(af=0.02,max=0.2)",SHORT,2026-06-23 10:15:00,2026-06-23 10:25:00,7442.25,7444.25,-12.0
"Parabolic_SAR(af=0.02,max=0.2)",LONG,2026-06-23 10:25:00,2026-06-23 10:30:00,7444.25,7439.75,-24.5
"Parabolic_SAR(af=0.02,max=0.2)",SHORT,2026-06-23 10:30:00,2026-06-23 11:15:00,7439.75,7442.5,-15.75
"Parabolic_SAR(af=0.02,max=0.2)",LONG,2026-06-23 11:15:00,2026-06-23 12:20:00,7442.5,7443.5,3.0
"Parabolic_SAR(af=0.02,max=0.2)",SHORT,2026-06-23 12:20:00,2026-06-23 13:35:00,7443.5,7432.75,51.75
"Parabolic_SAR(af=0.02,max=0.2)",LONG,2026-06-23 13:35:00,2026-06-23 14:40:00,7432.75,7470.5,186.75
"Parabolic_SAR(af=0.02,max=0.2)",SHORT,2026-06-23 14:40:00,2026-06-23 15:55:00,7470.5,7453.0,85.5
"Parabolic_SAR(af=0.02,max=0.2)",LONG,2026-06-23 15:55:00,2026-06-23 17:10:00,7453.0,7464.75,56.75
"Parabolic_SAR(af=0.02,max=0.2)",SHORT,2026-06-23 17:10:00,2026-06-23 17:25:00,7464.75,7474.25,-49.5
"Parabolic_SAR(af=0.02,max=0.2)",LONG,2026-06-23 17:25:00,2026-06-23 17:55:00,7474.25,7456.0,-93.25
"Parabolic_SAR(af=0.02,max=0.2)",SHORT,2026-06-23 17:55:00,2026-06-23 19:05:00,7456.0,7445.75,49.25
"Parabolic_SAR(af=0.02,max=0.2)",LONG,2026-06-23 19:05:00,2026-06-23 20:00:00,7445.75,7434.75,-57.0
"Parabolic_SAR(af=0.02,max=0.2)",SHORT,2026-06-23 20:00:00,2026-06-23 22:00:00,7434.75,7449.25,-74.5
"Parabolic_SAR(af=0.02,max=0.2)",LONG,2026-06-23 22:00:00,2026-06-23 22:35:00,7449.25,7433.5,-80.75
"Parabolic_SAR(af=0.02,max=0.2)",SHORT,2026-06-23 22:35:00,2026-06-23 23:30:00,7433.5,7436.0,-14.5
"Parabolic_SAR(af=0.02,max=0.2)",LONG,2026-06-23 23:30:00,2026-06-24 01:05:00,7436.0,7447.25,54.25
"Parabolic_SAR(af=0.02,max=0.2)",SHORT,2026-06-24 01:05:00,2026-06-24 03:15:00,7447.25,7444.75,10.5
"Parabolic_SAR(af=0.02,max=0.2)",LONG,2026-06-24 03:15:00,2026-06-24 04:15:00,7444.75,7439.75,-27.0
"Parabolic_SAR(af=0.02,max=0.2)",SHORT,2026-06-24 04:15:00,2026-06-24 04:40:00,7439.75,7447.75,-42.0
"Parabolic_SAR(af=0.02,max=0.2)",LONG,2026-06-24 04:40:00,2026-06-24 05:50:00,7447.75,7451.75,18.0
"Parabolic_SAR(af=0.02,max=0.2)",SHORT,2026-06-24 05:50:00,2026-06-24 06:40:00,7451.75,7450.0,6.75
"Parabolic_SAR(af=0.02,max=0.2)",LONG,2026-06-24 06:40:00,2026-06-24 07:05:00,7450.0,7445.75,-23.25
"Parabolic_SAR(af=0.02,max=0.2)",SHORT,2026-06-24 07:05:00,2026-06-24 07:50:00,7445.75,7451.5,-30.75
"Parabolic_SAR(af=0.02,max=0.2)",LONG,2026-06-24 07:50:00,2026-06-24 09:05:00,7451.5,7445.25,-33.25
"Parabolic_SAR(af=0.02,max=0.2)",SHORT,2026-06-24 09:05:00,2026-06-24 10:15:00,7445.25,7447.5,-13.25
"Parabolic_SAR(af=0.02,max=0.2)",LONG,2026-06-24 10:15:00,2026-06-24 11:00:00,7447.5,7449.0,5.5
"Parabolic_SAR(af=0.02,max=0.2)",SHORT,2026-06-24 11:00:00,2026-06-24 11:40:00,7449.0,7456.25,-38.25
"Parabolic_SAR(af=0.02,max=0.2)",LONG,2026-06-24 11:40:00,2026-06-24 12:40:00,7456.25,7456.75,0.5
"Parabolic_SAR(af=0.02,max=0.2)",SHORT,2026-06-24 12:40:00,2026-06-24 13:35:00,7456.75,7463.5,-35.75
"Parabolic_SAR(af=0.02,max=0.2)",LONG,2026-06-24 13:35:00,2026-06-24 13:50:00,7463.5,7450.0,-69.5
"Parabolic_SAR(af=0.02,max=0.2)",SHORT,2026-06-24 13:50:00,2026-06-24 13:55:00,7450.0,7468.25,-93.25
"Parabolic_SAR(af=0.02,max=0.2)",LONG,2026-06-24 13:55:00,2026-06-24 14:25:00,7468.25,7458.5,-50.75
"Parabolic_SAR(af=0.02,max=0.2)",SHORT,2026-06-24 14:25:00,2026-06-24 14:45:00,7458.5,7472.75,-73.25
"Parabolic_SAR(af=0.02,max=0.2)",LONG,2026-06-24 14:45:00,2026-06-24 15:50:00,7472.75,7483.25,50.5
"Parabolic_SAR(af=0.02,max=0.2)",SHORT,2026-06-24 15:50:00,2026-06-24 18:00:00,7483.25,7414.25,343.0
"Parabolic_SAR(af=0.02,max=0.2)",LONG,2026-06-24 18:00:00,2026-06-24 18:50:00,7414.25,7414.0,-3.25
"Parabolic_SAR(af=0.02,max=0.2)",SHORT,2026-06-24 18:50:00,2026-06-24 19:55:00,7414.0,7426.75,-65.75
"Parabolic_SAR(af=0.02,max=0.2)",LONG,2026-06-24 19:55:00,2026-06-24 22:20:00,7426.75,7471.0,219.25
"Parabolic_SAR(af=0.02,max=0.2)",SHORT,2026-06-24 22:20:00,2026-06-24 23:30:00,7471.0,7468.5,10.5
"Parabolic_SAR(af=0.02,max=0.2)",LONG,2026-06-24 23:30:00,2026-06-25 00:05:00,7468.5,7467.0,-9.5
"Parabolic_SAR(af=0.02,max=0.2)",SHORT,2026-06-25 00:05:00,2026-06-25 01:25:00,7467.0,7458.25,41.75
"Parabolic_SAR(af=0.02,max=0.2)",LONG,2026-06-25 01:25:00,2026-06-25 02:15:00,7458.25,7455.5,-15.75
"Parabolic_SAR(af=0.02,max=0.2)",SHORT,2026-06-25 02:15:00,2026-06-25 03:00:00,7455.5,7463.5,-42.0
"Parabolic_SAR(af=0.02,max=0.2)",LONG,2026-06-25 03:00:00,2026-06-25 04:20:00,7463.5,7464.25,1.75
"Parabolic_SAR(af=0.02,max=0.2)",SHORT,2026-06-25 04:20:00,2026-06-25 05:05:00,7464.25,7468.0,-20.75
"Parabolic_SAR(af=0.02,max=0.2)",LONG,2026-06-25 05:05:00,2026-06-25 06:45:00,7468.0,7479.25,54.25
"Parabolic_SAR(af=0.02,max=0.2)",SHORT,2026-06-25 06:45:00,2026-06-25 07:10:00,7479.25,7482.75,-19.5
"Parabolic_SAR(af=0.02,max=0.2)",LONG,2026-06-25 07:10:00,2026-06-25 08:20:00,7482.75,7482.75,-2.0
"Parabolic_SAR(af=0.02,max=0.2)",SHORT,2026-06-25 08:20:00,2026-06-25 09:40:00,7482.75,7482.25,0.5
"Parabolic_SAR(af=0.02,max=0.2)",LONG,2026-06-25 09:40:00,2026-06-25 10:45:00,7482.25,7482.0,-3.25
"Parabolic_SAR(af=0.02,max=0.2)",SHORT,2026-06-25 10:45:00,2026-06-25 11:05:00,7482.0,7485.5,-19.5
"Parabolic_SAR(af=0.02,max=0.2)",LONG,2026-06-25 11:05:00,2026-06-25 11:15:00,7485.5,7480.25,-28.25
"Parabolic_SAR(af=0.02,max=0.2)",SHORT,2026-06-25 11:15:00,2026-06-25 12:10:00,7480.25,7480.75,-4.5
"Parabolic_SAR(af=0.02,max=0.2)",LONG,2026-06-25 12:10:00,2026-06-25 12:25:00,7480.75,7475.5,-28.25
"Parabolic_SAR(af=0.02,max=0.2)",SHORT,2026-06-25 12:25:00,2026-06-25 12:35:00,7475.5,7489.5,-72.0
"Parabolic_SAR(af=0.02,max=0.2)",LONG,2026-06-25 12:35:00,2026-06-25 13:35:00,7489.5,7469.5,-102.0
"Parabolic_SAR(af=0.02,max=0.2)",SHORT,2026-06-25 13:35:00,2026-06-25 14:25:00,7469.5,7446.25,114.25
"Parabolic_SAR(af=0.02,max=0.2)",LONG,2026-06-25 14:25:00,2026-06-25 15:20:00,7446.25,7432.5,-70.75
"Parabolic_SAR(af=0.02,max=0.2)",SHORT,2026-06-25 15:20:00,2026-06-25 18:15:00,7432.5,7427.75,21.75
"Parabolic_SAR(af=0.02,max=0.2)",LONG,2026-06-25 18:15:00,2026-06-25 19:05:00,7427.75,7425.25,-14.5
"Parabolic_SAR(af=0.02,max=0.2)",SHORT,2026-06-25 19:05:00,2026-06-25 20:00:00,7425.25,7428.75,-19.5
"Parabolic_SAR(af=0.02,max=0.2)",LONG,2026-06-25 20:00:00,2026-06-25 22:05:00,7428.75,7426.5,-13.25
"Parabolic_SAR(af=0.02,max=0.2)",SHORT,2026-06-25 22:05:00,2026-06-25 23:15:00,7426.5,7433.5,-37.0
"Parabolic_SAR(af=0.02,max=0.2)",LONG,2026-06-25 23:15:00,2026-06-25 23:50:00,7433.5,7423.0,-54.5
"Parabolic_SAR(af=0.02,max=0.2)",SHORT,2026-06-25 23:50:00,2026-06-26 03:45:00,7423.0,7369.5,265.5
"Parabolic_SAR(af=0.02,max=0.2)",LONG,2026-06-26 03:45:00,2026-06-26 04:35:00,7369.5,7371.0,5.5
"Parabolic_SAR(af=0.02,max=0.2)",SHORT,2026-06-26 04:35:00,2026-06-26 05:15:00,7371.0,7376.5,-29.5
"Parabolic_SAR(af=0.02,max=0.2)",LONG,2026-06-26 05:15:00,2026-06-26 05:45:00,7376.5,7368.0,-44.5
"Parabolic_SAR(af=0.02,max=0.2)",SHORT,2026-06-26 05:45:00,2026-06-26 06:20:00,7368.0,7376.5,-44.5
"Parabolic_SAR(af=0.02,max=0.2)",LONG,2026-06-26 06:20:00,2026-06-26 07:15:00,7376.5,7402.5,128.0
"Parabolic_SAR(af=0.02,max=0.2)",SHORT,2026-06-26 07:15:00,2026-06-26 07:30:00,7402.5,7409.5,-37.0
"Parabolic_SAR(af=0.02,max=0.2)",LONG,2026-06-26 07:30:00,2026-06-26 08:25:00,7409.5,7404.75,-25.75
"Parabolic_SAR(af=0.02,max=0.2)",SHORT,2026-06-26 08:25:00,2026-06-26 09:40:00,7404.75,7387.5,84.25
"Parabolic_SAR(af=0.02,max=0.2)",LONG,2026-06-26 09:40:00,2026-06-26 10:05:00,7387.5,7380.0,-39.5
"Parabolic_SAR(af=0.02,max=0.2)",SHORT,2026-06-26 10:05:00,2026-06-26 11:10:00,7380.0,7390.5,-54.5
"Parabolic_SAR(af=0.02,max=0.2)",LONG,2026-06-26 11:10:00,2026-06-26 11:55:00,7390.5,7378.75,-60.75
"Parabolic_SAR(af=0.02,max=0.2)",SHORT,2026-06-26 11:55:00,2026-06-26 12:10:00,7378.75,7395.75,-87.0
"Parabolic_SAR(af=0.02,max=0.2)",LONG,2026-06-26 12:10:00,2026-06-26 12:45:00,7395.75,7384.25,-59.5
"Parabolic_SAR(af=0.02,max=0.2)",SHORT,2026-06-26 12:45:00,2026-06-26 13:35:00,7384.25,7370.25,68.0
"Parabolic_SAR(af=0.02,max=0.2)",LONG,2026-06-26 13:35:00,2026-06-26 14:45:00,7370.25,7415.25,223.0
"Parabolic_SAR(af=0.02,max=0.2)",SHORT,2026-06-26 14:45:00,2026-06-26 15:25:00,7415.25,7431.5,-83.25
"Parabolic_SAR(af=0.02,max=0.2)",LONG,2026-06-26 15:25:00,2026-06-26 16:15:00,7431.5,7434.75,14.25
"Parabolic_SAR(af=0.02,max=0.2)",SHORT,2026-06-26 16:15:00,2026-06-26 17:10:00,7434.75,7449.75,-77.0
"Parabolic_SAR(af=0.02,max=0.2)",LONG,2026-06-26 17:10:00,2026-06-26 18:00:00,7449.75,7430.25,-99.5
"Parabolic_SAR(af=0.02,max=0.2)",SHORT,2026-06-26 18:00:00,2026-06-26 19:45:00,7430.25,7426.0,19.25
"Parabolic_SAR(af=0.02,max=0.2)",LONG,2026-06-26 19:45:00,2026-06-26 20:00:00,7426.0,7379.75,-233.25
"Parabolic_SAR(af=0.02,max=0.2)",SHORT,2026-06-26 20:00:00,2026-06-26 20:30:00,7379.75,7415.5,-180.75
"Parabolic_SAR(af=0.02,max=0.2)",LONG,2026-06-26 20:30:00,2026-06-29 00:05:00,7415.5,7436.75,104.25
"Parabolic_SAR(af=0.02,max=0.2)",SHORT,2026-06-29 00:05:00,2026-06-29 01:00:00,7436.75,7438.5,-10.75
"Parabolic_SAR(af=0.02,max=0.2)",LONG,2026-06-29 01:00:00,2026-06-29 02:10:00,7438.5,7429.75,-45.75
"Parabolic_SAR(af=0.02,max=0.2)",SHORT,2026-06-29 02:10:00,2026-06-29 02:30:00,7429.75,7440.0,-53.25
"Parabolic_SAR(af=0.02,max=0.2)",LONG,2026-06-29 02:30:00,2026-06-29 03:40:00,7440.0,7436.5,-19.5
"Parabolic_SAR(af=0.02,max=0.2)",SHORT,2026-06-29 03:40:00,2026-06-29 03:55:00,7436.5,7449.0,-64.5
"Parabolic_SAR(af=0.02,max=0.2)",LONG,2026-06-29 03:55:00,2026-06-29 06:15:00,7449.0,7447.75,-8.25
"Parabolic_SAR(af=0.02,max=0.2)",SHORT,2026-06-29 06:15:00,2026-06-29 07:30:00,7447.75,7450.25,-14.5
"Parabolic_SAR(af=0.02,max=0.2)",LONG,2026-06-29 07:30:00,2026-06-29 08:45:00,7450.25,7454.75,20.5
"Parabolic_SAR(af=0.02,max=0.2)",SHORT,2026-06-29 08:45:00,2026-06-29 09:30:00,7454.75,7458.0,-18.25
"Parabolic_SAR(af=0.02,max=0.2)",LONG,2026-06-29 09:30:00,2026-06-29 09:55:00,7458.0,7451.0,-37.0
"Parabolic_SAR(af=0.02,max=0.2)",SHORT,2026-06-29 09:55:00,2026-06-29 10:05:00,7451.0,7457.75,-35.75
"Parabolic_SAR(af=0.02,max=0.2)",LONG,2026-06-29 10:05:00,2026-06-29 11:20:00,7457.75,7460.25,10.5
"Parabolic_SAR(af=0.02,max=0.2)",SHORT,2026-06-29 11:20:00,2026-06-29 11:35:00,7460.25,7465.5,-28.25
"Parabolic_SAR(af=0.02,max=0.2)",LONG,2026-06-29 11:35:00,2026-06-29 12:35:00,7465.5,7467.0,5.5
"Parabolic_SAR(af=0.02,max=0.2)",SHORT,2026-06-29 12:35:00,2026-06-29 13:15:00,7467.0,7467.5,-4.5
"Parabolic_SAR(af=0.02,max=0.2)",LONG,2026-06-29 13:15:00,2026-06-29 13:30:00,7467.5,7457.0,-54.5
"Parabolic_SAR(af=0.02,max=0.2)",SHORT,2026-06-29 13:30:00,2026-06-29 13:35:00,7457.0,7478.0,-107.0
"Parabolic_SAR(af=0.02,max=0.2)",LONG,2026-06-29 13:35:00,2026-06-29 14:05:00,7478.0,7450.0,-142.0
"Parabolic_SAR(af=0.02,max=0.2)",SHORT,2026-06-29 14:05:00,2026-06-29 14:40:00,7450.0,7460.75,-55.75
"Parabolic_SAR(af=0.02,max=0.2)",LONG,2026-06-29 14:40:00,2026-06-29 18:20:00,7460.75,7494.0,164.25
"Parabolic_SAR(af=0.02,max=0.2)",SHORT,2026-06-29 18:20:00,2026-06-29 18:40:00,7494.0,7498.0,-22.0
"Parabolic_SAR(af=0.02,max=0.2)",LONG,2026-06-29 18:40:00,2026-06-29 19:20:00,7498.0,7495.75,-13.25
"Parabolic_SAR(af=0.02,max=0.2)",SHORT,2026-06-29 19:20:00,2026-06-29 20:00:00,7495.75,7497.0,-8.25
"Parabolic_SAR(af=0.02,max=0.2)",LONG,2026-06-29 20:00:00,2026-06-29 20:40:00,7497.0,7493.25,-20.75
"Parabolic_SAR(af=0.02,max=0.2)",SHORT,2026-06-29 20:40:00,2026-06-29 23:10:00,7493.25,7498.0,-25.75
"Parabolic_SAR(af=0.02,max=0.2)",LONG,2026-06-29 23:10:00,2026-06-29 23:50:00,7498.0,7493.75,-23.25
"Parabolic_SAR(af=0.02,max=0.2)",SHORT,2026-06-29 23:50:00,2026-06-30 00:10:00,7493.75,7496.25,-14.5
"Parabolic_SAR(af=0.02,max=0.2)",LONG,2026-06-30 00:10:00,2026-06-30 00:30:00,7496.25,7490.75,-29.5
"Parabolic_SAR(af=0.02,max=0.2)",SHORT,2026-06-30 00:30:00,2026-06-30 01:30:00,7490.75,7499.0,-43.25
"Parabolic_SAR(af=0.02,max=0.2)",LONG,2026-06-30 01:30:00,2026-06-30 03:00:00,7499.0,7491.25,-40.75
"Parabolic_SAR(af=0.02,max=0.2)",SHORT,2026-06-30 03:00:00,2026-06-30 03:35:00,7491.25,7498.5,-38.25
"Parabolic_SAR(af=0.02,max=0.2)",LONG,2026-06-30 03:35:00,2026-06-30 05:20:00,7498.5,7511.0,60.5
"Parabolic_SAR(af=0.02,max=0.2)",SHORT,2026-06-30 05:20:00,2026-06-30 06:05:00,7511.0,7510.0,3.0
"Parabolic_SAR(af=0.02,max=0.2)",LONG,2026-06-30 06:05:00,2026-06-30 06:30:00,7510.0,7508.0,-12.0
"Parabolic_SAR(af=0.02,max=0.2)",SHORT,2026-06-30 06:30:00,2026-06-30 07:05:00,7508.0,7510.25,-13.25
"Parabolic_SAR(af=0.02,max=0.2)",LONG,2026-06-30 07:05:00,2026-06-30 07:50:00,7510.25,7505.5,-25.75
"Parabolic_SAR(af=0.02,max=0.2)",SHORT,2026-06-30 07:50:00,2026-06-30 08:35:00,7505.5,7502.5,13.0
"Parabolic_SAR(af=0.02,max=0.2)",LONG,2026-06-30 08:35:00,2026-06-30 08:40:00,7502.5,7497.75,-25.75
"Parabolic_SAR(af=0.02,max=0.2)",SHORT,2026-06-30 08:40:00,2026-06-30 09:20:00,7497.75,7504.75,-37.0
"Parabolic_SAR(af=0.02,max=0.2)",LONG,2026-06-30 09:20:00,2026-06-30 11:25:00,7504.75,7511.5,31.75
"Parabolic_SAR(af=0.02,max=0.2)",SHORT,2026-06-30 11:25:00,2026-06-30 11:50:00,7511.5,7516.75,-28.25
"Parabolic_SAR(af=0.02,max=0.2)",LONG,2026-06-30 11:50:00,2026-06-30 12:05:00,7516.75,7505.25,-59.5
"Parabolic_SAR(af=0.02,max=0.2)",SHORT,2026-06-30 12:05:00,2026-06-30 13:15:00,7505.25,7496.5,41.75
"Parabolic_SAR(af=0.02,max=0.2)",LONG,2026-06-30 13:15:00,2026-06-30 14:45:00,7496.5,7535.5,193.0
"Parabolic_SAR(af=0.02,max=0.2)",SHORT,2026-06-30 14:45:00,2026-06-30 15:15:00,7535.5,7535.5,-2.0
"Parabolic_SAR(af=0.02,max=0.2)",LONG,2026-06-30 15:15:00,2026-06-30 17:15:00,7535.5,7553.5,88.0
"Parabolic_SAR(af=0.02,max=0.2)",SHORT,2026-06-30 17:15:00,2026-06-30 18:05:00,7553.5,7554.25,-5.75
"Parabolic_SAR(af=0.02,max=0.2)",LONG,2026-06-30 18:05:00,2026-06-30 19:30:00,7554.25,7561.5,34.25
"Parabolic_SAR(af=0.02,max=0.2)",SHORT,2026-06-30 19:30:00,2026-06-30 22:05:00,7561.5,7545.0,80.5
"Parabolic_SAR(af=0.02,max=0.2)",LONG,2026-06-30 22:05:00,2026-06-30 22:55:00,7545.0,7542.5,-14.5
"Parabolic_SAR(af=0.02,max=0.2)",SHORT,2026-06-30 22:55:00,2026-07-01 00:35:00,7542.5,7547.75,-28.25
"Parabolic_SAR(af=0.02,max=0.2)",LONG,2026-07-01 00:35:00,2026-07-01 01:05:00,7547.75,7540.0,-40.75
"Parabolic_SAR(af=0.02,max=0.2)",SHORT,2026-07-01 01:05:00,2026-07-01 02:30:00,7540.0,7528.0,58.0
"Parabolic_SAR(af=0.02,max=0.2)",LONG,2026-07-01 02:30:00,2026-07-01 03:35:00,7528.0,7527.75,-3.25
"Parabolic_SAR(af=0.02,max=0.2)",SHORT,2026-07-01 03:35:00,2026-07-01 03:55:00,7527.75,7532.75,-27.0
"Parabolic_SAR(af=0.02,max=0.2)",LONG,2026-07-01 03:55:00,2026-07-01 05:25:00,7532.75,7529.5,-18.25
"Parabolic_SAR(af=0.02,max=0.2)",SHORT,2026-07-01 05:25:00,2026-07-01 06:50:00,7529.5,7528.5,3.0
"Parabolic_SAR(af=0.02,max=0.2)",LONG,2026-07-01 06:50:00,2026-07-01 07:05:00,7528.5,7522.5,-32.0
"Parabolic_SAR(af=0.02,max=0.2)",SHORT,2026-07-01 07:05:00,2026-07-01 07:50:00,7522.5,7522.0,0.5
"Parabolic_SAR(af=0.02,max=0.2)",LONG,2026-07-01 07:50:00,2026-07-01 09:05:00,7522.0,7524.5,10.5
"Parabolic_SAR(af=0.02,max=0.2)",SHORT,2026-07-01 09:05:00,2026-07-01 09:45:00,7524.5,7527.25,-15.75
"Parabolic_SAR(af=0.02,max=0.2)",LONG,2026-07-01 09:45:00,2026-07-01 10:45:00,7527.25,7534.25,33.0
"Parabolic_SAR(af=0.02,max=0.2)",SHORT,2026-07-01 10:45:00,2026-07-01 10:55:00,7534.25,7536.0,-10.75
"Parabolic_SAR(af=0.02,max=0.2)",LONG,2026-07-01 10:55:00,2026-07-01 11:40:00,7536.0,7534.75,-8.25
"Parabolic_SAR(af=0.02,max=0.2)",SHORT,2026-07-01 11:40:00,2026-07-01 12:20:00,7534.75,7536.75,-12.0
"Parabolic_SAR(af=0.02,max=0.2)",LONG,2026-07-01 12:20:00,2026-07-01 12:35:00,7536.75,7528.0,-45.75
"Parabolic_SAR(af=0.02,max=0.2)",SHORT,2026-07-01 12:35:00,2026-07-01 13:20:00,7528.0,7535.0,-37.0
"Parabolic_SAR(af=0.02,max=0.2)",LONG,2026-07-01 13:20:00,2026-07-01 13:35:00,7535.0,7508.75,-133.25
"Parabolic_SAR(af=0.02,max=0.2)",SHORT,2026-07-01 13:35:00,2026-07-01 14:00:00,7508.75,7536.75,-142.0
"Parabolic_SAR(af=0.02,max=0.2)",LONG,2026-07-01 14:00:00,2026-07-01 15:55:00,7536.75,7569.5,161.75
"Parabolic_SAR(af=0.02,max=0.2)",SHORT,2026-07-01 15:55:00,2026-07-01 16:25:00,7569.5,7577.0,-39.5
"Parabolic_SAR(af=0.02,max=0.2)",LONG,2026-07-01 16:25:00,2026-07-01 16:45:00,7577.0,7570.5,-34.5
"Parabolic_SAR(af=0.02,max=0.2)",SHORT,2026-07-01 16:45:00,2026-07-01 18:30:00,7570.5,7556.0,70.5
"Parabolic_SAR(af=0.02,max=0.2)",LONG,2026-07-01 18:30:00,2026-07-01 18:50:00,7556.0,7554.0,-12.0
"Parabolic_SAR(af=0.02,max=0.2)",SHORT,2026-07-01 18:50:00,2026-07-01 19:10:00,7554.0,7561.0,-37.0
"Parabolic_SAR(af=0.02,max=0.2)",LONG,2026-07-01 19:10:00,2026-07-01 19:45:00,7561.0,7550.5,-54.5
"Parabolic_SAR(af=0.02,max=0.2)",SHORT,2026-07-01 19:45:00,2026-07-01 22:05:00,7550.5,7533.75,81.75
"Parabolic_SAR(af=0.02,max=0.2)",LONG,2026-07-01 22:05:00,2026-07-01 23:50:00,7533.75,7530.25,-19.5
"Parabolic_SAR(af=0.02,max=0.2)",SHORT,2026-07-01 23:50:00,2026-07-02 00:30:00,7530.25,7536.5,-33.25
"Parabolic_SAR(af=0.02,max=0.2)",LONG,2026-07-02 00:30:00,2026-07-02 02:05:00,7536.5,7553.25,81.75
"Parabolic_SAR(af=0.02,max=0.2)",SHORT,2026-07-02 02:05:00,2026-07-02 02:15:00,7553.25,7557.0,-20.75
"Parabolic_SAR(af=0.02,max=0.2)",LONG,2026-07-02 02:15:00,2026-07-02 03:10:00,7557.0,7552.75,-23.25
"Parabolic_SAR(af=0.02,max=0.2)",SHORT,2026-07-02 03:10:00,2026-07-02 03:35:00,7552.75,7556.25,-19.5
"Parabolic_SAR(af=0.02,max=0.2)",LONG,2026-07-02 03:35:00,2026-07-02 04:15:00,7556.25,7549.25,-37.0
"Parabolic_SAR(af=0.02,max=0.2)",SHORT,2026-07-02 04:15:00,2026-07-02 05:00:00,7549.25,7548.5,1.75
"Parabolic_SAR(af=0.02,max=0.2)",LONG,2026-07-02 05:00:00,2026-07-02 05:35:00,7548.5,7547.0,-9.5
"Parabolic_SAR(af=0.02,max=0.2)",SHORT,2026-07-02 05:35:00,2026-07-02 07:35:00,7547.0,7526.75,99.25
"Parabolic_SAR(af=0.02,max=0.2)",LONG,2026-07-02 07:35:00,2026-07-02 08:15:00,7526.75,7524.75,-12.0
"Parabolic_SAR(af=0.02,max=0.2)",SHORT,2026-07-02 08:15:00,2026-07-02 08:30:00,7524.75,7535.75,-57.0
"Parabolic_SAR(af=0.02,max=0.2)",LONG,2026-07-02 08:30:00,2026-07-02 09:50:00,7535.75,7539.0,14.25
"Parabolic_SAR(af=0.02,max=0.2)",SHORT,2026-07-02 09:50:00,2026-07-02 10:35:00,7539.0,7541.5,-14.5
"Parabolic_SAR(af=0.02,max=0.2)",LONG,2026-07-02 10:35:00,2026-07-02 12:05:00,7541.5,7547.75,29.25
"Parabolic_SAR(af=0.02,max=0.2)",SHORT,2026-07-02 12:05:00,2026-07-02 12:10:00,7547.75,7548.75,-7.0
"Parabolic_SAR(af=0.02,max=0.2)",LONG,2026-07-02 12:10:00,2026-07-02 13:00:00,7548.75,7561.75,63.0
"Parabolic_SAR(af=0.02,max=0.2)",SHORT,2026-07-02 13:00:00,2026-07-02 13:40:00,7561.75,7568.75,-37.0
"Parabolic_SAR(af=0.02,max=0.2)",LONG,2026-07-02 13:40:00,2026-07-02 14:30:00,7568.75,7559.75,-47.0
"Parabolic_SAR(af=0.02,max=0.2)",SHORT,2026-07-02 14:30:00,2026-07-02 15:40:00,7559.75,7542.75,83.0
"Parabolic_SAR(af=0.02,max=0.2)",LONG,2026-07-02 15:40:00,2026-07-02 15:55:00,7542.75,7526.5,-83.25
"Parabolic_SAR(af=0.02,max=0.2)",SHORT,2026-07-02 15:55:00,2026-07-02 17:35:00,7526.5,7493.75,161.75
"Parabolic_SAR(af=0.02,max=0.2)",LONG,2026-07-02 17:35:00,2026-07-02 17:45:00,7493.75,7490.75,-17.0
"Parabolic_SAR(af=0.02,max=0.2)",SHORT,2026-07-02 17:45:00,2026-07-02 18:10:00,7490.75,7504.0,-68.25
"Parabolic_SAR(af=0.02,max=0.2)",LONG,2026-07-02 18:10:00,2026-07-02 19:05:00,7504.0,7495.5,-44.5
"Parabolic_SAR(af=0.02,max=0.2)",SHORT,2026-07-02 19:05:00,2026-07-02 19:40:00,7495.5,7510.25,-75.75
"Parabolic_SAR(af=0.02,max=0.2)",LONG,2026-07-02 19:40:00,2026-07-02 23:15:00,7510.25,7529.75,95.5
"Parabolic_SAR(af=0.02,max=0.2)",SHORT,2026-07-02 23:15:00,2026-07-02 23:25:00,7529.75,7535.5,-30.75
"Parabolic_SAR(af=0.02,max=0.2)",LONG,2026-07-02 23:25:00,2026-07-03 00:05:00,7535.5,7534.25,-8.25
"Parabolic_SAR(af=0.02,max=0.2)",SHORT,2026-07-03 00:05:00,2026-07-03 00:40:00,7534.25,7533.25,3.0
"Parabolic_SAR(af=0.02,max=0.2)",LONG,2026-07-03 00:40:00,2026-07-03 01:00:00,7533.25,7530.25,-17.0
"Parabolic_SAR(af=0.02,max=0.2)",SHORT,2026-07-03 01:00:00,2026-07-03 01:05:00,7530.25,7540.25,-52.0
"Parabolic_SAR(af=0.02,max=0.2)",LONG,2026-07-03 01:05:00,2026-07-03 03:40:00,7540.25,7549.75,45.5
"Parabolic_SAR(af=0.02,max=0.2)",SHORT,2026-07-03 03:40:00,2026-07-05 22:00:00,7549.75,7562.25,-64.5
"Parabolic_SAR(af=0.02,max=0.2)",LONG,2026-07-05 22:00:00,2026-07-05 23:15:00,7562.25,7568.0,26.75
"Parabolic_SAR(af=0.02,max=0.2)",SHORT,2026-07-05 23:15:00,2026-07-05 23:20:00,7568.0,7567.75,-0.75
"Parabolic_SAR(af=0.02,max=0.2)",LONG,2026-07-05 23:20:00,2026-07-05 23:40:00,7567.75,7566.0,-10.75
"Parabolic_SAR(af=0.02,max=0.2)",SHORT,2026-07-05 23:40:00,2026-07-05 23:55:00,7566.0,7568.0,-12.0
"Parabolic_SAR(af=0.02,max=0.2)",LONG,2026-07-05 23:55:00,2026-07-06 00:05:00,7568.0,7566.75,-8.25
"Parabolic_SAR(af=0.02,max=0.2)",SHORT,2026-07-06 00:05:00,2026-07-06 00:20:00,7566.75,7569.25,-14.5
"Parabolic_SAR(af=0.02,max=0.2)",LONG,2026-07-06 00:20:00,2026-07-06 00:30:00,7569.25,7559.75,-49.5
"Parabolic_SAR(af=0.02,max=0.2)",SHORT,2026-07-06 00:30:00,2026-07-06 02:35:00,7559.75,7545.25,70.5
"Parabolic_SAR(af=0.02,max=0.2)",LONG,2026-07-06 02:35:00,2026-07-06 02:40:00,7545.25,7543.25,-12.0
"Parabolic_SAR(af=0.02,max=0.2)",SHORT,2026-07-06 02:40:00,2026-07-06 03:00:00,7543.25,7544.25,-7.0
"Parabolic_SAR(af=0.02,max=0.2)",LONG,2026-07-06 03:00:00,2026-07-06 03:45:00,7544.25,7541.75,-14.5
"Parabolic_SAR(af=0.02,max=0.2)",SHORT,2026-07-06 03:45:00,2026-07-06 03:50:00,7541.75,7540.25,5.5
"Parabolic_SAR(af=0.02,max=0.2)",LONG,2026-07-06 03:50:00,2026-07-06 03:55:00,7540.25,7538.75,-9.5
"Parabolic_SAR(af=0.02,max=0.2)",SHORT,2026-07-06 03:55:00,2026-07-06 05:10:00,7538.75,7551.5,-65.75
"Parabolic_SAR(af=0.02,max=0.2)",LONG,2026-07-06 05:10:00,2026-07-06 08:15:00,7551.5,7560.5,43.0
"Parabolic_SAR(af=0.02,max=0.2)",SHORT,2026-07-06 08:15:00,2026-07-06 09:30:00,7560.5,7562.25,-10.75
"Parabolic_SAR(af=0.02,max=0.2)",LONG,2026-07-06 09:30:00,2026-07-06 10:45:00,7562.25,7560.75,-9.5
"Parabolic_SAR(af=0.02,max=0.2)",SHORT,2026-07-06 10:45:00,2026-07-06 11:50:00,7560.75,7561.5,-5.75
"Parabolic_SAR(af=0.02,max=0.2)",LONG,2026-07-06 11:50:00,2026-07-06 11:55:00,7561.5,7558.25,-18.25
"Parabolic_SAR(af=0.02,max=0.2)",SHORT,2026-07-06 11:55:00,2026-07-06 12:05:00,7558.25,7562.5,-23.25
"Parabolic_SAR(af=0.02,max=0.2)",LONG,2026-07-06 12:05:00,2026-07-06 12:30:00,7562.5,7558.5,-22.0
"Parabolic_SAR(af=0.02,max=0.2)",SHORT,2026-07-06 12:30:00,2026-07-06 13:05:00,7558.5,7558.0,0.5
"Parabolic_SAR(af=0.02,max=0.2)",LONG,2026-07-06 13:05:00,2026-07-06 13:15:00,7558.0,7555.5,-14.5
"Parabolic_SAR(af=0.02,max=0.2)",SHORT,2026-07-06 13:15:00,2026-07-06 13:30:00,7555.5,7564.75,-48.25
"Parabolic_SAR(af=0.02,max=0.2)",LONG,2026-07-06 13:30:00,2026-07-06 13:40:00,7564.75,7561.5,-18.25
"Parabolic_SAR(af=0.02,max=0.2)",SHORT,2026-07-06 13:40:00,2026-07-06 13:55:00,7561.5,7567.25,-30.75
"Parabolic_SAR(af=0.02,max=0.2)",LONG,2026-07-06 13:55:00,2026-07-06 16:30:00,7567.25,7585.75,90.5
"Parabolic_SAR(af=0.02,max=0.2)",SHORT,2026-07-06 16:30:00,2026-07-06 16:50:00,7585.75,7589.5,-20.75
"Parabolic_SAR(af=0.02,max=0.2)",LONG,2026-07-06 16:50:00,2026-07-06 17:00:00,7589.5,7583.75,-30.75
"Parabolic_SAR(af=0.02,max=0.2)",SHORT,2026-07-06 17:00:00,2026-07-06 17:10:00,7583.75,7593.0,-48.25
"Parabolic_SAR(af=0.02,max=0.2)",LONG,2026-07-06 17:10:00,2026-07-06 17:35:00,7593.0,7582.25,-55.75
"Parabolic_SAR(af=0.02,max=0.2)",SHORT,2026-07-06 17:35:00,2026-07-06 18:20:00,7582.25,7592.5,-53.25
"Parabolic_SAR(af=0.02,max=0.2)",LONG,2026-07-06 18:20:00,2026-07-06 19:55:00,7592.5,7591.25,-8.25
"Parabolic_SAR(af=0.02,max=0.2)",SHORT,2026-07-06 19:55:00,2026-07-06 20:50:00,7591.25,7595.0,-20.75
"Parabolic_SAR(af=0.02,max=0.2)",LONG,2026-07-06 20:50:00,2026-07-06 22:50:00,7595.0,7596.25,4.25
"Parabolic_SAR(af=0.02,max=0.2)",SHORT,2026-07-06 22:50:00,2026-07-07 00:10:00,7596.25,7588.75,35.5
"Parabolic_SAR(af=0.02,max=0.2)",LONG,2026-07-07 00:10:00,2026-07-07 00:40:00,7588.75,7585.25,-19.5
"Parabolic_SAR(af=0.02,max=0.2)",SHORT,2026-07-07 00:40:00,2026-07-07 01:55:00,7585.25,7588.0,-15.75
"Parabolic_SAR(af=0.02,max=0.2)",LONG,2026-07-07 01:55:00,2026-07-07 02:35:00,7588.0,7580.25,-40.75
"Parabolic_SAR(af=0.02,max=0.2)",SHORT,2026-07-07 02:35:00,2026-07-07 04:35:00,7580.25,7571.0,44.25
"Parabolic_SAR(af=0.02,max=0.2)",LONG,2026-07-07 04:35:00,2026-07-07 04:40:00,7571.0,7569.0,-12.0
"Parabolic_SAR(af=0.02,max=0.2)",SHORT,2026-07-07 04:40:00,2026-07-07 05:35:00,7569.0,7569.0,-2.0
"Parabolic_SAR(af=0.02,max=0.2)",LONG,2026-07-07 05:35:00,2026-07-07 06:15:00,7569.0,7567.75,-8.25
"Parabolic_SAR(af=0.02,max=0.2)",SHORT,2026-07-07 06:15:00,2026-07-07 07:00:00,7567.75,7573.75,-32.0
"Parabolic_SAR(af=0.02,max=0.2)",LONG,2026-07-07 07:00:00,2026-07-07 07:55:00,7573.75,7574.0,-0.75
"Parabolic_SAR(af=0.02,max=0.2)",SHORT,2026-07-07 07:55:00,2026-07-07 08:20:00,7574.0,7579.5,-29.5
"Parabolic_SAR(af=0.02,max=0.2)",LONG,2026-07-07 08:20:00,2026-07-07 09:40:00,7579.5,7581.0,5.5
"Parabolic_SAR(af=0.02,max=0.2)",SHORT,2026-07-07 09:40:00,2026-07-07 10:05:00,7581.0,7583.75,-15.75
"Parabolic_SAR(af=0.02,max=0.2)",LONG,2026-07-07 10:05:00,2026-07-07 10:15:00,7583.75,7579.25,-24.5
"Parabolic_SAR(af=0.02,max=0.2)",SHORT,2026-07-07 10:15:00,2026-07-07 11:50:00,7579.25,7577.5,6.75
"Parabolic_SAR(af=0.02,max=0.2)",LONG,2026-07-07 11:50:00,2026-07-07 12:55:00,7577.5,7579.5,8.0
"Parabolic_SAR(af=0.02,max=0.2)",SHORT,2026-07-07 12:55:00,2026-07-07 13:35:00,7579.5,7572.75,31.75
"Parabolic_SAR(af=0.02,max=0.2)",LONG,2026-07-07 13:35:00,2026-07-07 13:40:00,7572.75,7572.75,-2.0
"Parabolic_SAR(af=0.02,max=0.2)",SHORT,2026-07-07 13:40:00,2026-07-07 14:55:00,7572.75,7543.5,144.25
"Parabolic_SAR(af=0.02,max=0.2)",LONG,2026-07-07 14:55:00,2026-07-07 15:40:00,7543.5,7533.75,-50.75
"Parabolic_SAR(af=0.02,max=0.2)",SHORT,2026-07-07 15:40:00,2026-07-07 15:50:00,7533.75,7543.25,-49.5
"Parabolic_SAR(af=0.02,max=0.2)",LONG,2026-07-07 15:50:00,2026-07-07 17:20:00,7543.25,7563.75,100.5
"Parabolic_SAR(af=0.02,max=0.2)",SHORT,2026-07-07 17:20:00,2026-07-07 18:05:00,7563.75,7568.5,-25.75
"Parabolic_SAR(af=0.02,max=0.2)",LONG,2026-07-07 18:05:00,2026-07-07 18:35:00,7568.5,7564.25,-23.25
"Parabolic_SAR(af=0.02,max=0.2)",SHORT,2026-07-07 18:35:00,2026-07-07 19:35:00,7564.25,7549.0,74.25
"Parabolic_SAR(af=0.02,max=0.2)",LONG,2026-07-07 19:35:00,2026-07-07 22:05:00,7549.0,7544.5,-24.5
"Parabolic_SAR(af=0.02,max=0.2)",SHORT,2026-07-07 22:05:00,2026-07-07 23:20:00,7544.5,7552.5,-42.0
"Parabolic_SAR(af=0.02,max=0.2)",LONG,2026-07-07 23:20:00,2026-07-08 00:00:00,7552.5,7538.75,-70.75
"Parabolic_SAR(af=0.02,max=0.2)",SHORT,2026-07-08 00:00:00,2026-07-08 00:20:00,7538.75,7548.75,-52.0
"Parabolic_SAR(af=0.02,max=0.2)",LONG,2026-07-08 00:20:00,2026-07-08 01:30:00,7548.75,7556.75,38.0
"Parabolic_SAR(af=0.02,max=0.2)",SHORT,2026-07-08 01:30:00,2026-07-08 02:45:00,7556.75,7552.5,19.25
"Parabolic_SAR(af=0.02,max=0.2)",LONG,2026-07-08 02:45:00,2026-07-08 03:50:00,7552.5,7556.0,15.5
"Parabolic_SAR(af=0.02,max=0.2)",SHORT,2026-07-08 03:50:00,2026-07-08 05:05:00,7556.0,7551.25,21.75
"Parabolic_SAR(af=0.02,max=0.2)",LONG,2026-07-08 05:05:00,2026-07-08 05:25:00,7551.25,7548.0,-18.25
"Parabolic_SAR(af=0.02,max=0.2)",SHORT,2026-07-08 05:25:00,2026-07-08 06:55:00,7548.0,7540.25,36.75
"Parabolic_SAR(af=0.02,max=0.2)",LONG,2026-07-08 06:55:00,2026-07-08 07:10:00,7540.25,7534.5,-30.75
"Parabolic_SAR(af=0.02,max=0.2)",SHORT,2026-07-08 07:10:00,2026-07-08 07:30:00,7534.5,7541.5,-37.0
"Parabolic_SAR(af=0.02,max=0.2)",LONG,2026-07-08 07:30:00,2026-07-08 08:10:00,7541.5,7541.75,-0.75
"Parabolic_SAR(af=0.02,max=0.2)",SHORT,2026-07-08 08:10:00,2026-07-08 09:35:00,7541.75,7479.0,311.75
"Parabolic_SAR(af=0.02,max=0.2)",LONG,2026-07-08 09:35:00,2026-07-08 10:05:00,7479.0,7473.0,-32.0
"Parabolic_SAR(af=0.02,max=0.2)",SHORT,2026-07-08 10:05:00,2026-07-08 10:30:00,7473.0,7480.75,-40.75
"Parabolic_SAR(af=0.02,max=0.2)",LONG,2026-07-08 10:30:00,2026-07-08 11:25:00,7480.75,7481.25,0.5
"Parabolic_SAR(af=0.02,max=0.2)",SHORT,2026-07-08 11:25:00,2026-07-08 11:40:00,7481.25,7485.5,-23.25
"Parabolic_SAR(af=0.02,max=0.2)",LONG,2026-07-08 11:40:00,2026-07-08 13:30:00,7485.5,7507.0,105.5
"Parabolic_SAR(af=0.02,max=0.2)",SHORT,2026-07-08 13:30:00,2026-07-08 13:45:00,7507.0,7518.75,-60.75
"Parabolic_SAR(af=0.02,max=0.2)",LONG,2026-07-08 13:45:00,2026-07-08 14:15:00,7518.75,7507.5,-58.25
"Parabolic_SAR(af=0.02,max=0.2)",SHORT,2026-07-08 14:15:00,2026-07-08 15:40:00,7507.5,7480.75,131.75
"Parabolic_SAR(af=0.02,max=0.2)",LONG,2026-07-08 15:40:00,2026-07-08 17:45:00,7480.75,7525.0,219.25
"Parabolic_SAR(af=0.02,max=0.2)",SHORT,2026-07-08 17:45:00,2026-07-08 18:45:00,7525.0,7525.5,-4.5
"Parabolic_SAR(af=0.02,max=0.2)",LONG,2026-07-08 18:45:00,2026-07-08 19:50:00,7525.5,7522.25,-18.25
"Parabolic_SAR(af=0.02,max=0.2)",SHORT,2026-07-08 19:50:00,2026-07-08 20:00:00,7522.25,7526.75,-24.5
"Parabolic_SAR(af=0.02,max=0.2)",LONG,2026-07-08 20:00:00,2026-07-08 20:15:00,7526.75,7523.75,-17.0
"Parabolic_SAR(af=0.02,max=0.2)",SHORT,2026-07-08 20:15:00,2026-07-08 22:05:00,7523.75,7521.5,9.25
"Parabolic_SAR(af=0.02,max=0.2)",LONG,2026-07-08 22:05:00,2026-07-09 00:55:00,7521.5,7529.5,38.0
"Parabolic_SAR(af=0.02,max=0.2)",SHORT,2026-07-09 00:55:00,2026-07-09 01:20:00,7529.5,7535.25,-30.75
"Parabolic_SAR(af=0.02,max=0.2)",LONG,2026-07-09 01:20:00,2026-07-09 02:00:00,7535.25,7530.25,-27.0
"Parabolic_SAR(af=0.02,max=0.2)",SHORT,2026-07-09 02:00:00,2026-07-09 02:15:00,7530.25,7538.5,-43.25
"Parabolic_SAR(af=0.02,max=0.2)",LONG,2026-07-09 02:15:00,2026-07-09 02:50:00,7538.5,7529.75,-45.75
"Parabolic_SAR(af=0.02,max=0.2)",SHORT,2026-07-09 02:50:00,2026-07-09 03:35:00,7529.75,7537.5,-40.75
"Parabolic_SAR(af=0.02,max=0.2)",LONG,2026-07-09 03:35:00,2026-07-09 05:10:00,7537.5,7542.0,20.5
"Parabolic_SAR(af=0.02,max=0.2)",SHORT,2026-07-09 05:10:00,2026-07-09 05:15:00,7542.0,7549.25,-38.25
"Parabolic_SAR(af=0.02,max=0.2)",LONG,2026-07-09 05:15:00,2026-07-09 05:25:00,7549.25,7541.5,-40.75
"Parabolic_SAR(af=0.02,max=0.2)",SHORT,2026-07-09 05:25:00,2026-07-09 06:00:00,7541.5,7552.25,-55.75
"Parabolic_SAR(af=0.02,max=0.2)",LONG,2026-07-09 06:00:00,2026-07-09 08:20:00,7552.25,7553.0,1.75
"Parabolic_SAR(af=0.02,max=0.2)",SHORT,2026-07-09 08:20:00,2026-07-09 09:55:00,7553.0,7541.0,58.0
"Parabolic_SAR(af=0.02,max=0.2)",LONG,2026-07-09 09:55:00,2026-07-09 10:35:00,7541.0,7539.0,-12.0
"Parabolic_SAR(af=0.02,max=0.2)",SHORT,2026-07-09 10:35:00,2026-07-09 11:25:00,7539.0,7535.75,14.25
"Parabolic_SAR(af=0.02,max=0.2)",LONG,2026-07-09 11:25:00,2026-07-09 12:50:00,7535.75,7546.25,50.5
"Parabolic_SAR(af=0.02,max=0.2)",SHORT,2026-07-09 12:50:00,2026-07-09 13:40:00,7546.25,7555.0,-45.75
"Parabolic_SAR(af=0.02,max=0.2)",LONG,2026-07-09 13:40:00,2026-07-09 14:20:00,7555.0,7536.5,-94.5
"Parabolic_SAR(af=0.02,max=0.2)",SHORT,2026-07-09 14:20:00,2026-07-09 15:00:00,7536.5,7562.0,-129.5
"Parabolic_SAR(af=0.02,max=0.2)",LONG,2026-07-09 15:00:00,2026-07-09 16:40:00,7562.0,7581.25,94.25
"Parabolic_SAR(af=0.02,max=0.2)",SHORT,2026-07-09 16:40:00,2026-07-09 17:10:00,7581.25,7586.75,-29.5
"Parabolic_SAR(af=0.02,max=0.2)",LONG,2026-07-09 17:10:00,2026-07-09 18:00:00,7586.75,7591.25,20.5
"Parabolic_SAR(af=0.02,max=0.2)",SHORT,2026-07-09 18:00:00,2026-07-09 19:20:00,7591.25,7587.25,18.0
"Parabolic_SAR(af=0.02,max=0.2)",LONG,2026-07-09 19:20:00,2026-07-09 19:55:00,7587.25,7582.5,-25.75
"Parabolic_SAR(af=0.02,max=0.2)",SHORT,2026-07-09 19:55:00,2026-07-09 20:00:00,7582.5,7590.5,-42.0
"Parabolic_SAR(af=0.02,max=0.2)",LONG,2026-07-09 20:00:00,2026-07-09 20:55:00,7590.5,7586.0,-24.5
"Parabolic_SAR(af=0.02,max=0.2)",SHORT,2026-07-09 20:55:00,2026-07-09 23:05:00,7586.0,7587.5,-9.5
"Parabolic_SAR(af=0.02,max=0.2)",LONG,2026-07-09 23:05:00,2026-07-09 23:50:00,7587.5,7587.25,-3.25
"Parabolic_SAR(af=0.02,max=0.2)",SHORT,2026-07-09 23:50:00,2026-07-10 01:00:00,7587.25,7580.75,30.5
"Parabolic_SAR(af=0.02,max=0.2)",LONG,2026-07-10 01:00:00,2026-07-10 02:05:00,7580.75,7580.25,-4.5
"Parabolic_SAR(af=0.02,max=0.2)",SHORT,2026-07-10 02:05:00,2026-07-10 02:45:00,7580.25,7581.75,-9.5
"Parabolic_SAR(af=0.02,max=0.2)",LONG,2026-07-10 02:45:00,2026-07-10 03:35:00,7581.75,7583.25,5.5
"Parabolic_SAR(af=0.02,max=0.2)",SHORT,2026-07-10 03:35:00,2026-07-10 05:20:00,7583.25,7578.5,21.75
"Parabolic_SAR(af=0.02,max=0.2)",LONG,2026-07-10 05:20:00,2026-07-10 06:00:00,7578.5,7576.5,-12.0
"Parabolic_SAR(af=0.02,max=0.2)",SHORT,2026-07-10 06:00:00,2026-07-10 07:10:00,7576.5,7575.5,3.0
"Parabolic_SAR(af=0.02,max=0.2)",LONG,2026-07-10 07:10:00,2026-07-10 07:50:00,7575.5,7571.75,-20.75
"Parabolic_SAR(af=0.02,max=0.2)",SHORT,2026-07-10 07:50:00,2026-07-10 08:15:00,7571.75,7578.5,-35.75
"Parabolic_SAR(af=0.02,max=0.2)",LONG,2026-07-10 08:15:00,2026-07-10 09:05:00,7578.5,7576.5,-12.0
"Parabolic_SAR(af=0.02,max=0.2)",SHORT,2026-07-10 09:05:00,2026-07-10 09:15:00,7576.5,7580.25,-20.75
"Parabolic_SAR(af=0.02,max=0.2)",LONG,2026-07-10 09:15:00,2026-07-10 11:30:00,7580.25,7586.75,30.5
"Parabolic_SAR(af=0.02,max=0.2)",SHORT,2026-07-10 11:30:00,2026-07-10 12:15:00,7586.75,7589.0,-13.25
"Parabolic_SAR(af=0.02,max=0.2)",LONG,2026-07-10 12:15:00,2026-07-10 14:25:00,7589.0,7597.5,40.5
"Parabolic_SAR(af=0.02,max=0.2)",SHORT,2026-07-10 14:25:00,2026-07-10 15:20:00,7597.5,7599.5,-12.0
"Parabolic_SAR(af=0.02,max=0.2)",LONG,2026-07-10 15:20:00,2026-07-10 18:25:00,7599.5,7616.25,81.75
"Parabolic_SAR(af=0.02,max=0.2)",SHORT,2026-07-10 18:25:00,2026-07-10 18:30:00,7616.25,7617.5,-8.25
"Parabolic_SAR(af=0.02,max=0.2)",LONG,2026-07-10 18:30:00,2026-07-10 20:00:00,7617.5,7621.0,15.5
"Parabolic_SAR(af=0.02,max=0.2)",SHORT,2026-07-10 20:00:00,2026-07-10 20:50:00,7621.0,7626.5,-29.5
"Parabolic_SAR(af=0.02,max=0.2)",LONG,2026-07-10 20:50:00,2026-07-12 22:15:00,7626.5,7593.5,-167.0
"Parabolic_SAR(af=0.02,max=0.2)",SHORT,2026-07-12 22:15:00,2026-07-13 00:05:00,7593.5,7605.5,-62.0
"Parabolic_SAR(af=0.02,max=0.2)",LONG,2026-07-13 00:05:00,2026-07-13 00:45:00,7605.5,7600.75,-25.75
"Parabolic_SAR(af=0.02,max=0.2)",SHORT,2026-07-13 00:45:00,2026-07-13 02:25:00,7600.75,7593.0,36.75
"Parabolic_SAR(af=0.02,max=0.2)",LONG,2026-07-13 02:25:00,2026-07-13 02:55:00,7593.0,7588.25,-25.75
"Parabolic_SAR(af=0.02,max=0.2)",SHORT,2026-07-13 02:55:00,2026-07-13 05:10:00,7588.25,7581.0,34.25
"Parabolic_SAR(af=0.02,max=0.2)",LONG,2026-07-13 05:10:00,2026-07-13 05:25:00,7581.0,7572.75,-43.25
"Parabolic_SAR(af=0.02,max=0.2)",SHORT,2026-07-13 05:25:00,2026-07-13 06:05:00,7572.75,7580.0,-38.25
"Parabolic_SAR(af=0.02,max=0.2)",LONG,2026-07-13 06:05:00,2026-07-13 07:35:00,7580.0,7584.0,18.0
"Parabolic_SAR(af=0.02,max=0.2)",SHORT,2026-07-13 07:35:00,2026-07-13 08:05:00,7584.0,7590.0,-32.0
"Parabolic_SAR(af=0.02,max=0.2)",LONG,2026-07-13 08:05:00,2026-07-13 09:55:00,7590.0,7601.0,53.0
"Parabolic_SAR(af=0.02,max=0.2)",SHORT,2026-07-13 09:55:00,2026-07-13 11:05:00,7601.0,7600.5,0.5
"Parabolic_SAR(af=0.02,max=0.2)",LONG,2026-07-13 11:05:00,2026-07-13 11:15:00,7600.5,7597.75,-15.75
"Parabolic_SAR(af=0.02,max=0.2)",SHORT,2026-07-13 11:15:00,2026-07-13 12:50:00,7597.75,7594.5,14.25
"Parabolic_SAR(af=0.02,max=0.2)",LONG,2026-07-13 12:50:00,2026-07-13 13:50:00,7594.5,7599.75,24.25
"Parabolic_SAR(af=0.02,max=0.2)",SHORT,2026-07-13 13:50:00,2026-07-13 14:00:00,7599.75,7607.5,-40.75
"Parabolic_SAR(af=0.02,max=0.2)",LONG,2026-07-13 14:00:00,2026-07-13 14:20:00,7607.5,7590.0,-89.5
"Parabolic_SAR(af=0.02,max=0.2)",SHORT,2026-07-13 14:20:00,2026-07-13 17:50:00,7590.0,7568.0,108.0
"Parabolic_SAR(af=0.02,max=0.2)",LONG,2026-07-13 17:50:00,2026-07-13 18:25:00,7568.0,7566.25,-10.75
"Parabolic_SAR(af=0.02,max=0.2)",SHORT,2026-07-13 18:25:00,2026-07-13 18:55:00,7566.25,7569.5,-18.25
"Parabolic_SAR(af=0.02,max=0.2)",LONG,2026-07-13 18:55:00,2026-07-13 19:25:00,7569.5,7560.5,-47.0
"Parabolic_SAR(af=0.02,max=0.2)",SHORT,2026-07-13 19:25:00,2026-07-13 20:00:00,7560.5,7563.0,-14.5
"Parabolic_SAR(af=0.02,max=0.2)",LONG,2026-07-13 20:00:00,2026-07-13 20:20:00,7563.0,7553.25,-50.75
"Parabolic_SAR(af=0.02,max=0.2)",SHORT,2026-07-13 20:20:00,2026-07-14 00:00:00,7553.25,7553.5,-3.25
"Parabolic_SAR(af=0.02,max=0.2)",LONG,2026-07-14 00:00:00,2026-07-14 00:10:00,7553.5,7544.25,-48.25
"Parabolic_SAR(af=0.02,max=0.2)",SHORT,2026-07-14 00:10:00,2026-07-14 00:20:00,7544.25,7544.0,-0.75
"Parabolic_SAR(af=0.02,max=0.2)",LONG,2026-07-14 00:20:00,2026-07-14 00:25:00,7544.0,7548.75,21.75
"Parabolic_SAR(af=0.02,max=0.2)",SHORT,2026-07-14 00:25:00,2026-07-14 00:55:00,7548.75,7557.0,-43.25
"Parabolic_SAR(af=0.02,max=0.2)",LONG,2026-07-14 00:55:00,2026-07-14 02:00:00,7557.0,7548.5,-44.5
"Parabolic_SAR(af=0.02,max=0.2)",SHORT,2026-07-14 02:00:00,2026-07-14 03:30:00,7548.5,7540.25,39.25
"Parabolic_SAR(af=0.02,max=0.2)",LONG,2026-07-14 03:30:00,2026-07-14 06:05:00,7540.25,7569.75,145.5
"Parabolic_SAR(af=0.02,max=0.2)",SHORT,2026-07-14 06:05:00,2026-07-14 06:20:00,7569.75,7573.75,-22.0
"Parabolic_SAR(af=0.02,max=0.2)",LONG,2026-07-14 06:20:00,2026-07-14 06:30:00,7573.75,7567.5,-33.25
"Parabolic_SAR(af=0.02,max=0.2)",SHORT,2026-07-14 06:30:00,2026-07-14 07:55:00,7567.5,7561.0,30.5
"Parabolic_SAR(af=0.02,max=0.2)",LONG,2026-07-14 07:55:00,2026-07-14 08:10:00,7561.0,7553.5,-39.5
"Parabolic_SAR(af=0.02,max=0.2)",SHORT,2026-07-14 08:10:00,2026-07-14 08:20:00,7553.5,7561.0,-39.5
"Parabolic_SAR(af=0.02,max=0.2)",LONG,2026-07-14 08:20:00,2026-07-14 08:50:00,7561.0,7554.75,-33.25
"Parabolic_SAR(af=0.02,max=0.2)",SHORT,2026-07-14 08:50:00,2026-07-14 09:15:00,7554.75,7562.75,-42.0
"Parabolic_SAR(af=0.02,max=0.2)",LONG,2026-07-14 09:15:00,2026-07-14 10:30:00,7562.75,7558.25,-24.5
"Parabolic_SAR(af=0.02,max=0.2)",SHORT,2026-07-14 10:30:00,2026-07-14 10:40:00,7558.25,7560.75,-14.5
"Parabolic_SAR(af=0.02,max=0.2)",LONG,2026-07-14 10:40:00,2026-07-14 11:00:00,7560.75,7557.0,-20.75
"Parabolic_SAR(af=0.02,max=0.2)",SHORT,2026-07-14 11:00:00,2026-07-14 11:25:00,7557.0,7561.75,-25.75
"Parabolic_SAR(af=0.02,max=0.2)",LONG,2026-07-14 11:25:00,2026-07-14 12:05:00,7561.75,7549.0,-65.75
"Parabolic_SAR(af=0.02,max=0.2)",SHORT,2026-07-14 12:05:00,2026-07-14 12:30:00,7549.0,7561.0,-62.0
"Parabolic_SAR(af=0.02,max=0.2)",LONG,2026-07-14 12:30:00,2026-07-14 13:35:00,7561.0,7566.25,24.25
"Parabolic_SAR(af=0.02,max=0.2)",SHORT,2026-07-14 13:35:00,2026-07-14 14:35:00,7566.25,7591.0,-125.75
"Parabolic_SAR(af=0.02,max=0.2)",LONG,2026-07-14 14:35:00,2026-07-14 16:05:00,7591.0,7573.5,-89.5
"Parabolic_SAR(af=0.02,max=0.2)",SHORT,2026-07-14 16:05:00,2026-07-14 17:25:00,7573.5,7595.0,-109.5
"Parabolic_SAR(af=0.02,max=0.2)",LONG,2026-07-14 17:25:00,2026-07-14 20:05:00,7595.0,7589.25,-30.75
"Parabolic_SAR(af=0.02,max=0.2)",SHORT,2026-07-14 20:05:00,2026-07-14 22:25:00,7589.25,7591.75,-14.5
"Parabolic_SAR(af=0.02,max=0.2)",LONG,2026-07-14 22:25:00,2026-07-15 00:35:00,7591.75,7599.75,38.0
"Parabolic_SAR(af=0.02,max=0.2)",SHORT,2026-07-15 00:35:00,2026-07-15 01:00:00,7599.75,7601.75,-12.0
"Parabolic_SAR(af=0.02,max=0.2)",LONG,2026-07-15 01:00:00,2026-07-15 03:00:00,7601.75,7603.25,5.5
"Parabolic_SAR(af=0.02,max=0.2)",SHORT,2026-07-15 03:00:00,2026-07-15 03:35:00,7603.25,7606.0,-15.75
"Parabolic_SAR(af=0.02,max=0.2)",LONG,2026-07-15 03:35:00,2026-07-15 05:05:00,7606.0,7605.25,-5.75
"Parabolic_SAR(af=0.02,max=0.2)",SHORT,2026-07-15 05:05:00,2026-07-15 06:00:00,7605.25,7609.25,-22.0
"Parabolic_SAR(af=0.02,max=0.2)",LONG,2026-07-15 06:00:00,2026-07-15 07:05:00,7609.25,7607.25,-12.0
"Parabolic_SAR(af=0.02,max=0.2)",SHORT,2026-07-15 07:05:00,2026-07-15 07:55:00,7607.25,7604.75,10.5
"Parabolic_SAR(af=0.02,max=0.2)",LONG,2026-07-15 07:55:00,2026-07-15 09:55:00,7604.75,7605.25,0.5
"Parabolic_SAR(af=0.02,max=0.2)",SHORT,2026-07-15 09:55:00,2026-07-15 11:00:00,7605.25,7601.0,19.25
"Parabolic_SAR(af=0.02,max=0.2)",LONG,2026-07-15 11:00:00,2026-07-15 11:35:00,7601.0,7600.75,-3.25
"Parabolic_SAR(af=0.02,max=0.2)",SHORT,2026-07-15 11:35:00,2026-07-15 12:35:00,7600.75,7605.0,-23.25
"Parabolic_SAR(af=0.02,max=0.2)",LONG,2026-07-15 12:35:00,2026-07-15 13:50:00,7605.0,7605.5,0.5
"Parabolic_SAR(af=0.02,max=0.2)",SHORT,2026-07-15 13:50:00,2026-07-15 14:10:00,7605.5,7620.75,-78.25
"Parabolic_SAR(af=0.02,max=0.2)",LONG,2026-07-15 14:10:00,2026-07-15 14:45:00,7620.75,7605.0,-80.75
"Parabolic_SAR(af=0.02,max=0.2)",SHORT,2026-07-15 14:45:00,2026-07-15 16:50:00,7605.0,7583.25,106.75
"Parabolic_SAR(af=0.02,max=0.2)",LONG,2026-07-15 16:50:00,2026-07-15 18:45:00,7583.25,7610.75,135.5
"Parabolic_SAR(af=0.02,max=0.2)",SHORT,2026-07-15 18:45:00,2026-07-15 19:35:00,7610.75,7602.75,38.0
"Parabolic_SAR(af=0.02,max=0.2)",LONG,2026-07-15 19:35:00,2026-07-15 22:35:00,7602.75,7616.75,68.0
"Parabolic_SAR(af=0.02,max=0.2)",SHORT,2026-07-15 22:35:00,2026-07-15 23:15:00,7616.75,7618.5,-10.75
"Parabolic_SAR(af=0.02,max=0.2)",LONG,2026-07-15 23:15:00,2026-07-15 23:55:00,7618.5,7617.0,-9.5
"Parabolic_SAR(af=0.02,max=0.2)",SHORT,2026-07-15 23:55:00,2026-07-16 00:05:00,7617.0,7623.25,-33.25
"Parabolic_SAR(af=0.02,max=0.2)",LONG,2026-07-16 00:05:00,2026-07-16 00:35:00,7623.25,7621.25,-12.0
"Parabolic_SAR(af=0.02,max=0.2)",SHORT,2026-07-16 00:35:00,2026-07-16 01:50:00,7621.25,7618.25,13.0
"Parabolic_SAR(af=0.02,max=0.2)",LONG,2026-07-16 01:50:00,2026-07-16 02:05:00,7618.25,7611.75,-34.5
"Parabolic_SAR(af=0.02,max=0.2)",SHORT,2026-07-16 02:05:00,2026-07-16 02:25:00,7611.75,7619.5,-40.75
"Parabolic_SAR(af=0.02,max=0.2)",LONG,2026-07-16 02:25:00,2026-07-16 03:50:00,7619.5,7622.0,10.5
"Parabolic_SAR(af=0.02,max=0.2)",SHORT,2026-07-16 03:50:00,2026-07-16 04:15:00,7622.0,7626.25,-23.25
"Parabolic_SAR(af=0.02,max=0.2)",LONG,2026-07-16 04:15:00,2026-07-16 04:30:00,7626.25,7622.75,-19.5
"Parabolic_SAR(af=0.02,max=0.2)",SHORT,2026-07-16 04:30:00,2026-07-16 05:15:00,7622.75,7626.75,-22.0
"Parabolic_SAR(af=0.02,max=0.2)",LONG,2026-07-16 05:15:00,2026-07-16 05:40:00,7626.75,7618.0,-45.75
"Parabolic_SAR(af=0.02,max=0.2)",SHORT,2026-07-16 05:40:00,2026-07-16 07:00:00,7618.0,7618.25,-3.25
"Parabolic_SAR(af=0.02,max=0.2)",LONG,2026-07-16 07:00:00,2026-07-16 07:05:00,7618.25,7615.5,-15.75
"Parabolic_SAR(af=0.02,max=0.2)",SHORT,2026-07-16 07:05:00,2026-07-16 08:25:00,7615.5,7599.75,76.75
"Parabolic_SAR(af=0.02,max=0.2)",LONG,2026-07-16 08:25:00,2026-07-16 09:40:00,7599.75,7609.5,46.75
"Parabolic_SAR(af=0.02,max=0.2)",SHORT,2026-07-16 09:40:00,2026-07-16 10:40:00,7609.5,7602.25,34.25
"Parabolic_SAR(af=0.02,max=0.2)",LONG,2026-07-16 10:40:00,2026-07-16 10:50:00,7602.25,7602.0,-3.25
"Parabolic_SAR(af=0.02,max=0.2)",SHORT,2026-07-16 10:50:00,2026-07-16 11:30:00,7602.0,7600.0,8.0
"Parabolic_SAR(af=0.02,max=0.2)",LONG,2026-07-16 11:30:00,2026-07-16 11:35:00,7600.0,7597.0,-17.0
"Parabolic_SAR(af=0.02,max=0.2)",SHORT,2026-07-16 11:35:00,2026-07-16 13:05:00,7597.0,7591.75,24.25
"Parabolic_SAR(af=0.02,max=0.2)",LONG,2026-07-16 13:05:00,2026-07-16 13:40:00,7591.75,7586.0,-30.75
"Parabolic_SAR(af=0.02,max=0.2)",SHORT,2026-07-16 13:40:00,2026-07-16 14:10:00,7586.0,7603.0,-87.0
"Parabolic_SAR(af=0.02,max=0.2)",LONG,2026-07-16 14:10:00,2026-07-16 15:10:00,7603.0,7604.5,5.5
"Parabolic_SAR(af=0.02,max=0.2)",SHORT,2026-07-16 15:10:00,2026-07-16 15:30:00,7604.5,7607.25,-15.75
"Parabolic_SAR(af=0.02,max=0.2)",LONG,2026-07-16 15:30:00,2026-07-16 15:50:00,7607.25,7604.0,-18.25
"Parabolic_SAR(af=0.02,max=0.2)",SHORT,2026-07-16 15:50:00,2026-07-16 16:55:00,7604.0,7595.25,41.75
"Parabolic_SAR(af=0.02,max=0.2)",LONG,2026-07-16 16:55:00,2026-07-16 17:40:00,7595.25,7585.25,-52.0
"Parabolic_SAR(af=0.02,max=0.2)",SHORT,2026-07-16 17:40:00,2026-07-16 19:55:00,7585.25,7568.75,80.5
"Parabolic_SAR(af=0.02,max=0.2)",LONG,2026-07-16 19:55:00,2026-07-16 22:50:00,7568.75,7565.5,-18.25
"Parabolic_SAR(af=0.02,max=0.2)",SHORT,2026-07-16 22:50:00,2026-07-17 00:55:00,7565.5,7554.0,55.5
"Parabolic_SAR(af=0.02,max=0.2)",LONG,2026-07-17 00:55:00,2026-07-17 01:10:00,7554.0,7549.25,-25.75
"Parabolic_SAR(af=0.02,max=0.2)",SHORT,2026-07-17 01:10:00,2026-07-17 02:50:00,7549.25,7529.75,95.5
"Parabolic_SAR(af=0.02,max=0.2)",LONG,2026-07-17 02:50:00,2026-07-17 02:55:00,7529.75,7527.25,-14.5
"Parabolic_SAR(af=0.02,max=0.2)",SHORT,2026-07-17 02:55:00,2026-07-17 03:10:00,7527.25,7534.25,-37.0
"Parabolic_SAR(af=0.02,max=0.2)",LONG,2026-07-17 03:10:00,2026-07-17 03:45:00,7534.25,7530.25,-22.0
"Parabolic_SAR(af=0.02,max=0.2)",SHORT,2026-07-17 03:45:00,2026-07-17 04:50:00,7530.25,7517.0,64.25
"Parabolic_SAR(af=0.02,max=0.2)",LONG,2026-07-17 04:50:00,2026-07-17 05:20:00,7517.0,7513.5,-19.5
"Parabolic_SAR(af=0.02,max=0.2)",SHORT,2026-07-17 05:20:00,2026-07-17 06:05:00,7513.5,7513.75,-3.25
"Parabolic_SAR(af=0.02,max=0.2)",LONG,2026-07-17 06:05:00,2026-07-17 06:50:00,7513.75,7511.75,-12.0
"Parabolic_SAR(af=0.02,max=0.2)",SHORT,2026-07-17 06:50:00,2026-07-17 09:00:00,7511.75,7499.5,59.25
"Parabolic_SAR(af=0.02,max=0.2)",LONG,2026-07-17 09:00:00,2026-07-17 10:55:00,7499.5,7517.25,86.75
"Parabolic_SAR(af=0.02,max=0.2)",SHORT,2026-07-17 10:55:00,2026-07-17 11:05:00,7517.25,7517.0,-0.75
"Parabolic_SAR(af=0.02,max=0.2)",LONG,2026-07-17 11:05:00,2026-07-17 11:10:00,7517.0,7514.5,-14.5
"Parabolic_SAR(af=0.02,max=0.2)",SHORT,2026-07-17 11:10:00,2026-07-17 11:40:00,7514.5,7516.75,-13.25
"Parabolic_SAR(af=0.02,max=0.2)",LONG,2026-07-17 11:40:00,2026-07-17 12:10:00,7516.75,7511.25,-29.5
"Parabolic_SAR(af=0.02,max=0.2)",SHORT,2026-07-17 12:10:00,2026-07-17 13:45:00,7511.25,7475.75,175.5
"Parabolic_SAR(af=0.02,max=0.2)",LONG,2026-07-17 13:45:00,2026-07-17 14:50:00,7475.75,7522.5,231.75
"Parabolic_SAR(af=0.02,max=0.2)",SHORT,2026-07-17 14:50:00,2026-07-17 15:35:00,7522.5,7515.75,31.75
"Parabolic_SAR(af=0.02,max=0.2)",LONG,2026-07-17 15:35:00,2026-07-17 16:30:00,7515.75,7524.75,43.0
"Parabolic_SAR(af=0.02,max=0.2)",SHORT,2026-07-17 16:30:00,2026-07-17 16:50:00,7524.75,7534.5,-50.75
"Parabolic_SAR(af=0.02,max=0.2)",LONG,2026-07-17 16:50:00,2026-07-17 17:45:00,7534.5,7521.25,-68.25
"Parabolic_SAR(af=0.02,max=0.2)",SHORT,2026-07-17 17:45:00,2026-07-17 18:55:00,7521.25,7510.75,50.5
"Parabolic_SAR(af=0.02,max=0.2)",LONG,2026-07-17 18:55:00,2026-07-17 19:15:00,7510.75,7492.25,-94.5
"Parabolic_SAR(af=0.02,max=0.2)",SHORT,2026-07-17 19:15:00,2026-07-17 19:50:00,7492.25,7505.0,-65.75
"Parabolic_SAR(af=0.02,max=0.2)",LONG,2026-07-17 19:50:00,2026-07-17 20:05:00,7505.0,7489.75,-78.25
"Parabolic_SAR(af=0.02,max=0.2)",SHORT,2026-07-17 20:05:00,2026-07-19 22:40:00,7489.75,7495.25,-29.5
"Parabolic_SAR(af=0.02,max=0.2)",LONG,2026-07-19 22:40:00,2026-07-20 00:35:00,7495.25,7504.0,41.75
"Parabolic_SAR(af=0.02,max=0.2)",SHORT,2026-07-20 00:35:00,2026-07-20 02:05:00,7504.0,7504.25,-3.25
"Parabolic_SAR(af=0.02,max=0.2)",LONG,2026-07-20 02:05:00,2026-07-20 03:35:00,7504.25,7504.5,-0.75
"Parabolic_SAR(af=0.02,max=0.2)",SHORT,2026-07-20 03:35:00,2026-07-20 03:55:00,7504.5,7509.75,-28.25
"Parabolic_SAR(af=0.02,max=0.2)",LONG,2026-07-20 03:55:00,2026-07-20 04:10:00,7509.75,7504.0,-30.75
"Parabolic_SAR(af=0.02,max=0.2)",SHORT,2026-07-20 04:10:00,2026-07-20 04:35:00,7504.0,7508.75,-25.75
"Parabolic_SAR(af=0.02,max=0.2)",LONG,2026-07-20 04:35:00,2026-07-20 05:10:00,7508.75,7503.75,-27.0
"Parabolic_SAR(af=0.02,max=0.2)",SHORT,2026-07-20 05:10:00,2026-07-20 06:45:00,7503.75,7496.5,34.25
"Parabolic_SAR(af=0.02,max=0.2)",LONG,2026-07-20 06:45:00,2026-07-20 08:35:00,7496.5,7514.75,89.25
"Parabolic_SAR(af=0.02,max=0.2)",SHORT,2026-07-20 08:35:00,2026-07-20 09:25:00,7514.75,7517.0,-13.25
"Parabolic_SAR(af=0.02,max=0.2)",LONG,2026-07-20 09:25:00,2026-07-20 10:15:00,7517.0,7518.25,4.25
"Parabolic_SAR(af=0.02,max=0.2)",SHORT,2026-07-20 10:15:00,2026-07-20 11:05:00,7518.25,7525.75,-39.5
"Parabolic_SAR(af=0.02,max=0.2)",LONG,2026-07-20 11:05:00,2026-07-20 12:05:00,7525.75,7525.0,-5.75
"Parabolic_SAR(af=0.02,max=0.2)",SHORT,2026-07-20 12:05:00,2026-07-20 13:35:00,7525.0,7544.75,-100.75
"Parabolic_SAR(af=0.02,max=0.2)",LONG,2026-07-20 13:35:00,2026-07-20 14:00:00,7544.75,7520.75,-122.0
"Parabolic_SAR(af=0.02,max=0.2)",SHORT,2026-07-20 14:00:00,2026-07-20 15:10:00,7520.75,7518.0,11.75
"Parabolic_SAR(af=0.02,max=0.2)",LONG,2026-07-20 15:10:00,2026-07-20 16:35:00,7518.0,7521.75,16.75
"Parabolic_SAR(af=0.02,max=0.2)",SHORT,2026-07-20 16:35:00,2026-07-20 17:55:00,7521.75,7510.0,56.75
"Parabolic_SAR(af=0.02,max=0.2)",LONG,2026-07-20 17:55:00,2026-07-20 18:35:00,7510.0,7500.0,-52.0
"Parabolic_SAR(af=0.02,max=0.2)",SHORT,2026-07-20 18:35:00,2026-07-20 19:35:00,7500.0,7493.0,33.0
"Parabolic_SAR(af=0.02,max=0.2)",LONG,2026-07-20 19:35:00,2026-07-20 20:00:00,7493.0,7486.0,-37.0
"Parabolic_SAR(af=0.02,max=0.2)",SHORT,2026-07-20 20:00:00,2026-07-20 23:10:00,7486.0,7482.75,14.25
"Parabolic_SAR(af=0.02,max=0.2)",LONG,2026-07-20 23:10:00,2026-07-20 23:55:00,7482.75,7483.75,3.0
"Parabolic_SAR(af=0.02,max=0.2)",SHORT,2026-07-20 23:55:00,2026-07-21 00:30:00,7483.75,7486.0,-13.25
"Parabolic_SAR(af=0.02,max=0.2)",LONG,2026-07-21 00:30:00,2026-07-21 01:45:00,7486.0,7491.75,26.75
"Parabolic_SAR(af=0.02,max=0.2)",SHORT,2026-07-21 01:45:00,2026-07-21 02:10:00,7491.75,7494.25,-14.5
"Parabolic_SAR(af=0.02,max=0.2)",LONG,2026-07-21 02:10:00,2026-07-21 02:20:00,7494.25,7489.0,-28.25
"Parabolic_SAR(af=0.02,max=0.2)",SHORT,2026-07-21 02:20:00,2026-07-21 02:40:00,7489.0,7501.0,-62.0
"Parabolic_SAR(af=0.02,max=0.2)",LONG,2026-07-21 02:40:00,2026-07-21 04:55:00,7501.0,7514.0,63.0
"Parabolic_SAR(af=0.02,max=0.2)",SHORT,2026-07-21 04:55:00,2026-07-21 05:30:00,7514.0,7516.75,-15.75
"Parabolic_SAR(af=0.02,max=0.2)",LONG,2026-07-21 05:30:00,2026-07-21 07:05:00,7516.75,7525.5,41.75
"Parabolic_SAR(af=0.02,max=0.2)",SHORT,2026-07-21 07:05:00,2026-07-21 08:10:00,7525.5,7519.5,28.0
"Parabolic_SAR(af=0.02,max=0.2)",LONG,2026-07-21 08:10:00,2026-07-21 09:30:00,7519.5,7523.0,15.5
"Parabolic_SAR(af=0.02,max=0.2)",SHORT,2026-07-21 09:30:00,2026-07-21 09:50:00,7523.0,7526.5,-19.5
"Parabolic_SAR(af=0.02,max=0.2)",LONG,2026-07-21 09:50:00,2026-07-21 10:10:00,7526.5,7521.5,-27.0
"Parabolic_SAR(af=0.02,max=0.2)",SHORT,2026-07-21 10:10:00,2026-07-21 10:15:00,7521.5,7523.5,-12.0
"Parabolic_SAR(af=0.02,max=0.2)",LONG,2026-07-21 10:15:00,2026-07-21 10:45:00,7523.5,7523.0,-4.5
"Parabolic_SAR(af=0.02,max=0.2)",SHORT,2026-07-21 10:45:00,2026-07-21 11:40:00,7523.0,7518.5,20.5
"Parabolic_SAR(af=0.02,max=0.2)",LONG,2026-07-21 11:40:00,2026-07-21 12:20:00,7518.5,7512.75,-30.75
"Parabolic_SAR(af=0.02,max=0.2)",SHORT,2026-07-21 12:20:00,2026-07-21 13:20:00,7512.75,7517.0,-23.25
"Parabolic_SAR(af=0.02,max=0.2)",LONG,2026-07-21 13:20:00,2026-07-21 13:45:00,7517.0,7507.75,-48.25
"Parabolic_SAR(af=0.02,max=0.2)",SHORT,2026-07-21 13:45:00,2026-07-21 14:20:00,7507.75,7523.5,-80.75
"Parabolic_SAR(af=0.02,max=0.2)",LONG,2026-07-21 14:20:00,2026-07-21 16:00:00,7523.5,7538.5,73.0
"Parabolic_SAR(af=0.02,max=0.2)",SHORT,2026-07-21 16:00:00,2026-07-21 16:05:00,7538.5,7545.75,-38.25
"Parabolic_SAR(af=0.02,max=0.2)",LONG,2026-07-21 16:05:00,2026-07-21 17:15:00,7545.75,7549.25,15.5
"Parabolic_SAR(af=0.02,max=0.2)",SHORT,2026-07-21 17:15:00,2026-07-21 17:50:00,7549.25,7551.5,-13.25
"Parabolic_SAR(af=0.02,max=0.2)",LONG,2026-07-21 17:50:00,2026-07-21 18:05:00,7551.5,7546.0,-29.5
"Parabolic_SAR(af=0.02,max=0.2)",SHORT,2026-07-21 18:05:00,2026-07-21 18:45:00,7546.0,7548.5,-14.5
"Parabolic_SAR(af=0.02,max=0.2)",LONG,2026-07-21 18:45:00,2026-07-21 20:00:00,7548.5,7545.5,-17.0
"Parabolic_SAR(af=0.02,max=0.2)",SHORT,2026-07-21 20:00:00,2026-07-21 22:05:00,7545.5,7543.25,9.25
"Parabolic_SAR(af=0.02,max=0.2)",LONG,2026-07-21 22:05:00,2026-07-21 22:30:00,7543.25,7541.5,-10.75
"Parabolic_SAR(af=0.02,max=0.2)",SHORT,2026-07-21 22:30:00,2026-07-21 23:20:00,7541.5,7543.25,-10.75
"Parabolic_SAR(af=0.02,max=0.2)",LONG,2026-07-21 23:20:00,2026-07-22 00:30:00,7543.25,7542.0,-8.25
"Parabolic_SAR(af=0.02,max=0.2)",SHORT,2026-07-22 00:30:00,2026-07-22 01:50:00,7542.0,7542.25,-3.25
"Parabolic_SAR(af=0.02,max=0.2)",LONG,2026-07-22 01:50:00,2026-07-22 03:10:00,7542.25,7538.75,-19.5
"Parabolic_SAR(af=0.02,max=0.2)",SHORT,2026-07-22 03:10:00,2026-07-22 03:30:00,7538.75,7544.0,-28.25
"Parabolic_SAR(af=0.02,max=0.2)",LONG,2026-07-22 03:30:00,2026-07-22 03:55:00,7544.0,7535.5,-44.5
"Parabolic_SAR(af=0.02,max=0.2)",SHORT,2026-07-22 03:55:00,2026-07-22 05:55:00,7535.5,7534.5,3.0
"Parabolic_SAR(af=0.02,max=0.2)",LONG,2026-07-22 05:55:00,2026-07-22 06:20:00,7534.5,7529.75,-25.75
"Parabolic_SAR(af=0.02,max=0.2)",SHORT,2026-07-22 06:20:00,2026-07-22 07:30:00,7529.75,7525.0,21.75
"Parabolic_SAR(af=0.02,max=0.2)",LONG,2026-07-22 07:30:00,2026-07-22 07:40:00,7525.0,7515.25,-50.75
"Parabolic_SAR(af=0.02,max=0.2)",SHORT,2026-07-22 07:40:00,2026-07-22 08:30:00,7515.25,7523.5,-43.25
"Parabolic_SAR(af=0.02,max=0.2)",LONG,2026-07-22 08:30:00,2026-07-22 09:55:00,7523.5,7522.0,-9.5
"Parabolic_SAR(af=0.02,max=0.2)",SHORT,2026-07-22 09:55:00,2026-07-22 10:25:00,7522.0,7532.0,-52.0
"Parabolic_SAR(af=0.02,max=0.2)",LONG,2026-07-22 10:25:00,2026-07-22 11:30:00,7532.0,7523.0,-47.0
"Parabolic_SAR(af=0.02,max=0.2)",SHORT,2026-07-22 11:30:00,2026-07-22 13:10:00,7523.0,7520.5,10.5
"Parabolic_SAR(af=0.02,max=0.2)",LONG,2026-07-22 13:10:00,2026-07-22 14:20:00,7520.5,7543.0,110.5
"Parabolic_SAR(af=0.02,max=0.2)",SHORT,2026-07-22 14:20:00,2026-07-22 15:05:00,7543.0,7545.25,-13.25
"Parabolic_SAR(af=0.02,max=0.2)",LONG,2026-07-22 15:05:00,2026-07-22 16:45:00,7545.25,7560.5,74.25
"Parabolic_SAR(af=0.02,max=0.2)",SHORT,2026-07-22 16:45:00,2026-07-22 18:30:00,7560.5,7547.25,64.25
"Parabolic_SAR(af=0.02,max=0.2)",LONG,2026-07-22 18:30:00,2026-07-22 19:15:00,7547.25,7541.75,-29.5
"Parabolic_SAR(af=0.02,max=0.2)",SHORT,2026-07-22 19:15:00,2026-07-22 19:55:00,7541.75,7541.25,0.5
"Parabolic_SAR(af=0.02,max=0.2)",LONG,2026-07-22 19:55:00,2026-07-22 20:00:00,7541.25,7536.75,-24.5
"Parabolic_SAR(af=0.02,max=0.2)",SHORT,2026-07-22 20:00:00,2026-07-22 20:05:00,7536.75,7536.25,0.5
"Parabolic_SAR(af=0.02,max=0.2)",LONG,2026-07-22 20:05:00,2026-07-22 20:10:00,7536.25,7535.75,-4.5
"Parabolic_SAR(af=0.02,max=0.2)",SHORT,2026-07-22 20:10:00,2026-07-22 20:15:00,7535.75,7552.75,-87.0
"Parabolic_SAR(af=0.02,max=0.2)",LONG,2026-07-22 20:15:00,2026-07-22 22:05:00,7552.75,7524.5,-143.25
"Parabolic_SAR(af=0.02,max=0.2)",SHORT,2026-07-22 22:05:00,2026-07-22 23:40:00,7524.5,7522.0,10.5
"Parabolic_SAR(af=0.02,max=0.2)",LONG,2026-07-22 23:40:00,2026-07-23 01:20:00,7522.0,7544.5,110.5
"Parabolic_SAR(af=0.02,max=0.2)",SHORT,2026-07-23 01:20:00,2026-07-23 03:00:00,7544.5,7531.0,65.5
"Parabolic_SAR(af=0.02,max=0.2)",LONG,2026-07-23 03:00:00,2026-07-23 03:10:00,7531.0,7525.75,-28.25
"Parabolic_SAR(af=0.02,max=0.2)",SHORT,2026-07-23 03:10:00,2026-07-23 03:50:00,7525.75,7528.25,-14.5
"Parabolic_SAR(af=0.02,max=0.2)",LONG,2026-07-23 03:50:00,2026-07-23 04:55:00,7528.25,7526.75,-9.5
"Parabolic_SAR(af=0.02,max=0.2)",SHORT,2026-07-23 04:55:00,2026-07-23 05:30:00,7526.75,7533.5,-35.75
"Parabolic_SAR(af=0.02,max=0.2)",LONG,2026-07-23 05:30:00,2026-07-23 05:50:00,7533.5,7525.0,-44.5
"Parabolic_SAR(af=0.02,max=0.2)",SHORT,2026-07-23 05:50:00,2026-07-23 08:00:00,7525.0,7504.25,101.75
"Parabolic_SAR(af=0.02,max=0.2)",LONG,2026-07-23 08:00:00,2026-07-23 09:20:00,7504.25,7514.75,50.5
"Parabolic_SAR(af=0.02,max=0.2)",SHORT,2026-07-23 09:20:00,2026-07-23 10:30:00,7514.75,7512.25,10.5
"Parabolic_SAR(af=0.02,max=0.2)",LONG,2026-07-23 10:30:00,2026-07-23 11:05:00,7512.25,7514.5,9.25
"Parabolic_SAR(af=0.02,max=0.2)",SHORT,2026-07-23 11:05:00,2026-07-23 13:35:00,7514.5,7472.75,206.75
"Parabolic_SAR(af=0.02,max=0.2)",LONG,2026-07-23 13:35:00,2026-07-23 14:10:00,7472.75,7453.5,-98.25
"Parabolic_SAR(af=0.02,max=0.2)",SHORT,2026-07-23 14:10:00,2026-07-23 15:45:00,7453.5,7426.5,133.0
"Parabolic_SAR(af=0.02,max=0.2)",LONG,2026-07-23 15:45:00,2026-07-23 16:50:00,7426.5,7440.25,66.75
"Parabolic_SAR(af=0.02,max=0.2)",SHORT,2026-07-23 16:50:00,2026-07-23 18:35:00,7440.25,7436.75,15.5
"Parabolic_SAR(af=0.02,max=0.2)",LONG,2026-07-23 18:35:00,2026-07-23 18:45:00,7436.75,7429.0,-40.75
"Parabolic_SAR(af=0.02,max=0.2)",SHORT,2026-07-23 18:45:00,2026-07-23 19:25:00,7429.0,7437.75,-45.75
"Parabolic_SAR(af=0.02,max=0.2)",LONG,2026-07-23 19:25:00,2026-07-23 19:45:00,7437.75,7424.0,-70.75
"Parabolic_SAR(af=0.02,max=0.2)",SHORT,2026-07-23 19:45:00,2026-07-23 20:00:00,7424.0,7444.0,-102.0
"Parabolic_SAR(af=0.02,max=0.2)",LONG,2026-07-23 20:00:00,2026-07-23 22:10:00,7444.0,7446.75,11.75
"Parabolic_SAR(af=0.02,max=0.2)",SHORT,2026-07-23 22:10:00,2026-07-23 23:00:00,7446.75,7453.25,-34.5
"Parabolic_SAR(af=0.02,max=0.2)",LONG,2026-07-23 23:00:00,2026-07-23 23:45:00,7453.25,7449.0,-23.25
"Parabolic_SAR(af=0.02,max=0.2)",SHORT,2026-07-23 23:45:00,2026-07-24 00:05:00,7449.0,7447.75,4.25
"Parabolic_SAR(af=0.02,max=0.2)",LONG,2026-07-24 00:05:00,2026-07-24 00:15:00,7447.75,7448.0,-0.75
"Parabolic_SAR(af=0.02,max=0.2)",SHORT,2026-07-24 00:15:00,2026-07-24 00:25:00,7448.0,7453.0,-27.0
"Parabolic_SAR(af=0.02,max=0.2)",LONG,2026-07-24 00:25:00,2026-07-24 01:55:00,7453.0,7453.75,1.75
"Parabolic_SAR(af=0.02,max=0.2)",SHORT,2026-07-24 01:55:00,2026-07-24 03:20:00,7453.75,7441.0,61.75
"Parabolic_SAR(af=0.02,max=0.2)",LONG,2026-07-24 03:20:00,2026-07-24 03:35:00,7441.0,7439.75,-8.25
"Parabolic_SAR(af=0.02,max=0.2)",SHORT,2026-07-24 03:35:00,2026-07-24 04:25:00,7439.75,7442.25,-14.5
"Parabolic_SAR(af=0.02,max=0.2)",LONG,2026-07-24 04:25:00,2026-07-24 04:45:00,7442.25,7439.75,-14.5
"Parabolic_SAR(af=0.02,max=0.2)",SHORT,2026-07-24 04:45:00,2026-07-24 05:05:00,7439.75,7443.5,-20.75
"Parabolic_SAR(af=0.02,max=0.2)",LONG,2026-07-24 05:05:00,2026-07-24 06:00:00,7443.5,7442.25,-8.25
"Parabolic_SAR(af=0.02,max=0.2)",SHORT,2026-07-24 06:00:00,2026-07-24 06:30:00,7442.25,7441.75,0.5
"Parabolic_SAR(af=0.02,max=0.2)",LONG,2026-07-24 06:30:00,2026-07-24 06:50:00,7441.75,7434.5,-38.25
"Parabolic_SAR(af=0.02,max=0.2)",SHORT,2026-07-24 06:50:00,2026-07-24 07:05:00,7434.5,7447.0,-64.5
"Parabolic_SAR(af=0.02,max=0.2)",LONG,2026-07-24 07:05:00,2026-07-24 08:05:00,7447.0,7453.0,28.0
"Parabolic_SAR(af=0.02,max=0.2)",SHORT,2026-07-24 08:05:00,2026-07-24 08:35:00,7453.0,7460.0,-37.0
"Parabolic_SAR(af=0.02,max=0.2)",LONG,2026-07-24 08:35:00,2026-07-24 10:10:00,7460.0,7461.25,4.25
"Parabolic_SAR(af=0.02,max=0.2)",SHORT,2026-07-24 10:10:00,2026-07-24 11:10:00,7461.25,7460.25,3.0
"Parabolic_SAR(af=0.02,max=0.2)",LONG,2026-07-24 11:10:00,2026-07-24 11:35:00,7460.25,7457.0,-18.25
"Parabolic_SAR(af=0.02,max=0.2)",SHORT,2026-07-24 11:35:00,2026-07-24 12:00:00,7457.0,7465.0,-42.0
"Parabolic_SAR(af=0.02,max=0.2)",LONG,2026-07-24 12:00:00,2026-07-24 12:45:00,7465.0,7455.75,-48.25
"Parabolic_SAR(af=0.02,max=0.2)",SHORT,2026-07-24 12:45:00,2026-07-24 13:40:00,7455.75,7449.75,28.0
"Parabolic_SAR(af=0.02,max=0.2)",LONG,2026-07-24 13:40:00,2026-07-24 13:55:00,7449.75,7436.5,-68.25
"Parabolic_SAR(af=0.02,max=0.2)",SHORT,2026-07-24 13:55:00,2026-07-24 14:15:00,7436.5,7454.25,-90.75
"Parabolic_SAR(af=0.02,max=0.2)",LONG,2026-07-24 14:15:00,2026-07-24 14:50:00,7454.25,7444.25,-52.0
"Parabolic_SAR(af=0.02,max=0.2)",SHORT,2026-07-24 14:50:00,2026-07-24 15:00:00,7444.25,7465.0,-105.75
"Parabolic_SAR(af=0.02,max=0.2)",LONG,2026-07-24 15:00:00,2026-07-24 16:35:00,7465.0,7484.25,94.25
"Parabolic_SAR(af=0.02,max=0.2)",SHORT,2026-07-24 16:35:00,2026-07-24 17:30:00,7484.25,7476.25,38.0
"Parabolic_SAR(af=0.02,max=0.2)",LONG,2026-07-24 17:30:00,2026-07-24 18:10:00,7476.25,7469.75,-34.5
"Parabolic_SAR(af=0.02,max=0.2)",SHORT,2026-07-24 18:10:00,2026-07-24 19:35:00,7469.75,7440.0,146.75
"Parabolic_SAR(af=0.02,max=0.2)",LONG,2026-07-24 19:35:00,2026-07-24 20:35:00,7440.0,7441.0,3.0
"Parabolic_SAR(af=0.02,max=0.2)",SHORT,2026-07-24 20:35:00,2026-07-26 22:15:00,7441.0,7494.25,-268.25
"Parabolic_SAR(af=0.02,max=0.2)",LONG,2026-07-26 22:15:00,2026-07-27 00:20:00,7494.25,7498.5,19.25
"Parabolic_SAR(af=0.02,max=0.2)",SHORT,2026-07-27 00:20:00,2026-07-27 01:35:00,7498.5,7494.25,19.25
"Parabolic_SAR(af=0.02,max=0.2)",LONG,2026-07-27 01:35:00,2026-07-27 02:55:00,7494.25,7499.0,21.75
"Parabolic_SAR(af=0.02,max=0.2)",SHORT,2026-07-27 02:55:00,2026-07-27 03:05:00,7499.0,7499.75,-5.75
"Parabolic_SAR(af=0.02,max=0.2)",LONG,2026-07-27 03:05:00,2026-07-27 03:35:00,7499.75,7499.75,-2.0
"Parabolic_SAR(af=0.02,max=0.2)",SHORT,2026-07-27 03:35:00,2026-07-27 04:20:00,7499.75,7502.75,-17.0
"Parabolic_SAR(af=0.02,max=0.2)",LONG,2026-07-27 04:20:00,2026-07-27 06:25:00,7502.75,7514.75,58.0
"Parabolic_SAR(af=0.02,max=0.2)",SHORT,2026-07-27 06:25:00,2026-07-27 07:15:00,7514.75,7516.5,-10.75
"Parabolic_SAR(af=0.02,max=0.2)",LONG,2026-07-27 07:15:00,2026-07-27 07:35:00,7516.5,7512.25,-23.25
"Parabolic_SAR(af=0.02,max=0.2)",SHORT,2026-07-27 07:35:00,2026-07-27 08:20:00,7512.25,7512.5,-3.25
"Parabolic_SAR(af=0.02,max=0.2)",LONG,2026-07-27 08:20:00,2026-07-27 10:15:00,7512.5,7520.75,39.25
"Parabolic_SAR(af=0.02,max=0.2)",SHORT,2026-07-27 10:15:00,2026-07-27 11:00:00,7520.75,7521.75,-7.0
"Parabolic_SAR(af=0.02,max=0.2)",LONG,2026-07-27 11:00:00,2026-07-27 11:10:00,7521.75,7518.5,-18.25
"Parabolic_SAR(af=0.02,max=0.2)",SHORT,2026-07-27 11:10:00,2026-07-27 12:05:00,7518.5,7514.5,18.0
"Parabolic_SAR(af=0.02,max=0.2)",LONG,2026-07-27 12:05:00,2026-07-27 12:15:00,7514.5,7505.25,-48.25
"Parabolic_SAR(af=0.02,max=0.2)",SHORT,2026-07-27 12:15:00,2026-07-27 12:50:00,7505.25,7513.5,-43.25
"Parabolic_SAR(af=0.02,max=0.2)",LONG,2026-07-27 12:50:00,2026-07-27 13:30:00,7513.5,7507.5,-32.0
"Parabolic_SAR(af=0.02,max=0.2)",SHORT,2026-07-27 13:30:00,2026-07-27 15:00:00,7507.5,7455.5,258.0
"Parabolic_SAR(af=0.02,max=0.2)",LONG,2026-07-27 15:00:00,2026-07-27 15:35:00,7455.5,7432.25,-118.25
"Parabolic_SAR(af=0.02,max=0.2)",SHORT,2026-07-27 15:35:00,2026-07-27 16:30:00,7432.25,7445.5,-68.25
"Parabolic_SAR(af=0.02,max=0.2)",LONG,2026-07-27 16:30:00,2026-07-27 17:00:00,7445.5,7428.25,-88.25
"Parabolic_SAR(af=0.02,max=0.2)",SHORT,2026-07-27 17:00:00,2026-07-27 18:00:00,7428.25,7436.75,-44.5
"Parabolic_SAR(af=0.02,max=0.2)",LONG,2026-07-27 18:00:00,2026-07-27 19:50:00,7436.75,7449.25,60.5
"Parabolic_SAR(af=0.02,max=0.2)",SHORT,2026-07-27 19:50:00,2026-07-27 20:35:00,7449.25,7453.0,-20.75
"Parabolic_SAR(af=0.02,max=0.2)",LONG,2026-07-27 20:35:00,2026-07-27 22:15:00,7453.0,7447.25,-30.75
"Parabolic_SAR(af=0.02,max=0.2)",SHORT,2026-07-27 22:15:00,2026-07-27 23:25:00,7447.25,7446.25,3.0
"Parabolic_SAR(af=0.02,max=0.2)",LONG,2026-07-27 23:25:00,2026-07-28 00:10:00,7446.25,7444.5,-10.75
"Parabolic_SAR(af=0.02,max=0.2)",SHORT,2026-07-28 00:10:00,2026-07-28 01:30:00,7444.5,7437.75,31.75
"Parabolic_SAR(af=0.02,max=0.2)",LONG,2026-07-28 01:30:00,2026-07-28 02:10:00,7437.75,7431.25,-34.5
"Parabolic_SAR(af=0.02,max=0.2)",SHORT,2026-07-28 02:10:00,2026-07-28 03:20:00,7431.25,7435.5,-23.25
"Parabolic_SAR(af=0.02,max=0.2)",LONG,2026-07-28 03:20:00,2026-07-28 04:15:00,7435.5,7430.75,-25.75
"Parabolic_SAR(af=0.02,max=0.2)",SHORT,2026-07-28 04:15:00,2026-07-28 05:20:00,7430.75,7426.75,18.0
"Parabolic_SAR(af=0.02,max=0.2)",LONG,2026-07-28 05:20:00,2026-07-28 05:25:00,7426.75,7426.5,-3.25
"Parabolic_SAR(af=0.02,max=0.2)",SHORT,2026-07-28 05:25:00,2026-07-28 06:45:00,7426.5,7427.25,-5.75
"Parabolic_SAR(af=0.02,max=0.2)",LONG,2026-07-28 06:45:00,2026-07-28 07:50:00,7427.25,7431.25,18.0
"Parabolic_SAR(af=0.02,max=0.2)",SHORT,2026-07-28 07:50:00,2026-07-28 08:20:00,7431.25,7436.25,-27.0
"Parabolic_SAR(af=0.02,max=0.2)",LONG,2026-07-28 08:20:00,2026-07-28 09:40:00,7436.25,7442.75,30.5
"Parabolic_SAR(af=0.02,max=0.2)",SHORT,2026-07-28 09:40:00,2026-07-28 11:00:00,7442.75,7442.5,-0.75
"Parabolic_SAR(af=0.02,max=0.2)",LONG,2026-07-28 11:00:00,2026-07-28 11:15:00,7442.5,7433.5,-47.0
"Parabolic_SAR(af=0.02,max=0.2)",SHORT,2026-07-28 11:15:00,2026-07-28 11:20:00,7433.5,7446.5,-67.0
"Parabolic_SAR(af=0.02,max=0.2)",LONG,2026-07-28 11:20:00,2026-07-28 11:45:00,7446.5,7437.5,-47.0
"Parabolic_SAR(af=0.02,max=0.2)",SHORT,2026-07-28 11:45:00,2026-07-28 12:00:00,7437.5,7450.75,-68.25
"Parabolic_SAR(af=0.02,max=0.2)",LONG,2026-07-28 12:00:00,2026-07-28 13:05:00,7450.75,7453.75,13.0
"Parabolic_SAR(af=0.02,max=0.2)",SHORT,2026-07-28 13:05:00,2026-07-28 14:35:00,7453.75,7429.75,118.0
"Parabolic_SAR(af=0.02,max=0.2)",LONG,2026-07-28 14:35:00,2026-07-28 16:10:00,7429.75,7473.5,216.75
"Parabolic_SAR(af=0.02,max=0.2)",SHORT,2026-07-28 16:10:00,2026-07-28 16:45:00,7473.5,7477.25,-20.75
"Parabolic_SAR(af=0.02,max=0.2)",LONG,2026-07-28 16:45:00,2026-07-28 17:15:00,7477.25,7471.0,-33.25
"Parabolic_SAR(af=0.02,max=0.2)",SHORT,2026-07-28 17:15:00,2026-07-28 18:50:00,7471.0,7470.25,1.75
"Parabolic_SAR(af=0.02,max=0.2)",LONG,2026-07-28 18:50:00,2026-07-28 19:40:00,7470.25,7468.0,-13.25
"Parabolic_SAR(af=0.02,max=0.2)",SHORT,2026-07-28 19:40:00,2026-07-28 20:30:00,7468.0,7472.5,-24.5
"Parabolic_SAR(af=0.02,max=0.2)",LONG,2026-07-28 20:30:00,2026-07-28 22:25:00,7472.5,7459.75,-65.75
"Parabolic_SAR(af=0.02,max=0.2)",SHORT,2026-07-28 22:25:00,2026-07-28 23:15:00,7459.75,7463.5,-20.75
"Parabolic_SAR(af=0.02,max=0.2)",LONG,2026-07-28 23:15:00,2026-07-29 00:35:00,7463.5,7489.0,125.5
"Parabolic_SAR(af=0.02,max=0.2)",SHORT,2026-07-29 00:35:00,2026-07-29 02:15:00,7489.0,7462.75,129.25
"Parabolic_SAR(af=0.02,max=0.2)",LONG,2026-07-29 02:15:00,2026-07-29 03:05:00,7462.75,7458.5,-23.25
"Parabolic_SAR(af=0.02,max=0.2)",SHORT,2026-07-29 03:05:00,2026-07-29 04:55:00,7458.5,7447.75,51.75
"Parabolic_SAR(af=0.02,max=0.2)",LONG,2026-07-29 04:55:00,2026-07-29 06:05:00,7447.75,7452.75,23.0
"Parabolic_SAR(af=0.02,max=0.2)",SHORT,2026-07-29 06:05:00,2026-07-29 06:30:00,7452.75,7460.75,-42.0
"Parabolic_SAR(af=0.02,max=0.2)",LONG,2026-07-29 06:30:00,2026-07-29 07:55:00,7460.75,7478.5,86.75
"Parabolic_SAR(af=0.02,max=0.2)",SHORT,2026-07-29 07:55:00,2026-07-29 08:45:00,7478.5,7482.25,-20.75
"Parabolic_SAR(af=0.02,max=0.2)",LONG,2026-07-29 08:45:00,2026-07-29 10:10:00,7482.25,7484.5,9.25
"Parabolic_SAR(af=0.02,max=0.2)",SHORT,2026-07-29 10:10:00,2026-07-29 11:20:00,7484.5,7482.5,8.0
"Parabolic_SAR(af=0.02,max=0.2)",LONG,2026-07-29 11:20:00,2026-07-29 11:40:00,7482.5,7477.75,-25.75
"Parabolic_SAR(af=0.02,max=0.2)",SHORT,2026-07-29 11:40:00,2026-07-29 13:30:00,7477.75,7456.5,104.25
"Parabolic_SAR(af=0.02,max=0.2)",LONG,2026-07-29 13:30:00,2026-07-29 13:35:00,7456.5,7457.0,0.5
"Parabolic_SAR(af=0.02,max=0.2)",SHORT,2026-07-29 13:35:00,2026-07-29 15:15:00,7457.0,7402.5,270.5
"Parabolic_SAR(af=0.02,max=0.2)",LONG,2026-07-29 15:15:00,2026-07-29 15:45:00,7402.5,7395.5,-37.0
"Parabolic_SAR(af=0.02,max=0.2)",SHORT,2026-07-29 15:45:00,2026-07-29 16:30:00,7395.5,7393.75,6.75
"Parabolic_SAR(af=0.02,max=0.2)",LONG,2026-07-29 16:30:00,2026-07-29 18:20:00,7393.75,7425.75,158.0
"Parabolic_SAR(af=0.02,max=0.2)",SHORT,2026-07-29 18:20:00,2026-07-29 18:40:00,7425.75,7444.25,-94.5
"Parabolic_SAR(af=0.02,max=0.2)",LONG,2026-07-29 18:40:00,2026-07-29 19:15:00,7444.25,7443.25,-7.0
"Parabolic_SAR(af=0.02,max=0.2)",SHORT,2026-07-29 19:15:00,2026-07-29 20:40:00,7443.25,7345.75,485.5
"Parabolic_SAR(af=0.02,max=0.2)",LONG,2026-07-29 20:40:00,2026-07-29 23:55:00,7345.75,7380.5,171.75
"Parabolic_SAR(af=0.02,max=0.2)",SHORT,2026-07-29 23:55:00,2026-07-30 00:10:00,7380.5,7384.75,-23.25
"Parabolic_SAR(af=0.02,max=0.2)",LONG,2026-07-30 00:10:00,2026-07-30 00:35:00,7384.75,7373.5,-58.25
"Parabolic_SAR(af=0.02,max=0.2)",SHORT,2026-07-30 00:35:00,2026-07-30 01:10:00,7373.5,7380.5,-37.0
"Parabolic_SAR(af=0.02,max=0.2)",LONG,2026-07-30 01:10:00,2026-07-30 02:30:00,7380.5,7386.0,25.5
"Parabolic_SAR(af=0.02,max=0.2)",SHORT,2026-07-30 02:30:00,2026-07-30 03:40:00,7386.0,7370.75,74.25
"Parabolic_SAR(af=0.02,max=0.2)",LONG,2026-07-30 03:40:00,2026-07-30 04:15:00,7370.75,7370.5,-3.25
"Parabolic_SAR(af=0.02,max=0.2)",SHORT,2026-07-30 04:15:00,2026-07-30 04:30:00,7370.5,7378.25,-40.75
"Parabolic_SAR(af=0.02,max=0.2)",LONG,2026-07-30 04:30:00,2026-07-30 04:45:00,7378.25,7369.5,-45.75
"Parabolic_SAR(af=0.02,max=0.2)",SHORT,2026-07-30 04:45:00,2026-07-30 05:35:00,7369.5,7370.0,-4.5
"Parabolic_SAR(af=0.02,max=0.2)",LONG,2026-07-30 05:35:00,2026-07-30 06:10:00,7370.0,7365.25,-25.75
"Parabolic_SAR(af=0.02,max=0.2)",SHORT,2026-07-30 06:10:00,2026-07-30 07:05:00,7365.25,7377.0,-60.75
"Parabolic_SAR(af=0.02,max=0.2)",LONG,2026-07-30 07:05:00,2026-07-30 07:35:00,7377.0,7360.25,-85.75
"Parabolic_SAR(af=0.02,max=0.2)",SHORT,2026-07-30 07:35:00,2026-07-30 08:25:00,7360.25,7374.0,-70.75
"Parabolic_SAR(af=0.02,max=0.2)",LONG,2026-07-30 08:25:00,2026-07-30 10:00:00,7374.0,7374.5,0.5
"Parabolic_SAR(af=0.02,max=0.2)",SHORT,2026-07-30 10:00:00,2026-07-30 10:25:00,7374.5,7385.5,-57.0
"Parabolic_SAR(af=0.02,max=0.2)",LONG,2026-07-30 10:25:00,2026-07-30 12:05:00,7385.5,7402.5,83.0
"Parabolic_SAR(af=0.02,max=0.2)",SHORT,2026-07-30 12:05:00,2026-07-30 12:10:00,7402.5,7403.25,-5.75
"Parabolic_SAR(af=0.02,max=0.2)",LONG,2026-07-30 12:10:00,2026-07-30 12:30:00,7403.25,7399.75,-19.5
"Parabolic_SAR(af=0.02,max=0.2)",SHORT,2026-07-30 12:30:00,2026-07-30 12:35:00,7399.75,7396.5,14.25
"Parabolic_SAR(af=0.02,max=0.2)",LONG,2026-07-30 12:35:00,2026-07-30 12:45:00,7396.5,7395.25,-8.25
"Parabolic_SAR(af=0.02,max=0.2)",SHORT,2026-07-30 12:45:00,2026-07-30 13:05:00,7395.25,7403.5,-43.25
"Parabolic_SAR(af=0.02,max=0.2)",LONG,2026-07-30 13:05:00,2026-07-30 14:45:00,7403.5,7431.5,138.0
"Parabolic_SAR(af=0.02,max=0.2)",SHORT,2026-07-30 14:45:00,2026-07-30 15:40:00,7431.5,7411.75,96.75
"Parabolic_SAR(af=0.02,max=0.2)",LONG,2026-07-30 15:40:00,2026-07-30 16:45:00,7411.75,7434.25,110.5
"Parabolic_SAR(af=0.02,max=0.2)",SHORT,2026-07-30 16:45:00,2026-07-30 16:55:00,7434.25,7443.75,-49.5
"Parabolic_SAR(af=0.02,max=0.2)",LONG,2026-07-30 16:55:00,2026-07-30 19:35:00,7443.75,7471.75,138.0
"Parabolic_SAR(af=0.02,max=0.2)",SHORT,2026-07-30 19:35:00,2026-07-30 20:00:00,7471.75,7474.5,-15.75
"Parabolic_SAR(af=0.02,max=0.2)",LONG,2026-07-30 20:00:00,2026-07-30 20:55:00,7474.5,7475.0,0.5
"Parabolic_SAR(af=0.02,max=0.2)",SHORT,2026-07-30 20:55:00,2026-07-30 22:55:00,7475.0,7484.0,-47.0
"Parabolic_SAR(af=0.02,max=0.2)",LONG,2026-07-30 22:55:00,2026-07-31 00:50:00,7484.0,7492.0,38.0
"Parabolic_SAR(af=0.02,max=0.2)",SHORT,2026-07-31 00:50:00,2026-07-31 01:05:00,7492.0,7499.25,-38.25
"Parabolic_SAR(af=0.02,max=0.2)",LONG,2026-07-31 01:05:00,2026-07-31 01:50:00,7499.25,7495.0,-23.25
"Parabolic_SAR(af=0.02,max=0.2)",SHORT,2026-07-31 01:50:00,2026-07-31 03:25:00,7495.0,7495.75,-5.75
"Parabolic_SAR(af=0.02,max=0.2)",LONG,2026-07-31 03:25:00,2026-07-31 05:35:00,7495.75,7506.5,51.75
"Parabolic_SAR(af=0.02,max=0.2)",SHORT,2026-07-31 05:35:00,2026-07-31 05:45:00,7506.5,7506.5,-2.0
"Parabolic_SAR(af=0.02,max=0.2)",LONG,2026-07-31 05:45:00,2026-07-31 06:30:00,7506.5,7508.0,5.5
"Parabolic_SAR(af=0.02,max=0.2)",SHORT,2026-07-31 06:30:00,2026-07-31 07:15:00,7508.0,7505.75,9.25
"Parabolic_SAR(af=0.02,max=0.2)",LONG,2026-07-31 07:15:00,2026-07-31 09:30:00,7505.75,7511.75,28.0
"Parabolic_SAR(af=0.02,max=0.2)",SHORT,2026-07-31 09:30:00,2026-07-31 10:25:00,7511.75,7508.75,13.0
"Parabolic_SAR(af=0.02,max=0.2)",LONG,2026-07-31 10:25:00,2026-07-31 11:20:00,7508.75,7503.0,-30.75
"Parabolic_SAR(af=0.02,max=0.2)",SHORT,2026-07-31 11:20:00,2026-07-31 13:05:00,7503.0,7485.75,84.25
"Parabolic_SAR(af=0.02,max=0.2)",LONG,2026-07-31 13:05:00,2026-07-31 13:45:00,7485.75,7483.0,-15.75
"Parabolic_SAR(af=0.02,max=0.2)",SHORT,2026-07-31 13:45:00,2026-07-31 14:40:00,7483.0,7463.75,94.25
"Parabolic_SAR(af=0.02,max=0.2)",LONG,2026-07-31 14:40:00,2026-07-31 15:30:00,7463.75,7454.5,-48.25
"Parabolic_SAR(af=0.02,max=0.2)",SHORT,2026-07-31 15:30:00,2026-07-31 15:55:00,7454.5,7479.5,-127.0
"Parabolic_SAR(af=0.02,max=0.2)",LONG,2026-07-31 15:55:00,2026-07-31 17:45:00,7479.5,7510.0,150.5
"Parabolic_SAR(af=0.02,max=0.2)",SHORT,2026-07-31 17:45:00,2026-07-31 18:20:00,7510.0,7512.5,-14.5
"Parabolic_SAR(af=0.02,max=0.2)",LONG,2026-07-31 18:20:00,2026-07-31 20:00:00,7512.5,7520.25,36.75
"Parabolic_SAR(af=0.02,max=0.2)",SHORT,2026-07-31 20:00:00,2026-08-02 22:15:00,7520.25,7555.5,-178.25
"Parabolic_SAR(af=0.02,max=0.2)",LONG,2026-08-02 22:15:00,2026-08-03 03:25:00,7555.5,7559.0,15.5
"Parabolic_SAR(af=0.02,max=0.2)",SHORT,2026-08-03 03:25:00,2026-08-03 03:40:00,7559.0,7561.75,-15.75
"Parabolic_SAR(af=0.02,max=0.2)",LONG,2026-08-03 03:40:00,2026-08-03 05:00:00,7561.75,7563.5,6.75
"Parabolic_SAR(af=0.02,max=0.2)",SHORT,2026-08-03 05:00:00,2026-08-03 06:05:00,7563.5,7564.75,-8.25
"Parabolic_SAR(af=0.02,max=0.2)",LONG,2026-08-03 06:05:00,2026-08-03 06:30:00,7564.75,7559.75,-27.0
"Parabolic_SAR(af=0.02,max=0.2)",SHORT,2026-08-03 06:30:00,2026-08-03 07:20:00,7559.75,7554.75,23.0
"Parabolic_SAR(af=0.02,max=0.2)",LONG,2026-08-03 07:20:00,2026-08-03 07:45:00,7554.75,7553.75,-7.0
"Parabolic_SAR(af=0.02,max=0.2)",SHORT,2026-08-03 07:45:00,2026-08-03 08:40:00,7553.75,7555.5,-10.75
"Parabolic_SAR(af=0.02,max=0.2)",LONG,2026-08-03 08:40:00,2026-08-03 09:55:00,7555.5,7556.0,0.5
"Parabolic_SAR(af=0.02,max=0.2)",SHORT,2026-08-03 09:55:00,2026-08-03 10:15:00,7556.0,7558.25,-13.25
"Parabolic_SAR(af=0.02,max=0.2)",LONG,2026-08-03 10:15:00,2026-08-03 11:10:00,7558.25,7559.0,1.75
"Parabolic_SAR(af=0.02,max=0.2)",SHORT,2026-08-03 11:10:00,2026-08-03 11:20:00,7559.0,7563.0,-22.0
"Parabolic_SAR(af=0.02,max=0.2)",LONG,2026-08-03 11:20:00,2026-08-03 11:55:00,7563.0,7557.0,-32.0
"Parabolic_SAR(af=0.02,max=0.2)",SHORT,2026-08-03 11:55:00,2026-08-03 12:40:00,7557.0,7562.0,-27.0
"Parabolic_SAR(af=0.02,max=0.2)",LONG,2026-08-03 12:40:00,2026-08-03 13:30:00,7562.0,7546.0,-82.0
"Parabolic_SAR(af=0.02,max=0.2)",SHORT,2026-08-03 13:30:00,2026-08-03 13:40:00,7546.0,7568.75,-115.75
"Parabolic_SAR(af=0.02,max=0.2)",LONG,2026-08-03 13:40:00,2026-08-03 16:15:00,7568.75,7611.25,210.5
"Parabolic_SAR(af=0.02,max=0.2)",SHORT,2026-08-03 16:15:00,2026-08-03 16:20:00,7611.25,7614.25,-17.0
"Parabolic_SAR(af=0.02,max=0.2)",LONG,2026-08-03 16:20:00,2026-08-03 17:00:00,7614.25,7613.75,-4.5
"Parabolic_SAR(af=0.02,max=0.2)",SHORT,2026-08-03 17:00:00,2026-08-03 17:15:00,7613.75,7616.75,-17.0
"Parabolic_SAR(af=0.02,max=0.2)",LONG,2026-08-03 17:15:00,2026-08-03 18:30:00,7616.75,7627.5,51.75
"Parabolic_SAR(af=0.02,max=0.2)",SHORT,2026-08-03 18:30:00,2026-08-03 18:55:00,7627.5,7632.75,-28.25
"Parabolic_SAR(af=0.02,max=0.2)",LONG,2026-08-03 18:55:00,2026-08-03 19:55:00,7632.75,7629.0,-20.75
"Parabolic_SAR(af=0.02,max=0.2)",SHORT,2026-08-03 19:55:00,2026-08-03 20:25:00,7629.0,7633.75,-25.75
"Parabolic_SAR(af=0.02,max=0.2)",LONG,2026-08-03 20:25:00,2026-08-04 00:30:00,7633.75,7631.25,-14.5
"Parabolic_SAR(af=0.02,max=0.2)",SHORT,2026-08-04 00:30:00,2026-08-04 00:55:00,7631.25,7634.0,-15.75
"Parabolic_SAR(af=0.02,max=0.2)",LONG,2026-08-04 00:55:00,2026-08-04 01:05:00,7634.0,7631.0,-17.0
"Parabolic_SAR(af=0.02,max=0.2)",SHORT,2026-08-04 01:05:00,2026-08-04 01:25:00,7631.0,7635.5,-24.5
"Parabolic_SAR(af=0.02,max=0.2)",LONG,2026-08-04 01:25:00,2026-08-04 02:25:00,7635.5,7641.5,28.0
"Parabolic_SAR(af=0.02,max=0.2)",SHORT,2026-08-04 02:25:00,2026-08-04 03:35:00,7641.5,7645.0,-19.5
"Parabolic_SAR(af=0.02,max=0.2)",LONG,2026-08-04 03:35:00,2026-08-04 06:25:00,7645.0,7647.75,11.75
"Parabolic_SAR(af=0.02,max=0.2)",SHORT,2026-08-04 06:25:00,2026-08-04 07:30:00,7647.75,7645.5,9.25
"Parabolic_SAR(af=0.02,max=0.2)",LONG,2026-08-04 07:30:00,2026-08-04 07:45:00,7645.5,7642.5,-17.0
"Parabolic_SAR(af=0.02,max=0.2)",SHORT,2026-08-04 07:45:00,2026-08-04 09:35:00,7642.5,7636.0,30.5
"Parabolic_SAR(af=0.02,max=0.2)",LONG,2026-08-04 09:35:00,2026-08-04 10:35:00,7636.0,7640.5,20.5
"Parabolic_SAR(af=0.02,max=0.2)",SHORT,2026-08-04 10:35:00,2026-08-04 10:45:00,7640.5,7643.5,-17.0
"Parabolic_SAR(af=0.02,max=0.2)",LONG,2026-08-04 10:45:00,2026-08-04 12:50:00,7643.5,7651.5,38.0
"Parabolic_SAR(af=0.02,max=0.2)",SHORT,2026-08-04 12:50:00,2026-08-04 13:25:00,7651.5,7657.5,-32.0
"Parabolic_SAR(af=0.02,max=0.2)",LONG,2026-08-04 13:25:00,2026-08-04 16:15:00,7657.5,7734.75,384.25
"Parabolic_SAR(af=0.02,max=0.2)",SHORT,2026-08-04 16:15:00,2026-08-04 16:25:00,7734.75,7744.5,-50.75
"Parabolic_SAR(af=0.02,max=0.2)",LONG,2026-08-04 16:25:00,2026-08-04 17:55:00,7744.5,7771.0,130.5
"Parabolic_SAR(af=0.02,max=0.2)",SHORT,2026-08-04 17:55:00,2026-08-04 18:35:00,7771.0,7773.75,-15.75
"Parabolic_SAR(af=0.02,max=0.2)",LONG,2026-08-04 18:35:00,2026-08-04 19:55:00,7773.75,7769.25,-24.5
"Parabolic_SAR(af=0.02,max=0.2)",SHORT,2026-08-04 19:55:00,2026-08-04 22:10:00,7769.25,7776.0,-35.75
"Parabolic_SAR(af=0.02,max=0.2)",LONG,2026-08-04 22:10:00,2026-08-04 23:35:00,7776.0,7776.5,0.5
"Parabolic_SAR(af=0.02,max=0.2)",SHORT,2026-08-04 23:35:00,2026-08-05 00:25:00,7776.5,7782.25,-30.75
"Parabolic_SAR(af=0.02,max=0.2)",LONG,2026-08-05 00:25:00,2026-08-05 01:05:00,7782.25,7780.25,-12.0
"Parabolic_SAR(af=0.02,max=0.2)",SHORT,2026-08-05 01:05:00,2026-08-05 01:45:00,7780.25,7782.25,-12.0
"Parabolic_SAR(af=0.02,max=0.2)",LONG,2026-08-05 01:45:00,2026-08-05 03:30:00,7782.25,7787.5,24.25
"Parabolic_SAR(af=0.02,max=0.2)",SHORT,2026-08-05 03:30:00,2026-08-05 03:50:00,7787.5,7790.75,-18.25
"Parabolic_SAR(af=0.02,max=0.2)",LONG,2026-08-05 03:50:00,2026-08-05 06:20:00,7790.75,7797.25,30.5
"Parabolic_SAR(af=0.02,max=0.2)",SHORT,2026-08-05 06:20:00,2026-08-05 07:00:00,7797.25,7798.25,-7.0
"Parabolic_SAR(af=0.02,max=0.2)",LONG,2026-08-05 07:00:00,2026-08-05 07:30:00,7798.25,7791.0,-38.25
"Parabolic_SAR(af=0.02,max=0.2)",SHORT,2026-08-05 07:30:00,2026-08-05 08:05:00,7791.0,7796.0,-27.0
"Parabolic_SAR(af=0.02,max=0.2)",LONG,2026-08-05 08:05:00,2026-08-05 08:15:00,7796.0,7787.75,-43.25
"Parabolic_SAR(af=0.02,max=0.2)",SHORT,2026-08-05 08:15:00,2026-08-05 09:10:00,7787.75,7786.75,3.0
"Parabolic_SAR(af=0.02,max=0.2)",LONG,2026-08-05 09:10:00,2026-08-05 10:15:00,7786.75,7788.75,8.0
"Parabolic_SAR(af=0.02,max=0.2)",SHORT,2026-08-05 10:15:00,2026-08-05 10:20:00,7788.75,7791.0,-13.25
"Parabolic_SAR(af=0.02,max=0.2)",LONG,2026-08-05 10:20:00,2026-08-05 11:30:00,7791.0,7794.5,15.5
"Parabolic_SAR(af=0.02,max=0.2)",SHORT,2026-08-05 11:30:00,2026-08-05 12:05:00,7794.5,7799.5,-27.0
"Parabolic_SAR(af=0.02,max=0.2)",LONG,2026-08-05 12:05:00,2026-08-05 13:55:00,7799.5,7810.75,54.25
"Parabolic_SAR(af=0.02,max=0.2)",SHORT,2026-08-05 13:55:00,2026-08-05 16:20:00,7810.75,7757.5,264.25
"Parabolic_SAR(af=0.02,max=0.2)",LONG,2026-08-05 16:20:00,2026-08-05 17:15:00,7757.5,7766.25,41.75
"Parabolic_SAR(af=0.02,max=0.2)",SHORT,2026-08-05 17:15:00,2026-08-05 17:45:00,7766.25,7768.75,-14.5
"Parabolic_SAR(af=0.02,max=0.2)",LONG,2026-08-05 17:45:00,2026-08-05 18:35:00,7768.75,7765.25,-19.5
"Parabolic_SAR(af=0.02,max=0.2)",SHORT,2026-08-05 18:35:00,2026-08-05 20:45:00,7765.25,7761.0,19.25
"Parabolic_SAR(af=0.02,max=0.2)",LONG,2026-08-05 20:45:00,2026-08-05 23:35:00,7761.0,7763.0,8.0
"Parabolic_SAR(af=0.02,max=0.2)",SHORT,2026-08-05 23:35:00,2026-08-06 01:35:00,7763.0,7752.0,53.0
"Parabolic_SAR(af=0.02,max=0.2)",LONG,2026-08-06 01:35:00,2026-08-06 03:20:00,7752.0,7763.25,54.25
"Parabolic_SAR(af=0.02,max=0.2)",SHORT,2026-08-06 03:20:00,2026-08-06 04:20:00,7763.25,7762.0,4.25
"Parabolic_SAR(af=0.02,max=0.2)",LONG,2026-08-06 04:20:00,2026-08-06 04:40:00,7762.0,7760.5,-9.5
"Parabolic_SAR(af=0.02,max=0.2)",SHORT,2026-08-06 04:40:00,2026-08-06 05:05:00,7760.5,7763.75,-18.25
"Parabolic_SAR(af=0.02,max=0.2)",LONG,2026-08-06 05:05:00,2026-08-06 05:50:00,7763.75,7761.25,-14.5
"Parabolic_SAR(af=0.02,max=0.2)",SHORT,2026-08-06 05:50:00,2026-08-06 07:00:00,7761.25,7759.75,5.5
"Parabolic_SAR(af=0.02,max=0.2)",LONG,2026-08-06 07:00:00,2026-08-06 07:40:00,7759.75,7755.75,-22.0
"Parabolic_SAR(af=0.02,max=0.2)",SHORT,2026-08-06 07:40:00,2026-08-06 08:35:00,7755.75,7763.25,-39.5
"Parabolic_SAR(af=0.02,max=0.2)",LONG,2026-08-06 08:35:00,2026-08-06 10:45:00,7763.25,7759.75,-19.5
"Parabolic_SAR(af=0.02,max=0.2)",SHORT,2026-08-06 10:45:00,2026-08-06 11:30:00,7759.75,7762.25,-14.5
"Parabolic_SAR(af=0.02,max=0.2)",LONG,2026-08-06 11:30:00,2026-08-06 12:15:00,7762.25,7754.25,-42.0
"Parabolic_SAR(af=0.02,max=0.2)",SHORT,2026-08-06 12:15:00,2026-08-06 13:35:00,7754.25,7749.0,24.25
"Parabolic_SAR(af=0.02,max=0.2)",LONG,2026-08-06 13:35:00,2026-08-06 14:30:00,7749.0,7755.0,28.0
"Parabolic_SAR(af=0.02,max=0.2)",SHORT,2026-08-06 14:30:00,2026-08-06 15:05:00,7755.0,7752.75,9.25
"Parabolic_SAR(af=0.02,max=0.2)",LONG,2026-08-06 15:05:00,2026-08-06 15:20:00,7752.75,7739.5,-68.25
"Parabolic_SAR(af=0.02,max=0.2)",SHORT,2026-08-06 15:20:00,2026-08-06 16:30:00,7739.5,7732.25,34.25
"Parabolic_SAR(af=0.02,max=0.2)",LONG,2026-08-06 16:30:00,2026-08-06 17:15:00,7732.25,7731.0,-8.25
"Parabolic_SAR(af=0.02,max=0.2)",SHORT,2026-08-06 17:15:00,2026-08-06 18:00:00,7731.0,7736.25,-28.25
"Parabolic_SAR(af=0.02,max=0.2)",LONG,2026-08-06 18:00:00,2026-08-06 18:45:00,7736.25,7737.5,4.25
"Parabolic_SAR(af=0.02,max=0.2)",SHORT,2026-08-06 18:45:00,2026-08-06 19:10:00,7737.5,7747.25,-50.75
"Parabolic_SAR(af=0.02,max=0.2)",LONG,2026-08-06 19:10:00,2026-08-06 19:30:00,7747.25,7736.5,-55.75
"Parabolic_SAR(af=0.02,max=0.2)",SHORT,2026-08-06 19:30:00,2026-08-06 20:05:00,7736.5,7739.25,-15.75
"Parabolic_SAR(af=0.02,max=0.2)",LONG,2026-08-06 20:05:00,2026-08-06 20:40:00,7739.25,7730.75,-44.5
"Parabolic_SAR(af=0.02,max=0.2)",SHORT,2026-08-06 20:40:00,2026-08-06 22:15:00,7730.75,7739.25,-44.5
"Parabolic_SAR(af=0.02,max=0.2)",LONG,2026-08-06 22:15:00,2026-08-07 00:15:00,7739.25,7738.25,-7.0
"Parabolic_SAR(af=0.02,max=0.2)",SHORT,2026-08-07 00:15:00,2026-08-07 01:05:00,7738.25,7736.25,8.0
"Parabolic_SAR(af=0.02,max=0.2)",LONG,2026-08-07 01:05:00,2026-08-07 01:20:00,7736.25,7729.75,-34.5
"Parabolic_SAR(af=0.02,max=0.2)",SHORT,2026-08-07 01:20:00,2026-08-07 01:35:00,7729.75,7736.25,-34.5
"Parabolic_SAR(af=0.02,max=0.2)",LONG,2026-08-07 01:35:00,2026-08-07 02:15:00,7736.25,7732.5,-20.75
"Parabolic_SAR(af=0.02,max=0.2)",SHORT,2026-08-07 02:15:00,2026-08-07 04:25:00,7732.5,7731.5,3.0
"Parabolic_SAR(af=0.02,max=0.2)",LONG,2026-08-07 04:25:00,2026-08-07 05:45:00,7731.5,7733.0,5.5
"Parabolic_SAR(af=0.02,max=0.2)",SHORT,2026-08-07 05:45:00,2026-08-07 06:10:00,7733.0,7735.75,-15.75
"Parabolic_SAR(af=0.02,max=0.2)",LONG,2026-08-07 06:10:00,2026-08-07 06:45:00,7735.75,7734.5,-8.25
"Parabolic_SAR(af=0.02,max=0.2)",SHORT,2026-08-07 06:45:00,2026-08-07 07:10:00,7734.5,7740.25,-30.75
"Parabolic_SAR(af=0.02,max=0.2)",LONG,2026-08-07 07:10:00,2026-08-07 08:40:00,7740.25,7743.5,14.25
"Parabolic_SAR(af=0.02,max=0.2)",SHORT,2026-08-07 08:40:00,2026-08-07 09:05:00,7743.5,7745.5,-12.0
"Parabolic_SAR(af=0.02,max=0.2)",LONG,2026-08-07 09:05:00,2026-08-07 10:15:00,7745.5,7745.25,-3.25
"Parabolic_SAR(af=0.02,max=0.2)",SHORT,2026-08-07 10:15:00,2026-08-07 10:45:00,7745.25,7749.0,-20.75
"Parabolic_SAR(af=0.02,max=0.2)",LONG,2026-08-07 10:45:00,2026-08-07 11:55:00,7749.0,7752.5,15.5
"Parabolic_SAR(af=0.02,max=0.2)",SHORT,2026-08-07 11:55:00,2026-08-07 12:20:00,7752.5,7754.75,-13.25
"Parabolic_SAR(af=0.02,max=0.2)",LONG,2026-08-07 12:20:00,2026-08-07 13:10:00,7754.75,7765.75,53.0
"Parabolic_SAR(af=0.02,max=0.2)",SHORT,2026-08-07 13:10:00,2026-08-07 13:50:00,7765.75,7765.0,1.75
"Parabolic_SAR(af=0.02,max=0.2)",LONG,2026-08-07 13:50:00,2026-08-07 14:00:00,7765.0,7758.25,-35.75
"Parabolic_SAR(af=0.02,max=0.2)",SHORT,2026-08-07 14:00:00,2026-08-07 14:25:00,7758.25,7768.0,-50.75
"Parabolic_SAR(af=0.02,max=0.2)",LONG,2026-08-07 14:25:00,2026-08-07 16:00:00,7768.0,7778.0,48.0
"Parabolic_SAR(af=0.02,max=0.2)",SHORT,2026-08-07 16:00:00,2026-08-07 16:55:00,7778.0,7769.5,40.5
"Parabolic_SAR(af=0.02,max=0.2)",LONG,2026-08-07 16:55:00,2026-08-07 18:15:00,7769.5,7763.25,-33.25
"Parabolic_SAR(af=0.02,max=0.2)",SHORT,2026-08-07 18:15:00,2026-08-07 19:05:00,7763.25,7768.0,-25.75
"Parabolic_SAR(af=0.02,max=0.2)",LONG,2026-08-07 19:05:00,2026-08-07 20:25:00,7768.0,7774.5,30.5
"Parabolic_SAR(af=0.02,max=0.2)",SHORT,2026-08-07 20:25:00,2026-08-09 23:10:00,7774.5,7771.5,13.0
"Parabolic_SAR(af=0.02,max=0.2)",LONG,2026-08-09 23:10:00,2026-08-10 00:00:00,7771.5,7766.5,-27.0
"Parabolic_SAR(af=0.02,max=0.2)",SHORT,2026-08-10 00:00:00,2026-08-10 00:10:00,7766.5,7775.25,-45.75
"Parabolic_SAR(af=0.02,max=0.2)",LONG,2026-08-10 00:10:00,2026-08-10 01:00:00,7775.25,7770.75,-24.5
"Parabolic_SAR(af=0.02,max=0.2)",SHORT,2026-08-10 01:00:00,2026-08-10 01:20:00,7770.75,7778.5,-40.75
"Parabolic_SAR(af=0.02,max=0.2)",LONG,2026-08-10 01:20:00,2026-08-10 03:10:00,7778.5,7781.25,11.75
"Parabolic_SAR(af=0.02,max=0.2)",SHORT,2026-08-10 03:10:00,2026-08-10 03:20:00,7781.25,7782.75,-9.5
"Parabolic_SAR(af=0.02,max=0.2)",LONG,2026-08-10 03:20:00,2026-08-10 04:10:00,7782.75,7785.75,13.0
"Parabolic_SAR(af=0.02,max=0.2)",SHORT,2026-08-10 04:10:00,2026-08-10 04:20:00,7785.75,7786.5,-5.75
"Parabolic_SAR(af=0.02,max=0.2)",LONG,2026-08-10 04:20:00,2026-08-10 06:25:00,7786.5,7787.25,1.75
"Parabolic_SAR(af=0.02,max=0.2)",SHORT,2026-08-10 06:25:00,2026-08-10 07:25:00,7787.25,7791.75,-24.5
"Parabolic_SAR(af=0.02,max=0.2)",LONG,2026-08-10 07:25:00,2026-08-10 08:15:00,7791.75,7791.25,-4.5
"Parabolic_SAR(af=0.02,max=0.2)",SHORT,2026-08-10 08:15:00,2026-08-10 09:30:00,7791.25,7792.25,-7.0
"Parabolic_SAR(af=0.02,max=0.2)",LONG,2026-08-10 09:30:00,2026-08-10 09:45:00,7792.25,7789.75,-14.5
"Parabolic_SAR(af=0.02,max=0.2)",SHORT,2026-08-10 09:45:00,2026-08-10 11:30:00,7789.75,7785.75,18.0
"Parabolic_SAR(af=0.02,max=0.2)",LONG,2026-08-10 11:30:00,2026-08-10 12:20:00,7785.75,7779.75,-32.0
"Parabolic_SAR(af=0.02,max=0.2)",SHORT,2026-08-10 12:20:00,2026-08-10 13:20:00,7779.75,7775.75,18.0
"Parabolic_SAR(af=0.02,max=0.2)",LONG,2026-08-10 13:20:00,2026-08-10 13:25:00,7775.75,7773.5,-13.25
"Parabolic_SAR(af=0.02,max=0.2)",SHORT,2026-08-10 13:25:00,2026-08-10 13:35:00,7773.5,7772.75,1.75
"Parabolic_SAR(af=0.02,max=0.2)",LONG,2026-08-10 13:35:00,2026-08-10 14:55:00,7772.75,7785.0,59.25
"Parabolic_SAR(af=0.02,max=0.2)",SHORT,2026-08-10 14:55:00,2026-08-10 15:55:00,7785.0,7788.75,-20.75
"Parabolic_SAR(af=0.02,max=0.2)",LONG,2026-08-10 15:55:00,2026-08-10 16:30:00,7788.75,7780.25,-44.5
"Parabolic_SAR(af=0.02,max=0.2)",SHORT,2026-08-10 16:30:00,2026-08-10 18:15:00,7780.25,7773.25,33.0
"Parabolic_SAR(af=0.02,max=0.2)",LONG,2026-08-10 18:15:00,2026-08-10 19:35:00,7773.25,7775.25,8.0
"Parabolic_SAR(af=0.02,max=0.2)",SHORT,2026-08-10 19:35:00,2026-08-10 20:45:00,7775.25,7776.5,-8.25
"Parabolic_SAR(af=0.02,max=0.2)",LONG,2026-08-10 20:45:00,2026-08-10 22:25:00,7776.5,7774.0,-14.5
"Parabolic_SAR(af=0.02,max=0.2)",SHORT,2026-08-10 22:25:00,2026-08-11 00:10:00,7774.0,7771.0,13.0
"Parabolic_SAR(af=0.02,max=0.2)",LONG,2026-08-11 00:10:00,2026-08-11 02:05:00,7771.0,7784.0,63.0
"Parabolic_SAR(af=0.02,max=0.2)",SHORT,2026-08-11 02:05:00,2026-08-11 02:35:00,7784.0,7785.75,-10.75
"Parabolic_SAR(af=0.02,max=0.2)",LONG,2026-08-11 02:35:00,2026-08-11 04:05:00,7785.75,7787.0,4.25
"Parabolic_SAR(af=0.02,max=0.2)",SHORT,2026-08-11 04:05:00,2026-08-11 04:35:00,7787.0,7787.75,-5.75
"Parabolic_SAR(af=0.02,max=0.2)",LONG,2026-08-11 04:35:00,2026-08-11 05:05:00,7787.75,7786.75,-7.0
"Parabolic_SAR(af=0.02,max=0.2)",SHORT,2026-08-11 05:05:00,2026-08-11 06:15:00,7786.75,7783.5,14.25
"Parabolic_SAR(af=0.02,max=0.2)",LONG,2026-08-11 06:15:00,2026-08-11 06:20:00,7783.5,7779.0,-24.5
"Parabolic_SAR(af=0.02,max=0.2)",SHORT,2026-08-11 06:20:00,2026-08-11 07:35:00,7779.0,7776.0,13.0
"Parabolic_SAR(af=0.02,max=0.2)",LONG,2026-08-11 07:35:00,2026-08-11 08:15:00,7776.0,7771.5,-24.5
"Parabolic_SAR(af=0.02,max=0.2)",SHORT,2026-08-11 08:15:00,2026-08-11 08:50:00,7771.5,7776.25,-25.75
"Parabolic_SAR(af=0.02,max=0.2)",LONG,2026-08-11 08:50:00,2026-08-11 10:10:00,7776.25,7777.5,4.25
"Parabolic_SAR(af=0.02,max=0.2)",SHORT,2026-08-11 10:10:00,2026-08-11 10:25:00,7777.5,7782.25,-25.75
"Parabolic_SAR(af=0.02,max=0.2)",LONG,2026-08-11 10:25:00,2026-08-11 12:25:00,7782.25,7786.5,19.25
"Parabolic_SAR(af=0.02,max=0.2)",SHORT,2026-08-11 12:25:00,2026-08-11 14:50:00,7786.5,7784.75,6.75
"Parabolic_SAR(af=0.02,max=0.2)",LONG,2026-08-11 14:50:00,2026-08-11 15:10:00,7784.75,7773.5,-58.25
"Parabolic_SAR(af=0.02,max=0.2)",SHORT,2026-08-11 15:10:00,2026-08-11 17:25:00,7773.5,7754.25,94.25
"Parabolic_SAR(af=0.02,max=0.2)",LONG,2026-08-11 17:25:00,2026-08-11 18:25:00,7754.25,7750.5,-20.75
"Parabolic_SAR(af=0.02,max=0.2)",SHORT,2026-08-11 18:25:00,2026-08-11 19:25:00,7750.5,7751.75,-8.25
"Parabolic_SAR(af=0.02,max=0.2)",LONG,2026-08-11 19:25:00,2026-08-11 20:00:00,7751.75,7750.0,-10.75
"Parabolic_SAR(af=0.02,max=0.2)",SHORT,2026-08-11 20:00:00,2026-08-11 20:25:00,7750.0,7755.5,-29.5
"Parabolic_SAR(af=0.02,max=0.2)",LONG,2026-08-11 20:25:00,2026-08-11 22:45:00,7755.5,7751.75,-20.75
"Parabolic_SAR(af=0.02,max=0.2)",SHORT,2026-08-11 22:45:00,2026-08-11 23:55:00,7751.75,7755.0,-18.25
"Parabolic_SAR(af=0.02,max=0.2)",LONG,2026-08-11 23:55:00,2026-08-12 00:05:00,7755.0,7751.5,-19.5
"Parabolic_SAR(af=0.02,max=0.2)",SHORT,2026-08-12 00:05:00,2026-08-12 01:10:00,7751.5,7753.25,-10.75
"Parabolic_SAR(af=0.02,max=0.2)",LONG,2026-08-12 01:10:00,2026-08-12 01:25:00,7753.25,7749.5,-20.75
"Parabolic_SAR(af=0.02,max=0.2)",SHORT,2026-08-12 01:25:00,2026-08-12 02:30:00,7749.5,7752.75,-18.25
"Parabolic_SAR(af=0.02,max=0.2)",LONG,2026-08-12 02:30:00,2026-08-12 03:40:00,7752.75,7754.25,5.5
"Parabolic_SAR(af=0.02,max=0.2)",SHORT,2026-08-12 03:40:00,2026-08-12 04:25:00,7754.25,7756.25,-12.0
"Parabolic_SAR(af=0.02,max=0.2)",LONG,2026-08-12 04:25:00,2026-08-12 05:10:00,7756.25,7756.0,-3.25
"Parabolic_SAR(af=0.02,max=0.2)",SHORT,2026-08-12 05:10:00,2026-08-12 05:35:00,7756.0,7756.25,-3.25
"Parabolic_SAR(af=0.02,max=0.2)",LONG,2026-08-12 05:35:00,2026-08-12 07:25:00,7756.25,7758.25,8.0
"Parabolic_SAR(af=0.02,max=0.2)",SHORT,2026-08-12 07:25:00,2026-08-12 08:05:00,7758.25,7761.5,-18.25
"Parabolic_SAR(af=0.02,max=0.2)",LONG,2026-08-12 08:05:00,2026-08-12 09:50:00,7761.5,7768.75,34.25
"Parabolic_SAR(af=0.02,max=0.2)",SHORT,2026-08-12 09:50:00,2026-08-12 11:10:00,7768.75,7769.25,-4.5
"Parabolic_SAR(af=0.02,max=0.2)",LONG,2026-08-12 11:10:00,2026-08-12 12:35:00,7769.25,7779.25,48.0
"Parabolic_SAR(af=0.02,max=0.2)",SHORT,2026-08-12 12:35:00,2026-08-12 13:05:00,7779.25,7786.0,-35.75
"Parabolic_SAR(af=0.02,max=0.2)",LONG,2026-08-12 13:05:00,2026-08-12 13:45:00,7786.0,7772.75,-68.25
"Parabolic_SAR(af=0.02,max=0.2)",SHORT,2026-08-12 13:45:00,2026-08-12 14:45:00,7772.75,7775.25,-14.5
"Parabolic_SAR(af=0.02,max=0.2)",LONG,2026-08-12 14:45:00,2026-08-12 15:25:00,7775.25,7763.75,-59.5
"Parabolic_SAR(af=0.02,max=0.2)",SHORT,2026-08-12 15:25:00,2026-08-12 16:15:00,7763.75,7769.75,-32.0
"Parabolic_SAR(af=0.02,max=0.2)",LONG,2026-08-12 16:15:00,2026-08-12 18:00:00,7769.75,7772.5,11.75
"Parabolic_SAR(af=0.02,max=0.2)",SHORT,2026-08-12 18:00:00,2026-08-12 18:25:00,7772.5,7776.75,-23.25
"Parabolic_SAR(af=0.02,max=0.2)",LONG,2026-08-12 18:25:00,2026-08-12 19:25:00,7776.75,7773.25,-19.5
"Parabolic_SAR(af=0.02,max=0.2)",SHORT,2026-08-12 19:25:00,2026-08-12 20:10:00,7773.25,7773.75,-4.5
"Parabolic_SAR(af=0.02,max=0.2)",LONG,2026-08-12 20:10:00,2026-08-12 22:00:00,7773.75,7770.0,-20.75
"Parabolic_SAR(af=0.02,max=0.2)",SHORT,2026-08-12 22:00:00,2026-08-13 00:10:00,7770.0,7772.0,-12.0
"Parabolic_SAR(af=0.02,max=0.2)",LONG,2026-08-13 00:10:00,2026-08-13 01:05:00,7772.0,7768.5,-19.5
"Parabolic_SAR(af=0.02,max=0.2)",SHORT,2026-08-13 01:05:00,2026-08-13 01:55:00,7768.5,7770.25,-10.75
"Parabolic_SAR(af=0.02,max=0.2)",LONG,2026-08-13 01:55:00,2026-08-13 02:35:00,7770.25,7768.25,-12.0
"Parabolic_SAR(af=0.02,max=0.2)",SHORT,2026-08-13 02:35:00,2026-08-13 02:45:00,7768.25,7773.25,-27.0
"Parabolic_SAR(af=0.02,max=0.2)",LONG,2026-08-13 02:45:00,2026-08-13 04:25:00,7773.25,7773.75,0.5
"Parabolic_SAR(af=0.02,max=0.2)",SHORT,2026-08-13 04:25:00,2026-08-13 04:50:00,7773.75,7777.0,-18.25
"Parabolic_SAR(af=0.02,max=0.2)",LONG,2026-08-13 04:50:00,2026-08-13 06:00:00,7777.0,7776.5,-4.5
"Parabolic_SAR(af=0.02,max=0.2)",SHORT,2026-08-13 06:00:00,2026-08-13 06:25:00,7776.5,7779.5,-17.0
"Parabolic_SAR(af=0.02,max=0.2)",LONG,2026-08-13 06:25:00,2026-08-13 06:45:00,7779.5,7775.0,-24.5
"Parabolic_SAR(af=0.02,max=0.2)",SHORT,2026-08-13 06:45:00,2026-08-13 07:35:00,7775.0,7777.25,-13.25
"Parabolic_SAR(af=0.02,max=0.2)",LONG,2026-08-13 07:35:00,2026-08-13 08:05:00,7777.25,7776.0,-8.25
"Parabolic_SAR(af=0.02,max=0.2)",SHORT,2026-08-13 08:05:00,2026-08-13 08:10:00,7776.0,7779.0,-17.0
"Parabolic_SAR(af=0.02,max=0.2)",LONG,2026-08-13 08:10:00,2026-08-13 09:20:00,7779.0,7780.75,6.75
"Parabolic_SAR(af=0.02,max=0.2)",SHORT,2026-08-13 09:20:00,2026-08-13 09:35:00,7780.75,7782.75,-12.0
"Parabolic_SAR(af=0.02,max=0.2)",LONG,2026-08-13 09:35:00,2026-08-13 11:10:00,7782.75,7784.5,6.75
"Parabolic_SAR(af=0.02,max=0.2)",SHORT,2026-08-13 11:10:00,2026-08-13 11:35:00,7784.5,7786.0,-9.5
"Parabolic_SAR(af=0.02,max=0.2)",LONG,2026-08-13 11:35:00,2026-08-13 12:00:00,7786.0,7784.0,-12.0
"Parabolic_SAR(af=0.02,max=0.2)",SHORT,2026-08-13 12:00:00,2026-08-13 12:35:00,7784.0,7782.0,8.0
"Parabolic_SAR(af=0.02,max=0.2)",LONG,2026-08-13 12:35:00,2026-08-13 14:50:00,7782.0,7821.0,193.0
"Parabolic_SAR(af=0.02,max=0.2)",SHORT,2026-08-13 14:50:00,2026-08-13 16:10:00,7821.0,7803.5,85.5
"Parabolic_SAR(af=0.02,max=0.2)",LONG,2026-08-13 16:10:00,2026-08-13 17:40:00,7803.5,7812.25,41.75
"Parabolic_SAR(af=0.02,max=0.2)",SHORT,2026-08-13 17:40:00,2026-08-13 18:35:00,7812.25,7816.75,-24.5
"Parabolic_SAR(af=0.02,max=0.2)",LONG,2026-08-13 18:35:00,2026-08-13 19:40:00,7816.75,7824.5,36.75
"Parabolic_SAR(af=0.02,max=0.2)",SHORT,2026-08-13 19:40:00,2026-08-13 20:40:00,7824.5,7823.25,4.25
"Parabolic_SAR(af=0.02,max=0.2)",LONG,2026-08-13 20:40:00,2026-08-13 22:50:00,7823.25,7824.25,3.0
"Parabolic_SAR(af=0.02,max=0.2)",SHORT,2026-08-13 22:50:00,2026-08-13 23:15:00,7824.25,7827.5,-18.25
"Parabolic_SAR(af=0.02,max=0.2)",LONG,2026-08-13 23:15:00,2026-08-14 00:20:00,7827.5,7825.0,-14.5
"Parabolic_SAR(af=0.02,max=0.2)",SHORT,2026-08-14 00:20:00,2026-08-14 01:35:00,7825.0,7822.75,9.25
"Parabolic_SAR(af=0.02,max=0.2)",LONG,2026-08-14 01:35:00,2026-08-14 02:55:00,7822.75,7825.25,10.5
"Parabolic_SAR(af=0.02,max=0.2)",SHORT,2026-08-14 02:55:00,2026-08-14 03:25:00,7825.25,7827.5,-13.25
"Parabolic_SAR(af=0.02,max=0.2)",LONG,2026-08-14 03:25:00,2026-08-14 03:50:00,7827.5,7825.0,-14.5
"Parabolic_SAR(af=0.02,max=0.2)",SHORT,2026-08-14 03:50:00,2026-08-14 05:30:00,7825.0,7823.5,5.5
"Parabolic_SAR(af=0.02,max=0.2)",LONG,2026-08-14 05:30:00,2026-08-14 06:05:00,7823.5,7822.5,-7.0
"Parabolic_SAR(af=0.02,max=0.2)",SHORT,2026-08-14 06:05:00,2026-08-14 07:05:00,7822.5,7822.75,-3.25
"Parabolic_SAR(af=0.02,max=0.2)",LONG,2026-08-14 07:05:00,2026-08-14 07:15:00,7822.75,7820.25,-14.5
"Parabolic_SAR(af=0.02,max=0.2)",SHORT,2026-08-14 07:15:00,2026-08-14 07:45:00,7820.25,7823.75,-19.5
"Parabolic_SAR(af=0.02,max=0.2)",LONG,2026-08-14 07:45:00,2026-08-14 09:05:00,7823.75,7825.0,4.25
"Parabolic_SAR(af=0.02,max=0.2)",SHORT,2026-08-14 09:05:00,2026-08-14 10:00:00,7825.0,7827.5,-14.5
"Parabolic_SAR(af=0.02,max=0.2)",LONG,2026-08-14 10:00:00,2026-08-14 10:45:00,7827.5,7827.25,-3.25
"Parabolic_SAR(af=0.02,max=0.2)",SHORT,2026-08-14 10:45:00,2026-08-14 11:05:00,7827.25,7827.5,-3.25
"Parabolic_SAR(af=0.02,max=0.2)",LONG,2026-08-14 11:05:00,2026-08-14 12:15:00,7827.5,7826.5,-7.0
"Parabolic_SAR(af=0.02,max=0.2)",SHORT,2026-08-14 12:15:00,2026-08-14 12:35:00,7826.5,7830.5,-22.0
"Parabolic_SAR(af=0.02,max=0.2)",LONG,2026-08-14 12:35:00,2026-08-14 13:35:00,7830.5,7824.25,-33.25
"Parabolic_SAR(af=0.02,max=0.2)",SHORT,2026-08-14 13:35:00,2026-08-14 14:10:00,7824.25,7828.0,-20.75
"Parabolic_SAR(af=0.02,max=0.2)",LONG,2026-08-14 14:10:00,2026-08-14 14:25:00,7828.0,7817.75,-53.25
"Parabolic_SAR(af=0.02,max=0.2)",SHORT,2026-08-14 14:25:00,2026-08-14 16:05:00,7817.75,7806.5,54.25
"Parabolic_SAR(af=0.02,max=0.2)",LONG,2026-08-14 16:05:00,2026-08-14 16:50:00,7806.5,7803.25,-18.25
"Parabolic_SAR(af=0.02,max=0.2)",SHORT,2026-08-14 16:50:00,2026-08-14 18:05:00,7803.25,7802.5,1.75
"Parabolic_SAR(af=0.02,max=0.2)",LONG,2026-08-14 18:05:00,2026-08-14 19:05:00,7802.5,7802.5,-2.0
"Parabolic_SAR(af=0.02,max=0.2)",SHORT,2026-08-14 19:05:00,2026-08-14 19:55:00,7802.5,7804.25,-10.75
"Parabolic_SAR(af=0.02,max=0.2)",LONG,2026-08-14 19:55:00,2026-08-14 20:10:00,7804.25,7801.0,-18.25
"Parabolic_SAR(af=0.02,max=0.2)",SHORT,2026-08-14 20:10:00,2026-08-16 22:10:00,7801.0,7809.75,-45.75
"Parabolic_SAR(af=0.02,max=0.2)",LONG,2026-08-16 22:10:00,2026-08-17 00:20:00,7809.75,7809.0,-5.75
"Parabolic_SAR(af=0.02,max=0.2)",SHORT,2026-08-17 00:20:00,2026-08-17 01:05:00,7809.0,7812.25,-18.25
"Parabolic_SAR(af=0.02,max=0.2)",LONG,2026-08-17 01:05:00,2026-08-17 01:45:00,7812.25,7809.5,-15.75
"Parabolic_SAR(af=0.02,max=0.2)",SHORT,2026-08-17 01:45:00,2026-08-17 03:10:00,7809.5,7809.5,-2.0
"RSI_Reversion(14,30/70)",SHORT,2026-06-01 00:05:00,2026-06-01 00:20:00,7609.25,7608.0,4.25
"RSI_Reversion(14,30/70)",SHORT,2026-06-01 00:25:00,2026-06-01 00:35:00,7610.75,7610.5,-0.75
"RSI_Reversion(14,30/70)",SHORT,2026-06-01 00:55:00,2026-06-01 01:00:00,7612.25,7611.5,1.75
"RSI_Reversion(14,30/70)",SHORT,2026-06-01 02:10:00,2026-06-01 02:30:00,7616.75,7616.75,-2.0
"RSI_Reversion(14,30/70)",LONG,2026-06-01 07:45:00,2026-06-01 07:55:00,7609.0,7609.5,0.5
"RSI_Reversion(14,30/70)",SHORT,2026-06-01 11:40:00,2026-06-01 11:45:00,7621.75,7619.25,10.5
"RSI_Reversion(14,30/70)",LONG,2026-06-01 13:15:00,2026-06-01 13:35:00,7588.75,7585.75,-17.0
"RSI_Reversion(14,30/70)",SHORT,2026-06-01 17:45:00,2026-06-01 18:00:00,7623.5,7624.25,-5.75
"RSI_Reversion(14,30/70)",LONG,2026-06-01 22:05:00,2026-06-01 23:00:00,7601.25,7595.5,-30.75
"RSI_Reversion(14,30/70)",LONG,2026-06-02 00:10:00,2026-06-02 00:30:00,7587.75,7586.75,-7.0
"RSI_Reversion(14,30/70)",LONG,2026-06-02 00:50:00,2026-06-02 01:15:00,7584.25,7585.5,4.25
"RSI_Reversion(14,30/70)",LONG,2026-06-02 01:50:00,2026-06-02 01:55:00,7578.5,7579.5,3.0
"RSI_Reversion(14,30/70)",LONG,2026-06-02 02:00:00,2026-06-02 02:05:00,7577.75,7578.5,1.75
"RSI_Reversion(14,30/70)",LONG,2026-06-02 02:10:00,2026-06-02 02:15:00,7577.25,7578.25,3.0
"RSI_Reversion(14,30/70)",SHORT,2026-06-02 05:00:00,2026-06-02 05:05:00,7590.5,7589.0,5.5
"RSI_Reversion(14,30/70)",SHORT,2026-06-02 05:15:00,2026-06-02 05:40:00,7592.75,7594.0,-8.25
"RSI_Reversion(14,30/70)",SHORT,2026-06-02 05:45:00,2026-06-02 05:50:00,7595.25,7593.5,6.75
"RSI_Reversion(14,30/70)",SHORT,2026-06-02 06:20:00,2026-06-02 06:30:00,7597.25,7597.25,-2.0
"RSI_Reversion(14,30/70)",SHORT,2026-06-02 06:40:00,2026-06-02 06:45:00,7599.25,7598.5,1.75
"RSI_Reversion(14,30/70)",SHORT,2026-06-02 06:50:00,2026-06-02 07:35:00,7600.25,7603.25,-17.0
"RSI_Reversion(14,30/70)",SHORT,2026-06-02 07:45:00,2026-06-02 07:50:00,7604.25,7603.25,3.0
"RSI_Reversion(14,30/70)",SHORT,2026-06-02 07:55:00,2026-06-02 08:15:00,7605.5,7606.75,-8.25
"RSI_Reversion(14,30/70)",SHORT,2026-06-02 14:50:00,2026-06-02 15:05:00,7620.75,7622.75,-12.0
"RSI_Reversion(14,30/70)",SHORT,2026-06-02 15:10:00,2026-06-02 15:30:00,7629.25,7626.75,10.5
"RSI_Reversion(14,30/70)",LONG,2026-06-02 23:10:00,2026-06-02 23:30:00,7616.25,7610.5,-30.75
"RSI_Reversion(14,30/70)",LONG,2026-06-03 10:05:00,2026-06-03 10:10:00,7610.75,7617.25,30.5
"RSI_Reversion(14,30/70)",LONG,2026-06-03 12:40:00,2026-06-03 12:45:00,7604.75,7607.75,13.0
"RSI_Reversion(14,30/70)",LONG,2026-06-03 13:45:00,2026-06-03 14:05:00,7592.25,7590.5,-10.75
"RSI_Reversion(14,30/70)",LONG,2026-06-03 16:25:00,2026-06-03 16:30:00,7568.0,7570.0,8.0
"RSI_Reversion(14,30/70)",LONG,2026-06-03 16:40:00,2026-06-03 16:45:00,7565.75,7567.5,6.75
"RSI_Reversion(14,30/70)",LONG,2026-06-03 20:20:00,2026-06-03 20:25:00,7559.5,7563.0,15.5
"RSI_Reversion(14,30/70)",LONG,2026-06-03 20:30:00,2026-06-03 22:35:00,7558.5,7541.0,-89.5
"RSI_Reversion(14,30/70)",LONG,2026-06-03 22:40:00,2026-06-03 23:00:00,7537.0,7543.5,30.5
"RSI_Reversion(14,30/70)",SHORT,2026-06-04 07:05:00,2026-06-04 07:10:00,7556.0,7554.75,4.25
"RSI_Reversion(14,30/70)",LONG,2026-06-04 09:15:00,2026-06-04 09:20:00,7533.25,7535.75,10.5
"RSI_Reversion(14,30/70)",SHORT,2026-06-04 15:10:00,2026-06-04 15:45:00,7581.5,7580.75,1.75
"RSI_Reversion(14,30/70)",SHORT,2026-06-04 16:10:00,2026-06-04 16:35:00,7590.0,7591.5,-9.5
"RSI_Reversion(14,30/70)",SHORT,2026-06-04 16:40:00,2026-06-04 17:05:00,7595.5,7595.5,-2.0
"RSI_Reversion(14,30/70)",SHORT,2026-06-04 17:10:00,2026-06-04 17:15:00,7597.25,7596.5,1.75
"RSI_Reversion(14,30/70)",SHORT,2026-06-04 17:30:00,2026-06-04 17:40:00,7599.25,7599.0,-0.75
"RSI_Reversion(14,30/70)",SHORT,2026-06-04 17:45:00,2026-06-04 19:00:00,7600.75,7604.5,-20.75
"RSI_Reversion(14,30/70)",SHORT,2026-06-04 19:30:00,2026-06-04 19:35:00,7611.0,7609.75,4.25
"RSI_Reversion(14,30/70)",LONG,2026-06-04 20:20:00,2026-06-04 20:55:00,7591.5,7589.25,-13.25
"RSI_Reversion(14,30/70)",LONG,2026-06-04 22:00:00,2026-06-04 22:10:00,7589.5,7586.75,-15.75
"RSI_Reversion(14,30/70)",LONG,2026-06-04 22:15:00,2026-06-04 22:50:00,7584.0,7584.5,0.5
"RSI_Reversion(14,30/70)",LONG,2026-06-04 23:20:00,2026-06-04 23:30:00,7578.5,7579.5,3.0
"RSI_Reversion(14,30/70)",LONG,2026-06-04 23:40:00,2026-06-05 01:45:00,7577.25,7555.0,-113.25
"RSI_Reversion(14,30/70)",LONG,2026-06-05 01:50:00,2026-06-05 01:55:00,7553.25,7557.0,16.75
"RSI_Reversion(14,30/70)",SHORT,2026-06-05 08:30:00,2026-06-05 08:35:00,7566.5,7566.0,0.5
"RSI_Reversion(14,30/70)",SHORT,2026-06-05 09:15:00,2026-06-05 09:20:00,7572.25,7569.5,11.75
"RSI_Reversion(14,30/70)",LONG,2026-06-05 12:35:00,2026-06-05 12:40:00,7550.25,7554.0,16.75
"RSI_Reversion(14,30/70)",LONG,2026-06-05 13:45:00,2026-06-05 14:10:00,7527.25,7522.25,-27.0
"RSI_Reversion(14,30/70)",LONG,2026-06-05 15:40:00,2026-06-05 15:55:00,7492.5,7491.75,-5.75
"RSI_Reversion(14,30/70)",LONG,2026-06-05 16:05:00,2026-06-05 16:55:00,7485.25,7470.0,-78.25
"RSI_Reversion(14,30/70)",LONG,2026-06-05 17:15:00,2026-06-05 17:25:00,7458.5,7465.0,30.5
"RSI_Reversion(14,30/70)",LONG,2026-06-05 18:20:00,2026-06-05 18:25:00,7438.75,7439.5,1.75
"RSI_Reversion(14,30/70)",LONG,2026-06-05 18:30:00,2026-06-05 19:30:00,7433.25,7409.0,-123.25
"RSI_Reversion(14,30/70)",LONG,2026-06-05 20:10:00,2026-06-05 20:30:00,7375.25,7369.75,-29.5
"RSI_Reversion(14,30/70)",LONG,2026-06-05 20:35:00,2026-06-05 20:40:00,7363.25,7364.5,4.25
"RSI_Reversion(14,30/70)",SHORT,2026-06-08 00:40:00,2026-06-08 00:45:00,7422.5,7416.25,29.25
"RSI_Reversion(14,30/70)",SHORT,2026-06-08 07:50:00,2026-06-08 07:55:00,7427.5,7422.75,21.75
"RSI_Reversion(14,30/70)",SHORT,2026-06-08 11:15:00,2026-06-08 11:25:00,7448.25,7447.0,4.25
"RSI_Reversion(14,30/70)",SHORT,2026-06-08 11:30:00,2026-06-08 11:45:00,7452.25,7451.5,1.75
"RSI_Reversion(14,30/70)",SHORT,2026-06-08 12:35:00,2026-06-08 12:40:00,7460.5,7460.0,0.5
"RSI_Reversion(14,30/70)",SHORT,2026-06-08 12:45:00,2026-06-08 12:55:00,7463.0,7460.5,10.5
"RSI_Reversion(14,30/70)",LONG,2026-06-08 19:25:00,2026-06-08 19:30:00,7407.5,7414.5,33.0
"RSI_Reversion(14,30/70)",LONG,2026-06-08 22:05:00,2026-06-08 22:35:00,7406.0,7400.75,-28.25
"RSI_Reversion(14,30/70)",SHORT,2026-06-09 01:50:00,2026-06-09 01:55:00,7424.75,7422.5,9.25
"RSI_Reversion(14,30/70)",SHORT,2026-06-09 03:45:00,2026-06-09 03:50:00,7431.75,7429.75,8.0
"RSI_Reversion(14,30/70)",SHORT,2026-06-09 04:40:00,2026-06-09 04:45:00,7437.0,7435.25,6.75
"RSI_Reversion(14,30/70)",SHORT,2026-06-09 13:45:00,2026-06-09 13:55:00,7475.25,7473.5,6.75
"RSI_Reversion(14,30/70)",LONG,2026-06-09 14:50:00,2026-06-09 14:55:00,7374.25,7387.25,63.0
"RSI_Reversion(14,30/70)",LONG,2026-06-09 15:25:00,2026-06-09 17:00:00,7362.75,7287.25,-379.5
"RSI_Reversion(14,30/70)",LONG,2026-06-10 04:45:00,2026-06-10 04:50:00,7357.25,7360.75,15.5
"RSI_Reversion(14,30/70)",LONG,2026-06-10 08:45:00,2026-06-10 09:30:00,7339.25,7336.5,-15.75
"RSI_Reversion(14,30/70)",SHORT,2026-06-10 12:45:00,2026-06-10 12:55:00,7359.5,7360.0,-4.5
"RSI_Reversion(14,30/70)",LONG,2026-06-10 20:10:00,2026-06-10 20:15:00,7268.25,7271.25,13.0
"RSI_Reversion(14,30/70)",LONG,2026-06-10 20:45:00,2026-06-10 20:55:00,7262.5,7264.25,6.75
"RSI_Reversion(14,30/70)",LONG,2026-06-10 22:05:00,2026-06-10 22:15:00,7251.0,7255.25,19.25
"RSI_Reversion(14,30/70)",SHORT,2026-06-11 01:15:00,2026-06-11 01:35:00,7302.5,7298.5,18.0
"RSI_Reversion(14,30/70)",SHORT,2026-06-11 04:40:00,2026-06-11 05:00:00,7311.75,7313.0,-8.25
"RSI_Reversion(14,30/70)",SHORT,2026-06-11 07:20:00,2026-06-11 07:50:00,7322.75,7326.0,-18.25
"RSI_Reversion(14,30/70)",SHORT,2026-06-11 08:10:00,2026-06-11 08:20:00,7334.75,7333.25,5.5
"RSI_Reversion(14,30/70)",SHORT,2026-06-11 08:25:00,2026-06-11 08:30:00,7334.25,7332.25,8.0
"RSI_Reversion(14,30/70)",SHORT,2026-06-11 08:40:00,2026-06-11 08:45:00,7336.25,7335.25,3.0
"RSI_Reversion(14,30/70)",LONG,2026-06-11 11:10:00,2026-06-11 11:15:00,7318.0,7322.25,19.25
"RSI_Reversion(14,30/70)",LONG,2026-06-11 12:25:00,2026-06-11 12:45:00,7309.25,7304.5,-25.75
"RSI_Reversion(14,30/70)",LONG,2026-06-11 13:45:00,2026-06-11 13:50:00,7291.25,7305.75,70.5
"RSI_Reversion(14,30/70)",SHORT,2026-06-11 17:35:00,2026-06-11 17:50:00,7362.5,7368.25,-30.75
"RSI_Reversion(14,30/70)",SHORT,2026-06-11 19:30:00,2026-06-11 19:50:00,7399.25,7399.25,-2.0
"RSI_Reversion(14,30/70)",LONG,2026-06-12 06:55:00,2026-06-12 07:00:00,7384.75,7388.0,14.25
"RSI_Reversion(14,30/70)",LONG,2026-06-12 07:05:00,2026-06-12 07:10:00,7380.75,7384.0,14.25
"RSI_Reversion(14,30/70)",LONG,2026-06-12 07:15:00,2026-06-12 07:20:00,7378.0,7379.5,5.5
"RSI_Reversion(14,30/70)",SHORT,2026-06-12 08:15:00,2026-06-12 08:35:00,7411.5,7417.0,-29.5
"RSI_Reversion(14,30/70)",SHORT,2026-06-12 09:20:00,2026-06-12 09:25:00,7431.75,7429.75,8.0
"RSI_Reversion(14,30/70)",SHORT,2026-06-12 09:30:00,2026-06-12 09:50:00,7436.0,7442.5,-34.5
"RSI_Reversion(14,30/70)",LONG,2026-06-12 12:55:00,2026-06-12 13:05:00,7406.5,7406.75,-0.75
"RSI_Reversion(14,30/70)",LONG,2026-06-12 13:45:00,2026-06-12 13:55:00,7375.5,7377.25,6.75
"RSI_Reversion(14,30/70)",SHORT,2026-06-14 22:15:00,2026-06-14 23:15:00,7500.75,7490.25,50.5
"RSI_Reversion(14,30/70)",SHORT,2026-06-15 00:10:00,2026-06-15 00:45:00,7503.5,7506.25,-15.75
"RSI_Reversion(14,30/70)",SHORT,2026-06-15 00:50:00,2026-06-15 00:55:00,7506.5,7506.0,0.5
"RSI_Reversion(14,30/70)",SHORT,2026-06-15 01:05:00,2026-06-15 01:20:00,7508.25,7508.25,-2.0
"RSI_Reversion(14,30/70)",SHORT,2026-06-15 01:25:00,2026-06-15 02:00:00,7510.0,7512.0,-12.0
"RSI_Reversion(14,30/70)",SHORT,2026-06-15 02:05:00,2026-06-15 03:40:00,7513.5,7521.25,-40.75
"RSI_Reversion(14,30/70)",SHORT,2026-06-15 04:35:00,2026-06-15 05:35:00,7524.0,7527.5,-19.5
"RSI_Reversion(14,30/70)",SHORT,2026-06-15 05:40:00,2026-06-15 05:55:00,7530.0,7528.75,4.25
"RSI_Reversion(14,30/70)",SHORT,2026-06-15 06:00:00,2026-06-15 06:10:00,7531.25,7529.5,6.75
"RSI_Reversion(14,30/70)",SHORT,2026-06-15 09:35:00,2026-06-15 11:45:00,7584.75,7592.75,-42.0
"RSI_Reversion(14,30/70)",SHORT,2026-06-15 11:55:00,2026-06-15 12:00:00,7599.0,7595.75,14.25
"RSI_Reversion(14,30/70)",SHORT,2026-06-15 13:35:00,2026-06-15 14:00:00,7608.25,7614.25,-32.0
"RSI_Reversion(14,30/70)",SHORT,2026-06-15 14:05:00,2026-06-15 14:10:00,7618.0,7613.25,21.75
"RSI_Reversion(14,30/70)",SHORT,2026-06-15 15:05:00,2026-06-15 15:35:00,7627.5,7630.25,-15.75
"RSI_Reversion(14,30/70)",SHORT,2026-06-15 15:40:00,2026-06-15 16:35:00,7633.75,7644.0,-53.25
"RSI_Reversion(14,30/70)",SHORT,2026-06-16 03:40:00,2026-06-16 03:50:00,7626.5,7624.5,8.0
"RSI_Reversion(14,30/70)",LONG,2026-06-16 19:40:00,2026-06-16 19:45:00,7588.5,7594.25,26.75
"RSI_Reversion(14,30/70)",LONG,2026-06-16 20:20:00,2026-06-16 20:25:00,7579.5,7583.25,16.75
"RSI_Reversion(14,30/70)",LONG,2026-06-17 08:40:00,2026-06-17 08:45:00,7594.0,7594.0,-2.0
"RSI_Reversion(14,30/70)",LONG,2026-06-17 08:50:00,2026-06-17 08:55:00,7592.0,7597.0,23.0
"RSI_Reversion(14,30/70)",LONG,2026-06-17 10:05:00,2026-06-17 10:10:00,7588.25,7589.25,3.0
"RSI_Reversion(14,30/70)",LONG,2026-06-17 10:20:00,2026-06-17 10:25:00,7586.75,7593.5,31.75
"RSI_Reversion(14,30/70)",LONG,2026-06-17 18:05:00,2026-06-17 18:10:00,7531.75,7546.5,71.75
"RSI_Reversion(14,30/70)",LONG,2026-06-17 19:35:00,2026-06-17 19:50:00,7489.0,7488.75,-3.25
"RSI_Reversion(14,30/70)",SHORT,2026-06-18 00:05:00,2026-06-18 00:25:00,7549.5,7553.0,-19.5
"RSI_Reversion(14,30/70)",SHORT,2026-06-18 00:35:00,2026-06-18 00:45:00,7556.25,7556.25,-2.0
"RSI_Reversion(14,30/70)",LONG,2026-06-18 04:40:00,2026-06-18 04:50:00,7542.75,7542.25,-4.5
"RSI_Reversion(14,30/70)",LONG,2026-06-18 11:20:00,2026-06-18 11:30:00,7538.25,7541.25,13.0
"RSI_Reversion(14,30/70)",LONG,2026-06-18 11:40:00,2026-06-18 11:45:00,7537.0,7538.0,3.0
"RSI_Reversion(14,30/70)",SHORT,2026-06-18 13:30:00,2026-06-18 13:35:00,7577.25,7557.75,95.5
"RSI_Reversion(14,30/70)",LONG,2026-06-19 01:55:00,2026-06-19 02:25:00,7548.5,7545.75,-15.75
"RSI_Reversion(14,30/70)",LONG,2026-06-19 03:20:00,2026-06-19 03:40:00,7540.25,7540.75,0.5
"RSI_Reversion(14,30/70)",LONG,2026-06-21 22:00:00,2026-06-21 22:05:00,7543.25,7547.75,20.5
"RSI_Reversion(14,30/70)",LONG,2026-06-21 23:50:00,2026-06-22 00:00:00,7515.25,7515.75,0.5
"RSI_Reversion(14,30/70)",SHORT,2026-06-22 01:15:00,2026-06-22 01:20:00,7553.5,7551.5,8.0
"RSI_Reversion(14,30/70)",SHORT,2026-06-22 06:10:00,2026-06-22 07:35:00,7551.75,7565.5,-70.75
"RSI_Reversion(14,30/70)",SHORT,2026-06-22 13:40:00,2026-06-22 13:45:00,7595.5,7578.75,81.75
"RSI_Reversion(14,30/70)",LONG,2026-06-22 14:55:00,2026-06-22 15:00:00,7534.25,7542.75,40.5
"RSI_Reversion(14,30/70)",LONG,2026-06-23 03:10:00,2026-06-23 03:30:00,7506.75,7507.5,1.75
"RSI_Reversion(14,30/70)",LONG,2026-06-23 03:35:00,2026-06-23 03:55:00,7504.0,7505.25,4.25
"RSI_Reversion(14,30/70)",LONG,2026-06-23 04:20:00,2026-06-23 04:30:00,7496.25,7496.5,-0.75
"RSI_Reversion(14,30/70)",LONG,2026-06-23 04:35:00,2026-06-23 07:10:00,7494.5,7454.75,-200.75
"RSI_Reversion(14,30/70)",LONG,2026-06-23 07:20:00,2026-06-23 07:30:00,7446.5,7446.5,-2.0
"RSI_Reversion(14,30/70)",LONG,2026-06-23 07:45:00,2026-06-23 08:10:00,7439.5,7434.0,-29.5
"RSI_Reversion(14,30/70)",LONG,2026-06-23 08:15:00,2026-06-23 08:35:00,7429.25,7432.25,13.0
"RSI_Reversion(14,30/70)",SHORT,2026-06-23 13:50:00,2026-06-23 14:35:00,7457.75,7476.0,-93.25
"RSI_Reversion(14,30/70)",LONG,2026-06-23 18:45:00,2026-06-23 19:00:00,7433.75,7436.0,9.25
"RSI_Reversion(14,30/70)",LONG,2026-06-24 03:00:00,2026-06-24 03:10:00,7430.0,7435.75,26.75
"RSI_Reversion(14,30/70)",LONG,2026-06-24 17:20:00,2026-06-24 17:55:00,7433.75,7421.25,-64.5
"RSI_Reversion(14,30/70)",LONG,2026-06-24 18:00:00,2026-06-24 18:05:00,7414.25,7421.5,34.25
"RSI_Reversion(14,30/70)",SHORT,2026-06-24 20:10:00,2026-06-24 20:35:00,7459.75,7468.0,-43.25
"RSI_Reversion(14,30/70)",SHORT,2026-06-24 20:40:00,2026-06-24 22:10:00,7473.25,7474.0,-5.75
"RSI_Reversion(14,30/70)",SHORT,2026-06-25 06:20:00,2026-06-25 06:45:00,7480.0,7479.25,1.75
"RSI_Reversion(14,30/70)",SHORT,2026-06-25 07:10:00,2026-06-25 07:15:00,7482.75,7481.75,3.0
"RSI_Reversion(14,30/70)",SHORT,2026-06-25 07:20:00,2026-06-25 07:30:00,7485.0,7486.0,-7.0
"RSI_Reversion(14,30/70)",SHORT,2026-06-25 07:40:00,2026-06-25 07:50:00,7487.0,7485.75,4.25
"RSI_Reversion(14,30/70)",LONG,2026-06-25 13:45:00,2026-06-25 14:05:00,7439.0,7427.75,-58.25
"RSI_Reversion(14,30/70)",LONG,2026-06-26 01:45:00,2026-06-26 01:50:00,7403.0,7406.75,16.75
"RSI_Reversion(14,30/70)",LONG,2026-06-26 02:00:00,2026-06-26 03:45:00,7399.75,7369.5,-153.25
"RSI_Reversion(14,30/70)",SHORT,2026-06-26 06:50:00,2026-06-26 07:05:00,7398.5,7398.75,-3.25
"RSI_Reversion(14,30/70)",SHORT,2026-06-26 07:35:00,2026-06-26 07:45:00,7411.5,7406.75,21.75
"RSI_Reversion(14,30/70)",SHORT,2026-06-26 14:10:00,2026-06-26 14:20:00,7423.0,7420.0,13.0
"RSI_Reversion(14,30/70)",SHORT,2026-06-26 14:25:00,2026-06-26 14:35:00,7428.0,7427.5,0.5
"RSI_Reversion(14,30/70)",SHORT,2026-06-26 15:40:00,2026-06-26 15:50:00,7451.75,7449.5,9.25
"RSI_Reversion(14,30/70)",LONG,2026-06-26 20:00:00,2026-06-26 20:05:00,7379.75,7399.75,98.0
"RSI_Reversion(14,30/70)",LONG,2026-06-29 14:15:00,2026-06-29 14:20:00,7415.5,7426.0,50.5
"RSI_Reversion(14,30/70)",SHORT,2026-06-30 04:30:00,2026-06-30 04:55:00,7509.0,7511.0,-12.0
"RSI_Reversion(14,30/70)",SHORT,2026-06-30 05:05:00,2026-06-30 05:10:00,7512.25,7511.5,1.75
"RSI_Reversion(14,30/70)",LONG,2026-06-30 12:30:00,2026-06-30 12:40:00,7496.0,7498.0,8.0
"RSI_Reversion(14,30/70)",SHORT,2026-06-30 13:55:00,2026-06-30 14:10:00,7518.75,7523.0,-23.25
"RSI_Reversion(14,30/70)",SHORT,2026-06-30 14:30:00,2026-06-30 14:40:00,7532.5,7533.25,-5.75
"RSI_Reversion(14,30/70)",SHORT,2026-06-30 16:20:00,2026-06-30 16:30:00,7551.75,7550.75,3.0
"RSI_Reversion(14,30/70)",SHORT,2026-06-30 16:50:00,2026-06-30 17:00:00,7555.5,7555.75,-3.25
"RSI_Reversion(14,30/70)",SHORT,2026-06-30 17:05:00,2026-06-30 17:10:00,7557.75,7556.75,3.0
"RSI_Reversion(14,30/70)",SHORT,2026-06-30 19:15:00,2026-06-30 19:20:00,7564.5,7563.75,1.75
"RSI_Reversion(14,30/70)",LONG,2026-07-01 01:35:00,2026-07-01 01:40:00,7535.0,7536.0,3.0
"RSI_Reversion(14,30/70)",LONG,2026-07-01 01:50:00,2026-07-01 02:30:00,7533.75,7528.0,-30.75
"RSI_Reversion(14,30/70)",LONG,2026-07-01 02:35:00,2026-07-01 02:40:00,7526.25,7528.0,6.75
"RSI_Reversion(14,30/70)",LONG,2026-07-01 07:10:00,2026-07-01 07:25:00,7519.5,7518.75,-5.75
"RSI_Reversion(14,30/70)",SHORT,2026-07-01 10:35:00,2026-07-01 10:45:00,7535.75,7534.25,5.5
"RSI_Reversion(14,30/70)",SHORT,2026-07-01 11:05:00,2026-07-01 11:15:00,7538.5,7537.5,3.0
"RSI_Reversion(14,30/70)",LONG,2026-07-01 13:35:00,2026-07-01 13:40:00,7508.75,7513.5,21.75
"RSI_Reversion(14,30/70)",SHORT,2026-07-01 15:20:00,2026-07-01 15:35:00,7568.75,7570.75,-12.0
"RSI_Reversion(14,30/70)",SHORT,2026-07-01 16:25:00,2026-07-01 16:30:00,7577.0,7574.5,10.5
"RSI_Reversion(14,30/70)",LONG,2026-07-01 20:05:00,2026-07-01 20:25:00,7532.25,7534.5,9.25
"RSI_Reversion(14,30/70)",LONG,2026-07-01 20:30:00,2026-07-01 22:00:00,7532.25,7536.0,16.75
"RSI_Reversion(14,30/70)",SHORT,2026-07-02 01:40:00,2026-07-02 01:45:00,7554.25,7553.75,0.5
"RSI_Reversion(14,30/70)",SHORT,2026-07-02 02:15:00,2026-07-02 02:20:00,7557.0,7556.25,1.75
"RSI_Reversion(14,30/70)",LONG,2026-07-02 06:10:00,2026-07-02 06:20:00,7536.75,7536.5,-3.25
"RSI_Reversion(14,30/70)",LONG,2026-07-02 06:50:00,2026-07-02 07:00:00,7529.0,7530.5,5.5
"RSI_Reversion(14,30/70)",LONG,2026-07-02 07:10:00,2026-07-02 07:20:00,7525.0,7524.0,-7.0
"RSI_Reversion(14,30/70)",LONG,2026-07-02 07:25:00,2026-07-02 07:30:00,7522.75,7525.0,9.25
"RSI_Reversion(14,30/70)",SHORT,2026-07-02 12:25:00,2026-07-02 12:55:00,7554.75,7565.75,-57.0
"RSI_Reversion(14,30/70)",SHORT,2026-07-02 13:45:00,2026-07-02 14:10:00,7578.5,7583.75,-28.25
"RSI_Reversion(14,30/70)",SHORT,2026-07-02 14:15:00,2026-07-02 14:20:00,7591.0,7587.5,15.5
"RSI_Reversion(14,30/70)",LONG,2026-07-02 17:05:00,2026-07-02 17:10:00,7488.25,7495.0,31.75
"RSI_Reversion(14,30/70)",SHORT,2026-07-05 22:25:00,2026-07-05 22:55:00,7561.25,7564.25,-17.0
"RSI_Reversion(14,30/70)",LONG,2026-07-06 02:40:00,2026-07-06 02:55:00,7543.25,7543.25,-2.0
"RSI_Reversion(14,30/70)",LONG,2026-07-06 03:55:00,2026-07-06 04:00:00,7538.75,7542.0,14.25
"RSI_Reversion(14,30/70)",SHORT,2026-07-06 08:05:00,2026-07-06 08:15:00,7564.25,7560.5,16.75
"RSI_Reversion(14,30/70)",LONG,2026-07-06 23:50:00,2026-07-07 00:05:00,7587.25,7587.5,-0.75
"RSI_Reversion(14,30/70)",LONG,2026-07-07 03:50:00,2026-07-07 04:05:00,7572.25,7574.0,6.75
"RSI_Reversion(14,30/70)",LONG,2026-07-07 04:25:00,2026-07-07 04:30:00,7570.0,7571.5,5.5
"RSI_Reversion(14,30/70)",LONG,2026-07-07 04:50:00,2026-07-07 05:00:00,7568.25,7568.75,0.5
"RSI_Reversion(14,30/70)",LONG,2026-07-07 05:05:00,2026-07-07 05:30:00,7567.0,7566.0,-7.0
"RSI_Reversion(14,30/70)",LONG,2026-07-07 14:15:00,2026-07-07 14:20:00,7548.0,7552.75,21.75
"RSI_Reversion(14,30/70)",LONG,2026-07-07 14:25:00,2026-07-07 14:55:00,7544.25,7543.5,-5.75
"RSI_Reversion(14,30/70)",LONG,2026-07-07 19:05:00,2026-07-07 19:25:00,7549.5,7547.5,-12.0
"RSI_Reversion(14,30/70)",LONG,2026-07-08 05:50:00,2026-07-08 05:55:00,7539.0,7542.25,14.25
"RSI_Reversion(14,30/70)",LONG,2026-07-08 06:40:00,2026-07-08 06:50:00,7535.75,7537.5,6.75
"RSI_Reversion(14,30/70)",LONG,2026-07-08 08:25:00,2026-07-08 09:35:00,7505.5,7479.0,-134.5
"RSI_Reversion(14,30/70)",LONG,2026-07-08 10:00:00,2026-07-08 10:20:00,7474.75,7477.0,9.25
"RSI_Reversion(14,30/70)",SHORT,2026-07-08 12:10:00,2026-07-08 12:15:00,7510.0,7508.0,8.0
"RSI_Reversion(14,30/70)",SHORT,2026-07-08 12:20:00,2026-07-08 12:25:00,7509.75,7505.0,21.75
"RSI_Reversion(14,30/70)",SHORT,2026-07-08 16:50:00,2026-07-08 17:05:00,7518.0,7518.25,-3.25
"RSI_Reversion(14,30/70)",SHORT,2026-07-08 17:20:00,2026-07-08 17:40:00,7524.5,7528.0,-19.5
"RSI_Reversion(14,30/70)",SHORT,2026-07-09 00:15:00,2026-07-09 00:20:00,7533.25,7527.75,25.5
"RSI_Reversion(14,30/70)",LONG,2026-07-09 09:45:00,2026-07-09 09:50:00,7536.5,7538.5,8.0
"RSI_Reversion(14,30/70)",LONG,2026-07-09 10:50:00,2026-07-09 11:00:00,7533.25,7534.5,4.25
"RSI_Reversion(14,30/70)",SHORT,2026-07-09 13:55:00,2026-07-09 14:00:00,7564.0,7561.25,11.75
"RSI_Reversion(14,30/70)",SHORT,2026-07-09 17:20:00,2026-07-09 17:55:00,7590.75,7592.5,-10.75
"RSI_Reversion(14,30/70)",LONG,2026-07-10 00:25:00,2026-07-10 00:30:00,7578.75,7579.75,3.0
"RSI_Reversion(14,30/70)",LONG,2026-07-10 00:35:00,2026-07-10 01:00:00,7576.5,7580.75,19.25
"RSI_Reversion(14,30/70)",LONG,2026-07-10 05:10:00,2026-07-10 05:15:00,7576.5,7578.0,5.5
"RSI_Reversion(14,30/70)",LONG,2026-07-10 06:25:00,2026-07-10 06:35:00,7571.5,7573.25,6.75
"RSI_Reversion(14,30/70)",SHORT,2026-07-10 10:10:00,2026-07-10 10:15:00,7585.5,7585.0,0.5
"RSI_Reversion(14,30/70)",SHORT,2026-07-10 10:35:00,2026-07-10 10:50:00,7588.5,7588.5,-2.0
"RSI_Reversion(14,30/70)",SHORT,2026-07-10 11:05:00,2026-07-10 11:10:00,7590.75,7589.75,3.0
"RSI_Reversion(14,30/70)",SHORT,2026-07-10 13:35:00,2026-07-10 13:45:00,7597.75,7594.5,14.25
"RSI_Reversion(14,30/70)",SHORT,2026-07-10 13:50:00,2026-07-10 13:55:00,7602.25,7601.25,3.0
"RSI_Reversion(14,30/70)",SHORT,2026-07-10 14:05:00,2026-07-10 14:10:00,7603.5,7603.0,0.5
"RSI_Reversion(14,30/70)",SHORT,2026-07-10 19:05:00,2026-07-10 19:10:00,7623.5,7622.75,1.75
"RSI_Reversion(14,30/70)",SHORT,2026-07-10 19:15:00,2026-07-10 19:20:00,7624.5,7623.5,3.0
"RSI_Reversion(14,30/70)",SHORT,2026-07-10 20:55:00,2026-07-12 22:10:00,7627.25,7600.0,134.25
"RSI_Reversion(14,30/70)",LONG,2026-07-12 22:15:00,2026-07-12 22:45:00,7593.5,7599.5,28.0
"RSI_Reversion(14,30/70)",LONG,2026-07-12 22:50:00,2026-07-12 22:55:00,7597.5,7599.75,9.25
"RSI_Reversion(14,30/70)",LONG,2026-07-12 23:50:00,2026-07-12 23:55:00,7594.5,7597.0,10.5
"RSI_Reversion(14,30/70)",LONG,2026-07-13 04:10:00,2026-07-13 04:15:00,7580.0,7580.25,-0.75
"RSI_Reversion(14,30/70)",LONG,2026-07-13 04:45:00,2026-07-13 05:00:00,7576.75,7577.25,0.5
"RSI_Reversion(14,30/70)",LONG,2026-07-13 05:05:00,2026-07-13 05:10:00,7576.0,7581.0,23.0
"RSI_Reversion(14,30/70)",SHORT,2026-07-13 09:30:00,2026-07-13 09:50:00,7602.5,7601.5,3.0
"RSI_Reversion(14,30/70)",LONG,2026-07-13 16:35:00,2026-07-13 16:40:00,7567.25,7571.0,16.75
"RSI_Reversion(14,30/70)",LONG,2026-07-13 23:45:00,2026-07-13 23:55:00,7542.5,7548.25,26.75
"RSI_Reversion(14,30/70)",SHORT,2026-07-14 05:00:00,2026-07-14 06:25:00,7560.5,7570.0,-49.5
"RSI_Reversion(14,30/70)",SHORT,2026-07-14 12:35:00,2026-07-14 12:40:00,7595.5,7586.5,43.0
"RSI_Reversion(14,30/70)",SHORT,2026-07-14 23:30:00,2026-07-15 00:05:00,7599.5,7600.75,-8.25
"RSI_Reversion(14,30/70)",LONG,2026-07-15 07:30:00,2026-07-15 07:40:00,7599.0,7600.5,5.5
"RSI_Reversion(14,30/70)",LONG,2026-07-15 12:25:00,2026-07-15 12:30:00,7594.25,7594.5,-0.75
"RSI_Reversion(14,30/70)",SHORT,2026-07-15 12:50:00,2026-07-15 13:00:00,7612.0,7611.5,0.5
"RSI_Reversion(14,30/70)",SHORT,2026-07-15 13:05:00,2026-07-15 13:10:00,7614.0,7610.75,14.25
"RSI_Reversion(14,30/70)",SHORT,2026-07-15 13:35:00,2026-07-15 13:40:00,7622.0,7618.75,14.25
"RSI_Reversion(14,30/70)",LONG,2026-07-15 16:25:00,2026-07-15 16:30:00,7574.5,7577.75,14.25
"RSI_Reversion(14,30/70)",LONG,2026-07-15 16:35:00,2026-07-15 16:45:00,7575.5,7578.75,14.25
"RSI_Reversion(14,30/70)",SHORT,2026-07-15 17:55:00,2026-07-15 18:00:00,7615.25,7612.5,11.75
"RSI_Reversion(14,30/70)",LONG,2026-07-16 07:45:00,2026-07-16 08:25:00,7606.25,7599.75,-34.5
"RSI_Reversion(14,30/70)",LONG,2026-07-16 11:50:00,2026-07-16 11:55:00,7584.0,7594.0,48.0
"RSI_Reversion(14,30/70)",LONG,2026-07-16 19:30:00,2026-07-16 19:40:00,7560.25,7559.5,-5.75
"RSI_Reversion(14,30/70)",LONG,2026-07-16 19:45:00,2026-07-16 19:55:00,7554.5,7568.75,69.25
"RSI_Reversion(14,30/70)",LONG,2026-07-17 00:30:00,2026-07-17 00:50:00,7550.5,7550.0,-4.5
"RSI_Reversion(14,30/70)",LONG,2026-07-17 01:35:00,2026-07-17 01:40:00,7540.75,7542.25,5.5
"RSI_Reversion(14,30/70)",LONG,2026-07-17 01:45:00,2026-07-17 02:00:00,7539.0,7538.25,-5.75
"RSI_Reversion(14,30/70)",LONG,2026-07-17 02:10:00,2026-07-17 02:15:00,7534.25,7535.0,1.75
"RSI_Reversion(14,30/70)",LONG,2026-07-17 02:20:00,2026-07-17 02:45:00,7534.0,7532.5,-9.5
"RSI_Reversion(14,30/70)",LONG,2026-07-17 02:50:00,2026-07-17 03:00:00,7529.75,7530.25,0.5
"RSI_Reversion(14,30/70)",LONG,2026-07-17 04:10:00,2026-07-17 04:50:00,7519.75,7517.0,-15.75
"RSI_Reversion(14,30/70)",LONG,2026-07-17 05:40:00,2026-07-17 05:45:00,7506.5,7508.0,5.5
"RSI_Reversion(14,30/70)",LONG,2026-07-17 08:20:00,2026-07-17 08:25:00,7497.5,7498.0,0.5
"RSI_Reversion(14,30/70)",LONG,2026-07-17 08:40:00,2026-07-17 08:45:00,7493.0,7495.0,8.0
"RSI_Reversion(14,30/70)",LONG,2026-07-17 13:10:00,2026-07-17 13:50:00,7494.5,7495.5,3.0
"RSI_Reversion(14,30/70)",SHORT,2026-07-17 14:25:00,2026-07-17 14:30:00,7534.25,7529.5,21.75
"RSI_Reversion(14,30/70)",LONG,2026-07-17 18:45:00,2026-07-17 18:50:00,7497.25,7504.0,31.75
"RSI_Reversion(14,30/70)",SHORT,2026-07-20 07:35:00,2026-07-20 07:50:00,7515.75,7513.5,9.25
"RSI_Reversion(14,30/70)",SHORT,2026-07-20 08:05:00,2026-07-20 08:10:00,7518.75,7515.5,14.25
"RSI_Reversion(14,30/70)",SHORT,2026-07-20 11:35:00,2026-07-20 11:50:00,7541.0,7534.5,30.5
"RSI_Reversion(14,30/70)",SHORT,2026-07-20 13:45:00,2026-07-20 13:50:00,7550.0,7540.0,48.0
"RSI_Reversion(14,30/70)",LONG,2026-07-20 19:15:00,2026-07-20 19:20:00,7480.25,7482.25,8.0
"RSI_Reversion(14,30/70)",SHORT,2026-07-21 03:40:00,2026-07-21 03:45:00,7510.25,7509.5,1.75
"RSI_Reversion(14,30/70)",SHORT,2026-07-21 03:50:00,2026-07-21 04:45:00,7512.0,7514.5,-14.5
"RSI_Reversion(14,30/70)",SHORT,2026-07-21 04:50:00,2026-07-21 04:55:00,7515.5,7514.0,5.5
"RSI_Reversion(14,30/70)",SHORT,2026-07-21 05:45:00,2026-07-21 06:10:00,7521.25,7520.0,4.25
"RSI_Reversion(14,30/70)",SHORT,2026-07-21 06:40:00,2026-07-21 06:50:00,7523.75,7524.25,-4.5
"RSI_Reversion(14,30/70)",LONG,2026-07-22 06:25:00,2026-07-22 06:35:00,7525.5,7527.0,5.5
"RSI_Reversion(14,30/70)",LONG,2026-07-22 06:50:00,2026-07-22 06:55:00,7522.0,7525.0,13.0
"RSI_Reversion(14,30/70)",LONG,2026-07-22 07:10:00,2026-07-22 07:15:00,7518.75,7523.25,20.5
"RSI_Reversion(14,30/70)",SHORT,2026-07-22 13:55:00,2026-07-22 14:10:00,7543.25,7548.0,-25.75
"RSI_Reversion(14,30/70)",SHORT,2026-07-22 15:25:00,2026-07-22 15:35:00,7556.0,7552.25,16.75
"RSI_Reversion(14,30/70)",SHORT,2026-07-22 16:20:00,2026-07-22 16:25:00,7562.5,7561.25,4.25
"RSI_Reversion(14,30/70)",LONG,2026-07-22 22:05:00,2026-07-22 22:15:00,7524.5,7525.5,3.0
"RSI_Reversion(14,30/70)",LONG,2026-07-22 22:30:00,2026-07-22 22:50:00,7522.25,7520.5,-10.75
"RSI_Reversion(14,30/70)",SHORT,2026-07-23 00:25:00,2026-07-23 01:10:00,7541.5,7547.0,-29.5
"RSI_Reversion(14,30/70)",SHORT,2026-07-23 01:15:00,2026-07-23 01:20:00,7547.5,7544.5,13.0
"RSI_Reversion(14,30/70)",LONG,2026-07-23 07:10:00,2026-07-23 07:20:00,7510.25,7509.0,-8.25
"RSI_Reversion(14,30/70)",LONG,2026-07-23 07:35:00,2026-07-23 07:55:00,7503.0,7500.25,-15.75
"RSI_Reversion(14,30/70)",LONG,2026-07-23 11:40:00,2026-07-23 11:55:00,7493.5,7498.0,20.5
"RSI_Reversion(14,30/70)",LONG,2026-07-23 12:20:00,2026-07-23 13:35:00,7488.25,7472.75,-79.5
"RSI_Reversion(14,30/70)",SHORT,2026-07-24 07:20:00,2026-07-24 07:25:00,7459.25,7458.0,4.25
"RSI_Reversion(14,30/70)",SHORT,2026-07-24 07:30:00,2026-07-24 07:35:00,7462.0,7460.0,8.0
"RSI_Reversion(14,30/70)",LONG,2026-07-24 13:30:00,2026-07-24 13:35:00,7444.0,7451.0,33.0
"RSI_Reversion(14,30/70)",LONG,2026-07-24 18:35:00,2026-07-24 18:50:00,7440.75,7442.25,5.5
"RSI_Reversion(14,30/70)",LONG,2026-07-24 19:10:00,2026-07-24 19:20:00,7435.5,7437.25,6.75
"RSI_Reversion(14,30/70)",LONG,2026-07-24 19:25:00,2026-07-24 19:30:00,7433.5,7435.75,9.25
"RSI_Reversion(14,30/70)",SHORT,2026-07-26 22:15:00,2026-07-27 00:05:00,7494.25,7501.75,-39.5
"RSI_Reversion(14,30/70)",SHORT,2026-07-27 05:25:00,2026-07-27 05:45:00,7509.75,7512.5,-15.75
"RSI_Reversion(14,30/70)",SHORT,2026-07-27 05:50:00,2026-07-27 06:25:00,7513.5,7514.75,-8.25
"RSI_Reversion(14,30/70)",LONG,2026-07-27 11:30:00,2026-07-27 11:35:00,7508.75,7512.5,16.75
"RSI_Reversion(14,30/70)",LONG,2026-07-27 13:45:00,2026-07-27 13:50:00,7493.5,7496.5,13.0
"RSI_Reversion(14,30/70)",LONG,2026-07-27 13:55:00,2026-07-27 15:00:00,7492.5,7455.5,-187.0
"RSI_Reversion(14,30/70)",LONG,2026-07-27 15:35:00,2026-07-27 15:45:00,7432.25,7432.5,-0.75
"RSI_Reversion(14,30/70)",LONG,2026-07-27 15:50:00,2026-07-27 15:55:00,7427.25,7428.75,5.5
"RSI_Reversion(14,30/70)",LONG,2026-07-28 01:10:00,2026-07-28 01:20:00,7429.75,7429.75,-2.0
"RSI_Reversion(14,30/70)",LONG,2026-07-28 13:45:00,2026-07-28 13:50:00,7428.25,7432.75,20.5
"RSI_Reversion(14,30/70)",LONG,2026-07-28 14:00:00,2026-07-28 14:05:00,7421.5,7429.75,39.25
"RSI_Reversion(14,30/70)",SHORT,2026-07-28 15:45:00,2026-07-28 15:55:00,7478.25,7478.5,-3.25
"RSI_Reversion(14,30/70)",SHORT,2026-07-28 23:50:00,2026-07-29 00:35:00,7488.75,7489.0,-3.25
"RSI_Reversion(14,30/70)",LONG,2026-07-29 02:00:00,2026-07-29 02:10:00,7455.25,7461.75,30.5
"RSI_Reversion(14,30/70)",LONG,2026-07-29 04:15:00,2026-07-29 04:20:00,7445.0,7446.0,3.0
"RSI_Reversion(14,30/70)",LONG,2026-07-29 04:35:00,2026-07-29 04:40:00,7443.25,7444.75,5.5
"RSI_Reversion(14,30/70)",LONG,2026-07-29 04:45:00,2026-07-29 04:50:00,7440.25,7442.0,6.75
"RSI_Reversion(14,30/70)",SHORT,2026-07-29 06:45:00,2026-07-29 07:25:00,7473.75,7477.5,-20.75
"RSI_Reversion(14,30/70)",SHORT,2026-07-29 07:30:00,2026-07-29 07:35:00,7482.25,7481.0,4.25
"RSI_Reversion(14,30/70)",SHORT,2026-07-29 07:40:00,2026-07-29 07:50:00,7482.25,7480.25,8.0
"RSI_Reversion(14,30/70)",LONG,2026-07-29 12:20:00,2026-07-29 12:35:00,7461.0,7462.25,4.25
"RSI_Reversion(14,30/70)",LONG,2026-07-29 13:05:00,2026-07-29 13:10:00,7456.75,7457.75,3.0
"RSI_Reversion(14,30/70)",LONG,2026-07-29 13:15:00,2026-07-29 13:25:00,7454.5,7460.25,26.75
"RSI_Reversion(14,30/70)",LONG,2026-07-29 13:55:00,2026-07-29 14:55:00,7434.0,7406.0,-142.0
"RSI_Reversion(14,30/70)",LONG,2026-07-29 15:00:00,2026-07-29 15:05:00,7403.75,7409.0,24.25
"RSI_Reversion(14,30/70)",LONG,2026-07-29 16:05:00,2026-07-29 16:25:00,7383.75,7389.25,25.5
"RSI_Reversion(14,30/70)",SHORT,2026-07-29 18:45:00,2026-07-29 19:05:00,7463.25,7461.0,9.25
"RSI_Reversion(14,30/70)",LONG,2026-07-29 19:40:00,2026-07-29 19:50:00,7369.5,7371.75,9.25
"RSI_Reversion(14,30/70)",LONG,2026-07-29 20:00:00,2026-07-29 20:35:00,7350.25,7338.25,-62.0
"RSI_Reversion(14,30/70)",SHORT,2026-07-30 12:15:00,2026-07-30 12:20:00,7404.25,7402.25,8.0
"RSI_Reversion(14,30/70)",SHORT,2026-07-30 13:30:00,2026-07-30 13:35:00,7414.5,7408.5,28.0
"RSI_Reversion(14,30/70)",SHORT,2026-07-30 13:50:00,2026-07-30 14:10:00,7427.25,7431.25,-22.0
"RSI_Reversion(14,30/70)",SHORT,2026-07-30 14:30:00,2026-07-30 14:35:00,7439.75,7436.25,15.5
"RSI_Reversion(14,30/70)",SHORT,2026-07-30 14:40:00,2026-07-30 14:45:00,7440.0,7431.5,40.5
"RSI_Reversion(14,30/70)",SHORT,2026-07-30 19:05:00,2026-07-30 19:30:00,7466.25,7471.5,-28.25
"RSI_Reversion(14,30/70)",SHORT,2026-07-30 20:05:00,2026-07-30 20:10:00,7492.0,7483.25,41.75
"RSI_Reversion(14,30/70)",SHORT,2026-07-30 20:20:00,2026-07-30 20:35:00,7490.0,7484.75,24.25
"RSI_Reversion(14,30/70)",SHORT,2026-07-31 00:20:00,2026-07-31 00:25:00,7497.0,7494.5,10.5
"RSI_Reversion(14,30/70)",SHORT,2026-07-31 04:35:00,2026-07-31 05:35:00,7505.0,7506.5,-9.5
"RSI_Reversion(14,30/70)",LONG,2026-07-31 06:45:00,2026-07-31 06:55:00,7496.5,7497.25,1.75
"RSI_Reversion(14,30/70)",LONG,2026-07-31 12:10:00,2026-07-31 12:25:00,7492.25,7491.0,-8.25
"RSI_Reversion(14,30/70)",LONG,2026-07-31 12:35:00,2026-07-31 12:55:00,7485.5,7486.5,3.0
"RSI_Reversion(14,30/70)",SHORT,2026-07-31 13:35:00,2026-07-31 13:40:00,7512.0,7493.25,91.75
"RSI_Reversion(14,30/70)",LONG,2026-07-31 14:05:00,2026-07-31 14:25:00,7454.25,7446.0,-43.25
"RSI_Reversion(14,30/70)",SHORT,2026-07-31 17:25:00,2026-07-31 17:40:00,7512.0,7509.25,11.75
"RSI_Reversion(14,30/70)",SHORT,2026-07-31 19:20:00,2026-07-31 19:35:00,7526.75,7523.25,15.5
"RSI_Reversion(14,30/70)",SHORT,2026-07-31 19:45:00,2026-07-31 20:00:00,7532.75,7520.25,60.5
"RSI_Reversion(14,30/70)",SHORT,2026-08-02 22:15:00,2026-08-02 22:20:00,7555.5,7551.0,20.5
"RSI_Reversion(14,30/70)",SHORT,2026-08-03 14:15:00,2026-08-03 15:10:00,7591.0,7601.25,-53.25
"RSI_Reversion(14,30/70)",SHORT,2026-08-03 15:20:00,2026-08-03 15:30:00,7606.0,7603.0,13.0
"RSI_Reversion(14,30/70)",SHORT,2026-08-03 15:50:00,2026-08-03 16:00:00,7612.25,7611.5,1.75
"RSI_Reversion(14,30/70)",SHORT,2026-08-03 16:20:00,2026-08-03 16:40:00,7614.25,7614.5,-3.25
"RSI_Reversion(14,30/70)",SHORT,2026-08-03 17:25:00,2026-08-03 18:30:00,7621.5,7627.5,-32.0
"RSI_Reversion(14,30/70)",SHORT,2026-08-03 19:05:00,2026-08-03 19:10:00,7637.0,7633.5,15.5
"RSI_Reversion(14,30/70)",SHORT,2026-08-04 01:55:00,2026-08-04 02:05:00,7646.75,7644.5,9.25
"RSI_Reversion(14,30/70)",SHORT,2026-08-04 06:15:00,2026-08-04 06:20:00,7649.75,7647.75,8.0
"RSI_Reversion(14,30/70)",LONG,2026-08-04 08:50:00,2026-08-04 08:55:00,7636.0,7636.0,-2.0
"RSI_Reversion(14,30/70)",LONG,2026-08-04 09:10:00,2026-08-04 09:30:00,7633.5,7634.25,1.75
"RSI_Reversion(14,30/70)",SHORT,2026-08-04 11:45:00,2026-08-04 12:05:00,7654.5,7654.25,-0.75
"RSI_Reversion(14,30/70)",SHORT,2026-08-04 12:10:00,2026-08-04 12:15:00,7655.0,7651.75,14.25
"RSI_Reversion(14,30/70)",SHORT,2026-08-04 13:35:00,2026-08-04 18:00:00,7669.5,7768.25,-495.75
"RSI_Reversion(14,30/70)",SHORT,2026-08-04 18:30:00,2026-08-04 18:35:00,7776.0,7773.75,9.25
"RSI_Reversion(14,30/70)",SHORT,2026-08-04 19:10:00,2026-08-04 19:15:00,7782.25,7780.75,5.5
"RSI_Reversion(14,30/70)",SHORT,2026-08-05 05:25:00,2026-08-05 05:30:00,7795.25,7794.25,3.0
"RSI_Reversion(14,30/70)",SHORT,2026-08-05 05:50:00,2026-08-05 06:05:00,7797.0,7797.75,-5.75
"RSI_Reversion(14,30/70)",SHORT,2026-08-05 06:10:00,2026-08-05 06:15:00,7799.0,7798.75,-0.75
"RSI_Reversion(14,30/70)",SHORT,2026-08-05 13:35:00,2026-08-05 13:50:00,7813.75,7805.5,39.25
"RSI_Reversion(14,30/70)",LONG,2026-08-05 15:30:00,2026-08-05 15:40:00,7768.75,7773.0,19.25
"RSI_Reversion(14,30/70)",LONG,2026-08-05 15:50:00,2026-08-05 16:20:00,7764.75,7757.5,-38.25
"RSI_Reversion(14,30/70)",LONG,2026-08-05 20:00:00,2026-08-05 20:05:00,7748.0,7753.5,25.5
"RSI_Reversion(14,30/70)",LONG,2026-08-06 01:20:00,2026-08-06 01:35:00,7752.0,7752.0,-2.0
"RSI_Reversion(14,30/70)",SHORT,2026-08-07 08:15:00,2026-08-07 08:20:00,7746.0,7742.75,14.25
"RSI_Reversion(14,30/70)",SHORT,2026-08-07 11:35:00,2026-08-07 11:50:00,7755.0,7754.75,-0.75
"RSI_Reversion(14,30/70)",SHORT,2026-08-07 12:35:00,2026-08-07 13:05:00,7766.0,7766.75,-5.75
"RSI_Reversion(14,30/70)",SHORT,2026-08-10 05:10:00,2026-08-10 05:30:00,7789.75,7789.0,1.75
"RSI_Reversion(14,30/70)",SHORT,2026-08-10 06:10:00,2026-08-10 06:25:00,7791.5,7787.25,19.25
"RSI_Reversion(14,30/70)",LONG,2026-08-10 11:05:00,2026-08-10 11:25:00,7780.75,7782.25,5.5
"RSI_Reversion(14,30/70)",LONG,2026-08-10 12:40:00,2026-08-10 12:45:00,7773.5,7774.25,1.75
"RSI_Reversion(14,30/70)",LONG,2026-08-10 12:55:00,2026-08-10 13:00:00,7772.0,7773.75,6.75
"RSI_Reversion(14,30/70)",SHORT,2026-08-10 14:15:00,2026-08-10 14:25:00,7788.75,7786.25,10.5
"RSI_Reversion(14,30/70)",SHORT,2026-08-10 14:45:00,2026-08-10 14:55:00,7792.5,7785.0,35.5
"RSI_Reversion(14,30/70)",SHORT,2026-08-11 01:15:00,2026-08-11 01:20:00,7785.0,7783.25,6.75
"RSI_Reversion(14,30/70)",SHORT,2026-08-11 01:25:00,2026-08-11 01:30:00,7785.75,7784.75,3.0
"RSI_Reversion(14,30/70)",LONG,2026-08-11 05:55:00,2026-08-11 06:05:00,7780.75,7783.0,9.25
"RSI_Reversion(14,30/70)",LONG,2026-08-11 06:25:00,2026-08-11 06:40:00,7777.75,7777.5,-3.25
"RSI_Reversion(14,30/70)",SHORT,2026-08-11 10:30:00,2026-08-11 10:35:00,7786.0,7783.5,10.5
"RSI_Reversion(14,30/70)",SHORT,2026-08-11 11:05:00,2026-08-11 11:20:00,7794.0,7788.0,28.0
"RSI_Reversion(14,30/70)",LONG,2026-08-11 15:35:00,2026-08-11 15:45:00,7765.0,7766.75,6.75
"RSI_Reversion(14,30/70)",LONG,2026-08-11 17:05:00,2026-08-11 17:10:00,7753.0,7753.75,1.75
"RSI_Reversion(14,30/70)",LONG,2026-08-11 17:15:00,2026-08-11 17:20:00,7748.5,7752.75,19.25
"RSI_Reversion(14,30/70)",LONG,2026-08-11 18:30:00,2026-08-11 18:35:00,7740.5,7745.5,23.0
"RSI_Reversion(14,30/70)",SHORT,2026-08-12 09:25:00,2026-08-12 09:30:00,7771.5,7768.25,14.25
"RSI_Reversion(14,30/70)",SHORT,2026-08-12 12:30:00,2026-08-12 12:50:00,7783.0,7781.25,6.75
"RSI_Reversion(14,30/70)",SHORT,2026-08-12 12:55:00,2026-08-12 13:35:00,7783.0,7775.0,38.0
"RSI_Reversion(14,30/70)",SHORT,2026-08-13 05:15:00,2026-08-13 05:20:00,7779.5,7778.5,3.0
"RSI_Reversion(14,30/70)",SHORT,2026-08-13 11:45:00,2026-08-13 11:50:00,7788.5,7786.5,8.0
"RSI_Reversion(14,30/70)",SHORT,2026-08-13 13:35:00,2026-08-13 13:45:00,7798.25,7801.5,-18.25
"RSI_Reversion(14,30/70)",SHORT,2026-08-13 13:50:00,2026-08-13 14:50:00,7813.0,7821.0,-42.0
"RSI_Reversion(14,30/70)",SHORT,2026-08-13 19:10:00,2026-08-13 19:15:00,7828.25,7824.0,19.25
"RSI_Reversion(14,30/70)",SHORT,2026-08-14 08:40:00,2026-08-14 08:45:00,7827.75,7826.75,3.0
"RSI_Reversion(14,30/70)",LONG,2026-08-14 14:35:00,2026-08-14 14:40:00,7810.75,7816.5,26.75
"RSI_Reversion(14,30/70)",LONG,2026-08-14 15:25:00,2026-08-14 15:30:00,7802.5,7805.25,11.75
"RSI_Reversion(14,30/70)",SHORT,2026-08-16 22:15:00,2026-08-16 22:25:00,7810.75,7810.0,1.75
"Bollinger_Reversion(20,2sd)",SHORT,2026-06-01 00:05:00,2026-06-01 03:15:00,7609.25,7615.25,-32.0
"Bollinger_Reversion(20,2sd)",SHORT,2026-06-01 03:35:00,2026-06-01 03:40:00,7618.5,7615.75,11.75
"Bollinger_Reversion(20,2sd)",LONG,2026-06-01 03:45:00,2026-06-01 04:25:00,7612.75,7615.0,9.25
"Bollinger_Reversion(20,2sd)",LONG,2026-06-01 07:30:00,2026-06-01 08:55:00,7613.25,7612.25,-7.0
"Bollinger_Reversion(20,2sd)",SHORT,2026-06-01 09:05:00,2026-06-01 09:50:00,7615.75,7611.25,20.5
"Bollinger_Reversion(20,2sd)",SHORT,2026-06-01 11:40:00,2026-06-01 11:55:00,7621.75,7615.0,31.75
"Bollinger_Reversion(20,2sd)",LONG,2026-06-01 12:10:00,2026-06-01 12:50:00,7609.25,7612.0,11.75
"Bollinger_Reversion(20,2sd)",LONG,2026-06-01 13:15:00,2026-06-01 15:10:00,7588.75,7588.5,-3.25
"Bollinger_Reversion(20,2sd)",SHORT,2026-06-01 15:35:00,2026-06-01 16:20:00,7598.75,7591.75,33.0
"Bollinger_Reversion(20,2sd)",SHORT,2026-06-01 16:55:00,2026-06-01 19:15:00,7606.75,7623.5,-85.75
"Bollinger_Reversion(20,2sd)",LONG,2026-06-01 19:40:00,2026-06-01 23:45:00,7620.75,7595.5,-128.25
"Bollinger_Reversion(20,2sd)",LONG,2026-06-02 00:10:00,2026-06-02 02:35:00,7587.75,7581.0,-35.75
"Bollinger_Reversion(20,2sd)",SHORT,2026-06-02 04:10:00,2026-06-02 08:30:00,7583.75,7603.75,-102.0
"Bollinger_Reversion(20,2sd)",LONG,2026-06-02 09:25:00,2026-06-02 09:45:00,7600.5,7604.5,18.0
"Bollinger_Reversion(20,2sd)",LONG,2026-06-02 11:05:00,2026-06-02 11:35:00,7595.75,7600.5,21.75
"Bollinger_Reversion(20,2sd)",LONG,2026-06-02 13:10:00,2026-06-02 13:30:00,7591.5,7598.25,31.75
"Bollinger_Reversion(20,2sd)",SHORT,2026-06-02 14:15:00,2026-06-02 16:10:00,7609.5,7625.0,-79.5
"Bollinger_Reversion(20,2sd)",LONG,2026-06-02 17:40:00,2026-06-02 19:00:00,7615.75,7619.0,14.25
"Bollinger_Reversion(20,2sd)",SHORT,2026-06-02 19:05:00,2026-06-02 22:05:00,7621.75,7623.25,-9.5
"Bollinger_Reversion(20,2sd)",LONG,2026-06-02 23:05:00,2026-06-02 23:45:00,7616.75,7621.5,21.75
"Bollinger_Reversion(20,2sd)",SHORT,2026-06-03 03:25:00,2026-06-03 03:30:00,7623.75,7621.5,9.25
"Bollinger_Reversion(20,2sd)",SHORT,2026-06-03 04:10:00,2026-06-03 04:50:00,7624.75,7623.0,6.75
"Bollinger_Reversion(20,2sd)",LONG,2026-06-03 05:35:00,2026-06-03 06:40:00,7619.75,7620.5,1.75
"Bollinger_Reversion(20,2sd)",SHORT,2026-06-03 07:15:00,2026-06-03 07:30:00,7622.5,7619.0,15.5
"Bollinger_Reversion(20,2sd)",LONG,2026-06-03 09:50:00,2026-06-03 10:10:00,7614.25,7617.25,13.0
"Bollinger_Reversion(20,2sd)",LONG,2026-06-03 12:30:00,2026-06-03 17:00:00,7611.25,7578.0,-168.25
"Bollinger_Reversion(20,2sd)",SHORT,2026-06-03 17:55:00,2026-06-03 19:05:00,7583.75,7577.75,28.0
"Bollinger_Reversion(20,2sd)",LONG,2026-06-03 19:25:00,2026-06-03 19:45:00,7574.5,7580.5,28.0
"Bollinger_Reversion(20,2sd)",LONG,2026-06-03 20:05:00,2026-06-03 23:05:00,7569.25,7539.5,-150.75
"Bollinger_Reversion(20,2sd)",SHORT,2026-06-04 00:35:00,2026-06-04 01:45:00,7547.0,7544.75,9.25
"Bollinger_Reversion(20,2sd)",LONG,2026-06-04 01:55:00,2026-06-04 03:10:00,7537.5,7538.75,4.25
"Bollinger_Reversion(20,2sd)",SHORT,2026-06-04 03:35:00,2026-06-04 05:10:00,7544.25,7540.0,19.25
"Bollinger_Reversion(20,2sd)",SHORT,2026-06-04 06:40:00,2026-06-04 08:05:00,7548.75,7550.75,-12.0
"Bollinger_Reversion(20,2sd)",LONG,2026-06-04 08:15:00,2026-06-04 09:35:00,7542.75,7544.0,4.25
"Bollinger_Reversion(20,2sd)",SHORT,2026-06-04 12:45:00,2026-06-04 13:50:00,7549.75,7553.25,-19.5
"Bollinger_Reversion(20,2sd)",SHORT,2026-06-04 14:15:00,2026-06-04 19:20:00,7561.75,7605.0,-218.25
"Bollinger_Reversion(20,2sd)",SHORT,2026-06-04 19:30:00,2026-06-04 19:45:00,7611.0,7606.25,21.75
"Bollinger_Reversion(20,2sd)",LONG,2026-06-04 20:00:00,2026-06-04 23:05:00,7599.75,7584.75,-77.0
"Bollinger_Reversion(20,2sd)",LONG,2026-06-05 00:05:00,2026-06-05 02:00:00,7569.5,7560.5,-47.0
"Bollinger_Reversion(20,2sd)",LONG,2026-06-05 03:50:00,2026-06-05 04:40:00,7556.75,7560.75,18.0
"Bollinger_Reversion(20,2sd)",SHORT,2026-06-05 04:55:00,2026-06-05 05:35:00,7564.25,7561.75,10.5
"Bollinger_Reversion(20,2sd)",LONG,2026-06-05 06:25:00,2026-06-05 07:30:00,7555.0,7555.25,-0.75
"Bollinger_Reversion(20,2sd)",SHORT,2026-06-05 08:30:00,2026-06-05 09:15:00,7566.5,7572.25,-30.75
"Bollinger_Reversion(20,2sd)",LONG,2026-06-05 11:25:00,2026-06-05 11:35:00,7561.75,7569.75,38.0
"Bollinger_Reversion(20,2sd)",LONG,2026-06-05 12:15:00,2026-06-05 17:40:00,7558.75,7473.75,-427.0
"Bollinger_Reversion(20,2sd)",LONG,2026-06-05 18:15:00,2026-06-05 19:55:00,7445.75,7416.25,-149.5
"Bollinger_Reversion(20,2sd)",LONG,2026-06-05 20:05:00,2026-06-07 22:10:00,7378.0,7369.0,-47.0
"Bollinger_Reversion(20,2sd)",SHORT,2026-06-07 23:50:00,2026-06-08 01:15:00,7398.5,7406.0,-39.5
"Bollinger_Reversion(20,2sd)",LONG,2026-06-08 01:30:00,2026-06-08 02:20:00,7393.0,7401.5,40.5
"Bollinger_Reversion(20,2sd)",SHORT,2026-06-08 02:45:00,2026-06-08 04:05:00,7417.25,7413.5,16.75
"Bollinger_Reversion(20,2sd)",LONG,2026-06-08 04:20:00,2026-06-08 06:25:00,7410.75,7399.5,-58.25
"Bollinger_Reversion(20,2sd)",SHORT,2026-06-08 07:25:00,2026-06-08 08:30:00,7421.75,7417.25,20.5
"Bollinger_Reversion(20,2sd)",LONG,2026-06-08 09:10:00,2026-06-08 09:25:00,7407.75,7417.75,48.0
"Bollinger_Reversion(20,2sd)",SHORT,2026-06-08 09:50:00,2026-06-08 10:20:00,7425.25,7418.5,31.75
"Bollinger_Reversion(20,2sd)",SHORT,2026-06-08 10:35:00,2026-06-08 13:30:00,7431.25,7457.5,-133.25
"Bollinger_Reversion(20,2sd)",LONG,2026-06-08 13:35:00,2026-06-08 14:35:00,7445.5,7451.75,29.25
"Bollinger_Reversion(20,2sd)",SHORT,2026-06-08 15:00:00,2026-06-08 15:35:00,7473.0,7443.75,144.25
"Bollinger_Reversion(20,2sd)",LONG,2026-06-08 17:05:00,2026-06-08 17:35:00,7429.75,7438.25,40.5
"Bollinger_Reversion(20,2sd)",LONG,2026-06-08 19:10:00,2026-06-08 22:55:00,7424.25,7407.25,-87.0
"Bollinger_Reversion(20,2sd)",LONG,2026-06-09 00:10:00,2026-06-09 01:15:00,7395.75,7400.25,20.5
"Bollinger_Reversion(20,2sd)",SHORT,2026-06-09 01:25:00,2026-06-09 05:30:00,7413.75,7432.5,-95.75
"Bollinger_Reversion(20,2sd)",SHORT,2026-06-09 05:50:00,2026-06-09 06:30:00,7440.25,7436.5,16.75
"Bollinger_Reversion(20,2sd)",LONG,2026-06-09 06:55:00,2026-06-09 07:05:00,7431.25,7443.75,60.5
"Bollinger_Reversion(20,2sd)",SHORT,2026-06-09 07:10:00,2026-06-09 07:20:00,7444.75,7437.5,34.25
"Bollinger_Reversion(20,2sd)",SHORT,2026-06-09 13:00:00,2026-06-09 14:15:00,7456.25,7437.0,94.25
"Bollinger_Reversion(20,2sd)",LONG,2026-06-09 14:20:00,2026-06-09 17:05:00,7422.75,7305.25,-589.5
"Bollinger_Reversion(20,2sd)",LONG,2026-06-09 22:35:00,2026-06-09 23:50:00,7372.5,7372.25,-3.25
"Bollinger_Reversion(20,2sd)",SHORT,2026-06-10 00:05:00,2026-06-10 00:35:00,7387.5,7371.5,78.0
"Bollinger_Reversion(20,2sd)",LONG,2026-06-10 04:10:00,2026-06-10 05:30:00,7366.75,7366.75,-2.0
"Bollinger_Reversion(20,2sd)",SHORT,2026-06-10 06:05:00,2026-06-10 07:10:00,7372.0,7369.0,13.0
"Bollinger_Reversion(20,2sd)",LONG,2026-06-10 08:05:00,2026-06-10 10:05:00,7358.0,7335.0,-117.0
"Bollinger_Reversion(20,2sd)",SHORT,2026-06-10 10:45:00,2026-06-10 11:00:00,7344.0,7344.25,-3.25
"Bollinger_Reversion(20,2sd)",LONG,2026-06-10 11:10:00,2026-06-10 12:10:00,7321.75,7327.25,25.5
"Bollinger_Reversion(20,2sd)",SHORT,2026-06-10 12:35:00,2026-06-10 13:35:00,7353.75,7338.5,74.25
"Bollinger_Reversion(20,2sd)",SHORT,2026-06-10 13:45:00,2026-06-10 14:50:00,7382.0,7370.25,56.75
"Bollinger_Reversion(20,2sd)",LONG,2026-06-10 15:15:00,2026-06-10 16:35:00,7327.5,7336.75,44.25
"Bollinger_Reversion(20,2sd)",LONG,2026-06-10 17:15:00,2026-06-10 17:50:00,7310.25,7323.75,65.5
"Bollinger_Reversion(20,2sd)",LONG,2026-06-10 20:10:00,2026-06-10 22:40:00,7268.25,7265.25,-17.0
"Bollinger_Reversion(20,2sd)",LONG,2026-06-10 23:00:00,2026-06-10 23:30:00,7244.0,7257.5,65.5
"Bollinger_Reversion(20,2sd)",SHORT,2026-06-11 00:20:00,2026-06-11 02:15:00,7274.5,7287.25,-65.75
"Bollinger_Reversion(20,2sd)",SHORT,2026-06-11 03:55:00,2026-06-11 05:25:00,7302.75,7306.0,-18.25
"Bollinger_Reversion(20,2sd)",LONG,2026-06-11 06:10:00,2026-06-11 06:25:00,7299.0,7307.5,40.5
"Bollinger_Reversion(20,2sd)",SHORT,2026-06-11 06:55:00,2026-06-11 09:30:00,7313.5,7333.25,-100.75
"Bollinger_Reversion(20,2sd)",LONG,2026-06-11 10:15:00,2026-06-11 10:35:00,7332.0,7334.0,8.0
"Bollinger_Reversion(20,2sd)",LONG,2026-06-11 11:00:00,2026-06-11 11:40:00,7328.75,7328.0,-5.75
"Bollinger_Reversion(20,2sd)",LONG,2026-06-11 12:25:00,2026-06-11 13:55:00,7309.25,7330.25,103.0
"Bollinger_Reversion(20,2sd)",SHORT,2026-06-11 14:05:00,2026-06-11 14:15:00,7330.5,7298.25,159.25
"Bollinger_Reversion(20,2sd)",LONG,2026-06-11 15:00:00,2026-06-11 15:40:00,7275.5,7304.25,141.75
"Bollinger_Reversion(20,2sd)",SHORT,2026-06-11 16:15:00,2026-06-11 16:35:00,7318.5,7312.75,26.75
"Bollinger_Reversion(20,2sd)",LONG,2026-06-11 17:05:00,2026-06-11 17:30:00,7278.0,7345.25,334.25
"Bollinger_Reversion(20,2sd)",SHORT,2026-06-11 17:35:00,2026-06-11 20:40:00,7362.5,7395.25,-165.75
"Bollinger_Reversion(20,2sd)",SHORT,2026-06-11 23:50:00,2026-06-12 00:20:00,7415.75,7411.0,21.75
"Bollinger_Reversion(20,2sd)",SHORT,2026-06-12 00:35:00,2026-06-12 00:45:00,7420.0,7412.25,36.75
"Bollinger_Reversion(20,2sd)",LONG,2026-06-12 01:20:00,2026-06-12 02:00:00,7404.75,7410.25,25.5
"Bollinger_Reversion(20,2sd)",LONG,2026-06-12 03:25:00,2026-06-12 04:30:00,7400.5,7408.25,36.75
"Bollinger_Reversion(20,2sd)",LONG,2026-06-12 05:40:00,2026-06-12 07:45:00,7401.0,7392.25,-45.75
"Bollinger_Reversion(20,2sd)",SHORT,2026-06-12 08:05:00,2026-06-12 10:25:00,7404.75,7431.25,-134.5
"Bollinger_Reversion(20,2sd)",SHORT,2026-06-12 11:55:00,2026-06-12 12:20:00,7447.5,7433.75,66.75
"Bollinger_Reversion(20,2sd)",LONG,2026-06-12 12:40:00,2026-06-12 13:30:00,7416.5,7423.75,34.25
"Bollinger_Reversion(20,2sd)",LONG,2026-06-12 13:45:00,2026-06-12 14:10:00,7375.5,7418.25,211.75
"Bollinger_Reversion(20,2sd)",SHORT,2026-06-14 22:20:00,2026-06-14 23:55:00,7501.25,7495.25,28.0
"Bollinger_Reversion(20,2sd)",SHORT,2026-06-15 00:10:00,2026-06-15 04:05:00,7503.5,7518.25,-75.75
"Bollinger_Reversion(20,2sd)",SHORT,2026-06-15 04:30:00,2026-06-15 06:20:00,7522.75,7527.25,-24.5
"Bollinger_Reversion(20,2sd)",LONG,2026-06-15 06:35:00,2026-06-15 07:20:00,7524.75,7530.25,25.5
"Bollinger_Reversion(20,2sd)",LONG,2026-06-15 09:30:00,2026-06-15 09:35:00,7521.5,7584.75,314.25
"Bollinger_Reversion(20,2sd)",SHORT,2026-06-15 09:40:00,2026-06-15 11:45:00,7586.0,7592.75,-35.75
"Bollinger_Reversion(20,2sd)",SHORT,2026-06-15 13:35:00,2026-06-15 16:50:00,7608.25,7638.75,-154.5
"Bollinger_Reversion(20,2sd)",LONG,2026-06-15 18:00:00,2026-06-15 20:00:00,7633.75,7630.25,-19.5
"Bollinger_Reversion(20,2sd)",LONG,2026-06-15 22:15:00,2026-06-15 23:25:00,7621.0,7619.25,-10.75
"Bollinger_Reversion(20,2sd)",SHORT,2026-06-15 23:55:00,2026-06-16 00:40:00,7621.25,7618.25,13.0
"Bollinger_Reversion(20,2sd)",LONG,2026-06-16 00:55:00,2026-06-16 01:50:00,7614.5,7618.25,16.75
"Bollinger_Reversion(20,2sd)",SHORT,2026-06-16 02:35:00,2026-06-16 03:00:00,7619.25,7617.75,5.5
"Bollinger_Reversion(20,2sd)",SHORT,2026-06-16 03:25:00,2026-06-16 04:20:00,7622.0,7619.75,9.25
"Bollinger_Reversion(20,2sd)",SHORT,2026-06-16 07:30:00,2026-06-16 07:45:00,7626.5,7622.0,20.5
"Bollinger_Reversion(20,2sd)",SHORT,2026-06-16 08:10:00,2026-06-16 08:35:00,7629.0,7623.75,24.25
"Bollinger_Reversion(20,2sd)",SHORT,2026-06-16 11:00:00,2026-06-16 12:20:00,7630.5,7629.0,5.5
"Bollinger_Reversion(20,2sd)",LONG,2026-06-16 12:25:00,2026-06-16 13:25:00,7623.25,7627.75,20.5
"Bollinger_Reversion(20,2sd)",SHORT,2026-06-16 13:35:00,2026-06-16 14:00:00,7634.75,7622.75,58.0
"Bollinger_Reversion(20,2sd)",LONG,2026-06-16 14:25:00,2026-06-16 15:55:00,7617.25,7614.25,-17.0
"Bollinger_Reversion(20,2sd)",LONG,2026-06-16 19:10:00,2026-06-16 23:35:00,7598.0,7593.25,-25.75
"Bollinger_Reversion(20,2sd)",SHORT,2026-06-17 00:35:00,2026-06-17 02:35:00,7598.75,7602.5,-20.75
"Bollinger_Reversion(20,2sd)",LONG,2026-06-17 03:25:00,2026-06-17 03:45:00,7600.0,7604.25,19.25
"Bollinger_Reversion(20,2sd)",LONG,2026-06-17 06:30:00,2026-06-17 06:35:00,7602.75,7606.25,15.5
"Bollinger_Reversion(20,2sd)",SHORT,2026-06-17 06:50:00,2026-06-17 07:25:00,7608.75,7605.0,16.75
"Bollinger_Reversion(20,2sd)",LONG,2026-06-17 08:20:00,2026-06-17 09:25:00,7598.75,7599.75,3.0
"Bollinger_Reversion(20,2sd)",LONG,2026-06-17 10:05:00,2026-06-17 10:45:00,7588.25,7595.75,35.5
"Bollinger_Reversion(20,2sd)",LONG,2026-06-17 11:50:00,2026-06-17 12:15:00,7586.5,7592.75,29.25
"Bollinger_Reversion(20,2sd)",LONG,2026-06-17 13:40:00,2026-06-17 13:45:00,7586.5,7598.0,55.5
"Bollinger_Reversion(20,2sd)",SHORT,2026-06-17 14:25:00,2026-06-17 14:35:00,7603.75,7590.0,66.75
"Bollinger_Reversion(20,2sd)",LONG,2026-06-17 14:50:00,2026-06-17 15:35:00,7576.0,7588.0,58.0
"Bollinger_Reversion(20,2sd)",LONG,2026-06-17 17:05:00,2026-06-17 17:55:00,7577.25,7584.75,35.5
"Bollinger_Reversion(20,2sd)",LONG,2026-06-17 18:10:00,2026-06-17 18:45:00,7546.5,7580.25,166.75
"Bollinger_Reversion(20,2sd)",LONG,2026-06-17 19:25:00,2026-06-18 00:05:00,7498.25,7549.5,254.25
"Bollinger_Reversion(20,2sd)",SHORT,2026-06-18 00:05:00,2026-06-18 01:40:00,7549.5,7555.25,-30.75
"Bollinger_Reversion(20,2sd)",LONG,2026-06-18 03:40:00,2026-06-18 05:20:00,7551.75,7548.5,-18.25
"Bollinger_Reversion(20,2sd)",SHORT,2026-06-18 07:00:00,2026-06-18 09:00:00,7556.5,7548.25,39.25
"Bollinger_Reversion(20,2sd)",LONG,2026-06-18 09:00:00,2026-06-18 09:40:00,7548.25,7558.25,48.0
"Bollinger_Reversion(20,2sd)",LONG,2026-06-18 11:10:00,2026-06-18 12:15:00,7544.0,7546.75,11.75
"Bollinger_Reversion(20,2sd)",SHORT,2026-06-18 13:30:00,2026-06-18 13:40:00,7577.25,7544.0,164.25
"Bollinger_Reversion(20,2sd)",LONG,2026-06-18 19:15:00,2026-06-18 19:40:00,7552.25,7567.25,73.0
"Bollinger_Reversion(20,2sd)",SHORT,2026-06-18 19:45:00,2026-06-18 22:40:00,7571.0,7561.25,46.75
"Bollinger_Reversion(20,2sd)",LONG,2026-06-18 22:40:00,2026-06-18 23:40:00,7561.25,7566.25,23.0
"Bollinger_Reversion(20,2sd)",LONG,2026-06-19 00:15:00,2026-06-21 22:05:00,7557.5,7547.75,-50.75
"Bollinger_Reversion(20,2sd)",LONG,2026-06-21 22:15:00,2026-06-21 22:25:00,7532.5,7541.5,43.0
"Bollinger_Reversion(20,2sd)",LONG,2026-06-21 23:05:00,2026-06-22 00:05:00,7528.25,7531.5,14.25
"Bollinger_Reversion(20,2sd)",LONG,2026-06-22 02:30:00,2026-06-22 03:40:00,7542.25,7540.5,-10.75
"Bollinger_Reversion(20,2sd)",LONG,2026-06-22 04:05:00,2026-06-22 05:05:00,7533.5,7535.75,9.25
"Bollinger_Reversion(20,2sd)",SHORT,2026-06-22 05:10:00,2026-06-22 07:55:00,7543.5,7561.25,-90.75
"Bollinger_Reversion(20,2sd)",LONG,2026-06-22 08:20:00,2026-06-22 09:05:00,7553.5,7563.0,45.5
"Bollinger_Reversion(20,2sd)",SHORT,2026-06-22 11:10:00,2026-06-22 11:35:00,7569.0,7563.75,24.25
"Bollinger_Reversion(20,2sd)",SHORT,2026-06-22 12:25:00,2026-06-22 13:05:00,7573.5,7574.0,-4.5
"Bollinger_Reversion(20,2sd)",SHORT,2026-06-22 13:40:00,2026-06-22 14:25:00,7595.5,7571.5,118.0
"Bollinger_Reversion(20,2sd)",LONG,2026-06-22 14:35:00,2026-06-22 15:45:00,7550.75,7555.0,19.25
"Bollinger_Reversion(20,2sd)",LONG,2026-06-22 18:55:00,2026-06-22 19:55:00,7536.5,7543.75,34.25
"Bollinger_Reversion(20,2sd)",LONG,2026-06-22 22:35:00,2026-06-23 00:00:00,7535.0,7531.75,-18.25
"Bollinger_Reversion(20,2sd)",LONG,2026-06-23 00:15:00,2026-06-23 00:35:00,7525.25,7529.5,19.25
"Bollinger_Reversion(20,2sd)",SHORT,2026-06-23 00:45:00,2026-06-23 01:25:00,7541.0,7533.25,36.75
"Bollinger_Reversion(20,2sd)",LONG,2026-06-23 03:10:00,2026-06-23 09:05:00,7506.75,7434.25,-364.5
"Bollinger_Reversion(20,2sd)",SHORT,2026-06-23 09:25:00,2026-06-23 10:30:00,7444.0,7439.75,19.25
"Bollinger_Reversion(20,2sd)",SHORT,2026-06-23 11:55:00,2026-06-23 12:25:00,7453.0,7437.5,75.5
"Bollinger_Reversion(20,2sd)",LONG,2026-06-23 12:35:00,2026-06-23 13:40:00,7428.0,7436.75,41.75
"Bollinger_Reversion(20,2sd)",SHORT,2026-06-23 13:50:00,2026-06-23 15:05:00,7457.75,7459.75,-12.0
"Bollinger_Reversion(20,2sd)",LONG,2026-06-23 15:25:00,2026-06-23 16:05:00,7440.0,7461.0,103.0
"Bollinger_Reversion(20,2sd)",LONG,2026-06-23 18:00:00,2026-06-23 19:30:00,7453.25,7446.75,-34.5
"Bollinger_Reversion(20,2sd)",SHORT,2026-06-24 00:00:00,2026-06-24 01:05:00,7446.75,7447.25,-4.5
"Bollinger_Reversion(20,2sd)",LONG,2026-06-24 02:25:00,2026-06-24 03:15:00,7444.5,7444.75,-0.75
"Bollinger_Reversion(20,2sd)",LONG,2026-06-24 08:00:00,2026-06-24 08:05:00,7443.0,7450.5,35.5
"Bollinger_Reversion(20,2sd)",LONG,2026-06-24 09:45:00,2026-06-24 10:00:00,7441.25,7447.75,30.5
"Bollinger_Reversion(20,2sd)",SHORT,2026-06-24 10:35:00,2026-06-24 11:15:00,7452.5,7448.25,19.25
"Bollinger_Reversion(20,2sd)",SHORT,2026-06-24 11:40:00,2026-06-24 12:40:00,7456.25,7456.75,-4.5
"Bollinger_Reversion(20,2sd)",LONG,2026-06-24 13:15:00,2026-06-24 13:35:00,7443.0,7463.5,100.5
"Bollinger_Reversion(20,2sd)",SHORT,2026-06-24 14:45:00,2026-06-24 16:40:00,7472.75,7461.75,53.0
"Bollinger_Reversion(20,2sd)",LONG,2026-06-24 16:40:00,2026-06-24 18:20:00,7461.75,7433.75,-142.0
"Bollinger_Reversion(20,2sd)",SHORT,2026-06-24 20:05:00,2026-06-24 23:35:00,7450.5,7471.25,-105.75
"Bollinger_Reversion(20,2sd)",LONG,2026-06-25 00:35:00,2026-06-25 01:40:00,7461.5,7463.75,9.25
"Bollinger_Reversion(20,2sd)",SHORT,2026-06-25 05:30:00,2026-06-25 08:40:00,7473.25,7485.0,-60.75
"Bollinger_Reversion(20,2sd)",LONG,2026-06-25 08:55:00,2026-06-25 09:40:00,7478.25,7482.25,18.0
"Bollinger_Reversion(20,2sd)",LONG,2026-06-25 11:20:00,2026-06-25 12:10:00,7478.75,7480.75,8.0
"Bollinger_Reversion(20,2sd)",SHORT,2026-06-25 12:50:00,2026-06-25 13:25:00,7489.25,7481.5,36.75
"Bollinger_Reversion(20,2sd)",LONG,2026-06-25 13:40:00,2026-06-25 14:35:00,7466.25,7460.5,-30.75
"Bollinger_Reversion(20,2sd)",LONG,2026-06-25 16:45:00,2026-06-25 18:00:00,7417.75,7429.5,56.75
"Bollinger_Reversion(20,2sd)",SHORT,2026-06-25 18:20:00,2026-06-25 19:05:00,7443.75,7425.25,90.5
"Bollinger_Reversion(20,2sd)",SHORT,2026-06-25 20:20:00,2026-06-25 22:05:00,7446.75,7426.5,99.25
"Bollinger_Reversion(20,2sd)",SHORT,2026-06-25 23:20:00,2026-06-25 23:50:00,7447.25,7423.0,119.25
"Bollinger_Reversion(20,2sd)",LONG,2026-06-26 01:35:00,2026-06-26 03:55:00,7408.75,7376.5,-163.25
"Bollinger_Reversion(20,2sd)",SHORT,2026-06-26 06:30:00,2026-06-26 08:15:00,7386.75,7402.75,-82.0
"Bollinger_Reversion(20,2sd)",LONG,2026-06-26 08:50:00,2026-06-26 09:50:00,7392.0,7393.75,6.75
"Bollinger_Reversion(20,2sd)",SHORT,2026-06-26 12:10:00,2026-06-26 12:40:00,7395.75,7386.25,45.5
"Bollinger_Reversion(20,2sd)",SHORT,2026-06-26 14:00:00,2026-06-26 15:20:00,7401.25,7424.25,-117.0
"Bollinger_Reversion(20,2sd)",SHORT,2026-06-26 15:40:00,2026-06-26 16:35:00,7451.75,7440.0,56.75
"Bollinger_Reversion(20,2sd)",LONG,2026-06-26 18:30:00,2026-06-26 19:45:00,7421.5,7426.0,20.5
"Bollinger_Reversion(20,2sd)",LONG,2026-06-29 00:25:00,2026-06-29 01:05:00,7425.25,7433.25,38.0
"Bollinger_Reversion(20,2sd)",LONG,2026-06-29 02:15:00,2026-06-29 02:25:00,7422.5,7434.25,56.75
"Bollinger_Reversion(20,2sd)",SHORT,2026-06-29 05:45:00,2026-06-29 06:50:00,7453.25,7449.5,16.75
"Bollinger_Reversion(20,2sd)",LONG,2026-06-29 07:05:00,2026-06-29 07:30:00,7440.5,7450.25,46.75
"Bollinger_Reversion(20,2sd)",SHORT,2026-06-29 10:40:00,2026-06-29 11:25:00,7463.75,7460.25,15.5
"Bollinger_Reversion(20,2sd)",LONG,2026-06-29 13:30:00,2026-06-29 13:35:00,7457.0,7478.0,103.0
"Bollinger_Reversion(20,2sd)",SHORT,2026-06-29 13:45:00,2026-06-29 14:00:00,7483.5,7458.5,123.0
"Bollinger_Reversion(20,2sd)",LONG,2026-06-29 14:10:00,2026-06-29 14:35:00,7439.5,7462.75,114.25
"Bollinger_Reversion(20,2sd)",SHORT,2026-06-29 17:15:00,2026-06-29 19:15:00,7490.5,7495.25,-25.75
"Bollinger_Reversion(20,2sd)",SHORT,2026-06-29 23:10:00,2026-06-29 23:50:00,7498.0,7493.75,19.25
"Bollinger_Reversion(20,2sd)",SHORT,2026-06-30 00:15:00,2026-06-30 00:25:00,7499.25,7496.0,14.25
"Bollinger_Reversion(20,2sd)",LONG,2026-06-30 00:35:00,2026-06-30 01:30:00,7486.0,7499.0,63.0
"Bollinger_Reversion(20,2sd)",SHORT,2026-06-30 03:35:00,2026-06-30 05:30:00,7498.5,7508.75,-53.25
"Bollinger_Reversion(20,2sd)",LONG,2026-06-30 06:35:00,2026-06-30 07:00:00,7503.0,7508.75,26.75
"Bollinger_Reversion(20,2sd)",LONG,2026-06-30 08:40:00,2026-06-30 09:05:00,7497.75,7503.75,28.0
"Bollinger_Reversion(20,2sd)",SHORT,2026-06-30 11:00:00,2026-06-30 12:00:00,7513.0,7510.75,9.25
"Bollinger_Reversion(20,2sd)",LONG,2026-06-30 12:15:00,2026-06-30 13:30:00,7502.5,7500.0,-14.5
"Bollinger_Reversion(20,2sd)",SHORT,2026-06-30 13:45:00,2026-06-30 15:05:00,7506.0,7529.25,-118.25
"Bollinger_Reversion(20,2sd)",SHORT,2026-06-30 18:50:00,2026-06-30 19:40:00,7560.75,7556.0,21.75
"Bollinger_Reversion(20,2sd)",LONG,2026-06-30 20:15:00,2026-06-30 22:15:00,7545.25,7546.5,4.25
"Bollinger_Reversion(20,2sd)",SHORT,2026-07-01 00:35:00,2026-07-01 01:00:00,7547.75,7545.0,11.75
"Bollinger_Reversion(20,2sd)",LONG,2026-07-01 01:05:00,2026-07-01 03:10:00,7540.0,7531.25,-45.75
"Bollinger_Reversion(20,2sd)",LONG,2026-07-01 07:05:00,2026-07-01 08:00:00,7522.5,7522.75,-0.75
"Bollinger_Reversion(20,2sd)",SHORT,2026-07-01 10:00:00,2026-07-01 11:45:00,7531.0,7535.5,-24.5
"Bollinger_Reversion(20,2sd)",LONG,2026-07-01 11:55:00,2026-07-01 12:20:00,7530.5,7536.75,29.25
"Bollinger_Reversion(20,2sd)",LONG,2026-07-01 13:40:00,2026-07-01 13:55:00,7513.5,7530.5,83.0
"Bollinger_Reversion(20,2sd)",SHORT,2026-07-01 14:15:00,2026-07-01 16:40:00,7549.75,7570.0,-103.25
"Bollinger_Reversion(20,2sd)",LONG,2026-07-01 16:55:00,2026-07-01 19:10:00,7565.0,7561.0,-22.0
"Bollinger_Reversion(20,2sd)",LONG,2026-07-01 19:55:00,2026-07-01 22:25:00,7546.75,7537.75,-47.0
"Bollinger_Reversion(20,2sd)",LONG,2026-07-02 00:05:00,2026-07-02 00:25:00,7523.0,7534.75,56.75
"Bollinger_Reversion(20,2sd)",SHORT,2026-07-02 01:05:00,2026-07-02 03:10:00,7545.25,7552.75,-39.5
"Bollinger_Reversion(20,2sd)",LONG,2026-07-02 03:25:00,2026-07-02 03:35:00,7551.25,7556.25,23.0
"Bollinger_Reversion(20,2sd)",LONG,2026-07-02 04:15:00,2026-07-02 05:05:00,7549.25,7550.25,3.0
"Bollinger_Reversion(20,2sd)",LONG,2026-07-02 06:15:00,2026-07-02 07:45:00,7533.5,7535.75,9.25
"Bollinger_Reversion(20,2sd)",SHORT,2026-07-02 08:35:00,2026-07-02 09:20:00,7540.75,7535.75,23.0
"Bollinger_Reversion(20,2sd)",LONG,2026-07-02 10:05:00,2026-07-02 10:35:00,7532.5,7541.5,43.0
"Bollinger_Reversion(20,2sd)",SHORT,2026-07-02 10:40:00,2026-07-02 13:10:00,7543.25,7554.5,-58.25
"Bollinger_Reversion(20,2sd)",SHORT,2026-07-02 13:45:00,2026-07-02 14:30:00,7578.5,7559.75,91.75
"Bollinger_Reversion(20,2sd)",LONG,2026-07-02 17:05:00,2026-07-02 18:10:00,7488.25,7504.0,76.75
"Bollinger_Reversion(20,2sd)",SHORT,2026-07-02 19:55:00,2026-07-03 00:10:00,7523.0,7529.25,-33.25
"Bollinger_Reversion(20,2sd)",SHORT,2026-07-03 01:10:00,2026-07-03 03:40:00,7547.5,7549.75,-13.25
"Bollinger_Reversion(20,2sd)",SHORT,2026-07-05 22:15:00,2026-07-05 23:00:00,7557.5,7562.75,-28.25
"Bollinger_Reversion(20,2sd)",LONG,2026-07-06 01:25:00,2026-07-06 03:35:00,7557.75,7546.5,-58.25
"Bollinger_Reversion(20,2sd)",LONG,2026-07-06 03:55:00,2026-07-06 04:15:00,7538.75,7546.75,38.0
"Bollinger_Reversion(20,2sd)",SHORT,2026-07-06 07:45:00,2026-07-06 08:35:00,7562.5,7559.5,13.0
"Bollinger_Reversion(20,2sd)",LONG,2026-07-06 09:50:00,2026-07-06 09:55:00,7557.75,7564.75,33.0
"Bollinger_Reversion(20,2sd)",SHORT,2026-07-06 10:00:00,2026-07-06 10:10:00,7565.0,7560.75,19.25
"Bollinger_Reversion(20,2sd)",LONG,2026-07-06 12:00:00,2026-07-06 12:05:00,7556.5,7562.5,28.0
"Bollinger_Reversion(20,2sd)",SHORT,2026-07-06 13:35:00,2026-07-06 16:40:00,7570.0,7585.25,-78.25
"Bollinger_Reversion(20,2sd)",SHORT,2026-07-06 17:10:00,2026-07-06 17:30:00,7593.0,7586.0,33.0
"Bollinger_Reversion(20,2sd)",LONG,2026-07-06 17:45:00,2026-07-06 18:05:00,7579.5,7585.75,29.25
"Bollinger_Reversion(20,2sd)",LONG,2026-07-06 23:20:00,2026-07-07 00:25:00,7592.25,7593.25,3.0
"Bollinger_Reversion(20,2sd)",LONG,2026-07-07 02:35:00,2026-07-07 05:35:00,7580.25,7569.0,-58.25
"Bollinger_Reversion(20,2sd)",SHORT,2026-07-07 07:05:00,2026-07-07 07:55:00,7575.75,7574.0,6.75
"Bollinger_Reversion(20,2sd)",SHORT,2026-07-07 10:05:00,2026-07-07 10:15:00,7583.75,7579.25,20.5
"Bollinger_Reversion(20,2sd)",LONG,2026-07-07 10:50:00,2026-07-07 11:50:00,7577.0,7577.5,0.5
"Bollinger_Reversion(20,2sd)",SHORT,2026-07-07 12:10:00,2026-07-07 12:55:00,7582.75,7579.5,14.25
"Bollinger_Reversion(20,2sd)",LONG,2026-07-07 13:35:00,2026-07-07 16:00:00,7572.75,7551.0,-110.75
"Bollinger_Reversion(20,2sd)",SHORT,2026-07-07 16:00:00,2026-07-07 17:55:00,7551.0,7565.5,-74.5
"Bollinger_Reversion(20,2sd)",LONG,2026-07-07 18:50:00,2026-07-07 19:55:00,7559.25,7554.75,-24.5
"Bollinger_Reversion(20,2sd)",LONG,2026-07-07 23:55:00,2026-07-08 00:10:00,7541.25,7546.75,25.5
"Bollinger_Reversion(20,2sd)",SHORT,2026-07-08 00:25:00,2026-07-08 01:40:00,7555.0,7553.5,5.5
"Bollinger_Reversion(20,2sd)",LONG,2026-07-08 02:15:00,2026-07-08 02:50:00,7548.0,7553.75,26.75
"Bollinger_Reversion(20,2sd)",SHORT,2026-07-08 03:30:00,2026-07-08 04:10:00,7559.75,7554.0,26.75
"Bollinger_Reversion(20,2sd)",LONG,2026-07-08 05:35:00,2026-07-08 07:25:00,7545.25,7539.5,-30.75
"Bollinger_Reversion(20,2sd)",LONG,2026-07-08 08:25:00,2026-07-08 10:40:00,7505.5,7486.75,-95.75
"Bollinger_Reversion(20,2sd)",SHORT,2026-07-08 10:40:00,2026-07-08 11:30:00,7486.75,7482.75,18.0
"Bollinger_Reversion(20,2sd)",SHORT,2026-07-08 11:45:00,2026-07-08 13:30:00,7498.0,7507.0,-47.0
"Bollinger_Reversion(20,2sd)",SHORT,2026-07-08 13:45:00,2026-07-08 14:15:00,7518.75,7507.5,54.25
"Bollinger_Reversion(20,2sd)",LONG,2026-07-08 14:40:00,2026-07-08 16:10:00,7498.0,7491.5,-34.5
"Bollinger_Reversion(20,2sd)",SHORT,2026-07-08 16:45:00,2026-07-08 18:05:00,7514.5,7527.75,-68.25
"Bollinger_Reversion(20,2sd)",LONG,2026-07-08 20:20:00,2026-07-08 22:05:00,7518.5,7521.5,13.0
"Bollinger_Reversion(20,2sd)",SHORT,2026-07-08 23:45:00,2026-07-09 01:10:00,7524.25,7535.25,-57.0
"Bollinger_Reversion(20,2sd)",SHORT,2026-07-09 02:20:00,2026-07-09 02:45:00,7540.0,7531.75,39.25
"Bollinger_Reversion(20,2sd)",SHORT,2026-07-09 05:15:00,2026-07-09 05:30:00,7549.25,7541.5,36.75
"Bollinger_Reversion(20,2sd)",SHORT,2026-07-09 06:00:00,2026-07-09 07:15:00,7552.25,7553.25,-7.0
"Bollinger_Reversion(20,2sd)",SHORT,2026-07-09 07:50:00,2026-07-09 08:35:00,7556.25,7547.75,40.5
"Bollinger_Reversion(20,2sd)",LONG,2026-07-09 08:40:00,2026-07-09 10:20:00,7546.75,7543.0,-20.75
"Bollinger_Reversion(20,2sd)",LONG,2026-07-09 10:50:00,2026-07-09 11:30:00,7533.25,7538.5,24.25
"Bollinger_Reversion(20,2sd)",SHORT,2026-07-09 12:10:00,2026-07-09 13:00:00,7548.25,7544.75,15.5
"Bollinger_Reversion(20,2sd)",SHORT,2026-07-09 13:45:00,2026-07-09 14:15:00,7558.0,7549.5,40.5
"Bollinger_Reversion(20,2sd)",LONG,2026-07-09 14:20:00,2026-07-09 14:30:00,7536.5,7552.75,79.25
"Bollinger_Reversion(20,2sd)",SHORT,2026-07-09 17:10:00,2026-07-09 18:25:00,7586.75,7588.25,-9.5
"Bollinger_Reversion(20,2sd)",LONG,2026-07-09 19:05:00,2026-07-09 19:45:00,7583.0,7588.0,23.0
"Bollinger_Reversion(20,2sd)",SHORT,2026-07-09 20:10:00,2026-07-09 20:50:00,7591.25,7587.5,16.75
"Bollinger_Reversion(20,2sd)",SHORT,2026-07-09 23:20:00,2026-07-09 23:50:00,7589.5,7587.25,9.25
"Bollinger_Reversion(20,2sd)",LONG,2026-07-10 00:20:00,2026-07-10 01:35:00,7582.0,7579.75,-13.25
"Bollinger_Reversion(20,2sd)",SHORT,2026-07-10 02:50:00,2026-07-10 03:40:00,7583.5,7582.75,1.75
"Bollinger_Reversion(20,2sd)",LONG,2026-07-10 05:00:00,2026-07-10 06:05:00,7577.75,7579.0,4.25
"Bollinger_Reversion(20,2sd)",LONG,2026-07-10 06:25:00,2026-07-10 07:10:00,7571.5,7575.5,18.0
"Bollinger_Reversion(20,2sd)",SHORT,2026-07-10 09:20:00,2026-07-10 11:30:00,7582.0,7586.75,-25.75
"Bollinger_Reversion(20,2sd)",LONG,2026-07-10 11:40:00,2026-07-10 12:15:00,7582.0,7589.0,33.0
"Bollinger_Reversion(20,2sd)",SHORT,2026-07-10 13:35:00,2026-07-10 14:35:00,7597.75,7581.25,80.5
"Bollinger_Reversion(20,2sd)",SHORT,2026-07-10 19:05:00,2026-07-10 20:00:00,7623.5,7621.0,10.5
"Bollinger_Reversion(20,2sd)",SHORT,2026-07-10 20:50:00,2026-07-12 22:10:00,7626.5,7600.0,130.5
"Bollinger_Reversion(20,2sd)",LONG,2026-07-12 22:15:00,2026-07-13 00:00:00,7593.5,7599.25,26.75
"Bollinger_Reversion(20,2sd)",SHORT,2026-07-13 00:05:00,2026-07-13 00:45:00,7605.5,7600.75,21.75
"Bollinger_Reversion(20,2sd)",LONG,2026-07-13 03:05:00,2026-07-13 05:10:00,7584.5,7581.0,-19.5
"Bollinger_Reversion(20,2sd)",LONG,2026-07-13 05:25:00,2026-07-13 06:00:00,7572.75,7578.25,25.5
"Bollinger_Reversion(20,2sd)",SHORT,2026-07-13 07:10:00,2026-07-13 10:10:00,7588.5,7599.0,-54.5
"Bollinger_Reversion(20,2sd)",LONG,2026-07-13 11:55:00,2026-07-13 13:35:00,7594.0,7605.25,54.25
"Bollinger_Reversion(20,2sd)",SHORT,2026-07-13 13:35:00,2026-07-13 14:20:00,7605.25,7590.0,74.25
"Bollinger_Reversion(20,2sd)",LONG,2026-07-13 14:45:00,2026-07-13 15:00:00,7585.75,7598.5,61.75
"Bollinger_Reversion(20,2sd)",LONG,2026-07-13 16:25:00,2026-07-13 18:45:00,7577.5,7570.25,-38.25
"Bollinger_Reversion(20,2sd)",LONG,2026-07-13 19:25:00,2026-07-13 22:05:00,7560.5,7558.75,-10.75
"Bollinger_Reversion(20,2sd)",LONG,2026-07-13 23:05:00,2026-07-14 00:00:00,7548.0,7553.5,25.5
"Bollinger_Reversion(20,2sd)",SHORT,2026-07-14 00:55:00,2026-07-14 01:40:00,7557.0,7551.0,28.0
"Bollinger_Reversion(20,2sd)",LONG,2026-07-14 02:25:00,2026-07-14 03:55:00,7540.5,7543.25,11.75
"Bollinger_Reversion(20,2sd)",SHORT,2026-07-14 04:35:00,2026-07-14 06:35:00,7552.0,7568.5,-84.5
"Bollinger_Reversion(20,2sd)",LONG,2026-07-14 06:55:00,2026-07-14 08:20:00,7560.25,7561.0,1.75
"Bollinger_Reversion(20,2sd)",LONG,2026-07-14 11:05:00,2026-07-14 11:25:00,7547.25,7561.75,70.5
"Bollinger_Reversion(20,2sd)",SHORT,2026-07-14 12:35:00,2026-07-14 13:35:00,7595.5,7566.25,144.25
"Bollinger_Reversion(20,2sd)",SHORT,2026-07-14 15:10:00,2026-07-14 16:45:00,7598.75,7585.25,65.5
"Bollinger_Reversion(20,2sd)",LONG,2026-07-14 20:30:00,2026-07-14 22:00:00,7586.0,7589.75,16.75
"Bollinger_Reversion(20,2sd)",LONG,2026-07-14 22:15:00,2026-07-14 22:25:00,7584.25,7591.75,35.5
"Bollinger_Reversion(20,2sd)",SHORT,2026-07-14 23:30:00,2026-07-15 00:40:00,7599.5,7597.75,6.75
"Bollinger_Reversion(20,2sd)",LONG,2026-07-15 05:30:00,2026-07-15 05:40:00,7603.5,7608.0,20.5
"Bollinger_Reversion(20,2sd)",LONG,2026-07-15 07:20:00,2026-07-15 08:40:00,7605.5,7603.75,-10.75
"Bollinger_Reversion(20,2sd)",SHORT,2026-07-15 09:10:00,2026-07-15 09:55:00,7609.75,7605.25,20.5
"Bollinger_Reversion(20,2sd)",LONG,2026-07-15 10:25:00,2026-07-15 11:40:00,7600.25,7601.75,5.5
"Bollinger_Reversion(20,2sd)",LONG,2026-07-15 12:10:00,2026-07-15 12:35:00,7596.5,7605.0,40.5
"Bollinger_Reversion(20,2sd)",SHORT,2026-07-15 12:40:00,2026-07-15 13:50:00,7607.0,7605.5,5.5
"Bollinger_Reversion(20,2sd)",LONG,2026-07-15 16:05:00,2026-07-15 17:05:00,7590.5,7589.0,-9.5
"Bollinger_Reversion(20,2sd)",SHORT,2026-07-15 17:50:00,2026-07-15 18:50:00,7610.75,7606.5,19.25
"Bollinger_Reversion(20,2sd)",SHORT,2026-07-16 00:10:00,2026-07-16 00:30:00,7624.0,7619.25,21.75
"Bollinger_Reversion(20,2sd)",LONG,2026-07-16 01:20:00,2026-07-16 01:50:00,7610.75,7618.25,35.5
"Bollinger_Reversion(20,2sd)",SHORT,2026-07-16 05:20:00,2026-07-16 05:35:00,7627.25,7622.25,23.0
"Bollinger_Reversion(20,2sd)",LONG,2026-07-16 05:40:00,2026-07-16 06:15:00,7618.0,7622.0,18.0
"Bollinger_Reversion(20,2sd)",LONG,2026-07-16 07:15:00,2026-07-16 08:45:00,7610.0,7603.75,-33.25
"Bollinger_Reversion(20,2sd)",LONG,2026-07-16 10:25:00,2026-07-16 11:30:00,7602.0,7600.0,-12.0
"Bollinger_Reversion(20,2sd)",LONG,2026-07-16 11:50:00,2026-07-16 13:05:00,7584.0,7591.75,36.75
"Bollinger_Reversion(20,2sd)",SHORT,2026-07-16 14:10:00,2026-07-16 15:45:00,7603.0,7605.5,-14.5
"Bollinger_Reversion(20,2sd)",LONG,2026-07-16 16:05:00,2026-07-16 17:00:00,7596.75,7598.25,5.5
"Bollinger_Reversion(20,2sd)",LONG,2026-07-16 18:05:00,2026-07-16 20:00:00,7578.25,7577.25,-7.0
"Bollinger_Reversion(20,2sd)",LONG,2026-07-16 22:55:00,2026-07-17 03:10:00,7564.25,7534.25,-152.0
"Bollinger_Reversion(20,2sd)",LONG,2026-07-17 04:10:00,2026-07-17 06:05:00,7519.75,7513.75,-32.0
"Bollinger_Reversion(20,2sd)",SHORT,2026-07-17 06:25:00,2026-07-17 06:50:00,7520.75,7511.75,43.0
"Bollinger_Reversion(20,2sd)",LONG,2026-07-17 08:15:00,2026-07-17 09:15:00,7507.5,7505.5,-12.0
"Bollinger_Reversion(20,2sd)",LONG,2026-07-17 12:20:00,2026-07-17 13:55:00,7508.5,7504.5,-22.0
"Bollinger_Reversion(20,2sd)",SHORT,2026-07-17 14:10:00,2026-07-17 15:05:00,7529.0,7507.75,104.25
"Bollinger_Reversion(20,2sd)",LONG,2026-07-17 17:55:00,2026-07-17 19:50:00,7514.0,7505.0,-47.0
"Bollinger_Reversion(20,2sd)",SHORT,2026-07-20 00:00:00,2026-07-20 00:55:00,7504.5,7503.5,3.0
"Bollinger_Reversion(20,2sd)",LONG,2026-07-20 01:55:00,2026-07-20 02:05:00,7490.5,7504.25,66.75
"Bollinger_Reversion(20,2sd)",SHORT,2026-07-20 02:50:00,2026-07-20 04:05:00,7510.25,7506.0,19.25
"Bollinger_Reversion(20,2sd)",SHORT,2026-07-20 04:40:00,2026-07-20 05:10:00,7510.5,7503.75,31.75
"Bollinger_Reversion(20,2sd)",SHORT,2026-07-20 07:25:00,2026-07-20 08:45:00,7504.25,7513.0,-45.75
"Bollinger_Reversion(20,2sd)",SHORT,2026-07-20 09:50:00,2026-07-20 12:05:00,7523.5,7525.0,-9.5
"Bollinger_Reversion(20,2sd)",SHORT,2026-07-20 13:35:00,2026-07-20 13:55:00,7544.75,7528.75,78.0
"Bollinger_Reversion(20,2sd)",SHORT,2026-07-20 16:10:00,2026-07-20 16:40:00,7531.75,7527.25,20.5
"Bollinger_Reversion(20,2sd)",LONG,2026-07-20 17:05:00,2026-07-20 18:05:00,7509.75,7512.0,9.25
"Bollinger_Reversion(20,2sd)",LONG,2026-07-20 18:45:00,2026-07-20 19:55:00,7489.0,7485.75,-18.25
"Bollinger_Reversion(20,2sd)",SHORT,2026-07-20 23:20:00,2026-07-21 00:05:00,7487.0,7479.75,34.25
"Bollinger_Reversion(20,2sd)",LONG,2026-07-21 02:20:00,2026-07-21 02:25:00,7489.0,7496.25,34.25
"Bollinger_Reversion(20,2sd)",SHORT,2026-07-21 02:40:00,2026-07-21 05:15:00,7501.0,7511.75,-55.75
"Bollinger_Reversion(20,2sd)",SHORT,2026-07-21 05:45:00,2026-07-21 07:20:00,7521.25,7522.0,-5.75
"Bollinger_Reversion(20,2sd)",LONG,2026-07-21 07:30:00,2026-07-21 08:15:00,7517.0,7522.75,26.75
"Bollinger_Reversion(20,2sd)",LONG,2026-07-21 11:05:00,2026-07-21 12:20:00,7517.75,7512.75,-27.0
"Bollinger_Reversion(20,2sd)",LONG,2026-07-21 12:30:00,2026-07-21 12:55:00,7511.0,7516.5,25.5
"Bollinger_Reversion(20,2sd)",SHORT,2026-07-21 13:30:00,2026-07-21 13:45:00,7526.0,7507.75,89.25
"Bollinger_Reversion(20,2sd)",SHORT,2026-07-21 14:30:00,2026-07-21 17:20:00,7531.75,7546.25,-74.5
"Bollinger_Reversion(20,2sd)",LONG,2026-07-21 18:15:00,2026-07-21 18:45:00,7544.75,7548.5,16.75
"Bollinger_Reversion(20,2sd)",LONG,2026-07-21 20:05:00,2026-07-21 22:15:00,7541.75,7544.25,10.5
"Bollinger_Reversion(20,2sd)",LONG,2026-07-21 22:50:00,2026-07-21 23:20:00,7538.75,7543.25,20.5
"Bollinger_Reversion(20,2sd)",SHORT,2026-07-22 00:05:00,2026-07-22 00:30:00,7546.75,7542.0,21.75
"Bollinger_Reversion(20,2sd)",LONG,2026-07-22 01:05:00,2026-07-22 01:50:00,7537.5,7542.25,21.75
"Bollinger_Reversion(20,2sd)",LONG,2026-07-22 03:55:00,2026-07-22 06:00:00,7535.5,7536.0,0.5
"Bollinger_Reversion(20,2sd)",LONG,2026-07-22 06:20:00,2026-07-22 08:10:00,7529.75,7521.0,-45.75
"Bollinger_Reversion(20,2sd)",SHORT,2026-07-22 10:25:00,2026-07-22 10:45:00,7532.0,7526.0,28.0
"Bollinger_Reversion(20,2sd)",LONG,2026-07-22 11:45:00,2026-07-22 12:35:00,7516.25,7521.25,23.0
"Bollinger_Reversion(20,2sd)",SHORT,2026-07-22 13:25:00,2026-07-22 14:35:00,7526.25,7534.5,-43.25
"Bollinger_Reversion(20,2sd)",LONG,2026-07-22 17:30:00,2026-07-22 20:15:00,7552.75,7552.75,-2.0
"Bollinger_Reversion(20,2sd)",LONG,2026-07-22 22:05:00,2026-07-22 23:40:00,7524.5,7522.0,-14.5
"Bollinger_Reversion(20,2sd)",SHORT,2026-07-23 00:00:00,2026-07-23 01:40:00,7530.5,7541.5,-57.0
"Bollinger_Reversion(20,2sd)",LONG,2026-07-23 02:15:00,2026-07-23 03:50:00,7536.25,7528.25,-42.0
"Bollinger_Reversion(20,2sd)",LONG,2026-07-23 05:55:00,2026-07-23 08:10:00,7521.5,7511.5,-52.0
"Bollinger_Reversion(20,2sd)",SHORT,2026-07-23 09:05:00,2026-07-23 09:35:00,7523.25,7511.0,59.25
"Bollinger_Reversion(20,2sd)",SHORT,2026-07-23 10:50:00,2026-07-23 11:05:00,7521.75,7514.5,34.25
"Bollinger_Reversion(20,2sd)",LONG,2026-07-23 11:35:00,2026-07-23 13:50:00,7501.25,7464.0,-188.25
"Bollinger_Reversion(20,2sd)",LONG,2026-07-23 15:15:00,2026-07-23 16:00:00,7426.25,7438.75,60.5
"Bollinger_Reversion(20,2sd)",SHORT,2026-07-23 16:25:00,2026-07-23 17:35:00,7454.75,7440.75,68.0
"Bollinger_Reversion(20,2sd)",LONG,2026-07-23 19:45:00,2026-07-23 20:00:00,7424.0,7444.0,98.0
"Bollinger_Reversion(20,2sd)",SHORT,2026-07-23 20:05:00,2026-07-23 22:25:00,7453.0,7449.0,18.0
"Bollinger_Reversion(20,2sd)",SHORT,2026-07-24 00:45:00,2026-07-24 02:00:00,7454.5,7451.25,14.25
"Bollinger_Reversion(20,2sd)",LONG,2026-07-24 02:35:00,2026-07-24 04:25:00,7446.0,7442.25,-20.75
"Bollinger_Reversion(20,2sd)",SHORT,2026-07-24 04:30:00,2026-07-24 04:40:00,7444.25,7440.5,16.75
"Bollinger_Reversion(20,2sd)",SHORT,2026-07-24 05:10:00,2026-07-24 05:55:00,7446.0,7443.75,9.25
"Bollinger_Reversion(20,2sd)",LONG,2026-07-24 06:50:00,2026-07-24 07:05:00,7434.5,7447.0,60.5
"Bollinger_Reversion(20,2sd)",SHORT,2026-07-24 07:10:00,2026-07-24 08:15:00,7452.25,7451.25,3.0
"Bollinger_Reversion(20,2sd)",SHORT,2026-07-24 09:10:00,2026-07-24 10:10:00,7464.75,7461.25,15.5
"Bollinger_Reversion(20,2sd)",LONG,2026-07-24 11:35:00,2026-07-24 12:00:00,7457.0,7465.0,38.0
"Bollinger_Reversion(20,2sd)",SHORT,2026-07-24 12:15:00,2026-07-24 12:35:00,7466.75,7459.75,33.0
"Bollinger_Reversion(20,2sd)",LONG,2026-07-24 14:00:00,2026-07-24 14:10:00,7433.75,7451.25,85.5
"Bollinger_Reversion(20,2sd)",SHORT,2026-07-24 15:00:00,2026-07-24 16:40:00,7465.0,7481.5,-84.5
"Bollinger_Reversion(20,2sd)",LONG,2026-07-24 16:50:00,2026-07-24 17:35:00,7470.75,7480.5,46.75
"Bollinger_Reversion(20,2sd)",LONG,2026-07-24 18:20:00,2026-07-24 20:35:00,7461.0,7441.0,-102.0
"Bollinger_Reversion(20,2sd)",SHORT,2026-07-26 22:15:00,2026-07-27 00:20:00,7494.25,7498.5,-23.25
"Bollinger_Reversion(20,2sd)",SHORT,2026-07-27 03:15:00,2026-07-27 03:35:00,7503.0,7499.75,14.25
"Bollinger_Reversion(20,2sd)",SHORT,2026-07-27 04:45:00,2026-07-27 07:05:00,7505.25,7516.0,-55.75
"Bollinger_Reversion(20,2sd)",LONG,2026-07-27 07:40:00,2026-07-27 08:30:00,7509.75,7515.0,24.25
"Bollinger_Reversion(20,2sd)",SHORT,2026-07-27 09:50:00,2026-07-27 11:05:00,7523.75,7519.5,19.25
"Bollinger_Reversion(20,2sd)",LONG,2026-07-27 11:15:00,2026-07-27 13:20:00,7517.5,7509.25,-43.25
"Bollinger_Reversion(20,2sd)",LONG,2026-07-27 13:45:00,2026-07-27 16:05:00,7493.5,7439.5,-272.0
"Bollinger_Reversion(20,2sd)",LONG,2026-07-27 17:05:00,2026-07-27 17:55:00,7419.5,7432.75,64.25
"Bollinger_Reversion(20,2sd)",SHORT,2026-07-27 18:55:00,2026-07-27 20:25:00,7443.5,7447.25,-20.75
"Bollinger_Reversion(20,2sd)",LONG,2026-07-27 23:05:00,2026-07-27 23:30:00,7441.25,7448.5,34.25
"Bollinger_Reversion(20,2sd)",LONG,2026-07-28 00:25:00,2026-07-28 01:35:00,7438.75,7442.75,18.0
"Bollinger_Reversion(20,2sd)",SHORT,2026-07-28 03:40:00,2026-07-28 04:15:00,7438.5,7430.75,36.75
"Bollinger_Reversion(20,2sd)",LONG,2026-07-28 05:35:00,2026-07-28 06:30:00,7420.5,7425.5,23.0
"Bollinger_Reversion(20,2sd)",SHORT,2026-07-28 07:00:00,2026-07-28 08:10:00,7430.0,7429.25,1.75
"Bollinger_Reversion(20,2sd)",SHORT,2026-07-28 08:25:00,2026-07-28 09:55:00,7442.75,7442.0,1.75
"Bollinger_Reversion(20,2sd)",LONG,2026-07-28 10:00:00,2026-07-28 10:30:00,7439.5,7442.5,13.0
"Bollinger_Reversion(20,2sd)",LONG,2026-07-28 10:40:00,2026-07-28 10:55:00,7436.0,7441.5,25.5
"Bollinger_Reversion(20,2sd)",LONG,2026-07-28 11:15:00,2026-07-28 11:20:00,7433.5,7446.5,63.0
"Bollinger_Reversion(20,2sd)",SHORT,2026-07-28 12:00:00,2026-07-28 13:30:00,7450.75,7449.5,4.25
"Bollinger_Reversion(20,2sd)",LONG,2026-07-28 13:35:00,2026-07-28 14:45:00,7439.75,7440.0,-0.75
"Bollinger_Reversion(20,2sd)",SHORT,2026-07-28 15:20:00,2026-07-28 16:40:00,7463.25,7475.25,-62.0
"Bollinger_Reversion(20,2sd)",SHORT,2026-07-28 19:05:00,2026-07-28 19:40:00,7477.0,7468.0,43.0
"Bollinger_Reversion(20,2sd)",LONG,2026-07-28 22:25:00,2026-07-28 23:15:00,7459.75,7463.5,16.75
"Bollinger_Reversion(20,2sd)",SHORT,2026-07-28 23:45:00,2026-07-29 01:00:00,7483.0,7486.75,-20.75
"Bollinger_Reversion(20,2sd)",LONG,2026-07-29 01:15:00,2026-07-29 03:10:00,7472.5,7466.75,-30.75
"Bollinger_Reversion(20,2sd)",LONG,2026-07-29 03:55:00,2026-07-29 05:00:00,7447.75,7451.5,16.75
"Bollinger_Reversion(20,2sd)",SHORT,2026-07-29 05:15:00,2026-07-29 06:05:00,7460.75,7452.75,38.0
"Bollinger_Reversion(20,2sd)",SHORT,2026-07-29 06:35:00,2026-07-29 08:15:00,7468.0,7477.0,-47.0
"Bollinger_Reversion(20,2sd)",LONG,2026-07-29 08:25:00,2026-07-29 08:35:00,7471.5,7479.0,35.5
"Bollinger_Reversion(20,2sd)",LONG,2026-07-29 12:10:00,2026-07-29 16:50:00,7474.75,7394.75,-402.0
"Bollinger_Reversion(20,2sd)",SHORT,2026-07-29 17:05:00,2026-07-29 19:20:00,7414.25,7430.0,-80.75
"Bollinger_Reversion(20,2sd)",LONG,2026-07-29 19:40:00,2026-07-29 22:05:00,7369.5,7352.75,-85.75
"Bollinger_Reversion(20,2sd)",SHORT,2026-07-30 00:10:00,2026-07-30 00:25:00,7384.75,7376.0,41.75
"Bollinger_Reversion(20,2sd)",SHORT,2026-07-30 01:35:00,2026-07-30 02:35:00,7388.75,7383.0,26.75
"Bollinger_Reversion(20,2sd)",LONG,2026-07-30 03:00:00,2026-07-30 04:30:00,7378.5,7378.25,-3.25
"Bollinger_Reversion(20,2sd)",LONG,2026-07-30 05:10:00,2026-07-30 05:45:00,7363.25,7372.5,44.25
"Bollinger_Reversion(20,2sd)",LONG,2026-07-30 06:20:00,2026-07-30 07:05:00,7362.0,7377.0,73.0
"Bollinger_Reversion(20,2sd)",SHORT,2026-07-30 13:20:00,2026-07-30 15:15:00,7407.5,7401.5,28.0
"Bollinger_Reversion(20,2sd)",LONG,2026-07-30 15:15:00,2026-07-30 15:50:00,7401.5,7424.0,110.5
"Bollinger_Reversion(20,2sd)",SHORT,2026-07-30 19:05:00,2026-07-30 20:50:00,7466.25,7477.25,-57.0
"Bollinger_Reversion(20,2sd)",SHORT,2026-07-31 00:15:00,2026-07-31 01:45:00,7495.5,7497.0,-9.5
"Bollinger_Reversion(20,2sd)",SHORT,2026-07-31 04:35:00,2026-07-31 06:10:00,7505.0,7509.25,-23.25
"Bollinger_Reversion(20,2sd)",SHORT,2026-07-31 06:15:00,2026-07-31 06:25:00,7510.5,7507.75,11.75
"Bollinger_Reversion(20,2sd)",LONG,2026-07-31 06:40:00,2026-07-31 07:15:00,7498.25,7505.75,35.5
"Bollinger_Reversion(20,2sd)",LONG,2026-07-31 11:30:00,2026-07-31 13:15:00,7499.75,7490.0,-50.75
"Bollinger_Reversion(20,2sd)",SHORT,2026-07-31 13:35:00,2026-07-31 13:45:00,7512.0,7483.0,143.0
"Bollinger_Reversion(20,2sd)",LONG,2026-07-31 14:05:00,2026-07-31 14:50:00,7454.25,7475.75,105.5
"Bollinger_Reversion(20,2sd)",SHORT,2026-07-31 16:25:00,2026-07-31 19:05:00,7494.75,7510.75,-82.0
"Bollinger_Reversion(20,2sd)",SHORT,2026-07-31 19:20:00,2026-07-31 20:10:00,7526.75,7522.25,20.5
"Bollinger_Reversion(20,2sd)",SHORT,2026-08-02 22:20:00,2026-08-03 00:05:00,7551.0,7548.0,13.0
"Bollinger_Reversion(20,2sd)",LONG,2026-08-03 05:55:00,2026-08-03 06:05:00,7561.0,7564.75,16.75
"Bollinger_Reversion(20,2sd)",LONG,2026-08-03 06:30:00,2026-08-03 08:00:00,7559.75,7559.75,-2.0
"Bollinger_Reversion(20,2sd)",LONG,2026-08-03 08:20:00,2026-08-03 08:40:00,7551.0,7555.5,20.5
"Bollinger_Reversion(20,2sd)",SHORT,2026-08-03 10:30:00,2026-08-03 11:10:00,7560.0,7559.0,3.0
"Bollinger_Reversion(20,2sd)",SHORT,2026-08-03 11:35:00,2026-08-03 11:55:00,7565.75,7557.0,41.75
"Bollinger_Reversion(20,2sd)",LONG,2026-08-03 12:05:00,2026-08-03 12:35:00,7555.75,7561.0,24.25
"Bollinger_Reversion(20,2sd)",SHORT,2026-08-03 13:55:00,2026-08-03 19:40:00,7579.5,7632.0,-264.5
"Bollinger_Reversion(20,2sd)",LONG,2026-08-04 00:20:00,2026-08-04 00:40:00,7632.0,7634.5,10.5
"Bollinger_Reversion(20,2sd)",SHORT,2026-08-04 01:35:00,2026-08-04 03:25:00,7637.75,7643.0,-28.25
"Bollinger_Reversion(20,2sd)",SHORT,2026-08-04 06:10:00,2026-08-04 06:40:00,7648.5,7644.75,16.75
"Bollinger_Reversion(20,2sd)",LONG,2026-08-04 07:10:00,2026-08-04 07:35:00,7642.25,7646.25,18.0
"Bollinger_Reversion(20,2sd)",LONG,2026-08-04 08:35:00,2026-08-04 09:55:00,7639.5,7634.75,-25.75
"Bollinger_Reversion(20,2sd)",SHORT,2026-08-04 10:35:00,2026-08-04 12:50:00,7640.5,7651.5,-57.0
"Bollinger_Reversion(20,2sd)",SHORT,2026-08-04 13:35:00,2026-08-04 18:45:00,7669.5,7769.5,-502.0
"Bollinger_Reversion(20,2sd)",SHORT,2026-08-04 19:10:00,2026-08-04 19:55:00,7782.25,7769.25,63.0
"Bollinger_Reversion(20,2sd)",LONG,2026-08-04 20:00:00,2026-08-04 20:50:00,7763.75,7773.75,48.0
"Bollinger_Reversion(20,2sd)",SHORT,2026-08-05 03:15:00,2026-08-05 04:25:00,7790.75,7788.75,8.0
"Bollinger_Reversion(20,2sd)",SHORT,2026-08-05 05:15:00,2026-08-05 06:25:00,7794.75,7794.0,1.75
"Bollinger_Reversion(20,2sd)",LONG,2026-08-05 07:30:00,2026-08-05 08:05:00,7791.0,7796.0,23.0
"Bollinger_Reversion(20,2sd)",LONG,2026-08-05 08:15:00,2026-08-05 09:25:00,7787.75,7787.5,-3.25
"Bollinger_Reversion(20,2sd)",SHORT,2026-08-05 10:55:00,2026-08-05 11:45:00,7797.75,7794.0,16.75
"Bollinger_Reversion(20,2sd)",SHORT,2026-08-05 12:20:00,2026-08-05 13:05:00,7801.75,7803.5,-10.75
"Bollinger_Reversion(20,2sd)",SHORT,2026-08-05 13:10:00,2026-08-05 13:55:00,7807.75,7810.75,-17.0
"Bollinger_Reversion(20,2sd)",SHORT,2026-08-05 14:00:00,2026-08-05 14:25:00,7818.0,7809.5,40.5
"Bollinger_Reversion(20,2sd)",LONG,2026-08-05 14:40:00,2026-08-05 16:30:00,7791.25,7772.25,-97.0
"Bollinger_Reversion(20,2sd)",LONG,2026-08-05 19:40:00,2026-08-05 22:20:00,7764.0,7761.5,-14.5
"Bollinger_Reversion(20,2sd)",SHORT,2026-08-05 22:35:00,2026-08-05 23:35:00,7770.5,7763.0,35.5
"Bollinger_Reversion(20,2sd)",LONG,2026-08-06 00:30:00,2026-08-06 02:00:00,7758.25,7755.0,-18.25
"Bollinger_Reversion(20,2sd)",SHORT,2026-08-06 02:45:00,2026-08-06 03:25:00,7767.25,7761.75,25.5
"Bollinger_Reversion(20,2sd)",LONG,2026-08-06 06:15:00,2026-08-06 07:05:00,7756.25,7758.75,10.5
"Bollinger_Reversion(20,2sd)",LONG,2026-08-06 08:05:00,2026-08-06 08:30:00,7752.5,7760.5,38.0
"Bollinger_Reversion(20,2sd)",LONG,2026-08-06 11:05:00,2026-08-06 11:30:00,7754.75,7762.25,35.5
"Bollinger_Reversion(20,2sd)",LONG,2026-08-06 13:10:00,2026-08-06 13:45:00,7749.5,7755.0,25.5
"Bollinger_Reversion(20,2sd)",SHORT,2026-08-06 13:50:00,2026-08-06 14:30:00,7763.0,7755.0,38.0
"Bollinger_Reversion(20,2sd)",LONG,2026-08-06 15:20:00,2026-08-06 16:40:00,7739.5,7738.5,-7.0
"Bollinger_Reversion(20,2sd)",SHORT,2026-08-06 18:20:00,2026-08-06 19:25:00,7743.0,7738.0,23.0
"Bollinger_Reversion(20,2sd)",LONG,2026-08-07 00:20:00,2026-08-07 00:35:00,7732.5,7739.25,31.75
"Bollinger_Reversion(20,2sd)",LONG,2026-08-07 02:40:00,2026-08-07 02:50:00,7727.75,7733.0,24.25
"Bollinger_Reversion(20,2sd)",SHORT,2026-08-07 05:05:00,2026-08-07 06:00:00,7733.5,7731.75,6.75
"Bollinger_Reversion(20,2sd)",SHORT,2026-08-07 06:15:00,2026-08-07 06:45:00,7737.5,7734.5,13.0
"Bollinger_Reversion(20,2sd)",SHORT,2026-08-07 07:15:00,2026-08-07 10:05:00,7742.25,7746.5,-23.25
"Bollinger_Reversion(20,2sd)",SHORT,2026-08-07 11:10:00,2026-08-07 12:00:00,7751.25,7748.5,11.75
"Bollinger_Reversion(20,2sd)",SHORT,2026-08-07 12:35:00,2026-08-07 13:45:00,7766.0,7767.0,-7.0
"Bollinger_Reversion(20,2sd)",LONG,2026-08-07 14:15:00,2026-08-07 14:20:00,7746.0,7765.75,96.75
"Bollinger_Reversion(20,2sd)",LONG,2026-08-07 16:30:00,2026-08-07 17:40:00,7764.75,7771.25,30.5
"Bollinger_Reversion(20,2sd)",LONG,2026-08-07 18:15:00,2026-08-07 19:05:00,7763.25,7768.0,21.75
"Bollinger_Reversion(20,2sd)",SHORT,2026-08-07 19:15:00,2026-08-07 20:30:00,7776.75,7773.25,15.5
"Bollinger_Reversion(20,2sd)",SHORT,2026-08-09 22:10:00,2026-08-09 22:15:00,7772.0,7768.25,16.75
"Bollinger_Reversion(20,2sd)",LONG,2026-08-09 22:20:00,2026-08-09 23:10:00,7765.25,7771.5,29.25
"Bollinger_Reversion(20,2sd)",SHORT,2026-08-10 00:15:00,2026-08-10 00:30:00,7776.25,7771.0,24.25
"Bollinger_Reversion(20,2sd)",SHORT,2026-08-10 01:20:00,2026-08-10 06:25:00,7778.5,7787.25,-45.75
"Bollinger_Reversion(20,2sd)",LONG,2026-08-10 06:30:00,2026-08-10 07:25:00,7785.25,7791.75,30.5
"Bollinger_Reversion(20,2sd)",LONG,2026-08-10 10:15:00,2026-08-10 10:25:00,7786.75,7790.75,18.0
"Bollinger_Reversion(20,2sd)",LONG,2026-08-10 10:40:00,2026-08-10 11:35:00,7786.0,7787.0,3.0
"Bollinger_Reversion(20,2sd)",LONG,2026-08-10 12:25:00,2026-08-10 13:50:00,7777.25,7777.5,-0.75
"Bollinger_Reversion(20,2sd)",SHORT,2026-08-10 14:00:00,2026-08-10 15:00:00,7780.75,7781.75,-7.0
"Bollinger_Reversion(20,2sd)",LONG,2026-08-10 16:35:00,2026-08-10 18:10:00,7773.75,7776.0,9.25
"Bollinger_Reversion(20,2sd)",SHORT,2026-08-10 19:10:00,2026-08-10 19:35:00,7780.75,7775.25,25.5
"Bollinger_Reversion(20,2sd)",LONG,2026-08-10 22:35:00,2026-08-11 00:15:00,7772.25,7776.25,18.0
"Bollinger_Reversion(20,2sd)",SHORT,2026-08-11 00:25:00,2026-08-11 03:00:00,7776.0,7784.25,-43.25
"Bollinger_Reversion(20,2sd)",SHORT,2026-08-11 03:25:00,2026-08-11 04:45:00,7788.5,7787.25,4.25
"Bollinger_Reversion(20,2sd)",SHORT,2026-08-11 05:15:00,2026-08-11 05:20:00,7788.75,7786.25,10.5
"Bollinger_Reversion(20,2sd)",LONG,2026-08-11 05:25:00,2026-08-11 07:45:00,7785.25,7775.75,-49.5
"Bollinger_Reversion(20,2sd)",SHORT,2026-08-11 10:25:00,2026-08-11 12:25:00,7782.25,7786.5,-23.25
"Bollinger_Reversion(20,2sd)",LONG,2026-08-11 13:40:00,2026-08-11 14:30:00,7777.5,7784.75,34.25
"Bollinger_Reversion(20,2sd)",LONG,2026-08-11 15:10:00,2026-08-11 17:55:00,7773.5,7758.25,-78.25
"Bollinger_Reversion(20,2sd)",LONG,2026-08-11 18:30:00,2026-08-11 19:25:00,7740.5,7751.75,54.25
"Bollinger_Reversion(20,2sd)",LONG,2026-08-12 00:10:00,2026-08-12 00:20:00,7750.0,7754.0,18.0
"Bollinger_Reversion(20,2sd)",LONG,2026-08-12 01:25:00,2026-08-12 01:45:00,7749.5,7752.25,11.75
"Bollinger_Reversion(20,2sd)",SHORT,2026-08-12 02:50:00,2026-08-12 03:45:00,7754.5,7754.25,-0.75
"Bollinger_Reversion(20,2sd)",SHORT,2026-08-12 04:55:00,2026-08-12 05:15:00,7757.5,7754.75,11.75
"Bollinger_Reversion(20,2sd)",SHORT,2026-08-12 06:40:00,2026-08-12 08:35:00,7758.25,7758.25,-2.0
"Bollinger_Reversion(20,2sd)",SHORT,2026-08-12 09:25:00,2026-08-12 10:50:00,7771.5,7765.0,30.5
"Bollinger_Reversion(20,2sd)",SHORT,2026-08-12 12:30:00,2026-08-12 13:35:00,7783.0,7775.0,38.0
"Bollinger_Reversion(20,2sd)",LONG,2026-08-12 14:05:00,2026-08-12 14:50:00,7764.0,7771.25,34.25
"Bollinger_Reversion(20,2sd)",SHORT,2026-08-12 16:55:00,2026-08-12 17:55:00,7775.0,7771.75,14.25
"Bollinger_Reversion(20,2sd)",SHORT,2026-08-12 18:15:00,2026-08-12 19:00:00,7775.5,7774.75,1.75
"Bollinger_Reversion(20,2sd)",LONG,2026-08-12 19:55:00,2026-08-12 22:10:00,7767.0,7770.25,14.25
"Bollinger_Reversion(20,2sd)",SHORT,2026-08-12 23:15:00,2026-08-12 23:50:00,7771.25,7767.75,15.5
"Bollinger_Reversion(20,2sd)",LONG,2026-08-13 01:15:00,2026-08-13 01:55:00,7766.25,7770.25,18.0
"Bollinger_Reversion(20,2sd)",SHORT,2026-08-13 04:50:00,2026-08-13 06:00:00,7777.0,7776.5,0.5
"Bollinger_Reversion(20,2sd)",LONG,2026-08-13 06:45:00,2026-08-13 07:05:00,7775.0,7774.75,-3.25
"Bollinger_Reversion(20,2sd)",SHORT,2026-08-13 09:45:00,2026-08-13 11:20:00,7783.25,7783.0,-0.75
"Bollinger_Reversion(20,2sd)",SHORT,2026-08-13 11:40:00,2026-08-13 12:00:00,7787.5,7784.0,15.5
"Bollinger_Reversion(20,2sd)",LONG,2026-08-13 12:20:00,2026-08-13 12:40:00,7779.25,7784.75,25.5
"Bollinger_Reversion(20,2sd)",SHORT,2026-08-13 13:35:00,2026-08-13 15:05:00,7798.25,7818.25,-102.0
"Bollinger_Reversion(20,2sd)",LONG,2026-08-13 15:30:00,2026-08-13 16:30:00,7806.0,7809.5,15.5
"Bollinger_Reversion(20,2sd)",SHORT,2026-08-13 17:10:00,2026-08-13 17:45:00,7816.75,7810.5,29.25
"Bollinger_Reversion(20,2sd)",SHORT,2026-08-13 18:45:00,2026-08-13 19:55:00,7820.5,7820.5,-2.0
"Bollinger_Reversion(20,2sd)",SHORT,2026-08-13 23:15:00,2026-08-14 00:15:00,7827.5,7825.75,6.75
"Bollinger_Reversion(20,2sd)",LONG,2026-08-14 01:05:00,2026-08-14 01:40:00,7821.25,7824.0,11.75
"Bollinger_Reversion(20,2sd)",SHORT,2026-08-14 07:45:00,2026-08-14 09:35:00,7823.75,7824.75,-7.0
"Bollinger_Reversion(20,2sd)",SHORT,2026-08-14 11:50:00,2026-08-14 12:15:00,7830.0,7826.5,15.5
"Bollinger_Reversion(20,2sd)",LONG,2026-08-14 12:25:00,2026-08-14 12:30:00,7825.0,7828.25,14.25
"Bollinger_Reversion(20,2sd)",LONG,2026-08-14 13:35:00,2026-08-14 14:05:00,7824.25,7828.25,18.0
"Bollinger_Reversion(20,2sd)",LONG,2026-08-14 14:20:00,2026-08-14 16:15:00,7820.75,7807.5,-68.25
"Bollinger_Reversion(20,2sd)",LONG,2026-08-14 20:10:00,2026-08-16 22:10:00,7801.0,7809.75,41.75
"Bollinger_Reversion(20,2sd)",SHORT,2026-08-16 22:15:00,2026-08-16 23:40:00,7810.75,7810.5,-0.75
"Bollinger_Reversion(20,2sd)",SHORT,2026-08-16 23:50:00,2026-08-17 00:20:00,7812.25,7809.0,14.25
"ZScore_Reversion(20,z=2.0)",SHORT,2026-06-01 00:05:00,2026-06-01 01:05:00,7609.25,7609.5,-3.25
"ZScore_Reversion(20,z=2.0)",SHORT,2026-06-01 01:55:00,2026-06-01 02:45:00,7614.25,7615.0,-5.75
"ZScore_Reversion(20,z=2.0)",SHORT,2026-06-01 03:35:00,2026-06-01 03:40:00,7618.5,7615.75,11.75
"ZScore_Reversion(20,z=2.0)",LONG,2026-06-01 03:45:00,2026-06-01 04:10:00,7612.75,7614.5,6.75
"ZScore_Reversion(20,z=2.0)",LONG,2026-06-01 07:30:00,2026-06-01 08:50:00,7613.25,7609.5,-20.75
"ZScore_Reversion(20,z=2.0)",SHORT,2026-06-01 09:05:00,2026-06-01 09:40:00,7615.75,7611.75,18.0
"ZScore_Reversion(20,z=2.0)",SHORT,2026-06-01 11:40:00,2026-06-01 12:10:00,7621.75,7609.25,60.5
"ZScore_Reversion(20,z=2.0)",LONG,2026-06-01 12:10:00,2026-06-01 12:45:00,7609.25,7613.75,20.5
"ZScore_Reversion(20,z=2.0)",LONG,2026-06-01 13:15:00,2026-06-01 14:10:00,7588.75,7592.0,14.25
"ZScore_Reversion(20,z=2.0)",SHORT,2026-06-01 15:35:00,2026-06-01 16:15:00,7598.75,7593.5,24.25
"ZScore_Reversion(20,z=2.0)",SHORT,2026-06-01 16:55:00,2026-06-01 17:10:00,7606.75,7599.5,34.25
"ZScore_Reversion(20,z=2.0)",SHORT,2026-06-01 17:30:00,2026-06-01 18:55:00,7614.0,7625.0,-57.0
"ZScore_Reversion(20,z=2.0)",LONG,2026-06-01 19:35:00,2026-06-01 20:45:00,7621.25,7615.0,-33.25
"ZScore_Reversion(20,z=2.0)",LONG,2026-06-01 22:05:00,2026-06-01 23:20:00,7601.25,7596.0,-28.25
"ZScore_Reversion(20,z=2.0)",LONG,2026-06-02 00:10:00,2026-06-02 02:20:00,7587.75,7580.0,-40.75
"ZScore_Reversion(20,z=2.0)",SHORT,2026-06-02 04:10:00,2026-06-02 08:30:00,7583.75,7603.75,-102.0
"ZScore_Reversion(20,z=2.0)",LONG,2026-06-02 09:25:00,2026-06-02 09:45:00,7600.5,7604.5,18.0
"ZScore_Reversion(20,z=2.0)",LONG,2026-06-02 11:05:00,2026-06-02 11:35:00,7595.75,7600.5,21.75
"ZScore_Reversion(20,z=2.0)",SHORT,2026-06-02 12:25:00,2026-06-02 12:35:00,7602.0,7599.25,11.75
"ZScore_Reversion(20,z=2.0)",LONG,2026-06-02 13:10:00,2026-06-02 13:25:00,7591.5,7597.5,28.0
"ZScore_Reversion(20,z=2.0)",SHORT,2026-06-02 14:15:00,2026-06-02 15:55:00,7609.5,7624.75,-78.25
"ZScore_Reversion(20,z=2.0)",LONG,2026-06-02 17:40:00,2026-06-02 18:10:00,7615.75,7619.5,16.75
"ZScore_Reversion(20,z=2.0)",SHORT,2026-06-02 19:05:00,2026-06-02 19:45:00,7621.75,7620.0,6.75
"ZScore_Reversion(20,z=2.0)",SHORT,2026-06-02 20:05:00,2026-06-02 22:10:00,7627.5,7624.75,11.75
"ZScore_Reversion(20,z=2.0)",LONG,2026-06-02 23:05:00,2026-06-02 23:40:00,7616.75,7616.25,-4.5
"ZScore_Reversion(20,z=2.0)",SHORT,2026-06-03 03:25:00,2026-06-03 03:50:00,7623.75,7622.0,6.75
"ZScore_Reversion(20,z=2.0)",SHORT,2026-06-03 04:10:00,2026-06-03 04:50:00,7624.75,7623.0,6.75
"ZScore_Reversion(20,z=2.0)",LONG,2026-06-03 05:35:00,2026-06-03 06:05:00,7619.75,7621.75,8.0
"ZScore_Reversion(20,z=2.0)",SHORT,2026-06-03 07:15:00,2026-06-03 07:25:00,7622.5,7619.75,11.75
"ZScore_Reversion(20,z=2.0)",LONG,2026-06-03 09:50:00,2026-06-03 10:10:00,7614.25,7617.25,13.0
"ZScore_Reversion(20,z=2.0)",LONG,2026-06-03 12:30:00,2026-06-03 13:35:00,7611.25,7609.5,-10.75
"ZScore_Reversion(20,z=2.0)",LONG,2026-06-03 13:45:00,2026-06-03 14:15:00,7592.25,7596.0,16.75
"ZScore_Reversion(20,z=2.0)",LONG,2026-06-03 15:40:00,2026-06-03 17:00:00,7580.5,7578.0,-14.5
"ZScore_Reversion(20,z=2.0)",SHORT,2026-06-03 17:55:00,2026-06-03 19:25:00,7583.75,7574.5,44.25
"ZScore_Reversion(20,z=2.0)",LONG,2026-06-03 19:25:00,2026-06-03 19:40:00,7574.5,7580.75,29.25
"ZScore_Reversion(20,z=2.0)",LONG,2026-06-03 20:05:00,2026-06-03 23:00:00,7569.25,7543.5,-130.75
"ZScore_Reversion(20,z=2.0)",SHORT,2026-06-04 00:35:00,2026-06-04 01:20:00,7547.0,7544.75,9.25
"ZScore_Reversion(20,z=2.0)",LONG,2026-06-04 01:55:00,2026-06-04 02:50:00,7537.5,7538.25,1.75
"ZScore_Reversion(20,z=2.0)",SHORT,2026-06-04 03:35:00,2026-06-04 03:50:00,7544.25,7538.75,25.5
"ZScore_Reversion(20,z=2.0)",SHORT,2026-06-04 06:40:00,2026-06-04 07:55:00,7548.75,7553.5,-25.75
"ZScore_Reversion(20,z=2.0)",LONG,2026-06-04 08:15:00,2026-06-04 09:30:00,7542.75,7540.25,-14.5
"ZScore_Reversion(20,z=2.0)",SHORT,2026-06-04 12:45:00,2026-06-04 13:30:00,7549.75,7548.25,5.5
"ZScore_Reversion(20,z=2.0)",SHORT,2026-06-04 14:15:00,2026-06-04 15:50:00,7561.75,7577.0,-78.25
"ZScore_Reversion(20,z=2.0)",SHORT,2026-06-04 18:00:00,2026-06-04 19:00:00,7604.75,7604.5,-0.75
"ZScore_Reversion(20,z=2.0)",SHORT,2026-06-04 19:30:00,2026-06-04 19:45:00,7611.0,7606.25,21.75
"ZScore_Reversion(20,z=2.0)",LONG,2026-06-04 20:00:00,2026-06-04 22:55:00,7599.75,7585.0,-75.75
"ZScore_Reversion(20,z=2.0)",LONG,2026-06-05 00:05:00,2026-06-05 01:55:00,7569.5,7557.0,-64.5
"ZScore_Reversion(20,z=2.0)",LONG,2026-06-05 03:50:00,2026-06-05 04:25:00,7556.75,7558.75,8.0
"ZScore_Reversion(20,z=2.0)",SHORT,2026-06-05 04:55:00,2026-06-05 05:10:00,7564.25,7560.0,19.25
"ZScore_Reversion(20,z=2.0)",LONG,2026-06-05 06:25:00,2026-06-05 07:30:00,7555.0,7555.25,-0.75
"ZScore_Reversion(20,z=2.0)",SHORT,2026-06-05 08:30:00,2026-06-05 09:00:00,7566.5,7560.5,28.0
"ZScore_Reversion(20,z=2.0)",SHORT,2026-06-05 09:15:00,2026-06-05 09:40:00,7572.25,7565.0,34.25
"ZScore_Reversion(20,z=2.0)",LONG,2026-06-05 11:25:00,2026-06-05 11:30:00,7561.75,7568.5,31.75
"ZScore_Reversion(20,z=2.0)",LONG,2026-06-05 12:15:00,2026-06-05 12:50:00,7558.75,7561.75,13.0
"ZScore_Reversion(20,z=2.0)",LONG,2026-06-05 13:45:00,2026-06-05 14:20:00,7527.25,7533.25,28.0
"ZScore_Reversion(20,z=2.0)",LONG,2026-06-05 15:25:00,2026-06-05 17:35:00,7503.25,7466.75,-184.5
"ZScore_Reversion(20,z=2.0)",LONG,2026-06-05 18:15:00,2026-06-05 19:40:00,7445.75,7411.75,-172.0
"ZScore_Reversion(20,z=2.0)",LONG,2026-06-05 20:05:00,2026-06-07 22:15:00,7378.0,7386.5,40.5
"ZScore_Reversion(20,z=2.0)",SHORT,2026-06-07 23:50:00,2026-06-08 01:15:00,7398.5,7406.0,-39.5
"ZScore_Reversion(20,z=2.0)",LONG,2026-06-08 01:30:00,2026-06-08 01:45:00,7393.0,7405.75,61.75
"ZScore_Reversion(20,z=2.0)",SHORT,2026-06-08 02:45:00,2026-06-08 03:20:00,7417.25,7412.0,24.25
"ZScore_Reversion(20,z=2.0)",LONG,2026-06-08 04:20:00,2026-06-08 05:05:00,7410.75,7408.25,-14.5
"ZScore_Reversion(20,z=2.0)",LONG,2026-06-08 05:15:00,2026-06-08 06:05:00,7396.75,7396.75,-2.0
"ZScore_Reversion(20,z=2.0)",SHORT,2026-06-08 07:25:00,2026-06-08 08:15:00,7421.75,7418.0,16.75
"ZScore_Reversion(20,z=2.0)",LONG,2026-06-08 09:10:00,2026-06-08 09:20:00,7407.75,7416.25,40.5
"ZScore_Reversion(20,z=2.0)",SHORT,2026-06-08 09:50:00,2026-06-08 10:20:00,7425.25,7418.5,31.75
"ZScore_Reversion(20,z=2.0)",SHORT,2026-06-08 10:35:00,2026-06-08 11:05:00,7431.25,7426.25,23.0
"ZScore_Reversion(20,z=2.0)",SHORT,2026-06-08 11:15:00,2026-06-08 13:30:00,7448.25,7457.5,-48.25
"ZScore_Reversion(20,z=2.0)",LONG,2026-06-08 13:35:00,2026-06-08 13:55:00,7445.5,7455.25,46.75
"ZScore_Reversion(20,z=2.0)",LONG,2026-06-08 14:00:00,2026-06-08 14:30:00,7431.25,7447.75,80.5
"ZScore_Reversion(20,z=2.0)",SHORT,2026-06-08 15:00:00,2026-06-08 15:30:00,7473.0,7455.25,86.75
"ZScore_Reversion(20,z=2.0)",LONG,2026-06-08 17:05:00,2026-06-08 17:30:00,7429.75,7442.5,61.75
"ZScore_Reversion(20,z=2.0)",LONG,2026-06-08 19:10:00,2026-06-08 22:50:00,7424.25,7405.75,-94.5
"ZScore_Reversion(20,z=2.0)",LONG,2026-06-09 00:10:00,2026-06-09 01:15:00,7395.75,7400.25,20.5
"ZScore_Reversion(20,z=2.0)",SHORT,2026-06-09 01:25:00,2026-06-09 02:40:00,7413.75,7420.0,-33.25
"ZScore_Reversion(20,z=2.0)",SHORT,2026-06-09 03:15:00,2026-06-09 03:25:00,7426.0,7423.5,10.5
"ZScore_Reversion(20,z=2.0)",SHORT,2026-06-09 03:35:00,2026-06-09 05:10:00,7428.0,7433.5,-29.5
"ZScore_Reversion(20,z=2.0)",SHORT,2026-06-09 05:35:00,2026-06-09 06:00:00,7439.25,7436.75,10.5
"ZScore_Reversion(20,z=2.0)",LONG,2026-06-09 06:55:00,2026-06-09 07:05:00,7431.25,7443.75,60.5
"ZScore_Reversion(20,z=2.0)",SHORT,2026-06-09 07:05:00,2026-06-09 07:15:00,7443.75,7438.25,25.5
"ZScore_Reversion(20,z=2.0)",SHORT,2026-06-09 13:00:00,2026-06-09 14:05:00,7456.25,7462.75,-34.5
"ZScore_Reversion(20,z=2.0)",LONG,2026-06-09 14:20:00,2026-06-09 17:05:00,7422.75,7305.25,-589.5
"ZScore_Reversion(20,z=2.0)",LONG,2026-06-09 22:35:00,2026-06-09 23:10:00,7372.5,7376.0,15.5
"ZScore_Reversion(20,z=2.0)",SHORT,2026-06-10 00:05:00,2026-06-10 00:40:00,7387.5,7372.25,74.25
"ZScore_Reversion(20,z=2.0)",LONG,2026-06-10 04:10:00,2026-06-10 05:35:00,7366.75,7364.0,-15.75
"ZScore_Reversion(20,z=2.0)",SHORT,2026-06-10 06:05:00,2026-06-10 06:55:00,7372.0,7369.75,9.25
"ZScore_Reversion(20,z=2.0)",LONG,2026-06-10 08:05:00,2026-06-10 09:40:00,7358.0,7337.5,-104.5
"ZScore_Reversion(20,z=2.0)",SHORT,2026-06-10 10:45:00,2026-06-10 10:55:00,7344.0,7335.75,39.25
"ZScore_Reversion(20,z=2.0)",LONG,2026-06-10 11:05:00,2026-06-10 11:55:00,7319.0,7322.75,16.75
"ZScore_Reversion(20,z=2.0)",SHORT,2026-06-10 12:35:00,2026-06-10 13:35:00,7353.75,7338.5,74.25
"ZScore_Reversion(20,z=2.0)",SHORT,2026-06-10 13:45:00,2026-06-10 14:45:00,7382.0,7376.5,25.5
"ZScore_Reversion(20,z=2.0)",LONG,2026-06-10 15:15:00,2026-06-10 16:00:00,7327.5,7340.25,61.75
"ZScore_Reversion(20,z=2.0)",LONG,2026-06-10 17:15:00,2026-06-10 17:50:00,7310.25,7323.75,65.5
"ZScore_Reversion(20,z=2.0)",LONG,2026-06-10 20:10:00,2026-06-10 22:40:00,7268.25,7265.25,-17.0
"ZScore_Reversion(20,z=2.0)",LONG,2026-06-10 23:00:00,2026-06-10 23:30:00,7244.0,7257.5,65.5
"ZScore_Reversion(20,z=2.0)",SHORT,2026-06-11 00:20:00,2026-06-11 01:55:00,7274.5,7291.75,-88.25
"ZScore_Reversion(20,z=2.0)",SHORT,2026-06-11 03:55:00,2026-06-11 05:10:00,7302.75,7307.5,-25.75
"ZScore_Reversion(20,z=2.0)",LONG,2026-06-11 06:10:00,2026-06-11 06:15:00,7299.0,7306.5,35.5
"ZScore_Reversion(20,z=2.0)",SHORT,2026-06-11 06:55:00,2026-06-11 09:10:00,7313.5,7334.0,-104.5
"ZScore_Reversion(20,z=2.0)",LONG,2026-06-11 10:15:00,2026-06-11 10:35:00,7332.0,7334.0,8.0
"ZScore_Reversion(20,z=2.0)",LONG,2026-06-11 11:00:00,2026-06-11 11:35:00,7328.75,7328.25,-4.5
"ZScore_Reversion(20,z=2.0)",LONG,2026-06-11 12:25:00,2026-06-11 13:00:00,7309.25,7316.25,33.0
"ZScore_Reversion(20,z=2.0)",SHORT,2026-06-11 13:55:00,2026-06-11 14:25:00,7330.25,7311.25,93.0
"ZScore_Reversion(20,z=2.0)",LONG,2026-06-11 15:00:00,2026-06-11 15:25:00,7275.5,7302.0,130.5
"ZScore_Reversion(20,z=2.0)",SHORT,2026-06-11 16:15:00,2026-06-11 16:30:00,7318.5,7298.0,100.5
"ZScore_Reversion(20,z=2.0)",LONG,2026-06-11 17:05:00,2026-06-11 17:30:00,7278.0,7345.25,334.25
"ZScore_Reversion(20,z=2.0)",SHORT,2026-06-11 17:30:00,2026-06-11 20:00:00,7345.25,7394.5,-248.25
"ZScore_Reversion(20,z=2.0)",SHORT,2026-06-11 23:50:00,2026-06-12 00:05:00,7415.75,7411.25,20.5
"ZScore_Reversion(20,z=2.0)",SHORT,2026-06-12 00:35:00,2026-06-12 00:45:00,7420.0,7412.25,36.75
"ZScore_Reversion(20,z=2.0)",LONG,2026-06-12 01:20:00,2026-06-12 01:55:00,7404.75,7406.25,5.5
"ZScore_Reversion(20,z=2.0)",LONG,2026-06-12 03:25:00,2026-06-12 03:40:00,7400.5,7406.75,29.25
"ZScore_Reversion(20,z=2.0)",LONG,2026-06-12 05:40:00,2026-06-12 07:40:00,7401.0,7387.25,-70.75
"ZScore_Reversion(20,z=2.0)",SHORT,2026-06-12 08:05:00,2026-06-12 10:15:00,7404.75,7436.5,-160.75
"ZScore_Reversion(20,z=2.0)",SHORT,2026-06-12 11:55:00,2026-06-12 12:15:00,7447.5,7434.5,63.0
"ZScore_Reversion(20,z=2.0)",LONG,2026-06-12 12:40:00,2026-06-12 13:30:00,7416.5,7423.75,34.25
"ZScore_Reversion(20,z=2.0)",LONG,2026-06-12 13:45:00,2026-06-12 14:05:00,7375.5,7404.25,141.75
"ZScore_Reversion(20,z=2.0)",SHORT,2026-06-14 22:15:00,2026-06-14 23:20:00,7500.75,7486.75,68.0
"ZScore_Reversion(20,z=2.0)",SHORT,2026-06-15 00:10:00,2026-06-15 03:45:00,7503.5,7519.75,-83.25
"ZScore_Reversion(20,z=2.0)",SHORT,2026-06-15 04:30:00,2026-06-15 06:20:00,7522.75,7527.25,-24.5
"ZScore_Reversion(20,z=2.0)",LONG,2026-06-15 06:35:00,2026-06-15 07:25:00,7524.75,7527.25,10.5
"ZScore_Reversion(20,z=2.0)",LONG,2026-06-15 08:00:00,2026-06-15 08:05:00,7522.25,7526.5,19.25
"ZScore_Reversion(20,z=2.0)",LONG,2026-06-15 09:30:00,2026-06-15 09:35:00,7521.5,7584.75,314.25
"ZScore_Reversion(20,z=2.0)",SHORT,2026-06-15 09:35:00,2026-06-15 11:00:00,7584.75,7592.25,-39.5
"ZScore_Reversion(20,z=2.0)",SHORT,2026-06-15 11:10:00,2026-06-15 11:45:00,7595.25,7592.75,10.5
"ZScore_Reversion(20,z=2.0)",SHORT,2026-06-15 13:35:00,2026-06-15 16:40:00,7608.25,7641.0,-165.75
"ZScore_Reversion(20,z=2.0)",LONG,2026-06-15 18:00:00,2026-06-15 18:45:00,7633.75,7634.0,-0.75
"ZScore_Reversion(20,z=2.0)",LONG,2026-06-15 19:30:00,2026-06-15 19:50:00,7625.0,7629.5,20.5
"ZScore_Reversion(20,z=2.0)",LONG,2026-06-15 19:55:00,2026-06-15 20:00:00,7621.75,7630.25,40.5
"ZScore_Reversion(20,z=2.0)",LONG,2026-06-15 22:15:00,2026-06-15 23:25:00,7621.0,7619.25,-10.75
"ZScore_Reversion(20,z=2.0)",SHORT,2026-06-15 23:55:00,2026-06-16 00:05:00,7621.25,7618.25,13.0
"ZScore_Reversion(20,z=2.0)",LONG,2026-06-16 00:55:00,2026-06-16 01:05:00,7614.5,7618.5,18.0
"ZScore_Reversion(20,z=2.0)",SHORT,2026-06-16 02:35:00,2026-06-16 02:55:00,7619.25,7616.75,10.5
"ZScore_Reversion(20,z=2.0)",SHORT,2026-06-16 03:25:00,2026-06-16 04:10:00,7622.0,7621.5,0.5
"ZScore_Reversion(20,z=2.0)",SHORT,2026-06-16 07:30:00,2026-06-16 07:45:00,7626.5,7622.0,20.5
"ZScore_Reversion(20,z=2.0)",SHORT,2026-06-16 08:10:00,2026-06-16 08:25:00,7629.0,7625.25,16.75
"ZScore_Reversion(20,z=2.0)",SHORT,2026-06-16 11:00:00,2026-06-16 11:55:00,7630.5,7630.5,-2.0
"ZScore_Reversion(20,z=2.0)",LONG,2026-06-16 12:25:00,2026-06-16 13:20:00,7623.25,7626.5,14.25
"ZScore_Reversion(20,z=2.0)",SHORT,2026-06-16 13:35:00,2026-06-16 14:05:00,7634.75,7628.5,29.25
"ZScore_Reversion(20,z=2.0)",LONG,2026-06-16 14:25:00,2026-06-16 15:35:00,7617.25,7613.5,-20.75
"ZScore_Reversion(20,z=2.0)",LONG,2026-06-16 19:10:00,2026-06-16 22:05:00,7598.0,7586.5,-59.5
"ZScore_Reversion(20,z=2.0)",SHORT,2026-06-17 00:35:00,2026-06-17 02:35:00,7598.75,7602.5,-20.75
"ZScore_Reversion(20,z=2.0)",LONG,2026-06-17 03:25:00,2026-06-17 03:40:00,7600.0,7602.25,9.25
"ZScore_Reversion(20,z=2.0)",LONG,2026-06-17 06:30:00,2026-06-17 06:50:00,7602.75,7608.75,28.0
"ZScore_Reversion(20,z=2.0)",SHORT,2026-06-17 06:50:00,2026-06-17 07:20:00,7608.75,7607.75,3.0
"ZScore_Reversion(20,z=2.0)",LONG,2026-06-17 08:15:00,2026-06-17 09:00:00,7598.75,7600.0,4.25
"ZScore_Reversion(20,z=2.0)",LONG,2026-06-17 10:05:00,2026-06-17 10:25:00,7588.25,7593.5,24.25
"ZScore_Reversion(20,z=2.0)",LONG,2026-06-17 11:50:00,2026-06-17 12:10:00,7586.5,7591.5,23.0
"ZScore_Reversion(20,z=2.0)",LONG,2026-06-17 13:40:00,2026-06-17 13:50:00,7586.5,7593.75,34.25
"ZScore_Reversion(20,z=2.0)",LONG,2026-06-17 14:00:00,2026-06-17 14:15:00,7581.25,7594.75,65.5
"ZScore_Reversion(20,z=2.0)",SHORT,2026-06-17 14:25:00,2026-06-17 14:50:00,7603.75,7576.0,136.75
"ZScore_Reversion(20,z=2.0)",LONG,2026-06-17 14:50:00,2026-06-17 15:25:00,7576.0,7581.0,23.0
"ZScore_Reversion(20,z=2.0)",LONG,2026-06-17 17:05:00,2026-06-17 18:40:00,7577.25,7561.0,-83.25
"ZScore_Reversion(20,z=2.0)",LONG,2026-06-17 19:25:00,2026-06-17 20:20:00,7498.25,7502.75,20.5
"ZScore_Reversion(20,z=2.0)",SHORT,2026-06-18 00:05:00,2026-06-18 01:00:00,7549.5,7550.75,-8.25
"ZScore_Reversion(20,z=2.0)",LONG,2026-06-18 03:40:00,2026-06-18 03:55:00,7551.75,7555.0,14.25
"ZScore_Reversion(20,z=2.0)",LONG,2026-06-18 04:15:00,2026-06-18 05:05:00,7549.5,7547.0,-14.5
"ZScore_Reversion(20,z=2.0)",SHORT,2026-06-18 07:00:00,2026-06-18 07:55:00,7556.5,7554.5,8.0
"ZScore_Reversion(20,z=2.0)",SHORT,2026-06-18 08:10:00,2026-06-18 08:25:00,7567.5,7557.5,48.0
"ZScore_Reversion(20,z=2.0)",LONG,2026-06-18 09:00:00,2026-06-18 09:20:00,7548.25,7554.5,29.25
"ZScore_Reversion(20,z=2.0)",LONG,2026-06-18 11:10:00,2026-06-18 12:05:00,7544.0,7544.0,-2.0
"ZScore_Reversion(20,z=2.0)",SHORT,2026-06-18 13:30:00,2026-06-18 13:35:00,7577.25,7557.75,95.5
"ZScore_Reversion(20,z=2.0)",LONG,2026-06-18 19:15:00,2026-06-18 19:35:00,7552.25,7559.75,35.5
"ZScore_Reversion(20,z=2.0)",SHORT,2026-06-18 19:45:00,2026-06-18 20:00:00,7571.0,7564.5,30.5
"ZScore_Reversion(20,z=2.0)",LONG,2026-06-18 22:40:00,2026-06-18 23:25:00,7561.25,7564.25,13.0
"ZScore_Reversion(20,z=2.0)",LONG,2026-06-19 00:15:00,2026-06-19 02:45:00,7557.5,7548.5,-47.0
"ZScore_Reversion(20,z=2.0)",LONG,2026-06-19 03:20:00,2026-06-21 22:25:00,7540.25,7541.5,4.25
"ZScore_Reversion(20,z=2.0)",LONG,2026-06-21 23:05:00,2026-06-22 00:05:00,7528.25,7531.5,14.25
"ZScore_Reversion(20,z=2.0)",LONG,2026-06-22 02:30:00,2026-06-22 03:25:00,7542.25,7540.5,-10.75
"ZScore_Reversion(20,z=2.0)",LONG,2026-06-22 04:05:00,2026-06-22 05:00:00,7533.5,7534.75,4.25
"ZScore_Reversion(20,z=2.0)",SHORT,2026-06-22 05:10:00,2026-06-22 07:45:00,7543.5,7562.25,-95.75
"ZScore_Reversion(20,z=2.0)",LONG,2026-06-22 08:20:00,2026-06-22 08:45:00,7553.5,7559.75,29.25
"ZScore_Reversion(20,z=2.0)",SHORT,2026-06-22 11:05:00,2026-06-22 11:25:00,7567.0,7562.75,19.25
"ZScore_Reversion(20,z=2.0)",SHORT,2026-06-22 12:25:00,2026-06-22 12:55:00,7573.5,7568.75,21.75
"ZScore_Reversion(20,z=2.0)",SHORT,2026-06-22 13:40:00,2026-06-22 14:20:00,7595.5,7581.25,69.25
"ZScore_Reversion(20,z=2.0)",LONG,2026-06-22 14:35:00,2026-06-22 15:40:00,7550.75,7547.75,-17.0
"ZScore_Reversion(20,z=2.0)",LONG,2026-06-22 18:55:00,2026-06-22 20:00:00,7536.5,7540.25,16.75
"ZScore_Reversion(20,z=2.0)",LONG,2026-06-22 22:35:00,2026-06-23 00:00:00,7535.0,7531.75,-18.25
"ZScore_Reversion(20,z=2.0)",LONG,2026-06-23 00:15:00,2026-06-23 00:35:00,7525.25,7529.5,19.25
"ZScore_Reversion(20,z=2.0)",SHORT,2026-06-23 00:45:00,2026-06-23 01:20:00,7541.0,7534.5,30.5
"ZScore_Reversion(20,z=2.0)",LONG,2026-06-23 03:10:00,2026-06-23 08:45:00,7506.75,7434.5,-363.25
"ZScore_Reversion(20,z=2.0)",SHORT,2026-06-23 09:25:00,2026-06-23 10:30:00,7444.0,7439.75,19.25
"ZScore_Reversion(20,z=2.0)",SHORT,2026-06-23 11:55:00,2026-06-23 12:20:00,7453.0,7443.5,45.5
"ZScore_Reversion(20,z=2.0)",LONG,2026-06-23 12:35:00,2026-06-23 13:40:00,7428.0,7436.75,41.75
"ZScore_Reversion(20,z=2.0)",SHORT,2026-06-23 13:50:00,2026-06-23 14:45:00,7457.75,7468.25,-54.5
"ZScore_Reversion(20,z=2.0)",LONG,2026-06-23 15:25:00,2026-06-23 15:55:00,7440.0,7453.0,63.0
"ZScore_Reversion(20,z=2.0)",LONG,2026-06-23 17:55:00,2026-06-23 19:25:00,7456.0,7444.75,-58.25
"ZScore_Reversion(20,z=2.0)",SHORT,2026-06-24 00:00:00,2026-06-24 01:05:00,7446.75,7447.25,-4.5
"ZScore_Reversion(20,z=2.0)",LONG,2026-06-24 02:25:00,2026-06-24 03:15:00,7444.5,7444.75,-0.75
"ZScore_Reversion(20,z=2.0)",LONG,2026-06-24 08:00:00,2026-06-24 08:10:00,7443.0,7448.75,26.75
"ZScore_Reversion(20,z=2.0)",LONG,2026-06-24 09:45:00,2026-06-24 09:55:00,7441.25,7446.25,23.0
"ZScore_Reversion(20,z=2.0)",SHORT,2026-06-24 10:35:00,2026-06-24 10:55:00,7452.5,7449.5,13.0
"ZScore_Reversion(20,z=2.0)",SHORT,2026-06-24 11:40:00,2026-06-24 12:35:00,7456.25,7459.5,-18.25
"ZScore_Reversion(20,z=2.0)",LONG,2026-06-24 13:15:00,2026-06-24 13:40:00,7443.0,7458.5,75.5
"ZScore_Reversion(20,z=2.0)",SHORT,2026-06-24 14:45:00,2026-06-24 15:45:00,7472.75,7481.75,-47.0
"ZScore_Reversion(20,z=2.0)",LONG,2026-06-24 16:40:00,2026-06-24 18:20:00,7461.75,7433.75,-142.0
"ZScore_Reversion(20,z=2.0)",SHORT,2026-06-24 20:05:00,2026-06-24 22:20:00,7450.5,7471.0,-104.5
"ZScore_Reversion(20,z=2.0)",LONG,2026-06-25 00:35:00,2026-06-25 01:35:00,7461.5,7460.5,-7.0
"ZScore_Reversion(20,z=2.0)",SHORT,2026-06-25 05:30:00,2026-06-25 06:55:00,7473.25,7477.5,-23.25
"ZScore_Reversion(20,z=2.0)",SHORT,2026-06-25 07:25:00,2026-06-25 08:15:00,7487.5,7483.5,18.0
"ZScore_Reversion(20,z=2.0)",LONG,2026-06-25 08:55:00,2026-06-25 09:35:00,7478.25,7480.25,8.0
"ZScore_Reversion(20,z=2.0)",LONG,2026-06-25 11:20:00,2026-06-25 12:10:00,7478.75,7480.75,8.0
"ZScore_Reversion(20,z=2.0)",SHORT,2026-06-25 12:35:00,2026-06-25 13:10:00,7489.5,7482.0,35.5
"ZScore_Reversion(20,z=2.0)",LONG,2026-06-25 13:35:00,2026-06-25 14:20:00,7469.5,7452.0,-89.5
"ZScore_Reversion(20,z=2.0)",LONG,2026-06-25 16:45:00,2026-06-25 17:30:00,7417.75,7427.75,48.0
"ZScore_Reversion(20,z=2.0)",SHORT,2026-06-25 18:20:00,2026-06-25 18:50:00,7443.75,7431.0,61.75
"ZScore_Reversion(20,z=2.0)",SHORT,2026-06-25 20:20:00,2026-06-25 20:55:00,7446.75,7434.25,60.5
"ZScore_Reversion(20,z=2.0)",SHORT,2026-06-25 23:20:00,2026-06-25 23:45:00,7447.25,7430.5,81.75
"ZScore_Reversion(20,z=2.0)",LONG,2026-06-26 01:35:00,2026-06-26 03:55:00,7408.75,7376.5,-163.25
"ZScore_Reversion(20,z=2.0)",SHORT,2026-06-26 06:30:00,2026-06-26 08:05:00,7386.75,7405.0,-93.25
"ZScore_Reversion(20,z=2.0)",LONG,2026-06-26 08:50:00,2026-06-26 09:45:00,7392.0,7392.25,-0.75
"ZScore_Reversion(20,z=2.0)",LONG,2026-06-26 11:55:00,2026-06-26 12:10:00,7378.75,7395.75,83.0
"ZScore_Reversion(20,z=2.0)",SHORT,2026-06-26 12:10:00,2026-06-26 12:25:00,7395.75,7390.5,24.25
"ZScore_Reversion(20,z=2.0)",SHORT,2026-06-26 14:00:00,2026-06-26 15:15:00,7401.25,7414.5,-68.25
"ZScore_Reversion(20,z=2.0)",SHORT,2026-06-26 15:40:00,2026-06-26 16:10:00,7451.75,7436.0,76.75
"ZScore_Reversion(20,z=2.0)",LONG,2026-06-26 18:30:00,2026-06-26 19:15:00,7421.5,7420.5,-7.0
"ZScore_Reversion(20,z=2.0)",LONG,2026-06-26 20:00:00,2026-06-26 20:15:00,7379.75,7412.5,161.75
"ZScore_Reversion(20,z=2.0)",LONG,2026-06-29 00:25:00,2026-06-29 01:00:00,7425.25,7438.5,64.25
"ZScore_Reversion(20,z=2.0)",LONG,2026-06-29 02:15:00,2026-06-29 02:25:00,7422.5,7434.25,56.75
"ZScore_Reversion(20,z=2.0)",SHORT,2026-06-29 05:45:00,2026-06-29 06:10:00,7453.25,7447.75,25.5
"ZScore_Reversion(20,z=2.0)",LONG,2026-06-29 07:05:00,2026-06-29 07:25:00,7440.5,7447.5,33.0
"ZScore_Reversion(20,z=2.0)",SHORT,2026-06-29 10:40:00,2026-06-29 11:20:00,7463.75,7460.25,15.5
"ZScore_Reversion(20,z=2.0)",LONG,2026-06-29 13:30:00,2026-06-29 13:35:00,7457.0,7478.0,103.0
"ZScore_Reversion(20,z=2.0)",SHORT,2026-06-29 13:35:00,2026-06-29 14:10:00,7478.0,7439.5,190.5
"ZScore_Reversion(20,z=2.0)",LONG,2026-06-29 14:10:00,2026-06-29 14:30:00,7439.5,7449.5,48.0
"ZScore_Reversion(20,z=2.0)",SHORT,2026-06-29 17:15:00,2026-06-29 18:30:00,7490.5,7492.25,-10.75
"ZScore_Reversion(20,z=2.0)",SHORT,2026-06-29 23:10:00,2026-06-30 00:00:00,7498.0,7495.5,10.5
"ZScore_Reversion(20,z=2.0)",SHORT,2026-06-30 00:15:00,2026-06-30 00:25:00,7499.25,7496.0,14.25
"ZScore_Reversion(20,z=2.0)",LONG,2026-06-30 00:30:00,2026-06-30 00:55:00,7490.75,7492.5,6.75
"ZScore_Reversion(20,z=2.0)",SHORT,2026-06-30 03:35:00,2026-06-30 05:30:00,7498.5,7508.75,-53.25
"ZScore_Reversion(20,z=2.0)",LONG,2026-06-30 06:35:00,2026-06-30 06:50:00,7503.0,7507.0,18.0
"ZScore_Reversion(20,z=2.0)",LONG,2026-06-30 08:40:00,2026-06-30 09:05:00,7497.75,7503.75,28.0
"ZScore_Reversion(20,z=2.0)",SHORT,2026-06-30 11:00:00,2026-06-30 11:35:00,7513.0,7511.0,8.0
"ZScore_Reversion(20,z=2.0)",LONG,2026-06-30 12:15:00,2026-06-30 13:30:00,7502.5,7500.0,-14.5
"ZScore_Reversion(20,z=2.0)",SHORT,2026-06-30 13:45:00,2026-06-30 14:55:00,7506.0,7521.0,-77.0
"ZScore_Reversion(20,z=2.0)",SHORT,2026-06-30 18:50:00,2026-06-30 19:35:00,7560.75,7558.5,9.25
"ZScore_Reversion(20,z=2.0)",LONG,2026-06-30 20:00:00,2026-06-30 22:05:00,7544.75,7545.0,-0.75
"ZScore_Reversion(20,z=2.0)",SHORT,2026-07-01 00:35:00,2026-07-01 00:55:00,7547.75,7546.0,6.75
"ZScore_Reversion(20,z=2.0)",LONG,2026-07-01 01:05:00,2026-07-01 02:45:00,7540.0,7530.5,-49.5
"ZScore_Reversion(20,z=2.0)",LONG,2026-07-01 07:05:00,2026-07-01 07:40:00,7522.5,7521.5,-7.0
"ZScore_Reversion(20,z=2.0)",SHORT,2026-07-01 10:00:00,2026-07-01 10:15:00,7531.0,7528.5,10.5
"ZScore_Reversion(20,z=2.0)",SHORT,2026-07-01 10:20:00,2026-07-01 11:35:00,7532.25,7534.75,-14.5
"ZScore_Reversion(20,z=2.0)",LONG,2026-07-01 11:55:00,2026-07-01 12:30:00,7530.5,7535.75,24.25
"ZScore_Reversion(20,z=2.0)",LONG,2026-07-01 13:35:00,2026-07-01 13:55:00,7508.75,7530.5,106.75
"ZScore_Reversion(20,z=2.0)",SHORT,2026-07-01 14:15:00,2026-07-01 16:40:00,7549.75,7570.0,-103.25
"ZScore_Reversion(20,z=2.0)",LONG,2026-07-01 16:55:00,2026-07-01 17:25:00,7565.0,7566.5,5.5
"ZScore_Reversion(20,z=2.0)",LONG,2026-07-01 18:55:00,2026-07-01 19:05:00,7549.5,7557.5,38.0
"ZScore_Reversion(20,z=2.0)",LONG,2026-07-01 19:55:00,2026-07-01 22:05:00,7546.75,7533.75,-67.0
"ZScore_Reversion(20,z=2.0)",LONG,2026-07-01 23:50:00,2026-07-02 00:25:00,7530.25,7534.75,20.5
"ZScore_Reversion(20,z=2.0)",SHORT,2026-07-02 01:05:00,2026-07-02 03:05:00,7545.25,7555.5,-53.25
"ZScore_Reversion(20,z=2.0)",LONG,2026-07-02 03:25:00,2026-07-02 03:40:00,7551.25,7554.25,13.0
"ZScore_Reversion(20,z=2.0)",LONG,2026-07-02 04:15:00,2026-07-02 05:00:00,7549.25,7548.5,-5.75
"ZScore_Reversion(20,z=2.0)",LONG,2026-07-02 06:15:00,2026-07-02 07:40:00,7533.5,7528.5,-27.0
"ZScore_Reversion(20,z=2.0)",SHORT,2026-07-02 08:35:00,2026-07-02 09:10:00,7540.75,7536.0,21.75
"ZScore_Reversion(20,z=2.0)",LONG,2026-07-02 10:05:00,2026-07-02 10:30:00,7532.5,7537.75,24.25
"ZScore_Reversion(20,z=2.0)",SHORT,2026-07-02 10:40:00,2026-07-02 11:05:00,7543.25,7540.25,13.0
"ZScore_Reversion(20,z=2.0)",SHORT,2026-07-02 12:10:00,2026-07-02 13:10:00,7548.75,7554.5,-30.75
"ZScore_Reversion(20,z=2.0)",SHORT,2026-07-02 13:45:00,2026-07-02 14:25:00,7578.5,7577.25,4.25
"ZScore_Reversion(20,z=2.0)",LONG,2026-07-02 17:05:00,2026-07-02 18:20:00,7488.25,7496.25,38.0
"ZScore_Reversion(20,z=2.0)",SHORT,2026-07-02 19:55:00,2026-07-02 23:15:00,7523.0,7529.75,-35.75
"ZScore_Reversion(20,z=2.0)",SHORT,2026-07-03 01:05:00,2026-07-03 02:40:00,7540.25,7550.0,-50.75
"ZScore_Reversion(20,z=2.0)",SHORT,2026-07-03 03:30:00,2026-07-03 03:55:00,7554.25,7552.0,9.25
"ZScore_Reversion(20,z=2.0)",SHORT,2026-07-05 22:15:00,2026-07-05 22:55:00,7557.5,7564.25,-35.75
"ZScore_Reversion(20,z=2.0)",LONG,2026-07-06 01:25:00,2026-07-06 03:30:00,7557.75,7546.0,-60.75
"ZScore_Reversion(20,z=2.0)",LONG,2026-07-06 03:55:00,2026-07-06 04:05:00,7538.75,7543.0,19.25
"ZScore_Reversion(20,z=2.0)",SHORT,2026-07-06 07:45:00,2026-07-06 08:35:00,7562.5,7559.5,13.0
"ZScore_Reversion(20,z=2.0)",LONG,2026-07-06 09:50:00,2026-07-06 09:55:00,7557.75,7564.75,33.0
"ZScore_Reversion(20,z=2.0)",SHORT,2026-07-06 09:55:00,2026-07-06 10:10:00,7564.75,7560.75,18.0
"ZScore_Reversion(20,z=2.0)",LONG,2026-07-06 12:00:00,2026-07-06 12:50:00,7556.5,7560.0,15.5
"ZScore_Reversion(20,z=2.0)",SHORT,2026-07-06 13:35:00,2026-07-06 13:40:00,7570.0,7561.5,40.5
"ZScore_Reversion(20,z=2.0)",SHORT,2026-07-06 14:15:00,2026-07-06 16:30:00,7572.75,7585.75,-67.0
"ZScore_Reversion(20,z=2.0)",SHORT,2026-07-06 17:10:00,2026-07-06 17:25:00,7593.0,7589.0,18.0
"ZScore_Reversion(20,z=2.0)",LONG,2026-07-06 17:45:00,2026-07-06 18:05:00,7579.5,7585.75,29.25
"ZScore_Reversion(20,z=2.0)",LONG,2026-07-06 23:20:00,2026-07-07 00:25:00,7592.25,7593.25,3.0
"ZScore_Reversion(20,z=2.0)",LONG,2026-07-07 02:35:00,2026-07-07 03:10:00,7580.25,7582.75,10.5
"ZScore_Reversion(20,z=2.0)",LONG,2026-07-07 03:30:00,2026-07-07 05:35:00,7575.25,7569.0,-33.25
"ZScore_Reversion(20,z=2.0)",SHORT,2026-07-07 07:05:00,2026-07-07 07:55:00,7575.75,7574.0,6.75
"ZScore_Reversion(20,z=2.0)",SHORT,2026-07-07 10:05:00,2026-07-07 10:30:00,7583.75,7581.25,10.5
"ZScore_Reversion(20,z=2.0)",LONG,2026-07-07 10:50:00,2026-07-07 11:50:00,7577.0,7577.5,0.5
"ZScore_Reversion(20,z=2.0)",SHORT,2026-07-07 12:10:00,2026-07-07 12:55:00,7582.75,7579.5,14.25
"ZScore_Reversion(20,z=2.0)",LONG,2026-07-07 13:35:00,2026-07-07 13:45:00,7572.75,7580.0,34.25
"ZScore_Reversion(20,z=2.0)",LONG,2026-07-07 13:55:00,2026-07-07 15:45:00,7567.25,7541.25,-132.0
"ZScore_Reversion(20,z=2.0)",SHORT,2026-07-07 16:00:00,2026-07-07 17:20:00,7551.0,7563.75,-65.75
"ZScore_Reversion(20,z=2.0)",LONG,2026-07-07 18:50:00,2026-07-07 19:55:00,7559.25,7554.75,-24.5
"ZScore_Reversion(20,z=2.0)",LONG,2026-07-07 23:55:00,2026-07-08 00:10:00,7541.25,7546.75,25.5
"ZScore_Reversion(20,z=2.0)",SHORT,2026-07-08 00:25:00,2026-07-08 01:30:00,7555.0,7556.75,-10.75
"ZScore_Reversion(20,z=2.0)",LONG,2026-07-08 02:15:00,2026-07-08 02:45:00,7548.0,7552.5,20.5
"ZScore_Reversion(20,z=2.0)",SHORT,2026-07-08 03:30:00,2026-07-08 03:55:00,7559.75,7554.75,23.0
"ZScore_Reversion(20,z=2.0)",LONG,2026-07-08 05:35:00,2026-07-08 06:25:00,7545.25,7544.25,-7.0
"ZScore_Reversion(20,z=2.0)",LONG,2026-07-08 08:20:00,2026-07-08 10:20:00,7521.25,7477.0,-223.25
"ZScore_Reversion(20,z=2.0)",SHORT,2026-07-08 10:40:00,2026-07-08 11:25:00,7486.75,7481.25,25.5
"ZScore_Reversion(20,z=2.0)",SHORT,2026-07-08 11:45:00,2026-07-08 13:00:00,7498.0,7505.5,-39.5
"ZScore_Reversion(20,z=2.0)",SHORT,2026-07-08 13:45:00,2026-07-08 13:50:00,7518.75,7511.75,33.0
"ZScore_Reversion(20,z=2.0)",LONG,2026-07-08 14:40:00,2026-07-08 16:05:00,7498.0,7487.0,-57.0
"ZScore_Reversion(20,z=2.0)",SHORT,2026-07-08 16:45:00,2026-07-08 17:50:00,7514.5,7519.0,-24.5
"ZScore_Reversion(20,z=2.0)",SHORT,2026-07-08 19:55:00,2026-07-08 20:00:00,7531.5,7526.75,21.75
"ZScore_Reversion(20,z=2.0)",LONG,2026-07-08 20:20:00,2026-07-08 22:05:00,7518.5,7521.5,13.0
"ZScore_Reversion(20,z=2.0)",SHORT,2026-07-08 23:45:00,2026-07-09 00:55:00,7524.25,7529.5,-28.25
"ZScore_Reversion(20,z=2.0)",SHORT,2026-07-09 02:20:00,2026-07-09 02:40:00,7540.0,7535.75,19.25
"ZScore_Reversion(20,z=2.0)",SHORT,2026-07-09 05:15:00,2026-07-09 05:25:00,7549.25,7541.5,36.75
"ZScore_Reversion(20,z=2.0)",SHORT,2026-07-09 06:00:00,2026-07-09 06:55:00,7552.25,7549.75,10.5
"ZScore_Reversion(20,z=2.0)",SHORT,2026-07-09 07:45:00,2026-07-09 08:15:00,7556.5,7552.75,16.75
"ZScore_Reversion(20,z=2.0)",LONG,2026-07-09 08:35:00,2026-07-09 10:15:00,7547.75,7541.75,-32.0
"ZScore_Reversion(20,z=2.0)",LONG,2026-07-09 10:50:00,2026-07-09 11:15:00,7533.25,7537.25,18.0
"ZScore_Reversion(20,z=2.0)",SHORT,2026-07-09 12:10:00,2026-07-09 12:50:00,7548.25,7546.25,8.0
"ZScore_Reversion(20,z=2.0)",SHORT,2026-07-09 13:40:00,2026-07-09 14:10:00,7555.0,7553.5,5.5
"ZScore_Reversion(20,z=2.0)",LONG,2026-07-09 14:20:00,2026-07-09 14:30:00,7536.5,7552.75,79.25
"ZScore_Reversion(20,z=2.0)",SHORT,2026-07-09 17:10:00,2026-07-09 18:25:00,7586.75,7588.25,-9.5
"ZScore_Reversion(20,z=2.0)",LONG,2026-07-09 19:05:00,2026-07-09 19:20:00,7583.0,7587.25,19.25
"ZScore_Reversion(20,z=2.0)",SHORT,2026-07-09 20:10:00,2026-07-09 20:25:00,7591.25,7587.5,16.75
"ZScore_Reversion(20,z=2.0)",SHORT,2026-07-09 23:20:00,2026-07-09 23:50:00,7589.5,7587.25,9.25
"ZScore_Reversion(20,z=2.0)",LONG,2026-07-10 00:20:00,2026-07-10 01:00:00,7582.0,7580.75,-8.25
"ZScore_Reversion(20,z=2.0)",SHORT,2026-07-10 02:50:00,2026-07-10 03:25:00,7583.5,7584.0,-4.5
"ZScore_Reversion(20,z=2.0)",LONG,2026-07-10 05:00:00,2026-07-10 05:45:00,7577.75,7578.5,1.75
"ZScore_Reversion(20,z=2.0)",LONG,2026-07-10 06:25:00,2026-07-10 07:05:00,7571.5,7574.5,13.0
"ZScore_Reversion(20,z=2.0)",SHORT,2026-07-10 09:20:00,2026-07-10 11:30:00,7582.0,7586.75,-25.75
"ZScore_Reversion(20,z=2.0)",LONG,2026-07-10 11:40:00,2026-07-10 12:20:00,7582.0,7587.5,25.5
"ZScore_Reversion(20,z=2.0)",SHORT,2026-07-10 13:35:00,2026-07-10 14:25:00,7597.75,7597.5,-0.75
"ZScore_Reversion(20,z=2.0)",LONG,2026-07-10 14:35:00,2026-07-10 14:45:00,7581.25,7593.5,59.25
"ZScore_Reversion(20,z=2.0)",SHORT,2026-07-10 19:05:00,2026-07-10 20:00:00,7623.5,7621.0,10.5
"ZScore_Reversion(20,z=2.0)",SHORT,2026-07-10 20:50:00,2026-07-12 22:15:00,7626.5,7593.5,163.0
"ZScore_Reversion(20,z=2.0)",LONG,2026-07-12 22:15:00,2026-07-12 23:30:00,7593.5,7597.75,19.25
"ZScore_Reversion(20,z=2.0)",SHORT,2026-07-13 00:05:00,2026-07-13 00:35:00,7605.5,7602.25,14.25
"ZScore_Reversion(20,z=2.0)",LONG,2026-07-13 03:05:00,2026-07-13 05:10:00,7584.5,7581.0,-19.5
"ZScore_Reversion(20,z=2.0)",LONG,2026-07-13 05:25:00,2026-07-13 05:40:00,7572.75,7577.25,20.5
"ZScore_Reversion(20,z=2.0)",SHORT,2026-07-13 07:10:00,2026-07-13 07:35:00,7588.5,7584.0,20.5
"ZScore_Reversion(20,z=2.0)",SHORT,2026-07-13 08:15:00,2026-07-13 10:10:00,7596.0,7599.0,-17.0
"ZScore_Reversion(20,z=2.0)",LONG,2026-07-13 11:55:00,2026-07-13 12:50:00,7594.0,7594.5,0.5
"ZScore_Reversion(20,z=2.0)",SHORT,2026-07-13 13:35:00,2026-07-13 13:55:00,7605.25,7597.0,39.25
"ZScore_Reversion(20,z=2.0)",SHORT,2026-07-13 14:00:00,2026-07-13 14:05:00,7607.5,7598.75,41.75
"ZScore_Reversion(20,z=2.0)",LONG,2026-07-13 14:45:00,2026-07-13 15:00:00,7585.75,7598.5,61.75
"ZScore_Reversion(20,z=2.0)",LONG,2026-07-13 16:25:00,2026-07-13 17:10:00,7577.5,7575.75,-10.75
"ZScore_Reversion(20,z=2.0)",LONG,2026-07-13 19:25:00,2026-07-13 19:55:00,7560.5,7562.5,8.0
"ZScore_Reversion(20,z=2.0)",LONG,2026-07-13 23:05:00,2026-07-13 23:55:00,7548.0,7548.25,-0.75
"ZScore_Reversion(20,z=2.0)",SHORT,2026-07-14 00:55:00,2026-07-14 01:35:00,7557.0,7553.5,15.5
"ZScore_Reversion(20,z=2.0)",LONG,2026-07-14 02:25:00,2026-07-14 02:45:00,7540.5,7548.25,36.75
"ZScore_Reversion(20,z=2.0)",SHORT,2026-07-14 04:35:00,2026-07-14 06:30:00,7552.0,7567.5,-79.5
"ZScore_Reversion(20,z=2.0)",LONG,2026-07-14 06:55:00,2026-07-14 07:55:00,7560.25,7561.0,1.75
"ZScore_Reversion(20,z=2.0)",LONG,2026-07-14 08:10:00,2026-07-14 08:25:00,7553.5,7560.0,30.5
"ZScore_Reversion(20,z=2.0)",LONG,2026-07-14 11:05:00,2026-07-14 11:20:00,7547.25,7556.25,43.0
"ZScore_Reversion(20,z=2.0)",SHORT,2026-07-14 12:35:00,2026-07-14 13:20:00,7595.5,7575.0,100.5
"ZScore_Reversion(20,z=2.0)",SHORT,2026-07-14 14:35:00,2026-07-14 14:50:00,7591.0,7579.25,56.75
"ZScore_Reversion(20,z=2.0)",SHORT,2026-07-14 15:10:00,2026-07-14 15:40:00,7598.75,7589.0,46.75
"ZScore_Reversion(20,z=2.0)",LONG,2026-07-14 20:30:00,2026-07-14 20:40:00,7586.0,7589.25,14.25
"ZScore_Reversion(20,z=2.0)",LONG,2026-07-14 22:15:00,2026-07-14 22:20:00,7584.25,7588.5,19.25
"ZScore_Reversion(20,z=2.0)",SHORT,2026-07-14 23:30:00,2026-07-15 00:35:00,7599.5,7599.75,-3.25
"ZScore_Reversion(20,z=2.0)",LONG,2026-07-15 05:30:00,2026-07-15 05:45:00,7603.5,7606.0,10.5
"ZScore_Reversion(20,z=2.0)",LONG,2026-07-15 07:20:00,2026-07-15 07:50:00,7605.5,7604.5,-7.0
"ZScore_Reversion(20,z=2.0)",SHORT,2026-07-15 09:10:00,2026-07-15 09:50:00,7609.75,7607.25,10.5
"ZScore_Reversion(20,z=2.0)",LONG,2026-07-15 10:25:00,2026-07-15 11:05:00,7600.25,7603.0,11.75
"ZScore_Reversion(20,z=2.0)",LONG,2026-07-15 12:10:00,2026-07-15 12:40:00,7596.5,7607.0,50.5
"ZScore_Reversion(20,z=2.0)",SHORT,2026-07-15 12:40:00,2026-07-15 13:50:00,7607.0,7605.5,5.5
"ZScore_Reversion(20,z=2.0)",LONG,2026-07-15 16:05:00,2026-07-15 17:00:00,7590.5,7587.0,-19.5
"ZScore_Reversion(20,z=2.0)",SHORT,2026-07-15 17:50:00,2026-07-15 18:45:00,7610.75,7610.75,-2.0
"ZScore_Reversion(20,z=2.0)",SHORT,2026-07-16 00:05:00,2026-07-16 00:25:00,7623.25,7620.0,14.25
"ZScore_Reversion(20,z=2.0)",LONG,2026-07-16 01:20:00,2026-07-16 01:50:00,7610.75,7618.25,35.5
"ZScore_Reversion(20,z=2.0)",SHORT,2026-07-16 05:15:00,2026-07-16 05:40:00,7626.75,7618.0,41.75
"ZScore_Reversion(20,z=2.0)",LONG,2026-07-16 05:40:00,2026-07-16 06:10:00,7618.0,7621.0,13.0
"ZScore_Reversion(20,z=2.0)",LONG,2026-07-16 07:15:00,2026-07-16 08:40:00,7610.0,7604.75,-28.25
"ZScore_Reversion(20,z=2.0)",LONG,2026-07-16 10:25:00,2026-07-16 10:35:00,7602.0,7607.25,24.25
"ZScore_Reversion(20,z=2.0)",LONG,2026-07-16 11:20:00,2026-07-16 11:25:00,7597.0,7603.0,28.0
"ZScore_Reversion(20,z=2.0)",LONG,2026-07-16 11:50:00,2026-07-16 12:00:00,7584.0,7597.0,63.0
"ZScore_Reversion(20,z=2.0)",LONG,2026-07-16 12:25:00,2026-07-16 13:05:00,7585.0,7591.75,31.75
"ZScore_Reversion(20,z=2.0)",SHORT,2026-07-16 14:10:00,2026-07-16 15:10:00,7603.0,7604.5,-9.5
"ZScore_Reversion(20,z=2.0)",LONG,2026-07-16 16:05:00,2026-07-16 16:55:00,7596.75,7595.25,-9.5
"ZScore_Reversion(20,z=2.0)",LONG,2026-07-16 18:05:00,2026-07-16 19:55:00,7578.25,7568.75,-49.5
"ZScore_Reversion(20,z=2.0)",LONG,2026-07-16 22:55:00,2026-07-17 00:55:00,7564.25,7554.0,-53.25
"ZScore_Reversion(20,z=2.0)",LONG,2026-07-17 01:35:00,2026-07-17 03:10:00,7540.75,7534.25,-34.5
"ZScore_Reversion(20,z=2.0)",LONG,2026-07-17 04:10:00,2026-07-17 06:00:00,7519.75,7511.0,-45.75
"ZScore_Reversion(20,z=2.0)",SHORT,2026-07-17 06:25:00,2026-07-17 06:45:00,7520.75,7515.25,25.5
"ZScore_Reversion(20,z=2.0)",LONG,2026-07-17 08:15:00,2026-07-17 09:15:00,7507.5,7505.5,-12.0
"ZScore_Reversion(20,z=2.0)",LONG,2026-07-17 12:20:00,2026-07-17 13:50:00,7508.5,7495.5,-67.0
"ZScore_Reversion(20,z=2.0)",SHORT,2026-07-17 14:10:00,2026-07-17 14:55:00,7529.0,7519.75,44.25
"ZScore_Reversion(20,z=2.0)",LONG,2026-07-17 17:55:00,2026-07-17 18:55:00,7514.0,7510.75,-18.25
"ZScore_Reversion(20,z=2.0)",LONG,2026-07-17 19:25:00,2026-07-17 19:45:00,7488.5,7500.0,55.5
"ZScore_Reversion(20,z=2.0)",LONG,2026-07-19 22:15:00,2026-07-19 22:20:00,7484.0,7492.5,40.5
"ZScore_Reversion(20,z=2.0)",SHORT,2026-07-20 00:00:00,2026-07-20 00:35:00,7504.5,7504.0,0.5
"ZScore_Reversion(20,z=2.0)",LONG,2026-07-20 01:55:00,2026-07-20 02:05:00,7490.5,7504.25,66.75
"ZScore_Reversion(20,z=2.0)",SHORT,2026-07-20 02:50:00,2026-07-20 03:10:00,7510.25,7502.5,36.75
"ZScore_Reversion(20,z=2.0)",SHORT,2026-07-20 04:40:00,2026-07-20 05:05:00,7510.5,7507.25,14.25
"ZScore_Reversion(20,z=2.0)",SHORT,2026-07-20 07:25:00,2026-07-20 08:35:00,7504.25,7514.75,-54.5
"ZScore_Reversion(20,z=2.0)",SHORT,2026-07-20 09:50:00,2026-07-20 10:15:00,7523.5,7518.25,24.25
"ZScore_Reversion(20,z=2.0)",SHORT,2026-07-20 11:05:00,2026-07-20 12:05:00,7525.75,7525.0,1.75
"ZScore_Reversion(20,z=2.0)",SHORT,2026-07-20 13:35:00,2026-07-20 13:55:00,7544.75,7528.75,78.0
"ZScore_Reversion(20,z=2.0)",SHORT,2026-07-20 16:10:00,2026-07-20 16:35:00,7531.75,7521.75,48.0
"ZScore_Reversion(20,z=2.0)",LONG,2026-07-20 17:05:00,2026-07-20 17:55:00,7509.75,7510.0,-0.75
"ZScore_Reversion(20,z=2.0)",LONG,2026-07-20 18:45:00,2026-07-20 19:35:00,7489.0,7493.0,18.0
"ZScore_Reversion(20,z=2.0)",SHORT,2026-07-20 23:20:00,2026-07-20 23:55:00,7487.0,7483.75,14.25
"ZScore_Reversion(20,z=2.0)",LONG,2026-07-21 02:20:00,2026-07-21 02:30:00,7489.0,7494.0,23.0
"ZScore_Reversion(20,z=2.0)",SHORT,2026-07-21 02:40:00,2026-07-21 05:10:00,7501.0,7513.5,-64.5
"ZScore_Reversion(20,z=2.0)",SHORT,2026-07-21 05:45:00,2026-07-21 07:15:00,7521.25,7522.75,-9.5
"ZScore_Reversion(20,z=2.0)",LONG,2026-07-21 07:30:00,2026-07-21 08:10:00,7517.0,7519.5,10.5
"ZScore_Reversion(20,z=2.0)",SHORT,2026-07-21 09:50:00,2026-07-21 10:20:00,7526.5,7524.0,10.5
"ZScore_Reversion(20,z=2.0)",LONG,2026-07-21 11:05:00,2026-07-21 12:10:00,7517.75,7518.0,-0.75
"ZScore_Reversion(20,z=2.0)",LONG,2026-07-21 12:30:00,2026-07-21 12:50:00,7511.0,7515.0,18.0
"ZScore_Reversion(20,z=2.0)",SHORT,2026-07-21 13:30:00,2026-07-21 13:40:00,7526.0,7515.5,50.5
"ZScore_Reversion(20,z=2.0)",SHORT,2026-07-21 14:30:00,2026-07-21 15:05:00,7531.75,7523.75,38.0
"ZScore_Reversion(20,z=2.0)",LONG,2026-07-21 18:15:00,2026-07-21 18:45:00,7544.75,7548.5,16.75
"ZScore_Reversion(20,z=2.0)",LONG,2026-07-21 20:05:00,2026-07-21 22:05:00,7541.75,7543.25,5.5
"ZScore_Reversion(20,z=2.0)",LONG,2026-07-21 22:50:00,2026-07-21 23:15:00,7538.75,7541.75,13.0
"ZScore_Reversion(20,z=2.0)",SHORT,2026-07-22 00:05:00,2026-07-22 00:25:00,7546.75,7542.75,18.0
"ZScore_Reversion(20,z=2.0)",LONG,2026-07-22 01:05:00,2026-07-22 02:05:00,7537.5,7538.5,3.0
"ZScore_Reversion(20,z=2.0)",LONG,2026-07-22 03:55:00,2026-07-22 04:25:00,7535.5,7539.0,15.5
"ZScore_Reversion(20,z=2.0)",LONG,2026-07-22 05:45:00,2026-07-22 06:00:00,7533.0,7536.0,13.0
"ZScore_Reversion(20,z=2.0)",LONG,2026-07-22 06:20:00,2026-07-22 07:30:00,7529.75,7525.0,-25.75
"ZScore_Reversion(20,z=2.0)",SHORT,2026-07-22 10:25:00,2026-07-22 10:40:00,7532.0,7528.5,15.5
"ZScore_Reversion(20,z=2.0)",LONG,2026-07-22 11:45:00,2026-07-22 12:35:00,7516.25,7521.25,23.0
"ZScore_Reversion(20,z=2.0)",SHORT,2026-07-22 13:25:00,2026-07-22 14:25:00,7526.25,7538.25,-62.0
"ZScore_Reversion(20,z=2.0)",LONG,2026-07-22 17:30:00,2026-07-22 18:55:00,7552.75,7547.75,-27.0
"ZScore_Reversion(20,z=2.0)",LONG,2026-07-22 19:35:00,2026-07-22 19:50:00,7539.75,7543.75,18.0
"ZScore_Reversion(20,z=2.0)",LONG,2026-07-22 20:00:00,2026-07-22 20:15:00,7536.75,7552.75,78.0
"ZScore_Reversion(20,z=2.0)",SHORT,2026-07-22 20:15:00,2026-07-22 20:45:00,7552.75,7544.5,39.25
"ZScore_Reversion(20,z=2.0)",LONG,2026-07-22 22:05:00,2026-07-22 23:35:00,7524.5,7521.0,-19.5
"ZScore_Reversion(20,z=2.0)",SHORT,2026-07-23 00:00:00,2026-07-23 01:30:00,7530.5,7544.5,-72.0
"ZScore_Reversion(20,z=2.0)",LONG,2026-07-23 02:15:00,2026-07-23 03:45:00,7536.25,7527.75,-44.5
"ZScore_Reversion(20,z=2.0)",LONG,2026-07-23 05:55:00,2026-07-23 06:20:00,7521.5,7526.0,20.5
"ZScore_Reversion(20,z=2.0)",LONG,2026-07-23 07:05:00,2026-07-23 08:10:00,7514.75,7511.5,-18.25
"ZScore_Reversion(20,z=2.0)",SHORT,2026-07-23 09:05:00,2026-07-23 09:30:00,7523.25,7513.75,45.5
"ZScore_Reversion(20,z=2.0)",SHORT,2026-07-23 10:50:00,2026-07-23 11:05:00,7521.75,7514.5,34.25
"ZScore_Reversion(20,z=2.0)",LONG,2026-07-23 11:35:00,2026-07-23 13:35:00,7501.25,7472.75,-144.5
"ZScore_Reversion(20,z=2.0)",LONG,2026-07-23 15:15:00,2026-07-23 15:55:00,7426.25,7433.5,34.25
"ZScore_Reversion(20,z=2.0)",SHORT,2026-07-23 16:25:00,2026-07-23 16:50:00,7454.75,7440.25,70.5
"ZScore_Reversion(20,z=2.0)",LONG,2026-07-23 19:45:00,2026-07-23 19:55:00,7424.0,7429.5,25.5
"ZScore_Reversion(20,z=2.0)",SHORT,2026-07-23 20:00:00,2026-07-23 22:05:00,7444.0,7446.25,-13.25
"ZScore_Reversion(20,z=2.0)",SHORT,2026-07-24 00:45:00,2026-07-24 00:55:00,7454.5,7450.0,20.5
"ZScore_Reversion(20,z=2.0)",LONG,2026-07-24 02:35:00,2026-07-24 04:10:00,7446.0,7440.75,-28.25
"ZScore_Reversion(20,z=2.0)",SHORT,2026-07-24 04:30:00,2026-07-24 04:40:00,7444.25,7440.5,16.75
"ZScore_Reversion(20,z=2.0)",SHORT,2026-07-24 05:10:00,2026-07-24 05:55:00,7446.0,7443.75,9.25
"ZScore_Reversion(20,z=2.0)",LONG,2026-07-24 06:50:00,2026-07-24 07:00:00,7434.5,7443.0,40.5
"ZScore_Reversion(20,z=2.0)",SHORT,2026-07-24 07:10:00,2026-07-24 08:05:00,7452.25,7453.0,-5.75
"ZScore_Reversion(20,z=2.0)",SHORT,2026-07-24 09:10:00,2026-07-24 10:05:00,7464.75,7463.5,4.25
"ZScore_Reversion(20,z=2.0)",LONG,2026-07-24 11:35:00,2026-07-24 12:00:00,7457.0,7465.0,38.0
"ZScore_Reversion(20,z=2.0)",SHORT,2026-07-24 12:00:00,2026-07-24 12:35:00,7465.0,7459.75,24.25
"ZScore_Reversion(20,z=2.0)",LONG,2026-07-24 13:55:00,2026-07-24 14:10:00,7436.5,7451.25,71.75
"ZScore_Reversion(20,z=2.0)",SHORT,2026-07-24 15:00:00,2026-07-24 16:35:00,7465.0,7484.25,-98.25
"ZScore_Reversion(20,z=2.0)",LONG,2026-07-24 16:50:00,2026-07-24 17:30:00,7470.75,7476.25,25.5
"ZScore_Reversion(20,z=2.0)",LONG,2026-07-24 18:20:00,2026-07-24 19:40:00,7461.0,7440.5,-104.5
"ZScore_Reversion(20,z=2.0)",SHORT,2026-07-26 22:15:00,2026-07-27 00:20:00,7494.25,7498.5,-23.25
"ZScore_Reversion(20,z=2.0)",SHORT,2026-07-27 03:15:00,2026-07-27 03:35:00,7503.0,7499.75,14.25
"ZScore_Reversion(20,z=2.0)",SHORT,2026-07-27 04:45:00,2026-07-27 06:45:00,7505.25,7513.75,-44.5
"ZScore_Reversion(20,z=2.0)",LONG,2026-07-27 07:40:00,2026-07-27 08:15:00,7509.75,7512.0,9.25
"ZScore_Reversion(20,z=2.0)",SHORT,2026-07-27 09:50:00,2026-07-27 10:15:00,7523.75,7520.75,13.0
"ZScore_Reversion(20,z=2.0)",LONG,2026-07-27 11:15:00,2026-07-27 12:40:00,7517.5,7510.75,-35.75
"ZScore_Reversion(20,z=2.0)",LONG,2026-07-27 13:45:00,2026-07-27 15:05:00,7493.5,7455.75,-190.75
"ZScore_Reversion(20,z=2.0)",LONG,2026-07-27 17:05:00,2026-07-27 17:35:00,7419.5,7429.5,48.0
"ZScore_Reversion(20,z=2.0)",SHORT,2026-07-27 18:55:00,2026-07-27 19:55:00,7443.5,7446.25,-15.75
"ZScore_Reversion(20,z=2.0)",LONG,2026-07-27 23:05:00,2026-07-27 23:25:00,7441.25,7446.25,23.0
"ZScore_Reversion(20,z=2.0)",LONG,2026-07-28 00:25:00,2026-07-28 00:45:00,7438.75,7443.25,20.5
"ZScore_Reversion(20,z=2.0)",LONG,2026-07-28 01:10:00,2026-07-28 01:30:00,7429.75,7437.75,38.0
"ZScore_Reversion(20,z=2.0)",SHORT,2026-07-28 03:40:00,2026-07-28 04:10:00,7438.5,7434.5,18.0
"ZScore_Reversion(20,z=2.0)",LONG,2026-07-28 05:35:00,2026-07-28 06:20:00,7420.5,7424.5,18.0
"ZScore_Reversion(20,z=2.0)",SHORT,2026-07-28 07:00:00,2026-07-28 07:50:00,7430.0,7431.25,-8.25
"ZScore_Reversion(20,z=2.0)",SHORT,2026-07-28 08:25:00,2026-07-28 09:40:00,7442.75,7442.75,-2.0
"ZScore_Reversion(20,z=2.0)",LONG,2026-07-28 10:00:00,2026-07-28 10:20:00,7439.5,7442.0,10.5
"ZScore_Reversion(20,z=2.0)",LONG,2026-07-28 10:40:00,2026-07-28 10:55:00,7436.0,7441.5,25.5
"ZScore_Reversion(20,z=2.0)",LONG,2026-07-28 11:15:00,2026-07-28 11:20:00,7433.5,7446.5,63.0
"ZScore_Reversion(20,z=2.0)",SHORT,2026-07-28 11:20:00,2026-07-28 11:30:00,7446.5,7437.75,41.75
"ZScore_Reversion(20,z=2.0)",SHORT,2026-07-28 12:00:00,2026-07-28 13:05:00,7450.75,7453.75,-17.0
"ZScore_Reversion(20,z=2.0)",LONG,2026-07-28 13:35:00,2026-07-28 14:30:00,7439.75,7434.75,-27.0
"ZScore_Reversion(20,z=2.0)",SHORT,2026-07-28 15:20:00,2026-07-28 16:25:00,7463.25,7472.25,-47.0
"ZScore_Reversion(20,z=2.0)",SHORT,2026-07-28 19:05:00,2026-07-28 19:40:00,7477.0,7468.0,43.0
"ZScore_Reversion(20,z=2.0)",LONG,2026-07-28 22:25:00,2026-07-28 23:15:00,7459.75,7463.5,16.75
"ZScore_Reversion(20,z=2.0)",SHORT,2026-07-28 23:45:00,2026-07-29 00:50:00,7483.0,7490.0,-37.0
"ZScore_Reversion(20,z=2.0)",LONG,2026-07-29 01:15:00,2026-07-29 02:30:00,7472.5,7466.25,-33.25
"ZScore_Reversion(20,z=2.0)",LONG,2026-07-29 03:55:00,2026-07-29 04:55:00,7447.75,7447.75,-2.0
"ZScore_Reversion(20,z=2.0)",SHORT,2026-07-29 05:15:00,2026-07-29 06:05:00,7460.75,7452.75,38.0
"ZScore_Reversion(20,z=2.0)",SHORT,2026-07-29 06:35:00,2026-07-29 07:55:00,7468.0,7478.5,-54.5
"ZScore_Reversion(20,z=2.0)",LONG,2026-07-29 08:25:00,2026-07-29 08:35:00,7471.5,7479.0,35.5
"ZScore_Reversion(20,z=2.0)",LONG,2026-07-29 12:10:00,2026-07-29 15:10:00,7474.75,7412.25,-314.5
"ZScore_Reversion(20,z=2.0)",LONG,2026-07-29 15:55:00,2026-07-29 16:30:00,7390.5,7393.75,14.25
"ZScore_Reversion(20,z=2.0)",SHORT,2026-07-29 17:05:00,2026-07-29 18:35:00,7414.25,7424.0,-50.75
"ZScore_Reversion(20,z=2.0)",SHORT,2026-07-29 18:40:00,2026-07-29 19:10:00,7444.25,7439.0,24.25
"ZScore_Reversion(20,z=2.0)",LONG,2026-07-29 19:40:00,2026-07-29 22:05:00,7369.5,7352.75,-85.75
"ZScore_Reversion(20,z=2.0)",SHORT,2026-07-30 00:10:00,2026-07-30 00:20:00,7384.75,7378.0,31.75
"ZScore_Reversion(20,z=2.0)",SHORT,2026-07-30 01:35:00,2026-07-30 02:20:00,7388.75,7386.5,9.25
"ZScore_Reversion(20,z=2.0)",LONG,2026-07-30 03:00:00,2026-07-30 03:55:00,7378.5,7376.75,-10.75
"ZScore_Reversion(20,z=2.0)",LONG,2026-07-30 05:10:00,2026-07-30 05:20:00,7363.25,7369.75,30.5
"ZScore_Reversion(20,z=2.0)",LONG,2026-07-30 06:20:00,2026-07-30 07:00:00,7362.0,7363.5,5.5
"ZScore_Reversion(20,z=2.0)",SHORT,2026-07-30 07:05:00,2026-07-30 07:20:00,7377.0,7367.0,48.0
"ZScore_Reversion(20,z=2.0)",SHORT,2026-07-30 13:20:00,2026-07-30 14:50:00,7407.5,7425.25,-90.75
"ZScore_Reversion(20,z=2.0)",LONG,2026-07-30 15:15:00,2026-07-30 15:45:00,7401.5,7419.75,89.25
"ZScore_Reversion(20,z=2.0)",SHORT,2026-07-30 19:05:00,2026-07-30 19:55:00,7466.25,7468.5,-13.25
"ZScore_Reversion(20,z=2.0)",SHORT,2026-07-30 20:05:00,2026-07-30 20:40:00,7492.0,7481.25,51.75
"ZScore_Reversion(20,z=2.0)",SHORT,2026-07-31 00:15:00,2026-07-31 00:50:00,7495.5,7492.0,15.5
"ZScore_Reversion(20,z=2.0)",SHORT,2026-07-31 04:35:00,2026-07-31 05:35:00,7505.0,7506.5,-9.5
"ZScore_Reversion(20,z=2.0)",SHORT,2026-07-31 06:15:00,2026-07-31 06:30:00,7510.5,7508.0,10.5
"ZScore_Reversion(20,z=2.0)",LONG,2026-07-31 06:35:00,2026-07-31 07:10:00,7500.0,7501.5,5.5
"ZScore_Reversion(20,z=2.0)",LONG,2026-07-31 11:30:00,2026-07-31 13:10:00,7499.75,7488.0,-60.75
"ZScore_Reversion(20,z=2.0)",SHORT,2026-07-31 13:35:00,2026-07-31 13:40:00,7512.0,7493.25,91.75
"ZScore_Reversion(20,z=2.0)",LONG,2026-07-31 14:05:00,2026-07-31 14:40:00,7454.25,7463.75,45.5
"ZScore_Reversion(20,z=2.0)",SHORT,2026-07-31 16:25:00,2026-07-31 17:50:00,7494.75,7504.25,-49.5
"ZScore_Reversion(20,z=2.0)",SHORT,2026-07-31 19:20:00,2026-07-31 20:00:00,7526.75,7520.25,30.5
"ZScore_Reversion(20,z=2.0)",SHORT,2026-08-02 22:15:00,2026-08-02 23:10:00,7555.5,7544.5,53.0
"ZScore_Reversion(20,z=2.0)",LONG,2026-08-03 05:55:00,2026-08-03 06:15:00,7561.0,7563.5,10.5
"ZScore_Reversion(20,z=2.0)",LONG,2026-08-03 06:30:00,2026-08-03 07:15:00,7559.75,7560.0,-0.75
"ZScore_Reversion(20,z=2.0)",LONG,2026-08-03 08:05:00,2026-08-03 08:40:00,7552.25,7555.5,14.25
"ZScore_Reversion(20,z=2.0)",SHORT,2026-08-03 10:30:00,2026-08-03 11:10:00,7560.0,7559.0,3.0
"ZScore_Reversion(20,z=2.0)",SHORT,2026-08-03 11:35:00,2026-08-03 11:40:00,7565.75,7561.25,20.5
"ZScore_Reversion(20,z=2.0)",LONG,2026-08-03 11:55:00,2026-08-03 12:35:00,7557.0,7561.0,18.0
"ZScore_Reversion(20,z=2.0)",LONG,2026-08-03 13:30:00,2026-08-03 13:35:00,7546.0,7559.25,64.25
"ZScore_Reversion(20,z=2.0)",SHORT,2026-08-03 13:55:00,2026-08-03 16:55:00,7579.5,7612.25,-165.75
"ZScore_Reversion(20,z=2.0)",SHORT,2026-08-03 17:20:00,2026-08-03 18:30:00,7619.25,7627.5,-43.25
"ZScore_Reversion(20,z=2.0)",LONG,2026-08-04 00:20:00,2026-08-04 00:40:00,7632.0,7634.5,10.5
"ZScore_Reversion(20,z=2.0)",SHORT,2026-08-04 01:35:00,2026-08-04 02:30:00,7637.75,7640.25,-14.5
"ZScore_Reversion(20,z=2.0)",SHORT,2026-08-04 06:10:00,2026-08-04 06:35:00,7648.5,7646.75,6.75
"ZScore_Reversion(20,z=2.0)",LONG,2026-08-04 07:10:00,2026-08-04 07:30:00,7642.25,7645.5,14.25
"ZScore_Reversion(20,z=2.0)",LONG,2026-08-04 08:35:00,2026-08-04 09:40:00,7639.5,7637.25,-13.25
"ZScore_Reversion(20,z=2.0)",SHORT,2026-08-04 10:35:00,2026-08-04 12:50:00,7640.5,7651.5,-57.0
"ZScore_Reversion(20,z=2.0)",SHORT,2026-08-04 13:25:00,2026-08-04 18:05:00,7657.5,7765.75,-543.25
"ZScore_Reversion(20,z=2.0)",SHORT,2026-08-04 19:10:00,2026-08-04 19:30:00,7782.25,7775.0,34.25
"ZScore_Reversion(20,z=2.0)",LONG,2026-08-04 20:00:00,2026-08-04 20:05:00,7763.75,7774.25,50.5
"ZScore_Reversion(20,z=2.0)",SHORT,2026-08-05 03:15:00,2026-08-05 03:30:00,7790.75,7787.5,14.25
"ZScore_Reversion(20,z=2.0)",SHORT,2026-08-05 05:15:00,2026-08-05 06:25:00,7794.75,7794.0,1.75
"ZScore_Reversion(20,z=2.0)",LONG,2026-08-05 07:30:00,2026-08-05 08:00:00,7791.0,7792.75,6.75
"ZScore_Reversion(20,z=2.0)",LONG,2026-08-05 08:15:00,2026-08-05 09:10:00,7787.75,7786.75,-7.0
"ZScore_Reversion(20,z=2.0)",SHORT,2026-08-05 10:55:00,2026-08-05 11:30:00,7797.75,7794.5,14.25
"ZScore_Reversion(20,z=2.0)",SHORT,2026-08-05 12:20:00,2026-08-05 12:55:00,7801.75,7799.75,8.0
"ZScore_Reversion(20,z=2.0)",SHORT,2026-08-05 13:10:00,2026-08-05 13:50:00,7807.75,7805.5,9.25
"ZScore_Reversion(20,z=2.0)",SHORT,2026-08-05 14:00:00,2026-08-05 14:05:00,7818.0,7810.0,38.0
"ZScore_Reversion(20,z=2.0)",LONG,2026-08-05 14:40:00,2026-08-05 16:30:00,7791.25,7772.25,-97.0
"ZScore_Reversion(20,z=2.0)",SHORT,2026-08-05 18:05:00,2026-08-05 18:45:00,7773.0,7767.5,25.5
"ZScore_Reversion(20,z=2.0)",LONG,2026-08-05 19:40:00,2026-08-05 20:35:00,7764.0,7760.25,-20.75
"ZScore_Reversion(20,z=2.0)",SHORT,2026-08-05 22:35:00,2026-08-05 23:00:00,7770.5,7764.25,29.25
"ZScore_Reversion(20,z=2.0)",LONG,2026-08-06 00:30:00,2026-08-06 01:50:00,7758.25,7755.25,-17.0
"ZScore_Reversion(20,z=2.0)",SHORT,2026-08-06 02:45:00,2026-08-06 03:20:00,7767.25,7763.25,18.0
"ZScore_Reversion(20,z=2.0)",LONG,2026-08-06 06:15:00,2026-08-06 06:30:00,7756.25,7761.0,21.75
"ZScore_Reversion(20,z=2.0)",LONG,2026-08-06 08:05:00,2026-08-06 09:05:00,7752.5,7759.5,33.0
"ZScore_Reversion(20,z=2.0)",LONG,2026-08-06 11:05:00,2026-08-06 11:30:00,7754.75,7762.25,35.5
"ZScore_Reversion(20,z=2.0)",LONG,2026-08-06 13:10:00,2026-08-06 13:45:00,7749.5,7755.0,25.5
"ZScore_Reversion(20,z=2.0)",SHORT,2026-08-06 13:50:00,2026-08-06 14:30:00,7763.0,7755.0,38.0
"ZScore_Reversion(20,z=2.0)",LONG,2026-08-06 15:20:00,2026-08-06 16:40:00,7739.5,7738.5,-7.0
"ZScore_Reversion(20,z=2.0)",SHORT,2026-08-06 18:20:00,2026-08-06 18:40:00,7743.0,7738.25,21.75
"ZScore_Reversion(20,z=2.0)",LONG,2026-08-07 00:20:00,2026-08-07 00:35:00,7732.5,7739.25,31.75
"ZScore_Reversion(20,z=2.0)",LONG,2026-08-07 02:40:00,2026-08-07 02:50:00,7727.75,7733.0,24.25
"ZScore_Reversion(20,z=2.0)",SHORT,2026-08-07 05:05:00,2026-08-07 05:50:00,7733.5,7733.25,-0.75
"ZScore_Reversion(20,z=2.0)",SHORT,2026-08-07 06:15:00,2026-08-07 06:45:00,7737.5,7734.5,13.0
"ZScore_Reversion(20,z=2.0)",SHORT,2026-08-07 07:15:00,2026-08-07 10:00:00,7742.25,7746.0,-20.75
"ZScore_Reversion(20,z=2.0)",SHORT,2026-08-07 11:05:00,2026-08-07 12:00:00,7749.25,7748.5,1.75
"ZScore_Reversion(20,z=2.0)",SHORT,2026-08-07 12:35:00,2026-08-07 13:10:00,7766.0,7765.75,-0.75
"ZScore_Reversion(20,z=2.0)",LONG,2026-08-07 14:15:00,2026-08-07 14:20:00,7746.0,7765.75,96.75
"ZScore_Reversion(20,z=2.0)",LONG,2026-08-07 16:30:00,2026-08-07 17:20:00,7764.75,7770.5,26.75
"ZScore_Reversion(20,z=2.0)",LONG,2026-08-07 18:15:00,2026-08-07 19:00:00,7763.25,7764.25,3.0
"ZScore_Reversion(20,z=2.0)",SHORT,2026-08-07 19:15:00,2026-08-07 20:20:00,7776.75,7775.75,3.0
"ZScore_Reversion(20,z=2.0)",SHORT,2026-08-09 22:10:00,2026-08-09 22:15:00,7772.0,7768.25,16.75
"ZScore_Reversion(20,z=2.0)",LONG,2026-08-09 22:15:00,2026-08-09 23:05:00,7768.25,7769.75,5.5
"ZScore_Reversion(20,z=2.0)",SHORT,2026-08-10 00:10:00,2026-08-10 00:25:00,7775.25,7772.0,14.25
"ZScore_Reversion(20,z=2.0)",SHORT,2026-08-10 01:20:00,2026-08-10 02:20:00,7778.5,7778.25,-0.75
"ZScore_Reversion(20,z=2.0)",SHORT,2026-08-10 05:10:00,2026-08-10 06:30:00,7789.75,7785.25,20.5
"ZScore_Reversion(20,z=2.0)",LONG,2026-08-10 06:30:00,2026-08-10 07:20:00,7785.25,7787.5,9.25
"ZScore_Reversion(20,z=2.0)",LONG,2026-08-10 10:15:00,2026-08-10 10:25:00,7786.75,7790.75,18.0
"ZScore_Reversion(20,z=2.0)",LONG,2026-08-10 10:40:00,2026-08-10 11:30:00,7786.0,7785.75,-3.25
"ZScore_Reversion(20,z=2.0)",LONG,2026-08-10 12:25:00,2026-08-10 13:15:00,7777.25,7776.0,-8.25
"ZScore_Reversion(20,z=2.0)",SHORT,2026-08-10 14:00:00,2026-08-10 14:55:00,7780.75,7785.0,-23.25
"ZScore_Reversion(20,z=2.0)",LONG,2026-08-10 16:35:00,2026-08-10 17:10:00,7773.75,7777.5,16.75
"ZScore_Reversion(20,z=2.0)",SHORT,2026-08-10 19:10:00,2026-08-10 19:30:00,7780.75,7776.0,21.75
"ZScore_Reversion(20,z=2.0)",LONG,2026-08-10 22:35:00,2026-08-10 23:50:00,7772.25,7772.0,-3.25
"ZScore_Reversion(20,z=2.0)",SHORT,2026-08-11 00:15:00,2026-08-11 02:00:00,7776.25,7783.0,-35.75
"ZScore_Reversion(20,z=2.0)",SHORT,2026-08-11 03:25:00,2026-08-11 04:05:00,7788.5,7787.0,5.5
"ZScore_Reversion(20,z=2.0)",SHORT,2026-08-11 05:15:00,2026-08-11 05:25:00,7788.75,7785.25,15.5
"ZScore_Reversion(20,z=2.0)",LONG,2026-08-11 05:25:00,2026-08-11 07:35:00,7785.25,7776.0,-48.25
"ZScore_Reversion(20,z=2.0)",SHORT,2026-08-11 10:25:00,2026-08-11 11:35:00,7782.25,7787.0,-25.75
"ZScore_Reversion(20,z=2.0)",LONG,2026-08-11 13:35:00,2026-08-11 14:05:00,7780.75,7784.75,18.0
"ZScore_Reversion(20,z=2.0)",LONG,2026-08-11 15:10:00,2026-08-11 17:45:00,7773.5,7758.0,-79.5
"ZScore_Reversion(20,z=2.0)",LONG,2026-08-11 18:30:00,2026-08-11 19:15:00,7740.5,7748.0,35.5
"ZScore_Reversion(20,z=2.0)",LONG,2026-08-12 00:10:00,2026-08-12 00:15:00,7750.0,7752.0,8.0
"ZScore_Reversion(20,z=2.0)",LONG,2026-08-12 01:25:00,2026-08-12 01:45:00,7749.5,7752.25,11.75
"ZScore_Reversion(20,z=2.0)",SHORT,2026-08-12 02:50:00,2026-08-12 03:40:00,7754.5,7754.25,-0.75
"ZScore_Reversion(20,z=2.0)",SHORT,2026-08-12 04:50:00,2026-08-12 05:10:00,7757.5,7756.0,5.5
"ZScore_Reversion(20,z=2.0)",SHORT,2026-08-12 06:40:00,2026-08-12 06:45:00,7758.25,7756.75,5.5
"ZScore_Reversion(20,z=2.0)",SHORT,2026-08-12 07:00:00,2026-08-12 07:25:00,7759.5,7758.25,4.25
"ZScore_Reversion(20,z=2.0)",SHORT,2026-08-12 09:25:00,2026-08-12 09:55:00,7771.5,7765.25,29.25
"ZScore_Reversion(20,z=2.0)",SHORT,2026-08-12 12:30:00,2026-08-12 13:50:00,7783.0,7780.0,13.0
"ZScore_Reversion(20,z=2.0)",LONG,2026-08-12 14:05:00,2026-08-12 14:25:00,7764.0,7774.0,48.0
"ZScore_Reversion(20,z=2.0)",SHORT,2026-08-12 16:40:00,2026-08-12 17:30:00,7772.0,7772.75,-5.75
"ZScore_Reversion(20,z=2.0)",SHORT,2026-08-12 18:15:00,2026-08-12 19:00:00,7775.5,7774.75,1.75
"ZScore_Reversion(20,z=2.0)",LONG,2026-08-12 19:55:00,2026-08-12 20:05:00,7767.0,7774.5,35.5
"ZScore_Reversion(20,z=2.0)",SHORT,2026-08-12 23:15:00,2026-08-12 23:55:00,7771.25,7769.0,9.25
"ZScore_Reversion(20,z=2.0)",LONG,2026-08-13 01:15:00,2026-08-13 02:35:00,7766.25,7768.25,8.0
"ZScore_Reversion(20,z=2.0)",SHORT,2026-08-13 04:50:00,2026-08-13 05:55:00,7777.0,7777.75,-5.75
"ZScore_Reversion(20,z=2.0)",LONG,2026-08-13 06:45:00,2026-08-13 07:00:00,7775.0,7778.0,13.0
"ZScore_Reversion(20,z=2.0)",SHORT,2026-08-13 09:45:00,2026-08-13 11:25:00,7783.25,7783.75,-4.5
"ZScore_Reversion(20,z=2.0)",SHORT,2026-08-13 11:35:00,2026-08-13 12:20:00,7786.0,7779.25,31.75
"ZScore_Reversion(20,z=2.0)",LONG,2026-08-13 12:20:00,2026-08-13 12:30:00,7779.25,7783.0,16.75
"ZScore_Reversion(20,z=2.0)",SHORT,2026-08-13 13:35:00,2026-08-13 14:50:00,7798.25,7821.0,-115.75
"ZScore_Reversion(20,z=2.0)",LONG,2026-08-13 15:30:00,2026-08-13 16:30:00,7806.0,7809.5,15.5
"ZScore_Reversion(20,z=2.0)",SHORT,2026-08-13 17:10:00,2026-08-13 17:40:00,7816.75,7812.25,20.5
"ZScore_Reversion(20,z=2.0)",SHORT,2026-08-13 18:45:00,2026-08-13 19:45:00,7820.5,7821.75,-8.25
"ZScore_Reversion(20,z=2.0)",SHORT,2026-08-13 23:15:00,2026-08-13 23:25:00,7827.5,7825.5,8.0
"ZScore_Reversion(20,z=2.0)",LONG,2026-08-14 01:05:00,2026-08-14 01:40:00,7821.25,7824.0,11.75
"ZScore_Reversion(20,z=2.0)",SHORT,2026-08-14 07:45:00,2026-08-14 09:05:00,7823.75,7825.0,-8.25
"ZScore_Reversion(20,z=2.0)",SHORT,2026-08-14 11:50:00,2026-08-14 12:25:00,7830.0,7825.0,23.0
"ZScore_Reversion(20,z=2.0)",LONG,2026-08-14 12:25:00,2026-08-14 12:30:00,7825.0,7828.25,14.25
"ZScore_Reversion(20,z=2.0)",LONG,2026-08-14 13:35:00,2026-08-14 13:55:00,7824.25,7827.25,13.0
"ZScore_Reversion(20,z=2.0)",LONG,2026-08-14 14:20:00,2026-08-14 16:05:00,7820.75,7806.5,-73.25
"ZScore_Reversion(20,z=2.0)",LONG,2026-08-14 20:10:00,2026-08-14 20:35:00,7801.0,7802.75,6.75
"ZScore_Reversion(20,z=2.0)",SHORT,2026-08-16 22:15:00,2026-08-16 23:20:00,7810.75,7809.25,5.5
"ZScore_Reversion(20,z=2.0)",SHORT,2026-08-16 23:50:00,2026-08-17 00:50:00,7812.25,7809.75,10.5
"Stochastic_Reversion(14,20/80)",SHORT,2026-05-31 23:35:00,2026-06-01 01:05:00,7603.5,7609.5,-32.0
"Stochastic_Reversion(14,20/80)",SHORT,2026-06-01 02:00:00,2026-06-01 02:55:00,7613.75,7614.75,-7.0
"Stochastic_Reversion(14,20/80)",SHORT,2026-06-01 03:35:00,2026-06-01 03:45:00,7618.5,7612.75,26.75
"Stochastic_Reversion(14,20/80)",SHORT,2026-06-01 05:05:00,2026-06-01 05:30:00,7617.0,7614.5,10.5
"Stochastic_Reversion(14,20/80)",LONG,2026-06-01 07:45:00,2026-06-01 08:45:00,7609.0,7609.5,0.5
"Stochastic_Reversion(14,20/80)",SHORT,2026-06-01 09:05:00,2026-06-01 09:50:00,7615.75,7611.25,20.5
"Stochastic_Reversion(14,20/80)",SHORT,2026-06-01 10:40:00,2026-06-01 11:50:00,7616.75,7618.25,-9.5
"Stochastic_Reversion(14,20/80)",LONG,2026-06-01 12:15:00,2026-06-01 14:25:00,7608.5,7590.25,-93.25
"Stochastic_Reversion(14,20/80)",LONG,2026-06-01 19:45:00,2026-06-01 23:20:00,7618.75,7596.0,-115.75
"Stochastic_Reversion(14,20/80)",LONG,2026-06-02 00:20:00,2026-06-02 02:35:00,7586.75,7581.0,-30.75
"Stochastic_Reversion(14,20/80)",SHORT,2026-06-02 04:35:00,2026-06-02 08:20:00,7585.0,7606.75,-110.75
"Stochastic_Reversion(14,20/80)",SHORT,2026-06-02 14:15:00,2026-06-02 16:00:00,7609.5,7624.75,-78.25
"Stochastic_Reversion(14,20/80)",LONG,2026-06-02 16:40:00,2026-06-02 16:50:00,7620.0,7624.5,20.5
"Stochastic_Reversion(14,20/80)",LONG,2026-06-02 17:35:00,2026-06-02 18:50:00,7618.25,7618.0,-3.25
"Stochastic_Reversion(14,20/80)",SHORT,2026-06-02 20:00:00,2026-06-02 22:05:00,7623.5,7623.25,-0.75
"Stochastic_Reversion(14,20/80)",LONG,2026-06-02 23:15:00,2026-06-02 23:40:00,7615.75,7616.25,0.5
"Stochastic_Reversion(14,20/80)",SHORT,2026-06-03 00:10:00,2026-06-03 01:05:00,7622.75,7621.5,4.25
"Stochastic_Reversion(14,20/80)",LONG,2026-06-03 09:45:00,2026-06-03 10:10:00,7615.5,7617.25,6.75
"Stochastic_Reversion(14,20/80)",SHORT,2026-06-03 11:40:00,2026-06-03 12:10:00,7619.0,7616.5,10.5
"Stochastic_Reversion(14,20/80)",LONG,2026-06-03 12:35:00,2026-06-03 13:35:00,7608.25,7609.5,4.25
"Stochastic_Reversion(14,20/80)",LONG,2026-06-03 16:30:00,2026-06-03 16:50:00,7570.0,7572.75,11.75
"Stochastic_Reversion(14,20/80)",SHORT,2026-06-03 18:00:00,2026-06-03 19:05:00,7583.0,7577.75,24.25
"Stochastic_Reversion(14,20/80)",LONG,2026-06-03 19:35:00,2026-06-03 19:40:00,7575.5,7580.75,24.25
"Stochastic_Reversion(14,20/80)",LONG,2026-06-03 20:50:00,2026-06-03 23:00:00,7545.0,7543.5,-9.5
"Stochastic_Reversion(14,20/80)",LONG,2026-06-03 23:45:00,2026-06-04 00:05:00,7531.0,7541.5,50.5
"Stochastic_Reversion(14,20/80)",SHORT,2026-06-04 01:15:00,2026-06-04 01:45:00,7549.25,7544.75,20.5
"Stochastic_Reversion(14,20/80)",LONG,2026-06-04 02:20:00,2026-06-04 02:50:00,7531.5,7538.25,31.75
"Stochastic_Reversion(14,20/80)",SHORT,2026-06-04 03:40:00,2026-06-04 03:50:00,7543.0,7538.75,19.25
"Stochastic_Reversion(14,20/80)",SHORT,2026-06-04 04:20:00,2026-06-04 05:10:00,7546.0,7540.0,28.0
"Stochastic_Reversion(14,20/80)",SHORT,2026-06-04 06:50:00,2026-06-04 08:05:00,7549.5,7550.75,-8.25
"Stochastic_Reversion(14,20/80)",LONG,2026-06-04 09:10:00,2026-06-04 09:35:00,7538.0,7544.0,28.0
"Stochastic_Reversion(14,20/80)",SHORT,2026-06-04 10:00:00,2026-06-04 10:20:00,7547.75,7540.25,35.5
"Stochastic_Reversion(14,20/80)",SHORT,2026-06-04 12:55:00,2026-06-04 13:45:00,7550.5,7548.25,9.25
"Stochastic_Reversion(14,20/80)",SHORT,2026-06-04 14:35:00,2026-06-04 19:00:00,7567.5,7604.5,-187.0
"Stochastic_Reversion(14,20/80)",LONG,2026-06-04 20:10:00,2026-06-04 22:55:00,7595.25,7585.0,-53.25
"Stochastic_Reversion(14,20/80)",LONG,2026-06-04 23:50:00,2026-06-05 01:55:00,7574.75,7557.0,-90.75
"Stochastic_Reversion(14,20/80)",SHORT,2026-06-05 02:20:00,2026-06-05 03:05:00,7562.25,7561.0,4.25
"Stochastic_Reversion(14,20/80)",LONG,2026-06-05 03:55:00,2026-06-05 04:40:00,7555.25,7560.75,25.5
"Stochastic_Reversion(14,20/80)",SHORT,2026-06-05 05:00:00,2026-06-05 05:10:00,7564.0,7560.0,18.0
"Stochastic_Reversion(14,20/80)",LONG,2026-06-05 06:00:00,2026-06-05 06:05:00,7558.0,7561.5,15.5
"Stochastic_Reversion(14,20/80)",LONG,2026-06-05 06:30:00,2026-06-05 07:30:00,7555.5,7555.25,-3.25
"Stochastic_Reversion(14,20/80)",SHORT,2026-06-05 07:40:00,2026-06-05 09:00:00,7557.75,7560.5,-15.75
"Stochastic_Reversion(14,20/80)",LONG,2026-06-05 11:20:00,2026-06-05 11:30:00,7565.75,7568.5,11.75
"Stochastic_Reversion(14,20/80)",LONG,2026-06-05 13:20:00,2026-06-05 14:20:00,7547.75,7533.25,-74.5
"Stochastic_Reversion(14,20/80)",LONG,2026-06-05 15:20:00,2026-06-05 17:25:00,7510.75,7465.0,-230.75
"Stochastic_Reversion(14,20/80)",LONG,2026-06-05 18:25:00,2026-06-05 19:40:00,7439.5,7411.75,-140.75
"Stochastic_Reversion(14,20/80)",LONG,2026-06-05 20:25:00,2026-06-07 22:10:00,7366.75,7369.0,9.25
"Stochastic_Reversion(14,20/80)",SHORT,2026-06-07 23:55:00,2026-06-08 01:15:00,7397.75,7406.0,-43.25
"Stochastic_Reversion(14,20/80)",SHORT,2026-06-08 02:50:00,2026-06-08 04:05:00,7417.75,7413.5,19.25
"Stochastic_Reversion(14,20/80)",LONG,2026-06-08 04:50:00,2026-06-08 06:25:00,7404.25,7399.5,-25.75
"Stochastic_Reversion(14,20/80)",SHORT,2026-06-08 07:30:00,2026-06-08 08:25:00,7421.0,7416.0,23.0
"Stochastic_Reversion(14,20/80)",SHORT,2026-06-08 11:25:00,2026-06-08 13:30:00,7447.0,7457.5,-54.5
"Stochastic_Reversion(14,20/80)",SHORT,2026-06-08 15:05:00,2026-06-08 15:30:00,7469.25,7455.25,68.0
"Stochastic_Reversion(14,20/80)",LONG,2026-06-08 16:40:00,2026-06-08 18:05:00,7439.75,7438.5,-8.25
"Stochastic_Reversion(14,20/80)",LONG,2026-06-08 19:20:00,2026-06-08 22:50:00,7414.5,7405.75,-45.75
"Stochastic_Reversion(14,20/80)",SHORT,2026-06-08 23:20:00,2026-06-08 23:50:00,7412.0,7408.75,14.25
"Stochastic_Reversion(14,20/80)",LONG,2026-06-09 00:15:00,2026-06-09 01:15:00,7397.5,7400.25,11.75
"Stochastic_Reversion(14,20/80)",SHORT,2026-06-09 01:30:00,2026-06-09 02:40:00,7413.75,7420.0,-33.25
"Stochastic_Reversion(14,20/80)",SHORT,2026-06-09 03:20:00,2026-06-09 05:15:00,7426.5,7434.0,-39.5
"Stochastic_Reversion(14,20/80)",SHORT,2026-06-09 08:50:00,2026-06-09 09:35:00,7446.25,7444.5,6.75
"Stochastic_Reversion(14,20/80)",LONG,2026-06-09 12:30:00,2026-06-09 12:35:00,7443.75,7452.75,43.0
"Stochastic_Reversion(14,20/80)",SHORT,2026-06-09 13:40:00,2026-06-09 14:00:00,7466.0,7465.25,1.75
"Stochastic_Reversion(14,20/80)",LONG,2026-06-09 14:55:00,2026-06-09 17:05:00,7387.25,7305.25,-412.0
"Stochastic_Reversion(14,20/80)",SHORT,2026-06-09 17:25:00,2026-06-09 19:20:00,7326.0,7358.5,-164.5
"Stochastic_Reversion(14,20/80)",LONG,2026-06-09 22:40:00,2026-06-09 23:50:00,7371.5,7372.25,1.75
"Stochastic_Reversion(14,20/80)",SHORT,2026-06-10 00:10:00,2026-06-10 00:35:00,7389.25,7371.5,86.75
"Stochastic_Reversion(14,20/80)",SHORT,2026-06-10 01:40:00,2026-06-10 02:00:00,7385.75,7380.25,25.5
"Stochastic_Reversion(14,20/80)",LONG,2026-06-10 04:40:00,2026-06-10 05:30:00,7360.75,7366.75,28.0
"Stochastic_Reversion(14,20/80)",SHORT,2026-06-10 06:10:00,2026-06-10 07:00:00,7372.0,7368.5,15.5
"Stochastic_Reversion(14,20/80)",LONG,2026-06-10 08:25:00,2026-06-10 09:55:00,7355.75,7335.5,-103.25
"Stochastic_Reversion(14,20/80)",LONG,2026-06-10 11:45:00,2026-06-10 12:10:00,7311.75,7327.25,75.5
"Stochastic_Reversion(14,20/80)",SHORT,2026-06-10 12:55:00,2026-06-10 13:35:00,7360.0,7338.5,105.5
"Stochastic_Reversion(14,20/80)",SHORT,2026-06-10 13:50:00,2026-06-10 14:50:00,7386.75,7370.25,80.5
"Stochastic_Reversion(14,20/80)",LONG,2026-06-10 15:05:00,2026-06-10 16:30:00,7351.5,7327.25,-123.25
"Stochastic_Reversion(14,20/80)",LONG,2026-06-10 17:20:00,2026-06-10 17:50:00,7310.0,7323.75,66.75
"Stochastic_Reversion(14,20/80)",LONG,2026-06-10 18:55:00,2026-06-10 19:40:00,7298.0,7296.25,-10.75
"Stochastic_Reversion(14,20/80)",LONG,2026-06-10 20:10:00,2026-06-10 22:40:00,7268.25,7265.25,-17.0
"Stochastic_Reversion(14,20/80)",SHORT,2026-06-11 01:30:00,2026-06-11 02:00:00,7304.25,7287.75,80.5
"Stochastic_Reversion(14,20/80)",LONG,2026-06-11 02:35:00,2026-06-11 03:00:00,7276.25,7289.5,64.25
"Stochastic_Reversion(14,20/80)",SHORT,2026-06-11 03:50:00,2026-06-11 05:10:00,7298.0,7307.5,-49.5
"Stochastic_Reversion(14,20/80)",SHORT,2026-06-11 07:05:00,2026-06-11 09:25:00,7318.75,7333.75,-77.0
"Stochastic_Reversion(14,20/80)",SHORT,2026-06-11 12:15:00,2026-06-11 12:25:00,7332.25,7309.25,113.0
"Stochastic_Reversion(14,20/80)",SHORT,2026-06-11 16:20:00,2026-06-11 16:30:00,7317.25,7298.0,94.25
"Stochastic_Reversion(14,20/80)",LONG,2026-06-11 17:05:00,2026-06-11 17:30:00,7278.0,7345.25,334.25
"Stochastic_Reversion(14,20/80)",SHORT,2026-06-11 17:40:00,2026-06-11 18:40:00,7362.75,7363.0,-3.25
"Stochastic_Reversion(14,20/80)",SHORT,2026-06-11 19:10:00,2026-06-11 20:00:00,7381.5,7394.5,-67.0
"Stochastic_Reversion(14,20/80)",SHORT,2026-06-11 23:55:00,2026-06-12 00:45:00,7414.5,7412.25,9.25
"Stochastic_Reversion(14,20/80)",LONG,2026-06-12 01:30:00,2026-06-12 02:00:00,7398.75,7410.25,55.5
"Stochastic_Reversion(14,20/80)",SHORT,2026-06-12 02:15:00,2026-06-12 02:30:00,7412.5,7406.0,30.5
"Stochastic_Reversion(14,20/80)",SHORT,2026-06-12 04:40:00,2026-06-12 05:35:00,7408.0,7406.25,6.75
"Stochastic_Reversion(14,20/80)",LONG,2026-06-12 07:00:00,2026-06-12 07:40:00,7388.0,7387.25,-5.75
"Stochastic_Reversion(14,20/80)",SHORT,2026-06-12 08:25:00,2026-06-12 10:20:00,7423.0,7433.75,-55.75
"Stochastic_Reversion(14,20/80)",LONG,2026-06-12 10:40:00,2026-06-12 11:20:00,7423.25,7432.25,43.0
"Stochastic_Reversion(14,20/80)",SHORT,2026-06-12 12:00:00,2026-06-12 12:15:00,7443.0,7434.5,40.5
"Stochastic_Reversion(14,20/80)",LONG,2026-06-12 12:35:00,2026-06-12 13:30:00,7424.25,7423.75,-4.5
"Stochastic_Reversion(14,20/80)",LONG,2026-06-12 13:55:00,2026-06-12 14:05:00,7377.25,7404.25,133.0
"Stochastic_Reversion(14,20/80)",SHORT,2026-06-12 15:05:00,2026-06-12 15:50:00,7437.75,7412.0,126.75
"Stochastic_Reversion(14,20/80)",SHORT,2026-06-12 17:10:00,2026-06-12 17:35:00,7439.75,7431.75,38.0
"Stochastic_Reversion(14,20/80)",SHORT,2026-06-12 18:50:00,2026-06-12 19:00:00,7437.75,7428.0,46.75
"Stochastic_Reversion(14,20/80)",SHORT,2026-06-12 20:25:00,2026-06-14 22:10:00,7440.75,7500.25,-299.5
"Stochastic_Reversion(14,20/80)",SHORT,2026-06-14 22:25:00,2026-06-14 23:20:00,7501.5,7486.75,71.75
"Stochastic_Reversion(14,20/80)",SHORT,2026-06-15 00:15:00,2026-06-15 01:20:00,7508.75,7508.25,0.5
"Stochastic_Reversion(14,20/80)",SHORT,2026-06-15 01:55:00,2026-06-15 03:45:00,7512.75,7519.75,-37.0
"Stochastic_Reversion(14,20/80)",SHORT,2026-06-15 04:40:00,2026-06-15 06:10:00,7524.0,7529.5,-29.5
"Stochastic_Reversion(14,20/80)",SHORT,2026-06-15 09:45:00,2026-06-15 11:45:00,7584.5,7592.75,-43.25
"Stochastic_Reversion(14,20/80)",SHORT,2026-06-15 13:30:00,2026-06-15 14:45:00,7599.25,7613.75,-74.5
"Stochastic_Reversion(14,20/80)",SHORT,2026-06-15 15:20:00,2026-06-15 16:50:00,7627.5,7638.75,-58.25
"Stochastic_Reversion(14,20/80)",LONG,2026-06-15 18:10:00,2026-06-15 18:55:00,7631.5,7633.0,5.5
"Stochastic_Reversion(14,20/80)",LONG,2026-06-15 19:40:00,2026-06-15 20:00:00,7624.75,7630.25,25.5
"Stochastic_Reversion(14,20/80)",LONG,2026-06-16 00:55:00,2026-06-16 01:50:00,7614.5,7618.25,16.75
"Stochastic_Reversion(14,20/80)",SHORT,2026-06-16 03:45:00,2026-06-16 04:10:00,7626.5,7621.5,23.0
"Stochastic_Reversion(14,20/80)",SHORT,2026-06-16 10:45:00,2026-06-16 12:05:00,7627.0,7630.75,-20.75
"Stochastic_Reversion(14,20/80)",SHORT,2026-06-16 16:15:00,2026-06-16 16:35:00,7619.25,7607.25,58.0
"Stochastic_Reversion(14,20/80)",LONG,2026-06-16 20:20:00,2026-06-16 22:10:00,7579.5,7591.75,59.25
"Stochastic_Reversion(14,20/80)",SHORT,2026-06-16 22:20:00,2026-06-16 23:20:00,7592.0,7593.0,-7.0
"Stochastic_Reversion(14,20/80)",SHORT,2026-06-17 00:40:00,2026-06-17 02:35:00,7598.75,7602.5,-20.75
"Stochastic_Reversion(14,20/80)",LONG,2026-06-17 03:25:00,2026-06-17 03:40:00,7600.0,7602.25,9.25
"Stochastic_Reversion(14,20/80)",SHORT,2026-06-17 04:10:00,2026-06-17 04:40:00,7605.5,7602.75,11.75
"Stochastic_Reversion(14,20/80)",SHORT,2026-06-17 07:05:00,2026-06-17 07:25:00,7609.5,7605.0,20.5
"Stochastic_Reversion(14,20/80)",LONG,2026-06-17 08:25:00,2026-06-17 09:25:00,7600.25,7599.75,-4.5
"Stochastic_Reversion(14,20/80)",SHORT,2026-06-17 11:25:00,2026-06-17 11:35:00,7596.25,7593.5,11.75
"Stochastic_Reversion(14,20/80)",LONG,2026-06-17 11:55:00,2026-06-17 12:10:00,7585.75,7591.5,26.75
"Stochastic_Reversion(14,20/80)",SHORT,2026-06-17 13:05:00,2026-06-17 13:35:00,7594.75,7589.5,24.25
"Stochastic_Reversion(14,20/80)",SHORT,2026-06-17 14:30:00,2026-06-17 14:35:00,7599.25,7590.0,44.25
"Stochastic_Reversion(14,20/80)",SHORT,2026-06-17 15:55:00,2026-06-17 16:45:00,7586.75,7585.0,6.75
"Stochastic_Reversion(14,20/80)",LONG,2026-06-17 17:00:00,2026-06-17 17:55:00,7582.5,7584.75,9.25
"Stochastic_Reversion(14,20/80)",LONG,2026-06-17 19:30:00,2026-06-17 20:30:00,7500.25,7508.25,38.0
"Stochastic_Reversion(14,20/80)",SHORT,2026-06-17 20:45:00,2026-06-18 01:50:00,7511.25,7552.75,-209.5
"Stochastic_Reversion(14,20/80)",LONG,2026-06-18 04:25:00,2026-06-18 05:20:00,7546.25,7548.5,9.25
"Stochastic_Reversion(14,20/80)",SHORT,2026-06-18 07:10:00,2026-06-18 08:25:00,7558.25,7557.5,1.75
"Stochastic_Reversion(14,20/80)",SHORT,2026-06-18 09:55:00,2026-06-18 10:35:00,7562.0,7558.0,18.0
"Stochastic_Reversion(14,20/80)",LONG,2026-06-18 11:00:00,2026-06-18 12:00:00,7553.5,7543.25,-53.25
"Stochastic_Reversion(14,20/80)",SHORT,2026-06-18 13:00:00,2026-06-18 13:05:00,7560.5,7551.75,41.75
"Stochastic_Reversion(14,20/80)",SHORT,2026-06-18 14:55:00,2026-06-18 15:20:00,7564.25,7554.75,45.5
"Stochastic_Reversion(14,20/80)",SHORT,2026-06-18 16:45:00,2026-06-18 18:00:00,7567.75,7567.0,1.75
"Stochastic_Reversion(14,20/80)",LONG,2026-06-18 18:20:00,2026-06-18 19:35:00,7563.25,7559.75,-19.5
"Stochastic_Reversion(14,20/80)",SHORT,2026-06-18 19:50:00,2026-06-18 20:00:00,7568.75,7564.5,19.25
"Stochastic_Reversion(14,20/80)",SHORT,2026-06-18 20:25:00,2026-06-18 20:50:00,7577.75,7572.25,25.5
"Stochastic_Reversion(14,20/80)",LONG,2026-06-18 22:30:00,2026-06-18 23:30:00,7566.5,7564.0,-14.5
"Stochastic_Reversion(14,20/80)",LONG,2026-06-19 02:00:00,2026-06-19 02:45:00,7547.5,7548.5,3.0
"Stochastic_Reversion(14,20/80)",LONG,2026-06-19 03:30:00,2026-06-21 22:05:00,7538.5,7547.75,44.25
"Stochastic_Reversion(14,20/80)",LONG,2026-06-21 23:25:00,2026-06-22 00:20:00,7528.25,7538.75,50.5
"Stochastic_Reversion(14,20/80)",SHORT,2026-06-22 01:15:00,2026-06-22 01:55:00,7553.5,7550.0,15.5
"Stochastic_Reversion(14,20/80)",LONG,2026-06-22 02:20:00,2026-06-22 05:05:00,7545.25,7535.75,-49.5
"Stochastic_Reversion(14,20/80)",SHORT,2026-06-22 05:20:00,2026-06-22 07:55:00,7543.25,7561.25,-92.0
"Stochastic_Reversion(14,20/80)",SHORT,2026-06-22 09:15:00,2026-06-22 09:40:00,7562.75,7557.5,24.25
"Stochastic_Reversion(14,20/80)",LONG,2026-06-22 09:55:00,2026-06-22 10:05:00,7556.5,7560.75,19.25
"Stochastic_Reversion(14,20/80)",SHORT,2026-06-22 10:30:00,2026-06-22 10:40:00,7563.0,7557.75,24.25
"Stochastic_Reversion(14,20/80)",SHORT,2026-06-22 12:40:00,2026-06-22 13:00:00,7573.25,7568.0,24.25
"Stochastic_Reversion(14,20/80)",LONG,2026-06-22 14:35:00,2026-06-22 15:40:00,7550.75,7547.75,-17.0
"Stochastic_Reversion(14,20/80)",SHORT,2026-06-22 20:25:00,2026-06-22 22:10:00,7545.0,7542.5,10.5
"Stochastic_Reversion(14,20/80)",LONG,2026-06-22 22:40:00,2026-06-22 23:45:00,7533.75,7530.75,-17.0
"Stochastic_Reversion(14,20/80)",LONG,2026-06-23 00:25:00,2026-06-23 00:35:00,7523.5,7529.5,28.0
"Stochastic_Reversion(14,20/80)",SHORT,2026-06-23 00:50:00,2026-06-23 01:25:00,7542.25,7533.25,43.0
"Stochastic_Reversion(14,20/80)",LONG,2026-06-23 03:15:00,2026-06-23 08:45:00,7506.25,7434.5,-360.75
"Stochastic_Reversion(14,20/80)",SHORT,2026-06-23 09:30:00,2026-06-23 10:30:00,7445.0,7439.75,24.25
"Stochastic_Reversion(14,20/80)",LONG,2026-06-23 10:40:00,2026-06-23 11:15:00,7432.5,7442.5,48.0
"Stochastic_Reversion(14,20/80)",SHORT,2026-06-23 12:00:00,2026-06-23 12:20:00,7450.75,7443.5,34.25
"Stochastic_Reversion(14,20/80)",LONG,2026-06-23 12:40:00,2026-06-23 13:35:00,7431.5,7432.75,4.25
"Stochastic_Reversion(14,20/80)",SHORT,2026-06-23 14:25:00,2026-06-23 15:00:00,7483.0,7464.75,89.25
"Stochastic_Reversion(14,20/80)",LONG,2026-06-23 15:15:00,2026-06-23 16:05:00,7455.25,7461.0,26.75
"Stochastic_Reversion(14,20/80)",SHORT,2026-06-23 16:20:00,2026-06-23 17:20:00,7464.75,7466.75,-12.0
"Stochastic_Reversion(14,20/80)",LONG,2026-06-23 18:05:00,2026-06-23 19:05:00,7456.0,7445.75,-53.25
"Stochastic_Reversion(14,20/80)",SHORT,2026-06-23 22:15:00,2026-06-23 22:25:00,7449.0,7438.25,51.75
"Stochastic_Reversion(14,20/80)",LONG,2026-06-23 22:40:00,2026-06-23 23:25:00,7433.25,7437.25,18.0
"Stochastic_Reversion(14,20/80)",SHORT,2026-06-24 00:20:00,2026-06-24 01:05:00,7456.25,7447.25,43.0
"Stochastic_Reversion(14,20/80)",SHORT,2026-06-24 03:40:00,2026-06-24 04:20:00,7447.5,7436.5,53.0
"Stochastic_Reversion(14,20/80)",SHORT,2026-06-24 05:00:00,2026-06-24 05:50:00,7449.75,7451.75,-12.0
"Stochastic_Reversion(14,20/80)",SHORT,2026-06-24 10:40:00,2026-06-24 11:00:00,7452.0,7449.0,13.0
"Stochastic_Reversion(14,20/80)",SHORT,2026-06-24 12:00:00,2026-06-24 12:40:00,7463.75,7456.75,33.0
"Stochastic_Reversion(14,20/80)",LONG,2026-06-24 13:00:00,2026-06-24 13:35:00,7450.5,7463.5,63.0
"Stochastic_Reversion(14,20/80)",SHORT,2026-06-24 14:55:00,2026-06-24 16:00:00,7481.0,7480.25,1.75
"Stochastic_Reversion(14,20/80)",LONG,2026-06-24 16:45:00,2026-06-24 18:20:00,7459.5,7433.75,-130.75
"Stochastic_Reversion(14,20/80)",LONG,2026-06-24 19:20:00,2026-06-24 19:55:00,7412.0,7426.75,71.75
"Stochastic_Reversion(14,20/80)",SHORT,2026-06-24 20:10:00,2026-06-24 22:20:00,7459.75,7471.0,-58.25
"Stochastic_Reversion(14,20/80)",LONG,2026-06-24 22:45:00,2026-06-24 23:35:00,7470.75,7471.25,0.5
"Stochastic_Reversion(14,20/80)",SHORT,2026-06-24 23:45:00,2026-06-25 00:05:00,7474.5,7467.0,35.5
"Stochastic_Reversion(14,20/80)",LONG,2026-06-25 00:45:00,2026-06-25 01:35:00,7457.0,7460.5,15.5
"Stochastic_Reversion(14,20/80)",SHORT,2026-06-25 03:30:00,2026-06-25 04:20:00,7466.5,7464.25,9.25
"Stochastic_Reversion(14,20/80)",SHORT,2026-06-25 05:20:00,2026-06-25 08:15:00,7469.0,7483.5,-74.5
"Stochastic_Reversion(14,20/80)",SHORT,2026-06-25 10:20:00,2026-06-25 10:45:00,7485.5,7482.0,15.5
"Stochastic_Reversion(14,20/80)",LONG,2026-06-25 11:30:00,2026-06-25 12:10:00,7473.75,7480.75,33.0
"Stochastic_Reversion(14,20/80)",LONG,2026-06-25 13:50:00,2026-06-25 14:10:00,7424.5,7445.0,100.5
"Stochastic_Reversion(14,20/80)",LONG,2026-06-25 19:25:00,2026-06-25 20:00:00,7422.5,7428.75,29.25
"Stochastic_Reversion(14,20/80)",SHORT,2026-06-25 20:30:00,2026-06-25 22:05:00,7446.75,7426.5,99.25
"Stochastic_Reversion(14,20/80)",LONG,2026-06-25 22:20:00,2026-06-25 23:05:00,7420.5,7426.5,28.0
"Stochastic_Reversion(14,20/80)",SHORT,2026-06-25 23:25:00,2026-06-25 23:45:00,7449.5,7430.5,93.0
"Stochastic_Reversion(14,20/80)",LONG,2026-06-26 00:00:00,2026-06-26 01:20:00,7423.75,7425.5,6.75
"Stochastic_Reversion(14,20/80)",LONG,2026-06-26 02:15:00,2026-06-26 03:55:00,7394.25,7376.5,-90.75
"Stochastic_Reversion(14,20/80)",SHORT,2026-06-26 04:15:00,2026-06-26 04:35:00,7381.25,7371.0,49.25
"Stochastic_Reversion(14,20/80)",LONG,2026-06-26 05:10:00,2026-06-26 05:15:00,7367.75,7376.5,41.75
"Stochastic_Reversion(14,20/80)",SHORT,2026-06-26 06:40:00,2026-06-26 08:05:00,7391.0,7405.0,-72.0
"Stochastic_Reversion(14,20/80)",LONG,2026-06-26 08:55:00,2026-06-26 09:45:00,7386.0,7392.25,29.25
"Stochastic_Reversion(14,20/80)",LONG,2026-06-26 13:15:00,2026-06-26 13:45:00,7376.75,7384.25,35.5
"Stochastic_Reversion(14,20/80)",SHORT,2026-06-26 14:15:00,2026-06-26 15:15:00,7425.5,7414.5,53.0
"Stochastic_Reversion(14,20/80)",SHORT,2026-06-26 15:50:00,2026-06-26 16:20:00,7449.5,7433.75,76.75
"Stochastic_Reversion(14,20/80)",LONG,2026-06-26 18:50:00,2026-06-26 19:35:00,7413.0,7419.5,30.5
"Stochastic_Reversion(14,20/80)",SHORT,2026-06-28 22:25:00,2026-06-29 00:05:00,7433.5,7436.75,-18.25
"Stochastic_Reversion(14,20/80)",LONG,2026-06-29 00:20:00,2026-06-29 01:00:00,7432.75,7438.5,26.75
"Stochastic_Reversion(14,20/80)",SHORT,2026-06-29 02:55:00,2026-06-29 03:35:00,7440.5,7440.5,-2.0
"Stochastic_Reversion(14,20/80)",SHORT,2026-06-29 05:50:00,2026-06-29 06:10:00,7451.25,7447.75,15.5
"Stochastic_Reversion(14,20/80)",LONG,2026-06-29 07:05:00,2026-06-29 07:25:00,7440.5,7447.5,33.0
"Stochastic_Reversion(14,20/80)",SHORT,2026-06-29 08:20:00,2026-06-29 08:45:00,7460.25,7454.75,25.5
"Stochastic_Reversion(14,20/80)",SHORT,2026-06-29 10:45:00,2026-06-29 11:20:00,7461.75,7460.25,5.5
"Stochastic_Reversion(14,20/80)",SHORT,2026-06-29 16:10:00,2026-06-29 19:05:00,7478.5,7495.75,-88.25
"Stochastic_Reversion(14,20/80)",LONG,2026-06-29 20:55:00,2026-06-29 22:20:00,7493.5,7495.5,8.0
"Stochastic_Reversion(14,20/80)",SHORT,2026-06-30 03:55:00,2026-06-30 05:30:00,7503.5,7508.75,-28.25
"Stochastic_Reversion(14,20/80)",LONG,2026-06-30 05:40:00,2026-06-30 05:55:00,7506.0,7509.75,16.75
"Stochastic_Reversion(14,20/80)",SHORT,2026-06-30 09:55:00,2026-06-30 12:00:00,7507.0,7510.75,-20.75
"Stochastic_Reversion(14,20/80)",LONG,2026-06-30 12:20:00,2026-06-30 13:30:00,7501.75,7500.0,-10.75
"Stochastic_Reversion(14,20/80)",SHORT,2026-06-30 14:40:00,2026-06-30 14:55:00,7533.25,7521.0,59.25
"Stochastic_Reversion(14,20/80)",SHORT,2026-06-30 16:10:00,2026-06-30 17:30:00,7548.5,7552.5,-22.0
"Stochastic_Reversion(14,20/80)",LONG,2026-06-30 20:50:00,2026-06-30 22:10:00,7539.5,7547.0,35.5
"Stochastic_Reversion(14,20/80)",SHORT,2026-07-01 00:45:00,2026-07-01 01:00:00,7547.5,7545.0,10.5
"Stochastic_Reversion(14,20/80)",LONG,2026-07-01 01:40:00,2026-07-01 02:45:00,7536.0,7530.5,-29.5
"Stochastic_Reversion(14,20/80)",SHORT,2026-07-01 03:20:00,2026-07-01 03:30:00,7530.5,7527.75,11.75
"Stochastic_Reversion(14,20/80)",LONG,2026-07-01 05:55:00,2026-07-01 06:45:00,7527.5,7526.75,-5.75
"Stochastic_Reversion(14,20/80)",SHORT,2026-07-01 08:25:00,2026-07-01 09:05:00,7524.25,7524.5,-3.25
"Stochastic_Reversion(14,20/80)",SHORT,2026-07-01 10:05:00,2026-07-01 11:35:00,7530.25,7534.75,-24.5
"Stochastic_Reversion(14,20/80)",SHORT,2026-07-01 14:30:00,2026-07-01 16:40:00,7551.75,7570.0,-93.25
"Stochastic_Reversion(14,20/80)",LONG,2026-07-01 17:00:00,2026-07-01 19:05:00,7559.75,7557.5,-13.25
"Stochastic_Reversion(14,20/80)",LONG,2026-07-01 19:55:00,2026-07-01 22:10:00,7546.75,7535.75,-57.0
"Stochastic_Reversion(14,20/80)",SHORT,2026-07-01 22:40:00,2026-07-01 23:15:00,7539.25,7536.5,11.75
"Stochastic_Reversion(14,20/80)",SHORT,2026-07-02 00:35:00,2026-07-02 00:45:00,7535.5,7530.25,24.25
"Stochastic_Reversion(14,20/80)",SHORT,2026-07-02 01:10:00,2026-07-02 03:10:00,7548.25,7552.75,-24.5
"Stochastic_Reversion(14,20/80)",LONG,2026-07-02 04:50:00,2026-07-02 05:05:00,7543.5,7550.25,31.75
"Stochastic_Reversion(14,20/80)",SHORT,2026-07-02 05:25:00,2026-07-02 05:35:00,7553.5,7547.0,30.5
"Stochastic_Reversion(14,20/80)",LONG,2026-07-02 05:55:00,2026-07-02 07:45:00,7543.0,7535.75,-38.25
"Stochastic_Reversion(14,20/80)",SHORT,2026-07-02 07:55:00,2026-07-02 08:10:00,7533.5,7528.25,24.25
"Stochastic_Reversion(14,20/80)",SHORT,2026-07-02 08:40:00,2026-07-02 09:35:00,7541.25,7539.5,6.75
"Stochastic_Reversion(14,20/80)",SHORT,2026-07-02 10:45:00,2026-07-02 11:55:00,7541.75,7543.75,-12.0
"Stochastic_Reversion(14,20/80)",SHORT,2026-07-02 12:20:00,2026-07-02 13:10:00,7551.5,7554.5,-17.0
"Stochastic_Reversion(14,20/80)",SHORT,2026-07-02 13:55:00,2026-07-02 14:30:00,7586.0,7559.75,129.25
"Stochastic_Reversion(14,20/80)",LONG,2026-07-02 16:00:00,2026-07-02 18:10:00,7527.0,7504.0,-117.0
"Stochastic_Reversion(14,20/80)",SHORT,2026-07-02 18:55:00,2026-07-02 19:05:00,7508.25,7495.5,61.75
"Stochastic_Reversion(14,20/80)",SHORT,2026-07-02 20:00:00,2026-07-02 20:55:00,7526.5,7521.0,25.5
"Stochastic_Reversion(14,20/80)",SHORT,2026-07-02 22:20:00,2026-07-02 23:15:00,7529.75,7529.75,-2.0
"Stochastic_Reversion(14,20/80)",SHORT,2026-07-02 23:35:00,2026-07-02 23:45:00,7537.25,7533.5,16.75
"Stochastic_Reversion(14,20/80)",SHORT,2026-07-03 00:00:00,2026-07-03 00:05:00,7536.0,7534.25,6.75
"Stochastic_Reversion(14,20/80)",SHORT,2026-07-03 01:15:00,2026-07-03 02:45:00,7547.5,7550.0,-14.5
"Stochastic_Reversion(14,20/80)",LONG,2026-07-06 01:30:00,2026-07-06 04:30:00,7556.5,7547.75,-45.75
"Stochastic_Reversion(14,20/80)",SHORT,2026-07-06 06:45:00,2026-07-06 08:15:00,7554.75,7560.5,-30.75
"Stochastic_Reversion(14,20/80)",LONG,2026-07-06 13:20:00,2026-07-06 13:30:00,7553.75,7564.75,53.0
"Stochastic_Reversion(14,20/80)",SHORT,2026-07-06 14:35:00,2026-07-06 16:35:00,7576.25,7585.5,-48.25
"Stochastic_Reversion(14,20/80)",SHORT,2026-07-06 18:30:00,2026-07-06 19:55:00,7592.0,7591.25,1.75
"Stochastic_Reversion(14,20/80)",SHORT,2026-07-06 22:20:00,2026-07-06 22:50:00,7599.75,7596.25,15.5
"Stochastic_Reversion(14,20/80)",LONG,2026-07-06 23:30:00,2026-07-07 00:25:00,7593.0,7593.25,-0.75
"Stochastic_Reversion(14,20/80)",LONG,2026-07-07 03:35:00,2026-07-07 05:35:00,7575.25,7569.0,-33.25
"Stochastic_Reversion(14,20/80)",SHORT,2026-07-07 07:10:00,2026-07-07 07:55:00,7575.0,7574.0,3.0
"Stochastic_Reversion(14,20/80)",SHORT,2026-07-07 08:35:00,2026-07-07 09:35:00,7580.75,7579.25,5.5
"Stochastic_Reversion(14,20/80)",SHORT,2026-07-07 12:15:00,2026-07-07 12:55:00,7583.5,7579.5,18.0
"Stochastic_Reversion(14,20/80)",LONG,2026-07-07 14:45:00,2026-07-07 15:45:00,7535.0,7541.25,29.25
"Stochastic_Reversion(14,20/80)",SHORT,2026-07-07 16:25:00,2026-07-07 17:50:00,7563.0,7566.25,-18.25
"Stochastic_Reversion(14,20/80)",LONG,2026-07-07 19:05:00,2026-07-07 19:55:00,7549.5,7554.75,24.25
"Stochastic_Reversion(14,20/80)",LONG,2026-07-07 23:50:00,2026-07-08 00:10:00,7543.5,7546.75,14.25
"Stochastic_Reversion(14,20/80)",SHORT,2026-07-08 00:30:00,2026-07-08 01:35:00,7552.25,7555.25,-17.0
"Stochastic_Reversion(14,20/80)",LONG,2026-07-08 02:10:00,2026-07-08 02:45:00,7550.0,7552.5,10.5
"Stochastic_Reversion(14,20/80)",SHORT,2026-07-08 03:15:00,2026-07-08 03:55:00,7556.5,7554.75,6.75
"Stochastic_Reversion(14,20/80)",LONG,2026-07-08 04:45:00,2026-07-08 05:10:00,7551.25,7552.75,5.5
"Stochastic_Reversion(14,20/80)",LONG,2026-07-08 08:35:00,2026-07-08 10:20:00,7496.75,7477.0,-100.75
"Stochastic_Reversion(14,20/80)",SHORT,2026-07-08 10:50:00,2026-07-08 11:30:00,7486.5,7482.75,16.75
"Stochastic_Reversion(14,20/80)",SHORT,2026-07-08 12:35:00,2026-07-08 13:00:00,7509.25,7505.5,16.75
"Stochastic_Reversion(14,20/80)",LONG,2026-07-08 14:45:00,2026-07-08 16:05:00,7499.5,7487.0,-64.5
"Stochastic_Reversion(14,20/80)",SHORT,2026-07-08 16:25:00,2026-07-08 17:50:00,7502.5,7519.0,-84.5
"Stochastic_Reversion(14,20/80)",LONG,2026-07-08 20:30:00,2026-07-08 22:10:00,7517.75,7520.5,11.75
"Stochastic_Reversion(14,20/80)",SHORT,2026-07-09 00:05:00,2026-07-09 00:55:00,7528.5,7529.5,-7.0
"Stochastic_Reversion(14,20/80)",SHORT,2026-07-09 03:55:00,2026-07-09 05:20:00,7539.25,7543.5,-23.25
"Stochastic_Reversion(14,20/80)",SHORT,2026-07-09 06:30:00,2026-07-09 07:00:00,7551.5,7549.75,6.75
"Stochastic_Reversion(14,20/80)",LONG,2026-07-09 08:45:00,2026-07-09 09:55:00,7547.25,7541.0,-33.25
"Stochastic_Reversion(14,20/80)",SHORT,2026-07-09 11:50:00,2026-07-09 12:55:00,7543.5,7546.5,-17.0
"Stochastic_Reversion(14,20/80)",SHORT,2026-07-09 14:00:00,2026-07-09 14:20:00,7561.25,7536.5,121.75
"Stochastic_Reversion(14,20/80)",SHORT,2026-07-09 15:15:00,2026-07-09 18:25:00,7566.75,7588.25,-109.5
"Stochastic_Reversion(14,20/80)",LONG,2026-07-09 19:00:00,2026-07-09 19:40:00,7585.25,7586.75,5.5
"Stochastic_Reversion(14,20/80)",LONG,2026-07-09 22:20:00,2026-07-09 23:00:00,7585.0,7586.75,6.75
"Stochastic_Reversion(14,20/80)",SHORT,2026-07-09 23:25:00,2026-07-09 23:50:00,7590.5,7587.25,14.25
"Stochastic_Reversion(14,20/80)",LONG,2026-07-10 00:30:00,2026-07-10 01:25:00,7579.75,7579.75,-2.0
"Stochastic_Reversion(14,20/80)",SHORT,2026-07-10 03:10:00,2026-07-10 03:40:00,7588.0,7582.75,24.25
"Stochastic_Reversion(14,20/80)",LONG,2026-07-10 04:30:00,2026-07-10 06:05:00,7581.25,7579.0,-13.25
"Stochastic_Reversion(14,20/80)",LONG,2026-07-10 06:30:00,2026-07-10 07:10:00,7571.75,7575.5,16.75
"Stochastic_Reversion(14,20/80)",SHORT,2026-07-10 09:25:00,2026-07-10 11:30:00,7580.75,7586.75,-32.0
"Stochastic_Reversion(14,20/80)",LONG,2026-07-10 12:10:00,2026-07-10 12:15:00,7580.5,7589.0,40.5
"Stochastic_Reversion(14,20/80)",SHORT,2026-07-10 13:30:00,2026-07-10 13:45:00,7592.25,7594.5,-13.25
"Stochastic_Reversion(14,20/80)",SHORT,2026-07-10 14:00:00,2026-07-10 20:00:00,7601.5,7621.0,-99.5
"Stochastic_Reversion(14,20/80)",LONG,2026-07-12 22:25:00,2026-07-12 23:20:00,7595.25,7598.75,15.5
"Stochastic_Reversion(14,20/80)",LONG,2026-07-13 01:15:00,2026-07-13 05:10:00,7593.75,7581.0,-65.75
"Stochastic_Reversion(14,20/80)",SHORT,2026-07-13 06:55:00,2026-07-13 07:35:00,7582.25,7584.0,-10.75
"Stochastic_Reversion(14,20/80)",SHORT,2026-07-13 08:20:00,2026-07-13 10:10:00,7596.5,7599.0,-14.5
"Stochastic_Reversion(14,20/80)",LONG,2026-07-13 12:00:00,2026-07-13 12:50:00,7594.25,7594.5,-0.75
"Stochastic_Reversion(14,20/80)",LONG,2026-07-13 16:30:00,2026-07-13 17:10:00,7574.0,7575.75,6.75
"Stochastic_Reversion(14,20/80)",LONG,2026-07-13 23:10:00,2026-07-14 00:00:00,7548.75,7553.5,21.75
"Stochastic_Reversion(14,20/80)",SHORT,2026-07-14 01:05:00,2026-07-14 01:40:00,7558.5,7551.0,35.5
"Stochastic_Reversion(14,20/80)",LONG,2026-07-14 02:25:00,2026-07-14 02:45:00,7540.5,7548.25,36.75
"Stochastic_Reversion(14,20/80)",LONG,2026-07-14 03:20:00,2026-07-14 03:55:00,7533.75,7543.25,45.5
"Stochastic_Reversion(14,20/80)",SHORT,2026-07-14 04:45:00,2026-07-14 06:30:00,7556.0,7567.5,-59.5
"Stochastic_Reversion(14,20/80)",LONG,2026-07-14 06:50:00,2026-07-14 07:50:00,7561.75,7560.0,-10.75
"Stochastic_Reversion(14,20/80)",SHORT,2026-07-14 15:15:00,2026-07-14 15:40:00,7596.0,7589.0,33.0
"Stochastic_Reversion(14,20/80)",LONG,2026-07-14 16:10:00,2026-07-14 16:45:00,7574.75,7585.25,50.5
"Stochastic_Reversion(14,20/80)",SHORT,2026-07-14 17:05:00,2026-07-14 18:45:00,7587.5,7590.5,-17.0
"Stochastic_Reversion(14,20/80)",LONG,2026-07-14 20:35:00,2026-07-14 22:00:00,7587.0,7589.75,11.75
"Stochastic_Reversion(14,20/80)",SHORT,2026-07-14 22:35:00,2026-07-15 00:40:00,7590.5,7597.75,-38.25
"Stochastic_Reversion(14,20/80)",SHORT,2026-07-15 02:40:00,2026-07-15 03:00:00,7606.25,7603.25,13.0
"Stochastic_Reversion(14,20/80)",SHORT,2026-07-15 04:05:00,2026-07-15 05:05:00,7606.25,7605.25,3.0
"Stochastic_Reversion(14,20/80)",SHORT,2026-07-15 09:15:00,2026-07-15 09:55:00,7609.75,7605.25,20.5
"Stochastic_Reversion(14,20/80)",LONG,2026-07-15 10:35:00,2026-07-15 11:05:00,7598.5,7603.0,20.5
"Stochastic_Reversion(14,20/80)",LONG,2026-07-15 12:25:00,2026-07-15 12:35:00,7594.25,7605.0,51.75
"Stochastic_Reversion(14,20/80)",SHORT,2026-07-15 13:00:00,2026-07-15 13:45:00,7611.5,7613.5,-12.0
"Stochastic_Reversion(14,20/80)",LONG,2026-07-15 16:10:00,2026-07-15 17:00:00,7588.75,7587.0,-10.75
"Stochastic_Reversion(14,20/80)",SHORT,2026-07-15 17:35:00,2026-07-15 18:50:00,7601.25,7606.5,-28.25
"Stochastic_Reversion(14,20/80)",SHORT,2026-07-15 20:05:00,2026-07-15 22:25:00,7617.25,7616.75,0.5
"Stochastic_Reversion(14,20/80)",LONG,2026-07-16 01:05:00,2026-07-16 01:50:00,7617.0,7618.25,4.25
"Stochastic_Reversion(14,20/80)",SHORT,2026-07-16 02:35:00,2026-07-16 04:20:00,7620.0,7623.75,-20.75
"Stochastic_Reversion(14,20/80)",LONG,2026-07-16 04:45:00,2026-07-16 05:05:00,7621.25,7623.75,10.5
"Stochastic_Reversion(14,20/80)",SHORT,2026-07-16 05:25:00,2026-07-16 05:35:00,7628.0,7622.25,26.75
"Stochastic_Reversion(14,20/80)",LONG,2026-07-16 06:00:00,2026-07-16 07:00:00,7617.25,7618.25,3.0
"Stochastic_Reversion(14,20/80)",LONG,2026-07-16 07:25:00,2026-07-16 08:40:00,7611.25,7604.75,-34.5
"Stochastic_Reversion(14,20/80)",SHORT,2026-07-16 09:10:00,2026-07-16 09:45:00,7611.25,7608.5,11.75
"Stochastic_Reversion(14,20/80)",SHORT,2026-07-16 13:30:00,2026-07-16 13:35:00,7596.75,7591.0,26.75
"Stochastic_Reversion(14,20/80)",SHORT,2026-07-16 14:25:00,2026-07-16 15:15:00,7605.75,7602.5,14.25
"Stochastic_Reversion(14,20/80)",LONG,2026-07-16 16:30:00,2026-07-16 17:00:00,7588.5,7598.25,46.75
"Stochastic_Reversion(14,20/80)",LONG,2026-07-16 18:10:00,2026-07-16 19:55:00,7576.75,7568.75,-42.0
"Stochastic_Reversion(14,20/80)",LONG,2026-07-16 23:00:00,2026-07-16 23:55:00,7566.0,7562.5,-19.5
"Stochastic_Reversion(14,20/80)",LONG,2026-07-17 00:20:00,2026-07-17 03:10:00,7554.0,7534.25,-100.75
"Stochastic_Reversion(14,20/80)",SHORT,2026-07-17 03:30:00,2026-07-17 03:45:00,7539.5,7530.25,44.25
"Stochastic_Reversion(14,20/80)",LONG,2026-07-17 04:15:00,2026-07-17 06:00:00,7518.75,7511.0,-40.75
"Stochastic_Reversion(14,20/80)",SHORT,2026-07-17 06:30:00,2026-07-17 06:50:00,7522.0,7511.75,49.25
"Stochastic_Reversion(14,20/80)",LONG,2026-07-17 08:25:00,2026-07-17 09:15:00,7498.0,7505.5,35.5
"Stochastic_Reversion(14,20/80)",SHORT,2026-07-17 10:05:00,2026-07-17 11:10:00,7509.25,7514.5,-28.25
"Stochastic_Reversion(14,20/80)",LONG,2026-07-17 12:40:00,2026-07-17 13:50:00,7508.75,7495.5,-68.25
"Stochastic_Reversion(14,20/80)",SHORT,2026-07-17 14:05:00,2026-07-17 15:00:00,7518.75,7516.25,10.5
"Stochastic_Reversion(14,20/80)",LONG,2026-07-17 15:20:00,2026-07-17 15:40:00,7511.0,7522.0,53.0
"Stochastic_Reversion(14,20/80)",LONG,2026-07-17 18:00:00,2026-07-17 18:55:00,7511.25,7510.75,-4.5
"Stochastic_Reversion(14,20/80)",LONG,2026-07-17 19:20:00,2026-07-17 19:45:00,7494.25,7500.0,26.75
"Stochastic_Reversion(14,20/80)",LONG,2026-07-17 20:15:00,2026-07-17 20:55:00,7488.75,7497.0,39.25
"Stochastic_Reversion(14,20/80)",SHORT,2026-07-19 22:50:00,2026-07-19 23:30:00,7499.0,7493.5,25.5
"Stochastic_Reversion(14,20/80)",SHORT,2026-07-20 00:10:00,2026-07-20 00:35:00,7512.75,7504.0,41.75
"Stochastic_Reversion(14,20/80)",LONG,2026-07-20 01:40:00,2026-07-20 02:05:00,7499.75,7504.25,20.5
"Stochastic_Reversion(14,20/80)",SHORT,2026-07-20 02:55:00,2026-07-20 03:10:00,7507.25,7502.5,21.75
"Stochastic_Reversion(14,20/80)",LONG,2026-07-20 04:20:00,2026-07-20 04:30:00,7501.25,7508.0,31.75
"Stochastic_Reversion(14,20/80)",LONG,2026-07-20 05:50:00,2026-07-20 06:45:00,7498.0,7496.5,-9.5
"Stochastic_Reversion(14,20/80)",SHORT,2026-07-20 07:40:00,2026-07-20 08:40:00,7516.5,7515.0,5.5
"Stochastic_Reversion(14,20/80)",LONG,2026-07-20 09:10:00,2026-07-20 09:25:00,7512.5,7517.0,20.5
"Stochastic_Reversion(14,20/80)",SHORT,2026-07-20 11:15:00,2026-07-20 11:30:00,7527.5,7523.5,18.0
"Stochastic_Reversion(14,20/80)",SHORT,2026-07-20 13:40:00,2026-07-20 13:55:00,7546.0,7528.75,84.25
"Stochastic_Reversion(14,20/80)",LONG,2026-07-20 14:05:00,2026-07-20 15:10:00,7522.25,7518.0,-23.25
"Stochastic_Reversion(14,20/80)",SHORT,2026-07-20 16:20:00,2026-07-20 16:35:00,7531.0,7521.75,44.25
"Stochastic_Reversion(14,20/80)",LONG,2026-07-20 17:10:00,2026-07-20 18:05:00,7509.75,7512.0,9.25
"Stochastic_Reversion(14,20/80)",LONG,2026-07-20 18:50:00,2026-07-20 19:40:00,7490.25,7493.25,13.0
"Stochastic_Reversion(14,20/80)",LONG,2026-07-20 20:30:00,2026-07-20 23:10:00,7479.0,7482.75,16.75
"Stochastic_Reversion(14,20/80)",SHORT,2026-07-20 23:25:00,2026-07-21 00:05:00,7489.0,7479.75,44.25
"Stochastic_Reversion(14,20/80)",SHORT,2026-07-21 00:45:00,2026-07-21 01:45:00,7492.5,7491.75,1.75
"Stochastic_Reversion(14,20/80)",SHORT,2026-07-21 03:10:00,2026-07-21 05:10:00,7503.0,7513.5,-54.5
"Stochastic_Reversion(14,20/80)",SHORT,2026-07-21 05:40:00,2026-07-21 07:00:00,7516.75,7523.5,-35.75
"Stochastic_Reversion(14,20/80)",SHORT,2026-07-21 08:35:00,2026-07-21 09:30:00,7523.25,7523.0,-0.75
"Stochastic_Reversion(14,20/80)",LONG,2026-07-21 12:40:00,2026-07-21 12:50:00,7511.25,7515.0,16.75
"Stochastic_Reversion(14,20/80)",SHORT,2026-07-21 14:55:00,2026-07-21 17:20:00,7530.25,7546.25,-82.0
"Stochastic_Reversion(14,20/80)",LONG,2026-07-21 17:35:00,2026-07-21 17:40:00,7547.0,7550.25,14.25
"Stochastic_Reversion(14,20/80)",LONG,2026-07-21 18:40:00,2026-07-21 18:45:00,7544.5,7548.5,18.0
"Stochastic_Reversion(14,20/80)",LONG,2026-07-21 20:35:00,2026-07-21 22:15:00,7542.75,7544.25,5.5
"Stochastic_Reversion(14,20/80)",LONG,2026-07-21 22:55:00,2026-07-21 23:20:00,7539.25,7543.25,18.0
"Stochastic_Reversion(14,20/80)",LONG,2026-07-22 01:30:00,2026-07-22 01:50:00,7536.25,7542.25,28.0
"Stochastic_Reversion(14,20/80)",LONG,2026-07-22 05:20:00,2026-07-22 05:35:00,7535.25,7536.25,3.0
"Stochastic_Reversion(14,20/80)",LONG,2026-07-22 07:10:00,2026-07-22 07:30:00,7518.75,7525.0,29.25
"Stochastic_Reversion(14,20/80)",SHORT,2026-07-22 09:10:00,2026-07-22 09:35:00,7529.0,7522.25,31.75
"Stochastic_Reversion(14,20/80)",SHORT,2026-07-22 13:30:00,2026-07-22 14:30:00,7527.75,7534.5,-35.75
"Stochastic_Reversion(14,20/80)",SHORT,2026-07-22 15:30:00,2026-07-22 16:55:00,7557.0,7558.0,-7.0
"Stochastic_Reversion(14,20/80)",LONG,2026-07-22 17:25:00,2026-07-22 19:50:00,7554.25,7543.75,-54.5
"Stochastic_Reversion(14,20/80)",SHORT,2026-07-22 20:25:00,2026-07-22 22:00:00,7551.25,7531.25,98.0
"Stochastic_Reversion(14,20/80)",LONG,2026-07-22 22:15:00,2026-07-22 23:35:00,7525.5,7521.0,-24.5
"Stochastic_Reversion(14,20/80)",SHORT,2026-07-23 00:10:00,2026-07-23 01:35:00,7531.75,7545.25,-69.5
"Stochastic_Reversion(14,20/80)",LONG,2026-07-23 01:50:00,2026-07-23 03:45:00,7539.5,7527.75,-60.75
"Stochastic_Reversion(14,20/80)",SHORT,2026-07-23 04:35:00,2026-07-23 04:50:00,7533.0,7528.25,21.75
"Stochastic_Reversion(14,20/80)",LONG,2026-07-23 06:00:00,2026-07-23 08:10:00,7522.75,7511.5,-58.25
"Stochastic_Reversion(14,20/80)",SHORT,2026-07-23 09:05:00,2026-07-23 09:20:00,7523.25,7514.75,40.5
"Stochastic_Reversion(14,20/80)",LONG,2026-07-23 10:20:00,2026-07-23 10:30:00,7510.25,7512.25,8.0
"Stochastic_Reversion(14,20/80)",LONG,2026-07-23 11:35:00,2026-07-23 13:35:00,7501.25,7472.75,-144.5
"Stochastic_Reversion(14,20/80)",LONG,2026-07-23 15:00:00,2026-07-23 15:55:00,7443.75,7433.5,-53.25
"Stochastic_Reversion(14,20/80)",SHORT,2026-07-23 16:20:00,2026-07-23 16:50:00,7445.75,7440.25,25.5
"Stochastic_Reversion(14,20/80)",LONG,2026-07-23 17:45:00,2026-07-23 19:25:00,7437.5,7437.75,-0.75
"Stochastic_Reversion(14,20/80)",SHORT,2026-07-23 20:10:00,2026-07-23 22:10:00,7451.0,7446.75,19.25
"Stochastic_Reversion(14,20/80)",LONG,2026-07-24 02:50:00,2026-07-24 04:10:00,7441.0,7440.75,-3.25
"Stochastic_Reversion(14,20/80)",SHORT,2026-07-24 05:10:00,2026-07-24 05:55:00,7446.0,7443.75,9.25
"Stochastic_Reversion(14,20/80)",LONG,2026-07-24 06:15:00,2026-07-24 06:20:00,7437.75,7443.5,26.75
"Stochastic_Reversion(14,20/80)",SHORT,2026-07-24 07:20:00,2026-07-24 08:10:00,7459.25,7452.25,33.0
"Stochastic_Reversion(14,20/80)",SHORT,2026-07-24 09:40:00,2026-07-24 10:10:00,7465.75,7461.25,20.5
"Stochastic_Reversion(14,20/80)",LONG,2026-07-24 13:05:00,2026-07-24 13:50:00,7450.25,7456.75,30.5
"Stochastic_Reversion(14,20/80)",LONG,2026-07-24 14:05:00,2026-07-24 14:10:00,7436.0,7451.25,74.25
"Stochastic_Reversion(14,20/80)",SHORT,2026-07-24 15:35:00,2026-07-24 16:35:00,7480.0,7484.25,-23.25
"Stochastic_Reversion(14,20/80)",LONG,2026-07-24 16:55:00,2026-07-24 17:35:00,7469.25,7480.5,54.25
"Stochastic_Reversion(14,20/80)",LONG,2026-07-24 18:40:00,2026-07-24 19:45:00,7441.25,7442.0,1.75
"Stochastic_Reversion(14,20/80)",SHORT,2026-07-26 22:25:00,2026-07-27 00:20:00,7494.75,7498.5,-20.75
"Stochastic_Reversion(14,20/80)",LONG,2026-07-27 00:50:00,2026-07-27 01:40:00,7495.75,7497.25,5.5
"Stochastic_Reversion(14,20/80)",SHORT,2026-07-27 02:30:00,2026-07-27 03:35:00,7500.0,7499.75,-0.75
"Stochastic_Reversion(14,20/80)",SHORT,2026-07-27 04:50:00,2026-07-27 06:45:00,7504.25,7513.75,-49.5
"Stochastic_Reversion(14,20/80)",SHORT,2026-07-27 08:50:00,2026-07-27 10:15:00,7517.5,7520.75,-18.25
"Stochastic_Reversion(14,20/80)",LONG,2026-07-27 11:15:00,2026-07-27 12:40:00,7517.5,7510.75,-35.75
"Stochastic_Reversion(14,20/80)",SHORT,2026-07-27 13:00:00,2026-07-27 13:20:00,7513.5,7509.25,19.25
"Stochastic_Reversion(14,20/80)",LONG,2026-07-27 14:05:00,2026-07-27 15:15:00,7474.5,7452.25,-113.25
"Stochastic_Reversion(14,20/80)",LONG,2026-07-27 17:10:00,2026-07-27 17:55:00,7421.5,7432.75,54.25
"Stochastic_Reversion(14,20/80)",SHORT,2026-07-27 19:15:00,2026-07-27 20:05:00,7449.0,7449.0,-2.0
"Stochastic_Reversion(14,20/80)",SHORT,2026-07-27 23:35:00,2026-07-27 23:50:00,7447.25,7443.0,19.25
"Stochastic_Reversion(14,20/80)",LONG,2026-07-28 01:15:00,2026-07-28 01:30:00,7427.75,7437.75,48.0
"Stochastic_Reversion(14,20/80)",LONG,2026-07-28 02:40:00,2026-07-28 03:20:00,7429.75,7435.5,26.75
"Stochastic_Reversion(14,20/80)",SHORT,2026-07-28 03:55:00,2026-07-28 04:15:00,7440.0,7430.75,44.25
"Stochastic_Reversion(14,20/80)",LONG,2026-07-28 05:40:00,2026-07-28 06:30:00,7422.5,7425.5,13.0
"Stochastic_Reversion(14,20/80)",SHORT,2026-07-28 07:20:00,2026-07-28 07:50:00,7436.5,7431.25,24.25
"Stochastic_Reversion(14,20/80)",SHORT,2026-07-28 08:40:00,2026-07-28 09:35:00,7442.75,7443.5,-5.75
"Stochastic_Reversion(14,20/80)",SHORT,2026-07-28 12:10:00,2026-07-28 13:05:00,7452.75,7453.75,-7.0
"Stochastic_Reversion(14,20/80)",LONG,2026-07-28 13:45:00,2026-07-28 14:45:00,7428.25,7440.0,56.75
"Stochastic_Reversion(14,20/80)",SHORT,2026-07-28 15:30:00,2026-07-28 16:30:00,7469.25,7469.75,-4.5
"Stochastic_Reversion(14,20/80)",LONG,2026-07-28 18:20:00,2026-07-28 18:50:00,7465.25,7470.25,23.0
"Stochastic_Reversion(14,20/80)",SHORT,2026-07-28 19:30:00,2026-07-28 19:40:00,7475.25,7468.0,34.25
"Stochastic_Reversion(14,20/80)",LONG,2026-07-28 22:45:00,2026-07-28 23:15:00,7453.0,7463.5,50.5
"Stochastic_Reversion(14,20/80)",SHORT,2026-07-28 23:35:00,2026-07-29 01:00:00,7469.25,7486.75,-89.5
"Stochastic_Reversion(14,20/80)",LONG,2026-07-29 01:20:00,2026-07-29 02:40:00,7472.75,7467.5,-28.25
"Stochastic_Reversion(14,20/80)",LONG,2026-07-29 04:05:00,2026-07-29 04:55:00,7445.75,7447.75,8.0
"Stochastic_Reversion(14,20/80)",SHORT,2026-07-29 05:20:00,2026-07-29 06:05:00,7457.0,7452.75,19.25
"Stochastic_Reversion(14,20/80)",SHORT,2026-07-29 07:00:00,2026-07-29 08:10:00,7478.75,7478.75,-2.0
"Stochastic_Reversion(14,20/80)",LONG,2026-07-29 08:30:00,2026-07-29 08:35:00,7471.5,7479.0,35.5
"Stochastic_Reversion(14,20/80)",LONG,2026-07-29 12:20:00,2026-07-29 13:35:00,7461.0,7457.0,-22.0
"Stochastic_Reversion(14,20/80)",LONG,2026-07-29 14:00:00,2026-07-29 16:30:00,7430.0,7393.75,-183.25
"Stochastic_Reversion(14,20/80)",SHORT,2026-07-29 17:10:00,2026-07-29 18:15:00,7409.5,7430.25,-105.75
"Stochastic_Reversion(14,20/80)",SHORT,2026-07-29 19:00:00,2026-07-29 19:10:00,7475.25,7439.0,179.25
"Stochastic_Reversion(14,20/80)",LONG,2026-07-29 19:35:00,2026-07-29 22:05:00,7389.25,7352.75,-184.5
"Stochastic_Reversion(14,20/80)",SHORT,2026-07-29 22:25:00,2026-07-30 00:20:00,7370.75,7378.0,-38.25
"Stochastic_Reversion(14,20/80)",LONG,2026-07-30 00:45:00,2026-07-30 01:05:00,7370.75,7380.25,45.5
"Stochastic_Reversion(14,20/80)",SHORT,2026-07-30 01:55:00,2026-07-30 02:30:00,7390.0,7386.0,18.0
"Stochastic_Reversion(14,20/80)",LONG,2026-07-30 03:25:00,2026-07-30 04:30:00,7372.5,7378.25,26.75
"Stochastic_Reversion(14,20/80)",LONG,2026-07-30 05:05:00,2026-07-30 05:45:00,7366.0,7372.5,30.5
"Stochastic_Reversion(14,20/80)",LONG,2026-07-30 06:50:00,2026-07-30 07:05:00,7361.5,7377.0,75.5
"Stochastic_Reversion(14,20/80)",SHORT,2026-07-30 08:35:00,2026-07-30 10:00:00,7376.25,7374.5,6.75
"Stochastic_Reversion(14,20/80)",SHORT,2026-07-30 10:50:00,2026-07-30 12:35:00,7390.0,7396.5,-34.5
"Stochastic_Reversion(14,20/80)",SHORT,2026-07-30 13:55:00,2026-07-30 14:55:00,7432.25,7415.0,84.25
"Stochastic_Reversion(14,20/80)",LONG,2026-07-30 15:25:00,2026-07-30 15:50:00,7407.0,7424.0,83.0
"Stochastic_Reversion(14,20/80)",SHORT,2026-07-30 16:20:00,2026-07-30 20:45:00,7442.75,7480.75,-192.0
"Stochastic_Reversion(14,20/80)",SHORT,2026-07-31 00:25:00,2026-07-31 00:55:00,7494.5,7491.5,13.0
"Stochastic_Reversion(14,20/80)",SHORT,2026-07-31 01:15:00,2026-07-31 01:45:00,7500.0,7497.0,13.0
"Stochastic_Reversion(14,20/80)",LONG,2026-07-31 02:25:00,2026-07-31 03:20:00,7492.5,7495.5,13.0
"Stochastic_Reversion(14,20/80)",SHORT,2026-07-31 03:35:00,2026-07-31 03:50:00,7496.75,7493.25,15.5
"Stochastic_Reversion(14,20/80)",SHORT,2026-07-31 04:30:00,2026-07-31 05:45:00,7503.0,7506.5,-19.5
"Stochastic_Reversion(14,20/80)",LONG,2026-07-31 06:45:00,2026-07-31 07:10:00,7496.5,7501.5,23.0
"Stochastic_Reversion(14,20/80)",SHORT,2026-07-31 09:15:00,2026-07-31 09:30:00,7516.0,7511.75,19.25
"Stochastic_Reversion(14,20/80)",LONG,2026-07-31 09:45:00,2026-07-31 10:20:00,7506.25,7510.25,18.0
"Stochastic_Reversion(14,20/80)",LONG,2026-07-31 11:45:00,2026-07-31 13:15:00,7496.25,7490.0,-33.25
"Stochastic_Reversion(14,20/80)",SHORT,2026-07-31 13:30:00,2026-07-31 13:40:00,7498.75,7493.25,25.5
"Stochastic_Reversion(14,20/80)",LONG,2026-07-31 13:55:00,2026-07-31 14:50:00,7471.5,7475.75,19.25
"Stochastic_Reversion(14,20/80)",SHORT,2026-07-31 16:05:00,2026-07-31 18:00:00,7483.75,7506.25,-114.5
"Stochastic_Reversion(14,20/80)",SHORT,2026-07-31 19:55:00,2026-07-31 20:00:00,7537.75,7520.25,85.5
"Stochastic_Reversion(14,20/80)",SHORT,2026-08-02 22:25:00,2026-08-02 23:20:00,7552.5,7546.5,28.0
"Stochastic_Reversion(14,20/80)",SHORT,2026-08-03 01:50:00,2026-08-03 03:25:00,7556.5,7559.0,-14.5
"Stochastic_Reversion(14,20/80)",SHORT,2026-08-03 03:50:00,2026-08-03 05:00:00,7562.25,7563.5,-8.25
"Stochastic_Reversion(14,20/80)",LONG,2026-08-03 06:50:00,2026-08-03 07:15:00,7557.5,7560.0,10.5
"Stochastic_Reversion(14,20/80)",SHORT,2026-08-03 10:40:00,2026-08-03 11:10:00,7561.5,7559.0,10.5
"Stochastic_Reversion(14,20/80)",LONG,2026-08-03 12:05:00,2026-08-03 12:35:00,7555.75,7561.0,24.25
"Stochastic_Reversion(14,20/80)",SHORT,2026-08-03 13:50:00,2026-08-03 16:55:00,7570.75,7612.25,-209.5
"Stochastic_Reversion(14,20/80)",SHORT,2026-08-03 17:30:00,2026-08-03 18:35:00,7622.5,7626.75,-23.25
"Stochastic_Reversion(14,20/80)",SHORT,2026-08-03 19:30:00,2026-08-03 19:55:00,7635.5,7629.0,30.5
"Stochastic_Reversion(14,20/80)",SHORT,2026-08-03 22:50:00,2026-08-03 23:40:00,7635.5,7632.75,11.75
"Stochastic_Reversion(14,20/80)",SHORT,2026-08-04 01:35:00,2026-08-04 02:30:00,7637.75,7640.25,-14.5
"Stochastic_Reversion(14,20/80)",SHORT,2026-08-04 03:40:00,2026-08-04 05:15:00,7644.5,7643.25,4.25
"Stochastic_Reversion(14,20/80)",LONG,2026-08-04 09:00:00,2026-08-04 09:45:00,7637.0,7637.75,1.75
"Stochastic_Reversion(14,20/80)",SHORT,2026-08-04 11:40:00,2026-08-04 12:55:00,7647.0,7652.5,-29.5
"Stochastic_Reversion(14,20/80)",SHORT,2026-08-04 13:45:00,2026-08-04 18:00:00,7669.75,7768.25,-494.5
"Stochastic_Reversion(14,20/80)",SHORT,2026-08-04 19:15:00,2026-08-04 19:55:00,7780.75,7769.25,55.5
"Stochastic_Reversion(14,20/80)",SHORT,2026-08-04 22:25:00,2026-08-04 23:30:00,7778.0,7779.5,-9.5
"Stochastic_Reversion(14,20/80)",SHORT,2026-08-05 00:35:00,2026-08-05 00:45:00,7784.25,7780.5,16.75
"Stochastic_Reversion(14,20/80)",LONG,2026-08-05 01:30:00,2026-08-05 01:40:00,7779.0,7783.5,20.5
"Stochastic_Reversion(14,20/80)",SHORT,2026-08-05 02:25:00,2026-08-05 03:30:00,7785.25,7787.5,-13.25
"Stochastic_Reversion(14,20/80)",SHORT,2026-08-05 06:00:00,2026-08-05 06:25:00,7798.5,7794.0,20.5
"Stochastic_Reversion(14,20/80)",LONG,2026-08-05 08:30:00,2026-08-05 09:25:00,7785.25,7787.5,9.25
"Stochastic_Reversion(14,20/80)",SHORT,2026-08-05 09:40:00,2026-08-05 11:30:00,7789.75,7794.5,-25.75
"Stochastic_Reversion(14,20/80)",SHORT,2026-08-05 12:30:00,2026-08-05 13:00:00,7803.25,7799.5,16.75
"Stochastic_Reversion(14,20/80)",SHORT,2026-08-05 13:15:00,2026-08-05 13:50:00,7806.25,7805.5,1.75
"Stochastic_Reversion(14,20/80)",LONG,2026-08-05 14:45:00,2026-08-05 16:30:00,7792.25,7772.25,-102.0
"Stochastic_Reversion(14,20/80)",SHORT,2026-08-05 22:40:00,2026-08-05 23:30:00,7769.5,7765.5,18.0
"Stochastic_Reversion(14,20/80)",LONG,2026-08-05 23:45:00,2026-08-06 00:25:00,7763.0,7762.25,-5.75
"Stochastic_Reversion(14,20/80)",LONG,2026-08-06 01:10:00,2026-08-06 01:50:00,7754.75,7755.25,0.5
"Stochastic_Reversion(14,20/80)",SHORT,2026-08-06 02:15:00,2026-08-06 03:20:00,7761.0,7763.25,-13.25
"Stochastic_Reversion(14,20/80)",LONG,2026-08-06 06:20:00,2026-08-06 06:30:00,7755.25,7761.0,26.75
"Stochastic_Reversion(14,20/80)",SHORT,2026-08-06 08:40:00,2026-08-06 09:10:00,7761.5,7757.25,19.25
"Stochastic_Reversion(14,20/80)",LONG,2026-08-06 15:30:00,2026-08-06 16:40:00,7742.25,7738.5,-20.75
"Stochastic_Reversion(14,20/80)",SHORT,2026-08-06 18:30:00,2026-08-06 18:45:00,7744.0,7737.5,30.5
"Stochastic_Reversion(14,20/80)",LONG,2026-08-07 00:30:00,2026-08-07 00:35:00,7730.25,7739.25,43.0
"Stochastic_Reversion(14,20/80)",LONG,2026-08-07 01:25:00,2026-08-07 01:30:00,7729.75,7733.75,18.0
"Stochastic_Reversion(14,20/80)",LONG,2026-08-07 04:10:00,2026-08-07 04:25:00,7729.25,7731.5,9.25
"Stochastic_Reversion(14,20/80)",SHORT,2026-08-07 05:10:00,2026-08-07 05:40:00,7734.75,7733.0,6.75
"Stochastic_Reversion(14,20/80)",SHORT,2026-08-07 11:30:00,2026-08-07 12:00:00,7753.5,7748.5,23.0
"Stochastic_Reversion(14,20/80)",SHORT,2026-08-07 13:00:00,2026-08-07 13:15:00,7775.0,7761.5,65.5
"Stochastic_Reversion(14,20/80)",LONG,2026-08-07 14:15:00,2026-08-07 14:20:00,7746.0,7765.75,96.75
"Stochastic_Reversion(14,20/80)",SHORT,2026-08-07 15:20:00,2026-08-07 16:15:00,7776.25,7777.5,-8.25
"Stochastic_Reversion(14,20/80)",LONG,2026-08-07 16:30:00,2026-08-07 16:45:00,7764.75,7773.5,41.75
"Stochastic_Reversion(14,20/80)",LONG,2026-08-07 18:40:00,2026-08-07 19:00:00,7760.5,7764.25,16.75
"Stochastic_Reversion(14,20/80)",SHORT,2026-08-09 23:30:00,2026-08-09 23:35:00,7771.75,7768.75,13.0
"Stochastic_Reversion(14,20/80)",SHORT,2026-08-10 01:30:00,2026-08-10 02:25:00,7779.25,7778.5,1.75
"Stochastic_Reversion(14,20/80)",SHORT,2026-08-10 03:00:00,2026-08-10 06:25:00,7782.0,7787.25,-28.25
"Stochastic_Reversion(14,20/80)",LONG,2026-08-10 06:50:00,2026-08-10 07:25:00,7786.25,7791.75,25.5
"Stochastic_Reversion(14,20/80)",SHORT,2026-08-10 07:35:00,2026-08-10 08:30:00,7792.0,7791.0,3.0
"Stochastic_Reversion(14,20/80)",LONG,2026-08-10 11:15:00,2026-08-10 11:30:00,7780.5,7785.75,24.25
"Stochastic_Reversion(14,20/80)",LONG,2026-08-10 12:45:00,2026-08-10 13:50:00,7774.25,7777.5,14.25
"Stochastic_Reversion(14,20/80)",SHORT,2026-08-10 14:20:00,2026-08-10 15:00:00,7789.5,7781.75,36.75
"Stochastic_Reversion(14,20/80)",SHORT,2026-08-10 19:05:00,2026-08-10 19:35:00,7778.75,7775.25,15.5
"Stochastic_Reversion(14,20/80)",SHORT,2026-08-10 22:00:00,2026-08-10 22:20:00,7778.25,7776.0,9.25
"Stochastic_Reversion(14,20/80)",LONG,2026-08-10 22:45:00,2026-08-10 23:45:00,7772.25,7771.5,-5.75
"Stochastic_Reversion(14,20/80)",SHORT,2026-08-11 00:40:00,2026-08-11 02:20:00,7777.25,7783.75,-34.5
"Stochastic_Reversion(14,20/80)",SHORT,2026-08-11 03:30:00,2026-08-11 04:25:00,7788.75,7786.75,8.0
"Stochastic_Reversion(14,20/80)",LONG,2026-08-11 06:30:00,2026-08-11 07:35:00,7775.5,7776.0,0.5
"Stochastic_Reversion(14,20/80)",SHORT,2026-08-11 09:30:00,2026-08-11 10:15:00,7776.75,7776.0,1.75
"Stochastic_Reversion(14,20/80)",SHORT,2026-08-11 11:10:00,2026-08-11 11:35:00,7792.75,7787.0,26.75
"Stochastic_Reversion(14,20/80)",LONG,2026-08-11 15:20:00,2026-08-11 17:45:00,7770.0,7758.0,-62.0
"Stochastic_Reversion(14,20/80)",SHORT,2026-08-11 20:40:00,2026-08-11 22:35:00,7756.75,7754.25,10.5
"Stochastic_Reversion(14,20/80)",SHORT,2026-08-12 02:40:00,2026-08-12 03:40:00,7753.25,7754.25,-7.0
"Stochastic_Reversion(14,20/80)",SHORT,2026-08-12 05:00:00,2026-08-12 05:10:00,7757.5,7756.0,5.5
"Stochastic_Reversion(14,20/80)",SHORT,2026-08-12 06:10:00,2026-08-12 06:15:00,7757.0,7755.25,6.75
"Stochastic_Reversion(14,20/80)",SHORT,2026-08-12 07:05:00,2026-08-12 07:55:00,7760.25,7758.75,5.5
"Stochastic_Reversion(14,20/80)",SHORT,2026-08-12 08:30:00,2026-08-12 08:35:00,7761.75,7758.25,15.5
"Stochastic_Reversion(14,20/80)",SHORT,2026-08-12 09:00:00,2026-08-12 09:55:00,7762.5,7765.25,-15.75
"Stochastic_Reversion(14,20/80)",SHORT,2026-08-12 11:50:00,2026-08-12 13:35:00,7768.25,7775.0,-35.75
"Stochastic_Reversion(14,20/80)",LONG,2026-08-12 14:10:00,2026-08-12 14:45:00,7768.5,7775.25,31.75
"Stochastic_Reversion(14,20/80)",SHORT,2026-08-12 16:50:00,2026-08-12 17:50:00,7772.75,7772.25,0.5
"Stochastic_Reversion(14,20/80)",SHORT,2026-08-12 18:45:00,2026-08-12 19:00:00,7779.75,7774.75,23.0
"Stochastic_Reversion(14,20/80)",SHORT,2026-08-12 23:25:00,2026-08-12 23:50:00,7771.0,7767.75,14.25
"Stochastic_Reversion(14,20/80)",LONG,2026-08-13 01:20:00,2026-08-13 01:40:00,7766.5,7767.25,1.75
"Stochastic_Reversion(14,20/80)",SHORT,2026-08-13 02:05:00,2026-08-13 02:35:00,7771.0,7768.25,11.75
"Stochastic_Reversion(14,20/80)",SHORT,2026-08-13 02:55:00,2026-08-13 04:15:00,7773.0,7773.5,-4.5
"Stochastic_Reversion(14,20/80)",SHORT,2026-08-13 05:20:00,2026-08-13 06:00:00,7778.5,7776.5,8.0
"Stochastic_Reversion(14,20/80)",SHORT,2026-08-13 07:55:00,2026-08-13 08:05:00,7778.75,7776.0,11.75
"Stochastic_Reversion(14,20/80)",SHORT,2026-08-13 08:40:00,2026-08-13 09:30:00,7781.0,7780.25,1.75
"Stochastic_Reversion(14,20/80)",SHORT,2026-08-13 09:50:00,2026-08-13 11:20:00,7783.5,7783.0,0.5
"Stochastic_Reversion(14,20/80)",SHORT,2026-08-13 13:15:00,2026-08-13 15:00:00,7790.75,7822.0,-158.25
"Stochastic_Reversion(14,20/80)",LONG,2026-08-13 15:20:00,2026-08-13 16:30:00,7816.0,7809.5,-34.5
"Stochastic_Reversion(14,20/80)",SHORT,2026-08-13 17:10:00,2026-08-13 17:40:00,7816.75,7812.25,20.5
"Stochastic_Reversion(14,20/80)",SHORT,2026-08-13 18:45:00,2026-08-13 19:45:00,7820.5,7821.75,-8.25
"Stochastic_Reversion(14,20/80)",SHORT,2026-08-13 22:05:00,2026-08-13 22:50:00,7826.0,7824.25,6.75
"Stochastic_Reversion(14,20/80)",LONG,2026-08-14 00:35:00,2026-08-14 01:35:00,7824.5,7822.75,-10.75
"Stochastic_Reversion(14,20/80)",SHORT,2026-08-14 02:40:00,2026-08-14 03:00:00,7826.25,7825.0,4.25
"Stochastic_Reversion(14,20/80)",SHORT,2026-08-14 03:30:00,2026-08-14 03:40:00,7827.5,7825.75,6.75
"Stochastic_Reversion(14,20/80)",LONG,2026-08-14 04:10:00,2026-08-14 05:30:00,7825.0,7823.5,-9.5
"Stochastic_Reversion(14,20/80)",LONG,2026-08-14 06:20:00,2026-08-14 07:10:00,7821.75,7822.75,3.0
"Stochastic_Reversion(14,20/80)",SHORT,2026-08-14 07:55:00,2026-08-14 09:05:00,7824.25,7825.0,-5.75
"Stochastic_Reversion(14,20/80)",LONG,2026-08-14 09:45:00,2026-08-14 09:55:00,7825.0,7826.75,6.75
"Stochastic_Reversion(14,20/80)",SHORT,2026-08-14 10:10:00,2026-08-14 10:30:00,7828.5,7827.0,5.5
"Stochastic_Reversion(14,20/80)",LONG,2026-08-14 14:30:00,2026-08-14 16:15:00,7817.0,7807.5,-49.5
"Stochastic_Reversion(14,20/80)",LONG,2026-08-14 17:05:00,2026-08-14 18:00:00,7800.0,7800.5,0.5
"Stochastic_Reversion(14,20/80)",SHORT,2026-08-14 18:15:00,2026-08-14 19:05:00,7804.25,7802.5,6.75
"Stochastic_Reversion(14,20/80)",LONG,2026-08-14 20:25:00,2026-08-16 22:10:00,7800.5,7809.75,44.25
"Stochastic_Reversion(14,20/80)",SHORT,2026-08-16 22:25:00,2026-08-16 23:20:00,7810.0,7809.25,1.75
"Stochastic_Reversion(14,20/80)",LONG,2026-08-17 00:30:00,2026-08-17 01:05:00,7809.0,7812.25,14.25
"Stochastic_Reversion(14,20/80)",LONG,2026-08-17 02:00:00,2026-08-17 02:45:00,7807.5,7809.25,6.75
"CCI_Reversion(20,100)",SHORT,2026-06-01 00:00:00,2026-06-01 00:40:00,7605.25,7610.5,-28.25
"CCI_Reversion(20,100)",SHORT,2026-06-01 00:45:00,2026-06-01 00:55:00,7611.5,7612.25,-5.75
"CCI_Reversion(20,100)",SHORT,2026-06-01 01:50:00,2026-06-01 02:35:00,7613.25,7616.0,-15.75
"CCI_Reversion(20,100)",SHORT,2026-06-01 03:30:00,2026-06-01 03:40:00,7617.25,7615.75,5.5
"CCI_Reversion(20,100)",LONG,2026-06-01 03:45:00,2026-06-01 04:05:00,7612.75,7613.75,3.0
"CCI_Reversion(20,100)",SHORT,2026-06-01 04:45:00,2026-06-01 04:50:00,7617.75,7616.5,4.25
"CCI_Reversion(20,100)",SHORT,2026-06-01 05:50:00,2026-06-01 06:10:00,7618.5,7618.25,-0.75
"CCI_Reversion(20,100)",LONG,2026-06-01 06:30:00,2026-06-01 06:35:00,7614.5,7617.0,10.5
"CCI_Reversion(20,100)",SHORT,2026-06-01 07:05:00,2026-06-01 07:20:00,7619.5,7617.0,10.5
"CCI_Reversion(20,100)",LONG,2026-06-01 07:30:00,2026-06-01 08:00:00,7613.25,7611.25,-12.0
"CCI_Reversion(20,100)",SHORT,2026-06-01 09:00:00,2026-06-01 09:15:00,7614.25,7612.0,9.25
"CCI_Reversion(20,100)",SHORT,2026-06-01 10:15:00,2026-06-01 10:20:00,7614.25,7613.75,0.5
"CCI_Reversion(20,100)",SHORT,2026-06-01 10:30:00,2026-06-01 11:00:00,7614.75,7616.25,-9.5
"CCI_Reversion(20,100)",SHORT,2026-06-01 11:35:00,2026-06-01 11:55:00,7618.5,7615.0,15.5
"CCI_Reversion(20,100)",LONG,2026-06-01 12:00:00,2026-06-01 12:40:00,7614.25,7610.5,-20.75
"CCI_Reversion(20,100)",LONG,2026-06-01 13:05:00,2026-06-01 13:10:00,7606.5,7609.75,14.25
"CCI_Reversion(20,100)",LONG,2026-06-01 13:15:00,2026-06-01 13:40:00,7588.75,7591.5,11.75
"CCI_Reversion(20,100)",SHORT,2026-06-01 15:35:00,2026-06-01 16:00:00,7598.75,7595.5,14.25
"CCI_Reversion(20,100)",SHORT,2026-06-01 16:55:00,2026-06-01 17:10:00,7606.75,7599.5,34.25
"CCI_Reversion(20,100)",SHORT,2026-06-01 17:25:00,2026-06-01 18:15:00,7604.25,7623.0,-95.75
"CCI_Reversion(20,100)",LONG,2026-06-01 19:20:00,2026-06-01 19:25:00,7623.25,7625.0,6.75
"CCI_Reversion(20,100)",LONG,2026-06-01 19:35:00,2026-06-01 20:15:00,7621.25,7615.5,-30.75
"CCI_Reversion(20,100)",LONG,2026-06-01 20:30:00,2026-06-01 20:35:00,7611.75,7613.75,8.0
"CCI_Reversion(20,100)",LONG,2026-06-01 20:55:00,2026-06-01 22:50:00,7608.5,7593.0,-79.5
"CCI_Reversion(20,100)",LONG,2026-06-02 00:10:00,2026-06-02 01:10:00,7587.75,7581.5,-33.25
"CCI_Reversion(20,100)",LONG,2026-06-02 01:50:00,2026-06-02 02:20:00,7578.5,7580.0,5.5
"CCI_Reversion(20,100)",LONG,2026-06-02 03:25:00,2026-06-02 03:30:00,7578.75,7578.0,-5.75
"CCI_Reversion(20,100)",SHORT,2026-06-02 04:10:00,2026-06-02 04:20:00,7583.75,7581.75,8.0
"CCI_Reversion(20,100)",SHORT,2026-06-02 04:25:00,2026-06-02 05:50:00,7583.25,7593.5,-53.25
"CCI_Reversion(20,100)",SHORT,2026-06-02 06:10:00,2026-06-02 06:15:00,7595.5,7596.25,-5.75
"CCI_Reversion(20,100)",SHORT,2026-06-02 06:20:00,2026-06-02 06:35:00,7597.25,7597.0,-0.75
"CCI_Reversion(20,100)",SHORT,2026-06-02 06:40:00,2026-06-02 07:30:00,7599.25,7604.0,-25.75
"CCI_Reversion(20,100)",SHORT,2026-06-02 08:05:00,2026-06-02 08:20:00,7610.0,7606.75,14.25
"CCI_Reversion(20,100)",LONG,2026-06-02 09:05:00,2026-06-02 09:10:00,7602.5,7604.5,8.0
"CCI_Reversion(20,100)",LONG,2026-06-02 09:15:00,2026-06-02 09:45:00,7602.5,7604.5,8.0
"CCI_Reversion(20,100)",LONG,2026-06-02 10:05:00,2026-06-02 10:10:00,7601.25,7601.75,0.5
"CCI_Reversion(20,100)",LONG,2026-06-02 10:40:00,2026-06-02 10:55:00,7600.25,7600.5,-0.75
"CCI_Reversion(20,100)",LONG,2026-06-02 11:05:00,2026-06-02 11:15:00,7595.75,7598.5,11.75
"CCI_Reversion(20,100)",LONG,2026-06-02 11:20:00,2026-06-02 11:30:00,7597.25,7598.75,5.5
"CCI_Reversion(20,100)",LONG,2026-06-02 12:00:00,2026-06-02 12:10:00,7596.25,7599.25,13.0
"CCI_Reversion(20,100)",SHORT,2026-06-02 12:25:00,2026-06-02 12:35:00,7602.0,7599.25,11.75
"CCI_Reversion(20,100)",LONG,2026-06-02 13:05:00,2026-06-02 13:25:00,7596.75,7597.5,1.75
"CCI_Reversion(20,100)",SHORT,2026-06-02 13:35:00,2026-06-02 13:40:00,7602.5,7598.0,20.5
"CCI_Reversion(20,100)",SHORT,2026-06-02 13:50:00,2026-06-02 14:30:00,7604.25,7605.0,-5.75
"CCI_Reversion(20,100)",SHORT,2026-06-02 14:35:00,2026-06-02 15:30:00,7613.25,7626.75,-69.5
"CCI_Reversion(20,100)",LONG,2026-06-02 16:30:00,2026-06-02 16:50:00,7621.25,7624.5,14.25
"CCI_Reversion(20,100)",LONG,2026-06-02 17:25:00,2026-06-02 17:50:00,7619.5,7620.25,1.75
"CCI_Reversion(20,100)",LONG,2026-06-02 18:00:00,2026-06-02 18:10:00,7616.75,7619.5,11.75
"CCI_Reversion(20,100)",LONG,2026-06-02 18:40:00,2026-06-02 18:50:00,7615.0,7618.0,13.0
"CCI_Reversion(20,100)",SHORT,2026-06-02 19:05:00,2026-06-02 19:40:00,7621.75,7621.5,-0.75
"CCI_Reversion(20,100)",SHORT,2026-06-02 19:55:00,2026-06-02 20:30:00,7623.75,7626.25,-14.5
"CCI_Reversion(20,100)",LONG,2026-06-02 22:55:00,2026-06-02 23:40:00,7622.5,7616.25,-33.25
"CCI_Reversion(20,100)",LONG,2026-06-03 01:45:00,2026-06-03 01:55:00,7620.5,7621.75,4.25
"CCI_Reversion(20,100)",LONG,2026-06-03 02:55:00,2026-06-03 03:00:00,7620.5,7621.25,1.75
"CCI_Reversion(20,100)",SHORT,2026-06-03 03:15:00,2026-06-03 03:30:00,7622.5,7621.5,3.0
"CCI_Reversion(20,100)",SHORT,2026-06-03 03:45:00,2026-06-03 03:50:00,7623.25,7622.0,4.25
"CCI_Reversion(20,100)",SHORT,2026-06-03 04:05:00,2026-06-03 04:40:00,7624.75,7624.5,-0.75
"CCI_Reversion(20,100)",LONG,2026-06-03 05:05:00,2026-06-03 05:10:00,7621.25,7622.5,4.25
"CCI_Reversion(20,100)",LONG,2026-06-03 05:35:00,2026-06-03 06:05:00,7619.75,7621.75,8.0
"CCI_Reversion(20,100)",LONG,2026-06-03 06:15:00,2026-06-03 06:30:00,7617.75,7618.5,1.75
"CCI_Reversion(20,100)",LONG,2026-06-03 06:35:00,2026-06-03 06:40:00,7617.5,7620.5,13.0
"CCI_Reversion(20,100)",SHORT,2026-06-03 07:10:00,2026-06-03 07:25:00,7621.25,7619.75,5.5
"CCI_Reversion(20,100)",LONG,2026-06-03 07:45:00,2026-06-03 07:50:00,7617.5,7618.0,0.5
"CCI_Reversion(20,100)",LONG,2026-06-03 08:25:00,2026-06-03 08:30:00,7616.75,7621.5,21.75
"CCI_Reversion(20,100)",SHORT,2026-06-03 09:10:00,2026-06-03 09:15:00,7621.5,7619.0,10.5
"CCI_Reversion(20,100)",LONG,2026-06-03 09:35:00,2026-06-03 10:10:00,7616.5,7617.25,1.75
"CCI_Reversion(20,100)",LONG,2026-06-03 10:45:00,2026-06-03 10:55:00,7611.0,7614.0,13.0
"CCI_Reversion(20,100)",SHORT,2026-06-03 11:30:00,2026-06-03 11:50:00,7617.5,7617.75,-3.25
"CCI_Reversion(20,100)",LONG,2026-06-03 12:25:00,2026-06-03 13:05:00,7613.0,7607.5,-29.5
"CCI_Reversion(20,100)",LONG,2026-06-03 13:45:00,2026-06-03 14:10:00,7592.25,7591.25,-7.0
"CCI_Reversion(20,100)",LONG,2026-06-03 15:25:00,2026-06-03 15:30:00,7582.5,7588.5,28.0
"CCI_Reversion(20,100)",LONG,2026-06-03 15:35:00,2026-06-03 16:15:00,7583.5,7579.5,-22.0
"CCI_Reversion(20,100)",LONG,2026-06-03 16:20:00,2026-06-03 16:50:00,7576.0,7572.75,-18.25
"CCI_Reversion(20,100)",SHORT,2026-06-03 17:45:00,2026-06-03 18:10:00,7579.25,7581.0,-10.75
"CCI_Reversion(20,100)",SHORT,2026-06-03 18:30:00,2026-06-03 18:40:00,7587.25,7584.75,10.5
"CCI_Reversion(20,100)",LONG,2026-06-03 19:15:00,2026-06-03 19:20:00,7577.5,7578.5,3.0
"CCI_Reversion(20,100)",LONG,2026-06-03 19:25:00,2026-06-03 19:40:00,7574.5,7580.75,29.25
"CCI_Reversion(20,100)",LONG,2026-06-03 20:00:00,2026-06-03 22:30:00,7572.5,7537.75,-175.75
"CCI_Reversion(20,100)",LONG,2026-06-03 23:25:00,2026-06-03 23:30:00,7532.5,7535.0,10.5
"CCI_Reversion(20,100)",LONG,2026-06-03 23:35:00,2026-06-03 23:55:00,7531.0,7537.5,30.5
"CCI_Reversion(20,100)",SHORT,2026-06-04 00:10:00,2026-06-04 00:20:00,7541.25,7541.0,-0.75
"CCI_Reversion(20,100)",SHORT,2026-06-04 00:35:00,2026-06-04 01:20:00,7547.0,7544.75,9.25
"CCI_Reversion(20,100)",SHORT,2026-06-04 01:35:00,2026-06-04 01:45:00,7549.5,7544.75,21.75
"CCI_Reversion(20,100)",LONG,2026-06-04 01:55:00,2026-06-04 02:30:00,7537.5,7535.5,-12.0
"CCI_Reversion(20,100)",LONG,2026-06-04 02:35:00,2026-06-04 02:40:00,7532.75,7533.75,3.0
"CCI_Reversion(20,100)",SHORT,2026-06-04 03:30:00,2026-06-04 03:45:00,7542.25,7539.75,10.5
"CCI_Reversion(20,100)",SHORT,2026-06-04 04:10:00,2026-06-04 04:40:00,7543.0,7545.5,-14.5
"CCI_Reversion(20,100)",SHORT,2026-06-04 04:45:00,2026-06-04 04:50:00,7547.5,7545.25,9.25
"CCI_Reversion(20,100)",LONG,2026-06-04 05:15:00,2026-06-04 05:20:00,7542.0,7542.75,1.75
"CCI_Reversion(20,100)",LONG,2026-06-04 05:30:00,2026-06-04 05:35:00,7540.25,7542.25,8.0
"CCI_Reversion(20,100)",SHORT,2026-06-04 06:40:00,2026-06-04 07:25:00,7548.75,7554.5,-30.75
"CCI_Reversion(20,100)",SHORT,2026-06-04 07:35:00,2026-06-04 07:40:00,7557.25,7555.5,6.75
"CCI_Reversion(20,100)",LONG,2026-06-04 08:10:00,2026-06-04 08:35:00,7548.25,7545.75,-14.5
"CCI_Reversion(20,100)",LONG,2026-06-04 08:50:00,2026-06-04 09:00:00,7538.75,7540.5,6.75
"CCI_Reversion(20,100)",LONG,2026-06-04 09:05:00,2026-06-04 09:25:00,7537.5,7538.25,1.75
"CCI_Reversion(20,100)",SHORT,2026-06-04 09:50:00,2026-06-04 10:05:00,7548.0,7546.0,8.0
"CCI_Reversion(20,100)",LONG,2026-06-04 10:50:00,2026-06-04 11:05:00,7534.0,7537.25,14.25
"CCI_Reversion(20,100)",LONG,2026-06-04 11:40:00,2026-06-04 11:50:00,7533.0,7537.75,21.75
"CCI_Reversion(20,100)",SHORT,2026-06-04 11:55:00,2026-06-04 12:15:00,7543.25,7538.5,21.75
"CCI_Reversion(20,100)",SHORT,2026-06-04 12:35:00,2026-06-04 13:10:00,7544.0,7549.25,-28.25
"CCI_Reversion(20,100)",SHORT,2026-06-04 13:20:00,2026-06-04 13:30:00,7554.0,7548.25,26.75
"CCI_Reversion(20,100)",SHORT,2026-06-04 13:40:00,2026-06-04 13:45:00,7557.0,7548.25,41.75
"CCI_Reversion(20,100)",SHORT,2026-06-04 13:55:00,2026-06-04 14:10:00,7555.5,7554.25,4.25
"CCI_Reversion(20,100)",SHORT,2026-06-04 14:15:00,2026-06-04 14:50:00,7561.75,7565.0,-18.25
"CCI_Reversion(20,100)",SHORT,2026-06-04 15:00:00,2026-06-04 15:40:00,7569.5,7584.25,-75.75
"CCI_Reversion(20,100)",SHORT,2026-06-04 16:15:00,2026-06-04 16:35:00,7590.25,7591.5,-8.25
"CCI_Reversion(20,100)",SHORT,2026-06-04 16:40:00,2026-06-04 17:00:00,7595.5,7596.5,-7.0
"CCI_Reversion(20,100)",SHORT,2026-06-04 17:35:00,2026-06-04 18:35:00,7600.5,7606.0,-29.5
"CCI_Reversion(20,100)",SHORT,2026-06-04 19:10:00,2026-06-04 19:15:00,7607.5,7606.25,4.25
"CCI_Reversion(20,100)",SHORT,2026-06-04 19:30:00,2026-06-04 19:45:00,7611.0,7606.25,21.75
"CCI_Reversion(20,100)",LONG,2026-06-04 20:00:00,2026-06-04 20:45:00,7599.75,7588.75,-57.0
"CCI_Reversion(20,100)",LONG,2026-06-04 22:20:00,2026-06-04 22:45:00,7584.75,7582.0,-15.75
"CCI_Reversion(20,100)",LONG,2026-06-04 23:15:00,2026-06-05 00:45:00,7580.5,7562.25,-93.25
"CCI_Reversion(20,100)",LONG,2026-06-05 00:55:00,2026-06-05 01:40:00,7560.0,7553.0,-37.0
"CCI_Reversion(20,100)",SHORT,2026-06-05 02:15:00,2026-06-05 02:40:00,7563.5,7563.75,-3.25
"CCI_Reversion(20,100)",LONG,2026-06-05 03:35:00,2026-06-05 04:10:00,7559.25,7558.5,-5.75
"CCI_Reversion(20,100)",SHORT,2026-06-05 04:50:00,2026-06-05 05:05:00,7562.25,7561.25,3.0
"CCI_Reversion(20,100)",SHORT,2026-06-05 05:40:00,2026-06-05 05:45:00,7563.0,7561.25,6.75
"CCI_Reversion(20,100)",LONG,2026-06-05 05:55:00,2026-06-05 06:05:00,7557.5,7561.5,18.0
"CCI_Reversion(20,100)",SHORT,2026-06-05 06:10:00,2026-06-05 06:15:00,7563.25,7559.25,18.0
"CCI_Reversion(20,100)",LONG,2026-06-05 06:20:00,2026-06-05 06:55:00,7556.5,7554.75,-10.75
"CCI_Reversion(20,100)",LONG,2026-06-05 07:05:00,2026-06-05 07:25:00,7551.75,7553.0,4.25
"CCI_Reversion(20,100)",SHORT,2026-06-05 07:55:00,2026-06-05 08:00:00,7557.25,7557.5,-3.25
"CCI_Reversion(20,100)",SHORT,2026-06-05 08:15:00,2026-06-05 08:20:00,7558.75,7559.5,-5.75
"CCI_Reversion(20,100)",SHORT,2026-06-05 08:25:00,2026-06-05 08:45:00,7561.5,7561.5,-2.0
"CCI_Reversion(20,100)",SHORT,2026-06-05 09:15:00,2026-06-05 09:30:00,7572.25,7566.5,26.75
"CCI_Reversion(20,100)",SHORT,2026-06-05 10:20:00,2026-06-05 10:40:00,7571.5,7572.25,-5.75
"CCI_Reversion(20,100)",LONG,2026-06-05 11:20:00,2026-06-05 11:30:00,7565.75,7568.5,11.75
"CCI_Reversion(20,100)",LONG,2026-06-05 12:00:00,2026-06-05 12:25:00,7563.25,7562.5,-5.75
"CCI_Reversion(20,100)",LONG,2026-06-05 12:30:00,2026-06-05 12:45:00,7558.5,7559.5,3.0
"CCI_Reversion(20,100)",LONG,2026-06-05 12:55:00,2026-06-05 13:30:00,7551.25,7548.0,-18.25
"CCI_Reversion(20,100)",LONG,2026-06-05 13:40:00,2026-06-05 14:15:00,7540.25,7525.0,-78.25
"CCI_Reversion(20,100)",LONG,2026-06-05 15:15:00,2026-06-05 16:55:00,7507.25,7470.0,-188.25
"CCI_Reversion(20,100)",LONG,2026-06-05 17:15:00,2026-06-05 17:25:00,7458.5,7465.0,30.5
"CCI_Reversion(20,100)",LONG,2026-06-05 18:10:00,2026-06-05 19:30:00,7456.75,7409.0,-240.75
"CCI_Reversion(20,100)",LONG,2026-06-05 20:05:00,2026-06-05 20:45:00,7378.0,7364.25,-70.75
"CCI_Reversion(20,100)",SHORT,2026-06-07 23:50:00,2026-06-08 00:50:00,7398.5,7415.75,-88.25
"CCI_Reversion(20,100)",LONG,2026-06-08 01:30:00,2026-06-08 01:45:00,7393.0,7405.75,61.75
"CCI_Reversion(20,100)",SHORT,2026-06-08 02:45:00,2026-06-08 03:20:00,7417.25,7412.0,24.25
"CCI_Reversion(20,100)",LONG,2026-06-08 04:15:00,2026-06-08 05:05:00,7412.75,7408.25,-24.5
"CCI_Reversion(20,100)",LONG,2026-06-08 05:15:00,2026-06-08 05:25:00,7396.75,7401.0,19.25
"CCI_Reversion(20,100)",LONG,2026-06-08 05:35:00,2026-06-08 06:05:00,7395.25,7396.75,5.5
"CCI_Reversion(20,100)",SHORT,2026-06-08 06:35:00,2026-06-08 06:40:00,7402.75,7398.75,18.0
"CCI_Reversion(20,100)",SHORT,2026-06-08 07:05:00,2026-06-08 08:00:00,7404.25,7423.0,-95.75
"CCI_Reversion(20,100)",LONG,2026-06-08 08:50:00,2026-06-08 09:05:00,7415.5,7416.25,1.75
"CCI_Reversion(20,100)",LONG,2026-06-08 09:10:00,2026-06-08 09:15:00,7407.75,7416.0,39.25
"CCI_Reversion(20,100)",SHORT,2026-06-08 09:40:00,2026-06-08 10:05:00,7418.75,7423.5,-25.75
"CCI_Reversion(20,100)",SHORT,2026-06-08 10:10:00,2026-06-08 10:20:00,7425.25,7418.5,31.75
"CCI_Reversion(20,100)",SHORT,2026-06-08 10:35:00,2026-06-08 10:50:00,7431.25,7427.5,16.75
"CCI_Reversion(20,100)",SHORT,2026-06-08 11:15:00,2026-06-08 11:50:00,7448.25,7448.25,-2.0
"CCI_Reversion(20,100)",SHORT,2026-06-08 12:35:00,2026-06-08 12:55:00,7460.5,7460.5,-2.0
"CCI_Reversion(20,100)",SHORT,2026-06-08 13:05:00,2026-06-08 13:15:00,7462.5,7462.75,-3.25
"CCI_Reversion(20,100)",SHORT,2026-06-08 13:25:00,2026-06-08 13:30:00,7466.25,7457.5,41.75
"CCI_Reversion(20,100)",LONG,2026-06-08 13:40:00,2026-06-08 13:55:00,7439.25,7455.25,78.0
"CCI_Reversion(20,100)",LONG,2026-06-08 14:00:00,2026-06-08 14:25:00,7431.25,7444.5,64.25
"CCI_Reversion(20,100)",SHORT,2026-06-08 14:55:00,2026-06-08 15:25:00,7464.0,7472.25,-43.25
"CCI_Reversion(20,100)",LONG,2026-06-08 16:30:00,2026-06-08 16:50:00,7444.0,7447.25,14.25
"CCI_Reversion(20,100)",LONG,2026-06-08 17:05:00,2026-06-08 17:30:00,7429.75,7442.5,61.75
"CCI_Reversion(20,100)",SHORT,2026-06-08 18:35:00,2026-06-08 18:40:00,7440.25,7432.0,39.25
"CCI_Reversion(20,100)",LONG,2026-06-08 19:05:00,2026-06-08 19:35:00,7432.0,7417.25,-75.75
"CCI_Reversion(20,100)",LONG,2026-06-08 22:05:00,2026-06-08 22:40:00,7406.0,7403.0,-17.0
"CCI_Reversion(20,100)",SHORT,2026-06-08 23:40:00,2026-06-08 23:45:00,7418.0,7413.25,21.75
"CCI_Reversion(20,100)",LONG,2026-06-09 00:10:00,2026-06-09 00:45:00,7395.75,7397.0,4.25
"CCI_Reversion(20,100)",SHORT,2026-06-09 01:25:00,2026-06-09 02:00:00,7413.75,7419.75,-32.0
"CCI_Reversion(20,100)",SHORT,2026-06-09 03:15:00,2026-06-09 03:25:00,7426.0,7423.5,10.5
"CCI_Reversion(20,100)",SHORT,2026-06-09 03:35:00,2026-06-09 04:55:00,7428.0,7435.25,-38.25
"CCI_Reversion(20,100)",SHORT,2026-06-09 05:35:00,2026-06-09 06:00:00,7439.25,7436.75,10.5
"CCI_Reversion(20,100)",SHORT,2026-06-09 06:15:00,2026-06-09 06:30:00,7438.5,7436.5,8.0
"CCI_Reversion(20,100)",LONG,2026-06-09 06:55:00,2026-06-09 07:05:00,7431.25,7443.75,60.5
"CCI_Reversion(20,100)",SHORT,2026-06-09 07:05:00,2026-06-09 07:20:00,7443.75,7437.5,29.25
"CCI_Reversion(20,100)",LONG,2026-06-09 07:30:00,2026-06-09 07:35:00,7433.5,7434.0,0.5
"CCI_Reversion(20,100)",LONG,2026-06-09 07:40:00,2026-06-09 07:45:00,7433.5,7436.25,11.75
"CCI_Reversion(20,100)",LONG,2026-06-09 08:00:00,2026-06-09 08:05:00,7432.75,7433.5,1.75
"CCI_Reversion(20,100)",SHORT,2026-06-09 08:15:00,2026-06-09 08:25:00,7444.0,7442.0,8.0
"CCI_Reversion(20,100)",SHORT,2026-06-09 08:30:00,2026-06-09 08:55:00,7443.25,7442.0,4.25
"CCI_Reversion(20,100)",SHORT,2026-06-09 09:30:00,2026-06-09 09:35:00,7449.5,7444.5,23.0
"CCI_Reversion(20,100)",SHORT,2026-06-09 09:50:00,2026-06-09 10:00:00,7449.25,7448.75,0.5
"CCI_Reversion(20,100)",SHORT,2026-06-09 10:05:00,2026-06-09 10:10:00,7451.0,7441.5,45.5
"CCI_Reversion(20,100)",LONG,2026-06-09 10:10:00,2026-06-09 10:15:00,7441.5,7449.0,35.5
"CCI_Reversion(20,100)",SHORT,2026-06-09 10:55:00,2026-06-09 11:15:00,7451.0,7450.5,0.5
"CCI_Reversion(20,100)",LONG,2026-06-09 12:00:00,2026-06-09 12:05:00,7443.5,7446.0,10.5
"CCI_Reversion(20,100)",LONG,2026-06-09 12:15:00,2026-06-09 12:35:00,7443.25,7452.75,45.5
"CCI_Reversion(20,100)",SHORT,2026-06-09 12:40:00,2026-06-09 12:45:00,7451.25,7449.5,6.75
"CCI_Reversion(20,100)",SHORT,2026-06-09 13:00:00,2026-06-09 13:20:00,7456.25,7450.75,25.5
"CCI_Reversion(20,100)",SHORT,2026-06-09 13:30:00,2026-06-09 14:00:00,7458.75,7465.25,-34.5
"CCI_Reversion(20,100)",LONG,2026-06-09 14:15:00,2026-06-09 15:10:00,7437.0,7400.75,-183.25
"CCI_Reversion(20,100)",LONG,2026-06-09 15:25:00,2026-06-09 16:35:00,7362.75,7294.25,-344.5
"CCI_Reversion(20,100)",LONG,2026-06-09 16:40:00,2026-06-09 17:00:00,7255.25,7287.25,158.0
"CCI_Reversion(20,100)",SHORT,2026-06-09 17:30:00,2026-06-09 18:05:00,7328.75,7347.25,-94.5
"CCI_Reversion(20,100)",SHORT,2026-06-09 18:25:00,2026-06-09 18:45:00,7372.5,7366.25,29.25
"CCI_Reversion(20,100)",SHORT,2026-06-09 18:55:00,2026-06-09 19:15:00,7378.75,7375.0,16.75
"CCI_Reversion(20,100)",LONG,2026-06-09 19:45:00,2026-06-09 19:55:00,7356.0,7383.5,135.5
"CCI_Reversion(20,100)",SHORT,2026-06-09 20:00:00,2026-06-09 20:10:00,7391.75,7387.5,19.25
"CCI_Reversion(20,100)",LONG,2026-06-09 22:30:00,2026-06-09 23:05:00,7378.25,7375.5,-15.75
"CCI_Reversion(20,100)",SHORT,2026-06-10 00:00:00,2026-06-10 00:25:00,7378.75,7381.5,-15.75
"CCI_Reversion(20,100)",SHORT,2026-06-10 01:20:00,2026-06-10 01:25:00,7388.25,7383.25,23.0
"CCI_Reversion(20,100)",LONG,2026-06-10 02:10:00,2026-06-10 02:15:00,7372.5,7376.0,15.5
"CCI_Reversion(20,100)",LONG,2026-06-10 02:55:00,2026-06-10 03:05:00,7371.0,7376.0,23.0
"CCI_Reversion(20,100)",LONG,2026-06-10 03:40:00,2026-06-10 04:05:00,7372.5,7367.0,-29.5
"CCI_Reversion(20,100)",LONG,2026-06-10 04:10:00,2026-06-10 04:55:00,7366.75,7364.0,-15.75
"CCI_Reversion(20,100)",LONG,2026-06-10 05:00:00,2026-06-10 05:05:00,7358.0,7361.0,13.0
"CCI_Reversion(20,100)",LONG,2026-06-10 05:20:00,2026-06-10 05:30:00,7354.0,7366.75,61.75
"CCI_Reversion(20,100)",SHORT,2026-06-10 06:00:00,2026-06-10 06:25:00,7368.5,7367.5,3.0
"CCI_Reversion(20,100)",LONG,2026-06-10 07:30:00,2026-06-10 07:35:00,7364.5,7369.75,24.25
"CCI_Reversion(20,100)",LONG,2026-06-10 07:45:00,2026-06-10 08:00:00,7365.0,7367.5,10.5
"CCI_Reversion(20,100)",LONG,2026-06-10 08:05:00,2026-06-10 09:30:00,7358.0,7336.5,-109.5
"CCI_Reversion(20,100)",SHORT,2026-06-10 10:40:00,2026-06-10 10:55:00,7339.5,7335.75,16.75
"CCI_Reversion(20,100)",SHORT,2026-06-10 11:00:00,2026-06-10 11:05:00,7344.25,7319.0,124.25
"CCI_Reversion(20,100)",LONG,2026-06-10 11:05:00,2026-06-10 11:25:00,7319.0,7323.5,20.5
"CCI_Reversion(20,100)",LONG,2026-06-10 11:30:00,2026-06-10 11:55:00,7316.75,7322.75,28.0
"CCI_Reversion(20,100)",SHORT,2026-06-10 12:30:00,2026-06-10 13:00:00,7338.75,7350.5,-60.75
"CCI_Reversion(20,100)",SHORT,2026-06-10 13:45:00,2026-06-10 14:20:00,7382.0,7385.75,-20.75
"CCI_Reversion(20,100)",SHORT,2026-06-10 14:25:00,2026-06-10 14:35:00,7403.0,7399.0,18.0
"CCI_Reversion(20,100)",LONG,2026-06-10 15:00:00,2026-06-10 15:30:00,7349.0,7334.75,-73.25
"CCI_Reversion(20,100)",LONG,2026-06-10 16:50:00,2026-06-10 16:55:00,7320.0,7322.75,11.75
"CCI_Reversion(20,100)",LONG,2026-06-10 17:00:00,2026-06-10 17:05:00,7324.0,7332.0,38.0
"CCI_Reversion(20,100)",LONG,2026-06-10 17:15:00,2026-06-10 17:30:00,7310.25,7316.75,30.5
"CCI_Reversion(20,100)",LONG,2026-06-10 17:35:00,2026-06-10 17:50:00,7309.25,7323.75,70.5
"CCI_Reversion(20,100)",SHORT,2026-06-10 18:05:00,2026-06-10 18:10:00,7337.5,7325.75,56.75
"CCI_Reversion(20,100)",LONG,2026-06-10 18:40:00,2026-06-10 19:10:00,7306.0,7298.75,-38.25
"CCI_Reversion(20,100)",LONG,2026-06-10 19:15:00,2026-06-10 19:35:00,7291.75,7291.0,-5.75
"CCI_Reversion(20,100)",LONG,2026-06-10 20:00:00,2026-06-10 22:00:00,7276.0,7259.25,-85.75
"CCI_Reversion(20,100)",LONG,2026-06-10 22:05:00,2026-06-10 22:20:00,7251.0,7256.75,26.75
"CCI_Reversion(20,100)",LONG,2026-06-10 23:00:00,2026-06-10 23:25:00,7244.0,7244.5,0.5
"CCI_Reversion(20,100)",SHORT,2026-06-11 00:20:00,2026-06-11 00:40:00,7274.5,7263.75,51.75
"CCI_Reversion(20,100)",SHORT,2026-06-11 00:50:00,2026-06-11 01:40:00,7274.5,7301.75,-138.25
"CCI_Reversion(20,100)",LONG,2026-06-11 02:30:00,2026-06-11 02:50:00,7278.5,7282.75,19.25
"CCI_Reversion(20,100)",SHORT,2026-06-11 03:35:00,2026-06-11 04:20:00,7294.5,7303.75,-48.25
"CCI_Reversion(20,100)",SHORT,2026-06-11 04:25:00,2026-06-11 05:00:00,7304.5,7313.0,-44.5
"CCI_Reversion(20,100)",LONG,2026-06-11 06:05:00,2026-06-11 06:15:00,7301.75,7306.5,21.75
"CCI_Reversion(20,100)",SHORT,2026-06-11 06:40:00,2026-06-11 07:50:00,7310.5,7326.0,-79.5
"CCI_Reversion(20,100)",SHORT,2026-06-11 08:10:00,2026-06-11 08:20:00,7334.75,7333.25,5.5
"CCI_Reversion(20,100)",SHORT,2026-06-11 08:40:00,2026-06-11 08:45:00,7336.25,7335.25,3.0
"CCI_Reversion(20,100)",SHORT,2026-06-11 09:50:00,2026-06-11 09:55:00,7335.75,7335.25,0.5
"CCI_Reversion(20,100)",LONG,2026-06-11 10:10:00,2026-06-11 10:35:00,7332.75,7334.0,4.25
"CCI_Reversion(20,100)",LONG,2026-06-11 10:50:00,2026-06-11 10:55:00,7331.75,7332.25,0.5
"CCI_Reversion(20,100)",LONG,2026-06-11 11:00:00,2026-06-11 11:35:00,7328.75,7328.25,-4.5
"CCI_Reversion(20,100)",LONG,2026-06-11 12:25:00,2026-06-11 12:50:00,7309.25,7312.0,11.75
"CCI_Reversion(20,100)",LONG,2026-06-11 13:35:00,2026-06-11 13:50:00,7292.5,7305.75,64.25
"CCI_Reversion(20,100)",SHORT,2026-06-11 13:55:00,2026-06-11 14:15:00,7330.25,7298.25,158.0
"CCI_Reversion(20,100)",LONG,2026-06-11 14:20:00,2026-06-11 14:25:00,7290.25,7311.25,103.0
"CCI_Reversion(20,100)",LONG,2026-06-11 14:55:00,2026-06-11 15:15:00,7292.75,7293.0,-0.75
"CCI_Reversion(20,100)",SHORT,2026-06-11 16:15:00,2026-06-11 16:30:00,7318.5,7298.0,100.5
"CCI_Reversion(20,100)",LONG,2026-06-11 17:00:00,2026-06-11 17:30:00,7285.0,7345.25,299.25
"CCI_Reversion(20,100)",SHORT,2026-06-11 17:30:00,2026-06-11 18:05:00,7345.25,7352.5,-38.25
"CCI_Reversion(20,100)",SHORT,2026-06-11 19:05:00,2026-06-11 19:50:00,7383.75,7399.25,-79.5
"CCI_Reversion(20,100)",SHORT,2026-06-11 22:15:00,2026-06-11 22:35:00,7412.5,7409.25,14.25
"CCI_Reversion(20,100)",SHORT,2026-06-11 22:50:00,2026-06-11 23:00:00,7412.75,7411.75,3.0
"CCI_Reversion(20,100)",SHORT,2026-06-11 23:50:00,2026-06-12 00:05:00,7415.75,7411.25,20.5
"CCI_Reversion(20,100)",SHORT,2026-06-12 00:30:00,2026-06-12 00:45:00,7417.0,7412.25,21.75
"CCI_Reversion(20,100)",LONG,2026-06-12 01:05:00,2026-06-12 01:50:00,7407.5,7406.25,-8.25
"CCI_Reversion(20,100)",LONG,2026-06-12 03:20:00,2026-06-12 03:35:00,7402.75,7405.25,10.5
"CCI_Reversion(20,100)",LONG,2026-06-12 04:10:00,2026-06-12 04:15:00,7401.25,7404.0,11.75
"CCI_Reversion(20,100)",SHORT,2026-06-12 04:45:00,2026-06-12 05:10:00,7409.75,7406.75,13.0
"CCI_Reversion(20,100)",LONG,2026-06-12 05:40:00,2026-06-12 05:45:00,7401.0,7402.75,6.75
"CCI_Reversion(20,100)",LONG,2026-06-12 05:50:00,2026-06-12 06:10:00,7396.25,7399.25,13.0
"CCI_Reversion(20,100)",LONG,2026-06-12 06:35:00,2026-06-12 07:35:00,7392.75,7382.75,-52.0
"CCI_Reversion(20,100)",SHORT,2026-06-12 08:00:00,2026-06-12 08:40:00,7401.0,7412.0,-57.0
"CCI_Reversion(20,100)",SHORT,2026-06-12 09:20:00,2026-06-12 09:55:00,7431.75,7442.25,-54.5
"CCI_Reversion(20,100)",SHORT,2026-06-12 11:45:00,2026-06-12 12:05:00,7442.5,7436.25,29.25
"CCI_Reversion(20,100)",LONG,2026-06-12 12:35:00,2026-06-12 13:10:00,7424.25,7412.0,-63.25
"CCI_Reversion(20,100)",LONG,2026-06-12 13:45:00,2026-06-12 14:05:00,7375.5,7404.25,141.75
"CCI_Reversion(20,100)",SHORT,2026-06-12 15:00:00,2026-06-12 15:35:00,7440.75,7444.75,-22.0
"CCI_Reversion(20,100)",SHORT,2026-06-12 17:10:00,2026-06-12 17:35:00,7439.75,7431.75,38.0
"CCI_Reversion(20,100)",LONG,2026-06-12 18:20:00,2026-06-12 18:30:00,7424.0,7430.25,29.25
"CCI_Reversion(20,100)",LONG,2026-06-12 19:35:00,2026-06-12 19:45:00,7423.25,7426.0,11.75
"CCI_Reversion(20,100)",SHORT,2026-06-12 20:10:00,2026-06-12 20:35:00,7438.75,7441.0,-13.25
"CCI_Reversion(20,100)",SHORT,2026-06-14 22:15:00,2026-06-14 22:40:00,7500.75,7493.0,36.75
"CCI_Reversion(20,100)",SHORT,2026-06-15 00:05:00,2026-06-15 00:45:00,7499.25,7506.25,-37.0
"CCI_Reversion(20,100)",SHORT,2026-06-15 01:35:00,2026-06-15 02:00:00,7513.0,7512.0,3.0
"CCI_Reversion(20,100)",SHORT,2026-06-15 02:05:00,2026-06-15 03:05:00,7513.5,7519.0,-29.5
"CCI_Reversion(20,100)",SHORT,2026-06-15 03:20:00,2026-06-15 03:45:00,7520.75,7519.75,3.0
"CCI_Reversion(20,100)",SHORT,2026-06-15 04:30:00,2026-06-15 05:35:00,7522.75,7527.5,-25.75
"CCI_Reversion(20,100)",SHORT,2026-06-15 05:45:00,2026-06-15 05:50:00,7529.75,7529.75,-2.0
"CCI_Reversion(20,100)",SHORT,2026-06-15 06:05:00,2026-06-15 06:10:00,7531.5,7529.5,8.0
"CCI_Reversion(20,100)",LONG,2026-06-15 06:35:00,2026-06-15 06:50:00,7524.75,7526.75,8.0
"CCI_Reversion(20,100)",LONG,2026-06-15 06:55:00,2026-06-15 07:10:00,7524.25,7525.5,4.25
"CCI_Reversion(20,100)",LONG,2026-06-15 08:00:00,2026-06-15 08:05:00,7522.25,7526.5,19.25
"CCI_Reversion(20,100)",SHORT,2026-06-15 08:45:00,2026-06-15 08:55:00,7529.0,7527.25,6.75
"CCI_Reversion(20,100)",SHORT,2026-06-15 09:05:00,2026-06-15 09:10:00,7530.75,7529.5,4.25
"CCI_Reversion(20,100)",LONG,2026-06-15 09:25:00,2026-06-15 09:35:00,7523.5,7584.75,304.25
"CCI_Reversion(20,100)",SHORT,2026-06-15 09:35:00,2026-06-15 10:10:00,7584.75,7589.75,-27.0
"CCI_Reversion(20,100)",SHORT,2026-06-15 11:10:00,2026-06-15 11:40:00,7595.25,7595.5,-3.25
"CCI_Reversion(20,100)",LONG,2026-06-15 12:25:00,2026-06-15 12:45:00,7590.0,7591.75,6.75
"CCI_Reversion(20,100)",SHORT,2026-06-15 13:20:00,2026-06-15 14:10:00,7598.0,7613.25,-78.25
"CCI_Reversion(20,100)",SHORT,2026-06-15 14:55:00,2026-06-15 16:20:00,7620.25,7643.25,-117.0
"CCI_Reversion(20,100)",LONG,2026-06-15 17:55:00,2026-06-15 18:20:00,7636.0,7632.5,-19.5
"CCI_Reversion(20,100)",LONG,2026-06-15 18:25:00,2026-06-15 18:40:00,7631.25,7634.0,11.75
"CCI_Reversion(20,100)",LONG,2026-06-15 19:25:00,2026-06-15 19:50:00,7628.5,7629.5,3.0
"CCI_Reversion(20,100)",LONG,2026-06-15 19:55:00,2026-06-15 20:00:00,7621.75,7630.25,40.5
"CCI_Reversion(20,100)",LONG,2026-06-15 22:15:00,2026-06-15 22:55:00,7621.0,7616.5,-24.5
"CCI_Reversion(20,100)",SHORT,2026-06-15 23:55:00,2026-06-16 00:05:00,7621.25,7618.25,13.0
"CCI_Reversion(20,100)",SHORT,2026-06-16 00:10:00,2026-06-16 00:25:00,7621.0,7619.0,8.0
"CCI_Reversion(20,100)",SHORT,2026-06-16 00:35:00,2026-06-16 00:40:00,7621.5,7618.25,14.25
"CCI_Reversion(20,100)",LONG,2026-06-16 00:50:00,2026-06-16 01:05:00,7615.5,7618.5,13.0
"CCI_Reversion(20,100)",LONG,2026-06-16 01:10:00,2026-06-16 01:20:00,7614.5,7615.5,3.0
"CCI_Reversion(20,100)",LONG,2026-06-16 02:15:00,2026-06-16 02:20:00,7615.25,7616.75,5.5
"CCI_Reversion(20,100)",SHORT,2026-06-16 02:25:00,2026-06-16 02:30:00,7616.75,7616.75,-2.0
"CCI_Reversion(20,100)",SHORT,2026-06-16 02:35:00,2026-06-16 02:55:00,7619.25,7616.75,10.5
"CCI_Reversion(20,100)",SHORT,2026-06-16 03:10:00,2026-06-16 03:15:00,7619.25,7617.5,6.75
"CCI_Reversion(20,100)",SHORT,2026-06-16 03:25:00,2026-06-16 03:55:00,7622.0,7622.0,-2.0
"CCI_Reversion(20,100)",LONG,2026-06-16 04:50:00,2026-06-16 05:05:00,7617.75,7621.0,14.25
"CCI_Reversion(20,100)",LONG,2026-06-16 05:35:00,2026-06-16 05:50:00,7616.25,7618.25,8.0
"CCI_Reversion(20,100)",SHORT,2026-06-16 07:10:00,2026-06-16 07:45:00,7625.5,7622.0,15.5
"CCI_Reversion(20,100)",SHORT,2026-06-16 08:10:00,2026-06-16 08:20:00,7629.0,7626.5,10.5
"CCI_Reversion(20,100)",LONG,2026-06-16 08:40:00,2026-06-16 08:55:00,7621.5,7627.25,26.75
"CCI_Reversion(20,100)",SHORT,2026-06-16 09:10:00,2026-06-16 09:15:00,7628.0,7627.0,3.0
"CCI_Reversion(20,100)",LONG,2026-06-16 09:45:00,2026-06-16 10:05:00,7621.75,7622.5,1.75
"CCI_Reversion(20,100)",SHORT,2026-06-16 10:40:00,2026-06-16 11:30:00,7628.0,7631.75,-20.75
"CCI_Reversion(20,100)",SHORT,2026-06-16 11:50:00,2026-06-16 11:55:00,7632.75,7630.5,9.25
"CCI_Reversion(20,100)",SHORT,2026-06-16 12:10:00,2026-06-16 12:15:00,7634.0,7631.25,11.75
"CCI_Reversion(20,100)",LONG,2026-06-16 12:25:00,2026-06-16 12:55:00,7623.25,7627.0,16.75
"CCI_Reversion(20,100)",LONG,2026-06-16 13:10:00,2026-06-16 13:15:00,7621.75,7624.5,11.75
"CCI_Reversion(20,100)",SHORT,2026-06-16 13:35:00,2026-06-16 13:45:00,7634.75,7630.5,19.25
"CCI_Reversion(20,100)",SHORT,2026-06-16 13:50:00,2026-06-16 14:00:00,7633.5,7622.75,51.75
"CCI_Reversion(20,100)",LONG,2026-06-16 14:25:00,2026-06-16 14:45:00,7617.25,7614.25,-17.0
"CCI_Reversion(20,100)",LONG,2026-06-16 14:50:00,2026-06-16 14:55:00,7612.75,7614.0,4.25
"CCI_Reversion(20,100)",LONG,2026-06-16 15:00:00,2026-06-16 15:05:00,7611.0,7615.0,18.0
"CCI_Reversion(20,100)",LONG,2026-06-16 15:30:00,2026-06-16 15:35:00,7608.0,7613.5,25.5
"CCI_Reversion(20,100)",LONG,2026-06-16 15:45:00,2026-06-16 15:55:00,7607.0,7614.25,34.25
"CCI_Reversion(20,100)",SHORT,2026-06-16 16:10:00,2026-06-16 16:30:00,7617.75,7616.0,6.75
"CCI_Reversion(20,100)",LONG,2026-06-16 17:10:00,2026-06-16 17:15:00,7607.5,7609.25,6.75
"CCI_Reversion(20,100)",LONG,2026-06-16 17:25:00,2026-06-16 17:50:00,7607.0,7605.75,-8.25
"CCI_Reversion(20,100)",LONG,2026-06-16 18:55:00,2026-06-16 19:50:00,7602.5,7592.5,-52.0
"CCI_Reversion(20,100)",LONG,2026-06-16 20:00:00,2026-06-16 20:30:00,7588.0,7582.75,-28.25
"CCI_Reversion(20,100)",SHORT,2026-06-16 22:15:00,2026-06-16 22:45:00,7591.75,7593.5,-10.75
"CCI_Reversion(20,100)",LONG,2026-06-17 00:00:00,2026-06-17 00:05:00,7592.0,7597.0,23.0
"CCI_Reversion(20,100)",SHORT,2026-06-17 00:05:00,2026-06-17 00:15:00,7597.0,7595.0,8.0
"CCI_Reversion(20,100)",SHORT,2026-06-17 00:20:00,2026-06-17 00:25:00,7596.25,7596.5,-3.25
"CCI_Reversion(20,100)",SHORT,2026-06-17 00:30:00,2026-06-17 00:50:00,7597.25,7598.25,-7.0
"CCI_Reversion(20,100)",SHORT,2026-06-17 01:10:00,2026-06-17 01:45:00,7602.25,7602.5,-3.25
"CCI_Reversion(20,100)",SHORT,2026-06-17 02:00:00,2026-06-17 02:05:00,7605.25,7604.25,3.0
"CCI_Reversion(20,100)",LONG,2026-06-17 02:55:00,2026-06-17 03:00:00,7601.75,7602.5,1.75
"CCI_Reversion(20,100)",LONG,2026-06-17 03:15:00,2026-06-17 03:35:00,7601.25,7601.75,0.5
"CCI_Reversion(20,100)",SHORT,2026-06-17 03:50:00,2026-06-17 04:15:00,7604.75,7604.75,-2.0
"CCI_Reversion(20,100)",SHORT,2026-06-17 04:20:00,2026-06-17 04:30:00,7606.25,7605.25,3.0
"CCI_Reversion(20,100)",SHORT,2026-06-17 05:05:00,2026-06-17 05:10:00,7607.0,7605.75,4.25
"CCI_Reversion(20,100)",SHORT,2026-06-17 05:40:00,2026-06-17 05:45:00,7607.75,7605.75,8.0
"CCI_Reversion(20,100)",LONG,2026-06-17 06:25:00,2026-06-17 06:35:00,7604.25,7606.25,8.0
"CCI_Reversion(20,100)",SHORT,2026-06-17 06:45:00,2026-06-17 07:20:00,7608.0,7607.75,-0.75
"CCI_Reversion(20,100)",LONG,2026-06-17 08:15:00,2026-06-17 09:00:00,7598.75,7600.0,4.25
"CCI_Reversion(20,100)",LONG,2026-06-17 09:55:00,2026-06-17 10:25:00,7592.25,7593.5,4.25
"CCI_Reversion(20,100)",SHORT,2026-06-17 11:25:00,2026-06-17 11:30:00,7596.25,7594.25,8.0
"CCI_Reversion(20,100)",LONG,2026-06-17 11:50:00,2026-06-17 12:10:00,7586.5,7591.5,23.0
"CCI_Reversion(20,100)",SHORT,2026-06-17 13:20:00,2026-06-17 13:30:00,7597.75,7595.75,8.0
"CCI_Reversion(20,100)",LONG,2026-06-17 13:40:00,2026-06-17 13:45:00,7586.5,7598.0,55.5
"CCI_Reversion(20,100)",LONG,2026-06-17 14:00:00,2026-06-17 14:15:00,7581.25,7594.75,65.5
"CCI_Reversion(20,100)",SHORT,2026-06-17 14:25:00,2026-06-17 14:35:00,7603.75,7590.0,66.75
"CCI_Reversion(20,100)",LONG,2026-06-17 14:40:00,2026-06-17 15:15:00,7582.75,7578.25,-24.5
"CCI_Reversion(20,100)",LONG,2026-06-17 17:05:00,2026-06-17 17:30:00,7577.25,7578.25,3.0
"CCI_Reversion(20,100)",LONG,2026-06-17 17:35:00,2026-06-17 17:40:00,7573.5,7577.5,18.0
"CCI_Reversion(20,100)",LONG,2026-06-17 18:05:00,2026-06-17 18:35:00,7531.75,7537.25,25.5
"CCI_Reversion(20,100)",LONG,2026-06-17 19:20:00,2026-06-17 20:00:00,7521.5,7492.25,-148.25
"CCI_Reversion(20,100)",SHORT,2026-06-17 22:15:00,2026-06-17 23:00:00,7520.0,7525.75,-30.75
"CCI_Reversion(20,100)",SHORT,2026-06-17 23:15:00,2026-06-17 23:45:00,7531.5,7535.5,-22.0
"CCI_Reversion(20,100)",SHORT,2026-06-17 23:55:00,2026-06-18 00:30:00,7538.25,7552.75,-74.5
"CCI_Reversion(20,100)",SHORT,2026-06-18 00:35:00,2026-06-18 00:45:00,7556.25,7556.25,-2.0
"CCI_Reversion(20,100)",LONG,2026-06-18 01:50:00,2026-06-18 01:55:00,7552.75,7554.0,4.25
"CCI_Reversion(20,100)",LONG,2026-06-18 03:15:00,2026-06-18 03:25:00,7553.0,7555.5,10.5
"CCI_Reversion(20,100)",LONG,2026-06-18 03:40:00,2026-06-18 03:55:00,7551.75,7555.0,14.25
"CCI_Reversion(20,100)",LONG,2026-06-18 04:10:00,2026-06-18 04:55:00,7553.25,7545.25,-42.0
"CCI_Reversion(20,100)",LONG,2026-06-18 06:20:00,2026-06-18 06:25:00,7541.75,7544.75,13.0
"CCI_Reversion(20,100)",SHORT,2026-06-18 06:50:00,2026-06-18 07:15:00,7551.75,7551.5,-0.75
"CCI_Reversion(20,100)",SHORT,2026-06-18 07:25:00,2026-06-18 07:35:00,7556.0,7557.0,-7.0
"CCI_Reversion(20,100)",SHORT,2026-06-18 08:05:00,2026-06-18 08:25:00,7562.0,7557.5,20.5
"CCI_Reversion(20,100)",LONG,2026-06-18 08:55:00,2026-06-18 09:20:00,7553.0,7554.5,5.5
"CCI_Reversion(20,100)",SHORT,2026-06-18 09:50:00,2026-06-18 10:10:00,7563.0,7560.0,13.0
"CCI_Reversion(20,100)",SHORT,2026-06-18 10:20:00,2026-06-18 10:25:00,7563.5,7560.75,11.75
"CCI_Reversion(20,100)",LONG,2026-06-18 11:10:00,2026-06-18 11:50:00,7544.0,7538.75,-28.25
"CCI_Reversion(20,100)",SHORT,2026-06-18 12:30:00,2026-06-18 13:05:00,7554.75,7551.75,13.0
"CCI_Reversion(20,100)",SHORT,2026-06-18 13:20:00,2026-06-18 13:40:00,7563.75,7544.0,96.75
"CCI_Reversion(20,100)",LONG,2026-06-18 13:45:00,2026-06-18 13:55:00,7538.5,7543.0,20.5
"CCI_Reversion(20,100)",LONG,2026-06-18 14:00:00,2026-06-18 14:05:00,7544.25,7545.75,5.5
"CCI_Reversion(20,100)",LONG,2026-06-18 15:40:00,2026-06-18 15:55:00,7546.75,7557.75,53.0
"CCI_Reversion(20,100)",SHORT,2026-06-18 16:40:00,2026-06-18 16:55:00,7569.5,7562.0,35.5
"CCI_Reversion(20,100)",SHORT,2026-06-18 17:05:00,2026-06-18 17:30:00,7569.5,7573.0,-19.5
"CCI_Reversion(20,100)",SHORT,2026-06-18 17:35:00,2026-06-18 17:40:00,7575.0,7570.5,20.5
"CCI_Reversion(20,100)",LONG,2026-06-18 18:35:00,2026-06-18 18:45:00,7561.5,7562.5,3.0
"CCI_Reversion(20,100)",LONG,2026-06-18 19:05:00,2026-06-18 19:30:00,7557.25,7557.75,0.5
"CCI_Reversion(20,100)",SHORT,2026-06-18 19:45:00,2026-06-18 20:05:00,7571.0,7572.25,-8.25
"CCI_Reversion(20,100)",SHORT,2026-06-18 20:10:00,2026-06-18 20:35:00,7573.5,7576.75,-18.25
"CCI_Reversion(20,100)",LONG,2026-06-18 22:25:00,2026-06-18 23:05:00,7565.75,7562.25,-19.5
"CCI_Reversion(20,100)",SHORT,2026-06-18 23:55:00,2026-06-19 00:05:00,7567.25,7563.25,18.0
"CCI_Reversion(20,100)",LONG,2026-06-19 00:15:00,2026-06-19 00:30:00,7557.5,7559.75,9.25
"CCI_Reversion(20,100)",LONG,2026-06-19 00:40:00,2026-06-19 00:45:00,7558.75,7559.25,0.5
"CCI_Reversion(20,100)",LONG,2026-06-19 01:10:00,2026-06-19 02:30:00,7553.5,7546.0,-39.5
"CCI_Reversion(20,100)",LONG,2026-06-19 03:20:00,2026-06-19 03:55:00,7540.25,7538.25,-12.0
"CCI_Reversion(20,100)",LONG,2026-06-21 22:00:00,2026-06-21 22:05:00,7543.25,7547.75,20.5
"CCI_Reversion(20,100)",LONG,2026-06-21 22:15:00,2026-06-21 22:25:00,7532.5,7541.5,43.0
"CCI_Reversion(20,100)",SHORT,2026-06-21 22:50:00,2026-06-21 23:00:00,7543.25,7537.75,25.5
"CCI_Reversion(20,100)",LONG,2026-06-21 23:05:00,2026-06-21 23:15:00,7528.25,7526.75,-9.5
"CCI_Reversion(20,100)",LONG,2026-06-21 23:25:00,2026-06-21 23:40:00,7528.25,7518.5,-50.75
"CCI_Reversion(20,100)",LONG,2026-06-21 23:50:00,2026-06-22 00:05:00,7515.25,7531.5,79.25
"CCI_Reversion(20,100)",SHORT,2026-06-22 00:30:00,2026-06-22 00:45:00,7543.75,7543.0,1.75
"CCI_Reversion(20,100)",SHORT,2026-06-22 00:50:00,2026-06-22 01:20:00,7545.0,7551.5,-34.5
"CCI_Reversion(20,100)",LONG,2026-06-22 02:20:00,2026-06-22 03:00:00,7545.25,7538.5,-35.75
"CCI_Reversion(20,100)",LONG,2026-06-22 03:10:00,2026-06-22 03:20:00,7536.25,7539.75,15.5
"CCI_Reversion(20,100)",LONG,2026-06-22 04:00:00,2026-06-22 04:50:00,7534.75,7533.25,-9.5
"CCI_Reversion(20,100)",SHORT,2026-06-22 05:15:00,2026-06-22 05:45:00,7545.25,7545.0,-0.75
"CCI_Reversion(20,100)",SHORT,2026-06-22 06:10:00,2026-06-22 07:15:00,7551.75,7564.25,-64.5
"CCI_Reversion(20,100)",SHORT,2026-06-22 07:20:00,2026-06-22 07:25:00,7567.0,7564.75,9.25
"CCI_Reversion(20,100)",LONG,2026-06-22 08:10:00,2026-06-22 08:40:00,7556.0,7557.5,5.5
"CCI_Reversion(20,100)",SHORT,2026-06-22 10:10:00,2026-06-22 10:30:00,7563.25,7563.0,-0.75
"CCI_Reversion(20,100)",SHORT,2026-06-22 11:05:00,2026-06-22 11:15:00,7567.0,7562.5,20.5
"CCI_Reversion(20,100)",SHORT,2026-06-22 12:05:00,2026-06-22 12:45:00,7566.5,7571.0,-24.5
"CCI_Reversion(20,100)",SHORT,2026-06-22 13:15:00,2026-06-22 13:30:00,7576.5,7573.0,15.5
"CCI_Reversion(20,100)",SHORT,2026-06-22 13:35:00,2026-06-22 14:20:00,7578.25,7581.25,-17.0
"CCI_Reversion(20,100)",LONG,2026-06-22 14:30:00,2026-06-22 15:05:00,7561.25,7546.25,-77.0
"CCI_Reversion(20,100)",LONG,2026-06-22 16:05:00,2026-06-22 16:15:00,7533.5,7546.25,61.75
"CCI_Reversion(20,100)",SHORT,2026-06-22 16:55:00,2026-06-22 17:00:00,7547.25,7546.25,3.0
"CCI_Reversion(20,100)",SHORT,2026-06-22 17:55:00,2026-06-22 18:00:00,7548.25,7543.0,24.25
"CCI_Reversion(20,100)",SHORT,2026-06-22 18:20:00,2026-06-22 18:30:00,7548.5,7547.25,4.25
"CCI_Reversion(20,100)",LONG,2026-06-22 18:55:00,2026-06-22 19:20:00,7536.5,7537.25,1.75
"CCI_Reversion(20,100)",LONG,2026-06-22 19:25:00,2026-06-22 19:35:00,7533.5,7533.5,-2.0
"CCI_Reversion(20,100)",LONG,2026-06-22 19:45:00,2026-06-22 19:50:00,7529.5,7535.25,26.75
"CCI_Reversion(20,100)",SHORT,2026-06-22 20:15:00,2026-06-22 20:30:00,7545.25,7541.5,16.75
"CCI_Reversion(20,100)",LONG,2026-06-22 22:35:00,2026-06-22 23:25:00,7535.0,7529.0,-32.0
"CCI_Reversion(20,100)",LONG,2026-06-23 00:15:00,2026-06-23 00:35:00,7525.25,7529.5,19.25
"CCI_Reversion(20,100)",SHORT,2026-06-23 00:45:00,2026-06-23 01:15:00,7541.0,7536.5,20.5
"CCI_Reversion(20,100)",LONG,2026-06-23 01:45:00,2026-06-23 02:00:00,7522.25,7522.75,0.5
"CCI_Reversion(20,100)",LONG,2026-06-23 02:10:00,2026-06-23 02:20:00,7516.0,7520.75,21.75
"CCI_Reversion(20,100)",LONG,2026-06-23 03:00:00,2026-06-23 03:55:00,7512.75,7505.25,-39.5
"CCI_Reversion(20,100)",LONG,2026-06-23 04:20:00,2026-06-23 07:10:00,7496.25,7454.75,-209.5
"CCI_Reversion(20,100)",LONG,2026-06-23 07:25:00,2026-06-23 08:35:00,7443.75,7432.25,-59.5
"CCI_Reversion(20,100)",SHORT,2026-06-23 09:25:00,2026-06-23 09:45:00,7444.0,7440.0,18.0
"CCI_Reversion(20,100)",SHORT,2026-06-23 09:55:00,2026-06-23 10:10:00,7444.0,7443.75,-0.75
"CCI_Reversion(20,100)",LONG,2026-06-23 10:40:00,2026-06-23 11:00:00,7432.5,7436.5,18.0
"CCI_Reversion(20,100)",SHORT,2026-06-23 11:45:00,2026-06-23 12:10:00,7449.0,7448.75,-0.75
"CCI_Reversion(20,100)",LONG,2026-06-23 12:35:00,2026-06-23 13:00:00,7428.0,7432.5,20.5
"CCI_Reversion(20,100)",SHORT,2026-06-23 13:50:00,2026-06-23 14:35:00,7457.75,7476.0,-93.25
"CCI_Reversion(20,100)",LONG,2026-06-23 15:20:00,2026-06-23 15:50:00,7446.5,7445.0,-9.5
"CCI_Reversion(20,100)",SHORT,2026-06-23 16:45:00,2026-06-23 16:50:00,7474.0,7469.0,23.0
"CCI_Reversion(20,100)",SHORT,2026-06-23 17:40:00,2026-06-23 17:45:00,7471.0,7467.25,16.75
"CCI_Reversion(20,100)",LONG,2026-06-23 17:55:00,2026-06-23 19:05:00,7456.0,7445.75,-53.25
"CCI_Reversion(20,100)",LONG,2026-06-23 20:05:00,2026-06-23 20:10:00,7435.75,7439.5,16.75
"CCI_Reversion(20,100)",SHORT,2026-06-23 22:05:00,2026-06-23 22:25:00,7446.0,7438.25,36.75
"CCI_Reversion(20,100)",LONG,2026-06-23 22:35:00,2026-06-23 23:00:00,7433.5,7435.0,5.5
"CCI_Reversion(20,100)",LONG,2026-06-23 23:05:00,2026-06-23 23:15:00,7429.0,7433.25,19.25
"CCI_Reversion(20,100)",SHORT,2026-06-23 23:50:00,2026-06-24 00:25:00,7446.75,7450.0,-18.25
"CCI_Reversion(20,100)",SHORT,2026-06-24 00:35:00,2026-06-24 00:40:00,7456.75,7455.75,3.0
"CCI_Reversion(20,100)",LONG,2026-06-24 02:25:00,2026-06-24 02:35:00,7444.5,7446.25,6.75
"CCI_Reversion(20,100)",LONG,2026-06-24 02:40:00,2026-06-24 03:15:00,7441.5,7444.75,14.25
"CCI_Reversion(20,100)",SHORT,2026-06-24 04:50:00,2026-06-24 05:00:00,7449.75,7449.75,-2.0
"CCI_Reversion(20,100)",SHORT,2026-06-24 05:20:00,2026-06-24 05:45:00,7455.5,7454.0,5.5
"CCI_Reversion(20,100)",LONG,2026-06-24 06:25:00,2026-06-24 06:35:00,7447.0,7451.0,18.0
"CCI_Reversion(20,100)",LONG,2026-06-24 07:05:00,2026-06-24 07:15:00,7445.75,7448.0,9.25
"CCI_Reversion(20,100)",LONG,2026-06-24 07:30:00,2026-06-24 07:35:00,7444.5,7446.5,8.0
"CCI_Reversion(20,100)",LONG,2026-06-24 07:40:00,2026-06-24 07:45:00,7444.75,7450.0,24.25
"CCI_Reversion(20,100)",SHORT,2026-06-24 07:50:00,2026-06-24 07:55:00,7451.5,7446.25,24.25
"CCI_Reversion(20,100)",LONG,2026-06-24 08:00:00,2026-06-24 08:05:00,7443.0,7450.5,35.5
"CCI_Reversion(20,100)",SHORT,2026-06-24 08:35:00,2026-06-24 08:40:00,7450.75,7447.5,14.25
"CCI_Reversion(20,100)",LONG,2026-06-24 09:40:00,2026-06-24 09:55:00,7444.25,7446.25,8.0
"CCI_Reversion(20,100)",SHORT,2026-06-24 10:20:00,2026-06-24 10:25:00,7448.25,7447.25,3.0
"CCI_Reversion(20,100)",SHORT,2026-06-24 10:30:00,2026-06-24 10:55:00,7450.5,7449.5,3.0
"CCI_Reversion(20,100)",SHORT,2026-06-24 11:05:00,2026-06-24 11:10:00,7453.25,7449.5,16.75
"CCI_Reversion(20,100)",SHORT,2026-06-24 11:40:00,2026-06-24 12:15:00,7456.25,7460.25,-22.0
"CCI_Reversion(20,100)",SHORT,2026-06-24 12:20:00,2026-06-24 12:35:00,7465.25,7459.5,26.75
"CCI_Reversion(20,100)",LONG,2026-06-24 13:10:00,2026-06-24 13:30:00,7446.75,7447.25,0.5
"CCI_Reversion(20,100)",SHORT,2026-06-24 13:55:00,2026-06-24 14:00:00,7468.25,7454.5,66.75
"CCI_Reversion(20,100)",SHORT,2026-06-24 14:30:00,2026-06-24 15:15:00,7461.0,7481.75,-105.75
"CCI_Reversion(20,100)",SHORT,2026-06-24 15:20:00,2026-06-24 15:25:00,7489.0,7484.25,21.75
"CCI_Reversion(20,100)",LONG,2026-06-24 16:35:00,2026-06-24 17:55:00,7473.25,7421.25,-262.0
"CCI_Reversion(20,100)",LONG,2026-06-24 19:10:00,2026-06-24 19:20:00,7409.25,7412.0,11.75
"CCI_Reversion(20,100)",SHORT,2026-06-24 20:05:00,2026-06-24 20:55:00,7450.5,7477.5,-137.0
"CCI_Reversion(20,100)",LONG,2026-06-24 23:00:00,2026-06-24 23:10:00,7466.5,7467.0,0.5
"CCI_Reversion(20,100)",LONG,2026-06-24 23:15:00,2026-06-24 23:25:00,7465.0,7468.25,14.25
"CCI_Reversion(20,100)",SHORT,2026-06-24 23:45:00,2026-06-24 23:55:00,7474.5,7473.25,4.25
"CCI_Reversion(20,100)",LONG,2026-06-25 00:35:00,2026-06-25 01:15:00,7461.5,7455.75,-30.75
"CCI_Reversion(20,100)",SHORT,2026-06-25 03:05:00,2026-06-25 03:15:00,7465.5,7464.0,5.5
"CCI_Reversion(20,100)",SHORT,2026-06-25 03:20:00,2026-06-25 03:40:00,7466.25,7466.0,-0.75
"CCI_Reversion(20,100)",SHORT,2026-06-25 03:55:00,2026-06-25 04:10:00,7468.75,7467.5,4.25
"CCI_Reversion(20,100)",LONG,2026-06-25 04:35:00,2026-06-25 04:45:00,7461.25,7466.75,25.5
"CCI_Reversion(20,100)",SHORT,2026-06-25 05:10:00,2026-06-25 05:50:00,7469.75,7472.25,-14.5
"CCI_Reversion(20,100)",SHORT,2026-06-25 06:15:00,2026-06-25 06:45:00,7477.5,7479.25,-10.75
"CCI_Reversion(20,100)",SHORT,2026-06-25 07:10:00,2026-06-25 07:15:00,7482.75,7481.75,3.0
"CCI_Reversion(20,100)",SHORT,2026-06-25 07:20:00,2026-06-25 07:50:00,7485.0,7485.75,-5.75
"CCI_Reversion(20,100)",SHORT,2026-06-25 08:05:00,2026-06-25 08:15:00,7487.25,7483.5,16.75
"CCI_Reversion(20,100)",LONG,2026-06-25 08:50:00,2026-06-25 09:10:00,7481.0,7479.75,-8.25
"CCI_Reversion(20,100)",LONG,2026-06-25 09:20:00,2026-06-25 09:30:00,7477.0,7479.0,8.0
"CCI_Reversion(20,100)",SHORT,2026-06-25 10:10:00,2026-06-25 10:45:00,7484.5,7482.0,10.5
"CCI_Reversion(20,100)",LONG,2026-06-25 11:15:00,2026-06-25 11:45:00,7480.25,7477.5,-15.75
"CCI_Reversion(20,100)",SHORT,2026-06-25 12:35:00,2026-06-25 13:05:00,7489.5,7483.75,26.75
"CCI_Reversion(20,100)",LONG,2026-06-25 13:35:00,2026-06-25 14:10:00,7469.5,7445.0,-124.5
"CCI_Reversion(20,100)",LONG,2026-06-25 16:35:00,2026-06-25 17:10:00,7429.25,7422.0,-38.25
"CCI_Reversion(20,100)",LONG,2026-06-25 17:50:00,2026-06-25 17:55:00,7413.25,7420.5,34.25
"CCI_Reversion(20,100)",SHORT,2026-06-25 18:15:00,2026-06-25 18:40:00,7427.75,7440.0,-63.25
"CCI_Reversion(20,100)",LONG,2026-06-25 19:35:00,2026-06-25 19:55:00,7417.25,7421.25,18.0
"CCI_Reversion(20,100)",SHORT,2026-06-25 20:10:00,2026-06-25 20:15:00,7438.5,7438.25,-0.75
"CCI_Reversion(20,100)",SHORT,2026-06-25 20:20:00,2026-06-25 20:35:00,7446.75,7445.5,4.25
"CCI_Reversion(20,100)",LONG,2026-06-25 22:30:00,2026-06-25 22:40:00,7417.25,7420.75,15.5
"CCI_Reversion(20,100)",SHORT,2026-06-25 23:20:00,2026-06-25 23:40:00,7447.25,7437.0,49.25
"CCI_Reversion(20,100)",LONG,2026-06-26 01:10:00,2026-06-26 01:15:00,7418.75,7422.0,14.25
"CCI_Reversion(20,100)",LONG,2026-06-26 01:30:00,2026-06-26 03:20:00,7417.75,7370.25,-239.5
"CCI_Reversion(20,100)",LONG,2026-06-26 03:40:00,2026-06-26 03:45:00,7363.25,7369.5,29.25
"CCI_Reversion(20,100)",SHORT,2026-06-26 04:20:00,2026-06-26 04:25:00,7381.25,7374.0,34.25
"CCI_Reversion(20,100)",SHORT,2026-06-26 05:35:00,2026-06-26 05:40:00,7381.0,7375.0,28.0
"CCI_Reversion(20,100)",SHORT,2026-06-26 06:25:00,2026-06-26 07:10:00,7381.25,7395.0,-70.75
"CCI_Reversion(20,100)",SHORT,2026-06-26 07:30:00,2026-06-26 07:45:00,7409.5,7406.75,11.75
"CCI_Reversion(20,100)",LONG,2026-06-26 08:40:00,2026-06-26 09:35:00,7400.75,7385.75,-77.0
"CCI_Reversion(20,100)",LONG,2026-06-26 10:05:00,2026-06-26 10:10:00,7380.0,7385.25,24.25
"CCI_Reversion(20,100)",SHORT,2026-06-26 11:10:00,2026-06-26 11:20:00,7390.5,7386.75,16.75
"CCI_Reversion(20,100)",LONG,2026-06-26 11:55:00,2026-06-26 12:05:00,7378.75,7390.0,54.25
"CCI_Reversion(20,100)",SHORT,2026-06-26 12:10:00,2026-06-26 12:25:00,7395.75,7390.5,24.25
"CCI_Reversion(20,100)",LONG,2026-06-26 13:05:00,2026-06-26 13:25:00,7380.25,7379.75,-4.5
"CCI_Reversion(20,100)",LONG,2026-06-26 13:35:00,2026-06-26 13:45:00,7370.25,7384.25,68.0
"CCI_Reversion(20,100)",SHORT,2026-06-26 14:00:00,2026-06-26 14:40:00,7401.25,7415.25,-72.0
"CCI_Reversion(20,100)",SHORT,2026-06-26 15:30:00,2026-06-26 15:55:00,7440.5,7439.25,4.25
"CCI_Reversion(20,100)",LONG,2026-06-26 18:00:00,2026-06-26 18:05:00,7430.25,7436.0,26.75
"CCI_Reversion(20,100)",LONG,2026-06-26 18:20:00,2026-06-26 19:15:00,7427.25,7420.5,-35.75
"CCI_Reversion(20,100)",LONG,2026-06-26 20:00:00,2026-06-26 20:15:00,7379.75,7412.5,161.75
"CCI_Reversion(20,100)",SHORT,2026-06-28 22:15:00,2026-06-28 22:50:00,7435.25,7437.5,-13.25
"CCI_Reversion(20,100)",SHORT,2026-06-28 23:35:00,2026-06-28 23:55:00,7451.0,7449.25,6.75
"CCI_Reversion(20,100)",LONG,2026-06-29 00:20:00,2026-06-29 00:45:00,7432.75,7434.75,8.0
"CCI_Reversion(20,100)",SHORT,2026-06-29 01:45:00,2026-06-29 01:50:00,7440.25,7437.75,10.5
"CCI_Reversion(20,100)",SHORT,2026-06-29 02:00:00,2026-06-29 02:05:00,7438.75,7434.25,20.5
"CCI_Reversion(20,100)",LONG,2026-06-29 02:15:00,2026-06-29 02:25:00,7422.5,7434.25,56.75
"CCI_Reversion(20,100)",SHORT,2026-06-29 02:40:00,2026-06-29 02:55:00,7441.5,7440.5,3.0
"CCI_Reversion(20,100)",SHORT,2026-06-29 03:05:00,2026-06-29 03:20:00,7446.75,7444.5,9.25
"CCI_Reversion(20,100)",SHORT,2026-06-29 03:55:00,2026-06-29 04:10:00,7449.0,7447.0,8.0
"CCI_Reversion(20,100)",SHORT,2026-06-29 05:35:00,2026-06-29 06:05:00,7449.0,7449.75,-5.75
"CCI_Reversion(20,100)",LONG,2026-06-29 07:05:00,2026-06-29 07:20:00,7440.5,7445.25,21.75
"CCI_Reversion(20,100)",SHORT,2026-06-29 08:05:00,2026-06-29 08:40:00,7455.5,7456.75,-8.25
"CCI_Reversion(20,100)",LONG,2026-06-29 09:55:00,2026-06-29 10:00:00,7451.0,7454.75,16.75
"CCI_Reversion(20,100)",SHORT,2026-06-29 10:10:00,2026-06-29 10:20:00,7460.5,7455.25,24.25
"CCI_Reversion(20,100)",SHORT,2026-06-29 10:30:00,2026-06-29 10:50:00,7460.25,7461.75,-9.5
"CCI_Reversion(20,100)",SHORT,2026-06-29 10:55:00,2026-06-29 11:15:00,7462.75,7463.25,-4.5
"CCI_Reversion(20,100)",SHORT,2026-06-29 11:35:00,2026-06-29 11:40:00,7465.5,7463.75,6.75
"CCI_Reversion(20,100)",LONG,2026-06-29 12:45:00,2026-06-29 13:00:00,7459.25,7464.0,21.75
"CCI_Reversion(20,100)",SHORT,2026-06-29 13:20:00,2026-06-29 13:25:00,7466.75,7459.5,34.25
"CCI_Reversion(20,100)",LONG,2026-06-29 13:30:00,2026-06-29 13:35:00,7457.0,7478.0,103.0
"CCI_Reversion(20,100)",SHORT,2026-06-29 13:40:00,2026-06-29 14:00:00,7471.5,7458.5,63.0
"CCI_Reversion(20,100)",LONG,2026-06-29 14:05:00,2026-06-29 14:30:00,7450.0,7449.5,-4.5
"CCI_Reversion(20,100)",SHORT,2026-06-29 16:00:00,2026-06-29 16:25:00,7475.25,7478.0,-15.75
"CCI_Reversion(20,100)",SHORT,2026-06-29 17:05:00,2026-06-29 18:00:00,7480.75,7494.0,-68.25
"CCI_Reversion(20,100)",SHORT,2026-06-29 18:40:00,2026-06-29 19:00:00,7498.0,7497.0,3.0
"CCI_Reversion(20,100)",LONG,2026-06-29 20:40:00,2026-06-29 22:00:00,7493.25,7495.5,9.25
"CCI_Reversion(20,100)",LONG,2026-06-29 22:35:00,2026-06-29 22:45:00,7492.5,7495.75,14.25
"CCI_Reversion(20,100)",SHORT,2026-06-29 23:10:00,2026-06-29 23:25:00,7498.0,7495.5,10.5
"CCI_Reversion(20,100)",SHORT,2026-06-29 23:30:00,2026-06-29 23:45:00,7496.0,7496.0,-2.0
"CCI_Reversion(20,100)",LONG,2026-06-29 23:55:00,2026-06-30 00:00:00,7493.25,7495.5,9.25
"CCI_Reversion(20,100)",SHORT,2026-06-30 00:10:00,2026-06-30 00:25:00,7496.25,7496.0,-0.75
"CCI_Reversion(20,100)",LONG,2026-06-30 00:30:00,2026-06-30 00:55:00,7490.75,7492.5,6.75
"CCI_Reversion(20,100)",LONG,2026-06-30 01:10:00,2026-06-30 01:20:00,7486.25,7489.25,13.0
"CCI_Reversion(20,100)",SHORT,2026-06-30 01:35:00,2026-06-30 01:40:00,7498.0,7494.5,15.5
"CCI_Reversion(20,100)",SHORT,2026-06-30 02:00:00,2026-06-30 02:05:00,7498.25,7495.0,14.25
"CCI_Reversion(20,100)",LONG,2026-06-30 03:05:00,2026-06-30 03:10:00,7491.75,7494.5,11.75
"CCI_Reversion(20,100)",SHORT,2026-06-30 03:35:00,2026-06-30 04:55:00,7498.5,7511.0,-64.5
"CCI_Reversion(20,100)",SHORT,2026-06-30 05:05:00,2026-06-30 05:10:00,7512.25,7511.5,1.75
"CCI_Reversion(20,100)",LONG,2026-06-30 06:25:00,2026-06-30 06:30:00,7505.5,7508.0,10.5
"CCI_Reversion(20,100)",LONG,2026-06-30 06:35:00,2026-06-30 06:50:00,7503.0,7507.0,18.0
"CCI_Reversion(20,100)",SHORT,2026-06-30 07:10:00,2026-06-30 07:15:00,7508.5,7505.75,11.75
"CCI_Reversion(20,100)",LONG,2026-06-30 07:55:00,2026-06-30 08:05:00,7503.75,7505.0,4.25
"CCI_Reversion(20,100)",LONG,2026-06-30 08:20:00,2026-06-30 08:25:00,7503.5,7508.0,20.5
"CCI_Reversion(20,100)",LONG,2026-06-30 08:40:00,2026-06-30 09:00:00,7497.75,7502.0,19.25
"CCI_Reversion(20,100)",SHORT,2026-06-30 09:50:00,2026-06-30 10:00:00,7507.75,7506.25,5.5
"CCI_Reversion(20,100)",SHORT,2026-06-30 10:10:00,2026-06-30 10:15:00,7507.25,7506.75,0.5
"CCI_Reversion(20,100)",SHORT,2026-06-30 10:20:00,2026-06-30 10:25:00,7507.75,7506.25,5.5
"CCI_Reversion(20,100)",SHORT,2026-06-30 10:50:00,2026-06-30 11:25:00,7509.75,7511.5,-10.75
"CCI_Reversion(20,100)",SHORT,2026-06-30 11:50:00,2026-06-30 11:55:00,7516.75,7513.5,14.25
"CCI_Reversion(20,100)",LONG,2026-06-30 12:05:00,2026-06-30 12:45:00,7505.25,7499.5,-30.75
"CCI_Reversion(20,100)",SHORT,2026-06-30 13:45:00,2026-06-30 14:45:00,7506.0,7535.5,-149.5
"CCI_Reversion(20,100)",SHORT,2026-06-30 15:25:00,2026-06-30 15:40:00,7539.25,7537.0,9.25
"CCI_Reversion(20,100)",SHORT,2026-06-30 15:50:00,2026-06-30 16:30:00,7541.5,7550.75,-48.25
"CCI_Reversion(20,100)",SHORT,2026-06-30 16:50:00,2026-06-30 17:15:00,7555.5,7553.5,8.0
"CCI_Reversion(20,100)",SHORT,2026-06-30 18:25:00,2026-06-30 18:30:00,7556.25,7555.5,1.75
"CCI_Reversion(20,100)",SHORT,2026-06-30 18:45:00,2026-06-30 19:30:00,7557.0,7561.5,-24.5
"CCI_Reversion(20,100)",LONG,2026-06-30 20:00:00,2026-06-30 20:55:00,7544.75,7540.5,-23.25
"CCI_Reversion(20,100)",SHORT,2026-07-01 00:35:00,2026-07-01 00:55:00,7547.75,7546.0,6.75
"CCI_Reversion(20,100)",LONG,2026-07-01 01:05:00,2026-07-01 02:00:00,7540.0,7532.75,-38.25
"CCI_Reversion(20,100)",LONG,2026-07-01 02:05:00,2026-07-01 02:30:00,7531.0,7528.0,-17.0
"CCI_Reversion(20,100)",SHORT,2026-07-01 03:50:00,2026-07-01 04:10:00,7532.5,7530.25,9.25
"CCI_Reversion(20,100)",SHORT,2026-07-01 04:50:00,2026-07-01 05:00:00,7533.0,7530.25,11.75
"CCI_Reversion(20,100)",LONG,2026-07-01 05:40:00,2026-07-01 05:45:00,7528.5,7528.25,-3.25
"CCI_Reversion(20,100)",LONG,2026-07-01 05:50:00,2026-07-01 06:00:00,7526.25,7527.25,3.0
"CCI_Reversion(20,100)",LONG,2026-07-01 06:05:00,2026-07-01 06:15:00,7525.5,7526.5,3.0
"CCI_Reversion(20,100)",LONG,2026-07-01 06:20:00,2026-07-01 06:35:00,7526.0,7525.5,-4.5
"CCI_Reversion(20,100)",LONG,2026-07-01 06:40:00,2026-07-01 06:45:00,7525.75,7526.75,3.0
"CCI_Reversion(20,100)",LONG,2026-07-01 07:00:00,2026-07-01 07:30:00,7524.5,7518.75,-30.75
"CCI_Reversion(20,100)",SHORT,2026-07-01 08:40:00,2026-07-01 09:05:00,7525.75,7524.5,4.25
"CCI_Reversion(20,100)",SHORT,2026-07-01 09:50:00,2026-07-01 10:10:00,7528.5,7529.25,-5.75
"CCI_Reversion(20,100)",SHORT,2026-07-01 10:20:00,2026-07-01 10:50:00,7532.25,7534.75,-14.5
"CCI_Reversion(20,100)",SHORT,2026-07-01 10:55:00,2026-07-01 11:20:00,7536.0,7537.25,-8.25
"CCI_Reversion(20,100)",LONG,2026-07-01 11:55:00,2026-07-01 12:15:00,7530.5,7532.75,9.25
"CCI_Reversion(20,100)",LONG,2026-07-01 12:40:00,2026-07-01 12:55:00,7527.0,7527.5,0.5
"CCI_Reversion(20,100)",LONG,2026-07-01 13:10:00,2026-07-01 13:20:00,7525.25,7535.0,46.75
"CCI_Reversion(20,100)",SHORT,2026-07-01 13:25:00,2026-07-01 13:30:00,7537.75,7532.0,26.75
"CCI_Reversion(20,100)",LONG,2026-07-01 13:35:00,2026-07-01 13:55:00,7508.75,7530.5,106.75
"CCI_Reversion(20,100)",SHORT,2026-07-01 14:05:00,2026-07-01 14:35:00,7537.25,7546.5,-48.25
"CCI_Reversion(20,100)",SHORT,2026-07-01 15:05:00,2026-07-01 15:45:00,7561.25,7572.5,-58.25
"CCI_Reversion(20,100)",LONG,2026-07-01 16:55:00,2026-07-01 17:20:00,7565.0,7565.25,-0.75
"CCI_Reversion(20,100)",LONG,2026-07-01 18:00:00,2026-07-01 18:05:00,7556.75,7561.25,20.5
"CCI_Reversion(20,100)",LONG,2026-07-01 18:15:00,2026-07-01 18:25:00,7555.5,7559.0,15.5
"CCI_Reversion(20,100)",LONG,2026-07-01 18:35:00,2026-07-01 18:40:00,7556.75,7557.25,0.5
"CCI_Reversion(20,100)",LONG,2026-07-01 18:50:00,2026-07-01 19:05:00,7554.0,7557.5,15.5
"CCI_Reversion(20,100)",LONG,2026-07-01 19:40:00,2026-07-01 20:45:00,7552.5,7530.5,-112.0
"CCI_Reversion(20,100)",SHORT,2026-07-01 22:35:00,2026-07-01 22:50:00,7539.25,7537.0,9.25
"CCI_Reversion(20,100)",SHORT,2026-07-01 23:00:00,2026-07-01 23:05:00,7540.25,7538.0,9.25
"CCI_Reversion(20,100)",LONG,2026-07-01 23:50:00,2026-07-02 00:25:00,7530.25,7534.75,20.5
"CCI_Reversion(20,100)",SHORT,2026-07-02 00:55:00,2026-07-02 01:55:00,7540.5,7553.25,-65.75
"CCI_Reversion(20,100)",SHORT,2026-07-02 03:00:00,2026-07-02 03:05:00,7557.25,7555.5,6.75
"CCI_Reversion(20,100)",LONG,2026-07-02 03:25:00,2026-07-02 03:35:00,7551.25,7556.25,23.0
"CCI_Reversion(20,100)",LONG,2026-07-02 03:50:00,2026-07-02 03:55:00,7553.25,7554.75,5.5
"CCI_Reversion(20,100)",LONG,2026-07-02 04:10:00,2026-07-02 04:55:00,7552.0,7546.75,-28.25
"CCI_Reversion(20,100)",LONG,2026-07-02 05:40:00,2026-07-02 05:55:00,7543.0,7543.0,-2.0
"CCI_Reversion(20,100)",LONG,2026-07-02 06:05:00,2026-07-02 06:35:00,7540.0,7538.75,-8.25
"CCI_Reversion(20,100)",LONG,2026-07-02 06:50:00,2026-07-02 07:35:00,7529.0,7526.75,-13.25
"CCI_Reversion(20,100)",SHORT,2026-07-02 08:30:00,2026-07-02 09:05:00,7535.75,7538.0,-13.25
"CCI_Reversion(20,100)",LONG,2026-07-02 10:05:00,2026-07-02 10:20:00,7532.5,7536.75,19.25
"CCI_Reversion(20,100)",SHORT,2026-07-02 10:40:00,2026-07-02 10:50:00,7543.25,7540.0,14.25
"CCI_Reversion(20,100)",SHORT,2026-07-02 11:00:00,2026-07-02 11:05:00,7543.0,7540.25,11.75
"CCI_Reversion(20,100)",SHORT,2026-07-02 11:40:00,2026-07-02 12:00:00,7546.5,7543.5,13.0
"CCI_Reversion(20,100)",SHORT,2026-07-02 12:05:00,2026-07-02 13:00:00,7547.75,7561.75,-72.0
"CCI_Reversion(20,100)",SHORT,2026-07-02 13:45:00,2026-07-02 14:20:00,7578.5,7587.5,-47.0
"CCI_Reversion(20,100)",LONG,2026-07-02 14:50:00,2026-07-02 15:00:00,7553.25,7557.25,18.0
"CCI_Reversion(20,100)",LONG,2026-07-02 15:05:00,2026-07-02 15:35:00,7541.5,7541.25,-3.25
"CCI_Reversion(20,100)",LONG,2026-07-02 15:55:00,2026-07-02 17:35:00,7526.5,7493.75,-165.75
"CCI_Reversion(20,100)",LONG,2026-07-02 17:40:00,2026-07-02 17:55:00,7487.0,7489.25,9.25
"CCI_Reversion(20,100)",LONG,2026-07-02 18:00:00,2026-07-02 18:05:00,7482.25,7489.0,31.75
"CCI_Reversion(20,100)",SHORT,2026-07-02 18:30:00,2026-07-02 19:00:00,7506.5,7509.25,-15.75
"CCI_Reversion(20,100)",SHORT,2026-07-02 19:55:00,2026-07-02 20:25:00,7523.0,7520.25,11.75
"CCI_Reversion(20,100)",SHORT,2026-07-02 22:10:00,2026-07-02 23:05:00,7528.5,7533.75,-28.25
"CCI_Reversion(20,100)",SHORT,2026-07-02 23:30:00,2026-07-02 23:40:00,7536.25,7534.75,5.5
"CCI_Reversion(20,100)",LONG,2026-07-03 00:10:00,2026-07-03 00:15:00,7529.25,7536.75,35.5
"CCI_Reversion(20,100)",LONG,2026-07-03 00:35:00,2026-07-03 00:40:00,7528.75,7533.25,20.5
"CCI_Reversion(20,100)",LONG,2026-07-03 00:55:00,2026-07-03 01:05:00,7531.0,7540.25,44.25
"CCI_Reversion(20,100)",SHORT,2026-07-03 01:05:00,2026-07-03 01:45:00,7540.25,7550.0,-50.75
"CCI_Reversion(20,100)",SHORT,2026-07-03 02:50:00,2026-07-03 03:05:00,7552.0,7551.5,0.5
"CCI_Reversion(20,100)",SHORT,2026-07-03 03:30:00,2026-07-03 03:40:00,7554.25,7549.75,20.5
"CCI_Reversion(20,100)",LONG,2026-07-03 03:45:00,2026-07-03 03:50:00,7548.5,7551.75,14.25
"CCI_Reversion(20,100)",SHORT,2026-07-05 22:00:00,2026-07-05 22:55:00,7562.25,7564.25,-12.0
"CCI_Reversion(20,100)",SHORT,2026-07-05 23:25:00,2026-07-05 23:30:00,7565.5,7565.25,-0.75
"CCI_Reversion(20,100)",SHORT,2026-07-05 23:35:00,2026-07-05 23:40:00,7567.25,7566.0,4.25
"CCI_Reversion(20,100)",SHORT,2026-07-05 23:55:00,2026-07-06 00:05:00,7568.0,7566.75,4.25
"CCI_Reversion(20,100)",SHORT,2026-07-06 00:15:00,2026-07-06 00:25:00,7569.75,7567.0,11.75
"CCI_Reversion(20,100)",LONG,2026-07-06 00:30:00,2026-07-06 00:40:00,7559.75,7565.0,24.25
"CCI_Reversion(20,100)",LONG,2026-07-06 01:20:00,2026-07-06 01:40:00,7563.25,7560.0,-18.25
"CCI_Reversion(20,100)",LONG,2026-07-06 01:50:00,2026-07-06 03:00:00,7552.5,7544.25,-43.25
"CCI_Reversion(20,100)",LONG,2026-07-06 04:00:00,2026-07-06 04:05:00,7542.0,7543.0,3.0
"CCI_Reversion(20,100)",SHORT,2026-07-06 04:40:00,2026-07-06 05:05:00,7549.25,7549.5,-3.25
"CCI_Reversion(20,100)",SHORT,2026-07-06 05:10:00,2026-07-06 05:25:00,7551.5,7550.0,5.5
"CCI_Reversion(20,100)",LONG,2026-07-06 06:15:00,2026-07-06 06:25:00,7546.75,7549.0,9.25
"CCI_Reversion(20,100)",SHORT,2026-07-06 06:40:00,2026-07-06 07:30:00,7554.0,7555.5,-9.5
"CCI_Reversion(20,100)",SHORT,2026-07-06 07:45:00,2026-07-06 08:15:00,7562.5,7560.5,8.0
"CCI_Reversion(20,100)",LONG,2026-07-06 09:50:00,2026-07-06 09:55:00,7557.75,7564.75,33.0
"CCI_Reversion(20,100)",SHORT,2026-07-06 09:55:00,2026-07-06 10:10:00,7564.75,7560.75,18.0
"CCI_Reversion(20,100)",SHORT,2026-07-06 10:15:00,2026-07-06 10:30:00,7564.75,7562.75,8.0
"CCI_Reversion(20,100)",SHORT,2026-07-06 10:35:00,2026-07-06 10:45:00,7564.75,7560.75,18.0
"CCI_Reversion(20,100)",LONG,2026-07-06 11:10:00,2026-07-06 11:20:00,7558.75,7561.0,9.25
"CCI_Reversion(20,100)",LONG,2026-07-06 11:55:00,2026-07-06 12:05:00,7558.25,7562.5,19.25
"CCI_Reversion(20,100)",SHORT,2026-07-06 12:20:00,2026-07-06 12:25:00,7563.75,7556.25,35.5
"CCI_Reversion(20,100)",LONG,2026-07-06 12:25:00,2026-07-06 12:40:00,7556.25,7561.75,25.5
"CCI_Reversion(20,100)",LONG,2026-07-06 13:10:00,2026-07-06 13:30:00,7556.5,7564.75,39.25
"CCI_Reversion(20,100)",SHORT,2026-07-06 13:35:00,2026-07-06 13:40:00,7570.0,7561.5,40.5
"CCI_Reversion(20,100)",SHORT,2026-07-06 13:50:00,2026-07-06 14:00:00,7567.75,7564.25,15.5
"CCI_Reversion(20,100)",SHORT,2026-07-06 14:15:00,2026-07-06 14:45:00,7572.75,7575.75,-17.0
"CCI_Reversion(20,100)",SHORT,2026-07-06 14:55:00,2026-07-06 15:15:00,7578.0,7580.75,-15.75
"CCI_Reversion(20,100)",SHORT,2026-07-06 15:30:00,2026-07-06 16:05:00,7587.0,7587.0,-2.0
"CCI_Reversion(20,100)",SHORT,2026-07-06 17:10:00,2026-07-06 17:25:00,7593.0,7589.0,18.0
"CCI_Reversion(20,100)",LONG,2026-07-06 17:35:00,2026-07-06 18:05:00,7582.25,7585.75,15.5
"CCI_Reversion(20,100)",SHORT,2026-07-06 18:20:00,2026-07-06 18:35:00,7592.5,7590.0,10.5
"CCI_Reversion(20,100)",SHORT,2026-07-06 18:55:00,2026-07-06 19:10:00,7597.0,7595.75,4.25
"CCI_Reversion(20,100)",SHORT,2026-07-06 19:25:00,2026-07-06 19:35:00,7601.0,7598.5,10.5
"CCI_Reversion(20,100)",SHORT,2026-07-06 22:15:00,2026-07-06 22:35:00,7599.5,7599.5,-2.0
"CCI_Reversion(20,100)",LONG,2026-07-06 23:00:00,2026-07-06 23:05:00,7593.75,7596.75,13.0
"CCI_Reversion(20,100)",LONG,2026-07-06 23:20:00,2026-07-07 00:10:00,7592.25,7588.75,-19.5
"CCI_Reversion(20,100)",LONG,2026-07-07 00:15:00,2026-07-07 00:20:00,7586.25,7589.75,15.5
"CCI_Reversion(20,100)",LONG,2026-07-07 00:40:00,2026-07-07 00:45:00,7585.25,7587.0,6.75
"CCI_Reversion(20,100)",LONG,2026-07-07 01:05:00,2026-07-07 01:10:00,7585.0,7586.25,4.25
"CCI_Reversion(20,100)",LONG,2026-07-07 01:25:00,2026-07-07 01:40:00,7582.25,7584.75,10.5
"CCI_Reversion(20,100)",LONG,2026-07-07 02:30:00,2026-07-07 02:45:00,7582.25,7582.25,-2.0
"CCI_Reversion(20,100)",LONG,2026-07-07 02:50:00,2026-07-07 03:05:00,7581.0,7582.0,3.0
"CCI_Reversion(20,100)",LONG,2026-07-07 03:20:00,2026-07-07 04:10:00,7579.25,7573.75,-29.5
"CCI_Reversion(20,100)",LONG,2026-07-07 04:15:00,2026-07-07 04:35:00,7571.75,7571.0,-5.75
"CCI_Reversion(20,100)",LONG,2026-07-07 04:40:00,2026-07-07 05:35:00,7569.0,7569.0,-2.0
"CCI_Reversion(20,100)",SHORT,2026-07-07 06:00:00,2026-07-07 06:10:00,7573.25,7569.75,15.5
"CCI_Reversion(20,100)",SHORT,2026-07-07 06:45:00,2026-07-07 06:50:00,7573.25,7571.0,9.25
"CCI_Reversion(20,100)",SHORT,2026-07-07 07:00:00,2026-07-07 07:40:00,7573.75,7577.5,-20.75
"CCI_Reversion(20,100)",SHORT,2026-07-07 08:20:00,2026-07-07 08:55:00,7579.5,7579.25,-0.75
"CCI_Reversion(20,100)",SHORT,2026-07-07 10:05:00,2026-07-07 10:10:00,7583.75,7581.75,8.0
"CCI_Reversion(20,100)",LONG,2026-07-07 10:40:00,2026-07-07 11:20:00,7579.0,7577.25,-10.75
"CCI_Reversion(20,100)",LONG,2026-07-07 11:35:00,2026-07-07 11:45:00,7573.5,7575.25,6.75
"CCI_Reversion(20,100)",SHORT,2026-07-07 12:10:00,2026-07-07 12:50:00,7582.75,7582.0,1.75
"CCI_Reversion(20,100)",LONG,2026-07-07 13:35:00,2026-07-07 14:55:00,7572.75,7543.5,-148.25
"CCI_Reversion(20,100)",SHORT,2026-07-07 15:55:00,2026-07-07 16:55:00,7547.5,7565.5,-92.0
"CCI_Reversion(20,100)",SHORT,2026-07-07 18:25:00,2026-07-07 18:30:00,7569.0,7567.25,6.75
"CCI_Reversion(20,100)",LONG,2026-07-07 18:35:00,2026-07-07 18:40:00,7564.25,7566.75,10.5
"CCI_Reversion(20,100)",LONG,2026-07-07 18:45:00,2026-07-07 19:35:00,7564.75,7549.0,-80.75
"CCI_Reversion(20,100)",LONG,2026-07-07 22:05:00,2026-07-07 22:15:00,7544.5,7545.75,4.25
"CCI_Reversion(20,100)",SHORT,2026-07-07 23:30:00,2026-07-07 23:35:00,7551.75,7549.75,8.0
"CCI_Reversion(20,100)",LONG,2026-07-07 23:50:00,2026-07-08 00:10:00,7543.5,7546.75,14.25
"CCI_Reversion(20,100)",SHORT,2026-07-08 00:25:00,2026-07-08 00:35:00,7555.0,7549.75,24.25
"CCI_Reversion(20,100)",SHORT,2026-07-08 00:40:00,2026-07-08 01:10:00,7555.75,7558.0,-13.25
"CCI_Reversion(20,100)",SHORT,2026-07-08 01:15:00,2026-07-08 01:20:00,7562.5,7560.75,6.75
"CCI_Reversion(20,100)",LONG,2026-07-08 02:05:00,2026-07-08 02:30:00,7550.0,7548.75,-8.25
"CCI_Reversion(20,100)",LONG,2026-07-08 02:35:00,2026-07-08 02:45:00,7548.0,7552.5,20.5
"CCI_Reversion(20,100)",SHORT,2026-07-08 03:15:00,2026-07-08 03:20:00,7556.5,7555.25,4.25
"CCI_Reversion(20,100)",SHORT,2026-07-08 03:25:00,2026-07-08 03:45:00,7557.75,7555.75,8.0
"CCI_Reversion(20,100)",LONG,2026-07-08 04:35:00,2026-07-08 05:05:00,7551.25,7551.25,-2.0
"CCI_Reversion(20,100)",LONG,2026-07-08 05:25:00,2026-07-08 06:10:00,7548.0,7543.5,-24.5
"CCI_Reversion(20,100)",LONG,2026-07-08 06:15:00,2026-07-08 06:20:00,7541.5,7541.5,-2.0
"CCI_Reversion(20,100)",LONG,2026-07-08 06:35:00,2026-07-08 06:55:00,7536.75,7540.25,15.5
"CCI_Reversion(20,100)",LONG,2026-07-08 07:05:00,2026-07-08 07:15:00,7535.0,7535.5,0.5
"CCI_Reversion(20,100)",SHORT,2026-07-08 07:45:00,2026-07-08 07:55:00,7545.0,7542.0,13.0
"CCI_Reversion(20,100)",SHORT,2026-07-08 08:15:00,2026-07-08 08:20:00,7545.75,7521.25,120.5
"CCI_Reversion(20,100)",LONG,2026-07-08 08:20:00,2026-07-08 09:20:00,7521.25,7475.25,-232.0
"CCI_Reversion(20,100)",SHORT,2026-07-08 10:35:00,2026-07-08 11:05:00,7483.75,7484.5,-5.75
"CCI_Reversion(20,100)",SHORT,2026-07-08 11:45:00,2026-07-08 12:40:00,7498.0,7511.25,-68.25
"CCI_Reversion(20,100)",SHORT,2026-07-08 13:40:00,2026-07-08 13:55:00,7515.25,7511.75,15.5
"CCI_Reversion(20,100)",SHORT,2026-07-08 14:00:00,2026-07-08 14:05:00,7515.75,7513.25,10.5
"CCI_Reversion(20,100)",SHORT,2026-07-08 14:10:00,2026-07-08 14:15:00,7517.75,7507.5,49.25
"CCI_Reversion(20,100)",LONG,2026-07-08 14:20:00,2026-07-08 14:25:00,7507.0,7513.0,28.0
"CCI_Reversion(20,100)",LONG,2026-07-08 14:35:00,2026-07-08 15:40:00,7508.0,7480.75,-138.25
"CCI_Reversion(20,100)",SHORT,2026-07-08 16:20:00,2026-07-08 17:10:00,7501.0,7518.0,-87.0
"CCI_Reversion(20,100)",SHORT,2026-07-08 17:25:00,2026-07-08 17:40:00,7529.75,7528.0,6.75
"CCI_Reversion(20,100)",LONG,2026-07-08 19:50:00,2026-07-08 19:55:00,7522.25,7531.5,44.25
"CCI_Reversion(20,100)",SHORT,2026-07-08 19:55:00,2026-07-08 20:05:00,7531.5,7525.75,26.75
"CCI_Reversion(20,100)",LONG,2026-07-08 20:15:00,2026-07-08 20:55:00,7523.75,7516.0,-40.75
"CCI_Reversion(20,100)",SHORT,2026-07-08 23:10:00,2026-07-08 23:20:00,7522.0,7517.75,19.25
"CCI_Reversion(20,100)",SHORT,2026-07-08 23:40:00,2026-07-09 00:45:00,7521.25,7531.5,-53.25
"CCI_Reversion(20,100)",SHORT,2026-07-09 00:50:00,2026-07-09 00:55:00,7535.5,7529.5,28.0
"CCI_Reversion(20,100)",SHORT,2026-07-09 01:40:00,2026-07-09 01:55:00,7534.5,7531.25,14.25
"CCI_Reversion(20,100)",LONG,2026-07-09 02:00:00,2026-07-09 02:10:00,7530.25,7535.25,23.0
"CCI_Reversion(20,100)",SHORT,2026-07-09 02:15:00,2026-07-09 02:40:00,7538.5,7535.75,11.75
"CCI_Reversion(20,100)",LONG,2026-07-09 02:50:00,2026-07-09 03:10:00,7529.75,7529.25,-4.5
"CCI_Reversion(20,100)",LONG,2026-07-09 03:15:00,2026-07-09 03:25:00,7527.75,7529.75,8.0
"CCI_Reversion(20,100)",SHORT,2026-07-09 04:40:00,2026-07-09 05:10:00,7543.0,7542.0,3.0
"CCI_Reversion(20,100)",SHORT,2026-07-09 05:15:00,2026-07-09 05:20:00,7549.25,7543.5,26.75
"CCI_Reversion(20,100)",SHORT,2026-07-09 05:50:00,2026-07-09 06:35:00,7548.25,7549.5,-8.25
"CCI_Reversion(20,100)",SHORT,2026-07-09 07:20:00,2026-07-09 07:25:00,7552.25,7551.0,4.25
"CCI_Reversion(20,100)",SHORT,2026-07-09 07:45:00,2026-07-09 08:00:00,7556.5,7553.5,13.0
"CCI_Reversion(20,100)",SHORT,2026-07-09 08:05:00,2026-07-09 08:15:00,7555.75,7552.75,13.0
"CCI_Reversion(20,100)",LONG,2026-07-09 08:35:00,2026-07-09 09:30:00,7547.75,7542.25,-29.5
"CCI_Reversion(20,100)",LONG,2026-07-09 09:45:00,2026-07-09 09:55:00,7536.5,7541.0,20.5
"CCI_Reversion(20,100)",LONG,2026-07-09 10:35:00,2026-07-09 10:40:00,7539.0,7539.5,0.5
"CCI_Reversion(20,100)",LONG,2026-07-09 10:50:00,2026-07-09 11:05:00,7533.25,7537.75,20.5
"CCI_Reversion(20,100)",LONG,2026-07-09 11:10:00,2026-07-09 11:15:00,7532.5,7537.25,21.75
"CCI_Reversion(20,100)",SHORT,2026-07-09 11:50:00,2026-07-09 12:45:00,7543.5,7547.75,-23.25
"CCI_Reversion(20,100)",LONG,2026-07-09 13:35:00,2026-07-09 13:40:00,7547.25,7555.0,36.75
"CCI_Reversion(20,100)",SHORT,2026-07-09 13:40:00,2026-07-09 14:10:00,7555.0,7553.5,5.5
"CCI_Reversion(20,100)",LONG,2026-07-09 14:20:00,2026-07-09 14:30:00,7536.5,7552.75,79.25
"CCI_Reversion(20,100)",SHORT,2026-07-09 15:05:00,2026-07-09 15:55:00,7563.5,7574.5,-57.0
"CCI_Reversion(20,100)",SHORT,2026-07-09 16:10:00,2026-07-09 16:35:00,7579.5,7580.0,-4.5
"CCI_Reversion(20,100)",SHORT,2026-07-09 17:10:00,2026-07-09 17:55:00,7586.75,7592.5,-30.75
"CCI_Reversion(20,100)",LONG,2026-07-09 18:40:00,2026-07-09 19:20:00,7586.0,7587.25,4.25
"CCI_Reversion(20,100)",SHORT,2026-07-09 20:05:00,2026-07-09 20:25:00,7588.5,7587.5,3.0
"CCI_Reversion(20,100)",LONG,2026-07-09 22:15:00,2026-07-09 22:30:00,7585.25,7584.5,-5.75
"CCI_Reversion(20,100)",LONG,2026-07-09 22:35:00,2026-07-09 22:40:00,7585.0,7585.5,0.5
"CCI_Reversion(20,100)",SHORT,2026-07-09 23:10:00,2026-07-09 23:45:00,7589.25,7589.75,-4.5
"CCI_Reversion(20,100)",LONG,2026-07-10 00:10:00,2026-07-10 01:00:00,7584.0,7580.75,-18.25
"CCI_Reversion(20,100)",SHORT,2026-07-10 01:50:00,2026-07-10 02:00:00,7583.25,7580.25,13.0
"CCI_Reversion(20,100)",SHORT,2026-07-10 02:45:00,2026-07-10 03:25:00,7581.75,7584.0,-13.25
"CCI_Reversion(20,100)",LONG,2026-07-10 04:25:00,2026-07-10 05:20:00,7580.75,7578.5,-13.25
"CCI_Reversion(20,100)",LONG,2026-07-10 06:00:00,2026-07-10 06:05:00,7576.5,7579.0,10.5
"CCI_Reversion(20,100)",LONG,2026-07-10 06:15:00,2026-07-10 06:50:00,7576.0,7573.75,-13.25
"CCI_Reversion(20,100)",SHORT,2026-07-10 07:30:00,2026-07-10 07:35:00,7578.75,7577.75,3.0
"CCI_Reversion(20,100)",LONG,2026-07-10 07:55:00,2026-07-10 08:00:00,7570.75,7572.0,4.25
"CCI_Reversion(20,100)",SHORT,2026-07-10 09:15:00,2026-07-10 09:45:00,7580.25,7580.75,-4.5
"CCI_Reversion(20,100)",SHORT,2026-07-10 10:05:00,2026-07-10 10:25:00,7584.25,7585.25,-7.0
"CCI_Reversion(20,100)",SHORT,2026-07-10 10:30:00,2026-07-10 10:55:00,7586.25,7587.75,-9.5
"CCI_Reversion(20,100)",SHORT,2026-07-10 11:00:00,2026-07-10 11:15:00,7590.25,7590.0,-0.75
"CCI_Reversion(20,100)",LONG,2026-07-10 11:40:00,2026-07-10 11:50:00,7582.0,7583.75,6.75
"CCI_Reversion(20,100)",LONG,2026-07-10 12:05:00,2026-07-10 12:15:00,7579.25,7589.0,46.75
"CCI_Reversion(20,100)",SHORT,2026-07-10 13:25:00,2026-07-10 14:15:00,7592.0,7599.0,-37.0
"CCI_Reversion(20,100)",LONG,2026-07-10 14:35:00,2026-07-10 14:45:00,7581.25,7593.5,59.25
"CCI_Reversion(20,100)",LONG,2026-07-10 15:00:00,2026-07-10 15:10:00,7584.25,7590.0,26.75
"CCI_Reversion(20,100)",SHORT,2026-07-10 15:30:00,2026-07-10 15:35:00,7605.25,7602.5,11.75
"CCI_Reversion(20,100)",SHORT,2026-07-10 16:05:00,2026-07-10 16:10:00,7603.75,7601.75,8.0
"CCI_Reversion(20,100)",SHORT,2026-07-10 16:20:00,2026-07-10 16:25:00,7608.0,7606.0,8.0
"CCI_Reversion(20,100)",SHORT,2026-07-10 16:50:00,2026-07-10 17:10:00,7610.75,7609.25,5.5
"CCI_Reversion(20,100)",SHORT,2026-07-10 17:30:00,2026-07-10 17:35:00,7613.0,7613.0,-2.0
"CCI_Reversion(20,100)",SHORT,2026-07-10 17:40:00,2026-07-10 18:00:00,7615.25,7612.75,10.5
"CCI_Reversion(20,100)",SHORT,2026-07-10 18:15:00,2026-07-10 18:20:00,7616.0,7615.0,3.0
"CCI_Reversion(20,100)",SHORT,2026-07-10 18:30:00,2026-07-10 19:35:00,7617.5,7622.75,-28.25
"CCI_Reversion(20,100)",SHORT,2026-07-10 20:35:00,2026-07-12 22:10:00,7625.0,7600.0,123.0
"CCI_Reversion(20,100)",LONG,2026-07-12 22:15:00,2026-07-12 22:40:00,7593.5,7599.0,25.5
"CCI_Reversion(20,100)",LONG,2026-07-12 23:50:00,2026-07-12 23:55:00,7594.5,7597.0,10.5
"CCI_Reversion(20,100)",SHORT,2026-07-13 00:05:00,2026-07-13 00:35:00,7605.5,7602.25,14.25
"CCI_Reversion(20,100)",LONG,2026-07-13 01:10:00,2026-07-13 01:15:00,7591.25,7593.75,10.5
"CCI_Reversion(20,100)",LONG,2026-07-13 02:05:00,2026-07-13 02:20:00,7589.25,7591.25,8.0
"CCI_Reversion(20,100)",LONG,2026-07-13 02:45:00,2026-07-13 02:50:00,7590.0,7590.0,-2.0
"CCI_Reversion(20,100)",LONG,2026-07-13 03:00:00,2026-07-13 03:30:00,7586.25,7586.0,-3.25
"CCI_Reversion(20,100)",LONG,2026-07-13 04:05:00,2026-07-13 04:25:00,7581.0,7581.5,0.5
"CCI_Reversion(20,100)",LONG,2026-07-13 04:30:00,2026-07-13 05:10:00,7580.75,7581.0,-0.75
"CCI_Reversion(20,100)",LONG,2026-07-13 05:25:00,2026-07-13 05:40:00,7572.75,7577.25,20.5
"CCI_Reversion(20,100)",LONG,2026-07-13 05:50:00,2026-07-13 05:55:00,7574.0,7574.25,-0.75
"CCI_Reversion(20,100)",SHORT,2026-07-13 06:25:00,2026-07-13 06:40:00,7581.25,7579.25,8.0
"CCI_Reversion(20,100)",SHORT,2026-07-13 06:50:00,2026-07-13 07:30:00,7584.0,7586.5,-14.5
"CCI_Reversion(20,100)",SHORT,2026-07-13 08:05:00,2026-07-13 08:40:00,7590.0,7594.75,-25.75
"CCI_Reversion(20,100)",SHORT,2026-07-13 08:55:00,2026-07-13 09:00:00,7598.5,7598.5,-2.0
"CCI_Reversion(20,100)",SHORT,2026-07-13 09:25:00,2026-07-13 09:50:00,7601.0,7601.5,-4.5
"CCI_Reversion(20,100)",LONG,2026-07-13 11:20:00,2026-07-13 11:30:00,7596.25,7599.5,14.25
"CCI_Reversion(20,100)",LONG,2026-07-13 11:50:00,2026-07-13 12:45:00,7596.25,7590.75,-29.5
"CCI_Reversion(20,100)",SHORT,2026-07-13 13:35:00,2026-07-13 13:50:00,7605.25,7599.75,25.5
"CCI_Reversion(20,100)",SHORT,2026-07-13 14:00:00,2026-07-13 14:10:00,7607.5,7599.25,39.25
"CCI_Reversion(20,100)",LONG,2026-07-13 14:20:00,2026-07-13 14:25:00,7590.0,7598.5,40.5
"CCI_Reversion(20,100)",LONG,2026-07-13 14:45:00,2026-07-13 15:00:00,7585.75,7598.5,61.75
"CCI_Reversion(20,100)",LONG,2026-07-13 15:45:00,2026-07-13 16:15:00,7588.0,7585.25,-15.75
"CCI_Reversion(20,100)",LONG,2026-07-13 16:20:00,2026-07-13 16:50:00,7579.75,7571.25,-44.5
"CCI_Reversion(20,100)",LONG,2026-07-13 16:55:00,2026-07-13 17:05:00,7565.5,7570.0,20.5
"CCI_Reversion(20,100)",LONG,2026-07-13 17:55:00,2026-07-13 18:05:00,7566.25,7567.75,5.5
"CCI_Reversion(20,100)",LONG,2026-07-13 18:20:00,2026-07-13 18:40:00,7563.5,7568.0,20.5
"CCI_Reversion(20,100)",LONG,2026-07-13 19:15:00,2026-07-13 19:50:00,7564.25,7560.75,-19.5
"CCI_Reversion(20,100)",LONG,2026-07-13 20:20:00,2026-07-13 20:30:00,7553.25,7555.5,9.25
"CCI_Reversion(20,100)",LONG,2026-07-13 20:35:00,2026-07-13 20:40:00,7554.5,7554.75,-0.75
"CCI_Reversion(20,100)",LONG,2026-07-13 23:00:00,2026-07-13 23:55:00,7552.0,7548.25,-20.75
"CCI_Reversion(20,100)",LONG,2026-07-14 00:10:00,2026-07-14 00:15:00,7544.25,7556.0,56.75
"CCI_Reversion(20,100)",SHORT,2026-07-14 00:40:00,2026-07-14 00:45:00,7550.0,7544.25,26.75
"CCI_Reversion(20,100)",SHORT,2026-07-14 00:55:00,2026-07-14 01:15:00,7557.0,7554.75,9.25
"CCI_Reversion(20,100)",SHORT,2026-07-14 01:20:00,2026-07-14 01:25:00,7558.5,7555.75,11.75
"CCI_Reversion(20,100)",LONG,2026-07-14 02:15:00,2026-07-14 02:40:00,7546.25,7547.0,1.75
"CCI_Reversion(20,100)",LONG,2026-07-14 03:00:00,2026-07-14 03:30:00,7540.5,7540.25,-3.25
"CCI_Reversion(20,100)",SHORT,2026-07-14 04:30:00,2026-07-14 05:20:00,7548.75,7562.75,-72.0
"CCI_Reversion(20,100)",SHORT,2026-07-14 05:25:00,2026-07-14 05:45:00,7567.25,7569.0,-10.75
"CCI_Reversion(20,100)",SHORT,2026-07-14 06:15:00,2026-07-14 06:25:00,7573.5,7570.0,15.5
"CCI_Reversion(20,100)",LONG,2026-07-14 06:50:00,2026-07-14 07:10:00,7561.75,7564.75,13.0
"CCI_Reversion(20,100)",LONG,2026-07-14 07:25:00,2026-07-14 07:30:00,7560.75,7560.5,-3.25
"CCI_Reversion(20,100)",LONG,2026-07-14 07:45:00,2026-07-14 07:50:00,7555.5,7560.0,20.5
"CCI_Reversion(20,100)",LONG,2026-07-14 08:05:00,2026-07-14 08:20:00,7558.5,7561.0,10.5
"CCI_Reversion(20,100)",SHORT,2026-07-14 08:30:00,2026-07-14 08:35:00,7562.5,7562.25,-0.75
"CCI_Reversion(20,100)",LONG,2026-07-14 08:50:00,2026-07-14 09:05:00,7554.75,7558.25,15.5
"CCI_Reversion(20,100)",SHORT,2026-07-14 10:40:00,2026-07-14 10:45:00,7560.75,7556.75,18.0
"CCI_Reversion(20,100)",LONG,2026-07-14 11:00:00,2026-07-14 11:20:00,7557.0,7556.25,-5.75
"CCI_Reversion(20,100)",LONG,2026-07-14 12:05:00,2026-07-14 12:20:00,7549.0,7549.75,1.75
"CCI_Reversion(20,100)",SHORT,2026-07-14 12:30:00,2026-07-14 12:55:00,7561.0,7579.5,-94.5
"CCI_Reversion(20,100)",LONG,2026-07-14 14:10:00,2026-07-14 14:25:00,7572.5,7572.0,-4.5
"CCI_Reversion(20,100)",SHORT,2026-07-14 14:35:00,2026-07-14 14:45:00,7591.0,7581.5,45.5
"CCI_Reversion(20,100)",SHORT,2026-07-14 15:00:00,2026-07-14 15:20:00,7587.5,7589.75,-13.25
"CCI_Reversion(20,100)",SHORT,2026-07-14 15:30:00,2026-07-14 15:35:00,7597.0,7590.0,33.0
"CCI_Reversion(20,100)",LONG,2026-07-14 16:05:00,2026-07-14 16:30:00,7573.5,7578.0,20.5
"CCI_Reversion(20,100)",SHORT,2026-07-14 17:10:00,2026-07-14 17:20:00,7591.5,7591.25,-0.75
"CCI_Reversion(20,100)",SHORT,2026-07-14 17:25:00,2026-07-14 17:35:00,7595.0,7590.75,19.25
"CCI_Reversion(20,100)",SHORT,2026-07-14 18:15:00,2026-07-14 18:30:00,7596.5,7595.25,4.25
"CCI_Reversion(20,100)",LONG,2026-07-14 19:10:00,2026-07-14 19:15:00,7589.0,7590.25,4.25
"CCI_Reversion(20,100)",LONG,2026-07-14 20:15:00,2026-07-14 20:20:00,7589.25,7589.25,-2.0
"CCI_Reversion(20,100)",LONG,2026-07-14 20:25:00,2026-07-14 20:40:00,7587.75,7589.25,5.5
"CCI_Reversion(20,100)",LONG,2026-07-14 22:15:00,2026-07-14 22:20:00,7584.25,7588.5,19.25
"CCI_Reversion(20,100)",SHORT,2026-07-14 22:35:00,2026-07-14 22:45:00,7590.5,7590.75,-3.25
"CCI_Reversion(20,100)",SHORT,2026-07-14 23:15:00,2026-07-15 00:05:00,7592.0,7600.75,-45.75
"CCI_Reversion(20,100)",LONG,2026-07-15 01:10:00,2026-07-15 01:15:00,7597.0,7598.5,5.5
"CCI_Reversion(20,100)",SHORT,2026-07-15 02:00:00,2026-07-15 02:30:00,7604.5,7604.75,-3.25
"CCI_Reversion(20,100)",SHORT,2026-07-15 02:35:00,2026-07-15 02:55:00,7606.0,7604.25,6.75
"CCI_Reversion(20,100)",SHORT,2026-07-15 03:50:00,2026-07-15 04:10:00,7607.25,7606.0,4.25
"CCI_Reversion(20,100)",SHORT,2026-07-15 04:20:00,2026-07-15 04:30:00,7608.0,7606.75,4.25
"CCI_Reversion(20,100)",SHORT,2026-07-15 05:00:00,2026-07-15 05:05:00,7608.5,7605.25,14.25
"CCI_Reversion(20,100)",LONG,2026-07-15 05:15:00,2026-07-15 05:20:00,7604.5,7607.0,10.5
"CCI_Reversion(20,100)",LONG,2026-07-15 05:30:00,2026-07-15 05:40:00,7603.5,7608.0,20.5
"CCI_Reversion(20,100)",SHORT,2026-07-15 06:00:00,2026-07-15 06:15:00,7609.25,7608.0,4.25
"CCI_Reversion(20,100)",SHORT,2026-07-15 06:30:00,2026-07-15 06:35:00,7610.0,7608.75,4.25
"CCI_Reversion(20,100)",LONG,2026-07-15 07:20:00,2026-07-15 07:50:00,7605.5,7604.5,-7.0
"CCI_Reversion(20,100)",LONG,2026-07-15 08:10:00,2026-07-15 08:15:00,7599.0,7600.25,4.25
"CCI_Reversion(20,100)",LONG,2026-07-15 08:25:00,2026-07-15 08:30:00,7597.5,7601.25,16.75
"CCI_Reversion(20,100)",SHORT,2026-07-15 08:50:00,2026-07-15 08:55:00,7605.75,7603.75,8.0
"CCI_Reversion(20,100)",SHORT,2026-07-15 09:00:00,2026-07-15 09:30:00,7606.75,7608.25,-9.5
"CCI_Reversion(20,100)",LONG,2026-07-15 10:25:00,2026-07-15 10:50:00,7600.25,7601.75,5.5
"CCI_Reversion(20,100)",LONG,2026-07-15 12:05:00,2026-07-15 12:35:00,7597.75,7605.0,34.25
"CCI_Reversion(20,100)",SHORT,2026-07-15 12:40:00,2026-07-15 13:15:00,7607.0,7607.0,-2.0
"CCI_Reversion(20,100)",SHORT,2026-07-15 13:35:00,2026-07-15 13:45:00,7622.0,7613.5,40.5
"CCI_Reversion(20,100)",SHORT,2026-07-15 14:05:00,2026-07-15 14:25:00,7618.0,7607.75,49.25
"CCI_Reversion(20,100)",LONG,2026-07-15 14:45:00,2026-07-15 15:10:00,7605.0,7610.0,23.0
"CCI_Reversion(20,100)",LONG,2026-07-15 15:20:00,2026-07-15 15:30:00,7602.5,7605.75,14.25
"CCI_Reversion(20,100)",LONG,2026-07-15 15:55:00,2026-07-15 16:50:00,7597.0,7583.25,-70.75
"CCI_Reversion(20,100)",SHORT,2026-07-15 17:30:00,2026-07-15 18:20:00,7598.5,7613.75,-78.25
"CCI_Reversion(20,100)",LONG,2026-07-15 19:25:00,2026-07-15 19:30:00,7603.5,7606.5,13.0
"CCI_Reversion(20,100)",SHORT,2026-07-15 20:05:00,2026-07-15 20:10:00,7617.25,7613.0,19.25
"CCI_Reversion(20,100)",SHORT,2026-07-15 20:20:00,2026-07-15 20:35:00,7615.5,7615.0,0.5
"CCI_Reversion(20,100)",SHORT,2026-07-15 22:10:00,2026-07-15 22:20:00,7620.0,7618.25,6.75
"CCI_Reversion(20,100)",SHORT,2026-07-15 23:35:00,2026-07-15 23:50:00,7621.75,7614.75,33.0
"CCI_Reversion(20,100)",SHORT,2026-07-16 00:05:00,2026-07-16 00:25:00,7623.25,7620.0,14.25
"CCI_Reversion(20,100)",LONG,2026-07-16 00:45:00,2026-07-16 00:55:00,7615.25,7616.5,4.25
"CCI_Reversion(20,100)",LONG,2026-07-16 01:15:00,2026-07-16 01:40:00,7614.75,7614.5,-3.25
"CCI_Reversion(20,100)",SHORT,2026-07-16 02:25:00,2026-07-16 02:45:00,7619.5,7618.75,1.75
"CCI_Reversion(20,100)",SHORT,2026-07-16 02:50:00,2026-07-16 03:20:00,7620.75,7622.0,-8.25
"CCI_Reversion(20,100)",SHORT,2026-07-16 04:15:00,2026-07-16 04:20:00,7626.25,7623.75,10.5
"CCI_Reversion(20,100)",LONG,2026-07-16 04:40:00,2026-07-16 04:55:00,7621.25,7622.25,3.0
"CCI_Reversion(20,100)",SHORT,2026-07-16 05:15:00,2026-07-16 05:35:00,7626.75,7622.25,20.5
"CCI_Reversion(20,100)",LONG,2026-07-16 05:40:00,2026-07-16 06:05:00,7618.0,7619.25,4.25
"CCI_Reversion(20,100)",LONG,2026-07-16 06:35:00,2026-07-16 06:45:00,7614.0,7615.5,5.5
"CCI_Reversion(20,100)",LONG,2026-07-16 07:10:00,2026-07-16 08:25:00,7613.75,7599.75,-72.0
"CCI_Reversion(20,100)",SHORT,2026-07-16 09:05:00,2026-07-16 09:30:00,7612.0,7610.75,4.25
"CCI_Reversion(20,100)",LONG,2026-07-16 10:20:00,2026-07-16 10:35:00,7604.25,7607.25,13.0
"CCI_Reversion(20,100)",LONG,2026-07-16 10:50:00,2026-07-16 11:00:00,7602.0,7602.75,1.75
"CCI_Reversion(20,100)",LONG,2026-07-16 11:05:00,2026-07-16 11:25:00,7599.0,7603.0,18.0
"CCI_Reversion(20,100)",LONG,2026-07-16 11:35:00,2026-07-16 12:00:00,7597.0,7597.0,-2.0
"CCI_Reversion(20,100)",LONG,2026-07-16 12:10:00,2026-07-16 12:20:00,7592.0,7594.25,9.25
"CCI_Reversion(20,100)",LONG,2026-07-16 12:25:00,2026-07-16 12:50:00,7585.0,7585.75,1.75
"CCI_Reversion(20,100)",SHORT,2026-07-16 13:20:00,2026-07-16 13:30:00,7595.5,7596.75,-8.25
"CCI_Reversion(20,100)",LONG,2026-07-16 13:50:00,2026-07-16 13:55:00,7579.25,7583.75,20.5
"CCI_Reversion(20,100)",SHORT,2026-07-16 14:10:00,2026-07-16 14:55:00,7603.0,7606.0,-17.0
"CCI_Reversion(20,100)",LONG,2026-07-16 15:50:00,2026-07-16 15:55:00,7604.0,7607.0,13.0
"CCI_Reversion(20,100)",LONG,2026-07-16 16:05:00,2026-07-16 16:45:00,7596.75,7588.75,-42.0
"CCI_Reversion(20,100)",LONG,2026-07-16 17:40:00,2026-07-16 18:25:00,7585.25,7582.75,-14.5
"CCI_Reversion(20,100)",LONG,2026-07-16 18:35:00,2026-07-16 18:50:00,7576.25,7576.75,0.5
"CCI_Reversion(20,100)",LONG,2026-07-16 18:55:00,2026-07-16 19:05:00,7571.5,7574.25,11.75
"CCI_Reversion(20,100)",LONG,2026-07-16 19:10:00,2026-07-16 19:55:00,7566.75,7568.75,8.0
"CCI_Reversion(20,100)",LONG,2026-07-16 22:35:00,2026-07-16 23:45:00,7566.5,7562.25,-23.25
"CCI_Reversion(20,100)",LONG,2026-07-17 00:10:00,2026-07-17 00:55:00,7555.5,7554.0,-9.5
"CCI_Reversion(20,100)",LONG,2026-07-17 01:15:00,2026-07-17 01:30:00,7546.0,7548.25,9.25
"CCI_Reversion(20,100)",LONG,2026-07-17 01:35:00,2026-07-17 02:45:00,7540.75,7532.5,-43.25
"CCI_Reversion(20,100)",LONG,2026-07-17 02:55:00,2026-07-17 03:05:00,7527.25,7531.25,18.0
"CCI_Reversion(20,100)",SHORT,2026-07-17 03:25:00,2026-07-17 03:35:00,7538.75,7534.0,21.75
"CCI_Reversion(20,100)",LONG,2026-07-17 03:50:00,2026-07-17 04:50:00,7527.5,7517.0,-54.5
"CCI_Reversion(20,100)",LONG,2026-07-17 05:40:00,2026-07-17 05:55:00,7506.5,7511.0,20.5
"CCI_Reversion(20,100)",SHORT,2026-07-17 06:20:00,2026-07-17 06:45:00,7517.5,7515.25,9.25
"CCI_Reversion(20,100)",LONG,2026-07-17 08:15:00,2026-07-17 08:55:00,7507.5,7499.25,-43.25
"CCI_Reversion(20,100)",SHORT,2026-07-17 09:55:00,2026-07-17 10:55:00,7509.0,7517.25,-43.25
"CCI_Reversion(20,100)",LONG,2026-07-17 12:10:00,2026-07-17 13:50:00,7511.25,7495.5,-80.75
"CCI_Reversion(20,100)",SHORT,2026-07-17 14:05:00,2026-07-17 14:35:00,7518.75,7526.0,-38.25
"CCI_Reversion(20,100)",SHORT,2026-07-17 16:00:00,2026-07-17 16:05:00,7534.25,7521.0,64.25
"CCI_Reversion(20,100)",SHORT,2026-07-17 16:20:00,2026-07-17 16:25:00,7528.75,7518.0,51.75
"CCI_Reversion(20,100)",SHORT,2026-07-17 16:50:00,2026-07-17 17:00:00,7534.5,7529.0,25.5
"CCI_Reversion(20,100)",SHORT,2026-07-17 17:05:00,2026-07-17 17:15:00,7532.25,7530.25,8.0
"CCI_Reversion(20,100)",LONG,2026-07-17 17:45:00,2026-07-17 18:40:00,7521.25,7502.75,-94.5
"CCI_Reversion(20,100)",LONG,2026-07-17 18:45:00,2026-07-17 18:50:00,7497.25,7504.0,31.75
"CCI_Reversion(20,100)",LONG,2026-07-17 19:15:00,2026-07-17 19:35:00,7492.25,7495.0,11.75
"CCI_Reversion(20,100)",LONG,2026-07-17 20:05:00,2026-07-17 20:25:00,7489.75,7492.5,11.75
"CCI_Reversion(20,100)",LONG,2026-07-19 22:15:00,2026-07-19 22:20:00,7484.0,7492.5,40.5
"CCI_Reversion(20,100)",SHORT,2026-07-19 22:45:00,2026-07-19 22:55:00,7500.75,7496.0,21.75
"CCI_Reversion(20,100)",SHORT,2026-07-19 23:45:00,2026-07-19 23:50:00,7501.75,7496.25,25.5
"CCI_Reversion(20,100)",SHORT,2026-07-19 23:55:00,2026-07-20 00:35:00,7500.5,7504.0,-19.5
"CCI_Reversion(20,100)",LONG,2026-07-20 01:35:00,2026-07-20 02:05:00,7499.0,7504.25,24.25
"CCI_Reversion(20,100)",SHORT,2026-07-20 02:45:00,2026-07-20 03:00:00,7507.0,7505.5,5.5
"CCI_Reversion(20,100)",SHORT,2026-07-20 03:55:00,2026-07-20 04:00:00,7509.75,7505.75,18.0
"CCI_Reversion(20,100)",LONG,2026-07-20 04:15:00,2026-07-20 04:30:00,7501.75,7508.0,29.25
"CCI_Reversion(20,100)",SHORT,2026-07-20 04:35:00,2026-07-20 05:00:00,7508.75,7509.5,-5.75
"CCI_Reversion(20,100)",LONG,2026-07-20 05:15:00,2026-07-20 05:50:00,7503.0,7498.0,-27.0
"CCI_Reversion(20,100)",LONG,2026-07-20 05:55:00,2026-07-20 06:05:00,7495.0,7498.25,14.25
"CCI_Reversion(20,100)",LONG,2026-07-20 06:35:00,2026-07-20 06:45:00,7492.75,7496.5,16.75
"CCI_Reversion(20,100)",SHORT,2026-07-20 07:05:00,2026-07-20 07:20:00,7500.5,7499.0,5.5
"CCI_Reversion(20,100)",SHORT,2026-07-20 07:25:00,2026-07-20 08:10:00,7504.25,7515.5,-58.25
"CCI_Reversion(20,100)",LONG,2026-07-20 09:10:00,2026-07-20 09:15:00,7512.5,7512.75,-0.75
"CCI_Reversion(20,100)",SHORT,2026-07-20 09:45:00,2026-07-20 10:05:00,7520.5,7520.5,-2.0
"CCI_Reversion(20,100)",SHORT,2026-07-20 10:55:00,2026-07-20 11:00:00,7524.0,7522.25,6.75
"CCI_Reversion(20,100)",SHORT,2026-07-20 11:05:00,2026-07-20 11:25:00,7525.75,7523.75,8.0
"CCI_Reversion(20,100)",SHORT,2026-07-20 11:35:00,2026-07-20 12:00:00,7541.0,7535.5,25.5
"CCI_Reversion(20,100)",SHORT,2026-07-20 13:30:00,2026-07-20 13:55:00,7534.5,7528.75,26.75
"CCI_Reversion(20,100)",LONG,2026-07-20 14:00:00,2026-07-20 14:30:00,7520.75,7520.75,-2.0
"CCI_Reversion(20,100)",LONG,2026-07-20 14:55:00,2026-07-20 15:05:00,7507.0,7509.5,10.5
"CCI_Reversion(20,100)",SHORT,2026-07-20 15:35:00,2026-07-20 15:40:00,7522.75,7518.5,19.25
"CCI_Reversion(20,100)",SHORT,2026-07-20 15:45:00,2026-07-20 15:50:00,7523.75,7516.5,34.25
"CCI_Reversion(20,100)",SHORT,2026-07-20 15:55:00,2026-07-20 16:30:00,7526.25,7528.75,-14.5
"CCI_Reversion(20,100)",LONG,2026-07-20 16:55:00,2026-07-20 17:35:00,7513.5,7506.75,-35.75
"CCI_Reversion(20,100)",LONG,2026-07-20 17:45:00,2026-07-20 17:50:00,7501.0,7506.0,23.0
"CCI_Reversion(20,100)",LONG,2026-07-20 18:35:00,2026-07-20 19:25:00,7500.0,7486.25,-70.75
"CCI_Reversion(20,100)",LONG,2026-07-20 20:00:00,2026-07-20 20:05:00,7486.0,7487.0,3.0
"CCI_Reversion(20,100)",LONG,2026-07-20 20:10:00,2026-07-20 20:35:00,7482.25,7481.5,-5.75
"CCI_Reversion(20,100)",LONG,2026-07-20 22:10:00,2026-07-20 22:45:00,7476.5,7476.25,-3.25
"CCI_Reversion(20,100)",SHORT,2026-07-20 23:20:00,2026-07-20 23:50:00,7487.0,7486.75,-0.75
"CCI_Reversion(20,100)",SHORT,2026-07-21 00:35:00,2026-07-21 01:00:00,7492.0,7492.75,-5.75
"CCI_Reversion(20,100)",SHORT,2026-07-21 01:10:00,2026-07-21 01:25:00,7497.0,7496.75,-0.75
"CCI_Reversion(20,100)",LONG,2026-07-21 02:20:00,2026-07-21 02:25:00,7489.0,7496.25,34.25
"CCI_Reversion(20,100)",SHORT,2026-07-21 02:40:00,2026-07-21 04:20:00,7501.0,7513.25,-63.25
"CCI_Reversion(20,100)",LONG,2026-07-21 05:20:00,2026-07-21 05:25:00,7510.25,7513.75,15.5
"CCI_Reversion(20,100)",SHORT,2026-07-21 05:30:00,2026-07-21 06:15:00,7516.75,7521.25,-24.5
"CCI_Reversion(20,100)",SHORT,2026-07-21 06:40:00,2026-07-21 06:50:00,7523.75,7524.25,-4.5
"CCI_Reversion(20,100)",SHORT,2026-07-21 07:05:00,2026-07-21 07:15:00,7525.5,7522.75,11.75
"CCI_Reversion(20,100)",LONG,2026-07-21 07:25:00,2026-07-21 07:40:00,7519.0,7519.25,-0.75
"CCI_Reversion(20,100)",LONG,2026-07-21 07:45:00,2026-07-21 08:00:00,7517.5,7517.75,-0.75
"CCI_Reversion(20,100)",SHORT,2026-07-21 09:05:00,2026-07-21 09:15:00,7525.5,7525.5,-2.0
"CCI_Reversion(20,100)",SHORT,2026-07-21 09:20:00,2026-07-21 09:30:00,7526.5,7523.0,15.5
"CCI_Reversion(20,100)",LONG,2026-07-21 10:10:00,2026-07-21 10:15:00,7521.5,7523.5,8.0
"CCI_Reversion(20,100)",LONG,2026-07-21 10:55:00,2026-07-21 11:40:00,7521.25,7518.5,-15.75
"CCI_Reversion(20,100)",LONG,2026-07-21 12:20:00,2026-07-21 12:50:00,7512.75,7515.0,9.25
"CCI_Reversion(20,100)",SHORT,2026-07-21 13:30:00,2026-07-21 13:40:00,7526.0,7515.5,50.5
"CCI_Reversion(20,100)",LONG,2026-07-21 13:45:00,2026-07-21 13:55:00,7507.75,7512.75,23.0
"CCI_Reversion(20,100)",SHORT,2026-07-21 14:25:00,2026-07-21 15:00:00,7522.5,7531.0,-44.5
"CCI_Reversion(20,100)",SHORT,2026-07-21 15:15:00,2026-07-21 15:45:00,7535.5,7539.25,-20.75
"CCI_Reversion(20,100)",SHORT,2026-07-21 16:05:00,2026-07-21 16:50:00,7545.75,7548.0,-13.25
"CCI_Reversion(20,100)",SHORT,2026-07-21 16:55:00,2026-07-21 17:05:00,7553.0,7549.75,14.25
"CCI_Reversion(20,100)",LONG,2026-07-21 18:05:00,2026-07-21 18:10:00,7546.0,7547.25,4.25
"CCI_Reversion(20,100)",LONG,2026-07-21 18:15:00,2026-07-21 18:45:00,7544.75,7548.5,16.75
"CCI_Reversion(20,100)",SHORT,2026-07-21 19:45:00,2026-07-21 19:55:00,7548.0,7546.75,4.25
"CCI_Reversion(20,100)",LONG,2026-07-21 20:05:00,2026-07-21 20:40:00,7541.75,7542.75,3.0
"CCI_Reversion(20,100)",LONG,2026-07-21 22:50:00,2026-07-21 23:05:00,7538.75,7540.5,6.75
"CCI_Reversion(20,100)",SHORT,2026-07-22 00:00:00,2026-07-22 00:25:00,7543.25,7542.75,0.5
"CCI_Reversion(20,100)",LONG,2026-07-22 00:50:00,2026-07-22 01:00:00,7540.25,7542.0,6.75
"CCI_Reversion(20,100)",LONG,2026-07-22 01:05:00,2026-07-22 01:20:00,7537.5,7538.5,3.0
"CCI_Reversion(20,100)",LONG,2026-07-22 01:25:00,2026-07-22 01:40:00,7535.25,7537.5,9.25
"CCI_Reversion(20,100)",SHORT,2026-07-22 01:55:00,2026-07-22 02:00:00,7544.0,7541.25,11.75
"CCI_Reversion(20,100)",SHORT,2026-07-22 02:50:00,2026-07-22 02:55:00,7542.75,7542.0,1.75
"CCI_Reversion(20,100)",SHORT,2026-07-22 03:25:00,2026-07-22 03:35:00,7543.25,7539.75,15.5
"CCI_Reversion(20,100)",LONG,2026-07-22 03:55:00,2026-07-22 04:10:00,7535.5,7538.0,10.5
"CCI_Reversion(20,100)",LONG,2026-07-22 04:35:00,2026-07-22 04:45:00,7536.25,7537.75,5.5
"CCI_Reversion(20,100)",LONG,2026-07-22 05:10:00,2026-07-22 05:35:00,7535.0,7536.25,4.25
"CCI_Reversion(20,100)",LONG,2026-07-22 05:40:00,2026-07-22 05:55:00,7534.5,7534.5,-2.0
"CCI_Reversion(20,100)",LONG,2026-07-22 06:10:00,2026-07-22 07:15:00,7533.25,7523.25,-52.0
"CCI_Reversion(20,100)",LONG,2026-07-22 07:40:00,2026-07-22 08:05:00,7515.25,7521.0,26.75
"CCI_Reversion(20,100)",SHORT,2026-07-22 08:35:00,2026-07-22 08:40:00,7525.5,7522.5,13.0
"CCI_Reversion(20,100)",SHORT,2026-07-22 09:05:00,2026-07-22 09:30:00,7528.75,7527.0,6.75
"CCI_Reversion(20,100)",SHORT,2026-07-22 10:25:00,2026-07-22 10:40:00,7532.0,7528.5,15.5
"CCI_Reversion(20,100)",LONG,2026-07-22 11:20:00,2026-07-22 11:25:00,7523.75,7525.75,8.0
"CCI_Reversion(20,100)",LONG,2026-07-22 11:30:00,2026-07-22 12:15:00,7523.0,7518.75,-23.25
"CCI_Reversion(20,100)",LONG,2026-07-22 12:25:00,2026-07-22 12:30:00,7512.75,7516.75,18.0
"CCI_Reversion(20,100)",LONG,2026-07-22 13:00:00,2026-07-22 13:05:00,7515.0,7519.25,19.25
"CCI_Reversion(20,100)",SHORT,2026-07-22 13:20:00,2026-07-22 14:15:00,7524.0,7544.75,-105.75
"CCI_Reversion(20,100)",SHORT,2026-07-22 15:10:00,2026-07-22 15:35:00,7548.5,7552.25,-20.75
"CCI_Reversion(20,100)",SHORT,2026-07-22 16:00:00,2026-07-22 16:05:00,7560.25,7559.5,1.75
"CCI_Reversion(20,100)",SHORT,2026-07-22 16:20:00,2026-07-22 16:25:00,7562.5,7561.25,4.25
"CCI_Reversion(20,100)",LONG,2026-07-22 17:20:00,2026-07-22 17:45:00,7555.0,7553.5,-9.5
"CCI_Reversion(20,100)",LONG,2026-07-22 17:50:00,2026-07-22 18:30:00,7553.0,7547.25,-30.75
"CCI_Reversion(20,100)",LONG,2026-07-22 19:15:00,2026-07-22 19:50:00,7541.75,7543.75,8.0
"CCI_Reversion(20,100)",LONG,2026-07-22 20:00:00,2026-07-22 20:05:00,7536.75,7536.25,-4.5
"CCI_Reversion(20,100)",LONG,2026-07-22 20:10:00,2026-07-22 20:15:00,7535.75,7552.75,83.0
"CCI_Reversion(20,100)",SHORT,2026-07-22 20:15:00,2026-07-22 20:35:00,7552.75,7547.5,24.25
"CCI_Reversion(20,100)",LONG,2026-07-22 22:05:00,2026-07-22 22:50:00,7524.5,7520.5,-22.0
"CCI_Reversion(20,100)",SHORT,2026-07-22 23:50:00,2026-07-23 01:05:00,7527.0,7548.5,-109.5
"CCI_Reversion(20,100)",LONG,2026-07-23 02:00:00,2026-07-23 02:10:00,7538.75,7539.25,0.5
"CCI_Reversion(20,100)",LONG,2026-07-23 02:15:00,2026-07-23 02:55:00,7536.25,7530.75,-29.5
"CCI_Reversion(20,100)",LONG,2026-07-23 03:10:00,2026-07-23 03:35:00,7525.75,7523.75,-12.0
"CCI_Reversion(20,100)",SHORT,2026-07-23 04:30:00,2026-07-23 04:45:00,7532.0,7530.0,8.0
"CCI_Reversion(20,100)",SHORT,2026-07-23 05:35:00,2026-07-23 05:40:00,7533.5,7529.5,18.0
"CCI_Reversion(20,100)",LONG,2026-07-23 05:55:00,2026-07-23 06:05:00,7521.5,7524.5,13.0
"CCI_Reversion(20,100)",LONG,2026-07-23 06:10:00,2026-07-23 06:15:00,7522.5,7524.25,6.75
"CCI_Reversion(20,100)",LONG,2026-07-23 06:40:00,2026-07-23 06:50:00,7521.75,7523.0,4.25
"CCI_Reversion(20,100)",LONG,2026-07-23 07:00:00,2026-07-23 08:00:00,7520.25,7504.25,-82.0
"CCI_Reversion(20,100)",SHORT,2026-07-23 09:00:00,2026-07-23 09:15:00,7518.5,7515.25,14.25
"CCI_Reversion(20,100)",LONG,2026-07-23 10:15:00,2026-07-23 10:20:00,7509.25,7510.25,3.0
"CCI_Reversion(20,100)",SHORT,2026-07-23 10:40:00,2026-07-23 11:05:00,7521.25,7514.5,31.75
"CCI_Reversion(20,100)",LONG,2026-07-23 11:25:00,2026-07-23 12:00:00,7506.5,7500.0,-34.5
"CCI_Reversion(20,100)",LONG,2026-07-23 12:20:00,2026-07-23 13:35:00,7488.25,7472.75,-79.5
"CCI_Reversion(20,100)",LONG,2026-07-23 14:35:00,2026-07-23 14:40:00,7450.0,7463.5,65.5
"CCI_Reversion(20,100)",LONG,2026-07-23 14:50:00,2026-07-23 15:40:00,7448.5,7433.5,-77.0
"CCI_Reversion(20,100)",SHORT,2026-07-23 16:25:00,2026-07-23 16:45:00,7454.75,7449.5,24.25
"CCI_Reversion(20,100)",LONG,2026-07-23 17:40:00,2026-07-23 17:50:00,7436.5,7442.0,25.5
"CCI_Reversion(20,100)",LONG,2026-07-23 18:00:00,2026-07-23 18:25:00,7432.25,7434.75,10.5
"CCI_Reversion(20,100)",LONG,2026-07-23 18:45:00,2026-07-23 18:50:00,7429.0,7434.0,23.0
"CCI_Reversion(20,100)",LONG,2026-07-23 19:15:00,2026-07-23 19:20:00,7427.0,7431.0,18.0
"CCI_Reversion(20,100)",SHORT,2026-07-23 19:30:00,2026-07-23 19:35:00,7436.25,7432.75,15.5
"CCI_Reversion(20,100)",LONG,2026-07-23 19:45:00,2026-07-23 19:55:00,7424.0,7429.5,25.5
"CCI_Reversion(20,100)",SHORT,2026-07-23 20:00:00,2026-07-23 20:40:00,7444.0,7456.5,-64.5
"CCI_Reversion(20,100)",LONG,2026-07-24 00:10:00,2026-07-24 00:20:00,7446.25,7447.5,4.25
"CCI_Reversion(20,100)",SHORT,2026-07-24 00:25:00,2026-07-24 00:35:00,7453.0,7448.0,23.0
"CCI_Reversion(20,100)",SHORT,2026-07-24 00:45:00,2026-07-24 00:55:00,7454.5,7450.0,20.5
"CCI_Reversion(20,100)",SHORT,2026-07-24 01:00:00,2026-07-24 01:15:00,7454.5,7453.25,4.25
"CCI_Reversion(20,100)",SHORT,2026-07-24 01:35:00,2026-07-24 01:40:00,7457.5,7454.75,11.75
"CCI_Reversion(20,100)",SHORT,2026-07-24 01:45:00,2026-07-24 01:50:00,7456.75,7453.75,13.0
"CCI_Reversion(20,100)",LONG,2026-07-24 02:05:00,2026-07-24 02:15:00,7449.75,7451.5,6.75
"CCI_Reversion(20,100)",LONG,2026-07-24 02:20:00,2026-07-24 02:30:00,7449.75,7450.0,-0.75
"CCI_Reversion(20,100)",LONG,2026-07-24 02:35:00,2026-07-24 03:15:00,7446.0,7441.75,-23.25
"CCI_Reversion(20,100)",LONG,2026-07-24 04:05:00,2026-07-24 04:10:00,7440.5,7440.75,-0.75
"CCI_Reversion(20,100)",LONG,2026-07-24 04:15:00,2026-07-24 04:25:00,7437.25,7442.25,23.0
"CCI_Reversion(20,100)",SHORT,2026-07-24 04:30:00,2026-07-24 04:40:00,7444.25,7440.5,16.75
"CCI_Reversion(20,100)",SHORT,2026-07-24 05:00:00,2026-07-24 05:40:00,7443.25,7446.75,-19.5
"CCI_Reversion(20,100)",SHORT,2026-07-24 05:50:00,2026-07-24 05:55:00,7447.75,7443.75,18.0
"CCI_Reversion(20,100)",LONG,2026-07-24 06:05:00,2026-07-24 06:20:00,7439.25,7443.5,19.25
"CCI_Reversion(20,100)",LONG,2026-07-24 06:45:00,2026-07-24 07:00:00,7437.75,7443.0,24.25
"CCI_Reversion(20,100)",SHORT,2026-07-24 07:10:00,2026-07-24 07:45:00,7452.25,7456.75,-24.5
"CCI_Reversion(20,100)",SHORT,2026-07-24 09:10:00,2026-07-24 09:20:00,7464.75,7460.25,20.5
"CCI_Reversion(20,100)",SHORT,2026-07-24 09:25:00,2026-07-24 09:55:00,7462.75,7464.25,-9.5
"CCI_Reversion(20,100)",LONG,2026-07-24 10:55:00,2026-07-24 11:05:00,7458.75,7461.25,10.5
"CCI_Reversion(20,100)",LONG,2026-07-24 11:35:00,2026-07-24 12:00:00,7457.0,7465.0,38.0
"CCI_Reversion(20,100)",SHORT,2026-07-24 12:00:00,2026-07-24 12:05:00,7465.0,7461.25,16.75
"CCI_Reversion(20,100)",SHORT,2026-07-24 12:15:00,2026-07-24 12:35:00,7466.75,7459.75,33.0
"CCI_Reversion(20,100)",LONG,2026-07-24 12:45:00,2026-07-24 13:20:00,7455.75,7452.25,-19.5
"CCI_Reversion(20,100)",LONG,2026-07-24 13:30:00,2026-07-24 13:35:00,7444.0,7451.0,33.0
"CCI_Reversion(20,100)",LONG,2026-07-24 13:55:00,2026-07-24 14:10:00,7436.5,7451.25,71.75
"CCI_Reversion(20,100)",LONG,2026-07-24 14:40:00,2026-07-24 14:50:00,7439.0,7444.25,24.25
"CCI_Reversion(20,100)",SHORT,2026-07-24 15:00:00,2026-07-24 15:50:00,7465.0,7480.5,-79.5
"CCI_Reversion(20,100)",LONG,2026-07-24 16:50:00,2026-07-24 17:20:00,7470.75,7473.5,11.75
"CCI_Reversion(20,100)",LONG,2026-07-24 18:15:00,2026-07-24 19:00:00,7465.0,7443.25,-110.75
"CCI_Reversion(20,100)",SHORT,2026-07-24 20:20:00,2026-07-24 20:30:00,7446.75,7443.5,14.25
"CCI_Reversion(20,100)",SHORT,2026-07-26 22:15:00,2026-07-26 22:45:00,7494.25,7495.25,-7.0
"CCI_Reversion(20,100)",SHORT,2026-07-26 23:45:00,2026-07-27 00:05:00,7503.75,7501.75,8.0
"CCI_Reversion(20,100)",SHORT,2026-07-27 00:15:00,2026-07-27 00:20:00,7508.75,7498.5,49.25
"CCI_Reversion(20,100)",LONG,2026-07-27 00:45:00,2026-07-27 00:55:00,7494.75,7495.75,3.0
"CCI_Reversion(20,100)",LONG,2026-07-27 01:00:00,2026-07-27 01:35:00,7492.75,7494.25,5.5
"CCI_Reversion(20,100)",SHORT,2026-07-27 02:20:00,2026-07-27 02:35:00,7500.0,7498.0,8.0
"CCI_Reversion(20,100)",SHORT,2026-07-27 02:40:00,2026-07-27 02:50:00,7501.75,7499.0,11.75
"CCI_Reversion(20,100)",SHORT,2026-07-27 03:15:00,2026-07-27 03:30:00,7503.0,7501.0,8.0
"CCI_Reversion(20,100)",SHORT,2026-07-27 04:20:00,2026-07-27 04:30:00,7502.75,7501.5,4.25
"CCI_Reversion(20,100)",SHORT,2026-07-27 04:40:00,2026-07-27 06:25:00,7503.75,7514.75,-57.0
"CCI_Reversion(20,100)",LONG,2026-07-27 07:35:00,2026-07-27 08:10:00,7512.25,7510.25,-12.0
"CCI_Reversion(20,100)",SHORT,2026-07-27 08:45:00,2026-07-27 09:05:00,7519.0,7517.5,5.5
"CCI_Reversion(20,100)",SHORT,2026-07-27 09:45:00,2026-07-27 10:10:00,7521.75,7521.5,-0.75
"CCI_Reversion(20,100)",LONG,2026-07-27 11:10:00,2026-07-27 12:00:00,7518.5,7512.0,-34.5
"CCI_Reversion(20,100)",LONG,2026-07-27 12:15:00,2026-07-27 12:30:00,7505.25,7508.25,13.0
"CCI_Reversion(20,100)",LONG,2026-07-27 13:35:00,2026-07-27 13:40:00,7505.25,7508.5,14.25
"CCI_Reversion(20,100)",LONG,2026-07-27 13:45:00,2026-07-27 14:55:00,7493.5,7444.25,-248.25
"CCI_Reversion(20,100)",LONG,2026-07-27 15:40:00,2026-07-27 15:45:00,7427.75,7432.5,21.75
"CCI_Reversion(20,100)",LONG,2026-07-27 15:50:00,2026-07-27 15:55:00,7427.25,7428.75,5.5
"CCI_Reversion(20,100)",LONG,2026-07-27 17:00:00,2026-07-27 17:25:00,7428.25,7422.0,-33.25
"CCI_Reversion(20,100)",SHORT,2026-07-27 18:55:00,2026-07-27 19:40:00,7443.5,7448.25,-25.75
"CCI_Reversion(20,100)",SHORT,2026-07-27 20:40:00,2026-07-27 20:45:00,7454.25,7452.75,5.5
"CCI_Reversion(20,100)",LONG,2026-07-27 22:30:00,2026-07-27 22:35:00,7445.25,7447.75,10.5
"CCI_Reversion(20,100)",LONG,2026-07-27 22:50:00,2026-07-27 22:55:00,7445.25,7445.25,-2.0
"CCI_Reversion(20,100)",LONG,2026-07-27 23:00:00,2026-07-27 23:10:00,7444.5,7444.5,-2.0
"CCI_Reversion(20,100)",LONG,2026-07-27 23:50:00,2026-07-27 23:55:00,7443.0,7449.25,29.25
"CCI_Reversion(20,100)",SHORT,2026-07-28 00:00:00,2026-07-28 00:10:00,7447.75,7444.5,14.25
"CCI_Reversion(20,100)",LONG,2026-07-28 00:15:00,2026-07-28 00:40:00,7441.5,7442.75,4.25
"CCI_Reversion(20,100)",LONG,2026-07-28 00:50:00,2026-07-28 01:30:00,7439.0,7437.75,-8.25
"CCI_Reversion(20,100)",LONG,2026-07-28 03:10:00,2026-07-28 03:15:00,7425.75,7428.5,11.75
"CCI_Reversion(20,100)",SHORT,2026-07-28 03:25:00,2026-07-28 03:30:00,7436.75,7429.75,33.0
"CCI_Reversion(20,100)",SHORT,2026-07-28 03:40:00,2026-07-28 04:10:00,7438.5,7434.5,18.0
"CCI_Reversion(20,100)",LONG,2026-07-28 05:00:00,2026-07-28 05:05:00,7427.5,7430.25,11.75
"CCI_Reversion(20,100)",LONG,2026-07-28 05:25:00,2026-07-28 05:55:00,7426.5,7423.5,-17.0
"CCI_Reversion(20,100)",LONG,2026-07-28 06:00:00,2026-07-28 06:05:00,7421.25,7420.25,-7.0
"CCI_Reversion(20,100)",SHORT,2026-07-28 07:00:00,2026-07-28 07:35:00,7430.0,7435.75,-30.75
"CCI_Reversion(20,100)",LONG,2026-07-28 08:15:00,2026-07-28 08:20:00,7426.25,7436.25,48.0
"CCI_Reversion(20,100)",SHORT,2026-07-28 08:25:00,2026-07-28 09:00:00,7442.75,7441.75,3.0
"CCI_Reversion(20,100)",LONG,2026-07-28 10:00:00,2026-07-28 10:20:00,7439.5,7442.0,10.5
"CCI_Reversion(20,100)",LONG,2026-07-28 10:25:00,2026-07-28 10:30:00,7439.25,7442.5,14.25
"CCI_Reversion(20,100)",LONG,2026-07-28 10:40:00,2026-07-28 10:50:00,7436.0,7438.75,11.75
"CCI_Reversion(20,100)",LONG,2026-07-28 11:15:00,2026-07-28 11:20:00,7433.5,7446.5,63.0
"CCI_Reversion(20,100)",SHORT,2026-07-28 11:20:00,2026-07-28 11:30:00,7446.5,7437.75,41.75
"CCI_Reversion(20,100)",LONG,2026-07-28 11:45:00,2026-07-28 11:50:00,7437.5,7443.25,26.75
"CCI_Reversion(20,100)",SHORT,2026-07-28 11:55:00,2026-07-28 13:00:00,7444.5,7456.5,-62.0
"CCI_Reversion(20,100)",LONG,2026-07-28 13:35:00,2026-07-28 14:10:00,7439.75,7427.75,-62.0
"CCI_Reversion(20,100)",LONG,2026-07-28 14:15:00,2026-07-28 14:20:00,7423.5,7423.5,-2.0
"CCI_Reversion(20,100)",SHORT,2026-07-28 14:55:00,2026-07-28 15:00:00,7452.0,7444.0,38.0
"CCI_Reversion(20,100)",SHORT,2026-07-28 15:15:00,2026-07-28 16:00:00,7451.5,7479.5,-142.0
"CCI_Reversion(20,100)",SHORT,2026-07-28 16:55:00,2026-07-28 17:10:00,7483.75,7472.75,53.0
"CCI_Reversion(20,100)",LONG,2026-07-28 17:20:00,2026-07-28 17:25:00,7470.25,7470.75,0.5
"CCI_Reversion(20,100)",LONG,2026-07-28 17:45:00,2026-07-28 18:05:00,7465.5,7469.75,19.25
"CCI_Reversion(20,100)",LONG,2026-07-28 18:15:00,2026-07-28 18:35:00,7462.25,7467.25,23.0
"CCI_Reversion(20,100)",SHORT,2026-07-28 19:05:00,2026-07-28 19:15:00,7477.0,7472.5,20.5
"CCI_Reversion(20,100)",SHORT,2026-07-28 19:20:00,2026-07-28 19:30:00,7474.25,7475.25,-7.0
"CCI_Reversion(20,100)",LONG,2026-07-28 20:05:00,2026-07-28 20:15:00,7464.25,7467.25,13.0
"CCI_Reversion(20,100)",SHORT,2026-07-28 22:10:00,2026-07-28 22:15:00,7472.75,7467.25,25.5
"CCI_Reversion(20,100)",LONG,2026-07-28 22:20:00,2026-07-28 23:05:00,7463.0,7455.75,-38.25
"CCI_Reversion(20,100)",SHORT,2026-07-28 23:45:00,2026-07-29 00:20:00,7483.0,7494.5,-59.5
"CCI_Reversion(20,100)",LONG,2026-07-29 01:15:00,2026-07-29 02:15:00,7472.5,7462.75,-50.75
"CCI_Reversion(20,100)",LONG,2026-07-29 03:30:00,2026-07-29 04:40:00,7455.5,7444.75,-55.75
"CCI_Reversion(20,100)",LONG,2026-07-29 04:45:00,2026-07-29 04:55:00,7440.25,7447.75,35.5
"CCI_Reversion(20,100)",SHORT,2026-07-29 05:10:00,2026-07-29 05:45:00,7457.25,7461.25,-22.0
"CCI_Reversion(20,100)",SHORT,2026-07-29 06:35:00,2026-07-29 07:20:00,7468.0,7479.25,-58.25
"CCI_Reversion(20,100)",LONG,2026-07-29 08:20:00,2026-07-29 08:35:00,7474.75,7479.0,19.25
"CCI_Reversion(20,100)",SHORT,2026-07-29 08:50:00,2026-07-29 08:55:00,7484.5,7481.5,13.0
"CCI_Reversion(20,100)",SHORT,2026-07-29 09:50:00,2026-07-29 10:10:00,7486.75,7484.5,9.25
"CCI_Reversion(20,100)",LONG,2026-07-29 10:40:00,2026-07-29 10:45:00,7478.5,7480.75,9.25
"CCI_Reversion(20,100)",LONG,2026-07-29 10:55:00,2026-07-29 11:05:00,7476.75,7479.5,11.75
"CCI_Reversion(20,100)",LONG,2026-07-29 11:40:00,2026-07-29 11:45:00,7477.75,7478.0,-0.75
"CCI_Reversion(20,100)",LONG,2026-07-29 12:10:00,2026-07-29 12:45:00,7474.75,7466.25,-44.5
"CCI_Reversion(20,100)",LONG,2026-07-29 13:15:00,2026-07-29 13:25:00,7454.5,7460.25,26.75
"CCI_Reversion(20,100)",LONG,2026-07-29 13:35:00,2026-07-29 13:40:00,7457.0,7455.75,-8.25
"CCI_Reversion(20,100)",LONG,2026-07-29 13:45:00,2026-07-29 14:55:00,7453.5,7406.0,-239.5
"CCI_Reversion(20,100)",LONG,2026-07-29 15:45:00,2026-07-29 16:25:00,7395.5,7389.25,-33.25
"CCI_Reversion(20,100)",SHORT,2026-07-29 17:05:00,2026-07-29 17:35:00,7414.25,7414.0,-0.75
"CCI_Reversion(20,100)",SHORT,2026-07-29 18:05:00,2026-07-29 18:20:00,7437.0,7425.75,54.25
"CCI_Reversion(20,100)",SHORT,2026-07-29 18:40:00,2026-07-29 19:10:00,7444.25,7439.0,24.25
"CCI_Reversion(20,100)",LONG,2026-07-29 19:30:00,2026-07-29 20:20:00,7405.5,7333.75,-360.75
"CCI_Reversion(20,100)",SHORT,2026-07-29 22:15:00,2026-07-29 22:45:00,7369.25,7372.5,-18.25
"CCI_Reversion(20,100)",SHORT,2026-07-29 23:35:00,2026-07-29 23:45:00,7379.75,7377.25,10.5
"CCI_Reversion(20,100)",SHORT,2026-07-30 00:10:00,2026-07-30 00:20:00,7384.75,7378.0,31.75
"CCI_Reversion(20,100)",LONG,2026-07-30 00:40:00,2026-07-30 00:55:00,7372.0,7376.0,18.0
"CCI_Reversion(20,100)",SHORT,2026-07-30 01:10:00,2026-07-30 01:15:00,7380.5,7378.0,10.5
"CCI_Reversion(20,100)",SHORT,2026-07-30 01:30:00,2026-07-30 02:00:00,7386.0,7389.0,-17.0
"CCI_Reversion(20,100)",LONG,2026-07-30 03:00:00,2026-07-30 03:45:00,7378.5,7375.25,-18.25
"CCI_Reversion(20,100)",LONG,2026-07-30 04:20:00,2026-07-30 04:25:00,7370.75,7373.0,9.25
"CCI_Reversion(20,100)",LONG,2026-07-30 04:45:00,2026-07-30 04:50:00,7369.5,7371.75,9.25
"CCI_Reversion(20,100)",LONG,2026-07-30 04:55:00,2026-07-30 05:20:00,7369.25,7369.75,0.5
"CCI_Reversion(20,100)",LONG,2026-07-30 06:15:00,2026-07-30 06:30:00,7363.5,7364.5,3.0
"CCI_Reversion(20,100)",LONG,2026-07-30 06:35:00,2026-07-30 06:55:00,7362.75,7362.75,-2.0
"CCI_Reversion(20,100)",SHORT,2026-07-30 07:05:00,2026-07-30 07:20:00,7377.0,7367.0,48.0
"CCI_Reversion(20,100)",LONG,2026-07-30 08:05:00,2026-07-30 08:10:00,7358.0,7369.75,56.75
"CCI_Reversion(20,100)",SHORT,2026-07-30 08:30:00,2026-07-30 08:40:00,7376.5,7373.5,13.0
"CCI_Reversion(20,100)",SHORT,2026-07-30 09:15:00,2026-07-30 09:45:00,7380.0,7382.75,-15.75
"CCI_Reversion(20,100)",SHORT,2026-07-30 10:25:00,2026-07-30 10:35:00,7385.5,7385.0,0.5
"CCI_Reversion(20,100)",SHORT,2026-07-30 10:40:00,2026-07-30 10:55:00,7387.25,7385.5,6.75
"CCI_Reversion(20,100)",SHORT,2026-07-30 11:10:00,2026-07-30 12:25:00,7391.75,7402.25,-54.5
"CCI_Reversion(20,100)",SHORT,2026-07-30 13:10:00,2026-07-30 13:15:00,7402.75,7402.5,-0.75
"CCI_Reversion(20,100)",SHORT,2026-07-30 13:20:00,2026-07-30 14:20:00,7407.5,7431.0,-119.5
"CCI_Reversion(20,100)",LONG,2026-07-30 15:15:00,2026-07-30 15:35:00,7401.5,7413.75,59.25
"CCI_Reversion(20,100)",SHORT,2026-07-30 16:10:00,2026-07-30 16:35:00,7434.75,7441.25,-34.5
"CCI_Reversion(20,100)",SHORT,2026-07-30 17:05:00,2026-07-30 17:35:00,7453.75,7449.5,19.25
"CCI_Reversion(20,100)",SHORT,2026-07-30 18:25:00,2026-07-30 18:40:00,7456.75,7454.75,8.0
"CCI_Reversion(20,100)",SHORT,2026-07-30 18:50:00,2026-07-30 19:35:00,7459.0,7471.75,-65.75
"CCI_Reversion(20,100)",SHORT,2026-07-30 20:05:00,2026-07-30 20:35:00,7492.0,7484.75,34.25
"CCI_Reversion(20,100)",SHORT,2026-07-30 23:05:00,2026-07-30 23:15:00,7488.5,7482.75,26.75
"CCI_Reversion(20,100)",SHORT,2026-07-30 23:45:00,2026-07-31 00:05:00,7487.75,7489.5,-10.75
"CCI_Reversion(20,100)",SHORT,2026-07-31 00:10:00,2026-07-31 00:45:00,7491.75,7497.0,-28.25
"CCI_Reversion(20,100)",SHORT,2026-07-31 01:05:00,2026-07-31 01:35:00,7499.25,7501.25,-12.0
"CCI_Reversion(20,100)",LONG,2026-07-31 02:20:00,2026-07-31 03:00:00,7492.0,7492.75,1.75
"CCI_Reversion(20,100)",SHORT,2026-07-31 03:35:00,2026-07-31 03:50:00,7496.75,7493.25,15.5
"CCI_Reversion(20,100)",SHORT,2026-07-31 04:05:00,2026-07-31 04:15:00,7497.75,7498.0,-3.25
"CCI_Reversion(20,100)",SHORT,2026-07-31 04:20:00,2026-07-31 05:10:00,7500.75,7509.0,-43.25
"CCI_Reversion(20,100)",SHORT,2026-07-31 06:15:00,2026-07-31 06:25:00,7510.5,7507.75,11.75
"CCI_Reversion(20,100)",LONG,2026-07-31 06:35:00,2026-07-31 07:10:00,7500.0,7501.5,5.5
"CCI_Reversion(20,100)",SHORT,2026-07-31 08:15:00,2026-07-31 08:40:00,7510.5,7508.0,10.5
"CCI_Reversion(20,100)",SHORT,2026-07-31 09:00:00,2026-07-31 09:25:00,7513.0,7514.0,-7.0
"CCI_Reversion(20,100)",LONG,2026-07-31 09:40:00,2026-07-31 10:15:00,7505.5,7507.5,8.0
"CCI_Reversion(20,100)",SHORT,2026-07-31 11:10:00,2026-07-31 11:15:00,7509.5,7507.0,10.5
"CCI_Reversion(20,100)",LONG,2026-07-31 11:20:00,2026-07-31 11:55:00,7503.0,7499.5,-19.5
"CCI_Reversion(20,100)",LONG,2026-07-31 12:05:00,2026-07-31 12:30:00,7494.25,7489.0,-28.25
"CCI_Reversion(20,100)",LONG,2026-07-31 12:35:00,2026-07-31 13:05:00,7485.5,7485.75,-0.75
"CCI_Reversion(20,100)",SHORT,2026-07-31 13:30:00,2026-07-31 13:45:00,7498.75,7483.0,76.75
"CCI_Reversion(20,100)",LONG,2026-07-31 13:50:00,2026-07-31 14:30:00,7474.25,7456.0,-93.25
"CCI_Reversion(20,100)",SHORT,2026-07-31 16:00:00,2026-07-31 16:50:00,7482.5,7497.25,-75.75
"CCI_Reversion(20,100)",SHORT,2026-07-31 16:55:00,2026-07-31 17:00:00,7497.5,7497.5,-2.0
"CCI_Reversion(20,100)",SHORT,2026-07-31 17:20:00,2026-07-31 17:45:00,7506.25,7510.0,-20.75
"CCI_Reversion(20,100)",SHORT,2026-07-31 18:25:00,2026-07-31 18:30:00,7515.25,7512.0,14.25
"CCI_Reversion(20,100)",SHORT,2026-07-31 18:55:00,2026-07-31 19:00:00,7513.75,7512.75,3.0
"CCI_Reversion(20,100)",SHORT,2026-07-31 19:15:00,2026-07-31 20:00:00,7514.75,7520.25,-29.5
"CCI_Reversion(20,100)",LONG,2026-07-31 20:55:00,2026-08-02 22:15:00,7511.25,7555.5,219.25
"CCI_Reversion(20,100)",SHORT,2026-08-02 22:15:00,2026-08-02 22:45:00,7555.5,7549.0,30.5
"CCI_Reversion(20,100)",SHORT,2026-08-03 00:15:00,2026-08-03 00:25:00,7553.75,7548.5,24.25
"CCI_Reversion(20,100)",SHORT,2026-08-03 00:40:00,2026-08-03 00:45:00,7552.25,7549.5,11.75
"CCI_Reversion(20,100)",SHORT,2026-08-03 00:55:00,2026-08-03 01:15:00,7553.25,7551.75,5.5
"CCI_Reversion(20,100)",SHORT,2026-08-03 01:30:00,2026-08-03 01:40:00,7555.0,7555.25,-3.25
"CCI_Reversion(20,100)",SHORT,2026-08-03 01:45:00,2026-08-03 02:30:00,7557.0,7557.0,-2.0
"CCI_Reversion(20,100)",SHORT,2026-08-03 03:00:00,2026-08-03 03:25:00,7560.5,7559.0,5.5
"CCI_Reversion(20,100)",SHORT,2026-08-03 03:40:00,2026-08-03 04:05:00,7561.75,7561.25,0.5
"CCI_Reversion(20,100)",SHORT,2026-08-03 04:20:00,2026-08-03 04:55:00,7563.0,7564.25,-8.25
"CCI_Reversion(20,100)",LONG,2026-08-03 05:55:00,2026-08-03 06:05:00,7561.0,7564.75,16.75
"CCI_Reversion(20,100)",LONG,2026-08-03 06:30:00,2026-08-03 07:10:00,7559.75,7558.0,-10.75
"CCI_Reversion(20,100)",LONG,2026-08-03 07:20:00,2026-08-03 07:30:00,7554.75,7556.75,8.0
"CCI_Reversion(20,100)",LONG,2026-08-03 07:45:00,2026-08-03 07:50:00,7553.75,7556.5,11.75
"CCI_Reversion(20,100)",LONG,2026-08-03 08:05:00,2026-08-03 08:40:00,7552.25,7555.5,14.25
"CCI_Reversion(20,100)",SHORT,2026-08-03 09:00:00,2026-08-03 09:05:00,7559.5,7556.25,14.25
"CCI_Reversion(20,100)",SHORT,2026-08-03 10:15:00,2026-08-03 11:05:00,7558.25,7560.75,-14.5
"CCI_Reversion(20,100)",SHORT,2026-08-03 11:25:00,2026-08-03 11:30:00,7561.25,7561.5,-3.25
"CCI_Reversion(20,100)",SHORT,2026-08-03 11:35:00,2026-08-03 11:45:00,7565.75,7563.75,8.0
"CCI_Reversion(20,100)",LONG,2026-08-03 12:00:00,2026-08-03 12:30:00,7557.25,7558.5,4.25
"CCI_Reversion(20,100)",SHORT,2026-08-03 12:45:00,2026-08-03 12:55:00,7565.75,7565.0,1.75
"CCI_Reversion(20,100)",LONG,2026-08-03 13:30:00,2026-08-03 13:35:00,7546.0,7559.25,64.25
"CCI_Reversion(20,100)",SHORT,2026-08-03 13:50:00,2026-08-03 14:50:00,7570.75,7600.75,-152.0
"CCI_Reversion(20,100)",SHORT,2026-08-03 15:25:00,2026-08-03 15:30:00,7607.75,7603.0,21.75
"CCI_Reversion(20,100)",SHORT,2026-08-03 15:45:00,2026-08-03 16:15:00,7608.5,7611.25,-15.75
"CCI_Reversion(20,100)",SHORT,2026-08-03 16:20:00,2026-08-03 16:40:00,7614.25,7614.5,-3.25
"CCI_Reversion(20,100)",SHORT,2026-08-03 17:15:00,2026-08-03 18:25:00,7616.75,7631.0,-73.25
"CCI_Reversion(20,100)",SHORT,2026-08-03 19:05:00,2026-08-03 19:15:00,7637.0,7633.5,15.5
"CCI_Reversion(20,100)",SHORT,2026-08-03 19:20:00,2026-08-03 19:35:00,7635.5,7635.5,-2.0
"CCI_Reversion(20,100)",LONG,2026-08-03 20:00:00,2026-08-03 20:10:00,7628.25,7631.5,14.25
"CCI_Reversion(20,100)",SHORT,2026-08-03 22:45:00,2026-08-03 23:00:00,7636.0,7635.25,1.75
"CCI_Reversion(20,100)",LONG,2026-08-03 23:45:00,2026-08-03 23:50:00,7633.0,7635.0,8.0
"CCI_Reversion(20,100)",SHORT,2026-08-04 00:10:00,2026-08-04 00:15:00,7636.25,7634.0,9.25
"CCI_Reversion(20,100)",LONG,2026-08-04 00:20:00,2026-08-04 00:40:00,7632.0,7634.5,10.5
"CCI_Reversion(20,100)",LONG,2026-08-04 01:05:00,2026-08-04 01:10:00,7631.0,7633.5,10.5
"CCI_Reversion(20,100)",SHORT,2026-08-04 01:30:00,2026-08-04 02:10:00,7636.25,7642.25,-32.0
"CCI_Reversion(20,100)",SHORT,2026-08-04 03:35:00,2026-08-04 03:45:00,7645.0,7642.75,9.25
"CCI_Reversion(20,100)",SHORT,2026-08-04 04:05:00,2026-08-04 04:10:00,7644.0,7643.75,-0.75
"CCI_Reversion(20,100)",SHORT,2026-08-04 04:25:00,2026-08-04 04:40:00,7645.25,7645.0,-0.75
"CCI_Reversion(20,100)",SHORT,2026-08-04 05:35:00,2026-08-04 06:25:00,7646.25,7647.75,-9.5
"CCI_Reversion(20,100)",LONG,2026-08-04 06:45:00,2026-08-04 07:05:00,7644.0,7646.5,10.5
"CCI_Reversion(20,100)",LONG,2026-08-04 07:10:00,2026-08-04 07:20:00,7642.25,7643.25,3.0
"CCI_Reversion(20,100)",LONG,2026-08-04 08:35:00,2026-08-04 09:30:00,7639.5,7634.25,-28.25
"CCI_Reversion(20,100)",SHORT,2026-08-04 10:15:00,2026-08-04 10:20:00,7638.5,7637.0,5.5
"CCI_Reversion(20,100)",SHORT,2026-08-04 10:35:00,2026-08-04 11:10:00,7640.5,7642.25,-10.75
"CCI_Reversion(20,100)",SHORT,2026-08-04 11:25:00,2026-08-04 12:15:00,7645.0,7651.75,-35.75
"CCI_Reversion(20,100)",SHORT,2026-08-04 13:25:00,2026-08-04 14:30:00,7657.5,7696.75,-198.25
"CCI_Reversion(20,100)",SHORT,2026-08-04 14:40:00,2026-08-04 14:55:00,7704.0,7711.0,-37.0
"CCI_Reversion(20,100)",SHORT,2026-08-04 15:00:00,2026-08-04 16:10:00,7715.5,7735.75,-103.25
"CCI_Reversion(20,100)",SHORT,2026-08-04 16:25:00,2026-08-04 17:35:00,7744.5,7766.0,-109.5
"CCI_Reversion(20,100)",SHORT,2026-08-04 17:40:00,2026-08-04 17:55:00,7771.0,7771.0,-2.0
"CCI_Reversion(20,100)",SHORT,2026-08-04 19:05:00,2026-08-04 19:30:00,7780.0,7775.0,23.0
"CCI_Reversion(20,100)",SHORT,2026-08-04 19:45:00,2026-08-04 19:55:00,7784.25,7769.25,73.0
"CCI_Reversion(20,100)",LONG,2026-08-04 20:00:00,2026-08-04 20:05:00,7763.75,7774.25,50.5
"CCI_Reversion(20,100)",LONG,2026-08-04 20:20:00,2026-08-04 20:40:00,7764.0,7766.75,11.75
"CCI_Reversion(20,100)",SHORT,2026-08-04 22:20:00,2026-08-04 22:45:00,7779.75,7778.25,5.5
"CCI_Reversion(20,100)",SHORT,2026-08-05 00:30:00,2026-08-05 00:40:00,7783.5,7782.0,5.5
"CCI_Reversion(20,100)",SHORT,2026-08-05 01:00:00,2026-08-05 01:05:00,7784.25,7780.25,18.0
"CCI_Reversion(20,100)",SHORT,2026-08-05 01:50:00,2026-08-05 02:30:00,7784.5,7785.0,-4.5
"CCI_Reversion(20,100)",SHORT,2026-08-05 02:50:00,2026-08-05 03:30:00,7787.25,7787.5,-3.25
"CCI_Reversion(20,100)",SHORT,2026-08-05 03:45:00,2026-08-05 03:50:00,7791.25,7790.75,0.5
"CCI_Reversion(20,100)",SHORT,2026-08-05 03:55:00,2026-08-05 04:15:00,7791.5,7791.0,0.5
"CCI_Reversion(20,100)",SHORT,2026-08-05 05:10:00,2026-08-05 05:35:00,7793.5,7794.25,-5.75
"CCI_Reversion(20,100)",SHORT,2026-08-05 05:45:00,2026-08-05 06:20:00,7796.0,7797.25,-8.25
"CCI_Reversion(20,100)",LONG,2026-08-05 07:15:00,2026-08-05 07:20:00,7794.0,7793.25,-5.75
"CCI_Reversion(20,100)",LONG,2026-08-05 07:25:00,2026-08-05 07:50:00,7792.75,7791.25,-9.5
"CCI_Reversion(20,100)",LONG,2026-08-05 08:15:00,2026-08-05 09:00:00,7787.75,7784.25,-19.5
"CCI_Reversion(20,100)",SHORT,2026-08-05 10:20:00,2026-08-05 11:30:00,7791.0,7794.5,-19.5
"CCI_Reversion(20,100)",SHORT,2026-08-05 12:05:00,2026-08-05 12:35:00,7799.5,7801.25,-10.75
"CCI_Reversion(20,100)",SHORT,2026-08-05 12:40:00,2026-08-05 12:45:00,7801.75,7802.25,-4.5
"CCI_Reversion(20,100)",SHORT,2026-08-05 13:10:00,2026-08-05 13:25:00,7807.75,7803.75,18.0
"CCI_Reversion(20,100)",SHORT,2026-08-05 13:30:00,2026-08-05 13:50:00,7809.75,7805.5,19.25
"CCI_Reversion(20,100)",SHORT,2026-08-05 14:00:00,2026-08-05 14:05:00,7818.0,7810.0,38.0
"CCI_Reversion(20,100)",LONG,2026-08-05 14:35:00,2026-08-05 16:20:00,7798.0,7757.5,-204.5
"CCI_Reversion(20,100)",SHORT,2026-08-05 18:05:00,2026-08-05 18:25:00,7773.0,7770.25,11.75
"CCI_Reversion(20,100)",LONG,2026-08-05 19:40:00,2026-08-05 19:55:00,7764.0,7766.25,9.25
"CCI_Reversion(20,100)",LONG,2026-08-05 20:00:00,2026-08-05 20:25:00,7748.0,7757.75,46.75
"CCI_Reversion(20,100)",SHORT,2026-08-05 22:25:00,2026-08-05 22:55:00,7767.25,7765.25,8.0
"CCI_Reversion(20,100)",LONG,2026-08-05 23:50:00,2026-08-06 00:25:00,7761.25,7762.25,3.0
"CCI_Reversion(20,100)",LONG,2026-08-06 00:30:00,2026-08-06 00:40:00,7758.25,7759.25,3.0
"CCI_Reversion(20,100)",LONG,2026-08-06 00:55:00,2026-08-06 01:40:00,7757.75,7753.25,-24.5
"CCI_Reversion(20,100)",LONG,2026-08-06 01:45:00,2026-08-06 01:50:00,7750.75,7755.25,20.5
"CCI_Reversion(20,100)",SHORT,2026-08-06 02:10:00,2026-08-06 03:00:00,7761.25,7765.0,-20.75
"CCI_Reversion(20,100)",SHORT,2026-08-06 05:05:00,2026-08-06 05:15:00,7763.75,7763.75,-2.0
"CCI_Reversion(20,100)",SHORT,2026-08-06 05:25:00,2026-08-06 05:30:00,7763.5,7763.5,-2.0
"CCI_Reversion(20,100)",SHORT,2026-08-06 06:00:00,2026-08-06 06:05:00,7765.25,7762.25,13.0
"CCI_Reversion(20,100)",LONG,2026-08-06 06:10:00,2026-08-06 06:30:00,7760.5,7761.0,0.5
"CCI_Reversion(20,100)",LONG,2026-08-06 06:40:00,2026-08-06 06:55:00,7757.5,7757.75,-0.75
"CCI_Reversion(20,100)",LONG,2026-08-06 07:45:00,2026-08-06 07:50:00,7756.25,7758.25,8.0
"CCI_Reversion(20,100)",LONG,2026-08-06 08:05:00,2026-08-06 08:25:00,7752.5,7755.25,11.75
"CCI_Reversion(20,100)",SHORT,2026-08-06 08:55:00,2026-08-06 09:05:00,7765.0,7759.5,25.5
"CCI_Reversion(20,100)",SHORT,2026-08-06 09:55:00,2026-08-06 10:10:00,7765.25,7764.5,1.75
"CCI_Reversion(20,100)",LONG,2026-08-06 11:05:00,2026-08-06 11:20:00,7754.75,7760.0,24.25
"CCI_Reversion(20,100)",LONG,2026-08-06 11:55:00,2026-08-06 12:00:00,7756.0,7759.5,15.5
"CCI_Reversion(20,100)",LONG,2026-08-06 12:15:00,2026-08-06 12:25:00,7754.25,7758.0,16.75
"CCI_Reversion(20,100)",LONG,2026-08-06 13:00:00,2026-08-06 13:25:00,7754.25,7751.75,-14.5
"CCI_Reversion(20,100)",LONG,2026-08-06 13:35:00,2026-08-06 13:40:00,7749.0,7747.0,-12.0
"CCI_Reversion(20,100)",SHORT,2026-08-06 13:50:00,2026-08-06 14:00:00,7763.0,7759.5,15.5
"CCI_Reversion(20,100)",SHORT,2026-08-06 14:10:00,2026-08-06 14:30:00,7764.5,7755.0,45.5
"CCI_Reversion(20,100)",LONG,2026-08-06 15:20:00,2026-08-06 15:50:00,7739.5,7741.75,9.25
"CCI_Reversion(20,100)",LONG,2026-08-06 15:55:00,2026-08-06 16:10:00,7730.75,7732.75,8.0
"CCI_Reversion(20,100)",LONG,2026-08-06 17:30:00,2026-08-06 17:35:00,7728.0,7730.5,10.5
"CCI_Reversion(20,100)",SHORT,2026-08-06 18:05:00,2026-08-06 18:35:00,7738.5,7740.5,-12.0
"CCI_Reversion(20,100)",SHORT,2026-08-06 19:05:00,2026-08-06 19:20:00,7745.5,7741.75,16.75
"CCI_Reversion(20,100)",LONG,2026-08-06 19:40:00,2026-08-06 20:00:00,7735.0,7735.5,0.5
"CCI_Reversion(20,100)",LONG,2026-08-06 20:25:00,2026-08-06 20:55:00,7731.75,7731.0,-5.75
"CCI_Reversion(20,100)",SHORT,2026-08-06 22:15:00,2026-08-06 22:25:00,7739.25,7737.75,5.5
"CCI_Reversion(20,100)",SHORT,2026-08-06 23:50:00,2026-08-07 00:00:00,7740.75,7740.0,1.75
"CCI_Reversion(20,100)",SHORT,2026-08-07 00:05:00,2026-08-07 00:10:00,7741.5,7738.0,15.5
"CCI_Reversion(20,100)",LONG,2026-08-07 00:20:00,2026-08-07 00:35:00,7732.5,7739.25,31.75
"CCI_Reversion(20,100)",LONG,2026-08-07 00:45:00,2026-08-07 00:55:00,7734.75,7735.25,0.5
"CCI_Reversion(20,100)",LONG,2026-08-07 01:20:00,2026-08-07 01:30:00,7729.75,7733.75,18.0
"CCI_Reversion(20,100)",LONG,2026-08-07 02:40:00,2026-08-07 02:50:00,7727.75,7733.0,24.25
"CCI_Reversion(20,100)",LONG,2026-08-07 03:20:00,2026-08-07 03:30:00,7729.5,7730.5,3.0
"CCI_Reversion(20,100)",LONG,2026-08-07 04:15:00,2026-08-07 04:25:00,7728.25,7731.5,14.25
"CCI_Reversion(20,100)",SHORT,2026-08-07 05:00:00,2026-08-07 05:35:00,7731.5,7733.25,-10.75
"CCI_Reversion(20,100)",SHORT,2026-08-07 06:10:00,2026-08-07 06:40:00,7735.75,7736.75,-7.0
"CCI_Reversion(20,100)",SHORT,2026-08-07 07:10:00,2026-08-07 07:35:00,7740.25,7740.0,-0.75
"CCI_Reversion(20,100)",SHORT,2026-08-07 07:45:00,2026-08-07 07:50:00,7740.75,7740.5,-0.75
"CCI_Reversion(20,100)",SHORT,2026-08-07 08:05:00,2026-08-07 08:25:00,7743.25,7743.5,-3.25
"CCI_Reversion(20,100)",SHORT,2026-08-07 08:30:00,2026-08-07 08:40:00,7744.25,7743.5,1.75
"CCI_Reversion(20,100)",SHORT,2026-08-07 09:05:00,2026-08-07 09:10:00,7745.5,7745.25,-0.75
"CCI_Reversion(20,100)",SHORT,2026-08-07 09:15:00,2026-08-07 09:20:00,7747.0,7745.5,5.5
"CCI_Reversion(20,100)",SHORT,2026-08-07 09:25:00,2026-08-07 09:45:00,7748.25,7747.25,3.0
"CCI_Reversion(20,100)",SHORT,2026-08-07 10:40:00,2026-08-07 10:50:00,7748.0,7746.75,4.25
"CCI_Reversion(20,100)",SHORT,2026-08-07 11:05:00,2026-08-07 11:55:00,7749.25,7752.5,-18.25
"CCI_Reversion(20,100)",SHORT,2026-08-07 12:35:00,2026-08-07 13:05:00,7766.0,7766.75,-5.75
"CCI_Reversion(20,100)",LONG,2026-08-07 14:05:00,2026-08-07 14:20:00,7751.5,7765.75,69.25
"CCI_Reversion(20,100)",SHORT,2026-08-07 14:30:00,2026-08-07 14:40:00,7779.25,7766.5,61.75
"CCI_Reversion(20,100)",SHORT,2026-08-07 15:00:00,2026-08-07 15:05:00,7776.5,7775.25,4.25
"CCI_Reversion(20,100)",SHORT,2026-08-07 15:10:00,2026-08-07 15:20:00,7777.25,7776.25,3.0
"CCI_Reversion(20,100)",SHORT,2026-08-07 15:25:00,2026-08-07 15:40:00,7783.0,7781.75,4.25
"CCI_Reversion(20,100)",LONG,2026-08-07 16:30:00,2026-08-07 16:45:00,7764.75,7773.5,41.75
"CCI_Reversion(20,100)",LONG,2026-08-07 17:00:00,2026-08-07 17:05:00,7767.0,7767.75,1.75
"CCI_Reversion(20,100)",LONG,2026-08-07 18:15:00,2026-08-07 18:55:00,7763.25,7760.75,-14.5
"CCI_Reversion(20,100)",SHORT,2026-08-07 19:10:00,2026-08-07 19:35:00,7774.25,7775.25,-7.0
"CCI_Reversion(20,100)",SHORT,2026-08-09 22:10:00,2026-08-09 22:15:00,7772.0,7768.25,16.75
"CCI_Reversion(20,100)",LONG,2026-08-09 22:15:00,2026-08-09 22:45:00,7768.25,7768.75,0.5
"CCI_Reversion(20,100)",LONG,2026-08-10 00:05:00,2026-08-10 00:10:00,7768.5,7775.25,31.75
"CCI_Reversion(20,100)",SHORT,2026-08-10 00:10:00,2026-08-10 00:25:00,7775.25,7772.0,14.25
"CCI_Reversion(20,100)",SHORT,2026-08-10 01:10:00,2026-08-10 01:35:00,7774.5,7777.5,-17.0
"CCI_Reversion(20,100)",SHORT,2026-08-10 01:40:00,2026-08-10 02:00:00,7780.0,7780.75,-5.75
"CCI_Reversion(20,100)",SHORT,2026-08-10 02:45:00,2026-08-10 03:05:00,7782.75,7781.75,3.0
"CCI_Reversion(20,100)",SHORT,2026-08-10 03:20:00,2026-08-10 03:30:00,7782.75,7782.75,-2.0
"CCI_Reversion(20,100)",SHORT,2026-08-10 03:35:00,2026-08-10 04:00:00,7784.25,7783.5,1.75
"CCI_Reversion(20,100)",SHORT,2026-08-10 04:15:00,2026-08-10 04:35:00,7786.0,7786.25,-3.25
"CCI_Reversion(20,100)",SHORT,2026-08-10 04:50:00,2026-08-10 05:00:00,7787.0,7787.5,-4.5
"CCI_Reversion(20,100)",SHORT,2026-08-10 05:05:00,2026-08-10 05:30:00,7789.0,7789.0,-2.0
"CCI_Reversion(20,100)",SHORT,2026-08-10 06:00:00,2026-08-10 06:25:00,7790.75,7787.25,15.5
"CCI_Reversion(20,100)",LONG,2026-08-10 06:30:00,2026-08-10 06:55:00,7785.25,7786.5,4.25
"CCI_Reversion(20,100)",LONG,2026-08-10 07:15:00,2026-08-10 07:20:00,7785.5,7787.5,8.0
"CCI_Reversion(20,100)",SHORT,2026-08-10 07:35:00,2026-08-10 07:50:00,7792.0,7790.25,6.75
"CCI_Reversion(20,100)",SHORT,2026-08-10 09:30:00,2026-08-10 09:40:00,7792.25,7790.25,8.0
"CCI_Reversion(20,100)",LONG,2026-08-10 09:45:00,2026-08-10 10:05:00,7789.75,7790.75,3.0
"CCI_Reversion(20,100)",LONG,2026-08-10 10:15:00,2026-08-10 10:25:00,7786.75,7790.75,18.0
"CCI_Reversion(20,100)",LONG,2026-08-10 10:40:00,2026-08-10 11:30:00,7786.0,7785.75,-3.25
"CCI_Reversion(20,100)",LONG,2026-08-10 12:20:00,2026-08-10 13:05:00,7779.75,7775.5,-23.25
"CCI_Reversion(20,100)",SHORT,2026-08-10 14:00:00,2026-08-10 14:55:00,7780.75,7785.0,-23.25
"CCI_Reversion(20,100)",LONG,2026-08-10 15:40:00,2026-08-10 15:45:00,7779.0,7784.5,25.5
"CCI_Reversion(20,100)",LONG,2026-08-10 16:35:00,2026-08-10 17:00:00,7773.75,7776.25,10.5
"CCI_Reversion(20,100)",LONG,2026-08-10 18:35:00,2026-08-10 18:45:00,7772.0,7775.25,14.25
"CCI_Reversion(20,100)",SHORT,2026-08-10 19:00:00,2026-08-10 19:30:00,7778.75,7776.0,11.75
"CCI_Reversion(20,100)",LONG,2026-08-10 20:20:00,2026-08-10 20:30:00,7773.5,7776.0,10.5
"CCI_Reversion(20,100)",SHORT,2026-08-10 22:05:00,2026-08-10 22:15:00,7779.0,7777.75,4.25
"CCI_Reversion(20,100)",LONG,2026-08-10 22:35:00,2026-08-10 23:00:00,7772.25,7773.5,4.25
"CCI_Reversion(20,100)",LONG,2026-08-10 23:25:00,2026-08-10 23:40:00,7770.5,7770.5,-2.0
"CCI_Reversion(20,100)",LONG,2026-08-10 23:55:00,2026-08-11 00:10:00,7769.25,7771.0,6.75
"CCI_Reversion(20,100)",SHORT,2026-08-11 00:15:00,2026-08-11 01:05:00,7776.25,7779.25,-17.0
"CCI_Reversion(20,100)",SHORT,2026-08-11 01:15:00,2026-08-11 01:40:00,7785.0,7783.75,4.25
"CCI_Reversion(20,100)",SHORT,2026-08-11 01:50:00,2026-08-11 01:55:00,7786.0,7785.5,0.5
"CCI_Reversion(20,100)",SHORT,2026-08-11 02:35:00,2026-08-11 02:40:00,7785.75,7785.25,0.5
"CCI_Reversion(20,100)",SHORT,2026-08-11 02:45:00,2026-08-11 02:55:00,7786.25,7785.25,3.0
"CCI_Reversion(20,100)",SHORT,2026-08-11 03:10:00,2026-08-11 03:15:00,7786.25,7786.0,-0.75
"CCI_Reversion(20,100)",SHORT,2026-08-11 03:25:00,2026-08-11 03:50:00,7788.5,7787.0,5.5
"CCI_Reversion(20,100)",SHORT,2026-08-11 04:35:00,2026-08-11 04:40:00,7787.75,7788.25,-4.5
"CCI_Reversion(20,100)",LONG,2026-08-11 05:05:00,2026-08-11 05:10:00,7786.75,7787.75,3.0
"CCI_Reversion(20,100)",SHORT,2026-08-11 05:15:00,2026-08-11 05:20:00,7788.75,7786.25,10.5
"CCI_Reversion(20,100)",LONG,2026-08-11 05:25:00,2026-08-11 06:10:00,7785.25,7783.0,-13.25
"CCI_Reversion(20,100)",LONG,2026-08-11 06:20:00,2026-08-11 06:45:00,7779.0,7777.25,-10.75
"CCI_Reversion(20,100)",LONG,2026-08-11 06:50:00,2026-08-11 07:05:00,7775.25,7775.25,-2.0
"CCI_Reversion(20,100)",LONG,2026-08-11 07:25:00,2026-08-11 07:30:00,7771.75,7773.0,4.25
"CCI_Reversion(20,100)",SHORT,2026-08-11 08:05:00,2026-08-11 08:10:00,7777.25,7773.75,15.5
"CCI_Reversion(20,100)",LONG,2026-08-11 08:15:00,2026-08-11 08:30:00,7771.5,7772.75,4.25
"CCI_Reversion(20,100)",SHORT,2026-08-11 08:50:00,2026-08-11 08:55:00,7776.25,7776.25,-2.0
"CCI_Reversion(20,100)",SHORT,2026-08-11 09:25:00,2026-08-11 09:30:00,7776.25,7776.75,-4.5
"CCI_Reversion(20,100)",SHORT,2026-08-11 09:35:00,2026-08-11 09:55:00,7778.0,7778.0,-2.0
"CCI_Reversion(20,100)",SHORT,2026-08-11 10:25:00,2026-08-11 11:25:00,7782.25,7787.25,-27.0
"CCI_Reversion(20,100)",SHORT,2026-08-11 12:15:00,2026-08-11 12:25:00,7792.75,7786.5,29.25
"CCI_Reversion(20,100)",SHORT,2026-08-11 13:30:00,2026-08-11 13:35:00,7791.75,7780.75,53.0
"CCI_Reversion(20,100)",LONG,2026-08-11 13:35:00,2026-08-11 14:00:00,7780.75,7782.25,5.5
"CCI_Reversion(20,100)",LONG,2026-08-11 15:10:00,2026-08-11 16:00:00,7773.5,7765.5,-42.0
"CCI_Reversion(20,100)",LONG,2026-08-11 16:35:00,2026-08-11 16:40:00,7760.75,7764.0,14.25
"CCI_Reversion(20,100)",LONG,2026-08-11 16:45:00,2026-08-11 17:30:00,7761.25,7753.75,-39.5
"CCI_Reversion(20,100)",LONG,2026-08-11 18:25:00,2026-08-11 18:50:00,7750.5,7748.75,-10.75
"CCI_Reversion(20,100)",SHORT,2026-08-11 19:40:00,2026-08-11 19:45:00,7756.5,7752.75,16.75
"CCI_Reversion(20,100)",SHORT,2026-08-11 20:25:00,2026-08-11 20:50:00,7755.5,7754.25,4.25
"CCI_Reversion(20,100)",LONG,2026-08-11 22:50:00,2026-08-11 22:55:00,7752.25,7753.25,3.0
"CCI_Reversion(20,100)",SHORT,2026-08-11 23:55:00,2026-08-12 00:05:00,7755.0,7751.5,15.5
"CCI_Reversion(20,100)",LONG,2026-08-12 00:10:00,2026-08-12 00:20:00,7750.0,7754.0,18.0
"CCI_Reversion(20,100)",SHORT,2026-08-12 00:25:00,2026-08-12 00:30:00,7754.25,7752.75,5.5
"CCI_Reversion(20,100)",LONG,2026-08-12 00:55:00,2026-08-12 01:00:00,7751.25,7752.5,4.25
"CCI_Reversion(20,100)",LONG,2026-08-12 01:20:00,2026-08-12 01:45:00,7750.75,7752.25,5.5
"CCI_Reversion(20,100)",LONG,2026-08-12 02:00:00,2026-08-12 02:05:00,7749.75,7750.5,1.75
"CCI_Reversion(20,100)",SHORT,2026-08-12 02:35:00,2026-08-12 03:20:00,7753.25,7755.25,-12.0
"CCI_Reversion(20,100)",SHORT,2026-08-12 04:30:00,2026-08-12 04:35:00,7756.25,7755.0,4.25
"CCI_Reversion(20,100)",SHORT,2026-08-12 04:50:00,2026-08-12 05:10:00,7757.5,7756.0,5.5
"CCI_Reversion(20,100)",LONG,2026-08-12 05:25:00,2026-08-12 05:30:00,7754.25,7755.5,4.25
"CCI_Reversion(20,100)",SHORT,2026-08-12 06:05:00,2026-08-12 06:10:00,7757.5,7757.0,0.5
"CCI_Reversion(20,100)",SHORT,2026-08-12 06:40:00,2026-08-12 06:45:00,7758.25,7756.75,5.5
"CCI_Reversion(20,100)",SHORT,2026-08-12 06:50:00,2026-08-12 07:25:00,7758.0,7758.25,-3.25
"CCI_Reversion(20,100)",SHORT,2026-08-12 08:05:00,2026-08-12 08:35:00,7761.5,7758.25,14.25
"CCI_Reversion(20,100)",SHORT,2026-08-12 08:55:00,2026-08-12 09:50:00,7763.25,7768.75,-29.5
"CCI_Reversion(20,100)",LONG,2026-08-12 10:50:00,2026-08-12 11:05:00,7765.0,7767.0,8.0
"CCI_Reversion(20,100)",LONG,2026-08-12 11:20:00,2026-08-12 11:30:00,7765.25,7766.0,1.75
"CCI_Reversion(20,100)",SHORT,2026-08-12 12:00:00,2026-08-12 12:10:00,7770.5,7768.75,6.75
"CCI_Reversion(20,100)",SHORT,2026-08-12 12:20:00,2026-08-12 13:35:00,7770.5,7775.0,-24.5
"CCI_Reversion(20,100)",LONG,2026-08-12 14:00:00,2026-08-12 14:20:00,7770.5,7769.5,-7.0
"CCI_Reversion(20,100)",LONG,2026-08-12 14:35:00,2026-08-12 14:40:00,7765.25,7772.5,34.25
"CCI_Reversion(20,100)",LONG,2026-08-12 15:05:00,2026-08-12 15:15:00,7763.0,7766.0,13.0
"CCI_Reversion(20,100)",LONG,2026-08-12 15:25:00,2026-08-12 15:30:00,7763.75,7768.25,20.5
"CCI_Reversion(20,100)",LONG,2026-08-12 15:40:00,2026-08-12 15:50:00,7761.0,7766.25,24.25
"CCI_Reversion(20,100)",SHORT,2026-08-12 16:25:00,2026-08-12 16:35:00,7770.25,7766.25,18.0
"CCI_Reversion(20,100)",SHORT,2026-08-12 16:40:00,2026-08-12 17:15:00,7772.0,7774.75,-15.75
"CCI_Reversion(20,100)",SHORT,2026-08-12 18:15:00,2026-08-12 19:00:00,7775.5,7774.75,1.75
"CCI_Reversion(20,100)",LONG,2026-08-12 19:45:00,2026-08-12 20:05:00,7773.25,7774.5,4.25
"CCI_Reversion(20,100)",LONG,2026-08-12 20:25:00,2026-08-12 20:55:00,7769.5,7767.5,-12.0
"CCI_Reversion(20,100)",SHORT,2026-08-12 23:05:00,2026-08-12 23:35:00,7769.75,7770.0,-3.25
"CCI_Reversion(20,100)",SHORT,2026-08-12 23:40:00,2026-08-12 23:45:00,7771.25,7771.0,-0.75
"CCI_Reversion(20,100)",SHORT,2026-08-13 00:10:00,2026-08-13 00:15:00,7772.0,7770.5,5.5
"CCI_Reversion(20,100)",SHORT,2026-08-13 00:25:00,2026-08-13 00:30:00,7772.25,7769.0,14.25
"CCI_Reversion(20,100)",LONG,2026-08-13 00:40:00,2026-08-13 00:45:00,7768.75,7769.5,1.75
"CCI_Reversion(20,100)",LONG,2026-08-13 01:15:00,2026-08-13 01:40:00,7766.25,7767.25,3.0
"CCI_Reversion(20,100)",SHORT,2026-08-13 02:05:00,2026-08-13 02:30:00,7771.0,7770.75,-0.75
"CCI_Reversion(20,100)",SHORT,2026-08-13 02:45:00,2026-08-13 03:00:00,7773.25,7772.75,0.5
"CCI_Reversion(20,100)",SHORT,2026-08-13 03:45:00,2026-08-13 04:15:00,7774.5,7773.5,3.0
"CCI_Reversion(20,100)",SHORT,2026-08-13 04:35:00,2026-08-13 04:45:00,7775.5,7775.0,0.5
"CCI_Reversion(20,100)",SHORT,2026-08-13 04:50:00,2026-08-13 05:00:00,7777.0,7775.75,4.25
"CCI_Reversion(20,100)",SHORT,2026-08-13 05:05:00,2026-08-13 05:40:00,7777.25,7779.0,-10.75
"CCI_Reversion(20,100)",LONG,2026-08-13 06:40:00,2026-08-13 07:00:00,7776.5,7778.0,5.5
"CCI_Reversion(20,100)",LONG,2026-08-13 07:05:00,2026-08-13 07:25:00,7774.75,7776.75,8.0
"CCI_Reversion(20,100)",SHORT,2026-08-13 07:45:00,2026-08-13 08:00:00,7779.5,7778.0,5.5
"CCI_Reversion(20,100)",SHORT,2026-08-13 08:25:00,2026-08-13 09:00:00,7781.0,7781.5,-4.5
"CCI_Reversion(20,100)",SHORT,2026-08-13 09:40:00,2026-08-13 10:15:00,7782.25,7783.5,-8.25
"CCI_Reversion(20,100)",SHORT,2026-08-13 10:20:00,2026-08-13 10:25:00,7784.25,7783.75,0.5
"CCI_Reversion(20,100)",SHORT,2026-08-13 10:50:00,2026-08-13 11:00:00,7785.5,7785.0,0.5
"CCI_Reversion(20,100)",SHORT,2026-08-13 11:35:00,2026-08-13 12:00:00,7786.0,7784.0,8.0
"CCI_Reversion(20,100)",LONG,2026-08-13 12:05:00,2026-08-13 12:30:00,7781.75,7783.0,4.25
"CCI_Reversion(20,100)",SHORT,2026-08-13 13:00:00,2026-08-13 14:40:00,7788.25,7835.0,-235.75
"CCI_Reversion(20,100)",LONG,2026-08-13 15:30:00,2026-08-13 16:05:00,7806.0,7803.25,-15.75
"CCI_Reversion(20,100)",SHORT,2026-08-13 17:00:00,2026-08-13 17:30:00,7811.5,7815.25,-20.75
"CCI_Reversion(20,100)",SHORT,2026-08-13 18:40:00,2026-08-13 19:30:00,7818.5,7825.0,-34.5
"CCI_Reversion(20,100)",LONG,2026-08-13 20:25:00,2026-08-13 20:35:00,7820.5,7822.0,5.5
"CCI_Reversion(20,100)",SHORT,2026-08-13 22:05:00,2026-08-13 22:15:00,7826.0,7824.0,8.0
"CCI_Reversion(20,100)",SHORT,2026-08-13 23:10:00,2026-08-13 23:25:00,7826.25,7825.5,1.75
"CCI_Reversion(20,100)",SHORT,2026-08-14 00:05:00,2026-08-14 00:15:00,7828.0,7825.75,9.25
"CCI_Reversion(20,100)",LONG,2026-08-14 00:30:00,2026-08-14 01:00:00,7824.0,7824.0,-2.0
"CCI_Reversion(20,100)",LONG,2026-08-14 01:05:00,2026-08-14 01:30:00,7821.25,7822.5,4.25
"CCI_Reversion(20,100)",SHORT,2026-08-14 02:15:00,2026-08-14 02:45:00,7826.0,7826.5,-4.5
"CCI_Reversion(20,100)",SHORT,2026-08-14 03:25:00,2026-08-14 03:40:00,7827.5,7825.75,6.75
"CCI_Reversion(20,100)",LONG,2026-08-14 04:05:00,2026-08-14 04:10:00,7825.25,7825.0,-3.25
"CCI_Reversion(20,100)",LONG,2026-08-14 04:35:00,2026-08-14 04:45:00,7823.25,7823.75,0.5
"CCI_Reversion(20,100)",LONG,2026-08-14 04:50:00,2026-08-14 05:25:00,7823.25,7823.0,-3.25
"CCI_Reversion(20,100)",SHORT,2026-08-14 05:50:00,2026-08-14 06:05:00,7825.0,7822.5,10.5
"CCI_Reversion(20,100)",LONG,2026-08-14 06:10:00,2026-08-14 06:30:00,7822.0,7822.0,-2.0
"CCI_Reversion(20,100)",LONG,2026-08-14 06:40:00,2026-08-14 06:50:00,7821.0,7821.75,1.75
"CCI_Reversion(20,100)",SHORT,2026-08-14 07:45:00,2026-08-14 08:15:00,7823.75,7823.5,-0.75
"CCI_Reversion(20,100)",SHORT,2026-08-14 08:20:00,2026-08-14 08:25:00,7823.75,7824.25,-4.5
"CCI_Reversion(20,100)",SHORT,2026-08-14 08:30:00,2026-08-14 09:00:00,7825.75,7826.25,-4.5
"CCI_Reversion(20,100)",SHORT,2026-08-14 10:05:00,2026-08-14 10:20:00,7828.75,7827.75,3.0
"CCI_Reversion(20,100)",SHORT,2026-08-14 11:40:00,2026-08-14 11:45:00,7828.25,7828.75,-4.5
"CCI_Reversion(20,100)",SHORT,2026-08-14 11:50:00,2026-08-14 12:10:00,7830.0,7829.25,1.75
"CCI_Reversion(20,100)",LONG,2026-08-14 12:15:00,2026-08-14 12:30:00,7826.5,7828.25,6.75
"CCI_Reversion(20,100)",SHORT,2026-08-14 12:35:00,2026-08-14 12:40:00,7830.5,7828.5,8.0
"CCI_Reversion(20,100)",SHORT,2026-08-14 12:55:00,2026-08-14 13:05:00,7831.0,7828.25,11.75
"CCI_Reversion(20,100)",LONG,2026-08-14 13:35:00,2026-08-14 13:55:00,7824.25,7827.25,13.0
"CCI_Reversion(20,100)",LONG,2026-08-14 14:20:00,2026-08-14 15:55:00,7820.75,7803.5,-88.25
"CCI_Reversion(20,100)",LONG,2026-08-14 16:55:00,2026-08-14 17:15:00,7801.5,7802.75,4.25
"CCI_Reversion(20,100)",LONG,2026-08-14 17:30:00,2026-08-14 17:35:00,7800.0,7800.25,-0.75
"CCI_Reversion(20,100)",LONG,2026-08-14 17:40:00,2026-08-14 17:50:00,7797.75,7798.25,0.5
"CCI_Reversion(20,100)",SHORT,2026-08-14 18:15:00,2026-08-14 18:30:00,7804.25,7802.0,9.25
"CCI_Reversion(20,100)",SHORT,2026-08-14 18:50:00,2026-08-14 19:00:00,7805.25,7804.5,1.75
"CCI_Reversion(20,100)",LONG,2026-08-14 20:10:00,2026-08-14 20:35:00,7801.0,7802.75,6.75
"CCI_Reversion(20,100)",SHORT,2026-08-16 22:15:00,2026-08-16 22:40:00,7810.75,7809.25,5.5
"CCI_Reversion(20,100)",SHORT,2026-08-16 23:45:00,2026-08-17 00:20:00,7811.0,7809.0,8.0
"CCI_Reversion(20,100)",LONG,2026-08-17 00:25:00,2026-08-17 00:30:00,7809.0,7809.0,-2.0
"CCI_Reversion(20,100)",LONG,2026-08-17 00:35:00,2026-08-17 00:40:00,7808.5,7808.5,-2.0
"CCI_Reversion(20,100)",LONG,2026-08-17 01:55:00,2026-08-17 02:20:00,7807.5,7808.0,0.5
"ATR_Vol_Breakout(14,k=1.5)",SHORT,2026-06-01 03:45:00,2026-06-01 06:35:00,7612.75,7617.0,-23.25
"ATR_Vol_Breakout(14,k=1.5)",LONG,2026-06-01 06:35:00,2026-06-01 13:15:00,7617.0,7588.75,-143.25
"ATR_Vol_Breakout(14,k=1.5)",SHORT,2026-06-01 13:15:00,2026-06-01 16:55:00,7588.75,7606.75,-92.0
"ATR_Vol_Breakout(14,k=1.5)",LONG,2026-06-01 16:55:00,2026-06-01 22:05:00,7606.75,7601.25,-29.5
"ATR_Vol_Breakout(14,k=1.5)",SHORT,2026-06-01 22:05:00,2026-06-02 08:05:00,7601.25,7610.0,-45.75
"ATR_Vol_Breakout(14,k=1.5)",LONG,2026-06-02 08:05:00,2026-06-02 13:10:00,7610.0,7591.5,-94.5
"ATR_Vol_Breakout(14,k=1.5)",SHORT,2026-06-02 13:10:00,2026-06-02 14:35:00,7591.5,7613.25,-110.75
"ATR_Vol_Breakout(14,k=1.5)",LONG,2026-06-02 14:35:00,2026-06-02 22:05:00,7613.25,7623.25,48.0
"ATR_Vol_Breakout(14,k=1.5)",SHORT,2026-06-02 22:05:00,2026-06-02 23:40:00,7623.25,7616.25,33.0
"ATR_Vol_Breakout(14,k=1.5)",LONG,2026-06-02 23:40:00,2026-06-03 06:10:00,7616.25,7618.75,10.5
"ATR_Vol_Breakout(14,k=1.5)",SHORT,2026-06-03 06:10:00,2026-06-03 08:30:00,7618.75,7621.5,-15.75
"ATR_Vol_Breakout(14,k=1.5)",LONG,2026-06-03 08:30:00,2026-06-03 12:40:00,7621.5,7604.75,-85.75
"ATR_Vol_Breakout(14,k=1.5)",SHORT,2026-06-03 12:40:00,2026-06-03 23:00:00,7604.75,7543.5,304.25
"ATR_Vol_Breakout(14,k=1.5)",LONG,2026-06-03 23:00:00,2026-06-04 01:55:00,7543.5,7537.5,-32.0
"ATR_Vol_Breakout(14,k=1.5)",SHORT,2026-06-04 01:55:00,2026-06-04 13:35:00,7537.5,7556.25,-95.75
"ATR_Vol_Breakout(14,k=1.5)",LONG,2026-06-04 13:35:00,2026-06-05 00:05:00,7556.25,7569.5,64.25
"ATR_Vol_Breakout(14,k=1.5)",SHORT,2026-06-05 00:05:00,2026-06-05 09:15:00,7569.5,7572.25,-15.75
"ATR_Vol_Breakout(14,k=1.5)",LONG,2026-06-05 09:15:00,2026-06-05 11:25:00,7572.25,7561.75,-54.5
"ATR_Vol_Breakout(14,k=1.5)",SHORT,2026-06-05 11:25:00,2026-06-05 11:30:00,7561.75,7568.5,-35.75
"ATR_Vol_Breakout(14,k=1.5)",LONG,2026-06-05 11:30:00,2026-06-05 12:35:00,7568.5,7550.25,-93.25
"ATR_Vol_Breakout(14,k=1.5)",SHORT,2026-06-05 12:35:00,2026-06-07 22:10:00,7550.25,7369.0,904.25
"ATR_Vol_Breakout(14,k=1.5)",LONG,2026-06-07 22:10:00,2026-06-08 13:30:00,7369.0,7457.5,440.5
"ATR_Vol_Breakout(14,k=1.5)",SHORT,2026-06-08 13:30:00,2026-06-08 17:30:00,7457.5,7442.5,73.0
"ATR_Vol_Breakout(14,k=1.5)",LONG,2026-06-08 17:30:00,2026-06-09 00:05:00,7442.5,7400.75,-210.75
"ATR_Vol_Breakout(14,k=1.5)",SHORT,2026-06-09 00:05:00,2026-06-09 01:25:00,7400.75,7413.75,-67.0
"ATR_Vol_Breakout(14,k=1.5)",LONG,2026-06-09 01:25:00,2026-06-09 07:15:00,7413.75,7438.25,120.5
"ATR_Vol_Breakout(14,k=1.5)",SHORT,2026-06-09 07:15:00,2026-06-09 10:15:00,7438.25,7449.0,-55.75
"ATR_Vol_Breakout(14,k=1.5)",LONG,2026-06-09 10:15:00,2026-06-09 13:55:00,7449.0,7473.5,120.5
"ATR_Vol_Breakout(14,k=1.5)",SHORT,2026-06-09 13:55:00,2026-06-09 14:25:00,7473.5,7440.75,161.75
"ATR_Vol_Breakout(14,k=1.5)",LONG,2026-06-09 14:25:00,2026-06-09 14:45:00,7440.75,7407.75,-167.0
"ATR_Vol_Breakout(14,k=1.5)",SHORT,2026-06-09 14:45:00,2026-06-09 19:55:00,7407.75,7383.5,119.25
"ATR_Vol_Breakout(14,k=1.5)",LONG,2026-06-09 19:55:00,2026-06-10 00:35:00,7383.5,7371.5,-62.0
"ATR_Vol_Breakout(14,k=1.5)",SHORT,2026-06-10 00:35:00,2026-06-10 05:30:00,7371.5,7366.75,21.75
"ATR_Vol_Breakout(14,k=1.5)",LONG,2026-06-10 05:30:00,2026-06-10 08:05:00,7366.75,7358.0,-45.75
"ATR_Vol_Breakout(14,k=1.5)",SHORT,2026-06-10 08:05:00,2026-06-10 12:35:00,7358.0,7353.75,19.25
"ATR_Vol_Breakout(14,k=1.5)",LONG,2026-06-10 12:35:00,2026-06-10 13:35:00,7353.75,7338.5,-78.25
"ATR_Vol_Breakout(14,k=1.5)",SHORT,2026-06-10 13:35:00,2026-06-10 13:40:00,7338.5,7366.5,-142.0
"ATR_Vol_Breakout(14,k=1.5)",LONG,2026-06-10 13:40:00,2026-06-10 22:05:00,7366.5,7251.0,-579.5
"ATR_Vol_Breakout(14,k=1.5)",SHORT,2026-06-10 22:05:00,2026-06-11 00:20:00,7251.0,7274.5,-119.5
"ATR_Vol_Breakout(14,k=1.5)",LONG,2026-06-11 00:20:00,2026-06-11 11:10:00,7274.5,7318.0,215.5
"ATR_Vol_Breakout(14,k=1.5)",SHORT,2026-06-11 11:10:00,2026-06-11 13:55:00,7318.0,7330.25,-63.25
"ATR_Vol_Breakout(14,k=1.5)",LONG,2026-06-11 13:55:00,2026-06-11 14:15:00,7330.25,7298.25,-162.0
"ATR_Vol_Breakout(14,k=1.5)",SHORT,2026-06-11 14:15:00,2026-06-11 17:30:00,7298.25,7345.25,-237.0
"ATR_Vol_Breakout(14,k=1.5)",LONG,2026-06-11 17:30:00,2026-06-12 13:35:00,7345.25,7401.5,279.25
"ATR_Vol_Breakout(14,k=1.5)",SHORT,2026-06-12 13:35:00,2026-06-12 14:05:00,7401.5,7404.25,-15.75
"ATR_Vol_Breakout(14,k=1.5)",LONG,2026-06-12 14:05:00,2026-06-12 14:45:00,7404.25,7396.5,-40.75
"ATR_Vol_Breakout(14,k=1.5)",SHORT,2026-06-12 14:45:00,2026-06-12 14:55:00,7396.5,7433.5,-187.0
"ATR_Vol_Breakout(14,k=1.5)",LONG,2026-06-12 14:55:00,2026-06-15 08:00:00,7433.5,7522.25,441.75
"ATR_Vol_Breakout(14,k=1.5)",SHORT,2026-06-15 08:00:00,2026-06-15 09:35:00,7522.25,7584.75,-314.5
"ATR_Vol_Breakout(14,k=1.5)",LONG,2026-06-15 09:35:00,2026-06-15 19:55:00,7584.75,7621.75,183.0
"ATR_Vol_Breakout(14,k=1.5)",SHORT,2026-06-15 19:55:00,2026-06-15 20:00:00,7621.75,7630.25,-44.5
"ATR_Vol_Breakout(14,k=1.5)",LONG,2026-06-15 20:00:00,2026-06-16 05:35:00,7630.25,7616.25,-72.0
"ATR_Vol_Breakout(14,k=1.5)",SHORT,2026-06-16 05:35:00,2026-06-16 08:55:00,7616.25,7627.25,-57.0
"ATR_Vol_Breakout(14,k=1.5)",LONG,2026-06-16 08:55:00,2026-06-16 09:20:00,7627.25,7622.25,-27.0
"ATR_Vol_Breakout(14,k=1.5)",SHORT,2026-06-16 09:20:00,2026-06-16 13:35:00,7622.25,7634.75,-64.5
"ATR_Vol_Breakout(14,k=1.5)",LONG,2026-06-16 13:35:00,2026-06-16 14:00:00,7634.75,7622.75,-62.0
"ATR_Vol_Breakout(14,k=1.5)",SHORT,2026-06-16 14:00:00,2026-06-16 14:40:00,7622.75,7617.5,24.25
"ATR_Vol_Breakout(14,k=1.5)",LONG,2026-06-16 14:40:00,2026-06-17 07:20:00,7617.5,7607.75,-50.75
"ATR_Vol_Breakout(14,k=1.5)",SHORT,2026-06-17 07:20:00,2026-06-17 08:55:00,7607.75,7597.0,51.75
"ATR_Vol_Breakout(14,k=1.5)",LONG,2026-06-17 08:55:00,2026-06-17 13:35:00,7597.0,7589.5,-39.5
"ATR_Vol_Breakout(14,k=1.5)",SHORT,2026-06-17 13:35:00,2026-06-17 13:45:00,7589.5,7598.0,-44.5
"ATR_Vol_Breakout(14,k=1.5)",LONG,2026-06-17 13:45:00,2026-06-17 14:00:00,7598.0,7581.25,-85.75
"ATR_Vol_Breakout(14,k=1.5)",SHORT,2026-06-17 14:00:00,2026-06-17 18:40:00,7581.25,7561.0,99.25
"ATR_Vol_Breakout(14,k=1.5)",LONG,2026-06-17 18:40:00,2026-06-17 19:00:00,7561.0,7540.5,-104.5
"ATR_Vol_Breakout(14,k=1.5)",SHORT,2026-06-17 19:00:00,2026-06-18 00:05:00,7540.5,7549.5,-47.0
"ATR_Vol_Breakout(14,k=1.5)",LONG,2026-06-18 00:05:00,2026-06-18 06:10:00,7549.5,7541.75,-40.75
"ATR_Vol_Breakout(14,k=1.5)",SHORT,2026-06-18 06:10:00,2026-06-18 06:30:00,7541.75,7550.25,-44.5
"ATR_Vol_Breakout(14,k=1.5)",LONG,2026-06-18 06:30:00,2026-06-18 07:15:00,7550.25,7551.5,4.25
"ATR_Vol_Breakout(14,k=1.5)",SHORT,2026-06-18 07:15:00,2026-06-18 13:30:00,7551.5,7577.25,-130.75
"ATR_Vol_Breakout(14,k=1.5)",LONG,2026-06-18 13:30:00,2026-06-18 13:35:00,7577.25,7557.75,-99.5
"ATR_Vol_Breakout(14,k=1.5)",SHORT,2026-06-18 13:35:00,2026-06-18 19:40:00,7557.75,7567.25,-49.5
"ATR_Vol_Breakout(14,k=1.5)",LONG,2026-06-18 19:40:00,2026-06-18 20:00:00,7567.25,7564.5,-15.75
"ATR_Vol_Breakout(14,k=1.5)",SHORT,2026-06-18 20:00:00,2026-06-21 22:05:00,7564.5,7547.75,81.75
"ATR_Vol_Breakout(14,k=1.5)",LONG,2026-06-21 22:05:00,2026-06-21 22:10:00,7547.75,7536.25,-59.5
"ATR_Vol_Breakout(14,k=1.5)",SHORT,2026-06-21 22:10:00,2026-06-22 05:10:00,7536.25,7543.5,-38.25
"ATR_Vol_Breakout(14,k=1.5)",LONG,2026-06-22 05:10:00,2026-06-22 08:05:00,7543.5,7557.0,65.5
"ATR_Vol_Breakout(14,k=1.5)",SHORT,2026-06-22 08:05:00,2026-06-22 10:05:00,7557.0,7560.75,-20.75
"ATR_Vol_Breakout(14,k=1.5)",LONG,2026-06-22 10:05:00,2026-06-22 11:15:00,7560.75,7562.5,6.75
"ATR_Vol_Breakout(14,k=1.5)",SHORT,2026-06-22 11:15:00,2026-06-22 13:05:00,7562.5,7574.0,-59.5
"ATR_Vol_Breakout(14,k=1.5)",LONG,2026-06-22 13:05:00,2026-06-22 13:45:00,7574.0,7578.75,21.75
"ATR_Vol_Breakout(14,k=1.5)",SHORT,2026-06-22 13:45:00,2026-06-22 13:50:00,7578.75,7592.0,-68.25
"ATR_Vol_Breakout(14,k=1.5)",LONG,2026-06-22 13:50:00,2026-06-23 12:35:00,7592.0,7428.0,-822.0
"ATR_Vol_Breakout(14,k=1.5)",SHORT,2026-06-23 12:35:00,2026-06-23 13:50:00,7428.0,7457.75,-150.75
"ATR_Vol_Breakout(14,k=1.5)",LONG,2026-06-23 13:50:00,2026-06-23 17:55:00,7457.75,7456.0,-10.75
"ATR_Vol_Breakout(14,k=1.5)",SHORT,2026-06-23 17:55:00,2026-06-23 23:50:00,7456.0,7446.75,44.25
"ATR_Vol_Breakout(14,k=1.5)",LONG,2026-06-23 23:50:00,2026-06-24 17:10:00,7446.75,7445.75,-7.0
"ATR_Vol_Breakout(14,k=1.5)",SHORT,2026-06-24 17:10:00,2026-06-24 20:05:00,7445.75,7450.5,-25.75
"ATR_Vol_Breakout(14,k=1.5)",LONG,2026-06-24 20:05:00,2026-06-25 11:25:00,7450.5,7474.0,115.5
"ATR_Vol_Breakout(14,k=1.5)",SHORT,2026-06-25 11:25:00,2026-06-25 12:35:00,7474.0,7489.5,-79.5
"ATR_Vol_Breakout(14,k=1.5)",LONG,2026-06-25 12:35:00,2026-06-25 13:35:00,7489.5,7469.5,-102.0
"ATR_Vol_Breakout(14,k=1.5)",SHORT,2026-06-25 13:35:00,2026-06-25 14:05:00,7469.5,7427.75,206.75
"ATR_Vol_Breakout(14,k=1.5)",LONG,2026-06-25 14:05:00,2026-06-25 15:00:00,7427.75,7449.25,105.5
"ATR_Vol_Breakout(14,k=1.5)",SHORT,2026-06-25 15:00:00,2026-06-25 23:20:00,7449.25,7447.25,8.0
"ATR_Vol_Breakout(14,k=1.5)",LONG,2026-06-25 23:20:00,2026-06-26 11:55:00,7447.25,7378.75,-344.5
"ATR_Vol_Breakout(14,k=1.5)",SHORT,2026-06-26 11:55:00,2026-06-26 14:00:00,7378.75,7401.25,-114.5
"ATR_Vol_Breakout(14,k=1.5)",LONG,2026-06-26 14:00:00,2026-06-26 20:00:00,7401.25,7379.75,-109.5
"ATR_Vol_Breakout(14,k=1.5)",SHORT,2026-06-26 20:00:00,2026-06-26 20:05:00,7379.75,7399.75,-102.0
"ATR_Vol_Breakout(14,k=1.5)",LONG,2026-06-26 20:05:00,2026-06-29 00:05:00,7399.75,7436.75,183.0
"ATR_Vol_Breakout(14,k=1.5)",SHORT,2026-06-29 00:05:00,2026-06-29 03:50:00,7436.75,7444.75,-42.0
"ATR_Vol_Breakout(14,k=1.5)",LONG,2026-06-29 03:50:00,2026-06-29 06:05:00,7444.75,7449.75,23.0
"ATR_Vol_Breakout(14,k=1.5)",SHORT,2026-06-29 06:05:00,2026-06-29 13:35:00,7449.75,7478.0,-143.25
"ATR_Vol_Breakout(14,k=1.5)",LONG,2026-06-29 13:35:00,2026-06-29 14:00:00,7478.0,7458.5,-99.5
"ATR_Vol_Breakout(14,k=1.5)",SHORT,2026-06-29 14:00:00,2026-06-29 14:30:00,7458.5,7449.5,43.0
"ATR_Vol_Breakout(14,k=1.5)",LONG,2026-06-29 14:30:00,2026-06-30 00:30:00,7449.5,7490.75,204.25
"ATR_Vol_Breakout(14,k=1.5)",SHORT,2026-06-30 00:30:00,2026-06-30 01:30:00,7490.75,7499.0,-43.25
"ATR_Vol_Breakout(14,k=1.5)",LONG,2026-06-30 01:30:00,2026-06-30 05:30:00,7499.0,7508.75,46.75
"ATR_Vol_Breakout(14,k=1.5)",SHORT,2026-06-30 05:30:00,2026-06-30 13:30:00,7508.75,7500.0,41.75
"ATR_Vol_Breakout(14,k=1.5)",LONG,2026-06-30 13:30:00,2026-06-30 20:00:00,7500.0,7544.75,221.75
"ATR_Vol_Breakout(14,k=1.5)",SHORT,2026-06-30 20:00:00,2026-07-01 13:20:00,7544.75,7535.0,46.75
"ATR_Vol_Breakout(14,k=1.5)",LONG,2026-07-01 13:20:00,2026-07-01 13:35:00,7535.0,7508.75,-133.25
"ATR_Vol_Breakout(14,k=1.5)",SHORT,2026-07-01 13:35:00,2026-07-02 00:25:00,7508.75,7534.75,-132.0
"ATR_Vol_Breakout(14,k=1.5)",LONG,2026-07-02 00:25:00,2026-07-02 04:35:00,7534.75,7545.25,50.5
"ATR_Vol_Breakout(14,k=1.5)",SHORT,2026-07-02 04:35:00,2026-07-02 07:45:00,7545.25,7535.75,45.5
"ATR_Vol_Breakout(14,k=1.5)",LONG,2026-07-02 07:45:00,2026-07-02 14:30:00,7535.75,7559.75,118.0
"ATR_Vol_Breakout(14,k=1.5)",SHORT,2026-07-02 14:30:00,2026-07-02 18:10:00,7559.75,7504.0,276.75
"ATR_Vol_Breakout(14,k=1.5)",LONG,2026-07-02 18:10:00,2026-07-02 19:05:00,7504.0,7495.5,-44.5
"ATR_Vol_Breakout(14,k=1.5)",SHORT,2026-07-02 19:05:00,2026-07-03 00:15:00,7495.5,7536.75,-208.25
"ATR_Vol_Breakout(14,k=1.5)",LONG,2026-07-03 00:15:00,2026-07-05 22:55:00,7536.75,7564.25,135.5
"ATR_Vol_Breakout(14,k=1.5)",SHORT,2026-07-05 22:55:00,2026-07-06 07:45:00,7564.25,7562.5,6.75
"ATR_Vol_Breakout(14,k=1.5)",LONG,2026-07-06 07:45:00,2026-07-06 08:15:00,7562.5,7560.5,-12.0
"ATR_Vol_Breakout(14,k=1.5)",SHORT,2026-07-06 08:15:00,2026-07-06 09:55:00,7560.5,7564.75,-23.25
"ATR_Vol_Breakout(14,k=1.5)",LONG,2026-07-06 09:55:00,2026-07-06 12:25:00,7564.75,7556.25,-44.5
"ATR_Vol_Breakout(14,k=1.5)",SHORT,2026-07-06 12:25:00,2026-07-06 13:30:00,7556.25,7564.75,-44.5
"ATR_Vol_Breakout(14,k=1.5)",LONG,2026-07-06 13:30:00,2026-07-06 13:40:00,7564.75,7561.5,-18.25
"ATR_Vol_Breakout(14,k=1.5)",SHORT,2026-07-06 13:40:00,2026-07-07 08:15:00,7561.5,7577.75,-83.25
"ATR_Vol_Breakout(14,k=1.5)",LONG,2026-07-07 08:15:00,2026-07-07 13:35:00,7577.75,7572.75,-27.0
"ATR_Vol_Breakout(14,k=1.5)",SHORT,2026-07-07 13:35:00,2026-07-07 13:45:00,7572.75,7580.0,-38.25
"ATR_Vol_Breakout(14,k=1.5)",LONG,2026-07-07 13:45:00,2026-07-07 14:15:00,7580.0,7548.0,-162.0
"ATR_Vol_Breakout(14,k=1.5)",SHORT,2026-07-07 14:15:00,2026-07-08 00:10:00,7548.0,7546.75,4.25
"ATR_Vol_Breakout(14,k=1.5)",LONG,2026-07-08 00:10:00,2026-07-08 08:20:00,7546.75,7521.25,-129.5
"ATR_Vol_Breakout(14,k=1.5)",SHORT,2026-07-08 08:20:00,2026-07-08 11:45:00,7521.25,7498.0,114.25
"ATR_Vol_Breakout(14,k=1.5)",LONG,2026-07-08 11:45:00,2026-07-08 13:00:00,7498.0,7505.5,35.5
"ATR_Vol_Breakout(14,k=1.5)",SHORT,2026-07-08 13:00:00,2026-07-09 04:35:00,7505.5,7541.75,-183.25
"ATR_Vol_Breakout(14,k=1.5)",LONG,2026-07-09 04:35:00,2026-07-09 05:20:00,7541.75,7543.5,6.75
"ATR_Vol_Breakout(14,k=1.5)",SHORT,2026-07-09 05:20:00,2026-07-09 07:45:00,7543.5,7556.5,-67.0
"ATR_Vol_Breakout(14,k=1.5)",LONG,2026-07-09 07:45:00,2026-07-09 08:35:00,7556.5,7547.75,-45.75
"ATR_Vol_Breakout(14,k=1.5)",SHORT,2026-07-09 08:35:00,2026-07-09 13:40:00,7547.75,7555.0,-38.25
"ATR_Vol_Breakout(14,k=1.5)",LONG,2026-07-09 13:40:00,2026-07-09 14:20:00,7555.0,7536.5,-94.5
"ATR_Vol_Breakout(14,k=1.5)",SHORT,2026-07-09 14:20:00,2026-07-09 20:00:00,7536.5,7590.5,-272.0
"ATR_Vol_Breakout(14,k=1.5)",LONG,2026-07-09 20:00:00,2026-07-10 00:05:00,7590.5,7585.0,-29.5
"ATR_Vol_Breakout(14,k=1.5)",SHORT,2026-07-10 00:05:00,2026-07-10 01:00:00,7585.0,7580.75,19.25
"ATR_Vol_Breakout(14,k=1.5)",LONG,2026-07-10 01:00:00,2026-07-10 06:25:00,7580.75,7571.5,-48.25
"ATR_Vol_Breakout(14,k=1.5)",SHORT,2026-07-10 06:25:00,2026-07-10 08:10:00,7571.5,7576.0,-24.5
"ATR_Vol_Breakout(14,k=1.5)",LONG,2026-07-10 08:10:00,2026-07-10 11:30:00,7576.0,7586.75,51.75
"ATR_Vol_Breakout(14,k=1.5)",SHORT,2026-07-10 11:30:00,2026-07-10 12:15:00,7586.75,7589.0,-13.25
"ATR_Vol_Breakout(14,k=1.5)",LONG,2026-07-10 12:15:00,2026-07-10 14:35:00,7589.0,7581.25,-40.75
"ATR_Vol_Breakout(14,k=1.5)",SHORT,2026-07-10 14:35:00,2026-07-10 19:05:00,7581.25,7623.5,-213.25
"ATR_Vol_Breakout(14,k=1.5)",LONG,2026-07-10 19:05:00,2026-07-12 22:10:00,7623.5,7600.0,-119.5
"ATR_Vol_Breakout(14,k=1.5)",SHORT,2026-07-12 22:10:00,2026-07-13 00:05:00,7600.0,7605.5,-29.5
"ATR_Vol_Breakout(14,k=1.5)",LONG,2026-07-13 00:05:00,2026-07-13 05:25:00,7605.5,7572.75,-165.75
"ATR_Vol_Breakout(14,k=1.5)",SHORT,2026-07-13 05:25:00,2026-07-13 13:35:00,7572.75,7605.25,-164.5
"ATR_Vol_Breakout(14,k=1.5)",LONG,2026-07-13 13:35:00,2026-07-13 14:05:00,7605.25,7598.75,-34.5
"ATR_Vol_Breakout(14,k=1.5)",SHORT,2026-07-13 14:05:00,2026-07-13 23:55:00,7598.75,7548.25,250.5
"ATR_Vol_Breakout(14,k=1.5)",LONG,2026-07-13 23:55:00,2026-07-14 00:05:00,7548.25,7544.5,-20.75
"ATR_Vol_Breakout(14,k=1.5)",SHORT,2026-07-14 00:05:00,2026-07-14 00:15:00,7544.5,7556.0,-59.5
"ATR_Vol_Breakout(14,k=1.5)",LONG,2026-07-14 00:15:00,2026-07-14 00:20:00,7556.0,7544.0,-62.0
"ATR_Vol_Breakout(14,k=1.5)",SHORT,2026-07-14 00:20:00,2026-07-14 12:25:00,7544.0,7557.5,-69.5
"ATR_Vol_Breakout(14,k=1.5)",LONG,2026-07-14 12:25:00,2026-07-14 13:35:00,7557.5,7566.25,41.75
"ATR_Vol_Breakout(14,k=1.5)",SHORT,2026-07-14 13:35:00,2026-07-14 13:40:00,7566.25,7582.0,-80.75
"ATR_Vol_Breakout(14,k=1.5)",LONG,2026-07-14 13:40:00,2026-07-15 01:45:00,7582.0,7597.75,76.75
"ATR_Vol_Breakout(14,k=1.5)",SHORT,2026-07-15 01:45:00,2026-07-15 12:35:00,7597.75,7605.0,-38.25
"ATR_Vol_Breakout(14,k=1.5)",LONG,2026-07-15 12:35:00,2026-07-15 13:50:00,7605.0,7605.5,0.5
"ATR_Vol_Breakout(14,k=1.5)",SHORT,2026-07-15 13:50:00,2026-07-16 00:05:00,7605.5,7623.25,-90.75
"ATR_Vol_Breakout(14,k=1.5)",LONG,2026-07-16 00:05:00,2026-07-16 00:20:00,7623.25,7621.25,-12.0
"ATR_Vol_Breakout(14,k=1.5)",SHORT,2026-07-16 00:20:00,2026-07-16 01:50:00,7621.25,7618.25,13.0
"ATR_Vol_Breakout(14,k=1.5)",LONG,2026-07-16 01:50:00,2026-07-16 05:35:00,7618.25,7622.25,18.0
"ATR_Vol_Breakout(14,k=1.5)",SHORT,2026-07-16 05:35:00,2026-07-16 08:50:00,7622.25,7609.5,61.75
"ATR_Vol_Breakout(14,k=1.5)",LONG,2026-07-16 08:50:00,2026-07-16 11:50:00,7609.5,7584.0,-129.5
"ATR_Vol_Breakout(14,k=1.5)",SHORT,2026-07-16 11:50:00,2026-07-16 11:55:00,7584.0,7594.0,-52.0
"ATR_Vol_Breakout(14,k=1.5)",LONG,2026-07-16 11:55:00,2026-07-16 12:25:00,7594.0,7585.0,-47.0
"ATR_Vol_Breakout(14,k=1.5)",SHORT,2026-07-16 12:25:00,2026-07-16 19:55:00,7585.0,7568.75,79.25
"ATR_Vol_Breakout(14,k=1.5)",LONG,2026-07-16 19:55:00,2026-07-17 01:35:00,7568.75,7540.75,-142.0
"ATR_Vol_Breakout(14,k=1.5)",SHORT,2026-07-17 01:35:00,2026-07-17 13:50:00,7540.75,7495.5,224.25
"ATR_Vol_Breakout(14,k=1.5)",LONG,2026-07-17 13:50:00,2026-07-19 22:15:00,7495.5,7484.0,-59.5
"ATR_Vol_Breakout(14,k=1.5)",SHORT,2026-07-19 22:15:00,2026-07-20 02:05:00,7484.0,7504.25,-103.25
"ATR_Vol_Breakout(14,k=1.5)",LONG,2026-07-20 02:05:00,2026-07-20 12:05:00,7504.25,7525.0,101.75
"ATR_Vol_Breakout(14,k=1.5)",SHORT,2026-07-20 12:05:00,2026-07-20 13:35:00,7525.0,7544.75,-100.75
"ATR_Vol_Breakout(14,k=1.5)",LONG,2026-07-20 13:35:00,2026-07-20 13:50:00,7544.75,7540.0,-25.75
"ATR_Vol_Breakout(14,k=1.5)",SHORT,2026-07-20 13:50:00,2026-07-21 00:20:00,7540.0,7484.5,275.5
"ATR_Vol_Breakout(14,k=1.5)",LONG,2026-07-21 00:20:00,2026-07-21 13:35:00,7484.5,7518.75,169.25
"ATR_Vol_Breakout(14,k=1.5)",SHORT,2026-07-21 13:35:00,2026-07-22 10:25:00,7518.75,7532.0,-68.25
"ATR_Vol_Breakout(14,k=1.5)",LONG,2026-07-22 10:25:00,2026-07-22 11:45:00,7532.0,7516.25,-80.75
"ATR_Vol_Breakout(14,k=1.5)",SHORT,2026-07-22 11:45:00,2026-07-22 20:15:00,7516.25,7552.75,-184.5
"ATR_Vol_Breakout(14,k=1.5)",LONG,2026-07-22 20:15:00,2026-07-22 22:05:00,7552.75,7524.5,-143.25
"ATR_Vol_Breakout(14,k=1.5)",SHORT,2026-07-22 22:05:00,2026-07-23 05:30:00,7524.5,7533.5,-47.0
"ATR_Vol_Breakout(14,k=1.5)",LONG,2026-07-23 05:30:00,2026-07-23 07:05:00,7533.5,7514.75,-95.75
"ATR_Vol_Breakout(14,k=1.5)",SHORT,2026-07-23 07:05:00,2026-07-23 08:10:00,7514.75,7511.5,14.25
"ATR_Vol_Breakout(14,k=1.5)",LONG,2026-07-23 08:10:00,2026-07-23 11:05:00,7511.5,7514.5,13.0
"ATR_Vol_Breakout(14,k=1.5)",SHORT,2026-07-23 11:05:00,2026-07-23 13:35:00,7514.5,7472.75,206.75
"ATR_Vol_Breakout(14,k=1.5)",LONG,2026-07-23 13:35:00,2026-07-23 13:50:00,7472.75,7464.0,-45.75
"ATR_Vol_Breakout(14,k=1.5)",SHORT,2026-07-23 13:50:00,2026-07-23 20:00:00,7464.0,7444.0,98.0
"ATR_Vol_Breakout(14,k=1.5)",LONG,2026-07-23 20:00:00,2026-07-23 22:05:00,7444.0,7446.25,9.25
"ATR_Vol_Breakout(14,k=1.5)",SHORT,2026-07-23 22:05:00,2026-07-24 06:20:00,7446.25,7443.5,11.75
"ATR_Vol_Breakout(14,k=1.5)",LONG,2026-07-24 06:20:00,2026-07-24 13:30:00,7443.5,7444.0,0.5
"ATR_Vol_Breakout(14,k=1.5)",SHORT,2026-07-24 13:30:00,2026-07-24 13:35:00,7444.0,7451.0,-37.0
"ATR_Vol_Breakout(14,k=1.5)",LONG,2026-07-24 13:35:00,2026-07-24 13:55:00,7451.0,7436.5,-74.5
"ATR_Vol_Breakout(14,k=1.5)",SHORT,2026-07-24 13:55:00,2026-07-24 14:10:00,7436.5,7451.25,-75.75
"ATR_Vol_Breakout(14,k=1.5)",LONG,2026-07-24 14:10:00,2026-07-27 00:05:00,7451.25,7501.75,250.5
"ATR_Vol_Breakout(14,k=1.5)",SHORT,2026-07-27 00:05:00,2026-07-27 07:05:00,7501.75,7516.0,-73.25
"ATR_Vol_Breakout(14,k=1.5)",LONG,2026-07-27 07:05:00,2026-07-27 08:00:00,7516.0,7505.75,-53.25
"ATR_Vol_Breakout(14,k=1.5)",SHORT,2026-07-27 08:00:00,2026-07-27 18:55:00,7505.75,7443.5,309.25
"ATR_Vol_Breakout(14,k=1.5)",LONG,2026-07-27 18:55:00,2026-07-28 00:10:00,7443.5,7444.5,3.0
"ATR_Vol_Breakout(14,k=1.5)",SHORT,2026-07-28 00:10:00,2026-07-28 01:30:00,7444.5,7437.75,31.75
"ATR_Vol_Breakout(14,k=1.5)",LONG,2026-07-28 01:30:00,2026-07-28 01:55:00,7437.75,7434.75,-17.0
"ATR_Vol_Breakout(14,k=1.5)",SHORT,2026-07-28 01:55:00,2026-07-28 03:20:00,7434.75,7435.5,-5.75
"ATR_Vol_Breakout(14,k=1.5)",LONG,2026-07-28 03:20:00,2026-07-28 03:30:00,7435.5,7429.75,-30.75
"ATR_Vol_Breakout(14,k=1.5)",SHORT,2026-07-28 03:30:00,2026-07-28 08:20:00,7429.75,7436.25,-34.5
"ATR_Vol_Breakout(14,k=1.5)",LONG,2026-07-28 08:20:00,2026-07-28 13:30:00,7436.25,7449.5,64.25
"ATR_Vol_Breakout(14,k=1.5)",SHORT,2026-07-28 13:30:00,2026-07-28 23:15:00,7449.5,7463.5,-72.0
"ATR_Vol_Breakout(14,k=1.5)",LONG,2026-07-28 23:15:00,2026-07-29 12:20:00,7463.5,7461.0,-14.5
"ATR_Vol_Breakout(14,k=1.5)",SHORT,2026-07-29 12:20:00,2026-07-29 18:05:00,7461.0,7437.0,118.0
"ATR_Vol_Breakout(14,k=1.5)",LONG,2026-07-29 18:05:00,2026-07-30 07:20:00,7437.0,7367.0,-352.0
"ATR_Vol_Breakout(14,k=1.5)",SHORT,2026-07-30 07:20:00,2026-07-30 08:10:00,7367.0,7369.75,-15.75
"ATR_Vol_Breakout(14,k=1.5)",LONG,2026-07-30 08:10:00,2026-07-30 10:00:00,7369.75,7374.5,21.75
"ATR_Vol_Breakout(14,k=1.5)",SHORT,2026-07-30 10:00:00,2026-07-30 13:45:00,7374.5,7417.25,-215.75
"ATR_Vol_Breakout(14,k=1.5)",LONG,2026-07-30 13:45:00,2026-07-30 15:15:00,7417.25,7401.5,-80.75
"ATR_Vol_Breakout(14,k=1.5)",SHORT,2026-07-30 15:15:00,2026-07-30 20:05:00,7401.5,7492.0,-454.5
"ATR_Vol_Breakout(14,k=1.5)",LONG,2026-07-30 20:05:00,2026-07-31 06:35:00,7492.0,7500.0,38.0
"ATR_Vol_Breakout(14,k=1.5)",SHORT,2026-07-31 06:35:00,2026-07-31 13:35:00,7500.0,7512.0,-62.0
"ATR_Vol_Breakout(14,k=1.5)",LONG,2026-07-31 13:35:00,2026-07-31 13:40:00,7512.0,7493.25,-95.75
"ATR_Vol_Breakout(14,k=1.5)",SHORT,2026-07-31 13:40:00,2026-07-31 19:20:00,7493.25,7526.75,-169.5
"ATR_Vol_Breakout(14,k=1.5)",LONG,2026-07-31 19:20:00,2026-07-31 20:00:00,7526.75,7520.25,-34.5
"ATR_Vol_Breakout(14,k=1.5)",SHORT,2026-07-31 20:00:00,2026-08-02 22:15:00,7520.25,7555.5,-178.25
"ATR_Vol_Breakout(14,k=1.5)",LONG,2026-08-02 22:15:00,2026-08-03 07:20:00,7555.5,7554.75,-5.75
"ATR_Vol_Breakout(14,k=1.5)",SHORT,2026-08-03 07:20:00,2026-08-03 08:40:00,7554.75,7555.5,-5.75
"ATR_Vol_Breakout(14,k=1.5)",LONG,2026-08-03 08:40:00,2026-08-03 11:55:00,7555.5,7557.0,5.5
"ATR_Vol_Breakout(14,k=1.5)",SHORT,2026-08-03 11:55:00,2026-08-03 13:35:00,7557.0,7559.25,-13.25
"ATR_Vol_Breakout(14,k=1.5)",LONG,2026-08-03 13:35:00,2026-08-04 07:10:00,7559.25,7642.25,413.0
"ATR_Vol_Breakout(14,k=1.5)",SHORT,2026-08-04 07:10:00,2026-08-04 07:50:00,7642.25,7646.5,-23.25
"ATR_Vol_Breakout(14,k=1.5)",LONG,2026-08-04 07:50:00,2026-08-04 07:55:00,7646.5,7643.25,-18.25
"ATR_Vol_Breakout(14,k=1.5)",SHORT,2026-08-04 07:55:00,2026-08-04 10:35:00,7643.25,7640.5,11.75
"ATR_Vol_Breakout(14,k=1.5)",LONG,2026-08-04 10:35:00,2026-08-04 17:55:00,7640.5,7771.0,650.5
"ATR_Vol_Breakout(14,k=1.5)",SHORT,2026-08-04 17:55:00,2026-08-05 07:00:00,7771.0,7798.25,-138.25
"ATR_Vol_Breakout(14,k=1.5)",LONG,2026-08-05 07:00:00,2026-08-05 08:15:00,7798.25,7787.75,-54.5
"ATR_Vol_Breakout(14,k=1.5)",SHORT,2026-08-05 08:15:00,2026-08-05 13:30:00,7787.75,7809.75,-112.0
"ATR_Vol_Breakout(14,k=1.5)",LONG,2026-08-05 13:30:00,2026-08-05 13:50:00,7809.75,7805.5,-23.25
"ATR_Vol_Breakout(14,k=1.5)",SHORT,2026-08-05 13:50:00,2026-08-06 02:45:00,7805.5,7767.25,189.25
"ATR_Vol_Breakout(14,k=1.5)",LONG,2026-08-06 02:45:00,2026-08-06 06:15:00,7767.25,7756.25,-57.0
"ATR_Vol_Breakout(14,k=1.5)",SHORT,2026-08-06 06:15:00,2026-08-06 08:30:00,7756.25,7760.5,-23.25
"ATR_Vol_Breakout(14,k=1.5)",LONG,2026-08-06 08:30:00,2026-08-06 09:05:00,7760.5,7759.5,-7.0
"ATR_Vol_Breakout(14,k=1.5)",SHORT,2026-08-06 09:05:00,2026-08-06 12:25:00,7759.5,7758.0,5.5
"ATR_Vol_Breakout(14,k=1.5)",LONG,2026-08-06 12:25:00,2026-08-06 14:40:00,7758.0,7747.5,-54.5
"ATR_Vol_Breakout(14,k=1.5)",SHORT,2026-08-06 14:40:00,2026-08-07 00:35:00,7747.5,7739.25,39.25
"ATR_Vol_Breakout(14,k=1.5)",LONG,2026-08-07 00:35:00,2026-08-07 12:00:00,7739.25,7748.5,44.25
"ATR_Vol_Breakout(14,k=1.5)",SHORT,2026-08-07 12:00:00,2026-08-07 12:05:00,7748.5,7753.5,-27.0
"ATR_Vol_Breakout(14,k=1.5)",LONG,2026-08-07 12:05:00,2026-08-07 13:05:00,7753.5,7766.75,64.25
"ATR_Vol_Breakout(14,k=1.5)",SHORT,2026-08-07 13:05:00,2026-08-07 13:45:00,7766.75,7767.0,-3.25
"ATR_Vol_Breakout(14,k=1.5)",LONG,2026-08-07 13:45:00,2026-08-09 22:15:00,7767.0,7768.25,4.25
"ATR_Vol_Breakout(14,k=1.5)",SHORT,2026-08-09 22:15:00,2026-08-10 00:10:00,7768.25,7775.25,-37.0
"ATR_Vol_Breakout(14,k=1.5)",LONG,2026-08-10 00:10:00,2026-08-10 06:25:00,7775.25,7787.25,58.0
"ATR_Vol_Breakout(14,k=1.5)",SHORT,2026-08-10 06:25:00,2026-08-10 07:25:00,7787.25,7791.75,-24.5
"ATR_Vol_Breakout(14,k=1.5)",LONG,2026-08-10 07:25:00,2026-08-10 07:50:00,7791.75,7790.25,-9.5
"ATR_Vol_Breakout(14,k=1.5)",SHORT,2026-08-10 07:50:00,2026-08-10 20:00:00,7790.25,7778.0,59.25
"ATR_Vol_Breakout(14,k=1.5)",LONG,2026-08-10 20:00:00,2026-08-11 05:20:00,7778.0,7786.25,39.25
"ATR_Vol_Breakout(14,k=1.5)",SHORT,2026-08-11 05:20:00,2026-08-11 06:05:00,7786.25,7783.0,14.25
"ATR_Vol_Breakout(14,k=1.5)",LONG,2026-08-11 06:05:00,2026-08-11 06:20:00,7783.0,7779.0,-22.0
"ATR_Vol_Breakout(14,k=1.5)",SHORT,2026-08-11 06:20:00,2026-08-11 06:40:00,7779.0,7777.5,5.5
"ATR_Vol_Breakout(14,k=1.5)",LONG,2026-08-11 06:40:00,2026-08-11 11:20:00,7777.5,7788.0,50.5
"ATR_Vol_Breakout(14,k=1.5)",SHORT,2026-08-11 11:20:00,2026-08-11 14:00:00,7788.0,7782.25,26.75
"ATR_Vol_Breakout(14,k=1.5)",LONG,2026-08-11 14:00:00,2026-08-11 18:30:00,7782.25,7740.5,-210.75
"ATR_Vol_Breakout(14,k=1.5)",SHORT,2026-08-11 18:30:00,2026-08-11 23:55:00,7740.5,7755.0,-74.5
"ATR_Vol_Breakout(14,k=1.5)",LONG,2026-08-11 23:55:00,2026-08-12 00:05:00,7755.0,7751.5,-19.5
"ATR_Vol_Breakout(14,k=1.5)",SHORT,2026-08-12 00:05:00,2026-08-12 04:50:00,7751.5,7757.5,-32.0
"ATR_Vol_Breakout(14,k=1.5)",LONG,2026-08-12 04:50:00,2026-08-12 08:35:00,7757.5,7758.25,1.75
"ATR_Vol_Breakout(14,k=1.5)",SHORT,2026-08-12 08:35:00,2026-08-12 09:25:00,7758.25,7771.5,-68.25
"ATR_Vol_Breakout(14,k=1.5)",LONG,2026-08-12 09:25:00,2026-08-12 09:30:00,7771.5,7768.25,-18.25
"ATR_Vol_Breakout(14,k=1.5)",SHORT,2026-08-12 09:30:00,2026-08-12 12:30:00,7768.25,7783.0,-75.75
"ATR_Vol_Breakout(14,k=1.5)",LONG,2026-08-12 12:30:00,2026-08-12 13:35:00,7783.0,7775.0,-42.0
"ATR_Vol_Breakout(14,k=1.5)",SHORT,2026-08-12 13:35:00,2026-08-13 00:05:00,7775.0,7771.25,16.75
"ATR_Vol_Breakout(14,k=1.5)",LONG,2026-08-13 00:05:00,2026-08-13 00:30:00,7771.25,7769.0,-13.25
"ATR_Vol_Breakout(14,k=1.5)",SHORT,2026-08-13 00:30:00,2026-08-13 01:55:00,7769.0,7770.25,-8.25
"ATR_Vol_Breakout(14,k=1.5)",LONG,2026-08-13 01:55:00,2026-08-13 02:35:00,7770.25,7768.25,-12.0
"ATR_Vol_Breakout(14,k=1.5)",SHORT,2026-08-13 02:35:00,2026-08-13 02:45:00,7768.25,7773.25,-27.0
"ATR_Vol_Breakout(14,k=1.5)",LONG,2026-08-13 02:45:00,2026-08-13 04:15:00,7773.25,7773.5,-0.75
"ATR_Vol_Breakout(14,k=1.5)",SHORT,2026-08-13 04:15:00,2026-08-13 08:10:00,7773.5,7779.0,-29.5
"ATR_Vol_Breakout(14,k=1.5)",LONG,2026-08-13 08:10:00,2026-08-13 12:00:00,7779.0,7784.0,23.0
"ATR_Vol_Breakout(14,k=1.5)",SHORT,2026-08-13 12:00:00,2026-08-13 12:30:00,7784.0,7783.0,3.0
"ATR_Vol_Breakout(14,k=1.5)",LONG,2026-08-13 12:30:00,2026-08-13 13:45:00,7783.0,7801.5,90.5
"ATR_Vol_Breakout(14,k=1.5)",SHORT,2026-08-13 13:45:00,2026-08-13 13:50:00,7801.5,7813.0,-59.5
"ATR_Vol_Breakout(14,k=1.5)",LONG,2026-08-13 13:50:00,2026-08-13 14:50:00,7813.0,7821.0,38.0
"ATR_Vol_Breakout(14,k=1.5)",SHORT,2026-08-13 14:50:00,2026-08-13 19:10:00,7821.0,7828.25,-38.25
"ATR_Vol_Breakout(14,k=1.5)",LONG,2026-08-13 19:10:00,2026-08-14 01:05:00,7828.25,7821.25,-37.0
"ATR_Vol_Breakout(14,k=1.5)",SHORT,2026-08-14 01:05:00,2026-08-16 22:15:00,7821.25,7810.75,50.5
"ATR_Vol_Breakout(14,k=1.5)",LONG,2026-08-16 22:15:00,2026-08-17 00:20:00,7810.75,7809.0,-10.75
"ATR_Vol_Breakout(14,k=1.5)",SHORT,2026-08-17 00:20:00,2026-08-17 04:05:00,7809.0,7813.0,-22.0
"Supertrend(10,m=3.0)",SHORT,2026-05-31 23:00:00,2026-06-01 01:45:00,7601.5,7612.75,-58.25
"Supertrend(10,m=3.0)",LONG,2026-06-01 01:45:00,2026-06-01 03:45:00,7612.75,7612.75,-2.0
"Supertrend(10,m=3.0)",SHORT,2026-06-01 03:45:00,2026-06-01 07:05:00,7612.75,7619.5,-35.75
"Supertrend(10,m=3.0)",LONG,2026-06-01 07:05:00,2026-06-01 07:30:00,7619.5,7613.25,-33.25
"Supertrend(10,m=3.0)",SHORT,2026-06-01 07:30:00,2026-06-01 09:05:00,7613.25,7615.75,-14.5
"Supertrend(10,m=3.0)",LONG,2026-06-01 09:05:00,2026-06-01 12:05:00,7615.75,7612.75,-17.0
"Supertrend(10,m=3.0)",SHORT,2026-06-01 12:05:00,2026-06-01 15:40:00,7612.75,7602.25,50.5
"Supertrend(10,m=3.0)",LONG,2026-06-01 15:40:00,2026-06-01 19:55:00,7602.25,7611.75,45.5
"Supertrend(10,m=3.0)",SHORT,2026-06-01 19:55:00,2026-06-02 04:30:00,7611.75,7585.5,129.25
"Supertrend(10,m=3.0)",LONG,2026-06-02 04:30:00,2026-06-02 09:25:00,7585.5,7600.5,73.0
"Supertrend(10,m=3.0)",SHORT,2026-06-02 09:25:00,2026-06-02 13:50:00,7600.5,7604.25,-20.75
"Supertrend(10,m=3.0)",LONG,2026-06-02 13:50:00,2026-06-02 17:40:00,7604.25,7615.75,55.5
"Supertrend(10,m=3.0)",SHORT,2026-06-02 17:40:00,2026-06-02 20:05:00,7615.75,7627.5,-60.75
"Supertrend(10,m=3.0)",LONG,2026-06-02 20:05:00,2026-06-02 23:00:00,7627.5,7621.5,-32.0
"Supertrend(10,m=3.0)",SHORT,2026-06-02 23:00:00,2026-06-02 23:45:00,7621.5,7621.5,-2.0
"Supertrend(10,m=3.0)",LONG,2026-06-02 23:45:00,2026-06-03 05:35:00,7621.5,7619.75,-10.75
"Supertrend(10,m=3.0)",SHORT,2026-06-03 05:35:00,2026-06-03 11:35:00,7619.75,7619.25,0.5
"Supertrend(10,m=3.0)",LONG,2026-06-03 11:35:00,2026-06-03 12:30:00,7619.25,7611.25,-42.0
"Supertrend(10,m=3.0)",SHORT,2026-06-03 12:30:00,2026-06-03 17:55:00,7611.25,7583.75,135.5
"Supertrend(10,m=3.0)",LONG,2026-06-03 17:55:00,2026-06-03 20:00:00,7583.75,7572.5,-58.25
"Supertrend(10,m=3.0)",SHORT,2026-06-03 20:00:00,2026-06-04 00:35:00,7572.5,7547.0,125.5
"Supertrend(10,m=3.0)",LONG,2026-06-04 00:35:00,2026-06-04 02:15:00,7547.0,7534.0,-67.0
"Supertrend(10,m=3.0)",SHORT,2026-06-04 02:15:00,2026-06-04 04:15:00,7534.0,7546.25,-63.25
"Supertrend(10,m=3.0)",LONG,2026-06-04 04:15:00,2026-06-04 08:15:00,7546.25,7542.75,-19.5
"Supertrend(10,m=3.0)",SHORT,2026-06-04 08:15:00,2026-06-04 09:55:00,7542.75,7549.0,-33.25
"Supertrend(10,m=3.0)",LONG,2026-06-04 09:55:00,2026-06-04 10:45:00,7549.0,7535.0,-72.0
"Supertrend(10,m=3.0)",SHORT,2026-06-04 10:45:00,2026-06-04 11:55:00,7535.0,7543.25,-43.25
"Supertrend(10,m=3.0)",LONG,2026-06-04 11:55:00,2026-06-04 20:00:00,7543.25,7599.75,280.5
"Supertrend(10,m=3.0)",SHORT,2026-06-04 20:00:00,2026-06-05 02:10:00,7599.75,7562.0,186.75
"Supertrend(10,m=3.0)",LONG,2026-06-05 02:10:00,2026-06-05 06:25:00,7562.0,7555.0,-37.0
"Supertrend(10,m=3.0)",SHORT,2026-06-05 06:25:00,2026-06-05 08:20:00,7555.0,7559.5,-24.5
"Supertrend(10,m=3.0)",LONG,2026-06-05 08:20:00,2026-06-05 11:25:00,7559.5,7561.75,9.25
"Supertrend(10,m=3.0)",SHORT,2026-06-05 11:25:00,2026-06-07 22:10:00,7561.75,7369.0,961.75
"Supertrend(10,m=3.0)",LONG,2026-06-07 22:10:00,2026-06-08 01:30:00,7369.0,7393.0,118.0
"Supertrend(10,m=3.0)",SHORT,2026-06-08 01:30:00,2026-06-08 06:30:00,7393.0,7407.25,-73.25
"Supertrend(10,m=3.0)",LONG,2026-06-08 06:30:00,2026-06-08 13:35:00,7407.25,7445.5,189.25
"Supertrend(10,m=3.0)",SHORT,2026-06-08 13:35:00,2026-06-08 15:00:00,7445.5,7473.0,-139.5
"Supertrend(10,m=3.0)",LONG,2026-06-08 15:00:00,2026-06-08 17:05:00,7473.0,7429.75,-218.25
"Supertrend(10,m=3.0)",SHORT,2026-06-08 17:05:00,2026-06-08 23:15:00,7429.75,7416.0,66.75
"Supertrend(10,m=3.0)",LONG,2026-06-08 23:15:00,2026-06-09 00:10:00,7416.0,7395.75,-103.25
"Supertrend(10,m=3.0)",SHORT,2026-06-09 00:10:00,2026-06-09 01:25:00,7395.75,7413.75,-92.0
"Supertrend(10,m=3.0)",LONG,2026-06-09 01:25:00,2026-06-09 14:15:00,7413.75,7437.0,114.25
"Supertrend(10,m=3.0)",SHORT,2026-06-09 14:15:00,2026-06-09 17:25:00,7437.0,7326.0,553.0
"Supertrend(10,m=3.0)",LONG,2026-06-09 17:25:00,2026-06-10 00:45:00,7326.0,7368.0,208.0
"Supertrend(10,m=3.0)",SHORT,2026-06-10 00:45:00,2026-06-10 06:05:00,7368.0,7372.0,-22.0
"Supertrend(10,m=3.0)",LONG,2026-06-10 06:05:00,2026-06-10 08:05:00,7372.0,7358.0,-72.0
"Supertrend(10,m=3.0)",SHORT,2026-06-10 08:05:00,2026-06-10 12:35:00,7358.0,7353.75,19.25
"Supertrend(10,m=3.0)",LONG,2026-06-10 12:35:00,2026-06-10 15:10:00,7353.75,7338.25,-79.5
"Supertrend(10,m=3.0)",SHORT,2026-06-10 15:10:00,2026-06-11 00:20:00,7338.25,7274.5,316.75
"Supertrend(10,m=3.0)",LONG,2026-06-11 00:20:00,2026-06-11 02:35:00,7274.5,7276.25,6.75
"Supertrend(10,m=3.0)",SHORT,2026-06-11 02:35:00,2026-06-11 03:55:00,7276.25,7302.75,-134.5
"Supertrend(10,m=3.0)",LONG,2026-06-11 03:55:00,2026-06-11 06:10:00,7302.75,7299.0,-20.75
"Supertrend(10,m=3.0)",SHORT,2026-06-11 06:10:00,2026-06-11 06:55:00,7299.0,7313.5,-74.5
"Supertrend(10,m=3.0)",LONG,2026-06-11 06:55:00,2026-06-11 11:05:00,7313.5,7325.5,58.0
"Supertrend(10,m=3.0)",SHORT,2026-06-11 11:05:00,2026-06-11 12:05:00,7325.5,7333.5,-42.0
"Supertrend(10,m=3.0)",LONG,2026-06-11 12:05:00,2026-06-11 12:25:00,7333.5,7309.25,-123.25
"Supertrend(10,m=3.0)",SHORT,2026-06-11 12:25:00,2026-06-11 13:55:00,7309.25,7330.25,-107.0
"Supertrend(10,m=3.0)",LONG,2026-06-11 13:55:00,2026-06-11 15:00:00,7330.25,7275.5,-275.75
"Supertrend(10,m=3.0)",SHORT,2026-06-11 15:00:00,2026-06-11 17:30:00,7275.5,7345.25,-350.75
"Supertrend(10,m=3.0)",LONG,2026-06-11 17:30:00,2026-06-12 01:25:00,7345.25,7400.75,275.5
"Supertrend(10,m=3.0)",SHORT,2026-06-12 01:25:00,2026-06-12 02:10:00,7400.75,7414.25,-69.5
"Supertrend(10,m=3.0)",LONG,2026-06-12 02:10:00,2026-06-12 05:50:00,7414.25,7396.25,-92.0
"Supertrend(10,m=3.0)",SHORT,2026-06-12 05:50:00,2026-06-12 08:00:00,7396.25,7401.0,-25.75
"Supertrend(10,m=3.0)",LONG,2026-06-12 08:00:00,2026-06-12 10:30:00,7401.0,7421.75,101.75
"Supertrend(10,m=3.0)",SHORT,2026-06-12 10:30:00,2026-06-12 11:55:00,7421.75,7447.5,-130.75
"Supertrend(10,m=3.0)",LONG,2026-06-12 11:55:00,2026-06-12 12:30:00,7447.5,7425.25,-113.25
"Supertrend(10,m=3.0)",SHORT,2026-06-12 12:30:00,2026-06-12 14:10:00,7425.25,7418.25,33.0
"Supertrend(10,m=3.0)",LONG,2026-06-12 14:10:00,2026-06-12 15:50:00,7418.25,7412.0,-33.25
"Supertrend(10,m=3.0)",SHORT,2026-06-12 15:50:00,2026-06-14 22:15:00,7412.0,7500.75,-445.75
"Supertrend(10,m=3.0)",LONG,2026-06-14 22:15:00,2026-06-15 06:55:00,7500.75,7524.25,115.5
"Supertrend(10,m=3.0)",SHORT,2026-06-15 06:55:00,2026-06-15 09:35:00,7524.25,7584.75,-304.5
"Supertrend(10,m=3.0)",LONG,2026-06-15 09:35:00,2026-06-15 12:30:00,7584.75,7589.5,21.75
"Supertrend(10,m=3.0)",SHORT,2026-06-15 12:30:00,2026-06-15 13:35:00,7589.5,7608.25,-95.75
"Supertrend(10,m=3.0)",LONG,2026-06-15 13:35:00,2026-06-15 18:05:00,7608.25,7629.5,104.25
"Supertrend(10,m=3.0)",SHORT,2026-06-15 18:05:00,2026-06-16 03:35:00,7629.5,7624.75,21.75
"Supertrend(10,m=3.0)",LONG,2026-06-16 03:35:00,2026-06-16 04:50:00,7624.75,7617.75,-37.0
"Supertrend(10,m=3.0)",SHORT,2026-06-16 04:50:00,2026-06-16 05:20:00,7617.75,7624.5,-35.75
"Supertrend(10,m=3.0)",LONG,2026-06-16 05:20:00,2026-06-16 12:25:00,7624.5,7623.25,-8.25
"Supertrend(10,m=3.0)",SHORT,2026-06-16 12:25:00,2026-06-16 13:35:00,7623.25,7634.75,-59.5
"Supertrend(10,m=3.0)",LONG,2026-06-16 13:35:00,2026-06-16 14:25:00,7634.75,7617.25,-89.5
"Supertrend(10,m=3.0)",SHORT,2026-06-16 14:25:00,2026-06-16 22:25:00,7617.25,7594.5,111.75
"Supertrend(10,m=3.0)",LONG,2026-06-16 22:25:00,2026-06-17 07:35:00,7594.5,7604.0,45.5
"Supertrend(10,m=3.0)",SHORT,2026-06-17 07:35:00,2026-06-17 12:55:00,7604.0,7595.75,39.25
"Supertrend(10,m=3.0)",LONG,2026-06-17 12:55:00,2026-06-17 13:40:00,7595.75,7586.5,-48.25
"Supertrend(10,m=3.0)",SHORT,2026-06-17 13:40:00,2026-06-17 14:25:00,7586.5,7603.75,-88.25
"Supertrend(10,m=3.0)",LONG,2026-06-17 14:25:00,2026-06-17 14:50:00,7603.75,7576.0,-140.75
"Supertrend(10,m=3.0)",SHORT,2026-06-17 14:50:00,2026-06-17 18:45:00,7576.0,7580.25,-23.25
"Supertrend(10,m=3.0)",LONG,2026-06-17 18:45:00,2026-06-17 19:25:00,7580.25,7498.25,-412.0
"Supertrend(10,m=3.0)",SHORT,2026-06-17 19:25:00,2026-06-17 23:30:00,7498.25,7538.0,-200.75
"Supertrend(10,m=3.0)",LONG,2026-06-17 23:30:00,2026-06-18 04:20:00,7538.0,7547.75,46.75
"Supertrend(10,m=3.0)",SHORT,2026-06-18 04:20:00,2026-06-18 06:30:00,7547.75,7550.25,-14.5
"Supertrend(10,m=3.0)",LONG,2026-06-18 06:30:00,2026-06-18 08:55:00,7550.25,7553.0,11.75
"Supertrend(10,m=3.0)",SHORT,2026-06-18 08:55:00,2026-06-18 09:50:00,7553.0,7563.0,-52.0
"Supertrend(10,m=3.0)",LONG,2026-06-18 09:50:00,2026-06-18 10:45:00,7563.0,7552.25,-55.75
"Supertrend(10,m=3.0)",SHORT,2026-06-18 10:45:00,2026-06-18 12:25:00,7552.25,7553.25,-7.0
"Supertrend(10,m=3.0)",LONG,2026-06-18 12:25:00,2026-06-18 13:40:00,7553.25,7544.0,-48.25
"Supertrend(10,m=3.0)",SHORT,2026-06-18 13:40:00,2026-06-18 17:10:00,7544.0,7571.75,-140.75
"Supertrend(10,m=3.0)",LONG,2026-06-18 17:10:00,2026-06-18 19:10:00,7571.75,7556.25,-79.5
"Supertrend(10,m=3.0)",SHORT,2026-06-18 19:10:00,2026-06-18 19:40:00,7556.25,7567.25,-57.0
"Supertrend(10,m=3.0)",LONG,2026-06-18 19:40:00,2026-06-18 22:40:00,7567.25,7561.25,-32.0
"Supertrend(10,m=3.0)",SHORT,2026-06-18 22:40:00,2026-06-21 22:05:00,7561.25,7547.75,65.5
"Supertrend(10,m=3.0)",LONG,2026-06-21 22:05:00,2026-06-21 22:15:00,7547.75,7532.5,-78.25
"Supertrend(10,m=3.0)",SHORT,2026-06-21 22:15:00,2026-06-22 01:05:00,7532.5,7553.0,-104.5
"Supertrend(10,m=3.0)",LONG,2026-06-22 01:05:00,2026-06-22 04:05:00,7553.0,7533.5,-99.5
"Supertrend(10,m=3.0)",SHORT,2026-06-22 04:05:00,2026-06-22 05:15:00,7533.5,7545.25,-60.75
"Supertrend(10,m=3.0)",LONG,2026-06-22 05:15:00,2026-06-22 08:05:00,7545.25,7557.0,56.75
"Supertrend(10,m=3.0)",SHORT,2026-06-22 08:05:00,2026-06-22 11:05:00,7557.0,7567.0,-52.0
"Supertrend(10,m=3.0)",LONG,2026-06-22 11:05:00,2026-06-22 14:30:00,7567.0,7561.25,-30.75
"Supertrend(10,m=3.0)",SHORT,2026-06-22 14:30:00,2026-06-23 00:45:00,7561.25,7541.0,99.25
"Supertrend(10,m=3.0)",LONG,2026-06-23 00:45:00,2026-06-23 01:40:00,7541.0,7525.5,-79.5
"Supertrend(10,m=3.0)",SHORT,2026-06-23 01:40:00,2026-06-23 10:05:00,7525.5,7447.75,386.75
"Supertrend(10,m=3.0)",LONG,2026-06-23 10:05:00,2026-06-23 12:35:00,7447.75,7428.0,-100.75
"Supertrend(10,m=3.0)",SHORT,2026-06-23 12:35:00,2026-06-23 13:50:00,7428.0,7457.75,-150.75
"Supertrend(10,m=3.0)",LONG,2026-06-23 13:50:00,2026-06-23 15:20:00,7457.75,7446.5,-58.25
"Supertrend(10,m=3.0)",SHORT,2026-06-23 15:20:00,2026-06-23 16:15:00,7446.5,7469.5,-117.0
"Supertrend(10,m=3.0)",LONG,2026-06-23 16:15:00,2026-06-23 18:20:00,7469.5,7451.5,-92.0
"Supertrend(10,m=3.0)",SHORT,2026-06-23 18:20:00,2026-06-23 23:50:00,7451.5,7446.75,21.75
"Supertrend(10,m=3.0)",LONG,2026-06-23 23:50:00,2026-06-24 02:50:00,7446.75,7436.0,-55.75
"Supertrend(10,m=3.0)",SHORT,2026-06-24 02:50:00,2026-06-24 03:35:00,7436.0,7449.25,-68.25
"Supertrend(10,m=3.0)",LONG,2026-06-24 03:35:00,2026-06-24 08:00:00,7449.25,7443.0,-33.25
"Supertrend(10,m=3.0)",SHORT,2026-06-24 08:00:00,2026-06-24 10:45:00,7443.0,7455.25,-63.25
"Supertrend(10,m=3.0)",LONG,2026-06-24 10:45:00,2026-06-24 13:10:00,7455.25,7446.75,-44.5
"Supertrend(10,m=3.0)",SHORT,2026-06-24 13:10:00,2026-06-24 13:35:00,7446.75,7463.5,-85.75
"Supertrend(10,m=3.0)",LONG,2026-06-24 13:35:00,2026-06-24 16:55:00,7463.5,7454.0,-49.5
"Supertrend(10,m=3.0)",SHORT,2026-06-24 16:55:00,2026-06-24 20:05:00,7454.0,7450.5,15.5
"Supertrend(10,m=3.0)",LONG,2026-06-24 20:05:00,2026-06-25 00:35:00,7450.5,7461.5,53.0
"Supertrend(10,m=3.0)",SHORT,2026-06-25 00:35:00,2026-06-25 04:05:00,7461.5,7466.5,-27.0
"Supertrend(10,m=3.0)",LONG,2026-06-25 04:05:00,2026-06-25 08:55:00,7466.5,7478.25,56.75
"Supertrend(10,m=3.0)",SHORT,2026-06-25 08:55:00,2026-06-25 12:35:00,7478.25,7489.5,-58.25
"Supertrend(10,m=3.0)",LONG,2026-06-25 12:35:00,2026-06-25 13:35:00,7489.5,7469.5,-102.0
"Supertrend(10,m=3.0)",SHORT,2026-06-25 13:35:00,2026-06-25 14:10:00,7469.5,7445.0,120.5
"Supertrend(10,m=3.0)",LONG,2026-06-25 14:10:00,2026-06-25 17:50:00,7445.0,7413.25,-160.75
"Supertrend(10,m=3.0)",SHORT,2026-06-25 17:50:00,2026-06-25 18:30:00,7413.25,7454.25,-207.0
"Supertrend(10,m=3.0)",LONG,2026-06-25 18:30:00,2026-06-25 22:15:00,7454.25,7420.75,-169.5
"Supertrend(10,m=3.0)",SHORT,2026-06-25 22:15:00,2026-06-25 23:20:00,7420.75,7447.25,-134.5
"Supertrend(10,m=3.0)",LONG,2026-06-25 23:20:00,2026-06-25 23:45:00,7447.25,7430.5,-85.75
"Supertrend(10,m=3.0)",SHORT,2026-06-25 23:45:00,2026-06-26 04:05:00,7430.5,7383.25,234.25
"Supertrend(10,m=3.0)",LONG,2026-06-26 04:05:00,2026-06-26 08:50:00,7383.25,7392.0,41.75
"Supertrend(10,m=3.0)",SHORT,2026-06-26 08:50:00,2026-06-26 14:00:00,7392.0,7401.25,-48.25
"Supertrend(10,m=3.0)",LONG,2026-06-26 14:00:00,2026-06-26 18:50:00,7401.25,7413.0,56.75
"Supertrend(10,m=3.0)",SHORT,2026-06-26 18:50:00,2026-06-28 22:15:00,7413.0,7435.25,-113.25
"Supertrend(10,m=3.0)",LONG,2026-06-28 22:15:00,2026-06-29 00:20:00,7435.25,7432.75,-14.5
"Supertrend(10,m=3.0)",SHORT,2026-06-29 00:20:00,2026-06-29 03:05:00,7432.75,7446.75,-72.0
"Supertrend(10,m=3.0)",LONG,2026-06-29 03:05:00,2026-06-29 07:05:00,7446.75,7440.5,-33.25
"Supertrend(10,m=3.0)",SHORT,2026-06-29 07:05:00,2026-06-29 08:05:00,7440.5,7455.5,-77.0
"Supertrend(10,m=3.0)",LONG,2026-06-29 08:05:00,2026-06-29 14:05:00,7455.5,7450.0,-29.5
"Supertrend(10,m=3.0)",SHORT,2026-06-29 14:05:00,2026-06-29 14:35:00,7450.0,7462.75,-65.75
"Supertrend(10,m=3.0)",LONG,2026-06-29 14:35:00,2026-06-30 00:35:00,7462.75,7486.0,114.25
"Supertrend(10,m=3.0)",SHORT,2026-06-30 00:35:00,2026-06-30 01:30:00,7486.0,7499.0,-67.0
"Supertrend(10,m=3.0)",LONG,2026-06-30 01:30:00,2026-06-30 06:35:00,7499.0,7503.0,18.0
"Supertrend(10,m=3.0)",SHORT,2026-06-30 06:35:00,2026-06-30 10:55:00,7503.0,7510.75,-40.75
"Supertrend(10,m=3.0)",LONG,2026-06-30 10:55:00,2026-06-30 12:05:00,7510.75,7505.25,-29.5
"Supertrend(10,m=3.0)",SHORT,2026-06-30 12:05:00,2026-06-30 13:55:00,7505.25,7518.75,-69.5
"Supertrend(10,m=3.0)",LONG,2026-06-30 13:55:00,2026-06-30 20:00:00,7518.75,7544.75,128.0
"Supertrend(10,m=3.0)",SHORT,2026-06-30 20:00:00,2026-07-01 08:20:00,7544.75,7525.5,94.25
"Supertrend(10,m=3.0)",LONG,2026-07-01 08:20:00,2026-07-01 11:55:00,7525.5,7530.5,23.0
"Supertrend(10,m=3.0)",SHORT,2026-07-01 11:55:00,2026-07-01 14:00:00,7530.5,7536.75,-33.25
"Supertrend(10,m=3.0)",LONG,2026-07-01 14:00:00,2026-07-01 17:00:00,7536.75,7559.75,113.0
"Supertrend(10,m=3.0)",SHORT,2026-07-01 17:00:00,2026-07-02 00:55:00,7559.75,7540.5,94.25
"Supertrend(10,m=3.0)",LONG,2026-07-02 00:55:00,2026-07-02 04:20:00,7540.5,7548.5,38.0
"Supertrend(10,m=3.0)",SHORT,2026-07-02 04:20:00,2026-07-02 05:10:00,7548.5,7553.0,-24.5
"Supertrend(10,m=3.0)",LONG,2026-07-02 05:10:00,2026-07-02 05:40:00,7553.0,7543.0,-52.0
"Supertrend(10,m=3.0)",SHORT,2026-07-02 05:40:00,2026-07-02 08:35:00,7543.0,7540.75,9.25
"Supertrend(10,m=3.0)",LONG,2026-07-02 08:35:00,2026-07-02 13:10:00,7540.75,7554.5,66.75
"Supertrend(10,m=3.0)",SHORT,2026-07-02 13:10:00,2026-07-02 13:45:00,7554.5,7578.5,-122.0
"Supertrend(10,m=3.0)",LONG,2026-07-02 13:45:00,2026-07-02 14:30:00,7578.5,7559.75,-95.75
"Supertrend(10,m=3.0)",SHORT,2026-07-02 14:30:00,2026-07-02 19:55:00,7559.75,7523.0,181.75
"Supertrend(10,m=3.0)",LONG,2026-07-02 19:55:00,2026-07-06 01:50:00,7523.0,7552.5,145.5
"Supertrend(10,m=3.0)",SHORT,2026-07-06 01:50:00,2026-07-06 07:20:00,7552.5,7558.75,-33.25
"Supertrend(10,m=3.0)",LONG,2026-07-06 07:20:00,2026-07-06 12:00:00,7558.75,7556.5,-13.25
"Supertrend(10,m=3.0)",SHORT,2026-07-06 12:00:00,2026-07-06 13:30:00,7556.5,7564.75,-43.25
"Supertrend(10,m=3.0)",LONG,2026-07-06 13:30:00,2026-07-06 17:45:00,7564.75,7579.5,71.75
"Supertrend(10,m=3.0)",SHORT,2026-07-06 17:45:00,2026-07-06 18:25:00,7579.5,7593.5,-72.0
"Supertrend(10,m=3.0)",LONG,2026-07-06 18:25:00,2026-07-06 23:20:00,7593.5,7592.25,-8.25
"Supertrend(10,m=3.0)",SHORT,2026-07-06 23:20:00,2026-07-07 00:25:00,7592.25,7593.25,-7.0
"Supertrend(10,m=3.0)",LONG,2026-07-07 00:25:00,2026-07-07 01:20:00,7593.25,7584.75,-44.5
"Supertrend(10,m=3.0)",SHORT,2026-07-07 01:20:00,2026-07-07 05:55:00,7584.75,7572.25,60.5
"Supertrend(10,m=3.0)",LONG,2026-07-07 05:55:00,2026-07-07 11:05:00,7572.25,7574.75,10.5
"Supertrend(10,m=3.0)",SHORT,2026-07-07 11:05:00,2026-07-07 12:10:00,7574.75,7582.75,-42.0
"Supertrend(10,m=3.0)",LONG,2026-07-07 12:10:00,2026-07-07 13:35:00,7582.75,7572.75,-52.0
"Supertrend(10,m=3.0)",SHORT,2026-07-07 13:35:00,2026-07-07 16:15:00,7572.75,7558.0,71.75
"Supertrend(10,m=3.0)",LONG,2026-07-07 16:15:00,2026-07-07 18:55:00,7558.0,7555.25,-15.75
"Supertrend(10,m=3.0)",SHORT,2026-07-07 18:55:00,2026-07-08 00:25:00,7555.25,7555.0,-0.75
"Supertrend(10,m=3.0)",LONG,2026-07-08 00:25:00,2026-07-08 02:15:00,7555.0,7548.0,-37.0
"Supertrend(10,m=3.0)",SHORT,2026-07-08 02:15:00,2026-07-08 03:30:00,7548.0,7559.75,-60.75
"Supertrend(10,m=3.0)",LONG,2026-07-08 03:30:00,2026-07-08 04:40:00,7559.75,7550.25,-49.5
"Supertrend(10,m=3.0)",SHORT,2026-07-08 04:40:00,2026-07-08 11:45:00,7550.25,7498.0,259.25
"Supertrend(10,m=3.0)",LONG,2026-07-08 11:45:00,2026-07-08 14:50:00,7498.0,7488.0,-52.0
"Supertrend(10,m=3.0)",SHORT,2026-07-08 14:50:00,2026-07-08 16:40:00,7488.0,7507.25,-98.25
"Supertrend(10,m=3.0)",LONG,2026-07-08 16:40:00,2026-07-09 03:05:00,7507.25,7527.0,96.75
"Supertrend(10,m=3.0)",SHORT,2026-07-09 03:05:00,2026-07-09 03:45:00,7527.0,7539.5,-64.5
"Supertrend(10,m=3.0)",LONG,2026-07-09 03:45:00,2026-07-09 08:50:00,7539.5,7542.5,13.0
"Supertrend(10,m=3.0)",SHORT,2026-07-09 08:50:00,2026-07-09 11:50:00,7542.5,7543.5,-7.0
"Supertrend(10,m=3.0)",LONG,2026-07-09 11:50:00,2026-07-09 14:20:00,7543.5,7536.5,-37.0
"Supertrend(10,m=3.0)",SHORT,2026-07-09 14:20:00,2026-07-09 15:10:00,7536.5,7569.75,-168.25
"Supertrend(10,m=3.0)",LONG,2026-07-09 15:10:00,2026-07-09 19:10:00,7569.75,7582.0,59.25
"Supertrend(10,m=3.0)",SHORT,2026-07-09 19:10:00,2026-07-10 02:55:00,7582.0,7584.75,-15.75
"Supertrend(10,m=3.0)",LONG,2026-07-10 02:55:00,2026-07-10 04:50:00,7584.75,7579.5,-28.25
"Supertrend(10,m=3.0)",SHORT,2026-07-10 04:50:00,2026-07-10 07:20:00,7579.5,7577.75,6.75
"Supertrend(10,m=3.0)",LONG,2026-07-10 07:20:00,2026-07-10 07:55:00,7577.75,7570.75,-37.0
"Supertrend(10,m=3.0)",SHORT,2026-07-10 07:55:00,2026-07-10 09:15:00,7570.75,7580.25,-49.5
"Supertrend(10,m=3.0)",LONG,2026-07-10 09:15:00,2026-07-10 11:35:00,7580.25,7584.25,18.0
"Supertrend(10,m=3.0)",SHORT,2026-07-10 11:35:00,2026-07-10 12:15:00,7584.25,7589.0,-25.75
"Supertrend(10,m=3.0)",LONG,2026-07-10 12:15:00,2026-07-10 14:35:00,7589.0,7581.25,-40.75
"Supertrend(10,m=3.0)",SHORT,2026-07-10 14:35:00,2026-07-10 16:50:00,7581.25,7610.75,-149.5
"Supertrend(10,m=3.0)",LONG,2026-07-10 16:50:00,2026-07-12 22:15:00,7610.75,7593.5,-88.25
"Supertrend(10,m=3.0)",SHORT,2026-07-12 22:15:00,2026-07-13 00:05:00,7593.5,7605.5,-62.0
"Supertrend(10,m=3.0)",LONG,2026-07-13 00:05:00,2026-07-13 00:55:00,7605.5,7595.75,-50.75
"Supertrend(10,m=3.0)",SHORT,2026-07-13 00:55:00,2026-07-13 05:15:00,7595.75,7583.75,58.0
"Supertrend(10,m=3.0)",LONG,2026-07-13 05:15:00,2026-07-13 05:25:00,7583.75,7572.75,-57.0
"Supertrend(10,m=3.0)",SHORT,2026-07-13 05:25:00,2026-07-13 06:30:00,7572.75,7583.5,-55.75
"Supertrend(10,m=3.0)",LONG,2026-07-13 06:30:00,2026-07-13 11:55:00,7583.5,7594.0,50.5
"Supertrend(10,m=3.0)",SHORT,2026-07-13 11:55:00,2026-07-13 13:05:00,7594.0,7598.25,-23.25
"Supertrend(10,m=3.0)",LONG,2026-07-13 13:05:00,2026-07-13 14:20:00,7598.25,7590.0,-43.25
"Supertrend(10,m=3.0)",SHORT,2026-07-13 14:20:00,2026-07-14 00:15:00,7590.0,7556.0,168.0
"Supertrend(10,m=3.0)",LONG,2026-07-14 00:15:00,2026-07-14 03:05:00,7556.0,7538.0,-92.0
"Supertrend(10,m=3.0)",SHORT,2026-07-14 03:05:00,2026-07-14 04:30:00,7538.0,7548.75,-55.75
"Supertrend(10,m=3.0)",LONG,2026-07-14 04:30:00,2026-07-14 06:45:00,7548.75,7563.75,73.0
"Supertrend(10,m=3.0)",SHORT,2026-07-14 06:45:00,2026-07-14 12:35:00,7563.75,7595.5,-160.75
"Supertrend(10,m=3.0)",LONG,2026-07-14 12:35:00,2026-07-15 00:45:00,7595.5,7594.0,-9.5
"Supertrend(10,m=3.0)",SHORT,2026-07-15 00:45:00,2026-07-15 02:35:00,7594.0,7606.0,-62.0
"Supertrend(10,m=3.0)",LONG,2026-07-15 02:35:00,2026-07-15 07:25:00,7606.0,7602.25,-20.75
"Supertrend(10,m=3.0)",SHORT,2026-07-15 07:25:00,2026-07-15 09:00:00,7602.25,7606.75,-24.5
"Supertrend(10,m=3.0)",LONG,2026-07-15 09:00:00,2026-07-15 10:25:00,7606.75,7600.25,-34.5
"Supertrend(10,m=3.0)",SHORT,2026-07-15 10:25:00,2026-07-15 12:35:00,7600.25,7605.0,-25.75
"Supertrend(10,m=3.0)",LONG,2026-07-15 12:35:00,2026-07-15 14:55:00,7605.0,7600.75,-23.25
"Supertrend(10,m=3.0)",SHORT,2026-07-15 14:55:00,2026-07-15 17:30:00,7600.75,7598.5,9.25
"Supertrend(10,m=3.0)",LONG,2026-07-15 17:30:00,2026-07-15 19:00:00,7598.5,7602.0,15.5
"Supertrend(10,m=3.0)",SHORT,2026-07-15 19:00:00,2026-07-15 22:05:00,7602.0,7620.75,-95.75
"Supertrend(10,m=3.0)",LONG,2026-07-15 22:05:00,2026-07-16 01:15:00,7620.75,7614.75,-32.0
"Supertrend(10,m=3.0)",SHORT,2026-07-16 01:15:00,2026-07-16 03:00:00,7614.75,7622.75,-42.0
"Supertrend(10,m=3.0)",LONG,2026-07-16 03:00:00,2026-07-16 05:40:00,7622.75,7618.0,-25.75
"Supertrend(10,m=3.0)",SHORT,2026-07-16 05:40:00,2026-07-16 08:50:00,7618.0,7609.5,40.5
"Supertrend(10,m=3.0)",LONG,2026-07-16 08:50:00,2026-07-16 10:25:00,7609.5,7602.0,-39.5
"Supertrend(10,m=3.0)",SHORT,2026-07-16 10:25:00,2026-07-16 14:10:00,7602.0,7603.0,-7.0
"Supertrend(10,m=3.0)",LONG,2026-07-16 14:10:00,2026-07-16 16:15:00,7603.0,7589.0,-72.0
"Supertrend(10,m=3.0)",SHORT,2026-07-16 16:15:00,2026-07-16 20:00:00,7589.0,7577.25,56.75
"Supertrend(10,m=3.0)",LONG,2026-07-16 20:00:00,2026-07-16 23:25:00,7577.25,7560.0,-88.25
"Supertrend(10,m=3.0)",SHORT,2026-07-16 23:25:00,2026-07-17 03:30:00,7560.0,7539.5,100.5
"Supertrend(10,m=3.0)",LONG,2026-07-17 03:30:00,2026-07-17 03:50:00,7539.5,7527.5,-62.0
"Supertrend(10,m=3.0)",SHORT,2026-07-17 03:50:00,2026-07-17 06:25:00,7527.5,7520.75,31.75
"Supertrend(10,m=3.0)",LONG,2026-07-17 06:25:00,2026-07-17 08:15:00,7520.75,7507.5,-68.25
"Supertrend(10,m=3.0)",SHORT,2026-07-17 08:15:00,2026-07-17 10:10:00,7507.5,7512.75,-28.25
"Supertrend(10,m=3.0)",LONG,2026-07-17 10:10:00,2026-07-17 12:50:00,7512.75,7503.75,-47.0
"Supertrend(10,m=3.0)",SHORT,2026-07-17 12:50:00,2026-07-17 13:55:00,7503.75,7504.5,-5.75
"Supertrend(10,m=3.0)",LONG,2026-07-17 13:55:00,2026-07-17 18:10:00,7504.5,7508.5,18.0
"Supertrend(10,m=3.0)",SHORT,2026-07-17 18:10:00,2026-07-20 00:00:00,7508.5,7504.5,18.0
"Supertrend(10,m=3.0)",LONG,2026-07-20 00:00:00,2026-07-20 01:45:00,7504.5,7495.25,-48.25
"Supertrend(10,m=3.0)",SHORT,2026-07-20 01:45:00,2026-07-20 04:40:00,7495.25,7510.5,-78.25
"Supertrend(10,m=3.0)",LONG,2026-07-20 04:40:00,2026-07-20 05:25:00,7510.5,7501.0,-49.5
"Supertrend(10,m=3.0)",SHORT,2026-07-20 05:25:00,2026-07-20 07:25:00,7501.0,7504.25,-18.25
"Supertrend(10,m=3.0)",LONG,2026-07-20 07:25:00,2026-07-20 12:05:00,7504.25,7525.0,101.75
"Supertrend(10,m=3.0)",SHORT,2026-07-20 12:05:00,2026-07-20 13:35:00,7525.0,7544.75,-100.75
"Supertrend(10,m=3.0)",LONG,2026-07-20 13:35:00,2026-07-20 13:55:00,7544.75,7528.75,-82.0
"Supertrend(10,m=3.0)",SHORT,2026-07-20 13:55:00,2026-07-20 16:10:00,7528.75,7531.75,-17.0
"Supertrend(10,m=3.0)",LONG,2026-07-20 16:10:00,2026-07-20 17:05:00,7531.75,7509.75,-112.0
"Supertrend(10,m=3.0)",SHORT,2026-07-20 17:05:00,2026-07-20 23:20:00,7509.75,7487.0,111.75
"Supertrend(10,m=3.0)",LONG,2026-07-20 23:20:00,2026-07-21 00:05:00,7487.0,7479.75,-38.25
"Supertrend(10,m=3.0)",SHORT,2026-07-21 00:05:00,2026-07-21 00:35:00,7479.75,7492.0,-63.25
"Supertrend(10,m=3.0)",LONG,2026-07-21 00:35:00,2026-07-21 07:30:00,7492.0,7517.0,123.0
"Supertrend(10,m=3.0)",SHORT,2026-07-21 07:30:00,2026-07-21 09:05:00,7517.0,7525.5,-44.5
"Supertrend(10,m=3.0)",LONG,2026-07-21 09:05:00,2026-07-21 11:05:00,7525.5,7517.75,-40.75
"Supertrend(10,m=3.0)",SHORT,2026-07-21 11:05:00,2026-07-21 13:30:00,7517.75,7526.0,-43.25
"Supertrend(10,m=3.0)",LONG,2026-07-21 13:30:00,2026-07-21 13:45:00,7526.0,7507.75,-93.25
"Supertrend(10,m=3.0)",SHORT,2026-07-21 13:45:00,2026-07-21 14:30:00,7507.75,7531.75,-122.0
"Supertrend(10,m=3.0)",LONG,2026-07-21 14:30:00,2026-07-21 22:50:00,7531.75,7538.75,33.0
"Supertrend(10,m=3.0)",SHORT,2026-07-21 22:50:00,2026-07-22 00:05:00,7538.75,7546.75,-42.0
"Supertrend(10,m=3.0)",LONG,2026-07-22 00:05:00,2026-07-22 01:10:00,7546.75,7536.75,-52.0
"Supertrend(10,m=3.0)",SHORT,2026-07-22 01:10:00,2026-07-22 09:05:00,7536.75,7528.75,38.0
"Supertrend(10,m=3.0)",LONG,2026-07-22 09:05:00,2026-07-22 11:45:00,7528.75,7516.25,-64.5
"Supertrend(10,m=3.0)",SHORT,2026-07-22 11:45:00,2026-07-22 13:30:00,7516.25,7527.75,-59.5
"Supertrend(10,m=3.0)",LONG,2026-07-22 13:30:00,2026-07-22 14:45:00,7527.75,7529.75,8.0
"Supertrend(10,m=3.0)",SHORT,2026-07-22 14:45:00,2026-07-22 15:25:00,7529.75,7556.0,-133.25
"Supertrend(10,m=3.0)",LONG,2026-07-22 15:25:00,2026-07-22 17:55:00,7556.0,7549.25,-35.75
"Supertrend(10,m=3.0)",SHORT,2026-07-22 17:55:00,2026-07-22 20:15:00,7549.25,7552.75,-19.5
"Supertrend(10,m=3.0)",LONG,2026-07-22 20:15:00,2026-07-22 22:05:00,7552.75,7524.5,-143.25
"Supertrend(10,m=3.0)",SHORT,2026-07-22 22:05:00,2026-07-23 00:00:00,7524.5,7530.5,-32.0
"Supertrend(10,m=3.0)",LONG,2026-07-23 00:00:00,2026-07-23 02:15:00,7530.5,7536.25,26.75
"Supertrend(10,m=3.0)",SHORT,2026-07-23 02:15:00,2026-07-23 05:30:00,7536.25,7533.5,11.75
"Supertrend(10,m=3.0)",LONG,2026-07-23 05:30:00,2026-07-23 05:55:00,7533.5,7521.5,-62.0
"Supertrend(10,m=3.0)",SHORT,2026-07-23 05:55:00,2026-07-23 08:10:00,7521.5,7511.5,48.0
"Supertrend(10,m=3.0)",LONG,2026-07-23 08:10:00,2026-07-23 11:25:00,7511.5,7506.5,-27.0
"Supertrend(10,m=3.0)",SHORT,2026-07-23 11:25:00,2026-07-23 13:35:00,7506.5,7472.75,166.75
"Supertrend(10,m=3.0)",LONG,2026-07-23 13:35:00,2026-07-23 14:35:00,7472.75,7450.0,-115.75
"Supertrend(10,m=3.0)",SHORT,2026-07-23 14:35:00,2026-07-23 16:25:00,7450.0,7454.75,-25.75
"Supertrend(10,m=3.0)",LONG,2026-07-23 16:25:00,2026-07-23 18:55:00,7454.75,7428.0,-135.75
"Supertrend(10,m=3.0)",SHORT,2026-07-23 18:55:00,2026-07-23 20:00:00,7428.0,7444.0,-82.0
"Supertrend(10,m=3.0)",LONG,2026-07-23 20:00:00,2026-07-24 02:40:00,7444.0,7443.25,-5.75
"Supertrend(10,m=3.0)",SHORT,2026-07-24 02:40:00,2026-07-24 05:25:00,7443.25,7447.25,-22.0
"Supertrend(10,m=3.0)",LONG,2026-07-24 05:25:00,2026-07-24 06:05:00,7447.25,7439.25,-42.0
"Supertrend(10,m=3.0)",SHORT,2026-07-24 06:05:00,2026-07-24 07:05:00,7439.25,7447.0,-40.75
"Supertrend(10,m=3.0)",LONG,2026-07-24 07:05:00,2026-07-24 11:45:00,7447.0,7455.5,40.5
"Supertrend(10,m=3.0)",SHORT,2026-07-24 11:45:00,2026-07-24 12:00:00,7455.5,7465.0,-49.5
"Supertrend(10,m=3.0)",LONG,2026-07-24 12:00:00,2026-07-24 13:00:00,7465.0,7450.0,-77.0
"Supertrend(10,m=3.0)",SHORT,2026-07-24 13:00:00,2026-07-24 15:00:00,7450.0,7465.0,-77.0
"Supertrend(10,m=3.0)",LONG,2026-07-24 15:00:00,2026-07-24 17:10:00,7465.0,7462.75,-13.25
"Supertrend(10,m=3.0)",SHORT,2026-07-24 17:10:00,2026-07-26 22:15:00,7462.75,7494.25,-159.5
"Supertrend(10,m=3.0)",LONG,2026-07-26 22:15:00,2026-07-27 00:40:00,7494.25,7496.5,9.25
"Supertrend(10,m=3.0)",SHORT,2026-07-27 00:40:00,2026-07-27 03:15:00,7496.5,7503.0,-34.5
"Supertrend(10,m=3.0)",LONG,2026-07-27 03:15:00,2026-07-27 07:40:00,7503.0,7509.75,31.75
"Supertrend(10,m=3.0)",SHORT,2026-07-27 07:40:00,2026-07-27 08:45:00,7509.75,7519.0,-48.25
"Supertrend(10,m=3.0)",LONG,2026-07-27 08:45:00,2026-07-27 11:20:00,7519.0,7516.5,-14.5
"Supertrend(10,m=3.0)",SHORT,2026-07-27 11:20:00,2026-07-27 19:00:00,7516.5,7448.75,336.75
"Supertrend(10,m=3.0)",LONG,2026-07-27 19:00:00,2026-07-27 23:05:00,7448.75,7441.25,-39.5
"Supertrend(10,m=3.0)",SHORT,2026-07-27 23:05:00,2026-07-28 01:35:00,7441.25,7442.75,-9.5
"Supertrend(10,m=3.0)",LONG,2026-07-28 01:35:00,2026-07-28 03:10:00,7442.75,7425.75,-87.0
"Supertrend(10,m=3.0)",SHORT,2026-07-28 03:10:00,2026-07-28 03:45:00,7425.75,7440.5,-75.75
"Supertrend(10,m=3.0)",LONG,2026-07-28 03:45:00,2026-07-28 05:30:00,7440.5,7425.0,-79.5
"Supertrend(10,m=3.0)",SHORT,2026-07-28 05:30:00,2026-07-28 07:10:00,7425.0,7435.25,-53.25
"Supertrend(10,m=3.0)",LONG,2026-07-28 07:10:00,2026-07-28 13:35:00,7435.25,7439.75,20.5
"Supertrend(10,m=3.0)",SHORT,2026-07-28 13:35:00,2026-07-28 15:20:00,7439.75,7463.25,-119.5
"Supertrend(10,m=3.0)",LONG,2026-07-28 15:20:00,2026-07-28 18:15:00,7463.25,7462.25,-7.0
"Supertrend(10,m=3.0)",SHORT,2026-07-28 18:15:00,2026-07-28 23:25:00,7462.25,7468.75,-34.5
"Supertrend(10,m=3.0)",LONG,2026-07-28 23:25:00,2026-07-29 01:15:00,7468.75,7472.5,16.75
"Supertrend(10,m=3.0)",SHORT,2026-07-29 01:15:00,2026-07-29 05:10:00,7472.5,7457.25,74.25
"Supertrend(10,m=3.0)",LONG,2026-07-29 05:10:00,2026-07-29 12:10:00,7457.25,7474.75,85.5
"Supertrend(10,m=3.0)",SHORT,2026-07-29 12:10:00,2026-07-29 17:00:00,7474.75,7404.5,349.25
"Supertrend(10,m=3.0)",LONG,2026-07-29 17:00:00,2026-07-29 19:20:00,7404.5,7430.0,125.5
"Supertrend(10,m=3.0)",SHORT,2026-07-29 19:20:00,2026-07-29 23:35:00,7430.0,7379.75,249.25
"Supertrend(10,m=3.0)",LONG,2026-07-29 23:35:00,2026-07-30 03:10:00,7379.75,7377.0,-15.75
"Supertrend(10,m=3.0)",SHORT,2026-07-30 03:10:00,2026-07-30 07:05:00,7377.0,7377.0,-2.0
"Supertrend(10,m=3.0)",LONG,2026-07-30 07:05:00,2026-07-30 15:15:00,7377.0,7401.5,120.5
"Supertrend(10,m=3.0)",SHORT,2026-07-30 15:15:00,2026-07-30 16:15:00,7401.5,7441.75,-203.25
"Supertrend(10,m=3.0)",LONG,2026-07-30 16:15:00,2026-07-31 02:40:00,7441.75,7490.75,243.0
"Supertrend(10,m=3.0)",SHORT,2026-07-31 02:40:00,2026-07-31 04:20:00,7490.75,7500.75,-52.0
"Supertrend(10,m=3.0)",LONG,2026-07-31 04:20:00,2026-07-31 06:35:00,7500.75,7500.0,-5.75
"Supertrend(10,m=3.0)",SHORT,2026-07-31 06:35:00,2026-07-31 07:15:00,7500.0,7505.75,-30.75
"Supertrend(10,m=3.0)",LONG,2026-07-31 07:15:00,2026-07-31 10:00:00,7505.75,7504.0,-10.75
"Supertrend(10,m=3.0)",SHORT,2026-07-31 10:00:00,2026-07-31 13:25:00,7504.0,7495.0,43.0
"Supertrend(10,m=3.0)",LONG,2026-07-31 13:25:00,2026-07-31 13:45:00,7495.0,7483.0,-62.0
"Supertrend(10,m=3.0)",SHORT,2026-07-31 13:45:00,2026-07-31 14:50:00,7483.0,7475.75,34.25
"Supertrend(10,m=3.0)",LONG,2026-07-31 14:50:00,2026-07-31 20:55:00,7475.75,7511.25,175.5
"Supertrend(10,m=3.0)",SHORT,2026-07-31 20:55:00,2026-08-02 22:15:00,7511.25,7555.5,-223.25
"Supertrend(10,m=3.0)",LONG,2026-08-02 22:15:00,2026-08-03 05:55:00,7555.5,7561.0,25.5
"Supertrend(10,m=3.0)",SHORT,2026-08-03 05:55:00,2026-08-03 10:30:00,7561.0,7560.0,3.0
"Supertrend(10,m=3.0)",LONG,2026-08-03 10:30:00,2026-08-03 12:05:00,7560.0,7555.75,-23.25
"Supertrend(10,m=3.0)",SHORT,2026-08-03 12:05:00,2026-08-03 12:45:00,7555.75,7565.75,-52.0
"Supertrend(10,m=3.0)",LONG,2026-08-03 12:45:00,2026-08-03 13:30:00,7565.75,7546.0,-100.75
"Supertrend(10,m=3.0)",SHORT,2026-08-03 13:30:00,2026-08-03 13:40:00,7546.0,7568.75,-115.75
"Supertrend(10,m=3.0)",LONG,2026-08-03 13:40:00,2026-08-04 06:45:00,7568.75,7644.0,374.25
"Supertrend(10,m=3.0)",SHORT,2026-08-04 06:45:00,2026-08-04 10:45:00,7644.0,7643.5,0.5
"Supertrend(10,m=3.0)",LONG,2026-08-04 10:45:00,2026-08-04 20:00:00,7643.5,7763.75,599.25
"Supertrend(10,m=3.0)",SHORT,2026-08-04 20:00:00,2026-08-05 02:10:00,7763.75,7785.25,-109.5
"Supertrend(10,m=3.0)",LONG,2026-08-05 02:10:00,2026-08-05 06:30:00,7785.25,7792.75,35.5
"Supertrend(10,m=3.0)",SHORT,2026-08-05 06:30:00,2026-08-05 10:25:00,7792.75,7791.75,3.0
"Supertrend(10,m=3.0)",LONG,2026-08-05 10:25:00,2026-08-05 14:40:00,7791.75,7791.25,-4.5
"Supertrend(10,m=3.0)",SHORT,2026-08-05 14:40:00,2026-08-05 22:35:00,7791.25,7770.5,101.75
"Supertrend(10,m=3.0)",LONG,2026-08-05 22:35:00,2026-08-06 00:30:00,7770.5,7758.25,-63.25
"Supertrend(10,m=3.0)",SHORT,2026-08-06 00:30:00,2026-08-06 02:10:00,7758.25,7761.25,-17.0
"Supertrend(10,m=3.0)",LONG,2026-08-06 02:10:00,2026-08-06 06:15:00,7761.25,7756.25,-27.0
"Supertrend(10,m=3.0)",SHORT,2026-08-06 06:15:00,2026-08-06 08:35:00,7756.25,7763.25,-37.0
"Supertrend(10,m=3.0)",LONG,2026-08-06 08:35:00,2026-08-06 11:05:00,7763.25,7754.75,-44.5
"Supertrend(10,m=3.0)",SHORT,2026-08-06 11:05:00,2026-08-06 11:35:00,7754.75,7764.0,-48.25
"Supertrend(10,m=3.0)",LONG,2026-08-06 11:35:00,2026-08-06 12:15:00,7764.0,7754.25,-50.75
"Supertrend(10,m=3.0)",SHORT,2026-08-06 12:15:00,2026-08-06 13:50:00,7754.25,7763.0,-45.75
"Supertrend(10,m=3.0)",LONG,2026-08-06 13:50:00,2026-08-06 15:20:00,7763.0,7739.5,-119.5
"Supertrend(10,m=3.0)",SHORT,2026-08-06 15:20:00,2026-08-06 19:10:00,7739.5,7747.25,-40.75
"Supertrend(10,m=3.0)",LONG,2026-08-06 19:10:00,2026-08-06 20:30:00,7747.25,7730.25,-87.0
"Supertrend(10,m=3.0)",SHORT,2026-08-06 20:30:00,2026-08-07 05:10:00,7730.25,7734.75,-24.5
"Supertrend(10,m=3.0)",LONG,2026-08-07 05:10:00,2026-08-07 12:00:00,7734.75,7748.5,66.75
"Supertrend(10,m=3.0)",SHORT,2026-08-07 12:00:00,2026-08-07 12:35:00,7748.5,7766.0,-89.5
"Supertrend(10,m=3.0)",LONG,2026-08-07 12:35:00,2026-08-07 13:30:00,7766.0,7757.0,-47.0
"Supertrend(10,m=3.0)",SHORT,2026-08-07 13:30:00,2026-08-07 14:30:00,7757.0,7779.25,-113.25
"Supertrend(10,m=3.0)",LONG,2026-08-07 14:30:00,2026-08-07 18:30:00,7779.25,7762.0,-88.25
"Supertrend(10,m=3.0)",SHORT,2026-08-07 18:30:00,2026-08-07 19:10:00,7762.0,7774.25,-63.25
"Supertrend(10,m=3.0)",LONG,2026-08-07 19:10:00,2026-08-09 22:15:00,7774.25,7768.25,-32.0
"Supertrend(10,m=3.0)",SHORT,2026-08-09 22:15:00,2026-08-10 00:10:00,7768.25,7775.25,-37.0
"Supertrend(10,m=3.0)",LONG,2026-08-10 00:10:00,2026-08-10 06:25:00,7775.25,7787.25,58.0
"Supertrend(10,m=3.0)",SHORT,2026-08-10 06:25:00,2026-08-10 07:25:00,7787.25,7791.75,-24.5
"Supertrend(10,m=3.0)",LONG,2026-08-10 07:25:00,2026-08-10 10:15:00,7791.75,7786.75,-27.0
"Supertrend(10,m=3.0)",SHORT,2026-08-10 10:15:00,2026-08-10 14:05:00,7786.75,7783.5,14.25
"Supertrend(10,m=3.0)",LONG,2026-08-10 14:05:00,2026-08-10 15:40:00,7783.5,7779.0,-24.5
"Supertrend(10,m=3.0)",SHORT,2026-08-10 15:40:00,2026-08-11 00:15:00,7779.0,7776.25,11.75
"Supertrend(10,m=3.0)",LONG,2026-08-11 00:15:00,2026-08-11 05:50:00,7776.25,7782.0,26.75
"Supertrend(10,m=3.0)",SHORT,2026-08-11 05:50:00,2026-08-11 10:25:00,7782.0,7782.25,-3.25
"Supertrend(10,m=3.0)",LONG,2026-08-11 10:25:00,2026-08-11 13:35:00,7782.25,7780.75,-9.5
"Supertrend(10,m=3.0)",SHORT,2026-08-11 13:35:00,2026-08-11 20:35:00,7780.75,7757.0,116.75
"Supertrend(10,m=3.0)",LONG,2026-08-11 20:35:00,2026-08-12 00:10:00,7757.0,7750.0,-37.0
"Supertrend(10,m=3.0)",SHORT,2026-08-12 00:10:00,2026-08-12 03:15:00,7750.0,7756.25,-33.25
"Supertrend(10,m=3.0)",LONG,2026-08-12 03:15:00,2026-08-12 13:35:00,7756.25,7775.0,91.75
"Supertrend(10,m=3.0)",SHORT,2026-08-12 13:35:00,2026-08-13 02:15:00,7775.0,7771.75,14.25
"Supertrend(10,m=3.0)",LONG,2026-08-13 02:15:00,2026-08-13 06:45:00,7771.75,7775.0,14.25
"Supertrend(10,m=3.0)",SHORT,2026-08-13 06:45:00,2026-08-13 07:45:00,7775.0,7779.5,-24.5
"Supertrend(10,m=3.0)",LONG,2026-08-13 07:45:00,2026-08-13 12:05:00,7779.5,7781.75,9.25
"Supertrend(10,m=3.0)",SHORT,2026-08-13 12:05:00,2026-08-13 12:55:00,7781.75,7787.0,-28.25
"Supertrend(10,m=3.0)",LONG,2026-08-13 12:55:00,2026-08-13 15:05:00,7787.0,7818.25,154.25
"Supertrend(10,m=3.0)",SHORT,2026-08-13 15:05:00,2026-08-13 17:20:00,7818.25,7818.5,-3.25
"Supertrend(10,m=3.0)",LONG,2026-08-13 17:20:00,2026-08-14 01:05:00,7818.5,7821.25,11.75
"Supertrend(10,m=3.0)",SHORT,2026-08-14 01:05:00,2026-08-14 02:15:00,7821.25,7826.0,-25.75
"Supertrend(10,m=3.0)",LONG,2026-08-14 02:15:00,2026-08-14 04:05:00,7826.0,7825.25,-5.75
"Supertrend(10,m=3.0)",SHORT,2026-08-14 04:05:00,2026-08-14 05:55:00,7825.25,7825.75,-4.5
"Supertrend(10,m=3.0)",LONG,2026-08-14 05:55:00,2026-08-14 06:15:00,7825.75,7821.5,-23.25
"Supertrend(10,m=3.0)",SHORT,2026-08-14 06:15:00,2026-08-14 08:10:00,7821.5,7825.0,-19.5
"Supertrend(10,m=3.0)",LONG,2026-08-14 08:10:00,2026-08-14 13:35:00,7825.0,7824.25,-5.75
"Supertrend(10,m=3.0)",SHORT,2026-08-14 13:35:00,2026-08-16 22:15:00,7824.25,7810.75,65.5
"Supertrend(10,m=3.0)",LONG,2026-08-16 22:15:00,2026-08-17 00:35:00,7810.75,7808.5,-13.25
"Supertrend(10,m=3.0)",SHORT,2026-08-17 00:35:00,2026-08-17 01:30:00,7808.5,7812.75,-23.25
"Supertrend(10,m=3.0)",LONG,2026-08-17 01:30:00,2026-08-17 01:55:00,7812.75,7807.5,-28.25
"Supertrend(10,m=3.0)",SHORT,2026-08-17 01:55:00,2026-08-17 04:05:00,7807.5,7813.0,-29.5
"Keltner_Breakout(20,m=2.0)",LONG,2026-06-01 00:05:00,2026-06-01 07:40:00,7609.25,7610.5,4.25
"Keltner_Breakout(20,m=2.0)",SHORT,2026-06-01 07:40:00,2026-06-01 11:40:00,7610.5,7621.75,-58.25
"Keltner_Breakout(20,m=2.0)",LONG,2026-06-01 11:40:00,2026-06-01 12:10:00,7621.75,7609.25,-64.5
"Keltner_Breakout(20,m=2.0)",SHORT,2026-06-01 12:10:00,2026-06-01 16:55:00,7609.25,7606.75,10.5
"Keltner_Breakout(20,m=2.0)",LONG,2026-06-01 16:55:00,2026-06-01 19:55:00,7606.75,7611.75,23.0
"Keltner_Breakout(20,m=2.0)",SHORT,2026-06-01 19:55:00,2026-06-02 04:50:00,7611.75,7588.25,115.5
"Keltner_Breakout(20,m=2.0)",LONG,2026-06-02 04:50:00,2026-06-02 11:05:00,7588.25,7595.75,35.5
"Keltner_Breakout(20,m=2.0)",SHORT,2026-06-02 11:05:00,2026-06-02 14:15:00,7595.75,7609.5,-70.75
"Keltner_Breakout(20,m=2.0)",LONG,2026-06-02 14:15:00,2026-06-02 23:05:00,7609.5,7616.75,34.25
"Keltner_Breakout(20,m=2.0)",SHORT,2026-06-02 23:05:00,2026-06-04 06:45:00,7616.75,7550.75,328.0
"Keltner_Breakout(20,m=2.0)",LONG,2026-06-04 06:45:00,2026-06-04 08:15:00,7550.75,7542.75,-42.0
"Keltner_Breakout(20,m=2.0)",SHORT,2026-06-04 08:15:00,2026-06-04 14:25:00,7542.75,7569.5,-135.75
"Keltner_Breakout(20,m=2.0)",LONG,2026-06-04 14:25:00,2026-06-04 20:05:00,7569.5,7595.0,125.5
"Keltner_Breakout(20,m=2.0)",SHORT,2026-06-04 20:05:00,2026-06-05 08:30:00,7595.0,7566.5,140.5
"Keltner_Breakout(20,m=2.0)",LONG,2026-06-05 08:30:00,2026-06-05 11:25:00,7566.5,7561.75,-25.75
"Keltner_Breakout(20,m=2.0)",SHORT,2026-06-05 11:25:00,2026-06-08 00:05:00,7561.75,7407.0,771.75
"Keltner_Breakout(20,m=2.0)",LONG,2026-06-08 00:05:00,2026-06-08 04:45:00,7407.0,7402.0,-27.0
"Keltner_Breakout(20,m=2.0)",SHORT,2026-06-08 04:45:00,2026-06-08 07:25:00,7402.0,7421.75,-100.75
"Keltner_Breakout(20,m=2.0)",LONG,2026-06-08 07:25:00,2026-06-08 13:35:00,7421.75,7445.5,116.75
"Keltner_Breakout(20,m=2.0)",SHORT,2026-06-08 13:35:00,2026-06-09 01:25:00,7445.5,7413.75,156.75
"Keltner_Breakout(20,m=2.0)",LONG,2026-06-09 01:25:00,2026-06-09 14:15:00,7413.75,7437.0,114.25
"Keltner_Breakout(20,m=2.0)",SHORT,2026-06-09 14:15:00,2026-06-09 18:25:00,7437.0,7372.5,320.5
"Keltner_Breakout(20,m=2.0)",LONG,2026-06-09 18:25:00,2026-06-10 04:35:00,7372.5,7361.0,-59.5
"Keltner_Breakout(20,m=2.0)",SHORT,2026-06-10 04:35:00,2026-06-10 12:35:00,7361.0,7353.75,34.25
"Keltner_Breakout(20,m=2.0)",LONG,2026-06-10 12:35:00,2026-06-10 15:15:00,7353.75,7327.5,-133.25
"Keltner_Breakout(20,m=2.0)",SHORT,2026-06-10 15:15:00,2026-06-11 00:20:00,7327.5,7274.5,263.0
"Keltner_Breakout(20,m=2.0)",LONG,2026-06-11 00:20:00,2026-06-11 11:10:00,7274.5,7318.0,215.5
"Keltner_Breakout(20,m=2.0)",SHORT,2026-06-11 11:10:00,2026-06-11 13:55:00,7318.0,7330.25,-63.25
"Keltner_Breakout(20,m=2.0)",LONG,2026-06-11 13:55:00,2026-06-11 15:00:00,7330.25,7275.5,-275.75
"Keltner_Breakout(20,m=2.0)",SHORT,2026-06-11 15:00:00,2026-06-11 17:30:00,7275.5,7345.25,-350.75
"Keltner_Breakout(20,m=2.0)",LONG,2026-06-11 17:30:00,2026-06-12 01:30:00,7345.25,7398.75,265.5
"Keltner_Breakout(20,m=2.0)",SHORT,2026-06-12 01:30:00,2026-06-12 08:00:00,7398.75,7401.0,-13.25
"Keltner_Breakout(20,m=2.0)",LONG,2026-06-12 08:00:00,2026-06-12 12:40:00,7401.0,7416.5,75.5
"Keltner_Breakout(20,m=2.0)",SHORT,2026-06-12 12:40:00,2026-06-12 15:20:00,7416.5,7453.5,-187.0
"Keltner_Breakout(20,m=2.0)",LONG,2026-06-12 15:20:00,2026-06-15 22:20:00,7453.5,7617.25,816.75
"Keltner_Breakout(20,m=2.0)",SHORT,2026-06-15 22:20:00,2026-06-16 03:35:00,7617.25,7624.75,-39.5
"Keltner_Breakout(20,m=2.0)",LONG,2026-06-16 03:35:00,2026-06-16 12:25:00,7624.75,7623.25,-9.5
"Keltner_Breakout(20,m=2.0)",SHORT,2026-06-16 12:25:00,2026-06-16 13:35:00,7623.25,7634.75,-59.5
"Keltner_Breakout(20,m=2.0)",LONG,2026-06-16 13:35:00,2026-06-16 14:30:00,7634.75,7612.0,-115.75
"Keltner_Breakout(20,m=2.0)",SHORT,2026-06-16 14:30:00,2026-06-17 07:15:00,7612.0,7611.5,0.5
"Keltner_Breakout(20,m=2.0)",LONG,2026-06-17 07:15:00,2026-06-17 08:15:00,7611.5,7598.75,-65.75
"Keltner_Breakout(20,m=2.0)",SHORT,2026-06-17 08:15:00,2026-06-17 23:25:00,7598.75,7536.75,308.0
"Keltner_Breakout(20,m=2.0)",LONG,2026-06-17 23:25:00,2026-06-18 04:20:00,7536.75,7547.75,53.0
"Keltner_Breakout(20,m=2.0)",SHORT,2026-06-18 04:20:00,2026-06-18 07:00:00,7547.75,7556.5,-45.75
"Keltner_Breakout(20,m=2.0)",LONG,2026-06-18 07:00:00,2026-06-18 09:00:00,7556.5,7548.25,-43.25
"Keltner_Breakout(20,m=2.0)",SHORT,2026-06-18 09:00:00,2026-06-18 12:50:00,7548.25,7559.75,-59.5
"Keltner_Breakout(20,m=2.0)",LONG,2026-06-18 12:50:00,2026-06-18 13:45:00,7559.75,7538.5,-108.25
"Keltner_Breakout(20,m=2.0)",SHORT,2026-06-18 13:45:00,2026-06-18 19:55:00,7538.5,7574.5,-182.0
"Keltner_Breakout(20,m=2.0)",LONG,2026-06-18 19:55:00,2026-06-18 22:40:00,7574.5,7561.25,-68.25
"Keltner_Breakout(20,m=2.0)",SHORT,2026-06-18 22:40:00,2026-06-22 06:10:00,7561.25,7551.75,45.5
"Keltner_Breakout(20,m=2.0)",LONG,2026-06-22 06:10:00,2026-06-22 14:30:00,7551.75,7561.25,45.5
"Keltner_Breakout(20,m=2.0)",SHORT,2026-06-22 14:30:00,2026-06-23 00:45:00,7561.25,7541.0,99.25
"Keltner_Breakout(20,m=2.0)",LONG,2026-06-23 00:45:00,2026-06-23 01:45:00,7541.0,7522.25,-95.75
"Keltner_Breakout(20,m=2.0)",SHORT,2026-06-23 01:45:00,2026-06-23 13:50:00,7522.25,7457.75,320.5
"Keltner_Breakout(20,m=2.0)",LONG,2026-06-23 13:50:00,2026-06-23 15:25:00,7457.75,7440.0,-90.75
"Keltner_Breakout(20,m=2.0)",SHORT,2026-06-23 15:25:00,2026-06-23 23:50:00,7440.0,7446.75,-35.75
"Keltner_Breakout(20,m=2.0)",LONG,2026-06-23 23:50:00,2026-06-24 02:50:00,7446.75,7436.0,-55.75
"Keltner_Breakout(20,m=2.0)",SHORT,2026-06-24 02:50:00,2026-06-24 05:40:00,7436.0,7458.5,-114.5
"Keltner_Breakout(20,m=2.0)",LONG,2026-06-24 05:40:00,2026-06-24 13:15:00,7458.5,7443.0,-79.5
"Keltner_Breakout(20,m=2.0)",SHORT,2026-06-24 13:15:00,2026-06-24 13:35:00,7443.0,7463.5,-104.5
"Keltner_Breakout(20,m=2.0)",LONG,2026-06-24 13:35:00,2026-06-24 16:55:00,7463.5,7454.0,-49.5
"Keltner_Breakout(20,m=2.0)",SHORT,2026-06-24 16:55:00,2026-06-24 20:05:00,7454.0,7450.5,15.5
"Keltner_Breakout(20,m=2.0)",LONG,2026-06-24 20:05:00,2026-06-25 00:45:00,7450.5,7457.0,30.5
"Keltner_Breakout(20,m=2.0)",SHORT,2026-06-25 00:45:00,2026-06-25 05:30:00,7457.0,7473.25,-83.25
"Keltner_Breakout(20,m=2.0)",LONG,2026-06-25 05:30:00,2026-06-25 11:25:00,7473.25,7474.0,1.75
"Keltner_Breakout(20,m=2.0)",SHORT,2026-06-25 11:25:00,2026-06-25 12:35:00,7474.0,7489.5,-79.5
"Keltner_Breakout(20,m=2.0)",LONG,2026-06-25 12:35:00,2026-06-25 13:35:00,7489.5,7469.5,-102.0
"Keltner_Breakout(20,m=2.0)",SHORT,2026-06-25 13:35:00,2026-06-25 23:20:00,7469.5,7447.25,109.25
"Keltner_Breakout(20,m=2.0)",LONG,2026-06-25 23:20:00,2026-06-26 01:35:00,7447.25,7408.75,-194.5
"Keltner_Breakout(20,m=2.0)",SHORT,2026-06-26 01:35:00,2026-06-26 06:30:00,7408.75,7386.75,108.0
"Keltner_Breakout(20,m=2.0)",LONG,2026-06-26 06:30:00,2026-06-26 08:55:00,7386.75,7386.0,-5.75
"Keltner_Breakout(20,m=2.0)",SHORT,2026-06-26 08:55:00,2026-06-26 14:05:00,7386.0,7415.0,-147.0
"Keltner_Breakout(20,m=2.0)",LONG,2026-06-26 14:05:00,2026-06-26 18:50:00,7415.0,7413.0,-12.0
"Keltner_Breakout(20,m=2.0)",SHORT,2026-06-26 18:50:00,2026-06-28 22:15:00,7413.0,7435.25,-113.25
"Keltner_Breakout(20,m=2.0)",LONG,2026-06-28 22:15:00,2026-06-29 00:25:00,7435.25,7425.25,-52.0
"Keltner_Breakout(20,m=2.0)",SHORT,2026-06-29 00:25:00,2026-06-29 05:55:00,7425.25,7456.5,-158.25
"Keltner_Breakout(20,m=2.0)",LONG,2026-06-29 05:55:00,2026-06-29 14:10:00,7456.5,7439.5,-87.0
"Keltner_Breakout(20,m=2.0)",SHORT,2026-06-29 14:10:00,2026-06-29 17:15:00,7439.5,7490.5,-257.0
"Keltner_Breakout(20,m=2.0)",LONG,2026-06-29 17:15:00,2026-06-30 00:35:00,7490.5,7486.0,-24.5
"Keltner_Breakout(20,m=2.0)",SHORT,2026-06-30 00:35:00,2026-06-30 03:40:00,7486.0,7502.5,-84.5
"Keltner_Breakout(20,m=2.0)",LONG,2026-06-30 03:40:00,2026-06-30 08:50:00,7502.5,7496.0,-34.5
"Keltner_Breakout(20,m=2.0)",SHORT,2026-06-30 08:50:00,2026-06-30 11:00:00,7496.0,7513.0,-87.0
"Keltner_Breakout(20,m=2.0)",LONG,2026-06-30 11:00:00,2026-06-30 12:15:00,7513.0,7502.5,-54.5
"Keltner_Breakout(20,m=2.0)",SHORT,2026-06-30 12:15:00,2026-06-30 13:55:00,7502.5,7518.75,-83.25
"Keltner_Breakout(20,m=2.0)",LONG,2026-06-30 13:55:00,2026-06-30 20:00:00,7518.75,7544.75,128.0
"Keltner_Breakout(20,m=2.0)",SHORT,2026-06-30 20:00:00,2026-07-01 10:25:00,7544.75,7534.25,50.5
"Keltner_Breakout(20,m=2.0)",LONG,2026-07-01 10:25:00,2026-07-01 12:05:00,7534.25,7527.75,-34.5
"Keltner_Breakout(20,m=2.0)",SHORT,2026-07-01 12:05:00,2026-07-01 14:10:00,7527.75,7544.25,-84.5
"Keltner_Breakout(20,m=2.0)",LONG,2026-07-01 14:10:00,2026-07-01 18:55:00,7544.25,7549.5,24.25
"Keltner_Breakout(20,m=2.0)",SHORT,2026-07-01 18:55:00,2026-07-02 01:05:00,7549.5,7545.25,19.25
"Keltner_Breakout(20,m=2.0)",LONG,2026-07-02 01:05:00,2026-07-02 04:35:00,7545.25,7545.25,-2.0
"Keltner_Breakout(20,m=2.0)",SHORT,2026-07-02 04:35:00,2026-07-02 12:25:00,7545.25,7554.75,-49.5
"Keltner_Breakout(20,m=2.0)",LONG,2026-07-02 12:25:00,2026-07-02 14:45:00,7554.75,7549.25,-29.5
"Keltner_Breakout(20,m=2.0)",SHORT,2026-07-02 14:45:00,2026-07-02 19:55:00,7549.25,7523.0,129.25
"Keltner_Breakout(20,m=2.0)",LONG,2026-07-02 19:55:00,2026-07-06 23:50:00,7523.0,7587.25,319.25
"Keltner_Breakout(20,m=2.0)",SHORT,2026-07-06 23:50:00,2026-07-07 07:30:00,7587.25,7579.0,39.25
"Keltner_Breakout(20,m=2.0)",LONG,2026-07-07 07:30:00,2026-07-07 13:35:00,7579.0,7572.75,-33.25
"Keltner_Breakout(20,m=2.0)",SHORT,2026-07-07 13:35:00,2026-07-07 16:25:00,7572.75,7563.0,46.75
"Keltner_Breakout(20,m=2.0)",LONG,2026-07-07 16:25:00,2026-07-07 19:00:00,7563.0,7552.5,-54.5
"Keltner_Breakout(20,m=2.0)",SHORT,2026-07-07 19:00:00,2026-07-08 01:00:00,7552.5,7561.75,-48.25
"Keltner_Breakout(20,m=2.0)",LONG,2026-07-08 01:00:00,2026-07-08 05:50:00,7561.75,7539.0,-115.75
"Keltner_Breakout(20,m=2.0)",SHORT,2026-07-08 05:50:00,2026-07-08 11:45:00,7539.0,7498.0,203.0
"Keltner_Breakout(20,m=2.0)",LONG,2026-07-08 11:45:00,2026-07-08 15:25:00,7498.0,7476.25,-110.75
"Keltner_Breakout(20,m=2.0)",SHORT,2026-07-08 15:25:00,2026-07-08 16:45:00,7476.25,7514.5,-193.25
"Keltner_Breakout(20,m=2.0)",LONG,2026-07-08 16:45:00,2026-07-09 08:50:00,7514.5,7542.5,138.0
"Keltner_Breakout(20,m=2.0)",SHORT,2026-07-09 08:50:00,2026-07-09 12:35:00,7542.5,7552.75,-53.25
"Keltner_Breakout(20,m=2.0)",LONG,2026-07-09 12:35:00,2026-07-09 14:20:00,7552.75,7536.5,-83.25
"Keltner_Breakout(20,m=2.0)",SHORT,2026-07-09 14:20:00,2026-07-09 15:25:00,7536.5,7574.25,-190.75
"Keltner_Breakout(20,m=2.0)",LONG,2026-07-09 15:25:00,2026-07-10 00:25:00,7574.25,7578.75,20.5
"Keltner_Breakout(20,m=2.0)",SHORT,2026-07-10 00:25:00,2026-07-10 03:00:00,7578.75,7586.25,-39.5
"Keltner_Breakout(20,m=2.0)",LONG,2026-07-10 03:00:00,2026-07-10 05:00:00,7586.25,7577.75,-44.5
"Keltner_Breakout(20,m=2.0)",SHORT,2026-07-10 05:00:00,2026-07-10 09:20:00,7577.75,7582.0,-23.25
"Keltner_Breakout(20,m=2.0)",LONG,2026-07-10 09:20:00,2026-07-10 12:05:00,7582.0,7579.25,-15.75
"Keltner_Breakout(20,m=2.0)",SHORT,2026-07-10 12:05:00,2026-07-10 13:35:00,7579.25,7597.75,-94.5
"Keltner_Breakout(20,m=2.0)",LONG,2026-07-10 13:35:00,2026-07-10 14:35:00,7597.75,7581.25,-84.5
"Keltner_Breakout(20,m=2.0)",SHORT,2026-07-10 14:35:00,2026-07-10 19:05:00,7581.25,7623.5,-213.25
"Keltner_Breakout(20,m=2.0)",LONG,2026-07-10 19:05:00,2026-07-12 22:15:00,7623.5,7593.5,-152.0
"Keltner_Breakout(20,m=2.0)",SHORT,2026-07-12 22:15:00,2026-07-13 00:10:00,7593.5,7609.5,-82.0
"Keltner_Breakout(20,m=2.0)",LONG,2026-07-13 00:10:00,2026-07-13 01:10:00,7609.5,7591.25,-93.25
"Keltner_Breakout(20,m=2.0)",SHORT,2026-07-13 01:10:00,2026-07-13 07:10:00,7591.25,7588.5,11.75
"Keltner_Breakout(20,m=2.0)",LONG,2026-07-13 07:10:00,2026-07-13 12:35:00,7588.5,7588.25,-3.25
"Keltner_Breakout(20,m=2.0)",SHORT,2026-07-13 12:35:00,2026-07-13 13:35:00,7588.25,7605.25,-87.0
"Keltner_Breakout(20,m=2.0)",LONG,2026-07-13 13:35:00,2026-07-13 16:30:00,7605.25,7574.0,-158.25
"Keltner_Breakout(20,m=2.0)",SHORT,2026-07-13 16:30:00,2026-07-14 04:35:00,7574.0,7552.0,108.0
"Keltner_Breakout(20,m=2.0)",LONG,2026-07-14 04:35:00,2026-07-14 11:05:00,7552.0,7547.25,-25.75
"Keltner_Breakout(20,m=2.0)",SHORT,2026-07-14 11:05:00,2026-07-14 12:35:00,7547.25,7595.5,-243.25
"Keltner_Breakout(20,m=2.0)",LONG,2026-07-14 12:35:00,2026-07-15 07:25:00,7595.5,7602.25,31.75
"Keltner_Breakout(20,m=2.0)",SHORT,2026-07-15 07:25:00,2026-07-15 12:35:00,7602.25,7605.0,-15.75
"Keltner_Breakout(20,m=2.0)",LONG,2026-07-15 12:35:00,2026-07-15 16:15:00,7605.0,7581.5,-119.5
"Keltner_Breakout(20,m=2.0)",SHORT,2026-07-15 16:15:00,2026-07-15 17:50:00,7581.5,7610.75,-148.25
"Keltner_Breakout(20,m=2.0)",LONG,2026-07-15 17:50:00,2026-07-16 01:20:00,7610.75,7610.75,-2.0
"Keltner_Breakout(20,m=2.0)",SHORT,2026-07-16 01:20:00,2026-07-16 03:10:00,7610.75,7624.75,-72.0
"Keltner_Breakout(20,m=2.0)",LONG,2026-07-16 03:10:00,2026-07-16 05:40:00,7624.75,7618.0,-35.75
"Keltner_Breakout(20,m=2.0)",SHORT,2026-07-16 05:40:00,2026-07-16 14:20:00,7618.0,7608.0,48.0
"Keltner_Breakout(20,m=2.0)",LONG,2026-07-16 14:20:00,2026-07-16 16:25:00,7608.0,7585.0,-117.0
"Keltner_Breakout(20,m=2.0)",SHORT,2026-07-16 16:25:00,2026-07-17 10:15:00,7585.0,7516.5,340.5
"Keltner_Breakout(20,m=2.0)",LONG,2026-07-17 10:15:00,2026-07-17 13:05:00,7516.5,7499.0,-89.5
"Keltner_Breakout(20,m=2.0)",SHORT,2026-07-17 13:05:00,2026-07-17 14:00:00,7499.0,7513.5,-74.5
"Keltner_Breakout(20,m=2.0)",LONG,2026-07-17 14:00:00,2026-07-17 18:20:00,7513.5,7503.5,-52.0
"Keltner_Breakout(20,m=2.0)",SHORT,2026-07-17 18:20:00,2026-07-20 00:10:00,7503.5,7512.75,-48.25
"Keltner_Breakout(20,m=2.0)",LONG,2026-07-20 00:10:00,2026-07-20 01:55:00,7512.75,7490.5,-113.25
"Keltner_Breakout(20,m=2.0)",SHORT,2026-07-20 01:55:00,2026-07-20 07:30:00,7490.5,7509.5,-97.0
"Keltner_Breakout(20,m=2.0)",LONG,2026-07-20 07:30:00,2026-07-20 14:15:00,7509.5,7514.0,20.5
"Keltner_Breakout(20,m=2.0)",SHORT,2026-07-20 14:15:00,2026-07-20 23:20:00,7514.0,7487.0,133.0
"Keltner_Breakout(20,m=2.0)",LONG,2026-07-20 23:20:00,2026-07-22 06:20:00,7487.0,7529.75,211.75
"Keltner_Breakout(20,m=2.0)",SHORT,2026-07-22 06:20:00,2026-07-22 13:35:00,7529.75,7534.75,-27.0
"Keltner_Breakout(20,m=2.0)",LONG,2026-07-22 13:35:00,2026-07-22 18:05:00,7534.75,7546.25,55.5
"Keltner_Breakout(20,m=2.0)",SHORT,2026-07-22 18:05:00,2026-07-23 00:20:00,7546.25,7536.75,45.5
"Keltner_Breakout(20,m=2.0)",LONG,2026-07-23 00:20:00,2026-07-23 02:25:00,7536.75,7530.75,-32.0
"Keltner_Breakout(20,m=2.0)",SHORT,2026-07-23 02:25:00,2026-07-23 09:05:00,7530.75,7523.25,35.5
"Keltner_Breakout(20,m=2.0)",LONG,2026-07-23 09:05:00,2026-07-23 11:25:00,7523.25,7506.5,-85.75
"Keltner_Breakout(20,m=2.0)",SHORT,2026-07-23 11:25:00,2026-07-23 20:05:00,7506.5,7453.0,265.5
"Keltner_Breakout(20,m=2.0)",LONG,2026-07-23 20:05:00,2026-07-24 02:40:00,7453.0,7443.25,-50.75
"Keltner_Breakout(20,m=2.0)",SHORT,2026-07-24 02:40:00,2026-07-24 07:10:00,7443.25,7452.25,-47.0
"Keltner_Breakout(20,m=2.0)",LONG,2026-07-24 07:10:00,2026-07-24 13:00:00,7452.25,7450.0,-13.25
"Keltner_Breakout(20,m=2.0)",SHORT,2026-07-24 13:00:00,2026-07-24 15:15:00,7450.0,7477.75,-140.75
"Keltner_Breakout(20,m=2.0)",LONG,2026-07-24 15:15:00,2026-07-24 18:25:00,7477.75,7457.0,-105.75
"Keltner_Breakout(20,m=2.0)",SHORT,2026-07-24 18:25:00,2026-07-26 22:15:00,7457.0,7494.25,-188.25
"Keltner_Breakout(20,m=2.0)",LONG,2026-07-26 22:15:00,2026-07-27 08:00:00,7494.25,7505.75,55.5
"Keltner_Breakout(20,m=2.0)",SHORT,2026-07-27 08:00:00,2026-07-27 08:45:00,7505.75,7519.0,-68.25
"Keltner_Breakout(20,m=2.0)",LONG,2026-07-27 08:45:00,2026-07-27 11:30:00,7519.0,7508.75,-53.25
"Keltner_Breakout(20,m=2.0)",SHORT,2026-07-27 11:30:00,2026-07-27 19:00:00,7508.75,7448.75,298.0
"Keltner_Breakout(20,m=2.0)",LONG,2026-07-27 19:00:00,2026-07-28 01:10:00,7448.75,7429.75,-97.0
"Keltner_Breakout(20,m=2.0)",SHORT,2026-07-28 01:10:00,2026-07-28 07:10:00,7429.75,7435.25,-29.5
"Keltner_Breakout(20,m=2.0)",LONG,2026-07-28 07:10:00,2026-07-28 13:35:00,7435.25,7439.75,20.5
"Keltner_Breakout(20,m=2.0)",SHORT,2026-07-28 13:35:00,2026-07-28 15:20:00,7439.75,7463.25,-119.5
"Keltner_Breakout(20,m=2.0)",LONG,2026-07-28 15:20:00,2026-07-28 22:35:00,7463.25,7456.0,-38.25
"Keltner_Breakout(20,m=2.0)",SHORT,2026-07-28 22:35:00,2026-07-28 23:45:00,7456.0,7483.0,-137.0
"Keltner_Breakout(20,m=2.0)",LONG,2026-07-28 23:45:00,2026-07-29 01:15:00,7483.0,7472.5,-54.5
"Keltner_Breakout(20,m=2.0)",SHORT,2026-07-29 01:15:00,2026-07-29 05:15:00,7472.5,7460.75,56.75
"Keltner_Breakout(20,m=2.0)",LONG,2026-07-29 05:15:00,2026-07-29 12:20:00,7460.75,7461.0,-0.75
"Keltner_Breakout(20,m=2.0)",SHORT,2026-07-29 12:20:00,2026-07-29 17:05:00,7461.0,7414.25,231.75
"Keltner_Breakout(20,m=2.0)",LONG,2026-07-29 17:05:00,2026-07-29 19:25:00,7414.25,7407.75,-34.5
"Keltner_Breakout(20,m=2.0)",SHORT,2026-07-29 19:25:00,2026-07-30 07:05:00,7407.75,7377.0,151.75
"Keltner_Breakout(20,m=2.0)",LONG,2026-07-30 07:05:00,2026-07-31 06:35:00,7377.0,7500.0,613.0
"Keltner_Breakout(20,m=2.0)",SHORT,2026-07-31 06:35:00,2026-07-31 13:35:00,7500.0,7512.0,-62.0
"Keltner_Breakout(20,m=2.0)",LONG,2026-07-31 13:35:00,2026-07-31 13:50:00,7512.0,7474.25,-190.75
"Keltner_Breakout(20,m=2.0)",SHORT,2026-07-31 13:50:00,2026-07-31 17:25:00,7474.25,7512.0,-190.75
"Keltner_Breakout(20,m=2.0)",LONG,2026-07-31 17:25:00,2026-08-03 06:50:00,7512.0,7557.5,225.5
"Keltner_Breakout(20,m=2.0)",SHORT,2026-08-03 06:50:00,2026-08-03 11:35:00,7557.5,7565.75,-43.25
"Keltner_Breakout(20,m=2.0)",LONG,2026-08-03 11:35:00,2026-08-03 13:30:00,7565.75,7546.0,-100.75
"Keltner_Breakout(20,m=2.0)",SHORT,2026-08-03 13:30:00,2026-08-03 13:55:00,7546.0,7579.5,-169.5
"Keltner_Breakout(20,m=2.0)",LONG,2026-08-03 13:55:00,2026-08-04 08:35:00,7579.5,7639.5,298.0
"Keltner_Breakout(20,m=2.0)",SHORT,2026-08-04 08:35:00,2026-08-04 10:45:00,7639.5,7643.5,-22.0
"Keltner_Breakout(20,m=2.0)",LONG,2026-08-04 10:45:00,2026-08-05 07:35:00,7643.5,7789.25,726.75
"Keltner_Breakout(20,m=2.0)",SHORT,2026-08-05 07:35:00,2026-08-05 10:55:00,7789.25,7797.75,-44.5
"Keltner_Breakout(20,m=2.0)",LONG,2026-08-05 10:55:00,2026-08-05 14:55:00,7797.75,7783.25,-74.5
"Keltner_Breakout(20,m=2.0)",SHORT,2026-08-05 14:55:00,2026-08-05 22:35:00,7783.25,7770.5,61.75
"Keltner_Breakout(20,m=2.0)",LONG,2026-08-05 22:35:00,2026-08-06 01:05:00,7770.5,7755.0,-79.5
"Keltner_Breakout(20,m=2.0)",SHORT,2026-08-06 01:05:00,2026-08-06 02:45:00,7755.0,7767.25,-63.25
"Keltner_Breakout(20,m=2.0)",LONG,2026-08-06 02:45:00,2026-08-06 06:15:00,7767.25,7756.25,-57.0
"Keltner_Breakout(20,m=2.0)",SHORT,2026-08-06 06:15:00,2026-08-06 10:00:00,7756.25,7767.0,-55.75
"Keltner_Breakout(20,m=2.0)",LONG,2026-08-06 10:00:00,2026-08-06 11:05:00,7767.0,7754.75,-63.25
"Keltner_Breakout(20,m=2.0)",SHORT,2026-08-06 11:05:00,2026-08-07 06:15:00,7754.75,7737.5,84.25
"Keltner_Breakout(20,m=2.0)",LONG,2026-08-07 06:15:00,2026-08-07 18:45:00,7737.5,7757.0,95.5
"Keltner_Breakout(20,m=2.0)",SHORT,2026-08-07 18:45:00,2026-08-07 19:15:00,7757.0,7776.75,-100.75
"Keltner_Breakout(20,m=2.0)",LONG,2026-08-07 19:15:00,2026-08-09 22:20:00,7776.75,7765.25,-59.5
"Keltner_Breakout(20,m=2.0)",SHORT,2026-08-09 22:20:00,2026-08-10 01:25:00,7765.25,7780.0,-75.75
"Keltner_Breakout(20,m=2.0)",LONG,2026-08-10 01:25:00,2026-08-10 06:30:00,7780.0,7785.25,24.25
"Keltner_Breakout(20,m=2.0)",SHORT,2026-08-10 06:30:00,2026-08-10 07:25:00,7785.25,7791.75,-34.5
"Keltner_Breakout(20,m=2.0)",LONG,2026-08-10 07:25:00,2026-08-10 10:40:00,7791.75,7786.0,-30.75
"Keltner_Breakout(20,m=2.0)",SHORT,2026-08-10 10:40:00,2026-08-10 14:10:00,7786.0,7787.0,-7.0
"Keltner_Breakout(20,m=2.0)",LONG,2026-08-10 14:10:00,2026-08-10 16:35:00,7787.0,7773.75,-68.25
"Keltner_Breakout(20,m=2.0)",SHORT,2026-08-10 16:35:00,2026-08-11 00:45:00,7773.75,7779.75,-32.0
"Keltner_Breakout(20,m=2.0)",LONG,2026-08-11 00:45:00,2026-08-11 05:50:00,7779.75,7782.0,9.25
"Keltner_Breakout(20,m=2.0)",SHORT,2026-08-11 05:50:00,2026-08-11 10:25:00,7782.0,7782.25,-3.25
"Keltner_Breakout(20,m=2.0)",LONG,2026-08-11 10:25:00,2026-08-11 13:35:00,7782.25,7780.75,-9.5
"Keltner_Breakout(20,m=2.0)",SHORT,2026-08-11 13:35:00,2026-08-12 03:15:00,7780.75,7756.25,120.5
"Keltner_Breakout(20,m=2.0)",LONG,2026-08-12 03:15:00,2026-08-12 14:05:00,7756.25,7764.0,36.75
"Keltner_Breakout(20,m=2.0)",SHORT,2026-08-12 14:05:00,2026-08-13 04:10:00,7764.0,7776.5,-64.5
"Keltner_Breakout(20,m=2.0)",LONG,2026-08-13 04:10:00,2026-08-13 12:20:00,7776.5,7779.25,11.75
"Keltner_Breakout(20,m=2.0)",SHORT,2026-08-13 12:20:00,2026-08-13 13:10:00,7779.25,7791.0,-60.75
"Keltner_Breakout(20,m=2.0)",LONG,2026-08-13 13:10:00,2026-08-13 15:30:00,7791.0,7806.0,73.0
"Keltner_Breakout(20,m=2.0)",SHORT,2026-08-13 15:30:00,2026-08-13 18:45:00,7806.0,7820.5,-74.5
"Keltner_Breakout(20,m=2.0)",LONG,2026-08-13 18:45:00,2026-08-14 01:05:00,7820.5,7821.25,1.75
"Keltner_Breakout(20,m=2.0)",SHORT,2026-08-14 01:05:00,2026-08-14 03:25:00,7821.25,7827.5,-33.25
"Keltner_Breakout(20,m=2.0)",LONG,2026-08-14 03:25:00,2026-08-14 05:10:00,7827.5,7822.0,-29.5
"Keltner_Breakout(20,m=2.0)",SHORT,2026-08-14 05:10:00,2026-08-14 08:40:00,7822.0,7827.75,-30.75
"Keltner_Breakout(20,m=2.0)",LONG,2026-08-14 08:40:00,2026-08-14 13:40:00,7827.75,7822.75,-27.0
"Keltner_Breakout(20,m=2.0)",SHORT,2026-08-14 13:40:00,2026-08-16 22:15:00,7822.75,7810.75,58.0
"Keltner_Breakout(20,m=2.0)",LONG,2026-08-16 22:15:00,2026-08-17 02:05:00,7810.75,7806.75,-22.0
"Keltner_Breakout(20,m=2.0)",SHORT,2026-08-17 02:05:00,2026-08-17 04:05:00,7806.75,7813.0,-33.25
Engulfing_Reversal(0.3),LONG,2026-05-31 22:35:00,2026-05-31 23:25:00,7597.5,7601.5,18.0
Engulfing_Reversal(0.3),SHORT,2026-05-31 23:25:00,2026-05-31 23:30:00,7601.5,7604.0,-14.5
Engulfing_Reversal(0.3),LONG,2026-05-31 23:30:00,2026-06-01 00:20:00,7604.0,7608.0,18.0
Engulfing_Reversal(0.3),SHORT,2026-06-01 00:20:00,2026-06-01 01:15:00,7608.0,7610.25,-13.25
Engulfing_Reversal(0.3),LONG,2026-06-01 01:15:00,2026-06-01 01:30:00,7610.25,7610.75,0.5
Engulfing_Reversal(0.3),SHORT,2026-06-01 01:30:00,2026-06-01 01:35:00,7610.75,7612.5,-10.75
Engulfing_Reversal(0.3),LONG,2026-06-01 01:35:00,2026-06-01 02:20:00,7612.5,7616.75,19.25
Engulfing_Reversal(0.3),SHORT,2026-06-01 02:20:00,2026-06-01 02:40:00,7616.75,7616.5,-0.75
Engulfing_Reversal(0.3),LONG,2026-06-01 02:40:00,2026-06-01 03:40:00,7616.5,7615.75,-5.75
Engulfing_Reversal(0.3),SHORT,2026-06-01 03:40:00,2026-06-01 04:25:00,7615.75,7615.0,1.75
Engulfing_Reversal(0.3),LONG,2026-06-01 04:25:00,2026-06-01 05:05:00,7615.0,7617.0,8.0
Engulfing_Reversal(0.3),SHORT,2026-06-01 05:05:00,2026-06-01 06:10:00,7617.0,7618.25,-8.25
Engulfing_Reversal(0.3),LONG,2026-06-01 06:10:00,2026-06-01 06:15:00,7618.25,7617.5,-5.75
Engulfing_Reversal(0.3),SHORT,2026-06-01 06:15:00,2026-06-01 06:35:00,7617.5,7617.0,0.5
Engulfing_Reversal(0.3),LONG,2026-06-01 06:35:00,2026-06-01 07:15:00,7617.0,7618.75,6.75
Engulfing_Reversal(0.3),SHORT,2026-06-01 07:15:00,2026-06-01 07:55:00,7618.75,7609.5,44.25
Engulfing_Reversal(0.3),LONG,2026-06-01 07:55:00,2026-06-01 08:15:00,7609.5,7609.75,-0.75
Engulfing_Reversal(0.3),SHORT,2026-06-01 08:15:00,2026-06-01 09:20:00,7609.75,7613.5,-20.75
Engulfing_Reversal(0.3),LONG,2026-06-01 09:20:00,2026-06-01 09:40:00,7613.5,7611.75,-10.75
Engulfing_Reversal(0.3),SHORT,2026-06-01 09:40:00,2026-06-01 10:30:00,7611.75,7614.75,-17.0
Engulfing_Reversal(0.3),LONG,2026-06-01 10:30:00,2026-06-01 11:25:00,7614.75,7615.0,-0.75
Engulfing_Reversal(0.3),SHORT,2026-06-01 11:25:00,2026-06-01 11:30:00,7615.0,7616.75,-10.75
Engulfing_Reversal(0.3),LONG,2026-06-01 11:30:00,2026-06-01 12:35:00,7616.75,7608.25,-44.5
Engulfing_Reversal(0.3),SHORT,2026-06-01 12:35:00,2026-06-01 12:40:00,7608.25,7610.5,-13.25
Engulfing_Reversal(0.3),LONG,2026-06-01 12:40:00,2026-06-01 13:15:00,7610.5,7588.75,-110.75
Engulfing_Reversal(0.3),SHORT,2026-06-01 13:15:00,2026-06-01 14:10:00,7588.75,7592.0,-18.25
Engulfing_Reversal(0.3),LONG,2026-06-01 14:10:00,2026-06-01 14:30:00,7592.0,7587.0,-27.0
Engulfing_Reversal(0.3),SHORT,2026-06-01 14:30:00,2026-06-01 14:45:00,7587.0,7586.25,1.75
Engulfing_Reversal(0.3),LONG,2026-06-01 14:45:00,2026-06-01 16:45:00,7586.25,7599.0,61.75
Engulfing_Reversal(0.3),SHORT,2026-06-01 16:45:00,2026-06-01 18:45:00,7599.0,7627.75,-145.75
Engulfing_Reversal(0.3),LONG,2026-06-01 18:45:00,2026-06-01 18:50:00,7627.75,7624.75,-17.0
Engulfing_Reversal(0.3),SHORT,2026-06-01 18:50:00,2026-06-01 19:05:00,7624.75,7625.5,-5.75
Engulfing_Reversal(0.3),LONG,2026-06-01 19:05:00,2026-06-01 22:40:00,7625.5,7592.75,-165.75
Engulfing_Reversal(0.3),SHORT,2026-06-01 22:40:00,2026-06-01 23:00:00,7592.75,7595.5,-15.75
Engulfing_Reversal(0.3),LONG,2026-06-01 23:00:00,2026-06-01 23:15:00,7595.5,7594.75,-5.75
Engulfing_Reversal(0.3),SHORT,2026-06-01 23:15:00,2026-06-01 23:20:00,7594.75,7596.0,-8.25
Engulfing_Reversal(0.3),LONG,2026-06-01 23:20:00,2026-06-02 00:05:00,7596.0,7592.75,-18.25
Engulfing_Reversal(0.3),SHORT,2026-06-02 00:05:00,2026-06-02 01:15:00,7592.75,7585.5,34.25
Engulfing_Reversal(0.3),LONG,2026-06-02 01:15:00,2026-06-02 01:40:00,7585.5,7580.25,-28.25
Engulfing_Reversal(0.3),SHORT,2026-06-02 01:40:00,2026-06-02 03:25:00,7580.25,7578.75,5.5
Engulfing_Reversal(0.3),LONG,2026-06-02 03:25:00,2026-06-02 04:15:00,7578.75,7582.25,15.5
Engulfing_Reversal(0.3),SHORT,2026-06-02 04:15:00,2026-06-02 04:25:00,7582.25,7583.25,-7.0
Engulfing_Reversal(0.3),LONG,2026-06-02 04:25:00,2026-06-02 05:05:00,7583.25,7589.0,26.75
Engulfing_Reversal(0.3),SHORT,2026-06-02 05:05:00,2026-06-02 06:50:00,7589.0,7600.25,-58.25
Engulfing_Reversal(0.3),LONG,2026-06-02 06:50:00,2026-06-02 07:30:00,7600.25,7604.0,16.75
Engulfing_Reversal(0.3),SHORT,2026-06-02 07:30:00,2026-06-02 07:55:00,7604.0,7605.5,-9.5
Engulfing_Reversal(0.3),LONG,2026-06-02 07:55:00,2026-06-02 08:45:00,7605.5,7605.5,-2.0
Engulfing_Reversal(0.3),SHORT,2026-06-02 08:45:00,2026-06-02 09:35:00,7605.5,7601.0,20.5
Engulfing_Reversal(0.3),LONG,2026-06-02 09:35:00,2026-06-02 09:55:00,7601.0,7602.75,6.75
Engulfing_Reversal(0.3),SHORT,2026-06-02 09:55:00,2026-06-02 11:30:00,7602.75,7598.75,18.0
Engulfing_Reversal(0.3),LONG,2026-06-02 11:30:00,2026-06-02 11:45:00,7598.75,7599.0,-0.75
Engulfing_Reversal(0.3),SHORT,2026-06-02 11:45:00,2026-06-02 12:45:00,7599.0,7601.25,-13.25
Engulfing_Reversal(0.3),LONG,2026-06-02 12:45:00,2026-06-02 13:40:00,7601.25,7598.0,-18.25
Engulfing_Reversal(0.3),SHORT,2026-06-02 13:40:00,2026-06-02 14:45:00,7598.0,7616.75,-95.75
Engulfing_Reversal(0.3),LONG,2026-06-02 14:45:00,2026-06-02 15:05:00,7616.75,7622.75,28.0
Engulfing_Reversal(0.3),SHORT,2026-06-02 15:05:00,2026-06-02 15:20:00,7622.75,7629.5,-35.75
Engulfing_Reversal(0.3),LONG,2026-06-02 15:20:00,2026-06-02 15:30:00,7629.5,7626.75,-15.75
Engulfing_Reversal(0.3),SHORT,2026-06-02 15:30:00,2026-06-02 16:10:00,7626.75,7625.0,6.75
Engulfing_Reversal(0.3),LONG,2026-06-02 16:10:00,2026-06-02 16:30:00,7625.0,7621.25,-20.75
Engulfing_Reversal(0.3),SHORT,2026-06-02 16:30:00,2026-06-02 17:15:00,7621.25,7626.75,-29.5
Engulfing_Reversal(0.3),LONG,2026-06-02 17:15:00,2026-06-02 17:20:00,7626.75,7621.5,-28.25
Engulfing_Reversal(0.3),SHORT,2026-06-02 17:20:00,2026-06-02 17:45:00,7621.5,7618.75,11.75
Engulfing_Reversal(0.3),LONG,2026-06-02 17:45:00,2026-06-02 18:40:00,7618.75,7615.0,-20.75
Engulfing_Reversal(0.3),SHORT,2026-06-02 18:40:00,2026-06-02 19:00:00,7615.0,7619.0,-22.0
Engulfing_Reversal(0.3),LONG,2026-06-02 19:00:00,2026-06-02 19:15:00,7619.0,7620.5,5.5
Engulfing_Reversal(0.3),SHORT,2026-06-02 19:15:00,2026-06-02 19:50:00,7620.5,7622.75,-13.25
Engulfing_Reversal(0.3),LONG,2026-06-02 19:50:00,2026-06-03 00:10:00,7622.75,7622.75,-2.0
Engulfing_Reversal(0.3),SHORT,2026-06-03 00:10:00,2026-06-03 01:20:00,7622.75,7621.75,3.0
Engulfing_Reversal(0.3),LONG,2026-06-03 01:20:00,2026-06-03 01:40:00,7621.75,7620.25,-9.5
Engulfing_Reversal(0.3),SHORT,2026-06-03 01:40:00,2026-06-03 01:55:00,7620.25,7621.75,-9.5
Engulfing_Reversal(0.3),LONG,2026-06-03 01:55:00,2026-06-03 03:10:00,7621.75,7621.5,-3.25
Engulfing_Reversal(0.3),SHORT,2026-06-03 03:10:00,2026-06-03 03:25:00,7621.5,7623.75,-13.25
Engulfing_Reversal(0.3),LONG,2026-06-03 03:25:00,2026-06-03 04:30:00,7623.75,7624.75,3.0
Engulfing_Reversal(0.3),SHORT,2026-06-03 04:30:00,2026-06-03 05:10:00,7624.75,7622.5,9.25
Engulfing_Reversal(0.3),LONG,2026-06-03 05:10:00,2026-06-03 05:30:00,7622.5,7621.75,-5.75
Engulfing_Reversal(0.3),SHORT,2026-06-03 05:30:00,2026-06-03 06:05:00,7621.75,7621.75,-2.0
Engulfing_Reversal(0.3),LONG,2026-06-03 06:05:00,2026-06-03 06:10:00,7621.75,7618.75,-17.0
Engulfing_Reversal(0.3),SHORT,2026-06-03 06:10:00,2026-06-03 06:40:00,7618.75,7620.5,-10.75
Engulfing_Reversal(0.3),LONG,2026-06-03 06:40:00,2026-06-03 09:25:00,7620.5,7617.5,-17.0
Engulfing_Reversal(0.3),SHORT,2026-06-03 09:25:00,2026-06-03 10:10:00,7617.5,7617.25,-0.75
Engulfing_Reversal(0.3),LONG,2026-06-03 10:10:00,2026-06-03 12:20:00,7617.25,7613.5,-20.75
Engulfing_Reversal(0.3),SHORT,2026-06-03 12:20:00,2026-06-03 13:25:00,7613.5,7608.5,23.0
Engulfing_Reversal(0.3),LONG,2026-06-03 13:25:00,2026-06-03 13:40:00,7608.5,7606.0,-14.5
Engulfing_Reversal(0.3),SHORT,2026-06-03 13:40:00,2026-06-03 14:40:00,7606.0,7596.25,46.75
Engulfing_Reversal(0.3),LONG,2026-06-03 14:40:00,2026-06-03 14:45:00,7596.25,7591.5,-25.75
Engulfing_Reversal(0.3),SHORT,2026-06-03 14:45:00,2026-06-03 15:30:00,7591.5,7588.5,13.0
Engulfing_Reversal(0.3),LONG,2026-06-03 15:30:00,2026-06-03 16:40:00,7588.5,7565.75,-115.75
Engulfing_Reversal(0.3),SHORT,2026-06-03 16:40:00,2026-06-03 18:20:00,7565.75,7582.0,-83.25
Engulfing_Reversal(0.3),LONG,2026-06-03 18:20:00,2026-06-03 19:55:00,7582.0,7574.0,-42.0
Engulfing_Reversal(0.3),SHORT,2026-06-03 19:55:00,2026-06-03 23:00:00,7574.0,7543.5,150.5
Engulfing_Reversal(0.3),LONG,2026-06-03 23:00:00,2026-06-03 23:20:00,7543.5,7534.25,-48.25
Engulfing_Reversal(0.3),SHORT,2026-06-03 23:20:00,2026-06-03 23:30:00,7534.25,7535.0,-5.75
Engulfing_Reversal(0.3),LONG,2026-06-03 23:30:00,2026-06-03 23:35:00,7535.0,7531.0,-22.0
Engulfing_Reversal(0.3),SHORT,2026-06-03 23:35:00,2026-06-04 00:05:00,7531.0,7541.5,-54.5
Engulfing_Reversal(0.3),LONG,2026-06-04 00:05:00,2026-06-04 00:25:00,7541.5,7539.0,-14.5
Engulfing_Reversal(0.3),SHORT,2026-06-04 00:25:00,2026-06-04 03:05:00,7539.0,7537.75,4.25
Engulfing_Reversal(0.3),LONG,2026-06-04 03:05:00,2026-06-04 04:30:00,7537.75,7545.25,35.5
Engulfing_Reversal(0.3),SHORT,2026-06-04 04:30:00,2026-06-04 04:45:00,7545.25,7547.5,-13.25
Engulfing_Reversal(0.3),LONG,2026-06-04 04:45:00,2026-06-04 04:50:00,7547.5,7545.25,-13.25
Engulfing_Reversal(0.3),SHORT,2026-06-04 04:50:00,2026-06-04 06:00:00,7545.25,7543.75,5.5
Engulfing_Reversal(0.3),LONG,2026-06-04 06:00:00,2026-06-04 06:15:00,7543.75,7545.0,4.25
Engulfing_Reversal(0.3),SHORT,2026-06-04 06:15:00,2026-06-04 06:30:00,7545.0,7545.75,-5.75
Engulfing_Reversal(0.3),LONG,2026-06-04 06:30:00,2026-06-04 07:20:00,7545.75,7554.75,43.0
Engulfing_Reversal(0.3),SHORT,2026-06-04 07:20:00,2026-06-04 07:30:00,7554.75,7556.0,-8.25
Engulfing_Reversal(0.3),LONG,2026-06-04 07:30:00,2026-06-04 07:40:00,7556.0,7555.5,-4.5
Engulfing_Reversal(0.3),SHORT,2026-06-04 07:40:00,2026-06-04 09:50:00,7555.5,7548.0,35.5
Engulfing_Reversal(0.3),LONG,2026-06-04 09:50:00,2026-06-04 10:00:00,7548.0,7547.75,-3.25
Engulfing_Reversal(0.3),SHORT,2026-06-04 10:00:00,2026-06-04 13:35:00,7547.75,7556.25,-44.5
Engulfing_Reversal(0.3),LONG,2026-06-04 13:35:00,2026-06-04 13:45:00,7556.25,7548.25,-42.0
Engulfing_Reversal(0.3),SHORT,2026-06-04 13:45:00,2026-06-04 14:25:00,7548.25,7569.5,-108.25
Engulfing_Reversal(0.3),LONG,2026-06-04 14:25:00,2026-06-04 15:35:00,7569.5,7584.0,70.5
Engulfing_Reversal(0.3),SHORT,2026-06-04 15:35:00,2026-06-04 16:40:00,7584.0,7595.5,-59.5
Engulfing_Reversal(0.3),LONG,2026-06-04 16:40:00,2026-06-04 17:40:00,7595.5,7599.0,15.5
Engulfing_Reversal(0.3),SHORT,2026-06-04 17:40:00,2026-06-04 17:45:00,7599.0,7600.75,-10.75
Engulfing_Reversal(0.3),LONG,2026-06-04 17:45:00,2026-06-04 19:45:00,7600.75,7606.25,25.5
Engulfing_Reversal(0.3),SHORT,2026-06-04 19:45:00,2026-06-04 22:50:00,7606.25,7584.5,106.75
Engulfing_Reversal(0.3),LONG,2026-06-04 22:50:00,2026-06-04 23:05:00,7584.5,7584.75,-0.75
Engulfing_Reversal(0.3),SHORT,2026-06-04 23:05:00,2026-06-04 23:30:00,7584.75,7579.5,24.25
Engulfing_Reversal(0.3),LONG,2026-06-04 23:30:00,2026-06-04 23:35:00,7579.5,7577.75,-10.75
Engulfing_Reversal(0.3),SHORT,2026-06-04 23:35:00,2026-06-05 00:30:00,7577.75,7564.5,64.25
Engulfing_Reversal(0.3),LONG,2026-06-05 00:30:00,2026-06-05 00:40:00,7564.5,7562.5,-12.0
Engulfing_Reversal(0.3),SHORT,2026-06-05 00:40:00,2026-06-05 01:55:00,7562.5,7557.0,25.5
Engulfing_Reversal(0.3),LONG,2026-06-05 01:55:00,2026-06-05 02:20:00,7557.0,7562.25,24.25
Engulfing_Reversal(0.3),SHORT,2026-06-05 02:20:00,2026-06-05 03:15:00,7562.25,7561.25,3.0
Engulfing_Reversal(0.3),LONG,2026-06-05 03:15:00,2026-06-05 03:30:00,7561.25,7559.0,-13.25
Engulfing_Reversal(0.3),SHORT,2026-06-05 03:30:00,2026-06-05 04:50:00,7559.0,7562.25,-18.25
Engulfing_Reversal(0.3),LONG,2026-06-05 04:50:00,2026-06-05 05:30:00,7562.25,7559.5,-15.75
Engulfing_Reversal(0.3),SHORT,2026-06-05 05:30:00,2026-06-05 07:25:00,7559.5,7553.0,30.5
Engulfing_Reversal(0.3),LONG,2026-06-05 07:25:00,2026-06-05 10:50:00,7553.0,7571.25,89.25
Engulfing_Reversal(0.3),SHORT,2026-06-05 10:50:00,2026-06-05 12:20:00,7571.25,7562.5,41.75
Engulfing_Reversal(0.3),LONG,2026-06-05 12:20:00,2026-06-05 12:55:00,7562.5,7551.25,-58.25
Engulfing_Reversal(0.3),SHORT,2026-06-05 12:55:00,2026-06-05 13:30:00,7551.25,7548.0,14.25
Engulfing_Reversal(0.3),LONG,2026-06-05 13:30:00,2026-06-05 13:40:00,7548.0,7540.25,-40.75
Engulfing_Reversal(0.3),SHORT,2026-06-05 13:40:00,2026-06-05 14:35:00,7540.25,7528.25,58.0
Engulfing_Reversal(0.3),LONG,2026-06-05 14:35:00,2026-06-05 15:05:00,7528.25,7519.25,-47.0
Engulfing_Reversal(0.3),SHORT,2026-06-05 15:05:00,2026-06-05 15:55:00,7519.25,7491.75,135.5
Engulfing_Reversal(0.3),LONG,2026-06-05 15:55:00,2026-06-05 16:30:00,7491.75,7471.75,-102.0
Engulfing_Reversal(0.3),SHORT,2026-06-05 16:30:00,2026-06-05 17:25:00,7471.75,7465.0,31.75
Engulfing_Reversal(0.3),LONG,2026-06-05 17:25:00,2026-06-05 17:45:00,7465.0,7462.75,-13.25
Engulfing_Reversal(0.3),SHORT,2026-06-05 17:45:00,2026-06-05 19:40:00,7462.75,7411.75,253.0
Engulfing_Reversal(0.3),LONG,2026-06-05 19:40:00,2026-06-05 19:45:00,7411.75,7402.75,-47.0
Engulfing_Reversal(0.3),SHORT,2026-06-05 19:45:00,2026-06-05 19:50:00,7402.75,7412.25,-49.5
Engulfing_Reversal(0.3),LONG,2026-06-05 19:50:00,2026-06-05 20:35:00,7412.25,7363.25,-247.0
Engulfing_Reversal(0.3),SHORT,2026-06-05 20:35:00,2026-06-05 20:50:00,7363.25,7365.75,-14.5
Engulfing_Reversal(0.3),LONG,2026-06-05 20:50:00,2026-06-07 22:45:00,7365.75,7385.75,98.0
Engulfing_Reversal(0.3),SHORT,2026-06-07 22:45:00,2026-06-07 23:30:00,7385.75,7381.0,21.75
Engulfing_Reversal(0.3),LONG,2026-06-07 23:30:00,2026-06-08 04:35:00,7381.0,7407.75,131.75
Engulfing_Reversal(0.3),SHORT,2026-06-08 04:35:00,2026-06-08 05:05:00,7407.75,7408.25,-4.5
Engulfing_Reversal(0.3),LONG,2026-06-08 05:05:00,2026-06-08 05:35:00,7408.25,7395.25,-67.0
Engulfing_Reversal(0.3),SHORT,2026-06-08 05:35:00,2026-06-08 06:55:00,7395.25,7401.75,-34.5
Engulfing_Reversal(0.3),LONG,2026-06-08 06:55:00,2026-06-08 08:15:00,7401.75,7418.0,79.25
Engulfing_Reversal(0.3),SHORT,2026-06-08 08:15:00,2026-06-08 12:45:00,7418.0,7463.0,-227.0
Engulfing_Reversal(0.3),LONG,2026-06-08 12:45:00,2026-06-08 13:15:00,7463.0,7462.75,-3.25
Engulfing_Reversal(0.3),SHORT,2026-06-08 13:15:00,2026-06-08 13:45:00,7462.75,7450.5,59.25
Engulfing_Reversal(0.3),LONG,2026-06-08 13:45:00,2026-06-08 14:00:00,7450.5,7431.25,-98.25
Engulfing_Reversal(0.3),SHORT,2026-06-08 14:00:00,2026-06-08 14:25:00,7431.25,7444.5,-68.25
Engulfing_Reversal(0.3),LONG,2026-06-08 14:25:00,2026-06-08 15:30:00,7444.5,7455.25,51.75
Engulfing_Reversal(0.3),SHORT,2026-06-08 15:30:00,2026-06-08 15:40:00,7455.25,7457.25,-12.0
Engulfing_Reversal(0.3),LONG,2026-06-08 15:40:00,2026-06-08 15:50:00,7457.25,7456.0,-8.25
Engulfing_Reversal(0.3),SHORT,2026-06-08 15:50:00,2026-06-08 16:15:00,7456.0,7453.25,11.75
Engulfing_Reversal(0.3),LONG,2026-06-08 16:15:00,2026-06-08 16:25:00,7453.25,7452.75,-4.5
Engulfing_Reversal(0.3),SHORT,2026-06-08 16:25:00,2026-06-08 16:45:00,7452.75,7443.25,45.5
Engulfing_Reversal(0.3),LONG,2026-06-08 16:45:00,2026-06-08 17:20:00,7443.25,7425.75,-89.5
Engulfing_Reversal(0.3),SHORT,2026-06-08 17:20:00,2026-06-08 17:50:00,7425.75,7436.5,-55.75
Engulfing_Reversal(0.3),LONG,2026-06-08 17:50:00,2026-06-08 18:00:00,7436.5,7433.75,-15.75
Engulfing_Reversal(0.3),SHORT,2026-06-08 18:00:00,2026-06-08 18:05:00,7433.75,7438.5,-25.75
Engulfing_Reversal(0.3),LONG,2026-06-08 18:05:00,2026-06-08 18:15:00,7438.5,7435.0,-19.5
Engulfing_Reversal(0.3),SHORT,2026-06-08 18:15:00,2026-06-08 19:30:00,7435.0,7414.5,100.5
Engulfing_Reversal(0.3),LONG,2026-06-08 19:30:00,2026-06-08 22:05:00,7414.5,7406.0,-44.5
Engulfing_Reversal(0.3),SHORT,2026-06-08 22:05:00,2026-06-09 00:00:00,7406.0,7410.0,-22.0
Engulfing_Reversal(0.3),LONG,2026-06-09 00:00:00,2026-06-09 00:35:00,7410.0,7394.25,-80.75
Engulfing_Reversal(0.3),SHORT,2026-06-09 00:35:00,2026-06-09 00:45:00,7394.25,7397.0,-15.75
Engulfing_Reversal(0.3),LONG,2026-06-09 00:45:00,2026-06-09 03:25:00,7397.0,7423.5,130.5
Engulfing_Reversal(0.3),SHORT,2026-06-09 03:25:00,2026-06-09 04:20:00,7423.5,7434.5,-57.0
Engulfing_Reversal(0.3),LONG,2026-06-09 04:20:00,2026-06-09 04:45:00,7434.5,7435.25,1.75
Engulfing_Reversal(0.3),SHORT,2026-06-09 04:45:00,2026-06-09 05:35:00,7435.25,7439.25,-22.0
Engulfing_Reversal(0.3),LONG,2026-06-09 05:35:00,2026-06-09 07:55:00,7439.25,7433.0,-33.25
Engulfing_Reversal(0.3),SHORT,2026-06-09 07:55:00,2026-06-09 09:30:00,7433.0,7449.5,-84.5
Engulfing_Reversal(0.3),LONG,2026-06-09 09:30:00,2026-06-09 09:35:00,7449.5,7444.5,-27.0
Engulfing_Reversal(0.3),SHORT,2026-06-09 09:35:00,2026-06-09 10:05:00,7444.5,7451.0,-34.5
Engulfing_Reversal(0.3),LONG,2026-06-09 10:05:00,2026-06-09 10:10:00,7451.0,7441.5,-49.5
Engulfing_Reversal(0.3),SHORT,2026-06-09 10:10:00,2026-06-09 10:45:00,7441.5,7446.5,-27.0
Engulfing_Reversal(0.3),LONG,2026-06-09 10:45:00,2026-06-09 11:40:00,7446.5,7446.25,-3.25
Engulfing_Reversal(0.3),SHORT,2026-06-09 11:40:00,2026-06-09 12:05:00,7446.25,7446.0,-0.75
Engulfing_Reversal(0.3),LONG,2026-06-09 12:05:00,2026-06-09 12:25:00,7446.0,7442.5,-19.5
Engulfing_Reversal(0.3),SHORT,2026-06-09 12:25:00,2026-06-09 13:00:00,7442.5,7456.25,-70.75
Engulfing_Reversal(0.3),LONG,2026-06-09 13:00:00,2026-06-09 13:15:00,7456.25,7451.75,-24.5
Engulfing_Reversal(0.3),SHORT,2026-06-09 13:15:00,2026-06-09 13:25:00,7451.75,7451.75,-2.0
Engulfing_Reversal(0.3),LONG,2026-06-09 13:25:00,2026-06-09 13:55:00,7451.75,7473.5,106.75
Engulfing_Reversal(0.3),SHORT,2026-06-09 13:55:00,2026-06-09 15:10:00,7473.5,7400.75,361.75
Engulfing_Reversal(0.3),LONG,2026-06-09 15:10:00,2026-06-09 16:20:00,7400.75,7280.75,-602.0
Engulfing_Reversal(0.3),SHORT,2026-06-09 16:20:00,2026-06-09 17:00:00,7280.75,7287.25,-34.5
Engulfing_Reversal(0.3),LONG,2026-06-09 17:00:00,2026-06-09 17:50:00,7287.25,7333.5,229.25
Engulfing_Reversal(0.3),SHORT,2026-06-09 17:50:00,2026-06-09 18:10:00,7333.5,7357.5,-122.0
Engulfing_Reversal(0.3),LONG,2026-06-09 18:10:00,2026-06-10 00:15:00,7357.5,7384.25,131.75
Engulfing_Reversal(0.3),SHORT,2026-06-10 00:15:00,2026-06-10 00:50:00,7384.25,7376.5,36.75
Engulfing_Reversal(0.3),LONG,2026-06-10 00:50:00,2026-06-10 01:10:00,7376.5,7380.75,19.25
Engulfing_Reversal(0.3),SHORT,2026-06-10 01:10:00,2026-06-10 02:15:00,7380.75,7376.0,21.75
Engulfing_Reversal(0.3),LONG,2026-06-10 02:15:00,2026-06-10 03:30:00,7376.0,7376.25,-0.75
Engulfing_Reversal(0.3),SHORT,2026-06-10 03:30:00,2026-06-10 04:20:00,7376.25,7368.75,35.5
Engulfing_Reversal(0.3),LONG,2026-06-10 04:20:00,2026-06-10 05:00:00,7368.75,7358.0,-55.75
Engulfing_Reversal(0.3),SHORT,2026-06-10 05:00:00,2026-06-10 07:10:00,7358.0,7369.0,-57.0
Engulfing_Reversal(0.3),LONG,2026-06-10 07:10:00,2026-06-10 07:20:00,7369.0,7367.0,-12.0
Engulfing_Reversal(0.3),SHORT,2026-06-10 07:20:00,2026-06-10 07:35:00,7367.0,7369.75,-15.75
Engulfing_Reversal(0.3),LONG,2026-06-10 07:35:00,2026-06-10 08:05:00,7369.75,7358.0,-60.75
Engulfing_Reversal(0.3),SHORT,2026-06-10 08:05:00,2026-06-10 08:40:00,7358.0,7352.75,24.25
Engulfing_Reversal(0.3),LONG,2026-06-10 08:40:00,2026-06-10 09:00:00,7352.75,7336.5,-83.25
Engulfing_Reversal(0.3),SHORT,2026-06-10 09:00:00,2026-06-10 10:40:00,7336.5,7339.5,-17.0
Engulfing_Reversal(0.3),LONG,2026-06-10 10:40:00,2026-06-10 11:05:00,7339.5,7319.0,-104.5
Engulfing_Reversal(0.3),SHORT,2026-06-10 11:05:00,2026-06-10 12:45:00,7319.0,7359.5,-204.5
Engulfing_Reversal(0.3),LONG,2026-06-10 12:45:00,2026-06-10 14:40:00,7359.5,7385.75,129.25
Engulfing_Reversal(0.3),SHORT,2026-06-10 14:40:00,2026-06-10 15:25:00,7385.75,7338.5,234.25
Engulfing_Reversal(0.3),LONG,2026-06-10 15:25:00,2026-06-10 15:50:00,7338.5,7320.0,-94.5
Engulfing_Reversal(0.3),SHORT,2026-06-10 15:50:00,2026-06-10 16:30:00,7320.0,7327.25,-38.25
Engulfing_Reversal(0.3),LONG,2026-06-10 16:30:00,2026-06-10 16:45:00,7327.25,7329.0,6.75
Engulfing_Reversal(0.3),SHORT,2026-06-10 16:45:00,2026-06-10 18:00:00,7329.0,7327.25,6.75
Engulfing_Reversal(0.3),LONG,2026-06-10 18:00:00,2026-06-10 18:10:00,7327.25,7325.75,-9.5
Engulfing_Reversal(0.3),SHORT,2026-06-10 18:10:00,2026-06-10 19:10:00,7325.75,7298.75,133.0
Engulfing_Reversal(0.3),LONG,2026-06-10 19:10:00,2026-06-10 19:15:00,7298.75,7291.75,-37.0
Engulfing_Reversal(0.3),SHORT,2026-06-10 19:15:00,2026-06-10 19:35:00,7291.75,7291.0,1.75
Engulfing_Reversal(0.3),LONG,2026-06-10 19:35:00,2026-06-10 20:30:00,7291.0,7270.0,-107.0
Engulfing_Reversal(0.3),SHORT,2026-06-10 20:30:00,2026-06-10 22:30:00,7270.0,7258.75,54.25
Engulfing_Reversal(0.3),LONG,2026-06-10 22:30:00,2026-06-11 01:45:00,7258.75,7297.25,190.5
Engulfing_Reversal(0.3),SHORT,2026-06-11 01:45:00,2026-06-11 02:40:00,7297.25,7279.75,85.5
Engulfing_Reversal(0.3),LONG,2026-06-11 02:40:00,2026-06-11 06:30:00,7279.75,7306.0,129.25
Engulfing_Reversal(0.3),SHORT,2026-06-11 06:30:00,2026-06-11 06:40:00,7306.0,7310.5,-24.5
Engulfing_Reversal(0.3),LONG,2026-06-11 06:40:00,2026-06-11 07:50:00,7310.5,7326.0,75.5
Engulfing_Reversal(0.3),SHORT,2026-06-11 07:50:00,2026-06-11 08:35:00,7326.0,7335.0,-47.0
Engulfing_Reversal(0.3),LONG,2026-06-11 08:35:00,2026-06-11 08:45:00,7335.0,7335.25,-0.75
Engulfing_Reversal(0.3),SHORT,2026-06-11 08:45:00,2026-06-11 09:20:00,7335.25,7335.0,-0.75
Engulfing_Reversal(0.3),LONG,2026-06-11 09:20:00,2026-06-11 09:25:00,7335.0,7333.75,-8.25
Engulfing_Reversal(0.3),SHORT,2026-06-11 09:25:00,2026-06-11 10:25:00,7333.75,7333.5,-0.75
Engulfing_Reversal(0.3),LONG,2026-06-11 10:25:00,2026-06-11 10:30:00,7333.5,7329.0,-24.5
Engulfing_Reversal(0.3),SHORT,2026-06-11 10:30:00,2026-06-11 11:30:00,7329.0,7322.5,30.5
Engulfing_Reversal(0.3),LONG,2026-06-11 11:30:00,2026-06-11 15:30:00,7322.5,7291.0,-159.5
Engulfing_Reversal(0.3),SHORT,2026-06-11 15:30:00,2026-06-11 16:10:00,7291.0,7309.75,-95.75
Engulfing_Reversal(0.3),LONG,2026-06-11 16:10:00,2026-06-11 18:05:00,7309.75,7352.5,211.75
Engulfing_Reversal(0.3),SHORT,2026-06-11 18:05:00,2026-06-11 18:15:00,7352.5,7362.75,-53.25
Engulfing_Reversal(0.3),LONG,2026-06-11 18:15:00,2026-06-11 22:35:00,7362.75,7409.25,230.5
Engulfing_Reversal(0.3),SHORT,2026-06-11 22:35:00,2026-06-11 22:45:00,7409.25,7411.0,-10.75
Engulfing_Reversal(0.3),LONG,2026-06-11 22:45:00,2026-06-11 23:00:00,7411.0,7411.75,1.75
Engulfing_Reversal(0.3),SHORT,2026-06-11 23:00:00,2026-06-11 23:15:00,7411.75,7409.75,8.0
Engulfing_Reversal(0.3),LONG,2026-06-11 23:15:00,2026-06-11 23:25:00,7409.75,7404.25,-29.5
Engulfing_Reversal(0.3),SHORT,2026-06-11 23:25:00,2026-06-12 00:25:00,7404.25,7415.25,-57.0
Engulfing_Reversal(0.3),LONG,2026-06-12 00:25:00,2026-06-12 00:40:00,7415.25,7416.25,3.0
Engulfing_Reversal(0.3),SHORT,2026-06-12 00:40:00,2026-06-12 03:30:00,7416.25,7404.25,58.0
Engulfing_Reversal(0.3),LONG,2026-06-12 03:30:00,2026-06-12 05:05:00,7404.25,7408.75,20.5
Engulfing_Reversal(0.3),SHORT,2026-06-12 05:05:00,2026-06-12 05:15:00,7408.75,7408.5,-0.75
Engulfing_Reversal(0.3),LONG,2026-06-12 05:15:00,2026-06-12 05:50:00,7408.5,7396.25,-63.25
Engulfing_Reversal(0.3),SHORT,2026-06-12 05:50:00,2026-06-12 07:35:00,7396.25,7382.75,65.5
Engulfing_Reversal(0.3),LONG,2026-06-12 07:35:00,2026-06-12 09:50:00,7382.75,7442.5,296.75
Engulfing_Reversal(0.3),SHORT,2026-06-12 09:50:00,2026-06-12 10:05:00,7442.5,7442.5,-2.0
Engulfing_Reversal(0.3),LONG,2026-06-12 10:05:00,2026-06-12 11:10:00,7442.5,7425.0,-89.5
Engulfing_Reversal(0.3),SHORT,2026-06-12 11:10:00,2026-06-12 11:15:00,7425.0,7430.25,-28.25
Engulfing_Reversal(0.3),LONG,2026-06-12 11:15:00,2026-06-12 13:35:00,7430.25,7401.5,-145.75
Engulfing_Reversal(0.3),SHORT,2026-06-12 13:35:00,2026-06-12 14:20:00,7401.5,7420.0,-94.5
Engulfing_Reversal(0.3),LONG,2026-06-12 14:20:00,2026-06-12 14:25:00,7420.0,7408.0,-62.0
Engulfing_Reversal(0.3),SHORT,2026-06-12 14:25:00,2026-06-12 14:55:00,7408.0,7433.5,-129.5
Engulfing_Reversal(0.3),LONG,2026-06-12 14:55:00,2026-06-12 16:00:00,7433.5,7405.75,-140.75
Engulfing_Reversal(0.3),SHORT,2026-06-12 16:00:00,2026-06-12 16:35:00,7405.75,7427.0,-108.25
Engulfing_Reversal(0.3),LONG,2026-06-12 16:35:00,2026-06-12 18:20:00,7427.0,7424.0,-17.0
Engulfing_Reversal(0.3),SHORT,2026-06-12 18:20:00,2026-06-14 22:50:00,7424.0,7496.5,-364.5
Engulfing_Reversal(0.3),LONG,2026-06-14 22:50:00,2026-06-15 03:00:00,7496.5,7519.0,110.5
Engulfing_Reversal(0.3),SHORT,2026-06-15 03:00:00,2026-06-15 03:35:00,7519.0,7522.75,-20.75
Engulfing_Reversal(0.3),LONG,2026-06-15 03:35:00,2026-06-15 05:25:00,7522.75,7528.25,25.5
Engulfing_Reversal(0.3),SHORT,2026-06-15 05:25:00,2026-06-15 05:40:00,7528.25,7530.0,-10.75
Engulfing_Reversal(0.3),LONG,2026-06-15 05:40:00,2026-06-15 06:10:00,7530.0,7529.5,-4.5
Engulfing_Reversal(0.3),SHORT,2026-06-15 06:10:00,2026-06-15 06:25:00,7529.5,7531.25,-10.75
Engulfing_Reversal(0.3),LONG,2026-06-15 06:25:00,2026-06-15 08:00:00,7531.25,7522.25,-47.0
Engulfing_Reversal(0.3),SHORT,2026-06-15 08:00:00,2026-06-15 08:40:00,7522.25,7529.5,-38.25
Engulfing_Reversal(0.3),LONG,2026-06-15 08:40:00,2026-06-15 09:45:00,7529.5,7584.5,273.0
Engulfing_Reversal(0.3),SHORT,2026-06-15 09:45:00,2026-06-15 10:45:00,7584.5,7590.5,-32.0
Engulfing_Reversal(0.3),LONG,2026-06-15 10:45:00,2026-06-15 14:10:00,7590.5,7613.25,111.75
Engulfing_Reversal(0.3),SHORT,2026-06-15 14:10:00,2026-06-15 14:20:00,7613.25,7613.75,-4.5
Engulfing_Reversal(0.3),LONG,2026-06-15 14:20:00,2026-06-15 14:25:00,7613.75,7611.0,-15.75
Engulfing_Reversal(0.3),SHORT,2026-06-15 14:25:00,2026-06-15 14:50:00,7611.0,7615.75,-25.75
Engulfing_Reversal(0.3),LONG,2026-06-15 14:50:00,2026-06-15 16:35:00,7615.75,7644.0,139.25
Engulfing_Reversal(0.3),SHORT,2026-06-15 16:35:00,2026-06-15 17:15:00,7644.0,7639.5,20.5
Engulfing_Reversal(0.3),LONG,2026-06-15 17:15:00,2026-06-15 17:45:00,7639.5,7639.75,-0.75
Engulfing_Reversal(0.3),SHORT,2026-06-15 17:45:00,2026-06-15 20:00:00,7639.75,7630.25,45.5
Engulfing_Reversal(0.3),LONG,2026-06-15 20:00:00,2026-06-15 22:15:00,7630.25,7621.0,-48.25
Engulfing_Reversal(0.3),SHORT,2026-06-15 22:15:00,2026-06-15 23:55:00,7621.0,7621.25,-3.25
Engulfing_Reversal(0.3),LONG,2026-06-15 23:55:00,2026-06-16 00:25:00,7621.25,7619.0,-13.25
Engulfing_Reversal(0.3),SHORT,2026-06-16 00:25:00,2026-06-16 00:30:00,7619.0,7621.75,-15.75
Engulfing_Reversal(0.3),LONG,2026-06-16 00:30:00,2026-06-16 01:10:00,7621.75,7614.5,-38.25
Engulfing_Reversal(0.3),SHORT,2026-06-16 01:10:00,2026-06-16 01:50:00,7614.5,7618.25,-20.75
Engulfing_Reversal(0.3),LONG,2026-06-16 01:50:00,2026-06-16 01:55:00,7618.25,7615.75,-14.5
Engulfing_Reversal(0.3),SHORT,2026-06-16 01:55:00,2026-06-16 02:20:00,7615.75,7616.75,-7.0
Engulfing_Reversal(0.3),LONG,2026-06-16 02:20:00,2026-06-16 03:15:00,7616.75,7617.5,1.75
Engulfing_Reversal(0.3),SHORT,2026-06-16 03:15:00,2026-06-16 03:20:00,7617.5,7620.0,-14.5
Engulfing_Reversal(0.3),LONG,2026-06-16 03:20:00,2026-06-16 04:20:00,7620.0,7619.75,-3.25
Engulfing_Reversal(0.3),SHORT,2026-06-16 04:20:00,2026-06-16 04:40:00,7619.75,7621.5,-10.75
Engulfing_Reversal(0.3),LONG,2026-06-16 04:40:00,2026-06-16 04:45:00,7621.5,7619.5,-12.0
Engulfing_Reversal(0.3),SHORT,2026-06-16 04:45:00,2026-06-16 05:00:00,7619.5,7618.5,3.0
Engulfing_Reversal(0.3),LONG,2026-06-16 05:00:00,2026-06-16 06:00:00,7618.5,7618.0,-4.5
Engulfing_Reversal(0.3),SHORT,2026-06-16 06:00:00,2026-06-16 06:05:00,7618.0,7621.25,-18.25
Engulfing_Reversal(0.3),LONG,2026-06-16 06:05:00,2026-06-16 06:20:00,7621.25,7621.0,-3.25
Engulfing_Reversal(0.3),SHORT,2026-06-16 06:20:00,2026-06-16 06:55:00,7621.0,7622.25,-8.25
Engulfing_Reversal(0.3),LONG,2026-06-16 06:55:00,2026-06-16 07:45:00,7622.25,7622.0,-3.25
Engulfing_Reversal(0.3),SHORT,2026-06-16 07:45:00,2026-06-16 07:55:00,7622.0,7623.75,-10.75
Engulfing_Reversal(0.3),LONG,2026-06-16 07:55:00,2026-06-16 08:15:00,7623.75,7626.75,13.0
Engulfing_Reversal(0.3),SHORT,2026-06-16 08:15:00,2026-06-16 08:55:00,7626.75,7627.25,-4.5
Engulfing_Reversal(0.3),LONG,2026-06-16 08:55:00,2026-06-16 10:20:00,7627.25,7624.0,-18.25
Engulfing_Reversal(0.3),SHORT,2026-06-16 10:20:00,2026-06-16 11:45:00,7624.0,7633.0,-47.0
Engulfing_Reversal(0.3),LONG,2026-06-16 11:45:00,2026-06-16 12:40:00,7633.0,7625.25,-40.75
Engulfing_Reversal(0.3),SHORT,2026-06-16 12:40:00,2026-06-16 14:40:00,7625.25,7617.5,36.75
Engulfing_Reversal(0.3),LONG,2026-06-16 14:40:00,2026-06-16 15:00:00,7617.5,7611.0,-34.5
Engulfing_Reversal(0.3),SHORT,2026-06-16 15:00:00,2026-06-16 15:05:00,7611.0,7615.0,-22.0
Engulfing_Reversal(0.3),LONG,2026-06-16 15:05:00,2026-06-16 17:20:00,7615.0,7604.75,-53.25
Engulfing_Reversal(0.3),SHORT,2026-06-16 17:20:00,2026-06-16 19:45:00,7604.75,7594.25,50.5
Engulfing_Reversal(0.3),LONG,2026-06-16 19:45:00,2026-06-16 20:00:00,7594.25,7588.0,-33.25
Engulfing_Reversal(0.3),SHORT,2026-06-16 20:00:00,2026-06-16 20:25:00,7588.0,7583.25,21.75
Engulfing_Reversal(0.3),LONG,2026-06-16 20:25:00,2026-06-16 23:40:00,7583.25,7591.75,40.5
Engulfing_Reversal(0.3),SHORT,2026-06-16 23:40:00,2026-06-17 01:20:00,7591.75,7602.25,-54.5
Engulfing_Reversal(0.3),LONG,2026-06-17 01:20:00,2026-06-17 01:45:00,7602.25,7602.5,-0.75
Engulfing_Reversal(0.3),SHORT,2026-06-17 01:45:00,2026-06-17 02:15:00,7602.5,7605.0,-14.5
Engulfing_Reversal(0.3),LONG,2026-06-17 02:15:00,2026-06-17 05:10:00,7605.0,7605.75,1.75
Engulfing_Reversal(0.3),SHORT,2026-06-17 05:10:00,2026-06-17 05:20:00,7605.75,7606.0,-3.25
Engulfing_Reversal(0.3),LONG,2026-06-17 05:20:00,2026-06-17 05:30:00,7606.0,7604.5,-9.5
Engulfing_Reversal(0.3),SHORT,2026-06-17 05:30:00,2026-06-17 06:05:00,7604.5,7605.75,-8.25
Engulfing_Reversal(0.3),LONG,2026-06-17 06:05:00,2026-06-17 06:15:00,7605.75,7605.5,-3.25
Engulfing_Reversal(0.3),SHORT,2026-06-17 06:15:00,2026-06-17 06:35:00,7605.5,7606.25,-5.75
Engulfing_Reversal(0.3),LONG,2026-06-17 06:35:00,2026-06-17 06:55:00,7606.25,7607.5,4.25
Engulfing_Reversal(0.3),SHORT,2026-06-17 06:55:00,2026-06-17 07:40:00,7607.5,7607.0,0.5
Engulfing_Reversal(0.3),LONG,2026-06-17 07:40:00,2026-06-17 09:35:00,7607.0,7598.0,-47.0
Engulfing_Reversal(0.3),SHORT,2026-06-17 09:35:00,2026-06-17 10:25:00,7598.0,7593.5,20.5
Engulfing_Reversal(0.3),LONG,2026-06-17 10:25:00,2026-06-17 12:20:00,7593.5,7590.75,-15.75
Engulfing_Reversal(0.3),SHORT,2026-06-17 12:20:00,2026-06-17 12:35:00,7590.75,7593.5,-15.75
Engulfing_Reversal(0.3),LONG,2026-06-17 12:35:00,2026-06-17 14:00:00,7593.5,7581.25,-63.25
Engulfing_Reversal(0.3),SHORT,2026-06-17 14:00:00,2026-06-17 15:15:00,7581.25,7578.25,13.0
Engulfing_Reversal(0.3),LONG,2026-06-17 15:15:00,2026-06-17 15:45:00,7578.25,7586.25,38.0
Engulfing_Reversal(0.3),SHORT,2026-06-17 15:45:00,2026-06-17 17:30:00,7586.25,7578.25,38.0
Engulfing_Reversal(0.3),LONG,2026-06-17 17:30:00,2026-06-17 17:35:00,7578.25,7573.5,-25.75
Engulfing_Reversal(0.3),SHORT,2026-06-17 17:35:00,2026-06-17 18:20:00,7573.5,7556.75,81.75
Engulfing_Reversal(0.3),LONG,2026-06-17 18:20:00,2026-06-17 18:25:00,7556.75,7542.0,-75.75
Engulfing_Reversal(0.3),SHORT,2026-06-17 18:25:00,2026-06-17 18:40:00,7542.0,7561.0,-97.0
Engulfing_Reversal(0.3),LONG,2026-06-17 18:40:00,2026-06-17 19:20:00,7561.0,7521.5,-199.5
Engulfing_Reversal(0.3),SHORT,2026-06-17 19:20:00,2026-06-17 20:00:00,7521.5,7492.25,144.25
Engulfing_Reversal(0.3),LONG,2026-06-17 20:00:00,2026-06-17 20:15:00,7492.25,7492.5,-0.75
Engulfing_Reversal(0.3),SHORT,2026-06-17 20:15:00,2026-06-17 20:20:00,7492.5,7502.75,-53.25
Engulfing_Reversal(0.3),LONG,2026-06-17 20:20:00,2026-06-17 22:05:00,7502.75,7507.5,21.75
Engulfing_Reversal(0.3),SHORT,2026-06-17 22:05:00,2026-06-17 22:10:00,7507.5,7516.75,-48.25
Engulfing_Reversal(0.3),LONG,2026-06-17 22:10:00,2026-06-17 23:00:00,7516.75,7525.75,43.0
Engulfing_Reversal(0.3),SHORT,2026-06-17 23:00:00,2026-06-18 00:35:00,7525.75,7556.25,-154.5
Engulfing_Reversal(0.3),LONG,2026-06-18 00:35:00,2026-06-18 00:45:00,7556.25,7556.25,-2.0
Engulfing_Reversal(0.3),SHORT,2026-06-18 00:45:00,2026-06-18 01:05:00,7556.25,7556.25,-2.0
Engulfing_Reversal(0.3),LONG,2026-06-18 01:05:00,2026-06-18 01:20:00,7556.25,7556.5,-0.75
Engulfing_Reversal(0.3),SHORT,2026-06-18 01:20:00,2026-06-18 02:05:00,7556.5,7556.25,-0.75
Engulfing_Reversal(0.3),LONG,2026-06-18 02:05:00,2026-06-18 03:00:00,7556.25,7556.5,-0.75
Engulfing_Reversal(0.3),SHORT,2026-06-18 03:00:00,2026-06-18 03:50:00,7556.5,7554.0,10.5
Engulfing_Reversal(0.3),LONG,2026-06-18 03:50:00,2026-06-18 04:15:00,7554.0,7549.5,-24.5
Engulfing_Reversal(0.3),SHORT,2026-06-18 04:15:00,2026-06-18 05:20:00,7549.5,7548.5,3.0
Engulfing_Reversal(0.3),LONG,2026-06-18 05:20:00,2026-06-18 06:20:00,7548.5,7541.75,-35.75
Engulfing_Reversal(0.3),SHORT,2026-06-18 06:20:00,2026-06-18 07:00:00,7541.75,7556.5,-75.75
Engulfing_Reversal(0.3),LONG,2026-06-18 07:00:00,2026-06-18 07:15:00,7556.5,7551.5,-27.0
Engulfing_Reversal(0.3),SHORT,2026-06-18 07:15:00,2026-06-18 08:00:00,7551.5,7559.5,-42.0
Engulfing_Reversal(0.3),LONG,2026-06-18 08:00:00,2026-06-18 10:05:00,7559.5,7560.75,4.25
Engulfing_Reversal(0.3),SHORT,2026-06-18 10:05:00,2026-06-18 10:15:00,7560.75,7563.25,-14.5
Engulfing_Reversal(0.3),LONG,2026-06-18 10:15:00,2026-06-18 10:25:00,7563.25,7560.75,-14.5
Engulfing_Reversal(0.3),SHORT,2026-06-18 10:25:00,2026-06-18 11:00:00,7560.75,7553.5,34.25
Engulfing_Reversal(0.3),LONG,2026-06-18 11:00:00,2026-06-18 11:20:00,7553.5,7538.25,-78.25
Engulfing_Reversal(0.3),SHORT,2026-06-18 11:20:00,2026-06-18 12:15:00,7538.25,7546.75,-44.5
Engulfing_Reversal(0.3),LONG,2026-06-18 12:15:00,2026-06-18 13:05:00,7546.75,7551.75,23.0
Engulfing_Reversal(0.3),SHORT,2026-06-18 13:05:00,2026-06-18 14:20:00,7551.75,7558.25,-34.5
Engulfing_Reversal(0.3),LONG,2026-06-18 14:20:00,2026-06-18 14:30:00,7558.25,7550.5,-40.75
Engulfing_Reversal(0.3),SHORT,2026-06-18 14:30:00,2026-06-18 14:50:00,7550.5,7568.5,-92.0
Engulfing_Reversal(0.3),LONG,2026-06-18 14:50:00,2026-06-18 15:05:00,7568.5,7562.5,-32.0
Engulfing_Reversal(0.3),SHORT,2026-06-18 15:05:00,2026-06-18 15:50:00,7562.5,7549.25,64.25
Engulfing_Reversal(0.3),LONG,2026-06-18 15:50:00,2026-06-18 17:25:00,7549.25,7572.5,114.25
Engulfing_Reversal(0.3),SHORT,2026-06-18 17:25:00,2026-06-18 18:45:00,7572.5,7562.5,48.0
Engulfing_Reversal(0.3),LONG,2026-06-18 18:45:00,2026-06-18 20:00:00,7562.5,7564.5,8.0
Engulfing_Reversal(0.3),SHORT,2026-06-18 20:00:00,2026-06-18 23:20:00,7564.5,7562.25,9.25
Engulfing_Reversal(0.3),LONG,2026-06-18 23:20:00,2026-06-19 00:40:00,7562.25,7558.75,-19.5
Engulfing_Reversal(0.3),SHORT,2026-06-19 00:40:00,2026-06-19 01:20:00,7558.75,7554.5,19.25
Engulfing_Reversal(0.3),LONG,2026-06-19 01:20:00,2026-06-19 01:35:00,7554.5,7553.25,-8.25
Engulfing_Reversal(0.3),SHORT,2026-06-19 01:35:00,2026-06-19 02:25:00,7553.25,7545.75,35.5
Engulfing_Reversal(0.3),LONG,2026-06-19 02:25:00,2026-06-21 22:10:00,7545.75,7536.25,-49.5
Engulfing_Reversal(0.3),SHORT,2026-06-21 22:10:00,2026-06-21 22:45:00,7536.25,7541.25,-27.0
Engulfing_Reversal(0.3),LONG,2026-06-21 22:45:00,2026-06-21 23:50:00,7541.25,7515.25,-132.0
Engulfing_Reversal(0.3),SHORT,2026-06-21 23:50:00,2026-06-22 00:00:00,7515.25,7515.75,-4.5
Engulfing_Reversal(0.3),LONG,2026-06-22 00:00:00,2026-06-22 01:20:00,7515.75,7551.5,176.75
Engulfing_Reversal(0.3),SHORT,2026-06-22 01:20:00,2026-06-22 01:25:00,7551.5,7554.5,-17.0
Engulfing_Reversal(0.3),LONG,2026-06-22 01:25:00,2026-06-22 02:30:00,7554.5,7542.25,-63.25
Engulfing_Reversal(0.3),SHORT,2026-06-22 02:30:00,2026-06-22 03:35:00,7542.25,7541.25,3.0
Engulfing_Reversal(0.3),LONG,2026-06-22 03:35:00,2026-06-22 04:40:00,7541.25,7530.5,-55.75
Engulfing_Reversal(0.3),SHORT,2026-06-22 04:40:00,2026-06-22 04:50:00,7530.5,7533.25,-15.75
Engulfing_Reversal(0.3),LONG,2026-06-22 04:50:00,2026-06-22 05:20:00,7533.25,7543.25,48.0
Engulfing_Reversal(0.3),SHORT,2026-06-22 05:20:00,2026-06-22 06:40:00,7543.25,7559.0,-80.75
Engulfing_Reversal(0.3),LONG,2026-06-22 06:40:00,2026-06-22 08:05:00,7559.0,7557.0,-12.0
Engulfing_Reversal(0.3),SHORT,2026-06-22 08:05:00,2026-06-22 08:35:00,7557.0,7555.75,4.25
Engulfing_Reversal(0.3),LONG,2026-06-22 08:35:00,2026-06-22 10:00:00,7555.75,7554.75,-7.0
Engulfing_Reversal(0.3),SHORT,2026-06-22 10:00:00,2026-06-22 10:05:00,7554.75,7560.75,-32.0
Engulfing_Reversal(0.3),LONG,2026-06-22 10:05:00,2026-06-22 10:30:00,7560.75,7563.0,9.25
Engulfing_Reversal(0.3),SHORT,2026-06-22 10:30:00,2026-06-22 11:05:00,7563.0,7567.0,-22.0
Engulfing_Reversal(0.3),LONG,2026-06-22 11:05:00,2026-06-22 11:45:00,7567.0,7563.5,-19.5
Engulfing_Reversal(0.3),SHORT,2026-06-22 11:45:00,2026-06-22 12:25:00,7563.5,7573.5,-52.0
Engulfing_Reversal(0.3),LONG,2026-06-22 12:25:00,2026-06-22 13:30:00,7573.5,7573.0,-4.5
Engulfing_Reversal(0.3),SHORT,2026-06-22 13:30:00,2026-06-22 15:25:00,7573.0,7544.0,143.0
Engulfing_Reversal(0.3),LONG,2026-06-22 15:25:00,2026-06-22 15:50:00,7544.0,7540.75,-18.25
Engulfing_Reversal(0.3),SHORT,2026-06-22 15:50:00,2026-06-22 18:10:00,7540.75,7545.0,-23.25
Engulfing_Reversal(0.3),LONG,2026-06-22 18:10:00,2026-06-22 18:30:00,7545.0,7547.25,9.25
Engulfing_Reversal(0.3),SHORT,2026-06-22 18:30:00,2026-06-22 19:05:00,7547.25,7537.0,49.25
Engulfing_Reversal(0.3),LONG,2026-06-22 19:05:00,2026-06-22 19:10:00,7537.0,7532.75,-23.25
Engulfing_Reversal(0.3),SHORT,2026-06-22 19:10:00,2026-06-22 19:35:00,7532.75,7533.5,-5.75
Engulfing_Reversal(0.3),LONG,2026-06-22 19:35:00,2026-06-22 23:00:00,7533.5,7532.0,-9.5
Engulfing_Reversal(0.3),SHORT,2026-06-22 23:00:00,2026-06-22 23:25:00,7532.0,7529.0,13.0
Engulfing_Reversal(0.3),LONG,2026-06-22 23:25:00,2026-06-22 23:50:00,7529.0,7527.75,-8.25
Engulfing_Reversal(0.3),SHORT,2026-06-22 23:50:00,2026-06-23 03:55:00,7527.75,7505.25,110.5
Engulfing_Reversal(0.3),LONG,2026-06-23 03:55:00,2026-06-23 05:10:00,7505.25,7483.5,-110.75
Engulfing_Reversal(0.3),SHORT,2026-06-23 05:10:00,2026-06-23 07:30:00,7483.5,7446.5,183.0
Engulfing_Reversal(0.3),LONG,2026-06-23 07:30:00,2026-06-23 07:45:00,7446.5,7439.5,-37.0
Engulfing_Reversal(0.3),SHORT,2026-06-23 07:45:00,2026-06-23 08:45:00,7439.5,7434.5,23.0
Engulfing_Reversal(0.3),LONG,2026-06-23 08:45:00,2026-06-23 08:50:00,7434.5,7427.0,-39.5
Engulfing_Reversal(0.3),SHORT,2026-06-23 08:50:00,2026-06-23 09:15:00,7427.0,7438.0,-57.0
Engulfing_Reversal(0.3),LONG,2026-06-23 09:15:00,2026-06-23 09:35:00,7438.0,7441.5,15.5
Engulfing_Reversal(0.3),SHORT,2026-06-23 09:35:00,2026-06-23 10:20:00,7441.5,7446.75,-28.25
Engulfing_Reversal(0.3),LONG,2026-06-23 10:20:00,2026-06-23 11:30:00,7446.75,7440.0,-35.75
Engulfing_Reversal(0.3),SHORT,2026-06-23 11:30:00,2026-06-23 11:55:00,7440.0,7453.0,-67.0
Engulfing_Reversal(0.3),LONG,2026-06-23 11:55:00,2026-06-23 12:10:00,7453.0,7448.75,-23.25
Engulfing_Reversal(0.3),SHORT,2026-06-23 12:10:00,2026-06-23 13:00:00,7448.75,7432.5,79.25
Engulfing_Reversal(0.3),LONG,2026-06-23 13:00:00,2026-06-23 14:35:00,7432.5,7476.0,215.5
Engulfing_Reversal(0.3),SHORT,2026-06-23 14:35:00,2026-06-23 15:45:00,7476.0,7444.0,158.0
Engulfing_Reversal(0.3),LONG,2026-06-23 15:45:00,2026-06-23 16:20:00,7444.0,7464.75,101.75
Engulfing_Reversal(0.3),SHORT,2026-06-23 16:20:00,2026-06-23 17:25:00,7464.75,7474.25,-49.5
Engulfing_Reversal(0.3),LONG,2026-06-23 17:25:00,2026-06-23 17:55:00,7474.25,7456.0,-93.25
Engulfing_Reversal(0.3),SHORT,2026-06-23 17:55:00,2026-06-23 18:05:00,7456.0,7456.0,-2.0
Engulfing_Reversal(0.3),LONG,2026-06-23 18:05:00,2026-06-23 18:20:00,7456.0,7451.5,-24.5
Engulfing_Reversal(0.3),SHORT,2026-06-23 18:20:00,2026-06-23 19:00:00,7451.5,7436.0,75.5
Engulfing_Reversal(0.3),LONG,2026-06-23 19:00:00,2026-06-23 19:20:00,7436.0,7434.25,-10.75
Engulfing_Reversal(0.3),SHORT,2026-06-23 19:20:00,2026-06-23 19:25:00,7434.25,7444.75,-54.5
Engulfing_Reversal(0.3),LONG,2026-06-23 19:25:00,2026-06-23 20:00:00,7444.75,7434.75,-52.0
Engulfing_Reversal(0.3),SHORT,2026-06-23 20:00:00,2026-06-23 20:25:00,7434.75,7440.25,-29.5
Engulfing_Reversal(0.3),LONG,2026-06-23 20:25:00,2026-06-23 20:40:00,7440.25,7439.75,-4.5
Engulfing_Reversal(0.3),SHORT,2026-06-23 20:40:00,2026-06-23 22:10:00,7439.75,7449.75,-52.0
Engulfing_Reversal(0.3),LONG,2026-06-23 22:10:00,2026-06-23 23:05:00,7449.75,7429.0,-105.75
Engulfing_Reversal(0.3),SHORT,2026-06-23 23:05:00,2026-06-23 23:15:00,7429.0,7433.25,-23.25
Engulfing_Reversal(0.3),LONG,2026-06-23 23:15:00,2026-06-24 01:05:00,7433.25,7447.25,68.0
Engulfing_Reversal(0.3),SHORT,2026-06-24 01:05:00,2026-06-24 01:45:00,7447.25,7452.0,-25.75
Engulfing_Reversal(0.3),LONG,2026-06-24 01:45:00,2026-06-24 04:15:00,7452.0,7439.75,-63.25
Engulfing_Reversal(0.3),SHORT,2026-06-24 04:15:00,2026-06-24 04:30:00,7439.75,7437.0,11.75
Engulfing_Reversal(0.3),LONG,2026-06-24 04:30:00,2026-06-24 05:30:00,7437.0,7454.25,84.25
Engulfing_Reversal(0.3),SHORT,2026-06-24 05:30:00,2026-06-24 07:25:00,7454.25,7448.0,29.25
Engulfing_Reversal(0.3),LONG,2026-06-24 07:25:00,2026-06-24 07:55:00,7448.0,7446.25,-10.75
Engulfing_Reversal(0.3),SHORT,2026-06-24 07:55:00,2026-06-24 08:15:00,7446.25,7451.75,-29.5
Engulfing_Reversal(0.3),LONG,2026-06-24 08:15:00,2026-06-24 08:40:00,7451.75,7447.5,-23.25
Engulfing_Reversal(0.3),SHORT,2026-06-24 08:40:00,2026-06-24 09:50:00,7447.5,7444.25,14.25
Engulfing_Reversal(0.3),LONG,2026-06-24 09:50:00,2026-06-24 10:05:00,7444.25,7445.5,4.25
Engulfing_Reversal(0.3),SHORT,2026-06-24 10:05:00,2026-06-24 10:30:00,7445.5,7450.5,-27.0
Engulfing_Reversal(0.3),LONG,2026-06-24 10:30:00,2026-06-24 14:40:00,7450.5,7459.0,40.5
Engulfing_Reversal(0.3),SHORT,2026-06-24 14:40:00,2026-06-24 15:30:00,7459.0,7493.5,-174.5
Engulfing_Reversal(0.3),LONG,2026-06-24 15:30:00,2026-06-24 16:30:00,7493.5,7477.75,-80.75
Engulfing_Reversal(0.3),SHORT,2026-06-24 16:30:00,2026-06-24 17:05:00,7477.75,7460.25,85.5
Engulfing_Reversal(0.3),LONG,2026-06-24 17:05:00,2026-06-24 17:10:00,7460.25,7445.75,-74.5
Engulfing_Reversal(0.3),SHORT,2026-06-24 17:10:00,2026-06-24 18:20:00,7445.75,7433.75,58.0
Engulfing_Reversal(0.3),LONG,2026-06-24 18:20:00,2026-06-24 19:10:00,7433.75,7409.25,-124.5
Engulfing_Reversal(0.3),SHORT,2026-06-24 19:10:00,2026-06-24 19:25:00,7409.25,7414.75,-29.5
Engulfing_Reversal(0.3),LONG,2026-06-24 19:25:00,2026-06-24 22:10:00,7414.75,7474.0,294.25
Engulfing_Reversal(0.3),SHORT,2026-06-24 22:10:00,2026-06-24 22:45:00,7474.0,7470.75,14.25
Engulfing_Reversal(0.3),LONG,2026-06-24 22:45:00,2026-06-24 22:50:00,7470.75,7466.75,-22.0
Engulfing_Reversal(0.3),SHORT,2026-06-24 22:50:00,2026-06-25 00:55:00,7466.75,7459.25,35.5
Engulfing_Reversal(0.3),LONG,2026-06-25 00:55:00,2026-06-25 01:30:00,7459.25,7456.75,-14.5
Engulfing_Reversal(0.3),SHORT,2026-06-25 01:30:00,2026-06-25 03:50:00,7456.75,7467.0,-53.25
Engulfing_Reversal(0.3),LONG,2026-06-25 03:50:00,2026-06-25 04:15:00,7467.0,7465.25,-10.75
Engulfing_Reversal(0.3),SHORT,2026-06-25 04:15:00,2026-06-25 05:05:00,7465.25,7468.0,-15.75
Engulfing_Reversal(0.3),LONG,2026-06-25 05:05:00,2026-06-25 05:50:00,7468.0,7472.25,19.25
Engulfing_Reversal(0.3),SHORT,2026-06-25 05:50:00,2026-06-25 06:35:00,7472.25,7481.25,-47.0
Engulfing_Reversal(0.3),LONG,2026-06-25 06:35:00,2026-06-25 08:45:00,7481.25,7481.25,-2.0
Engulfing_Reversal(0.3),SHORT,2026-06-25 08:45:00,2026-06-25 09:05:00,7481.25,7479.75,5.5
Engulfing_Reversal(0.3),LONG,2026-06-25 09:05:00,2026-06-25 10:35:00,7479.75,7484.5,21.75
Engulfing_Reversal(0.3),SHORT,2026-06-25 10:35:00,2026-06-25 11:05:00,7484.5,7485.5,-7.0
Engulfing_Reversal(0.3),LONG,2026-06-25 11:05:00,2026-06-25 11:10:00,7485.5,7482.0,-19.5
Engulfing_Reversal(0.3),SHORT,2026-06-25 11:10:00,2026-06-25 11:35:00,7482.0,7475.5,30.5
Engulfing_Reversal(0.3),LONG,2026-06-25 11:35:00,2026-06-25 13:20:00,7475.5,7481.75,29.25
Engulfing_Reversal(0.3),SHORT,2026-06-25 13:20:00,2026-06-25 14:05:00,7481.75,7427.75,268.0
Engulfing_Reversal(0.3),LONG,2026-06-25 14:05:00,2026-06-25 14:45:00,7427.75,7450.75,113.0
Engulfing_Reversal(0.3),SHORT,2026-06-25 14:45:00,2026-06-25 15:45:00,7450.75,7443.75,33.0
Engulfing_Reversal(0.3),LONG,2026-06-25 15:45:00,2026-06-25 16:00:00,7443.75,7437.75,-32.0
Engulfing_Reversal(0.3),SHORT,2026-06-25 16:00:00,2026-06-25 16:50:00,7437.75,7422.75,73.0
Engulfing_Reversal(0.3),LONG,2026-06-25 16:50:00,2026-06-25 17:20:00,7422.75,7420.25,-14.5
Engulfing_Reversal(0.3),SHORT,2026-06-25 17:20:00,2026-06-25 19:25:00,7420.25,7422.5,-13.25
Engulfing_Reversal(0.3),LONG,2026-06-25 19:25:00,2026-06-25 20:30:00,7422.5,7446.75,119.25
Engulfing_Reversal(0.3),SHORT,2026-06-25 20:30:00,2026-06-26 00:00:00,7446.75,7423.75,113.0
Engulfing_Reversal(0.3),LONG,2026-06-26 00:00:00,2026-06-26 01:55:00,7423.75,7402.5,-108.25
Engulfing_Reversal(0.3),SHORT,2026-06-26 01:55:00,2026-06-26 03:15:00,7402.5,7369.0,165.5
Engulfing_Reversal(0.3),LONG,2026-06-26 03:15:00,2026-06-26 03:25:00,7369.0,7367.5,-9.5
Engulfing_Reversal(0.3),SHORT,2026-06-26 03:25:00,2026-06-26 03:55:00,7367.5,7376.5,-47.0
Engulfing_Reversal(0.3),LONG,2026-06-26 03:55:00,2026-06-26 04:35:00,7376.5,7371.0,-29.5
Engulfing_Reversal(0.3),SHORT,2026-06-26 04:35:00,2026-06-26 04:45:00,7371.0,7373.25,-13.25
Engulfing_Reversal(0.3),LONG,2026-06-26 04:45:00,2026-06-26 04:50:00,7373.25,7369.25,-22.0
Engulfing_Reversal(0.3),SHORT,2026-06-26 04:50:00,2026-06-26 05:30:00,7369.25,7378.75,-49.5
Engulfing_Reversal(0.3),LONG,2026-06-26 05:30:00,2026-06-26 06:10:00,7378.75,7370.25,-44.5
Engulfing_Reversal(0.3),SHORT,2026-06-26 06:10:00,2026-06-26 06:15:00,7370.25,7376.0,-30.75
Engulfing_Reversal(0.3),LONG,2026-06-26 06:15:00,2026-06-26 07:45:00,7376.0,7406.75,151.75
Engulfing_Reversal(0.3),SHORT,2026-06-26 07:45:00,2026-06-26 07:55:00,7406.75,7412.0,-28.25
Engulfing_Reversal(0.3),LONG,2026-06-26 07:55:00,2026-06-26 08:15:00,7412.0,7402.75,-48.25
Engulfing_Reversal(0.3),SHORT,2026-06-26 08:15:00,2026-06-26 08:25:00,7402.75,7404.75,-12.0
Engulfing_Reversal(0.3),LONG,2026-06-26 08:25:00,2026-06-26 08:45:00,7404.75,7397.5,-38.25
Engulfing_Reversal(0.3),SHORT,2026-06-26 08:45:00,2026-06-26 10:30:00,7397.5,7386.25,54.25
Engulfing_Reversal(0.3),LONG,2026-06-26 10:30:00,2026-06-26 10:40:00,7386.25,7384.25,-12.0
Engulfing_Reversal(0.3),SHORT,2026-06-26 10:40:00,2026-06-26 11:35:00,7384.25,7387.0,-15.75
Engulfing_Reversal(0.3),LONG,2026-06-26 11:35:00,2026-06-26 11:55:00,7387.0,7378.75,-43.25
Engulfing_Reversal(0.3),SHORT,2026-06-26 11:55:00,2026-06-26 12:55:00,7378.75,7385.25,-34.5
Engulfing_Reversal(0.3),LONG,2026-06-26 12:55:00,2026-06-26 13:35:00,7385.25,7370.25,-77.0
Engulfing_Reversal(0.3),SHORT,2026-06-26 13:35:00,2026-06-26 15:05:00,7370.25,7422.0,-260.75
Engulfing_Reversal(0.3),LONG,2026-06-26 15:05:00,2026-06-26 15:50:00,7422.0,7449.5,135.5
Engulfing_Reversal(0.3),SHORT,2026-06-26 15:50:00,2026-06-26 17:05:00,7449.5,7442.75,31.75
Engulfing_Reversal(0.3),LONG,2026-06-26 17:05:00,2026-06-26 17:50:00,7442.75,7432.25,-54.5
Engulfing_Reversal(0.3),SHORT,2026-06-26 17:50:00,2026-06-28 23:05:00,7432.25,7439.0,-35.75
Engulfing_Reversal(0.3),LONG,2026-06-28 23:05:00,2026-06-29 01:20:00,7439.0,7429.75,-48.25
Engulfing_Reversal(0.3),SHORT,2026-06-29 01:20:00,2026-06-29 01:40:00,7429.75,7438.5,-45.75
Engulfing_Reversal(0.3),LONG,2026-06-29 01:40:00,2026-06-29 02:05:00,7438.5,7434.25,-23.25
Engulfing_Reversal(0.3),SHORT,2026-06-29 02:05:00,2026-06-29 02:40:00,7434.25,7441.5,-38.25
Engulfing_Reversal(0.3),LONG,2026-06-29 02:40:00,2026-06-29 02:55:00,7441.5,7440.5,-7.0
Engulfing_Reversal(0.3),SHORT,2026-06-29 02:55:00,2026-06-29 05:35:00,7440.5,7449.0,-44.5
Engulfing_Reversal(0.3),LONG,2026-06-29 05:35:00,2026-06-29 06:50:00,7449.0,7449.5,0.5
Engulfing_Reversal(0.3),SHORT,2026-06-29 06:50:00,2026-06-29 07:40:00,7449.5,7452.5,-17.0
Engulfing_Reversal(0.3),LONG,2026-06-29 07:40:00,2026-06-29 08:55:00,7452.5,7453.0,0.5
Engulfing_Reversal(0.3),SHORT,2026-06-29 08:55:00,2026-06-29 09:05:00,7453.0,7452.75,-0.75
Engulfing_Reversal(0.3),LONG,2026-06-29 09:05:00,2026-06-29 10:15:00,7452.75,7456.75,18.0
Engulfing_Reversal(0.3),SHORT,2026-06-29 10:15:00,2026-06-29 10:30:00,7456.75,7460.25,-19.5
Engulfing_Reversal(0.3),LONG,2026-06-29 10:30:00,2026-06-29 12:25:00,7460.25,7464.75,20.5
Engulfing_Reversal(0.3),SHORT,2026-06-29 12:25:00,2026-06-29 12:55:00,7464.75,7460.0,21.75
Engulfing_Reversal(0.3),LONG,2026-06-29 12:55:00,2026-06-29 14:00:00,7460.0,7458.5,-9.5
Engulfing_Reversal(0.3),SHORT,2026-06-29 14:00:00,2026-06-29 14:55:00,7458.5,7468.75,-53.25
Engulfing_Reversal(0.3),LONG,2026-06-29 14:55:00,2026-06-29 15:20:00,7468.75,7459.0,-50.75
Engulfing_Reversal(0.3),SHORT,2026-06-29 15:20:00,2026-06-29 15:40:00,7459.0,7470.0,-57.0
Engulfing_Reversal(0.3),LONG,2026-06-29 15:40:00,2026-06-29 15:50:00,7470.0,7469.0,-7.0
Engulfing_Reversal(0.3),SHORT,2026-06-29 15:50:00,2026-06-29 16:40:00,7469.0,7474.5,-29.5
Engulfing_Reversal(0.3),LONG,2026-06-29 16:40:00,2026-06-29 17:25:00,7474.5,7485.75,54.25
Engulfing_Reversal(0.3),SHORT,2026-06-29 17:25:00,2026-06-29 17:30:00,7485.75,7491.75,-32.0
Engulfing_Reversal(0.3),LONG,2026-06-29 17:30:00,2026-06-29 18:00:00,7491.75,7494.0,9.25
Engulfing_Reversal(0.3),SHORT,2026-06-29 18:00:00,2026-06-29 18:05:00,7494.0,7496.0,-12.0
Engulfing_Reversal(0.3),LONG,2026-06-29 18:05:00,2026-06-29 18:20:00,7496.0,7494.0,-12.0
Engulfing_Reversal(0.3),SHORT,2026-06-29 18:20:00,2026-06-29 19:10:00,7494.0,7497.5,-19.5
Engulfing_Reversal(0.3),LONG,2026-06-29 19:10:00,2026-06-29 19:15:00,7497.5,7495.25,-13.25
Engulfing_Reversal(0.3),SHORT,2026-06-29 19:15:00,2026-06-29 19:50:00,7495.25,7497.25,-12.0
Engulfing_Reversal(0.3),LONG,2026-06-29 19:50:00,2026-06-29 19:55:00,7497.25,7492.5,-25.75
Engulfing_Reversal(0.3),SHORT,2026-06-29 19:55:00,2026-06-29 20:55:00,7492.5,7493.5,-7.0
Engulfing_Reversal(0.3),LONG,2026-06-29 20:55:00,2026-06-30 00:45:00,7493.5,7484.75,-45.75
Engulfing_Reversal(0.3),SHORT,2026-06-30 00:45:00,2026-06-30 00:50:00,7484.75,7490.0,-28.25
Engulfing_Reversal(0.3),LONG,2026-06-30 00:50:00,2026-06-30 02:05:00,7490.0,7495.0,23.0
Engulfing_Reversal(0.3),SHORT,2026-06-30 02:05:00,2026-06-30 02:25:00,7495.0,7494.25,1.75
Engulfing_Reversal(0.3),LONG,2026-06-30 02:25:00,2026-06-30 04:50:00,7494.25,7511.75,85.5
Engulfing_Reversal(0.3),SHORT,2026-06-30 04:50:00,2026-06-30 05:05:00,7511.75,7512.25,-4.5
Engulfing_Reversal(0.3),LONG,2026-06-30 05:05:00,2026-06-30 05:30:00,7512.25,7508.75,-19.5
Engulfing_Reversal(0.3),SHORT,2026-06-30 05:30:00,2026-06-30 06:30:00,7508.75,7508.0,1.75
Engulfing_Reversal(0.3),LONG,2026-06-30 06:30:00,2026-06-30 06:35:00,7508.0,7503.0,-27.0
Engulfing_Reversal(0.3),SHORT,2026-06-30 06:35:00,2026-06-30 06:50:00,7503.0,7507.0,-22.0
Engulfing_Reversal(0.3),LONG,2026-06-30 06:50:00,2026-06-30 07:10:00,7507.0,7508.5,5.5
Engulfing_Reversal(0.3),SHORT,2026-06-30 07:10:00,2026-06-30 07:25:00,7508.5,7508.25,-0.75
Engulfing_Reversal(0.3),LONG,2026-06-30 07:25:00,2026-06-30 08:15:00,7508.25,7502.75,-29.5
Engulfing_Reversal(0.3),SHORT,2026-06-30 08:15:00,2026-06-30 09:15:00,7502.75,7503.75,-7.0
Engulfing_Reversal(0.3),LONG,2026-06-30 09:15:00,2026-06-30 09:25:00,7503.75,7503.75,-2.0
Engulfing_Reversal(0.3),SHORT,2026-06-30 09:25:00,2026-06-30 09:40:00,7503.75,7504.0,-3.25
Engulfing_Reversal(0.3),LONG,2026-06-30 09:40:00,2026-06-30 11:20:00,7504.0,7515.25,54.25
Engulfing_Reversal(0.3),SHORT,2026-06-30 11:20:00,2026-06-30 12:40:00,7515.25,7498.0,84.25
Engulfing_Reversal(0.3),LONG,2026-06-30 12:40:00,2026-06-30 14:10:00,7498.0,7523.0,123.0
Engulfing_Reversal(0.3),SHORT,2026-06-30 14:10:00,2026-06-30 14:25:00,7523.0,7530.5,-39.5
Engulfing_Reversal(0.3),LONG,2026-06-30 14:25:00,2026-06-30 15:40:00,7530.5,7537.0,30.5
Engulfing_Reversal(0.3),SHORT,2026-06-30 15:40:00,2026-06-30 16:40:00,7537.0,7552.0,-77.0
Engulfing_Reversal(0.3),LONG,2026-06-30 16:40:00,2026-06-30 17:30:00,7552.0,7552.5,0.5
Engulfing_Reversal(0.3),SHORT,2026-06-30 17:30:00,2026-06-30 17:45:00,7552.5,7553.5,-7.0
Engulfing_Reversal(0.3),LONG,2026-06-30 17:45:00,2026-06-30 19:50:00,7553.5,7555.25,6.75
Engulfing_Reversal(0.3),SHORT,2026-06-30 19:50:00,2026-06-30 19:55:00,7555.25,7560.25,-27.0
Engulfing_Reversal(0.3),LONG,2026-06-30 19:55:00,2026-06-30 20:00:00,7560.25,7544.75,-79.5
Engulfing_Reversal(0.3),SHORT,2026-06-30 20:00:00,2026-06-30 20:55:00,7544.75,7540.5,19.25
Engulfing_Reversal(0.3),LONG,2026-06-30 20:55:00,2026-07-01 00:10:00,7540.5,7544.75,19.25
Engulfing_Reversal(0.3),SHORT,2026-07-01 00:10:00,2026-07-01 02:40:00,7544.75,7528.0,81.75
Engulfing_Reversal(0.3),LONG,2026-07-01 02:40:00,2026-07-01 03:00:00,7528.0,7529.0,3.0
Engulfing_Reversal(0.3),SHORT,2026-07-01 03:00:00,2026-07-01 03:05:00,7529.0,7529.5,-4.5
Engulfing_Reversal(0.3),LONG,2026-07-01 03:05:00,2026-07-01 04:05:00,7529.5,7530.5,3.0
Engulfing_Reversal(0.3),SHORT,2026-07-01 04:05:00,2026-07-01 04:45:00,7530.5,7530.75,-3.25
Engulfing_Reversal(0.3),LONG,2026-07-01 04:45:00,2026-07-01 05:00:00,7530.75,7530.25,-4.5
Engulfing_Reversal(0.3),SHORT,2026-07-01 05:00:00,2026-07-01 06:10:00,7530.25,7527.25,13.0
Engulfing_Reversal(0.3),LONG,2026-07-01 06:10:00,2026-07-01 06:55:00,7527.25,7525.5,-10.75
Engulfing_Reversal(0.3),SHORT,2026-07-01 06:55:00,2026-07-01 07:25:00,7525.5,7518.75,31.75
Engulfing_Reversal(0.3),LONG,2026-07-01 07:25:00,2026-07-01 07:45:00,7518.75,7519.5,1.75
Engulfing_Reversal(0.3),SHORT,2026-07-01 07:45:00,2026-07-01 07:50:00,7519.5,7522.0,-14.5
Engulfing_Reversal(0.3),LONG,2026-07-01 07:50:00,2026-07-01 10:45:00,7522.0,7534.25,59.25
Engulfing_Reversal(0.3),SHORT,2026-07-01 10:45:00,2026-07-01 14:40:00,7534.25,7552.5,-93.25
Engulfing_Reversal(0.3),LONG,2026-07-01 14:40:00,2026-07-01 15:35:00,7552.5,7570.75,89.25
Engulfing_Reversal(0.3),SHORT,2026-07-01 15:35:00,2026-07-01 18:05:00,7570.75,7561.25,45.5
Engulfing_Reversal(0.3),LONG,2026-07-01 18:05:00,2026-07-01 18:30:00,7561.25,7556.0,-28.25
Engulfing_Reversal(0.3),SHORT,2026-07-01 18:30:00,2026-07-01 23:00:00,7556.0,7540.25,76.75
Engulfing_Reversal(0.3),LONG,2026-07-01 23:00:00,2026-07-01 23:35:00,7540.25,7535.25,-27.0
Engulfing_Reversal(0.3),SHORT,2026-07-01 23:35:00,2026-07-02 05:20:00,7535.25,7553.75,-94.5
Engulfing_Reversal(0.3),LONG,2026-07-02 05:20:00,2026-07-02 07:05:00,7553.75,7528.5,-128.25
Engulfing_Reversal(0.3),SHORT,2026-07-02 07:05:00,2026-07-02 07:30:00,7528.5,7525.0,15.5
Engulfing_Reversal(0.3),LONG,2026-07-02 07:30:00,2026-07-02 08:10:00,7525.0,7528.25,14.25
Engulfing_Reversal(0.3),SHORT,2026-07-02 08:10:00,2026-07-02 08:50:00,7528.25,7542.25,-72.0
Engulfing_Reversal(0.3),LONG,2026-07-02 08:50:00,2026-07-02 09:20:00,7542.25,7535.75,-34.5
Engulfing_Reversal(0.3),SHORT,2026-07-02 09:20:00,2026-07-02 10:20:00,7535.75,7536.75,-7.0
Engulfing_Reversal(0.3),LONG,2026-07-02 10:20:00,2026-07-02 10:45:00,7536.75,7541.75,23.0
Engulfing_Reversal(0.3),SHORT,2026-07-02 10:45:00,2026-07-02 11:40:00,7541.75,7546.5,-25.75
Engulfing_Reversal(0.3),LONG,2026-07-02 11:40:00,2026-07-02 14:45:00,7546.5,7549.25,11.75
Engulfing_Reversal(0.3),SHORT,2026-07-02 14:45:00,2026-07-02 15:00:00,7549.25,7557.25,-42.0
Engulfing_Reversal(0.3),LONG,2026-07-02 15:00:00,2026-07-02 15:05:00,7557.25,7541.5,-80.75
Engulfing_Reversal(0.3),SHORT,2026-07-02 15:05:00,2026-07-02 15:35:00,7541.5,7541.25,-0.75
Engulfing_Reversal(0.3),LONG,2026-07-02 15:35:00,2026-07-02 15:45:00,7541.25,7533.25,-42.0
Engulfing_Reversal(0.3),SHORT,2026-07-02 15:45:00,2026-07-02 16:15:00,7533.25,7525.25,38.0
Engulfing_Reversal(0.3),LONG,2026-07-02 16:15:00,2026-07-02 16:35:00,7525.25,7508.75,-84.5
Engulfing_Reversal(0.3),SHORT,2026-07-02 16:35:00,2026-07-02 16:45:00,7508.75,7512.25,-19.5
Engulfing_Reversal(0.3),LONG,2026-07-02 16:45:00,2026-07-02 17:50:00,7512.25,7485.75,-134.5
Engulfing_Reversal(0.3),SHORT,2026-07-02 17:50:00,2026-07-02 19:30:00,7485.75,7502.5,-85.75
Engulfing_Reversal(0.3),LONG,2026-07-02 19:30:00,2026-07-02 20:05:00,7502.5,7520.5,88.0
Engulfing_Reversal(0.3),SHORT,2026-07-02 20:05:00,2026-07-02 22:00:00,7520.5,7523.75,-18.25
Engulfing_Reversal(0.3),LONG,2026-07-02 22:00:00,2026-07-02 22:50:00,7523.75,7533.75,48.0
Engulfing_Reversal(0.3),SHORT,2026-07-02 22:50:00,2026-07-03 00:15:00,7533.75,7536.75,-17.0
Engulfing_Reversal(0.3),LONG,2026-07-03 00:15:00,2026-07-03 00:55:00,7536.75,7531.0,-30.75
Engulfing_Reversal(0.3),SHORT,2026-07-03 00:55:00,2026-07-03 01:35:00,7531.0,7550.0,-97.0
Engulfing_Reversal(0.3),LONG,2026-07-03 01:35:00,2026-07-03 02:00:00,7550.0,7549.5,-4.5
Engulfing_Reversal(0.3),SHORT,2026-07-03 02:00:00,2026-07-03 03:15:00,7549.5,7551.75,-13.25
Engulfing_Reversal(0.3),LONG,2026-07-03 03:15:00,2026-07-05 22:55:00,7551.75,7564.25,60.5
Engulfing_Reversal(0.3),SHORT,2026-07-05 22:55:00,2026-07-05 23:35:00,7564.25,7567.25,-17.0
Engulfing_Reversal(0.3),LONG,2026-07-05 23:35:00,2026-07-06 01:45:00,7567.25,7557.0,-53.25
Engulfing_Reversal(0.3),SHORT,2026-07-06 01:45:00,2026-07-06 02:00:00,7557.0,7553.5,15.5
Engulfing_Reversal(0.3),LONG,2026-07-06 02:00:00,2026-07-06 02:30:00,7553.5,7547.25,-33.25
Engulfing_Reversal(0.3),SHORT,2026-07-06 02:30:00,2026-07-06 04:00:00,7547.25,7542.0,24.25
Engulfing_Reversal(0.3),LONG,2026-07-06 04:00:00,2026-07-06 04:10:00,7542.0,7541.75,-3.25
Engulfing_Reversal(0.3),SHORT,2026-07-06 04:10:00,2026-07-06 04:15:00,7541.75,7546.75,-27.0
Engulfing_Reversal(0.3),LONG,2026-07-06 04:15:00,2026-07-06 05:05:00,7546.75,7549.5,11.75
Engulfing_Reversal(0.3),SHORT,2026-07-06 05:05:00,2026-07-06 09:25:00,7549.5,7561.25,-60.75
Engulfing_Reversal(0.3),LONG,2026-07-06 09:25:00,2026-07-06 09:35:00,7561.25,7560.5,-5.75
Engulfing_Reversal(0.3),SHORT,2026-07-06 09:35:00,2026-07-06 09:55:00,7560.5,7564.75,-23.25
Engulfing_Reversal(0.3),LONG,2026-07-06 09:55:00,2026-07-06 10:05:00,7564.75,7562.25,-14.5
Engulfing_Reversal(0.3),SHORT,2026-07-06 10:05:00,2026-07-06 10:15:00,7562.25,7564.75,-14.5
Engulfing_Reversal(0.3),LONG,2026-07-06 10:15:00,2026-07-06 10:25:00,7564.75,7563.5,-8.25
Engulfing_Reversal(0.3),SHORT,2026-07-06 10:25:00,2026-07-06 10:35:00,7563.5,7564.75,-8.25
Engulfing_Reversal(0.3),LONG,2026-07-06 10:35:00,2026-07-06 11:05:00,7564.75,7560.25,-24.5
Engulfing_Reversal(0.3),SHORT,2026-07-06 11:05:00,2026-07-06 12:05:00,7560.25,7562.5,-13.25
Engulfing_Reversal(0.3),LONG,2026-07-06 12:05:00,2026-07-06 12:25:00,7562.5,7556.25,-33.25
Engulfing_Reversal(0.3),SHORT,2026-07-06 12:25:00,2026-07-06 14:10:00,7556.25,7567.0,-55.75
Engulfing_Reversal(0.3),LONG,2026-07-06 14:10:00,2026-07-06 15:55:00,7567.0,7585.5,90.5
Engulfing_Reversal(0.3),SHORT,2026-07-06 15:55:00,2026-07-06 16:10:00,7585.5,7588.5,-17.0
Engulfing_Reversal(0.3),LONG,2026-07-06 16:10:00,2026-07-06 16:25:00,7588.5,7588.0,-4.5
Engulfing_Reversal(0.3),SHORT,2026-07-06 16:25:00,2026-07-06 16:45:00,7588.0,7586.25,6.75
Engulfing_Reversal(0.3),LONG,2026-07-06 16:45:00,2026-07-06 16:55:00,7586.25,7585.5,-5.75
Engulfing_Reversal(0.3),SHORT,2026-07-06 16:55:00,2026-07-06 17:05:00,7585.5,7588.0,-14.5
Engulfing_Reversal(0.3),LONG,2026-07-06 17:05:00,2026-07-06 17:55:00,7588.0,7579.5,-44.5
Engulfing_Reversal(0.3),SHORT,2026-07-06 17:55:00,2026-07-06 18:45:00,7579.5,7591.25,-60.75
Engulfing_Reversal(0.3),LONG,2026-07-06 18:45:00,2026-07-06 19:50:00,7591.25,7597.75,30.5
Engulfing_Reversal(0.3),SHORT,2026-07-06 19:50:00,2026-07-06 20:10:00,7597.75,7596.0,6.75
Engulfing_Reversal(0.3),LONG,2026-07-06 20:10:00,2026-07-06 20:50:00,7596.0,7595.0,-7.0
Engulfing_Reversal(0.3),SHORT,2026-07-06 20:50:00,2026-07-06 23:05:00,7595.0,7596.75,-10.75
Engulfing_Reversal(0.3),LONG,2026-07-06 23:05:00,2026-07-07 01:00:00,7596.75,7585.25,-59.5
Engulfing_Reversal(0.3),SHORT,2026-07-07 01:00:00,2026-07-07 01:10:00,7585.25,7586.25,-7.0
Engulfing_Reversal(0.3),LONG,2026-07-07 01:10:00,2026-07-07 01:15:00,7586.25,7585.0,-8.25
Engulfing_Reversal(0.3),SHORT,2026-07-07 01:15:00,2026-07-07 04:05:00,7585.0,7574.0,53.0
Engulfing_Reversal(0.3),LONG,2026-07-07 04:05:00,2026-07-07 05:05:00,7574.0,7567.0,-37.0
Engulfing_Reversal(0.3),SHORT,2026-07-07 05:05:00,2026-07-07 05:25:00,7567.0,7565.5,5.5
Engulfing_Reversal(0.3),LONG,2026-07-07 05:25:00,2026-07-07 05:50:00,7565.5,7569.0,15.5
Engulfing_Reversal(0.3),SHORT,2026-07-07 05:50:00,2026-07-07 05:55:00,7569.0,7572.25,-18.25
Engulfing_Reversal(0.3),LONG,2026-07-07 05:55:00,2026-07-07 08:55:00,7572.25,7579.25,33.0
Engulfing_Reversal(0.3),SHORT,2026-07-07 08:55:00,2026-07-07 09:40:00,7579.25,7581.0,-10.75
Engulfing_Reversal(0.3),LONG,2026-07-07 09:40:00,2026-07-07 10:10:00,7581.0,7581.75,1.75
Engulfing_Reversal(0.3),SHORT,2026-07-07 10:10:00,2026-07-07 10:20:00,7581.75,7582.5,-5.75
Engulfing_Reversal(0.3),LONG,2026-07-07 10:20:00,2026-07-07 11:05:00,7582.5,7574.75,-40.75
Engulfing_Reversal(0.3),SHORT,2026-07-07 11:05:00,2026-07-07 12:00:00,7574.75,7579.0,-23.25
Engulfing_Reversal(0.3),LONG,2026-07-07 12:00:00,2026-07-07 12:20:00,7579.0,7580.5,5.5
Engulfing_Reversal(0.3),SHORT,2026-07-07 12:20:00,2026-07-07 12:40:00,7580.5,7584.0,-19.5
Engulfing_Reversal(0.3),LONG,2026-07-07 12:40:00,2026-07-07 12:50:00,7584.0,7582.0,-12.0
Engulfing_Reversal(0.3),SHORT,2026-07-07 12:50:00,2026-07-07 14:50:00,7582.0,7539.5,210.5
Engulfing_Reversal(0.3),LONG,2026-07-07 14:50:00,2026-07-07 15:15:00,7539.5,7537.75,-10.75
Engulfing_Reversal(0.3),SHORT,2026-07-07 15:15:00,2026-07-07 15:45:00,7537.75,7541.25,-19.5
Engulfing_Reversal(0.3),LONG,2026-07-07 15:45:00,2026-07-07 16:55:00,7541.25,7565.5,119.25
Engulfing_Reversal(0.3),SHORT,2026-07-07 16:55:00,2026-07-07 17:25:00,7565.5,7567.5,-12.0
Engulfing_Reversal(0.3),LONG,2026-07-07 17:25:00,2026-07-07 17:50:00,7567.5,7566.25,-8.25
Engulfing_Reversal(0.3),SHORT,2026-07-07 17:50:00,2026-07-07 18:00:00,7566.25,7569.25,-17.0
Engulfing_Reversal(0.3),LONG,2026-07-07 18:00:00,2026-07-07 18:30:00,7569.25,7567.25,-12.0
Engulfing_Reversal(0.3),SHORT,2026-07-07 18:30:00,2026-07-07 19:25:00,7567.25,7547.5,96.75
Engulfing_Reversal(0.3),LONG,2026-07-07 19:25:00,2026-07-07 20:15:00,7547.5,7552.0,20.5
Engulfing_Reversal(0.3),SHORT,2026-07-07 20:15:00,2026-07-07 20:55:00,7552.0,7552.75,-5.75
Engulfing_Reversal(0.3),LONG,2026-07-07 20:55:00,2026-07-07 23:35:00,7552.75,7549.75,-17.0
Engulfing_Reversal(0.3),SHORT,2026-07-07 23:35:00,2026-07-08 00:40:00,7549.75,7555.75,-32.0
Engulfing_Reversal(0.3),LONG,2026-07-08 00:40:00,2026-07-08 01:55:00,7555.75,7552.75,-17.0
Engulfing_Reversal(0.3),SHORT,2026-07-08 01:55:00,2026-07-08 03:25:00,7552.75,7557.75,-27.0
Engulfing_Reversal(0.3),LONG,2026-07-08 03:25:00,2026-07-08 05:25:00,7557.75,7548.0,-50.75
Engulfing_Reversal(0.3),SHORT,2026-07-08 05:25:00,2026-07-08 06:50:00,7548.0,7537.5,50.5
Engulfing_Reversal(0.3),LONG,2026-07-08 06:50:00,2026-07-08 08:20:00,7537.5,7521.25,-83.25
Engulfing_Reversal(0.3),SHORT,2026-07-08 08:20:00,2026-07-08 09:20:00,7521.25,7475.25,228.0
Engulfing_Reversal(0.3),LONG,2026-07-08 09:20:00,2026-07-08 11:25:00,7475.25,7481.25,28.0
Engulfing_Reversal(0.3),SHORT,2026-07-08 11:25:00,2026-07-08 11:45:00,7481.25,7498.0,-85.75
Engulfing_Reversal(0.3),LONG,2026-07-08 11:45:00,2026-07-08 12:25:00,7498.0,7505.0,33.0
Engulfing_Reversal(0.3),SHORT,2026-07-08 12:25:00,2026-07-08 12:30:00,7505.0,7512.25,-38.25
Engulfing_Reversal(0.3),LONG,2026-07-08 12:30:00,2026-07-08 12:50:00,7512.25,7510.5,-10.75
Engulfing_Reversal(0.3),SHORT,2026-07-08 12:50:00,2026-07-08 12:55:00,7510.5,7516.0,-29.5
Engulfing_Reversal(0.3),LONG,2026-07-08 12:55:00,2026-07-08 13:00:00,7516.0,7505.5,-54.5
Engulfing_Reversal(0.3),SHORT,2026-07-08 13:00:00,2026-07-08 13:15:00,7505.5,7513.75,-43.25
Engulfing_Reversal(0.3),LONG,2026-07-08 13:15:00,2026-07-08 13:50:00,7513.75,7511.75,-12.0
Engulfing_Reversal(0.3),SHORT,2026-07-08 13:50:00,2026-07-08 14:10:00,7511.75,7517.75,-32.0
Engulfing_Reversal(0.3),LONG,2026-07-08 14:10:00,2026-07-08 14:15:00,7517.75,7507.5,-53.25
Engulfing_Reversal(0.3),SHORT,2026-07-08 14:15:00,2026-07-08 14:25:00,7507.5,7513.0,-29.5
Engulfing_Reversal(0.3),LONG,2026-07-08 14:25:00,2026-07-08 14:30:00,7513.0,7506.0,-37.0
Engulfing_Reversal(0.3),SHORT,2026-07-08 14:30:00,2026-07-08 15:35:00,7506.0,7481.75,119.25
Engulfing_Reversal(0.3),LONG,2026-07-08 15:35:00,2026-07-08 15:50:00,7481.75,7479.75,-12.0
Engulfing_Reversal(0.3),SHORT,2026-07-08 15:50:00,2026-07-08 18:40:00,7479.75,7526.75,-237.0
Engulfing_Reversal(0.3),LONG,2026-07-08 18:40:00,2026-07-08 19:15:00,7526.75,7523.5,-18.25
Engulfing_Reversal(0.3),SHORT,2026-07-08 19:15:00,2026-07-08 19:40:00,7523.5,7526.75,-18.25
Engulfing_Reversal(0.3),LONG,2026-07-08 19:40:00,2026-07-08 19:50:00,7526.75,7522.25,-24.5
Engulfing_Reversal(0.3),SHORT,2026-07-08 19:50:00,2026-07-08 19:55:00,7522.25,7531.5,-48.25
Engulfing_Reversal(0.3),LONG,2026-07-08 19:55:00,2026-07-09 00:20:00,7531.5,7527.75,-20.75
Engulfing_Reversal(0.3),SHORT,2026-07-09 00:20:00,2026-07-09 00:40:00,7527.75,7533.75,-32.0
Engulfing_Reversal(0.3),LONG,2026-07-09 00:40:00,2026-07-09 00:55:00,7533.75,7529.5,-23.25
Engulfing_Reversal(0.3),SHORT,2026-07-09 00:55:00,2026-07-09 01:10:00,7529.5,7535.25,-30.75
Engulfing_Reversal(0.3),LONG,2026-07-09 01:10:00,2026-07-09 01:55:00,7535.25,7531.25,-22.0
Engulfing_Reversal(0.3),SHORT,2026-07-09 01:55:00,2026-07-09 03:10:00,7531.25,7529.25,8.0
Engulfing_Reversal(0.3),LONG,2026-07-09 03:10:00,2026-07-09 04:50:00,7529.25,7542.5,64.25
Engulfing_Reversal(0.3),SHORT,2026-07-09 04:50:00,2026-07-09 05:45:00,7542.5,7545.0,-14.5
Engulfing_Reversal(0.3),LONG,2026-07-09 05:45:00,2026-07-09 06:50:00,7545.0,7550.0,23.0
Engulfing_Reversal(0.3),SHORT,2026-07-09 06:50:00,2026-07-09 07:15:00,7550.0,7553.25,-18.25
Engulfing_Reversal(0.3),LONG,2026-07-09 07:15:00,2026-07-09 08:15:00,7553.25,7552.75,-4.5
Engulfing_Reversal(0.3),SHORT,2026-07-09 08:15:00,2026-07-09 11:00:00,7552.75,7534.5,89.25
Engulfing_Reversal(0.3),LONG,2026-07-09 11:00:00,2026-07-09 11:10:00,7534.5,7532.5,-12.0
Engulfing_Reversal(0.3),SHORT,2026-07-09 11:10:00,2026-07-09 12:05:00,7532.5,7545.5,-67.0
Engulfing_Reversal(0.3),LONG,2026-07-09 12:05:00,2026-07-09 12:45:00,7545.5,7547.75,9.25
Engulfing_Reversal(0.3),SHORT,2026-07-09 12:45:00,2026-07-09 13:25:00,7547.75,7548.75,-7.0
Engulfing_Reversal(0.3),LONG,2026-07-09 13:25:00,2026-07-09 13:30:00,7548.75,7546.75,-12.0
Engulfing_Reversal(0.3),SHORT,2026-07-09 13:30:00,2026-07-09 13:55:00,7546.75,7564.0,-88.25
Engulfing_Reversal(0.3),LONG,2026-07-09 13:55:00,2026-07-09 15:55:00,7564.0,7574.5,50.5
Engulfing_Reversal(0.3),SHORT,2026-07-09 15:55:00,2026-07-09 16:05:00,7574.5,7578.75,-23.25
Engulfing_Reversal(0.3),LONG,2026-07-09 16:05:00,2026-07-09 16:50:00,7578.75,7580.0,4.25
Engulfing_Reversal(0.3),SHORT,2026-07-09 16:50:00,2026-07-09 17:50:00,7580.0,7593.5,-69.5
Engulfing_Reversal(0.3),LONG,2026-07-09 17:50:00,2026-07-09 18:20:00,7593.5,7591.25,-13.25
Engulfing_Reversal(0.3),SHORT,2026-07-09 18:20:00,2026-07-09 18:45:00,7591.25,7587.5,16.75
Engulfing_Reversal(0.3),LONG,2026-07-09 18:45:00,2026-07-09 19:50:00,7587.5,7586.75,-5.75
Engulfing_Reversal(0.3),SHORT,2026-07-09 19:50:00,2026-07-09 20:00:00,7586.75,7590.5,-20.75
Engulfing_Reversal(0.3),LONG,2026-07-09 20:00:00,2026-07-09 23:35:00,7590.5,7590.0,-4.5
Engulfing_Reversal(0.3),SHORT,2026-07-09 23:35:00,2026-07-09 23:55:00,7590.0,7589.75,-0.75
Engulfing_Reversal(0.3),LONG,2026-07-09 23:55:00,2026-07-10 00:35:00,7589.75,7576.5,-68.25
Engulfing_Reversal(0.3),SHORT,2026-07-10 00:35:00,2026-07-10 00:45:00,7576.5,7577.0,-4.5
Engulfing_Reversal(0.3),LONG,2026-07-10 00:45:00,2026-07-10 00:50:00,7577.0,7575.75,-8.25
Engulfing_Reversal(0.3),SHORT,2026-07-10 00:50:00,2026-07-10 01:50:00,7575.75,7583.25,-39.5
Engulfing_Reversal(0.3),LONG,2026-07-10 01:50:00,2026-07-10 02:15:00,7583.25,7580.25,-17.0
Engulfing_Reversal(0.3),SHORT,2026-07-10 02:15:00,2026-07-10 02:30:00,7580.25,7579.5,1.75
Engulfing_Reversal(0.3),LONG,2026-07-10 02:30:00,2026-07-10 03:15:00,7579.5,7586.75,34.25
Engulfing_Reversal(0.3),SHORT,2026-07-10 03:15:00,2026-07-10 04:05:00,7586.75,7583.25,15.5
Engulfing_Reversal(0.3),LONG,2026-07-10 04:05:00,2026-07-10 04:35:00,7583.25,7580.75,-14.5
Engulfing_Reversal(0.3),SHORT,2026-07-10 04:35:00,2026-07-10 05:15:00,7580.75,7578.0,11.75
Engulfing_Reversal(0.3),LONG,2026-07-10 05:15:00,2026-07-10 05:25:00,7578.0,7577.5,-4.5
Engulfing_Reversal(0.3),SHORT,2026-07-10 05:25:00,2026-07-10 05:45:00,7577.5,7578.5,-7.0
Engulfing_Reversal(0.3),LONG,2026-07-10 05:45:00,2026-07-10 06:40:00,7578.5,7571.25,-38.25
Engulfing_Reversal(0.3),SHORT,2026-07-10 06:40:00,2026-07-10 08:10:00,7571.25,7576.0,-25.75
Engulfing_Reversal(0.3),LONG,2026-07-10 08:10:00,2026-07-10 09:45:00,7576.0,7580.75,21.75
Engulfing_Reversal(0.3),SHORT,2026-07-10 09:45:00,2026-07-10 11:45:00,7580.75,7584.5,-20.75
Engulfing_Reversal(0.3),LONG,2026-07-10 11:45:00,2026-07-10 12:55:00,7584.5,7588.5,18.0
Engulfing_Reversal(0.3),SHORT,2026-07-10 12:55:00,2026-07-10 15:10:00,7588.5,7590.0,-9.5
Engulfing_Reversal(0.3),LONG,2026-07-10 15:10:00,2026-07-10 15:35:00,7590.0,7602.5,60.5
Engulfing_Reversal(0.3),SHORT,2026-07-10 15:35:00,2026-07-10 16:05:00,7602.5,7603.75,-8.25
Engulfing_Reversal(0.3),LONG,2026-07-10 16:05:00,2026-07-10 18:20:00,7603.75,7615.0,54.25
Engulfing_Reversal(0.3),SHORT,2026-07-10 18:20:00,2026-07-10 18:25:00,7615.0,7616.25,-8.25
Engulfing_Reversal(0.3),LONG,2026-07-10 18:25:00,2026-07-10 18:40:00,7616.25,7617.25,3.0
Engulfing_Reversal(0.3),SHORT,2026-07-10 18:40:00,2026-07-10 18:45:00,7617.25,7618.25,-7.0
Engulfing_Reversal(0.3),LONG,2026-07-10 18:45:00,2026-07-12 22:10:00,7618.25,7600.0,-93.25
Engulfing_Reversal(0.3),SHORT,2026-07-12 22:10:00,2026-07-12 22:25:00,7600.0,7595.25,21.75
Engulfing_Reversal(0.3),LONG,2026-07-12 22:25:00,2026-07-12 22:50:00,7595.25,7597.5,9.25
Engulfing_Reversal(0.3),SHORT,2026-07-12 22:50:00,2026-07-12 22:55:00,7597.5,7599.75,-13.25
Engulfing_Reversal(0.3),LONG,2026-07-12 22:55:00,2026-07-12 23:05:00,7599.75,7599.25,-4.5
Engulfing_Reversal(0.3),SHORT,2026-07-12 23:05:00,2026-07-13 01:40:00,7599.25,7598.5,1.75
Engulfing_Reversal(0.3),LONG,2026-07-13 01:40:00,2026-07-13 02:05:00,7598.5,7589.25,-48.25
Engulfing_Reversal(0.3),SHORT,2026-07-13 02:05:00,2026-07-13 02:20:00,7589.25,7591.25,-12.0
Engulfing_Reversal(0.3),LONG,2026-07-13 02:20:00,2026-07-13 03:35:00,7591.25,7584.5,-35.75
Engulfing_Reversal(0.3),SHORT,2026-07-13 03:35:00,2026-07-13 03:50:00,7584.5,7586.0,-9.5
Engulfing_Reversal(0.3),LONG,2026-07-13 03:50:00,2026-07-13 03:55:00,7586.0,7584.0,-12.0
Engulfing_Reversal(0.3),SHORT,2026-07-13 03:55:00,2026-07-13 05:10:00,7584.0,7581.0,13.0
Engulfing_Reversal(0.3),LONG,2026-07-13 05:10:00,2026-07-13 05:20:00,7581.0,7579.5,-9.5
Engulfing_Reversal(0.3),SHORT,2026-07-13 05:20:00,2026-07-13 06:45:00,7579.5,7582.75,-18.25
Engulfing_Reversal(0.3),LONG,2026-07-13 06:45:00,2026-07-13 06:55:00,7582.75,7582.25,-4.5
Engulfing_Reversal(0.3),SHORT,2026-07-13 06:55:00,2026-07-13 07:00:00,7582.25,7584.25,-12.0
Engulfing_Reversal(0.3),LONG,2026-07-13 07:00:00,2026-07-13 07:20:00,7584.25,7586.0,6.75
Engulfing_Reversal(0.3),SHORT,2026-07-13 07:20:00,2026-07-13 07:55:00,7586.0,7588.25,-13.25
Engulfing_Reversal(0.3),LONG,2026-07-13 07:55:00,2026-07-13 08:25:00,7588.25,7595.5,34.25
Engulfing_Reversal(0.3),SHORT,2026-07-13 08:25:00,2026-07-13 09:40:00,7595.5,7603.0,-39.5
Engulfing_Reversal(0.3),LONG,2026-07-13 09:40:00,2026-07-13 10:25:00,7603.0,7599.0,-22.0
Engulfing_Reversal(0.3),SHORT,2026-07-13 10:25:00,2026-07-13 10:40:00,7599.0,7599.0,-2.0
Engulfing_Reversal(0.3),LONG,2026-07-13 10:40:00,2026-07-13 10:45:00,7599.0,7597.5,-9.5
Engulfing_Reversal(0.3),SHORT,2026-07-13 10:45:00,2026-07-13 11:05:00,7597.5,7600.5,-17.0
Engulfing_Reversal(0.3),LONG,2026-07-13 11:05:00,2026-07-13 12:05:00,7600.5,7593.0,-39.5
Engulfing_Reversal(0.3),SHORT,2026-07-13 12:05:00,2026-07-13 12:10:00,7593.0,7594.0,-7.0
Engulfing_Reversal(0.3),LONG,2026-07-13 12:10:00,2026-07-13 12:25:00,7594.0,7590.75,-18.25
Engulfing_Reversal(0.3),SHORT,2026-07-13 12:25:00,2026-07-13 14:00:00,7590.75,7607.5,-85.75
Engulfing_Reversal(0.3),LONG,2026-07-13 14:00:00,2026-07-13 14:20:00,7607.5,7590.0,-89.5
Engulfing_Reversal(0.3),SHORT,2026-07-13 14:20:00,2026-07-13 14:50:00,7590.0,7594.75,-25.75
Engulfing_Reversal(0.3),LONG,2026-07-13 14:50:00,2026-07-13 17:40:00,7594.75,7568.25,-134.5
Engulfing_Reversal(0.3),SHORT,2026-07-13 17:40:00,2026-07-13 17:45:00,7568.25,7571.5,-18.25
Engulfing_Reversal(0.3),LONG,2026-07-13 17:45:00,2026-07-13 17:50:00,7571.5,7568.0,-19.5
Engulfing_Reversal(0.3),SHORT,2026-07-13 17:50:00,2026-07-13 19:05:00,7568.0,7570.0,-12.0
Engulfing_Reversal(0.3),LONG,2026-07-13 19:05:00,2026-07-13 19:10:00,7570.0,7566.5,-19.5
Engulfing_Reversal(0.3),SHORT,2026-07-13 19:10:00,2026-07-13 19:45:00,7566.5,7561.25,24.25
Engulfing_Reversal(0.3),LONG,2026-07-13 19:45:00,2026-07-13 20:05:00,7561.25,7561.25,-2.0
Engulfing_Reversal(0.3),SHORT,2026-07-13 20:05:00,2026-07-14 00:35:00,7561.25,7550.5,51.75
Engulfing_Reversal(0.3),LONG,2026-07-14 00:35:00,2026-07-14 01:35:00,7550.5,7553.5,13.0
Engulfing_Reversal(0.3),SHORT,2026-07-14 01:35:00,2026-07-14 02:40:00,7553.5,7547.0,30.5
Engulfing_Reversal(0.3),LONG,2026-07-14 02:40:00,2026-07-14 03:45:00,7547.0,7536.0,-57.0
Engulfing_Reversal(0.3),SHORT,2026-07-14 03:45:00,2026-07-14 03:50:00,7536.0,7538.75,-15.75
Engulfing_Reversal(0.3),LONG,2026-07-14 03:50:00,2026-07-14 08:00:00,7538.75,7559.0,99.25
Engulfing_Reversal(0.3),SHORT,2026-07-14 08:00:00,2026-07-14 10:40:00,7559.0,7560.75,-10.75
Engulfing_Reversal(0.3),LONG,2026-07-14 10:40:00,2026-07-14 10:55:00,7560.75,7556.0,-25.75
Engulfing_Reversal(0.3),SHORT,2026-07-14 10:55:00,2026-07-14 11:15:00,7556.0,7553.0,13.0
Engulfing_Reversal(0.3),LONG,2026-07-14 11:15:00,2026-07-14 12:50:00,7553.0,7583.0,148.0
Engulfing_Reversal(0.3),SHORT,2026-07-14 12:50:00,2026-07-14 13:25:00,7583.0,7581.0,8.0
Engulfing_Reversal(0.3),LONG,2026-07-14 13:25:00,2026-07-14 14:05:00,7581.0,7574.5,-34.5
Engulfing_Reversal(0.3),SHORT,2026-07-14 14:05:00,2026-07-14 14:55:00,7574.5,7586.75,-63.25
Engulfing_Reversal(0.3),LONG,2026-07-14 14:55:00,2026-07-14 15:55:00,7586.75,7580.25,-34.5
Engulfing_Reversal(0.3),SHORT,2026-07-14 15:55:00,2026-07-14 16:30:00,7580.25,7578.0,9.25
Engulfing_Reversal(0.3),LONG,2026-07-14 16:30:00,2026-07-14 17:45:00,7578.0,7590.75,61.75
Engulfing_Reversal(0.3),SHORT,2026-07-14 17:45:00,2026-07-14 19:45:00,7590.75,7593.0,-13.25
Engulfing_Reversal(0.3),LONG,2026-07-14 19:45:00,2026-07-14 19:55:00,7593.0,7591.5,-9.5
Engulfing_Reversal(0.3),SHORT,2026-07-14 19:55:00,2026-07-15 00:15:00,7591.5,7603.0,-59.5
Engulfing_Reversal(0.3),LONG,2026-07-15 00:15:00,2026-07-15 01:05:00,7603.0,7598.5,-24.5
Engulfing_Reversal(0.3),SHORT,2026-07-15 01:05:00,2026-07-15 01:15:00,7598.5,7598.5,-2.0
Engulfing_Reversal(0.3),LONG,2026-07-15 01:15:00,2026-07-15 01:45:00,7598.5,7597.75,-5.75
Engulfing_Reversal(0.3),SHORT,2026-07-15 01:45:00,2026-07-15 03:30:00,7597.75,7604.5,-35.75
Engulfing_Reversal(0.3),LONG,2026-07-15 03:30:00,2026-07-15 04:05:00,7604.5,7606.25,6.75
Engulfing_Reversal(0.3),SHORT,2026-07-15 04:05:00,2026-07-15 04:40:00,7606.25,7607.75,-9.5
Engulfing_Reversal(0.3),LONG,2026-07-15 04:40:00,2026-07-15 05:05:00,7607.75,7605.25,-14.5
Engulfing_Reversal(0.3),SHORT,2026-07-15 05:05:00,2026-07-15 05:35:00,7605.25,7605.75,-4.5
Engulfing_Reversal(0.3),LONG,2026-07-15 05:35:00,2026-07-15 06:10:00,7605.75,7608.25,10.5
Engulfing_Reversal(0.3),SHORT,2026-07-15 06:10:00,2026-07-15 08:30:00,7608.25,7601.25,33.0
Engulfing_Reversal(0.3),LONG,2026-07-15 08:30:00,2026-07-15 08:55:00,7601.25,7603.75,10.5
Engulfing_Reversal(0.3),SHORT,2026-07-15 08:55:00,2026-07-15 09:00:00,7603.75,7606.75,-17.0
Engulfing_Reversal(0.3),LONG,2026-07-15 09:00:00,2026-07-15 09:50:00,7606.75,7607.25,0.5
Engulfing_Reversal(0.3),SHORT,2026-07-15 09:50:00,2026-07-15 10:50:00,7607.25,7601.75,25.5
Engulfing_Reversal(0.3),LONG,2026-07-15 10:50:00,2026-07-15 12:05:00,7601.75,7597.75,-22.0
Engulfing_Reversal(0.3),SHORT,2026-07-15 12:05:00,2026-07-15 13:05:00,7597.75,7614.0,-83.25
Engulfing_Reversal(0.3),LONG,2026-07-15 13:05:00,2026-07-15 13:10:00,7614.0,7610.75,-18.25
Engulfing_Reversal(0.3),SHORT,2026-07-15 13:10:00,2026-07-15 13:30:00,7610.75,7612.5,-10.75
Engulfing_Reversal(0.3),LONG,2026-07-15 13:30:00,2026-07-15 14:15:00,7612.5,7617.75,24.25
Engulfing_Reversal(0.3),SHORT,2026-07-15 14:15:00,2026-07-15 14:20:00,7617.75,7623.5,-30.75
Engulfing_Reversal(0.3),LONG,2026-07-15 14:20:00,2026-07-15 14:25:00,7623.5,7607.75,-80.75
Engulfing_Reversal(0.3),SHORT,2026-07-15 14:25:00,2026-07-15 15:10:00,7607.75,7610.0,-13.25
Engulfing_Reversal(0.3),LONG,2026-07-15 15:10:00,2026-07-15 15:15:00,7610.0,7601.25,-45.75
Engulfing_Reversal(0.3),SHORT,2026-07-15 15:15:00,2026-07-15 16:45:00,7601.25,7578.75,110.5
Engulfing_Reversal(0.3),LONG,2026-07-15 16:45:00,2026-07-15 17:15:00,7578.75,7588.0,44.25
Engulfing_Reversal(0.3),SHORT,2026-07-15 17:15:00,2026-07-15 17:20:00,7588.0,7594.25,-33.25
Engulfing_Reversal(0.3),LONG,2026-07-15 17:20:00,2026-07-15 18:40:00,7594.25,7615.25,103.0
Engulfing_Reversal(0.3),SHORT,2026-07-15 18:40:00,2026-07-15 19:05:00,7615.25,7606.75,40.5
Engulfing_Reversal(0.3),LONG,2026-07-15 19:05:00,2026-07-15 19:20:00,7606.75,7605.25,-9.5
Engulfing_Reversal(0.3),SHORT,2026-07-15 19:20:00,2026-07-15 19:30:00,7605.25,7606.5,-8.25
Engulfing_Reversal(0.3),LONG,2026-07-15 19:30:00,2026-07-15 19:35:00,7606.5,7602.75,-20.75
Engulfing_Reversal(0.3),SHORT,2026-07-15 19:35:00,2026-07-16 00:05:00,7602.75,7623.25,-104.5
Engulfing_Reversal(0.3),LONG,2026-07-16 00:05:00,2026-07-16 01:45:00,7623.25,7612.5,-55.75
Engulfing_Reversal(0.3),SHORT,2026-07-16 01:45:00,2026-07-16 01:50:00,7612.5,7618.25,-30.75
Engulfing_Reversal(0.3),LONG,2026-07-16 01:50:00,2026-07-16 02:40:00,7618.25,7619.0,1.75
Engulfing_Reversal(0.3),SHORT,2026-07-16 02:40:00,2026-07-16 02:50:00,7619.0,7620.75,-10.75
Engulfing_Reversal(0.3),LONG,2026-07-16 02:50:00,2026-07-16 04:20:00,7620.75,7623.75,13.0
Engulfing_Reversal(0.3),SHORT,2026-07-16 04:20:00,2026-07-16 07:25:00,7623.75,7611.25,60.5
Engulfing_Reversal(0.3),LONG,2026-07-16 07:25:00,2026-07-16 09:40:00,7611.25,7609.5,-10.75
Engulfing_Reversal(0.3),SHORT,2026-07-16 09:40:00,2026-07-16 10:30:00,7609.5,7604.5,23.0
Engulfing_Reversal(0.3),LONG,2026-07-16 10:30:00,2026-07-16 10:40:00,7604.5,7602.25,-13.25
Engulfing_Reversal(0.3),SHORT,2026-07-16 10:40:00,2026-07-16 11:15:00,7602.25,7600.75,5.5
Engulfing_Reversal(0.3),LONG,2026-07-16 11:15:00,2026-07-16 11:20:00,7600.75,7597.0,-20.75
Engulfing_Reversal(0.3),SHORT,2026-07-16 11:20:00,2026-07-16 11:25:00,7597.0,7603.0,-32.0
Engulfing_Reversal(0.3),LONG,2026-07-16 11:25:00,2026-07-16 11:45:00,7603.0,7596.75,-33.25
Engulfing_Reversal(0.3),SHORT,2026-07-16 11:45:00,2026-07-16 12:20:00,7596.75,7594.25,10.5
Engulfing_Reversal(0.3),LONG,2026-07-16 12:20:00,2026-07-16 12:25:00,7594.25,7585.0,-48.25
Engulfing_Reversal(0.3),SHORT,2026-07-16 12:25:00,2026-07-16 12:50:00,7585.0,7585.75,-5.75
Engulfing_Reversal(0.3),LONG,2026-07-16 12:50:00,2026-07-16 16:15:00,7585.75,7589.0,14.25
Engulfing_Reversal(0.3),SHORT,2026-07-16 16:15:00,2026-07-16 17:30:00,7589.0,7596.25,-38.25
Engulfing_Reversal(0.3),LONG,2026-07-16 17:30:00,2026-07-16 19:25:00,7596.25,7564.5,-160.75
Engulfing_Reversal(0.3),SHORT,2026-07-16 19:25:00,2026-07-16 19:55:00,7564.5,7568.75,-23.25
Engulfing_Reversal(0.3),LONG,2026-07-16 19:55:00,2026-07-16 20:30:00,7568.75,7569.0,-0.75
Engulfing_Reversal(0.3),SHORT,2026-07-16 20:30:00,2026-07-16 20:55:00,7569.0,7569.5,-4.5
Engulfing_Reversal(0.3),LONG,2026-07-16 20:55:00,2026-07-16 22:10:00,7569.5,7572.0,10.5
Engulfing_Reversal(0.3),SHORT,2026-07-16 22:10:00,2026-07-16 23:40:00,7572.0,7562.0,48.0
Engulfing_Reversal(0.3),LONG,2026-07-16 23:40:00,2026-07-16 23:50:00,7562.0,7560.5,-9.5
Engulfing_Reversal(0.3),SHORT,2026-07-16 23:50:00,2026-07-16 23:55:00,7560.5,7562.5,-12.0
Engulfing_Reversal(0.3),LONG,2026-07-16 23:55:00,2026-07-17 00:00:00,7562.5,7560.25,-13.25
Engulfing_Reversal(0.3),SHORT,2026-07-17 00:00:00,2026-07-17 01:30:00,7560.25,7548.25,58.0
Engulfing_Reversal(0.3),LONG,2026-07-17 01:30:00,2026-07-17 01:35:00,7548.25,7540.75,-39.5
Engulfing_Reversal(0.3),SHORT,2026-07-17 01:35:00,2026-07-17 02:00:00,7540.75,7538.25,10.5
Engulfing_Reversal(0.3),LONG,2026-07-17 02:00:00,2026-07-17 02:10:00,7538.25,7534.25,-22.0
Engulfing_Reversal(0.3),SHORT,2026-07-17 02:10:00,2026-07-17 03:00:00,7534.25,7530.25,18.0
Engulfing_Reversal(0.3),LONG,2026-07-17 03:00:00,2026-07-17 03:35:00,7530.25,7534.0,16.75
Engulfing_Reversal(0.3),SHORT,2026-07-17 03:35:00,2026-07-17 06:15:00,7534.0,7513.75,99.25
Engulfing_Reversal(0.3),LONG,2026-07-17 06:15:00,2026-07-17 07:10:00,7513.75,7512.0,-10.75
Engulfing_Reversal(0.3),SHORT,2026-07-17 07:10:00,2026-07-17 07:30:00,7512.0,7517.0,-27.0
Engulfing_Reversal(0.3),LONG,2026-07-17 07:30:00,2026-07-17 08:35:00,7517.0,7495.75,-108.25
Engulfing_Reversal(0.3),SHORT,2026-07-17 08:35:00,2026-07-17 09:15:00,7495.75,7505.5,-50.75
Engulfing_Reversal(0.3),LONG,2026-07-17 09:15:00,2026-07-17 09:35:00,7505.5,7505.5,-2.0
Engulfing_Reversal(0.3),SHORT,2026-07-17 09:35:00,2026-07-17 10:10:00,7505.5,7512.75,-38.25
Engulfing_Reversal(0.3),LONG,2026-07-17 10:10:00,2026-07-17 11:45:00,7512.75,7514.0,4.25
Engulfing_Reversal(0.3),SHORT,2026-07-17 11:45:00,2026-07-17 12:25:00,7514.0,7511.0,13.0
Engulfing_Reversal(0.3),LONG,2026-07-17 12:25:00,2026-07-17 14:45:00,7511.0,7524.5,65.5
Engulfing_Reversal(0.3),SHORT,2026-07-17 14:45:00,2026-07-17 15:40:00,7524.5,7522.0,10.5
Engulfing_Reversal(0.3),LONG,2026-07-17 15:40:00,2026-07-17 16:05:00,7522.0,7521.0,-7.0
Engulfing_Reversal(0.3),SHORT,2026-07-17 16:05:00,2026-07-17 18:50:00,7521.0,7504.0,83.0
Engulfing_Reversal(0.3),LONG,2026-07-17 18:50:00,2026-07-17 19:25:00,7504.0,7488.5,-79.5
Engulfing_Reversal(0.3),SHORT,2026-07-17 19:25:00,2026-07-17 19:30:00,7488.5,7497.0,-44.5
Engulfing_Reversal(0.3),LONG,2026-07-17 19:30:00,2026-07-17 20:50:00,7497.0,7494.25,-15.75
Engulfing_Reversal(0.3),SHORT,2026-07-17 20:50:00,2026-07-17 20:55:00,7494.25,7497.0,-15.75
Engulfing_Reversal(0.3),LONG,2026-07-17 20:55:00,2026-07-19 23:30:00,7497.0,7493.5,-19.5
Engulfing_Reversal(0.3),SHORT,2026-07-19 23:30:00,2026-07-20 01:25:00,7493.5,7505.0,-59.5
Engulfing_Reversal(0.3),LONG,2026-07-20 01:25:00,2026-07-20 01:30:00,7505.0,7498.75,-33.25
Engulfing_Reversal(0.3),SHORT,2026-07-20 01:30:00,2026-07-20 04:25:00,7498.75,7502.75,-22.0
Engulfing_Reversal(0.3),LONG,2026-07-20 04:25:00,2026-07-20 04:55:00,7502.75,7511.5,41.75
Engulfing_Reversal(0.3),SHORT,2026-07-20 04:55:00,2026-07-20 06:45:00,7511.5,7496.5,73.0
Engulfing_Reversal(0.3),LONG,2026-07-20 06:45:00,2026-07-20 07:50:00,7496.5,7513.5,83.0
Engulfing_Reversal(0.3),SHORT,2026-07-20 07:50:00,2026-07-20 08:00:00,7513.5,7516.0,-14.5
Engulfing_Reversal(0.3),LONG,2026-07-20 08:00:00,2026-07-20 08:10:00,7516.0,7515.5,-4.5
Engulfing_Reversal(0.3),SHORT,2026-07-20 08:10:00,2026-07-20 08:15:00,7515.5,7520.0,-24.5
Engulfing_Reversal(0.3),LONG,2026-07-20 08:15:00,2026-07-20 08:55:00,7520.0,7513.0,-37.0
Engulfing_Reversal(0.3),SHORT,2026-07-20 08:55:00,2026-07-20 11:05:00,7513.0,7525.75,-65.75
Engulfing_Reversal(0.3),LONG,2026-07-20 11:05:00,2026-07-20 11:20:00,7525.75,7525.25,-4.5
Engulfing_Reversal(0.3),SHORT,2026-07-20 11:20:00,2026-07-20 11:35:00,7525.25,7541.0,-80.75
Engulfing_Reversal(0.3),LONG,2026-07-20 11:35:00,2026-07-20 11:50:00,7541.0,7534.5,-34.5
Engulfing_Reversal(0.3),SHORT,2026-07-20 11:50:00,2026-07-20 12:30:00,7534.5,7531.75,11.75
Engulfing_Reversal(0.3),LONG,2026-07-20 12:30:00,2026-07-20 12:55:00,7531.75,7524.75,-37.0
Engulfing_Reversal(0.3),SHORT,2026-07-20 12:55:00,2026-07-20 15:45:00,7524.75,7523.75,3.0
Engulfing_Reversal(0.3),LONG,2026-07-20 15:45:00,2026-07-20 15:50:00,7523.75,7516.5,-38.25
Engulfing_Reversal(0.3),SHORT,2026-07-20 15:50:00,2026-07-20 15:55:00,7516.5,7526.25,-50.75
Engulfing_Reversal(0.3),LONG,2026-07-20 15:55:00,2026-07-20 16:20:00,7526.25,7531.0,21.75
Engulfing_Reversal(0.3),SHORT,2026-07-20 16:20:00,2026-07-20 17:50:00,7531.0,7506.0,123.0
Engulfing_Reversal(0.3),LONG,2026-07-20 17:50:00,2026-07-20 18:25:00,7506.0,7506.25,-0.75
Engulfing_Reversal(0.3),SHORT,2026-07-20 18:25:00,2026-07-20 20:35:00,7506.25,7481.5,121.75
Engulfing_Reversal(0.3),LONG,2026-07-20 20:35:00,2026-07-20 22:30:00,7481.5,7475.75,-30.75
Engulfing_Reversal(0.3),SHORT,2026-07-20 22:30:00,2026-07-21 00:30:00,7475.75,7486.0,-53.25
Engulfing_Reversal(0.3),LONG,2026-07-21 00:30:00,2026-07-21 04:55:00,7486.0,7514.0,138.0
Engulfing_Reversal(0.3),SHORT,2026-07-21 04:55:00,2026-07-21 05:25:00,7514.0,7513.75,-0.75
Engulfing_Reversal(0.3),LONG,2026-07-21 05:25:00,2026-07-21 06:00:00,7513.75,7520.5,31.75
Engulfing_Reversal(0.3),SHORT,2026-07-21 06:00:00,2026-07-21 06:05:00,7520.5,7522.0,-9.5
Engulfing_Reversal(0.3),LONG,2026-07-21 06:05:00,2026-07-21 06:10:00,7522.0,7520.0,-12.0
Engulfing_Reversal(0.3),SHORT,2026-07-21 06:10:00,2026-07-21 07:05:00,7520.0,7525.5,-29.5
Engulfing_Reversal(0.3),LONG,2026-07-21 07:05:00,2026-07-21 08:50:00,7525.5,7522.75,-15.75
Engulfing_Reversal(0.3),SHORT,2026-07-21 08:50:00,2026-07-21 10:35:00,7522.75,7525.25,-14.5
Engulfing_Reversal(0.3),LONG,2026-07-21 10:35:00,2026-07-21 10:55:00,7525.25,7521.25,-22.0
Engulfing_Reversal(0.3),SHORT,2026-07-21 10:55:00,2026-07-21 11:15:00,7521.25,7519.0,9.25
Engulfing_Reversal(0.3),LONG,2026-07-21 11:15:00,2026-07-21 11:20:00,7519.0,7515.75,-18.25
Engulfing_Reversal(0.3),SHORT,2026-07-21 11:20:00,2026-07-21 12:50:00,7515.75,7515.0,1.75
Engulfing_Reversal(0.3),LONG,2026-07-21 12:50:00,2026-07-21 14:10:00,7515.0,7514.75,-3.25
Engulfing_Reversal(0.3),SHORT,2026-07-21 14:10:00,2026-07-21 14:15:00,7514.75,7520.25,-29.5
Engulfing_Reversal(0.3),LONG,2026-07-21 14:15:00,2026-07-21 17:15:00,7520.25,7549.25,143.0
Engulfing_Reversal(0.3),SHORT,2026-07-21 17:15:00,2026-07-21 19:40:00,7549.25,7546.75,10.5
Engulfing_Reversal(0.3),LONG,2026-07-21 19:40:00,2026-07-21 20:20:00,7546.75,7541.5,-28.25
Engulfing_Reversal(0.3),SHORT,2026-07-21 20:20:00,2026-07-21 22:00:00,7541.5,7545.0,-19.5
Engulfing_Reversal(0.3),LONG,2026-07-21 22:00:00,2026-07-21 22:25:00,7545.0,7541.0,-22.0
Engulfing_Reversal(0.3),SHORT,2026-07-21 22:25:00,2026-07-21 23:50:00,7541.0,7543.0,-12.0
Engulfing_Reversal(0.3),LONG,2026-07-21 23:50:00,2026-07-22 01:05:00,7543.0,7537.5,-29.5
Engulfing_Reversal(0.3),SHORT,2026-07-22 01:05:00,2026-07-22 02:15:00,7537.5,7539.5,-12.0
Engulfing_Reversal(0.3),LONG,2026-07-22 02:15:00,2026-07-22 03:35:00,7539.5,7539.75,-0.75
Engulfing_Reversal(0.3),SHORT,2026-07-22 03:35:00,2026-07-22 04:20:00,7539.75,7538.25,5.5
Engulfing_Reversal(0.3),LONG,2026-07-22 04:20:00,2026-07-22 04:50:00,7538.25,7536.75,-9.5
Engulfing_Reversal(0.3),SHORT,2026-07-22 04:50:00,2026-07-22 05:00:00,7536.75,7538.5,-10.75
Engulfing_Reversal(0.3),LONG,2026-07-22 05:00:00,2026-07-22 05:40:00,7538.5,7534.5,-22.0
Engulfing_Reversal(0.3),SHORT,2026-07-22 05:40:00,2026-07-22 07:30:00,7534.5,7525.0,45.5
Engulfing_Reversal(0.3),LONG,2026-07-22 07:30:00,2026-07-22 07:50:00,7525.0,7513.75,-58.25
Engulfing_Reversal(0.3),SHORT,2026-07-22 07:50:00,2026-07-22 08:50:00,7513.75,7523.25,-49.5
Engulfing_Reversal(0.3),LONG,2026-07-22 08:50:00,2026-07-22 09:30:00,7523.25,7527.0,16.75
Engulfing_Reversal(0.3),SHORT,2026-07-22 09:30:00,2026-07-22 10:50:00,7527.0,7531.75,-25.75
Engulfing_Reversal(0.3),LONG,2026-07-22 10:50:00,2026-07-22 11:15:00,7531.75,7525.25,-34.5
Engulfing_Reversal(0.3),SHORT,2026-07-22 11:15:00,2026-07-22 11:25:00,7525.25,7525.75,-4.5
Engulfing_Reversal(0.3),LONG,2026-07-22 11:25:00,2026-07-22 11:30:00,7525.75,7523.0,-15.75
Engulfing_Reversal(0.3),SHORT,2026-07-22 11:30:00,2026-07-22 13:20:00,7523.0,7524.0,-7.0
Engulfing_Reversal(0.3),LONG,2026-07-22 13:20:00,2026-07-22 14:10:00,7524.0,7548.0,118.0
Engulfing_Reversal(0.3),SHORT,2026-07-22 14:10:00,2026-07-22 15:25:00,7548.0,7556.0,-42.0
Engulfing_Reversal(0.3),LONG,2026-07-22 15:25:00,2026-07-22 15:35:00,7556.0,7552.25,-20.75
Engulfing_Reversal(0.3),SHORT,2026-07-22 15:35:00,2026-07-22 16:00:00,7552.25,7560.25,-42.0
Engulfing_Reversal(0.3),LONG,2026-07-22 16:00:00,2026-07-22 17:05:00,7560.25,7557.5,-15.75
Engulfing_Reversal(0.3),SHORT,2026-07-22 17:05:00,2026-07-22 18:55:00,7557.5,7547.75,46.75
Engulfing_Reversal(0.3),LONG,2026-07-22 18:55:00,2026-07-22 19:25:00,7547.75,7541.25,-34.5
Engulfing_Reversal(0.3),SHORT,2026-07-22 19:25:00,2026-07-22 19:45:00,7541.25,7540.75,0.5
Engulfing_Reversal(0.3),LONG,2026-07-22 19:45:00,2026-07-22 22:30:00,7540.75,7522.25,-94.5
Engulfing_Reversal(0.3),SHORT,2026-07-22 22:30:00,2026-07-22 23:15:00,7522.25,7521.0,4.25
Engulfing_Reversal(0.3),LONG,2026-07-22 23:15:00,2026-07-22 23:20:00,7521.0,7518.0,-17.0
Engulfing_Reversal(0.3),SHORT,2026-07-22 23:20:00,2026-07-23 00:35:00,7518.0,7542.75,-125.75
Engulfing_Reversal(0.3),LONG,2026-07-23 00:35:00,2026-07-23 01:20:00,7542.75,7544.5,6.75
Engulfing_Reversal(0.3),SHORT,2026-07-23 01:20:00,2026-07-23 03:30:00,7544.5,7525.25,94.25
Engulfing_Reversal(0.3),LONG,2026-07-23 03:30:00,2026-07-23 05:05:00,7525.25,7526.25,3.0
Engulfing_Reversal(0.3),SHORT,2026-07-23 05:05:00,2026-07-23 05:25:00,7526.25,7527.0,-5.75
Engulfing_Reversal(0.3),LONG,2026-07-23 05:25:00,2026-07-23 05:50:00,7527.0,7525.0,-12.0
Engulfing_Reversal(0.3),SHORT,2026-07-23 05:50:00,2026-07-23 06:50:00,7525.0,7523.0,8.0
Engulfing_Reversal(0.3),LONG,2026-07-23 06:50:00,2026-07-23 07:35:00,7523.0,7503.0,-102.0
Engulfing_Reversal(0.3),SHORT,2026-07-23 07:35:00,2026-07-23 07:55:00,7503.0,7500.25,11.75
Engulfing_Reversal(0.3),LONG,2026-07-23 07:55:00,2026-07-23 08:25:00,7500.25,7509.75,45.5
Engulfing_Reversal(0.3),SHORT,2026-07-23 08:25:00,2026-07-23 10:05:00,7509.75,7513.25,-19.5
Engulfing_Reversal(0.3),LONG,2026-07-23 10:05:00,2026-07-23 10:10:00,7513.25,7510.75,-14.5
Engulfing_Reversal(0.3),SHORT,2026-07-23 10:10:00,2026-07-23 10:35:00,7510.75,7518.0,-38.25
Engulfing_Reversal(0.3),LONG,2026-07-23 10:35:00,2026-07-23 10:55:00,7518.0,7520.25,9.25
Engulfing_Reversal(0.3),SHORT,2026-07-23 10:55:00,2026-07-23 11:50:00,7520.25,7494.25,128.0
Engulfing_Reversal(0.3),LONG,2026-07-23 11:50:00,2026-07-23 14:00:00,7494.25,7456.25,-192.0
Engulfing_Reversal(0.3),SHORT,2026-07-23 14:00:00,2026-07-23 14:30:00,7456.25,7457.75,-9.5
Engulfing_Reversal(0.3),LONG,2026-07-23 14:30:00,2026-07-23 15:05:00,7457.75,7436.75,-107.0
Engulfing_Reversal(0.3),SHORT,2026-07-23 15:05:00,2026-07-23 15:20:00,7436.75,7432.25,20.5
Engulfing_Reversal(0.3),LONG,2026-07-23 15:20:00,2026-07-23 16:45:00,7432.25,7449.5,84.25
Engulfing_Reversal(0.3),SHORT,2026-07-23 16:45:00,2026-07-23 18:50:00,7449.5,7434.0,75.5
Engulfing_Reversal(0.3),LONG,2026-07-23 18:50:00,2026-07-23 18:55:00,7434.0,7428.0,-32.0
Engulfing_Reversal(0.3),SHORT,2026-07-23 18:55:00,2026-07-23 19:20:00,7428.0,7431.0,-17.0
Engulfing_Reversal(0.3),LONG,2026-07-23 19:20:00,2026-07-23 23:05:00,7431.0,7449.5,90.5
Engulfing_Reversal(0.3),SHORT,2026-07-23 23:05:00,2026-07-23 23:25:00,7449.5,7449.5,-2.0
Engulfing_Reversal(0.3),LONG,2026-07-23 23:25:00,2026-07-23 23:40:00,7449.5,7447.25,-13.25
Engulfing_Reversal(0.3),SHORT,2026-07-23 23:40:00,2026-07-24 00:25:00,7447.25,7453.0,-30.75
Engulfing_Reversal(0.3),LONG,2026-07-24 00:25:00,2026-07-24 02:20:00,7453.0,7449.75,-18.25
Engulfing_Reversal(0.3),SHORT,2026-07-24 02:20:00,2026-07-24 03:05:00,7449.75,7441.5,39.25
Engulfing_Reversal(0.3),LONG,2026-07-24 03:05:00,2026-07-24 03:35:00,7441.5,7439.75,-10.75
Engulfing_Reversal(0.3),SHORT,2026-07-24 03:35:00,2026-07-24 04:55:00,7439.75,7441.75,-12.0
Engulfing_Reversal(0.3),LONG,2026-07-24 04:55:00,2026-07-24 05:55:00,7441.75,7443.75,8.0
Engulfing_Reversal(0.3),SHORT,2026-07-24 05:55:00,2026-07-24 06:55:00,7443.75,7438.5,24.25
Engulfing_Reversal(0.3),LONG,2026-07-24 06:55:00,2026-07-24 09:50:00,7438.5,7464.5,128.0
Engulfing_Reversal(0.3),SHORT,2026-07-24 09:50:00,2026-07-24 11:05:00,7464.5,7461.25,14.25
Engulfing_Reversal(0.3),LONG,2026-07-24 11:05:00,2026-07-24 11:45:00,7461.25,7455.5,-30.75
Engulfing_Reversal(0.3),SHORT,2026-07-24 11:45:00,2026-07-24 12:00:00,7455.5,7465.0,-49.5
Engulfing_Reversal(0.3),LONG,2026-07-24 12:00:00,2026-07-24 13:55:00,7465.0,7436.5,-144.5
Engulfing_Reversal(0.3),SHORT,2026-07-24 13:55:00,2026-07-24 14:50:00,7436.5,7444.25,-40.75
Engulfing_Reversal(0.3),LONG,2026-07-24 14:50:00,2026-07-24 15:35:00,7444.25,7480.0,176.75
Engulfing_Reversal(0.3),SHORT,2026-07-24 15:35:00,2026-07-24 15:40:00,7480.0,7490.25,-53.25
Engulfing_Reversal(0.3),LONG,2026-07-24 15:40:00,2026-07-24 16:15:00,7490.25,7489.0,-8.25
Engulfing_Reversal(0.3),SHORT,2026-07-24 16:15:00,2026-07-24 17:00:00,7489.0,7473.75,74.25
Engulfing_Reversal(0.3),LONG,2026-07-24 17:00:00,2026-07-24 17:40:00,7473.75,7474.5,1.75
Engulfing_Reversal(0.3),SHORT,2026-07-24 17:40:00,2026-07-24 18:50:00,7474.5,7442.25,159.25
Engulfing_Reversal(0.3),LONG,2026-07-24 18:50:00,2026-07-24 19:25:00,7442.25,7433.5,-45.75
Engulfing_Reversal(0.3),SHORT,2026-07-24 19:25:00,2026-07-27 00:00:00,7433.5,7511.0,-389.5
Engulfing_Reversal(0.3),LONG,2026-07-27 00:00:00,2026-07-27 00:05:00,7511.0,7501.75,-48.25
Engulfing_Reversal(0.3),SHORT,2026-07-27 00:05:00,2026-07-27 01:10:00,7501.75,7494.25,35.5
Engulfing_Reversal(0.3),LONG,2026-07-27 01:10:00,2026-07-27 02:35:00,7494.25,7498.0,16.75
Engulfing_Reversal(0.3),SHORT,2026-07-27 02:35:00,2026-07-27 02:40:00,7498.0,7501.75,-20.75
Engulfing_Reversal(0.3),LONG,2026-07-27 02:40:00,2026-07-27 06:25:00,7501.75,7514.75,63.0
Engulfing_Reversal(0.3),SHORT,2026-07-27 06:25:00,2026-07-27 07:15:00,7514.75,7516.5,-10.75
Engulfing_Reversal(0.3),LONG,2026-07-27 07:15:00,2026-07-27 11:45:00,7516.5,7512.25,-23.25
Engulfing_Reversal(0.3),SHORT,2026-07-27 11:45:00,2026-07-27 13:40:00,7512.25,7508.5,16.75
Engulfing_Reversal(0.3),LONG,2026-07-27 13:40:00,2026-07-27 13:45:00,7508.5,7493.5,-77.0
Engulfing_Reversal(0.3),SHORT,2026-07-27 13:45:00,2026-07-27 17:35:00,7493.5,7429.5,318.0
Engulfing_Reversal(0.3),LONG,2026-07-27 17:35:00,2026-07-27 18:35:00,7429.5,7426.5,-17.0
Engulfing_Reversal(0.3),SHORT,2026-07-27 18:35:00,2026-07-27 18:45:00,7426.5,7432.75,-33.25
Engulfing_Reversal(0.3),LONG,2026-07-27 18:45:00,2026-07-27 19:55:00,7432.75,7446.25,65.5
Engulfing_Reversal(0.3),SHORT,2026-07-27 19:55:00,2026-07-27 20:30:00,7446.25,7448.5,-13.25
Engulfing_Reversal(0.3),LONG,2026-07-27 20:30:00,2026-07-27 20:45:00,7448.5,7452.75,19.25
Engulfing_Reversal(0.3),SHORT,2026-07-27 20:45:00,2026-07-27 23:20:00,7452.75,7445.75,33.0
Engulfing_Reversal(0.3),LONG,2026-07-27 23:20:00,2026-07-28 00:10:00,7445.75,7444.5,-8.25
Engulfing_Reversal(0.3),SHORT,2026-07-28 00:10:00,2026-07-28 01:20:00,7444.5,7429.75,71.75
Engulfing_Reversal(0.3),LONG,2026-07-28 01:20:00,2026-07-28 02:30:00,7429.75,7430.25,0.5
Engulfing_Reversal(0.3),SHORT,2026-07-28 02:30:00,2026-07-28 03:15:00,7430.25,7428.5,6.75
Engulfing_Reversal(0.3),LONG,2026-07-28 03:15:00,2026-07-28 03:30:00,7428.5,7429.75,4.25
Engulfing_Reversal(0.3),SHORT,2026-07-28 03:30:00,2026-07-28 04:20:00,7429.75,7434.75,-27.0
Engulfing_Reversal(0.3),LONG,2026-07-28 04:20:00,2026-07-28 04:25:00,7434.75,7430.5,-23.25
Engulfing_Reversal(0.3),SHORT,2026-07-28 04:25:00,2026-07-28 05:50:00,7430.5,7422.75,36.75
Engulfing_Reversal(0.3),LONG,2026-07-28 05:50:00,2026-07-28 06:00:00,7422.75,7421.25,-9.5
Engulfing_Reversal(0.3),SHORT,2026-07-28 06:00:00,2026-07-28 06:30:00,7421.25,7425.5,-23.25
Engulfing_Reversal(0.3),LONG,2026-07-28 06:30:00,2026-07-28 07:25:00,7425.5,7435.25,46.75
Engulfing_Reversal(0.3),SHORT,2026-07-28 07:25:00,2026-07-28 07:55:00,7435.25,7435.75,-4.5
Engulfing_Reversal(0.3),LONG,2026-07-28 07:55:00,2026-07-28 08:10:00,7435.75,7429.25,-34.5
Engulfing_Reversal(0.3),SHORT,2026-07-28 08:10:00,2026-07-28 08:20:00,7429.25,7436.25,-37.0
Engulfing_Reversal(0.3),LONG,2026-07-28 08:20:00,2026-07-28 08:55:00,7436.25,7442.5,29.25
Engulfing_Reversal(0.3),SHORT,2026-07-28 08:55:00,2026-07-28 09:10:00,7442.5,7443.0,-4.5
Engulfing_Reversal(0.3),LONG,2026-07-28 09:10:00,2026-07-28 09:35:00,7443.0,7443.5,0.5
Engulfing_Reversal(0.3),SHORT,2026-07-28 09:35:00,2026-07-28 10:20:00,7443.5,7442.0,5.5
Engulfing_Reversal(0.3),LONG,2026-07-28 10:20:00,2026-07-28 11:05:00,7442.0,7438.75,-18.25
Engulfing_Reversal(0.3),SHORT,2026-07-28 11:05:00,2026-07-28 11:20:00,7438.75,7446.5,-40.75
Engulfing_Reversal(0.3),LONG,2026-07-28 11:20:00,2026-07-28 12:55:00,7446.5,7459.25,61.75
Engulfing_Reversal(0.3),SHORT,2026-07-28 12:55:00,2026-07-28 13:10:00,7459.25,7458.25,3.0
Engulfing_Reversal(0.3),LONG,2026-07-28 13:10:00,2026-07-28 13:55:00,7458.25,7428.0,-153.25
Engulfing_Reversal(0.3),SHORT,2026-07-28 13:55:00,2026-07-28 14:05:00,7428.0,7429.75,-10.75
Engulfing_Reversal(0.3),LONG,2026-07-28 14:05:00,2026-07-28 14:35:00,7429.75,7429.75,-2.0
Engulfing_Reversal(0.3),SHORT,2026-07-28 14:35:00,2026-07-28 15:10:00,7429.75,7445.0,-78.25
Engulfing_Reversal(0.3),LONG,2026-07-28 15:10:00,2026-07-28 15:55:00,7445.0,7478.5,165.5
Engulfing_Reversal(0.3),SHORT,2026-07-28 15:55:00,2026-07-28 16:55:00,7478.5,7483.75,-28.25
Engulfing_Reversal(0.3),LONG,2026-07-28 16:55:00,2026-07-28 17:05:00,7483.75,7479.5,-23.25
Engulfing_Reversal(0.3),SHORT,2026-07-28 17:05:00,2026-07-28 19:55:00,7479.5,7474.5,23.0
Engulfing_Reversal(0.3),LONG,2026-07-28 19:55:00,2026-07-28 20:00:00,7474.5,7466.0,-44.5
Engulfing_Reversal(0.3),SHORT,2026-07-28 20:00:00,2026-07-28 20:15:00,7466.0,7467.25,-8.25
Engulfing_Reversal(0.3),LONG,2026-07-28 20:15:00,2026-07-28 23:00:00,7467.25,7452.0,-78.25
Engulfing_Reversal(0.3),SHORT,2026-07-28 23:00:00,2026-07-28 23:25:00,7452.0,7468.75,-85.75
Engulfing_Reversal(0.3),LONG,2026-07-28 23:25:00,2026-07-28 23:40:00,7468.75,7468.25,-4.5
Engulfing_Reversal(0.3),SHORT,2026-07-28 23:40:00,2026-07-28 23:45:00,7468.25,7483.0,-75.75
Engulfing_Reversal(0.3),LONG,2026-07-28 23:45:00,2026-07-29 01:00:00,7483.0,7486.75,16.75
Engulfing_Reversal(0.3),SHORT,2026-07-29 01:00:00,2026-07-29 02:40:00,7486.75,7467.5,94.25
Engulfing_Reversal(0.3),LONG,2026-07-29 02:40:00,2026-07-29 03:40:00,7467.5,7453.75,-70.75
Engulfing_Reversal(0.3),SHORT,2026-07-29 03:40:00,2026-07-29 04:10:00,7453.75,7447.75,28.0
Engulfing_Reversal(0.3),LONG,2026-07-29 04:10:00,2026-07-29 04:30:00,7447.75,7444.75,-17.0
Engulfing_Reversal(0.3),SHORT,2026-07-29 04:30:00,2026-07-29 07:30:00,7444.75,7482.25,-189.5
Engulfing_Reversal(0.3),LONG,2026-07-29 07:30:00,2026-07-29 07:50:00,7482.25,7480.25,-12.0
Engulfing_Reversal(0.3),SHORT,2026-07-29 07:50:00,2026-07-29 08:00:00,7480.25,7481.25,-7.0
Engulfing_Reversal(0.3),LONG,2026-07-29 08:00:00,2026-07-29 08:55:00,7481.25,7481.5,-0.75
Engulfing_Reversal(0.3),SHORT,2026-07-29 08:55:00,2026-07-29 09:15:00,7481.5,7482.75,-8.25
Engulfing_Reversal(0.3),LONG,2026-07-29 09:15:00,2026-07-29 09:20:00,7482.75,7480.5,-13.25
Engulfing_Reversal(0.3),SHORT,2026-07-29 09:20:00,2026-07-29 10:30:00,7480.5,7484.5,-22.0
Engulfing_Reversal(0.3),LONG,2026-07-29 10:30:00,2026-07-29 10:35:00,7484.5,7481.25,-18.25
Engulfing_Reversal(0.3),SHORT,2026-07-29 10:35:00,2026-07-29 12:00:00,7481.25,7480.75,0.5
Engulfing_Reversal(0.3),LONG,2026-07-29 12:00:00,2026-07-29 14:10:00,7480.75,7423.75,-287.0
Engulfing_Reversal(0.3),SHORT,2026-07-29 14:10:00,2026-07-29 15:05:00,7423.75,7409.0,71.75
Engulfing_Reversal(0.3),LONG,2026-07-29 15:05:00,2026-07-29 15:15:00,7409.0,7402.5,-34.5
Engulfing_Reversal(0.3),SHORT,2026-07-29 15:15:00,2026-07-29 15:25:00,7402.5,7405.75,-18.25
Engulfing_Reversal(0.3),LONG,2026-07-29 15:25:00,2026-07-29 15:40:00,7405.75,7395.75,-52.0
Engulfing_Reversal(0.3),SHORT,2026-07-29 15:40:00,2026-07-29 16:50:00,7395.75,7394.75,3.0
Engulfing_Reversal(0.3),LONG,2026-07-29 16:50:00,2026-07-29 17:25:00,7394.75,7419.0,119.25
Engulfing_Reversal(0.3),SHORT,2026-07-29 17:25:00,2026-07-29 18:30:00,7419.0,7428.5,-49.5
Engulfing_Reversal(0.3),LONG,2026-07-29 18:30:00,2026-07-29 22:00:00,7428.5,7338.0,-454.5
Engulfing_Reversal(0.3),SHORT,2026-07-29 22:00:00,2026-07-29 23:30:00,7338.0,7378.25,-203.25
Engulfing_Reversal(0.3),LONG,2026-07-29 23:30:00,2026-07-30 00:35:00,7378.25,7373.5,-25.75
Engulfing_Reversal(0.3),SHORT,2026-07-30 00:35:00,2026-07-30 00:50:00,7373.5,7373.75,-3.25
Engulfing_Reversal(0.3),LONG,2026-07-30 00:50:00,2026-07-30 01:55:00,7373.75,7390.0,79.25
Engulfing_Reversal(0.3),SHORT,2026-07-30 01:55:00,2026-07-30 02:25:00,7390.0,7388.75,4.25
Engulfing_Reversal(0.3),LONG,2026-07-30 02:25:00,2026-07-30 02:30:00,7388.75,7386.0,-15.75
Engulfing_Reversal(0.3),SHORT,2026-07-30 02:30:00,2026-07-30 02:45:00,7386.0,7387.25,-8.25
Engulfing_Reversal(0.3),LONG,2026-07-30 02:45:00,2026-07-30 03:10:00,7387.25,7377.0,-53.25
Engulfing_Reversal(0.3),SHORT,2026-07-30 03:10:00,2026-07-30 06:25:00,7377.0,7364.25,61.75
Engulfing_Reversal(0.3),LONG,2026-07-30 06:25:00,2026-07-30 07:20:00,7364.25,7367.0,11.75
Engulfing_Reversal(0.3),SHORT,2026-07-30 07:20:00,2026-07-30 08:10:00,7367.0,7369.75,-15.75
Engulfing_Reversal(0.3),LONG,2026-07-30 08:10:00,2026-07-30 10:55:00,7369.75,7385.5,76.75
Engulfing_Reversal(0.3),SHORT,2026-07-30 10:55:00,2026-07-30 11:20:00,7385.5,7392.75,-38.25
Engulfing_Reversal(0.3),LONG,2026-07-30 11:20:00,2026-07-30 11:35:00,7392.75,7395.0,9.25
Engulfing_Reversal(0.3),SHORT,2026-07-30 11:35:00,2026-07-30 11:50:00,7395.0,7398.25,-18.25
Engulfing_Reversal(0.3),LONG,2026-07-30 11:50:00,2026-07-30 12:20:00,7398.25,7402.25,18.0
Engulfing_Reversal(0.3),SHORT,2026-07-30 12:20:00,2026-07-30 13:20:00,7402.25,7407.5,-28.25
Engulfing_Reversal(0.3),LONG,2026-07-30 13:20:00,2026-07-30 16:25:00,7407.5,7440.0,160.5
Engulfing_Reversal(0.3),SHORT,2026-07-30 16:25:00,2026-07-30 17:20:00,7440.0,7455.75,-80.75
Engulfing_Reversal(0.3),LONG,2026-07-30 17:20:00,2026-07-30 19:25:00,7455.75,7474.0,89.25
Engulfing_Reversal(0.3),SHORT,2026-07-30 19:25:00,2026-07-31 00:35:00,7474.0,7496.25,-113.25
Engulfing_Reversal(0.3),LONG,2026-07-31 00:35:00,2026-07-31 00:50:00,7496.25,7492.0,-23.25
Engulfing_Reversal(0.3),SHORT,2026-07-31 00:50:00,2026-07-31 01:20:00,7492.0,7502.0,-52.0
Engulfing_Reversal(0.3),LONG,2026-07-31 01:20:00,2026-07-31 02:05:00,7502.0,7495.0,-37.0
Engulfing_Reversal(0.3),SHORT,2026-07-31 02:05:00,2026-07-31 02:10:00,7495.0,7497.75,-15.75
Engulfing_Reversal(0.3),LONG,2026-07-31 02:10:00,2026-07-31 02:15:00,7497.75,7495.0,-15.75
Engulfing_Reversal(0.3),SHORT,2026-07-31 02:15:00,2026-07-31 02:45:00,7495.0,7492.5,10.5
Engulfing_Reversal(0.3),LONG,2026-07-31 02:45:00,2026-07-31 02:50:00,7492.5,7489.75,-15.75
Engulfing_Reversal(0.3),SHORT,2026-07-31 02:50:00,2026-07-31 03:20:00,7489.75,7495.5,-30.75
Engulfing_Reversal(0.3),LONG,2026-07-31 03:20:00,2026-07-31 05:35:00,7495.5,7506.5,53.0
Engulfing_Reversal(0.3),SHORT,2026-07-31 05:35:00,2026-07-31 05:50:00,7506.5,7508.5,-12.0
Engulfing_Reversal(0.3),LONG,2026-07-31 05:50:00,2026-07-31 06:00:00,7508.5,7508.25,-3.25
Engulfing_Reversal(0.3),SHORT,2026-07-31 06:00:00,2026-07-31 06:10:00,7508.25,7509.25,-7.0
Engulfing_Reversal(0.3),LONG,2026-07-31 06:10:00,2026-07-31 06:35:00,7509.25,7500.0,-48.25
Engulfing_Reversal(0.3),SHORT,2026-07-31 06:35:00,2026-07-31 07:05:00,7500.0,7497.5,10.5
Engulfing_Reversal(0.3),LONG,2026-07-31 07:05:00,2026-07-31 07:25:00,7497.5,7503.75,29.25
Engulfing_Reversal(0.3),SHORT,2026-07-31 07:25:00,2026-07-31 09:00:00,7503.75,7513.0,-48.25
Engulfing_Reversal(0.3),LONG,2026-07-31 09:00:00,2026-07-31 09:20:00,7513.0,7514.25,4.25
Engulfing_Reversal(0.3),SHORT,2026-07-31 09:20:00,2026-07-31 11:05:00,7514.25,7511.0,14.25
Engulfing_Reversal(0.3),LONG,2026-07-31 11:05:00,2026-07-31 11:30:00,7511.0,7499.75,-58.25
Engulfing_Reversal(0.3),SHORT,2026-07-31 11:30:00,2026-07-31 12:25:00,7499.75,7491.0,41.75
Engulfing_Reversal(0.3),LONG,2026-07-31 12:25:00,2026-07-31 17:40:00,7491.0,7509.25,89.25
Engulfing_Reversal(0.3),SHORT,2026-07-31 17:40:00,2026-07-31 18:20:00,7509.25,7512.5,-18.25
Engulfing_Reversal(0.3),LONG,2026-07-31 18:20:00,2026-07-31 18:30:00,7512.5,7512.0,-4.5
Engulfing_Reversal(0.3),SHORT,2026-07-31 18:30:00,2026-07-31 19:10:00,7512.0,7512.75,-5.75
Engulfing_Reversal(0.3),LONG,2026-07-31 19:10:00,2026-07-31 19:35:00,7512.75,7523.25,50.5
Engulfing_Reversal(0.3),SHORT,2026-07-31 19:35:00,2026-07-31 19:40:00,7523.25,7527.0,-20.75
Engulfing_Reversal(0.3),LONG,2026-07-31 19:40:00,2026-07-31 20:00:00,7527.0,7520.25,-35.75
Engulfing_Reversal(0.3),SHORT,2026-07-31 20:00:00,2026-07-31 20:10:00,7520.25,7522.25,-12.0
Engulfing_Reversal(0.3),LONG,2026-07-31 20:10:00,2026-07-31 20:55:00,7522.25,7511.25,-57.0
Engulfing_Reversal(0.3),SHORT,2026-07-31 20:55:00,2026-08-02 22:40:00,7511.25,7552.0,-205.75
Engulfing_Reversal(0.3),LONG,2026-08-02 22:40:00,2026-08-02 22:45:00,7552.0,7549.0,-17.0
Engulfing_Reversal(0.3),SHORT,2026-08-02 22:45:00,2026-08-03 00:35:00,7549.0,7551.0,-12.0
Engulfing_Reversal(0.3),LONG,2026-08-03 00:35:00,2026-08-03 02:10:00,7551.0,7557.25,29.25
Engulfing_Reversal(0.3),SHORT,2026-08-03 02:10:00,2026-08-03 02:15:00,7557.25,7559.0,-10.75
Engulfing_Reversal(0.3),LONG,2026-08-03 02:15:00,2026-08-03 04:00:00,7559.0,7561.75,11.75
Engulfing_Reversal(0.3),SHORT,2026-08-03 04:00:00,2026-08-03 04:10:00,7561.75,7562.5,-5.75
Engulfing_Reversal(0.3),LONG,2026-08-03 04:10:00,2026-08-03 04:55:00,7562.5,7564.25,6.75
Engulfing_Reversal(0.3),SHORT,2026-08-03 04:55:00,2026-08-03 05:40:00,7564.25,7563.25,3.0
Engulfing_Reversal(0.3),LONG,2026-08-03 05:40:00,2026-08-03 06:40:00,7563.25,7559.25,-22.0
Engulfing_Reversal(0.3),SHORT,2026-08-03 06:40:00,2026-08-03 07:50:00,7559.25,7556.5,11.75
Engulfing_Reversal(0.3),LONG,2026-08-03 07:50:00,2026-08-03 08:05:00,7556.5,7552.25,-23.25
Engulfing_Reversal(0.3),SHORT,2026-08-03 08:05:00,2026-08-03 08:40:00,7552.25,7555.5,-18.25
Engulfing_Reversal(0.3),LONG,2026-08-03 08:40:00,2026-08-03 10:50:00,7555.5,7561.5,28.0
Engulfing_Reversal(0.3),SHORT,2026-08-03 10:50:00,2026-08-03 12:15:00,7561.5,7556.5,23.0
Engulfing_Reversal(0.3),LONG,2026-08-03 12:15:00,2026-08-03 13:00:00,7556.5,7563.5,33.0
Engulfing_Reversal(0.3),SHORT,2026-08-03 13:00:00,2026-08-03 13:20:00,7563.5,7565.5,-12.0
Engulfing_Reversal(0.3),LONG,2026-08-03 13:20:00,2026-08-03 15:30:00,7565.5,7603.0,185.5
Engulfing_Reversal(0.3),SHORT,2026-08-03 15:30:00,2026-08-03 16:20:00,7603.0,7614.25,-58.25
Engulfing_Reversal(0.3),LONG,2026-08-03 16:20:00,2026-08-03 19:55:00,7614.25,7629.0,71.75
Engulfing_Reversal(0.3),SHORT,2026-08-03 19:55:00,2026-08-03 22:35:00,7629.0,7634.5,-29.5
Engulfing_Reversal(0.3),LONG,2026-08-03 22:35:00,2026-08-03 23:00:00,7634.5,7635.25,1.75
Engulfing_Reversal(0.3),SHORT,2026-08-03 23:00:00,2026-08-04 00:00:00,7635.25,7635.5,-3.25
Engulfing_Reversal(0.3),LONG,2026-08-04 00:00:00,2026-08-04 00:15:00,7635.5,7634.0,-9.5
Engulfing_Reversal(0.3),SHORT,2026-08-04 00:15:00,2026-08-04 01:10:00,7634.0,7633.5,0.5
Engulfing_Reversal(0.3),LONG,2026-08-04 01:10:00,2026-08-04 01:40:00,7633.5,7636.0,10.5
Engulfing_Reversal(0.3),SHORT,2026-08-04 01:40:00,2026-08-04 01:45:00,7636.0,7640.0,-22.0
Engulfing_Reversal(0.3),LONG,2026-08-04 01:45:00,2026-08-04 02:50:00,7640.0,7642.5,10.5
Engulfing_Reversal(0.3),SHORT,2026-08-04 02:50:00,2026-08-04 02:55:00,7642.5,7644.0,-9.5
Engulfing_Reversal(0.3),LONG,2026-08-04 02:55:00,2026-08-04 03:00:00,7644.0,7642.25,-10.75
Engulfing_Reversal(0.3),SHORT,2026-08-04 03:00:00,2026-08-04 07:50:00,7642.25,7646.5,-23.25
Engulfing_Reversal(0.3),LONG,2026-08-04 07:50:00,2026-08-04 08:10:00,7646.5,7643.0,-19.5
Engulfing_Reversal(0.3),SHORT,2026-08-04 08:10:00,2026-08-04 10:10:00,7643.0,7638.0,23.0
Engulfing_Reversal(0.3),LONG,2026-08-04 10:10:00,2026-08-04 10:30:00,7638.0,7636.25,-10.75
Engulfing_Reversal(0.3),SHORT,2026-08-04 10:30:00,2026-08-04 10:35:00,7636.25,7640.5,-23.25
Engulfing_Reversal(0.3),LONG,2026-08-04 10:35:00,2026-08-04 11:10:00,7640.5,7642.25,6.75
Engulfing_Reversal(0.3),SHORT,2026-08-04 11:10:00,2026-08-04 11:45:00,7642.25,7654.5,-63.25
Engulfing_Reversal(0.3),LONG,2026-08-04 11:45:00,2026-08-04 12:15:00,7654.5,7651.75,-15.75
Engulfing_Reversal(0.3),SHORT,2026-08-04 12:15:00,2026-08-04 12:45:00,7651.75,7655.0,-18.25
Engulfing_Reversal(0.3),LONG,2026-08-04 12:45:00,2026-08-04 13:00:00,7655.0,7651.0,-22.0
Engulfing_Reversal(0.3),SHORT,2026-08-04 13:00:00,2026-08-04 13:25:00,7651.0,7657.5,-34.5
Engulfing_Reversal(0.3),LONG,2026-08-04 13:25:00,2026-08-04 14:25:00,7657.5,7695.25,186.75
Engulfing_Reversal(0.3),SHORT,2026-08-04 14:25:00,2026-08-04 15:40:00,7695.25,7730.5,-178.25
Engulfing_Reversal(0.3),LONG,2026-08-04 15:40:00,2026-08-04 15:55:00,7730.5,7734.75,19.25
Engulfing_Reversal(0.3),SHORT,2026-08-04 15:55:00,2026-08-04 18:10:00,7734.75,7770.75,-182.0
Engulfing_Reversal(0.3),LONG,2026-08-04 18:10:00,2026-08-04 18:35:00,7770.75,7773.75,13.0
Engulfing_Reversal(0.3),SHORT,2026-08-04 18:35:00,2026-08-04 19:00:00,7773.75,7773.0,1.75
Engulfing_Reversal(0.3),LONG,2026-08-04 19:00:00,2026-08-04 20:15:00,7773.0,7771.75,-8.25
Engulfing_Reversal(0.3),SHORT,2026-08-04 20:15:00,2026-08-04 22:00:00,7771.75,7772.0,-3.25
Engulfing_Reversal(0.3),LONG,2026-08-04 22:00:00,2026-08-04 22:25:00,7772.0,7778.0,28.0
Engulfing_Reversal(0.3),SHORT,2026-08-04 22:25:00,2026-08-05 00:15:00,7778.0,7780.25,-13.25
Engulfing_Reversal(0.3),LONG,2026-08-05 00:15:00,2026-08-05 00:40:00,7780.25,7782.0,6.75
Engulfing_Reversal(0.3),SHORT,2026-08-05 00:40:00,2026-08-05 01:50:00,7782.0,7784.5,-14.5
Engulfing_Reversal(0.3),LONG,2026-08-05 01:50:00,2026-08-05 02:25:00,7784.5,7785.25,1.75
Engulfing_Reversal(0.3),SHORT,2026-08-05 02:25:00,2026-08-05 02:45:00,7785.25,7786.25,-7.0
Engulfing_Reversal(0.3),LONG,2026-08-05 02:45:00,2026-08-05 03:00:00,7786.25,7786.75,0.5
Engulfing_Reversal(0.3),SHORT,2026-08-05 03:00:00,2026-08-05 03:05:00,7786.75,7789.25,-14.5
Engulfing_Reversal(0.3),LONG,2026-08-05 03:05:00,2026-08-05 03:25:00,7789.25,7789.0,-3.25
Engulfing_Reversal(0.3),SHORT,2026-08-05 03:25:00,2026-08-05 06:10:00,7789.0,7799.0,-52.0
Engulfing_Reversal(0.3),LONG,2026-08-05 06:10:00,2026-08-05 06:55:00,7799.0,7794.25,-25.75
Engulfing_Reversal(0.3),SHORT,2026-08-05 06:55:00,2026-08-05 07:00:00,7794.25,7798.25,-22.0
Engulfing_Reversal(0.3),LONG,2026-08-05 07:00:00,2026-08-05 08:35:00,7798.25,7782.75,-79.5
Engulfing_Reversal(0.3),SHORT,2026-08-05 08:35:00,2026-08-05 10:20:00,7782.75,7791.0,-43.25
Engulfing_Reversal(0.3),LONG,2026-08-05 10:20:00,2026-08-05 10:40:00,7791.0,7792.75,6.75
Engulfing_Reversal(0.3),SHORT,2026-08-05 10:40:00,2026-08-05 11:50:00,7792.75,7797.0,-23.25
Engulfing_Reversal(0.3),LONG,2026-08-05 11:50:00,2026-08-05 14:30:00,7797.0,7798.75,6.75
Engulfing_Reversal(0.3),SHORT,2026-08-05 14:30:00,2026-08-05 16:55:00,7798.75,7771.25,135.5
Engulfing_Reversal(0.3),LONG,2026-08-05 16:55:00,2026-08-05 17:55:00,7771.25,7767.75,-19.5
Engulfing_Reversal(0.3),SHORT,2026-08-05 17:55:00,2026-08-05 18:05:00,7767.75,7773.0,-28.25
Engulfing_Reversal(0.3),LONG,2026-08-05 18:05:00,2026-08-05 18:35:00,7773.0,7765.25,-40.75
Engulfing_Reversal(0.3),SHORT,2026-08-05 18:35:00,2026-08-05 20:35:00,7765.25,7760.25,23.0
Engulfing_Reversal(0.3),LONG,2026-08-05 20:35:00,2026-08-05 22:00:00,7760.25,7756.75,-19.5
Engulfing_Reversal(0.3),SHORT,2026-08-05 22:00:00,2026-08-05 22:35:00,7756.75,7770.5,-70.75
Engulfing_Reversal(0.3),LONG,2026-08-05 22:35:00,2026-08-06 00:30:00,7770.5,7758.25,-63.25
Engulfing_Reversal(0.3),SHORT,2026-08-06 00:30:00,2026-08-06 01:35:00,7758.25,7752.0,29.25
Engulfing_Reversal(0.3),LONG,2026-08-06 01:35:00,2026-08-06 02:30:00,7752.0,7760.0,38.0
Engulfing_Reversal(0.3),SHORT,2026-08-06 02:30:00,2026-08-06 03:05:00,7760.0,7767.25,-38.25
Engulfing_Reversal(0.3),LONG,2026-08-06 03:05:00,2026-08-06 03:55:00,7767.25,7760.25,-37.0
Engulfing_Reversal(0.3),SHORT,2026-08-06 03:55:00,2026-08-06 06:25:00,7760.25,7759.0,4.25
Engulfing_Reversal(0.3),LONG,2026-08-06 06:25:00,2026-08-06 06:35:00,7759.0,7759.0,-2.0
Engulfing_Reversal(0.3),SHORT,2026-08-06 06:35:00,2026-08-06 07:10:00,7759.0,7762.25,-18.25
Engulfing_Reversal(0.3),LONG,2026-08-06 07:10:00,2026-08-06 10:05:00,7762.25,7764.75,10.5
Engulfing_Reversal(0.3),SHORT,2026-08-06 10:05:00,2026-08-06 10:50:00,7764.75,7761.25,15.5
Engulfing_Reversal(0.3),LONG,2026-08-06 10:50:00,2026-08-06 11:05:00,7761.25,7754.75,-34.5
Engulfing_Reversal(0.3),SHORT,2026-08-06 11:05:00,2026-08-06 11:20:00,7754.75,7760.0,-28.25
Engulfing_Reversal(0.3),LONG,2026-08-06 11:20:00,2026-08-06 14:25:00,7760.0,7762.5,10.5
Engulfing_Reversal(0.3),SHORT,2026-08-06 14:25:00,2026-08-06 14:55:00,7762.5,7755.0,35.5
Engulfing_Reversal(0.3),LONG,2026-08-06 14:55:00,2026-08-06 15:05:00,7755.0,7752.75,-13.25
Engulfing_Reversal(0.3),SHORT,2026-08-06 15:05:00,2026-08-06 15:30:00,7752.75,7742.25,50.5
Engulfing_Reversal(0.3),LONG,2026-08-06 15:30:00,2026-08-06 15:35:00,7742.25,7734.75,-39.5
Engulfing_Reversal(0.3),SHORT,2026-08-06 15:35:00,2026-08-06 15:50:00,7734.75,7741.75,-37.0
Engulfing_Reversal(0.3),LONG,2026-08-06 15:50:00,2026-08-06 15:55:00,7741.75,7730.75,-57.0
Engulfing_Reversal(0.3),SHORT,2026-08-06 15:55:00,2026-08-06 17:20:00,7730.75,7733.25,-14.5
Engulfing_Reversal(0.3),LONG,2026-08-06 17:20:00,2026-08-06 17:25:00,7733.25,7729.0,-23.25
Engulfing_Reversal(0.3),SHORT,2026-08-06 17:25:00,2026-08-06 17:45:00,7729.0,7731.0,-12.0
Engulfing_Reversal(0.3),LONG,2026-08-06 17:45:00,2026-08-06 17:50:00,7731.0,7729.5,-9.5
Engulfing_Reversal(0.3),SHORT,2026-08-06 17:50:00,2026-08-06 17:55:00,7729.5,7734.0,-24.5
Engulfing_Reversal(0.3),LONG,2026-08-06 17:55:00,2026-08-06 19:15:00,7734.0,7743.25,44.25
Engulfing_Reversal(0.3),SHORT,2026-08-06 19:15:00,2026-08-06 19:35:00,7743.25,7739.25,18.0
Engulfing_Reversal(0.3),LONG,2026-08-06 19:35:00,2026-08-06 20:15:00,7739.25,7738.0,-8.25
Engulfing_Reversal(0.3),SHORT,2026-08-06 20:15:00,2026-08-06 22:45:00,7738.0,7736.0,8.0
Engulfing_Reversal(0.3),LONG,2026-08-06 22:45:00,2026-08-06 23:30:00,7736.0,7738.0,8.0
Engulfing_Reversal(0.3),SHORT,2026-08-06 23:30:00,2026-08-07 00:55:00,7738.0,7735.25,11.75
Engulfing_Reversal(0.3),LONG,2026-08-07 00:55:00,2026-08-07 01:10:00,7735.25,7735.0,-3.25
Engulfing_Reversal(0.3),SHORT,2026-08-07 01:10:00,2026-08-07 05:20:00,7735.0,7734.75,-0.75
Engulfing_Reversal(0.3),LONG,2026-08-07 05:20:00,2026-08-07 05:35:00,7734.75,7733.25,-9.5
Engulfing_Reversal(0.3),SHORT,2026-08-07 05:35:00,2026-08-07 06:05:00,7733.25,7733.75,-4.5
Engulfing_Reversal(0.3),LONG,2026-08-07 06:05:00,2026-08-07 06:35:00,7733.75,7737.75,18.0
Engulfing_Reversal(0.3),SHORT,2026-08-07 06:35:00,2026-08-07 07:10:00,7737.75,7740.25,-14.5
Engulfing_Reversal(0.3),LONG,2026-08-07 07:10:00,2026-08-07 07:35:00,7740.25,7740.0,-3.25
Engulfing_Reversal(0.3),SHORT,2026-08-07 07:35:00,2026-08-07 09:15:00,7740.0,7747.0,-37.0
Engulfing_Reversal(0.3),LONG,2026-08-07 09:15:00,2026-08-07 09:20:00,7747.0,7745.5,-9.5
Engulfing_Reversal(0.3),SHORT,2026-08-07 09:20:00,2026-08-07 10:30:00,7745.5,7747.0,-9.5
Engulfing_Reversal(0.3),LONG,2026-08-07 10:30:00,2026-08-07 10:50:00,7747.0,7746.75,-3.25
Engulfing_Reversal(0.3),SHORT,2026-08-07 10:50:00,2026-08-07 11:20:00,7746.75,7752.0,-28.25
Engulfing_Reversal(0.3),LONG,2026-08-07 11:20:00,2026-08-07 13:00:00,7752.0,7775.0,113.0
Engulfing_Reversal(0.3),SHORT,2026-08-07 13:00:00,2026-08-07 13:35:00,7775.0,7762.0,63.0
Engulfing_Reversal(0.3),LONG,2026-08-07 13:35:00,2026-08-07 14:00:00,7762.0,7758.25,-20.75
Engulfing_Reversal(0.3),SHORT,2026-08-07 14:00:00,2026-08-07 15:00:00,7758.25,7776.5,-93.25
Engulfing_Reversal(0.3),LONG,2026-08-07 15:00:00,2026-08-07 15:35:00,7776.5,7782.0,25.5
Engulfing_Reversal(0.3),SHORT,2026-08-07 15:35:00,2026-08-07 17:20:00,7782.0,7770.5,55.5
Engulfing_Reversal(0.3),LONG,2026-08-07 17:20:00,2026-08-07 17:25:00,7770.5,7766.5,-22.0
Engulfing_Reversal(0.3),SHORT,2026-08-07 17:25:00,2026-08-07 17:40:00,7766.5,7771.25,-25.75
Engulfing_Reversal(0.3),LONG,2026-08-07 17:40:00,2026-08-07 18:00:00,7771.25,7769.0,-13.25
Engulfing_Reversal(0.3),SHORT,2026-08-07 18:00:00,2026-08-07 20:35:00,7769.0,7776.0,-37.0
Engulfing_Reversal(0.3),LONG,2026-08-07 20:35:00,2026-08-07 20:45:00,7776.0,7776.0,-2.0
Engulfing_Reversal(0.3),SHORT,2026-08-07 20:45:00,2026-08-07 20:55:00,7776.0,7776.5,-4.5
Engulfing_Reversal(0.3),LONG,2026-08-07 20:55:00,2026-08-09 22:35:00,7776.5,7767.0,-49.5
Engulfing_Reversal(0.3),SHORT,2026-08-09 22:35:00,2026-08-10 00:35:00,7767.0,7772.5,-29.5
Engulfing_Reversal(0.3),LONG,2026-08-10 00:35:00,2026-08-10 00:40:00,7772.5,7770.0,-14.5
Engulfing_Reversal(0.3),SHORT,2026-08-10 00:40:00,2026-08-10 01:05:00,7770.0,7773.0,-17.0
Engulfing_Reversal(0.3),LONG,2026-08-10 01:05:00,2026-08-10 02:10:00,7773.0,7780.25,34.25
Engulfing_Reversal(0.3),SHORT,2026-08-10 02:10:00,2026-08-10 02:40:00,7780.25,7782.0,-10.75
Engulfing_Reversal(0.3),LONG,2026-08-10 02:40:00,2026-08-10 02:50:00,7782.0,7781.75,-3.25
Engulfing_Reversal(0.3),SHORT,2026-08-10 02:50:00,2026-08-10 02:55:00,7781.75,7782.5,-5.75
Engulfing_Reversal(0.3),LONG,2026-08-10 02:55:00,2026-08-10 04:35:00,7782.5,7786.25,16.75
Engulfing_Reversal(0.3),SHORT,2026-08-10 04:35:00,2026-08-10 07:40:00,7786.25,7793.5,-38.25
Engulfing_Reversal(0.3),LONG,2026-08-10 07:40:00,2026-08-10 07:50:00,7793.5,7790.25,-18.25
Engulfing_Reversal(0.3),SHORT,2026-08-10 07:50:00,2026-08-10 08:20:00,7790.25,7792.0,-10.75
Engulfing_Reversal(0.3),LONG,2026-08-10 08:20:00,2026-08-10 09:10:00,7792.0,7791.0,-7.0
Engulfing_Reversal(0.3),SHORT,2026-08-10 09:10:00,2026-08-10 09:15:00,7791.0,7792.0,-7.0
Engulfing_Reversal(0.3),LONG,2026-08-10 09:15:00,2026-08-10 09:20:00,7792.0,7790.75,-8.25
Engulfing_Reversal(0.3),SHORT,2026-08-10 09:20:00,2026-08-10 09:35:00,7790.75,7792.5,-10.75
Engulfing_Reversal(0.3),LONG,2026-08-10 09:35:00,2026-08-10 10:00:00,7792.5,7789.0,-19.5
Engulfing_Reversal(0.3),SHORT,2026-08-10 10:00:00,2026-08-10 10:05:00,7789.0,7790.75,-10.75
Engulfing_Reversal(0.3),LONG,2026-08-10 10:05:00,2026-08-10 11:40:00,7790.75,7784.75,-32.0
Engulfing_Reversal(0.3),SHORT,2026-08-10 11:40:00,2026-08-10 12:45:00,7784.75,7774.25,50.5
Engulfing_Reversal(0.3),LONG,2026-08-10 12:45:00,2026-08-10 14:25:00,7774.25,7786.25,58.0
Engulfing_Reversal(0.3),SHORT,2026-08-10 14:25:00,2026-08-10 14:30:00,7786.25,7790.0,-20.75
Engulfing_Reversal(0.3),LONG,2026-08-10 14:30:00,2026-08-10 14:55:00,7790.0,7785.0,-27.0
Engulfing_Reversal(0.3),SHORT,2026-08-10 14:55:00,2026-08-10 15:15:00,7785.0,7784.75,-0.75
Engulfing_Reversal(0.3),LONG,2026-08-10 15:15:00,2026-08-10 16:05:00,7784.75,7788.5,16.75
Engulfing_Reversal(0.3),SHORT,2026-08-10 16:05:00,2026-08-10 16:50:00,7788.5,7772.75,76.75
Engulfing_Reversal(0.3),LONG,2026-08-10 16:50:00,2026-08-10 17:40:00,7772.75,7774.75,8.0
Engulfing_Reversal(0.3),SHORT,2026-08-10 17:40:00,2026-08-10 18:00:00,7774.75,7773.75,3.0
Engulfing_Reversal(0.3),LONG,2026-08-10 18:00:00,2026-08-10 18:15:00,7773.75,7773.25,-4.5
Engulfing_Reversal(0.3),SHORT,2026-08-10 18:15:00,2026-08-10 19:40:00,7773.25,7778.5,-28.25
Engulfing_Reversal(0.3),LONG,2026-08-10 19:40:00,2026-08-10 22:10:00,7778.5,7777.5,-7.0
Engulfing_Reversal(0.3),SHORT,2026-08-10 22:10:00,2026-08-11 00:10:00,7777.5,7771.0,30.5
Engulfing_Reversal(0.3),LONG,2026-08-11 00:10:00,2026-08-11 02:10:00,7771.0,7783.0,58.0
Engulfing_Reversal(0.3),SHORT,2026-08-11 02:10:00,2026-08-11 03:05:00,7783.0,7786.25,-18.25
Engulfing_Reversal(0.3),LONG,2026-08-11 03:05:00,2026-08-11 03:45:00,7786.25,7787.5,4.25
Engulfing_Reversal(0.3),SHORT,2026-08-11 03:45:00,2026-08-11 03:55:00,7787.5,7787.75,-3.25
Engulfing_Reversal(0.3),LONG,2026-08-11 03:55:00,2026-08-11 04:45:00,7787.75,7787.25,-4.5
Engulfing_Reversal(0.3),SHORT,2026-08-11 04:45:00,2026-08-11 06:40:00,7787.25,7777.5,46.75
Engulfing_Reversal(0.3),LONG,2026-08-11 06:40:00,2026-08-11 07:10:00,7777.5,7773.5,-22.0
Engulfing_Reversal(0.3),SHORT,2026-08-11 07:10:00,2026-08-11 07:30:00,7773.5,7773.0,0.5
Engulfing_Reversal(0.3),LONG,2026-08-11 07:30:00,2026-08-11 08:10:00,7773.0,7773.75,1.75
Engulfing_Reversal(0.3),SHORT,2026-08-11 08:10:00,2026-08-11 08:25:00,7773.75,7772.75,3.0
Engulfing_Reversal(0.3),LONG,2026-08-11 08:25:00,2026-08-11 10:15:00,7772.75,7776.0,14.25
Engulfing_Reversal(0.3),SHORT,2026-08-11 10:15:00,2026-08-11 10:20:00,7776.0,7777.75,-10.75
Engulfing_Reversal(0.3),LONG,2026-08-11 10:20:00,2026-08-11 11:20:00,7777.75,7788.0,49.25
Engulfing_Reversal(0.3),SHORT,2026-08-11 11:20:00,2026-08-11 11:30:00,7788.0,7788.25,-3.25
Engulfing_Reversal(0.3),LONG,2026-08-11 11:30:00,2026-08-11 11:35:00,7788.25,7787.0,-8.25
Engulfing_Reversal(0.3),SHORT,2026-08-11 11:35:00,2026-08-11 11:45:00,7787.0,7788.25,-8.25
Engulfing_Reversal(0.3),LONG,2026-08-11 11:45:00,2026-08-11 12:25:00,7788.25,7786.5,-10.75
Engulfing_Reversal(0.3),SHORT,2026-08-11 12:25:00,2026-08-11 13:20:00,7786.5,7791.0,-24.5
Engulfing_Reversal(0.3),LONG,2026-08-11 13:20:00,2026-08-11 13:35:00,7791.0,7780.75,-53.25
Engulfing_Reversal(0.3),SHORT,2026-08-11 13:35:00,2026-08-11 14:30:00,7780.75,7784.75,-22.0
Engulfing_Reversal(0.3),LONG,2026-08-11 14:30:00,2026-08-11 15:30:00,7784.75,7769.75,-77.0
Engulfing_Reversal(0.3),SHORT,2026-08-11 15:30:00,2026-08-11 15:45:00,7769.75,7766.75,13.0
Engulfing_Reversal(0.3),LONG,2026-08-11 15:45:00,2026-08-11 19:00:00,7766.75,7746.0,-105.75
Engulfing_Reversal(0.3),SHORT,2026-08-11 19:00:00,2026-08-11 20:10:00,7746.0,7751.75,-30.75
Engulfing_Reversal(0.3),LONG,2026-08-11 20:10:00,2026-08-11 22:30:00,7751.75,7754.25,10.5
Engulfing_Reversal(0.3),SHORT,2026-08-11 22:30:00,2026-08-11 23:20:00,7754.25,7753.0,4.25
Engulfing_Reversal(0.3),LONG,2026-08-11 23:20:00,2026-08-12 00:05:00,7753.0,7751.5,-9.5
Engulfing_Reversal(0.3),SHORT,2026-08-12 00:05:00,2026-08-12 00:15:00,7751.5,7752.0,-4.5
Engulfing_Reversal(0.3),LONG,2026-08-12 00:15:00,2026-08-12 02:25:00,7752.0,7751.25,-5.75
Engulfing_Reversal(0.3),SHORT,2026-08-12 02:25:00,2026-08-12 02:30:00,7751.25,7752.75,-9.5
Engulfing_Reversal(0.3),LONG,2026-08-12 02:30:00,2026-08-12 03:20:00,7752.75,7755.25,10.5
Engulfing_Reversal(0.3),SHORT,2026-08-12 03:20:00,2026-08-12 04:05:00,7755.25,7754.5,1.75
Engulfing_Reversal(0.3),LONG,2026-08-12 04:05:00,2026-08-12 04:20:00,7754.5,7755.0,0.5
Engulfing_Reversal(0.3),SHORT,2026-08-12 04:20:00,2026-08-12 04:25:00,7755.0,7756.25,-8.25
Engulfing_Reversal(0.3),LONG,2026-08-12 04:25:00,2026-08-12 05:45:00,7756.25,7755.5,-5.75
Engulfing_Reversal(0.3),SHORT,2026-08-12 05:45:00,2026-08-12 06:05:00,7755.5,7757.5,-12.0
Engulfing_Reversal(0.3),LONG,2026-08-12 06:05:00,2026-08-12 06:25:00,7757.5,7754.75,-15.75
Engulfing_Reversal(0.3),SHORT,2026-08-12 06:25:00,2026-08-12 06:30:00,7754.75,7756.0,-8.25
Engulfing_Reversal(0.3),LONG,2026-08-12 06:30:00,2026-08-12 06:45:00,7756.0,7756.75,1.75
Engulfing_Reversal(0.3),SHORT,2026-08-12 06:45:00,2026-08-12 11:55:00,7756.75,7769.5,-65.75
Engulfing_Reversal(0.3),LONG,2026-08-12 11:55:00,2026-08-12 12:10:00,7769.5,7768.75,-5.75
Engulfing_Reversal(0.3),SHORT,2026-08-12 12:10:00,2026-08-12 13:30:00,7768.75,7791.5,-115.75
Engulfing_Reversal(0.3),LONG,2026-08-12 13:30:00,2026-08-12 13:35:00,7791.5,7775.0,-84.5
Engulfing_Reversal(0.3),SHORT,2026-08-12 13:35:00,2026-08-12 13:50:00,7775.0,7780.0,-27.0
Engulfing_Reversal(0.3),LONG,2026-08-12 13:50:00,2026-08-12 13:55:00,7780.0,7771.0,-47.0
Engulfing_Reversal(0.3),SHORT,2026-08-12 13:55:00,2026-08-12 14:40:00,7771.0,7772.5,-9.5
Engulfing_Reversal(0.3),LONG,2026-08-12 14:40:00,2026-08-12 14:50:00,7772.5,7771.25,-8.25
Engulfing_Reversal(0.3),SHORT,2026-08-12 14:50:00,2026-08-12 16:40:00,7771.25,7772.0,-5.75
Engulfing_Reversal(0.3),LONG,2026-08-12 16:40:00,2026-08-12 17:20:00,7772.0,7772.0,-2.0
Engulfing_Reversal(0.3),SHORT,2026-08-12 17:20:00,2026-08-12 18:35:00,7772.0,7778.0,-32.0
Engulfing_Reversal(0.3),LONG,2026-08-12 18:35:00,2026-08-12 19:25:00,7778.0,7773.25,-25.75
Engulfing_Reversal(0.3),SHORT,2026-08-12 19:25:00,2026-08-12 22:25:00,7773.25,7769.5,16.75
Engulfing_Reversal(0.3),LONG,2026-08-12 22:25:00,2026-08-13 00:15:00,7769.5,7770.5,3.0
Engulfing_Reversal(0.3),SHORT,2026-08-13 00:15:00,2026-08-13 00:45:00,7770.5,7769.5,3.0
Engulfing_Reversal(0.3),LONG,2026-08-13 00:45:00,2026-08-13 00:55:00,7769.5,7769.0,-4.5
Engulfing_Reversal(0.3),SHORT,2026-08-13 00:55:00,2026-08-13 01:35:00,7769.0,7767.5,5.5
Engulfing_Reversal(0.3),LONG,2026-08-13 01:35:00,2026-08-13 03:35:00,7767.5,7773.0,25.5
Engulfing_Reversal(0.3),SHORT,2026-08-13 03:35:00,2026-08-13 03:40:00,7773.0,7773.75,-5.75
Engulfing_Reversal(0.3),LONG,2026-08-13 03:40:00,2026-08-13 04:15:00,7773.75,7773.5,-3.25
Engulfing_Reversal(0.3),SHORT,2026-08-13 04:15:00,2026-08-13 05:05:00,7773.5,7777.25,-20.75
Engulfing_Reversal(0.3),LONG,2026-08-13 05:05:00,2026-08-13 06:30:00,7777.25,7778.5,4.25
Engulfing_Reversal(0.3),SHORT,2026-08-13 06:30:00,2026-08-13 06:55:00,7778.5,7775.75,11.75
Engulfing_Reversal(0.3),LONG,2026-08-13 06:55:00,2026-08-13 07:05:00,7775.75,7774.75,-7.0
Engulfing_Reversal(0.3),SHORT,2026-08-13 07:05:00,2026-08-13 08:45:00,7774.75,7781.5,-35.75
Engulfing_Reversal(0.3),LONG,2026-08-13 08:45:00,2026-08-13 09:05:00,7781.5,7780.75,-5.75
Engulfing_Reversal(0.3),SHORT,2026-08-13 09:05:00,2026-08-13 09:20:00,7780.75,7780.75,-2.0
Engulfing_Reversal(0.3),LONG,2026-08-13 09:20:00,2026-08-13 09:30:00,7780.75,7780.25,-4.5
Engulfing_Reversal(0.3),SHORT,2026-08-13 09:30:00,2026-08-13 09:35:00,7780.25,7782.75,-14.5
Engulfing_Reversal(0.3),LONG,2026-08-13 09:35:00,2026-08-13 11:20:00,7782.75,7783.0,-0.75
Engulfing_Reversal(0.3),SHORT,2026-08-13 11:20:00,2026-08-13 12:40:00,7783.0,7784.75,-10.75
Engulfing_Reversal(0.3),LONG,2026-08-13 12:40:00,2026-08-13 19:00:00,7784.75,7822.0,184.25
Engulfing_Reversal(0.3),SHORT,2026-08-13 19:00:00,2026-08-13 19:05:00,7822.0,7823.25,-8.25
Engulfing_Reversal(0.3),LONG,2026-08-13 19:05:00,2026-08-13 19:30:00,7823.25,7825.0,6.75
Engulfing_Reversal(0.3),SHORT,2026-08-13 19:30:00,2026-08-13 22:20:00,7825.0,7826.0,-7.0
Engulfing_Reversal(0.3),LONG,2026-08-13 22:20:00,2026-08-13 23:40:00,7826.0,7825.75,-3.25
Engulfing_Reversal(0.3),SHORT,2026-08-13 23:40:00,2026-08-14 01:50:00,7825.75,7824.75,3.0
Engulfing_Reversal(0.3),LONG,2026-08-14 01:50:00,2026-08-14 01:55:00,7824.75,7823.25,-9.5
Engulfing_Reversal(0.3),SHORT,2026-08-14 01:55:00,2026-08-14 02:15:00,7823.25,7826.0,-15.75
Engulfing_Reversal(0.3),LONG,2026-08-14 02:15:00,2026-08-14 06:00:00,7826.0,7824.75,-8.25
Engulfing_Reversal(0.3),SHORT,2026-08-14 06:00:00,2026-08-14 08:50:00,7824.75,7828.25,-19.5
Engulfing_Reversal(0.3),LONG,2026-08-14 08:50:00,2026-08-14 11:05:00,7828.25,7827.5,-5.75
Engulfing_Reversal(0.3),SHORT,2026-08-14 11:05:00,2026-08-14 11:25:00,7827.5,7827.5,-2.0
Engulfing_Reversal(0.3),LONG,2026-08-14 11:25:00,2026-08-14 11:55:00,7827.5,7828.5,3.0
Engulfing_Reversal(0.3),SHORT,2026-08-14 11:55:00,2026-08-14 12:30:00,7828.5,7828.25,-0.75
Engulfing_Reversal(0.3),LONG,2026-08-14 12:30:00,2026-08-14 13:50:00,7828.25,7822.25,-32.0
Engulfing_Reversal(0.3),SHORT,2026-08-14 13:50:00,2026-08-14 14:05:00,7822.25,7828.25,-32.0
Engulfing_Reversal(0.3),LONG,2026-08-14 14:05:00,2026-08-14 15:25:00,7828.25,7802.5,-130.75
Engulfing_Reversal(0.3),SHORT,2026-08-14 15:25:00,2026-08-14 15:55:00,7802.5,7803.5,-7.0
Engulfing_Reversal(0.3),LONG,2026-08-14 15:55:00,2026-08-14 16:10:00,7803.5,7804.25,1.75
Engulfing_Reversal(0.3),SHORT,2026-08-14 16:10:00,2026-08-14 16:15:00,7804.25,7807.5,-18.25
Engulfing_Reversal(0.3),LONG,2026-08-14 16:15:00,2026-08-14 16:35:00,7807.5,7805.75,-10.75
Engulfing_Reversal(0.3),SHORT,2026-08-14 16:35:00,2026-08-14 18:40:00,7805.75,7802.25,15.5
Engulfing_Reversal(0.3),LONG,2026-08-14 18:40:00,2026-08-14 19:00:00,7802.25,7804.5,9.25
Engulfing_Reversal(0.3),SHORT,2026-08-14 19:00:00,2026-08-14 19:25:00,7804.5,7804.0,0.5
Engulfing_Reversal(0.3),LONG,2026-08-14 19:25:00,2026-08-14 19:40:00,7804.0,7804.25,-0.75
Engulfing_Reversal(0.3),SHORT,2026-08-14 19:40:00,2026-08-17 01:20:00,7804.25,7812.25,-42.0
Engulfing_Reversal(0.3),LONG,2026-08-17 01:20:00,2026-08-17 01:45:00,7812.25,7809.5,-15.75
Engulfing_Reversal(0.3),SHORT,2026-08-17 01:45:00,2026-08-17 02:10:00,7809.5,7807.5,8.0
Engulfing_Reversal(0.3),LONG,2026-08-17 02:10:00,2026-08-17 02:55:00,7807.5,7809.25,6.75
Engulfing_Reversal(0.3),SHORT,2026-08-17 02:55:00,2026-08-17 03:20:00,7809.25,7809.5,-3.25
Inside_Bar_Breakout(0.6),LONG,2026-06-01 00:05:00,2026-06-01 03:15:00,7609.25,7615.25,28.0
Inside_Bar_Breakout(0.6),SHORT,2026-06-01 03:15:00,2026-06-01 08:45:00,7615.25,7609.5,26.75
Inside_Bar_Breakout(0.6),LONG,2026-06-01 08:45:00,2026-06-01 13:25:00,7609.5,7578.25,-158.25
Inside_Bar_Breakout(0.6),SHORT,2026-06-01 13:25:00,2026-06-02 07:00:00,7578.25,7601.5,-118.25
Inside_Bar_Breakout(0.6),LONG,2026-06-02 07:00:00,2026-06-03 04:50:00,7601.5,7623.0,105.5
Inside_Bar_Breakout(0.6),SHORT,2026-06-03 04:50:00,2026-06-03 14:15:00,7623.0,7596.0,133.0
Inside_Bar_Breakout(0.6),LONG,2026-06-03 14:15:00,2026-06-04 08:05:00,7596.0,7550.75,-228.25
Inside_Bar_Breakout(0.6),SHORT,2026-06-04 08:05:00,2026-06-04 11:50:00,7550.75,7537.75,63.0
Inside_Bar_Breakout(0.6),LONG,2026-06-04 11:50:00,2026-06-04 13:30:00,7537.75,7548.25,50.5
Inside_Bar_Breakout(0.6),SHORT,2026-06-04 13:30:00,2026-06-05 01:55:00,7548.25,7557.0,-45.75
Inside_Bar_Breakout(0.6),LONG,2026-06-05 01:55:00,2026-06-05 11:20:00,7557.0,7565.75,41.75
Inside_Bar_Breakout(0.6),SHORT,2026-06-05 11:20:00,2026-06-05 17:35:00,7565.75,7466.75,493.0
Inside_Bar_Breakout(0.6),LONG,2026-06-05 17:35:00,2026-06-08 04:05:00,7466.75,7413.5,-268.25
Inside_Bar_Breakout(0.6),SHORT,2026-06-08 04:05:00,2026-06-08 08:35:00,7413.5,7420.5,-37.0
Inside_Bar_Breakout(0.6),LONG,2026-06-08 08:35:00,2026-06-08 17:00:00,7420.5,7441.5,103.0
Inside_Bar_Breakout(0.6),SHORT,2026-06-08 17:00:00,2026-06-09 03:35:00,7441.5,7428.0,65.5
Inside_Bar_Breakout(0.6),LONG,2026-06-09 03:35:00,2026-06-09 15:55:00,7428.0,7332.75,-478.25
Inside_Bar_Breakout(0.6),SHORT,2026-06-09 15:55:00,2026-06-11 08:05:00,7332.75,7329.25,15.5
Inside_Bar_Breakout(0.6),LONG,2026-06-11 08:05:00,2026-06-11 12:20:00,7329.25,7326.25,-17.0
Inside_Bar_Breakout(0.6),SHORT,2026-06-11 12:20:00,2026-06-11 17:45:00,7326.25,7382.5,-283.25
Inside_Bar_Breakout(0.6),LONG,2026-06-11 17:45:00,2026-06-11 20:40:00,7382.5,7395.25,61.75
Inside_Bar_Breakout(0.6),SHORT,2026-06-11 20:40:00,2026-06-12 06:05:00,7395.25,7399.25,-22.0
Inside_Bar_Breakout(0.6),LONG,2026-06-12 06:05:00,2026-06-12 07:15:00,7399.25,7378.0,-108.25
Inside_Bar_Breakout(0.6),SHORT,2026-06-12 07:15:00,2026-06-12 11:45:00,7378.0,7442.5,-324.5
Inside_Bar_Breakout(0.6),LONG,2026-06-12 11:45:00,2026-06-12 13:45:00,7442.5,7375.5,-337.0
Inside_Bar_Breakout(0.6),SHORT,2026-06-12 13:45:00,2026-06-12 18:45:00,7375.5,7440.25,-325.75
Inside_Bar_Breakout(0.6),LONG,2026-06-12 18:45:00,2026-06-15 03:45:00,7440.25,7519.75,395.5
Inside_Bar_Breakout(0.6),SHORT,2026-06-15 03:45:00,2026-06-16 22:35:00,7519.75,7595.75,-382.0
Inside_Bar_Breakout(0.6),LONG,2026-06-16 22:35:00,2026-06-18 10:45:00,7595.75,7552.25,-219.5
Inside_Bar_Breakout(0.6),SHORT,2026-06-18 10:45:00,2026-06-18 12:05:00,7552.25,7544.0,39.25
Inside_Bar_Breakout(0.6),LONG,2026-06-18 12:05:00,2026-06-18 22:20:00,7544.0,7569.0,123.0
Inside_Bar_Breakout(0.6),SHORT,2026-06-18 22:20:00,2026-06-22 00:30:00,7569.0,7543.75,124.25
Inside_Bar_Breakout(0.6),LONG,2026-06-22 00:30:00,2026-06-22 19:45:00,7543.75,7529.5,-73.25
Inside_Bar_Breakout(0.6),SHORT,2026-06-22 19:45:00,2026-06-23 09:25:00,7529.5,7444.0,425.5
Inside_Bar_Breakout(0.6),LONG,2026-06-23 09:25:00,2026-06-23 15:20:00,7444.0,7446.5,10.5
Inside_Bar_Breakout(0.6),SHORT,2026-06-23 15:20:00,2026-06-24 11:50:00,7446.5,7463.25,-85.75
Inside_Bar_Breakout(0.6),LONG,2026-06-24 11:50:00,2026-06-25 08:15:00,7463.25,7483.5,99.25
Inside_Bar_Breakout(0.6),SHORT,2026-06-25 08:15:00,2026-06-25 18:30:00,7483.5,7454.25,144.25
Inside_Bar_Breakout(0.6),LONG,2026-06-25 18:30:00,2026-06-25 18:50:00,7454.25,7431.0,-118.25
Inside_Bar_Breakout(0.6),SHORT,2026-06-25 18:50:00,2026-06-26 16:35:00,7431.0,7440.0,-47.0
Inside_Bar_Breakout(0.6),LONG,2026-06-26 16:35:00,2026-06-29 01:20:00,7440.0,7429.75,-53.25
Inside_Bar_Breakout(0.6),SHORT,2026-06-29 01:20:00,2026-06-29 03:50:00,7429.75,7444.75,-77.0
Inside_Bar_Breakout(0.6),LONG,2026-06-29 03:50:00,2026-06-29 06:50:00,7444.75,7449.5,21.75
Inside_Bar_Breakout(0.6),SHORT,2026-06-29 06:50:00,2026-06-29 08:20:00,7449.5,7460.25,-55.75
Inside_Bar_Breakout(0.6),LONG,2026-06-29 08:20:00,2026-06-29 19:35:00,7460.25,7494.0,166.75
Inside_Bar_Breakout(0.6),SHORT,2026-06-29 19:35:00,2026-06-29 20:25:00,7494.0,7498.5,-24.5
Inside_Bar_Breakout(0.6),LONG,2026-06-29 20:25:00,2026-07-01 12:05:00,7498.5,7527.75,144.25
Inside_Bar_Breakout(0.6),SHORT,2026-07-01 12:05:00,2026-07-02 10:20:00,7527.75,7536.75,-47.0
Inside_Bar_Breakout(0.6),LONG,2026-07-02 10:20:00,2026-07-02 20:25:00,7536.75,7520.25,-84.5
Inside_Bar_Breakout(0.6),SHORT,2026-07-02 20:25:00,2026-07-02 22:20:00,7520.25,7529.75,-49.5
Inside_Bar_Breakout(0.6),LONG,2026-07-02 22:20:00,2026-07-08 01:25:00,7529.75,7558.0,139.25
Inside_Bar_Breakout(0.6),SHORT,2026-07-08 01:25:00,2026-07-08 04:25:00,7558.0,7555.5,10.5
Inside_Bar_Breakout(0.6),LONG,2026-07-08 04:25:00,2026-07-08 23:20:00,7555.5,7517.75,-190.75
Inside_Bar_Breakout(0.6),SHORT,2026-07-08 23:20:00,2026-07-09 03:45:00,7517.75,7539.5,-110.75
Inside_Bar_Breakout(0.6),LONG,2026-07-09 03:45:00,2026-07-09 19:55:00,7539.5,7582.5,213.0
Inside_Bar_Breakout(0.6),SHORT,2026-07-09 19:55:00,2026-07-10 01:50:00,7582.5,7583.25,-5.75
Inside_Bar_Breakout(0.6),LONG,2026-07-10 01:50:00,2026-07-16 07:15:00,7583.25,7610.0,131.75
Inside_Bar_Breakout(0.6),SHORT,2026-07-16 07:15:00,2026-07-16 13:05:00,7610.0,7591.75,89.25
Inside_Bar_Breakout(0.6),LONG,2026-07-16 13:05:00,2026-07-16 22:15:00,7591.75,7570.5,-108.25
Inside_Bar_Breakout(0.6),SHORT,2026-07-16 22:15:00,2026-07-17 02:45:00,7570.5,7532.5,188.0
Inside_Bar_Breakout(0.6),LONG,2026-07-17 02:45:00,2026-07-17 03:45:00,7532.5,7530.25,-13.25
Inside_Bar_Breakout(0.6),SHORT,2026-07-17 03:45:00,2026-07-17 06:00:00,7530.25,7511.0,94.25
Inside_Bar_Breakout(0.6),LONG,2026-07-17 06:00:00,2026-07-17 18:45:00,7511.0,7497.25,-70.75
Inside_Bar_Breakout(0.6),SHORT,2026-07-17 18:45:00,2026-07-20 03:20:00,7497.25,7505.5,-43.25
Inside_Bar_Breakout(0.6),LONG,2026-07-20 03:20:00,2026-07-20 12:45:00,7505.5,7525.25,96.75
Inside_Bar_Breakout(0.6),SHORT,2026-07-20 12:45:00,2026-07-20 23:05:00,7525.25,7478.0,234.25
Inside_Bar_Breakout(0.6),LONG,2026-07-20 23:05:00,2026-07-21 11:55:00,7478.0,7514.5,180.5
Inside_Bar_Breakout(0.6),SHORT,2026-07-21 11:55:00,2026-07-22 13:10:00,7514.5,7520.5,-32.0
Inside_Bar_Breakout(0.6),LONG,2026-07-22 13:10:00,2026-07-22 17:15:00,7520.5,7555.75,174.25
Inside_Bar_Breakout(0.6),SHORT,2026-07-22 17:15:00,2026-07-23 22:25:00,7555.75,7449.0,531.75
Inside_Bar_Breakout(0.6),LONG,2026-07-23 22:25:00,2026-07-27 18:20:00,7449.0,7430.0,-97.0
Inside_Bar_Breakout(0.6),SHORT,2026-07-27 18:20:00,2026-07-27 20:35:00,7430.0,7453.0,-117.0
Inside_Bar_Breakout(0.6),LONG,2026-07-27 20:35:00,2026-07-28 19:40:00,7453.0,7468.0,73.0
Inside_Bar_Breakout(0.6),SHORT,2026-07-28 19:40:00,2026-07-28 23:25:00,7468.0,7468.75,-5.75
Inside_Bar_Breakout(0.6),LONG,2026-07-28 23:25:00,2026-07-29 08:25:00,7468.75,7471.5,11.75
Inside_Bar_Breakout(0.6),SHORT,2026-07-29 08:25:00,2026-07-29 08:45:00,7471.5,7482.25,-55.75
Inside_Bar_Breakout(0.6),LONG,2026-07-29 08:45:00,2026-07-29 10:55:00,7482.25,7476.75,-29.5
Inside_Bar_Breakout(0.6),SHORT,2026-07-29 10:55:00,2026-07-29 17:15:00,7476.75,7421.75,273.0
Inside_Bar_Breakout(0.6),LONG,2026-07-29 17:15:00,2026-07-31 06:25:00,7421.75,7507.75,428.0
Inside_Bar_Breakout(0.6),SHORT,2026-07-31 06:25:00,2026-07-31 12:55:00,7507.75,7486.5,104.25
Inside_Bar_Breakout(0.6),LONG,2026-07-31 12:55:00,2026-07-31 18:40:00,7486.5,7509.75,114.25
Inside_Bar_Breakout(0.6),SHORT,2026-07-31 18:40:00,2026-08-03 09:00:00,7509.75,7559.5,-250.75
Inside_Bar_Breakout(0.6),LONG,2026-08-03 09:00:00,2026-08-04 05:15:00,7559.5,7643.25,416.75
Inside_Bar_Breakout(0.6),SHORT,2026-08-04 05:15:00,2026-08-04 10:45:00,7643.25,7643.5,-3.25
Inside_Bar_Breakout(0.6),LONG,2026-08-04 10:45:00,2026-08-04 23:25:00,7643.5,7780.5,683.0
Inside_Bar_Breakout(0.6),SHORT,2026-08-04 23:25:00,2026-08-05 20:35:00,7780.5,7760.25,99.25
Inside_Bar_Breakout(0.6),LONG,2026-08-05 20:35:00,2026-08-06 03:20:00,7760.25,7763.25,13.0
Inside_Bar_Breakout(0.6),SHORT,2026-08-06 03:20:00,2026-08-06 22:55:00,7763.25,7737.0,129.25
Inside_Bar_Breakout(0.6),LONG,2026-08-06 22:55:00,2026-08-07 04:45:00,7737.0,7729.5,-39.5
Inside_Bar_Breakout(0.6),SHORT,2026-08-07 04:45:00,2026-08-07 15:25:00,7729.5,7783.0,-269.5
Inside_Bar_Breakout(0.6),LONG,2026-08-07 15:25:00,2026-08-10 12:35:00,7783.0,7774.25,-45.75
Inside_Bar_Breakout(0.6),SHORT,2026-08-10 12:35:00,2026-08-11 09:20:00,7774.25,7777.0,-15.75
Inside_Bar_Breakout(0.6),LONG,2026-08-11 09:20:00,2026-08-12 19:25:00,7777.0,7773.25,-20.75
Inside_Bar_Breakout(0.6),SHORT,2026-08-12 19:25:00,2026-08-12 23:05:00,7773.25,7769.75,15.5
Inside_Bar_Breakout(0.6),LONG,2026-08-12 23:05:00,2026-08-13 01:15:00,7769.75,7766.25,-19.5
Inside_Bar_Breakout(0.6),SHORT,2026-08-13 01:15:00,2026-08-13 05:15:00,7766.25,7779.5,-68.25
Inside_Bar_Breakout(0.6),LONG,2026-08-13 05:15:00,2026-08-14 09:00:00,7779.5,7826.25,231.75
Opening_Range_Breakout(6),LONG,2026-05-31 22:45:00,2026-06-01 13:25:00,7600.0,7578.25,-110.75
Opening_Range_Breakout(6),SHORT,2026-06-01 13:25:00,2026-06-01 13:35:00,7578.25,7585.75,-39.5
Opening_Range_Breakout(6),LONG,2026-06-01 15:35:00,2026-06-02 13:35:00,7598.75,7602.5,16.75
Opening_Range_Breakout(6),LONG,2026-06-02 14:05:00,2026-06-03 13:35:00,7605.5,7609.5,18.0
Opening_Range_Breakout(6),SHORT,2026-06-03 16:25:00,2026-06-04 13:35:00,7568.0,7556.25,56.75
Opening_Range_Breakout(6),LONG,2026-06-04 14:25:00,2026-06-05 13:35:00,7569.5,7550.5,-97.0
Opening_Range_Breakout(6),SHORT,2026-06-05 15:15:00,2026-06-07 22:15:00,7507.25,7386.5,601.75
Opening_Range_Breakout(6),LONG,2026-06-07 23:50:00,2026-06-08 13:35:00,7398.5,7445.5,233.0
Opening_Range_Breakout(6),LONG,2026-06-08 15:00:00,2026-06-08 17:05:00,7473.0,7429.75,-218.25
Opening_Range_Breakout(6),SHORT,2026-06-08 17:05:00,2026-06-09 13:35:00,7429.75,7458.5,-145.75
Opening_Range_Breakout(6),SHORT,2026-06-09 14:15:00,2026-06-10 13:35:00,7437.0,7338.5,490.5
Opening_Range_Breakout(6),LONG,2026-06-10 14:10:00,2026-06-10 15:15:00,7392.0,7327.5,-324.5
Opening_Range_Breakout(6),SHORT,2026-06-10 15:15:00,2026-06-11 13:35:00,7327.5,7292.5,173.0
Opening_Range_Breakout(6),SHORT,2026-06-11 15:00:00,2026-06-11 17:30:00,7275.5,7345.25,-350.75
Opening_Range_Breakout(6),LONG,2026-06-11 17:30:00,2026-06-12 13:35:00,7345.25,7401.5,279.25
Opening_Range_Breakout(6),LONG,2026-06-12 14:55:00,2026-06-14 22:15:00,7433.5,7500.75,334.25
Opening_Range_Breakout(6),SHORT,2026-06-14 23:15:00,2026-06-15 00:15:00,7490.25,7508.75,-94.5
Opening_Range_Breakout(6),LONG,2026-06-15 00:15:00,2026-06-15 13:35:00,7508.75,7608.25,495.5
Opening_Range_Breakout(6),LONG,2026-06-15 15:00:00,2026-06-16 13:35:00,7623.25,7634.75,55.5
Opening_Range_Breakout(6),SHORT,2026-06-16 14:25:00,2026-06-17 13:35:00,7617.25,7589.5,136.75
Opening_Range_Breakout(6),LONG,2026-06-17 14:25:00,2026-06-17 14:50:00,7603.75,7576.0,-140.75
Opening_Range_Breakout(6),SHORT,2026-06-17 14:50:00,2026-06-18 13:35:00,7576.0,7557.75,89.25
Opening_Range_Breakout(6),SHORT,2026-06-21 23:20:00,2026-06-22 06:25:00,7525.5,7557.5,-162.0
Opening_Range_Breakout(6),LONG,2026-06-22 06:25:00,2026-06-22 13:35:00,7557.5,7578.25,101.75
Opening_Range_Breakout(6),SHORT,2026-06-22 14:30:00,2026-06-23 13:35:00,7561.25,7432.75,640.5
Opening_Range_Breakout(6),LONG,2026-06-23 14:05:00,2026-06-24 13:35:00,7474.75,7463.5,-58.25
Opening_Range_Breakout(6),LONG,2026-06-24 14:45:00,2026-06-24 17:20:00,7472.75,7433.75,-197.0
Opening_Range_Breakout(6),SHORT,2026-06-24 17:20:00,2026-06-24 20:25:00,7433.75,7472.75,-197.0
Opening_Range_Breakout(6),LONG,2026-06-24 20:25:00,2026-06-25 13:35:00,7472.75,7469.5,-18.25
Opening_Range_Breakout(6),SHORT,2026-06-26 02:25:00,2026-06-26 13:35:00,7388.5,7370.25,89.25
Opening_Range_Breakout(6),LONG,2026-06-26 14:05:00,2026-06-28 22:15:00,7415.0,7435.25,99.25
Opening_Range_Breakout(6),LONG,2026-06-28 23:05:00,2026-06-29 00:25:00,7439.0,7425.25,-70.75
Opening_Range_Breakout(6),SHORT,2026-06-29 00:25:00,2026-06-29 01:40:00,7425.25,7438.5,-68.25
Opening_Range_Breakout(6),LONG,2026-06-29 01:40:00,2026-06-29 02:15:00,7438.5,7422.5,-82.0
Opening_Range_Breakout(6),SHORT,2026-06-29 02:15:00,2026-06-29 02:30:00,7422.5,7440.0,-89.5
Opening_Range_Breakout(6),LONG,2026-06-29 02:30:00,2026-06-29 13:35:00,7440.0,7478.0,188.0
Opening_Range_Breakout(6),SHORT,2026-06-29 14:10:00,2026-06-29 17:15:00,7439.5,7490.5,-257.0
Opening_Range_Breakout(6),LONG,2026-06-29 17:15:00,2026-06-30 13:35:00,7490.5,7500.25,46.75
Opening_Range_Breakout(6),LONG,2026-06-30 14:05:00,2026-07-01 13:35:00,7532.5,7508.75,-120.75
Opening_Range_Breakout(6),LONG,2026-07-01 14:05:00,2026-07-02 13:35:00,7537.25,7566.0,141.75
Opening_Range_Breakout(6),SHORT,2026-07-02 14:45:00,2026-07-05 22:05:00,7549.25,7554.5,-28.25
Opening_Range_Breakout(6),LONG,2026-07-06 00:00:00,2026-07-06 01:55:00,7570.0,7551.0,-97.0
Opening_Range_Breakout(6),SHORT,2026-07-06 01:55:00,2026-07-06 13:35:00,7551.0,7570.0,-97.0
Opening_Range_Breakout(6),LONG,2026-07-06 14:25:00,2026-07-07 13:35:00,7575.5,7572.75,-15.75
Opening_Range_Breakout(6),SHORT,2026-07-07 14:15:00,2026-07-08 13:35:00,7548.0,7512.25,176.75
Opening_Range_Breakout(6),SHORT,2026-07-08 14:40:00,2026-07-08 17:25:00,7498.0,7529.75,-160.75
Opening_Range_Breakout(6),LONG,2026-07-08 17:25:00,2026-07-09 13:35:00,7529.75,7547.25,85.5
Opening_Range_Breakout(6),LONG,2026-07-09 15:10:00,2026-07-10 13:35:00,7569.75,7597.75,138.0
Opening_Range_Breakout(6),SHORT,2026-07-10 14:35:00,2026-07-10 15:30:00,7581.25,7605.25,-122.0
Opening_Range_Breakout(6),LONG,2026-07-10 15:30:00,2026-07-12 22:15:00,7605.25,7593.5,-60.75
Opening_Range_Breakout(6),LONG,2026-07-13 00:05:00,2026-07-13 01:10:00,7605.5,7591.25,-73.25
Opening_Range_Breakout(6),SHORT,2026-07-13 01:10:00,2026-07-13 09:30:00,7591.25,7602.5,-58.25
Opening_Range_Breakout(6),LONG,2026-07-13 09:30:00,2026-07-13 12:25:00,7602.5,7590.75,-60.75
Opening_Range_Breakout(6),SHORT,2026-07-13 12:25:00,2026-07-13 13:35:00,7590.75,7605.25,-74.5
Opening_Range_Breakout(6),SHORT,2026-07-13 14:20:00,2026-07-14 13:35:00,7590.0,7566.25,116.75
Opening_Range_Breakout(6),LONG,2026-07-14 14:35:00,2026-07-15 13:35:00,7591.0,7622.0,153.0
Opening_Range_Breakout(6),SHORT,2026-07-15 14:55:00,2026-07-16 00:15:00,7600.75,7626.5,-130.75
Opening_Range_Breakout(6),LONG,2026-07-16 00:15:00,2026-07-16 08:10:00,7626.5,7599.25,-138.25
Opening_Range_Breakout(6),SHORT,2026-07-16 08:10:00,2026-07-16 13:35:00,7599.25,7591.0,39.25
Opening_Range_Breakout(6),LONG,2026-07-16 14:20:00,2026-07-16 18:40:00,7608.0,7573.0,-177.0
Opening_Range_Breakout(6),SHORT,2026-07-16 18:40:00,2026-07-17 13:35:00,7573.0,7475.25,486.75
Opening_Range_Breakout(6),LONG,2026-07-17 14:05:00,2026-07-19 22:15:00,7518.75,7484.0,-175.75
Opening_Range_Breakout(6),LONG,2026-07-19 22:45:00,2026-07-20 13:35:00,7500.75,7544.75,218.0
Opening_Range_Breakout(6),SHORT,2026-07-20 14:10:00,2026-07-21 13:35:00,7517.25,7518.75,-9.5
Opening_Range_Breakout(6),LONG,2026-07-21 14:30:00,2026-07-22 13:35:00,7531.75,7534.75,13.0
Opening_Range_Breakout(6),LONG,2026-07-22 14:05:00,2026-07-22 22:05:00,7552.0,7524.5,-139.5
Opening_Range_Breakout(6),SHORT,2026-07-22 22:05:00,2026-07-23 13:35:00,7524.5,7472.75,256.75
Opening_Range_Breakout(6),SHORT,2026-07-23 14:55:00,2026-07-24 13:35:00,7441.75,7451.0,-48.25
Opening_Range_Breakout(6),LONG,2026-07-24 15:00:00,2026-07-26 22:15:00,7465.0,7494.25,144.25
Opening_Range_Breakout(6),LONG,2026-07-26 23:15:00,2026-07-27 01:20:00,7498.75,7489.5,-48.25
Opening_Range_Breakout(6),SHORT,2026-07-27 01:20:00,2026-07-27 02:10:00,7489.5,7498.75,-48.25
Opening_Range_Breakout(6),LONG,2026-07-27 02:10:00,2026-07-27 13:35:00,7498.75,7505.25,30.5
Opening_Range_Breakout(6),SHORT,2026-07-27 14:15:00,2026-07-28 13:35:00,7467.75,7439.75,138.0
Opening_Range_Breakout(6),LONG,2026-07-28 15:20:00,2026-07-29 13:35:00,7463.25,7457.0,-33.25
Opening_Range_Breakout(6),SHORT,2026-07-29 14:15:00,2026-07-29 18:45:00,7410.25,7463.25,-267.0
Opening_Range_Breakout(6),LONG,2026-07-29 18:45:00,2026-07-29 19:25:00,7463.25,7407.75,-279.5
Opening_Range_Breakout(6),SHORT,2026-07-29 19:25:00,2026-07-30 13:35:00,7407.75,7408.5,-5.75
Opening_Range_Breakout(6),LONG,2026-07-30 14:40:00,2026-07-31 13:35:00,7440.0,7512.0,358.0
Opening_Range_Breakout(6),SHORT,2026-07-31 14:05:00,2026-07-31 19:20:00,7454.25,7526.75,-364.5
Opening_Range_Breakout(6),LONG,2026-07-31 19:20:00,2026-08-02 22:15:00,7526.75,7555.5,141.75
Opening_Range_Breakout(6),SHORT,2026-08-02 22:45:00,2026-08-03 02:00:00,7549.0,7558.0,-47.0
Opening_Range_Breakout(6),LONG,2026-08-03 02:00:00,2026-08-03 08:35:00,7558.0,7548.75,-48.25
Opening_Range_Breakout(6),SHORT,2026-08-03 08:35:00,2026-08-03 09:00:00,7548.75,7559.5,-55.75
Opening_Range_Breakout(6),LONG,2026-08-03 09:00:00,2026-08-03 13:30:00,7559.5,7546.0,-69.5
Opening_Range_Breakout(6),SHORT,2026-08-03 13:30:00,2026-08-03 13:35:00,7546.0,7559.25,-68.25
Opening_Range_Breakout(6),LONG,2026-08-03 14:15:00,2026-08-04 13:35:00,7591.0,7669.5,390.5
Opening_Range_Breakout(6),LONG,2026-08-04 14:05:00,2026-08-05 13:35:00,7690.75,7813.75,613.0
Opening_Range_Breakout(6),SHORT,2026-08-05 14:40:00,2026-08-06 13:35:00,7791.25,7749.0,209.25
Opening_Range_Breakout(6),LONG,2026-08-06 14:20:00,2026-08-06 15:20:00,7767.25,7739.5,-140.75
Opening_Range_Breakout(6),SHORT,2026-08-06 15:20:00,2026-08-07 12:35:00,7739.5,7766.0,-134.5
Opening_Range_Breakout(6),LONG,2026-08-07 12:35:00,2026-08-07 13:35:00,7766.0,7762.0,-22.0
Opening_Range_Breakout(6),SHORT,2026-08-07 14:15:00,2026-08-07 14:30:00,7746.0,7779.25,-168.25
Opening_Range_Breakout(6),LONG,2026-08-07 14:30:00,2026-08-09 22:15:00,7779.25,7768.25,-57.0
Opening_Range_Breakout(6),LONG,2026-08-10 00:10:00,2026-08-10 13:35:00,7775.25,7772.75,-14.5
Opening_Range_Breakout(6),LONG,2026-08-10 14:10:00,2026-08-10 16:45:00,7787.0,7768.0,-97.0
Opening_Range_Breakout(6),SHORT,2026-08-10 16:45:00,2026-08-11 01:15:00,7768.0,7785.0,-87.0
Opening_Range_Breakout(6),LONG,2026-08-11 01:15:00,2026-08-11 13:35:00,7785.0,7780.75,-23.25
Opening_Range_Breakout(6),SHORT,2026-08-11 15:20:00,2026-08-12 13:35:00,7770.0,7775.0,-27.0
Opening_Range_Breakout(6),SHORT,2026-08-12 14:05:00,2026-08-13 13:35:00,7764.0,7798.25,-173.25
Opening_Range_Breakout(6),LONG,2026-08-13 14:05:00,2026-08-14 13:35:00,7827.0,7824.25,-15.75
Opening_Range_Breakout(6),SHORT,2026-08-14 14:25:00,2026-08-16 22:15:00,7817.75,7810.75,33.0
Opening_Range_Breakout(6),LONG,2026-08-16 23:50:00,2026-08-17 01:55:00,7812.25,7807.5,-25.75
Opening_Range_Breakout(6),SHORT,2026-08-17 01:55:00,2026-08-17 04:05:00,7807.5,7813.0,-29.5
