strategy,direction,entry_time,exit_time,entry_price,exit_price,net_pnl
MA_Crossover(10/50),SHORT,2026-06-01 04:15:00,2026-06-01 04:30:00,30558.25,30562.25,-10.0
MA_Crossover(10/50),LONG,2026-06-01 04:30:00,2026-06-01 07:30:00,30562.25,30523.25,-80.0
MA_Crossover(10/50),SHORT,2026-06-01 07:30:00,2026-06-01 17:00:00,30523.25,30581.25,-118.0
MA_Crossover(10/50),LONG,2026-06-01 17:00:00,2026-06-01 22:45:00,30581.25,30445.5,-273.5
MA_Crossover(10/50),SHORT,2026-06-01 22:45:00,2026-06-02 06:30:00,30445.5,30486.75,-84.5
MA_Crossover(10/50),LONG,2026-06-02 06:30:00,2026-06-03 14:00:00,30486.75,30562.0,148.5
MA_Crossover(10/50),SHORT,2026-06-03 14:00:00,2026-06-04 16:15:00,30562.0,30440.0,242.0
MA_Crossover(10/50),LONG,2026-06-04 16:15:00,2026-06-04 22:30:00,30440.0,30342.5,-197.0
MA_Crossover(10/50),SHORT,2026-06-04 22:30:00,2026-06-08 11:15:00,30342.5,29361.25,1960.5
MA_Crossover(10/50),LONG,2026-06-08 11:15:00,2026-06-08 22:15:00,29361.25,29360.25,-4.0
MA_Crossover(10/50),SHORT,2026-06-08 22:15:00,2026-06-09 02:15:00,29360.25,29498.25,-278.0
MA_Crossover(10/50),LONG,2026-06-09 02:15:00,2026-06-09 14:45:00,29498.25,29287.25,-424.0
MA_Crossover(10/50),SHORT,2026-06-09 14:45:00,2026-06-10 14:15:00,29287.25,29092.5,387.5
MA_Crossover(10/50),LONG,2026-06-10 14:15:00,2026-06-10 15:45:00,29092.5,28854.75,-477.5
MA_Crossover(10/50),SHORT,2026-06-10 15:45:00,2026-06-11 04:00:00,28854.75,28726.75,254.0
MA_Crossover(10/50),LONG,2026-06-11 04:00:00,2026-06-11 15:15:00,28726.75,28766.75,78.0
MA_Crossover(10/50),SHORT,2026-06-11 15:15:00,2026-06-11 15:45:00,28766.75,28816.5,-101.5
MA_Crossover(10/50),LONG,2026-06-11 15:45:00,2026-06-12 13:45:00,28816.5,29282.75,930.5
MA_Crossover(10/50),SHORT,2026-06-12 13:45:00,2026-06-12 14:30:00,29282.75,29512.25,-461.0
MA_Crossover(10/50),LONG,2026-06-12 14:30:00,2026-06-12 14:45:00,29512.25,29411.0,-204.5
MA_Crossover(10/50),SHORT,2026-06-12 14:45:00,2026-06-12 15:00:00,29411.0,29634.0,-448.0
MA_Crossover(10/50),LONG,2026-06-12 15:00:00,2026-06-16 14:00:00,29634.0,30808.0,2346.0
MA_Crossover(10/50),SHORT,2026-06-16 14:00:00,2026-06-17 06:00:00,30808.0,30501.25,611.5
MA_Crossover(10/50),LONG,2026-06-17 06:00:00,2026-06-17 10:15:00,30501.25,30452.0,-100.5
MA_Crossover(10/50),SHORT,2026-06-17 10:15:00,2026-06-17 13:45:00,30452.0,30520.75,-139.5
MA_Crossover(10/50),LONG,2026-06-17 13:45:00,2026-06-17 14:00:00,30520.75,30346.0,-351.5
MA_Crossover(10/50),SHORT,2026-06-17 14:00:00,2026-06-18 01:15:00,30346.0,30429.75,-169.5
MA_Crossover(10/50),LONG,2026-06-18 01:15:00,2026-06-18 06:15:00,30429.75,30344.25,-173.0
MA_Crossover(10/50),SHORT,2026-06-18 06:15:00,2026-06-18 06:30:00,30344.25,30380.25,-74.0
MA_Crossover(10/50),LONG,2026-06-18 06:30:00,2026-06-19 03:00:00,30380.25,30593.0,423.5
MA_Crossover(10/50),SHORT,2026-06-19 03:00:00,2026-06-22 01:45:00,30593.0,30649.75,-115.5
MA_Crossover(10/50),LONG,2026-06-22 01:45:00,2026-06-22 04:15:00,30649.75,30560.25,-181.0
MA_Crossover(10/50),SHORT,2026-06-22 04:15:00,2026-06-22 05:15:00,30560.25,30654.75,-191.0
MA_Crossover(10/50),LONG,2026-06-22 05:15:00,2026-06-22 15:30:00,30654.75,30597.5,-116.5
MA_Crossover(10/50),SHORT,2026-06-22 15:30:00,2026-06-24 06:15:00,30597.5,29841.0,1511.0
MA_Crossover(10/50),LONG,2026-06-24 06:15:00,2026-06-24 11:30:00,29841.0,29755.0,-174.0
MA_Crossover(10/50),SHORT,2026-06-24 11:30:00,2026-06-24 12:00:00,29755.0,29861.0,-214.0
MA_Crossover(10/50),LONG,2026-06-24 12:00:00,2026-06-24 13:15:00,29861.0,29705.0,-314.0
MA_Crossover(10/50),SHORT,2026-06-24 13:15:00,2026-06-24 20:45:00,29705.0,30094.5,-781.0
MA_Crossover(10/50),LONG,2026-06-24 20:45:00,2026-06-25 14:00:00,30094.5,29316.75,-1557.5
MA_Crossover(10/50),SHORT,2026-06-25 14:00:00,2026-06-26 14:45:00,29316.75,29493.75,-356.0
MA_Crossover(10/50),LONG,2026-06-26 14:45:00,2026-06-26 20:00:00,29493.75,29318.0,-353.5
MA_Crossover(10/50),SHORT,2026-06-26 20:00:00,2026-06-28 23:00:00,29318.0,29558.25,-482.5
MA_Crossover(10/50),LONG,2026-06-28 23:00:00,2026-06-29 01:30:00,29558.25,29441.75,-235.0
MA_Crossover(10/50),SHORT,2026-06-29 01:30:00,2026-06-29 01:45:00,29441.75,29546.25,-211.0
MA_Crossover(10/50),LONG,2026-06-29 01:45:00,2026-06-29 02:15:00,29546.25,29397.75,-299.0
MA_Crossover(10/50),SHORT,2026-06-29 02:15:00,2026-06-29 02:45:00,29397.75,29534.75,-276.0
MA_Crossover(10/50),LONG,2026-06-29 02:45:00,2026-06-29 14:15:00,29534.75,29330.0,-411.5
MA_Crossover(10/50),SHORT,2026-06-29 14:15:00,2026-06-29 15:15:00,29330.0,29725.5,-793.0
MA_Crossover(10/50),LONG,2026-06-29 15:15:00,2026-06-30 13:30:00,29725.5,30047.0,641.0
MA_Crossover(10/50),SHORT,2026-06-30 13:30:00,2026-06-30 13:45:00,30047.0,30212.75,-333.5
MA_Crossover(10/50),LONG,2026-06-30 13:45:00,2026-07-01 06:15:00,30212.75,30408.0,388.5
MA_Crossover(10/50),SHORT,2026-07-01 06:15:00,2026-07-02 03:00:00,30408.0,30208.25,397.5
MA_Crossover(10/50),LONG,2026-07-02 03:00:00,2026-07-02 03:30:00,30208.25,30151.25,-116.0
MA_Crossover(10/50),SHORT,2026-07-02 03:30:00,2026-07-02 12:30:00,30151.25,30183.0,-65.5
MA_Crossover(10/50),LONG,2026-07-02 12:30:00,2026-07-02 14:45:00,30183.0,29810.0,-748.0
MA_Crossover(10/50),SHORT,2026-07-02 14:45:00,2026-07-03 03:00:00,29810.0,29749.75,118.5
MA_Crossover(10/50),LONG,2026-07-03 03:00:00,2026-07-06 03:45:00,29749.75,29740.25,-21.0
MA_Crossover(10/50),SHORT,2026-07-06 03:45:00,2026-07-06 04:45:00,29740.25,29826.75,-175.0
MA_Crossover(10/50),LONG,2026-07-06 04:45:00,2026-07-06 23:30:00,29826.75,29897.75,140.0
MA_Crossover(10/50),SHORT,2026-07-06 23:30:00,2026-07-08 14:45:00,29897.75,29252.25,1289.0
MA_Crossover(10/50),LONG,2026-07-08 14:45:00,2026-07-08 15:00:00,29252.25,29212.0,-82.5
MA_Crossover(10/50),SHORT,2026-07-08 15:00:00,2026-07-08 17:00:00,29212.0,29372.25,-322.5
MA_Crossover(10/50),LONG,2026-07-08 17:00:00,2026-07-10 06:15:00,29372.25,29824.75,903.0
MA_Crossover(10/50),SHORT,2026-07-10 06:15:00,2026-07-10 14:00:00,29824.75,29922.75,-198.0
MA_Crossover(10/50),LONG,2026-07-10 14:00:00,2026-07-12 23:30:00,29922.75,29888.25,-71.0
MA_Crossover(10/50),SHORT,2026-07-12 23:30:00,2026-07-14 05:45:00,29888.25,29596.5,581.5
MA_Crossover(10/50),LONG,2026-07-14 05:45:00,2026-07-15 12:15:00,29596.5,29882.25,569.5
MA_Crossover(10/50),SHORT,2026-07-15 12:15:00,2026-07-15 13:00:00,29882.25,29980.0,-197.5
MA_Crossover(10/50),LONG,2026-07-15 13:00:00,2026-07-15 13:45:00,29980.0,29833.25,-295.5
MA_Crossover(10/50),SHORT,2026-07-15 13:45:00,2026-07-16 04:15:00,29833.25,29754.5,155.5
MA_Crossover(10/50),LONG,2026-07-16 04:15:00,2026-07-16 06:45:00,29754.5,29672.25,-166.5
MA_Crossover(10/50),SHORT,2026-07-16 06:45:00,2026-07-17 16:15:00,29672.25,28939.75,1463.0
MA_Crossover(10/50),LONG,2026-07-17 16:15:00,2026-07-17 20:00:00,28939.75,28765.25,-351.0
MA_Crossover(10/50),SHORT,2026-07-17 20:00:00,2026-07-20 00:00:00,28765.25,28870.0,-211.5
MA_Crossover(10/50),LONG,2026-07-20 00:00:00,2026-07-20 06:15:00,28870.0,28783.0,-176.0
MA_Crossover(10/50),SHORT,2026-07-20 06:15:00,2026-07-20 07:45:00,28783.0,28905.5,-247.0
MA_Crossover(10/50),LONG,2026-07-20 07:45:00,2026-07-20 18:45:00,28905.5,28860.5,-92.0
MA_Crossover(10/50),SHORT,2026-07-20 18:45:00,2026-07-21 02:45:00,28860.5,28948.75,-178.5
MA_Crossover(10/50),LONG,2026-07-21 02:45:00,2026-07-22 03:15:00,28948.75,29213.25,527.0
MA_Crossover(10/50),SHORT,2026-07-22 03:15:00,2026-07-22 03:30:00,29213.25,29260.25,-96.0
MA_Crossover(10/50),LONG,2026-07-22 03:30:00,2026-07-22 03:45:00,29260.25,29224.25,-74.0
MA_Crossover(10/50),SHORT,2026-07-22 03:45:00,2026-07-22 14:30:00,29224.25,29219.25,8.0
MA_Crossover(10/50),LONG,2026-07-22 14:30:00,2026-07-22 22:15:00,29219.25,29086.0,-268.5
MA_Crossover(10/50),SHORT,2026-07-22 22:15:00,2026-07-23 01:15:00,29086.0,29268.25,-366.5
MA_Crossover(10/50),LONG,2026-07-23 01:15:00,2026-07-23 02:15:00,29268.25,29148.0,-242.5
MA_Crossover(10/50),SHORT,2026-07-23 02:15:00,2026-07-24 09:30:00,29148.0,28674.75,944.5
MA_Crossover(10/50),LONG,2026-07-24 09:30:00,2026-07-24 13:30:00,28674.75,28540.25,-271.0
MA_Crossover(10/50),SHORT,2026-07-24 13:30:00,2026-07-26 23:00:00,28540.25,28614.0,-149.5
MA_Crossover(10/50),LONG,2026-07-26 23:00:00,2026-07-27 13:45:00,28614.0,28455.0,-320.0
MA_Crossover(10/50),SHORT,2026-07-27 13:45:00,2026-07-28 16:45:00,28455.0,28032.25,843.5
MA_Crossover(10/50),LONG,2026-07-28 16:45:00,2026-07-28 18:45:00,28032.25,27938.0,-190.5
MA_Crossover(10/50),SHORT,2026-07-28 18:45:00,2026-07-28 19:00:00,27938.0,27972.25,-70.5
MA_Crossover(10/50),LONG,2026-07-28 19:00:00,2026-07-28 20:15:00,27972.25,27920.5,-105.5
MA_Crossover(10/50),SHORT,2026-07-28 20:15:00,2026-07-28 22:15:00,27920.5,27973.0,-107.0
MA_Crossover(10/50),LONG,2026-07-28 22:15:00,2026-07-28 22:30:00,27973.0,27939.0,-70.0
MA_Crossover(10/50),SHORT,2026-07-28 22:30:00,2026-07-29 00:00:00,27939.0,28102.75,-329.5
MA_Crossover(10/50),LONG,2026-07-29 00:00:00,2026-07-29 02:00:00,28102.75,27785.0,-637.5
MA_Crossover(10/50),SHORT,2026-07-29 02:00:00,2026-07-29 08:00:00,27785.0,27906.25,-244.5
MA_Crossover(10/50),LONG,2026-07-29 08:00:00,2026-07-29 08:15:00,27906.25,27881.25,-52.0
MA_Crossover(10/50),SHORT,2026-07-29 08:15:00,2026-07-29 08:45:00,27881.25,27924.5,-88.5
MA_Crossover(10/50),LONG,2026-07-29 08:45:00,2026-07-29 14:00:00,27924.5,27734.0,-383.0
MA_Crossover(10/50),SHORT,2026-07-29 14:00:00,2026-07-29 19:00:00,27734.0,28059.0,-652.0
MA_Crossover(10/50),LONG,2026-07-29 19:00:00,2026-07-29 19:45:00,28059.0,27473.5,-1173.0
MA_Crossover(10/50),SHORT,2026-07-29 19:45:00,2026-07-30 10:45:00,27473.5,27631.0,-317.0
MA_Crossover(10/50),LONG,2026-07-30 10:45:00,2026-07-31 14:00:00,27631.0,28356.0,1448.0
MA_Crossover(10/50),SHORT,2026-07-31 14:00:00,2026-07-31 19:15:00,28356.0,28433.0,-156.0
MA_Crossover(10/50),LONG,2026-07-31 19:15:00,2026-07-31 20:30:00,28433.0,28369.75,-128.5
MA_Crossover(10/50),SHORT,2026-07-31 20:30:00,2026-08-02 22:15:00,28369.75,28624.0,-510.5
MA_Crossover(10/50),LONG,2026-08-02 22:15:00,2026-08-03 08:45:00,28624.0,28536.25,-177.5
MA_Crossover(10/50),SHORT,2026-08-03 08:45:00,2026-08-03 14:30:00,28536.25,28677.5,-284.5
MA_Crossover(10/50),LONG,2026-08-03 14:30:00,2026-08-05 16:00:00,28677.5,29738.25,2119.5
MA_Crossover(10/50),SHORT,2026-08-05 16:00:00,2026-08-06 15:00:00,29738.25,29656.5,161.5
MA_Crossover(10/50),LONG,2026-08-06 15:00:00,2026-08-06 16:45:00,29656.5,29478.0,-359.0
MA_Crossover(10/50),SHORT,2026-08-06 16:45:00,2026-08-06 18:30:00,29478.0,29557.25,-160.5
MA_Crossover(10/50),LONG,2026-08-06 18:30:00,2026-08-06 19:00:00,29557.25,29515.75,-85.0
MA_Crossover(10/50),SHORT,2026-08-06 19:00:00,2026-08-06 19:15:00,29515.75,29535.5,-41.5
MA_Crossover(10/50),LONG,2026-08-06 19:15:00,2026-08-06 19:30:00,29535.5,29508.0,-57.0
MA_Crossover(10/50),SHORT,2026-08-06 19:30:00,2026-08-06 22:30:00,29508.0,29549.0,-84.0
MA_Crossover(10/50),LONG,2026-08-06 22:30:00,2026-08-07 02:30:00,29549.0,29526.5,-47.0
MA_Crossover(10/50),SHORT,2026-08-07 02:30:00,2026-08-07 06:15:00,29526.5,29557.5,-64.0
MA_Crossover(10/50),LONG,2026-08-07 06:15:00,2026-08-10 12:30:00,29557.5,29823.25,529.5
MA_Crossover(10/50),SHORT,2026-08-10 12:30:00,2026-08-11 02:00:00,29823.25,29819.0,6.5
MA_Crossover(10/50),LONG,2026-08-11 02:00:00,2026-08-11 07:00:00,29819.0,29755.25,-129.5
MA_Crossover(10/50),SHORT,2026-08-11 07:00:00,2026-08-11 11:15:00,29755.25,29871.0,-233.5
MA_Crossover(10/50),LONG,2026-08-11 11:15:00,2026-08-11 14:00:00,29871.0,29732.25,-279.5
MA_Crossover(10/50),SHORT,2026-08-11 14:00:00,2026-08-12 03:15:00,29732.25,29706.25,50.0
MA_Crossover(10/50),LONG,2026-08-12 03:15:00,2026-08-12 22:00:00,29706.25,29826.0,237.5
MA_Crossover(10/50),SHORT,2026-08-12 22:00:00,2026-08-13 02:15:00,29826.0,29861.75,-73.5
MA_Crossover(10/50),LONG,2026-08-13 02:15:00,2026-08-13 09:15:00,29861.75,29832.5,-60.5
MA_Crossover(10/50),SHORT,2026-08-13 09:15:00,2026-08-13 10:15:00,29832.5,29875.5,-88.0
MA_Crossover(10/50),LONG,2026-08-13 10:15:00,2026-08-13 12:30:00,29875.5,29848.75,-55.5
MA_Crossover(10/50),SHORT,2026-08-13 12:30:00,2026-08-13 13:00:00,29848.75,29881.25,-67.0
Donchian_Breakout(20),SHORT,2026-06-01 12:15:00,2026-06-01 15:45:00,30422.75,30538.25,-233.0
Donchian_Breakout(20),LONG,2026-06-01 15:45:00,2026-06-01 22:45:00,30538.25,30445.5,-187.5
Donchian_Breakout(20),SHORT,2026-06-01 22:45:00,2026-06-02 05:30:00,30445.5,30471.75,-54.5
Donchian_Breakout(20),LONG,2026-06-02 05:30:00,2026-06-02 13:15:00,30471.75,30493.25,41.0
Donchian_Breakout(20),SHORT,2026-06-02 13:15:00,2026-06-02 14:00:00,30493.25,30603.0,-221.5
Donchian_Breakout(20),LONG,2026-06-02 14:00:00,2026-06-03 13:45:00,30603.0,30624.25,40.5
Donchian_Breakout(20),SHORT,2026-06-03 13:45:00,2026-06-04 07:00:00,30624.25,30530.0,186.5
Donchian_Breakout(20),LONG,2026-06-04 07:00:00,2026-06-04 08:15:00,30530.0,30405.0,-252.0
Donchian_Breakout(20),SHORT,2026-06-04 08:15:00,2026-06-04 15:15:00,30405.0,30451.0,-94.0
Donchian_Breakout(20),LONG,2026-06-04 15:15:00,2026-06-04 22:15:00,30451.0,30369.75,-164.5
Donchian_Breakout(20),SHORT,2026-06-04 22:15:00,2026-06-08 08:00:00,30369.75,29255.25,2227.0
Donchian_Breakout(20),LONG,2026-06-08 08:00:00,2026-06-08 22:15:00,29255.25,29360.25,208.0
Donchian_Breakout(20),SHORT,2026-06-08 22:15:00,2026-06-09 01:45:00,29360.25,29501.5,-284.5
Donchian_Breakout(20),LONG,2026-06-09 01:45:00,2026-06-09 14:15:00,29501.5,29491.5,-22.0
Donchian_Breakout(20),SHORT,2026-06-09 14:15:00,2026-06-10 13:45:00,29491.5,29077.5,826.0
Donchian_Breakout(20),LONG,2026-06-10 13:45:00,2026-06-10 17:45:00,29077.5,28623.25,-910.5
Donchian_Breakout(20),SHORT,2026-06-10 17:45:00,2026-06-11 01:15:00,28623.25,28712.0,-179.5
Donchian_Breakout(20),LONG,2026-06-11 01:15:00,2026-06-11 12:30:00,28712.0,28747.0,68.0
Donchian_Breakout(20),SHORT,2026-06-11 12:30:00,2026-06-11 17:30:00,28747.0,29086.75,-681.5
Donchian_Breakout(20),LONG,2026-06-11 17:30:00,2026-06-12 06:00:00,29086.75,29401.75,628.0
Donchian_Breakout(20),SHORT,2026-06-12 06:00:00,2026-06-12 09:30:00,29401.75,29611.75,-422.0
Donchian_Breakout(20),LONG,2026-06-12 09:30:00,2026-06-12 13:45:00,29611.75,29282.75,-660.0
Donchian_Breakout(20),SHORT,2026-06-12 13:45:00,2026-06-12 15:15:00,29282.75,29696.25,-829.0
Donchian_Breakout(20),LONG,2026-06-12 15:15:00,2026-06-15 22:15:00,29696.25,30797.75,2201.0
Donchian_Breakout(20),SHORT,2026-06-15 22:15:00,2026-06-16 08:15:00,30797.75,30871.5,-149.5
Donchian_Breakout(20),LONG,2026-06-16 08:15:00,2026-06-16 14:30:00,30871.5,30682.25,-380.5
Donchian_Breakout(20),SHORT,2026-06-16 14:30:00,2026-06-17 02:00:00,30682.25,30447.25,468.0
Donchian_Breakout(20),LONG,2026-06-17 02:00:00,2026-06-17 12:00:00,30447.25,30416.75,-63.0
Donchian_Breakout(20),SHORT,2026-06-17 12:00:00,2026-06-18 08:00:00,30416.75,30445.25,-59.0
Donchian_Breakout(20),LONG,2026-06-18 08:00:00,2026-06-19 00:15:00,30445.25,30645.5,398.5
Donchian_Breakout(20),SHORT,2026-06-19 00:15:00,2026-06-22 01:30:00,30645.5,30650.0,-11.0
Donchian_Breakout(20),LONG,2026-06-22 01:30:00,2026-06-22 14:45:00,30650.0,30626.25,-49.5
Donchian_Breakout(20),SHORT,2026-06-22 14:45:00,2026-06-23 14:15:00,30626.25,30001.5,1247.5
Donchian_Breakout(20),LONG,2026-06-23 14:15:00,2026-06-24 13:15:00,30001.5,29705.0,-595.0
Donchian_Breakout(20),SHORT,2026-06-24 13:15:00,2026-06-24 15:00:00,29705.0,29891.0,-374.0
Donchian_Breakout(20),LONG,2026-06-24 15:00:00,2026-06-24 17:30:00,29891.0,29411.5,-961.0
Donchian_Breakout(20),SHORT,2026-06-24 17:30:00,2026-06-24 20:30:00,29411.5,30009.0,-1197.0
Donchian_Breakout(20),LONG,2026-06-24 20:30:00,2026-06-25 13:45:00,30009.0,29768.25,-483.5
Donchian_Breakout(20),SHORT,2026-06-25 13:45:00,2026-06-26 07:30:00,29768.25,29538.5,457.5
Donchian_Breakout(20),LONG,2026-06-26 07:30:00,2026-06-26 13:15:00,29538.5,29278.25,-522.5
Donchian_Breakout(20),SHORT,2026-06-26 13:15:00,2026-06-26 14:15:00,29278.25,29588.25,-622.0
Donchian_Breakout(20),LONG,2026-06-26 14:15:00,2026-06-26 20:00:00,29588.25,29318.0,-542.5
Donchian_Breakout(20),SHORT,2026-06-26 20:00:00,2026-06-29 05:45:00,29318.0,29620.25,-606.5
Donchian_Breakout(20),LONG,2026-06-29 05:45:00,2026-06-29 14:15:00,29620.25,29330.0,-582.5
Donchian_Breakout(20),SHORT,2026-06-29 14:15:00,2026-06-29 16:15:00,29330.0,29849.25,-1040.5
Donchian_Breakout(20),LONG,2026-06-29 16:15:00,2026-06-30 00:45:00,29849.25,29942.25,184.0
Donchian_Breakout(20),SHORT,2026-06-30 00:45:00,2026-06-30 03:45:00,29942.25,30116.0,-349.5
Donchian_Breakout(20),LONG,2026-06-30 03:45:00,2026-06-30 08:45:00,30116.0,30047.75,-138.5
Donchian_Breakout(20),SHORT,2026-06-30 08:45:00,2026-06-30 13:45:00,30047.75,30212.75,-332.0
Donchian_Breakout(20),LONG,2026-06-30 13:45:00,2026-07-01 02:00:00,30212.75,30453.5,479.5
Donchian_Breakout(20),SHORT,2026-07-01 02:00:00,2026-07-02 11:45:00,30453.5,30058.0,789.0
Donchian_Breakout(20),LONG,2026-07-02 11:45:00,2026-07-02 14:45:00,30058.0,29810.0,-498.0
Donchian_Breakout(20),SHORT,2026-07-02 14:45:00,2026-07-02 22:45:00,29810.0,29620.5,377.0
Donchian_Breakout(20),LONG,2026-07-02 22:45:00,2026-07-06 02:45:00,29620.5,29700.5,158.0
Donchian_Breakout(20),SHORT,2026-07-06 02:45:00,2026-07-06 12:15:00,29700.5,29932.25,-465.5
Donchian_Breakout(20),LONG,2026-07-06 12:15:00,2026-07-07 00:00:00,29932.25,29851.0,-164.5
Donchian_Breakout(20),SHORT,2026-07-07 00:00:00,2026-07-08 01:00:00,29851.0,29543.75,612.5
Donchian_Breakout(20),LONG,2026-07-08 01:00:00,2026-07-08 05:45:00,29543.75,29351.75,-386.0
Donchian_Breakout(20),SHORT,2026-07-08 05:45:00,2026-07-08 13:45:00,29351.75,29349.5,2.5
Donchian_Breakout(20),LONG,2026-07-08 13:45:00,2026-07-10 00:15:00,29349.5,29895.25,1089.5
Donchian_Breakout(20),SHORT,2026-07-10 00:15:00,2026-07-10 11:15:00,29895.25,29875.25,38.0
Donchian_Breakout(20),LONG,2026-07-10 11:15:00,2026-07-12 22:15:00,29875.25,29866.25,-20.0
Donchian_Breakout(20),SHORT,2026-07-12 22:15:00,2026-07-13 09:00:00,29866.25,29747.5,235.5
Donchian_Breakout(20),LONG,2026-07-13 09:00:00,2026-07-13 13:45:00,29747.5,29596.25,-304.5
Donchian_Breakout(20),SHORT,2026-07-13 13:45:00,2026-07-14 05:15:00,29596.25,29546.25,98.0
Donchian_Breakout(20),LONG,2026-07-14 05:15:00,2026-07-15 08:15:00,29546.25,29918.25,742.0
Donchian_Breakout(20),SHORT,2026-07-15 08:15:00,2026-07-16 00:15:00,29918.25,29753.0,328.5
Donchian_Breakout(20),LONG,2026-07-16 00:15:00,2026-07-16 07:45:00,29753.0,29571.25,-365.5
Donchian_Breakout(20),SHORT,2026-07-16 07:45:00,2026-07-17 16:00:00,29571.25,28934.0,1272.5
Donchian_Breakout(20),LONG,2026-07-17 16:00:00,2026-07-20 15:00:00,28934.0,28891.75,-86.5
Donchian_Breakout(20),SHORT,2026-07-20 15:00:00,2026-07-21 01:15:00,28891.75,28904.5,-27.5
Donchian_Breakout(20),LONG,2026-07-21 01:15:00,2026-07-21 22:30:00,28904.5,29270.0,729.0
Donchian_Breakout(20),SHORT,2026-07-21 22:30:00,2026-07-22 13:45:00,29270.0,29179.25,179.5
Donchian_Breakout(20),LONG,2026-07-22 13:45:00,2026-07-22 20:00:00,29179.25,29160.5,-39.5
Donchian_Breakout(20),SHORT,2026-07-22 20:00:00,2026-07-23 20:30:00,29160.5,28768.5,782.0
Donchian_Breakout(20),LONG,2026-07-23 20:30:00,2026-07-24 02:45:00,28768.5,28548.0,-443.0
Donchian_Breakout(20),SHORT,2026-07-24 02:45:00,2026-07-24 07:15:00,28548.0,28637.5,-181.0
Donchian_Breakout(20),LONG,2026-07-24 07:15:00,2026-07-24 13:30:00,28637.5,28540.25,-196.5
Donchian_Breakout(20),SHORT,2026-07-24 13:30:00,2026-07-26 22:30:00,28540.25,28623.5,-168.5
Donchian_Breakout(20),LONG,2026-07-26 22:30:00,2026-07-27 11:30:00,28623.5,28651.5,54.0
Donchian_Breakout(20),SHORT,2026-07-27 11:30:00,2026-07-28 16:00:00,28651.5,28047.5,1206.0
Donchian_Breakout(20),LONG,2026-07-28 16:00:00,2026-07-28 22:45:00,28047.5,27861.75,-373.5
Donchian_Breakout(20),SHORT,2026-07-28 22:45:00,2026-07-29 00:00:00,27861.75,28102.75,-484.0
Donchian_Breakout(20),LONG,2026-07-29 00:00:00,2026-07-29 04:00:00,28102.75,27700.0,-807.5
Donchian_Breakout(20),SHORT,2026-07-29 04:00:00,2026-07-29 07:00:00,27700.0,27928.0,-458.0
Donchian_Breakout(20),LONG,2026-07-29 07:00:00,2026-07-29 14:00:00,27928.0,27734.0,-390.0
Donchian_Breakout(20),SHORT,2026-07-29 14:00:00,2026-07-29 19:00:00,27734.0,28059.0,-652.0
Donchian_Breakout(20),LONG,2026-07-29 19:00:00,2026-07-29 20:00:00,28059.0,27336.25,-1447.5
Donchian_Breakout(20),SHORT,2026-07-29 20:00:00,2026-07-30 10:30:00,27336.25,27615.75,-561.0
Donchian_Breakout(20),LONG,2026-07-30 10:30:00,2026-07-31 13:45:00,27615.75,28420.0,1606.5
Donchian_Breakout(20),SHORT,2026-07-31 13:45:00,2026-08-02 22:15:00,28420.0,28624.0,-410.0
Donchian_Breakout(20),LONG,2026-08-02 22:15:00,2026-08-03 07:00:00,28624.0,28594.75,-60.5
Donchian_Breakout(20),SHORT,2026-08-03 07:00:00,2026-08-03 14:00:00,28594.75,28623.75,-60.0
Donchian_Breakout(20),LONG,2026-08-03 14:00:00,2026-08-04 01:15:00,28623.75,28859.25,469.0
Donchian_Breakout(20),SHORT,2026-08-04 01:15:00,2026-08-04 02:00:00,28859.25,29041.75,-367.0
Donchian_Breakout(20),LONG,2026-08-04 02:00:00,2026-08-05 08:30:00,29041.75,29836.5,1587.5
Donchian_Breakout(20),SHORT,2026-08-05 08:30:00,2026-08-05 13:30:00,29836.5,29975.25,-279.5
Donchian_Breakout(20),LONG,2026-08-05 13:30:00,2026-08-05 16:00:00,29975.25,29738.25,-476.0
Donchian_Breakout(20),SHORT,2026-08-05 16:00:00,2026-08-06 14:15:00,29738.25,29607.5,259.5
Donchian_Breakout(20),LONG,2026-08-06 14:15:00,2026-08-07 14:15:00,29607.5,29585.0,-47.0
Donchian_Breakout(20),SHORT,2026-08-07 14:15:00,2026-08-09 23:15:00,29585.0,29860.5,-553.0
Donchian_Breakout(20),LONG,2026-08-09 23:15:00,2026-08-10 11:15:00,29860.5,29875.75,28.5
Donchian_Breakout(20),SHORT,2026-08-10 11:15:00,2026-08-11 01:15:00,29875.75,29825.25,99.0
Donchian_Breakout(20),LONG,2026-08-11 01:15:00,2026-08-11 06:30:00,29825.25,29770.5,-111.5
Donchian_Breakout(20),SHORT,2026-08-11 06:30:00,2026-08-11 11:15:00,29770.5,29871.0,-203.0
Donchian_Breakout(20),LONG,2026-08-11 11:15:00,2026-08-11 17:15:00,29871.0,29578.25,-587.5
Donchian_Breakout(20),SHORT,2026-08-11 17:15:00,2026-08-12 02:45:00,29578.25,29688.0,-221.5
Donchian_Breakout(20),LONG,2026-08-12 02:45:00,2026-08-12 22:00:00,29688.0,29826.0,274.0
Donchian_Breakout(20),SHORT,2026-08-12 22:00:00,2026-08-13 02:45:00,29826.0,29873.75,-97.5
Donchian_Breakout(20),LONG,2026-08-13 02:45:00,2026-08-13 08:15:00,29873.75,29838.0,-73.5
Donchian_Breakout(20),SHORT,2026-08-13 08:15:00,2026-08-13 13:15:00,29838.0,29908.75,-143.5
MACD_Momentum(12/26/9),LONG,2026-06-01 10:45:00,2026-06-01 12:15:00,30500.75,30422.75,-158.0
MACD_Momentum(12/26/9),SHORT,2026-06-01 12:15:00,2026-06-01 12:45:00,30422.75,30485.75,-128.0
MACD_Momentum(12/26/9),LONG,2026-06-01 12:45:00,2026-06-01 13:15:00,30485.75,30347.75,-278.0
MACD_Momentum(12/26/9),SHORT,2026-06-01 13:15:00,2026-06-01 15:00:00,30347.75,30437.0,-180.5
MACD_Momentum(12/26/9),LONG,2026-06-01 15:00:00,2026-06-01 20:00:00,30437.0,30571.0,266.0
MACD_Momentum(12/26/9),SHORT,2026-06-01 20:00:00,2026-06-02 04:00:00,30571.0,30383.75,372.5
MACD_Momentum(12/26/9),LONG,2026-06-02 04:00:00,2026-06-02 10:45:00,30383.75,30538.0,306.5
MACD_Momentum(12/26/9),SHORT,2026-06-02 10:45:00,2026-06-02 14:15:00,30538.0,30634.0,-194.0
MACD_Momentum(12/26/9),LONG,2026-06-02 14:15:00,2026-06-02 17:45:00,30634.0,30635.0,0.0
MACD_Momentum(12/26/9),SHORT,2026-06-02 17:45:00,2026-06-02 20:15:00,30635.0,30738.75,-209.5
MACD_Momentum(12/26/9),LONG,2026-06-02 20:15:00,2026-06-02 23:00:00,30738.75,30705.0,-69.5
MACD_Momentum(12/26/9),SHORT,2026-06-02 23:00:00,2026-06-03 04:15:00,30705.0,30723.5,-39.0
MACD_Momentum(12/26/9),LONG,2026-06-03 04:15:00,2026-06-03 05:45:00,30723.5,30694.25,-60.5
MACD_Momentum(12/26/9),SHORT,2026-06-03 05:45:00,2026-06-03 07:15:00,30694.25,30729.75,-73.0
MACD_Momentum(12/26/9),LONG,2026-06-03 07:15:00,2026-06-03 07:45:00,30729.75,30703.75,-54.0
MACD_Momentum(12/26/9),SHORT,2026-06-03 07:45:00,2026-06-03 08:00:00,30703.75,30722.75,-40.0
MACD_Momentum(12/26/9),LONG,2026-06-03 08:00:00,2026-06-03 12:45:00,30722.75,30725.75,4.0
MACD_Momentum(12/26/9),SHORT,2026-06-03 12:45:00,2026-06-03 18:00:00,30725.75,30643.25,163.0
MACD_Momentum(12/26/9),LONG,2026-06-03 18:00:00,2026-06-03 20:45:00,30643.25,30501.5,-285.5
MACD_Momentum(12/26/9),SHORT,2026-06-03 20:45:00,2026-06-04 00:45:00,30501.5,30497.0,7.0
MACD_Momentum(12/26/9),LONG,2026-06-04 00:45:00,2026-06-04 08:15:00,30497.0,30405.0,-186.0
MACD_Momentum(12/26/9),SHORT,2026-06-04 08:15:00,2026-06-04 12:45:00,30405.0,30308.75,190.5
MACD_Momentum(12/26/9),LONG,2026-06-04 12:45:00,2026-06-04 20:00:00,30308.75,30485.5,351.5
MACD_Momentum(12/26/9),SHORT,2026-06-04 20:00:00,2026-06-05 02:30:00,30485.5,30233.0,503.0
MACD_Momentum(12/26/9),LONG,2026-06-05 02:30:00,2026-06-05 07:00:00,30233.0,30124.25,-219.5
MACD_Momentum(12/26/9),SHORT,2026-06-05 07:00:00,2026-06-05 08:00:00,30124.25,30151.25,-56.0
MACD_Momentum(12/26/9),LONG,2026-06-05 08:00:00,2026-06-05 12:00:00,30151.25,30147.5,-9.5
MACD_Momentum(12/26/9),SHORT,2026-06-05 12:00:00,2026-06-07 22:30:00,30147.5,28969.25,2354.5
MACD_Momentum(12/26/9),LONG,2026-06-07 22:30:00,2026-06-08 05:00:00,28969.25,29089.75,239.0
MACD_Momentum(12/26/9),SHORT,2026-06-08 05:00:00,2026-06-08 07:15:00,29089.75,29143.25,-109.0
MACD_Momentum(12/26/9),LONG,2026-06-08 07:15:00,2026-06-08 14:15:00,29143.25,29441.0,593.5
MACD_Momentum(12/26/9),SHORT,2026-06-08 14:15:00,2026-06-08 14:30:00,29441.0,29517.0,-154.0
MACD_Momentum(12/26/9),LONG,2026-06-08 14:30:00,2026-06-08 16:30:00,29517.0,29587.5,139.0
MACD_Momentum(12/26/9),SHORT,2026-06-08 16:30:00,2026-06-09 00:00:00,29587.5,29425.75,321.5
MACD_Momentum(12/26/9),LONG,2026-06-09 00:00:00,2026-06-09 00:15:00,29425.75,29362.25,-129.0
MACD_Momentum(12/26/9),SHORT,2026-06-09 00:15:00,2026-06-09 01:30:00,29362.25,29457.0,-191.5
MACD_Momentum(12/26/9),LONG,2026-06-09 01:30:00,2026-06-09 07:30:00,29457.0,29612.75,309.5
MACD_Momentum(12/26/9),SHORT,2026-06-09 07:30:00,2026-06-09 13:30:00,29612.75,29737.0,-250.5
MACD_Momentum(12/26/9),LONG,2026-06-09 13:30:00,2026-06-09 14:00:00,29737.0,29672.75,-130.5
MACD_Momentum(12/26/9),SHORT,2026-06-09 14:00:00,2026-06-09 18:15:00,29672.75,28861.75,1620.0
MACD_Momentum(12/26/9),LONG,2026-06-09 18:15:00,2026-06-10 02:15:00,28861.75,29000.25,275.0
MACD_Momentum(12/26/9),SHORT,2026-06-10 02:15:00,2026-06-10 06:15:00,29000.25,28975.0,48.5
MACD_Momentum(12/26/9),LONG,2026-06-10 06:15:00,2026-06-10 08:15:00,28975.0,28876.25,-199.5
MACD_Momentum(12/26/9),SHORT,2026-06-10 08:15:00,2026-06-10 11:00:00,28876.25,28831.5,87.5
MACD_Momentum(12/26/9),LONG,2026-06-10 11:00:00,2026-06-10 11:15:00,28831.5,28736.0,-193.0
MACD_Momentum(12/26/9),SHORT,2026-06-10 11:15:00,2026-06-10 12:45:00,28736.0,28919.5,-369.0
MACD_Momentum(12/26/9),LONG,2026-06-10 12:45:00,2026-06-10 15:30:00,28919.5,28790.75,-259.5
MACD_Momentum(12/26/9),SHORT,2026-06-10 15:30:00,2026-06-11 00:15:00,28790.75,28391.5,796.5
MACD_Momentum(12/26/9),LONG,2026-06-11 00:15:00,2026-06-11 09:45:00,28391.5,28883.25,981.5
MACD_Momentum(12/26/9),SHORT,2026-06-11 09:45:00,2026-06-11 16:15:00,28883.25,28953.0,-141.5
MACD_Momentum(12/26/9),LONG,2026-06-11 16:15:00,2026-06-11 17:15:00,28953.0,28742.75,-422.5
MACD_Momentum(12/26/9),SHORT,2026-06-11 17:15:00,2026-06-11 17:30:00,28742.75,29086.75,-690.0
MACD_Momentum(12/26/9),LONG,2026-06-11 17:30:00,2026-06-11 23:30:00,29086.75,29521.25,867.0
MACD_Momentum(12/26/9),SHORT,2026-06-11 23:30:00,2026-06-12 08:30:00,29521.25,29531.25,-22.0
MACD_Momentum(12/26/9),LONG,2026-06-12 08:30:00,2026-06-12 12:30:00,29531.25,29532.0,-0.5
MACD_Momentum(12/26/9),SHORT,2026-06-12 12:30:00,2026-06-12 15:00:00,29532.0,29634.0,-206.0
MACD_Momentum(12/26/9),LONG,2026-06-12 15:00:00,2026-06-12 19:30:00,29634.0,29660.0,50.0
MACD_Momentum(12/26/9),SHORT,2026-06-12 19:30:00,2026-06-14 22:15:00,29660.0,30062.75,-807.5
MACD_Momentum(12/26/9),LONG,2026-06-14 22:15:00,2026-06-15 02:15:00,30062.75,30186.75,246.0
MACD_Momentum(12/26/9),SHORT,2026-06-15 02:15:00,2026-06-15 07:45:00,30186.75,30555.75,-740.0
MACD_Momentum(12/26/9),LONG,2026-06-15 07:45:00,2026-06-15 10:15:00,30555.75,30561.75,10.0
MACD_Momentum(12/26/9),SHORT,2026-06-15 10:15:00,2026-06-15 14:15:00,30561.75,30728.75,-336.0
MACD_Momentum(12/26/9),LONG,2026-06-15 14:15:00,2026-06-15 17:15:00,30728.75,30854.5,249.5
MACD_Momentum(12/26/9),SHORT,2026-06-15 17:15:00,2026-06-16 03:45:00,30854.5,30846.0,15.0
MACD_Momentum(12/26/9),LONG,2026-06-16 03:45:00,2026-06-16 07:45:00,30846.0,30809.75,-74.5
MACD_Momentum(12/26/9),SHORT,2026-06-16 07:45:00,2026-06-16 08:00:00,30809.75,30841.25,-65.0
MACD_Momentum(12/26/9),LONG,2026-06-16 08:00:00,2026-06-16 12:30:00,30841.25,30863.25,42.0
MACD_Momentum(12/26/9),SHORT,2026-06-16 12:30:00,2026-06-16 18:30:00,30863.25,30471.25,782.0
MACD_Momentum(12/26/9),LONG,2026-06-16 18:30:00,2026-06-16 20:00:00,30471.25,30310.0,-324.5
MACD_Momentum(12/26/9),SHORT,2026-06-16 20:00:00,2026-06-16 22:15:00,30310.0,30363.75,-109.5
MACD_Momentum(12/26/9),LONG,2026-06-16 22:15:00,2026-06-17 08:45:00,30363.75,30485.25,241.0
MACD_Momentum(12/26/9),SHORT,2026-06-17 08:45:00,2026-06-17 13:00:00,30485.25,30491.25,-14.0
MACD_Momentum(12/26/9),LONG,2026-06-17 13:00:00,2026-06-17 14:00:00,30491.25,30346.0,-292.5
MACD_Momentum(12/26/9),SHORT,2026-06-17 14:00:00,2026-06-17 16:30:00,30346.0,30457.25,-224.5
MACD_Momentum(12/26/9),LONG,2026-06-17 16:30:00,2026-06-17 17:00:00,30457.25,30408.25,-100.0
MACD_Momentum(12/26/9),SHORT,2026-06-17 17:00:00,2026-06-17 18:00:00,30408.25,30465.5,-116.5
MACD_Momentum(12/26/9),LONG,2026-06-17 18:00:00,2026-06-17 18:15:00,30465.5,30255.25,-422.5
MACD_Momentum(12/26/9),SHORT,2026-06-17 18:15:00,2026-06-17 22:30:00,30255.25,30225.5,57.5
MACD_Momentum(12/26/9),LONG,2026-06-17 22:30:00,2026-06-18 04:15:00,30225.5,30358.5,264.0
MACD_Momentum(12/26/9),SHORT,2026-06-18 04:15:00,2026-06-18 07:00:00,30358.5,30419.5,-124.0
MACD_Momentum(12/26/9),LONG,2026-06-18 07:00:00,2026-06-18 11:00:00,30419.5,30435.75,30.5
MACD_Momentum(12/26/9),SHORT,2026-06-18 11:00:00,2026-06-18 13:00:00,30435.75,30514.0,-158.5
MACD_Momentum(12/26/9),LONG,2026-06-18 13:00:00,2026-06-18 18:45:00,30514.0,30676.5,323.0
MACD_Momentum(12/26/9),SHORT,2026-06-18 18:45:00,2026-06-22 00:30:00,30676.5,30565.0,221.0
MACD_Momentum(12/26/9),LONG,2026-06-22 00:30:00,2026-06-22 04:15:00,30565.0,30560.25,-11.5
MACD_Momentum(12/26/9),SHORT,2026-06-22 04:15:00,2026-06-22 05:15:00,30560.25,30654.75,-191.0
MACD_Momentum(12/26/9),LONG,2026-06-22 05:15:00,2026-06-22 09:00:00,30654.75,30730.75,150.0
MACD_Momentum(12/26/9),SHORT,2026-06-22 09:00:00,2026-06-22 12:30:00,30730.75,30825.0,-190.5
MACD_Momentum(12/26/9),LONG,2026-06-22 12:30:00,2026-06-22 14:45:00,30825.0,30626.25,-399.5
MACD_Momentum(12/26/9),SHORT,2026-06-22 14:45:00,2026-06-22 18:30:00,30626.25,30627.75,-5.0
MACD_Momentum(12/26/9),LONG,2026-06-22 18:30:00,2026-06-22 19:30:00,30627.75,30552.5,-152.5
MACD_Momentum(12/26/9),SHORT,2026-06-22 19:30:00,2026-06-22 19:45:00,30552.5,30564.75,-26.5
MACD_Momentum(12/26/9),LONG,2026-06-22 19:45:00,2026-06-22 23:15:00,30564.75,30559.75,-12.0
MACD_Momentum(12/26/9),SHORT,2026-06-22 23:15:00,2026-06-23 01:00:00,30559.75,30602.75,-88.0
MACD_Momentum(12/26/9),LONG,2026-06-23 01:00:00,2026-06-23 01:45:00,30602.75,30471.25,-265.0
MACD_Momentum(12/26/9),SHORT,2026-06-23 01:45:00,2026-06-23 09:30:00,30471.25,29917.75,1105.0
MACD_Momentum(12/26/9),LONG,2026-06-23 09:30:00,2026-06-23 18:15:00,29917.75,29744.75,-348.0
MACD_Momentum(12/26/9),SHORT,2026-06-23 18:15:00,2026-06-23 20:45:00,29744.75,29729.5,28.5
MACD_Momentum(12/26/9),LONG,2026-06-23 20:45:00,2026-06-23 23:15:00,29729.5,29653.25,-154.5
MACD_Momentum(12/26/9),SHORT,2026-06-23 23:15:00,2026-06-23 23:30:00,29653.25,29683.0,-61.5
MACD_Momentum(12/26/9),LONG,2026-06-23 23:30:00,2026-06-24 03:00:00,29683.0,29638.5,-91.0
MACD_Momentum(12/26/9),SHORT,2026-06-24 03:00:00,2026-06-24 05:15:00,29638.5,29816.5,-358.0
MACD_Momentum(12/26/9),LONG,2026-06-24 05:15:00,2026-06-24 08:00:00,29816.5,29771.25,-92.5
MACD_Momentum(12/26/9),SHORT,2026-06-24 08:00:00,2026-06-24 08:15:00,29771.25,29857.5,-174.5
MACD_Momentum(12/26/9),LONG,2026-06-24 08:15:00,2026-06-24 09:30:00,29857.5,29806.75,-103.5
MACD_Momentum(12/26/9),SHORT,2026-06-24 09:30:00,2026-06-24 12:15:00,29806.75,29846.5,-81.5
MACD_Momentum(12/26/9),LONG,2026-06-24 12:15:00,2026-06-24 13:00:00,29846.5,29764.25,-166.5
MACD_Momentum(12/26/9),SHORT,2026-06-24 13:00:00,2026-06-24 15:00:00,29764.25,29891.0,-255.5
MACD_Momentum(12/26/9),LONG,2026-06-24 15:00:00,2026-06-24 16:45:00,29891.0,29640.25,-503.5
MACD_Momentum(12/26/9),SHORT,2026-06-24 16:45:00,2026-06-24 20:15:00,29640.25,29884.0,-489.5
MACD_Momentum(12/26/9),LONG,2026-06-24 20:15:00,2026-06-25 01:00:00,29884.0,29967.5,165.0
MACD_Momentum(12/26/9),SHORT,2026-06-25 01:00:00,2026-06-25 05:45:00,29967.5,30105.5,-278.0
MACD_Momentum(12/26/9),LONG,2026-06-25 05:45:00,2026-06-25 07:00:00,30105.5,30106.5,0.0
MACD_Momentum(12/26/9),SHORT,2026-06-25 07:00:00,2026-06-25 07:15:00,30106.5,30126.25,-41.5
MACD_Momentum(12/26/9),LONG,2026-06-25 07:15:00,2026-06-25 09:00:00,30126.25,30121.0,-12.5
MACD_Momentum(12/26/9),SHORT,2026-06-25 09:00:00,2026-06-25 16:30:00,30121.0,29765.0,710.0
MACD_Momentum(12/26/9),LONG,2026-06-25 16:30:00,2026-06-25 22:30:00,29765.0,29617.75,-296.5
MACD_Momentum(12/26/9),SHORT,2026-06-25 22:30:00,2026-06-25 23:15:00,29617.75,29743.0,-252.5
MACD_Momentum(12/26/9),LONG,2026-06-25 23:15:00,2026-06-26 01:00:00,29743.0,29638.0,-212.0
MACD_Momentum(12/26/9),SHORT,2026-06-26 01:00:00,2026-06-26 05:15:00,29638.0,29349.25,575.5
MACD_Momentum(12/26/9),LONG,2026-06-26 05:15:00,2026-06-26 10:00:00,29349.25,29372.5,44.5
MACD_Momentum(12/26/9),SHORT,2026-06-26 10:00:00,2026-06-26 12:15:00,29372.5,29420.5,-98.0
MACD_Momentum(12/26/9),LONG,2026-06-26 12:15:00,2026-06-26 12:45:00,29420.5,29324.25,-194.5
MACD_Momentum(12/26/9),SHORT,2026-06-26 12:45:00,2026-06-26 14:00:00,29324.25,29444.0,-241.5
MACD_Momentum(12/26/9),LONG,2026-06-26 14:00:00,2026-06-26 18:00:00,29444.0,29545.25,200.5
MACD_Momentum(12/26/9),SHORT,2026-06-26 18:00:00,2026-06-28 22:30:00,29545.25,29560.75,-33.0
MACD_Momentum(12/26/9),LONG,2026-06-28 22:30:00,2026-06-29 00:30:00,29560.75,29380.0,-363.5
MACD_Momentum(12/26/9),SHORT,2026-06-29 00:30:00,2026-06-29 03:15:00,29380.0,29543.75,-329.5
MACD_Momentum(12/26/9),LONG,2026-06-29 03:15:00,2026-06-29 05:30:00,29543.75,29534.5,-20.5
MACD_Momentum(12/26/9),SHORT,2026-06-29 05:30:00,2026-06-29 05:45:00,29534.5,29620.25,-173.5
MACD_Momentum(12/26/9),LONG,2026-06-29 05:45:00,2026-06-29 09:30:00,29620.25,29680.0,117.5
MACD_Momentum(12/26/9),SHORT,2026-06-29 09:30:00,2026-06-29 10:45:00,29680.0,29726.25,-94.5
MACD_Momentum(12/26/9),LONG,2026-06-29 10:45:00,2026-06-29 11:45:00,29726.25,29709.0,-36.5
MACD_Momentum(12/26/9),SHORT,2026-06-29 11:45:00,2026-06-29 15:30:00,29709.0,29770.0,-124.0
MACD_Momentum(12/26/9),LONG,2026-06-29 15:30:00,2026-06-29 20:15:00,29770.0,30025.5,509.0
MACD_Momentum(12/26/9),SHORT,2026-06-29 20:15:00,2026-06-30 03:45:00,30025.5,30116.0,-183.0
MACD_Momentum(12/26/9),LONG,2026-06-30 03:45:00,2026-06-30 06:30:00,30116.0,30142.75,51.5
MACD_Momentum(12/26/9),SHORT,2026-06-30 06:30:00,2026-06-30 11:00:00,30142.75,30141.25,1.0
MACD_Momentum(12/26/9),LONG,2026-06-30 11:00:00,2026-06-30 12:30:00,30141.25,30037.5,-209.5
MACD_Momentum(12/26/9),SHORT,2026-06-30 12:30:00,2026-06-30 13:45:00,30037.5,30212.75,-352.5
MACD_Momentum(12/26/9),LONG,2026-06-30 13:45:00,2026-06-30 18:30:00,30212.75,30533.5,639.5
MACD_Momentum(12/26/9),SHORT,2026-06-30 18:30:00,2026-07-01 09:45:00,30533.5,30359.25,346.5
MACD_Momentum(12/26/9),LONG,2026-07-01 09:45:00,2026-07-01 12:45:00,30359.25,30271.5,-177.5
MACD_Momentum(12/26/9),SHORT,2026-07-01 12:45:00,2026-07-01 15:30:00,30271.5,30342.5,-144.0
MACD_Momentum(12/26/9),LONG,2026-07-01 15:30:00,2026-07-01 17:00:00,30342.5,30190.0,-307.0
MACD_Momentum(12/26/9),SHORT,2026-07-01 17:00:00,2026-07-01 19:30:00,30190.0,30190.0,-2.0
MACD_Momentum(12/26/9),LONG,2026-07-01 19:30:00,2026-07-01 20:00:00,30190.0,30080.25,-221.5
MACD_Momentum(12/26/9),SHORT,2026-07-01 20:00:00,2026-07-01 22:45:00,30080.25,30104.75,-51.0
MACD_Momentum(12/26/9),LONG,2026-07-01 22:45:00,2026-07-02 00:15:00,30104.75,30002.0,-207.5
MACD_Momentum(12/26/9),SHORT,2026-07-02 00:15:00,2026-07-02 00:30:00,30002.0,30063.25,-124.5
MACD_Momentum(12/26/9),LONG,2026-07-02 00:30:00,2026-07-02 04:30:00,30063.25,30134.5,140.5
MACD_Momentum(12/26/9),SHORT,2026-07-02 04:30:00,2026-07-02 09:00:00,30134.5,30032.75,201.5
MACD_Momentum(12/26/9),LONG,2026-07-02 09:00:00,2026-07-02 14:30:00,30032.75,29935.0,-197.5
MACD_Momentum(12/26/9),SHORT,2026-07-02 14:30:00,2026-07-02 19:00:00,29935.0,29488.75,890.5
MACD_Momentum(12/26/9),LONG,2026-07-02 19:00:00,2026-07-06 00:45:00,29488.75,29937.5,895.5
MACD_Momentum(12/26/9),SHORT,2026-07-06 00:45:00,2026-07-06 05:15:00,29937.5,29809.25,254.5
MACD_Momentum(12/26/9),LONG,2026-07-06 05:15:00,2026-07-06 05:30:00,29809.25,29770.0,-80.5
MACD_Momentum(12/26/9),SHORT,2026-07-06 05:30:00,2026-07-06 06:45:00,29770.0,29855.0,-172.0
MACD_Momentum(12/26/9),LONG,2026-07-06 06:45:00,2026-07-06 13:15:00,29855.0,29859.25,6.5
MACD_Momentum(12/26/9),SHORT,2026-07-06 13:15:00,2026-07-06 14:00:00,29859.25,29935.5,-154.5
MACD_Momentum(12/26/9),LONG,2026-07-06 14:00:00,2026-07-06 17:00:00,29935.5,29989.0,105.0
MACD_Momentum(12/26/9),SHORT,2026-07-06 17:00:00,2026-07-07 06:00:00,29989.0,29688.75,598.5
MACD_Momentum(12/26/9),LONG,2026-07-07 06:00:00,2026-07-07 11:30:00,29688.75,29632.5,-114.5
MACD_Momentum(12/26/9),SHORT,2026-07-07 11:30:00,2026-07-07 12:00:00,29632.5,29640.75,-18.5
MACD_Momentum(12/26/9),LONG,2026-07-07 12:00:00,2026-07-07 13:30:00,29640.75,29593.0,-97.5
MACD_Momentum(12/26/9),SHORT,2026-07-07 13:30:00,2026-07-07 16:30:00,29593.0,29532.25,119.5
MACD_Momentum(12/26/9),LONG,2026-07-07 16:30:00,2026-07-07 19:15:00,29532.25,29334.5,-397.5
MACD_Momentum(12/26/9),SHORT,2026-07-07 19:15:00,2026-07-07 22:00:00,29334.5,29373.75,-80.5
MACD_Momentum(12/26/9),LONG,2026-07-07 22:00:00,2026-07-08 00:00:00,29373.75,29300.0,-149.5
MACD_Momentum(12/26/9),SHORT,2026-07-08 00:00:00,2026-07-08 00:15:00,29300.0,29417.75,-237.5
MACD_Momentum(12/26/9),LONG,2026-07-08 00:15:00,2026-07-08 04:30:00,29417.75,29442.75,48.0
MACD_Momentum(12/26/9),SHORT,2026-07-08 04:30:00,2026-07-08 08:00:00,29442.75,29383.0,117.5
MACD_Momentum(12/26/9),LONG,2026-07-08 08:00:00,2026-07-08 08:30:00,29383.0,29080.0,-608.0
MACD_Momentum(12/26/9),SHORT,2026-07-08 08:30:00,2026-07-08 11:30:00,29080.0,28984.75,188.5
MACD_Momentum(12/26/9),LONG,2026-07-08 11:30:00,2026-07-08 15:30:00,28984.75,29058.0,144.5
MACD_Momentum(12/26/9),SHORT,2026-07-08 15:30:00,2026-07-08 16:30:00,29058.0,29275.5,-437.0
MACD_Momentum(12/26/9),LONG,2026-07-08 16:30:00,2026-07-08 20:30:00,29275.5,29394.75,236.5
MACD_Momentum(12/26/9),SHORT,2026-07-08 20:30:00,2026-07-09 00:15:00,29394.75,29562.5,-337.5
MACD_Momentum(12/26/9),LONG,2026-07-09 00:15:00,2026-07-09 02:00:00,29562.5,29450.5,-226.0
MACD_Momentum(12/26/9),SHORT,2026-07-09 02:00:00,2026-07-09 05:15:00,29450.5,29567.5,-236.0
MACD_Momentum(12/26/9),LONG,2026-07-09 05:15:00,2026-07-09 09:15:00,29567.5,29641.25,145.5
MACD_Momentum(12/26/9),SHORT,2026-07-09 09:15:00,2026-07-09 12:15:00,29641.25,29716.25,-152.0
MACD_Momentum(12/26/9),LONG,2026-07-09 12:15:00,2026-07-09 18:45:00,29716.25,29957.25,480.0
MACD_Momentum(12/26/9),SHORT,2026-07-09 18:45:00,2026-07-10 03:00:00,29957.25,29952.0,8.5
MACD_Momentum(12/26/9),LONG,2026-07-10 03:00:00,2026-07-10 05:00:00,29952.0,29883.75,-138.5
MACD_Momentum(12/26/9),SHORT,2026-07-10 05:00:00,2026-07-10 09:30:00,29883.75,29810.0,145.5
MACD_Momentum(12/26/9),LONG,2026-07-10 09:30:00,2026-07-10 13:15:00,29810.0,29811.5,1.0
MACD_Momentum(12/26/9),SHORT,2026-07-10 13:15:00,2026-07-10 13:30:00,29811.5,29834.75,-48.5
MACD_Momentum(12/26/9),LONG,2026-07-10 13:30:00,2026-07-10 19:30:00,29834.75,30046.25,421.0
MACD_Momentum(12/26/9),SHORT,2026-07-10 19:30:00,2026-07-13 06:00:00,30046.25,29650.5,789.5
MACD_Momentum(12/26/9),LONG,2026-07-13 06:00:00,2026-07-13 06:15:00,29650.5,29592.0,-119.0
MACD_Momentum(12/26/9),SHORT,2026-07-13 06:15:00,2026-07-13 06:30:00,29592.0,29630.25,-78.5
MACD_Momentum(12/26/9),LONG,2026-07-13 06:30:00,2026-07-13 12:30:00,29630.25,29684.5,106.5
MACD_Momentum(12/26/9),SHORT,2026-07-13 12:30:00,2026-07-13 15:30:00,29684.5,29709.0,-51.0
MACD_Momentum(12/26/9),LONG,2026-07-13 15:30:00,2026-07-13 15:45:00,29709.0,29654.75,-110.5
MACD_Momentum(12/26/9),SHORT,2026-07-13 15:45:00,2026-07-13 22:00:00,29654.75,29446.0,415.5
MACD_Momentum(12/26/9),LONG,2026-07-13 22:00:00,2026-07-13 23:30:00,29446.0,29368.0,-158.0
MACD_Momentum(12/26/9),SHORT,2026-07-13 23:30:00,2026-07-14 00:00:00,29368.0,29422.5,-111.0
MACD_Momentum(12/26/9),LONG,2026-07-14 00:00:00,2026-07-14 03:15:00,29422.5,29334.0,-179.0
MACD_Momentum(12/26/9),SHORT,2026-07-14 03:15:00,2026-07-14 04:30:00,29334.0,29450.5,-235.0
MACD_Momentum(12/26/9),LONG,2026-07-14 04:30:00,2026-07-14 09:00:00,29450.5,29573.0,243.0
MACD_Momentum(12/26/9),SHORT,2026-07-14 09:00:00,2026-07-14 12:30:00,29573.0,29694.0,-244.0
MACD_Momentum(12/26/9),LONG,2026-07-14 12:30:00,2026-07-14 14:30:00,29694.0,29683.75,-22.5
MACD_Momentum(12/26/9),SHORT,2026-07-14 14:30:00,2026-07-14 15:15:00,29683.75,29847.5,-329.5
MACD_Momentum(12/26/9),LONG,2026-07-14 15:15:00,2026-07-14 16:15:00,29847.5,29739.75,-217.5
MACD_Momentum(12/26/9),SHORT,2026-07-14 16:15:00,2026-07-14 18:00:00,29739.75,29863.0,-248.5
MACD_Momentum(12/26/9),LONG,2026-07-14 18:00:00,2026-07-14 18:30:00,29863.0,29854.0,-20.0
MACD_Momentum(12/26/9),SHORT,2026-07-14 18:30:00,2026-07-14 23:45:00,29854.0,29848.5,9.0
MACD_Momentum(12/26/9),LONG,2026-07-14 23:45:00,2026-07-15 05:15:00,29848.5,30000.0,301.0
MACD_Momentum(12/26/9),SHORT,2026-07-15 05:15:00,2026-07-15 13:00:00,30000.0,29980.0,38.0
MACD_Momentum(12/26/9),LONG,2026-07-15 13:00:00,2026-07-15 13:45:00,29980.0,29833.25,-295.5
MACD_Momentum(12/26/9),SHORT,2026-07-15 13:45:00,2026-07-15 17:45:00,29833.25,29633.25,398.0
MACD_Momentum(12/26/9),LONG,2026-07-15 17:45:00,2026-07-16 00:45:00,29633.25,29626.0,-16.5
MACD_Momentum(12/26/9),SHORT,2026-07-16 00:45:00,2026-07-16 02:45:00,29626.0,29680.0,-110.0
MACD_Momentum(12/26/9),LONG,2026-07-16 02:45:00,2026-07-16 06:00:00,29680.0,29687.75,13.5
MACD_Momentum(12/26/9),SHORT,2026-07-16 06:00:00,2026-07-16 14:15:00,29687.75,29467.5,438.5
MACD_Momentum(12/26/9),LONG,2026-07-16 14:15:00,2026-07-16 16:15:00,29467.5,29293.5,-350.0
MACD_Momentum(12/26/9),SHORT,2026-07-16 16:15:00,2026-07-16 20:45:00,29293.5,29172.75,239.5
MACD_Momentum(12/26/9),LONG,2026-07-16 20:45:00,2026-07-17 00:15:00,29172.75,29041.25,-265.0
MACD_Momentum(12/26/9),SHORT,2026-07-17 00:15:00,2026-07-17 03:30:00,29041.25,29013.5,53.5
MACD_Momentum(12/26/9),LONG,2026-07-17 03:30:00,2026-07-17 04:15:00,29013.5,28851.25,-326.5
MACD_Momentum(12/26/9),SHORT,2026-07-17 04:15:00,2026-07-17 06:45:00,28851.25,28774.25,152.0
MACD_Momentum(12/26/9),LONG,2026-07-17 06:45:00,2026-07-17 08:15:00,28774.25,28677.75,-195.0
MACD_Momentum(12/26/9),SHORT,2026-07-17 08:15:00,2026-07-17 09:30:00,28677.75,28691.0,-28.5
MACD_Momentum(12/26/9),LONG,2026-07-17 09:30:00,2026-07-17 13:15:00,28691.0,28619.5,-145.0
MACD_Momentum(12/26/9),SHORT,2026-07-17 13:15:00,2026-07-17 14:15:00,28619.5,28805.25,-373.5
MACD_Momentum(12/26/9),LONG,2026-07-17 14:15:00,2026-07-17 18:30:00,28805.25,28852.0,91.5
MACD_Momentum(12/26/9),SHORT,2026-07-17 18:30:00,2026-07-19 23:30:00,28852.0,28805.5,91.0
MACD_Momentum(12/26/9),LONG,2026-07-19 23:30:00,2026-07-20 01:45:00,28805.5,28795.5,-22.0
MACD_Momentum(12/26/9),SHORT,2026-07-20 01:45:00,2026-07-20 03:00:00,28795.5,28888.0,-187.0
MACD_Momentum(12/26/9),LONG,2026-07-20 03:00:00,2026-07-20 05:30:00,28888.0,28832.25,-113.5
MACD_Momentum(12/26/9),SHORT,2026-07-20 05:30:00,2026-07-20 07:45:00,28832.25,28905.5,-148.5
MACD_Momentum(12/26/9),LONG,2026-07-20 07:45:00,2026-07-20 14:15:00,28905.5,28971.75,130.5
MACD_Momentum(12/26/9),SHORT,2026-07-20 14:15:00,2026-07-20 16:15:00,28971.75,29107.5,-273.5
MACD_Momentum(12/26/9),LONG,2026-07-20 16:15:00,2026-07-20 16:45:00,29107.5,29005.0,-207.0
MACD_Momentum(12/26/9),SHORT,2026-07-20 16:45:00,2026-07-20 23:30:00,29005.0,28818.75,370.5
MACD_Momentum(12/26/9),LONG,2026-07-20 23:30:00,2026-07-21 07:45:00,28818.75,29112.75,586.0
MACD_Momentum(12/26/9),SHORT,2026-07-21 07:45:00,2026-07-21 15:00:00,29112.75,29237.25,-251.0
MACD_Momentum(12/26/9),LONG,2026-07-21 15:00:00,2026-07-21 18:45:00,29237.25,29347.75,219.0
MACD_Momentum(12/26/9),SHORT,2026-07-21 18:45:00,2026-07-22 09:00:00,29347.75,29110.25,473.0
MACD_Momentum(12/26/9),LONG,2026-07-22 09:00:00,2026-07-22 12:00:00,29110.25,29056.0,-110.5
MACD_Momentum(12/26/9),SHORT,2026-07-22 12:00:00,2026-07-22 13:30:00,29056.0,29090.5,-71.0
MACD_Momentum(12/26/9),LONG,2026-07-22 13:30:00,2026-07-22 18:00:00,29090.5,29244.0,305.0
MACD_Momentum(12/26/9),SHORT,2026-07-22 18:00:00,2026-07-23 00:30:00,29244.0,29225.0,36.0
MACD_Momentum(12/26/9),LONG,2026-07-23 00:30:00,2026-07-23 02:30:00,29225.0,29104.5,-243.0
MACD_Momentum(12/26/9),SHORT,2026-07-23 02:30:00,2026-07-23 04:30:00,29104.5,29154.5,-102.0
MACD_Momentum(12/26/9),LONG,2026-07-23 04:30:00,2026-07-23 06:30:00,29154.5,29110.25,-90.5
MACD_Momentum(12/26/9),SHORT,2026-07-23 06:30:00,2026-07-23 09:00:00,29110.25,29103.5,11.5
MACD_Momentum(12/26/9),LONG,2026-07-23 09:00:00,2026-07-23 11:45:00,29103.5,28927.0,-355.0
MACD_Momentum(12/26/9),SHORT,2026-07-23 11:45:00,2026-07-23 16:30:00,28927.0,28707.5,437.0
MACD_Momentum(12/26/9),LONG,2026-07-23 16:30:00,2026-07-24 02:00:00,28707.5,28612.75,-191.5
MACD_Momentum(12/26/9),SHORT,2026-07-24 02:00:00,2026-07-24 05:15:00,28612.75,28588.0,47.5
MACD_Momentum(12/26/9),LONG,2026-07-24 05:15:00,2026-07-24 11:45:00,28588.0,28618.5,59.0
MACD_Momentum(12/26/9),SHORT,2026-07-24 11:45:00,2026-07-24 12:15:00,28618.5,28689.5,-144.0
MACD_Momentum(12/26/9),LONG,2026-07-24 12:15:00,2026-07-24 12:45:00,28689.5,28629.0,-123.0
MACD_Momentum(12/26/9),SHORT,2026-07-24 12:45:00,2026-07-24 16:00:00,28629.0,28577.0,102.0
MACD_Momentum(12/26/9),LONG,2026-07-24 16:00:00,2026-07-24 18:15:00,28577.0,28428.25,-299.5
MACD_Momentum(12/26/9),SHORT,2026-07-24 18:15:00,2026-07-26 22:15:00,28428.25,28613.5,-372.5
MACD_Momentum(12/26/9),LONG,2026-07-26 22:15:00,2026-07-27 01:30:00,28613.5,28543.0,-143.0
MACD_Momentum(12/26/9),SHORT,2026-07-27 01:30:00,2026-07-27 05:45:00,28543.0,28685.75,-287.5
MACD_Momentum(12/26/9),LONG,2026-07-27 05:45:00,2026-07-27 07:45:00,28685.75,28694.25,15.0
MACD_Momentum(12/26/9),SHORT,2026-07-27 07:45:00,2026-07-27 17:45:00,28694.25,28036.5,1313.5
MACD_Momentum(12/26/9),LONG,2026-07-27 17:45:00,2026-07-28 01:00:00,28036.5,28074.75,74.5
MACD_Momentum(12/26/9),SHORT,2026-07-28 01:00:00,2026-07-28 03:45:00,28074.75,28057.25,33.0
MACD_Momentum(12/26/9),LONG,2026-07-28 03:45:00,2026-07-28 05:30:00,28057.25,27921.0,-274.5
MACD_Momentum(12/26/9),SHORT,2026-07-28 05:30:00,2026-07-28 07:00:00,27921.0,27948.5,-57.0
MACD_Momentum(12/26/9),LONG,2026-07-28 07:00:00,2026-07-28 11:15:00,27948.5,27869.25,-160.5
MACD_Momentum(12/26/9),SHORT,2026-07-28 11:15:00,2026-07-28 12:15:00,27869.25,27967.0,-197.5
MACD_Momentum(12/26/9),LONG,2026-07-28 12:15:00,2026-07-28 13:45:00,27967.0,27749.0,-438.0
MACD_Momentum(12/26/9),SHORT,2026-07-28 13:45:00,2026-07-28 15:30:00,27749.0,27965.5,-435.0
MACD_Momentum(12/26/9),LONG,2026-07-28 15:30:00,2026-07-28 18:30:00,27965.5,27927.0,-79.0
MACD_Momentum(12/26/9),SHORT,2026-07-28 18:30:00,2026-07-28 19:15:00,27927.0,27985.5,-119.0
MACD_Momentum(12/26/9),LONG,2026-07-28 19:15:00,2026-07-28 20:00:00,27985.5,27919.5,-134.0
MACD_Momentum(12/26/9),SHORT,2026-07-28 20:00:00,2026-07-29 00:00:00,27919.5,28102.75,-368.5
MACD_Momentum(12/26/9),LONG,2026-07-29 00:00:00,2026-07-29 01:45:00,28102.75,27879.5,-448.5
MACD_Momentum(12/26/9),SHORT,2026-07-29 01:45:00,2026-07-29 05:30:00,27879.5,27815.25,126.5
MACD_Momentum(12/26/9),LONG,2026-07-29 05:30:00,2026-07-29 12:15:00,27815.25,27940.0,247.5
MACD_Momentum(12/26/9),SHORT,2026-07-29 12:15:00,2026-07-29 17:15:00,27940.0,27736.5,405.0
MACD_Momentum(12/26/9),LONG,2026-07-29 17:15:00,2026-07-29 20:00:00,27736.5,27336.25,-802.5
MACD_Momentum(12/26/9),SHORT,2026-07-29 20:00:00,2026-07-29 23:30:00,27336.25,27534.25,-398.0
MACD_Momentum(12/26/9),LONG,2026-07-29 23:30:00,2026-07-30 03:30:00,27534.25,27517.5,-35.5
MACD_Momentum(12/26/9),SHORT,2026-07-30 03:30:00,2026-07-30 08:30:00,27517.5,27510.25,12.5
MACD_Momentum(12/26/9),LONG,2026-07-30 08:30:00,2026-07-30 16:45:00,27510.25,28068.25,1114.0
MACD_Momentum(12/26/9),SHORT,2026-07-30 16:45:00,2026-07-30 20:30:00,28068.25,28372.5,-610.5
MACD_Momentum(12/26/9),LONG,2026-07-30 20:30:00,2026-07-30 22:30:00,28372.5,28352.0,-43.0
MACD_Momentum(12/26/9),SHORT,2026-07-30 22:30:00,2026-07-30 22:45:00,28352.0,28402.75,-103.5
MACD_Momentum(12/26/9),LONG,2026-07-30 22:45:00,2026-07-30 23:00:00,28402.75,28394.25,-19.0
MACD_Momentum(12/26/9),SHORT,2026-07-30 23:00:00,2026-07-31 00:45:00,28394.25,28500.25,-214.0
MACD_Momentum(12/26/9),LONG,2026-07-31 00:45:00,2026-07-31 01:45:00,28500.25,28496.0,-10.5
MACD_Momentum(12/26/9),SHORT,2026-07-31 01:45:00,2026-07-31 05:30:00,28496.0,28575.25,-160.5
MACD_Momentum(12/26/9),LONG,2026-07-31 05:30:00,2026-07-31 06:45:00,28575.25,28484.75,-183.0
MACD_Momentum(12/26/9),SHORT,2026-07-31 06:45:00,2026-07-31 09:15:00,28484.75,28627.5,-287.5
MACD_Momentum(12/26/9),LONG,2026-07-31 09:15:00,2026-07-31 09:30:00,28627.5,28588.75,-79.5
MACD_Momentum(12/26/9),SHORT,2026-07-31 09:30:00,2026-07-31 16:30:00,28588.75,28363.75,448.0
MACD_Momentum(12/26/9),LONG,2026-07-31 16:30:00,2026-07-31 20:45:00,28363.75,28380.75,32.0
MACD_Momentum(12/26/9),SHORT,2026-07-31 20:45:00,2026-08-02 22:15:00,28380.75,28624.0,-488.5
MACD_Momentum(12/26/9),LONG,2026-08-02 22:15:00,2026-08-03 03:15:00,28624.0,28665.0,80.0
MACD_Momentum(12/26/9),SHORT,2026-08-03 03:15:00,2026-08-03 13:45:00,28665.0,28495.0,338.0
MACD_Momentum(12/26/9),LONG,2026-08-03 13:45:00,2026-08-03 19:15:00,28495.0,28899.5,807.0
MACD_Momentum(12/26/9),SHORT,2026-08-03 19:15:00,2026-08-04 04:30:00,28899.5,29009.25,-221.5
MACD_Momentum(12/26/9),LONG,2026-08-04 04:30:00,2026-08-04 05:15:00,29009.25,28987.75,-45.0
MACD_Momentum(12/26/9),SHORT,2026-08-04 05:15:00,2026-08-04 05:30:00,28987.75,29025.25,-77.0
MACD_Momentum(12/26/9),LONG,2026-08-04 05:30:00,2026-08-04 08:45:00,29025.25,29066.0,79.5
MACD_Momentum(12/26/9),SHORT,2026-08-04 08:45:00,2026-08-04 11:15:00,29066.0,29144.5,-159.0
MACD_Momentum(12/26/9),LONG,2026-08-04 11:15:00,2026-08-04 19:00:00,29144.5,29881.75,1472.5
MACD_Momentum(12/26/9),SHORT,2026-08-04 19:00:00,2026-08-05 05:15:00,29881.75,29937.5,-113.5
MACD_Momentum(12/26/9),LONG,2026-08-05 05:15:00,2026-08-05 07:30:00,29937.5,29905.75,-65.5
MACD_Momentum(12/26/9),SHORT,2026-08-05 07:30:00,2026-08-05 11:15:00,29905.75,29904.5,0.5
MACD_Momentum(12/26/9),LONG,2026-08-05 11:15:00,2026-08-05 14:45:00,29904.5,29859.5,-92.0
MACD_Momentum(12/26/9),SHORT,2026-08-05 14:45:00,2026-08-05 19:30:00,29859.5,29757.0,203.0
MACD_Momentum(12/26/9),LONG,2026-08-05 19:30:00,2026-08-05 19:45:00,29757.0,29711.5,-93.0
MACD_Momentum(12/26/9),SHORT,2026-08-05 19:45:00,2026-08-05 23:00:00,29711.5,29622.75,175.5
MACD_Momentum(12/26/9),LONG,2026-08-05 23:00:00,2026-08-06 01:00:00,29622.75,29539.25,-169.0
MACD_Momentum(12/26/9),SHORT,2026-08-06 01:00:00,2026-08-06 02:15:00,29539.25,29543.0,-9.5
MACD_Momentum(12/26/9),LONG,2026-08-06 02:15:00,2026-08-06 06:45:00,29543.0,29505.5,-77.0
MACD_Momentum(12/26/9),SHORT,2026-08-06 06:45:00,2026-08-06 07:15:00,29505.5,29551.0,-93.0
MACD_Momentum(12/26/9),LONG,2026-08-06 07:15:00,2026-08-06 07:45:00,29551.0,29515.5,-73.0
MACD_Momentum(12/26/9),SHORT,2026-08-06 07:45:00,2026-08-06 10:00:00,29515.5,29526.75,-24.5
MACD_Momentum(12/26/9),LONG,2026-08-06 10:00:00,2026-08-06 11:15:00,29526.75,29419.75,-216.0
MACD_Momentum(12/26/9),SHORT,2026-08-06 11:15:00,2026-08-06 11:45:00,29419.75,29492.75,-148.0
MACD_Momentum(12/26/9),LONG,2026-08-06 11:45:00,2026-08-06 12:15:00,29492.75,29413.5,-160.5
MACD_Momentum(12/26/9),SHORT,2026-08-06 12:15:00,2026-08-06 14:00:00,29413.5,29529.0,-233.0
MACD_Momentum(12/26/9),LONG,2026-08-06 14:00:00,2026-08-06 16:30:00,29529.0,29472.5,-115.0
MACD_Momentum(12/26/9),SHORT,2026-08-06 16:30:00,2026-08-06 18:30:00,29472.5,29557.25,-171.5
MACD_Momentum(12/26/9),LONG,2026-08-06 18:30:00,2026-08-06 18:45:00,29557.25,29520.0,-76.5
MACD_Momentum(12/26/9),SHORT,2026-08-06 18:45:00,2026-08-06 22:15:00,29520.0,29571.0,-104.0
MACD_Momentum(12/26/9),LONG,2026-08-06 22:15:00,2026-08-07 00:45:00,29571.0,29541.75,-60.5
MACD_Momentum(12/26/9),SHORT,2026-08-07 00:45:00,2026-08-07 05:15:00,29541.75,29539.5,2.5
MACD_Momentum(12/26/9),LONG,2026-08-07 05:15:00,2026-08-07 10:30:00,29539.5,29621.5,162.0
MACD_Momentum(12/26/9),SHORT,2026-08-07 10:30:00,2026-08-07 11:45:00,29621.5,29664.5,-88.0
MACD_Momentum(12/26/9),LONG,2026-08-07 11:45:00,2026-08-07 12:00:00,29664.5,29613.5,-104.0
MACD_Momentum(12/26/9),SHORT,2026-08-07 12:00:00,2026-08-07 12:30:00,29613.5,29658.0,-91.0
MACD_Momentum(12/26/9),LONG,2026-08-07 12:30:00,2026-08-07 14:15:00,29658.0,29585.0,-148.0
MACD_Momentum(12/26/9),SHORT,2026-08-07 14:15:00,2026-08-07 15:30:00,29585.0,29826.0,-484.0
MACD_Momentum(12/26/9),LONG,2026-08-07 15:30:00,2026-08-07 16:30:00,29826.0,29714.0,-226.0
MACD_Momentum(12/26/9),SHORT,2026-08-07 16:30:00,2026-08-07 19:30:00,29714.0,29811.25,-196.5
MACD_Momentum(12/26/9),LONG,2026-08-07 19:30:00,2026-08-10 00:45:00,29811.25,29806.25,-12.0
MACD_Momentum(12/26/9),SHORT,2026-08-10 00:45:00,2026-08-10 06:00:00,29806.25,29929.75,-249.0
MACD_Momentum(12/26/9),LONG,2026-08-10 06:00:00,2026-08-10 07:00:00,29929.75,29910.0,-41.5
MACD_Momentum(12/26/9),SHORT,2026-08-10 07:00:00,2026-08-10 07:45:00,29910.0,29965.75,-113.5
MACD_Momentum(12/26/9),LONG,2026-08-10 07:45:00,2026-08-10 09:45:00,29965.75,29943.5,-46.5
MACD_Momentum(12/26/9),SHORT,2026-08-10 09:45:00,2026-08-10 14:30:00,29943.5,29857.5,170.0
MACD_Momentum(12/26/9),LONG,2026-08-10 14:30:00,2026-08-10 15:00:00,29857.5,29779.5,-158.0
MACD_Momentum(12/26/9),SHORT,2026-08-10 15:00:00,2026-08-10 16:00:00,29779.5,29844.75,-132.5
MACD_Momentum(12/26/9),LONG,2026-08-10 16:00:00,2026-08-10 16:45:00,29844.75,29743.0,-205.5
MACD_Momentum(12/26/9),SHORT,2026-08-10 16:45:00,2026-08-10 17:15:00,29743.0,29802.5,-121.0
MACD_Momentum(12/26/9),LONG,2026-08-10 17:15:00,2026-08-10 17:45:00,29802.5,29760.5,-86.0
MACD_Momentum(12/26/9),SHORT,2026-08-10 17:45:00,2026-08-10 19:00:00,29760.5,29783.0,-47.0
MACD_Momentum(12/26/9),LONG,2026-08-10 19:00:00,2026-08-10 23:00:00,29783.0,29732.5,-103.0
MACD_Momentum(12/26/9),SHORT,2026-08-10 23:00:00,2026-08-11 00:15:00,29732.5,29748.0,-33.0
MACD_Momentum(12/26/9),LONG,2026-08-11 00:15:00,2026-08-11 05:30:00,29748.0,29813.25,128.5
MACD_Momentum(12/26/9),SHORT,2026-08-11 05:30:00,2026-08-11 10:00:00,29813.25,29770.25,84.0
MACD_Momentum(12/26/9),LONG,2026-08-11 10:00:00,2026-08-11 13:45:00,29770.25,29722.75,-97.0
MACD_Momentum(12/26/9),SHORT,2026-08-11 13:45:00,2026-08-11 19:30:00,29722.75,29625.25,193.0
MACD_Momentum(12/26/9),LONG,2026-08-11 19:30:00,2026-08-12 05:30:00,29625.25,29688.5,124.5
MACD_Momentum(12/26/9),SHORT,2026-08-12 05:30:00,2026-08-12 06:00:00,29688.5,29715.0,-55.0
MACD_Momentum(12/26/9),LONG,2026-08-12 06:00:00,2026-08-12 11:30:00,29715.0,29810.0,188.0
MACD_Momentum(12/26/9),SHORT,2026-08-12 11:30:00,2026-08-12 12:30:00,29810.0,29937.0,-256.0
MACD_Momentum(12/26/9),LONG,2026-08-12 12:30:00,2026-08-12 14:30:00,29937.0,29916.0,-44.0
MACD_Momentum(12/26/9),SHORT,2026-08-12 14:30:00,2026-08-13 00:15:00,29916.0,29849.75,130.5
MACD_Momentum(12/26/9),LONG,2026-08-13 00:15:00,2026-08-13 06:45:00,29849.75,29862.0,22.5
MACD_Momentum(12/26/9),SHORT,2026-08-13 06:45:00,2026-08-13 10:30:00,29862.0,29874.0,-26.0
MACD_Momentum(12/26/9),LONG,2026-08-13 10:30:00,2026-08-13 12:15:00,29874.0,29840.25,-69.5
MACD_Momentum(12/26/9),SHORT,2026-08-13 12:15:00,2026-08-13 13:15:00,29840.25,29908.75,-139.0
MACD_Momentum(12/26/9),LONG,2026-08-13 13:15:00,2026-08-13 17:00:00,29908.75,30194.0,568.5
MACD_Momentum(12/26/9),SHORT,2026-08-13 17:00:00,2026-08-13 17:15:00,30194.0,30226.25,-66.5
MACD_Momentum(12/26/9),LONG,2026-08-13 17:15:00,2026-08-13 17:45:00,30226.25,30214.5,-25.5
"RSI_Reversion(14,30/70)",LONG,2026-06-01 08:30:00,2026-06-01 08:45:00,30454.75,30478.75,46.0
"RSI_Reversion(14,30/70)",LONG,2026-06-02 01:00:00,2026-06-02 01:15:00,30372.75,30395.25,43.0
"RSI_Reversion(14,30/70)",LONG,2026-06-02 02:00:00,2026-06-02 02:30:00,30333.25,30357.0,45.5
"RSI_Reversion(14,30/70)",SHORT,2026-06-02 07:15:00,2026-06-02 07:30:00,30535.25,30532.0,4.5
"RSI_Reversion(14,30/70)",SHORT,2026-06-02 08:15:00,2026-06-02 08:30:00,30555.75,30547.0,15.5
"RSI_Reversion(14,30/70)",SHORT,2026-06-02 09:45:00,2026-06-02 10:00:00,30577.25,30565.75,21.0
"RSI_Reversion(14,30/70)",LONG,2026-06-03 14:00:00,2026-06-03 14:15:00,30562.0,30687.25,248.5
"RSI_Reversion(14,30/70)",LONG,2026-06-03 23:45:00,2026-06-04 00:00:00,30387.5,30393.0,9.0
"RSI_Reversion(14,30/70)",LONG,2026-06-04 09:00:00,2026-06-04 09:30:00,30344.0,30303.5,-83.0
"RSI_Reversion(14,30/70)",LONG,2026-06-04 10:45:00,2026-06-04 11:30:00,30253.75,30272.25,35.0
"RSI_Reversion(14,30/70)",LONG,2026-06-04 11:45:00,2026-06-04 12:00:00,30196.5,30279.25,163.5
"RSI_Reversion(14,30/70)",SHORT,2026-06-04 18:00:00,2026-06-04 18:45:00,30559.25,30572.75,-29.0
"RSI_Reversion(14,30/70)",LONG,2026-06-05 00:00:00,2026-06-05 01:45:00,30262.25,30147.0,-232.5
"RSI_Reversion(14,30/70)",LONG,2026-06-05 07:15:00,2026-06-05 07:30:00,30081.0,30106.75,49.5
"RSI_Reversion(14,30/70)",LONG,2026-06-05 13:15:00,2026-06-05 15:00:00,30038.75,29853.25,-373.0
"RSI_Reversion(14,30/70)",LONG,2026-06-05 15:15:00,2026-06-07 22:00:00,29727.75,28898.5,-1660.5
"RSI_Reversion(14,30/70)",SHORT,2026-06-08 11:30:00,2026-06-08 12:00:00,29409.25,29374.75,67.0
"RSI_Reversion(14,30/70)",SHORT,2026-06-08 12:30:00,2026-06-08 13:30:00,29456.25,29526.0,-141.5
"RSI_Reversion(14,30/70)",SHORT,2026-06-08 15:15:00,2026-06-08 15:30:00,29716.25,29630.25,170.0
"RSI_Reversion(14,30/70)",SHORT,2026-06-09 06:15:00,2026-06-09 06:30:00,29655.75,29635.75,38.0
"RSI_Reversion(14,30/70)",LONG,2026-06-09 14:30:00,2026-06-09 17:30:00,29444.0,28743.5,-1403.0
"RSI_Reversion(14,30/70)",LONG,2026-06-10 08:45:00,2026-06-10 09:30:00,28774.5,28776.75,2.5
"RSI_Reversion(14,30/70)",LONG,2026-06-10 11:45:00,2026-06-10 12:00:00,28632.0,28680.75,95.5
"RSI_Reversion(14,30/70)",LONG,2026-06-10 23:15:00,2026-06-10 23:30:00,28288.5,28399.0,219.0
"RSI_Reversion(14,30/70)",SHORT,2026-06-11 08:15:00,2026-06-11 08:30:00,28914.75,28905.5,16.5
"RSI_Reversion(14,30/70)",SHORT,2026-06-11 08:45:00,2026-06-11 09:00:00,28915.75,28909.0,11.5
"RSI_Reversion(14,30/70)",SHORT,2026-06-11 19:30:00,2026-06-11 20:30:00,29424.25,29474.25,-102.0
"RSI_Reversion(14,30/70)",SHORT,2026-06-12 00:30:00,2026-06-12 00:45:00,29612.5,29593.25,36.5
"RSI_Reversion(14,30/70)",SHORT,2026-06-14 22:15:00,2026-06-14 23:15:00,30062.75,30020.25,83.0
"RSI_Reversion(14,30/70)",SHORT,2026-06-15 00:15:00,2026-06-15 04:00:00,30154.75,30188.75,-70.0
"RSI_Reversion(14,30/70)",SHORT,2026-06-15 04:30:00,2026-06-15 05:45:00,30211.0,30228.25,-36.5
"RSI_Reversion(14,30/70)",SHORT,2026-06-15 06:15:00,2026-06-15 07:15:00,30233.75,30234.0,-2.5
"RSI_Reversion(14,30/70)",SHORT,2026-06-15 07:45:00,2026-06-15 10:45:00,30555.75,30547.25,15.0
"RSI_Reversion(14,30/70)",SHORT,2026-06-15 11:00:00,2026-06-15 11:45:00,30562.5,30578.25,-33.5
"RSI_Reversion(14,30/70)",SHORT,2026-06-15 13:45:00,2026-06-15 14:45:00,30704.0,30716.5,-27.0
"RSI_Reversion(14,30/70)",SHORT,2026-06-15 15:00:00,2026-06-15 17:15:00,30776.25,30854.5,-158.5
"RSI_Reversion(14,30/70)",SHORT,2026-06-15 17:30:00,2026-06-15 18:00:00,30883.75,30858.5,48.5
"RSI_Reversion(14,30/70)",LONG,2026-06-16 14:30:00,2026-06-16 19:30:00,30682.25,30444.5,-477.5
"RSI_Reversion(14,30/70)",LONG,2026-06-16 19:45:00,2026-06-16 22:15:00,30412.5,30363.75,-99.5
"RSI_Reversion(14,30/70)",SHORT,2026-06-17 07:15:00,2026-06-17 07:30:00,30575.5,30552.25,44.5
"RSI_Reversion(14,30/70)",SHORT,2026-06-18 13:30:00,2026-06-18 13:45:00,30594.5,30403.75,379.5
"RSI_Reversion(14,30/70)",LONG,2026-06-21 22:00:00,2026-06-21 22:30:00,30577.0,30551.5,-53.0
"RSI_Reversion(14,30/70)",LONG,2026-06-21 23:15:00,2026-06-22 00:15:00,30457.75,30496.0,74.5
"RSI_Reversion(14,30/70)",SHORT,2026-06-22 07:30:00,2026-06-22 07:45:00,30773.75,30749.25,47.0
"RSI_Reversion(14,30/70)",SHORT,2026-06-22 13:15:00,2026-06-22 13:30:00,30858.5,30822.75,69.5
"RSI_Reversion(14,30/70)",SHORT,2026-06-22 14:00:00,2026-06-22 14:15:00,30936.25,30909.75,51.0
"RSI_Reversion(14,30/70)",LONG,2026-06-23 03:15:00,2026-06-23 04:00:00,30366.0,30370.0,6.0
"RSI_Reversion(14,30/70)",LONG,2026-06-23 04:45:00,2026-06-23 09:15:00,30297.75,29900.75,-796.0
"RSI_Reversion(14,30/70)",LONG,2026-06-23 10:45:00,2026-06-23 11:00:00,29781.0,29818.5,73.0
"RSI_Reversion(14,30/70)",LONG,2026-06-24 17:30:00,2026-06-24 18:15:00,29411.5,29442.5,60.0
"RSI_Reversion(14,30/70)",SHORT,2026-06-24 20:45:00,2026-06-24 22:15:00,30094.5,30074.0,39.0
"RSI_Reversion(14,30/70)",SHORT,2026-06-25 07:30:00,2026-06-25 08:30:00,30170.75,30171.25,-3.0
"RSI_Reversion(14,30/70)",LONG,2026-06-25 13:45:00,2026-06-25 14:30:00,29768.25,29586.0,-366.5
"RSI_Reversion(14,30/70)",LONG,2026-06-26 02:45:00,2026-06-26 04:00:00,29347.0,29365.5,35.0
"RSI_Reversion(14,30/70)",LONG,2026-06-29 14:15:00,2026-06-29 14:30:00,29330.0,29546.0,430.0
"RSI_Reversion(14,30/70)",SHORT,2026-06-30 14:00:00,2026-06-30 15:00:00,30366.75,30305.25,121.0
"RSI_Reversion(14,30/70)",SHORT,2026-06-30 16:15:00,2026-06-30 20:00:00,30487.75,30512.0,-50.5
"RSI_Reversion(14,30/70)",LONG,2026-07-01 02:15:00,2026-07-01 02:30:00,30392.5,30421.25,55.5
"RSI_Reversion(14,30/70)",LONG,2026-07-01 07:15:00,2026-07-01 07:30:00,30334.0,30350.0,30.0
"RSI_Reversion(14,30/70)",LONG,2026-07-01 13:15:00,2026-07-01 14:00:00,30254.5,30280.0,49.0
"RSI_Reversion(14,30/70)",LONG,2026-07-02 07:15:00,2026-07-02 07:30:00,29836.75,29866.0,56.5
"RSI_Reversion(14,30/70)",LONG,2026-07-02 16:30:00,2026-07-02 18:15:00,29559.0,29460.75,-198.5
"RSI_Reversion(14,30/70)",SHORT,2026-07-05 22:15:00,2026-07-06 00:30:00,29899.5,29882.25,32.5
"RSI_Reversion(14,30/70)",LONG,2026-07-07 01:30:00,2026-07-07 01:45:00,29739.25,29789.25,98.0
"RSI_Reversion(14,30/70)",LONG,2026-07-07 03:45:00,2026-07-07 05:45:00,29663.75,29659.5,-10.5
"RSI_Reversion(14,30/70)",LONG,2026-07-07 14:00:00,2026-07-07 15:45:00,29468.75,29329.25,-281.0
"RSI_Reversion(14,30/70)",LONG,2026-07-08 08:30:00,2026-07-08 10:30:00,29080.0,29018.0,-126.0
"RSI_Reversion(14,30/70)",SHORT,2026-07-09 08:15:00,2026-07-09 08:30:00,29705.75,29697.0,15.5
"RSI_Reversion(14,30/70)",SHORT,2026-07-09 13:45:00,2026-07-09 14:15:00,29859.25,29803.5,109.5
"RSI_Reversion(14,30/70)",SHORT,2026-07-09 17:15:00,2026-07-09 18:30:00,29954.25,29957.25,-8.0
"RSI_Reversion(14,30/70)",LONG,2026-07-10 06:30:00,2026-07-10 06:45:00,29788.75,29814.0,48.5
"RSI_Reversion(14,30/70)",LONG,2026-07-13 04:15:00,2026-07-13 05:15:00,29666.5,29684.0,33.0
"RSI_Reversion(14,30/70)",LONG,2026-07-13 05:30:00,2026-07-13 05:45:00,29585.0,29637.5,103.0
"RSI_Reversion(14,30/70)",LONG,2026-07-13 23:45:00,2026-07-14 00:00:00,29332.5,29422.5,178.0
"RSI_Reversion(14,30/70)",SHORT,2026-07-14 12:45:00,2026-07-14 13:00:00,29822.75,29773.75,96.0
"RSI_Reversion(14,30/70)",LONG,2026-07-15 14:30:00,2026-07-15 15:30:00,29723.75,29640.75,-168.0
"RSI_Reversion(14,30/70)",LONG,2026-07-15 15:45:00,2026-07-15 17:00:00,29616.5,29512.75,-209.5
"RSI_Reversion(14,30/70)",LONG,2026-07-16 08:15:00,2026-07-16 08:30:00,29493.75,29539.5,89.5
"RSI_Reversion(14,30/70)",LONG,2026-07-16 12:30:00,2026-07-16 13:00:00,29407.75,29393.25,-31.0
"RSI_Reversion(14,30/70)",LONG,2026-07-16 19:45:00,2026-07-16 20:00:00,29121.25,29217.75,191.0
"RSI_Reversion(14,30/70)",LONG,2026-07-17 00:15:00,2026-07-17 01:00:00,29041.25,29059.75,35.0
"RSI_Reversion(14,30/70)",LONG,2026-07-17 01:45:00,2026-07-17 03:15:00,28972.25,28954.25,-38.0
"RSI_Reversion(14,30/70)",LONG,2026-07-17 04:15:00,2026-07-17 05:00:00,28851.25,28806.0,-92.5
"RSI_Reversion(14,30/70)",LONG,2026-07-17 05:15:00,2026-07-17 06:30:00,28803.5,28814.25,19.5
"RSI_Reversion(14,30/70)",LONG,2026-07-17 07:45:00,2026-07-17 09:15:00,28715.25,28655.0,-122.5
"RSI_Reversion(14,30/70)",LONG,2026-07-17 13:45:00,2026-07-17 14:00:00,28420.25,28678.25,514.0
"RSI_Reversion(14,30/70)",SHORT,2026-07-20 11:45:00,2026-07-20 12:15:00,29088.75,29003.0,169.5
"RSI_Reversion(14,30/70)",SHORT,2026-07-20 13:45:00,2026-07-20 14:00:00,29177.0,28995.75,360.5
"RSI_Reversion(14,30/70)",SHORT,2026-07-21 04:00:00,2026-07-21 05:00:00,29075.75,29055.75,38.0
"RSI_Reversion(14,30/70)",SHORT,2026-07-21 05:45:00,2026-07-21 06:30:00,29086.25,29114.0,-57.5
"RSI_Reversion(14,30/70)",SHORT,2026-07-21 06:45:00,2026-07-21 07:15:00,29153.5,29127.5,50.0
"RSI_Reversion(14,30/70)",SHORT,2026-07-21 09:15:00,2026-07-21 09:30:00,29172.25,29165.5,11.5
"RSI_Reversion(14,30/70)",LONG,2026-07-22 06:30:00,2026-07-22 06:45:00,29078.75,29099.75,40.0
"RSI_Reversion(14,30/70)",LONG,2026-07-23 12:45:00,2026-07-23 13:45:00,28788.75,28855.5,131.5
"RSI_Reversion(14,30/70)",LONG,2026-07-23 15:00:00,2026-07-23 16:00:00,28600.25,28588.5,-25.5
"RSI_Reversion(14,30/70)",LONG,2026-07-24 14:00:00,2026-07-24 14:15:00,28322.5,28420.25,193.5
"RSI_Reversion(14,30/70)",LONG,2026-07-24 14:45:00,2026-07-24 15:00:00,28284.25,28449.0,327.5
"RSI_Reversion(14,30/70)",LONG,2026-07-27 13:45:00,2026-07-27 15:00:00,28455.0,28173.75,-564.5
"RSI_Reversion(14,30/70)",LONG,2026-07-27 15:15:00,2026-07-27 16:30:00,28125.75,28151.25,49.0
"RSI_Reversion(14,30/70)",LONG,2026-07-27 17:30:00,2026-07-27 17:45:00,27999.5,28036.5,72.0
"RSI_Reversion(14,30/70)",LONG,2026-07-28 06:15:00,2026-07-28 06:30:00,27847.25,27900.0,103.5
"RSI_Reversion(14,30/70)",LONG,2026-07-28 14:00:00,2026-07-28 14:30:00,27663.0,27707.0,86.0
"RSI_Reversion(14,30/70)",LONG,2026-07-29 14:15:00,2026-07-29 15:00:00,27648.75,27601.75,-96.0
"RSI_Reversion(14,30/70)",LONG,2026-07-29 15:30:00,2026-07-29 16:30:00,27555.75,27551.25,-11.0
"RSI_Reversion(14,30/70)",SHORT,2026-07-30 12:15:00,2026-07-30 12:30:00,27763.25,27737.75,49.0
"RSI_Reversion(14,30/70)",SHORT,2026-07-30 13:00:00,2026-07-30 15:00:00,27807.0,28071.5,-531.0
"RSI_Reversion(14,30/70)",SHORT,2026-07-30 20:30:00,2026-07-30 22:00:00,28372.5,28317.0,109.0
"RSI_Reversion(14,30/70)",SHORT,2026-07-30 22:15:00,2026-07-30 22:30:00,28382.5,28352.0,59.0
"RSI_Reversion(14,30/70)",SHORT,2026-07-31 00:15:00,2026-07-31 01:45:00,28466.5,28496.0,-61.0
"RSI_Reversion(14,30/70)",SHORT,2026-07-31 05:30:00,2026-07-31 05:45:00,28575.25,28551.75,45.0
"RSI_Reversion(14,30/70)",SHORT,2026-07-31 06:00:00,2026-07-31 06:30:00,28585.5,28589.5,-10.0
"RSI_Reversion(14,30/70)",LONG,2026-07-31 14:15:00,2026-07-31 14:30:00,28136.5,28250.5,226.0
"RSI_Reversion(14,30/70)",SHORT,2026-08-03 15:00:00,2026-08-03 15:15:00,28801.0,28756.5,87.0
"RSI_Reversion(14,30/70)",SHORT,2026-08-03 17:30:00,2026-08-03 18:30:00,28886.25,28892.5,-14.5
"RSI_Reversion(14,30/70)",SHORT,2026-08-03 22:45:00,2026-08-03 23:00:00,28956.5,28944.0,23.0
"RSI_Reversion(14,30/70)",SHORT,2026-08-04 11:45:00,2026-08-04 12:15:00,29203.5,29205.5,-6.0
"RSI_Reversion(14,30/70)",SHORT,2026-08-04 13:45:00,2026-08-04 20:00:00,29411.0,29876.75,-933.5
"RSI_Reversion(14,30/70)",SHORT,2026-08-04 20:15:00,2026-08-04 20:30:00,29902.5,29792.0,219.0
"RSI_Reversion(14,30/70)",SHORT,2026-08-05 06:00:00,2026-08-05 06:30:00,29978.5,29929.5,96.0
"RSI_Reversion(14,30/70)",SHORT,2026-08-05 13:45:00,2026-08-05 14:15:00,30053.5,29997.75,109.5
"RSI_Reversion(14,30/70)",LONG,2026-08-05 20:00:00,2026-08-05 20:45:00,29607.0,29598.0,-20.0
"RSI_Reversion(14,30/70)",LONG,2026-08-05 22:15:00,2026-08-05 22:30:00,29573.75,29628.0,106.5
"RSI_Reversion(14,30/70)",LONG,2026-08-06 01:15:00,2026-08-06 02:00:00,29523.25,29497.0,-54.5
"RSI_Reversion(14,30/70)",SHORT,2026-08-07 12:45:00,2026-08-07 13:15:00,29807.5,29740.75,131.5
"RSI_Reversion(14,30/70)",LONG,2026-08-10 13:00:00,2026-08-10 13:15:00,29778.5,29804.5,50.0
"RSI_Reversion(14,30/70)",LONG,2026-08-11 17:15:00,2026-08-11 17:30:00,29578.25,29606.5,54.5
"RSI_Reversion(14,30/70)",LONG,2026-08-11 18:30:00,2026-08-11 19:00:00,29545.0,29582.25,72.5
"RSI_Reversion(14,30/70)",SHORT,2026-08-12 08:15:00,2026-08-12 08:45:00,29772.0,29773.0,-4.0
"RSI_Reversion(14,30/70)",SHORT,2026-08-12 09:00:00,2026-08-12 11:00:00,29794.5,29816.0,-45.0
"RSI_Reversion(14,30/70)",SHORT,2026-08-12 12:30:00,2026-08-12 13:45:00,29937.0,29899.5,73.0
"RSI_Reversion(14,30/70)",SHORT,2026-08-13 05:15:00,2026-08-13 05:45:00,29915.0,29901.75,24.5
"RSI_Reversion(14,30/70)",SHORT,2026-08-13 13:45:00,2026-08-13 15:45:00,30012.75,30155.0,-286.5
"RSI_Reversion(14,30/70)",SHORT,2026-08-13 17:15:00,2026-08-13 17:45:00,30226.25,30214.5,21.5
"Bollinger_Reversion(20,2sd)",LONG,2026-06-01 12:15:00,2026-06-01 12:45:00,30422.75,30485.75,124.0
"Bollinger_Reversion(20,2sd)",LONG,2026-06-01 13:15:00,2026-06-01 15:00:00,30347.75,30437.0,176.5
"Bollinger_Reversion(20,2sd)",SHORT,2026-06-01 17:45:00,2026-06-01 20:00:00,30651.5,30571.0,159.0
"Bollinger_Reversion(20,2sd)",LONG,2026-06-01 22:30:00,2026-06-02 04:30:00,30454.25,30404.25,-102.0
"Bollinger_Reversion(20,2sd)",SHORT,2026-06-02 05:00:00,2026-06-02 11:00:00,30444.0,30529.75,-173.5
"Bollinger_Reversion(20,2sd)",LONG,2026-06-02 13:15:00,2026-06-02 13:30:00,30493.25,30557.0,125.5
"Bollinger_Reversion(20,2sd)",SHORT,2026-06-02 14:15:00,2026-06-02 18:00:00,30634.0,30628.5,9.0
"Bollinger_Reversion(20,2sd)",SHORT,2026-06-02 20:15:00,2026-06-02 23:15:00,30738.75,30675.0,125.5
"Bollinger_Reversion(20,2sd)",SHORT,2026-06-03 09:30:00,2026-06-03 12:45:00,30766.75,30725.75,80.0
"Bollinger_Reversion(20,2sd)",LONG,2026-06-03 14:00:00,2026-06-03 18:00:00,30562.0,30643.25,160.5
"Bollinger_Reversion(20,2sd)",LONG,2026-06-03 20:45:00,2026-06-04 02:00:00,30501.5,30453.75,-97.5
"Bollinger_Reversion(20,2sd)",LONG,2026-06-04 08:30:00,2026-06-04 12:45:00,30373.0,30308.75,-130.5
"Bollinger_Reversion(20,2sd)",SHORT,2026-06-04 15:00:00,2026-06-04 20:00:00,30357.25,30485.5,-258.5
"Bollinger_Reversion(20,2sd)",LONG,2026-06-04 22:30:00,2026-06-05 04:45:00,30342.5,30201.25,-284.5
"Bollinger_Reversion(20,2sd)",LONG,2026-06-05 06:45:00,2026-06-05 08:30:00,30119.0,30216.25,192.5
"Bollinger_Reversion(20,2sd)",LONG,2026-06-05 13:00:00,2026-06-08 00:00:00,30054.25,29083.5,-1943.5
"Bollinger_Reversion(20,2sd)",LONG,2026-06-08 05:15:00,2026-06-08 07:15:00,29065.0,29143.25,154.5
"Bollinger_Reversion(20,2sd)",SHORT,2026-06-08 11:15:00,2026-06-08 14:00:00,29361.25,29350.25,20.0
"Bollinger_Reversion(20,2sd)",LONG,2026-06-08 19:15:00,2026-06-09 01:30:00,29428.75,29457.0,54.5
"Bollinger_Reversion(20,2sd)",SHORT,2026-06-09 13:00:00,2026-06-09 14:00:00,29735.75,29672.75,124.0
"Bollinger_Reversion(20,2sd)",LONG,2026-06-09 14:15:00,2026-06-09 18:45:00,29491.5,28922.5,-1140.0
"Bollinger_Reversion(20,2sd)",LONG,2026-06-10 04:45:00,2026-06-10 06:15:00,28877.5,28975.0,193.0
"Bollinger_Reversion(20,2sd)",LONG,2026-06-10 08:30:00,2026-06-10 12:45:00,28861.0,28919.5,115.0
"Bollinger_Reversion(20,2sd)",SHORT,2026-06-10 13:45:00,2026-06-10 15:15:00,29077.5,28749.75,653.5
"Bollinger_Reversion(20,2sd)",SHORT,2026-06-11 01:15:00,2026-06-11 11:15:00,28712.0,28840.5,-259.0
"Bollinger_Reversion(20,2sd)",LONG,2026-06-11 12:45:00,2026-06-11 14:00:00,28751.0,28899.5,295.0
"Bollinger_Reversion(20,2sd)",LONG,2026-06-11 15:00:00,2026-06-11 15:45:00,28649.5,28816.5,332.0
"Bollinger_Reversion(20,2sd)",SHORT,2026-06-11 17:45:00,2026-06-12 01:30:00,29281.5,29483.25,-405.5
"Bollinger_Reversion(20,2sd)",LONG,2026-06-12 06:00:00,2026-06-12 08:15:00,29401.75,29466.5,127.5
"Bollinger_Reversion(20,2sd)",LONG,2026-06-12 13:00:00,2026-06-12 14:15:00,29412.25,29543.75,261.0
"Bollinger_Reversion(20,2sd)",SHORT,2026-06-14 22:30:00,2026-06-15 12:30:00,30050.25,30571.25,-1044.0
"Bollinger_Reversion(20,2sd)",SHORT,2026-06-15 13:30:00,2026-06-15 19:30:00,30633.25,30832.0,-399.5
"Bollinger_Reversion(20,2sd)",LONG,2026-06-15 22:15:00,2026-06-16 00:30:00,30797.75,30833.25,69.0
"Bollinger_Reversion(20,2sd)",SHORT,2026-06-16 08:15:00,2026-06-16 12:30:00,30871.5,30863.25,14.5
"Bollinger_Reversion(20,2sd)",LONG,2026-06-16 14:30:00,2026-06-17 00:30:00,30682.25,30379.5,-607.5
"Bollinger_Reversion(20,2sd)",SHORT,2026-06-17 02:00:00,2026-06-17 08:45:00,30447.25,30485.25,-78.0
"Bollinger_Reversion(20,2sd)",LONG,2026-06-17 10:15:00,2026-06-17 12:45:00,30452.0,30506.25,106.5
"Bollinger_Reversion(20,2sd)",LONG,2026-06-17 15:00:00,2026-06-17 16:30:00,30357.5,30457.25,197.5
"Bollinger_Reversion(20,2sd)",LONG,2026-06-17 18:30:00,2026-06-17 18:45:00,30242.25,30505.25,524.0
"Bollinger_Reversion(20,2sd)",LONG,2026-06-17 19:30:00,2026-06-17 23:00:00,30128.0,30236.25,214.5
"Bollinger_Reversion(20,2sd)",LONG,2026-06-18 04:45:00,2026-06-18 06:30:00,30296.75,30380.25,165.0
"Bollinger_Reversion(20,2sd)",SHORT,2026-06-18 08:15:00,2026-06-18 11:15:00,30482.0,30410.0,142.0
"Bollinger_Reversion(20,2sd)",SHORT,2026-06-18 13:00:00,2026-06-18 13:45:00,30514.0,30403.75,218.5
"Bollinger_Reversion(20,2sd)",SHORT,2026-06-18 15:00:00,2026-06-18 19:15:00,30623.75,30652.25,-59.0
"Bollinger_Reversion(20,2sd)",LONG,2026-06-19 03:30:00,2026-06-22 00:30:00,30540.5,30565.0,47.0
"Bollinger_Reversion(20,2sd)",SHORT,2026-06-22 06:30:00,2026-06-22 09:45:00,30729.0,30710.0,36.0
"Bollinger_Reversion(20,2sd)",SHORT,2026-06-22 12:30:00,2026-06-22 14:30:00,30825.0,30756.75,134.5
"Bollinger_Reversion(20,2sd)",LONG,2026-06-22 14:45:00,2026-06-22 20:00:00,30626.25,30653.25,52.0
"Bollinger_Reversion(20,2sd)",LONG,2026-06-23 01:45:00,2026-06-23 12:15:00,30471.25,29822.5,-1299.5
"Bollinger_Reversion(20,2sd)",LONG,2026-06-23 12:45:00,2026-06-23 14:00:00,29740.25,29926.0,369.5
"Bollinger_Reversion(20,2sd)",SHORT,2026-06-23 14:15:00,2026-06-23 15:15:00,30001.5,29792.0,417.0
"Bollinger_Reversion(20,2sd)",LONG,2026-06-23 18:45:00,2026-06-23 22:15:00,29629.5,29781.0,301.0
"Bollinger_Reversion(20,2sd)",SHORT,2026-06-24 00:15:00,2026-06-24 02:45:00,29822.0,29724.0,194.0
"Bollinger_Reversion(20,2sd)",LONG,2026-06-24 09:45:00,2026-06-24 10:45:00,29766.5,29833.75,132.5
"Bollinger_Reversion(20,2sd)",LONG,2026-06-24 13:15:00,2026-06-24 14:45:00,29705.0,29787.0,162.0
"Bollinger_Reversion(20,2sd)",LONG,2026-06-24 17:15:00,2026-06-24 20:15:00,29548.0,29884.0,670.0
"Bollinger_Reversion(20,2sd)",SHORT,2026-06-24 20:30:00,2026-06-25 03:30:00,30009.0,30024.25,-32.5
"Bollinger_Reversion(20,2sd)",SHORT,2026-06-25 05:30:00,2026-06-25 10:00:00,30093.0,30131.75,-79.5
"Bollinger_Reversion(20,2sd)",SHORT,2026-06-25 13:00:00,2026-06-25 13:45:00,30202.75,29768.25,867.0
"Bollinger_Reversion(20,2sd)",LONG,2026-06-25 14:00:00,2026-06-25 17:30:00,29316.75,29764.75,894.0
"Bollinger_Reversion(20,2sd)",LONG,2026-06-26 01:45:00,2026-06-26 06:30:00,29507.0,29395.5,-225.0
"Bollinger_Reversion(20,2sd)",SHORT,2026-06-26 07:00:00,2026-06-26 09:00:00,29502.25,29400.75,201.0
"Bollinger_Reversion(20,2sd)",LONG,2026-06-26 13:15:00,2026-06-26 14:00:00,29278.25,29444.0,329.5
"Bollinger_Reversion(20,2sd)",SHORT,2026-06-26 14:15:00,2026-06-26 20:00:00,29588.25,29318.0,538.5
"Bollinger_Reversion(20,2sd)",LONG,2026-06-26 20:00:00,2026-06-28 22:15:00,29318.0,29546.0,454.0
"Bollinger_Reversion(20,2sd)",SHORT,2026-06-29 05:45:00,2026-06-29 12:45:00,29620.25,29675.0,-111.5
"Bollinger_Reversion(20,2sd)",LONG,2026-06-29 14:15:00,2026-06-29 15:00:00,29330.0,29714.25,766.5
"Bollinger_Reversion(20,2sd)",SHORT,2026-06-30 00:15:00,2026-06-30 00:30:00,30065.0,29997.25,133.5
"Bollinger_Reversion(20,2sd)",LONG,2026-06-30 00:45:00,2026-06-30 01:30:00,29942.25,30066.25,246.0
"Bollinger_Reversion(20,2sd)",SHORT,2026-06-30 03:45:00,2026-06-30 06:45:00,30116.0,30104.25,21.5
"Bollinger_Reversion(20,2sd)",LONG,2026-06-30 08:45:00,2026-06-30 10:30:00,30047.75,30115.25,133.0
"Bollinger_Reversion(20,2sd)",SHORT,2026-06-30 11:15:00,2026-06-30 12:15:00,30164.5,30090.5,146.0
"Bollinger_Reversion(20,2sd)",SHORT,2026-06-30 14:00:00,2026-06-30 22:30:00,30366.75,30531.25,-331.0
"Bollinger_Reversion(20,2sd)",LONG,2026-07-01 01:45:00,2026-07-01 10:00:00,30474.75,30384.75,-182.0
"Bollinger_Reversion(20,2sd)",LONG,2026-07-01 13:00:00,2026-07-01 15:30:00,30267.75,30342.5,147.5
"Bollinger_Reversion(20,2sd)",SHORT,2026-07-02 01:15:00,2026-07-02 04:15:00,30186.5,30127.5,116.0
"Bollinger_Reversion(20,2sd)",LONG,2026-07-02 05:45:00,2026-07-02 09:00:00,30053.75,30032.75,-44.0
"Bollinger_Reversion(20,2sd)",SHORT,2026-07-02 12:15:00,2026-07-02 14:30:00,30131.75,29935.0,391.5
"Bollinger_Reversion(20,2sd)",LONG,2026-07-02 14:45:00,2026-07-02 20:00:00,29810.0,29539.25,-543.5
"Bollinger_Reversion(20,2sd)",SHORT,2026-07-03 02:30:00,2026-07-06 01:30:00,29728.0,29813.25,-172.5
"Bollinger_Reversion(20,2sd)",SHORT,2026-07-06 06:45:00,2026-07-06 13:15:00,29855.0,29859.25,-10.5
"Bollinger_Reversion(20,2sd)",SHORT,2026-07-06 14:15:00,2026-07-06 17:30:00,30021.75,29955.5,130.5
"Bollinger_Reversion(20,2sd)",LONG,2026-07-07 00:00:00,2026-07-07 08:00:00,29851.0,29646.75,-410.5
"Bollinger_Reversion(20,2sd)",LONG,2026-07-07 11:15:00,2026-07-07 12:15:00,29613.0,29702.75,177.5
"Bollinger_Reversion(20,2sd)",LONG,2026-07-07 13:30:00,2026-07-07 16:30:00,29593.0,29532.25,-123.5
"Bollinger_Reversion(20,2sd)",SHORT,2026-07-08 00:45:00,2026-07-08 02:15:00,29517.0,29397.25,237.5
"Bollinger_Reversion(20,2sd)",LONG,2026-07-08 06:45:00,2026-07-08 08:00:00,29288.25,29383.0,187.5
"Bollinger_Reversion(20,2sd)",LONG,2026-07-08 08:45:00,2026-07-08 12:15:00,29021.75,29150.75,256.0
"Bollinger_Reversion(20,2sd)",SHORT,2026-07-08 13:45:00,2026-07-08 15:15:00,29349.5,29138.25,420.5
"Bollinger_Reversion(20,2sd)",SHORT,2026-07-08 23:45:00,2026-07-09 02:00:00,29479.5,29450.5,56.0
"Bollinger_Reversion(20,2sd)",SHORT,2026-07-09 06:00:00,2026-07-09 09:45:00,29606.5,29622.0,-33.0
"Bollinger_Reversion(20,2sd)",SHORT,2026-07-09 12:30:00,2026-07-09 20:45:00,29748.0,29935.0,-376.0
"Bollinger_Reversion(20,2sd)",LONG,2026-07-10 00:15:00,2026-07-10 02:45:00,29895.25,29908.5,24.5
"Bollinger_Reversion(20,2sd)",LONG,2026-07-10 06:15:00,2026-07-10 10:45:00,29824.75,29861.5,71.5
"Bollinger_Reversion(20,2sd)",SHORT,2026-07-10 10:45:00,2026-07-10 12:00:00,29861.5,29816.75,87.5
"Bollinger_Reversion(20,2sd)",SHORT,2026-07-10 14:00:00,2026-07-10 15:00:00,29922.75,29818.5,206.5
"Bollinger_Reversion(20,2sd)",SHORT,2026-07-10 15:30:00,2026-07-12 22:00:00,29980.0,29894.25,169.5
"Bollinger_Reversion(20,2sd)",LONG,2026-07-12 22:15:00,2026-07-13 00:15:00,29866.25,30018.0,301.5
"Bollinger_Reversion(20,2sd)",SHORT,2026-07-13 09:00:00,2026-07-13 12:15:00,29747.5,29730.0,33.0
"Bollinger_Reversion(20,2sd)",LONG,2026-07-13 13:45:00,2026-07-13 15:00:00,29596.25,29718.0,241.5
"Bollinger_Reversion(20,2sd)",LONG,2026-07-13 16:30:00,2026-07-14 00:15:00,29557.75,29465.5,-186.5
"Bollinger_Reversion(20,2sd)",SHORT,2026-07-14 05:30:00,2026-07-14 09:15:00,29605.0,29623.5,-39.0
"Bollinger_Reversion(20,2sd)",SHORT,2026-07-14 11:30:00,2026-07-14 12:15:00,29640.75,29591.75,96.0
"Bollinger_Reversion(20,2sd)",SHORT,2026-07-14 12:45:00,2026-07-14 14:15:00,29822.75,29662.75,318.0
"Bollinger_Reversion(20,2sd)",SHORT,2026-07-15 00:00:00,2026-07-15 07:30:00,29889.0,29968.0,-160.0
"Bollinger_Reversion(20,2sd)",LONG,2026-07-15 08:15:00,2026-07-15 12:45:00,29918.25,29952.0,65.5
"Bollinger_Reversion(20,2sd)",SHORT,2026-07-15 13:00:00,2026-07-15 13:45:00,29980.0,29833.25,291.5
"Bollinger_Reversion(20,2sd)",LONG,2026-07-15 14:00:00,2026-07-15 18:00:00,29823.5,29686.5,-276.0
"Bollinger_Reversion(20,2sd)",LONG,2026-07-16 01:30:00,2026-07-16 02:30:00,29604.5,29695.5,180.0
"Bollinger_Reversion(20,2sd)",LONG,2026-07-16 07:15:00,2026-07-16 14:15:00,29622.25,29467.5,-311.5
"Bollinger_Reversion(20,2sd)",LONG,2026-07-16 16:15:00,2026-07-17 10:15:00,29293.5,28767.0,-1055.0
"Bollinger_Reversion(20,2sd)",LONG,2026-07-17 13:45:00,2026-07-17 14:15:00,28420.25,28805.25,768.0
"Bollinger_Reversion(20,2sd)",SHORT,2026-07-17 16:00:00,2026-07-19 22:45:00,28934.0,28839.0,188.0
"Bollinger_Reversion(20,2sd)",SHORT,2026-07-20 00:15:00,2026-07-20 01:30:00,28940.25,28814.25,250.0
"Bollinger_Reversion(20,2sd)",SHORT,2026-07-20 11:45:00,2026-07-20 14:00:00,29088.75,28995.75,184.0
"Bollinger_Reversion(20,2sd)",LONG,2026-07-20 19:15:00,2026-07-20 23:45:00,28807.75,28810.5,3.5
"Bollinger_Reversion(20,2sd)",SHORT,2026-07-21 14:45:00,2026-07-21 19:30:00,29224.75,29293.75,-140.0
"Bollinger_Reversion(20,2sd)",LONG,2026-07-21 22:30:00,2026-07-22 00:15:00,29270.0,29329.5,117.0
"Bollinger_Reversion(20,2sd)",LONG,2026-07-22 03:15:00,2026-07-22 09:15:00,29213.25,29132.25,-164.0
"Bollinger_Reversion(20,2sd)",LONG,2026-07-22 11:45:00,2026-07-22 13:45:00,29041.75,29179.25,273.0
"Bollinger_Reversion(20,2sd)",SHORT,2026-07-22 14:00:00,2026-07-22 18:00:00,29275.75,29244.0,61.5
"Bollinger_Reversion(20,2sd)",LONG,2026-07-22 20:00:00,2026-07-23 00:15:00,29160.5,29166.0,9.0
"Bollinger_Reversion(20,2sd)",LONG,2026-07-23 07:15:00,2026-07-23 09:00:00,28996.75,29103.5,211.5
"Bollinger_Reversion(20,2sd)",LONG,2026-07-23 11:45:00,2026-07-23 16:45:00,28927.0,28687.5,-481.0
"Bollinger_Reversion(20,2sd)",SHORT,2026-07-23 20:30:00,2026-07-24 00:15:00,28768.5,28646.25,242.5
"Bollinger_Reversion(20,2sd)",LONG,2026-07-24 02:45:00,2026-07-24 05:15:00,28548.0,28588.0,78.0
"Bollinger_Reversion(20,2sd)",SHORT,2026-07-24 07:30:00,2026-07-24 11:45:00,28654.0,28618.5,69.0
"Bollinger_Reversion(20,2sd)",LONG,2026-07-24 13:30:00,2026-07-24 16:00:00,28540.25,28577.0,71.5
"Bollinger_Reversion(20,2sd)",LONG,2026-07-24 19:15:00,2026-07-26 22:15:00,28223.75,28613.5,777.5
"Bollinger_Reversion(20,2sd)",LONG,2026-07-27 11:30:00,2026-07-27 19:00:00,28651.5,28188.75,-927.5
"Bollinger_Reversion(20,2sd)",SHORT,2026-07-27 19:30:00,2026-07-27 22:30:00,28242.75,28128.0,227.5
"Bollinger_Reversion(20,2sd)",LONG,2026-07-28 01:15:00,2026-07-28 07:15:00,27993.25,27972.0,-44.5
"Bollinger_Reversion(20,2sd)",LONG,2026-07-28 11:15:00,2026-07-28 12:00:00,27869.25,27960.5,180.5
"Bollinger_Reversion(20,2sd)",LONG,2026-07-28 14:00:00,2026-07-28 15:30:00,27663.0,27965.5,603.0
"Bollinger_Reversion(20,2sd)",LONG,2026-07-28 22:45:00,2026-07-28 23:45:00,27861.75,28015.5,305.5
"Bollinger_Reversion(20,2sd)",SHORT,2026-07-29 00:00:00,2026-07-29 01:15:00,28102.75,27920.25,363.0
"Bollinger_Reversion(20,2sd)",LONG,2026-07-29 14:00:00,2026-07-29 17:15:00,27734.0,27736.5,3.0
"Bollinger_Reversion(20,2sd)",SHORT,2026-07-29 18:45:00,2026-07-29 19:45:00,27974.5,27473.5,1000.0
"Bollinger_Reversion(20,2sd)",SHORT,2026-07-30 09:30:00,2026-07-31 02:30:00,27554.75,28422.5,-1737.5
"Bollinger_Reversion(20,2sd)",LONG,2026-07-31 12:15:00,2026-07-31 13:30:00,28480.75,28576.0,188.5
"Bollinger_Reversion(20,2sd)",LONG,2026-07-31 14:00:00,2026-07-31 16:45:00,28356.0,28320.75,-72.5
"Bollinger_Reversion(20,2sd)",SHORT,2026-08-02 22:30:00,2026-08-03 05:15:00,28615.25,28638.75,-49.0
"Bollinger_Reversion(20,2sd)",LONG,2026-08-03 06:45:00,2026-08-03 14:00:00,28609.75,28623.75,26.0
"Bollinger_Reversion(20,2sd)",SHORT,2026-08-03 14:30:00,2026-08-04 00:30:00,28677.5,28905.25,-457.5
"Bollinger_Reversion(20,2sd)",LONG,2026-08-04 01:15:00,2026-08-04 01:45:00,28859.25,28943.0,165.5
"Bollinger_Reversion(20,2sd)",SHORT,2026-08-04 02:00:00,2026-08-04 03:30:00,29041.75,28977.25,127.0
"Bollinger_Reversion(20,2sd)",SHORT,2026-08-04 06:15:00,2026-08-04 09:15:00,29089.0,29033.0,110.0
"Bollinger_Reversion(20,2sd)",SHORT,2026-08-04 11:15:00,2026-08-04 20:30:00,29144.5,29792.0,-1297.0
"Bollinger_Reversion(20,2sd)",SHORT,2026-08-05 04:45:00,2026-08-05 07:30:00,29904.5,29905.75,-4.5
"Bollinger_Reversion(20,2sd)",LONG,2026-08-05 08:30:00,2026-08-05 11:15:00,29836.5,29904.5,134.0
"Bollinger_Reversion(20,2sd)",SHORT,2026-08-05 13:45:00,2026-08-05 14:30:00,30053.5,29912.75,279.5
"Bollinger_Reversion(20,2sd)",LONG,2026-08-05 16:00:00,2026-08-06 02:45:00,29738.25,29616.25,-246.0
"Bollinger_Reversion(20,2sd)",LONG,2026-08-06 08:15:00,2026-08-06 10:00:00,29460.75,29526.75,130.0
"Bollinger_Reversion(20,2sd)",LONG,2026-08-06 11:15:00,2026-08-06 12:00:00,29419.75,29465.0,88.5
"Bollinger_Reversion(20,2sd)",LONG,2026-08-06 12:15:00,2026-08-06 13:45:00,29413.5,29458.0,87.0
"Bollinger_Reversion(20,2sd)",SHORT,2026-08-06 14:15:00,2026-08-06 16:15:00,29607.5,29488.5,236.0
"Bollinger_Reversion(20,2sd)",SHORT,2026-08-07 06:30:00,2026-08-07 12:00:00,29581.0,29613.5,-67.0
"Bollinger_Reversion(20,2sd)",SHORT,2026-08-07 12:30:00,2026-08-07 14:15:00,29658.0,29585.0,144.0
"Bollinger_Reversion(20,2sd)",SHORT,2026-08-10 06:00:00,2026-08-10 10:00:00,29929.75,29939.5,-21.5
"Bollinger_Reversion(20,2sd)",LONG,2026-08-10 11:15:00,2026-08-10 14:15:00,29875.75,29882.0,10.5
"Bollinger_Reversion(20,2sd)",LONG,2026-08-10 22:45:00,2026-08-11 00:30:00,29724.5,29765.0,79.0
"Bollinger_Reversion(20,2sd)",SHORT,2026-08-11 01:15:00,2026-08-11 05:30:00,29825.25,29813.25,22.0
"Bollinger_Reversion(20,2sd)",LONG,2026-08-11 06:00:00,2026-08-11 10:15:00,29792.5,29756.25,-74.5
"Bollinger_Reversion(20,2sd)",SHORT,2026-08-11 11:15:00,2026-08-11 13:45:00,29871.0,29722.75,294.5
"Bollinger_Reversion(20,2sd)",SHORT,2026-08-12 02:45:00,2026-08-12 05:30:00,29688.0,29688.5,-3.0
"Bollinger_Reversion(20,2sd)",SHORT,2026-08-12 07:00:00,2026-08-12 15:00:00,29735.75,29869.0,-268.5
"Bollinger_Reversion(20,2sd)",LONG,2026-08-12 22:00:00,2026-08-13 00:15:00,29826.0,29849.75,45.5
"Bollinger_Reversion(20,2sd)",SHORT,2026-08-13 05:15:00,2026-08-13 06:45:00,29915.0,29862.0,104.0
"Bollinger_Reversion(20,2sd)",LONG,2026-08-13 08:15:00,2026-08-13 10:00:00,29838.0,29876.5,75.0
"ZScore_Reversion(20,z=2.0)",LONG,2026-06-01 12:15:00,2026-06-01 12:45:00,30422.75,30485.75,124.0
"ZScore_Reversion(20,z=2.0)",LONG,2026-06-01 13:15:00,2026-06-01 14:45:00,30347.75,30420.25,143.0
"ZScore_Reversion(20,z=2.0)",SHORT,2026-06-01 17:45:00,2026-06-01 19:45:00,30651.5,30588.0,125.0
"ZScore_Reversion(20,z=2.0)",LONG,2026-06-01 22:30:00,2026-06-02 04:15:00,30454.25,30377.5,-155.5
"ZScore_Reversion(20,z=2.0)",SHORT,2026-06-02 05:00:00,2026-06-02 10:45:00,30444.0,30538.0,-190.0
"ZScore_Reversion(20,z=2.0)",LONG,2026-06-02 13:15:00,2026-06-02 14:00:00,30493.25,30603.0,217.5
"ZScore_Reversion(20,z=2.0)",SHORT,2026-06-02 14:00:00,2026-06-02 14:30:00,30603.0,30559.25,85.5
"ZScore_Reversion(20,z=2.0)",SHORT,2026-06-02 14:45:00,2026-06-02 17:30:00,30623.5,30643.0,-41.0
"ZScore_Reversion(20,z=2.0)",SHORT,2026-06-02 20:15:00,2026-06-02 23:00:00,30738.75,30705.0,65.5
"ZScore_Reversion(20,z=2.0)",SHORT,2026-06-03 09:30:00,2026-06-03 12:30:00,30766.75,30754.0,23.5
"ZScore_Reversion(20,z=2.0)",LONG,2026-06-03 13:45:00,2026-06-03 14:30:00,30624.25,30722.75,195.0
"ZScore_Reversion(20,z=2.0)",LONG,2026-06-03 20:45:00,2026-06-04 00:45:00,30501.5,30497.0,-11.0
"ZScore_Reversion(20,z=2.0)",LONG,2026-06-04 08:15:00,2026-06-04 12:45:00,30405.0,30308.75,-194.5
"ZScore_Reversion(20,z=2.0)",SHORT,2026-06-04 15:00:00,2026-06-04 20:00:00,30357.25,30485.5,-258.5
"ZScore_Reversion(20,z=2.0)",LONG,2026-06-04 22:30:00,2026-06-05 02:30:00,30342.5,30233.0,-221.0
"ZScore_Reversion(20,z=2.0)",LONG,2026-06-05 06:45:00,2026-06-05 08:00:00,30119.0,30151.25,62.5
"ZScore_Reversion(20,z=2.0)",LONG,2026-06-05 13:00:00,2026-06-07 23:45:00,30054.25,29023.5,-2063.5
"ZScore_Reversion(20,z=2.0)",LONG,2026-06-08 05:15:00,2026-06-08 06:30:00,29065.0,29129.75,127.5
"ZScore_Reversion(20,z=2.0)",SHORT,2026-06-08 11:15:00,2026-06-08 14:00:00,29361.25,29350.25,20.0
"ZScore_Reversion(20,z=2.0)",LONG,2026-06-08 19:15:00,2026-06-08 23:15:00,29428.75,29455.25,51.0
"ZScore_Reversion(20,z=2.0)",SHORT,2026-06-09 13:00:00,2026-06-09 14:15:00,29735.75,29491.5,486.5
"ZScore_Reversion(20,z=2.0)",LONG,2026-06-09 14:15:00,2026-06-09 17:45:00,29491.5,28867.25,-1250.5
"ZScore_Reversion(20,z=2.0)",LONG,2026-06-10 04:45:00,2026-06-10 06:15:00,28877.5,28975.0,193.0
"ZScore_Reversion(20,z=2.0)",LONG,2026-06-10 08:30:00,2026-06-10 10:45:00,28861.0,28824.5,-75.0
"ZScore_Reversion(20,z=2.0)",SHORT,2026-06-10 13:45:00,2026-06-10 15:00:00,29077.5,28901.25,350.5
"ZScore_Reversion(20,z=2.0)",SHORT,2026-06-11 01:15:00,2026-06-11 11:00:00,28712.0,28878.0,-334.0
"ZScore_Reversion(20,z=2.0)",LONG,2026-06-11 12:30:00,2026-06-11 14:15:00,28747.0,28841.75,187.5
"ZScore_Reversion(20,z=2.0)",LONG,2026-06-11 15:00:00,2026-06-11 15:45:00,28649.5,28816.5,332.0
"ZScore_Reversion(20,z=2.0)",SHORT,2026-06-11 17:30:00,2026-06-12 02:00:00,29086.75,29553.0,-934.5
"ZScore_Reversion(20,z=2.0)",LONG,2026-06-12 06:00:00,2026-06-12 08:00:00,29401.75,29434.5,63.5
"ZScore_Reversion(20,z=2.0)",LONG,2026-06-12 13:00:00,2026-06-12 14:15:00,29412.25,29543.75,261.0
"ZScore_Reversion(20,z=2.0)",SHORT,2026-06-14 22:15:00,2026-06-15 04:15:00,30062.75,30184.25,-245.0
"ZScore_Reversion(20,z=2.0)",SHORT,2026-06-15 07:45:00,2026-06-15 11:45:00,30555.75,30578.25,-47.0
"ZScore_Reversion(20,z=2.0)",SHORT,2026-06-15 13:30:00,2026-06-15 18:30:00,30633.25,30840.25,-416.0
"ZScore_Reversion(20,z=2.0)",LONG,2026-06-15 22:15:00,2026-06-15 23:30:00,30797.75,30827.5,57.5
"ZScore_Reversion(20,z=2.0)",SHORT,2026-06-16 08:15:00,2026-06-16 10:00:00,30871.5,30870.0,1.0
"ZScore_Reversion(20,z=2.0)",LONG,2026-06-16 14:30:00,2026-06-16 23:00:00,30682.25,30378.75,-609.0
"ZScore_Reversion(20,z=2.0)",SHORT,2026-06-17 02:00:00,2026-06-17 08:30:00,30447.25,30520.25,-148.0
"ZScore_Reversion(20,z=2.0)",LONG,2026-06-17 10:15:00,2026-06-17 13:00:00,30452.0,30491.25,76.5
"ZScore_Reversion(20,z=2.0)",LONG,2026-06-17 14:00:00,2026-06-17 16:00:00,30346.0,30450.0,206.0
"ZScore_Reversion(20,z=2.0)",LONG,2026-06-17 18:15:00,2026-06-17 22:15:00,30255.25,30189.5,-133.5
"ZScore_Reversion(20,z=2.0)",LONG,2026-06-18 04:45:00,2026-06-18 06:30:00,30296.75,30380.25,165.0
"ZScore_Reversion(20,z=2.0)",SHORT,2026-06-18 08:15:00,2026-06-18 09:00:00,30482.0,30397.5,167.0
"ZScore_Reversion(20,z=2.0)",SHORT,2026-06-18 13:00:00,2026-06-18 14:00:00,30514.0,30469.25,87.5
"ZScore_Reversion(20,z=2.0)",SHORT,2026-06-18 15:00:00,2026-06-18 19:15:00,30623.75,30652.25,-59.0
"ZScore_Reversion(20,z=2.0)",LONG,2026-06-19 03:30:00,2026-06-22 00:15:00,30540.5,30496.0,-91.0
"ZScore_Reversion(20,z=2.0)",SHORT,2026-06-22 06:30:00,2026-06-22 08:30:00,30729.0,30698.75,58.5
"ZScore_Reversion(20,z=2.0)",SHORT,2026-06-22 12:30:00,2026-06-22 14:30:00,30825.0,30756.75,134.5
"ZScore_Reversion(20,z=2.0)",LONG,2026-06-22 14:45:00,2026-06-22 18:00:00,30626.25,30614.5,-25.5
"ZScore_Reversion(20,z=2.0)",LONG,2026-06-23 01:45:00,2026-06-23 11:45:00,30471.25,29867.75,-1209.0
"ZScore_Reversion(20,z=2.0)",LONG,2026-06-23 12:45:00,2026-06-23 14:15:00,29740.25,30001.5,520.5
"ZScore_Reversion(20,z=2.0)",SHORT,2026-06-23 14:15:00,2026-06-23 15:00:00,30001.5,29854.25,292.5
"ZScore_Reversion(20,z=2.0)",LONG,2026-06-23 18:45:00,2026-06-23 20:30:00,29629.5,29734.75,208.5
"ZScore_Reversion(20,z=2.0)",SHORT,2026-06-24 00:15:00,2026-06-24 02:30:00,29822.0,29796.75,48.5
"ZScore_Reversion(20,z=2.0)",LONG,2026-06-24 09:45:00,2026-06-24 10:00:00,29766.5,29809.25,83.5
"ZScore_Reversion(20,z=2.0)",LONG,2026-06-24 13:15:00,2026-06-24 14:45:00,29705.0,29787.0,162.0
"ZScore_Reversion(20,z=2.0)",LONG,2026-06-24 17:15:00,2026-06-24 20:00:00,29548.0,29515.25,-67.5
"ZScore_Reversion(20,z=2.0)",SHORT,2026-06-24 20:30:00,2026-06-25 00:45:00,30009.0,29963.5,89.0
"ZScore_Reversion(20,z=2.0)",SHORT,2026-06-25 05:30:00,2026-06-25 09:00:00,30093.0,30121.0,-58.0
"ZScore_Reversion(20,z=2.0)",SHORT,2026-06-25 12:45:00,2026-06-25 13:30:00,30193.75,30153.25,79.0
"ZScore_Reversion(20,z=2.0)",LONG,2026-06-25 13:45:00,2026-06-25 16:15:00,29768.25,29826.5,114.5
"ZScore_Reversion(20,z=2.0)",LONG,2026-06-26 01:45:00,2026-06-26 05:15:00,29507.0,29349.25,-317.5
"ZScore_Reversion(20,z=2.0)",SHORT,2026-06-26 07:00:00,2026-06-26 08:45:00,29502.25,29445.75,111.0
"ZScore_Reversion(20,z=2.0)",LONG,2026-06-26 13:15:00,2026-06-26 13:30:00,29278.25,29362.5,166.5
"ZScore_Reversion(20,z=2.0)",SHORT,2026-06-26 14:15:00,2026-06-26 15:15:00,29588.25,29446.5,281.5
"ZScore_Reversion(20,z=2.0)",SHORT,2026-06-26 15:45:00,2026-06-26 18:00:00,29696.75,29545.25,301.0
"ZScore_Reversion(20,z=2.0)",LONG,2026-06-26 20:00:00,2026-06-28 22:15:00,29318.0,29546.0,454.0
"ZScore_Reversion(20,z=2.0)",SHORT,2026-06-29 05:45:00,2026-06-29 09:45:00,29620.25,29657.5,-76.5
"ZScore_Reversion(20,z=2.0)",SHORT,2026-06-29 10:30:00,2026-06-29 13:00:00,29716.75,29705.75,20.0
"ZScore_Reversion(20,z=2.0)",SHORT,2026-06-29 13:45:00,2026-06-29 14:00:00,29786.0,29618.75,332.5
"ZScore_Reversion(20,z=2.0)",LONG,2026-06-29 14:00:00,2026-06-29 15:00:00,29618.75,29714.25,189.0
"ZScore_Reversion(20,z=2.0)",SHORT,2026-06-30 00:15:00,2026-06-30 00:45:00,30065.0,29942.25,243.5
"ZScore_Reversion(20,z=2.0)",LONG,2026-06-30 00:45:00,2026-06-30 01:00:00,29942.25,30010.75,135.0
"ZScore_Reversion(20,z=2.0)",SHORT,2026-06-30 03:45:00,2026-06-30 06:45:00,30116.0,30104.25,21.5
"ZScore_Reversion(20,z=2.0)",LONG,2026-06-30 08:45:00,2026-06-30 10:15:00,30047.75,30101.0,104.5
"ZScore_Reversion(20,z=2.0)",SHORT,2026-06-30 11:15:00,2026-06-30 12:15:00,30164.5,30090.5,146.0
"ZScore_Reversion(20,z=2.0)",SHORT,2026-06-30 13:45:00,2026-06-30 20:00:00,30212.75,30512.0,-600.5
"ZScore_Reversion(20,z=2.0)",LONG,2026-07-01 01:45:00,2026-07-01 04:00:00,30474.75,30452.25,-47.0
"ZScore_Reversion(20,z=2.0)",LONG,2026-07-01 06:30:00,2026-07-01 10:00:00,30396.0,30384.75,-24.5
"ZScore_Reversion(20,z=2.0)",LONG,2026-07-01 12:45:00,2026-07-01 15:30:00,30271.5,30342.5,140.0
"ZScore_Reversion(20,z=2.0)",SHORT,2026-07-02 01:15:00,2026-07-02 03:30:00,30186.5,30151.25,68.5
"ZScore_Reversion(20,z=2.0)",LONG,2026-07-02 05:45:00,2026-07-02 08:45:00,30053.75,29982.0,-145.5
"ZScore_Reversion(20,z=2.0)",SHORT,2026-07-02 12:15:00,2026-07-02 13:30:00,30131.75,30075.75,110.0
"ZScore_Reversion(20,z=2.0)",LONG,2026-07-02 14:45:00,2026-07-02 20:00:00,29810.0,29539.25,-543.5
"ZScore_Reversion(20,z=2.0)",SHORT,2026-07-03 02:30:00,2026-07-06 00:30:00,29728.0,29882.25,-310.5
"ZScore_Reversion(20,z=2.0)",SHORT,2026-07-06 06:45:00,2026-07-06 08:15:00,29855.0,29824.25,59.5
"ZScore_Reversion(20,z=2.0)",SHORT,2026-07-06 12:15:00,2026-07-06 17:00:00,29932.25,29989.0,-115.5
"ZScore_Reversion(20,z=2.0)",LONG,2026-07-07 00:00:00,2026-07-07 06:00:00,29851.0,29688.75,-326.5
"ZScore_Reversion(20,z=2.0)",LONG,2026-07-07 11:15:00,2026-07-07 16:15:00,29613.0,29467.25,-293.5
"ZScore_Reversion(20,z=2.0)",SHORT,2026-07-08 00:45:00,2026-07-08 02:00:00,29517.0,29437.75,156.5
"ZScore_Reversion(20,z=2.0)",LONG,2026-07-08 06:45:00,2026-07-08 07:45:00,29288.25,29395.0,211.5
"ZScore_Reversion(20,z=2.0)",LONG,2026-07-08 08:30:00,2026-07-08 11:45:00,29080.0,29084.25,6.5
"ZScore_Reversion(20,z=2.0)",SHORT,2026-07-08 13:45:00,2026-07-08 15:00:00,29349.5,29212.0,273.0
"ZScore_Reversion(20,z=2.0)",SHORT,2026-07-08 23:45:00,2026-07-09 02:00:00,29479.5,29450.5,56.0
"ZScore_Reversion(20,z=2.0)",SHORT,2026-07-09 06:00:00,2026-07-09 09:15:00,29606.5,29641.25,-71.5
"ZScore_Reversion(20,z=2.0)",SHORT,2026-07-09 12:30:00,2026-07-09 19:15:00,29748.0,29916.5,-339.0
"ZScore_Reversion(20,z=2.0)",LONG,2026-07-10 00:15:00,2026-07-10 02:00:00,29895.25,29895.0,-2.5
"ZScore_Reversion(20,z=2.0)",LONG,2026-07-10 06:15:00,2026-07-10 09:30:00,29824.75,29810.0,-31.5
"ZScore_Reversion(20,z=2.0)",SHORT,2026-07-10 10:45:00,2026-07-10 12:00:00,29861.5,29816.75,87.5
"ZScore_Reversion(20,z=2.0)",SHORT,2026-07-10 14:00:00,2026-07-10 15:15:00,29922.75,29874.0,95.5
"ZScore_Reversion(20,z=2.0)",SHORT,2026-07-10 15:30:00,2026-07-10 15:45:00,29980.0,29875.25,207.5
"ZScore_Reversion(20,z=2.0)",SHORT,2026-07-10 16:30:00,2026-07-10 20:00:00,30013.25,30037.25,-50.0
"ZScore_Reversion(20,z=2.0)",LONG,2026-07-12 22:15:00,2026-07-13 00:15:00,29866.25,30018.0,301.5
"ZScore_Reversion(20,z=2.0)",SHORT,2026-07-13 09:00:00,2026-07-13 12:00:00,29747.5,29742.0,9.0
"ZScore_Reversion(20,z=2.0)",LONG,2026-07-13 13:45:00,2026-07-13 14:30:00,29596.25,29701.25,208.0
"ZScore_Reversion(20,z=2.0)",LONG,2026-07-13 16:30:00,2026-07-14 00:00:00,29557.75,29422.5,-272.5
"ZScore_Reversion(20,z=2.0)",SHORT,2026-07-14 01:00:00,2026-07-14 02:00:00,29521.0,29447.25,145.5
"ZScore_Reversion(20,z=2.0)",SHORT,2026-07-14 05:30:00,2026-07-14 09:00:00,29605.0,29573.0,62.0
"ZScore_Reversion(20,z=2.0)",SHORT,2026-07-14 11:30:00,2026-07-14 14:15:00,29640.75,29662.75,-46.0
"ZScore_Reversion(20,z=2.0)",SHORT,2026-07-15 00:00:00,2026-07-15 05:30:00,29889.0,29980.75,-185.5
"ZScore_Reversion(20,z=2.0)",LONG,2026-07-15 08:15:00,2026-07-15 11:45:00,29918.25,29928.0,17.5
"ZScore_Reversion(20,z=2.0)",SHORT,2026-07-15 13:00:00,2026-07-15 13:45:00,29980.0,29833.25,291.5
"ZScore_Reversion(20,z=2.0)",LONG,2026-07-15 13:45:00,2026-07-15 17:30:00,29833.25,29604.75,-459.0
"ZScore_Reversion(20,z=2.0)",LONG,2026-07-16 01:30:00,2026-07-16 02:30:00,29604.5,29695.5,180.0
"ZScore_Reversion(20,z=2.0)",LONG,2026-07-16 07:15:00,2026-07-16 09:15:00,29622.25,29626.25,6.0
"ZScore_Reversion(20,z=2.0)",LONG,2026-07-16 13:45:00,2026-07-16 14:15:00,29316.5,29467.5,300.0
"ZScore_Reversion(20,z=2.0)",LONG,2026-07-16 16:15:00,2026-07-17 03:30:00,29293.5,29013.5,-562.0
"ZScore_Reversion(20,z=2.0)",LONG,2026-07-17 04:15:00,2026-07-17 10:00:00,28851.25,28711.75,-281.0
"ZScore_Reversion(20,z=2.0)",LONG,2026-07-17 13:45:00,2026-07-17 14:00:00,28420.25,28678.25,514.0
"ZScore_Reversion(20,z=2.0)",SHORT,2026-07-17 16:00:00,2026-07-17 18:00:00,28934.0,28896.75,72.5
"ZScore_Reversion(20,z=2.0)",SHORT,2026-07-20 00:15:00,2026-07-20 01:30:00,28940.25,28814.25,250.0
"ZScore_Reversion(20,z=2.0)",SHORT,2026-07-20 11:45:00,2026-07-20 14:00:00,29088.75,28995.75,184.0
"ZScore_Reversion(20,z=2.0)",LONG,2026-07-20 19:15:00,2026-07-20 23:30:00,28807.75,28818.75,20.0
"ZScore_Reversion(20,z=2.0)",SHORT,2026-07-21 13:30:00,2026-07-21 14:00:00,29222.5,29153.75,135.5
"ZScore_Reversion(20,z=2.0)",SHORT,2026-07-21 14:45:00,2026-07-21 19:15:00,29224.75,29310.0,-172.5
"ZScore_Reversion(20,z=2.0)",LONG,2026-07-21 22:30:00,2026-07-21 23:30:00,29270.0,29296.25,50.5
"ZScore_Reversion(20,z=2.0)",LONG,2026-07-22 03:15:00,2026-07-22 03:30:00,29213.25,29260.25,92.0
"ZScore_Reversion(20,z=2.0)",LONG,2026-07-22 04:00:00,2026-07-22 09:00:00,29223.0,29110.25,-227.5
"ZScore_Reversion(20,z=2.0)",LONG,2026-07-22 11:45:00,2026-07-22 13:30:00,29041.75,29090.5,95.5
"ZScore_Reversion(20,z=2.0)",SHORT,2026-07-22 14:00:00,2026-07-22 18:00:00,29275.75,29244.0,61.5
"ZScore_Reversion(20,z=2.0)",LONG,2026-07-22 20:00:00,2026-07-22 20:15:00,29160.5,29249.0,175.0
"ZScore_Reversion(20,z=2.0)",LONG,2026-07-22 22:15:00,2026-07-23 00:00:00,29086.0,29143.75,113.5
"ZScore_Reversion(20,z=2.0)",LONG,2026-07-23 07:15:00,2026-07-23 09:00:00,28996.75,29103.5,211.5
"ZScore_Reversion(20,z=2.0)",LONG,2026-07-23 11:45:00,2026-07-23 16:30:00,28927.0,28707.5,-441.0
"ZScore_Reversion(20,z=2.0)",SHORT,2026-07-23 20:30:00,2026-07-23 22:15:00,28768.5,28641.25,252.5
"ZScore_Reversion(20,z=2.0)",LONG,2026-07-24 02:45:00,2026-07-24 05:00:00,28548.0,28567.75,37.5
"ZScore_Reversion(20,z=2.0)",SHORT,2026-07-24 07:15:00,2026-07-24 08:15:00,28637.5,28572.75,127.5
"ZScore_Reversion(20,z=2.0)",LONG,2026-07-24 13:30:00,2026-07-24 15:15:00,28540.25,28492.0,-98.5
"ZScore_Reversion(20,z=2.0)",LONG,2026-07-24 19:15:00,2026-07-27 01:15:00,28223.75,28572.25,695.0
"ZScore_Reversion(20,z=2.0)",LONG,2026-07-27 11:30:00,2026-07-27 13:00:00,28651.5,28690.5,76.0
"ZScore_Reversion(20,z=2.0)",LONG,2026-07-27 13:30:00,2026-07-27 18:00:00,28590.5,28104.75,-973.5
"ZScore_Reversion(20,z=2.0)",SHORT,2026-07-27 19:30:00,2026-07-27 22:15:00,28242.75,28159.0,165.5
"ZScore_Reversion(20,z=2.0)",LONG,2026-07-28 01:15:00,2026-07-28 03:45:00,27993.25,28057.25,126.0
"ZScore_Reversion(20,z=2.0)",LONG,2026-07-28 05:45:00,2026-07-28 07:00:00,27896.5,27948.5,102.0
"ZScore_Reversion(20,z=2.0)",LONG,2026-07-28 11:15:00,2026-07-28 12:00:00,27869.25,27960.5,180.5
"ZScore_Reversion(20,z=2.0)",LONG,2026-07-28 13:45:00,2026-07-28 15:15:00,27749.0,27853.0,206.0
"ZScore_Reversion(20,z=2.0)",LONG,2026-07-28 22:45:00,2026-07-29 00:00:00,27861.75,28102.75,480.0
"ZScore_Reversion(20,z=2.0)",SHORT,2026-07-29 00:00:00,2026-07-29 01:00:00,28102.75,28011.5,180.5
"ZScore_Reversion(20,z=2.0)",LONG,2026-07-29 14:00:00,2026-07-29 17:00:00,27734.0,27604.25,-261.5
"ZScore_Reversion(20,z=2.0)",SHORT,2026-07-29 18:45:00,2026-07-29 19:30:00,27974.5,27716.25,514.5
"ZScore_Reversion(20,z=2.0)",SHORT,2026-07-30 09:30:00,2026-07-30 16:45:00,27554.75,28068.25,-1029.0
"ZScore_Reversion(20,z=2.0)",SHORT,2026-07-30 20:15:00,2026-07-31 02:15:00,28324.25,28438.5,-230.5
"ZScore_Reversion(20,z=2.0)",LONG,2026-07-31 12:15:00,2026-07-31 13:15:00,28480.75,28530.5,97.5
"ZScore_Reversion(20,z=2.0)",LONG,2026-07-31 13:45:00,2026-07-31 16:30:00,28420.0,28363.75,-114.5
"ZScore_Reversion(20,z=2.0)",SHORT,2026-08-02 22:15:00,2026-08-03 05:00:00,28624.0,28650.75,-55.5
"ZScore_Reversion(20,z=2.0)",LONG,2026-08-03 06:45:00,2026-08-03 09:00:00,28609.75,28592.5,-36.5
"ZScore_Reversion(20,z=2.0)",LONG,2026-08-03 12:00:00,2026-08-03 13:45:00,28420.25,28495.0,147.5
"ZScore_Reversion(20,z=2.0)",SHORT,2026-08-03 14:00:00,2026-08-04 00:15:00,28623.75,28932.25,-619.0
"ZScore_Reversion(20,z=2.0)",LONG,2026-08-04 01:15:00,2026-08-04 02:00:00,28859.25,29041.75,363.0
"ZScore_Reversion(20,z=2.0)",SHORT,2026-08-04 02:00:00,2026-08-04 02:30:00,29041.75,28950.25,181.0
"ZScore_Reversion(20,z=2.0)",SHORT,2026-08-04 06:15:00,2026-08-04 08:45:00,29089.0,29066.0,44.0
"ZScore_Reversion(20,z=2.0)",SHORT,2026-08-04 11:15:00,2026-08-04 20:30:00,29144.5,29792.0,-1297.0
"ZScore_Reversion(20,z=2.0)",SHORT,2026-08-05 04:45:00,2026-08-05 07:30:00,29904.5,29905.75,-4.5
"ZScore_Reversion(20,z=2.0)",LONG,2026-08-05 08:30:00,2026-08-05 09:45:00,29836.5,29883.0,91.0
"ZScore_Reversion(20,z=2.0)",SHORT,2026-08-05 13:45:00,2026-08-05 14:30:00,30053.5,29912.75,279.5
"ZScore_Reversion(20,z=2.0)",LONG,2026-08-05 16:00:00,2026-08-05 19:15:00,29738.25,29774.0,69.5
"ZScore_Reversion(20,z=2.0)",LONG,2026-08-05 20:00:00,2026-08-06 02:30:00,29607.0,29545.5,-125.0
"ZScore_Reversion(20,z=2.0)",LONG,2026-08-06 08:15:00,2026-08-06 10:00:00,29460.75,29526.75,130.0
"ZScore_Reversion(20,z=2.0)",LONG,2026-08-06 11:15:00,2026-08-06 11:45:00,29419.75,29492.75,144.0
"ZScore_Reversion(20,z=2.0)",LONG,2026-08-06 12:15:00,2026-08-06 13:45:00,29413.5,29458.0,87.0
"ZScore_Reversion(20,z=2.0)",SHORT,2026-08-06 14:15:00,2026-08-06 15:45:00,29607.5,29534.5,144.0
"ZScore_Reversion(20,z=2.0)",SHORT,2026-08-06 22:15:00,2026-08-07 00:45:00,29571.0,29541.75,56.5
"ZScore_Reversion(20,z=2.0)",SHORT,2026-08-07 06:30:00,2026-08-07 10:15:00,29581.0,29609.25,-58.5
"ZScore_Reversion(20,z=2.0)",SHORT,2026-08-07 12:30:00,2026-08-07 14:00:00,29658.0,29679.75,-45.5
"ZScore_Reversion(20,z=2.0)",SHORT,2026-08-10 06:00:00,2026-08-10 07:00:00,29929.75,29910.0,37.5
"ZScore_Reversion(20,z=2.0)",SHORT,2026-08-10 07:30:00,2026-08-10 09:45:00,29950.75,29943.5,12.5
"ZScore_Reversion(20,z=2.0)",LONG,2026-08-10 11:15:00,2026-08-10 14:15:00,29875.75,29882.0,10.5
"ZScore_Reversion(20,z=2.0)",LONG,2026-08-10 22:45:00,2026-08-11 00:15:00,29724.5,29748.0,45.0
"ZScore_Reversion(20,z=2.0)",SHORT,2026-08-11 01:15:00,2026-08-11 06:00:00,29825.25,29792.5,63.5
"ZScore_Reversion(20,z=2.0)",LONG,2026-08-11 06:00:00,2026-08-11 09:45:00,29792.5,29768.25,-50.5
"ZScore_Reversion(20,z=2.0)",SHORT,2026-08-11 11:15:00,2026-08-11 19:30:00,29871.0,29625.25,489.5
"ZScore_Reversion(20,z=2.0)",SHORT,2026-08-12 02:45:00,2026-08-12 05:15:00,29688.0,29684.0,6.0
"ZScore_Reversion(20,z=2.0)",SHORT,2026-08-12 07:00:00,2026-08-12 15:00:00,29735.75,29869.0,-268.5
"ZScore_Reversion(20,z=2.0)",LONG,2026-08-12 22:00:00,2026-08-13 00:15:00,29826.0,29849.75,45.5
"ZScore_Reversion(20,z=2.0)",SHORT,2026-08-13 05:15:00,2026-08-13 06:00:00,29915.0,29885.25,57.5
"ZScore_Reversion(20,z=2.0)",LONG,2026-08-13 08:15:00,2026-08-13 10:00:00,29838.0,29876.5,75.0
"ZScore_Reversion(20,z=2.0)",SHORT,2026-08-13 13:15:00,2026-08-13 18:00:00,29908.75,30205.0,-594.5
"ATR_Vol_Breakout(14,k=1.5)",SHORT,2026-06-01 13:15:00,2026-06-01 13:45:00,30347.75,30412.0,-130.5
"ATR_Vol_Breakout(14,k=1.5)",LONG,2026-06-01 13:45:00,2026-06-01 14:00:00,30412.0,30314.5,-197.0
"ATR_Vol_Breakout(14,k=1.5)",SHORT,2026-06-01 14:00:00,2026-06-02 13:30:00,30314.5,30557.0,-487.0
"ATR_Vol_Breakout(14,k=1.5)",LONG,2026-06-02 13:30:00,2026-06-02 13:45:00,30557.0,30502.5,-111.0
"ATR_Vol_Breakout(14,k=1.5)",SHORT,2026-06-02 13:45:00,2026-06-02 14:00:00,30502.5,30603.0,-203.0
"ATR_Vol_Breakout(14,k=1.5)",LONG,2026-06-02 14:00:00,2026-06-02 14:30:00,30603.0,30559.25,-89.5
"ATR_Vol_Breakout(14,k=1.5)",SHORT,2026-06-02 14:30:00,2026-06-02 23:45:00,30559.25,30682.25,-248.0
"ATR_Vol_Breakout(14,k=1.5)",LONG,2026-06-02 23:45:00,2026-06-03 13:45:00,30682.25,30624.25,-118.0
"ATR_Vol_Breakout(14,k=1.5)",SHORT,2026-06-03 13:45:00,2026-06-03 14:15:00,30624.25,30687.25,-128.0
"ATR_Vol_Breakout(14,k=1.5)",LONG,2026-06-03 14:15:00,2026-06-04 08:15:00,30687.25,30405.0,-566.5
"ATR_Vol_Breakout(14,k=1.5)",SHORT,2026-06-04 08:15:00,2026-06-04 12:00:00,30405.0,30279.25,249.5
"ATR_Vol_Breakout(14,k=1.5)",LONG,2026-06-04 12:00:00,2026-06-05 13:45:00,30279.25,29931.25,-698.0
"ATR_Vol_Breakout(14,k=1.5)",SHORT,2026-06-05 13:45:00,2026-06-07 22:00:00,29931.25,28898.5,2063.5
"ATR_Vol_Breakout(14,k=1.5)",LONG,2026-06-07 22:00:00,2026-06-08 14:00:00,28898.5,29350.25,901.5
"ATR_Vol_Breakout(14,k=1.5)",SHORT,2026-06-08 14:00:00,2026-06-09 08:15:00,29350.25,29665.5,-632.5
"ATR_Vol_Breakout(14,k=1.5)",LONG,2026-06-09 08:15:00,2026-06-09 14:00:00,29665.5,29672.75,12.5
"ATR_Vol_Breakout(14,k=1.5)",SHORT,2026-06-09 14:00:00,2026-06-10 12:45:00,29672.75,28919.5,1504.5
"ATR_Vol_Breakout(14,k=1.5)",LONG,2026-06-10 12:45:00,2026-06-11 12:30:00,28919.5,28747.0,-347.0
"ATR_Vol_Breakout(14,k=1.5)",SHORT,2026-06-11 12:30:00,2026-06-11 14:00:00,28747.0,28899.5,-307.0
"ATR_Vol_Breakout(14,k=1.5)",LONG,2026-06-11 14:00:00,2026-06-11 15:00:00,28899.5,28649.5,-502.0
"ATR_Vol_Breakout(14,k=1.5)",SHORT,2026-06-11 15:00:00,2026-06-11 17:30:00,28649.5,29086.75,-876.5
"ATR_Vol_Breakout(14,k=1.5)",LONG,2026-06-11 17:30:00,2026-06-12 13:45:00,29086.75,29282.75,390.0
"ATR_Vol_Breakout(14,k=1.5)",SHORT,2026-06-12 13:45:00,2026-06-12 14:15:00,29282.75,29543.75,-524.0
"ATR_Vol_Breakout(14,k=1.5)",LONG,2026-06-12 14:15:00,2026-06-16 12:30:00,29543.75,30863.25,2637.0
"ATR_Vol_Breakout(14,k=1.5)",SHORT,2026-06-16 12:30:00,2026-06-17 14:15:00,30863.25,30444.75,835.0
"ATR_Vol_Breakout(14,k=1.5)",LONG,2026-06-17 14:15:00,2026-06-17 18:15:00,30444.75,30255.25,-381.0
"ATR_Vol_Breakout(14,k=1.5)",SHORT,2026-06-17 18:15:00,2026-06-17 18:45:00,30255.25,30505.25,-502.0
"ATR_Vol_Breakout(14,k=1.5)",LONG,2026-06-17 18:45:00,2026-06-17 19:00:00,30505.25,30274.5,-463.5
"ATR_Vol_Breakout(14,k=1.5)",SHORT,2026-06-17 19:00:00,2026-06-18 13:30:00,30274.5,30594.5,-642.0
"ATR_Vol_Breakout(14,k=1.5)",LONG,2026-06-18 13:30:00,2026-06-18 13:45:00,30594.5,30403.75,-383.5
"ATR_Vol_Breakout(14,k=1.5)",SHORT,2026-06-18 13:45:00,2026-06-22 14:00:00,30403.75,30936.25,-1067.0
"ATR_Vol_Breakout(14,k=1.5)",LONG,2026-06-22 14:00:00,2026-06-22 14:30:00,30936.25,30756.75,-361.0
"ATR_Vol_Breakout(14,k=1.5)",SHORT,2026-06-22 14:30:00,2026-06-23 00:45:00,30756.75,30606.5,298.5
"ATR_Vol_Breakout(14,k=1.5)",LONG,2026-06-23 00:45:00,2026-06-23 01:45:00,30606.5,30471.25,-272.5
"ATR_Vol_Breakout(14,k=1.5)",SHORT,2026-06-23 01:45:00,2026-06-23 14:00:00,30471.25,29926.0,1088.5
"ATR_Vol_Breakout(14,k=1.5)",LONG,2026-06-23 14:00:00,2026-06-25 13:45:00,29926.0,29768.25,-317.5
"ATR_Vol_Breakout(14,k=1.5)",SHORT,2026-06-25 13:45:00,2026-06-25 14:15:00,29768.25,29547.25,440.0
"ATR_Vol_Breakout(14,k=1.5)",LONG,2026-06-25 14:15:00,2026-06-26 20:00:00,29547.25,29318.0,-460.5
"ATR_Vol_Breakout(14,k=1.5)",SHORT,2026-06-26 20:00:00,2026-06-28 22:15:00,29318.0,29546.0,-458.0
"ATR_Vol_Breakout(14,k=1.5)",LONG,2026-06-28 22:15:00,2026-06-29 13:30:00,29546.0,29643.0,192.0
"ATR_Vol_Breakout(14,k=1.5)",SHORT,2026-06-29 13:30:00,2026-06-29 13:45:00,29643.0,29786.0,-288.0
"ATR_Vol_Breakout(14,k=1.5)",LONG,2026-06-29 13:45:00,2026-06-29 14:00:00,29786.0,29618.75,-336.5
"ATR_Vol_Breakout(14,k=1.5)",SHORT,2026-06-29 14:00:00,2026-06-29 14:30:00,29618.75,29546.0,143.5
"ATR_Vol_Breakout(14,k=1.5)",LONG,2026-06-29 14:30:00,2026-06-30 08:45:00,29546.0,30047.75,1001.5
"ATR_Vol_Breakout(14,k=1.5)",SHORT,2026-06-30 08:45:00,2026-06-30 13:45:00,30047.75,30212.75,-332.0
"ATR_Vol_Breakout(14,k=1.5)",LONG,2026-06-30 13:45:00,2026-07-01 02:15:00,30212.75,30392.5,357.5
"ATR_Vol_Breakout(14,k=1.5)",SHORT,2026-07-01 02:15:00,2026-07-01 14:00:00,30392.5,30280.0,223.0
"ATR_Vol_Breakout(14,k=1.5)",LONG,2026-07-01 14:00:00,2026-07-02 06:15:00,30280.0,29954.0,-654.0
"ATR_Vol_Breakout(14,k=1.5)",SHORT,2026-07-02 06:15:00,2026-07-02 12:15:00,29954.0,30131.75,-357.5
"ATR_Vol_Breakout(14,k=1.5)",LONG,2026-07-02 12:15:00,2026-07-02 14:30:00,30131.75,29935.0,-395.5
"ATR_Vol_Breakout(14,k=1.5)",SHORT,2026-07-02 14:30:00,2026-07-03 01:15:00,29935.0,29673.5,521.0
"ATR_Vol_Breakout(14,k=1.5)",LONG,2026-07-03 01:15:00,2026-07-06 13:15:00,29673.5,29859.25,369.5
"ATR_Vol_Breakout(14,k=1.5)",SHORT,2026-07-06 13:15:00,2026-07-06 13:45:00,29859.25,29917.0,-117.5
"ATR_Vol_Breakout(14,k=1.5)",LONG,2026-07-06 13:45:00,2026-07-07 14:00:00,29917.0,29468.75,-898.5
"ATR_Vol_Breakout(14,k=1.5)",SHORT,2026-07-07 14:00:00,2026-07-08 00:15:00,29468.75,29417.75,100.0
"ATR_Vol_Breakout(14,k=1.5)",LONG,2026-07-08 00:15:00,2026-07-08 08:30:00,29417.75,29080.0,-677.5
"ATR_Vol_Breakout(14,k=1.5)",SHORT,2026-07-08 08:30:00,2026-07-08 13:45:00,29080.0,29349.5,-541.0
"ATR_Vol_Breakout(14,k=1.5)",LONG,2026-07-08 13:45:00,2026-07-09 14:15:00,29349.5,29803.5,906.0
"ATR_Vol_Breakout(14,k=1.5)",SHORT,2026-07-09 14:15:00,2026-07-13 00:15:00,29803.5,30018.0,-431.0
"ATR_Vol_Breakout(14,k=1.5)",LONG,2026-07-13 00:15:00,2026-07-13 00:45:00,30018.0,29883.75,-270.5
"ATR_Vol_Breakout(14,k=1.5)",SHORT,2026-07-13 00:45:00,2026-07-14 00:00:00,29883.75,29422.5,920.5
"ATR_Vol_Breakout(14,k=1.5)",LONG,2026-07-14 00:00:00,2026-07-14 14:15:00,29422.5,29662.75,478.5
"ATR_Vol_Breakout(14,k=1.5)",SHORT,2026-07-14 14:15:00,2026-07-14 23:30:00,29662.75,29866.25,-409.0
"ATR_Vol_Breakout(14,k=1.5)",LONG,2026-07-14 23:30:00,2026-07-15 07:30:00,29866.25,29968.0,201.5
"ATR_Vol_Breakout(14,k=1.5)",SHORT,2026-07-15 07:30:00,2026-07-15 12:45:00,29968.0,29952.0,30.0
"ATR_Vol_Breakout(14,k=1.5)",LONG,2026-07-15 12:45:00,2026-07-15 13:45:00,29952.0,29833.25,-239.5
"ATR_Vol_Breakout(14,k=1.5)",SHORT,2026-07-15 13:45:00,2026-07-16 14:15:00,29833.25,29467.5,729.5
"ATR_Vol_Breakout(14,k=1.5)",LONG,2026-07-16 14:15:00,2026-07-17 13:45:00,29467.5,28420.25,-2096.5
"ATR_Vol_Breakout(14,k=1.5)",SHORT,2026-07-17 13:45:00,2026-07-17 14:00:00,28420.25,28678.25,-518.0
"ATR_Vol_Breakout(14,k=1.5)",LONG,2026-07-17 14:00:00,2026-07-20 14:00:00,28678.25,28995.75,633.0
"ATR_Vol_Breakout(14,k=1.5)",SHORT,2026-07-20 14:00:00,2026-07-21 13:30:00,28995.75,29222.5,-455.5
"ATR_Vol_Breakout(14,k=1.5)",LONG,2026-07-21 13:30:00,2026-07-21 13:45:00,29222.5,29142.25,-162.5
"ATR_Vol_Breakout(14,k=1.5)",SHORT,2026-07-21 13:45:00,2026-07-22 13:45:00,29142.25,29179.25,-76.0
"ATR_Vol_Breakout(14,k=1.5)",LONG,2026-07-22 13:45:00,2026-07-23 07:15:00,29179.25,28996.75,-367.0
"ATR_Vol_Breakout(14,k=1.5)",SHORT,2026-07-23 07:15:00,2026-07-23 13:45:00,28996.75,28855.5,280.5
"ATR_Vol_Breakout(14,k=1.5)",LONG,2026-07-23 13:45:00,2026-07-23 14:00:00,28855.5,28706.5,-300.0
"ATR_Vol_Breakout(14,k=1.5)",SHORT,2026-07-23 14:00:00,2026-07-24 07:15:00,28706.5,28637.5,136.0
"ATR_Vol_Breakout(14,k=1.5)",LONG,2026-07-24 07:15:00,2026-07-24 14:00:00,28637.5,28322.5,-632.0
"ATR_Vol_Breakout(14,k=1.5)",SHORT,2026-07-24 14:00:00,2026-07-24 15:00:00,28322.5,28449.0,-255.0
"ATR_Vol_Breakout(14,k=1.5)",LONG,2026-07-24 15:00:00,2026-07-27 11:30:00,28449.0,28651.5,403.0
"ATR_Vol_Breakout(14,k=1.5)",SHORT,2026-07-27 11:30:00,2026-07-27 15:00:00,28651.5,28173.75,953.5
"ATR_Vol_Breakout(14,k=1.5)",LONG,2026-07-27 15:00:00,2026-07-28 13:45:00,28173.75,27749.0,-851.5
"ATR_Vol_Breakout(14,k=1.5)",SHORT,2026-07-28 13:45:00,2026-07-28 23:45:00,27749.0,28015.5,-535.0
"ATR_Vol_Breakout(14,k=1.5)",LONG,2026-07-28 23:45:00,2026-07-29 14:00:00,28015.5,27734.0,-565.0
"ATR_Vol_Breakout(14,k=1.5)",SHORT,2026-07-29 14:00:00,2026-07-29 18:45:00,27734.0,27974.5,-483.0
"ATR_Vol_Breakout(14,k=1.5)",LONG,2026-07-29 18:45:00,2026-07-29 19:30:00,27974.5,27716.25,-518.5
"ATR_Vol_Breakout(14,k=1.5)",SHORT,2026-07-29 19:30:00,2026-07-30 13:45:00,27716.25,27976.75,-523.0
"ATR_Vol_Breakout(14,k=1.5)",LONG,2026-07-30 13:45:00,2026-07-31 06:45:00,27976.75,28484.75,1014.0
"ATR_Vol_Breakout(14,k=1.5)",SHORT,2026-07-31 06:45:00,2026-08-02 22:15:00,28484.75,28624.0,-280.5
"ATR_Vol_Breakout(14,k=1.5)",LONG,2026-08-02 22:15:00,2026-08-03 08:30:00,28624.0,28487.25,-275.5
"ATR_Vol_Breakout(14,k=1.5)",SHORT,2026-08-03 08:30:00,2026-08-03 14:00:00,28487.25,28623.75,-275.0
"ATR_Vol_Breakout(14,k=1.5)",LONG,2026-08-03 14:00:00,2026-08-04 02:15:00,28623.75,28971.25,693.0
"ATR_Vol_Breakout(14,k=1.5)",SHORT,2026-08-04 02:15:00,2026-08-04 13:45:00,28971.25,29411.0,-881.5
"ATR_Vol_Breakout(14,k=1.5)",LONG,2026-08-04 13:45:00,2026-08-04 20:30:00,29411.0,29792.0,760.0
"ATR_Vol_Breakout(14,k=1.5)",SHORT,2026-08-04 20:30:00,2026-08-05 13:45:00,29792.0,30053.5,-525.0
"ATR_Vol_Breakout(14,k=1.5)",LONG,2026-08-05 13:45:00,2026-08-05 20:00:00,30053.5,29607.0,-895.0
"ATR_Vol_Breakout(14,k=1.5)",SHORT,2026-08-05 20:00:00,2026-08-06 13:45:00,29607.0,29458.0,296.0
"ATR_Vol_Breakout(14,k=1.5)",LONG,2026-08-06 13:45:00,2026-08-07 12:00:00,29458.0,29613.5,309.0
"ATR_Vol_Breakout(14,k=1.5)",SHORT,2026-08-07 12:00:00,2026-08-07 12:45:00,29613.5,29807.5,-390.0
"ATR_Vol_Breakout(14,k=1.5)",LONG,2026-08-07 12:45:00,2026-08-07 13:15:00,29807.5,29740.75,-135.5
"ATR_Vol_Breakout(14,k=1.5)",SHORT,2026-08-07 13:15:00,2026-08-07 14:30:00,29740.75,29761.0,-42.5
"ATR_Vol_Breakout(14,k=1.5)",LONG,2026-08-07 14:30:00,2026-08-10 15:00:00,29761.0,29779.5,35.0
"ATR_Vol_Breakout(14,k=1.5)",SHORT,2026-08-10 15:00:00,2026-08-11 10:30:00,29779.5,29821.75,-86.5
"ATR_Vol_Breakout(14,k=1.5)",LONG,2026-08-11 10:30:00,2026-08-11 13:45:00,29821.75,29722.75,-200.0
"ATR_Vol_Breakout(14,k=1.5)",SHORT,2026-08-11 13:45:00,2026-08-12 12:30:00,29722.75,29937.0,-430.5
"ATR_Vol_Breakout(14,k=1.5)",LONG,2026-08-12 12:30:00,2026-08-12 13:45:00,29937.0,29899.5,-77.0
"ATR_Vol_Breakout(14,k=1.5)",SHORT,2026-08-12 13:45:00,2026-08-13 05:15:00,29899.5,29915.0,-33.0
"Supertrend(10,m=3.0)",SHORT,2026-06-01 06:30:00,2026-06-01 15:45:00,30557.75,30538.25,37.0
"Supertrend(10,m=3.0)",LONG,2026-06-01 15:45:00,2026-06-01 22:15:00,30538.25,30475.0,-128.5
"Supertrend(10,m=3.0)",SHORT,2026-06-01 22:15:00,2026-06-02 05:15:00,30475.0,30468.0,12.0
"Supertrend(10,m=3.0)",LONG,2026-06-02 05:15:00,2026-06-02 23:30:00,30468.0,30611.25,284.5
"Supertrend(10,m=3.0)",SHORT,2026-06-02 23:30:00,2026-06-03 09:30:00,30611.25,30766.75,-313.0
"Supertrend(10,m=3.0)",LONG,2026-06-03 09:30:00,2026-06-03 13:45:00,30766.75,30624.25,-287.0
"Supertrend(10,m=3.0)",SHORT,2026-06-03 13:45:00,2026-06-04 15:15:00,30624.25,30451.0,344.5
"Supertrend(10,m=3.0)",LONG,2026-06-04 15:15:00,2026-06-04 20:30:00,30451.0,30413.0,-78.0
"Supertrend(10,m=3.0)",SHORT,2026-06-04 20:30:00,2026-06-05 08:30:00,30413.0,30216.25,391.5
"Supertrend(10,m=3.0)",LONG,2026-06-05 08:30:00,2026-06-05 13:00:00,30216.25,30054.25,-326.0
"Supertrend(10,m=3.0)",SHORT,2026-06-05 13:00:00,2026-06-08 00:30:00,30054.25,29223.5,1659.5
"Supertrend(10,m=3.0)",LONG,2026-06-08 00:30:00,2026-06-08 05:45:00,29223.5,28989.5,-470.0
"Supertrend(10,m=3.0)",SHORT,2026-06-08 05:45:00,2026-06-08 07:30:00,28989.5,29229.0,-481.0
"Supertrend(10,m=3.0)",LONG,2026-06-08 07:30:00,2026-06-08 14:00:00,29229.0,29350.25,240.5
"Supertrend(10,m=3.0)",SHORT,2026-06-08 14:00:00,2026-06-08 15:00:00,29350.25,29676.5,-654.5
"Supertrend(10,m=3.0)",LONG,2026-06-08 15:00:00,2026-06-08 22:15:00,29676.5,29360.25,-634.5
"Supertrend(10,m=3.0)",SHORT,2026-06-08 22:15:00,2026-06-09 03:30:00,29360.25,29540.0,-361.5
"Supertrend(10,m=3.0)",LONG,2026-06-09 03:30:00,2026-06-09 14:15:00,29540.0,29491.5,-99.0
"Supertrend(10,m=3.0)",SHORT,2026-06-09 14:15:00,2026-06-09 18:30:00,29491.5,28973.25,1034.5
"Supertrend(10,m=3.0)",LONG,2026-06-09 18:30:00,2026-06-10 08:45:00,28973.25,28774.5,-399.5
"Supertrend(10,m=3.0)",SHORT,2026-06-10 08:45:00,2026-06-10 12:45:00,28774.5,28919.5,-292.0
"Supertrend(10,m=3.0)",LONG,2026-06-10 12:45:00,2026-06-10 16:15:00,28919.5,28726.75,-387.5
"Supertrend(10,m=3.0)",SHORT,2026-06-10 16:15:00,2026-06-11 01:15:00,28726.75,28712.0,27.5
"Supertrend(10,m=3.0)",LONG,2026-06-11 01:15:00,2026-06-11 12:30:00,28712.0,28747.0,68.0
"Supertrend(10,m=3.0)",SHORT,2026-06-11 12:30:00,2026-06-11 16:15:00,28747.0,28953.0,-414.0
"Supertrend(10,m=3.0)",LONG,2026-06-11 16:15:00,2026-06-12 06:45:00,28953.0,29384.25,860.5
"Supertrend(10,m=3.0)",SHORT,2026-06-12 06:45:00,2026-06-12 08:30:00,29384.25,29531.25,-296.0
"Supertrend(10,m=3.0)",LONG,2026-06-12 08:30:00,2026-06-12 13:00:00,29531.25,29412.25,-240.0
"Supertrend(10,m=3.0)",SHORT,2026-06-12 13:00:00,2026-06-12 15:00:00,29412.25,29634.0,-445.5
"Supertrend(10,m=3.0)",LONG,2026-06-12 15:00:00,2026-06-16 12:45:00,29634.0,30830.75,2391.5
"Supertrend(10,m=3.0)",SHORT,2026-06-16 12:45:00,2026-06-17 05:00:00,30830.75,30485.75,688.0
"Supertrend(10,m=3.0)",LONG,2026-06-17 05:00:00,2026-06-17 10:00:00,30485.75,30462.75,-48.0
"Supertrend(10,m=3.0)",SHORT,2026-06-17 10:00:00,2026-06-18 08:15:00,30462.75,30482.0,-40.5
"Supertrend(10,m=3.0)",LONG,2026-06-18 08:15:00,2026-06-18 13:45:00,30482.0,30403.75,-158.5
"Supertrend(10,m=3.0)",SHORT,2026-06-18 13:45:00,2026-06-18 17:15:00,30403.75,30712.25,-619.0
"Supertrend(10,m=3.0)",LONG,2026-06-18 17:15:00,2026-06-19 03:15:00,30712.25,30577.75,-271.0
"Supertrend(10,m=3.0)",SHORT,2026-06-19 03:15:00,2026-06-22 01:15:00,30577.75,30630.5,-107.5
"Supertrend(10,m=3.0)",LONG,2026-06-22 01:15:00,2026-06-22 14:45:00,30630.5,30626.25,-10.5
"Supertrend(10,m=3.0)",SHORT,2026-06-22 14:45:00,2026-06-23 14:00:00,30626.25,29926.0,1398.5
"Supertrend(10,m=3.0)",LONG,2026-06-23 14:00:00,2026-06-23 18:45:00,29926.0,29629.5,-595.0
"Supertrend(10,m=3.0)",SHORT,2026-06-23 18:45:00,2026-06-24 00:45:00,29629.5,29877.0,-497.0
"Supertrend(10,m=3.0)",LONG,2026-06-24 00:45:00,2026-06-24 13:45:00,29877.0,29662.5,-431.0
"Supertrend(10,m=3.0)",SHORT,2026-06-24 13:45:00,2026-06-24 15:00:00,29662.5,29891.0,-459.0
"Supertrend(10,m=3.0)",LONG,2026-06-24 15:00:00,2026-06-24 17:30:00,29891.0,29411.5,-961.0
"Supertrend(10,m=3.0)",SHORT,2026-06-24 17:30:00,2026-06-24 20:15:00,29411.5,29884.0,-947.0
"Supertrend(10,m=3.0)",LONG,2026-06-24 20:15:00,2026-06-25 13:45:00,29884.0,29768.25,-233.5
"Supertrend(10,m=3.0)",SHORT,2026-06-25 13:45:00,2026-06-26 07:00:00,29768.25,29502.25,530.0
"Supertrend(10,m=3.0)",LONG,2026-06-26 07:00:00,2026-06-26 13:15:00,29502.25,29278.25,-450.0
"Supertrend(10,m=3.0)",SHORT,2026-06-26 13:15:00,2026-06-26 14:15:00,29278.25,29588.25,-622.0
"Supertrend(10,m=3.0)",LONG,2026-06-26 14:15:00,2026-06-26 20:45:00,29588.25,29271.25,-636.0
"Supertrend(10,m=3.0)",SHORT,2026-06-26 20:45:00,2026-06-28 23:15:00,29271.25,29639.0,-737.5
"Supertrend(10,m=3.0)",LONG,2026-06-28 23:15:00,2026-06-29 00:30:00,29639.0,29380.0,-520.0
"Supertrend(10,m=3.0)",SHORT,2026-06-29 00:30:00,2026-06-29 10:30:00,29380.0,29716.75,-675.5
"Supertrend(10,m=3.0)",LONG,2026-06-29 10:30:00,2026-06-29 14:15:00,29716.75,29330.0,-775.5
"Supertrend(10,m=3.0)",SHORT,2026-06-29 14:15:00,2026-06-29 15:45:00,29330.0,29818.75,-979.5
"Supertrend(10,m=3.0)",LONG,2026-06-29 15:45:00,2026-06-30 08:45:00,29818.75,30047.75,456.0
"Supertrend(10,m=3.0)",SHORT,2026-06-30 08:45:00,2026-06-30 13:45:00,30047.75,30212.75,-332.0
"Supertrend(10,m=3.0)",LONG,2026-06-30 13:45:00,2026-07-01 02:15:00,30212.75,30392.5,357.5
"Supertrend(10,m=3.0)",SHORT,2026-07-01 02:15:00,2026-07-02 01:15:00,30392.5,30186.5,410.0
"Supertrend(10,m=3.0)",LONG,2026-07-02 01:15:00,2026-07-02 06:00:00,30186.5,30052.0,-271.0
"Supertrend(10,m=3.0)",SHORT,2026-07-02 06:00:00,2026-07-02 11:45:00,30052.0,30058.0,-14.0
"Supertrend(10,m=3.0)",LONG,2026-07-02 11:45:00,2026-07-02 14:30:00,30058.0,29935.0,-248.0
"Supertrend(10,m=3.0)",SHORT,2026-07-02 14:30:00,2026-07-03 02:30:00,29935.0,29728.0,412.0
"Supertrend(10,m=3.0)",LONG,2026-07-03 02:30:00,2026-07-06 02:15:00,29728.0,29761.25,64.5
"Supertrend(10,m=3.0)",SHORT,2026-07-06 02:15:00,2026-07-06 14:15:00,29761.25,30021.75,-523.0
"Supertrend(10,m=3.0)",LONG,2026-07-06 14:15:00,2026-07-07 00:00:00,30021.75,29851.0,-343.5
"Supertrend(10,m=3.0)",SHORT,2026-07-07 00:00:00,2026-07-07 07:15:00,29851.0,29717.5,265.0
"Supertrend(10,m=3.0)",LONG,2026-07-07 07:15:00,2026-07-07 14:00:00,29717.5,29468.75,-499.5
"Supertrend(10,m=3.0)",SHORT,2026-07-07 14:00:00,2026-07-07 17:45:00,29468.75,29561.25,-187.0
"Supertrend(10,m=3.0)",LONG,2026-07-07 17:45:00,2026-07-07 19:15:00,29561.25,29334.5,-455.5
"Supertrend(10,m=3.0)",SHORT,2026-07-07 19:15:00,2026-07-08 00:45:00,29334.5,29517.0,-367.0
"Supertrend(10,m=3.0)",LONG,2026-07-08 00:45:00,2026-07-08 06:30:00,29517.0,29320.25,-395.5
"Supertrend(10,m=3.0)",SHORT,2026-07-08 06:30:00,2026-07-08 13:15:00,29320.25,29212.0,214.5
"Supertrend(10,m=3.0)",LONG,2026-07-08 13:15:00,2026-07-08 15:30:00,29212.0,29058.0,-310.0
"Supertrend(10,m=3.0)",SHORT,2026-07-08 15:30:00,2026-07-08 17:30:00,29058.0,29441.5,-769.0
"Supertrend(10,m=3.0)",LONG,2026-07-08 17:30:00,2026-07-10 00:30:00,29441.5,29838.0,791.0
"Supertrend(10,m=3.0)",SHORT,2026-07-10 00:30:00,2026-07-10 14:00:00,29838.0,29922.75,-171.5
"Supertrend(10,m=3.0)",LONG,2026-07-10 14:00:00,2026-07-12 22:15:00,29922.75,29866.25,-115.0
"Supertrend(10,m=3.0)",SHORT,2026-07-12 22:15:00,2026-07-13 00:15:00,29866.25,30018.0,-305.5
"Supertrend(10,m=3.0)",LONG,2026-07-13 00:15:00,2026-07-13 01:15:00,30018.0,29812.75,-412.5
"Supertrend(10,m=3.0)",SHORT,2026-07-13 01:15:00,2026-07-13 09:45:00,29812.75,29773.25,77.0
"Supertrend(10,m=3.0)",LONG,2026-07-13 09:45:00,2026-07-13 13:45:00,29773.25,29596.25,-356.0
"Supertrend(10,m=3.0)",SHORT,2026-07-13 13:45:00,2026-07-14 01:00:00,29596.25,29521.0,148.5
"Supertrend(10,m=3.0)",LONG,2026-07-14 01:00:00,2026-07-15 08:15:00,29521.0,29918.25,792.5
"Supertrend(10,m=3.0)",SHORT,2026-07-15 08:15:00,2026-07-15 18:15:00,29918.25,29716.25,402.0
"Supertrend(10,m=3.0)",LONG,2026-07-15 18:15:00,2026-07-16 07:15:00,29716.25,29622.25,-190.0
"Supertrend(10,m=3.0)",SHORT,2026-07-16 07:15:00,2026-07-17 10:15:00,29622.25,28767.0,1708.5
"Supertrend(10,m=3.0)",LONG,2026-07-17 10:15:00,2026-07-17 13:30:00,28767.0,28607.0,-322.0
"Supertrend(10,m=3.0)",SHORT,2026-07-17 13:30:00,2026-07-17 14:15:00,28607.0,28805.25,-398.5
"Supertrend(10,m=3.0)",LONG,2026-07-17 14:15:00,2026-07-20 15:00:00,28805.25,28891.75,171.0
"Supertrend(10,m=3.0)",SHORT,2026-07-20 15:00:00,2026-07-21 01:15:00,28891.75,28904.5,-27.5
"Supertrend(10,m=3.0)",LONG,2026-07-21 01:15:00,2026-07-22 03:15:00,28904.5,29213.25,615.5
"Supertrend(10,m=3.0)",SHORT,2026-07-22 03:15:00,2026-07-22 13:45:00,29213.25,29179.25,66.0
"Supertrend(10,m=3.0)",LONG,2026-07-22 13:45:00,2026-07-22 20:00:00,29179.25,29160.5,-39.5
"Supertrend(10,m=3.0)",SHORT,2026-07-22 20:00:00,2026-07-23 00:30:00,29160.5,29225.0,-131.0
"Supertrend(10,m=3.0)",LONG,2026-07-23 00:30:00,2026-07-23 02:45:00,29225.0,29069.5,-313.0
"Supertrend(10,m=3.0)",SHORT,2026-07-23 02:45:00,2026-07-23 20:30:00,29069.5,28768.5,600.0
"Supertrend(10,m=3.0)",LONG,2026-07-23 20:30:00,2026-07-24 03:45:00,28768.5,28503.5,-532.0
"Supertrend(10,m=3.0)",SHORT,2026-07-24 03:45:00,2026-07-24 07:30:00,28503.5,28654.0,-303.0
"Supertrend(10,m=3.0)",LONG,2026-07-24 07:30:00,2026-07-24 13:30:00,28654.0,28540.25,-229.5
"Supertrend(10,m=3.0)",SHORT,2026-07-24 13:30:00,2026-07-26 22:15:00,28540.25,28613.5,-148.5
"Supertrend(10,m=3.0)",LONG,2026-07-26 22:15:00,2026-07-27 11:30:00,28613.5,28651.5,74.0
"Supertrend(10,m=3.0)",SHORT,2026-07-27 11:30:00,2026-07-28 15:45:00,28651.5,28032.0,1237.0
"Supertrend(10,m=3.0)",LONG,2026-07-28 15:45:00,2026-07-28 23:00:00,28032.0,27759.5,-547.0
"Supertrend(10,m=3.0)",SHORT,2026-07-28 23:00:00,2026-07-29 00:00:00,27759.5,28102.75,-688.5
"Supertrend(10,m=3.0)",LONG,2026-07-29 00:00:00,2026-07-29 02:00:00,28102.75,27785.0,-637.5
"Supertrend(10,m=3.0)",SHORT,2026-07-29 02:00:00,2026-07-29 07:00:00,27785.0,27928.0,-288.0
"Supertrend(10,m=3.0)",LONG,2026-07-29 07:00:00,2026-07-29 14:00:00,27928.0,27734.0,-390.0
"Supertrend(10,m=3.0)",SHORT,2026-07-29 14:00:00,2026-07-29 18:15:00,27734.0,27800.0,-134.0
"Supertrend(10,m=3.0)",LONG,2026-07-29 18:15:00,2026-07-29 19:45:00,27800.0,27473.5,-655.0
"Supertrend(10,m=3.0)",SHORT,2026-07-29 19:45:00,2026-07-30 10:30:00,27473.5,27615.75,-286.5
"Supertrend(10,m=3.0)",LONG,2026-07-30 10:30:00,2026-07-31 12:45:00,27615.75,28453.0,1672.5
"Supertrend(10,m=3.0)",SHORT,2026-07-31 12:45:00,2026-08-02 22:15:00,28453.0,28624.0,-344.0
"Supertrend(10,m=3.0)",LONG,2026-08-02 22:15:00,2026-08-03 08:30:00,28624.0,28487.25,-275.5
"Supertrend(10,m=3.0)",SHORT,2026-08-03 08:30:00,2026-08-03 14:00:00,28487.25,28623.75,-275.0
"Supertrend(10,m=3.0)",LONG,2026-08-03 14:00:00,2026-08-04 01:15:00,28623.75,28859.25,469.0
"Supertrend(10,m=3.0)",SHORT,2026-08-04 01:15:00,2026-08-04 02:00:00,28859.25,29041.75,-367.0
"Supertrend(10,m=3.0)",LONG,2026-08-04 02:00:00,2026-08-05 08:15:00,29041.75,29865.0,1644.5
"Supertrend(10,m=3.0)",SHORT,2026-08-05 08:15:00,2026-08-05 13:30:00,29865.0,29975.25,-222.5
"Supertrend(10,m=3.0)",LONG,2026-08-05 13:30:00,2026-08-05 15:15:00,29975.25,29841.0,-270.5
"Supertrend(10,m=3.0)",SHORT,2026-08-05 15:15:00,2026-08-06 14:00:00,29841.0,29529.0,622.0
"Supertrend(10,m=3.0)",LONG,2026-08-06 14:00:00,2026-08-07 14:15:00,29529.0,29585.0,110.0
"Supertrend(10,m=3.0)",SHORT,2026-08-07 14:15:00,2026-08-10 00:15:00,29585.0,29891.5,-615.0
"Supertrend(10,m=3.0)",LONG,2026-08-10 00:15:00,2026-08-10 11:15:00,29891.5,29875.75,-33.5
"Supertrend(10,m=3.0)",SHORT,2026-08-10 11:15:00,2026-08-11 01:15:00,29875.75,29825.25,99.0
"Supertrend(10,m=3.0)",LONG,2026-08-11 01:15:00,2026-08-11 06:30:00,29825.25,29770.5,-111.5
"Supertrend(10,m=3.0)",SHORT,2026-08-11 06:30:00,2026-08-11 11:15:00,29770.5,29871.0,-203.0
"Supertrend(10,m=3.0)",LONG,2026-08-11 11:15:00,2026-08-11 13:45:00,29871.0,29722.75,-298.5
"Supertrend(10,m=3.0)",SHORT,2026-08-11 13:45:00,2026-08-12 03:00:00,29722.75,29702.75,38.0
"Supertrend(10,m=3.0)",LONG,2026-08-12 03:00:00,2026-08-12 20:30:00,29702.75,29820.0,232.5
"Supertrend(10,m=3.0)",SHORT,2026-08-12 20:30:00,2026-08-13 05:15:00,29820.0,29915.0,-192.0
"Supertrend(10,m=3.0)",LONG,2026-08-13 05:15:00,2026-08-13 08:15:00,29915.0,29838.0,-156.0
"Supertrend(10,m=3.0)",SHORT,2026-08-13 08:15:00,2026-08-13 13:45:00,29838.0,30012.75,-351.5
"VWAP_Reversion(20,2%)",LONG,2026-06-09 15:30:00,2026-06-09 18:30:00,28861.25,28973.25,222.0
Engulfing_Reversal(0.3),SHORT,2026-06-01 08:15:00,2026-06-01 11:45:00,30476.0,30483.75,-17.5
Engulfing_Reversal(0.3),LONG,2026-06-01 11:45:00,2026-06-01 13:00:00,30483.75,30449.0,-71.5
Engulfing_Reversal(0.3),SHORT,2026-06-01 13:00:00,2026-06-01 13:45:00,30449.0,30412.0,72.0
Engulfing_Reversal(0.3),LONG,2026-06-01 13:45:00,2026-06-01 18:15:00,30412.0,30635.25,444.5
Engulfing_Reversal(0.3),SHORT,2026-06-01 18:15:00,2026-06-02 13:30:00,30635.25,30557.0,154.5
Engulfing_Reversal(0.3),LONG,2026-06-02 13:30:00,2026-06-02 14:30:00,30557.0,30559.25,2.5
Engulfing_Reversal(0.3),SHORT,2026-06-02 14:30:00,2026-06-02 17:00:00,30559.25,30691.0,-265.5
Engulfing_Reversal(0.3),LONG,2026-06-02 17:00:00,2026-06-02 17:30:00,30691.0,30643.0,-98.0
Engulfing_Reversal(0.3),SHORT,2026-06-02 17:30:00,2026-06-02 19:00:00,30643.0,30639.0,6.0
Engulfing_Reversal(0.3),LONG,2026-06-02 19:00:00,2026-06-03 00:15:00,30639.0,30678.0,76.0
Engulfing_Reversal(0.3),SHORT,2026-06-03 00:15:00,2026-06-03 06:30:00,30678.0,30690.25,-26.5
Engulfing_Reversal(0.3),LONG,2026-06-03 06:30:00,2026-06-03 08:45:00,30690.25,30716.75,51.0
Engulfing_Reversal(0.3),SHORT,2026-06-03 08:45:00,2026-06-03 13:15:00,30716.75,30730.5,-29.5
Engulfing_Reversal(0.3),LONG,2026-06-03 13:15:00,2026-06-03 13:45:00,30730.5,30624.25,-214.5
Engulfing_Reversal(0.3),SHORT,2026-06-03 13:45:00,2026-06-03 17:00:00,30624.25,30607.25,32.0
Engulfing_Reversal(0.3),LONG,2026-06-03 17:00:00,2026-06-03 19:15:00,30607.25,30637.25,58.0
Engulfing_Reversal(0.3),SHORT,2026-06-03 19:15:00,2026-06-03 19:45:00,30637.25,30683.75,-95.0
Engulfing_Reversal(0.3),LONG,2026-06-03 19:45:00,2026-06-03 22:30:00,30683.75,30436.5,-496.5
Engulfing_Reversal(0.3),SHORT,2026-06-03 22:30:00,2026-06-04 04:00:00,30436.5,30475.0,-79.0
Engulfing_Reversal(0.3),LONG,2026-06-04 04:00:00,2026-06-04 11:45:00,30475.0,30196.5,-559.0
Engulfing_Reversal(0.3),SHORT,2026-06-04 11:45:00,2026-06-04 12:00:00,30196.5,30279.25,-167.5
Engulfing_Reversal(0.3),LONG,2026-06-04 12:00:00,2026-06-05 05:15:00,30279.25,30198.5,-163.5
Engulfing_Reversal(0.3),SHORT,2026-06-05 05:15:00,2026-06-05 18:00:00,30198.5,29471.5,1452.0
Engulfing_Reversal(0.3),LONG,2026-06-05 18:00:00,2026-06-05 18:15:00,29471.5,29318.0,-309.0
Engulfing_Reversal(0.3),SHORT,2026-06-05 18:15:00,2026-06-07 23:45:00,29318.0,29023.5,587.0
Engulfing_Reversal(0.3),LONG,2026-06-07 23:45:00,2026-06-08 01:00:00,29023.5,29218.5,388.0
Engulfing_Reversal(0.3),SHORT,2026-06-08 01:00:00,2026-06-08 02:30:00,29218.5,29173.5,88.0
Engulfing_Reversal(0.3),LONG,2026-06-08 02:30:00,2026-06-08 05:45:00,29173.5,28989.5,-370.0
Engulfing_Reversal(0.3),SHORT,2026-06-08 05:45:00,2026-06-08 08:00:00,28989.5,29255.25,-533.5
Engulfing_Reversal(0.3),LONG,2026-06-08 08:00:00,2026-06-08 15:30:00,29255.25,29630.25,748.0
Engulfing_Reversal(0.3),SHORT,2026-06-08 15:30:00,2026-06-08 17:30:00,29630.25,29602.0,54.5
Engulfing_Reversal(0.3),LONG,2026-06-08 17:30:00,2026-06-08 17:45:00,29602.0,29511.75,-182.5
Engulfing_Reversal(0.3),SHORT,2026-06-08 17:45:00,2026-06-09 08:45:00,29511.75,29677.75,-334.0
Engulfing_Reversal(0.3),LONG,2026-06-09 08:45:00,2026-06-09 15:30:00,29677.75,28861.25,-1635.0
Engulfing_Reversal(0.3),SHORT,2026-06-09 15:30:00,2026-06-10 06:00:00,28861.25,28945.0,-169.5
Engulfing_Reversal(0.3),LONG,2026-06-10 06:00:00,2026-06-10 08:15:00,28945.0,28876.25,-139.5
Engulfing_Reversal(0.3),SHORT,2026-06-10 08:15:00,2026-06-10 09:30:00,28876.25,28776.75,197.0
Engulfing_Reversal(0.3),LONG,2026-06-10 09:30:00,2026-06-10 10:15:00,28776.75,28763.0,-29.5
Engulfing_Reversal(0.3),SHORT,2026-06-10 10:15:00,2026-06-10 12:00:00,28763.0,28680.75,162.5
Engulfing_Reversal(0.3),LONG,2026-06-10 12:00:00,2026-06-10 14:45:00,28680.75,29082.25,801.0
Engulfing_Reversal(0.3),SHORT,2026-06-10 14:45:00,2026-06-10 19:45:00,29082.25,28620.25,922.0
Engulfing_Reversal(0.3),LONG,2026-06-10 19:45:00,2026-06-11 01:45:00,28620.25,28706.75,171.0
Engulfing_Reversal(0.3),SHORT,2026-06-11 01:45:00,2026-06-11 04:30:00,28706.75,28743.75,-76.0
Engulfing_Reversal(0.3),LONG,2026-06-11 04:30:00,2026-06-11 10:30:00,28743.75,28877.5,265.5
Engulfing_Reversal(0.3),SHORT,2026-06-11 10:30:00,2026-06-11 15:45:00,28877.5,28816.5,120.0
Engulfing_Reversal(0.3),LONG,2026-06-11 15:45:00,2026-06-11 16:30:00,28816.5,28845.5,56.0
Engulfing_Reversal(0.3),SHORT,2026-06-11 16:30:00,2026-06-11 17:30:00,28845.5,29086.75,-484.5
Engulfing_Reversal(0.3),LONG,2026-06-11 17:30:00,2026-06-11 23:15:00,29086.75,29543.75,912.0
Engulfing_Reversal(0.3),SHORT,2026-06-11 23:15:00,2026-06-12 15:00:00,29543.75,29634.0,-182.5
Engulfing_Reversal(0.3),LONG,2026-06-12 15:00:00,2026-06-12 15:45:00,29634.0,29569.75,-130.5
Engulfing_Reversal(0.3),SHORT,2026-06-12 15:45:00,2026-06-15 02:15:00,29569.75,30186.75,-1236.0
Engulfing_Reversal(0.3),LONG,2026-06-15 02:15:00,2026-06-15 10:45:00,30186.75,30547.25,719.0
Engulfing_Reversal(0.3),SHORT,2026-06-15 10:45:00,2026-06-15 13:00:00,30547.25,30581.25,-70.0
Engulfing_Reversal(0.3),LONG,2026-06-15 13:00:00,2026-06-15 14:45:00,30581.25,30716.5,268.5
Engulfing_Reversal(0.3),SHORT,2026-06-15 14:45:00,2026-06-15 17:30:00,30716.5,30883.75,-336.5
Engulfing_Reversal(0.3),LONG,2026-06-15 17:30:00,2026-06-15 18:30:00,30883.75,30840.25,-89.0
Engulfing_Reversal(0.3),SHORT,2026-06-15 18:30:00,2026-06-15 23:30:00,30840.25,30827.5,23.5
Engulfing_Reversal(0.3),LONG,2026-06-15 23:30:00,2026-06-16 06:45:00,30827.5,30815.75,-25.5
Engulfing_Reversal(0.3),SHORT,2026-06-16 06:45:00,2026-06-16 07:30:00,30815.75,30839.25,-49.0
Engulfing_Reversal(0.3),LONG,2026-06-16 07:30:00,2026-06-16 14:30:00,30839.25,30682.25,-316.0
Engulfing_Reversal(0.3),SHORT,2026-06-16 14:30:00,2026-06-16 16:15:00,30682.25,30533.0,296.5
Engulfing_Reversal(0.3),LONG,2026-06-16 16:15:00,2026-06-16 16:45:00,30533.0,30499.75,-68.5
Engulfing_Reversal(0.3),SHORT,2026-06-16 16:45:00,2026-06-16 18:00:00,30499.75,30477.25,43.0
Engulfing_Reversal(0.3),LONG,2026-06-16 18:00:00,2026-06-16 23:15:00,30477.25,30352.0,-252.5
Engulfing_Reversal(0.3),SHORT,2026-06-16 23:15:00,2026-06-17 04:30:00,30352.0,30473.5,-245.0
Engulfing_Reversal(0.3),LONG,2026-06-17 04:30:00,2026-06-17 09:45:00,30473.5,30498.25,47.5
Engulfing_Reversal(0.3),SHORT,2026-06-17 09:45:00,2026-06-17 13:30:00,30498.25,30526.0,-57.5
Engulfing_Reversal(0.3),LONG,2026-06-17 13:30:00,2026-06-17 14:45:00,30526.0,30432.0,-190.0
Engulfing_Reversal(0.3),SHORT,2026-06-17 14:45:00,2026-06-17 16:30:00,30432.0,30457.25,-52.5
Engulfing_Reversal(0.3),LONG,2026-06-17 16:30:00,2026-06-17 16:45:00,30457.25,30430.25,-56.0
Engulfing_Reversal(0.3),SHORT,2026-06-17 16:45:00,2026-06-17 17:30:00,30430.25,30418.25,22.0
Engulfing_Reversal(0.3),LONG,2026-06-17 17:30:00,2026-06-17 19:30:00,30418.25,30128.0,-582.5
Engulfing_Reversal(0.3),SHORT,2026-06-17 19:30:00,2026-06-18 00:00:00,30128.0,30313.5,-373.0
Engulfing_Reversal(0.3),LONG,2026-06-18 00:00:00,2026-06-18 01:00:00,30313.5,30367.75,106.5
Engulfing_Reversal(0.3),SHORT,2026-06-18 01:00:00,2026-06-18 01:15:00,30367.75,30429.75,-126.0
Engulfing_Reversal(0.3),LONG,2026-06-18 01:15:00,2026-06-18 03:00:00,30429.75,30401.5,-58.5
Engulfing_Reversal(0.3),SHORT,2026-06-18 03:00:00,2026-06-18 03:30:00,30401.5,30405.0,-9.0
Engulfing_Reversal(0.3),LONG,2026-06-18 03:30:00,2026-06-18 03:45:00,30405.0,30378.25,-55.5
Engulfing_Reversal(0.3),SHORT,2026-06-18 03:45:00,2026-06-18 05:30:00,30378.25,30363.25,28.0
Engulfing_Reversal(0.3),LONG,2026-06-18 05:30:00,2026-06-18 09:00:00,30363.25,30397.5,66.5
Engulfing_Reversal(0.3),SHORT,2026-06-18 09:00:00,2026-06-18 14:45:00,30397.5,30573.25,-353.5
Engulfing_Reversal(0.3),LONG,2026-06-18 14:45:00,2026-06-18 15:30:00,30573.25,30582.5,16.5
Engulfing_Reversal(0.3),SHORT,2026-06-18 15:30:00,2026-06-18 16:00:00,30582.5,30641.0,-119.0
Engulfing_Reversal(0.3),LONG,2026-06-18 16:00:00,2026-06-18 18:00:00,30641.0,30708.75,133.5
Engulfing_Reversal(0.3),SHORT,2026-06-18 18:00:00,2026-06-19 02:30:00,30708.75,30605.5,204.5
Engulfing_Reversal(0.3),LONG,2026-06-19 02:30:00,2026-06-19 03:00:00,30605.5,30593.0,-27.0
Engulfing_Reversal(0.3),SHORT,2026-06-19 03:00:00,2026-06-22 00:15:00,30593.0,30496.0,192.0
Engulfing_Reversal(0.3),LONG,2026-06-22 00:15:00,2026-06-22 16:00:00,30496.0,30556.75,119.5
Engulfing_Reversal(0.3),SHORT,2026-06-22 16:00:00,2026-06-22 17:30:00,30556.75,30597.25,-83.0
Engulfing_Reversal(0.3),LONG,2026-06-22 17:30:00,2026-06-22 18:45:00,30597.25,30582.75,-31.0
Engulfing_Reversal(0.3),SHORT,2026-06-22 18:45:00,2026-06-23 04:00:00,30582.75,30370.0,423.5
Engulfing_Reversal(0.3),LONG,2026-06-23 04:00:00,2026-06-23 09:45:00,30370.0,29863.75,-1014.5
Engulfing_Reversal(0.3),SHORT,2026-06-23 09:45:00,2026-06-23 11:45:00,29863.75,29867.75,-10.0
Engulfing_Reversal(0.3),LONG,2026-06-23 11:45:00,2026-06-23 17:00:00,29867.75,29864.0,-9.5
Engulfing_Reversal(0.3),SHORT,2026-06-23 17:00:00,2026-06-23 20:15:00,29864.0,29707.75,310.5
Engulfing_Reversal(0.3),LONG,2026-06-23 20:15:00,2026-06-24 06:00:00,29707.75,29819.5,221.5
Engulfing_Reversal(0.3),SHORT,2026-06-24 06:00:00,2026-06-24 07:45:00,29819.5,29815.5,6.0
Engulfing_Reversal(0.3),LONG,2026-06-24 07:45:00,2026-06-24 09:30:00,29815.5,29806.75,-19.5
Engulfing_Reversal(0.3),SHORT,2026-06-24 09:30:00,2026-06-24 10:30:00,29806.75,29817.75,-24.0
Engulfing_Reversal(0.3),LONG,2026-06-24 10:30:00,2026-06-24 15:15:00,29817.75,29781.5,-74.5
Engulfing_Reversal(0.3),SHORT,2026-06-24 15:15:00,2026-06-24 19:30:00,29781.5,29384.0,793.0
Engulfing_Reversal(0.3),LONG,2026-06-24 19:30:00,2026-06-24 23:00:00,29384.0,30050.25,1330.5
Engulfing_Reversal(0.3),SHORT,2026-06-24 23:00:00,2026-06-25 03:00:00,30050.25,29999.25,100.0
Engulfing_Reversal(0.3),LONG,2026-06-25 03:00:00,2026-06-25 08:30:00,29999.25,30171.25,342.0
Engulfing_Reversal(0.3),SHORT,2026-06-25 08:30:00,2026-06-25 09:45:00,30171.25,30148.0,44.5
Engulfing_Reversal(0.3),LONG,2026-06-25 09:45:00,2026-06-25 10:45:00,30148.0,30153.0,8.0
Engulfing_Reversal(0.3),SHORT,2026-06-25 10:45:00,2026-06-25 12:45:00,30153.0,30193.75,-83.5
Engulfing_Reversal(0.3),LONG,2026-06-25 12:45:00,2026-06-25 13:15:00,30193.75,30165.0,-59.5
Engulfing_Reversal(0.3),SHORT,2026-06-25 13:15:00,2026-06-25 18:30:00,30165.0,29877.25,573.5
Engulfing_Reversal(0.3),LONG,2026-06-25 18:30:00,2026-06-25 20:45:00,29877.25,29778.75,-199.0
Engulfing_Reversal(0.3),SHORT,2026-06-25 20:45:00,2026-06-26 07:30:00,29778.75,29538.5,478.5
Engulfing_Reversal(0.3),LONG,2026-06-26 07:30:00,2026-06-26 08:15:00,29538.5,29469.25,-140.5
Engulfing_Reversal(0.3),SHORT,2026-06-26 08:15:00,2026-06-26 12:15:00,29469.25,29420.5,95.5
Engulfing_Reversal(0.3),LONG,2026-06-26 12:15:00,2026-06-26 14:45:00,29420.5,29493.75,144.5
Engulfing_Reversal(0.3),SHORT,2026-06-26 14:45:00,2026-06-26 19:45:00,29493.75,29538.5,-91.5
Engulfing_Reversal(0.3),LONG,2026-06-26 19:45:00,2026-06-26 20:00:00,29538.5,29318.0,-443.0
Engulfing_Reversal(0.3),SHORT,2026-06-26 20:00:00,2026-06-28 22:00:00,29318.0,29504.5,-375.0
Engulfing_Reversal(0.3),LONG,2026-06-28 22:00:00,2026-06-29 03:00:00,29504.5,29525.75,40.5
Engulfing_Reversal(0.3),SHORT,2026-06-29 03:00:00,2026-06-29 04:00:00,29525.75,29592.0,-134.5
Engulfing_Reversal(0.3),LONG,2026-06-29 04:00:00,2026-06-29 11:15:00,29592.0,29712.25,238.5
Engulfing_Reversal(0.3),SHORT,2026-06-29 11:15:00,2026-06-29 12:15:00,29712.25,29727.25,-32.0
Engulfing_Reversal(0.3),LONG,2026-06-29 12:15:00,2026-06-30 02:15:00,29727.25,30008.25,560.0
Engulfing_Reversal(0.3),SHORT,2026-06-30 02:15:00,2026-06-30 14:30:00,30008.25,30410.75,-807.0
Engulfing_Reversal(0.3),LONG,2026-06-30 14:30:00,2026-06-30 15:00:00,30410.75,30305.25,-213.0
Engulfing_Reversal(0.3),SHORT,2026-06-30 15:00:00,2026-07-01 03:15:00,30305.25,30461.75,-315.0
Engulfing_Reversal(0.3),LONG,2026-07-01 03:15:00,2026-07-01 07:00:00,30461.75,30391.75,-142.0
Engulfing_Reversal(0.3),SHORT,2026-07-01 07:00:00,2026-07-01 08:45:00,30391.75,30358.0,65.5
Engulfing_Reversal(0.3),LONG,2026-07-01 08:45:00,2026-07-01 11:30:00,30358.0,30399.0,80.0
Engulfing_Reversal(0.3),SHORT,2026-07-01 11:30:00,2026-07-01 19:15:00,30399.0,30187.25,421.5
Engulfing_Reversal(0.3),LONG,2026-07-01 19:15:00,2026-07-01 19:45:00,30187.25,30143.5,-89.5
Engulfing_Reversal(0.3),SHORT,2026-07-01 19:45:00,2026-07-02 01:00:00,30143.5,30110.5,64.0
Engulfing_Reversal(0.3),LONG,2026-07-02 01:00:00,2026-07-02 02:30:00,30110.5,30193.25,163.5
Engulfing_Reversal(0.3),SHORT,2026-07-02 02:30:00,2026-07-02 09:45:00,30193.25,29998.25,388.0
Engulfing_Reversal(0.3),LONG,2026-07-02 09:45:00,2026-07-02 13:00:00,29998.25,30185.0,371.5
Engulfing_Reversal(0.3),SHORT,2026-07-02 13:00:00,2026-07-02 22:45:00,30185.0,29620.5,1127.0
Engulfing_Reversal(0.3),LONG,2026-07-02 22:45:00,2026-07-06 03:45:00,29620.5,29740.25,237.5
Engulfing_Reversal(0.3),SHORT,2026-07-06 03:45:00,2026-07-06 10:00:00,29740.25,29878.0,-277.5
Engulfing_Reversal(0.3),LONG,2026-07-06 10:00:00,2026-07-06 10:30:00,29878.0,29864.0,-30.0
Engulfing_Reversal(0.3),SHORT,2026-07-06 10:30:00,2026-07-06 11:00:00,29864.0,29884.25,-42.5
Engulfing_Reversal(0.3),LONG,2026-07-06 11:00:00,2026-07-06 13:15:00,29884.25,29859.25,-52.0
Engulfing_Reversal(0.3),SHORT,2026-07-06 13:15:00,2026-07-06 15:30:00,29859.25,30061.0,-405.5
Engulfing_Reversal(0.3),LONG,2026-07-06 15:30:00,2026-07-06 17:30:00,30061.0,29955.5,-213.0
Engulfing_Reversal(0.3),SHORT,2026-07-06 17:30:00,2026-07-06 18:15:00,29955.5,29950.0,9.0
Engulfing_Reversal(0.3),LONG,2026-07-06 18:15:00,2026-07-06 22:30:00,29950.0,29951.25,0.5
Engulfing_Reversal(0.3),SHORT,2026-07-06 22:30:00,2026-07-07 12:00:00,29951.25,29640.75,619.0
Engulfing_Reversal(0.3),LONG,2026-07-07 12:00:00,2026-07-07 18:15:00,29640.75,29547.5,-188.5
Engulfing_Reversal(0.3),SHORT,2026-07-07 18:15:00,2026-07-07 20:00:00,29547.5,29395.75,301.5
Engulfing_Reversal(0.3),LONG,2026-07-07 20:00:00,2026-07-07 23:15:00,29395.75,29376.75,-40.0
Engulfing_Reversal(0.3),SHORT,2026-07-07 23:15:00,2026-07-08 00:15:00,29376.75,29417.75,-84.0
Engulfing_Reversal(0.3),LONG,2026-07-08 00:15:00,2026-07-08 01:30:00,29417.75,29489.0,140.5
Engulfing_Reversal(0.3),SHORT,2026-07-08 01:30:00,2026-07-08 07:00:00,29489.0,29329.25,317.5
Engulfing_Reversal(0.3),LONG,2026-07-08 07:00:00,2026-07-08 10:00:00,29329.25,28960.75,-739.0
Engulfing_Reversal(0.3),SHORT,2026-07-08 10:00:00,2026-07-08 11:45:00,28960.75,29084.25,-249.0
Engulfing_Reversal(0.3),LONG,2026-07-08 11:45:00,2026-07-08 14:45:00,29084.25,29252.25,334.0
Engulfing_Reversal(0.3),SHORT,2026-07-08 14:45:00,2026-07-08 18:15:00,29252.25,29407.25,-312.0
Engulfing_Reversal(0.3),LONG,2026-07-08 18:15:00,2026-07-09 02:45:00,29407.25,29462.25,108.0
Engulfing_Reversal(0.3),SHORT,2026-07-09 02:45:00,2026-07-09 06:30:00,29462.25,29628.5,-334.5
Engulfing_Reversal(0.3),LONG,2026-07-09 06:30:00,2026-07-09 14:15:00,29628.5,29803.5,348.0
Engulfing_Reversal(0.3),SHORT,2026-07-09 14:15:00,2026-07-09 16:45:00,29803.5,29908.5,-212.0
Engulfing_Reversal(0.3),LONG,2026-07-09 16:45:00,2026-07-09 18:30:00,29908.5,29957.25,95.5
Engulfing_Reversal(0.3),SHORT,2026-07-09 18:30:00,2026-07-10 01:00:00,29957.25,29866.5,179.5
Engulfing_Reversal(0.3),LONG,2026-07-10 01:00:00,2026-07-10 02:15:00,29866.5,29881.25,27.5
Engulfing_Reversal(0.3),SHORT,2026-07-10 02:15:00,2026-07-10 04:00:00,29881.25,29936.75,-113.0
Engulfing_Reversal(0.3),LONG,2026-07-10 04:00:00,2026-07-10 07:45:00,29936.75,29796.5,-282.5
Engulfing_Reversal(0.3),SHORT,2026-07-10 07:45:00,2026-07-10 08:15:00,29796.5,29797.0,-3.0
Engulfing_Reversal(0.3),LONG,2026-07-10 08:15:00,2026-07-10 08:30:00,29797.0,29768.25,-59.5
Engulfing_Reversal(0.3),SHORT,2026-07-10 08:30:00,2026-07-10 11:15:00,29768.25,29875.25,-216.0
Engulfing_Reversal(0.3),LONG,2026-07-10 11:15:00,2026-07-10 12:45:00,29875.25,29825.75,-101.0
Engulfing_Reversal(0.3),SHORT,2026-07-10 12:45:00,2026-07-10 17:30:00,29825.75,30049.75,-450.0
Engulfing_Reversal(0.3),LONG,2026-07-10 17:30:00,2026-07-10 18:00:00,30049.75,30039.0,-23.5
Engulfing_Reversal(0.3),SHORT,2026-07-10 18:00:00,2026-07-13 07:15:00,30039.0,29671.5,733.0
Engulfing_Reversal(0.3),LONG,2026-07-13 07:15:00,2026-07-13 15:45:00,29671.5,29654.75,-35.5
Engulfing_Reversal(0.3),SHORT,2026-07-13 15:45:00,2026-07-14 00:00:00,29654.75,29422.5,462.5
Engulfing_Reversal(0.3),LONG,2026-07-14 00:00:00,2026-07-14 00:30:00,29422.5,29420.25,-6.5
Engulfing_Reversal(0.3),SHORT,2026-07-14 00:30:00,2026-07-14 04:00:00,29420.25,29406.5,25.5
Engulfing_Reversal(0.3),LONG,2026-07-14 04:00:00,2026-07-14 07:45:00,29406.5,29576.0,337.0
Engulfing_Reversal(0.3),SHORT,2026-07-14 07:45:00,2026-07-14 09:15:00,29576.0,29623.5,-97.0
Engulfing_Reversal(0.3),LONG,2026-07-14 09:15:00,2026-07-14 10:30:00,29623.5,29595.75,-57.5
Engulfing_Reversal(0.3),SHORT,2026-07-14 10:30:00,2026-07-14 17:30:00,29595.75,29849.5,-509.5
Engulfing_Reversal(0.3),LONG,2026-07-14 17:30:00,2026-07-15 00:45:00,29849.5,29858.25,15.5
Engulfing_Reversal(0.3),SHORT,2026-07-15 00:45:00,2026-07-15 01:30:00,29858.25,29924.25,-134.0
Engulfing_Reversal(0.3),LONG,2026-07-15 01:30:00,2026-07-15 03:00:00,29924.25,29961.0,71.5
Engulfing_Reversal(0.3),SHORT,2026-07-15 03:00:00,2026-07-15 03:30:00,29961.0,29979.0,-38.0
Engulfing_Reversal(0.3),LONG,2026-07-15 03:30:00,2026-07-15 05:15:00,29979.0,30000.0,40.0
Engulfing_Reversal(0.3),SHORT,2026-07-15 05:15:00,2026-07-15 08:45:00,30000.0,29925.0,148.0
Engulfing_Reversal(0.3),LONG,2026-07-15 08:45:00,2026-07-15 10:00:00,29925.0,29926.0,0.0
Engulfing_Reversal(0.3),SHORT,2026-07-15 10:00:00,2026-07-15 12:45:00,29926.0,29952.0,-54.0
Engulfing_Reversal(0.3),LONG,2026-07-15 12:45:00,2026-07-15 13:15:00,29952.0,29948.0,-10.0
Engulfing_Reversal(0.3),SHORT,2026-07-15 13:15:00,2026-07-15 15:30:00,29948.0,29640.75,612.5
Engulfing_Reversal(0.3),LONG,2026-07-15 15:30:00,2026-07-15 18:45:00,29640.75,29662.25,41.0
Engulfing_Reversal(0.3),SHORT,2026-07-15 18:45:00,2026-07-15 19:45:00,29662.25,29684.25,-46.0
Engulfing_Reversal(0.3),LONG,2026-07-15 19:45:00,2026-07-16 01:15:00,29684.25,29625.5,-119.5
Engulfing_Reversal(0.3),SHORT,2026-07-16 01:15:00,2026-07-16 03:00:00,29625.5,29728.0,-207.0
Engulfing_Reversal(0.3),LONG,2026-07-16 03:00:00,2026-07-16 03:30:00,29728.0,29716.75,-24.5
Engulfing_Reversal(0.3),SHORT,2026-07-16 03:30:00,2026-07-16 07:00:00,29716.75,29684.75,62.0
Engulfing_Reversal(0.3),LONG,2026-07-16 07:00:00,2026-07-16 07:15:00,29684.75,29622.25,-127.0
Engulfing_Reversal(0.3),SHORT,2026-07-16 07:15:00,2026-07-16 18:30:00,29622.25,29269.0,704.5
Engulfing_Reversal(0.3),LONG,2026-07-16 18:30:00,2026-07-16 23:00:00,29269.0,29134.75,-270.5
Engulfing_Reversal(0.3),SHORT,2026-07-16 23:00:00,2026-07-17 09:00:00,29134.75,28628.75,1010.0
Engulfing_Reversal(0.3),LONG,2026-07-17 09:00:00,2026-07-17 11:45:00,28628.75,28729.0,198.5
Engulfing_Reversal(0.3),SHORT,2026-07-17 11:45:00,2026-07-17 15:30:00,28729.0,28753.5,-51.0
Engulfing_Reversal(0.3),LONG,2026-07-17 15:30:00,2026-07-20 05:00:00,28753.5,28901.75,294.5
Engulfing_Reversal(0.3),SHORT,2026-07-20 05:00:00,2026-07-20 09:30:00,28901.75,28904.25,-7.0
Engulfing_Reversal(0.3),LONG,2026-07-20 09:30:00,2026-07-20 10:15:00,28904.25,28932.75,55.0
Engulfing_Reversal(0.3),SHORT,2026-07-20 10:15:00,2026-07-20 10:30:00,28932.75,28955.25,-47.0
Engulfing_Reversal(0.3),LONG,2026-07-20 10:30:00,2026-07-20 14:45:00,28955.25,28965.5,18.5
Engulfing_Reversal(0.3),SHORT,2026-07-20 14:45:00,2026-07-21 11:45:00,28965.5,29167.5,-406.0
Engulfing_Reversal(0.3),LONG,2026-07-21 11:45:00,2026-07-21 13:45:00,29167.5,29142.25,-52.5
Engulfing_Reversal(0.3),SHORT,2026-07-21 13:45:00,2026-07-21 14:30:00,29142.25,29207.0,-131.5
Engulfing_Reversal(0.3),LONG,2026-07-21 14:30:00,2026-07-22 00:30:00,29207.0,29299.5,183.0
Engulfing_Reversal(0.3),SHORT,2026-07-22 00:30:00,2026-07-22 03:30:00,29299.5,29260.25,76.5
Engulfing_Reversal(0.3),LONG,2026-07-22 03:30:00,2026-07-22 05:15:00,29260.25,29187.75,-147.0
Engulfing_Reversal(0.3),SHORT,2026-07-22 05:15:00,2026-07-22 09:00:00,29187.75,29110.25,153.0
Engulfing_Reversal(0.3),LONG,2026-07-22 09:00:00,2026-07-22 11:15:00,29110.25,29124.0,25.5
Engulfing_Reversal(0.3),SHORT,2026-07-22 11:15:00,2026-07-22 15:00:00,29124.0,29241.0,-236.0
Engulfing_Reversal(0.3),LONG,2026-07-22 15:00:00,2026-07-22 15:45:00,29241.0,29290.75,97.5
Engulfing_Reversal(0.3),SHORT,2026-07-22 15:45:00,2026-07-22 19:00:00,29290.75,29246.25,87.0
Engulfing_Reversal(0.3),LONG,2026-07-22 19:00:00,2026-07-22 19:15:00,29246.25,29224.5,-45.5
Engulfing_Reversal(0.3),SHORT,2026-07-22 19:15:00,2026-07-22 19:30:00,29224.5,29253.5,-60.0
Engulfing_Reversal(0.3),LONG,2026-07-22 19:30:00,2026-07-22 19:45:00,29253.5,29212.0,-85.0
Engulfing_Reversal(0.3),SHORT,2026-07-22 19:45:00,2026-07-23 05:30:00,29212.0,29170.0,82.0
Engulfing_Reversal(0.3),LONG,2026-07-23 05:30:00,2026-07-23 06:45:00,29170.0,29082.75,-176.5
Engulfing_Reversal(0.3),SHORT,2026-07-23 06:45:00,2026-07-23 09:00:00,29082.75,29103.5,-43.5
Engulfing_Reversal(0.3),LONG,2026-07-23 09:00:00,2026-07-23 09:45:00,29103.5,29076.75,-55.5
Engulfing_Reversal(0.3),SHORT,2026-07-23 09:45:00,2026-07-23 13:45:00,29076.75,28855.5,440.5
Engulfing_Reversal(0.3),LONG,2026-07-23 13:45:00,2026-07-23 14:00:00,28855.5,28706.5,-300.0
Engulfing_Reversal(0.3),SHORT,2026-07-23 14:00:00,2026-07-23 18:30:00,28706.5,28575.0,261.0
Engulfing_Reversal(0.3),LONG,2026-07-23 18:30:00,2026-07-23 19:45:00,28575.0,28502.0,-148.0
Engulfing_Reversal(0.3),SHORT,2026-07-23 19:45:00,2026-07-24 05:00:00,28502.0,28567.75,-133.5
Engulfing_Reversal(0.3),LONG,2026-07-24 05:00:00,2026-07-24 06:45:00,28567.75,28507.75,-122.0
Engulfing_Reversal(0.3),SHORT,2026-07-24 06:45:00,2026-07-24 08:30:00,28507.75,28620.75,-228.0
Engulfing_Reversal(0.3),LONG,2026-07-24 08:30:00,2026-07-24 10:15:00,28620.75,28663.5,83.5
Engulfing_Reversal(0.3),SHORT,2026-07-24 10:15:00,2026-07-24 11:15:00,28663.5,28656.75,11.5
Engulfing_Reversal(0.3),LONG,2026-07-24 11:15:00,2026-07-24 18:15:00,28656.75,28428.25,-459.0
Engulfing_Reversal(0.3),SHORT,2026-07-24 18:15:00,2026-07-27 02:30:00,28428.25,28639.0,-423.5
Engulfing_Reversal(0.3),LONG,2026-07-27 02:30:00,2026-07-27 03:00:00,28639.0,28615.5,-49.0
Engulfing_Reversal(0.3),SHORT,2026-07-27 03:00:00,2026-07-27 04:45:00,28615.5,28648.75,-68.5
Engulfing_Reversal(0.3),LONG,2026-07-27 04:45:00,2026-07-27 12:15:00,28648.75,28636.75,-26.0
Engulfing_Reversal(0.3),SHORT,2026-07-27 12:15:00,2026-07-28 10:30:00,28636.75,27971.25,1329.0
Engulfing_Reversal(0.3),LONG,2026-07-28 10:30:00,2026-07-28 10:45:00,27971.25,27932.75,-79.0
Engulfing_Reversal(0.3),SHORT,2026-07-28 10:45:00,2026-07-28 12:00:00,27932.75,27960.5,-57.5
Engulfing_Reversal(0.3),LONG,2026-07-28 12:00:00,2026-07-28 13:30:00,27960.5,27949.75,-23.5
Engulfing_Reversal(0.3),SHORT,2026-07-28 13:30:00,2026-07-29 07:30:00,27949.75,27946.5,4.5
Engulfing_Reversal(0.3),LONG,2026-07-29 07:30:00,2026-07-29 07:45:00,27946.5,27921.75,-51.5
Engulfing_Reversal(0.3),SHORT,2026-07-29 07:45:00,2026-07-29 13:30:00,27921.75,27914.5,12.5
Engulfing_Reversal(0.3),LONG,2026-07-29 13:30:00,2026-07-29 19:15:00,27914.5,27907.75,-15.5
Engulfing_Reversal(0.3),SHORT,2026-07-29 19:15:00,2026-07-29 22:15:00,27907.75,27437.25,939.0
Engulfing_Reversal(0.3),LONG,2026-07-29 22:15:00,2026-07-30 00:45:00,27437.25,27510.25,144.0
Engulfing_Reversal(0.3),SHORT,2026-07-30 00:45:00,2026-07-30 04:30:00,27510.25,27531.5,-44.5
Engulfing_Reversal(0.3),LONG,2026-07-30 04:30:00,2026-07-30 06:45:00,27531.5,27435.25,-194.5
Engulfing_Reversal(0.3),SHORT,2026-07-30 06:45:00,2026-07-30 07:15:00,27435.25,27478.75,-89.0
Engulfing_Reversal(0.3),LONG,2026-07-30 07:15:00,2026-07-30 07:30:00,27478.75,27413.0,-133.5
Engulfing_Reversal(0.3),SHORT,2026-07-30 07:30:00,2026-07-30 12:45:00,27413.0,27777.0,-730.0
Engulfing_Reversal(0.3),LONG,2026-07-30 12:45:00,2026-07-31 03:15:00,27777.0,28417.75,1279.5
Engulfing_Reversal(0.3),SHORT,2026-07-31 03:15:00,2026-07-31 03:30:00,28417.75,28465.75,-98.0
Engulfing_Reversal(0.3),LONG,2026-07-31 03:30:00,2026-07-31 05:45:00,28465.75,28551.75,170.0
Engulfing_Reversal(0.3),SHORT,2026-07-31 05:45:00,2026-07-31 06:00:00,28551.75,28585.5,-69.5
Engulfing_Reversal(0.3),LONG,2026-07-31 06:00:00,2026-07-31 11:00:00,28585.5,28564.0,-45.0
Engulfing_Reversal(0.3),SHORT,2026-07-31 11:00:00,2026-07-31 11:15:00,28564.0,28596.25,-66.5
Engulfing_Reversal(0.3),LONG,2026-07-31 11:15:00,2026-07-31 11:30:00,28596.25,28555.25,-84.0
Engulfing_Reversal(0.3),SHORT,2026-07-31 11:30:00,2026-07-31 17:00:00,28555.25,28366.75,375.0
Engulfing_Reversal(0.3),LONG,2026-07-31 17:00:00,2026-07-31 20:00:00,28366.75,28401.5,67.5
Engulfing_Reversal(0.3),SHORT,2026-07-31 20:00:00,2026-08-02 23:30:00,28401.5,28585.5,-370.0
Engulfing_Reversal(0.3),LONG,2026-08-02 23:30:00,2026-08-03 03:30:00,28585.5,28647.0,121.0
Engulfing_Reversal(0.3),SHORT,2026-08-03 03:30:00,2026-08-03 10:45:00,28647.0,28526.75,238.5
Engulfing_Reversal(0.3),LONG,2026-08-03 10:45:00,2026-08-03 11:15:00,28526.75,28487.5,-80.5
Engulfing_Reversal(0.3),SHORT,2026-08-03 11:15:00,2026-08-03 14:30:00,28487.5,28677.5,-382.0
Engulfing_Reversal(0.3),LONG,2026-08-03 14:30:00,2026-08-03 18:30:00,28677.5,28892.5,428.0
Engulfing_Reversal(0.3),SHORT,2026-08-03 18:30:00,2026-08-03 19:30:00,28892.5,28913.75,-44.5
Engulfing_Reversal(0.3),LONG,2026-08-03 19:30:00,2026-08-04 05:15:00,28913.75,28987.75,146.0
Engulfing_Reversal(0.3),SHORT,2026-08-04 05:15:00,2026-08-04 05:30:00,28987.75,29025.25,-77.0
Engulfing_Reversal(0.3),LONG,2026-08-04 05:30:00,2026-08-04 18:45:00,29025.25,29855.0,1657.5
Engulfing_Reversal(0.3),SHORT,2026-08-04 18:45:00,2026-08-04 19:45:00,29855.0,29949.0,-190.0
Engulfing_Reversal(0.3),LONG,2026-08-04 19:45:00,2026-08-04 23:30:00,29949.0,29824.0,-252.0
Engulfing_Reversal(0.3),SHORT,2026-08-04 23:30:00,2026-08-04 23:45:00,29824.0,29842.5,-39.0
Engulfing_Reversal(0.3),LONG,2026-08-04 23:45:00,2026-08-05 04:15:00,29842.5,29883.5,80.0
Engulfing_Reversal(0.3),SHORT,2026-08-05 04:15:00,2026-08-05 09:30:00,29883.5,29862.25,40.5
Engulfing_Reversal(0.3),LONG,2026-08-05 09:30:00,2026-08-05 13:00:00,29862.25,29917.25,108.0
Engulfing_Reversal(0.3),SHORT,2026-08-05 13:00:00,2026-08-06 04:30:00,29917.25,29585.75,661.0
Engulfing_Reversal(0.3),LONG,2026-08-06 04:30:00,2026-08-06 04:45:00,29585.75,29555.25,-63.0
Engulfing_Reversal(0.3),SHORT,2026-08-06 04:45:00,2026-08-06 13:45:00,29555.25,29458.0,192.5
Engulfing_Reversal(0.3),LONG,2026-08-06 13:45:00,2026-08-06 17:45:00,29458.0,29510.25,102.5
Engulfing_Reversal(0.3),SHORT,2026-08-06 17:45:00,2026-08-06 20:15:00,29510.25,29536.75,-55.0
Engulfing_Reversal(0.3),LONG,2026-08-06 20:15:00,2026-08-07 00:15:00,29536.75,29573.5,71.5
Engulfing_Reversal(0.3),SHORT,2026-08-07 00:15:00,2026-08-07 03:00:00,29573.5,29526.0,93.0
Engulfing_Reversal(0.3),LONG,2026-08-07 03:00:00,2026-08-07 03:30:00,29526.0,29503.0,-48.0
Engulfing_Reversal(0.3),SHORT,2026-08-07 03:30:00,2026-08-07 04:30:00,29503.0,29508.25,-12.5
Engulfing_Reversal(0.3),LONG,2026-08-07 04:30:00,2026-08-07 06:45:00,29508.25,29544.25,70.0
Engulfing_Reversal(0.3),SHORT,2026-08-07 06:45:00,2026-08-07 10:30:00,29544.25,29621.5,-156.5
Engulfing_Reversal(0.3),LONG,2026-08-07 10:30:00,2026-08-07 13:15:00,29621.5,29740.75,236.5
Engulfing_Reversal(0.3),SHORT,2026-08-07 13:15:00,2026-08-07 13:45:00,29740.75,29786.75,-94.0
Engulfing_Reversal(0.3),LONG,2026-08-07 13:45:00,2026-08-07 16:15:00,29786.75,29800.5,25.5
Engulfing_Reversal(0.3),SHORT,2026-08-07 16:15:00,2026-08-07 17:30:00,29800.5,29747.5,104.0
Engulfing_Reversal(0.3),LONG,2026-08-07 17:30:00,2026-08-07 19:45:00,29747.5,29779.75,62.5
Engulfing_Reversal(0.3),SHORT,2026-08-07 19:45:00,2026-08-09 23:00:00,29779.75,29845.25,-133.0
Engulfing_Reversal(0.3),LONG,2026-08-09 23:00:00,2026-08-10 02:15:00,29845.25,29873.25,54.0
Engulfing_Reversal(0.3),SHORT,2026-08-10 02:15:00,2026-08-10 02:45:00,29873.25,29889.0,-33.5
Engulfing_Reversal(0.3),LONG,2026-08-10 02:45:00,2026-08-10 04:00:00,29889.0,29878.25,-23.5
Engulfing_Reversal(0.3),SHORT,2026-08-10 04:00:00,2026-08-10 05:15:00,29878.25,29916.75,-79.0
Engulfing_Reversal(0.3),LONG,2026-08-10 05:15:00,2026-08-10 07:00:00,29916.75,29910.0,-15.5
Engulfing_Reversal(0.3),SHORT,2026-08-10 07:00:00,2026-08-10 14:00:00,29910.0,29806.75,204.5
Engulfing_Reversal(0.3),LONG,2026-08-10 14:00:00,2026-08-10 15:00:00,29806.75,29779.5,-56.5
Engulfing_Reversal(0.3),SHORT,2026-08-10 15:00:00,2026-08-10 15:45:00,29779.5,29808.25,-59.5
Engulfing_Reversal(0.3),LONG,2026-08-10 15:45:00,2026-08-10 19:30:00,29808.25,29783.75,-51.0
Engulfing_Reversal(0.3),SHORT,2026-08-10 19:30:00,2026-08-11 00:15:00,29783.75,29748.0,69.5
Engulfing_Reversal(0.3),LONG,2026-08-11 00:15:00,2026-08-11 03:00:00,29748.0,29817.75,137.5
Engulfing_Reversal(0.3),SHORT,2026-08-11 03:00:00,2026-08-11 05:15:00,29817.75,29852.25,-71.0
Engulfing_Reversal(0.3),LONG,2026-08-11 05:15:00,2026-08-11 05:30:00,29852.25,29813.25,-80.0
Engulfing_Reversal(0.3),SHORT,2026-08-11 05:30:00,2026-08-11 06:15:00,29813.25,29820.0,-15.5
Engulfing_Reversal(0.3),LONG,2026-08-11 06:15:00,2026-08-11 06:30:00,29820.0,29770.5,-101.0
Engulfing_Reversal(0.3),SHORT,2026-08-11 06:30:00,2026-08-11 09:30:00,29770.5,29759.25,20.5
Engulfing_Reversal(0.3),LONG,2026-08-11 09:30:00,2026-08-11 10:15:00,29759.25,29756.25,-8.0
Engulfing_Reversal(0.3),SHORT,2026-08-11 10:15:00,2026-08-11 10:30:00,29756.25,29821.75,-133.0
Engulfing_Reversal(0.3),LONG,2026-08-11 10:30:00,2026-08-11 14:45:00,29821.75,29741.75,-162.0
Engulfing_Reversal(0.3),SHORT,2026-08-11 14:45:00,2026-08-11 23:30:00,29741.75,29652.75,176.0
Engulfing_Reversal(0.3),LONG,2026-08-11 23:30:00,2026-08-11 23:45:00,29652.75,29640.75,-26.0
Engulfing_Reversal(0.3),SHORT,2026-08-11 23:45:00,2026-08-12 00:00:00,29640.75,29661.75,-44.0
Engulfing_Reversal(0.3),LONG,2026-08-12 00:00:00,2026-08-12 01:30:00,29661.75,29660.0,-5.5
Engulfing_Reversal(0.3),SHORT,2026-08-12 01:30:00,2026-08-12 01:45:00,29660.0,29678.25,-38.5
Engulfing_Reversal(0.3),LONG,2026-08-12 01:45:00,2026-08-12 02:00:00,29678.25,29659.0,-40.5
Engulfing_Reversal(0.3),SHORT,2026-08-12 02:00:00,2026-08-12 05:00:00,29659.0,29714.0,-112.0
Engulfing_Reversal(0.3),LONG,2026-08-12 05:00:00,2026-08-12 05:15:00,29714.0,29684.0,-62.0
Engulfing_Reversal(0.3),SHORT,2026-08-12 05:15:00,2026-08-12 06:45:00,29684.0,29719.0,-72.0
Engulfing_Reversal(0.3),LONG,2026-08-12 06:45:00,2026-08-12 10:00:00,29719.0,29815.25,190.5
Engulfing_Reversal(0.3),SHORT,2026-08-12 10:00:00,2026-08-12 10:15:00,29815.25,29839.5,-50.5
Engulfing_Reversal(0.3),LONG,2026-08-12 10:15:00,2026-08-12 13:45:00,29839.5,29899.5,118.0
Engulfing_Reversal(0.3),SHORT,2026-08-12 13:45:00,2026-08-12 18:45:00,29899.5,29919.5,-42.0
Engulfing_Reversal(0.3),LONG,2026-08-12 18:45:00,2026-08-12 19:00:00,29919.5,29890.5,-60.0
Engulfing_Reversal(0.3),SHORT,2026-08-12 19:00:00,2026-08-13 01:45:00,29890.5,29837.5,104.0
Engulfing_Reversal(0.3),LONG,2026-08-13 01:45:00,2026-08-13 04:15:00,29837.5,29869.25,61.5
Engulfing_Reversal(0.3),SHORT,2026-08-13 04:15:00,2026-08-13 11:45:00,29869.25,29888.5,-40.5
Engulfing_Reversal(0.3),LONG,2026-08-13 11:45:00,2026-08-13 15:30:00,29888.5,30188.0,597.0
Engulfing_Reversal(0.3),SHORT,2026-08-13 15:30:00,2026-08-13 17:00:00,30188.0,30194.0,-14.0
Engulfing_Reversal(0.3),LONG,2026-08-13 17:00:00,2026-08-13 17:45:00,30194.0,30214.5,39.0
Inside_Bar_Breakout(0.6),SHORT,2026-06-01 08:15:00,2026-06-02 19:15:00,30476.0,30673.25,-396.5
Inside_Bar_Breakout(0.6),LONG,2026-06-02 19:15:00,2026-06-04 22:00:00,30673.25,30414.0,-520.5
Inside_Bar_Breakout(0.6),SHORT,2026-06-04 22:00:00,2026-06-05 10:30:00,30414.0,30231.25,363.5
Inside_Bar_Breakout(0.6),LONG,2026-06-05 10:30:00,2026-06-05 16:15:00,30231.25,29593.5,-1277.5
Inside_Bar_Breakout(0.6),SHORT,2026-06-05 16:15:00,2026-06-07 23:45:00,29593.5,29023.5,1138.0
Inside_Bar_Breakout(0.6),LONG,2026-06-07 23:45:00,2026-06-08 05:45:00,29023.5,28989.5,-70.0
Inside_Bar_Breakout(0.6),SHORT,2026-06-08 05:45:00,2026-06-08 11:15:00,28989.5,29361.25,-745.5
Inside_Bar_Breakout(0.6),LONG,2026-06-08 11:15:00,2026-06-08 19:15:00,29361.25,29428.75,133.0
Inside_Bar_Breakout(0.6),SHORT,2026-06-08 19:15:00,2026-06-11 19:00:00,29428.75,29269.0,317.5
Inside_Bar_Breakout(0.6),LONG,2026-06-11 19:00:00,2026-06-12 05:45:00,29269.0,29481.5,423.0
Inside_Bar_Breakout(0.6),SHORT,2026-06-12 05:45:00,2026-06-12 17:00:00,29481.5,29673.0,-385.0
Inside_Bar_Breakout(0.6),LONG,2026-06-12 17:00:00,2026-06-17 08:15:00,29673.0,30540.25,1732.5
Inside_Bar_Breakout(0.6),SHORT,2026-06-17 08:15:00,2026-06-17 18:00:00,30540.25,30465.5,147.5
Inside_Bar_Breakout(0.6),LONG,2026-06-17 18:00:00,2026-06-19 01:45:00,30465.5,30610.25,287.5
Inside_Bar_Breakout(0.6),SHORT,2026-06-19 01:45:00,2026-06-29 23:15:00,30610.25,30031.0,1156.5
Inside_Bar_Breakout(0.6),LONG,2026-06-29 23:15:00,2026-06-30 07:45:00,30031.0,30106.25,148.5
Inside_Bar_Breakout(0.6),SHORT,2026-06-30 07:45:00,2026-07-01 03:15:00,30106.25,30461.75,-713.0
Inside_Bar_Breakout(0.6),LONG,2026-07-01 03:15:00,2026-07-15 22:45:00,30461.75,29684.25,-1557.0
Inside_Bar_Breakout(0.6),SHORT,2026-07-15 22:45:00,2026-07-16 02:30:00,29684.25,29695.5,-24.5
Inside_Bar_Breakout(0.6),LONG,2026-07-16 02:30:00,2026-07-17 00:15:00,29695.5,29041.25,-1310.5
Inside_Bar_Breakout(0.6),SHORT,2026-07-17 00:15:00,2026-07-20 11:45:00,29041.25,29088.75,-97.0
Inside_Bar_Breakout(0.6),LONG,2026-07-20 11:45:00,2026-07-20 16:45:00,29088.75,29005.0,-169.5
Inside_Bar_Breakout(0.6),SHORT,2026-07-20 16:45:00,2026-07-21 13:30:00,29005.0,29222.5,-437.0
Inside_Bar_Breakout(0.6),LONG,2026-07-21 13:30:00,2026-07-22 22:45:00,29222.5,29047.25,-352.5
Inside_Bar_Breakout(0.6),SHORT,2026-07-22 22:45:00,2026-07-22 23:45:00,29047.25,29095.75,-99.0
Inside_Bar_Breakout(0.6),LONG,2026-07-22 23:45:00,2026-07-23 03:15:00,29095.75,29054.25,-85.0
Inside_Bar_Breakout(0.6),SHORT,2026-07-23 03:15:00,2026-07-29 22:15:00,29054.25,27437.25,3232.0
Inside_Bar_Breakout(0.6),LONG,2026-07-29 22:15:00,2026-08-02 23:00:00,27437.25,28568.75,2261.0
Inside_Bar_Breakout(0.6),SHORT,2026-08-02 23:00:00,2026-08-03 14:30:00,28568.75,28677.5,-219.5
Inside_Bar_Breakout(0.6),LONG,2026-08-03 14:30:00,2026-08-07 04:00:00,28677.5,29496.25,1635.5
Inside_Bar_Breakout(0.6),SHORT,2026-08-07 04:00:00,2026-08-07 06:15:00,29496.25,29557.5,-124.5
Inside_Bar_Breakout(0.6),LONG,2026-08-07 06:15:00,2026-08-10 15:00:00,29557.5,29779.5,442.0
Inside_Bar_Breakout(0.6),SHORT,2026-08-10 15:00:00,2026-08-13 13:15:00,29779.5,29908.75,-260.5
Opening_Range_Breakout(6),SHORT,2026-06-01 07:30:00,2026-06-01 13:45:00,30523.25,30412.0,220.5
Opening_Range_Breakout(6),LONG,2026-06-01 15:30:00,2026-06-02 13:45:00,30479.25,30502.5,44.5
Opening_Range_Breakout(6),LONG,2026-06-02 15:15:00,2026-06-03 13:45:00,30666.0,30624.25,-85.5
Opening_Range_Breakout(6),SHORT,2026-06-03 22:00:00,2026-06-04 13:45:00,30453.0,30226.25,451.5
Opening_Range_Breakout(6),LONG,2026-06-04 15:15:00,2026-06-05 01:00:00,30451.0,30143.5,-617.0
Opening_Range_Breakout(6),SHORT,2026-06-05 01:00:00,2026-06-05 13:45:00,30143.5,29931.25,422.5
Opening_Range_Breakout(6),SHORT,2026-06-05 15:15:00,2026-06-07 22:15:00,29727.75,28993.5,1466.5
Opening_Range_Breakout(6),LONG,2026-06-07 23:45:00,2026-06-08 13:45:00,29023.5,29516.0,983.0
Opening_Range_Breakout(6),LONG,2026-06-08 15:15:00,2026-06-08 22:30:00,29716.25,29332.25,-770.0
Opening_Range_Breakout(6),SHORT,2026-06-08 22:30:00,2026-06-09 09:30:00,29332.25,29686.5,-710.5
Opening_Range_Breakout(6),LONG,2026-06-09 09:30:00,2026-06-09 13:45:00,29686.5,29766.5,158.0
Opening_Range_Breakout(6),SHORT,2026-06-09 15:30:00,2026-06-10 13:45:00,28861.25,29077.5,-434.5
Opening_Range_Breakout(6),SHORT,2026-06-10 15:15:00,2026-06-11 13:45:00,28749.75,28739.0,19.5
Opening_Range_Breakout(6),LONG,2026-06-11 17:30:00,2026-06-12 13:45:00,29086.75,29282.75,390.0
Opening_Range_Breakout(6),LONG,2026-06-12 15:15:00,2026-06-14 22:15:00,29696.25,30062.75,731.0
Opening_Range_Breakout(6),LONG,2026-06-15 00:15:00,2026-06-15 13:45:00,30154.75,30704.0,1096.5
Opening_Range_Breakout(6),LONG,2026-06-15 15:15:00,2026-06-16 13:45:00,30819.0,30817.75,-4.5
Opening_Range_Breakout(6),SHORT,2026-06-16 15:30:00,2026-06-17 13:45:00,30538.75,30520.75,34.0
Opening_Range_Breakout(6),SHORT,2026-06-17 18:15:00,2026-06-18 13:30:00,30255.25,30594.5,-680.5
Opening_Range_Breakout(6),LONG,2026-06-18 13:30:00,2026-06-18 13:45:00,30594.5,30403.75,-383.5
Opening_Range_Breakout(6),LONG,2026-06-18 16:30:00,2026-06-21 22:15:00,30683.25,30504.25,-360.0
Opening_Range_Breakout(6),SHORT,2026-06-21 23:45:00,2026-06-22 01:30:00,30380.75,30650.0,-540.5
Opening_Range_Breakout(6),LONG,2026-06-22 01:30:00,2026-06-22 13:45:00,30650.0,30789.25,276.5
Opening_Range_Breakout(6),SHORT,2026-06-22 16:45:00,2026-06-23 13:45:00,30544.25,29758.75,1569.0
Opening_Range_Breakout(6),SHORT,2026-06-24 17:30:00,2026-06-24 20:30:00,29411.5,30009.0,-1197.0
Opening_Range_Breakout(6),LONG,2026-06-24 20:30:00,2026-06-25 13:45:00,30009.0,29768.25,-483.5
Opening_Range_Breakout(6),SHORT,2026-06-26 03:00:00,2026-06-26 13:45:00,29267.25,29343.5,-154.5
Opening_Range_Breakout(6),LONG,2026-06-26 15:45:00,2026-06-28 22:15:00,29696.75,29546.0,-303.5
Opening_Range_Breakout(6),LONG,2026-06-28 23:45:00,2026-06-29 00:30:00,29667.75,29380.0,-577.5
Opening_Range_Breakout(6),SHORT,2026-06-29 00:30:00,2026-06-29 06:00:00,29380.0,29670.25,-582.5
Opening_Range_Breakout(6),LONG,2026-06-29 06:00:00,2026-06-29 13:45:00,29670.25,29786.0,229.5
Opening_Range_Breakout(6),LONG,2026-06-29 16:15:00,2026-06-30 13:45:00,29849.25,30212.75,725.0
Opening_Range_Breakout(6),LONG,2026-06-30 16:00:00,2026-07-01 13:45:00,30460.5,30141.75,-639.5
Opening_Range_Breakout(6),LONG,2026-07-01 15:30:00,2026-07-01 20:00:00,30342.5,30080.25,-526.5
Opening_Range_Breakout(6),SHORT,2026-07-01 20:00:00,2026-07-02 13:45:00,30080.25,30127.0,-95.5
Opening_Range_Breakout(6),SHORT,2026-07-02 15:15:00,2026-07-05 22:15:00,29718.75,29899.5,-363.5
Opening_Range_Breakout(6),SHORT,2026-07-06 01:30:00,2026-07-06 13:45:00,29813.25,29917.0,-209.5
Opening_Range_Breakout(6),LONG,2026-07-06 15:45:00,2026-07-07 01:30:00,30070.25,29739.25,-664.0
Opening_Range_Breakout(6),SHORT,2026-07-07 01:30:00,2026-07-07 13:45:00,29739.25,29594.0,288.5
Opening_Range_Breakout(6),SHORT,2026-07-08 08:30:00,2026-07-08 13:45:00,29080.0,29349.5,-541.0
Opening_Range_Breakout(6),SHORT,2026-07-08 15:15:00,2026-07-08 17:30:00,29138.25,29441.5,-608.5
Opening_Range_Breakout(6),LONG,2026-07-08 17:30:00,2026-07-09 13:45:00,29441.5,29859.25,833.5
Opening_Range_Breakout(6),LONG,2026-07-09 17:15:00,2026-07-10 13:45:00,29954.25,29855.5,-199.5
Opening_Range_Breakout(6),LONG,2026-07-10 15:30:00,2026-07-12 22:15:00,29980.0,29866.25,-229.5
Opening_Range_Breakout(6),LONG,2026-07-13 00:15:00,2026-07-13 01:00:00,30018.0,29836.75,-364.5
Opening_Range_Breakout(6),SHORT,2026-07-13 01:00:00,2026-07-13 13:45:00,29836.75,29596.25,479.0
Opening_Range_Breakout(6),SHORT,2026-07-13 18:00:00,2026-07-14 12:45:00,29480.0,29822.75,-687.5
Opening_Range_Breakout(6),LONG,2026-07-14 12:45:00,2026-07-14 13:45:00,29822.75,29752.75,-142.0
Opening_Range_Breakout(6),LONG,2026-07-14 15:15:00,2026-07-15 13:45:00,29847.5,29833.25,-30.5
Opening_Range_Breakout(6),SHORT,2026-07-15 16:15:00,2026-07-16 13:45:00,29475.5,29316.5,316.0
Opening_Range_Breakout(6),SHORT,2026-07-16 17:45:00,2026-07-17 13:45:00,29244.25,28420.25,1646.0
Opening_Range_Breakout(6),LONG,2026-07-17 16:00:00,2026-07-19 22:15:00,28934.0,28715.25,-439.5
Opening_Range_Breakout(6),LONG,2026-07-19 23:45:00,2026-07-20 13:45:00,28866.75,29177.0,618.5
Opening_Range_Breakout(6),SHORT,2026-07-20 18:45:00,2026-07-21 13:30:00,28860.5,29222.5,-726.0
Opening_Range_Breakout(6),LONG,2026-07-21 13:30:00,2026-07-21 13:45:00,29222.5,29142.25,-162.5
Opening_Range_Breakout(6),LONG,2026-07-21 15:15:00,2026-07-22 08:00:00,29292.25,29062.5,-461.5
Opening_Range_Breakout(6),SHORT,2026-07-22 08:00:00,2026-07-22 13:45:00,29062.5,29179.25,-235.5
Opening_Range_Breakout(6),LONG,2026-07-22 15:15:00,2026-07-22 22:15:00,29306.5,29086.0,-443.0
Opening_Range_Breakout(6),SHORT,2026-07-22 22:15:00,2026-07-23 13:45:00,29086.0,28855.5,459.0
Opening_Range_Breakout(6),SHORT,2026-07-23 15:15:00,2026-07-24 13:45:00,28494.0,28483.25,19.5
Opening_Range_Breakout(6),SHORT,2026-07-24 19:15:00,2026-07-26 22:15:00,28223.75,28613.5,-781.5
Opening_Range_Breakout(6),LONG,2026-07-26 23:45:00,2026-07-27 01:15:00,28654.75,28572.25,-167.0
Opening_Range_Breakout(6),SHORT,2026-07-27 01:15:00,2026-07-27 02:45:00,28572.25,28650.25,-158.0
Opening_Range_Breakout(6),LONG,2026-07-27 02:45:00,2026-07-27 13:45:00,28650.25,28455.0,-392.5
Opening_Range_Breakout(6),SHORT,2026-07-28 05:30:00,2026-07-28 13:45:00,27921.0,27749.0,342.0
Opening_Range_Breakout(6),LONG,2026-07-28 15:45:00,2026-07-29 13:45:00,28032.0,27916.25,-233.5
Opening_Range_Breakout(6),SHORT,2026-07-29 16:15:00,2026-07-29 19:00:00,27419.75,28059.0,-1280.5
Opening_Range_Breakout(6),LONG,2026-07-29 19:00:00,2026-07-29 19:45:00,28059.0,27473.5,-1173.0
Opening_Range_Breakout(6),SHORT,2026-07-29 19:45:00,2026-07-30 13:45:00,27473.5,27976.75,-1008.5
Opening_Range_Breakout(6),LONG,2026-07-30 19:15:00,2026-07-31 13:45:00,28274.25,28420.0,289.5
Opening_Range_Breakout(6),LONG,2026-08-03 02:00:00,2026-08-03 08:30:00,28646.75,28487.25,-321.0
Opening_Range_Breakout(6),SHORT,2026-08-03 08:30:00,2026-08-03 13:45:00,28487.25,28495.0,-17.5
Opening_Range_Breakout(6),LONG,2026-08-03 16:15:00,2026-08-04 13:45:00,28814.75,29411.0,1190.5
Opening_Range_Breakout(6),LONG,2026-08-04 15:15:00,2026-08-05 13:45:00,29620.25,30053.5,864.5
Opening_Range_Breakout(6),SHORT,2026-08-05 16:00:00,2026-08-06 13:45:00,29738.25,29458.0,558.5
Opening_Range_Breakout(6),LONG,2026-08-06 15:15:00,2026-08-07 13:45:00,29649.25,29786.75,273.0
Opening_Range_Breakout(6),LONG,2026-08-07 15:30:00,2026-08-09 22:15:00,29826.0,29828.5,3.0
Opening_Range_Breakout(6),LONG,2026-08-10 00:15:00,2026-08-10 00:45:00,29891.5,29806.25,-172.5
Opening_Range_Breakout(6),SHORT,2026-08-10 00:45:00,2026-08-10 02:00:00,29806.25,29886.0,-161.5
Opening_Range_Breakout(6),LONG,2026-08-10 02:00:00,2026-08-10 12:45:00,29886.0,29803.75,-166.5
Opening_Range_Breakout(6),SHORT,2026-08-10 12:45:00,2026-08-10 13:45:00,29803.75,29775.25,55.0
Opening_Range_Breakout(6),SHORT,2026-08-10 23:30:00,2026-08-11 13:45:00,29708.5,29722.75,-30.5
Opening_Range_Breakout(6),SHORT,2026-08-11 17:00:00,2026-08-12 12:00:00,29627.0,29846.0,-440.0
Opening_Range_Breakout(6),LONG,2026-08-12 12:00:00,2026-08-12 13:45:00,29846.0,29899.5,105.0
Opening_Range_Breakout(6),SHORT,2026-08-12 20:30:00,2026-08-13 13:45:00,29820.0,30012.75,-387.5
