strategy,direction,entry_time,exit_time,entry_price,exit_price,net_pnl
MA_Crossover(10/50),SHORT,2026-05-31 22:15:00,2026-05-31 22:20:00,51054.0,51053.0,-3.0
MA_Crossover(10/50),LONG,2026-05-31 22:20:00,2026-06-01 04:10:00,51053.0,51119.0,29.5
MA_Crossover(10/50),SHORT,2026-06-01 04:10:00,2026-06-01 04:45:00,51119.0,51136.0,-12.0
MA_Crossover(10/50),LONG,2026-06-01 04:45:00,2026-06-01 05:25:00,51136.0,51118.0,-12.5
MA_Crossover(10/50),SHORT,2026-06-01 05:25:00,2026-06-01 06:00:00,51118.0,51137.0,-13.0
MA_Crossover(10/50),LONG,2026-06-01 06:00:00,2026-06-01 06:15:00,51137.0,51121.0,-11.5
MA_Crossover(10/50),SHORT,2026-06-01 06:15:00,2026-06-01 08:10:00,51121.0,51157.0,-21.5
MA_Crossover(10/50),LONG,2026-06-01 08:10:00,2026-06-01 12:35:00,51157.0,51211.0,23.5
MA_Crossover(10/50),SHORT,2026-06-01 12:35:00,2026-06-01 17:50:00,51211.0,51042.0,81.0
MA_Crossover(10/50),LONG,2026-06-01 17:50:00,2026-06-01 22:20:00,51042.0,51054.0,2.5
MA_Crossover(10/50),SHORT,2026-06-01 22:20:00,2026-06-02 05:00:00,51054.0,50948.0,49.5
MA_Crossover(10/50),LONG,2026-06-02 05:00:00,2026-06-02 09:25:00,50948.0,50945.0,-5.0
MA_Crossover(10/50),SHORT,2026-06-02 09:25:00,2026-06-02 13:35:00,50945.0,51216.0,-139.0
MA_Crossover(10/50),LONG,2026-06-02 13:35:00,2026-06-02 23:20:00,51216.0,51320.0,48.5
MA_Crossover(10/50),SHORT,2026-06-02 23:20:00,2026-06-02 23:55:00,51320.0,51391.0,-39.0
MA_Crossover(10/50),LONG,2026-06-02 23:55:00,2026-06-03 01:30:00,51391.0,51367.0,-15.5
MA_Crossover(10/50),SHORT,2026-06-03 01:30:00,2026-06-03 01:45:00,51367.0,51385.0,-12.5
MA_Crossover(10/50),LONG,2026-06-03 01:45:00,2026-06-03 04:50:00,51385.0,51370.0,-11.0
MA_Crossover(10/50),SHORT,2026-06-03 04:50:00,2026-06-03 11:40:00,51370.0,51279.0,42.0
MA_Crossover(10/50),LONG,2026-06-03 11:40:00,2026-06-03 12:15:00,51279.0,51240.0,-23.0
MA_Crossover(10/50),SHORT,2026-06-03 12:15:00,2026-06-04 04:45:00,51240.0,50817.0,208.0
MA_Crossover(10/50),LONG,2026-06-04 04:45:00,2026-06-04 05:10:00,50817.0,50782.0,-21.0
MA_Crossover(10/50),SHORT,2026-06-04 05:10:00,2026-06-04 06:05:00,50782.0,50829.0,-27.0
MA_Crossover(10/50),LONG,2026-06-04 06:05:00,2026-06-05 00:05:00,50829.0,51614.0,389.0
MA_Crossover(10/50),SHORT,2026-06-05 00:05:00,2026-06-05 04:55:00,51614.0,51634.0,-13.5
MA_Crossover(10/50),LONG,2026-06-05 04:55:00,2026-06-05 12:25:00,51634.0,51697.0,28.0
MA_Crossover(10/50),SHORT,2026-06-05 12:25:00,2026-06-05 12:50:00,51697.0,51766.0,-38.0
MA_Crossover(10/50),LONG,2026-06-05 12:50:00,2026-06-05 12:55:00,51766.0,51688.0,-42.5
MA_Crossover(10/50),SHORT,2026-06-05 12:55:00,2026-06-08 03:45:00,51688.0,50853.0,414.0
MA_Crossover(10/50),LONG,2026-06-08 03:45:00,2026-06-08 04:25:00,50853.0,50819.0,-20.5
MA_Crossover(10/50),SHORT,2026-06-08 04:25:00,2026-06-08 07:25:00,50819.0,50848.0,-18.0
MA_Crossover(10/50),LONG,2026-06-08 07:25:00,2026-06-08 08:45:00,50848.0,50756.0,-49.5
MA_Crossover(10/50),SHORT,2026-06-08 08:45:00,2026-06-08 09:30:00,50756.0,50803.0,-27.0
MA_Crossover(10/50),LONG,2026-06-08 09:30:00,2026-06-08 16:00:00,50803.0,51007.0,98.5
MA_Crossover(10/50),SHORT,2026-06-08 16:00:00,2026-06-09 01:50:00,51007.0,50860.0,70.0
MA_Crossover(10/50),LONG,2026-06-09 01:50:00,2026-06-09 07:00:00,50860.0,50869.0,1.0
MA_Crossover(10/50),SHORT,2026-06-09 07:00:00,2026-06-09 07:05:00,50869.0,50938.0,-38.0
MA_Crossover(10/50),LONG,2026-06-09 07:05:00,2026-06-09 07:30:00,50938.0,50858.0,-43.5
MA_Crossover(10/50),SHORT,2026-06-09 07:30:00,2026-06-09 08:20:00,50858.0,50916.0,-32.5
MA_Crossover(10/50),LONG,2026-06-09 08:20:00,2026-06-09 12:00:00,50916.0,50918.0,-2.5
MA_Crossover(10/50),SHORT,2026-06-09 12:00:00,2026-06-09 12:25:00,50918.0,50973.0,-31.0
MA_Crossover(10/50),LONG,2026-06-09 12:25:00,2026-06-09 14:50:00,50973.0,50761.0,-109.5
MA_Crossover(10/50),SHORT,2026-06-09 14:50:00,2026-06-09 18:10:00,50761.0,50796.0,-21.0
MA_Crossover(10/50),LONG,2026-06-09 18:10:00,2026-06-09 22:40:00,50796.0,50783.0,-10.0
MA_Crossover(10/50),SHORT,2026-06-09 22:40:00,2026-06-10 00:15:00,50783.0,50823.0,-23.5
MA_Crossover(10/50),LONG,2026-06-10 00:15:00,2026-06-10 00:45:00,50823.0,50764.0,-33.0
MA_Crossover(10/50),SHORT,2026-06-10 00:45:00,2026-06-10 00:55:00,50764.0,50827.0,-35.0
MA_Crossover(10/50),LONG,2026-06-10 00:55:00,2026-06-10 03:45:00,50827.0,50811.0,-11.5
MA_Crossover(10/50),SHORT,2026-06-10 03:45:00,2026-06-10 06:05:00,50811.0,50854.0,-25.0
MA_Crossover(10/50),LONG,2026-06-10 06:05:00,2026-06-10 07:05:00,50854.0,50779.0,-41.0
MA_Crossover(10/50),SHORT,2026-06-10 07:05:00,2026-06-10 12:45:00,50779.0,50679.0,46.5
MA_Crossover(10/50),LONG,2026-06-10 12:45:00,2026-06-10 14:55:00,50679.0,50513.0,-86.5
MA_Crossover(10/50),SHORT,2026-06-10 14:55:00,2026-06-11 01:15:00,50513.0,50088.0,209.0
MA_Crossover(10/50),LONG,2026-06-11 01:15:00,2026-06-11 12:30:00,50088.0,50208.0,56.5
MA_Crossover(10/50),SHORT,2026-06-11 12:30:00,2026-06-11 14:00:00,50208.0,50346.0,-72.5
MA_Crossover(10/50),LONG,2026-06-11 14:00:00,2026-06-11 14:15:00,50346.0,50186.0,-83.5
MA_Crossover(10/50),SHORT,2026-06-11 14:15:00,2026-06-11 14:50:00,50186.0,50291.0,-56.0
MA_Crossover(10/50),LONG,2026-06-11 14:50:00,2026-06-11 14:55:00,50291.0,50235.0,-31.5
MA_Crossover(10/50),SHORT,2026-06-11 14:55:00,2026-06-11 15:45:00,50235.0,50288.0,-30.0
MA_Crossover(10/50),LONG,2026-06-11 15:45:00,2026-06-11 15:55:00,50288.0,50235.0,-30.0
MA_Crossover(10/50),SHORT,2026-06-11 15:55:00,2026-06-11 16:10:00,50235.0,50350.0,-61.0
MA_Crossover(10/50),LONG,2026-06-11 16:10:00,2026-06-11 17:05:00,50350.0,50201.0,-78.0
MA_Crossover(10/50),SHORT,2026-06-11 17:05:00,2026-06-11 17:30:00,50201.0,50632.0,-219.0
MA_Crossover(10/50),LONG,2026-06-11 17:30:00,2026-06-12 01:35:00,50632.0,50875.0,118.0
MA_Crossover(10/50),SHORT,2026-06-12 01:35:00,2026-06-12 02:00:00,50875.0,50926.0,-29.0
MA_Crossover(10/50),LONG,2026-06-12 02:00:00,2026-06-12 03:30:00,50926.0,50896.0,-18.5
MA_Crossover(10/50),SHORT,2026-06-12 03:30:00,2026-06-12 03:45:00,50896.0,50913.0,-12.0
MA_Crossover(10/50),LONG,2026-06-12 03:45:00,2026-06-12 04:15:00,50913.0,50900.0,-10.0
MA_Crossover(10/50),SHORT,2026-06-12 04:15:00,2026-06-12 04:30:00,50900.0,50919.0,-13.0
MA_Crossover(10/50),LONG,2026-06-12 04:30:00,2026-06-12 05:55:00,50919.0,50890.0,-18.0
MA_Crossover(10/50),SHORT,2026-06-12 05:55:00,2026-06-12 06:10:00,50890.0,50933.0,-25.0
MA_Crossover(10/50),LONG,2026-06-12 06:10:00,2026-06-12 06:45:00,50933.0,50876.0,-32.0
MA_Crossover(10/50),SHORT,2026-06-12 06:45:00,2026-06-12 07:35:00,50876.0,51246.0,-188.5
MA_Crossover(10/50),LONG,2026-06-12 07:35:00,2026-06-12 13:05:00,51246.0,51449.0,98.0
MA_Crossover(10/50),SHORT,2026-06-12 13:05:00,2026-06-12 13:20:00,51449.0,51562.0,-60.0
MA_Crossover(10/50),LONG,2026-06-12 13:20:00,2026-06-12 13:45:00,51562.0,51288.0,-140.5
MA_Crossover(10/50),SHORT,2026-06-12 13:45:00,2026-06-12 14:55:00,51288.0,51686.0,-202.5
MA_Crossover(10/50),LONG,2026-06-12 14:55:00,2026-06-12 19:55:00,51686.0,51604.0,-44.5
MA_Crossover(10/50),SHORT,2026-06-12 19:55:00,2026-06-12 20:05:00,51604.0,51627.0,-15.0
MA_Crossover(10/50),LONG,2026-06-12 20:05:00,2026-06-15 08:20:00,51627.0,52048.0,207.0
MA_Crossover(10/50),SHORT,2026-06-15 08:20:00,2026-06-15 11:20:00,52048.0,52122.0,-40.5
MA_Crossover(10/50),LONG,2026-06-15 11:20:00,2026-06-15 18:20:00,52122.0,52254.0,62.5
MA_Crossover(10/50),SHORT,2026-06-15 18:20:00,2026-06-16 02:35:00,52254.0,52155.0,46.0
MA_Crossover(10/50),LONG,2026-06-16 02:35:00,2026-06-16 04:30:00,52155.0,52135.0,-13.5
MA_Crossover(10/50),SHORT,2026-06-16 04:30:00,2026-06-16 05:15:00,52135.0,52172.0,-22.0
MA_Crossover(10/50),LONG,2026-06-16 05:15:00,2026-06-16 09:20:00,52172.0,52160.0,-9.5
MA_Crossover(10/50),SHORT,2026-06-16 09:20:00,2026-06-16 10:30:00,52160.0,52184.0,-15.5
MA_Crossover(10/50),LONG,2026-06-16 10:30:00,2026-06-16 11:15:00,52184.0,52162.0,-14.5
MA_Crossover(10/50),SHORT,2026-06-16 11:15:00,2026-06-16 11:40:00,52162.0,52179.0,-12.0
MA_Crossover(10/50),LONG,2026-06-16 11:40:00,2026-06-16 11:55:00,52179.0,52160.0,-13.0
MA_Crossover(10/50),SHORT,2026-06-16 11:55:00,2026-06-16 12:10:00,52160.0,52209.0,-28.0
MA_Crossover(10/50),LONG,2026-06-16 12:10:00,2026-06-16 19:15:00,52209.0,52492.0,138.0
MA_Crossover(10/50),SHORT,2026-06-16 19:15:00,2026-06-16 22:50:00,52492.0,52509.0,-12.0
MA_Crossover(10/50),LONG,2026-06-16 22:50:00,2026-06-17 02:50:00,52509.0,52513.0,-1.5
MA_Crossover(10/50),SHORT,2026-06-17 02:50:00,2026-06-17 04:00:00,52513.0,52537.0,-15.5
MA_Crossover(10/50),LONG,2026-06-17 04:00:00,2026-06-17 04:35:00,52537.0,52513.0,-15.5
MA_Crossover(10/50),SHORT,2026-06-17 04:35:00,2026-06-17 07:15:00,52513.0,52530.0,-12.0
MA_Crossover(10/50),LONG,2026-06-17 07:15:00,2026-06-17 07:20:00,52530.0,52501.0,-18.0
MA_Crossover(10/50),SHORT,2026-06-17 07:20:00,2026-06-17 13:35:00,52501.0,52513.0,-9.5
MA_Crossover(10/50),LONG,2026-06-17 13:35:00,2026-06-17 17:35:00,52513.0,52555.0,17.5
MA_Crossover(10/50),SHORT,2026-06-17 17:35:00,2026-06-18 00:05:00,52555.0,52219.0,164.5
MA_Crossover(10/50),LONG,2026-06-18 00:05:00,2026-06-18 04:45:00,52219.0,52199.0,-13.5
MA_Crossover(10/50),SHORT,2026-06-18 04:45:00,2026-06-18 07:00:00,52199.0,52250.0,-29.0
MA_Crossover(10/50),LONG,2026-06-18 07:00:00,2026-06-18 08:55:00,52250.0,52169.0,-44.0
MA_Crossover(10/50),SHORT,2026-06-18 08:55:00,2026-06-18 09:50:00,52169.0,52254.0,-46.0
MA_Crossover(10/50),LONG,2026-06-18 09:50:00,2026-06-18 10:40:00,52254.0,52184.0,-38.5
MA_Crossover(10/50),SHORT,2026-06-18 10:40:00,2026-06-18 12:55:00,52184.0,52206.0,-14.5
MA_Crossover(10/50),LONG,2026-06-18 12:55:00,2026-06-18 14:15:00,52206.0,52068.0,-72.5
MA_Crossover(10/50),SHORT,2026-06-18 14:15:00,2026-06-18 14:55:00,52068.0,52191.0,-65.0
MA_Crossover(10/50),LONG,2026-06-18 14:55:00,2026-06-18 15:15:00,52191.0,52116.0,-41.0
MA_Crossover(10/50),SHORT,2026-06-18 15:15:00,2026-06-18 17:25:00,52116.0,52134.0,-12.5
MA_Crossover(10/50),LONG,2026-06-18 17:25:00,2026-06-18 17:40:00,52134.0,52091.0,-25.0
MA_Crossover(10/50),SHORT,2026-06-18 17:40:00,2026-06-22 00:35:00,52091.0,51896.0,94.0
MA_Crossover(10/50),LONG,2026-06-22 00:35:00,2026-06-22 02:45:00,51896.0,51853.0,-25.0
MA_Crossover(10/50),SHORT,2026-06-22 02:45:00,2026-06-22 05:40:00,51853.0,51878.0,-16.0
MA_Crossover(10/50),LONG,2026-06-22 05:40:00,2026-06-22 17:40:00,51878.0,52101.0,108.0
MA_Crossover(10/50),SHORT,2026-06-22 17:40:00,2026-06-22 18:30:00,52101.0,52145.0,-25.5
MA_Crossover(10/50),LONG,2026-06-22 18:30:00,2026-06-22 18:40:00,52145.0,52119.0,-16.5
MA_Crossover(10/50),SHORT,2026-06-22 18:40:00,2026-06-22 20:10:00,52119.0,52169.0,-28.5
MA_Crossover(10/50),LONG,2026-06-22 20:10:00,2026-06-22 22:00:00,52169.0,52165.0,-5.5
MA_Crossover(10/50),SHORT,2026-06-22 22:00:00,2026-06-22 22:05:00,52165.0,52179.0,-10.5
MA_Crossover(10/50),LONG,2026-06-22 22:05:00,2026-06-23 02:35:00,52179.0,52154.0,-16.0
MA_Crossover(10/50),SHORT,2026-06-23 02:35:00,2026-06-23 10:05:00,52154.0,51895.0,126.0
MA_Crossover(10/50),LONG,2026-06-23 10:05:00,2026-06-23 11:00:00,51895.0,51841.0,-30.5
MA_Crossover(10/50),SHORT,2026-06-23 11:00:00,2026-06-23 11:25:00,51841.0,51870.0,-18.0
MA_Crossover(10/50),LONG,2026-06-23 11:25:00,2026-06-23 13:30:00,51870.0,51852.0,-12.5
MA_Crossover(10/50),SHORT,2026-06-23 13:30:00,2026-06-23 13:50:00,51852.0,52031.0,-93.0
MA_Crossover(10/50),LONG,2026-06-23 13:50:00,2026-06-23 18:45:00,52031.0,52066.0,14.0
MA_Crossover(10/50),SHORT,2026-06-23 18:45:00,2026-06-24 00:15:00,52066.0,52096.0,-18.5
MA_Crossover(10/50),LONG,2026-06-24 00:15:00,2026-06-24 00:30:00,52096.0,52075.0,-14.0
MA_Crossover(10/50),SHORT,2026-06-24 00:30:00,2026-06-24 02:15:00,52075.0,52081.0,-6.5
MA_Crossover(10/50),LONG,2026-06-24 02:15:00,2026-06-24 02:25:00,52081.0,52047.0,-20.5
MA_Crossover(10/50),SHORT,2026-06-24 02:25:00,2026-06-24 03:50:00,52047.0,52065.0,-12.5
MA_Crossover(10/50),LONG,2026-06-24 03:50:00,2026-06-24 04:15:00,52065.0,52041.0,-15.5
MA_Crossover(10/50),SHORT,2026-06-24 04:15:00,2026-06-24 04:45:00,52041.0,52077.0,-21.5
MA_Crossover(10/50),LONG,2026-06-24 04:45:00,2026-06-24 05:05:00,52077.0,52037.0,-23.5
MA_Crossover(10/50),SHORT,2026-06-24 05:05:00,2026-06-24 10:40:00,52037.0,52031.0,-0.5
MA_Crossover(10/50),LONG,2026-06-24 10:40:00,2026-06-24 13:15:00,52031.0,51998.0,-20.0
MA_Crossover(10/50),SHORT,2026-06-24 13:15:00,2026-06-24 13:45:00,51998.0,52103.0,-56.0
MA_Crossover(10/50),LONG,2026-06-24 13:45:00,2026-06-24 17:30:00,52103.0,52215.0,52.5
MA_Crossover(10/50),SHORT,2026-06-24 17:30:00,2026-06-24 20:35:00,52215.0,52374.0,-83.0
MA_Crossover(10/50),LONG,2026-06-24 20:35:00,2026-06-24 22:35:00,52374.0,52311.0,-35.0
MA_Crossover(10/50),SHORT,2026-06-24 22:35:00,2026-06-24 23:55:00,52311.0,52332.0,-14.0
MA_Crossover(10/50),LONG,2026-06-24 23:55:00,2026-06-25 00:05:00,52332.0,52294.0,-22.5
MA_Crossover(10/50),SHORT,2026-06-25 00:05:00,2026-06-25 03:55:00,52294.0,52290.0,-1.5
MA_Crossover(10/50),LONG,2026-06-25 03:55:00,2026-06-25 04:15:00,52290.0,52270.0,-13.5
MA_Crossover(10/50),SHORT,2026-06-25 04:15:00,2026-06-25 06:10:00,52270.0,52290.0,-13.5
MA_Crossover(10/50),LONG,2026-06-25 06:10:00,2026-06-25 12:20:00,52290.0,52339.0,21.0
MA_Crossover(10/50),SHORT,2026-06-25 12:20:00,2026-06-25 12:35:00,52339.0,52422.0,-45.0
MA_Crossover(10/50),LONG,2026-06-25 12:35:00,2026-06-25 16:35:00,52422.0,52557.0,64.0
MA_Crossover(10/50),SHORT,2026-06-25 16:35:00,2026-06-25 20:40:00,52557.0,52498.0,26.0
MA_Crossover(10/50),LONG,2026-06-25 20:40:00,2026-06-25 22:05:00,52498.0,52426.0,-39.5
MA_Crossover(10/50),SHORT,2026-06-25 22:05:00,2026-06-25 23:25:00,52426.0,52508.0,-44.5
MA_Crossover(10/50),LONG,2026-06-25 23:25:00,2026-06-25 23:50:00,52508.0,52382.0,-66.5
MA_Crossover(10/50),SHORT,2026-06-25 23:50:00,2026-06-26 00:50:00,52382.0,52449.0,-37.0
MA_Crossover(10/50),LONG,2026-06-26 00:50:00,2026-06-26 00:55:00,52449.0,52422.0,-17.0
MA_Crossover(10/50),SHORT,2026-06-26 00:55:00,2026-06-26 06:40:00,52422.0,52320.0,47.5
MA_Crossover(10/50),LONG,2026-06-26 06:40:00,2026-06-26 09:10:00,52320.0,52285.0,-21.0
MA_Crossover(10/50),SHORT,2026-06-26 09:10:00,2026-06-26 12:15:00,52285.0,52364.0,-43.0
MA_Crossover(10/50),LONG,2026-06-26 12:15:00,2026-06-26 12:40:00,52364.0,52246.0,-62.5
MA_Crossover(10/50),SHORT,2026-06-26 12:40:00,2026-06-26 14:25:00,52246.0,52378.0,-69.5
MA_Crossover(10/50),LONG,2026-06-26 14:25:00,2026-06-26 18:00:00,52378.0,52313.0,-36.0
MA_Crossover(10/50),SHORT,2026-06-26 18:00:00,2026-06-28 22:35:00,52313.0,52313.0,-3.5
MA_Crossover(10/50),LONG,2026-06-28 22:35:00,2026-06-29 01:20:00,52313.0,52300.0,-10.0
MA_Crossover(10/50),SHORT,2026-06-29 01:20:00,2026-06-29 02:45:00,52300.0,52361.0,-34.0
MA_Crossover(10/50),LONG,2026-06-29 02:45:00,2026-06-29 07:05:00,52361.0,52309.0,-29.5
MA_Crossover(10/50),SHORT,2026-06-29 07:05:00,2026-06-29 07:35:00,52309.0,52389.0,-43.5
MA_Crossover(10/50),LONG,2026-06-29 07:35:00,2026-06-29 10:00:00,52389.0,52376.0,-10.0
MA_Crossover(10/50),SHORT,2026-06-29 10:00:00,2026-06-29 10:40:00,52376.0,52433.0,-32.0
MA_Crossover(10/50),LONG,2026-06-29 10:40:00,2026-06-29 15:55:00,52433.0,52475.0,17.5
MA_Crossover(10/50),SHORT,2026-06-29 15:55:00,2026-06-29 16:05:00,52475.0,52504.0,-18.0
MA_Crossover(10/50),LONG,2026-06-29 16:05:00,2026-06-29 16:35:00,52504.0,52463.0,-24.0
MA_Crossover(10/50),SHORT,2026-06-29 16:35:00,2026-06-29 17:10:00,52463.0,52521.0,-32.5
MA_Crossover(10/50),LONG,2026-06-29 17:10:00,2026-06-29 20:10:00,52521.0,52546.0,9.0
MA_Crossover(10/50),SHORT,2026-06-29 20:10:00,2026-06-29 20:25:00,52546.0,52577.0,-19.0
MA_Crossover(10/50),LONG,2026-06-29 20:25:00,2026-06-29 20:45:00,52577.0,52553.0,-15.5
MA_Crossover(10/50),SHORT,2026-06-29 20:45:00,2026-06-30 01:55:00,52553.0,52546.0,0.0
MA_Crossover(10/50),LONG,2026-06-30 01:55:00,2026-06-30 02:20:00,52546.0,52508.0,-22.5
MA_Crossover(10/50),SHORT,2026-06-30 02:20:00,2026-06-30 03:35:00,52508.0,52541.0,-20.0
MA_Crossover(10/50),LONG,2026-06-30 03:35:00,2026-06-30 08:45:00,52541.0,52564.0,8.0
MA_Crossover(10/50),SHORT,2026-06-30 08:45:00,2026-06-30 09:05:00,52564.0,52619.0,-31.0
MA_Crossover(10/50),LONG,2026-06-30 09:05:00,2026-06-30 12:05:00,52619.0,52565.0,-30.5
MA_Crossover(10/50),SHORT,2026-06-30 12:05:00,2026-06-30 14:25:00,52565.0,52632.0,-37.0
MA_Crossover(10/50),LONG,2026-06-30 14:25:00,2026-06-30 19:50:00,52632.0,52662.0,11.5
MA_Crossover(10/50),SHORT,2026-06-30 19:50:00,2026-06-30 19:55:00,52662.0,52712.0,-28.5
MA_Crossover(10/50),LONG,2026-06-30 19:55:00,2026-06-30 20:00:00,52712.0,52666.0,-26.5
MA_Crossover(10/50),SHORT,2026-06-30 20:00:00,2026-07-01 06:50:00,52666.0,52532.0,63.5
MA_Crossover(10/50),LONG,2026-07-01 06:50:00,2026-07-01 07:10:00,52532.0,52484.0,-27.5
MA_Crossover(10/50),SHORT,2026-07-01 07:10:00,2026-07-01 08:20:00,52484.0,52540.0,-31.5
MA_Crossover(10/50),LONG,2026-07-01 08:20:00,2026-07-01 11:55:00,52540.0,52508.0,-19.5
MA_Crossover(10/50),SHORT,2026-07-01 11:55:00,2026-07-01 13:25:00,52508.0,52599.0,-49.0
MA_Crossover(10/50),LONG,2026-07-01 13:25:00,2026-07-01 13:35:00,52599.0,52416.0,-95.0
MA_Crossover(10/50),SHORT,2026-07-01 13:35:00,2026-07-01 13:55:00,52416.0,52641.0,-116.0
MA_Crossover(10/50),LONG,2026-07-01 13:55:00,2026-07-01 18:00:00,52641.0,52769.0,60.5
MA_Crossover(10/50),SHORT,2026-07-01 18:00:00,2026-07-02 01:40:00,52769.0,52668.0,47.0
MA_Crossover(10/50),LONG,2026-07-02 01:40:00,2026-07-02 05:40:00,52668.0,52662.0,-6.5
MA_Crossover(10/50),SHORT,2026-07-02 05:40:00,2026-07-02 08:30:00,52662.0,52691.0,-18.0
MA_Crossover(10/50),LONG,2026-07-02 08:30:00,2026-07-02 17:10:00,52691.0,52863.0,82.5
MA_Crossover(10/50),SHORT,2026-07-02 17:10:00,2026-07-02 18:40:00,52863.0,53006.0,-75.0
MA_Crossover(10/50),LONG,2026-07-02 18:40:00,2026-07-05 22:10:00,53006.0,53157.0,72.0
MA_Crossover(10/50),SHORT,2026-07-05 22:10:00,2026-07-06 00:20:00,53157.0,53268.0,-59.0
MA_Crossover(10/50),LONG,2026-07-06 00:20:00,2026-07-06 01:20:00,53268.0,53266.0,-4.5
MA_Crossover(10/50),SHORT,2026-07-06 01:20:00,2026-07-06 01:30:00,53266.0,53252.0,3.5
MA_Crossover(10/50),LONG,2026-07-06 01:30:00,2026-07-06 02:05:00,53252.0,53234.0,-12.5
MA_Crossover(10/50),SHORT,2026-07-06 02:05:00,2026-07-06 05:55:00,53234.0,53202.0,12.5
MA_Crossover(10/50),LONG,2026-07-06 05:55:00,2026-07-06 06:00:00,53202.0,53182.0,-13.5
MA_Crossover(10/50),SHORT,2026-07-06 06:00:00,2026-07-06 06:10:00,53182.0,53192.0,-8.5
MA_Crossover(10/50),LONG,2026-07-06 06:10:00,2026-07-06 06:15:00,53192.0,53172.0,-13.5
MA_Crossover(10/50),SHORT,2026-07-06 06:15:00,2026-07-06 07:05:00,53172.0,53208.0,-21.5
MA_Crossover(10/50),LONG,2026-07-06 07:05:00,2026-07-06 09:20:00,53208.0,53195.0,-10.0
MA_Crossover(10/50),SHORT,2026-07-06 09:20:00,2026-07-06 13:35:00,53195.0,53348.0,-80.0
MA_Crossover(10/50),LONG,2026-07-06 13:35:00,2026-07-06 13:55:00,53348.0,53102.0,-126.5
MA_Crossover(10/50),SHORT,2026-07-06 13:55:00,2026-07-06 15:10:00,53102.0,53216.0,-60.5
MA_Crossover(10/50),LONG,2026-07-06 15:10:00,2026-07-07 04:40:00,53216.0,53391.0,84.0
MA_Crossover(10/50),SHORT,2026-07-07 04:40:00,2026-07-07 07:15:00,53391.0,53421.0,-18.5
MA_Crossover(10/50),LONG,2026-07-07 07:15:00,2026-07-07 11:00:00,53421.0,53441.0,6.5
MA_Crossover(10/50),SHORT,2026-07-07 11:00:00,2026-07-07 11:10:00,53441.0,53482.0,-24.0
MA_Crossover(10/50),LONG,2026-07-07 11:10:00,2026-07-07 13:55:00,53482.0,53410.0,-39.5
MA_Crossover(10/50),SHORT,2026-07-07 13:55:00,2026-07-08 01:10:00,53410.0,53183.0,110.0
MA_Crossover(10/50),LONG,2026-07-08 01:10:00,2026-07-08 02:00:00,53183.0,53167.0,-11.5
MA_Crossover(10/50),SHORT,2026-07-08 02:00:00,2026-07-08 12:15:00,53167.0,52769.0,195.5
MA_Crossover(10/50),LONG,2026-07-08 12:15:00,2026-07-08 14:00:00,52769.0,52657.0,-59.5
MA_Crossover(10/50),SHORT,2026-07-08 14:00:00,2026-07-08 17:05:00,52657.0,52597.0,26.5
MA_Crossover(10/50),LONG,2026-07-08 17:05:00,2026-07-08 20:25:00,52597.0,52578.0,-13.0
MA_Crossover(10/50),SHORT,2026-07-08 20:25:00,2026-07-09 00:05:00,52578.0,52589.0,-9.0
MA_Crossover(10/50),LONG,2026-07-09 00:05:00,2026-07-09 08:10:00,52589.0,52682.0,43.0
MA_Crossover(10/50),SHORT,2026-07-09 08:10:00,2026-07-09 12:35:00,52682.0,52660.0,7.5
MA_Crossover(10/50),LONG,2026-07-09 12:35:00,2026-07-09 18:55:00,52660.0,52753.0,43.0
MA_Crossover(10/50),SHORT,2026-07-09 18:55:00,2026-07-09 23:25:00,52753.0,52763.0,-8.5
MA_Crossover(10/50),LONG,2026-07-09 23:25:00,2026-07-10 00:00:00,52763.0,52750.0,-10.0
MA_Crossover(10/50),SHORT,2026-07-10 00:00:00,2026-07-10 03:10:00,52750.0,52761.0,-9.0
MA_Crossover(10/50),LONG,2026-07-10 03:10:00,2026-07-10 03:40:00,52761.0,52734.0,-17.0
MA_Crossover(10/50),SHORT,2026-07-10 03:40:00,2026-07-10 06:00:00,52734.0,52745.0,-9.0
MA_Crossover(10/50),LONG,2026-07-10 06:00:00,2026-07-10 12:05:00,52745.0,52801.0,24.5
MA_Crossover(10/50),SHORT,2026-07-10 12:05:00,2026-07-10 12:15:00,52801.0,52898.0,-52.0
MA_Crossover(10/50),LONG,2026-07-10 12:15:00,2026-07-10 13:55:00,52898.0,52812.0,-46.5
MA_Crossover(10/50),SHORT,2026-07-10 13:55:00,2026-07-10 15:25:00,52812.0,52897.0,-46.0
MA_Crossover(10/50),LONG,2026-07-10 15:25:00,2026-07-12 22:15:00,52897.0,52759.0,-72.5
MA_Crossover(10/50),SHORT,2026-07-12 22:15:00,2026-07-13 06:20:00,52759.0,52767.0,-7.5
MA_Crossover(10/50),LONG,2026-07-13 06:20:00,2026-07-13 11:45:00,52767.0,52877.0,51.5
MA_Crossover(10/50),SHORT,2026-07-13 11:45:00,2026-07-13 13:30:00,52877.0,52909.0,-19.5
MA_Crossover(10/50),LONG,2026-07-13 13:30:00,2026-07-13 14:45:00,52909.0,52807.0,-54.5
MA_Crossover(10/50),SHORT,2026-07-13 14:45:00,2026-07-14 04:40:00,52807.0,52671.0,64.5
MA_Crossover(10/50),LONG,2026-07-14 04:40:00,2026-07-14 07:20:00,52671.0,52641.0,-18.5
MA_Crossover(10/50),SHORT,2026-07-14 07:20:00,2026-07-14 09:50:00,52641.0,52661.0,-13.5
MA_Crossover(10/50),LONG,2026-07-14 09:50:00,2026-07-14 10:45:00,52661.0,52599.0,-34.5
MA_Crossover(10/50),SHORT,2026-07-14 10:45:00,2026-07-14 12:45:00,52599.0,52679.0,-43.5
MA_Crossover(10/50),LONG,2026-07-14 12:45:00,2026-07-14 15:55:00,52679.0,52656.0,-15.0
MA_Crossover(10/50),SHORT,2026-07-14 15:55:00,2026-07-14 18:10:00,52656.0,52710.0,-30.5
MA_Crossover(10/50),LONG,2026-07-14 18:10:00,2026-07-15 06:10:00,52710.0,52823.0,53.0
MA_Crossover(10/50),SHORT,2026-07-15 06:10:00,2026-07-15 08:35:00,52823.0,52847.0,-15.5
MA_Crossover(10/50),LONG,2026-07-15 08:35:00,2026-07-15 10:35:00,52847.0,52781.0,-36.5
MA_Crossover(10/50),SHORT,2026-07-15 10:35:00,2026-07-15 12:40:00,52781.0,52896.0,-61.0
MA_Crossover(10/50),LONG,2026-07-15 12:40:00,2026-07-15 16:10:00,52896.0,52870.0,-16.5
MA_Crossover(10/50),SHORT,2026-07-15 16:10:00,2026-07-15 17:55:00,52870.0,52922.0,-29.5
MA_Crossover(10/50),LONG,2026-07-15 17:55:00,2026-07-16 01:20:00,52922.0,52880.0,-24.5
MA_Crossover(10/50),SHORT,2026-07-16 01:20:00,2026-07-16 03:05:00,52880.0,52928.0,-27.5
MA_Crossover(10/50),LONG,2026-07-16 03:05:00,2026-07-16 06:35:00,52928.0,52911.0,-12.0
MA_Crossover(10/50),SHORT,2026-07-16 06:35:00,2026-07-16 10:05:00,52911.0,53042.0,-69.0
MA_Crossover(10/50),LONG,2026-07-16 10:05:00,2026-07-16 12:35:00,53042.0,52947.0,-51.0
MA_Crossover(10/50),SHORT,2026-07-16 12:35:00,2026-07-16 13:30:00,52947.0,52990.0,-25.0
MA_Crossover(10/50),LONG,2026-07-16 13:30:00,2026-07-16 14:00:00,52990.0,52866.0,-65.5
MA_Crossover(10/50),SHORT,2026-07-16 14:00:00,2026-07-16 14:45:00,52866.0,53016.0,-78.5
MA_Crossover(10/50),LONG,2026-07-16 14:45:00,2026-07-16 16:20:00,53016.0,52892.0,-65.5
MA_Crossover(10/50),SHORT,2026-07-16 16:20:00,2026-07-17 07:10:00,52892.0,52465.0,210.0
MA_Crossover(10/50),LONG,2026-07-17 07:10:00,2026-07-17 08:45:00,52465.0,52419.0,-26.5
MA_Crossover(10/50),SHORT,2026-07-17 08:45:00,2026-07-17 10:40:00,52419.0,52461.0,-24.5
MA_Crossover(10/50),LONG,2026-07-17 10:40:00,2026-07-17 12:45:00,52461.0,52440.0,-14.0
MA_Crossover(10/50),SHORT,2026-07-17 12:45:00,2026-07-17 13:50:00,52440.0,52719.0,-143.0
MA_Crossover(10/50),LONG,2026-07-17 13:50:00,2026-07-17 17:05:00,52719.0,52564.0,-81.0
MA_Crossover(10/50),SHORT,2026-07-17 17:05:00,2026-07-20 01:25:00,52564.0,52378.0,89.5
MA_Crossover(10/50),LONG,2026-07-20 01:25:00,2026-07-20 01:30:00,52378.0,52356.0,-14.5
MA_Crossover(10/50),SHORT,2026-07-20 01:30:00,2026-07-20 03:55:00,52356.0,52360.0,-5.5
MA_Crossover(10/50),LONG,2026-07-20 03:55:00,2026-07-20 04:05:00,52360.0,52342.0,-12.5
MA_Crossover(10/50),SHORT,2026-07-20 04:05:00,2026-07-20 04:35:00,52342.0,52362.0,-13.5
MA_Crossover(10/50),LONG,2026-07-20 04:35:00,2026-07-20 05:35:00,52362.0,52331.0,-19.0
MA_Crossover(10/50),SHORT,2026-07-20 05:35:00,2026-07-20 07:35:00,52331.0,52439.0,-57.5
MA_Crossover(10/50),LONG,2026-07-20 07:35:00,2026-07-20 12:55:00,52439.0,52447.0,0.5
MA_Crossover(10/50),SHORT,2026-07-20 12:55:00,2026-07-20 13:40:00,52447.0,52519.0,-39.5
MA_Crossover(10/50),LONG,2026-07-20 13:40:00,2026-07-20 13:50:00,52519.0,52421.0,-52.5
MA_Crossover(10/50),SHORT,2026-07-20 13:50:00,2026-07-21 01:00:00,52421.0,52105.0,154.5
MA_Crossover(10/50),LONG,2026-07-21 01:00:00,2026-07-21 02:20:00,52105.0,52079.0,-16.5
MA_Crossover(10/50),SHORT,2026-07-21 02:20:00,2026-07-21 02:30:00,52079.0,52107.0,-17.5
MA_Crossover(10/50),LONG,2026-07-21 02:30:00,2026-07-21 10:10:00,52107.0,52218.0,52.0
MA_Crossover(10/50),SHORT,2026-07-21 10:10:00,2026-07-21 10:20:00,52218.0,52244.0,-16.5
MA_Crossover(10/50),LONG,2026-07-21 10:20:00,2026-07-21 11:35:00,52244.0,52224.0,-13.5
MA_Crossover(10/50),SHORT,2026-07-21 11:35:00,2026-07-21 13:35:00,52224.0,52284.0,-33.5
MA_Crossover(10/50),LONG,2026-07-21 13:35:00,2026-07-21 13:45:00,52284.0,52107.0,-92.0
MA_Crossover(10/50),SHORT,2026-07-21 13:45:00,2026-07-21 14:05:00,52107.0,52323.0,-111.5
MA_Crossover(10/50),LONG,2026-07-21 14:05:00,2026-07-21 19:05:00,52323.0,52428.0,49.0
MA_Crossover(10/50),SHORT,2026-07-21 19:05:00,2026-07-21 19:30:00,52428.0,52453.0,-16.0
MA_Crossover(10/50),LONG,2026-07-21 19:30:00,2026-07-21 19:55:00,52453.0,52423.0,-18.5
MA_Crossover(10/50),SHORT,2026-07-21 19:55:00,2026-07-21 20:00:00,52423.0,52441.0,-12.5
MA_Crossover(10/50),LONG,2026-07-21 20:00:00,2026-07-21 20:05:00,52441.0,52434.0,-7.0
MA_Crossover(10/50),SHORT,2026-07-21 20:05:00,2026-07-21 20:15:00,52434.0,52434.0,-3.5
MA_Crossover(10/50),LONG,2026-07-21 20:15:00,2026-07-21 20:20:00,52434.0,52421.0,-10.0
MA_Crossover(10/50),SHORT,2026-07-21 20:20:00,2026-07-22 02:50:00,52421.0,52434.0,-10.0
MA_Crossover(10/50),LONG,2026-07-22 02:50:00,2026-07-22 03:55:00,52434.0,52390.0,-25.5
MA_Crossover(10/50),SHORT,2026-07-22 03:55:00,2026-07-22 06:05:00,52390.0,52424.0,-20.5
MA_Crossover(10/50),LONG,2026-07-22 06:05:00,2026-07-22 06:25:00,52424.0,52360.0,-35.5
MA_Crossover(10/50),SHORT,2026-07-22 06:25:00,2026-07-22 08:35:00,52360.0,52427.0,-37.0
MA_Crossover(10/50),LONG,2026-07-22 08:35:00,2026-07-22 11:25:00,52427.0,52369.0,-32.5
MA_Crossover(10/50),SHORT,2026-07-22 11:25:00,2026-07-22 13:25:00,52369.0,52414.0,-26.0
MA_Crossover(10/50),LONG,2026-07-22 13:25:00,2026-07-22 17:40:00,52414.0,52524.0,51.5
MA_Crossover(10/50),SHORT,2026-07-22 17:40:00,2026-07-22 20:40:00,52524.0,52504.0,6.5
MA_Crossover(10/50),LONG,2026-07-22 20:40:00,2026-07-22 22:00:00,52504.0,52430.0,-40.5
MA_Crossover(10/50),SHORT,2026-07-22 22:00:00,2026-07-23 00:35:00,52430.0,52472.0,-24.5
MA_Crossover(10/50),LONG,2026-07-23 00:35:00,2026-07-23 02:40:00,52472.0,52439.0,-20.0
MA_Crossover(10/50),SHORT,2026-07-23 02:40:00,2026-07-23 10:50:00,52439.0,52313.0,59.5
MA_Crossover(10/50),LONG,2026-07-23 10:50:00,2026-07-23 11:20:00,52313.0,52244.0,-38.0
MA_Crossover(10/50),SHORT,2026-07-23 11:20:00,2026-07-23 16:40:00,52244.0,51973.0,132.0
MA_Crossover(10/50),LONG,2026-07-23 16:40:00,2026-07-23 16:45:00,51973.0,51935.0,-22.5
MA_Crossover(10/50),SHORT,2026-07-23 16:45:00,2026-07-23 20:25:00,51935.0,51902.0,13.0
MA_Crossover(10/50),LONG,2026-07-23 20:25:00,2026-07-23 23:15:00,51902.0,51875.0,-17.0
MA_Crossover(10/50),SHORT,2026-07-23 23:15:00,2026-07-24 00:05:00,51875.0,51893.0,-12.5
MA_Crossover(10/50),LONG,2026-07-24 00:05:00,2026-07-24 03:15:00,51893.0,51918.0,9.0
MA_Crossover(10/50),SHORT,2026-07-24 03:15:00,2026-07-24 05:15:00,51918.0,51931.0,-10.0
MA_Crossover(10/50),LONG,2026-07-24 05:15:00,2026-07-24 11:45:00,51931.0,52071.0,66.5
MA_Crossover(10/50),SHORT,2026-07-24 11:45:00,2026-07-24 12:25:00,52071.0,52123.0,-29.5
MA_Crossover(10/50),LONG,2026-07-24 12:25:00,2026-07-24 12:45:00,52123.0,52082.0,-24.0
MA_Crossover(10/50),SHORT,2026-07-24 12:45:00,2026-07-24 15:20:00,52082.0,52163.0,-44.0
MA_Crossover(10/50),LONG,2026-07-24 15:20:00,2026-07-24 18:30:00,52163.0,52092.0,-39.0
MA_Crossover(10/50),SHORT,2026-07-24 18:30:00,2026-07-26 22:15:00,52092.0,52378.0,-146.5
MA_Crossover(10/50),LONG,2026-07-26 22:15:00,2026-07-27 14:00:00,52378.0,52580.0,97.5
MA_Crossover(10/50),SHORT,2026-07-27 14:00:00,2026-07-27 19:20:00,52580.0,52390.0,91.5
MA_Crossover(10/50),LONG,2026-07-27 19:20:00,2026-07-28 00:20:00,52390.0,52352.0,-22.5
MA_Crossover(10/50),SHORT,2026-07-28 00:20:00,2026-07-28 03:35:00,52352.0,52378.0,-16.5
MA_Crossover(10/50),LONG,2026-07-28 03:35:00,2026-07-28 20:10:00,52378.0,52954.0,284.5
MA_Crossover(10/50),SHORT,2026-07-28 20:10:00,2026-07-28 23:55:00,52954.0,52991.0,-22.0
MA_Crossover(10/50),LONG,2026-07-28 23:55:00,2026-07-29 01:50:00,52991.0,52916.0,-41.0
MA_Crossover(10/50),SHORT,2026-07-29 01:50:00,2026-07-29 05:40:00,52916.0,52904.0,2.5
MA_Crossover(10/50),LONG,2026-07-29 05:40:00,2026-07-29 06:10:00,52904.0,52878.0,-16.5
MA_Crossover(10/50),SHORT,2026-07-29 06:10:00,2026-07-29 06:20:00,52878.0,52902.0,-15.5
MA_Crossover(10/50),LONG,2026-07-29 06:20:00,2026-07-29 09:30:00,52902.0,52890.0,-9.5
MA_Crossover(10/50),SHORT,2026-07-29 09:30:00,2026-07-29 18:50:00,52890.0,52392.0,245.5
MA_Crossover(10/50),LONG,2026-07-29 18:50:00,2026-07-29 19:25:00,52392.0,52046.0,-176.5
MA_Crossover(10/50),SHORT,2026-07-29 19:25:00,2026-07-30 07:15:00,52046.0,51892.0,73.5
MA_Crossover(10/50),LONG,2026-07-30 07:15:00,2026-07-30 08:00:00,51892.0,51803.0,-48.0
MA_Crossover(10/50),SHORT,2026-07-30 08:00:00,2026-07-30 08:10:00,51803.0,51898.0,-51.0
MA_Crossover(10/50),LONG,2026-07-30 08:10:00,2026-07-30 15:00:00,51898.0,51930.0,12.5
MA_Crossover(10/50),SHORT,2026-07-30 15:00:00,2026-07-30 15:55:00,51930.0,52074.0,-75.5
MA_Crossover(10/50),LONG,2026-07-30 15:55:00,2026-07-31 11:40:00,52074.0,52609.0,264.0
MA_Crossover(10/50),SHORT,2026-07-31 11:40:00,2026-07-31 16:05:00,52609.0,52538.0,32.0
MA_Crossover(10/50),LONG,2026-07-31 16:05:00,2026-07-31 20:55:00,52538.0,52569.0,12.0
MA_Crossover(10/50),SHORT,2026-07-31 20:55:00,2026-08-02 22:15:00,52569.0,52840.0,-139.0
MA_Crossover(10/50),LONG,2026-08-02 22:15:00,2026-08-03 07:20:00,52840.0,52869.0,11.0
MA_Crossover(10/50),SHORT,2026-08-03 07:20:00,2026-08-03 07:30:00,52869.0,52899.0,-18.5
MA_Crossover(10/50),LONG,2026-08-03 07:30:00,2026-08-03 15:30:00,52899.0,53183.0,138.5
MA_Crossover(10/50),SHORT,2026-08-03 15:30:00,2026-08-03 17:50:00,53183.0,53236.0,-30.0
MA_Crossover(10/50),LONG,2026-08-03 17:50:00,2026-08-04 05:30:00,53236.0,53448.0,102.5
MA_Crossover(10/50),SHORT,2026-08-04 05:30:00,2026-08-04 10:35:00,53448.0,53646.0,-102.5
MA_Crossover(10/50),LONG,2026-08-04 10:35:00,2026-08-05 06:30:00,53646.0,54419.0,383.0
MA_Crossover(10/50),SHORT,2026-08-05 06:30:00,2026-08-05 10:35:00,54419.0,54447.0,-17.5
MA_Crossover(10/50),LONG,2026-08-05 10:35:00,2026-08-05 16:50:00,54447.0,54648.0,97.0
MA_Crossover(10/50),SHORT,2026-08-05 16:50:00,2026-08-05 16:55:00,54648.0,54687.0,-23.0
MA_Crossover(10/50),LONG,2026-08-05 16:55:00,2026-08-05 18:40:00,54687.0,54628.0,-33.0
MA_Crossover(10/50),SHORT,2026-08-05 18:40:00,2026-08-06 02:10:00,54628.0,54624.0,-1.5
MA_Crossover(10/50),LONG,2026-08-06 02:10:00,2026-08-06 08:15:00,54624.0,54597.0,-17.0
MA_Crossover(10/50),SHORT,2026-08-06 08:15:00,2026-08-06 08:30:00,54597.0,54637.0,-23.5
MA_Crossover(10/50),LONG,2026-08-06 08:30:00,2026-08-06 11:05:00,54637.0,54628.0,-8.0
MA_Crossover(10/50),SHORT,2026-08-06 11:05:00,2026-08-07 06:10:00,54628.0,53937.0,342.0
MA_Crossover(10/50),LONG,2026-08-07 06:10:00,2026-08-07 16:00:00,53937.0,54060.0,58.0
MA_Crossover(10/50),SHORT,2026-08-07 16:00:00,2026-08-07 17:50:00,54060.0,54094.0,-20.5
MA_Crossover(10/50),LONG,2026-08-07 17:50:00,2026-08-07 18:05:00,54094.0,54074.0,-13.5
MA_Crossover(10/50),SHORT,2026-08-07 18:05:00,2026-08-07 19:15:00,54074.0,54138.0,-35.5
MA_Crossover(10/50),LONG,2026-08-07 19:15:00,2026-08-09 22:20:00,54138.0,54012.0,-66.5
MA_Crossover(10/50),SHORT,2026-08-09 22:20:00,2026-08-10 01:20:00,54012.0,54076.0,-35.5
MA_Crossover(10/50),LONG,2026-08-10 01:20:00,2026-08-10 08:35:00,54076.0,54111.0,14.0
MA_Crossover(10/50),SHORT,2026-08-10 08:35:00,2026-08-10 09:30:00,54111.0,54139.0,-17.5
MA_Crossover(10/50),LONG,2026-08-10 09:30:00,2026-08-10 10:40:00,54139.0,54095.0,-25.5
MA_Crossover(10/50),SHORT,2026-08-10 10:40:00,2026-08-10 14:50:00,54095.0,54147.0,-29.5
MA_Crossover(10/50),LONG,2026-08-10 14:50:00,2026-08-10 16:25:00,54147.0,54054.0,-50.0
MA_Crossover(10/50),SHORT,2026-08-10 16:25:00,2026-08-10 20:15:00,54054.0,54036.0,5.5
MA_Crossover(10/50),LONG,2026-08-10 20:15:00,2026-08-10 22:40:00,54036.0,54015.0,-14.0
MA_Crossover(10/50),SHORT,2026-08-10 22:40:00,2026-08-11 00:40:00,54015.0,54029.0,-10.5
MA_Crossover(10/50),LONG,2026-08-11 00:40:00,2026-08-11 06:00:00,54029.0,54037.0,0.5
MA_Crossover(10/50),SHORT,2026-08-11 06:00:00,2026-08-11 10:30:00,54037.0,54049.0,-9.5
MA_Crossover(10/50),LONG,2026-08-11 10:30:00,2026-08-11 15:00:00,54049.0,54088.0,16.0
MA_Crossover(10/50),SHORT,2026-08-11 15:00:00,2026-08-12 04:15:00,54088.0,53885.0,98.0
MA_Crossover(10/50),LONG,2026-08-12 04:15:00,2026-08-12 06:20:00,53885.0,53882.0,-5.0
MA_Crossover(10/50),SHORT,2026-08-12 06:20:00,2026-08-12 06:30:00,53882.0,53898.0,-11.5
MA_Crossover(10/50),LONG,2026-08-12 06:30:00,2026-08-12 08:20:00,53898.0,53884.0,-10.5
MA_Crossover(10/50),SHORT,2026-08-12 08:20:00,2026-08-12 09:20:00,53884.0,53908.0,-15.5
MA_Crossover(10/50),LONG,2026-08-12 09:20:00,2026-08-12 14:00:00,53908.0,53888.0,-13.5
MA_Crossover(10/50),SHORT,2026-08-12 14:00:00,2026-08-12 18:45:00,53888.0,53949.0,-34.0
MA_Crossover(10/50),LONG,2026-08-12 18:45:00,2026-08-12 19:55:00,53949.0,53860.0,-48.0
MA_Crossover(10/50),SHORT,2026-08-12 19:55:00,2026-08-13 04:10:00,53860.0,53854.0,-0.5
MA_Crossover(10/50),LONG,2026-08-13 04:10:00,2026-08-13 15:00:00,53854.0,53938.0,38.5
MA_Crossover(10/50),SHORT,2026-08-13 15:00:00,2026-08-13 18:45:00,53938.0,53911.0,10.0
MA_Crossover(10/50),LONG,2026-08-13 18:45:00,2026-08-14 04:45:00,53911.0,53966.0,24.0
MA_Crossover(10/50),SHORT,2026-08-14 04:45:00,2026-08-14 13:45:00,53966.0,53881.0,39.0
MA_Crossover(10/50),LONG,2026-08-14 13:45:00,2026-08-14 14:50:00,53881.0,53837.0,-25.5
MA_Crossover(10/50),SHORT,2026-08-14 14:50:00,2026-08-14 18:20:00,53837.0,53840.0,-5.0
MA_Crossover(10/50),LONG,2026-08-14 18:20:00,2026-08-14 20:05:00,53840.0,53787.0,-30.0
MA_Crossover(10/50),SHORT,2026-08-14 20:05:00,2026-08-16 22:40:00,53787.0,53831.0,-25.5
MA_Crossover(10/50),LONG,2026-08-16 22:40:00,2026-08-17 00:10:00,53831.0,53806.0,-16.0
MA_Crossover(10/50),SHORT,2026-08-17 00:10:00,2026-08-17 05:35:00,53806.0,53764.0,17.5
MA_Crossover(10/50),LONG,2026-08-17 05:35:00,2026-08-17 07:25:00,53764.0,53734.0,-18.5
MA_Crossover(10/50),SHORT,2026-08-17 07:25:00,2026-08-17 07:50:00,53734.0,53777.0,-25.0
MA_Crossover(10/50),LONG,2026-08-17 07:50:00,2026-08-17 08:05:00,53777.0,53724.0,-30.0
MA_Crossover(10/50),SHORT,2026-08-17 08:05:00,2026-08-17 10:30:00,53724.0,53801.0,-42.0
MA_Crossover(10/50),LONG,2026-08-17 10:30:00,2026-08-17 11:15:00,53801.0,53728.0,-40.0
Donchian_Breakout(20),LONG,2026-06-01 00:05:00,2026-06-01 03:45:00,51134.0,51120.0,-10.5
Donchian_Breakout(20),SHORT,2026-06-01 03:45:00,2026-06-01 08:20:00,51120.0,51173.0,-30.0
Donchian_Breakout(20),LONG,2026-06-01 08:20:00,2026-06-01 12:10:00,51173.0,51235.0,27.5
Donchian_Breakout(20),SHORT,2026-06-01 12:10:00,2026-06-01 17:30:00,51235.0,51020.0,104.0
Donchian_Breakout(20),LONG,2026-06-01 17:30:00,2026-06-01 22:05:00,51020.0,51064.0,18.5
Donchian_Breakout(20),SHORT,2026-06-01 22:05:00,2026-06-02 03:25:00,51064.0,50920.0,68.5
Donchian_Breakout(20),LONG,2026-06-02 03:25:00,2026-06-02 09:15:00,50920.0,50986.0,29.5
Donchian_Breakout(20),SHORT,2026-06-02 09:15:00,2026-06-02 13:35:00,50986.0,51216.0,-118.5
Donchian_Breakout(20),LONG,2026-06-02 13:35:00,2026-06-02 22:55:00,51216.0,51379.0,78.0
Donchian_Breakout(20),SHORT,2026-06-02 22:55:00,2026-06-03 00:05:00,51379.0,51404.0,-16.0
Donchian_Breakout(20),LONG,2026-06-03 00:05:00,2026-06-03 04:50:00,51404.0,51370.0,-20.5
Donchian_Breakout(20),SHORT,2026-06-03 04:50:00,2026-06-03 11:35:00,51370.0,51279.0,42.0
Donchian_Breakout(20),LONG,2026-06-03 11:35:00,2026-06-03 12:35:00,51279.0,51173.0,-56.5
Donchian_Breakout(20),SHORT,2026-06-03 12:35:00,2026-06-03 23:00:00,51173.0,50844.0,161.0
Donchian_Breakout(20),LONG,2026-06-03 23:00:00,2026-06-04 01:55:00,50844.0,50786.0,-32.5
Donchian_Breakout(20),SHORT,2026-06-04 01:55:00,2026-06-04 04:15:00,50786.0,50809.0,-15.0
Donchian_Breakout(20),LONG,2026-06-04 04:15:00,2026-06-04 17:15:00,50809.0,51591.0,387.5
Donchian_Breakout(20),SHORT,2026-06-04 17:15:00,2026-06-04 19:10:00,51591.0,51695.0,-55.5
Donchian_Breakout(20),LONG,2026-06-04 19:10:00,2026-06-04 20:45:00,51695.0,51653.0,-24.5
Donchian_Breakout(20),SHORT,2026-06-04 20:45:00,2026-06-05 04:50:00,51653.0,51628.0,9.0
Donchian_Breakout(20),LONG,2026-06-05 04:50:00,2026-06-05 11:25:00,51628.0,51699.0,32.0
Donchian_Breakout(20),SHORT,2026-06-05 11:25:00,2026-06-08 07:25:00,51699.0,50848.0,422.0
Donchian_Breakout(20),LONG,2026-06-08 07:25:00,2026-06-08 13:10:00,50848.0,51004.0,74.5
Donchian_Breakout(20),SHORT,2026-06-08 13:10:00,2026-06-08 13:35:00,51004.0,51168.0,-85.5
Donchian_Breakout(20),LONG,2026-06-08 13:35:00,2026-06-08 15:35:00,51168.0,50956.0,-109.5
Donchian_Breakout(20),SHORT,2026-06-08 15:35:00,2026-06-09 01:50:00,50956.0,50860.0,44.5
Donchian_Breakout(20),LONG,2026-06-09 01:50:00,2026-06-09 06:10:00,50860.0,50882.0,7.5
Donchian_Breakout(20),SHORT,2026-06-09 06:10:00,2026-06-09 08:40:00,50882.0,50969.0,-47.0
Donchian_Breakout(20),LONG,2026-06-09 08:40:00,2026-06-09 12:00:00,50969.0,50918.0,-29.0
Donchian_Breakout(20),SHORT,2026-06-09 12:00:00,2026-06-09 12:40:00,50918.0,51039.0,-64.0
Donchian_Breakout(20),LONG,2026-06-09 12:40:00,2026-06-09 14:20:00,51039.0,50985.0,-30.5
Donchian_Breakout(20),SHORT,2026-06-09 14:20:00,2026-06-09 17:35:00,50985.0,50681.0,148.5
Donchian_Breakout(20),LONG,2026-06-09 17:35:00,2026-06-10 03:40:00,50681.0,50825.0,68.5
Donchian_Breakout(20),SHORT,2026-06-10 03:40:00,2026-06-10 05:40:00,50825.0,50835.0,-8.5
Donchian_Breakout(20),LONG,2026-06-10 05:40:00,2026-06-10 07:30:00,50835.0,50757.0,-42.5
Donchian_Breakout(20),SHORT,2026-06-10 07:30:00,2026-06-10 12:35:00,50757.0,50617.0,66.5
Donchian_Breakout(20),LONG,2026-06-10 12:35:00,2026-06-10 14:55:00,50617.0,50513.0,-55.5
Donchian_Breakout(20),SHORT,2026-06-10 14:55:00,2026-06-11 01:05:00,50513.0,49978.0,264.0
Donchian_Breakout(20),LONG,2026-06-11 01:05:00,2026-06-11 06:10:00,49978.0,50079.0,47.0
Donchian_Breakout(20),SHORT,2026-06-11 06:10:00,2026-06-11 06:55:00,50079.0,50170.0,-49.0
Donchian_Breakout(20),LONG,2026-06-11 06:55:00,2026-06-11 11:10:00,50170.0,50301.0,62.0
Donchian_Breakout(20),SHORT,2026-06-11 11:10:00,2026-06-11 13:55:00,50301.0,50430.0,-68.0
Donchian_Breakout(20),LONG,2026-06-11 13:55:00,2026-06-11 17:05:00,50430.0,50201.0,-118.0
Donchian_Breakout(20),SHORT,2026-06-11 17:05:00,2026-06-11 17:30:00,50201.0,50632.0,-219.0
Donchian_Breakout(20),LONG,2026-06-11 17:30:00,2026-06-12 00:45:00,50632.0,50910.0,135.5
Donchian_Breakout(20),SHORT,2026-06-12 00:45:00,2026-06-12 06:10:00,50910.0,50933.0,-15.0
Donchian_Breakout(20),LONG,2026-06-12 06:10:00,2026-06-12 07:05:00,50933.0,50855.0,-42.5
Donchian_Breakout(20),SHORT,2026-06-12 07:05:00,2026-06-12 07:35:00,50855.0,51246.0,-199.0
Donchian_Breakout(20),LONG,2026-06-12 07:35:00,2026-06-12 12:45:00,51246.0,51485.0,116.0
Donchian_Breakout(20),SHORT,2026-06-12 12:45:00,2026-06-12 14:55:00,51485.0,51686.0,-104.0
Donchian_Breakout(20),LONG,2026-06-12 14:55:00,2026-06-12 19:35:00,51686.0,51571.0,-61.0
Donchian_Breakout(20),SHORT,2026-06-12 19:35:00,2026-06-14 22:15:00,51571.0,51954.0,-195.0
Donchian_Breakout(20),LONG,2026-06-14 22:15:00,2026-06-15 04:15:00,51954.0,52050.0,44.5
Donchian_Breakout(20),SHORT,2026-06-15 04:15:00,2026-06-15 04:55:00,52050.0,52086.0,-21.5
Donchian_Breakout(20),LONG,2026-06-15 04:55:00,2026-06-15 06:55:00,52086.0,52093.0,0.0
Donchian_Breakout(20),SHORT,2026-06-15 06:55:00,2026-06-15 11:10:00,52093.0,52072.0,7.0
Donchian_Breakout(20),LONG,2026-06-15 11:10:00,2026-06-15 17:55:00,52072.0,52275.0,98.0
Donchian_Breakout(20),SHORT,2026-06-15 17:55:00,2026-06-16 00:35:00,52275.0,52131.0,68.5
Donchian_Breakout(20),LONG,2026-06-16 00:35:00,2026-06-16 04:15:00,52131.0,52135.0,-1.5
Donchian_Breakout(20),SHORT,2026-06-16 04:15:00,2026-06-16 05:15:00,52135.0,52172.0,-22.0
Donchian_Breakout(20),LONG,2026-06-16 05:15:00,2026-06-16 08:40:00,52172.0,52164.0,-7.5
Donchian_Breakout(20),SHORT,2026-06-16 08:40:00,2026-06-16 12:10:00,52164.0,52209.0,-26.0
Donchian_Breakout(20),LONG,2026-06-16 12:10:00,2026-06-16 18:05:00,52209.0,52549.0,166.5
Donchian_Breakout(20),SHORT,2026-06-16 18:05:00,2026-06-16 22:55:00,52549.0,52518.0,12.0
Donchian_Breakout(20),LONG,2026-06-16 22:55:00,2026-06-17 02:40:00,52518.0,52517.0,-4.0
Donchian_Breakout(20),SHORT,2026-06-17 02:40:00,2026-06-17 04:00:00,52517.0,52537.0,-13.5
Donchian_Breakout(20),LONG,2026-06-17 04:00:00,2026-06-17 04:45:00,52537.0,52506.0,-19.0
Donchian_Breakout(20),SHORT,2026-06-17 04:45:00,2026-06-17 07:10:00,52506.0,52524.0,-12.5
Donchian_Breakout(20),LONG,2026-06-17 07:10:00,2026-06-17 07:50:00,52524.0,52463.0,-34.0
Donchian_Breakout(20),SHORT,2026-06-17 07:50:00,2026-06-17 13:35:00,52463.0,52513.0,-28.5
Donchian_Breakout(20),LONG,2026-06-17 13:35:00,2026-06-17 17:35:00,52513.0,52555.0,17.5
Donchian_Breakout(20),SHORT,2026-06-17 17:35:00,2026-06-17 23:10:00,52555.0,52101.0,223.5
Donchian_Breakout(20),LONG,2026-06-17 23:10:00,2026-06-18 04:45:00,52101.0,52199.0,45.5
Donchian_Breakout(20),SHORT,2026-06-18 04:45:00,2026-06-18 06:50:00,52199.0,52230.0,-19.0
Donchian_Breakout(20),LONG,2026-06-18 06:50:00,2026-06-18 08:55:00,52230.0,52169.0,-34.0
Donchian_Breakout(20),SHORT,2026-06-18 08:55:00,2026-06-18 12:50:00,52169.0,52196.0,-17.0
Donchian_Breakout(20),LONG,2026-06-18 12:50:00,2026-06-18 14:05:00,52196.0,52115.0,-44.0
Donchian_Breakout(20),SHORT,2026-06-18 14:05:00,2026-06-18 17:10:00,52115.0,52133.0,-12.5
Donchian_Breakout(20),LONG,2026-06-18 17:10:00,2026-06-18 19:05:00,52133.0,52004.0,-68.0
Donchian_Breakout(20),SHORT,2026-06-18 19:05:00,2026-06-22 00:30:00,52004.0,51907.0,45.0
Donchian_Breakout(20),LONG,2026-06-22 00:30:00,2026-06-22 02:40:00,51907.0,51865.0,-24.5
Donchian_Breakout(20),SHORT,2026-06-22 02:40:00,2026-06-22 05:30:00,51865.0,51862.0,-2.0
Donchian_Breakout(20),LONG,2026-06-22 05:30:00,2026-06-22 22:00:00,51862.0,52165.0,148.0
Donchian_Breakout(20),SHORT,2026-06-22 22:00:00,2026-06-23 00:25:00,52165.0,52179.0,-10.5
Donchian_Breakout(20),LONG,2026-06-23 00:25:00,2026-06-23 03:10:00,52179.0,52092.0,-47.0
Donchian_Breakout(20),SHORT,2026-06-23 03:10:00,2026-06-23 09:25:00,52092.0,51823.0,131.0
Donchian_Breakout(20),LONG,2026-06-23 09:25:00,2026-06-23 13:35:00,51823.0,51804.0,-13.0
Donchian_Breakout(20),SHORT,2026-06-23 13:35:00,2026-06-23 13:50:00,51804.0,52031.0,-117.0
Donchian_Breakout(20),LONG,2026-06-23 13:50:00,2026-06-23 18:20:00,52031.0,52150.0,56.0
Donchian_Breakout(20),SHORT,2026-06-23 18:20:00,2026-06-23 23:50:00,52150.0,52104.0,19.5
Donchian_Breakout(20),LONG,2026-06-23 23:50:00,2026-06-24 02:50:00,52104.0,52016.0,-47.5
Donchian_Breakout(20),SHORT,2026-06-24 02:50:00,2026-06-24 10:45:00,52016.0,52064.0,-27.5
Donchian_Breakout(20),LONG,2026-06-24 10:45:00,2026-06-24 13:10:00,52064.0,52028.0,-21.5
Donchian_Breakout(20),SHORT,2026-06-24 13:10:00,2026-06-24 13:55:00,52028.0,52219.0,-99.0
Donchian_Breakout(20),LONG,2026-06-24 13:55:00,2026-06-24 17:00:00,52219.0,52470.0,122.0
Donchian_Breakout(20),SHORT,2026-06-24 17:00:00,2026-06-25 03:25:00,52470.0,52292.0,85.5
Donchian_Breakout(20),LONG,2026-06-25 03:25:00,2026-06-25 04:35:00,52292.0,52242.0,-28.5
Donchian_Breakout(20),SHORT,2026-06-25 04:35:00,2026-06-25 06:15:00,52242.0,52313.0,-39.0
Donchian_Breakout(20),LONG,2026-06-25 06:15:00,2026-06-25 08:15:00,52313.0,52311.0,-4.5
Donchian_Breakout(20),SHORT,2026-06-25 08:15:00,2026-06-25 09:55:00,52311.0,52355.0,-25.5
Donchian_Breakout(20),LONG,2026-06-25 09:55:00,2026-06-25 11:55:00,52355.0,52352.0,-5.0
Donchian_Breakout(20),SHORT,2026-06-25 11:55:00,2026-06-25 13:30:00,52352.0,52539.0,-97.0
Donchian_Breakout(20),LONG,2026-06-25 13:30:00,2026-06-25 16:30:00,52539.0,52598.0,26.0
Donchian_Breakout(20),SHORT,2026-06-25 16:30:00,2026-06-25 18:30:00,52598.0,52555.0,18.0
Donchian_Breakout(20),LONG,2026-06-25 18:30:00,2026-06-25 23:50:00,52555.0,52382.0,-90.0
Donchian_Breakout(20),SHORT,2026-06-25 23:50:00,2026-06-26 06:30:00,52382.0,52302.0,36.5
Donchian_Breakout(20),LONG,2026-06-26 06:30:00,2026-06-26 08:50:00,52302.0,52340.0,15.5
Donchian_Breakout(20),SHORT,2026-06-26 08:50:00,2026-06-26 12:10:00,52340.0,52347.0,-7.0
Donchian_Breakout(20),LONG,2026-06-26 12:10:00,2026-06-26 12:50:00,52347.0,52205.0,-74.5
Donchian_Breakout(20),SHORT,2026-06-26 12:50:00,2026-06-26 14:25:00,52205.0,52378.0,-90.0
Donchian_Breakout(20),LONG,2026-06-26 14:25:00,2026-06-26 18:40:00,52378.0,52284.0,-50.5
Donchian_Breakout(20),SHORT,2026-06-26 18:40:00,2026-06-28 22:15:00,52284.0,52335.0,-29.0
Donchian_Breakout(20),LONG,2026-06-28 22:15:00,2026-06-29 01:20:00,52335.0,52300.0,-21.0
Donchian_Breakout(20),SHORT,2026-06-29 01:20:00,2026-06-29 03:05:00,52300.0,52384.0,-45.5
Donchian_Breakout(20),LONG,2026-06-29 03:05:00,2026-06-29 07:00:00,52384.0,52353.0,-19.0
Donchian_Breakout(20),SHORT,2026-06-29 07:00:00,2026-06-29 08:05:00,52353.0,52425.0,-39.5
Donchian_Breakout(20),LONG,2026-06-29 08:05:00,2026-06-29 09:55:00,52425.0,52356.0,-38.0
Donchian_Breakout(20),SHORT,2026-06-29 09:55:00,2026-06-29 10:40:00,52356.0,52433.0,-42.0
Donchian_Breakout(20),LONG,2026-06-29 10:40:00,2026-06-29 14:15:00,52433.0,52334.0,-53.0
Donchian_Breakout(20),SHORT,2026-06-29 14:15:00,2026-06-29 17:15:00,52334.0,52553.0,-113.0
Donchian_Breakout(20),LONG,2026-06-29 17:15:00,2026-06-29 19:35:00,52553.0,52551.0,-4.5
Donchian_Breakout(20),SHORT,2026-06-29 19:35:00,2026-06-30 01:30:00,52551.0,52534.0,5.0
Donchian_Breakout(20),LONG,2026-06-30 01:30:00,2026-06-30 12:05:00,52534.0,52565.0,12.0
Donchian_Breakout(20),SHORT,2026-06-30 12:05:00,2026-06-30 14:35:00,52565.0,52707.0,-74.5
Donchian_Breakout(20),LONG,2026-06-30 14:35:00,2026-06-30 18:35:00,52707.0,52691.0,-11.5
Donchian_Breakout(20),SHORT,2026-06-30 18:35:00,2026-07-01 00:25:00,52691.0,52599.0,42.5
Donchian_Breakout(20),LONG,2026-07-01 00:25:00,2026-07-01 01:25:00,52599.0,52551.0,-27.5
Donchian_Breakout(20),SHORT,2026-07-01 01:25:00,2026-07-01 04:50:00,52551.0,52520.0,12.0
Donchian_Breakout(20),LONG,2026-07-01 04:50:00,2026-07-01 07:10:00,52520.0,52484.0,-21.5
Donchian_Breakout(20),SHORT,2026-07-01 07:10:00,2026-07-01 08:20:00,52484.0,52540.0,-31.5
Donchian_Breakout(20),LONG,2026-07-01 08:20:00,2026-07-01 12:05:00,52540.0,52476.0,-35.5
Donchian_Breakout(20),SHORT,2026-07-01 12:05:00,2026-07-01 13:20:00,52476.0,52583.0,-57.0
Donchian_Breakout(20),LONG,2026-07-01 13:20:00,2026-07-01 13:35:00,52583.0,52416.0,-87.0
Donchian_Breakout(20),SHORT,2026-07-01 13:35:00,2026-07-01 14:10:00,52416.0,52698.0,-144.5
Donchian_Breakout(20),LONG,2026-07-01 14:10:00,2026-07-01 17:10:00,52698.0,52839.0,67.0
Donchian_Breakout(20),SHORT,2026-07-01 17:10:00,2026-07-02 01:15:00,52839.0,52635.0,98.5
Donchian_Breakout(20),LONG,2026-07-02 01:15:00,2026-07-02 04:10:00,52635.0,52704.0,31.0
Donchian_Breakout(20),SHORT,2026-07-02 04:10:00,2026-07-02 08:10:00,52704.0,52654.0,21.5
Donchian_Breakout(20),LONG,2026-07-02 08:10:00,2026-07-02 17:05:00,52654.0,52857.0,98.0
Donchian_Breakout(20),SHORT,2026-07-02 17:05:00,2026-07-02 18:40:00,52857.0,53006.0,-78.0
Donchian_Breakout(20),LONG,2026-07-02 18:40:00,2026-07-03 03:10:00,53006.0,53310.0,148.5
Donchian_Breakout(20),SHORT,2026-07-03 03:10:00,2026-07-05 23:50:00,53310.0,53223.0,40.0
Donchian_Breakout(20),LONG,2026-07-05 23:50:00,2026-07-06 01:20:00,53223.0,53266.0,18.0
Donchian_Breakout(20),SHORT,2026-07-06 01:20:00,2026-07-06 05:15:00,53266.0,53194.0,32.5
Donchian_Breakout(20),LONG,2026-07-06 05:15:00,2026-07-06 11:10:00,53194.0,53158.0,-21.5
Donchian_Breakout(20),SHORT,2026-07-06 11:10:00,2026-07-06 13:30:00,53158.0,53260.0,-54.5
Donchian_Breakout(20),LONG,2026-07-06 13:30:00,2026-07-06 14:05:00,53260.0,53026.0,-120.5
Donchian_Breakout(20),SHORT,2026-07-06 14:05:00,2026-07-06 16:50:00,53026.0,53235.0,-108.0
Donchian_Breakout(20),LONG,2026-07-06 16:50:00,2026-07-06 22:00:00,53235.0,53405.0,81.5
Donchian_Breakout(20),SHORT,2026-07-06 22:00:00,2026-07-06 22:05:00,53405.0,53419.0,-10.5
Donchian_Breakout(20),LONG,2026-07-06 22:05:00,2026-07-06 23:50:00,53419.0,53377.0,-24.5
Donchian_Breakout(20),SHORT,2026-07-06 23:50:00,2026-07-07 01:10:00,53377.0,53430.0,-30.0
Donchian_Breakout(20),LONG,2026-07-07 01:10:00,2026-07-07 03:00:00,53430.0,53407.0,-15.0
Donchian_Breakout(20),SHORT,2026-07-07 03:00:00,2026-07-07 07:15:00,53407.0,53421.0,-10.5
Donchian_Breakout(20),LONG,2026-07-07 07:15:00,2026-07-07 10:55:00,53421.0,53434.0,3.0
Donchian_Breakout(20),SHORT,2026-07-07 10:55:00,2026-07-07 11:20:00,53434.0,53507.0,-40.0
Donchian_Breakout(20),LONG,2026-07-07 11:20:00,2026-07-07 13:40:00,53507.0,53462.0,-26.0
Donchian_Breakout(20),SHORT,2026-07-07 13:40:00,2026-07-07 17:30:00,53462.0,53231.0,112.0
Donchian_Breakout(20),LONG,2026-07-07 17:30:00,2026-07-07 19:10:00,53231.0,53145.0,-46.5
Donchian_Breakout(20),SHORT,2026-07-07 19:10:00,2026-07-08 01:05:00,53145.0,53199.0,-30.5
Donchian_Breakout(20),LONG,2026-07-08 01:05:00,2026-07-08 05:25:00,53199.0,53129.0,-38.5
Donchian_Breakout(20),SHORT,2026-07-08 05:25:00,2026-07-08 11:45:00,53129.0,52697.0,212.5
Donchian_Breakout(20),LONG,2026-07-08 11:45:00,2026-07-08 14:20:00,52697.0,52556.0,-74.0
Donchian_Breakout(20),SHORT,2026-07-08 14:20:00,2026-07-08 16:45:00,52556.0,52577.0,-14.0
Donchian_Breakout(20),LONG,2026-07-08 16:45:00,2026-07-08 19:50:00,52577.0,52601.0,8.5
Donchian_Breakout(20),SHORT,2026-07-08 19:50:00,2026-07-09 00:00:00,52601.0,52597.0,-1.5
Donchian_Breakout(20),LONG,2026-07-09 00:00:00,2026-07-09 03:20:00,52597.0,52645.0,20.5
Donchian_Breakout(20),SHORT,2026-07-09 03:20:00,2026-07-09 04:35:00,52645.0,52709.0,-35.5
Donchian_Breakout(20),LONG,2026-07-09 04:35:00,2026-07-09 08:35:00,52709.0,52671.0,-22.5
Donchian_Breakout(20),SHORT,2026-07-09 08:35:00,2026-07-09 12:10:00,52671.0,52626.0,19.0
Donchian_Breakout(20),LONG,2026-07-09 12:10:00,2026-07-09 18:40:00,52626.0,52756.0,61.5
Donchian_Breakout(20),SHORT,2026-07-09 18:40:00,2026-07-09 23:25:00,52756.0,52763.0,-7.0
Donchian_Breakout(20),LONG,2026-07-09 23:25:00,2026-07-10 00:05:00,52763.0,52732.0,-19.0
Donchian_Breakout(20),SHORT,2026-07-10 00:05:00,2026-07-10 03:05:00,52732.0,52746.0,-10.5
Donchian_Breakout(20),LONG,2026-07-10 03:05:00,2026-07-10 04:25:00,52746.0,52717.0,-18.0
Donchian_Breakout(20),SHORT,2026-07-10 04:25:00,2026-07-10 05:55:00,52717.0,52743.0,-16.5
Donchian_Breakout(20),LONG,2026-07-10 05:55:00,2026-07-10 08:55:00,52743.0,52774.0,12.0
Donchian_Breakout(20),SHORT,2026-07-10 08:55:00,2026-07-10 10:10:00,52774.0,52859.0,-46.0
Donchian_Breakout(20),LONG,2026-07-10 10:10:00,2026-07-10 11:40:00,52859.0,52808.0,-29.0
Donchian_Breakout(20),SHORT,2026-07-10 11:40:00,2026-07-10 15:20:00,52808.0,52888.0,-43.5
Donchian_Breakout(20),LONG,2026-07-10 15:20:00,2026-07-12 22:15:00,52888.0,52759.0,-68.0
Donchian_Breakout(20),SHORT,2026-07-12 22:15:00,2026-07-13 00:15:00,52759.0,52832.0,-40.0
Donchian_Breakout(20),LONG,2026-07-13 00:15:00,2026-07-13 00:55:00,52832.0,52769.0,-35.0
Donchian_Breakout(20),SHORT,2026-07-13 00:55:00,2026-07-13 05:15:00,52769.0,52717.0,22.5
Donchian_Breakout(20),LONG,2026-07-13 05:15:00,2026-07-13 11:15:00,52717.0,52871.0,73.5
Donchian_Breakout(20),SHORT,2026-07-13 11:15:00,2026-07-13 13:35:00,52871.0,53016.0,-76.0
Donchian_Breakout(20),LONG,2026-07-13 13:35:00,2026-07-13 15:45:00,53016.0,52766.0,-128.5
Donchian_Breakout(20),SHORT,2026-07-13 15:45:00,2026-07-14 04:30:00,52766.0,52620.0,69.5
Donchian_Breakout(20),LONG,2026-07-14 04:30:00,2026-07-14 06:45:00,52620.0,52659.0,16.0
Donchian_Breakout(20),SHORT,2026-07-14 06:45:00,2026-07-14 09:15:00,52659.0,52641.0,5.5
Donchian_Breakout(20),LONG,2026-07-14 09:15:00,2026-07-14 10:55:00,52641.0,52577.0,-35.5
Donchian_Breakout(20),SHORT,2026-07-14 10:55:00,2026-07-14 12:35:00,52577.0,52727.0,-78.5
Donchian_Breakout(20),LONG,2026-07-14 12:35:00,2026-07-14 15:40:00,52727.0,52671.0,-31.5
Donchian_Breakout(20),SHORT,2026-07-14 15:40:00,2026-07-14 17:25:00,52671.0,52714.0,-25.0
Donchian_Breakout(20),LONG,2026-07-14 17:25:00,2026-07-14 22:15:00,52714.0,52767.0,23.0
Donchian_Breakout(20),SHORT,2026-07-14 22:15:00,2026-07-14 23:15:00,52767.0,52820.0,-30.0
Donchian_Breakout(20),LONG,2026-07-14 23:15:00,2026-07-15 00:45:00,52820.0,52777.0,-25.0
Donchian_Breakout(20),SHORT,2026-07-15 00:45:00,2026-07-15 02:35:00,52777.0,52842.0,-36.0
Donchian_Breakout(20),LONG,2026-07-15 02:35:00,2026-07-15 05:30:00,52842.0,52816.0,-16.5
Donchian_Breakout(20),SHORT,2026-07-15 05:30:00,2026-07-15 08:35:00,52816.0,52847.0,-19.0
Donchian_Breakout(20),LONG,2026-07-15 08:35:00,2026-07-15 10:25:00,52847.0,52810.0,-22.0
Donchian_Breakout(20),SHORT,2026-07-15 10:25:00,2026-07-15 12:35:00,52810.0,52872.0,-34.5
Donchian_Breakout(20),LONG,2026-07-15 12:35:00,2026-07-15 16:00:00,52872.0,52889.0,5.0
Donchian_Breakout(20),SHORT,2026-07-15 16:00:00,2026-07-15 17:50:00,52889.0,52909.0,-13.5
Donchian_Breakout(20),LONG,2026-07-15 17:50:00,2026-07-16 01:20:00,52909.0,52880.0,-18.0
Donchian_Breakout(20),SHORT,2026-07-16 01:20:00,2026-07-16 02:50:00,52880.0,52914.0,-20.5
Donchian_Breakout(20),LONG,2026-07-16 02:50:00,2026-07-16 05:50:00,52914.0,52934.0,6.5
Donchian_Breakout(20),SHORT,2026-07-16 05:50:00,2026-07-16 10:00:00,52934.0,53026.0,-49.5
Donchian_Breakout(20),LONG,2026-07-16 10:00:00,2026-07-16 11:50:00,53026.0,52879.0,-77.0
Donchian_Breakout(20),SHORT,2026-07-16 11:50:00,2026-07-16 20:00:00,52879.0,52784.0,44.0
Donchian_Breakout(20),LONG,2026-07-16 20:00:00,2026-07-16 22:55:00,52784.0,52722.0,-34.5
Donchian_Breakout(20),SHORT,2026-07-16 22:55:00,2026-07-17 06:20:00,52722.0,52444.0,135.5
Donchian_Breakout(20),LONG,2026-07-17 06:20:00,2026-07-17 08:40:00,52444.0,52420.0,-15.5
Donchian_Breakout(20),SHORT,2026-07-17 08:40:00,2026-07-17 11:00:00,52420.0,52514.0,-50.5
Donchian_Breakout(20),LONG,2026-07-17 11:00:00,2026-07-17 12:50:00,52514.0,52398.0,-61.5
Donchian_Breakout(20),SHORT,2026-07-17 12:50:00,2026-07-17 13:45:00,52398.0,52563.0,-86.0
Donchian_Breakout(20),LONG,2026-07-17 13:45:00,2026-07-17 16:25:00,52563.0,52603.0,16.5
Donchian_Breakout(20),SHORT,2026-07-17 16:25:00,2026-07-20 00:10:00,52603.0,52386.0,105.0
Donchian_Breakout(20),LONG,2026-07-20 00:10:00,2026-07-20 01:45:00,52386.0,52321.0,-36.0
Donchian_Breakout(20),SHORT,2026-07-20 01:45:00,2026-07-20 04:35:00,52321.0,52362.0,-24.0
Donchian_Breakout(20),LONG,2026-07-20 04:35:00,2026-07-20 06:00:00,52362.0,52317.0,-26.0
Donchian_Breakout(20),SHORT,2026-07-20 06:00:00,2026-07-20 07:25:00,52317.0,52360.0,-25.0
Donchian_Breakout(20),LONG,2026-07-20 07:25:00,2026-07-20 13:50:00,52360.0,52421.0,27.0
Donchian_Breakout(20),SHORT,2026-07-20 13:50:00,2026-07-20 16:15:00,52421.0,52293.0,60.5
Donchian_Breakout(20),LONG,2026-07-20 16:15:00,2026-07-20 17:15:00,52293.0,52150.0,-75.0
Donchian_Breakout(20),SHORT,2026-07-20 17:15:00,2026-07-21 01:10:00,52150.0,52122.0,10.5
Donchian_Breakout(20),LONG,2026-07-21 01:10:00,2026-07-21 07:30:00,52122.0,52212.0,41.5
Donchian_Breakout(20),SHORT,2026-07-21 07:30:00,2026-07-21 10:35:00,52212.0,52305.0,-50.0
Donchian_Breakout(20),LONG,2026-07-21 10:35:00,2026-07-21 11:55:00,52305.0,52196.0,-58.0
Donchian_Breakout(20),SHORT,2026-07-21 11:55:00,2026-07-21 13:25:00,52196.0,52256.0,-33.5
Donchian_Breakout(20),LONG,2026-07-21 13:25:00,2026-07-21 13:45:00,52256.0,52107.0,-78.0
Donchian_Breakout(20),SHORT,2026-07-21 13:45:00,2026-07-21 14:05:00,52107.0,52323.0,-111.5
Donchian_Breakout(20),LONG,2026-07-21 14:05:00,2026-07-21 18:00:00,52323.0,52467.0,68.5
Donchian_Breakout(20),SHORT,2026-07-21 18:00:00,2026-07-22 02:50:00,52467.0,52434.0,13.0
Donchian_Breakout(20),LONG,2026-07-22 02:50:00,2026-07-22 03:55:00,52434.0,52390.0,-25.5
Donchian_Breakout(20),SHORT,2026-07-22 03:55:00,2026-07-22 05:35:00,52390.0,52413.0,-15.0
Donchian_Breakout(20),LONG,2026-07-22 05:35:00,2026-07-22 06:25:00,52413.0,52360.0,-30.0
Donchian_Breakout(20),SHORT,2026-07-22 06:25:00,2026-07-22 08:30:00,52360.0,52410.0,-28.5
Donchian_Breakout(20),LONG,2026-07-22 08:30:00,2026-07-22 11:30:00,52410.0,52362.0,-27.5
Donchian_Breakout(20),SHORT,2026-07-22 11:30:00,2026-07-22 13:20:00,52362.0,52405.0,-25.0
Donchian_Breakout(20),LONG,2026-07-22 13:20:00,2026-07-22 17:20:00,52405.0,52537.0,62.5
Donchian_Breakout(20),SHORT,2026-07-22 17:20:00,2026-07-22 20:15:00,52537.0,52536.0,-3.0
Donchian_Breakout(20),LONG,2026-07-22 20:15:00,2026-07-22 22:05:00,52536.0,52399.0,-72.0
Donchian_Breakout(20),SHORT,2026-07-22 22:05:00,2026-07-23 00:00:00,52399.0,52426.0,-17.0
Donchian_Breakout(20),LONG,2026-07-23 00:00:00,2026-07-23 02:20:00,52426.0,52448.0,7.5
Donchian_Breakout(20),SHORT,2026-07-23 02:20:00,2026-07-23 09:00:00,52448.0,52292.0,74.5
Donchian_Breakout(20),LONG,2026-07-23 09:00:00,2026-07-23 10:15:00,52292.0,52209.0,-45.0
Donchian_Breakout(20),SHORT,2026-07-23 10:15:00,2026-07-23 10:55:00,52209.0,52313.0,-55.5
Donchian_Breakout(20),LONG,2026-07-23 10:55:00,2026-07-23 11:35:00,52313.0,52182.0,-69.0
Donchian_Breakout(20),SHORT,2026-07-23 11:35:00,2026-07-23 16:25:00,52182.0,51997.0,89.0
Donchian_Breakout(20),LONG,2026-07-23 16:25:00,2026-07-23 17:40:00,51997.0,51839.0,-82.5
Donchian_Breakout(20),SHORT,2026-07-23 17:40:00,2026-07-23 19:25:00,51839.0,51913.0,-40.5
Donchian_Breakout(20),LONG,2026-07-23 19:25:00,2026-07-24 02:50:00,51913.0,51914.0,-3.0
Donchian_Breakout(20),SHORT,2026-07-24 02:50:00,2026-07-24 05:10:00,51914.0,51935.0,-14.0
Donchian_Breakout(20),LONG,2026-07-24 05:10:00,2026-07-24 11:05:00,51935.0,52124.0,91.0
Donchian_Breakout(20),SHORT,2026-07-24 11:05:00,2026-07-24 15:15:00,52124.0,52184.0,-33.5
Donchian_Breakout(20),LONG,2026-07-24 15:15:00,2026-07-24 17:10:00,52184.0,52114.0,-38.5
Donchian_Breakout(20),SHORT,2026-07-24 17:10:00,2026-07-26 22:15:00,52114.0,52378.0,-135.5
Donchian_Breakout(20),LONG,2026-07-26 22:15:00,2026-07-27 01:05:00,52378.0,52362.0,-11.5
Donchian_Breakout(20),SHORT,2026-07-27 01:05:00,2026-07-27 03:15:00,52362.0,52428.0,-36.5
Donchian_Breakout(20),LONG,2026-07-27 03:15:00,2026-07-27 08:00:00,52428.0,52514.0,39.5
Donchian_Breakout(20),SHORT,2026-07-27 08:00:00,2026-07-27 08:45:00,52514.0,52623.0,-58.0
Donchian_Breakout(20),LONG,2026-07-27 08:45:00,2026-07-27 12:15:00,52623.0,52653.0,11.5
Donchian_Breakout(20),SHORT,2026-07-27 12:15:00,2026-07-27 13:00:00,52653.0,52746.0,-50.0
Donchian_Breakout(20),LONG,2026-07-27 13:00:00,2026-07-27 14:00:00,52746.0,52580.0,-86.5
Donchian_Breakout(20),SHORT,2026-07-27 14:00:00,2026-07-27 18:55:00,52580.0,52320.0,126.5
Donchian_Breakout(20),LONG,2026-07-27 18:55:00,2026-07-28 00:10:00,52320.0,52363.0,18.0
Donchian_Breakout(20),SHORT,2026-07-28 00:10:00,2026-07-28 03:35:00,52363.0,52378.0,-11.0
Donchian_Breakout(20),LONG,2026-07-28 03:35:00,2026-07-28 17:45:00,52378.0,52993.0,304.0
Donchian_Breakout(20),SHORT,2026-07-28 17:45:00,2026-07-28 23:45:00,52993.0,52957.0,14.5
Donchian_Breakout(20),LONG,2026-07-28 23:45:00,2026-07-29 01:50:00,52957.0,52916.0,-24.0
Donchian_Breakout(20),SHORT,2026-07-29 01:50:00,2026-07-29 05:15:00,52916.0,52905.0,2.0
Donchian_Breakout(20),LONG,2026-07-29 05:15:00,2026-07-29 09:20:00,52905.0,52923.0,5.5
Donchian_Breakout(20),SHORT,2026-07-29 09:20:00,2026-07-29 17:05:00,52923.0,52182.0,367.0
Donchian_Breakout(20),LONG,2026-07-29 17:05:00,2026-07-29 19:30:00,52182.0,52007.0,-91.0
Donchian_Breakout(20),SHORT,2026-07-29 19:30:00,2026-07-30 00:10:00,52007.0,51935.0,32.5
Donchian_Breakout(20),LONG,2026-07-30 00:10:00,2026-07-30 00:35:00,51935.0,51876.0,-33.0
Donchian_Breakout(20),SHORT,2026-07-30 00:35:00,2026-07-30 07:05:00,51876.0,51901.0,-16.0
Donchian_Breakout(20),LONG,2026-07-30 07:05:00,2026-07-30 10:00:00,51901.0,51843.0,-32.5
Donchian_Breakout(20),SHORT,2026-07-30 10:00:00,2026-07-30 11:25:00,51843.0,51968.0,-66.0
Donchian_Breakout(20),LONG,2026-07-30 11:25:00,2026-07-30 15:15:00,51968.0,51817.0,-79.0
Donchian_Breakout(20),SHORT,2026-07-30 15:15:00,2026-07-30 16:05:00,51817.0,52123.0,-156.5
Donchian_Breakout(20),LONG,2026-07-30 16:05:00,2026-07-31 03:15:00,52123.0,52539.0,204.5
Donchian_Breakout(20),SHORT,2026-07-31 03:15:00,2026-07-31 04:10:00,52539.0,52578.0,-23.0
Donchian_Breakout(20),LONG,2026-07-31 04:10:00,2026-07-31 06:35:00,52578.0,52589.0,2.0
Donchian_Breakout(20),SHORT,2026-07-31 06:35:00,2026-07-31 07:10:00,52589.0,52643.0,-30.5
Donchian_Breakout(20),LONG,2026-07-31 07:10:00,2026-07-31 09:40:00,52643.0,52626.0,-12.0
Donchian_Breakout(20),SHORT,2026-07-31 09:40:00,2026-07-31 10:35:00,52626.0,52707.0,-44.0
Donchian_Breakout(20),LONG,2026-07-31 10:35:00,2026-07-31 11:35:00,52707.0,52620.0,-47.0
Donchian_Breakout(20),SHORT,2026-07-31 11:35:00,2026-07-31 16:00:00,52620.0,52534.0,39.5
Donchian_Breakout(20),LONG,2026-07-31 16:00:00,2026-07-31 20:55:00,52534.0,52569.0,14.0
Donchian_Breakout(20),SHORT,2026-07-31 20:55:00,2026-08-02 22:15:00,52569.0,52840.0,-139.0
Donchian_Breakout(20),LONG,2026-08-02 22:15:00,2026-08-03 05:55:00,52840.0,52906.0,29.5
Donchian_Breakout(20),SHORT,2026-08-03 05:55:00,2026-08-03 08:00:00,52906.0,52953.0,-27.0
Donchian_Breakout(20),LONG,2026-08-03 08:00:00,2026-08-03 16:55:00,52953.0,53091.0,65.5
Donchian_Breakout(20),SHORT,2026-08-03 16:55:00,2026-08-03 17:40:00,53091.0,53208.0,-62.0
Donchian_Breakout(20),LONG,2026-08-03 17:40:00,2026-08-04 05:00:00,53208.0,53458.0,121.5
Donchian_Breakout(20),SHORT,2026-08-04 05:00:00,2026-08-04 10:35:00,53458.0,53646.0,-97.5
Donchian_Breakout(20),LONG,2026-08-04 10:35:00,2026-08-04 13:50:00,53646.0,53855.0,101.0
Donchian_Breakout(20),SHORT,2026-08-04 13:50:00,2026-08-04 15:00:00,53855.0,54130.0,-141.0
Donchian_Breakout(20),LONG,2026-08-04 15:00:00,2026-08-04 20:00:00,54130.0,54253.0,58.0
Donchian_Breakout(20),SHORT,2026-08-04 20:00:00,2026-08-05 00:25:00,54253.0,54384.0,-69.0
Donchian_Breakout(20),LONG,2026-08-05 00:25:00,2026-08-05 06:20:00,54384.0,54442.0,25.5
Donchian_Breakout(20),SHORT,2026-08-05 06:20:00,2026-08-05 10:35:00,54442.0,54447.0,-6.0
Donchian_Breakout(20),LONG,2026-08-05 10:35:00,2026-08-05 18:35:00,54447.0,54636.0,91.0
Donchian_Breakout(20),SHORT,2026-08-05 18:35:00,2026-08-05 23:30:00,54636.0,54595.0,17.0
Donchian_Breakout(20),LONG,2026-08-05 23:30:00,2026-08-06 01:25:00,54595.0,54558.0,-22.0
Donchian_Breakout(20),SHORT,2026-08-06 01:25:00,2026-08-06 02:05:00,54558.0,54606.0,-27.5
Donchian_Breakout(20),LONG,2026-08-06 02:05:00,2026-08-06 06:15:00,54606.0,54584.0,-14.5
Donchian_Breakout(20),SHORT,2026-08-06 06:15:00,2026-08-06 07:10:00,54584.0,54648.0,-35.5
Donchian_Breakout(20),LONG,2026-08-06 07:10:00,2026-08-06 10:35:00,54648.0,54632.0,-11.5
Donchian_Breakout(20),SHORT,2026-08-06 10:35:00,2026-08-07 05:05:00,54632.0,53915.0,355.0
Donchian_Breakout(20),LONG,2026-08-07 05:05:00,2026-08-07 13:35:00,53915.0,53947.0,12.5
Donchian_Breakout(20),SHORT,2026-08-07 13:35:00,2026-08-07 19:10:00,53947.0,54125.0,-92.5
Donchian_Breakout(20),LONG,2026-08-07 19:10:00,2026-08-09 22:15:00,54125.0,54021.0,-55.5
Donchian_Breakout(20),SHORT,2026-08-09 22:15:00,2026-08-10 00:10:00,54021.0,54048.0,-17.0
Donchian_Breakout(20),LONG,2026-08-10 00:10:00,2026-08-10 06:40:00,54048.0,54107.0,26.0
Donchian_Breakout(20),SHORT,2026-08-10 06:40:00,2026-08-10 07:30:00,54107.0,54155.0,-27.5
Donchian_Breakout(20),LONG,2026-08-10 07:30:00,2026-08-10 10:40:00,54155.0,54095.0,-33.5
Donchian_Breakout(20),SHORT,2026-08-10 10:40:00,2026-08-10 14:50:00,54095.0,54147.0,-29.5
Donchian_Breakout(20),LONG,2026-08-10 14:50:00,2026-08-10 16:20:00,54147.0,54054.0,-50.0
Donchian_Breakout(20),SHORT,2026-08-10 16:20:00,2026-08-10 20:00:00,54054.0,54064.0,-8.5
Donchian_Breakout(20),LONG,2026-08-10 20:00:00,2026-08-10 23:30:00,54064.0,54009.0,-31.0
Donchian_Breakout(20),SHORT,2026-08-10 23:30:00,2026-08-11 00:35:00,54009.0,54032.0,-15.0
Donchian_Breakout(20),LONG,2026-08-11 00:35:00,2026-08-11 05:25:00,54032.0,54060.0,10.5
Donchian_Breakout(20),SHORT,2026-08-11 05:25:00,2026-08-11 10:30:00,54060.0,54049.0,2.0
Donchian_Breakout(20),LONG,2026-08-11 10:30:00,2026-08-11 14:45:00,54049.0,54065.0,4.5
Donchian_Breakout(20),SHORT,2026-08-11 14:45:00,2026-08-12 02:20:00,54065.0,53885.0,86.5
Donchian_Breakout(20),LONG,2026-08-12 02:20:00,2026-08-12 06:15:00,53885.0,53871.0,-10.5
Donchian_Breakout(20),SHORT,2026-08-12 06:15:00,2026-08-12 06:40:00,53871.0,53915.0,-25.5
Donchian_Breakout(20),LONG,2026-08-12 06:40:00,2026-08-12 08:35:00,53915.0,53866.0,-28.0
Donchian_Breakout(20),SHORT,2026-08-12 08:35:00,2026-08-12 09:25:00,53866.0,53956.0,-48.5
Donchian_Breakout(20),LONG,2026-08-12 09:25:00,2026-08-12 14:00:00,53956.0,53888.0,-37.5
Donchian_Breakout(20),SHORT,2026-08-12 14:00:00,2026-08-12 18:45:00,53888.0,53949.0,-34.0
Donchian_Breakout(20),LONG,2026-08-12 18:45:00,2026-08-12 19:55:00,53949.0,53860.0,-48.0
Donchian_Breakout(20),SHORT,2026-08-12 19:55:00,2026-08-13 03:45:00,53860.0,53846.0,3.5
Donchian_Breakout(20),LONG,2026-08-13 03:45:00,2026-08-13 13:35:00,53846.0,53971.0,59.0
Donchian_Breakout(20),SHORT,2026-08-13 13:35:00,2026-08-13 14:05:00,53971.0,54082.0,-59.0
Donchian_Breakout(20),LONG,2026-08-13 14:05:00,2026-08-13 15:05:00,54082.0,53906.0,-91.5
Donchian_Breakout(20),SHORT,2026-08-13 15:05:00,2026-08-13 17:10:00,53906.0,53845.0,27.0
Donchian_Breakout(20),LONG,2026-08-13 17:10:00,2026-08-14 00:40:00,53845.0,53938.0,43.0
Donchian_Breakout(20),SHORT,2026-08-14 00:40:00,2026-08-14 01:10:00,53938.0,53966.0,-17.5
Donchian_Breakout(20),LONG,2026-08-14 01:10:00,2026-08-14 04:00:00,53966.0,53968.0,-2.5
Donchian_Breakout(20),SHORT,2026-08-14 04:00:00,2026-08-14 10:20:00,53968.0,53887.0,37.0
Donchian_Breakout(20),LONG,2026-08-14 10:20:00,2026-08-14 11:05:00,53887.0,53830.0,-32.0
Donchian_Breakout(20),SHORT,2026-08-14 11:05:00,2026-08-14 13:35:00,53830.0,53897.0,-37.0
Donchian_Breakout(20),LONG,2026-08-14 13:35:00,2026-08-14 15:50:00,53897.0,53772.0,-66.0
Donchian_Breakout(20),SHORT,2026-08-14 15:50:00,2026-08-14 18:15:00,53772.0,53839.0,-37.0
Donchian_Breakout(20),LONG,2026-08-14 18:15:00,2026-08-14 19:55:00,53839.0,53800.0,-23.0
Donchian_Breakout(20),SHORT,2026-08-14 19:55:00,2026-08-17 03:40:00,53800.0,53743.0,25.0
Donchian_Breakout(20),LONG,2026-08-17 03:40:00,2026-08-17 07:20:00,53743.0,53749.0,-0.5
Donchian_Breakout(20),SHORT,2026-08-17 07:20:00,2026-08-17 10:30:00,53749.0,53801.0,-29.5
Donchian_Breakout(20),LONG,2026-08-17 10:30:00,2026-08-17 11:20:00,53801.0,53705.0,-51.5
Donchian_Breakout(20),SHORT,2026-08-17 11:20:00,2026-08-17 13:50:00,53705.0,53713.0,-7.5
MACD_Momentum(12/26/9),LONG,2026-06-01 00:25:00,2026-06-01 00:35:00,51138.0,51119.0,-13.0
MACD_Momentum(12/26/9),SHORT,2026-06-01 00:35:00,2026-06-01 01:45:00,51119.0,51139.0,-13.5
MACD_Momentum(12/26/9),LONG,2026-06-01 01:45:00,2026-06-01 02:45:00,51139.0,51147.0,0.5
MACD_Momentum(12/26/9),SHORT,2026-06-01 02:45:00,2026-06-01 04:45:00,51147.0,51136.0,2.0
MACD_Momentum(12/26/9),LONG,2026-06-01 04:45:00,2026-06-01 05:25:00,51136.0,51118.0,-12.5
MACD_Momentum(12/26/9),SHORT,2026-06-01 05:25:00,2026-06-01 05:45:00,51118.0,51129.0,-9.0
MACD_Momentum(12/26/9),LONG,2026-06-01 05:45:00,2026-06-01 06:20:00,51129.0,51118.0,-9.0
MACD_Momentum(12/26/9),SHORT,2026-06-01 06:20:00,2026-06-01 07:10:00,51118.0,51136.0,-12.5
MACD_Momentum(12/26/9),LONG,2026-06-01 07:10:00,2026-06-01 07:45:00,51136.0,51097.0,-23.0
MACD_Momentum(12/26/9),SHORT,2026-06-01 07:45:00,2026-06-01 08:05:00,51097.0,51142.0,-26.0
MACD_Momentum(12/26/9),LONG,2026-06-01 08:05:00,2026-06-01 10:30:00,51142.0,51283.0,67.0
MACD_Momentum(12/26/9),SHORT,2026-06-01 10:30:00,2026-06-01 10:45:00,51283.0,51301.0,-12.5
MACD_Momentum(12/26/9),LONG,2026-06-01 10:45:00,2026-06-01 10:50:00,51301.0,51294.0,-7.0
MACD_Momentum(12/26/9),SHORT,2026-06-01 10:50:00,2026-06-01 10:55:00,51294.0,51308.0,-10.5
MACD_Momentum(12/26/9),LONG,2026-06-01 10:55:00,2026-06-01 11:00:00,51308.0,51305.0,-5.0
MACD_Momentum(12/26/9),SHORT,2026-06-01 11:00:00,2026-06-01 11:05:00,51305.0,51356.0,-29.0
MACD_Momentum(12/26/9),LONG,2026-06-01 11:05:00,2026-06-01 11:50:00,51356.0,51318.0,-22.5
MACD_Momentum(12/26/9),SHORT,2026-06-01 11:50:00,2026-06-01 14:10:00,51318.0,51024.0,143.5
MACD_Momentum(12/26/9),LONG,2026-06-01 14:10:00,2026-06-01 14:25:00,51024.0,50947.0,-42.0
MACD_Momentum(12/26/9),SHORT,2026-06-01 14:25:00,2026-06-01 15:05:00,50947.0,50909.0,15.5
MACD_Momentum(12/26/9),LONG,2026-06-01 15:05:00,2026-06-01 16:30:00,50909.0,50886.0,-15.0
MACD_Momentum(12/26/9),SHORT,2026-06-01 16:30:00,2026-06-01 16:50:00,50886.0,50927.0,-24.0
MACD_Momentum(12/26/9),LONG,2026-06-01 16:50:00,2026-06-01 19:10:00,50927.0,51102.0,84.0
MACD_Momentum(12/26/9),SHORT,2026-06-01 19:10:00,2026-06-01 19:40:00,51102.0,51163.0,-34.0
MACD_Momentum(12/26/9),LONG,2026-06-01 19:40:00,2026-06-01 19:55:00,51163.0,51141.0,-14.5
MACD_Momentum(12/26/9),SHORT,2026-06-01 19:55:00,2026-06-01 23:25:00,51141.0,51013.0,60.5
MACD_Momentum(12/26/9),LONG,2026-06-01 23:25:00,2026-06-01 23:55:00,51013.0,50984.0,-18.0
MACD_Momentum(12/26/9),SHORT,2026-06-01 23:55:00,2026-06-02 01:15:00,50984.0,50917.0,30.0
MACD_Momentum(12/26/9),LONG,2026-06-02 01:15:00,2026-06-02 04:45:00,50917.0,50915.0,-4.5
MACD_Momentum(12/26/9),SHORT,2026-06-02 04:45:00,2026-06-02 04:55:00,50915.0,50933.0,-12.5
MACD_Momentum(12/26/9),LONG,2026-06-02 04:55:00,2026-06-02 06:50:00,50933.0,50980.0,20.0
MACD_Momentum(12/26/9),SHORT,2026-06-02 06:50:00,2026-06-02 07:00:00,50980.0,50997.0,-12.0
MACD_Momentum(12/26/9),LONG,2026-06-02 07:00:00,2026-06-02 08:15:00,50997.0,51033.0,14.5
MACD_Momentum(12/26/9),SHORT,2026-06-02 08:15:00,2026-06-02 10:35:00,51033.0,50941.0,42.5
MACD_Momentum(12/26/9),LONG,2026-06-02 10:35:00,2026-06-02 11:25:00,50941.0,50907.0,-20.5
MACD_Momentum(12/26/9),SHORT,2026-06-02 11:25:00,2026-06-02 11:35:00,50907.0,50912.0,-6.0
MACD_Momentum(12/26/9),LONG,2026-06-02 11:35:00,2026-06-02 12:40:00,50912.0,50883.0,-18.0
MACD_Momentum(12/26/9),SHORT,2026-06-02 12:40:00,2026-06-02 13:35:00,50883.0,51216.0,-170.0
MACD_Momentum(12/26/9),LONG,2026-06-02 13:35:00,2026-06-02 14:15:00,51216.0,51021.0,-101.0
MACD_Momentum(12/26/9),SHORT,2026-06-02 14:15:00,2026-06-02 14:40:00,51021.0,51077.0,-31.5
MACD_Momentum(12/26/9),LONG,2026-06-02 14:40:00,2026-06-02 15:55:00,51077.0,51268.0,92.0
MACD_Momentum(12/26/9),SHORT,2026-06-02 15:55:00,2026-06-02 18:20:00,51268.0,51335.0,-37.0
MACD_Momentum(12/26/9),LONG,2026-06-02 18:20:00,2026-06-02 19:15:00,51335.0,51365.0,11.5
MACD_Momentum(12/26/9),SHORT,2026-06-02 19:15:00,2026-06-02 23:50:00,51365.0,51390.0,-16.0
MACD_Momentum(12/26/9),LONG,2026-06-02 23:50:00,2026-06-03 01:05:00,51390.0,51366.0,-15.5
MACD_Momentum(12/26/9),SHORT,2026-06-03 01:05:00,2026-06-03 01:45:00,51366.0,51385.0,-13.0
MACD_Momentum(12/26/9),LONG,2026-06-03 01:45:00,2026-06-03 03:30:00,51385.0,51372.0,-10.0
MACD_Momentum(12/26/9),SHORT,2026-06-03 03:30:00,2026-06-03 07:15:00,51372.0,51316.0,24.5
MACD_Momentum(12/26/9),LONG,2026-06-03 07:15:00,2026-06-03 07:25:00,51316.0,51298.0,-12.5
MACD_Momentum(12/26/9),SHORT,2026-06-03 07:25:00,2026-06-03 08:35:00,51298.0,51276.0,7.5
MACD_Momentum(12/26/9),LONG,2026-06-03 08:35:00,2026-06-03 09:20:00,51276.0,51232.0,-25.5
MACD_Momentum(12/26/9),SHORT,2026-06-03 09:20:00,2026-06-03 10:10:00,51232.0,51241.0,-8.0
MACD_Momentum(12/26/9),LONG,2026-06-03 10:10:00,2026-06-03 10:50:00,51241.0,51182.0,-33.0
MACD_Momentum(12/26/9),SHORT,2026-06-03 10:50:00,2026-06-03 10:55:00,51182.0,51216.0,-20.5
MACD_Momentum(12/26/9),LONG,2026-06-03 10:55:00,2026-06-03 12:15:00,51216.0,51240.0,8.5
MACD_Momentum(12/26/9),SHORT,2026-06-03 12:15:00,2026-06-03 15:20:00,51240.0,50972.0,130.5
MACD_Momentum(12/26/9),LONG,2026-06-03 15:20:00,2026-06-03 15:50:00,50972.0,50907.0,-36.0
MACD_Momentum(12/26/9),SHORT,2026-06-03 15:50:00,2026-06-03 15:55:00,50907.0,50927.0,-13.5
MACD_Momentum(12/26/9),LONG,2026-06-03 15:55:00,2026-06-03 18:55:00,50927.0,50913.0,-10.5
MACD_Momentum(12/26/9),SHORT,2026-06-03 18:55:00,2026-06-03 22:05:00,50913.0,50819.0,43.5
MACD_Momentum(12/26/9),LONG,2026-06-03 22:05:00,2026-06-04 01:30:00,50819.0,50819.0,-3.5
MACD_Momentum(12/26/9),SHORT,2026-06-04 01:30:00,2026-06-04 01:35:00,50819.0,50836.0,-12.0
MACD_Momentum(12/26/9),LONG,2026-06-04 01:35:00,2026-06-04 01:45:00,50836.0,50818.0,-12.5
MACD_Momentum(12/26/9),SHORT,2026-06-04 01:45:00,2026-06-04 03:00:00,50818.0,50791.0,10.0
MACD_Momentum(12/26/9),LONG,2026-06-04 03:00:00,2026-06-04 03:50:00,50791.0,50770.0,-14.0
MACD_Momentum(12/26/9),SHORT,2026-06-04 03:50:00,2026-06-04 04:00:00,50770.0,50799.0,-18.0
MACD_Momentum(12/26/9),LONG,2026-06-04 04:00:00,2026-06-04 05:10:00,50799.0,50782.0,-12.0
MACD_Momentum(12/26/9),SHORT,2026-06-04 05:10:00,2026-06-04 05:55:00,50782.0,50794.0,-9.5
MACD_Momentum(12/26/9),LONG,2026-06-04 05:55:00,2026-06-04 07:55:00,50794.0,50896.0,47.5
MACD_Momentum(12/26/9),SHORT,2026-06-04 07:55:00,2026-06-04 08:30:00,50896.0,50962.0,-36.5
MACD_Momentum(12/26/9),LONG,2026-06-04 08:30:00,2026-06-04 08:50:00,50962.0,50923.0,-23.0
MACD_Momentum(12/26/9),SHORT,2026-06-04 08:50:00,2026-06-04 09:40:00,50923.0,51000.0,-42.0
MACD_Momentum(12/26/9),LONG,2026-06-04 09:40:00,2026-06-04 10:35:00,51000.0,51034.0,13.5
MACD_Momentum(12/26/9),SHORT,2026-06-04 10:35:00,2026-06-04 11:15:00,51034.0,51086.0,-29.5
MACD_Momentum(12/26/9),LONG,2026-06-04 11:15:00,2026-06-04 13:10:00,51086.0,51300.0,103.5
MACD_Momentum(12/26/9),SHORT,2026-06-04 13:10:00,2026-06-04 13:45:00,51300.0,51393.0,-50.0
MACD_Momentum(12/26/9),LONG,2026-06-04 13:45:00,2026-06-04 14:35:00,51393.0,51465.0,32.5
MACD_Momentum(12/26/9),SHORT,2026-06-04 14:35:00,2026-06-04 15:10:00,51465.0,51611.0,-76.5
MACD_Momentum(12/26/9),LONG,2026-06-04 15:10:00,2026-06-04 15:50:00,51611.0,51615.0,-1.5
MACD_Momentum(12/26/9),SHORT,2026-06-04 15:50:00,2026-06-04 16:30:00,51615.0,51722.0,-57.0
MACD_Momentum(12/26/9),LONG,2026-06-04 16:30:00,2026-06-04 16:35:00,51722.0,51698.0,-15.5
MACD_Momentum(12/26/9),SHORT,2026-06-04 16:35:00,2026-06-04 18:30:00,51698.0,51631.0,30.0
MACD_Momentum(12/26/9),LONG,2026-06-04 18:30:00,2026-06-04 19:55:00,51631.0,51695.0,28.5
MACD_Momentum(12/26/9),SHORT,2026-06-04 19:55:00,2026-06-04 22:45:00,51695.0,51661.0,13.5
MACD_Momentum(12/26/9),LONG,2026-06-04 22:45:00,2026-06-04 23:35:00,51661.0,51655.0,-6.5
MACD_Momentum(12/26/9),SHORT,2026-06-04 23:35:00,2026-06-05 00:55:00,51655.0,51614.0,17.0
MACD_Momentum(12/26/9),LONG,2026-06-05 00:55:00,2026-06-05 01:30:00,51614.0,51596.0,-12.5
MACD_Momentum(12/26/9),SHORT,2026-06-05 01:30:00,2026-06-05 02:05:00,51596.0,51628.0,-19.5
MACD_Momentum(12/26/9),LONG,2026-06-05 02:05:00,2026-06-05 02:40:00,51628.0,51596.0,-19.5
MACD_Momentum(12/26/9),SHORT,2026-06-05 02:40:00,2026-06-05 03:15:00,51596.0,51602.0,-6.5
MACD_Momentum(12/26/9),LONG,2026-06-05 03:15:00,2026-06-05 06:35:00,51602.0,51643.0,17.0
MACD_Momentum(12/26/9),SHORT,2026-06-05 06:35:00,2026-06-05 07:30:00,51643.0,51701.0,-32.5
MACD_Momentum(12/26/9),LONG,2026-06-05 07:30:00,2026-06-05 08:05:00,51701.0,51647.0,-30.5
MACD_Momentum(12/26/9),SHORT,2026-06-05 08:05:00,2026-06-05 08:40:00,51647.0,51702.0,-31.0
MACD_Momentum(12/26/9),LONG,2026-06-05 08:40:00,2026-06-05 09:45:00,51702.0,51709.0,0.0
MACD_Momentum(12/26/9),SHORT,2026-06-05 09:45:00,2026-06-05 10:20:00,51709.0,51753.0,-25.5
MACD_Momentum(12/26/9),LONG,2026-06-05 10:20:00,2026-06-05 10:40:00,51753.0,51742.0,-9.0
MACD_Momentum(12/26/9),SHORT,2026-06-05 10:40:00,2026-06-05 12:50:00,51742.0,51766.0,-15.5
MACD_Momentum(12/26/9),LONG,2026-06-05 12:50:00,2026-06-05 13:00:00,51766.0,51698.0,-37.5
MACD_Momentum(12/26/9),SHORT,2026-06-05 13:00:00,2026-06-05 13:30:00,51698.0,51744.0,-26.5
MACD_Momentum(12/26/9),LONG,2026-06-05 13:30:00,2026-06-05 13:35:00,51744.0,51648.0,-51.5
MACD_Momentum(12/26/9),SHORT,2026-06-05 13:35:00,2026-06-05 14:40:00,51648.0,51540.0,50.5
MACD_Momentum(12/26/9),LONG,2026-06-05 14:40:00,2026-06-05 15:30:00,51540.0,51434.0,-56.5
MACD_Momentum(12/26/9),SHORT,2026-06-05 15:30:00,2026-06-05 16:55:00,51434.0,51236.0,95.5
MACD_Momentum(12/26/9),LONG,2026-06-05 16:55:00,2026-06-05 18:30:00,51236.0,51117.0,-63.0
MACD_Momentum(12/26/9),SHORT,2026-06-05 18:30:00,2026-06-05 19:45:00,51117.0,50939.0,85.5
MACD_Momentum(12/26/9),LONG,2026-06-05 19:45:00,2026-06-05 20:10:00,50939.0,50798.0,-74.0
MACD_Momentum(12/26/9),SHORT,2026-06-05 20:10:00,2026-06-05 20:50:00,50798.0,50793.0,-1.0
MACD_Momentum(12/26/9),LONG,2026-06-05 20:50:00,2026-06-08 01:15:00,50793.0,50818.0,9.0
MACD_Momentum(12/26/9),SHORT,2026-06-08 01:15:00,2026-06-08 02:15:00,50818.0,50806.0,2.5
MACD_Momentum(12/26/9),LONG,2026-06-08 02:15:00,2026-06-08 04:15:00,50806.0,50838.0,12.5
MACD_Momentum(12/26/9),SHORT,2026-06-08 04:15:00,2026-06-08 06:15:00,50838.0,50724.0,53.5
MACD_Momentum(12/26/9),LONG,2026-06-08 06:15:00,2026-06-08 08:15:00,50724.0,50792.0,30.5
MACD_Momentum(12/26/9),SHORT,2026-06-08 08:15:00,2026-06-08 09:25:00,50792.0,50807.0,-11.0
MACD_Momentum(12/26/9),LONG,2026-06-08 09:25:00,2026-06-08 12:15:00,50807.0,51067.0,126.5
MACD_Momentum(12/26/9),SHORT,2026-06-08 12:15:00,2026-06-08 13:55:00,51067.0,51120.0,-30.0
MACD_Momentum(12/26/9),LONG,2026-06-08 13:55:00,2026-06-08 14:00:00,51120.0,51032.0,-47.5
MACD_Momentum(12/26/9),SHORT,2026-06-08 14:00:00,2026-06-08 15:00:00,51032.0,51163.0,-69.0
MACD_Momentum(12/26/9),LONG,2026-06-08 15:00:00,2026-06-08 15:30:00,51163.0,51035.0,-67.5
MACD_Momentum(12/26/9),SHORT,2026-06-08 15:30:00,2026-06-08 17:55:00,51035.0,50894.0,67.0
MACD_Momentum(12/26/9),LONG,2026-06-08 17:55:00,2026-06-08 19:15:00,50894.0,50867.0,-17.0
MACD_Momentum(12/26/9),SHORT,2026-06-08 19:15:00,2026-06-08 20:45:00,50867.0,50837.0,11.5
MACD_Momentum(12/26/9),LONG,2026-06-08 20:45:00,2026-06-08 20:55:00,50837.0,50815.0,-14.5
MACD_Momentum(12/26/9),SHORT,2026-06-08 20:55:00,2026-06-08 22:00:00,50815.0,50800.0,4.0
MACD_Momentum(12/26/9),LONG,2026-06-08 22:00:00,2026-06-08 22:05:00,50800.0,50781.0,-13.0
MACD_Momentum(12/26/9),SHORT,2026-06-08 22:05:00,2026-06-08 22:45:00,50781.0,50788.0,-7.0
MACD_Momentum(12/26/9),LONG,2026-06-08 22:45:00,2026-06-09 00:05:00,50788.0,50746.0,-24.5
MACD_Momentum(12/26/9),SHORT,2026-06-09 00:05:00,2026-06-09 01:15:00,50746.0,50728.0,5.5
MACD_Momentum(12/26/9),LONG,2026-06-09 01:15:00,2026-06-09 02:55:00,50728.0,50852.0,58.5
MACD_Momentum(12/26/9),SHORT,2026-06-09 02:55:00,2026-06-09 03:20:00,50852.0,50882.0,-18.5
MACD_Momentum(12/26/9),LONG,2026-06-09 03:20:00,2026-06-09 03:25:00,50882.0,50860.0,-14.5
MACD_Momentum(12/26/9),SHORT,2026-06-09 03:25:00,2026-06-09 03:45:00,50860.0,50901.0,-24.0
MACD_Momentum(12/26/9),LONG,2026-06-09 03:45:00,2026-06-09 04:05:00,50901.0,50880.0,-14.0
MACD_Momentum(12/26/9),SHORT,2026-06-09 04:05:00,2026-06-09 04:40:00,50880.0,50931.0,-29.0
MACD_Momentum(12/26/9),LONG,2026-06-09 04:40:00,2026-06-09 05:00:00,50931.0,50914.0,-12.0
MACD_Momentum(12/26/9),SHORT,2026-06-09 05:00:00,2026-06-09 05:05:00,50914.0,50929.0,-11.0
MACD_Momentum(12/26/9),LONG,2026-06-09 05:05:00,2026-06-09 05:10:00,50929.0,50919.0,-8.5
MACD_Momentum(12/26/9),SHORT,2026-06-09 05:10:00,2026-06-09 07:10:00,50919.0,50940.0,-14.0
MACD_Momentum(12/26/9),LONG,2026-06-09 07:10:00,2026-06-09 07:20:00,50940.0,50884.0,-31.5
MACD_Momentum(12/26/9),SHORT,2026-06-09 07:20:00,2026-06-09 08:15:00,50884.0,50907.0,-15.0
MACD_Momentum(12/26/9),LONG,2026-06-09 08:15:00,2026-06-09 09:50:00,50907.0,50972.0,29.0
MACD_Momentum(12/26/9),SHORT,2026-06-09 09:50:00,2026-06-09 10:55:00,50972.0,50996.0,-15.5
MACD_Momentum(12/26/9),LONG,2026-06-09 10:55:00,2026-06-09 11:20:00,50996.0,50967.0,-18.0
MACD_Momentum(12/26/9),SHORT,2026-06-09 11:20:00,2026-06-09 12:25:00,50967.0,50973.0,-6.5
MACD_Momentum(12/26/9),LONG,2026-06-09 12:25:00,2026-06-09 14:15:00,50973.0,51087.0,53.5
MACD_Momentum(12/26/9),SHORT,2026-06-09 14:15:00,2026-06-09 16:35:00,51087.0,50582.0,249.0
MACD_Momentum(12/26/9),LONG,2026-06-09 16:35:00,2026-06-09 16:40:00,50582.0,50310.0,-139.5
MACD_Momentum(12/26/9),SHORT,2026-06-09 16:40:00,2026-06-09 17:05:00,50310.0,50475.0,-86.0
MACD_Momentum(12/26/9),LONG,2026-06-09 17:05:00,2026-06-09 19:20:00,50475.0,50801.0,159.5
MACD_Momentum(12/26/9),SHORT,2026-06-09 19:20:00,2026-06-09 23:50:00,50801.0,50764.0,15.0
MACD_Momentum(12/26/9),LONG,2026-06-09 23:50:00,2026-06-10 00:45:00,50764.0,50764.0,-3.5
MACD_Momentum(12/26/9),SHORT,2026-06-10 00:45:00,2026-06-10 00:50:00,50764.0,50808.0,-25.5
MACD_Momentum(12/26/9),LONG,2026-06-10 00:50:00,2026-06-10 02:05:00,50808.0,50842.0,13.5
MACD_Momentum(12/26/9),SHORT,2026-06-10 02:05:00,2026-06-10 05:25:00,50842.0,50774.0,30.5
MACD_Momentum(12/26/9),LONG,2026-06-10 05:25:00,2026-06-10 06:55:00,50774.0,50798.0,8.5
MACD_Momentum(12/26/9),SHORT,2026-06-10 06:55:00,2026-06-10 09:40:00,50798.0,50582.0,104.5
MACD_Momentum(12/26/9),LONG,2026-06-10 09:40:00,2026-06-10 11:05:00,50582.0,50362.0,-113.5
MACD_Momentum(12/26/9),SHORT,2026-06-10 11:05:00,2026-06-10 11:55:00,50362.0,50493.0,-69.0
MACD_Momentum(12/26/9),LONG,2026-06-10 11:55:00,2026-06-10 13:35:00,50493.0,50569.0,34.5
MACD_Momentum(12/26/9),SHORT,2026-06-10 13:35:00,2026-06-10 13:45:00,50569.0,50753.0,-95.5
MACD_Momentum(12/26/9),LONG,2026-06-10 13:45:00,2026-06-10 14:20:00,50753.0,50691.0,-34.5
MACD_Momentum(12/26/9),SHORT,2026-06-10 14:20:00,2026-06-10 16:20:00,50691.0,50323.0,180.5
MACD_Momentum(12/26/9),LONG,2026-06-10 16:20:00,2026-06-10 17:20:00,50323.0,50218.0,-56.0
MACD_Momentum(12/26/9),SHORT,2026-06-10 17:20:00,2026-06-10 17:25:00,50218.0,50258.0,-23.5
MACD_Momentum(12/26/9),LONG,2026-06-10 17:25:00,2026-06-10 17:35:00,50258.0,50198.0,-33.5
MACD_Momentum(12/26/9),SHORT,2026-06-10 17:35:00,2026-06-10 17:55:00,50198.0,50255.0,-32.0
MACD_Momentum(12/26/9),LONG,2026-06-10 17:55:00,2026-06-10 18:45:00,50255.0,50187.0,-37.5
MACD_Momentum(12/26/9),SHORT,2026-06-10 18:45:00,2026-06-10 22:00:00,50187.0,49883.0,148.5
MACD_Momentum(12/26/9),LONG,2026-06-10 22:00:00,2026-06-10 22:10:00,49883.0,49850.0,-20.0
MACD_Momentum(12/26/9),SHORT,2026-06-10 22:10:00,2026-06-10 22:15:00,49850.0,49892.0,-24.5
MACD_Momentum(12/26/9),LONG,2026-06-10 22:15:00,2026-06-10 23:15:00,49892.0,49766.0,-66.5
MACD_Momentum(12/26/9),SHORT,2026-06-10 23:15:00,2026-06-10 23:25:00,49766.0,49830.0,-35.5
MACD_Momentum(12/26/9),LONG,2026-06-10 23:25:00,2026-06-11 02:00:00,49830.0,50005.0,84.0
MACD_Momentum(12/26/9),SHORT,2026-06-11 02:00:00,2026-06-11 03:40:00,50005.0,50065.0,-33.5
MACD_Momentum(12/26/9),LONG,2026-06-11 03:40:00,2026-06-11 05:10:00,50065.0,50138.0,33.0
MACD_Momentum(12/26/9),SHORT,2026-06-11 05:10:00,2026-06-11 06:50:00,50138.0,50157.0,-13.0
MACD_Momentum(12/26/9),LONG,2026-06-11 06:50:00,2026-06-11 08:25:00,50157.0,50299.0,67.5
MACD_Momentum(12/26/9),SHORT,2026-06-11 08:25:00,2026-06-11 09:45:00,50299.0,50383.0,-45.5
MACD_Momentum(12/26/9),LONG,2026-06-11 09:45:00,2026-06-11 10:00:00,50383.0,50380.0,-5.0
MACD_Momentum(12/26/9),SHORT,2026-06-11 10:00:00,2026-06-11 11:45:00,50380.0,50376.0,-1.5
MACD_Momentum(12/26/9),LONG,2026-06-11 11:45:00,2026-06-11 12:20:00,50376.0,50320.0,-31.5
MACD_Momentum(12/26/9),SHORT,2026-06-11 12:20:00,2026-06-11 13:30:00,50320.0,50266.0,23.5
MACD_Momentum(12/26/9),LONG,2026-06-11 13:30:00,2026-06-11 13:45:00,50266.0,50168.0,-52.5
MACD_Momentum(12/26/9),SHORT,2026-06-11 13:45:00,2026-06-11 13:50:00,50168.0,50302.0,-70.5
MACD_Momentum(12/26/9),LONG,2026-06-11 13:50:00,2026-06-11 14:20:00,50302.0,50186.0,-61.5
MACD_Momentum(12/26/9),SHORT,2026-06-11 14:20:00,2026-06-11 14:25:00,50186.0,50303.0,-62.0
MACD_Momentum(12/26/9),LONG,2026-06-11 14:25:00,2026-06-11 15:00:00,50303.0,50168.0,-71.0
MACD_Momentum(12/26/9),SHORT,2026-06-11 15:00:00,2026-06-11 15:25:00,50168.0,50323.0,-81.0
MACD_Momentum(12/26/9),LONG,2026-06-11 15:25:00,2026-06-11 16:55:00,50323.0,50272.0,-29.0
MACD_Momentum(12/26/9),SHORT,2026-06-11 16:55:00,2026-06-11 17:30:00,50272.0,50632.0,-183.5
MACD_Momentum(12/26/9),LONG,2026-06-11 17:30:00,2026-06-11 18:40:00,50632.0,50750.0,55.5
MACD_Momentum(12/26/9),SHORT,2026-06-11 18:40:00,2026-06-11 19:35:00,50750.0,50990.0,-123.5
MACD_Momentum(12/26/9),LONG,2026-06-11 19:35:00,2026-06-11 19:50:00,50990.0,50931.0,-33.0
MACD_Momentum(12/26/9),SHORT,2026-06-11 19:50:00,2026-06-12 01:55:00,50931.0,50906.0,9.0
MACD_Momentum(12/26/9),LONG,2026-06-12 01:55:00,2026-06-12 03:10:00,50906.0,50916.0,1.5
MACD_Momentum(12/26/9),SHORT,2026-06-12 03:10:00,2026-06-12 04:00:00,50916.0,50919.0,-5.0
MACD_Momentum(12/26/9),LONG,2026-06-12 04:00:00,2026-06-12 04:10:00,50919.0,50882.0,-22.0
MACD_Momentum(12/26/9),SHORT,2026-06-12 04:10:00,2026-06-12 04:30:00,50882.0,50919.0,-22.0
MACD_Momentum(12/26/9),LONG,2026-06-12 04:30:00,2026-06-12 05:40:00,50919.0,50899.0,-13.5
MACD_Momentum(12/26/9),SHORT,2026-06-12 05:40:00,2026-06-12 06:10:00,50899.0,50933.0,-20.5
MACD_Momentum(12/26/9),LONG,2026-06-12 06:10:00,2026-06-12 06:35:00,50933.0,50899.0,-20.5
MACD_Momentum(12/26/9),SHORT,2026-06-12 06:35:00,2026-06-12 07:35:00,50899.0,51246.0,-177.0
MACD_Momentum(12/26/9),LONG,2026-06-12 07:35:00,2026-06-12 09:00:00,51246.0,51524.0,135.5
MACD_Momentum(12/26/9),SHORT,2026-06-12 09:00:00,2026-06-12 11:45:00,51524.0,51607.0,-45.0
MACD_Momentum(12/26/9),LONG,2026-06-12 11:45:00,2026-06-12 12:10:00,51607.0,51576.0,-19.0
MACD_Momentum(12/26/9),SHORT,2026-06-12 12:10:00,2026-06-12 13:25:00,51576.0,51542.0,13.5
MACD_Momentum(12/26/9),LONG,2026-06-12 13:25:00,2026-06-12 13:45:00,51542.0,51288.0,-130.5
MACD_Momentum(12/26/9),SHORT,2026-06-12 13:45:00,2026-06-12 14:25:00,51288.0,51383.0,-51.0
MACD_Momentum(12/26/9),LONG,2026-06-12 14:25:00,2026-06-12 15:50:00,51383.0,51542.0,76.0
MACD_Momentum(12/26/9),SHORT,2026-06-12 15:50:00,2026-06-12 17:05:00,51542.0,51612.0,-38.5
MACD_Momentum(12/26/9),LONG,2026-06-12 17:05:00,2026-06-12 18:00:00,51612.0,51610.0,-4.5
MACD_Momentum(12/26/9),SHORT,2026-06-12 18:00:00,2026-06-12 18:40:00,51610.0,51669.0,-33.0
MACD_Momentum(12/26/9),LONG,2026-06-12 18:40:00,2026-06-12 19:15:00,51669.0,51635.0,-20.5
MACD_Momentum(12/26/9),SHORT,2026-06-12 19:15:00,2026-06-12 20:15:00,51635.0,51652.0,-12.0
MACD_Momentum(12/26/9),LONG,2026-06-12 20:15:00,2026-06-12 20:50:00,51652.0,51608.0,-25.5
MACD_Momentum(12/26/9),SHORT,2026-06-12 20:50:00,2026-06-14 22:15:00,51608.0,51954.0,-176.5
MACD_Momentum(12/26/9),LONG,2026-06-14 22:15:00,2026-06-14 23:20:00,51954.0,51867.0,-47.0
MACD_Momentum(12/26/9),SHORT,2026-06-14 23:20:00,2026-06-15 04:50:00,51867.0,52075.0,-107.5
MACD_Momentum(12/26/9),LONG,2026-06-15 04:50:00,2026-06-15 06:05:00,52075.0,52129.0,23.5
MACD_Momentum(12/26/9),SHORT,2026-06-15 06:05:00,2026-06-15 07:25:00,52129.0,52137.0,-7.5
MACD_Momentum(12/26/9),LONG,2026-06-15 07:25:00,2026-06-15 08:00:00,52137.0,52100.0,-22.0
MACD_Momentum(12/26/9),SHORT,2026-06-15 08:00:00,2026-06-15 09:05:00,52100.0,52115.0,-11.0
MACD_Momentum(12/26/9),LONG,2026-06-15 09:05:00,2026-06-15 09:25:00,52115.0,52039.0,-41.5
MACD_Momentum(12/26/9),SHORT,2026-06-15 09:25:00,2026-06-15 10:15:00,52039.0,52040.0,-4.0
MACD_Momentum(12/26/9),LONG,2026-06-15 10:15:00,2026-06-15 12:10:00,52040.0,52102.0,27.5
MACD_Momentum(12/26/9),SHORT,2026-06-15 12:10:00,2026-06-15 12:45:00,52102.0,52135.0,-20.0
MACD_Momentum(12/26/9),LONG,2026-06-15 12:45:00,2026-06-15 14:10:00,52135.0,52185.0,21.5
MACD_Momentum(12/26/9),SHORT,2026-06-15 14:10:00,2026-06-15 14:50:00,52185.0,52273.0,-47.5
MACD_Momentum(12/26/9),LONG,2026-06-15 14:50:00,2026-06-15 15:35:00,52273.0,52275.0,-2.5
MACD_Momentum(12/26/9),SHORT,2026-06-15 15:35:00,2026-06-15 15:50:00,52275.0,52327.0,-29.5
MACD_Momentum(12/26/9),LONG,2026-06-15 15:50:00,2026-06-15 16:40:00,52327.0,52326.0,-4.0
MACD_Momentum(12/26/9),SHORT,2026-06-15 16:40:00,2026-06-15 19:20:00,52326.0,52245.0,37.0
MACD_Momentum(12/26/9),LONG,2026-06-15 19:20:00,2026-06-15 19:30:00,52245.0,52200.0,-26.0
MACD_Momentum(12/26/9),SHORT,2026-06-15 19:30:00,2026-06-15 20:40:00,52200.0,52160.0,16.5
MACD_Momentum(12/26/9),LONG,2026-06-15 20:40:00,2026-06-15 23:10:00,52160.0,52093.0,-37.0
MACD_Momentum(12/26/9),SHORT,2026-06-15 23:10:00,2026-06-15 23:25:00,52093.0,52116.0,-15.0
MACD_Momentum(12/26/9),LONG,2026-06-15 23:25:00,2026-06-16 01:55:00,52116.0,52124.0,0.5
MACD_Momentum(12/26/9),SHORT,2026-06-16 01:55:00,2026-06-16 02:25:00,52124.0,52141.0,-12.0
MACD_Momentum(12/26/9),LONG,2026-06-16 02:25:00,2026-06-16 03:55:00,52141.0,52143.0,-2.5
MACD_Momentum(12/26/9),SHORT,2026-06-16 03:55:00,2026-06-16 05:10:00,52143.0,52160.0,-12.0
MACD_Momentum(12/26/9),LONG,2026-06-16 05:10:00,2026-06-16 05:40:00,52160.0,52139.0,-14.0
MACD_Momentum(12/26/9),SHORT,2026-06-16 05:40:00,2026-06-16 06:10:00,52139.0,52166.0,-17.0
MACD_Momentum(12/26/9),LONG,2026-06-16 06:10:00,2026-06-16 08:00:00,52166.0,52210.0,18.5
MACD_Momentum(12/26/9),SHORT,2026-06-16 08:00:00,2026-06-16 10:10:00,52210.0,52191.0,6.0
MACD_Momentum(12/26/9),LONG,2026-06-16 10:10:00,2026-06-16 11:15:00,52191.0,52162.0,-18.0
MACD_Momentum(12/26/9),SHORT,2026-06-16 11:15:00,2026-06-16 11:35:00,52162.0,52176.0,-10.5
MACD_Momentum(12/26/9),LONG,2026-06-16 11:35:00,2026-06-16 11:55:00,52176.0,52160.0,-11.5
MACD_Momentum(12/26/9),SHORT,2026-06-16 11:55:00,2026-06-16 12:10:00,52160.0,52209.0,-28.0
MACD_Momentum(12/26/9),LONG,2026-06-16 12:10:00,2026-06-16 14:35:00,52209.0,52424.0,104.0
MACD_Momentum(12/26/9),SHORT,2026-06-16 14:35:00,2026-06-16 15:35:00,52424.0,52529.0,-56.0
MACD_Momentum(12/26/9),LONG,2026-06-16 15:35:00,2026-06-16 16:35:00,52529.0,52579.0,21.5
MACD_Momentum(12/26/9),SHORT,2026-06-16 16:35:00,2026-06-16 16:40:00,52579.0,52622.0,-25.0
MACD_Momentum(12/26/9),LONG,2026-06-16 16:40:00,2026-06-16 16:45:00,52622.0,52617.0,-6.0
MACD_Momentum(12/26/9),SHORT,2026-06-16 16:45:00,2026-06-16 19:55:00,52617.0,52508.0,51.0
MACD_Momentum(12/26/9),LONG,2026-06-16 19:55:00,2026-06-16 20:00:00,52508.0,52476.0,-19.5
MACD_Momentum(12/26/9),SHORT,2026-06-16 20:00:00,2026-06-16 20:45:00,52476.0,52459.0,5.0
MACD_Momentum(12/26/9),LONG,2026-06-16 20:45:00,2026-06-17 00:00:00,52459.0,52515.0,24.5
MACD_Momentum(12/26/9),SHORT,2026-06-17 00:00:00,2026-06-17 00:05:00,52515.0,52532.0,-12.0
MACD_Momentum(12/26/9),LONG,2026-06-17 00:05:00,2026-06-17 00:25:00,52532.0,52529.0,-5.0
MACD_Momentum(12/26/9),SHORT,2026-06-17 00:25:00,2026-06-17 01:10:00,52529.0,52567.0,-22.5
MACD_Momentum(12/26/9),LONG,2026-06-17 01:10:00,2026-06-17 01:45:00,52567.0,52549.0,-12.5
MACD_Momentum(12/26/9),SHORT,2026-06-17 01:45:00,2026-06-17 03:45:00,52549.0,52531.0,5.5
MACD_Momentum(12/26/9),LONG,2026-06-17 03:45:00,2026-06-17 04:35:00,52531.0,52513.0,-12.5
MACD_Momentum(12/26/9),SHORT,2026-06-17 04:35:00,2026-06-17 06:40:00,52513.0,52514.0,-4.0
MACD_Momentum(12/26/9),LONG,2026-06-17 06:40:00,2026-06-17 07:30:00,52514.0,52465.0,-28.0
MACD_Momentum(12/26/9),SHORT,2026-06-17 07:30:00,2026-06-17 09:00:00,52465.0,52460.0,-1.0
MACD_Momentum(12/26/9),LONG,2026-06-17 09:00:00,2026-06-17 10:05:00,52460.0,52424.0,-21.5
MACD_Momentum(12/26/9),SHORT,2026-06-17 10:05:00,2026-06-17 10:30:00,52424.0,52451.0,-17.0
MACD_Momentum(12/26/9),LONG,2026-06-17 10:30:00,2026-06-17 11:45:00,52451.0,52446.0,-6.0
MACD_Momentum(12/26/9),SHORT,2026-06-17 11:45:00,2026-06-17 12:50:00,52446.0,52453.0,-7.0
MACD_Momentum(12/26/9),LONG,2026-06-17 12:50:00,2026-06-17 14:45:00,52453.0,52614.0,77.0
MACD_Momentum(12/26/9),SHORT,2026-06-17 14:45:00,2026-06-17 15:40:00,52614.0,52718.0,-55.5
MACD_Momentum(12/26/9),LONG,2026-06-17 15:40:00,2026-06-17 16:10:00,52718.0,52662.0,-31.5
MACD_Momentum(12/26/9),SHORT,2026-06-17 16:10:00,2026-06-17 18:50:00,52662.0,52460.0,97.5
MACD_Momentum(12/26/9),LONG,2026-06-17 18:50:00,2026-06-17 19:00:00,52460.0,52327.0,-70.0
MACD_Momentum(12/26/9),SHORT,2026-06-17 19:00:00,2026-06-17 20:20:00,52327.0,52005.0,157.5
MACD_Momentum(12/26/9),LONG,2026-06-17 20:20:00,2026-06-18 00:50:00,52005.0,52210.0,99.0
MACD_Momentum(12/26/9),SHORT,2026-06-18 00:50:00,2026-06-18 05:35:00,52210.0,52205.0,-1.0
MACD_Momentum(12/26/9),LONG,2026-06-18 05:35:00,2026-06-18 05:55:00,52205.0,52187.0,-12.5
MACD_Momentum(12/26/9),SHORT,2026-06-18 05:55:00,2026-06-18 06:30:00,52187.0,52208.0,-14.0
MACD_Momentum(12/26/9),LONG,2026-06-18 06:30:00,2026-06-18 07:55:00,52208.0,52206.0,-4.5
MACD_Momentum(12/26/9),SHORT,2026-06-18 07:55:00,2026-06-18 08:05:00,52206.0,52259.0,-30.0
MACD_Momentum(12/26/9),LONG,2026-06-18 08:05:00,2026-06-18 08:25:00,52259.0,52219.0,-23.5
MACD_Momentum(12/26/9),SHORT,2026-06-18 08:25:00,2026-06-18 09:35:00,52219.0,52208.0,2.0
MACD_Momentum(12/26/9),LONG,2026-06-18 09:35:00,2026-06-18 10:35:00,52208.0,52196.0,-9.5
MACD_Momentum(12/26/9),SHORT,2026-06-18 10:35:00,2026-06-18 12:10:00,52196.0,52085.0,52.0
MACD_Momentum(12/26/9),LONG,2026-06-18 12:10:00,2026-06-18 13:55:00,52085.0,52184.0,46.0
MACD_Momentum(12/26/9),SHORT,2026-06-18 13:55:00,2026-06-18 14:50:00,52184.0,52213.0,-18.0
MACD_Momentum(12/26/9),LONG,2026-06-18 14:50:00,2026-06-18 15:15:00,52213.0,52116.0,-52.0
MACD_Momentum(12/26/9),SHORT,2026-06-18 15:15:00,2026-06-18 16:30:00,52116.0,52085.0,12.0
MACD_Momentum(12/26/9),LONG,2026-06-18 16:30:00,2026-06-18 17:55:00,52085.0,52093.0,0.5
MACD_Momentum(12/26/9),SHORT,2026-06-18 17:55:00,2026-06-18 19:35:00,52093.0,52039.0,23.5
MACD_Momentum(12/26/9),LONG,2026-06-18 19:35:00,2026-06-18 20:00:00,52039.0,51975.0,-35.5
MACD_Momentum(12/26/9),SHORT,2026-06-18 20:00:00,2026-06-18 20:10:00,51975.0,52025.0,-28.5
MACD_Momentum(12/26/9),LONG,2026-06-18 20:10:00,2026-06-18 22:20:00,52025.0,52012.0,-10.0
MACD_Momentum(12/26/9),SHORT,2026-06-18 22:20:00,2026-06-18 23:30:00,52012.0,51994.0,5.5
MACD_Momentum(12/26/9),LONG,2026-06-18 23:30:00,2026-06-19 00:50:00,51994.0,51974.0,-13.5
MACD_Momentum(12/26/9),SHORT,2026-06-19 00:50:00,2026-06-19 02:45:00,51974.0,51896.0,35.5
MACD_Momentum(12/26/9),LONG,2026-06-19 02:45:00,2026-06-19 03:25:00,51896.0,51848.0,-27.5
MACD_Momentum(12/26/9),SHORT,2026-06-19 03:25:00,2026-06-19 03:40:00,51848.0,51875.0,-17.0
MACD_Momentum(12/26/9),LONG,2026-06-19 03:40:00,2026-06-21 22:10:00,51875.0,51796.0,-43.0
MACD_Momentum(12/26/9),SHORT,2026-06-21 22:10:00,2026-06-21 22:45:00,51796.0,51850.0,-30.5
MACD_Momentum(12/26/9),LONG,2026-06-21 22:45:00,2026-06-21 23:15:00,51850.0,51794.0,-31.5
MACD_Momentum(12/26/9),SHORT,2026-06-21 23:15:00,2026-06-21 23:25:00,51794.0,51822.0,-17.5
MACD_Momentum(12/26/9),LONG,2026-06-21 23:25:00,2026-06-21 23:40:00,51822.0,51788.0,-20.5
MACD_Momentum(12/26/9),SHORT,2026-06-21 23:40:00,2026-06-22 00:05:00,51788.0,51828.0,-23.5
MACD_Momentum(12/26/9),LONG,2026-06-22 00:05:00,2026-06-22 02:00:00,51828.0,51943.0,54.0
MACD_Momentum(12/26/9),SHORT,2026-06-22 02:00:00,2026-06-22 03:50:00,51943.0,51873.0,31.5
MACD_Momentum(12/26/9),LONG,2026-06-22 03:50:00,2026-06-22 04:00:00,51873.0,51844.0,-18.0
MACD_Momentum(12/26/9),SHORT,2026-06-22 04:00:00,2026-06-22 05:05:00,51844.0,51832.0,2.5
MACD_Momentum(12/26/9),LONG,2026-06-22 05:05:00,2026-06-22 07:35:00,51832.0,51985.0,73.0
MACD_Momentum(12/26/9),SHORT,2026-06-22 07:35:00,2026-06-22 09:05:00,51985.0,51985.0,-3.5
MACD_Momentum(12/26/9),LONG,2026-06-22 09:05:00,2026-06-22 09:45:00,51985.0,51979.0,-6.5
MACD_Momentum(12/26/9),SHORT,2026-06-22 09:45:00,2026-06-22 10:20:00,51979.0,52016.0,-22.0
MACD_Momentum(12/26/9),LONG,2026-06-22 10:20:00,2026-06-22 10:35:00,52016.0,51992.0,-15.5
MACD_Momentum(12/26/9),SHORT,2026-06-22 10:35:00,2026-06-22 11:05:00,51992.0,52025.0,-20.0
MACD_Momentum(12/26/9),LONG,2026-06-22 11:05:00,2026-06-22 11:25:00,52025.0,52004.0,-14.0
MACD_Momentum(12/26/9),SHORT,2026-06-22 11:25:00,2026-06-22 12:00:00,52004.0,52047.0,-25.0
MACD_Momentum(12/26/9),LONG,2026-06-22 12:00:00,2026-06-22 12:50:00,52047.0,52056.0,1.0
MACD_Momentum(12/26/9),SHORT,2026-06-22 12:50:00,2026-06-22 13:30:00,52056.0,52113.0,-32.0
MACD_Momentum(12/26/9),LONG,2026-06-22 13:30:00,2026-06-22 14:25:00,52113.0,52184.0,32.0
MACD_Momentum(12/26/9),SHORT,2026-06-22 14:25:00,2026-06-22 15:45:00,52184.0,52175.0,1.0
MACD_Momentum(12/26/9),LONG,2026-06-22 15:45:00,2026-06-22 16:10:00,52175.0,52125.0,-28.5
MACD_Momentum(12/26/9),SHORT,2026-06-22 16:10:00,2026-06-22 16:15:00,52125.0,52181.0,-31.5
MACD_Momentum(12/26/9),LONG,2026-06-22 16:15:00,2026-06-22 16:40:00,52181.0,52145.0,-21.5
MACD_Momentum(12/26/9),SHORT,2026-06-22 16:40:00,2026-06-22 16:50:00,52145.0,52171.0,-16.5
MACD_Momentum(12/26/9),LONG,2026-06-22 16:50:00,2026-06-22 17:10:00,52171.0,52124.0,-27.0
MACD_Momentum(12/26/9),SHORT,2026-06-22 17:10:00,2026-06-22 18:25:00,52124.0,52151.0,-17.0
MACD_Momentum(12/26/9),LONG,2026-06-22 18:25:00,2026-06-22 18:45:00,52151.0,52086.0,-36.0
MACD_Momentum(12/26/9),SHORT,2026-06-22 18:45:00,2026-06-22 19:50:00,52086.0,52081.0,-1.0
MACD_Momentum(12/26/9),LONG,2026-06-22 19:50:00,2026-06-22 22:00:00,52081.0,52165.0,38.5
MACD_Momentum(12/26/9),SHORT,2026-06-22 22:00:00,2026-06-22 22:20:00,52165.0,52164.0,-3.0
MACD_Momentum(12/26/9),LONG,2026-06-22 22:20:00,2026-06-22 22:40:00,52164.0,52143.0,-14.0
MACD_Momentum(12/26/9),SHORT,2026-06-22 22:40:00,2026-06-23 00:00:00,52143.0,52150.0,-7.0
MACD_Momentum(12/26/9),LONG,2026-06-23 00:00:00,2026-06-23 01:25:00,52150.0,52215.0,29.0
MACD_Momentum(12/26/9),SHORT,2026-06-23 01:25:00,2026-06-23 04:05:00,52215.0,52094.0,57.0
MACD_Momentum(12/26/9),LONG,2026-06-23 04:05:00,2026-06-23 04:20:00,52094.0,52052.0,-24.5
MACD_Momentum(12/26/9),SHORT,2026-06-23 04:20:00,2026-06-23 06:05:00,52052.0,51957.0,44.0
MACD_Momentum(12/26/9),LONG,2026-06-23 06:05:00,2026-06-23 06:30:00,51957.0,51890.0,-37.0
MACD_Momentum(12/26/9),SHORT,2026-06-23 06:30:00,2026-06-23 08:15:00,51890.0,51740.0,71.5
MACD_Momentum(12/26/9),LONG,2026-06-23 08:15:00,2026-06-23 10:40:00,51740.0,51825.0,39.0
MACD_Momentum(12/26/9),SHORT,2026-06-23 10:40:00,2026-06-23 11:40:00,51825.0,51868.0,-25.0
MACD_Momentum(12/26/9),LONG,2026-06-23 11:40:00,2026-06-23 12:30:00,51868.0,51884.0,4.5
MACD_Momentum(12/26/9),SHORT,2026-06-23 12:30:00,2026-06-23 13:50:00,51884.0,52031.0,-77.0
MACD_Momentum(12/26/9),LONG,2026-06-23 13:50:00,2026-06-23 15:10:00,52031.0,52120.0,41.0
MACD_Momentum(12/26/9),SHORT,2026-06-23 15:10:00,2026-06-23 16:10:00,52120.0,52215.0,-51.0
MACD_Momentum(12/26/9),LONG,2026-06-23 16:10:00,2026-06-23 17:05:00,52215.0,52210.0,-6.0
MACD_Momentum(12/26/9),SHORT,2026-06-23 17:05:00,2026-06-23 19:50:00,52210.0,52101.0,51.0
MACD_Momentum(12/26/9),LONG,2026-06-23 19:50:00,2026-06-23 22:30:00,52101.0,52041.0,-33.5
MACD_Momentum(12/26/9),SHORT,2026-06-23 22:30:00,2026-06-23 23:20:00,52041.0,52045.0,-5.5
MACD_Momentum(12/26/9),LONG,2026-06-23 23:20:00,2026-06-24 00:50:00,52045.0,52054.0,1.0
MACD_Momentum(12/26/9),SHORT,2026-06-24 00:50:00,2026-06-24 01:55:00,52054.0,52063.0,-8.0
MACD_Momentum(12/26/9),LONG,2026-06-24 01:55:00,2026-06-24 02:30:00,52063.0,52066.0,-2.0
MACD_Momentum(12/26/9),SHORT,2026-06-24 02:30:00,2026-06-24 03:30:00,52066.0,52070.0,-5.5
MACD_Momentum(12/26/9),LONG,2026-06-24 03:30:00,2026-06-24 04:15:00,52070.0,52041.0,-18.0
MACD_Momentum(12/26/9),SHORT,2026-06-24 04:15:00,2026-06-24 04:40:00,52041.0,52077.0,-21.5
MACD_Momentum(12/26/9),LONG,2026-06-24 04:40:00,2026-06-24 05:05:00,52077.0,52037.0,-23.5
MACD_Momentum(12/26/9),SHORT,2026-06-24 05:05:00,2026-06-24 06:50:00,52037.0,52022.0,4.0
MACD_Momentum(12/26/9),LONG,2026-06-24 06:50:00,2026-06-24 07:05:00,52022.0,51985.0,-22.0
MACD_Momentum(12/26/9),SHORT,2026-06-24 07:05:00,2026-06-24 07:15:00,51985.0,52020.0,-21.0
MACD_Momentum(12/26/9),LONG,2026-06-24 07:15:00,2026-06-24 07:40:00,52020.0,51982.0,-22.5
MACD_Momentum(12/26/9),SHORT,2026-06-24 07:40:00,2026-06-24 07:45:00,51982.0,52025.0,-25.0
MACD_Momentum(12/26/9),LONG,2026-06-24 07:45:00,2026-06-24 08:00:00,52025.0,51986.0,-23.0
MACD_Momentum(12/26/9),SHORT,2026-06-24 08:00:00,2026-06-24 08:05:00,51986.0,52024.0,-22.5
MACD_Momentum(12/26/9),LONG,2026-06-24 08:05:00,2026-06-24 09:40:00,52024.0,51991.0,-20.0
MACD_Momentum(12/26/9),SHORT,2026-06-24 09:40:00,2026-06-24 10:20:00,51991.0,52010.0,-13.0
MACD_Momentum(12/26/9),LONG,2026-06-24 10:20:00,2026-06-24 12:35:00,52010.0,52121.0,52.0
MACD_Momentum(12/26/9),SHORT,2026-06-24 12:35:00,2026-06-24 13:45:00,52121.0,52103.0,5.5
MACD_Momentum(12/26/9),LONG,2026-06-24 13:45:00,2026-06-24 16:00:00,52103.0,52577.0,233.5
MACD_Momentum(12/26/9),SHORT,2026-06-24 16:00:00,2026-06-24 18:20:00,52577.0,52307.0,131.5
MACD_Momentum(12/26/9),LONG,2026-06-24 18:20:00,2026-06-24 19:35:00,52307.0,52235.0,-39.5
MACD_Momentum(12/26/9),SHORT,2026-06-24 19:35:00,2026-06-24 20:00:00,52235.0,52285.0,-28.5
MACD_Momentum(12/26/9),LONG,2026-06-24 20:00:00,2026-06-24 22:15:00,52285.0,52321.0,14.5
MACD_Momentum(12/26/9),SHORT,2026-06-24 22:15:00,2026-06-24 23:35:00,52321.0,52330.0,-8.0
MACD_Momentum(12/26/9),LONG,2026-06-24 23:35:00,2026-06-25 00:10:00,52330.0,52308.0,-14.5
MACD_Momentum(12/26/9),SHORT,2026-06-25 00:10:00,2026-06-25 01:35:00,52308.0,52280.0,10.5
MACD_Momentum(12/26/9),LONG,2026-06-25 01:35:00,2026-06-25 04:15:00,52280.0,52270.0,-8.5
MACD_Momentum(12/26/9),SHORT,2026-06-25 04:15:00,2026-06-25 05:25:00,52270.0,52266.0,-1.5
MACD_Momentum(12/26/9),LONG,2026-06-25 05:25:00,2026-06-25 07:20:00,52266.0,52343.0,35.0
MACD_Momentum(12/26/9),SHORT,2026-06-25 07:20:00,2026-06-25 07:25:00,52343.0,52353.0,-8.5
MACD_Momentum(12/26/9),LONG,2026-06-25 07:25:00,2026-06-25 07:30:00,52353.0,52345.0,-7.5
MACD_Momentum(12/26/9),SHORT,2026-06-25 07:30:00,2026-06-25 09:40:00,52345.0,52331.0,3.5
MACD_Momentum(12/26/9),LONG,2026-06-25 09:40:00,2026-06-25 11:10:00,52331.0,52409.0,35.5
MACD_Momentum(12/26/9),SHORT,2026-06-25 11:10:00,2026-06-25 12:40:00,52409.0,52404.0,-1.0
MACD_Momentum(12/26/9),LONG,2026-06-25 12:40:00,2026-06-25 15:05:00,52404.0,52909.0,249.0
MACD_Momentum(12/26/9),SHORT,2026-06-25 15:05:00,2026-06-25 18:00:00,52909.0,52440.0,231.0
MACD_Momentum(12/26/9),LONG,2026-06-25 18:00:00,2026-06-25 18:05:00,52440.0,52337.0,-55.0
MACD_Momentum(12/26/9),SHORT,2026-06-25 18:05:00,2026-06-25 18:10:00,52337.0,52387.0,-28.5
MACD_Momentum(12/26/9),LONG,2026-06-25 18:10:00,2026-06-25 19:45:00,52387.0,52337.0,-28.5
MACD_Momentum(12/26/9),SHORT,2026-06-25 19:45:00,2026-06-25 19:55:00,52337.0,52364.0,-17.0
MACD_Momentum(12/26/9),LONG,2026-06-25 19:55:00,2026-06-25 22:10:00,52364.0,52418.0,23.5
MACD_Momentum(12/26/9),SHORT,2026-06-25 22:10:00,2026-06-25 23:15:00,52418.0,52448.0,-18.5
MACD_Momentum(12/26/9),LONG,2026-06-25 23:15:00,2026-06-25 23:45:00,52448.0,52413.0,-21.0
MACD_Momentum(12/26/9),SHORT,2026-06-25 23:45:00,2026-06-26 00:25:00,52413.0,52433.0,-13.5
MACD_Momentum(12/26/9),LONG,2026-06-26 00:25:00,2026-06-26 01:00:00,52433.0,52434.0,-3.0
MACD_Momentum(12/26/9),SHORT,2026-06-26 01:00:00,2026-06-26 03:30:00,52434.0,52229.0,99.0
MACD_Momentum(12/26/9),LONG,2026-06-26 03:30:00,2026-06-26 05:45:00,52229.0,52184.0,-26.0
MACD_Momentum(12/26/9),SHORT,2026-06-26 05:45:00,2026-06-26 06:05:00,52184.0,52240.0,-31.5
MACD_Momentum(12/26/9),LONG,2026-06-26 06:05:00,2026-06-26 08:05:00,52240.0,52416.0,84.5
MACD_Momentum(12/26/9),SHORT,2026-06-26 08:05:00,2026-06-26 10:35:00,52416.0,52290.0,59.5
MACD_Momentum(12/26/9),LONG,2026-06-26 10:35:00,2026-06-26 12:40:00,52290.0,52246.0,-25.5
MACD_Momentum(12/26/9),SHORT,2026-06-26 12:40:00,2026-06-26 14:05:00,52246.0,52257.0,-9.0
MACD_Momentum(12/26/9),LONG,2026-06-26 14:05:00,2026-06-26 16:10:00,52257.0,52387.0,61.5
MACD_Momentum(12/26/9),SHORT,2026-06-26 16:10:00,2026-06-26 17:10:00,52387.0,52455.0,-37.5
MACD_Momentum(12/26/9),LONG,2026-06-26 17:10:00,2026-06-26 17:25:00,52455.0,52345.0,-58.5
MACD_Momentum(12/26/9),SHORT,2026-06-26 17:25:00,2026-06-26 19:25:00,52345.0,52263.0,37.5
MACD_Momentum(12/26/9),LONG,2026-06-26 19:25:00,2026-06-26 19:35:00,52263.0,52243.0,-13.5
MACD_Momentum(12/26/9),SHORT,2026-06-26 19:35:00,2026-06-26 19:55:00,52243.0,52299.0,-31.5
MACD_Momentum(12/26/9),LONG,2026-06-26 19:55:00,2026-06-26 20:00:00,52299.0,52178.0,-64.0
MACD_Momentum(12/26/9),SHORT,2026-06-26 20:00:00,2026-06-26 20:05:00,52178.0,52236.0,-32.5
MACD_Momentum(12/26/9),LONG,2026-06-26 20:05:00,2026-06-26 20:50:00,52236.0,52199.0,-22.0
MACD_Momentum(12/26/9),SHORT,2026-06-26 20:50:00,2026-06-28 22:15:00,52199.0,52335.0,-71.5
MACD_Momentum(12/26/9),LONG,2026-06-28 22:15:00,2026-06-29 00:05:00,52335.0,52374.0,16.0
MACD_Momentum(12/26/9),SHORT,2026-06-29 00:05:00,2026-06-29 02:30:00,52374.0,52342.0,12.5
MACD_Momentum(12/26/9),LONG,2026-06-29 02:30:00,2026-06-29 03:40:00,52342.0,52320.0,-14.5
MACD_Momentum(12/26/9),SHORT,2026-06-29 03:40:00,2026-06-29 04:00:00,52320.0,52382.0,-34.5
MACD_Momentum(12/26/9),LONG,2026-06-29 04:00:00,2026-06-29 04:15:00,52382.0,52351.0,-19.0
MACD_Momentum(12/26/9),SHORT,2026-06-29 04:15:00,2026-06-29 05:15:00,52351.0,52385.0,-20.5
MACD_Momentum(12/26/9),LONG,2026-06-29 05:15:00,2026-06-29 05:20:00,52385.0,52371.0,-10.5
MACD_Momentum(12/26/9),SHORT,2026-06-29 05:20:00,2026-06-29 05:25:00,52371.0,52372.0,-4.0
MACD_Momentum(12/26/9),LONG,2026-06-29 05:25:00,2026-06-29 06:20:00,52372.0,52382.0,1.5
MACD_Momentum(12/26/9),SHORT,2026-06-29 06:20:00,2026-06-29 07:30:00,52382.0,52404.0,-14.5
MACD_Momentum(12/26/9),LONG,2026-06-29 07:30:00,2026-06-29 08:45:00,52404.0,52399.0,-6.0
MACD_Momentum(12/26/9),SHORT,2026-06-29 08:45:00,2026-06-29 10:35:00,52399.0,52408.0,-8.0
MACD_Momentum(12/26/9),LONG,2026-06-29 10:35:00,2026-06-29 12:15:00,52408.0,52452.0,18.5
MACD_Momentum(12/26/9),SHORT,2026-06-29 12:15:00,2026-06-29 13:10:00,52452.0,52466.0,-10.5
MACD_Momentum(12/26/9),LONG,2026-06-29 13:10:00,2026-06-29 14:10:00,52466.0,52478.0,2.5
MACD_Momentum(12/26/9),SHORT,2026-06-29 14:10:00,2026-06-29 14:35:00,52478.0,52629.0,-79.0
MACD_Momentum(12/26/9),LONG,2026-06-29 14:35:00,2026-06-29 15:10:00,52629.0,52485.0,-75.5
MACD_Momentum(12/26/9),SHORT,2026-06-29 15:10:00,2026-06-29 16:15:00,52485.0,52522.0,-22.0
MACD_Momentum(12/26/9),LONG,2026-06-29 16:15:00,2026-06-29 16:20:00,52522.0,52486.0,-21.5
MACD_Momentum(12/26/9),SHORT,2026-06-29 16:20:00,2026-06-29 16:55:00,52486.0,52497.0,-9.0
MACD_Momentum(12/26/9),LONG,2026-06-29 16:55:00,2026-06-29 18:50:00,52497.0,52623.0,59.5
MACD_Momentum(12/26/9),SHORT,2026-06-29 18:50:00,2026-06-29 23:05:00,52623.0,52532.0,42.0
MACD_Momentum(12/26/9),LONG,2026-06-29 23:05:00,2026-06-29 23:50:00,52532.0,52505.0,-17.0
MACD_Momentum(12/26/9),SHORT,2026-06-29 23:50:00,2026-06-30 00:15:00,52505.0,52523.0,-12.5
MACD_Momentum(12/26/9),LONG,2026-06-30 00:15:00,2026-06-30 00:30:00,52523.0,52501.0,-14.5
MACD_Momentum(12/26/9),SHORT,2026-06-30 00:30:00,2026-06-30 00:55:00,52501.0,52514.0,-10.0
MACD_Momentum(12/26/9),LONG,2026-06-30 00:55:00,2026-06-30 02:20:00,52514.0,52508.0,-6.5
MACD_Momentum(12/26/9),SHORT,2026-06-30 02:20:00,2026-06-30 03:20:00,52508.0,52531.0,-15.0
MACD_Momentum(12/26/9),LONG,2026-06-30 03:20:00,2026-06-30 03:25:00,52531.0,52522.0,-8.0
MACD_Momentum(12/26/9),SHORT,2026-06-30 03:25:00,2026-06-30 03:30:00,52522.0,52534.0,-9.5
MACD_Momentum(12/26/9),LONG,2026-06-30 03:30:00,2026-06-30 04:55:00,52534.0,52574.0,16.5
MACD_Momentum(12/26/9),SHORT,2026-06-30 04:55:00,2026-06-30 07:00:00,52574.0,52603.0,-18.0
MACD_Momentum(12/26/9),LONG,2026-06-30 07:00:00,2026-06-30 08:00:00,52603.0,52590.0,-10.0
MACD_Momentum(12/26/9),SHORT,2026-06-30 08:00:00,2026-06-30 09:05:00,52590.0,52619.0,-18.0
MACD_Momentum(12/26/9),LONG,2026-06-30 09:05:00,2026-06-30 10:20:00,52619.0,52646.0,10.0
MACD_Momentum(12/26/9),SHORT,2026-06-30 10:20:00,2026-06-30 11:00:00,52646.0,52671.0,-16.0
MACD_Momentum(12/26/9),LONG,2026-06-30 11:00:00,2026-06-30 11:30:00,52671.0,52635.0,-21.5
MACD_Momentum(12/26/9),SHORT,2026-06-30 11:30:00,2026-06-30 13:20:00,52635.0,52549.0,39.5
MACD_Momentum(12/26/9),LONG,2026-06-30 13:20:00,2026-06-30 13:35:00,52549.0,52401.0,-77.5
MACD_Momentum(12/26/9),SHORT,2026-06-30 13:35:00,2026-06-30 13:55:00,52401.0,52574.0,-90.0
MACD_Momentum(12/26/9),LONG,2026-06-30 13:55:00,2026-06-30 15:40:00,52574.0,52627.0,23.0
MACD_Momentum(12/26/9),SHORT,2026-06-30 15:40:00,2026-06-30 16:10:00,52627.0,52711.0,-45.5
MACD_Momentum(12/26/9),LONG,2026-06-30 16:10:00,2026-06-30 17:10:00,52711.0,52723.0,2.5
MACD_Momentum(12/26/9),SHORT,2026-06-30 17:10:00,2026-06-30 19:00:00,52723.0,52710.0,3.0
MACD_Momentum(12/26/9),LONG,2026-06-30 19:00:00,2026-06-30 19:05:00,52710.0,52696.0,-10.5
MACD_Momentum(12/26/9),SHORT,2026-06-30 19:05:00,2026-06-30 19:15:00,52696.0,52724.0,-17.5
MACD_Momentum(12/26/9),LONG,2026-06-30 19:15:00,2026-06-30 19:35:00,52724.0,52685.0,-23.0
MACD_Momentum(12/26/9),SHORT,2026-06-30 19:35:00,2026-06-30 22:25:00,52685.0,52600.0,39.0
MACD_Momentum(12/26/9),LONG,2026-06-30 22:25:00,2026-07-01 01:10:00,52600.0,52564.0,-21.5
MACD_Momentum(12/26/9),SHORT,2026-07-01 01:10:00,2026-07-01 03:15:00,52564.0,52501.0,28.0
MACD_Momentum(12/26/9),LONG,2026-07-01 03:15:00,2026-07-01 03:30:00,52501.0,52473.0,-17.5
MACD_Momentum(12/26/9),SHORT,2026-07-01 03:30:00,2026-07-01 03:40:00,52473.0,52486.0,-10.0
MACD_Momentum(12/26/9),LONG,2026-07-01 03:40:00,2026-07-01 05:40:00,52486.0,52499.0,3.0
MACD_Momentum(12/26/9),SHORT,2026-07-01 05:40:00,2026-07-01 06:25:00,52499.0,52512.0,-10.0
MACD_Momentum(12/26/9),LONG,2026-07-01 06:25:00,2026-07-01 07:10:00,52512.0,52484.0,-17.5
MACD_Momentum(12/26/9),SHORT,2026-07-01 07:10:00,2026-07-01 08:00:00,52484.0,52497.0,-10.0
MACD_Momentum(12/26/9),LONG,2026-07-01 08:00:00,2026-07-01 09:15:00,52497.0,52536.0,16.0
MACD_Momentum(12/26/9),SHORT,2026-07-01 09:15:00,2026-07-01 10:35:00,52536.0,52565.0,-18.0
MACD_Momentum(12/26/9),LONG,2026-07-01 10:35:00,2026-07-01 10:50:00,52565.0,52541.0,-15.5
MACD_Momentum(12/26/9),SHORT,2026-07-01 10:50:00,2026-07-01 11:05:00,52541.0,52565.0,-15.5
MACD_Momentum(12/26/9),LONG,2026-07-01 11:05:00,2026-07-01 11:35:00,52565.0,52552.0,-10.0
MACD_Momentum(12/26/9),SHORT,2026-07-01 11:35:00,2026-07-01 12:55:00,52552.0,52529.0,8.0
MACD_Momentum(12/26/9),LONG,2026-07-01 12:55:00,2026-07-01 13:35:00,52529.0,52416.0,-60.0
MACD_Momentum(12/26/9),SHORT,2026-07-01 13:35:00,2026-07-01 13:55:00,52416.0,52641.0,-116.0
MACD_Momentum(12/26/9),LONG,2026-07-01 13:55:00,2026-07-01 16:35:00,52641.0,53019.0,185.5
MACD_Momentum(12/26/9),SHORT,2026-07-01 16:35:00,2026-07-01 19:05:00,53019.0,52719.0,146.5
MACD_Momentum(12/26/9),LONG,2026-07-01 19:05:00,2026-07-01 20:05:00,52719.0,52606.0,-60.0
MACD_Momentum(12/26/9),SHORT,2026-07-01 20:05:00,2026-07-01 22:00:00,52606.0,52640.0,-20.5
MACD_Momentum(12/26/9),LONG,2026-07-01 22:00:00,2026-07-02 00:05:00,52640.0,52563.0,-42.0
MACD_Momentum(12/26/9),SHORT,2026-07-02 00:05:00,2026-07-02 00:25:00,52563.0,52604.0,-24.0
MACD_Momentum(12/26/9),LONG,2026-07-02 00:25:00,2026-07-02 03:05:00,52604.0,52714.0,51.5
MACD_Momentum(12/26/9),SHORT,2026-07-02 03:05:00,2026-07-02 05:25:00,52714.0,52695.0,6.0
MACD_Momentum(12/26/9),LONG,2026-07-02 05:25:00,2026-07-02 05:30:00,52695.0,52679.0,-11.5
MACD_Momentum(12/26/9),SHORT,2026-07-02 05:30:00,2026-07-02 07:40:00,52679.0,52607.0,32.5
MACD_Momentum(12/26/9),LONG,2026-07-02 07:40:00,2026-07-02 09:35:00,52607.0,52694.0,40.0
MACD_Momentum(12/26/9),SHORT,2026-07-02 09:35:00,2026-07-02 09:40:00,52694.0,52703.0,-8.0
MACD_Momentum(12/26/9),LONG,2026-07-02 09:40:00,2026-07-02 09:50:00,52703.0,52689.0,-10.5
MACD_Momentum(12/26/9),SHORT,2026-07-02 09:50:00,2026-07-02 10:25:00,52689.0,52720.0,-19.0
MACD_Momentum(12/26/9),LONG,2026-07-02 10:25:00,2026-07-02 11:30:00,52720.0,52758.0,15.5
MACD_Momentum(12/26/9),SHORT,2026-07-02 11:30:00,2026-07-02 12:35:00,52758.0,52857.0,-53.0
MACD_Momentum(12/26/9),LONG,2026-07-02 12:35:00,2026-07-02 13:20:00,52857.0,52836.0,-14.0
MACD_Momentum(12/26/9),SHORT,2026-07-02 13:20:00,2026-07-02 13:30:00,52836.0,52951.0,-61.0
MACD_Momentum(12/26/9),LONG,2026-07-02 13:30:00,2026-07-02 14:30:00,52951.0,52968.0,5.0
MACD_Momentum(12/26/9),SHORT,2026-07-02 14:30:00,2026-07-02 14:40:00,52968.0,53086.0,-62.5
MACD_Momentum(12/26/9),LONG,2026-07-02 14:40:00,2026-07-02 14:45:00,53086.0,53001.0,-46.0
MACD_Momentum(12/26/9),SHORT,2026-07-02 14:45:00,2026-07-02 18:10:00,53001.0,52914.0,40.0
MACD_Momentum(12/26/9),LONG,2026-07-02 18:10:00,2026-07-02 20:50:00,52914.0,53160.0,119.5
MACD_Momentum(12/26/9),SHORT,2026-07-02 20:50:00,2026-07-03 00:40:00,53160.0,53273.0,-60.0
MACD_Momentum(12/26/9),LONG,2026-07-03 00:40:00,2026-07-03 02:00:00,53273.0,53357.0,38.5
MACD_Momentum(12/26/9),SHORT,2026-07-03 02:00:00,2026-07-05 23:10:00,53357.0,53195.0,77.5
MACD_Momentum(12/26/9),LONG,2026-07-05 23:10:00,2026-07-06 01:20:00,53195.0,53266.0,32.0
MACD_Momentum(12/26/9),SHORT,2026-07-06 01:20:00,2026-07-06 01:45:00,53266.0,53256.0,1.5
MACD_Momentum(12/26/9),LONG,2026-07-06 01:45:00,2026-07-06 01:50:00,53256.0,53232.0,-15.5
MACD_Momentum(12/26/9),SHORT,2026-07-06 01:50:00,2026-07-06 03:40:00,53232.0,53175.0,25.0
MACD_Momentum(12/26/9),LONG,2026-07-06 03:40:00,2026-07-06 03:55:00,53175.0,53159.0,-11.5
MACD_Momentum(12/26/9),SHORT,2026-07-06 03:55:00,2026-07-06 04:00:00,53159.0,53165.0,-6.5
MACD_Momentum(12/26/9),LONG,2026-07-06 04:00:00,2026-07-06 04:10:00,53165.0,53152.0,-10.0
MACD_Momentum(12/26/9),SHORT,2026-07-06 04:10:00,2026-07-06 04:15:00,53152.0,53175.0,-15.0
MACD_Momentum(12/26/9),LONG,2026-07-06 04:15:00,2026-07-06 06:15:00,53175.0,53172.0,-5.0
MACD_Momentum(12/26/9),SHORT,2026-07-06 06:15:00,2026-07-06 07:05:00,53172.0,53208.0,-21.5
MACD_Momentum(12/26/9),LONG,2026-07-06 07:05:00,2026-07-06 08:35:00,53208.0,53266.0,25.5
MACD_Momentum(12/26/9),SHORT,2026-07-06 08:35:00,2026-07-06 10:20:00,53266.0,53234.0,12.5
MACD_Momentum(12/26/9),LONG,2026-07-06 10:20:00,2026-07-06 10:45:00,53234.0,53177.0,-32.0
MACD_Momentum(12/26/9),SHORT,2026-07-06 10:45:00,2026-07-06 12:35:00,53177.0,53129.0,20.5
MACD_Momentum(12/26/9),LONG,2026-07-06 12:35:00,2026-07-06 13:10:00,53129.0,53101.0,-17.5
MACD_Momentum(12/26/9),SHORT,2026-07-06 13:10:00,2026-07-06 13:30:00,53101.0,53260.0,-83.0
MACD_Momentum(12/26/9),LONG,2026-07-06 13:30:00,2026-07-06 14:00:00,53260.0,53072.0,-97.5
MACD_Momentum(12/26/9),SHORT,2026-07-06 14:00:00,2026-07-06 14:40:00,53072.0,53126.0,-30.5
MACD_Momentum(12/26/9),LONG,2026-07-06 14:40:00,2026-07-06 16:10:00,53126.0,53163.0,15.0
MACD_Momentum(12/26/9),SHORT,2026-07-06 16:10:00,2026-07-06 16:30:00,53163.0,53196.0,-20.0
MACD_Momentum(12/26/9),LONG,2026-07-06 16:30:00,2026-07-06 16:35:00,53196.0,53190.0,-6.5
MACD_Momentum(12/26/9),SHORT,2026-07-06 16:35:00,2026-07-06 16:45:00,53190.0,53215.0,-16.0
MACD_Momentum(12/26/9),LONG,2026-07-06 16:45:00,2026-07-06 17:40:00,53215.0,53229.0,3.5
MACD_Momentum(12/26/9),SHORT,2026-07-06 17:40:00,2026-07-06 18:20:00,53229.0,53278.0,-28.0
MACD_Momentum(12/26/9),LONG,2026-07-06 18:20:00,2026-07-06 19:20:00,53278.0,53297.0,6.0
MACD_Momentum(12/26/9),SHORT,2026-07-06 19:20:00,2026-07-06 20:00:00,53297.0,53383.0,-46.5
MACD_Momentum(12/26/9),LONG,2026-07-06 20:00:00,2026-07-06 22:00:00,53383.0,53405.0,7.5
MACD_Momentum(12/26/9),SHORT,2026-07-06 22:00:00,2026-07-06 22:20:00,53405.0,53432.0,-17.0
MACD_Momentum(12/26/9),LONG,2026-07-06 22:20:00,2026-07-06 22:50:00,53432.0,53427.0,-6.0
MACD_Momentum(12/26/9),SHORT,2026-07-06 22:50:00,2026-07-07 00:55:00,53427.0,53403.0,8.5
MACD_Momentum(12/26/9),LONG,2026-07-07 00:55:00,2026-07-07 01:00:00,53403.0,53395.0,-7.5
MACD_Momentum(12/26/9),SHORT,2026-07-07 01:00:00,2026-07-07 01:05:00,53395.0,53403.0,-7.5
MACD_Momentum(12/26/9),LONG,2026-07-07 01:05:00,2026-07-07 02:10:00,53403.0,53433.0,11.5
MACD_Momentum(12/26/9),SHORT,2026-07-07 02:10:00,2026-07-07 03:45:00,53433.0,53439.0,-6.5
MACD_Momentum(12/26/9),LONG,2026-07-07 03:45:00,2026-07-07 04:00:00,53439.0,53426.0,-10.0
MACD_Momentum(12/26/9),SHORT,2026-07-07 04:00:00,2026-07-07 04:15:00,53426.0,53426.0,-3.5
MACD_Momentum(12/26/9),LONG,2026-07-07 04:15:00,2026-07-07 04:20:00,53426.0,53419.0,-7.0
MACD_Momentum(12/26/9),SHORT,2026-07-07 04:20:00,2026-07-07 05:40:00,53419.0,53394.0,9.0
MACD_Momentum(12/26/9),LONG,2026-07-07 05:40:00,2026-07-07 06:20:00,53394.0,53349.0,-26.0
MACD_Momentum(12/26/9),SHORT,2026-07-07 06:20:00,2026-07-07 06:40:00,53349.0,53381.0,-19.5
MACD_Momentum(12/26/9),LONG,2026-07-07 06:40:00,2026-07-07 08:10:00,53381.0,53427.0,19.5
MACD_Momentum(12/26/9),SHORT,2026-07-07 08:10:00,2026-07-07 08:20:00,53427.0,53476.0,-28.0
MACD_Momentum(12/26/9),LONG,2026-07-07 08:20:00,2026-07-07 08:55:00,53476.0,53460.0,-11.5
MACD_Momentum(12/26/9),SHORT,2026-07-07 08:55:00,2026-07-07 09:50:00,53460.0,53497.0,-22.0
MACD_Momentum(12/26/9),LONG,2026-07-07 09:50:00,2026-07-07 09:55:00,53497.0,53482.0,-11.0
MACD_Momentum(12/26/9),SHORT,2026-07-07 09:55:00,2026-07-07 11:15:00,53482.0,53486.0,-5.5
MACD_Momentum(12/26/9),LONG,2026-07-07 11:15:00,2026-07-07 13:35:00,53486.0,53503.0,5.0
MACD_Momentum(12/26/9),SHORT,2026-07-07 13:35:00,2026-07-07 15:45:00,53503.0,53160.0,168.0
MACD_Momentum(12/26/9),LONG,2026-07-07 15:45:00,2026-07-07 19:00:00,53160.0,53200.0,16.5
MACD_Momentum(12/26/9),SHORT,2026-07-07 19:00:00,2026-07-07 19:55:00,53200.0,53248.0,-27.5
MACD_Momentum(12/26/9),LONG,2026-07-07 19:55:00,2026-07-07 20:30:00,53248.0,53171.0,-42.0
MACD_Momentum(12/26/9),SHORT,2026-07-07 20:30:00,2026-07-07 20:55:00,53171.0,53186.0,-11.0
MACD_Momentum(12/26/9),LONG,2026-07-07 20:55:00,2026-07-07 22:45:00,53186.0,53153.0,-20.0
MACD_Momentum(12/26/9),SHORT,2026-07-07 22:45:00,2026-07-07 23:20:00,53153.0,53194.0,-24.0
MACD_Momentum(12/26/9),LONG,2026-07-07 23:20:00,2026-07-07 23:45:00,53194.0,53159.0,-21.0
MACD_Momentum(12/26/9),SHORT,2026-07-07 23:45:00,2026-07-08 00:40:00,53159.0,53165.0,-6.5
MACD_Momentum(12/26/9),LONG,2026-07-08 00:40:00,2026-07-08 01:45:00,53165.0,53170.0,-1.0
MACD_Momentum(12/26/9),SHORT,2026-07-08 01:45:00,2026-07-08 03:10:00,53170.0,53141.0,11.0
MACD_Momentum(12/26/9),LONG,2026-07-08 03:10:00,2026-07-08 04:05:00,53141.0,53135.0,-6.5
MACD_Momentum(12/26/9),SHORT,2026-07-08 04:05:00,2026-07-08 04:25:00,53135.0,53155.0,-13.5
MACD_Momentum(12/26/9),LONG,2026-07-08 04:25:00,2026-07-08 05:15:00,53155.0,53140.0,-11.0
MACD_Momentum(12/26/9),SHORT,2026-07-08 05:15:00,2026-07-08 07:45:00,53140.0,53028.0,52.5
MACD_Momentum(12/26/9),LONG,2026-07-08 07:45:00,2026-07-08 08:00:00,53028.0,52996.0,-19.5
MACD_Momentum(12/26/9),SHORT,2026-07-08 08:00:00,2026-07-08 08:10:00,52996.0,52999.0,-5.0
MACD_Momentum(12/26/9),LONG,2026-07-08 08:10:00,2026-07-08 08:20:00,52999.0,52839.0,-83.5
MACD_Momentum(12/26/9),SHORT,2026-07-08 08:20:00,2026-07-08 09:35:00,52839.0,52546.0,143.0
MACD_Momentum(12/26/9),LONG,2026-07-08 09:35:00,2026-07-08 13:00:00,52546.0,52700.0,73.5
MACD_Momentum(12/26/9),SHORT,2026-07-08 13:00:00,2026-07-08 16:00:00,52700.0,52387.0,153.0
MACD_Momentum(12/26/9),LONG,2026-07-08 16:00:00,2026-07-08 18:00:00,52387.0,52597.0,101.5
MACD_Momentum(12/26/9),SHORT,2026-07-08 18:00:00,2026-07-08 22:30:00,52597.0,52577.0,6.5
MACD_Momentum(12/26/9),LONG,2026-07-08 22:30:00,2026-07-09 01:40:00,52577.0,52660.0,38.0
MACD_Momentum(12/26/9),SHORT,2026-07-09 01:40:00,2026-07-09 02:15:00,52660.0,52684.0,-15.5
MACD_Momentum(12/26/9),LONG,2026-07-09 02:15:00,2026-07-09 02:25:00,52684.0,52672.0,-9.5
MACD_Momentum(12/26/9),SHORT,2026-07-09 02:25:00,2026-07-09 03:40:00,52672.0,52690.0,-12.5
MACD_Momentum(12/26/9),LONG,2026-07-09 03:40:00,2026-07-09 05:10:00,52690.0,52695.0,-1.0
MACD_Momentum(12/26/9),SHORT,2026-07-09 05:10:00,2026-07-09 05:15:00,52695.0,52732.0,-22.0
MACD_Momentum(12/26/9),LONG,2026-07-09 05:15:00,2026-07-09 05:20:00,52732.0,52693.0,-23.0
MACD_Momentum(12/26/9),SHORT,2026-07-09 05:20:00,2026-07-09 05:50:00,52693.0,52740.0,-27.0
MACD_Momentum(12/26/9),LONG,2026-07-09 05:50:00,2026-07-09 06:15:00,52740.0,52715.0,-16.0
MACD_Momentum(12/26/9),SHORT,2026-07-09 06:15:00,2026-07-09 07:45:00,52715.0,52735.0,-13.5
MACD_Momentum(12/26/9),LONG,2026-07-09 07:45:00,2026-07-09 08:05:00,52735.0,52680.0,-31.0
MACD_Momentum(12/26/9),SHORT,2026-07-09 08:05:00,2026-07-09 10:15:00,52680.0,52632.0,20.5
MACD_Momentum(12/26/9),LONG,2026-07-09 10:15:00,2026-07-09 10:30:00,52632.0,52578.0,-30.5
MACD_Momentum(12/26/9),SHORT,2026-07-09 10:30:00,2026-07-09 11:35:00,52578.0,52558.0,6.5
MACD_Momentum(12/26/9),LONG,2026-07-09 11:35:00,2026-07-09 13:35:00,52558.0,52602.0,18.5
MACD_Momentum(12/26/9),SHORT,2026-07-09 13:35:00,2026-07-09 14:15:00,52602.0,52713.0,-59.0
MACD_Momentum(12/26/9),LONG,2026-07-09 14:15:00,2026-07-09 14:20:00,52713.0,52648.0,-36.0
MACD_Momentum(12/26/9),SHORT,2026-07-09 14:20:00,2026-07-09 14:30:00,52648.0,52722.0,-40.5
MACD_Momentum(12/26/9),LONG,2026-07-09 14:30:00,2026-07-09 16:45:00,52722.0,52815.0,43.0
MACD_Momentum(12/26/9),SHORT,2026-07-09 16:45:00,2026-07-09 20:00:00,52815.0,52770.0,19.0
MACD_Momentum(12/26/9),LONG,2026-07-09 20:00:00,2026-07-09 22:00:00,52770.0,52753.0,-12.0
MACD_Momentum(12/26/9),SHORT,2026-07-09 22:00:00,2026-07-09 22:35:00,52753.0,52748.0,-1.0
MACD_Momentum(12/26/9),LONG,2026-07-09 22:35:00,2026-07-09 23:55:00,52748.0,52754.0,-0.5
MACD_Momentum(12/26/9),SHORT,2026-07-09 23:55:00,2026-07-10 01:10:00,52754.0,52741.0,3.0
MACD_Momentum(12/26/9),LONG,2026-07-10 01:10:00,2026-07-10 02:35:00,52741.0,52722.0,-13.0
MACD_Momentum(12/26/9),SHORT,2026-07-10 02:35:00,2026-07-10 02:50:00,52722.0,52735.0,-10.0
MACD_Momentum(12/26/9),LONG,2026-07-10 02:50:00,2026-07-10 03:40:00,52735.0,52734.0,-4.0
MACD_Momentum(12/26/9),SHORT,2026-07-10 03:40:00,2026-07-10 05:20:00,52734.0,52724.0,1.5
MACD_Momentum(12/26/9),LONG,2026-07-10 05:20:00,2026-07-10 06:55:00,52724.0,52781.0,25.0
MACD_Momentum(12/26/9),SHORT,2026-07-10 06:55:00,2026-07-10 07:00:00,52781.0,52788.0,-7.0
MACD_Momentum(12/26/9),LONG,2026-07-10 07:00:00,2026-07-10 07:50:00,52788.0,52795.0,0.0
MACD_Momentum(12/26/9),SHORT,2026-07-10 07:50:00,2026-07-10 09:15:00,52795.0,52842.0,-27.0
MACD_Momentum(12/26/9),LONG,2026-07-10 09:15:00,2026-07-10 09:40:00,52842.0,52812.0,-18.5
MACD_Momentum(12/26/9),SHORT,2026-07-10 09:40:00,2026-07-10 10:05:00,52812.0,52847.0,-21.0
MACD_Momentum(12/26/9),LONG,2026-07-10 10:05:00,2026-07-10 11:05:00,52847.0,52863.0,4.5
MACD_Momentum(12/26/9),SHORT,2026-07-10 11:05:00,2026-07-10 12:20:00,52863.0,52873.0,-8.5
MACD_Momentum(12/26/9),LONG,2026-07-10 12:20:00,2026-07-10 13:35:00,52873.0,52801.0,-39.5
MACD_Momentum(12/26/9),SHORT,2026-07-10 13:35:00,2026-07-10 14:50:00,52801.0,52829.0,-17.5
MACD_Momentum(12/26/9),LONG,2026-07-10 14:50:00,2026-07-10 16:25:00,52829.0,52837.0,0.5
MACD_Momentum(12/26/9),SHORT,2026-07-10 16:25:00,2026-07-10 16:50:00,52837.0,52882.0,-26.0
MACD_Momentum(12/26/9),LONG,2026-07-10 16:50:00,2026-07-10 18:05:00,52882.0,52905.0,8.0
MACD_Momentum(12/26/9),SHORT,2026-07-10 18:05:00,2026-07-10 18:25:00,52905.0,52930.0,-16.0
MACD_Momentum(12/26/9),LONG,2026-07-10 18:25:00,2026-07-10 19:35:00,52930.0,52950.0,6.5
MACD_Momentum(12/26/9),SHORT,2026-07-10 19:35:00,2026-07-10 20:55:00,52950.0,52986.0,-21.5
MACD_Momentum(12/26/9),LONG,2026-07-10 20:55:00,2026-07-12 22:10:00,52986.0,52800.0,-96.5
MACD_Momentum(12/26/9),SHORT,2026-07-12 22:10:00,2026-07-12 23:15:00,52800.0,52818.0,-12.5
MACD_Momentum(12/26/9),LONG,2026-07-12 23:15:00,2026-07-13 01:05:00,52818.0,52752.0,-36.5
MACD_Momentum(12/26/9),SHORT,2026-07-13 01:05:00,2026-07-13 02:00:00,52752.0,52742.0,1.5
MACD_Momentum(12/26/9),LONG,2026-07-13 02:00:00,2026-07-13 02:05:00,52742.0,52715.0,-17.0
MACD_Momentum(12/26/9),SHORT,2026-07-13 02:05:00,2026-07-13 02:20:00,52715.0,52724.0,-8.0
MACD_Momentum(12/26/9),LONG,2026-07-13 02:20:00,2026-07-13 04:05:00,52724.0,52687.0,-22.0
MACD_Momentum(12/26/9),SHORT,2026-07-13 04:05:00,2026-07-13 04:20:00,52687.0,52703.0,-11.5
MACD_Momentum(12/26/9),LONG,2026-07-13 04:20:00,2026-07-13 07:35:00,52703.0,52823.0,56.5
MACD_Momentum(12/26/9),SHORT,2026-07-13 07:35:00,2026-07-13 08:10:00,52823.0,52907.0,-45.5
MACD_Momentum(12/26/9),LONG,2026-07-13 08:10:00,2026-07-13 09:15:00,52907.0,52940.0,13.0
MACD_Momentum(12/26/9),SHORT,2026-07-13 09:15:00,2026-07-13 12:50:00,52940.0,52851.0,41.0
MACD_Momentum(12/26/9),LONG,2026-07-13 12:50:00,2026-07-13 14:20:00,52851.0,52904.0,23.0
MACD_Momentum(12/26/9),SHORT,2026-07-13 14:20:00,2026-07-13 16:50:00,52904.0,52711.0,93.0
MACD_Momentum(12/26/9),LONG,2026-07-13 16:50:00,2026-07-13 18:35:00,52711.0,52716.0,-1.0
MACD_Momentum(12/26/9),SHORT,2026-07-13 18:35:00,2026-07-13 18:40:00,52716.0,52729.0,-10.0
MACD_Momentum(12/26/9),LONG,2026-07-13 18:40:00,2026-07-13 19:30:00,52729.0,52706.0,-15.0
MACD_Momentum(12/26/9),SHORT,2026-07-13 19:30:00,2026-07-13 19:55:00,52706.0,52760.0,-30.5
MACD_Momentum(12/26/9),LONG,2026-07-13 19:55:00,2026-07-13 20:20:00,52760.0,52712.0,-27.5
MACD_Momentum(12/26/9),SHORT,2026-07-13 20:20:00,2026-07-13 22:10:00,52712.0,52731.0,-13.0
MACD_Momentum(12/26/9),LONG,2026-07-13 22:10:00,2026-07-13 22:55:00,52731.0,52698.0,-20.0
MACD_Momentum(12/26/9),SHORT,2026-07-13 22:55:00,2026-07-14 00:00:00,52698.0,52695.0,-2.0
MACD_Momentum(12/26/9),LONG,2026-07-14 00:00:00,2026-07-14 00:05:00,52695.0,52652.0,-25.0
MACD_Momentum(12/26/9),SHORT,2026-07-14 00:05:00,2026-07-14 00:55:00,52652.0,52640.0,2.5
MACD_Momentum(12/26/9),LONG,2026-07-14 00:55:00,2026-07-14 02:20:00,52640.0,52618.0,-14.5
MACD_Momentum(12/26/9),SHORT,2026-07-14 02:20:00,2026-07-14 02:50:00,52618.0,52618.0,-3.5
MACD_Momentum(12/26/9),LONG,2026-07-14 02:50:00,2026-07-14 02:55:00,52618.0,52583.0,-21.0
MACD_Momentum(12/26/9),SHORT,2026-07-14 02:55:00,2026-07-14 03:55:00,52583.0,52595.0,-9.5
MACD_Momentum(12/26/9),LONG,2026-07-14 03:55:00,2026-07-14 06:10:00,52595.0,52724.0,61.0
MACD_Momentum(12/26/9),SHORT,2026-07-14 06:10:00,2026-07-14 08:30:00,52724.0,52614.0,51.5
MACD_Momentum(12/26/9),LONG,2026-07-14 08:30:00,2026-07-14 08:50:00,52614.0,52577.0,-22.0
MACD_Momentum(12/26/9),SHORT,2026-07-14 08:50:00,2026-07-14 08:55:00,52577.0,52612.0,-21.0
MACD_Momentum(12/26/9),LONG,2026-07-14 08:55:00,2026-07-14 09:00:00,52612.0,52582.0,-18.5
MACD_Momentum(12/26/9),SHORT,2026-07-14 09:00:00,2026-07-14 09:05:00,52582.0,52613.0,-19.0
MACD_Momentum(12/26/9),LONG,2026-07-14 09:05:00,2026-07-14 10:40:00,52613.0,52637.0,8.5
MACD_Momentum(12/26/9),SHORT,2026-07-14 10:40:00,2026-07-14 11:55:00,52637.0,52452.0,89.0
MACD_Momentum(12/26/9),LONG,2026-07-14 11:55:00,2026-07-14 14:45:00,52452.0,52808.0,174.5
MACD_Momentum(12/26/9),SHORT,2026-07-14 14:45:00,2026-07-14 17:00:00,52808.0,52668.0,66.5
MACD_Momentum(12/26/9),LONG,2026-07-14 17:00:00,2026-07-14 20:10:00,52668.0,52791.0,58.0
MACD_Momentum(12/26/9),SHORT,2026-07-14 20:10:00,2026-07-14 22:40:00,52791.0,52810.0,-13.0
MACD_Momentum(12/26/9),LONG,2026-07-14 22:40:00,2026-07-14 22:50:00,52810.0,52805.0,-6.0
MACD_Momentum(12/26/9),SHORT,2026-07-14 22:50:00,2026-07-14 23:20:00,52805.0,52824.0,-13.0
MACD_Momentum(12/26/9),LONG,2026-07-14 23:20:00,2026-07-15 00:15:00,52824.0,52842.0,5.5
MACD_Momentum(12/26/9),SHORT,2026-07-15 00:15:00,2026-07-15 02:05:00,52842.0,52818.0,8.5
MACD_Momentum(12/26/9),LONG,2026-07-15 02:05:00,2026-07-15 03:15:00,52818.0,52822.0,-1.5
MACD_Momentum(12/26/9),SHORT,2026-07-15 03:15:00,2026-07-15 03:45:00,52822.0,52834.0,-9.5
MACD_Momentum(12/26/9),LONG,2026-07-15 03:45:00,2026-07-15 04:50:00,52834.0,52845.0,2.0
MACD_Momentum(12/26/9),SHORT,2026-07-15 04:50:00,2026-07-15 08:00:00,52845.0,52753.0,42.5
MACD_Momentum(12/26/9),LONG,2026-07-15 08:00:00,2026-07-15 09:55:00,52753.0,52877.0,58.5
MACD_Momentum(12/26/9),SHORT,2026-07-15 09:55:00,2026-07-15 11:55:00,52877.0,52794.0,38.0
MACD_Momentum(12/26/9),LONG,2026-07-15 11:55:00,2026-07-15 13:25:00,52794.0,52857.0,28.0
MACD_Momentum(12/26/9),SHORT,2026-07-15 13:25:00,2026-07-15 13:30:00,52857.0,52898.0,-24.0
MACD_Momentum(12/26/9),LONG,2026-07-15 13:30:00,2026-07-15 14:10:00,52898.0,52915.0,5.0
MACD_Momentum(12/26/9),SHORT,2026-07-15 14:10:00,2026-07-15 14:15:00,52915.0,52954.0,-23.0
MACD_Momentum(12/26/9),LONG,2026-07-15 14:15:00,2026-07-15 14:50:00,52954.0,52961.0,0.0
MACD_Momentum(12/26/9),SHORT,2026-07-15 14:50:00,2026-07-15 17:05:00,52961.0,52806.0,74.0
MACD_Momentum(12/26/9),LONG,2026-07-15 17:05:00,2026-07-15 18:50:00,52806.0,52874.0,30.5
MACD_Momentum(12/26/9),SHORT,2026-07-15 18:50:00,2026-07-15 20:00:00,52874.0,52915.0,-24.0
MACD_Momentum(12/26/9),LONG,2026-07-15 20:00:00,2026-07-15 20:45:00,52915.0,52909.0,-6.5
MACD_Momentum(12/26/9),SHORT,2026-07-15 20:45:00,2026-07-15 23:30:00,52909.0,52930.0,-14.0
MACD_Momentum(12/26/9),LONG,2026-07-15 23:30:00,2026-07-15 23:55:00,52930.0,52912.0,-12.5
MACD_Momentum(12/26/9),SHORT,2026-07-15 23:55:00,2026-07-16 00:05:00,52912.0,52940.0,-17.5
MACD_Momentum(12/26/9),LONG,2026-07-16 00:05:00,2026-07-16 00:45:00,52940.0,52936.0,-5.5
MACD_Momentum(12/26/9),SHORT,2026-07-16 00:45:00,2026-07-16 02:35:00,52936.0,52904.0,12.5
MACD_Momentum(12/26/9),LONG,2026-07-16 02:35:00,2026-07-16 04:30:00,52904.0,52950.0,19.5
MACD_Momentum(12/26/9),SHORT,2026-07-16 04:30:00,2026-07-16 05:15:00,52950.0,52983.0,-20.0
MACD_Momentum(12/26/9),LONG,2026-07-16 05:15:00,2026-07-16 05:35:00,52983.0,52958.0,-16.0
MACD_Momentum(12/26/9),SHORT,2026-07-16 05:35:00,2026-07-16 08:30:00,52958.0,52884.0,33.5
MACD_Momentum(12/26/9),LONG,2026-07-16 08:30:00,2026-07-16 09:30:00,52884.0,52860.0,-15.5
MACD_Momentum(12/26/9),SHORT,2026-07-16 09:30:00,2026-07-16 10:00:00,52860.0,53026.0,-86.5
MACD_Momentum(12/26/9),LONG,2026-07-16 10:00:00,2026-07-16 11:10:00,53026.0,52995.0,-19.0
MACD_Momentum(12/26/9),SHORT,2026-07-16 11:10:00,2026-07-16 13:15:00,52995.0,52979.0,4.5
MACD_Momentum(12/26/9),LONG,2026-07-16 13:15:00,2026-07-16 14:00:00,52979.0,52866.0,-60.0
MACD_Momentum(12/26/9),SHORT,2026-07-16 14:00:00,2026-07-16 14:30:00,52866.0,52982.0,-61.5
MACD_Momentum(12/26/9),LONG,2026-07-16 14:30:00,2026-07-16 15:50:00,52982.0,53009.0,10.0
MACD_Momentum(12/26/9),SHORT,2026-07-16 15:50:00,2026-07-16 17:05:00,53009.0,52937.0,32.5
MACD_Momentum(12/26/9),LONG,2026-07-16 17:05:00,2026-07-16 17:35:00,52937.0,52847.0,-48.5
MACD_Momentum(12/26/9),SHORT,2026-07-16 17:35:00,2026-07-16 19:05:00,52847.0,52730.0,55.0
MACD_Momentum(12/26/9),LONG,2026-07-16 19:05:00,2026-07-16 19:35:00,52730.0,52631.0,-53.0
MACD_Momentum(12/26/9),SHORT,2026-07-16 19:35:00,2026-07-16 19:55:00,52631.0,52727.0,-51.5
MACD_Momentum(12/26/9),LONG,2026-07-16 19:55:00,2026-07-16 22:55:00,52727.0,52722.0,-6.0
MACD_Momentum(12/26/9),SHORT,2026-07-16 22:55:00,2026-07-17 02:30:00,52722.0,52497.0,109.0
MACD_Momentum(12/26/9),LONG,2026-07-17 02:30:00,2026-07-17 04:00:00,52497.0,52451.0,-26.5
MACD_Momentum(12/26/9),SHORT,2026-07-17 04:00:00,2026-07-17 05:00:00,52451.0,52386.0,29.0
MACD_Momentum(12/26/9),LONG,2026-07-17 05:00:00,2026-07-17 05:40:00,52386.0,52340.0,-26.5
MACD_Momentum(12/26/9),SHORT,2026-07-17 05:40:00,2026-07-17 05:50:00,52340.0,52369.0,-18.0
MACD_Momentum(12/26/9),LONG,2026-07-17 05:50:00,2026-07-17 08:20:00,52369.0,52472.0,48.0
MACD_Momentum(12/26/9),SHORT,2026-07-17 08:20:00,2026-07-17 10:00:00,52472.0,52431.0,17.0
MACD_Momentum(12/26/9),LONG,2026-07-17 10:00:00,2026-07-17 12:10:00,52431.0,52480.0,21.0
MACD_Momentum(12/26/9),SHORT,2026-07-17 12:10:00,2026-07-17 13:45:00,52480.0,52563.0,-45.0
MACD_Momentum(12/26/9),LONG,2026-07-17 13:45:00,2026-07-17 15:00:00,52563.0,52732.0,81.0
MACD_Momentum(12/26/9),SHORT,2026-07-17 15:00:00,2026-07-17 18:55:00,52732.0,52462.0,131.5
MACD_Momentum(12/26/9),LONG,2026-07-17 18:55:00,2026-07-17 19:15:00,52462.0,52367.0,-51.0
MACD_Momentum(12/26/9),SHORT,2026-07-17 19:15:00,2026-07-17 19:40:00,52367.0,52379.0,-9.5
MACD_Momentum(12/26/9),LONG,2026-07-17 19:40:00,2026-07-19 22:20:00,52379.0,52309.0,-38.5
MACD_Momentum(12/26/9),SHORT,2026-07-19 22:20:00,2026-07-19 22:45:00,52309.0,52359.0,-28.5
MACD_Momentum(12/26/9),LONG,2026-07-19 22:45:00,2026-07-20 01:35:00,52359.0,52359.0,-3.5
MACD_Momentum(12/26/9),SHORT,2026-07-20 01:35:00,2026-07-20 02:45:00,52359.0,52347.0,2.5
MACD_Momentum(12/26/9),LONG,2026-07-20 02:45:00,2026-07-20 04:15:00,52347.0,52321.0,-16.5
MACD_Momentum(12/26/9),SHORT,2026-07-20 04:15:00,2026-07-20 04:30:00,52321.0,52360.0,-23.0
MACD_Momentum(12/26/9),LONG,2026-07-20 04:30:00,2026-07-20 05:15:00,52360.0,52349.0,-9.0
MACD_Momentum(12/26/9),SHORT,2026-07-20 05:15:00,2026-07-20 07:05:00,52349.0,52320.0,11.0
MACD_Momentum(12/26/9),LONG,2026-07-20 07:05:00,2026-07-20 08:55:00,52320.0,52448.0,60.5
MACD_Momentum(12/26/9),SHORT,2026-07-20 08:55:00,2026-07-20 09:35:00,52448.0,52507.0,-33.0
MACD_Momentum(12/26/9),LONG,2026-07-20 09:35:00,2026-07-20 10:05:00,52507.0,52515.0,0.5
MACD_Momentum(12/26/9),SHORT,2026-07-20 10:05:00,2026-07-20 11:35:00,52515.0,52596.0,-44.0
MACD_Momentum(12/26/9),LONG,2026-07-20 11:35:00,2026-07-20 12:05:00,52596.0,52482.0,-60.5
MACD_Momentum(12/26/9),SHORT,2026-07-20 12:05:00,2026-07-20 13:30:00,52482.0,52490.0,-7.5
MACD_Momentum(12/26/9),LONG,2026-07-20 13:30:00,2026-07-20 13:55:00,52490.0,52345.0,-76.0
MACD_Momentum(12/26/9),SHORT,2026-07-20 13:55:00,2026-07-20 15:15:00,52345.0,52214.0,62.0
MACD_Momentum(12/26/9),LONG,2026-07-20 15:15:00,2026-07-20 17:00:00,52214.0,52201.0,-10.0
MACD_Momentum(12/26/9),SHORT,2026-07-20 17:00:00,2026-07-20 18:00:00,52201.0,52182.0,6.0
MACD_Momentum(12/26/9),LONG,2026-07-20 18:00:00,2026-07-20 18:40:00,52182.0,52101.0,-44.0
MACD_Momentum(12/26/9),SHORT,2026-07-20 18:40:00,2026-07-20 19:35:00,52101.0,52095.0,-0.5
MACD_Momentum(12/26/9),LONG,2026-07-20 19:35:00,2026-07-20 22:50:00,52095.0,52055.0,-23.5
MACD_Momentum(12/26/9),SHORT,2026-07-20 22:50:00,2026-07-20 23:10:00,52055.0,52079.0,-15.5
MACD_Momentum(12/26/9),LONG,2026-07-20 23:10:00,2026-07-21 00:05:00,52079.0,52070.0,-8.0
MACD_Momentum(12/26/9),SHORT,2026-07-21 00:05:00,2026-07-21 00:40:00,52070.0,52101.0,-19.0
MACD_Momentum(12/26/9),LONG,2026-07-21 00:40:00,2026-07-21 01:45:00,52101.0,52079.0,-14.5
MACD_Momentum(12/26/9),SHORT,2026-07-21 01:45:00,2026-07-21 02:35:00,52079.0,52122.0,-25.0
MACD_Momentum(12/26/9),LONG,2026-07-21 02:35:00,2026-07-21 05:05:00,52122.0,52225.0,48.0
MACD_Momentum(12/26/9),SHORT,2026-07-21 05:05:00,2026-07-21 05:50:00,52225.0,52258.0,-20.0
MACD_Momentum(12/26/9),LONG,2026-07-21 05:50:00,2026-07-21 06:05:00,52258.0,52253.0,-6.0
MACD_Momentum(12/26/9),SHORT,2026-07-21 06:05:00,2026-07-21 07:05:00,52253.0,52290.0,-22.0
MACD_Momentum(12/26/9),LONG,2026-07-21 07:05:00,2026-07-21 07:20:00,52290.0,52251.0,-23.0
MACD_Momentum(12/26/9),SHORT,2026-07-21 07:20:00,2026-07-21 08:20:00,52251.0,52253.0,-4.5
MACD_Momentum(12/26/9),LONG,2026-07-21 08:20:00,2026-07-21 09:25:00,52253.0,52251.0,-4.5
MACD_Momentum(12/26/9),SHORT,2026-07-21 09:25:00,2026-07-21 10:35:00,52251.0,52305.0,-30.5
MACD_Momentum(12/26/9),LONG,2026-07-21 10:35:00,2026-07-21 11:15:00,52305.0,52247.0,-32.5
MACD_Momentum(12/26/9),SHORT,2026-07-21 11:15:00,2026-07-21 12:55:00,52247.0,52209.0,15.5
MACD_Momentum(12/26/9),LONG,2026-07-21 12:55:00,2026-07-21 13:45:00,52209.0,52107.0,-54.5
MACD_Momentum(12/26/9),SHORT,2026-07-21 13:45:00,2026-07-21 14:05:00,52107.0,52323.0,-111.5
MACD_Momentum(12/26/9),LONG,2026-07-21 14:05:00,2026-07-21 15:00:00,52323.0,52320.0,-5.0
MACD_Momentum(12/26/9),SHORT,2026-07-21 15:00:00,2026-07-21 15:20:00,52320.0,52401.0,-44.0
MACD_Momentum(12/26/9),LONG,2026-07-21 15:20:00,2026-07-21 17:10:00,52401.0,52546.0,69.0
MACD_Momentum(12/26/9),SHORT,2026-07-21 17:10:00,2026-07-21 19:25:00,52546.0,52434.0,52.5
MACD_Momentum(12/26/9),LONG,2026-07-21 19:25:00,2026-07-21 20:50:00,52434.0,52416.0,-12.5
MACD_Momentum(12/26/9),SHORT,2026-07-21 20:50:00,2026-07-21 22:15:00,52416.0,52428.0,-9.5
MACD_Momentum(12/26/9),LONG,2026-07-21 22:15:00,2026-07-21 23:55:00,52428.0,52416.0,-9.5
MACD_Momentum(12/26/9),SHORT,2026-07-21 23:55:00,2026-07-22 00:00:00,52416.0,52423.0,-7.0
MACD_Momentum(12/26/9),LONG,2026-07-22 00:00:00,2026-07-22 00:25:00,52423.0,52418.0,-6.0
MACD_Momentum(12/26/9),SHORT,2026-07-22 00:25:00,2026-07-22 01:00:00,52418.0,52423.0,-6.0
MACD_Momentum(12/26/9),LONG,2026-07-22 01:00:00,2026-07-22 01:05:00,52423.0,52411.0,-9.5
MACD_Momentum(12/26/9),SHORT,2026-07-22 01:05:00,2026-07-22 01:50:00,52411.0,52409.0,-2.5
MACD_Momentum(12/26/9),LONG,2026-07-22 01:50:00,2026-07-22 03:40:00,52409.0,52419.0,1.5
MACD_Momentum(12/26/9),SHORT,2026-07-22 03:40:00,2026-07-22 05:15:00,52419.0,52397.0,7.5
MACD_Momentum(12/26/9),LONG,2026-07-22 05:15:00,2026-07-22 06:25:00,52397.0,52360.0,-22.0
MACD_Momentum(12/26/9),SHORT,2026-07-22 06:25:00,2026-07-22 07:30:00,52360.0,52355.0,-1.0
MACD_Momentum(12/26/9),LONG,2026-07-22 07:30:00,2026-07-22 07:40:00,52355.0,52287.0,-37.5
MACD_Momentum(12/26/9),SHORT,2026-07-22 07:40:00,2026-07-22 08:05:00,52287.0,52388.0,-54.0
MACD_Momentum(12/26/9),LONG,2026-07-22 08:05:00,2026-07-22 09:35:00,52388.0,52382.0,-6.5
MACD_Momentum(12/26/9),SHORT,2026-07-22 09:35:00,2026-07-22 10:25:00,52382.0,52469.0,-47.0
MACD_Momentum(12/26/9),LONG,2026-07-22 10:25:00,2026-07-22 10:45:00,52469.0,52394.0,-41.0
MACD_Momentum(12/26/9),SHORT,2026-07-22 10:45:00,2026-07-22 12:35:00,52394.0,52386.0,0.5
MACD_Momentum(12/26/9),LONG,2026-07-22 12:35:00,2026-07-22 14:30:00,52386.0,52517.0,62.0
MACD_Momentum(12/26/9),SHORT,2026-07-22 14:30:00,2026-07-22 15:40:00,52517.0,52583.0,-36.5
MACD_Momentum(12/26/9),LONG,2026-07-22 15:40:00,2026-07-22 16:50:00,52583.0,52619.0,14.5
MACD_Momentum(12/26/9),SHORT,2026-07-22 16:50:00,2026-07-22 19:00:00,52619.0,52494.0,59.0
MACD_Momentum(12/26/9),LONG,2026-07-22 19:00:00,2026-07-22 19:05:00,52494.0,52458.0,-21.5
MACD_Momentum(12/26/9),SHORT,2026-07-22 19:05:00,2026-07-22 19:55:00,52458.0,52439.0,6.0
MACD_Momentum(12/26/9),LONG,2026-07-22 19:55:00,2026-07-22 20:00:00,52439.0,52429.0,-8.5
MACD_Momentum(12/26/9),SHORT,2026-07-22 20:00:00,2026-07-22 20:05:00,52429.0,52443.0,-10.5
MACD_Momentum(12/26/9),LONG,2026-07-22 20:05:00,2026-07-22 22:05:00,52443.0,52399.0,-25.5
MACD_Momentum(12/26/9),SHORT,2026-07-22 22:05:00,2026-07-22 23:25:00,52399.0,52373.0,9.5
MACD_Momentum(12/26/9),LONG,2026-07-22 23:25:00,2026-07-23 01:40:00,52373.0,52474.0,47.0
MACD_Momentum(12/26/9),SHORT,2026-07-23 01:40:00,2026-07-23 04:25:00,52474.0,52399.0,34.0
MACD_Momentum(12/26/9),LONG,2026-07-23 04:25:00,2026-07-23 05:10:00,52399.0,52373.0,-16.5
MACD_Momentum(12/26/9),SHORT,2026-07-23 05:10:00,2026-07-23 05:15:00,52373.0,52378.0,-6.0
MACD_Momentum(12/26/9),LONG,2026-07-23 05:15:00,2026-07-23 05:55:00,52378.0,52339.0,-23.0
MACD_Momentum(12/26/9),SHORT,2026-07-23 05:55:00,2026-07-23 06:30:00,52339.0,52359.0,-13.5
MACD_Momentum(12/26/9),LONG,2026-07-23 06:30:00,2026-07-23 06:35:00,52359.0,52332.0,-17.0
MACD_Momentum(12/26/9),SHORT,2026-07-23 06:35:00,2026-07-23 08:10:00,52332.0,52266.0,29.5
MACD_Momentum(12/26/9),LONG,2026-07-23 08:10:00,2026-07-23 09:35:00,52266.0,52218.0,-27.5
MACD_Momentum(12/26/9),SHORT,2026-07-23 09:35:00,2026-07-23 09:50:00,52218.0,52243.0,-16.0
MACD_Momentum(12/26/9),LONG,2026-07-23 09:50:00,2026-07-23 10:00:00,52243.0,52228.0,-11.0
MACD_Momentum(12/26/9),SHORT,2026-07-23 10:00:00,2026-07-23 10:35:00,52228.0,52275.0,-27.0
MACD_Momentum(12/26/9),LONG,2026-07-23 10:35:00,2026-07-23 11:20:00,52275.0,52244.0,-19.0
MACD_Momentum(12/26/9),SHORT,2026-07-23 11:20:00,2026-07-23 13:35:00,52244.0,52038.0,99.5
MACD_Momentum(12/26/9),LONG,2026-07-23 13:35:00,2026-07-23 15:20:00,52038.0,51833.0,-106.0
MACD_Momentum(12/26/9),SHORT,2026-07-23 15:20:00,2026-07-23 15:40:00,51833.0,51898.0,-36.0
MACD_Momentum(12/26/9),LONG,2026-07-23 15:40:00,2026-07-23 17:15:00,51898.0,51915.0,5.0
MACD_Momentum(12/26/9),SHORT,2026-07-23 17:15:00,2026-07-23 18:40:00,51915.0,51817.0,45.5
MACD_Momentum(12/26/9),LONG,2026-07-23 18:40:00,2026-07-23 19:50:00,51817.0,51794.0,-15.0
MACD_Momentum(12/26/9),SHORT,2026-07-23 19:50:00,2026-07-23 20:00:00,51794.0,51893.0,-53.0
MACD_Momentum(12/26/9),LONG,2026-07-23 20:00:00,2026-07-23 22:10:00,51893.0,51882.0,-9.0
MACD_Momentum(12/26/9),SHORT,2026-07-23 22:10:00,2026-07-24 00:05:00,51882.0,51893.0,-9.0
MACD_Momentum(12/26/9),LONG,2026-07-24 00:05:00,2026-07-24 02:00:00,51893.0,51954.0,27.0
MACD_Momentum(12/26/9),SHORT,2026-07-24 02:00:00,2026-07-24 04:30:00,51954.0,51913.0,17.0
MACD_Momentum(12/26/9),LONG,2026-07-24 04:30:00,2026-07-24 06:05:00,51913.0,51916.0,-2.0
MACD_Momentum(12/26/9),SHORT,2026-07-24 06:05:00,2026-07-24 06:25:00,51916.0,51958.0,-24.5
MACD_Momentum(12/26/9),LONG,2026-07-24 06:25:00,2026-07-24 06:45:00,51958.0,51922.0,-21.5
MACD_Momentum(12/26/9),SHORT,2026-07-24 06:45:00,2026-07-24 07:05:00,51922.0,51992.0,-38.5
MACD_Momentum(12/26/9),LONG,2026-07-24 07:05:00,2026-07-24 08:10:00,51992.0,52073.0,37.0
MACD_Momentum(12/26/9),SHORT,2026-07-24 08:10:00,2026-07-24 08:40:00,52073.0,52122.0,-28.0
MACD_Momentum(12/26/9),LONG,2026-07-24 08:40:00,2026-07-24 08:55:00,52122.0,52093.0,-18.0
MACD_Momentum(12/26/9),SHORT,2026-07-24 08:55:00,2026-07-24 09:30:00,52093.0,52153.0,-33.5
MACD_Momentum(12/26/9),LONG,2026-07-24 09:30:00,2026-07-24 09:55:00,52153.0,52167.0,3.5
MACD_Momentum(12/26/9),SHORT,2026-07-24 09:55:00,2026-07-24 10:00:00,52167.0,52180.0,-10.0
MACD_Momentum(12/26/9),LONG,2026-07-24 10:00:00,2026-07-24 10:05:00,52180.0,52180.0,-3.5
MACD_Momentum(12/26/9),SHORT,2026-07-24 10:05:00,2026-07-24 12:25:00,52180.0,52123.0,25.0
MACD_Momentum(12/26/9),LONG,2026-07-24 12:25:00,2026-07-24 12:50:00,52123.0,52075.0,-27.5
MACD_Momentum(12/26/9),SHORT,2026-07-24 12:50:00,2026-07-24 14:10:00,52075.0,52059.0,4.5
MACD_Momentum(12/26/9),LONG,2026-07-24 14:10:00,2026-07-24 14:40:00,52059.0,51938.0,-64.0
MACD_Momentum(12/26/9),SHORT,2026-07-24 14:40:00,2026-07-24 15:00:00,51938.0,52061.0,-65.0
MACD_Momentum(12/26/9),LONG,2026-07-24 15:00:00,2026-07-24 16:35:00,52061.0,52250.0,91.0
MACD_Momentum(12/26/9),SHORT,2026-07-24 16:35:00,2026-07-24 19:35:00,52250.0,52076.0,83.5
MACD_Momentum(12/26/9),LONG,2026-07-24 19:35:00,2026-07-24 20:35:00,52076.0,52069.0,-7.0
MACD_Momentum(12/26/9),SHORT,2026-07-24 20:35:00,2026-07-24 20:55:00,52069.0,52093.0,-15.5
MACD_Momentum(12/26/9),LONG,2026-07-24 20:55:00,2026-07-26 23:30:00,52093.0,52387.0,143.5
MACD_Momentum(12/26/9),SHORT,2026-07-26 23:30:00,2026-07-26 23:50:00,52387.0,52449.0,-34.5
MACD_Momentum(12/26/9),LONG,2026-07-26 23:50:00,2026-07-27 00:00:00,52449.0,52451.0,-2.5
MACD_Momentum(12/26/9),SHORT,2026-07-27 00:00:00,2026-07-27 02:05:00,52451.0,52405.0,19.5
MACD_Momentum(12/26/9),LONG,2026-07-27 02:05:00,2026-07-27 02:35:00,52405.0,52393.0,-9.5
MACD_Momentum(12/26/9),SHORT,2026-07-27 02:35:00,2026-07-27 03:15:00,52393.0,52428.0,-21.0
MACD_Momentum(12/26/9),LONG,2026-07-27 03:15:00,2026-07-27 03:50:00,52428.0,52418.0,-8.5
MACD_Momentum(12/26/9),SHORT,2026-07-27 03:50:00,2026-07-27 04:20:00,52418.0,52440.0,-14.5
MACD_Momentum(12/26/9),LONG,2026-07-27 04:20:00,2026-07-27 04:30:00,52440.0,52433.0,-7.0
MACD_Momentum(12/26/9),SHORT,2026-07-27 04:30:00,2026-07-27 04:35:00,52433.0,52445.0,-9.5
MACD_Momentum(12/26/9),LONG,2026-07-27 04:35:00,2026-07-27 06:30:00,52445.0,52528.0,38.0
MACD_Momentum(12/26/9),SHORT,2026-07-27 06:30:00,2026-07-27 07:15:00,52528.0,52581.0,-30.0
MACD_Momentum(12/26/9),LONG,2026-07-27 07:15:00,2026-07-27 07:35:00,52581.0,52574.0,-7.0
MACD_Momentum(12/26/9),SHORT,2026-07-27 07:35:00,2026-07-27 08:40:00,52574.0,52585.0,-9.0
MACD_Momentum(12/26/9),LONG,2026-07-27 08:40:00,2026-07-27 10:25:00,52585.0,52662.0,35.0
MACD_Momentum(12/26/9),SHORT,2026-07-27 10:25:00,2026-07-27 11:00:00,52662.0,52702.0,-23.5
MACD_Momentum(12/26/9),LONG,2026-07-27 11:00:00,2026-07-27 11:05:00,52702.0,52691.0,-9.0
MACD_Momentum(12/26/9),SHORT,2026-07-27 11:05:00,2026-07-27 11:10:00,52691.0,52708.0,-12.0
MACD_Momentum(12/26/9),LONG,2026-07-27 11:10:00,2026-07-27 11:20:00,52708.0,52697.0,-9.0
MACD_Momentum(12/26/9),SHORT,2026-07-27 11:20:00,2026-07-27 12:50:00,52697.0,52730.0,-20.0
MACD_Momentum(12/26/9),LONG,2026-07-27 12:50:00,2026-07-27 13:35:00,52730.0,52724.0,-6.5
MACD_Momentum(12/26/9),SHORT,2026-07-27 13:35:00,2026-07-27 16:10:00,52724.0,52284.0,216.5
MACD_Momentum(12/26/9),LONG,2026-07-27 16:10:00,2026-07-27 20:15:00,52284.0,52370.0,39.5
MACD_Momentum(12/26/9),SHORT,2026-07-27 20:15:00,2026-07-27 22:00:00,52370.0,52405.0,-21.0
MACD_Momentum(12/26/9),LONG,2026-07-27 22:00:00,2026-07-27 22:10:00,52405.0,52416.0,2.0
MACD_Momentum(12/26/9),SHORT,2026-07-27 22:10:00,2026-07-28 01:30:00,52416.0,52347.0,31.0
MACD_Momentum(12/26/9),LONG,2026-07-28 01:30:00,2026-07-28 02:45:00,52347.0,52324.0,-15.0
MACD_Momentum(12/26/9),SHORT,2026-07-28 02:45:00,2026-07-28 02:55:00,52324.0,52338.0,-10.5
MACD_Momentum(12/26/9),LONG,2026-07-28 02:55:00,2026-07-28 03:05:00,52338.0,52328.0,-8.5
MACD_Momentum(12/26/9),SHORT,2026-07-28 03:05:00,2026-07-28 03:15:00,52328.0,52340.0,-9.5
MACD_Momentum(12/26/9),LONG,2026-07-28 03:15:00,2026-07-28 04:25:00,52340.0,52372.0,12.5
MACD_Momentum(12/26/9),SHORT,2026-07-28 04:25:00,2026-07-28 06:15:00,52372.0,52408.0,-21.5
MACD_Momentum(12/26/9),LONG,2026-07-28 06:15:00,2026-07-28 07:50:00,52408.0,52436.0,10.5
MACD_Momentum(12/26/9),SHORT,2026-07-28 07:50:00,2026-07-28 08:30:00,52436.0,52491.0,-31.0
MACD_Momentum(12/26/9),LONG,2026-07-28 08:30:00,2026-07-28 10:05:00,52491.0,52524.0,13.0
MACD_Momentum(12/26/9),SHORT,2026-07-28 10:05:00,2026-07-28 11:05:00,52524.0,52677.0,-80.0
MACD_Momentum(12/26/9),LONG,2026-07-28 11:05:00,2026-07-28 13:10:00,52677.0,52866.0,91.0
MACD_Momentum(12/26/9),SHORT,2026-07-28 13:10:00,2026-07-28 15:15:00,52866.0,52846.0,6.5
MACD_Momentum(12/26/9),LONG,2026-07-28 15:15:00,2026-07-28 16:35:00,52846.0,53040.0,93.5
MACD_Momentum(12/26/9),SHORT,2026-07-28 16:35:00,2026-07-28 19:05:00,53040.0,52998.0,17.5
MACD_Momentum(12/26/9),LONG,2026-07-28 19:05:00,2026-07-28 19:30:00,52998.0,52976.0,-14.5
MACD_Momentum(12/26/9),SHORT,2026-07-28 19:30:00,2026-07-28 22:10:00,52976.0,52940.0,14.5
MACD_Momentum(12/26/9),LONG,2026-07-28 22:10:00,2026-07-28 22:15:00,52940.0,52922.0,-12.5
MACD_Momentum(12/26/9),SHORT,2026-07-28 22:15:00,2026-07-28 23:00:00,52922.0,52890.0,12.5
MACD_Momentum(12/26/9),LONG,2026-07-28 23:00:00,2026-07-29 01:10:00,52890.0,52964.0,33.5
MACD_Momentum(12/26/9),SHORT,2026-07-29 01:10:00,2026-07-29 02:50:00,52964.0,52915.0,21.0
MACD_Momentum(12/26/9),LONG,2026-07-29 02:50:00,2026-07-29 03:20:00,52915.0,52896.0,-13.0
MACD_Momentum(12/26/9),SHORT,2026-07-29 03:20:00,2026-07-29 04:50:00,52896.0,52832.0,28.5
MACD_Momentum(12/26/9),LONG,2026-07-29 04:50:00,2026-07-29 06:15:00,52832.0,52884.0,22.5
MACD_Momentum(12/26/9),SHORT,2026-07-29 06:15:00,2026-07-29 06:20:00,52884.0,52902.0,-12.5
MACD_Momentum(12/26/9),LONG,2026-07-29 06:20:00,2026-07-29 08:15:00,52902.0,52975.0,33.0
MACD_Momentum(12/26/9),SHORT,2026-07-29 08:15:00,2026-07-29 08:50:00,52975.0,53016.0,-24.0
MACD_Momentum(12/26/9),LONG,2026-07-29 08:50:00,2026-07-29 09:00:00,53016.0,52992.0,-15.5
MACD_Momentum(12/26/9),SHORT,2026-07-29 09:00:00,2026-07-29 11:30:00,52992.0,52793.0,96.0
MACD_Momentum(12/26/9),LONG,2026-07-29 11:30:00,2026-07-29 11:40:00,52793.0,52765.0,-17.5
MACD_Momentum(12/26/9),SHORT,2026-07-29 11:40:00,2026-07-29 11:50:00,52765.0,52775.0,-8.5
MACD_Momentum(12/26/9),LONG,2026-07-29 11:50:00,2026-07-29 12:05:00,52775.0,52734.0,-24.0
MACD_Momentum(12/26/9),SHORT,2026-07-29 12:05:00,2026-07-29 15:05:00,52734.0,52104.0,311.5
MACD_Momentum(12/26/9),LONG,2026-07-29 15:05:00,2026-07-29 18:25:00,52104.0,52082.0,-14.5
MACD_Momentum(12/26/9),SHORT,2026-07-29 18:25:00,2026-07-29 18:45:00,52082.0,52299.0,-112.0
MACD_Momentum(12/26/9),LONG,2026-07-29 18:45:00,2026-07-29 19:20:00,52299.0,52162.0,-72.0
MACD_Momentum(12/26/9),SHORT,2026-07-29 19:20:00,2026-07-29 20:45:00,52162.0,51758.0,198.5
MACD_Momentum(12/26/9),LONG,2026-07-29 20:45:00,2026-07-30 00:25:00,51758.0,51902.0,68.5
MACD_Momentum(12/26/9),SHORT,2026-07-30 00:25:00,2026-07-30 01:45:00,51902.0,51910.0,-7.5
MACD_Momentum(12/26/9),LONG,2026-07-30 01:45:00,2026-07-30 02:35:00,51910.0,51887.0,-15.0
MACD_Momentum(12/26/9),SHORT,2026-07-30 02:35:00,2026-07-30 04:25:00,51887.0,51834.0,23.0
MACD_Momentum(12/26/9),LONG,2026-07-30 04:25:00,2026-07-30 05:00:00,51834.0,51803.0,-19.0
MACD_Momentum(12/26/9),SHORT,2026-07-30 05:00:00,2026-07-30 05:35:00,51803.0,51807.0,-5.5
MACD_Momentum(12/26/9),LONG,2026-07-30 05:35:00,2026-07-30 06:15:00,51807.0,51765.0,-24.5
MACD_Momentum(12/26/9),SHORT,2026-07-30 06:15:00,2026-07-30 07:00:00,51765.0,51806.0,-24.0
MACD_Momentum(12/26/9),LONG,2026-07-30 07:00:00,2026-07-30 07:55:00,51806.0,51811.0,-1.0
MACD_Momentum(12/26/9),SHORT,2026-07-30 07:55:00,2026-07-30 08:10:00,51811.0,51898.0,-47.0
MACD_Momentum(12/26/9),LONG,2026-07-30 08:10:00,2026-07-30 09:45:00,51898.0,51925.0,10.0
MACD_Momentum(12/26/9),SHORT,2026-07-30 09:45:00,2026-07-30 11:15:00,51925.0,51931.0,-6.5
MACD_Momentum(12/26/9),LONG,2026-07-30 11:15:00,2026-07-30 12:30:00,51931.0,52004.0,33.0
MACD_Momentum(12/26/9),SHORT,2026-07-30 12:30:00,2026-07-30 13:15:00,52004.0,52029.0,-16.0
MACD_Momentum(12/26/9),LONG,2026-07-30 13:15:00,2026-07-30 13:40:00,52029.0,51957.0,-39.5
MACD_Momentum(12/26/9),SHORT,2026-07-30 13:40:00,2026-07-30 13:55:00,51957.0,52084.0,-67.0
MACD_Momentum(12/26/9),LONG,2026-07-30 13:55:00,2026-07-30 14:25:00,52084.0,52037.0,-27.0
MACD_Momentum(12/26/9),SHORT,2026-07-30 14:25:00,2026-07-30 15:45:00,52037.0,52023.0,3.5
MACD_Momentum(12/26/9),LONG,2026-07-30 15:45:00,2026-07-30 17:40:00,52023.0,52272.0,121.0
MACD_Momentum(12/26/9),SHORT,2026-07-30 17:40:00,2026-07-30 19:10:00,52272.0,52394.0,-64.5
MACD_Momentum(12/26/9),LONG,2026-07-30 19:10:00,2026-07-30 19:35:00,52394.0,52381.0,-10.0
MACD_Momentum(12/26/9),SHORT,2026-07-30 19:35:00,2026-07-30 20:10:00,52381.0,52440.0,-33.0
MACD_Momentum(12/26/9),LONG,2026-07-30 20:10:00,2026-07-30 20:40:00,52440.0,52421.0,-13.0
MACD_Momentum(12/26/9),SHORT,2026-07-30 20:40:00,2026-07-30 22:55:00,52421.0,52472.0,-29.0
MACD_Momentum(12/26/9),LONG,2026-07-30 22:55:00,2026-07-30 23:25:00,52472.0,52466.0,-6.5
MACD_Momentum(12/26/9),SHORT,2026-07-30 23:25:00,2026-07-31 00:10:00,52466.0,52508.0,-24.5
MACD_Momentum(12/26/9),LONG,2026-07-31 00:10:00,2026-07-31 00:55:00,52508.0,52515.0,0.0
MACD_Momentum(12/26/9),SHORT,2026-07-31 00:55:00,2026-07-31 01:10:00,52515.0,52563.0,-27.5
MACD_Momentum(12/26/9),LONG,2026-07-31 01:10:00,2026-07-31 01:45:00,52563.0,52551.0,-9.5
MACD_Momentum(12/26/9),SHORT,2026-07-31 01:45:00,2026-07-31 03:45:00,52551.0,52568.0,-12.0
MACD_Momentum(12/26/9),LONG,2026-07-31 03:45:00,2026-07-31 03:50:00,52568.0,52552.0,-11.5
MACD_Momentum(12/26/9),SHORT,2026-07-31 03:50:00,2026-07-31 04:00:00,52552.0,52570.0,-12.5
MACD_Momentum(12/26/9),LONG,2026-07-31 04:00:00,2026-07-31 04:05:00,52570.0,52564.0,-6.5
MACD_Momentum(12/26/9),SHORT,2026-07-31 04:05:00,2026-07-31 04:10:00,52564.0,52578.0,-10.5
MACD_Momentum(12/26/9),LONG,2026-07-31 04:10:00,2026-07-31 05:25:00,52578.0,52620.0,17.5
MACD_Momentum(12/26/9),SHORT,2026-07-31 05:25:00,2026-07-31 07:10:00,52620.0,52643.0,-15.0
MACD_Momentum(12/26/9),LONG,2026-07-31 07:10:00,2026-07-31 08:15:00,52643.0,52670.0,10.0
MACD_Momentum(12/26/9),SHORT,2026-07-31 08:15:00,2026-07-31 08:20:00,52670.0,52689.0,-13.0
MACD_Momentum(12/26/9),LONG,2026-07-31 08:20:00,2026-07-31 08:35:00,52689.0,52662.0,-17.0
MACD_Momentum(12/26/9),SHORT,2026-07-31 08:35:00,2026-07-31 10:25:00,52662.0,52667.0,-6.0
MACD_Momentum(12/26/9),LONG,2026-07-31 10:25:00,2026-07-31 11:20:00,52667.0,52670.0,-2.0
MACD_Momentum(12/26/9),SHORT,2026-07-31 11:20:00,2026-07-31 13:20:00,52670.0,52598.0,32.5
MACD_Momentum(12/26/9),LONG,2026-07-31 13:20:00,2026-07-31 13:40:00,52598.0,52465.0,-70.0
MACD_Momentum(12/26/9),SHORT,2026-07-31 13:40:00,2026-07-31 14:45:00,52465.0,52347.0,55.5
MACD_Momentum(12/26/9),LONG,2026-07-31 14:45:00,2026-07-31 17:50:00,52347.0,52609.0,127.5
MACD_Momentum(12/26/9),SHORT,2026-07-31 17:50:00,2026-07-31 19:25:00,52609.0,52725.0,-61.5
MACD_Momentum(12/26/9),LONG,2026-07-31 19:25:00,2026-07-31 19:35:00,52725.0,52669.0,-31.5
MACD_Momentum(12/26/9),SHORT,2026-07-31 19:35:00,2026-07-31 19:45:00,52669.0,52757.0,-47.5
MACD_Momentum(12/26/9),LONG,2026-07-31 19:45:00,2026-07-31 20:00:00,52757.0,52637.0,-63.5
MACD_Momentum(12/26/9),SHORT,2026-07-31 20:00:00,2026-08-02 22:15:00,52637.0,52840.0,-105.0
MACD_Momentum(12/26/9),LONG,2026-08-02 22:15:00,2026-08-02 23:15:00,52840.0,52792.0,-27.5
MACD_Momentum(12/26/9),SHORT,2026-08-02 23:15:00,2026-08-03 01:10:00,52792.0,52851.0,-33.0
MACD_Momentum(12/26/9),LONG,2026-08-03 01:10:00,2026-08-03 01:15:00,52851.0,52835.0,-11.5
MACD_Momentum(12/26/9),SHORT,2026-08-03 01:15:00,2026-08-03 01:30:00,52835.0,52870.0,-21.0
MACD_Momentum(12/26/9),LONG,2026-08-03 01:30:00,2026-08-03 02:05:00,52870.0,52872.0,-2.5
MACD_Momentum(12/26/9),SHORT,2026-08-03 02:05:00,2026-08-03 03:50:00,52872.0,52906.0,-20.5
MACD_Momentum(12/26/9),LONG,2026-08-03 03:50:00,2026-08-03 04:45:00,52906.0,52927.0,7.0
MACD_Momentum(12/26/9),SHORT,2026-08-03 04:45:00,2026-08-03 04:50:00,52927.0,52936.0,-8.0
MACD_Momentum(12/26/9),LONG,2026-08-03 04:50:00,2026-08-03 05:00:00,52936.0,52920.0,-11.5
MACD_Momentum(12/26/9),SHORT,2026-08-03 05:00:00,2026-08-03 07:15:00,52920.0,52917.0,-2.0
MACD_Momentum(12/26/9),LONG,2026-08-03 07:15:00,2026-08-03 07:20:00,52917.0,52869.0,-27.5
MACD_Momentum(12/26/9),SHORT,2026-08-03 07:20:00,2026-08-03 07:35:00,52869.0,52915.0,-26.5
MACD_Momentum(12/26/9),LONG,2026-08-03 07:35:00,2026-08-03 09:25:00,52915.0,52965.0,21.5
MACD_Momentum(12/26/9),SHORT,2026-08-03 09:25:00,2026-08-03 09:50:00,52965.0,52989.0,-15.5
MACD_Momentum(12/26/9),LONG,2026-08-03 09:50:00,2026-08-03 09:55:00,52989.0,52984.0,-6.0
MACD_Momentum(12/26/9),SHORT,2026-08-03 09:55:00,2026-08-03 10:15:00,52984.0,53019.0,-21.0
MACD_Momentum(12/26/9),LONG,2026-08-03 10:15:00,2026-08-03 12:15:00,53019.0,53168.0,71.0
MACD_Momentum(12/26/9),SHORT,2026-08-03 12:15:00,2026-08-03 12:40:00,53168.0,53254.0,-46.5
MACD_Momentum(12/26/9),LONG,2026-08-03 12:40:00,2026-08-03 13:30:00,53254.0,53171.0,-45.0
MACD_Momentum(12/26/9),SHORT,2026-08-03 13:30:00,2026-08-03 14:15:00,53171.0,53346.0,-91.0
MACD_Momentum(12/26/9),LONG,2026-08-03 14:15:00,2026-08-03 14:25:00,53346.0,53281.0,-36.0
MACD_Momentum(12/26/9),SHORT,2026-08-03 14:25:00,2026-08-03 17:25:00,53281.0,53141.0,66.5
MACD_Momentum(12/26/9),LONG,2026-08-03 17:25:00,2026-08-03 19:55:00,53141.0,53341.0,96.5
MACD_Momentum(12/26/9),SHORT,2026-08-03 19:55:00,2026-08-03 20:05:00,53341.0,53389.0,-27.5
MACD_Momentum(12/26/9),LONG,2026-08-03 20:05:00,2026-08-03 20:40:00,53389.0,53397.0,0.5
MACD_Momentum(12/26/9),SHORT,2026-08-03 20:40:00,2026-08-04 00:40:00,53397.0,53461.0,-35.5
MACD_Momentum(12/26/9),LONG,2026-08-04 00:40:00,2026-08-04 01:40:00,53461.0,53459.0,-4.5
MACD_Momentum(12/26/9),SHORT,2026-08-04 01:40:00,2026-08-04 01:45:00,53459.0,53467.0,-7.5
MACD_Momentum(12/26/9),LONG,2026-08-04 01:45:00,2026-08-04 01:50:00,53467.0,53460.0,-7.0
MACD_Momentum(12/26/9),SHORT,2026-08-04 01:50:00,2026-08-04 02:55:00,53460.0,53487.0,-17.0
MACD_Momentum(12/26/9),LONG,2026-08-04 02:55:00,2026-08-04 03:00:00,53487.0,53471.0,-11.5
MACD_Momentum(12/26/9),SHORT,2026-08-04 03:00:00,2026-08-04 06:15:00,53471.0,53473.0,-4.5
MACD_Momentum(12/26/9),LONG,2026-08-04 06:15:00,2026-08-04 06:30:00,53473.0,53442.0,-19.0
MACD_Momentum(12/26/9),SHORT,2026-08-04 06:30:00,2026-08-04 07:50:00,53442.0,53430.0,2.5
MACD_Momentum(12/26/9),LONG,2026-08-04 07:50:00,2026-08-04 08:10:00,53430.0,53398.0,-19.5
MACD_Momentum(12/26/9),SHORT,2026-08-04 08:10:00,2026-08-04 08:15:00,53398.0,53416.0,-12.5
MACD_Momentum(12/26/9),LONG,2026-08-04 08:15:00,2026-08-04 08:45:00,53416.0,53368.0,-27.5
MACD_Momentum(12/26/9),SHORT,2026-08-04 08:45:00,2026-08-04 09:30:00,53368.0,53388.0,-13.5
MACD_Momentum(12/26/9),LONG,2026-08-04 09:30:00,2026-08-04 10:20:00,53388.0,53349.0,-23.0
MACD_Momentum(12/26/9),SHORT,2026-08-04 10:20:00,2026-08-04 10:35:00,53349.0,53646.0,-152.0
MACD_Momentum(12/26/9),LONG,2026-08-04 10:35:00,2026-08-04 12:45:00,53646.0,54015.0,181.0
MACD_Momentum(12/26/9),SHORT,2026-08-04 12:45:00,2026-08-04 14:45:00,54015.0,54036.0,-14.0
MACD_Momentum(12/26/9),LONG,2026-08-04 14:45:00,2026-08-04 17:00:00,54036.0,54298.0,127.5
MACD_Momentum(12/26/9),SHORT,2026-08-04 17:00:00,2026-08-04 17:05:00,54298.0,54326.0,-17.5
MACD_Momentum(12/26/9),LONG,2026-08-04 17:05:00,2026-08-04 17:10:00,54326.0,54323.0,-5.0
MACD_Momentum(12/26/9),SHORT,2026-08-04 17:10:00,2026-08-04 17:15:00,54323.0,54348.0,-16.0
MACD_Momentum(12/26/9),LONG,2026-08-04 17:15:00,2026-08-04 17:25:00,54348.0,54321.0,-17.0
MACD_Momentum(12/26/9),SHORT,2026-08-04 17:25:00,2026-08-04 20:45:00,54321.0,54365.0,-25.5
MACD_Momentum(12/26/9),LONG,2026-08-04 20:45:00,2026-08-04 23:15:00,54365.0,54379.0,3.5
MACD_Momentum(12/26/9),SHORT,2026-08-04 23:15:00,2026-08-05 00:25:00,54379.0,54384.0,-6.0
MACD_Momentum(12/26/9),LONG,2026-08-05 00:25:00,2026-08-05 00:45:00,54384.0,54356.0,-17.5
MACD_Momentum(12/26/9),SHORT,2026-08-05 00:45:00,2026-08-05 00:55:00,54356.0,54383.0,-17.0
MACD_Momentum(12/26/9),LONG,2026-08-05 00:55:00,2026-08-05 01:20:00,54383.0,54360.0,-15.0
MACD_Momentum(12/26/9),SHORT,2026-08-05 01:20:00,2026-08-05 01:40:00,54360.0,54395.0,-21.0
MACD_Momentum(12/26/9),LONG,2026-08-05 01:40:00,2026-08-05 03:25:00,54395.0,54446.0,22.0
MACD_Momentum(12/26/9),SHORT,2026-08-05 03:25:00,2026-08-05 03:45:00,54446.0,54477.0,-19.0
MACD_Momentum(12/26/9),LONG,2026-08-05 03:45:00,2026-08-05 04:20:00,54477.0,54473.0,-5.5
MACD_Momentum(12/26/9),SHORT,2026-08-05 04:20:00,2026-08-05 05:40:00,54473.0,54488.0,-11.0
MACD_Momentum(12/26/9),LONG,2026-08-05 05:40:00,2026-08-05 06:00:00,54488.0,54476.0,-9.5
MACD_Momentum(12/26/9),SHORT,2026-08-05 06:00:00,2026-08-05 08:00:00,54476.0,54406.0,31.5
MACD_Momentum(12/26/9),LONG,2026-08-05 08:00:00,2026-08-05 11:45:00,54406.0,54454.0,20.5
MACD_Momentum(12/26/9),SHORT,2026-08-05 11:45:00,2026-08-05 12:00:00,54454.0,54507.0,-30.0
MACD_Momentum(12/26/9),LONG,2026-08-05 12:00:00,2026-08-05 12:35:00,54507.0,54492.0,-11.0
MACD_Momentum(12/26/9),SHORT,2026-08-05 12:35:00,2026-08-05 13:35:00,54492.0,54691.0,-103.0
MACD_Momentum(12/26/9),LONG,2026-08-05 13:35:00,2026-08-05 14:45:00,54691.0,54810.0,56.0
MACD_Momentum(12/26/9),SHORT,2026-08-05 14:45:00,2026-08-05 16:55:00,54810.0,54687.0,58.0
MACD_Momentum(12/26/9),LONG,2026-08-05 16:55:00,2026-08-05 18:25:00,54687.0,54679.0,-7.5
MACD_Momentum(12/26/9),SHORT,2026-08-05 18:25:00,2026-08-05 20:40:00,54679.0,54554.0,59.0
MACD_Momentum(12/26/9),LONG,2026-08-05 20:40:00,2026-08-06 00:15:00,54554.0,54581.0,10.0
MACD_Momentum(12/26/9),SHORT,2026-08-06 00:15:00,2026-08-06 01:00:00,54581.0,54590.0,-8.0
MACD_Momentum(12/26/9),LONG,2026-08-06 01:00:00,2026-08-06 01:20:00,54590.0,54570.0,-13.5
MACD_Momentum(12/26/9),SHORT,2026-08-06 01:20:00,2026-08-06 02:00:00,54570.0,54585.0,-11.0
MACD_Momentum(12/26/9),LONG,2026-08-06 02:00:00,2026-08-06 03:30:00,54585.0,54599.0,3.5
MACD_Momentum(12/26/9),SHORT,2026-08-06 03:30:00,2026-08-06 05:00:00,54599.0,54617.0,-12.5
MACD_Momentum(12/26/9),LONG,2026-08-06 05:00:00,2026-08-06 05:05:00,54617.0,54619.0,-2.5
MACD_Momentum(12/26/9),SHORT,2026-08-06 05:05:00,2026-08-06 05:10:00,54619.0,54618.0,-3.0
MACD_Momentum(12/26/9),LONG,2026-08-06 05:10:00,2026-08-06 05:20:00,54618.0,54613.0,-6.0
MACD_Momentum(12/26/9),SHORT,2026-08-06 05:20:00,2026-08-06 06:00:00,54613.0,54635.0,-14.5
MACD_Momentum(12/26/9),LONG,2026-08-06 06:00:00,2026-08-06 06:10:00,54635.0,54609.0,-16.5
MACD_Momentum(12/26/9),SHORT,2026-08-06 06:10:00,2026-08-06 06:50:00,54609.0,54617.0,-7.5
MACD_Momentum(12/26/9),LONG,2026-08-06 06:50:00,2026-08-06 07:40:00,54617.0,54595.0,-14.5
MACD_Momentum(12/26/9),SHORT,2026-08-06 07:40:00,2026-08-06 08:30:00,54595.0,54637.0,-24.5
MACD_Momentum(12/26/9),LONG,2026-08-06 08:30:00,2026-08-06 09:45:00,54637.0,54647.0,1.5
MACD_Momentum(12/26/9),SHORT,2026-08-06 09:45:00,2026-08-06 10:00:00,54647.0,54667.0,-13.5
MACD_Momentum(12/26/9),LONG,2026-08-06 10:00:00,2026-08-06 10:05:00,54667.0,54660.0,-7.0
MACD_Momentum(12/26/9),SHORT,2026-08-06 10:05:00,2026-08-06 12:25:00,54660.0,54615.0,19.0
MACD_Momentum(12/26/9),LONG,2026-08-06 12:25:00,2026-08-06 13:10:00,54615.0,54572.0,-25.0
MACD_Momentum(12/26/9),SHORT,2026-08-06 13:10:00,2026-08-06 13:25:00,54572.0,54599.0,-17.0
MACD_Momentum(12/26/9),LONG,2026-08-06 13:25:00,2026-08-06 13:35:00,54599.0,54516.0,-45.0
MACD_Momentum(12/26/9),SHORT,2026-08-06 13:35:00,2026-08-06 16:15:00,54516.0,54095.0,207.0
MACD_Momentum(12/26/9),LONG,2026-08-06 16:15:00,2026-08-06 17:30:00,54095.0,54016.0,-43.0
MACD_Momentum(12/26/9),SHORT,2026-08-06 17:30:00,2026-08-06 17:50:00,54016.0,54015.0,-3.0
MACD_Momentum(12/26/9),LONG,2026-08-06 17:50:00,2026-08-06 19:35:00,54015.0,54020.0,-1.0
MACD_Momentum(12/26/9),SHORT,2026-08-06 19:35:00,2026-08-06 20:10:00,54020.0,54032.0,-9.5
MACD_Momentum(12/26/9),LONG,2026-08-06 20:10:00,2026-08-06 20:25:00,54032.0,53982.0,-28.5
MACD_Momentum(12/26/9),SHORT,2026-08-06 20:25:00,2026-08-06 22:05:00,53982.0,53994.0,-9.5
MACD_Momentum(12/26/9),LONG,2026-08-06 22:05:00,2026-08-07 00:20:00,53994.0,53964.0,-18.5
MACD_Momentum(12/26/9),SHORT,2026-08-07 00:20:00,2026-08-07 01:35:00,53964.0,53952.0,2.5
MACD_Momentum(12/26/9),LONG,2026-08-07 01:35:00,2026-08-07 01:45:00,53952.0,53936.0,-11.5
MACD_Momentum(12/26/9),SHORT,2026-08-07 01:45:00,2026-08-07 02:55:00,53936.0,53910.0,9.5
MACD_Momentum(12/26/9),LONG,2026-08-07 02:55:00,2026-08-07 07:45:00,53910.0,53970.0,26.5
MACD_Momentum(12/26/9),SHORT,2026-08-07 07:45:00,2026-08-07 09:00:00,53970.0,53983.0,-10.0
MACD_Momentum(12/26/9),LONG,2026-08-07 09:00:00,2026-08-07 10:55:00,53983.0,54036.0,23.0
MACD_Momentum(12/26/9),SHORT,2026-08-07 10:55:00,2026-08-07 11:10:00,54036.0,54061.0,-16.0
MACD_Momentum(12/26/9),LONG,2026-08-07 11:10:00,2026-08-07 11:15:00,54061.0,54051.0,-8.5
MACD_Momentum(12/26/9),SHORT,2026-08-07 11:15:00,2026-08-07 11:25:00,54051.0,54065.0,-10.5
MACD_Momentum(12/26/9),LONG,2026-08-07 11:25:00,2026-08-07 11:30:00,54065.0,54063.0,-4.5
MACD_Momentum(12/26/9),SHORT,2026-08-07 11:30:00,2026-08-07 11:35:00,54063.0,54082.0,-13.0
MACD_Momentum(12/26/9),LONG,2026-08-07 11:35:00,2026-08-07 12:00:00,54082.0,54051.0,-19.0
MACD_Momentum(12/26/9),SHORT,2026-08-07 12:00:00,2026-08-07 12:35:00,54051.0,54136.0,-46.0
MACD_Momentum(12/26/9),LONG,2026-08-07 12:35:00,2026-08-07 13:10:00,54136.0,54092.0,-25.5
MACD_Momentum(12/26/9),SHORT,2026-08-07 13:10:00,2026-08-07 14:25:00,54092.0,54140.0,-27.5
MACD_Momentum(12/26/9),LONG,2026-08-07 14:25:00,2026-08-07 15:25:00,54140.0,54132.0,-7.5
MACD_Momentum(12/26/9),SHORT,2026-08-07 15:25:00,2026-08-07 16:50:00,54132.0,54090.0,17.5
MACD_Momentum(12/26/9),LONG,2026-08-07 16:50:00,2026-08-07 18:10:00,54090.0,54063.0,-17.0
MACD_Momentum(12/26/9),SHORT,2026-08-07 18:10:00,2026-08-07 19:00:00,54063.0,54067.0,-5.5
MACD_Momentum(12/26/9),LONG,2026-08-07 19:00:00,2026-08-07 20:15:00,54067.0,54141.0,33.5
MACD_Momentum(12/26/9),SHORT,2026-08-07 20:15:00,2026-08-09 23:25:00,54141.0,54040.0,47.0
MACD_Momentum(12/26/9),LONG,2026-08-09 23:25:00,2026-08-10 00:00:00,54040.0,54004.0,-21.5
MACD_Momentum(12/26/9),SHORT,2026-08-10 00:00:00,2026-08-10 00:05:00,54004.0,54025.0,-14.0
MACD_Momentum(12/26/9),LONG,2026-08-10 00:05:00,2026-08-10 02:20:00,54025.0,54065.0,16.5
MACD_Momentum(12/26/9),SHORT,2026-08-10 02:20:00,2026-08-10 02:35:00,54065.0,54081.0,-11.5
MACD_Momentum(12/26/9),LONG,2026-08-10 02:35:00,2026-08-10 03:10:00,54081.0,54081.0,-3.5
MACD_Momentum(12/26/9),SHORT,2026-08-10 03:10:00,2026-08-10 03:25:00,54081.0,54093.0,-9.5
MACD_Momentum(12/26/9),LONG,2026-08-10 03:25:00,2026-08-10 04:05:00,54093.0,54094.0,-3.0
MACD_Momentum(12/26/9),SHORT,2026-08-10 04:05:00,2026-08-10 04:15:00,54094.0,54110.0,-11.5
MACD_Momentum(12/26/9),LONG,2026-08-10 04:15:00,2026-08-10 05:50:00,54110.0,54137.0,10.0
MACD_Momentum(12/26/9),SHORT,2026-08-10 05:50:00,2026-08-10 07:25:00,54137.0,54153.0,-11.5
MACD_Momentum(12/26/9),LONG,2026-08-10 07:25:00,2026-08-10 08:00:00,54153.0,54133.0,-13.5
MACD_Momentum(12/26/9),SHORT,2026-08-10 08:00:00,2026-08-10 09:20:00,54133.0,54114.0,6.0
MACD_Momentum(12/26/9),LONG,2026-08-10 09:20:00,2026-08-10 10:35:00,54114.0,54114.0,-3.5
MACD_Momentum(12/26/9),SHORT,2026-08-10 10:35:00,2026-08-10 11:45:00,54114.0,54088.0,9.5
MACD_Momentum(12/26/9),LONG,2026-08-10 11:45:00,2026-08-10 12:40:00,54088.0,54063.0,-16.0
MACD_Momentum(12/26/9),SHORT,2026-08-10 12:40:00,2026-08-10 13:55:00,54063.0,54057.0,-0.5
MACD_Momentum(12/26/9),LONG,2026-08-10 13:55:00,2026-08-10 15:45:00,54057.0,54077.0,6.5
MACD_Momentum(12/26/9),SHORT,2026-08-10 15:45:00,2026-08-10 18:00:00,54077.0,54002.0,34.0
MACD_Momentum(12/26/9),LONG,2026-08-10 18:00:00,2026-08-10 18:20:00,54002.0,53974.0,-17.5
MACD_Momentum(12/26/9),SHORT,2026-08-10 18:20:00,2026-08-10 18:45:00,53974.0,53993.0,-13.0
MACD_Momentum(12/26/9),LONG,2026-08-10 18:45:00,2026-08-10 22:15:00,53993.0,54039.0,19.5
MACD_Momentum(12/26/9),SHORT,2026-08-10 22:15:00,2026-08-11 00:00:00,54039.0,54025.0,3.5
MACD_Momentum(12/26/9),LONG,2026-08-11 00:00:00,2026-08-11 02:00:00,54025.0,54027.0,-2.5
MACD_Momentum(12/26/9),SHORT,2026-08-11 02:00:00,2026-08-11 02:35:00,54027.0,54051.0,-15.5
MACD_Momentum(12/26/9),LONG,2026-08-11 02:35:00,2026-08-11 04:00:00,54051.0,54070.0,6.0
MACD_Momentum(12/26/9),SHORT,2026-08-11 04:00:00,2026-08-11 07:15:00,54070.0,54015.0,24.0
MACD_Momentum(12/26/9),LONG,2026-08-11 07:15:00,2026-08-11 07:25:00,54015.0,53988.0,-17.0
MACD_Momentum(12/26/9),SHORT,2026-08-11 07:25:00,2026-08-11 07:35:00,53988.0,54012.0,-15.5
MACD_Momentum(12/26/9),LONG,2026-08-11 07:35:00,2026-08-11 08:20:00,54012.0,53980.0,-19.5
MACD_Momentum(12/26/9),SHORT,2026-08-11 08:20:00,2026-08-11 08:30:00,53980.0,53997.0,-12.0
MACD_Momentum(12/26/9),LONG,2026-08-11 08:30:00,2026-08-11 10:15:00,53997.0,53996.0,-4.0
MACD_Momentum(12/26/9),SHORT,2026-08-11 10:15:00,2026-08-11 10:25:00,53996.0,54021.0,-16.0
MACD_Momentum(12/26/9),LONG,2026-08-11 10:25:00,2026-08-11 12:25:00,54021.0,54080.0,26.0
MACD_Momentum(12/26/9),SHORT,2026-08-11 12:25:00,2026-08-11 13:10:00,54080.0,54157.0,-42.0
MACD_Momentum(12/26/9),LONG,2026-08-11 13:10:00,2026-08-11 14:15:00,54157.0,54173.0,4.5
MACD_Momentum(12/26/9),SHORT,2026-08-11 14:15:00,2026-08-11 16:10:00,54173.0,54044.0,61.0
MACD_Momentum(12/26/9),LONG,2026-08-11 16:10:00,2026-08-11 16:35:00,54044.0,53992.0,-29.5
MACD_Momentum(12/26/9),SHORT,2026-08-11 16:35:00,2026-08-11 16:50:00,53992.0,54001.0,-8.0
MACD_Momentum(12/26/9),LONG,2026-08-11 16:50:00,2026-08-11 17:15:00,54001.0,53969.0,-19.5
MACD_Momentum(12/26/9),SHORT,2026-08-11 17:15:00,2026-08-11 17:20:00,53969.0,53986.0,-12.0
MACD_Momentum(12/26/9),LONG,2026-08-11 17:20:00,2026-08-11 18:30:00,53986.0,53917.0,-38.0
MACD_Momentum(12/26/9),SHORT,2026-08-11 18:30:00,2026-08-11 19:30:00,53917.0,53908.0,1.0
MACD_Momentum(12/26/9),LONG,2026-08-11 19:30:00,2026-08-11 22:45:00,53908.0,53889.0,-13.0
MACD_Momentum(12/26/9),SHORT,2026-08-11 22:45:00,2026-08-11 22:50:00,53889.0,53892.0,-5.0
MACD_Momentum(12/26/9),LONG,2026-08-11 22:50:00,2026-08-12 00:15:00,53892.0,53885.0,-7.0
MACD_Momentum(12/26/9),SHORT,2026-08-12 00:15:00,2026-08-12 01:45:00,53885.0,53866.0,6.0
MACD_Momentum(12/26/9),LONG,2026-08-12 01:45:00,2026-08-12 03:40:00,53866.0,53878.0,2.5
MACD_Momentum(12/26/9),SHORT,2026-08-12 03:40:00,2026-08-12 04:05:00,53878.0,53887.0,-8.0
MACD_Momentum(12/26/9),LONG,2026-08-12 04:05:00,2026-08-12 04:20:00,53887.0,53887.0,-3.5
MACD_Momentum(12/26/9),SHORT,2026-08-12 04:20:00,2026-08-12 04:30:00,53887.0,53889.0,-4.5
MACD_Momentum(12/26/9),LONG,2026-08-12 04:30:00,2026-08-12 04:35:00,53889.0,53884.0,-6.0
MACD_Momentum(12/26/9),SHORT,2026-08-12 04:35:00,2026-08-12 04:40:00,53884.0,53886.0,-4.5
MACD_Momentum(12/26/9),LONG,2026-08-12 04:40:00,2026-08-12 04:45:00,53886.0,53882.0,-5.5
MACD_Momentum(12/26/9),SHORT,2026-08-12 04:45:00,2026-08-12 04:50:00,53882.0,53899.0,-12.0
MACD_Momentum(12/26/9),LONG,2026-08-12 04:50:00,2026-08-12 06:00:00,53899.0,53897.0,-4.5
MACD_Momentum(12/26/9),SHORT,2026-08-12 06:00:00,2026-08-12 06:40:00,53897.0,53915.0,-12.5
MACD_Momentum(12/26/9),LONG,2026-08-12 06:40:00,2026-08-12 07:15:00,53915.0,53902.0,-10.0
MACD_Momentum(12/26/9),SHORT,2026-08-12 07:15:00,2026-08-12 07:20:00,53902.0,53910.0,-7.5
MACD_Momentum(12/26/9),LONG,2026-08-12 07:20:00,2026-08-12 07:25:00,53910.0,53888.0,-14.5
MACD_Momentum(12/26/9),SHORT,2026-08-12 07:25:00,2026-08-12 07:45:00,53888.0,53911.0,-15.0
MACD_Momentum(12/26/9),LONG,2026-08-12 07:45:00,2026-08-12 07:50:00,53911.0,53900.0,-9.0
MACD_Momentum(12/26/9),SHORT,2026-08-12 07:50:00,2026-08-12 09:05:00,53900.0,53895.0,-1.0
MACD_Momentum(12/26/9),LONG,2026-08-12 09:05:00,2026-08-12 10:30:00,53895.0,53935.0,16.5
MACD_Momentum(12/26/9),SHORT,2026-08-12 10:30:00,2026-08-12 11:25:00,53935.0,53952.0,-12.0
MACD_Momentum(12/26/9),LONG,2026-08-12 11:25:00,2026-08-12 12:10:00,53952.0,53953.0,-3.0
MACD_Momentum(12/26/9),SHORT,2026-08-12 12:10:00,2026-08-12 12:15:00,53953.0,53984.0,-19.0
MACD_Momentum(12/26/9),LONG,2026-08-12 12:15:00,2026-08-12 13:35:00,53984.0,53977.0,-7.0
MACD_Momentum(12/26/9),SHORT,2026-08-12 13:35:00,2026-08-12 15:35:00,53977.0,53876.0,47.0
MACD_Momentum(12/26/9),LONG,2026-08-12 15:35:00,2026-08-12 15:40:00,53876.0,53856.0,-13.5
MACD_Momentum(12/26/9),SHORT,2026-08-12 15:40:00,2026-08-12 15:45:00,53856.0,53908.0,-29.5
MACD_Momentum(12/26/9),LONG,2026-08-12 15:45:00,2026-08-12 17:20:00,53908.0,53901.0,-7.0
MACD_Momentum(12/26/9),SHORT,2026-08-12 17:20:00,2026-08-12 17:45:00,53901.0,53920.0,-13.0
MACD_Momentum(12/26/9),LONG,2026-08-12 17:45:00,2026-08-12 17:55:00,53920.0,53905.0,-11.0
MACD_Momentum(12/26/9),SHORT,2026-08-12 17:55:00,2026-08-12 18:35:00,53905.0,53916.0,-9.0
MACD_Momentum(12/26/9),LONG,2026-08-12 18:35:00,2026-08-12 19:25:00,53916.0,53911.0,-6.0
MACD_Momentum(12/26/9),SHORT,2026-08-12 19:25:00,2026-08-12 22:10:00,53911.0,53878.0,13.0
MACD_Momentum(12/26/9),LONG,2026-08-12 22:10:00,2026-08-12 23:55:00,53878.0,53884.0,-0.5
MACD_Momentum(12/26/9),SHORT,2026-08-12 23:55:00,2026-08-13 01:50:00,53884.0,53822.0,27.5
MACD_Momentum(12/26/9),LONG,2026-08-13 01:50:00,2026-08-13 06:45:00,53822.0,53890.0,30.5
MACD_Momentum(12/26/9),SHORT,2026-08-13 06:45:00,2026-08-13 07:00:00,53890.0,53907.0,-12.0
MACD_Momentum(12/26/9),LONG,2026-08-13 07:00:00,2026-08-13 09:40:00,53907.0,53993.0,39.5
MACD_Momentum(12/26/9),SHORT,2026-08-13 09:40:00,2026-08-13 11:25:00,53993.0,54002.0,-8.0
MACD_Momentum(12/26/9),LONG,2026-08-13 11:25:00,2026-08-13 12:20:00,54002.0,54008.0,-0.5
MACD_Momentum(12/26/9),SHORT,2026-08-13 12:20:00,2026-08-13 12:50:00,54008.0,54038.0,-18.5
MACD_Momentum(12/26/9),LONG,2026-08-13 12:50:00,2026-08-13 13:25:00,54038.0,54022.0,-11.5
MACD_Momentum(12/26/9),SHORT,2026-08-13 13:25:00,2026-08-13 14:05:00,54022.0,54082.0,-33.5
MACD_Momentum(12/26/9),LONG,2026-08-13 14:05:00,2026-08-13 14:45:00,54082.0,54001.0,-44.0
MACD_Momentum(12/26/9),SHORT,2026-08-13 14:45:00,2026-08-13 16:20:00,54001.0,53775.0,109.5
MACD_Momentum(12/26/9),LONG,2026-08-13 16:20:00,2026-08-13 20:20:00,53775.0,53930.0,74.0
MACD_Momentum(12/26/9),SHORT,2026-08-13 20:20:00,2026-08-13 20:55:00,53930.0,53957.0,-17.0
MACD_Momentum(12/26/9),LONG,2026-08-13 20:55:00,2026-08-13 22:15:00,53957.0,53940.0,-12.0
MACD_Momentum(12/26/9),SHORT,2026-08-13 22:15:00,2026-08-14 01:05:00,53940.0,53964.0,-15.5
MACD_Momentum(12/26/9),LONG,2026-08-14 01:05:00,2026-08-14 02:40:00,53964.0,53977.0,3.0
MACD_Momentum(12/26/9),SHORT,2026-08-14 02:40:00,2026-08-14 07:50:00,53977.0,53889.0,40.5
MACD_Momentum(12/26/9),LONG,2026-08-14 07:50:00,2026-08-14 08:15:00,53889.0,53841.0,-27.5
MACD_Momentum(12/26/9),SHORT,2026-08-14 08:15:00,2026-08-14 08:30:00,53841.0,53860.0,-13.0
MACD_Momentum(12/26/9),LONG,2026-08-14 08:30:00,2026-08-14 10:50:00,53860.0,53853.0,-7.0
MACD_Momentum(12/26/9),SHORT,2026-08-14 10:50:00,2026-08-14 11:40:00,53853.0,53863.0,-8.5
MACD_Momentum(12/26/9),LONG,2026-08-14 11:40:00,2026-08-14 12:25:00,53863.0,53841.0,-14.5
MACD_Momentum(12/26/9),SHORT,2026-08-14 12:25:00,2026-08-14 12:30:00,53841.0,53867.0,-16.5
MACD_Momentum(12/26/9),LONG,2026-08-14 12:30:00,2026-08-14 13:10:00,53867.0,53831.0,-21.5
MACD_Momentum(12/26/9),SHORT,2026-08-14 13:10:00,2026-08-14 13:30:00,53831.0,53865.0,-20.5
MACD_Momentum(12/26/9),LONG,2026-08-14 13:30:00,2026-08-14 14:35:00,53865.0,53839.0,-16.5
MACD_Momentum(12/26/9),SHORT,2026-08-14 14:35:00,2026-08-14 16:20:00,53839.0,53799.0,16.5
MACD_Momentum(12/26/9),LONG,2026-08-14 16:20:00,2026-08-14 17:00:00,53799.0,53757.0,-24.5
MACD_Momentum(12/26/9),SHORT,2026-08-14 17:00:00,2026-08-14 17:15:00,53757.0,53796.0,-23.0
MACD_Momentum(12/26/9),LONG,2026-08-14 17:15:00,2026-08-14 19:20:00,53796.0,53838.0,17.5
MACD_Momentum(12/26/9),SHORT,2026-08-14 19:20:00,2026-08-16 22:15:00,53838.0,53827.0,2.0
MACD_Momentum(12/26/9),LONG,2026-08-16 22:15:00,2026-08-16 23:35:00,53827.0,53811.0,-11.5
MACD_Momentum(12/26/9),SHORT,2026-08-16 23:35:00,2026-08-16 23:50:00,53811.0,53828.0,-12.0
MACD_Momentum(12/26/9),LONG,2026-08-16 23:50:00,2026-08-17 00:00:00,53828.0,53815.0,-10.0
MACD_Momentum(12/26/9),SHORT,2026-08-17 00:00:00,2026-08-17 02:35:00,53815.0,53728.0,40.0
MACD_Momentum(12/26/9),LONG,2026-08-17 02:35:00,2026-08-17 05:25:00,53728.0,53746.0,5.5
MACD_Momentum(12/26/9),SHORT,2026-08-17 05:25:00,2026-08-17 05:35:00,53746.0,53764.0,-12.5
MACD_Momentum(12/26/9),LONG,2026-08-17 05:35:00,2026-08-17 06:40:00,53764.0,53760.0,-5.5
MACD_Momentum(12/26/9),SHORT,2026-08-17 06:40:00,2026-08-17 09:05:00,53760.0,53726.0,13.5
MACD_Momentum(12/26/9),LONG,2026-08-17 09:05:00,2026-08-17 11:05:00,53726.0,53728.0,-2.5
MACD_Momentum(12/26/9),SHORT,2026-08-17 11:05:00,2026-08-17 13:25:00,53728.0,53630.0,45.5
MACD_Momentum(12/26/9),LONG,2026-08-17 13:25:00,2026-08-17 13:30:00,53630.0,53569.0,-34.0
MACD_Momentum(12/26/9),SHORT,2026-08-17 13:30:00,2026-08-17 13:35:00,53569.0,53624.0,-31.0
"Parabolic_SAR(af=0.02,max=0.2)",LONG,2026-05-31 22:20:00,2026-06-01 00:15:00,51053.0,51137.0,38.5
"Parabolic_SAR(af=0.02,max=0.2)",SHORT,2026-06-01 00:15:00,2026-06-01 01:45:00,51137.0,51139.0,-4.5
"Parabolic_SAR(af=0.02,max=0.2)",LONG,2026-06-01 01:45:00,2026-06-01 03:15:00,51139.0,51141.0,-2.5
"Parabolic_SAR(af=0.02,max=0.2)",SHORT,2026-06-01 03:15:00,2026-06-01 03:35:00,51141.0,51159.0,-12.5
"Parabolic_SAR(af=0.02,max=0.2)",LONG,2026-06-01 03:35:00,2026-06-01 03:45:00,51159.0,51120.0,-23.0
"Parabolic_SAR(af=0.02,max=0.2)",SHORT,2026-06-01 03:45:00,2026-06-01 05:45:00,51120.0,51129.0,-8.0
"Parabolic_SAR(af=0.02,max=0.2)",LONG,2026-06-01 05:45:00,2026-06-01 06:20:00,51129.0,51118.0,-9.0
"Parabolic_SAR(af=0.02,max=0.2)",SHORT,2026-06-01 06:20:00,2026-06-01 07:05:00,51118.0,51120.0,-4.5
"Parabolic_SAR(af=0.02,max=0.2)",LONG,2026-06-01 07:05:00,2026-06-01 07:45:00,51120.0,51097.0,-15.0
"Parabolic_SAR(af=0.02,max=0.2)",SHORT,2026-06-01 07:45:00,2026-06-01 08:05:00,51097.0,51142.0,-26.0
"Parabolic_SAR(af=0.02,max=0.2)",LONG,2026-06-01 08:05:00,2026-06-01 10:00:00,51142.0,51244.0,47.5
"Parabolic_SAR(af=0.02,max=0.2)",SHORT,2026-06-01 10:00:00,2026-06-01 10:15:00,51244.0,51283.0,-23.0
"Parabolic_SAR(af=0.02,max=0.2)",LONG,2026-06-01 10:15:00,2026-06-01 11:50:00,51283.0,51318.0,14.0
"Parabolic_SAR(af=0.02,max=0.2)",SHORT,2026-06-01 11:50:00,2026-06-01 12:50:00,51318.0,51245.0,33.0
"Parabolic_SAR(af=0.02,max=0.2)",LONG,2026-06-01 12:50:00,2026-06-01 13:05:00,51245.0,51193.0,-29.5
"Parabolic_SAR(af=0.02,max=0.2)",SHORT,2026-06-01 13:05:00,2026-06-01 14:00:00,51193.0,51021.0,82.5
"Parabolic_SAR(af=0.02,max=0.2)",LONG,2026-06-01 14:00:00,2026-06-01 14:35:00,51021.0,50891.0,-68.5
"Parabolic_SAR(af=0.02,max=0.2)",SHORT,2026-06-01 14:35:00,2026-06-01 15:35:00,50891.0,50990.0,-53.0
"Parabolic_SAR(af=0.02,max=0.2)",LONG,2026-06-01 15:35:00,2026-06-01 20:00:00,50990.0,51135.0,69.0
"Parabolic_SAR(af=0.02,max=0.2)",SHORT,2026-06-01 20:00:00,2026-06-01 23:15:00,51135.0,51010.0,59.0
"Parabolic_SAR(af=0.02,max=0.2)",LONG,2026-06-01 23:15:00,2026-06-01 23:35:00,51010.0,51008.0,-4.5
"Parabolic_SAR(af=0.02,max=0.2)",SHORT,2026-06-01 23:35:00,2026-06-01 23:40:00,51008.0,51011.0,-5.0
"Parabolic_SAR(af=0.02,max=0.2)",LONG,2026-06-01 23:40:00,2026-06-01 23:50:00,51011.0,50979.0,-19.5
"Parabolic_SAR(af=0.02,max=0.2)",SHORT,2026-06-01 23:50:00,2026-06-02 01:25:00,50979.0,50923.0,24.5
"Parabolic_SAR(af=0.02,max=0.2)",LONG,2026-06-02 01:25:00,2026-06-02 01:50:00,50923.0,50880.0,-25.0
"Parabolic_SAR(af=0.02,max=0.2)",SHORT,2026-06-02 01:50:00,2026-06-02 03:20:00,50880.0,50908.0,-17.5
"Parabolic_SAR(af=0.02,max=0.2)",LONG,2026-06-02 03:20:00,2026-06-02 04:35:00,50908.0,50920.0,2.5
"Parabolic_SAR(af=0.02,max=0.2)",SHORT,2026-06-02 04:35:00,2026-06-02 05:00:00,50920.0,50948.0,-17.5
"Parabolic_SAR(af=0.02,max=0.2)",LONG,2026-06-02 05:00:00,2026-06-02 06:05:00,50948.0,50965.0,5.0
"Parabolic_SAR(af=0.02,max=0.2)",SHORT,2026-06-02 06:05:00,2026-06-02 06:10:00,50965.0,50976.0,-9.0
"Parabolic_SAR(af=0.02,max=0.2)",LONG,2026-06-02 06:10:00,2026-06-02 08:15:00,50976.0,51033.0,25.0
"Parabolic_SAR(af=0.02,max=0.2)",SHORT,2026-06-02 08:15:00,2026-06-02 09:55:00,51033.0,50935.0,45.5
"Parabolic_SAR(af=0.02,max=0.2)",LONG,2026-06-02 09:55:00,2026-06-02 10:00:00,50935.0,50926.0,-8.0
"Parabolic_SAR(af=0.02,max=0.2)",SHORT,2026-06-02 10:00:00,2026-06-02 10:40:00,50926.0,50932.0,-6.5
"Parabolic_SAR(af=0.02,max=0.2)",LONG,2026-06-02 10:40:00,2026-06-02 11:15:00,50932.0,50915.0,-12.0
"Parabolic_SAR(af=0.02,max=0.2)",SHORT,2026-06-02 11:15:00,2026-06-02 12:10:00,50915.0,50937.0,-14.5
"Parabolic_SAR(af=0.02,max=0.2)",LONG,2026-06-02 12:10:00,2026-06-02 12:40:00,50937.0,50883.0,-30.5
"Parabolic_SAR(af=0.02,max=0.2)",SHORT,2026-06-02 12:40:00,2026-06-02 13:35:00,50883.0,51216.0,-170.0
"Parabolic_SAR(af=0.02,max=0.2)",LONG,2026-06-02 13:35:00,2026-06-02 14:05:00,51216.0,51019.0,-102.0
"Parabolic_SAR(af=0.02,max=0.2)",SHORT,2026-06-02 14:05:00,2026-06-02 15:05:00,51019.0,51235.0,-111.5
"Parabolic_SAR(af=0.02,max=0.2)",LONG,2026-06-02 15:05:00,2026-06-02 16:30:00,51235.0,51237.0,-2.5
"Parabolic_SAR(af=0.02,max=0.2)",SHORT,2026-06-02 16:30:00,2026-06-02 17:35:00,51237.0,51297.0,-33.5
"Parabolic_SAR(af=0.02,max=0.2)",LONG,2026-06-02 17:35:00,2026-06-02 19:10:00,51297.0,51388.0,42.0
"Parabolic_SAR(af=0.02,max=0.2)",SHORT,2026-06-02 19:10:00,2026-06-02 19:30:00,51388.0,51410.0,-14.5
"Parabolic_SAR(af=0.02,max=0.2)",LONG,2026-06-02 19:30:00,2026-06-02 22:05:00,51410.0,51406.0,-5.5
"Parabolic_SAR(af=0.02,max=0.2)",SHORT,2026-06-02 22:05:00,2026-06-02 23:40:00,51406.0,51359.0,20.0
"Parabolic_SAR(af=0.02,max=0.2)",LONG,2026-06-02 23:40:00,2026-06-03 01:00:00,51359.0,51379.0,6.5
"Parabolic_SAR(af=0.02,max=0.2)",SHORT,2026-06-03 01:00:00,2026-06-03 02:20:00,51379.0,51384.0,-6.0
"Parabolic_SAR(af=0.02,max=0.2)",LONG,2026-06-03 02:20:00,2026-06-03 03:30:00,51384.0,51372.0,-9.5
"Parabolic_SAR(af=0.02,max=0.2)",SHORT,2026-06-03 03:30:00,2026-06-03 06:40:00,51372.0,51328.0,18.5
"Parabolic_SAR(af=0.02,max=0.2)",LONG,2026-06-03 06:40:00,2026-06-03 06:45:00,51328.0,51319.0,-8.0
"Parabolic_SAR(af=0.02,max=0.2)",SHORT,2026-06-03 06:45:00,2026-06-03 08:30:00,51319.0,51273.0,19.5
"Parabolic_SAR(af=0.02,max=0.2)",LONG,2026-06-03 08:30:00,2026-06-03 08:50:00,51273.0,51264.0,-8.0
"Parabolic_SAR(af=0.02,max=0.2)",SHORT,2026-06-03 08:50:00,2026-06-03 10:10:00,51264.0,51241.0,8.0
"Parabolic_SAR(af=0.02,max=0.2)",LONG,2026-06-03 10:10:00,2026-06-03 10:45:00,51241.0,51187.0,-30.5
"Parabolic_SAR(af=0.02,max=0.2)",SHORT,2026-06-03 10:45:00,2026-06-03 11:25:00,51187.0,51252.0,-36.0
"Parabolic_SAR(af=0.02,max=0.2)",LONG,2026-06-03 11:25:00,2026-06-03 12:20:00,51252.0,51232.0,-13.5
"Parabolic_SAR(af=0.02,max=0.2)",SHORT,2026-06-03 12:20:00,2026-06-03 13:10:00,51232.0,51205.0,10.0
"Parabolic_SAR(af=0.02,max=0.2)",LONG,2026-06-03 13:10:00,2026-06-03 13:25:00,51205.0,51149.0,-31.5
"Parabolic_SAR(af=0.02,max=0.2)",SHORT,2026-06-03 13:25:00,2026-06-03 13:35:00,51149.0,51219.0,-38.5
"Parabolic_SAR(af=0.02,max=0.2)",LONG,2026-06-03 13:35:00,2026-06-03 13:55:00,51219.0,51082.0,-72.0
"Parabolic_SAR(af=0.02,max=0.2)",SHORT,2026-06-03 13:55:00,2026-06-03 16:50:00,51082.0,50939.0,68.0
"Parabolic_SAR(af=0.02,max=0.2)",LONG,2026-06-03 16:50:00,2026-06-03 17:35:00,50939.0,50939.0,-3.5
"Parabolic_SAR(af=0.02,max=0.2)",SHORT,2026-06-03 17:35:00,2026-06-03 18:00:00,50939.0,50949.0,-8.5
"Parabolic_SAR(af=0.02,max=0.2)",LONG,2026-06-03 18:00:00,2026-06-03 18:55:00,50949.0,50913.0,-21.5
"Parabolic_SAR(af=0.02,max=0.2)",SHORT,2026-06-03 18:55:00,2026-06-03 20:30:00,50913.0,50802.0,52.0
"Parabolic_SAR(af=0.02,max=0.2)",LONG,2026-06-03 20:30:00,2026-06-03 20:45:00,50802.0,50747.0,-31.0
"Parabolic_SAR(af=0.02,max=0.2)",SHORT,2026-06-03 20:45:00,2026-06-03 22:05:00,50747.0,50819.0,-39.5
"Parabolic_SAR(af=0.02,max=0.2)",LONG,2026-06-03 22:05:00,2026-06-03 23:40:00,50819.0,50796.0,-15.0
"Parabolic_SAR(af=0.02,max=0.2)",SHORT,2026-06-03 23:40:00,2026-06-04 00:20:00,50796.0,50830.0,-20.5
"Parabolic_SAR(af=0.02,max=0.2)",LONG,2026-06-04 00:20:00,2026-06-04 01:45:00,50830.0,50818.0,-9.5
"Parabolic_SAR(af=0.02,max=0.2)",SHORT,2026-06-04 01:45:00,2026-06-04 03:10:00,50818.0,50800.0,5.5
"Parabolic_SAR(af=0.02,max=0.2)",LONG,2026-06-04 03:10:00,2026-06-04 05:10:00,50800.0,50782.0,-12.5
"Parabolic_SAR(af=0.02,max=0.2)",SHORT,2026-06-04 05:10:00,2026-06-04 05:45:00,50782.0,50805.0,-15.0
"Parabolic_SAR(af=0.02,max=0.2)",LONG,2026-06-04 05:45:00,2026-06-04 07:45:00,50805.0,50908.0,48.0
"Parabolic_SAR(af=0.02,max=0.2)",SHORT,2026-06-04 07:45:00,2026-06-04 08:10:00,50908.0,50929.0,-14.0
"Parabolic_SAR(af=0.02,max=0.2)",LONG,2026-06-04 08:10:00,2026-06-04 08:50:00,50929.0,50923.0,-6.5
"Parabolic_SAR(af=0.02,max=0.2)",SHORT,2026-06-04 08:50:00,2026-06-04 09:35:00,50923.0,50963.0,-23.5
"Parabolic_SAR(af=0.02,max=0.2)",LONG,2026-06-04 09:35:00,2026-06-04 10:45:00,50963.0,51004.0,17.0
"Parabolic_SAR(af=0.02,max=0.2)",SHORT,2026-06-04 10:45:00,2026-06-04 11:05:00,51004.0,51053.0,-28.0
"Parabolic_SAR(af=0.02,max=0.2)",LONG,2026-06-04 11:05:00,2026-06-04 12:20:00,51053.0,51214.0,77.0
"Parabolic_SAR(af=0.02,max=0.2)",SHORT,2026-06-04 12:20:00,2026-06-04 12:35:00,51214.0,51256.0,-24.5
"Parabolic_SAR(af=0.02,max=0.2)",LONG,2026-06-04 12:35:00,2026-06-04 14:35:00,51256.0,51465.0,101.0
"Parabolic_SAR(af=0.02,max=0.2)",SHORT,2026-06-04 14:35:00,2026-06-04 15:05:00,51465.0,51561.0,-51.5
"Parabolic_SAR(af=0.02,max=0.2)",LONG,2026-06-04 15:05:00,2026-06-04 16:55:00,51561.0,51691.0,61.5
"Parabolic_SAR(af=0.02,max=0.2)",SHORT,2026-06-04 16:55:00,2026-06-04 18:25:00,51691.0,51642.0,21.0
"Parabolic_SAR(af=0.02,max=0.2)",LONG,2026-06-04 18:25:00,2026-06-04 19:45:00,51642.0,51700.0,25.5
"Parabolic_SAR(af=0.02,max=0.2)",SHORT,2026-06-04 19:45:00,2026-06-04 22:35:00,51700.0,51659.0,17.0
"Parabolic_SAR(af=0.02,max=0.2)",LONG,2026-06-04 22:35:00,2026-06-04 23:20:00,51659.0,51656.0,-5.0
"Parabolic_SAR(af=0.02,max=0.2)",SHORT,2026-06-04 23:20:00,2026-06-05 00:30:00,51656.0,51620.0,14.5
"Parabolic_SAR(af=0.02,max=0.2)",LONG,2026-06-05 00:30:00,2026-06-05 01:30:00,51620.0,51596.0,-15.5
"Parabolic_SAR(af=0.02,max=0.2)",SHORT,2026-06-05 01:30:00,2026-06-05 02:05:00,51596.0,51628.0,-19.5
"Parabolic_SAR(af=0.02,max=0.2)",LONG,2026-06-05 02:05:00,2026-06-05 02:35:00,51628.0,51599.0,-18.0
"Parabolic_SAR(af=0.02,max=0.2)",SHORT,2026-06-05 02:35:00,2026-06-05 03:30:00,51599.0,51599.0,-3.5
"Parabolic_SAR(af=0.02,max=0.2)",LONG,2026-06-05 03:30:00,2026-06-05 04:35:00,51599.0,51605.0,-0.5
"Parabolic_SAR(af=0.02,max=0.2)",SHORT,2026-06-05 04:35:00,2026-06-05 04:45:00,51605.0,51618.0,-10.0
"Parabolic_SAR(af=0.02,max=0.2)",LONG,2026-06-05 04:45:00,2026-06-05 05:55:00,51618.0,51630.0,2.5
"Parabolic_SAR(af=0.02,max=0.2)",SHORT,2026-06-05 05:55:00,2026-06-05 06:05:00,51630.0,51660.0,-18.5
"Parabolic_SAR(af=0.02,max=0.2)",LONG,2026-06-05 06:05:00,2026-06-05 06:50:00,51660.0,51648.0,-9.5
"Parabolic_SAR(af=0.02,max=0.2)",SHORT,2026-06-05 06:50:00,2026-06-05 07:25:00,51648.0,51669.0,-14.0
"Parabolic_SAR(af=0.02,max=0.2)",LONG,2026-06-05 07:25:00,2026-06-05 08:05:00,51669.0,51647.0,-14.5
"Parabolic_SAR(af=0.02,max=0.2)",SHORT,2026-06-05 08:05:00,2026-06-05 08:35:00,51647.0,51685.0,-22.5
"Parabolic_SAR(af=0.02,max=0.2)",LONG,2026-06-05 08:35:00,2026-06-05 09:40:00,51685.0,51715.0,11.5
"Parabolic_SAR(af=0.02,max=0.2)",SHORT,2026-06-05 09:40:00,2026-06-05 11:10:00,51715.0,51746.0,-19.0
"Parabolic_SAR(af=0.02,max=0.2)",LONG,2026-06-05 11:10:00,2026-06-05 11:25:00,51746.0,51699.0,-27.0
"Parabolic_SAR(af=0.02,max=0.2)",SHORT,2026-06-05 11:25:00,2026-06-05 11:35:00,51699.0,51753.0,-30.5
"Parabolic_SAR(af=0.02,max=0.2)",LONG,2026-06-05 11:35:00,2026-06-05 12:05:00,51753.0,51717.0,-21.5
"Parabolic_SAR(af=0.02,max=0.2)",SHORT,2026-06-05 12:05:00,2026-06-05 12:35:00,51717.0,51646.0,32.0
"Parabolic_SAR(af=0.02,max=0.2)",LONG,2026-06-05 12:35:00,2026-06-05 12:40:00,51646.0,51688.0,17.5
"Parabolic_SAR(af=0.02,max=0.2)",SHORT,2026-06-05 12:40:00,2026-06-05 14:40:00,51688.0,51540.0,70.5
"Parabolic_SAR(af=0.02,max=0.2)",LONG,2026-06-05 14:40:00,2026-06-05 15:10:00,51540.0,51462.0,-42.5
"Parabolic_SAR(af=0.02,max=0.2)",SHORT,2026-06-05 15:10:00,2026-06-05 16:55:00,51462.0,51236.0,109.5
"Parabolic_SAR(af=0.02,max=0.2)",LONG,2026-06-05 16:55:00,2026-06-05 17:50:00,51236.0,51193.0,-25.0
"Parabolic_SAR(af=0.02,max=0.2)",SHORT,2026-06-05 17:50:00,2026-06-05 19:35:00,51193.0,50933.0,126.5
"Parabolic_SAR(af=0.02,max=0.2)",LONG,2026-06-05 19:35:00,2026-06-05 20:05:00,50933.0,50825.0,-57.5
"Parabolic_SAR(af=0.02,max=0.2)",SHORT,2026-06-05 20:05:00,2026-06-07 22:10:00,50825.0,50733.0,42.5
"Parabolic_SAR(af=0.02,max=0.2)",LONG,2026-06-07 22:10:00,2026-06-07 22:15:00,50733.0,50830.0,45.0
"Parabolic_SAR(af=0.02,max=0.2)",SHORT,2026-06-07 22:15:00,2026-06-07 23:45:00,50830.0,50828.0,-2.5
"Parabolic_SAR(af=0.02,max=0.2)",LONG,2026-06-07 23:45:00,2026-06-08 00:45:00,50828.0,50847.0,6.0
"Parabolic_SAR(af=0.02,max=0.2)",SHORT,2026-06-08 00:45:00,2026-06-08 01:50:00,50847.0,50798.0,21.0
"Parabolic_SAR(af=0.02,max=0.2)",LONG,2026-06-08 01:50:00,2026-06-08 04:15:00,50798.0,50838.0,16.5
"Parabolic_SAR(af=0.02,max=0.2)",SHORT,2026-06-08 04:15:00,2026-06-08 06:05:00,50838.0,50733.0,49.0
"Parabolic_SAR(af=0.02,max=0.2)",LONG,2026-06-08 06:05:00,2026-06-08 06:55:00,50733.0,50737.0,-1.5
"Parabolic_SAR(af=0.02,max=0.2)",SHORT,2026-06-08 06:55:00,2026-06-08 07:15:00,50737.0,50783.0,-26.5
"Parabolic_SAR(af=0.02,max=0.2)",LONG,2026-06-08 07:15:00,2026-06-08 08:15:00,50783.0,50792.0,1.0
"Parabolic_SAR(af=0.02,max=0.2)",SHORT,2026-06-08 08:15:00,2026-06-08 09:20:00,50792.0,50800.0,-7.5
"Parabolic_SAR(af=0.02,max=0.2)",LONG,2026-06-08 09:20:00,2026-06-08 12:30:00,50800.0,51085.0,139.0
"Parabolic_SAR(af=0.02,max=0.2)",SHORT,2026-06-08 12:30:00,2026-06-08 12:45:00,51085.0,51086.0,-4.0
"Parabolic_SAR(af=0.02,max=0.2)",LONG,2026-06-08 12:45:00,2026-06-08 12:55:00,51086.0,51064.0,-14.5
"Parabolic_SAR(af=0.02,max=0.2)",SHORT,2026-06-08 12:55:00,2026-06-08 13:35:00,51064.0,51168.0,-55.5
"Parabolic_SAR(af=0.02,max=0.2)",LONG,2026-06-08 13:35:00,2026-06-08 14:20:00,51168.0,51083.0,-46.0
"Parabolic_SAR(af=0.02,max=0.2)",SHORT,2026-06-08 14:20:00,2026-06-08 17:30:00,51083.0,50930.0,73.0
"Parabolic_SAR(af=0.02,max=0.2)",LONG,2026-06-08 17:30:00,2026-06-08 17:40:00,50930.0,50872.0,-32.5
"Parabolic_SAR(af=0.02,max=0.2)",SHORT,2026-06-08 17:40:00,2026-06-08 18:10:00,50872.0,50936.0,-35.5
"Parabolic_SAR(af=0.02,max=0.2)",LONG,2026-06-08 18:10:00,2026-06-08 19:15:00,50936.0,50867.0,-38.0
"Parabolic_SAR(af=0.02,max=0.2)",SHORT,2026-06-08 19:15:00,2026-06-08 22:05:00,50867.0,50781.0,39.5
"Parabolic_SAR(af=0.02,max=0.2)",LONG,2026-06-08 22:05:00,2026-06-08 22:10:00,50781.0,50757.0,-15.5
"Parabolic_SAR(af=0.02,max=0.2)",SHORT,2026-06-08 22:10:00,2026-06-08 22:30:00,50757.0,50773.0,-11.5
"Parabolic_SAR(af=0.02,max=0.2)",LONG,2026-06-08 22:30:00,2026-06-09 00:00:00,50773.0,50798.0,9.0
"Parabolic_SAR(af=0.02,max=0.2)",SHORT,2026-06-09 00:00:00,2026-06-09 01:20:00,50798.0,50755.0,18.0
"Parabolic_SAR(af=0.02,max=0.2)",LONG,2026-06-09 01:20:00,2026-06-09 05:20:00,50755.0,50911.0,74.5
"Parabolic_SAR(af=0.02,max=0.2)",SHORT,2026-06-09 05:20:00,2026-06-09 05:35:00,50911.0,50946.0,-21.0
"Parabolic_SAR(af=0.02,max=0.2)",LONG,2026-06-09 05:35:00,2026-06-09 06:00:00,50946.0,50911.0,-21.0
"Parabolic_SAR(af=0.02,max=0.2)",SHORT,2026-06-09 06:00:00,2026-06-09 07:05:00,50911.0,50938.0,-17.0
"Parabolic_SAR(af=0.02,max=0.2)",LONG,2026-06-09 07:05:00,2026-06-09 07:30:00,50938.0,50858.0,-43.5
"Parabolic_SAR(af=0.02,max=0.2)",SHORT,2026-06-09 07:30:00,2026-06-09 08:35:00,50858.0,50931.0,-40.0
"Parabolic_SAR(af=0.02,max=0.2)",LONG,2026-06-09 08:35:00,2026-06-09 10:00:00,50931.0,50962.0,12.0
"Parabolic_SAR(af=0.02,max=0.2)",SHORT,2026-06-09 10:00:00,2026-06-09 10:35:00,50962.0,50960.0,-2.5
"Parabolic_SAR(af=0.02,max=0.2)",LONG,2026-06-09 10:35:00,2026-06-09 11:50:00,50960.0,50936.0,-15.5
"Parabolic_SAR(af=0.02,max=0.2)",SHORT,2026-06-09 11:50:00,2026-06-09 12:30:00,50936.0,50974.0,-22.5
"Parabolic_SAR(af=0.02,max=0.2)",LONG,2026-06-09 12:30:00,2026-06-09 14:05:00,50974.0,51186.0,102.5
"Parabolic_SAR(af=0.02,max=0.2)",SHORT,2026-06-09 14:05:00,2026-06-09 16:30:00,51186.0,50538.0,320.5
"Parabolic_SAR(af=0.02,max=0.2)",LONG,2026-06-09 16:30:00,2026-06-09 16:40:00,50538.0,50310.0,-117.5
"Parabolic_SAR(af=0.02,max=0.2)",SHORT,2026-06-09 16:40:00,2026-06-09 17:25:00,50310.0,50625.0,-161.0
"Parabolic_SAR(af=0.02,max=0.2)",LONG,2026-06-09 17:25:00,2026-06-09 19:15:00,50625.0,50880.0,124.0
"Parabolic_SAR(af=0.02,max=0.2)",SHORT,2026-06-09 19:15:00,2026-06-09 19:55:00,50880.0,50890.0,-8.5
"Parabolic_SAR(af=0.02,max=0.2)",LONG,2026-06-09 19:55:00,2026-06-09 22:05:00,50890.0,50836.0,-30.5
"Parabolic_SAR(af=0.02,max=0.2)",SHORT,2026-06-09 22:05:00,2026-06-09 23:50:00,50836.0,50764.0,32.5
"Parabolic_SAR(af=0.02,max=0.2)",LONG,2026-06-09 23:50:00,2026-06-10 00:30:00,50764.0,50815.0,22.0
"Parabolic_SAR(af=0.02,max=0.2)",SHORT,2026-06-10 00:30:00,2026-06-10 01:00:00,50815.0,50844.0,-18.0
"Parabolic_SAR(af=0.02,max=0.2)",LONG,2026-06-10 01:00:00,2026-06-10 02:05:00,50844.0,50842.0,-4.5
"Parabolic_SAR(af=0.02,max=0.2)",SHORT,2026-06-10 02:05:00,2026-06-10 02:55:00,50842.0,50833.0,1.0
"Parabolic_SAR(af=0.02,max=0.2)",LONG,2026-06-10 02:55:00,2026-06-10 03:40:00,50833.0,50825.0,-7.5
"Parabolic_SAR(af=0.02,max=0.2)",SHORT,2026-06-10 03:40:00,2026-06-10 05:10:00,50825.0,50779.0,19.5
"Parabolic_SAR(af=0.02,max=0.2)",LONG,2026-06-10 05:10:00,2026-06-10 05:20:00,50779.0,50751.0,-17.5
"Parabolic_SAR(af=0.02,max=0.2)",SHORT,2026-06-10 05:20:00,2026-06-10 05:30:00,50751.0,50828.0,-42.0
"Parabolic_SAR(af=0.02,max=0.2)",LONG,2026-06-10 05:30:00,2026-06-10 06:25:00,50828.0,50818.0,-8.5
"Parabolic_SAR(af=0.02,max=0.2)",SHORT,2026-06-10 06:25:00,2026-06-10 08:05:00,50818.0,50706.0,52.5
"Parabolic_SAR(af=0.02,max=0.2)",LONG,2026-06-10 08:05:00,2026-06-10 08:20:00,50706.0,50683.0,-15.0
"Parabolic_SAR(af=0.02,max=0.2)",SHORT,2026-06-10 08:20:00,2026-06-10 09:30:00,50683.0,50579.0,48.5
"Parabolic_SAR(af=0.02,max=0.2)",LONG,2026-06-10 09:30:00,2026-06-10 10:20:00,50579.0,50483.0,-51.5
"Parabolic_SAR(af=0.02,max=0.2)",SHORT,2026-06-10 10:20:00,2026-06-10 10:45:00,50483.0,50588.0,-56.0
"Parabolic_SAR(af=0.02,max=0.2)",LONG,2026-06-10 10:45:00,2026-06-10 11:05:00,50588.0,50362.0,-116.5
"Parabolic_SAR(af=0.02,max=0.2)",SHORT,2026-06-10 11:05:00,2026-06-10 12:10:00,50362.0,50508.0,-76.5
"Parabolic_SAR(af=0.02,max=0.2)",LONG,2026-06-10 12:10:00,2026-06-10 13:35:00,50508.0,50569.0,27.0
"Parabolic_SAR(af=0.02,max=0.2)",SHORT,2026-06-10 13:35:00,2026-06-10 13:45:00,50569.0,50753.0,-95.5
"Parabolic_SAR(af=0.02,max=0.2)",LONG,2026-06-10 13:45:00,2026-06-10 14:35:00,50753.0,50693.0,-33.5
"Parabolic_SAR(af=0.02,max=0.2)",SHORT,2026-06-10 14:35:00,2026-06-10 15:50:00,50693.0,50280.0,203.0
"Parabolic_SAR(af=0.02,max=0.2)",LONG,2026-06-10 15:50:00,2026-06-10 15:55:00,50280.0,50300.0,6.5
"Parabolic_SAR(af=0.02,max=0.2)",SHORT,2026-06-10 15:55:00,2026-06-10 16:40:00,50300.0,50379.0,-43.0
"Parabolic_SAR(af=0.02,max=0.2)",LONG,2026-06-10 16:40:00,2026-06-10 17:15:00,50379.0,50226.0,-80.0
"Parabolic_SAR(af=0.02,max=0.2)",SHORT,2026-06-10 17:15:00,2026-06-10 18:00:00,50226.0,50292.0,-36.5
"Parabolic_SAR(af=0.02,max=0.2)",LONG,2026-06-10 18:00:00,2026-06-10 18:35:00,50292.0,50214.0,-42.5
"Parabolic_SAR(af=0.02,max=0.2)",SHORT,2026-06-10 18:35:00,2026-06-10 19:55:00,50214.0,50059.0,74.0
"Parabolic_SAR(af=0.02,max=0.2)",LONG,2026-06-10 19:55:00,2026-06-10 20:00:00,50059.0,49977.0,-44.5
"Parabolic_SAR(af=0.02,max=0.2)",SHORT,2026-06-10 20:00:00,2026-06-10 22:30:00,49977.0,49923.0,23.5
"Parabolic_SAR(af=0.02,max=0.2)",LONG,2026-06-10 22:30:00,2026-06-10 22:55:00,49923.0,49863.0,-33.5
"Parabolic_SAR(af=0.02,max=0.2)",SHORT,2026-06-10 22:55:00,2026-06-10 23:25:00,49863.0,49830.0,13.0
"Parabolic_SAR(af=0.02,max=0.2)",LONG,2026-06-10 23:25:00,2026-06-11 00:40:00,49830.0,49882.0,22.5
"Parabolic_SAR(af=0.02,max=0.2)",SHORT,2026-06-11 00:40:00,2026-06-11 01:05:00,49882.0,49978.0,-51.5
"Parabolic_SAR(af=0.02,max=0.2)",LONG,2026-06-11 01:05:00,2026-06-11 02:00:00,49978.0,50005.0,10.0
"Parabolic_SAR(af=0.02,max=0.2)",SHORT,2026-06-11 02:00:00,2026-06-11 03:05:00,50005.0,50049.0,-25.5
"Parabolic_SAR(af=0.02,max=0.2)",LONG,2026-06-11 03:05:00,2026-06-11 05:05:00,50049.0,50145.0,44.5
"Parabolic_SAR(af=0.02,max=0.2)",SHORT,2026-06-11 05:05:00,2026-06-11 05:50:00,50145.0,50135.0,1.5
"Parabolic_SAR(af=0.02,max=0.2)",LONG,2026-06-11 05:50:00,2026-06-11 06:05:00,50135.0,50098.0,-22.0
"Parabolic_SAR(af=0.02,max=0.2)",SHORT,2026-06-11 06:05:00,2026-06-11 06:40:00,50098.0,50163.0,-36.0
"Parabolic_SAR(af=0.02,max=0.2)",LONG,2026-06-11 06:40:00,2026-06-11 08:05:00,50163.0,50301.0,65.5
"Parabolic_SAR(af=0.02,max=0.2)",SHORT,2026-06-11 08:05:00,2026-06-11 08:15:00,50301.0,50329.0,-17.5
"Parabolic_SAR(af=0.02,max=0.2)",LONG,2026-06-11 08:15:00,2026-06-11 10:10:00,50329.0,50346.0,5.0
"Parabolic_SAR(af=0.02,max=0.2)",SHORT,2026-06-11 10:10:00,2026-06-11 11:35:00,50346.0,50357.0,-9.0
"Parabolic_SAR(af=0.02,max=0.2)",LONG,2026-06-11 11:35:00,2026-06-11 12:20:00,50357.0,50320.0,-22.0
"Parabolic_SAR(af=0.02,max=0.2)",SHORT,2026-06-11 12:20:00,2026-06-11 13:30:00,50320.0,50266.0,23.5
"Parabolic_SAR(af=0.02,max=0.2)",LONG,2026-06-11 13:30:00,2026-06-11 14:15:00,50266.0,50186.0,-43.5
"Parabolic_SAR(af=0.02,max=0.2)",SHORT,2026-06-11 14:15:00,2026-06-11 15:20:00,50186.0,50246.0,-33.5
"Parabolic_SAR(af=0.02,max=0.2)",LONG,2026-06-11 15:20:00,2026-06-11 16:30:00,50246.0,50279.0,13.0
"Parabolic_SAR(af=0.02,max=0.2)",SHORT,2026-06-11 16:30:00,2026-06-11 17:30:00,50279.0,50632.0,-180.0
"Parabolic_SAR(af=0.02,max=0.2)",LONG,2026-06-11 17:30:00,2026-06-11 20:00:00,50632.0,50870.0,115.5
"Parabolic_SAR(af=0.02,max=0.2)",SHORT,2026-06-11 20:00:00,2026-06-11 22:15:00,50870.0,50965.0,-51.0
"Parabolic_SAR(af=0.02,max=0.2)",LONG,2026-06-11 22:15:00,2026-06-11 23:30:00,50965.0,50932.0,-20.0
"Parabolic_SAR(af=0.02,max=0.2)",SHORT,2026-06-11 23:30:00,2026-06-11 23:50:00,50932.0,50966.0,-20.5
"Parabolic_SAR(af=0.02,max=0.2)",LONG,2026-06-11 23:50:00,2026-06-12 00:05:00,50966.0,50933.0,-20.0
"Parabolic_SAR(af=0.02,max=0.2)",SHORT,2026-06-12 00:05:00,2026-06-12 01:45:00,50933.0,50883.0,21.5
"Parabolic_SAR(af=0.02,max=0.2)",LONG,2026-06-12 01:45:00,2026-06-12 03:05:00,50883.0,50919.0,14.5
"Parabolic_SAR(af=0.02,max=0.2)",SHORT,2026-06-12 03:05:00,2026-06-12 03:45:00,50919.0,50913.0,-0.5
"Parabolic_SAR(af=0.02,max=0.2)",LONG,2026-06-12 03:45:00,2026-06-12 04:15:00,50913.0,50900.0,-10.0
"Parabolic_SAR(af=0.02,max=0.2)",SHORT,2026-06-12 04:15:00,2026-06-12 04:30:00,50900.0,50919.0,-13.0
"Parabolic_SAR(af=0.02,max=0.2)",LONG,2026-06-12 04:30:00,2026-06-12 05:15:00,50919.0,50926.0,0.0
"Parabolic_SAR(af=0.02,max=0.2)",SHORT,2026-06-12 05:15:00,2026-06-12 05:25:00,50926.0,50932.0,-6.5
"Parabolic_SAR(af=0.02,max=0.2)",LONG,2026-06-12 05:25:00,2026-06-12 05:40:00,50932.0,50899.0,-20.0
"Parabolic_SAR(af=0.02,max=0.2)",SHORT,2026-06-12 05:40:00,2026-06-12 06:05:00,50899.0,50929.0,-18.5
"Parabolic_SAR(af=0.02,max=0.2)",LONG,2026-06-12 06:05:00,2026-06-12 06:45:00,50929.0,50876.0,-30.0
"Parabolic_SAR(af=0.02,max=0.2)",SHORT,2026-06-12 06:45:00,2026-06-12 07:35:00,50876.0,51246.0,-188.5
"Parabolic_SAR(af=0.02,max=0.2)",LONG,2026-06-12 07:35:00,2026-06-12 10:00:00,51246.0,51651.0,199.0
"Parabolic_SAR(af=0.02,max=0.2)",SHORT,2026-06-12 10:00:00,2026-06-12 11:15:00,51651.0,51554.0,45.0
"Parabolic_SAR(af=0.02,max=0.2)",LONG,2026-06-12 11:15:00,2026-06-12 12:10:00,51554.0,51576.0,7.5
"Parabolic_SAR(af=0.02,max=0.2)",SHORT,2026-06-12 12:10:00,2026-06-12 13:15:00,51576.0,51515.0,27.0
"Parabolic_SAR(af=0.02,max=0.2)",LONG,2026-06-12 13:15:00,2026-06-12 13:40:00,51515.0,51449.0,-36.5
"Parabolic_SAR(af=0.02,max=0.2)",SHORT,2026-06-12 13:40:00,2026-06-12 14:35:00,51449.0,51470.0,-14.0
"Parabolic_SAR(af=0.02,max=0.2)",LONG,2026-06-12 14:35:00,2026-06-12 15:45:00,51470.0,51624.0,73.5
"Parabolic_SAR(af=0.02,max=0.2)",SHORT,2026-06-12 15:45:00,2026-06-12 16:45:00,51624.0,51547.0,35.0
"Parabolic_SAR(af=0.02,max=0.2)",LONG,2026-06-12 16:45:00,2026-06-12 18:00:00,51547.0,51610.0,28.0
"Parabolic_SAR(af=0.02,max=0.2)",SHORT,2026-06-12 18:00:00,2026-06-12 18:40:00,51610.0,51669.0,-33.0
"Parabolic_SAR(af=0.02,max=0.2)",LONG,2026-06-12 18:40:00,2026-06-12 19:20:00,51669.0,51636.0,-20.0
"Parabolic_SAR(af=0.02,max=0.2)",SHORT,2026-06-12 19:20:00,2026-06-12 20:15:00,51636.0,51652.0,-11.5
"Parabolic_SAR(af=0.02,max=0.2)",LONG,2026-06-12 20:15:00,2026-06-15 01:45:00,51652.0,52028.0,184.5
"Parabolic_SAR(af=0.02,max=0.2)",SHORT,2026-06-15 01:45:00,2026-06-15 02:10:00,52028.0,52049.0,-14.0
"Parabolic_SAR(af=0.02,max=0.2)",LONG,2026-06-15 02:10:00,2026-06-15 03:35:00,52049.0,52069.0,6.5
"Parabolic_SAR(af=0.02,max=0.2)",SHORT,2026-06-15 03:35:00,2026-06-15 04:30:00,52069.0,52065.0,-1.5
"Parabolic_SAR(af=0.02,max=0.2)",LONG,2026-06-15 04:30:00,2026-06-15 05:55:00,52065.0,52121.0,24.5
"Parabolic_SAR(af=0.02,max=0.2)",SHORT,2026-06-15 05:55:00,2026-06-15 06:30:00,52121.0,52133.0,-9.5
"Parabolic_SAR(af=0.02,max=0.2)",LONG,2026-06-15 06:30:00,2026-06-15 06:40:00,52133.0,52108.0,-16.0
"Parabolic_SAR(af=0.02,max=0.2)",SHORT,2026-06-15 06:40:00,2026-06-15 07:20:00,52108.0,52142.0,-20.5
"Parabolic_SAR(af=0.02,max=0.2)",LONG,2026-06-15 07:20:00,2026-06-15 08:05:00,52142.0,52100.0,-24.5
"Parabolic_SAR(af=0.02,max=0.2)",SHORT,2026-06-15 08:05:00,2026-06-15 08:50:00,52100.0,52074.0,9.5
"Parabolic_SAR(af=0.02,max=0.2)",LONG,2026-06-15 08:50:00,2026-06-15 09:25:00,52074.0,52039.0,-21.0
"Parabolic_SAR(af=0.02,max=0.2)",SHORT,2026-06-15 09:25:00,2026-06-15 10:30:00,52039.0,52051.0,-9.5
"Parabolic_SAR(af=0.02,max=0.2)",LONG,2026-06-15 10:30:00,2026-06-15 11:40:00,52051.0,52107.0,24.5
"Parabolic_SAR(af=0.02,max=0.2)",SHORT,2026-06-15 11:40:00,2026-06-15 12:35:00,52107.0,52102.0,-1.0
"Parabolic_SAR(af=0.02,max=0.2)",LONG,2026-06-15 12:35:00,2026-06-15 13:45:00,52102.0,52173.0,32.0
"Parabolic_SAR(af=0.02,max=0.2)",SHORT,2026-06-15 13:45:00,2026-06-15 14:50:00,52173.0,52273.0,-53.5
"Parabolic_SAR(af=0.02,max=0.2)",LONG,2026-06-15 14:50:00,2026-06-15 16:40:00,52273.0,52326.0,23.0
"Parabolic_SAR(af=0.02,max=0.2)",SHORT,2026-06-15 16:40:00,2026-06-15 17:20:00,52326.0,52350.0,-15.5
"Parabolic_SAR(af=0.02,max=0.2)",LONG,2026-06-15 17:20:00,2026-06-15 17:50:00,52350.0,52305.0,-26.0
"Parabolic_SAR(af=0.02,max=0.2)",SHORT,2026-06-15 17:50:00,2026-06-15 19:15:00,52305.0,52250.0,24.0
"Parabolic_SAR(af=0.02,max=0.2)",LONG,2026-06-15 19:15:00,2026-06-15 19:30:00,52250.0,52200.0,-28.5
"Parabolic_SAR(af=0.02,max=0.2)",SHORT,2026-06-15 19:30:00,2026-06-15 20:40:00,52200.0,52160.0,16.5
"Parabolic_SAR(af=0.02,max=0.2)",LONG,2026-06-15 20:40:00,2026-06-15 22:25:00,52160.0,52120.0,-23.5
"Parabolic_SAR(af=0.02,max=0.2)",SHORT,2026-06-15 22:25:00,2026-06-16 00:00:00,52120.0,52107.0,3.0
"Parabolic_SAR(af=0.02,max=0.2)",LONG,2026-06-16 00:00:00,2026-06-16 00:55:00,52107.0,52118.0,2.0
"Parabolic_SAR(af=0.02,max=0.2)",SHORT,2026-06-16 00:55:00,2026-06-16 01:25:00,52118.0,52140.0,-14.5
"Parabolic_SAR(af=0.02,max=0.2)",LONG,2026-06-16 01:25:00,2026-06-16 02:00:00,52140.0,52127.0,-10.0
"Parabolic_SAR(af=0.02,max=0.2)",SHORT,2026-06-16 02:00:00,2026-06-16 02:35:00,52127.0,52155.0,-17.5
"Parabolic_SAR(af=0.02,max=0.2)",LONG,2026-06-16 02:35:00,2026-06-16 03:55:00,52155.0,52143.0,-9.5
"Parabolic_SAR(af=0.02,max=0.2)",SHORT,2026-06-16 03:55:00,2026-06-16 05:05:00,52143.0,52149.0,-6.5
"Parabolic_SAR(af=0.02,max=0.2)",LONG,2026-06-16 05:05:00,2026-06-16 05:35:00,52149.0,52125.0,-15.5
"Parabolic_SAR(af=0.02,max=0.2)",SHORT,2026-06-16 05:35:00,2026-06-16 06:15:00,52125.0,52180.0,-31.0
"Parabolic_SAR(af=0.02,max=0.2)",LONG,2026-06-16 06:15:00,2026-06-16 07:50:00,52180.0,52195.0,4.0
"Parabolic_SAR(af=0.02,max=0.2)",SHORT,2026-06-16 07:50:00,2026-06-16 08:10:00,52195.0,52221.0,-16.5
"Parabolic_SAR(af=0.02,max=0.2)",LONG,2026-06-16 08:10:00,2026-06-16 08:25:00,52221.0,52185.0,-21.5
"Parabolic_SAR(af=0.02,max=0.2)",SHORT,2026-06-16 08:25:00,2026-06-16 10:05:00,52185.0,52176.0,1.0
"Parabolic_SAR(af=0.02,max=0.2)",LONG,2026-06-16 10:05:00,2026-06-16 11:10:00,52176.0,52164.0,-9.5
"Parabolic_SAR(af=0.02,max=0.2)",SHORT,2026-06-16 11:10:00,2026-06-16 11:50:00,52164.0,52183.0,-13.0
"Parabolic_SAR(af=0.02,max=0.2)",LONG,2026-06-16 11:50:00,2026-06-16 13:20:00,52183.0,52261.0,35.5
"Parabolic_SAR(af=0.02,max=0.2)",SHORT,2026-06-16 13:20:00,2026-06-16 13:25:00,52261.0,52281.0,-13.5
"Parabolic_SAR(af=0.02,max=0.2)",LONG,2026-06-16 13:25:00,2026-06-16 14:00:00,52281.0,52349.0,30.5
"Parabolic_SAR(af=0.02,max=0.2)",SHORT,2026-06-16 14:00:00,2026-06-16 14:20:00,52349.0,52489.0,-73.5
"Parabolic_SAR(af=0.02,max=0.2)",LONG,2026-06-16 14:20:00,2026-06-16 16:55:00,52489.0,52610.0,57.0
"Parabolic_SAR(af=0.02,max=0.2)",SHORT,2026-06-16 16:55:00,2026-06-16 17:20:00,52610.0,52588.0,7.5
"Parabolic_SAR(af=0.02,max=0.2)",LONG,2026-06-16 17:20:00,2026-06-16 17:25:00,52588.0,52604.0,4.5
"Parabolic_SAR(af=0.02,max=0.2)",SHORT,2026-06-16 17:25:00,2026-06-16 19:25:00,52604.0,52518.0,39.5
"Parabolic_SAR(af=0.02,max=0.2)",LONG,2026-06-16 19:25:00,2026-06-16 20:00:00,52518.0,52476.0,-24.5
"Parabolic_SAR(af=0.02,max=0.2)",SHORT,2026-06-16 20:00:00,2026-06-16 22:15:00,52476.0,52482.0,-6.5
"Parabolic_SAR(af=0.02,max=0.2)",LONG,2026-06-16 22:15:00,2026-06-16 23:55:00,52482.0,52522.0,16.5
"Parabolic_SAR(af=0.02,max=0.2)",SHORT,2026-06-16 23:55:00,2026-06-17 00:05:00,52522.0,52532.0,-8.5
"Parabolic_SAR(af=0.02,max=0.2)",LONG,2026-06-17 00:05:00,2026-06-17 02:05:00,52532.0,52539.0,0.0
"Parabolic_SAR(af=0.02,max=0.2)",SHORT,2026-06-17 02:05:00,2026-06-17 03:10:00,52539.0,52531.0,0.5
"Parabolic_SAR(af=0.02,max=0.2)",LONG,2026-06-17 03:10:00,2026-06-17 03:20:00,52531.0,52512.0,-13.0
"Parabolic_SAR(af=0.02,max=0.2)",SHORT,2026-06-17 03:20:00,2026-06-17 03:45:00,52512.0,52531.0,-13.0
"Parabolic_SAR(af=0.02,max=0.2)",LONG,2026-06-17 03:45:00,2026-06-17 04:25:00,52531.0,52525.0,-6.5
"Parabolic_SAR(af=0.02,max=0.2)",SHORT,2026-06-17 04:25:00,2026-06-17 06:10:00,52525.0,52502.0,8.0
"Parabolic_SAR(af=0.02,max=0.2)",LONG,2026-06-17 06:10:00,2026-06-17 06:25:00,52502.0,52472.0,-18.5
"Parabolic_SAR(af=0.02,max=0.2)",SHORT,2026-06-17 06:25:00,2026-06-17 06:40:00,52472.0,52514.0,-24.5
"Parabolic_SAR(af=0.02,max=0.2)",LONG,2026-06-17 06:40:00,2026-06-17 07:25:00,52514.0,52486.0,-17.5
"Parabolic_SAR(af=0.02,max=0.2)",SHORT,2026-06-17 07:25:00,2026-06-17 08:55:00,52486.0,52454.0,12.5
"Parabolic_SAR(af=0.02,max=0.2)",LONG,2026-06-17 08:55:00,2026-06-17 09:55:00,52454.0,52449.0,-6.0
"Parabolic_SAR(af=0.02,max=0.2)",SHORT,2026-06-17 09:55:00,2026-06-17 10:30:00,52449.0,52451.0,-4.5
"Parabolic_SAR(af=0.02,max=0.2)",LONG,2026-06-17 10:30:00,2026-06-17 11:35:00,52451.0,52453.0,-2.5
"Parabolic_SAR(af=0.02,max=0.2)",SHORT,2026-06-17 11:35:00,2026-06-17 12:15:00,52453.0,52452.0,-3.0
"Parabolic_SAR(af=0.02,max=0.2)",LONG,2026-06-17 12:15:00,2026-06-17 12:30:00,52452.0,52411.0,-24.0
"Parabolic_SAR(af=0.02,max=0.2)",SHORT,2026-06-17 12:30:00,2026-06-17 12:55:00,52411.0,52456.0,-26.0
"Parabolic_SAR(af=0.02,max=0.2)",LONG,2026-06-17 12:55:00,2026-06-17 13:30:00,52456.0,52438.0,-12.5
"Parabolic_SAR(af=0.02,max=0.2)",SHORT,2026-06-17 13:30:00,2026-06-17 13:35:00,52438.0,52513.0,-41.0
"Parabolic_SAR(af=0.02,max=0.2)",LONG,2026-06-17 13:35:00,2026-06-17 14:35:00,52513.0,52651.0,65.5
"Parabolic_SAR(af=0.02,max=0.2)",SHORT,2026-06-17 14:35:00,2026-06-17 15:25:00,52651.0,52630.0,7.0
"Parabolic_SAR(af=0.02,max=0.2)",LONG,2026-06-17 15:25:00,2026-06-17 16:35:00,52630.0,52640.0,1.5
"Parabolic_SAR(af=0.02,max=0.2)",SHORT,2026-06-17 16:35:00,2026-06-17 18:00:00,52640.0,52635.0,-1.0
"Parabolic_SAR(af=0.02,max=0.2)",LONG,2026-06-17 18:00:00,2026-06-17 18:05:00,52635.0,52301.0,-170.5
"Parabolic_SAR(af=0.02,max=0.2)",SHORT,2026-06-17 18:05:00,2026-06-17 18:45:00,52301.0,52524.0,-115.0
"Parabolic_SAR(af=0.02,max=0.2)",LONG,2026-06-17 18:45:00,2026-06-17 19:15:00,52524.0,52316.0,-107.5
"Parabolic_SAR(af=0.02,max=0.2)",SHORT,2026-06-17 19:15:00,2026-06-17 20:25:00,52316.0,52012.0,148.5
"Parabolic_SAR(af=0.02,max=0.2)",LONG,2026-06-17 20:25:00,2026-06-18 00:30:00,52012.0,52224.0,102.5
"Parabolic_SAR(af=0.02,max=0.2)",SHORT,2026-06-18 00:30:00,2026-06-18 01:25:00,52224.0,52250.0,-16.5
"Parabolic_SAR(af=0.02,max=0.2)",LONG,2026-06-18 01:25:00,2026-06-18 03:15:00,52250.0,52217.0,-20.0
"Parabolic_SAR(af=0.02,max=0.2)",SHORT,2026-06-18 03:15:00,2026-06-18 04:00:00,52217.0,52243.0,-16.5
"Parabolic_SAR(af=0.02,max=0.2)",LONG,2026-06-18 04:00:00,2026-06-18 04:25:00,52243.0,52214.0,-18.0
"Parabolic_SAR(af=0.02,max=0.2)",SHORT,2026-06-18 04:25:00,2026-06-18 05:45:00,52214.0,52203.0,2.0
"Parabolic_SAR(af=0.02,max=0.2)",LONG,2026-06-18 05:45:00,2026-06-18 05:55:00,52203.0,52187.0,-11.5
"Parabolic_SAR(af=0.02,max=0.2)",SHORT,2026-06-18 05:55:00,2026-06-18 06:25:00,52187.0,52182.0,-1.0
"Parabolic_SAR(af=0.02,max=0.2)",LONG,2026-06-18 06:25:00,2026-06-18 07:15:00,52182.0,52198.0,4.5
"Parabolic_SAR(af=0.02,max=0.2)",SHORT,2026-06-18 07:15:00,2026-06-18 07:30:00,52198.0,52247.0,-28.0
"Parabolic_SAR(af=0.02,max=0.2)",LONG,2026-06-18 07:30:00,2026-06-18 08:25:00,52247.0,52219.0,-17.5
"Parabolic_SAR(af=0.02,max=0.2)",SHORT,2026-06-18 08:25:00,2026-06-18 09:20:00,52219.0,52208.0,2.0
"Parabolic_SAR(af=0.02,max=0.2)",LONG,2026-06-18 09:20:00,2026-06-18 10:35:00,52208.0,52196.0,-9.5
"Parabolic_SAR(af=0.02,max=0.2)",SHORT,2026-06-18 10:35:00,2026-06-18 11:55:00,52196.0,52037.0,76.0
"Parabolic_SAR(af=0.02,max=0.2)",LONG,2026-06-18 11:55:00,2026-06-18 13:05:00,52037.0,52162.0,59.0
"Parabolic_SAR(af=0.02,max=0.2)",SHORT,2026-06-18 13:05:00,2026-06-18 13:20:00,52162.0,52219.0,-32.0
"Parabolic_SAR(af=0.02,max=0.2)",LONG,2026-06-18 13:20:00,2026-06-18 13:40:00,52219.0,52196.0,-15.0
"Parabolic_SAR(af=0.02,max=0.2)",SHORT,2026-06-18 13:40:00,2026-06-18 14:40:00,52196.0,52166.0,11.5
"Parabolic_SAR(af=0.02,max=0.2)",LONG,2026-06-18 14:40:00,2026-06-18 15:20:00,52166.0,52080.0,-46.5
"Parabolic_SAR(af=0.02,max=0.2)",SHORT,2026-06-18 15:20:00,2026-06-18 16:25:00,52080.0,52061.0,6.0
"Parabolic_SAR(af=0.02,max=0.2)",LONG,2026-06-18 16:25:00,2026-06-18 17:40:00,52061.0,52091.0,11.5
"Parabolic_SAR(af=0.02,max=0.2)",SHORT,2026-06-18 17:40:00,2026-06-18 19:25:00,52091.0,52021.0,31.5
"Parabolic_SAR(af=0.02,max=0.2)",LONG,2026-06-18 19:25:00,2026-06-18 20:00:00,52021.0,51975.0,-26.5
"Parabolic_SAR(af=0.02,max=0.2)",SHORT,2026-06-18 20:00:00,2026-06-18 20:20:00,51975.0,52075.0,-53.5
"Parabolic_SAR(af=0.02,max=0.2)",LONG,2026-06-18 20:20:00,2026-06-18 22:20:00,52075.0,52012.0,-35.0
"Parabolic_SAR(af=0.02,max=0.2)",SHORT,2026-06-18 22:20:00,2026-06-18 23:35:00,52012.0,51999.0,3.0
"Parabolic_SAR(af=0.02,max=0.2)",LONG,2026-06-18 23:35:00,2026-06-19 00:10:00,51999.0,51989.0,-8.5
"Parabolic_SAR(af=0.02,max=0.2)",SHORT,2026-06-19 00:10:00,2026-06-19 02:35:00,51989.0,51894.0,44.0
"Parabolic_SAR(af=0.02,max=0.2)",LONG,2026-06-19 02:35:00,2026-06-19 03:20:00,51894.0,51852.0,-24.5
"Parabolic_SAR(af=0.02,max=0.2)",SHORT,2026-06-19 03:20:00,2026-06-21 22:05:00,51852.0,51837.0,4.0
"Parabolic_SAR(af=0.02,max=0.2)",LONG,2026-06-21 22:05:00,2026-06-21 22:10:00,51837.0,51796.0,-24.0
"Parabolic_SAR(af=0.02,max=0.2)",SHORT,2026-06-21 22:10:00,2026-06-21 22:35:00,51796.0,51811.0,-11.0
"Parabolic_SAR(af=0.02,max=0.2)",LONG,2026-06-21 22:35:00,2026-06-21 23:50:00,51811.0,51760.0,-29.0
"Parabolic_SAR(af=0.02,max=0.2)",SHORT,2026-06-21 23:50:00,2026-06-22 00:10:00,51760.0,51818.0,-32.5
"Parabolic_SAR(af=0.02,max=0.2)",LONG,2026-06-22 00:10:00,2026-06-22 01:50:00,51818.0,51950.0,62.5
"Parabolic_SAR(af=0.02,max=0.2)",SHORT,2026-06-22 01:50:00,2026-06-22 03:30:00,51950.0,51851.0,46.0
"Parabolic_SAR(af=0.02,max=0.2)",LONG,2026-06-22 03:30:00,2026-06-22 04:00:00,51851.0,51844.0,-7.0
"Parabolic_SAR(af=0.02,max=0.2)",SHORT,2026-06-22 04:00:00,2026-06-22 04:20:00,51844.0,51827.0,5.0
"Parabolic_SAR(af=0.02,max=0.2)",LONG,2026-06-22 04:20:00,2026-06-22 04:25:00,51827.0,51824.0,-5.0
"Parabolic_SAR(af=0.02,max=0.2)",SHORT,2026-06-22 04:25:00,2026-06-22 04:45:00,51824.0,51817.0,0.0
"Parabolic_SAR(af=0.02,max=0.2)",LONG,2026-06-22 04:45:00,2026-06-22 06:45:00,51817.0,51970.0,73.0
"Parabolic_SAR(af=0.02,max=0.2)",SHORT,2026-06-22 06:45:00,2026-06-22 06:50:00,51970.0,51959.0,2.0
"Parabolic_SAR(af=0.02,max=0.2)",LONG,2026-06-22 06:50:00,2026-06-22 07:10:00,51959.0,51984.0,9.0
"Parabolic_SAR(af=0.02,max=0.2)",SHORT,2026-06-22 07:10:00,2026-06-22 07:20:00,51984.0,51987.0,-5.0
"Parabolic_SAR(af=0.02,max=0.2)",LONG,2026-06-22 07:20:00,2026-06-22 07:35:00,51987.0,51985.0,-4.5
"Parabolic_SAR(af=0.02,max=0.2)",SHORT,2026-06-22 07:35:00,2026-06-22 07:40:00,51985.0,51978.0,0.0
"Parabolic_SAR(af=0.02,max=0.2)",LONG,2026-06-22 07:40:00,2026-06-22 08:00:00,51978.0,51953.0,-16.0
"Parabolic_SAR(af=0.02,max=0.2)",SHORT,2026-06-22 08:00:00,2026-06-22 09:05:00,51953.0,51985.0,-19.5
"Parabolic_SAR(af=0.02,max=0.2)",LONG,2026-06-22 09:05:00,2026-06-22 09:15:00,51985.0,52033.0,20.5
"Parabolic_SAR(af=0.02,max=0.2)",SHORT,2026-06-22 09:15:00,2026-06-22 10:10:00,52033.0,52004.0,11.0
"Parabolic_SAR(af=0.02,max=0.2)",LONG,2026-06-22 10:10:00,2026-06-22 10:30:00,52004.0,52015.0,2.0
"Parabolic_SAR(af=0.02,max=0.2)",SHORT,2026-06-22 10:30:00,2026-06-22 11:05:00,52015.0,52025.0,-8.5
"Parabolic_SAR(af=0.02,max=0.2)",LONG,2026-06-22 11:05:00,2026-06-22 11:20:00,52025.0,52003.0,-14.5
"Parabolic_SAR(af=0.02,max=0.2)",SHORT,2026-06-22 11:20:00,2026-06-22 12:10:00,52003.0,52095.0,-49.5
"Parabolic_SAR(af=0.02,max=0.2)",LONG,2026-06-22 12:10:00,2026-06-22 12:35:00,52095.0,52108.0,3.0
"Parabolic_SAR(af=0.02,max=0.2)",SHORT,2026-06-22 12:35:00,2026-06-22 13:15:00,52108.0,52114.0,-6.5
"Parabolic_SAR(af=0.02,max=0.2)",LONG,2026-06-22 13:15:00,2026-06-22 13:25:00,52114.0,52099.0,-11.0
"Parabolic_SAR(af=0.02,max=0.2)",SHORT,2026-06-22 13:25:00,2026-06-22 13:30:00,52099.0,52113.0,-10.5
"Parabolic_SAR(af=0.02,max=0.2)",LONG,2026-06-22 13:30:00,2026-06-22 13:45:00,52113.0,52189.0,34.5
"Parabolic_SAR(af=0.02,max=0.2)",SHORT,2026-06-22 13:45:00,2026-06-22 13:50:00,52189.0,52269.0,-43.5
"Parabolic_SAR(af=0.02,max=0.2)",LONG,2026-06-22 13:50:00,2026-06-22 14:10:00,52269.0,52285.0,4.5
"Parabolic_SAR(af=0.02,max=0.2)",SHORT,2026-06-22 14:10:00,2026-06-22 14:15:00,52285.0,52264.0,7.0
"Parabolic_SAR(af=0.02,max=0.2)",LONG,2026-06-22 14:15:00,2026-06-22 14:35:00,52264.0,52102.0,-84.5
"Parabolic_SAR(af=0.02,max=0.2)",SHORT,2026-06-22 14:35:00,2026-06-22 15:50:00,52102.0,52134.0,-19.5
"Parabolic_SAR(af=0.02,max=0.2)",LONG,2026-06-22 15:50:00,2026-06-22 16:15:00,52134.0,52181.0,20.0
"Parabolic_SAR(af=0.02,max=0.2)",SHORT,2026-06-22 16:15:00,2026-06-22 16:25:00,52181.0,52146.0,14.0
"Parabolic_SAR(af=0.02,max=0.2)",LONG,2026-06-22 16:25:00,2026-06-22 16:40:00,52146.0,52145.0,-4.0
"Parabolic_SAR(af=0.02,max=0.2)",SHORT,2026-06-22 16:40:00,2026-06-22 16:55:00,52145.0,52170.0,-16.0
"Parabolic_SAR(af=0.02,max=0.2)",LONG,2026-06-22 16:55:00,2026-06-22 17:05:00,52170.0,52141.0,-18.0
"Parabolic_SAR(af=0.02,max=0.2)",SHORT,2026-06-22 17:05:00,2026-06-22 17:55:00,52141.0,52143.0,-4.5
"Parabolic_SAR(af=0.02,max=0.2)",LONG,2026-06-22 17:55:00,2026-06-22 18:15:00,52143.0,52122.0,-14.0
"Parabolic_SAR(af=0.02,max=0.2)",SHORT,2026-06-22 18:15:00,2026-06-22 18:25:00,52122.0,52151.0,-18.0
"Parabolic_SAR(af=0.02,max=0.2)",LONG,2026-06-22 18:25:00,2026-06-22 18:40:00,52151.0,52119.0,-19.5
"Parabolic_SAR(af=0.02,max=0.2)",SHORT,2026-06-22 18:40:00,2026-06-22 19:55:00,52119.0,52112.0,0.0
"Parabolic_SAR(af=0.02,max=0.2)",LONG,2026-06-22 19:55:00,2026-06-22 20:20:00,52112.0,52193.0,37.0
"Parabolic_SAR(af=0.02,max=0.2)",SHORT,2026-06-22 20:20:00,2026-06-22 20:25:00,52193.0,52181.0,2.5
"Parabolic_SAR(af=0.02,max=0.2)",LONG,2026-06-22 20:25:00,2026-06-22 20:45:00,52181.0,52178.0,-5.0
"Parabolic_SAR(af=0.02,max=0.2)",SHORT,2026-06-22 20:45:00,2026-06-22 22:05:00,52178.0,52179.0,-4.0
"Parabolic_SAR(af=0.02,max=0.2)",LONG,2026-06-22 22:05:00,2026-06-23 01:40:00,52179.0,52185.0,-0.5
"Parabolic_SAR(af=0.02,max=0.2)",SHORT,2026-06-23 01:40:00,2026-06-23 04:00:00,52185.0,52102.0,38.0
"Parabolic_SAR(af=0.02,max=0.2)",LONG,2026-06-23 04:00:00,2026-06-23 04:20:00,52102.0,52052.0,-28.5
"Parabolic_SAR(af=0.02,max=0.2)",SHORT,2026-06-23 04:20:00,2026-06-23 07:45:00,52052.0,51759.0,143.0
"Parabolic_SAR(af=0.02,max=0.2)",LONG,2026-06-23 07:45:00,2026-06-23 07:50:00,51759.0,51749.0,-8.5
"Parabolic_SAR(af=0.02,max=0.2)",SHORT,2026-06-23 07:50:00,2026-06-23 08:20:00,51749.0,51749.0,-3.5
"Parabolic_SAR(af=0.02,max=0.2)",LONG,2026-06-23 08:20:00,2026-06-23 10:35:00,51749.0,51837.0,40.5
"Parabolic_SAR(af=0.02,max=0.2)",SHORT,2026-06-23 10:35:00,2026-06-23 11:25:00,51837.0,51870.0,-20.0
"Parabolic_SAR(af=0.02,max=0.2)",LONG,2026-06-23 11:25:00,2026-06-23 12:25:00,51870.0,51886.0,4.5
"Parabolic_SAR(af=0.02,max=0.2)",SHORT,2026-06-23 12:25:00,2026-06-23 13:05:00,51886.0,51918.0,-19.5
"Parabolic_SAR(af=0.02,max=0.2)",LONG,2026-06-23 13:05:00,2026-06-23 13:20:00,51918.0,51847.0,-39.0
"Parabolic_SAR(af=0.02,max=0.2)",SHORT,2026-06-23 13:20:00,2026-06-23 13:45:00,51847.0,51908.0,-34.0
"Parabolic_SAR(af=0.02,max=0.2)",LONG,2026-06-23 13:45:00,2026-06-23 15:15:00,51908.0,52119.0,102.0
"Parabolic_SAR(af=0.02,max=0.2)",SHORT,2026-06-23 15:15:00,2026-06-23 15:55:00,52119.0,52136.0,-12.0
"Parabolic_SAR(af=0.02,max=0.2)",LONG,2026-06-23 15:55:00,2026-06-23 17:35:00,52136.0,52251.0,54.0
"Parabolic_SAR(af=0.02,max=0.2)",SHORT,2026-06-23 17:35:00,2026-06-23 19:05:00,52251.0,52128.0,58.0
"Parabolic_SAR(af=0.02,max=0.2)",LONG,2026-06-23 19:05:00,2026-06-23 19:35:00,52128.0,52069.0,-33.0
"Parabolic_SAR(af=0.02,max=0.2)",SHORT,2026-06-23 19:35:00,2026-06-23 19:55:00,52069.0,52153.0,-45.5
"Parabolic_SAR(af=0.02,max=0.2)",LONG,2026-06-23 19:55:00,2026-06-23 20:20:00,52153.0,52065.0,-47.5
"Parabolic_SAR(af=0.02,max=0.2)",SHORT,2026-06-23 20:20:00,2026-06-23 23:20:00,52065.0,52045.0,6.5
"Parabolic_SAR(af=0.02,max=0.2)",LONG,2026-06-23 23:20:00,2026-06-24 00:50:00,52045.0,52054.0,1.0
"Parabolic_SAR(af=0.02,max=0.2)",SHORT,2026-06-24 00:50:00,2026-06-24 02:05:00,52054.0,52071.0,-12.0
"Parabolic_SAR(af=0.02,max=0.2)",LONG,2026-06-24 02:05:00,2026-06-24 02:40:00,52071.0,52045.0,-16.5
"Parabolic_SAR(af=0.02,max=0.2)",SHORT,2026-06-24 02:40:00,2026-06-24 03:15:00,52045.0,52055.0,-8.5
"Parabolic_SAR(af=0.02,max=0.2)",LONG,2026-06-24 03:15:00,2026-06-24 04:15:00,52055.0,52041.0,-10.5
"Parabolic_SAR(af=0.02,max=0.2)",SHORT,2026-06-24 04:15:00,2026-06-24 04:40:00,52041.0,52077.0,-21.5
"Parabolic_SAR(af=0.02,max=0.2)",LONG,2026-06-24 04:40:00,2026-06-24 05:10:00,52077.0,52017.0,-33.5
"Parabolic_SAR(af=0.02,max=0.2)",SHORT,2026-06-24 05:10:00,2026-06-24 07:15:00,52017.0,52020.0,-5.0
"Parabolic_SAR(af=0.02,max=0.2)",LONG,2026-06-24 07:15:00,2026-06-24 07:40:00,52020.0,51982.0,-22.5
"Parabolic_SAR(af=0.02,max=0.2)",SHORT,2026-06-24 07:40:00,2026-06-24 07:50:00,51982.0,52030.0,-27.5
"Parabolic_SAR(af=0.02,max=0.2)",LONG,2026-06-24 07:50:00,2026-06-24 09:20:00,52030.0,52010.0,-13.5
"Parabolic_SAR(af=0.02,max=0.2)",SHORT,2026-06-24 09:20:00,2026-06-24 10:20:00,52010.0,52010.0,-3.5
"Parabolic_SAR(af=0.02,max=0.2)",LONG,2026-06-24 10:20:00,2026-06-24 11:25:00,52010.0,52066.0,24.5
"Parabolic_SAR(af=0.02,max=0.2)",SHORT,2026-06-24 11:25:00,2026-06-24 11:35:00,52066.0,52090.0,-15.5
"Parabolic_SAR(af=0.02,max=0.2)",LONG,2026-06-24 11:35:00,2026-06-24 12:40:00,52090.0,52087.0,-5.0
"Parabolic_SAR(af=0.02,max=0.2)",SHORT,2026-06-24 12:40:00,2026-06-24 13:35:00,52087.0,52118.0,-19.0
"Parabolic_SAR(af=0.02,max=0.2)",LONG,2026-06-24 13:35:00,2026-06-24 15:50:00,52118.0,52598.0,236.5
"Parabolic_SAR(af=0.02,max=0.2)",SHORT,2026-06-24 15:50:00,2026-06-24 17:55:00,52598.0,52259.0,166.0
"Parabolic_SAR(af=0.02,max=0.2)",LONG,2026-06-24 17:55:00,2026-06-24 18:50:00,52259.0,52291.0,12.5
"Parabolic_SAR(af=0.02,max=0.2)",SHORT,2026-06-24 18:50:00,2026-06-24 20:05:00,52291.0,52329.0,-22.5
"Parabolic_SAR(af=0.02,max=0.2)",LONG,2026-06-24 20:05:00,2026-06-24 22:15:00,52329.0,52321.0,-7.5
"Parabolic_SAR(af=0.02,max=0.2)",SHORT,2026-06-24 22:15:00,2026-06-24 23:40:00,52321.0,52338.0,-12.0
"Parabolic_SAR(af=0.02,max=0.2)",LONG,2026-06-24 23:40:00,2026-06-25 00:05:00,52338.0,52294.0,-25.5
"Parabolic_SAR(af=0.02,max=0.2)",SHORT,2026-06-25 00:05:00,2026-06-25 01:25:00,52294.0,52262.0,12.5
"Parabolic_SAR(af=0.02,max=0.2)",LONG,2026-06-25 01:25:00,2026-06-25 02:15:00,52262.0,52257.0,-6.0
"Parabolic_SAR(af=0.02,max=0.2)",SHORT,2026-06-25 02:15:00,2026-06-25 03:05:00,52257.0,52283.0,-16.5
"Parabolic_SAR(af=0.02,max=0.2)",LONG,2026-06-25 03:05:00,2026-06-25 04:10:00,52283.0,52280.0,-5.0
"Parabolic_SAR(af=0.02,max=0.2)",SHORT,2026-06-25 04:10:00,2026-06-25 05:10:00,52280.0,52267.0,3.0
"Parabolic_SAR(af=0.02,max=0.2)",LONG,2026-06-25 05:10:00,2026-06-25 06:55:00,52267.0,52327.0,26.5
"Parabolic_SAR(af=0.02,max=0.2)",SHORT,2026-06-25 06:55:00,2026-06-25 07:25:00,52327.0,52353.0,-16.5
"Parabolic_SAR(af=0.02,max=0.2)",LONG,2026-06-25 07:25:00,2026-06-25 08:15:00,52353.0,52311.0,-24.5
"Parabolic_SAR(af=0.02,max=0.2)",SHORT,2026-06-25 08:15:00,2026-06-25 09:35:00,52311.0,52323.0,-9.5
"Parabolic_SAR(af=0.02,max=0.2)",LONG,2026-06-25 09:35:00,2026-06-25 10:45:00,52323.0,52387.0,28.5
"Parabolic_SAR(af=0.02,max=0.2)",SHORT,2026-06-25 10:45:00,2026-06-25 12:35:00,52387.0,52422.0,-21.0
"Parabolic_SAR(af=0.02,max=0.2)",LONG,2026-06-25 12:35:00,2026-06-25 14:00:00,52422.0,52468.0,19.5
"Parabolic_SAR(af=0.02,max=0.2)",SHORT,2026-06-25 14:00:00,2026-06-25 14:05:00,52468.0,52679.0,-109.0
"Parabolic_SAR(af=0.02,max=0.2)",LONG,2026-06-25 14:05:00,2026-06-25 15:05:00,52679.0,52909.0,111.5
"Parabolic_SAR(af=0.02,max=0.2)",SHORT,2026-06-25 15:05:00,2026-06-25 17:20:00,52909.0,52423.0,239.5
"Parabolic_SAR(af=0.02,max=0.2)",LONG,2026-06-25 17:20:00,2026-06-25 17:25:00,52423.0,52426.0,-2.0
"Parabolic_SAR(af=0.02,max=0.2)",SHORT,2026-06-25 17:25:00,2026-06-25 18:20:00,52426.0,52477.0,-29.0
"Parabolic_SAR(af=0.02,max=0.2)",LONG,2026-06-25 18:20:00,2026-06-25 18:50:00,52477.0,52366.0,-59.0
"Parabolic_SAR(af=0.02,max=0.2)",SHORT,2026-06-25 18:50:00,2026-06-25 20:20:00,52366.0,52478.0,-59.5
"Parabolic_SAR(af=0.02,max=0.2)",LONG,2026-06-25 20:20:00,2026-06-25 23:40:00,52478.0,52434.0,-25.5
"Parabolic_SAR(af=0.02,max=0.2)",SHORT,2026-06-25 23:40:00,2026-06-26 00:20:00,52434.0,52427.0,0.0
"Parabolic_SAR(af=0.02,max=0.2)",LONG,2026-06-26 00:20:00,2026-06-26 01:10:00,52427.0,52422.0,-6.0
"Parabolic_SAR(af=0.02,max=0.2)",SHORT,2026-06-26 01:10:00,2026-06-26 03:45:00,52422.0,52232.0,91.5
"Parabolic_SAR(af=0.02,max=0.2)",LONG,2026-06-26 03:45:00,2026-06-26 04:35:00,52232.0,52238.0,-0.5
"Parabolic_SAR(af=0.02,max=0.2)",SHORT,2026-06-26 04:35:00,2026-06-26 05:20:00,52238.0,52254.0,-11.5
"Parabolic_SAR(af=0.02,max=0.2)",LONG,2026-06-26 05:20:00,2026-06-26 05:40:00,52254.0,52217.0,-22.0
"Parabolic_SAR(af=0.02,max=0.2)",SHORT,2026-06-26 05:40:00,2026-06-26 06:15:00,52217.0,52262.0,-26.0
"Parabolic_SAR(af=0.02,max=0.2)",LONG,2026-06-26 06:15:00,2026-06-26 07:15:00,52262.0,52387.0,59.0
"Parabolic_SAR(af=0.02,max=0.2)",SHORT,2026-06-26 07:15:00,2026-06-26 07:30:00,52387.0,52430.0,-25.0
"Parabolic_SAR(af=0.02,max=0.2)",LONG,2026-06-26 07:30:00,2026-06-26 08:35:00,52430.0,52398.0,-19.5
"Parabolic_SAR(af=0.02,max=0.2)",SHORT,2026-06-26 08:35:00,2026-06-26 09:45:00,52398.0,52308.0,41.5
"Parabolic_SAR(af=0.02,max=0.2)",LONG,2026-06-26 09:45:00,2026-06-26 10:05:00,52308.0,52252.0,-31.5
"Parabolic_SAR(af=0.02,max=0.2)",SHORT,2026-06-26 10:05:00,2026-06-26 12:05:00,52252.0,52308.0,-31.5
"Parabolic_SAR(af=0.02,max=0.2)",LONG,2026-06-26 12:05:00,2026-06-26 12:40:00,52308.0,52246.0,-34.5
"Parabolic_SAR(af=0.02,max=0.2)",SHORT,2026-06-26 12:40:00,2026-06-26 14:00:00,52246.0,52190.0,24.5
"Parabolic_SAR(af=0.02,max=0.2)",LONG,2026-06-26 14:00:00,2026-06-26 15:00:00,52190.0,52289.0,46.0
"Parabolic_SAR(af=0.02,max=0.2)",SHORT,2026-06-26 15:00:00,2026-06-26 15:25:00,52289.0,52384.0,-51.0
"Parabolic_SAR(af=0.02,max=0.2)",LONG,2026-06-26 15:25:00,2026-06-26 16:10:00,52384.0,52387.0,-2.0
"Parabolic_SAR(af=0.02,max=0.2)",SHORT,2026-06-26 16:10:00,2026-06-26 17:05:00,52387.0,52419.0,-19.5
"Parabolic_SAR(af=0.02,max=0.2)",LONG,2026-06-26 17:05:00,2026-06-26 17:55:00,52419.0,52330.0,-48.0
"Parabolic_SAR(af=0.02,max=0.2)",SHORT,2026-06-26 17:55:00,2026-06-26 19:20:00,52330.0,52294.0,14.5
"Parabolic_SAR(af=0.02,max=0.2)",LONG,2026-06-26 19:20:00,2026-06-26 19:35:00,52294.0,52243.0,-29.0
"Parabolic_SAR(af=0.02,max=0.2)",SHORT,2026-06-26 19:35:00,2026-06-26 19:55:00,52243.0,52299.0,-31.5
"Parabolic_SAR(af=0.02,max=0.2)",LONG,2026-06-26 19:55:00,2026-06-26 20:00:00,52299.0,52178.0,-64.0
"Parabolic_SAR(af=0.02,max=0.2)",SHORT,2026-06-26 20:00:00,2026-06-26 20:30:00,52178.0,52289.0,-59.0
"Parabolic_SAR(af=0.02,max=0.2)",LONG,2026-06-26 20:30:00,2026-06-28 22:10:00,52289.0,52324.0,14.0
"Parabolic_SAR(af=0.02,max=0.2)",SHORT,2026-06-28 22:10:00,2026-06-28 22:15:00,52324.0,52335.0,-9.0
"Parabolic_SAR(af=0.02,max=0.2)",LONG,2026-06-28 22:15:00,2026-06-29 00:05:00,52335.0,52374.0,16.0
"Parabolic_SAR(af=0.02,max=0.2)",SHORT,2026-06-29 00:05:00,2026-06-29 01:00:00,52374.0,52369.0,-1.0
"Parabolic_SAR(af=0.02,max=0.2)",LONG,2026-06-29 01:00:00,2026-06-29 01:20:00,52369.0,52300.0,-38.0
"Parabolic_SAR(af=0.02,max=0.2)",SHORT,2026-06-29 01:20:00,2026-06-29 02:30:00,52300.0,52342.0,-24.5
"Parabolic_SAR(af=0.02,max=0.2)",LONG,2026-06-29 02:30:00,2026-06-29 03:35:00,52342.0,52346.0,-1.5
"Parabolic_SAR(af=0.02,max=0.2)",SHORT,2026-06-29 03:35:00,2026-06-29 03:55:00,52346.0,52370.0,-15.5
"Parabolic_SAR(af=0.02,max=0.2)",LONG,2026-06-29 03:55:00,2026-06-29 06:10:00,52370.0,52394.0,8.5
"Parabolic_SAR(af=0.02,max=0.2)",SHORT,2026-06-29 06:10:00,2026-06-29 07:20:00,52394.0,52358.0,14.5
"Parabolic_SAR(af=0.02,max=0.2)",LONG,2026-06-29 07:20:00,2026-06-29 08:35:00,52358.0,52420.0,27.5
"Parabolic_SAR(af=0.02,max=0.2)",SHORT,2026-06-29 08:35:00,2026-06-29 09:35:00,52420.0,52404.0,4.5
"Parabolic_SAR(af=0.02,max=0.2)",LONG,2026-06-29 09:35:00,2026-06-29 09:55:00,52404.0,52356.0,-27.5
"Parabolic_SAR(af=0.02,max=0.2)",SHORT,2026-06-29 09:55:00,2026-06-29 10:35:00,52356.0,52408.0,-29.5
"Parabolic_SAR(af=0.02,max=0.2)",LONG,2026-06-29 10:35:00,2026-06-29 12:05:00,52408.0,52447.0,16.0
"Parabolic_SAR(af=0.02,max=0.2)",SHORT,2026-06-29 12:05:00,2026-06-29 13:00:00,52447.0,52464.0,-12.0
"Parabolic_SAR(af=0.02,max=0.2)",LONG,2026-06-29 13:00:00,2026-06-29 13:30:00,52464.0,52457.0,-7.0
"Parabolic_SAR(af=0.02,max=0.2)",SHORT,2026-06-29 13:30:00,2026-06-29 13:35:00,52457.0,52582.0,-66.0
"Parabolic_SAR(af=0.02,max=0.2)",LONG,2026-06-29 13:35:00,2026-06-29 14:10:00,52582.0,52478.0,-55.5
"Parabolic_SAR(af=0.02,max=0.2)",SHORT,2026-06-29 14:10:00,2026-06-29 14:35:00,52478.0,52629.0,-79.0
"Parabolic_SAR(af=0.02,max=0.2)",LONG,2026-06-29 14:35:00,2026-06-29 15:25:00,52629.0,52456.0,-90.0
"Parabolic_SAR(af=0.02,max=0.2)",SHORT,2026-06-29 15:25:00,2026-06-29 17:45:00,52456.0,52582.0,-66.5
"Parabolic_SAR(af=0.02,max=0.2)",LONG,2026-06-29 17:45:00,2026-06-29 19:05:00,52582.0,52612.0,11.5
"Parabolic_SAR(af=0.02,max=0.2)",SHORT,2026-06-29 19:05:00,2026-06-29 20:25:00,52612.0,52577.0,14.0
"Parabolic_SAR(af=0.02,max=0.2)",LONG,2026-06-29 20:25:00,2026-06-29 22:00:00,52577.0,52554.0,-15.0
"Parabolic_SAR(af=0.02,max=0.2)",SHORT,2026-06-29 22:00:00,2026-06-29 23:10:00,52554.0,52548.0,-0.5
"Parabolic_SAR(af=0.02,max=0.2)",LONG,2026-06-29 23:10:00,2026-06-29 23:45:00,52548.0,52523.0,-16.0
"Parabolic_SAR(af=0.02,max=0.2)",SHORT,2026-06-29 23:45:00,2026-06-30 01:05:00,52523.0,52507.0,4.5
"Parabolic_SAR(af=0.02,max=0.2)",LONG,2026-06-30 01:05:00,2026-06-30 02:20:00,52507.0,52508.0,-3.0
"Parabolic_SAR(af=0.02,max=0.2)",SHORT,2026-06-30 02:20:00,2026-06-30 03:40:00,52508.0,52553.0,-26.0
"Parabolic_SAR(af=0.02,max=0.2)",LONG,2026-06-30 03:40:00,2026-06-30 05:30:00,52553.0,52574.0,7.0
"Parabolic_SAR(af=0.02,max=0.2)",SHORT,2026-06-30 05:30:00,2026-06-30 06:00:00,52574.0,52588.0,-10.5
"Parabolic_SAR(af=0.02,max=0.2)",LONG,2026-06-30 06:00:00,2026-06-30 06:25:00,52588.0,52571.0,-12.0
"Parabolic_SAR(af=0.02,max=0.2)",SHORT,2026-06-30 06:25:00,2026-06-30 07:00:00,52571.0,52603.0,-19.5
"Parabolic_SAR(af=0.02,max=0.2)",LONG,2026-06-30 07:00:00,2026-06-30 07:55:00,52603.0,52592.0,-9.0
"Parabolic_SAR(af=0.02,max=0.2)",SHORT,2026-06-30 07:55:00,2026-06-30 09:00:00,52592.0,52593.0,-4.0
"Parabolic_SAR(af=0.02,max=0.2)",LONG,2026-06-30 09:00:00,2026-06-30 10:15:00,52593.0,52633.0,16.5
"Parabolic_SAR(af=0.02,max=0.2)",SHORT,2026-06-30 10:15:00,2026-06-30 11:00:00,52633.0,52671.0,-22.5
"Parabolic_SAR(af=0.02,max=0.2)",LONG,2026-06-30 11:00:00,2026-06-30 11:30:00,52671.0,52635.0,-21.5
"Parabolic_SAR(af=0.02,max=0.2)",SHORT,2026-06-30 11:30:00,2026-06-30 12:50:00,52635.0,52559.0,34.5
"Parabolic_SAR(af=0.02,max=0.2)",LONG,2026-06-30 12:50:00,2026-06-30 13:35:00,52559.0,52401.0,-82.5
"Parabolic_SAR(af=0.02,max=0.2)",SHORT,2026-06-30 13:35:00,2026-06-30 14:00:00,52401.0,52619.0,-112.5
"Parabolic_SAR(af=0.02,max=0.2)",LONG,2026-06-30 14:00:00,2026-06-30 15:40:00,52619.0,52627.0,0.5
"Parabolic_SAR(af=0.02,max=0.2)",SHORT,2026-06-30 15:40:00,2026-06-30 16:10:00,52627.0,52711.0,-45.5
"Parabolic_SAR(af=0.02,max=0.2)",LONG,2026-06-30 16:10:00,2026-06-30 17:40:00,52711.0,52715.0,-1.5
"Parabolic_SAR(af=0.02,max=0.2)",SHORT,2026-06-30 17:40:00,2026-06-30 18:50:00,52715.0,52732.0,-12.0
"Parabolic_SAR(af=0.02,max=0.2)",LONG,2026-06-30 18:50:00,2026-06-30 19:35:00,52732.0,52685.0,-27.0
"Parabolic_SAR(af=0.02,max=0.2)",SHORT,2026-06-30 19:35:00,2026-06-30 20:00:00,52685.0,52666.0,6.0
"Parabolic_SAR(af=0.02,max=0.2)",LONG,2026-06-30 20:00:00,2026-06-30 20:15:00,52666.0,52654.0,-9.5
"Parabolic_SAR(af=0.02,max=0.2)",SHORT,2026-06-30 20:15:00,2026-06-30 22:20:00,52654.0,52601.0,23.0
"Parabolic_SAR(af=0.02,max=0.2)",LONG,2026-06-30 22:20:00,2026-06-30 22:55:00,52601.0,52575.0,-16.5
"Parabolic_SAR(af=0.02,max=0.2)",SHORT,2026-06-30 22:55:00,2026-07-01 00:05:00,52575.0,52584.0,-8.0
"Parabolic_SAR(af=0.02,max=0.2)",LONG,2026-07-01 00:05:00,2026-07-01 01:05:00,52584.0,52565.0,-13.0
"Parabolic_SAR(af=0.02,max=0.2)",SHORT,2026-07-01 01:05:00,2026-07-01 03:15:00,52565.0,52501.0,28.5
"Parabolic_SAR(af=0.02,max=0.2)",LONG,2026-07-01 03:15:00,2026-07-01 03:35:00,52501.0,52475.0,-16.5
"Parabolic_SAR(af=0.02,max=0.2)",SHORT,2026-07-01 03:35:00,2026-07-01 03:55:00,52475.0,52498.0,-15.0
"Parabolic_SAR(af=0.02,max=0.2)",LONG,2026-07-01 03:55:00,2026-07-01 05:35:00,52498.0,52500.0,-2.5
"Parabolic_SAR(af=0.02,max=0.2)",SHORT,2026-07-01 05:35:00,2026-07-01 06:25:00,52500.0,52512.0,-9.5
"Parabolic_SAR(af=0.02,max=0.2)",LONG,2026-07-01 06:25:00,2026-07-01 07:05:00,52512.0,52505.0,-7.0
"Parabolic_SAR(af=0.02,max=0.2)",SHORT,2026-07-01 07:05:00,2026-07-01 07:45:00,52505.0,52483.0,7.5
"Parabolic_SAR(af=0.02,max=0.2)",LONG,2026-07-01 07:45:00,2026-07-01 09:05:00,52483.0,52533.0,21.5
"Parabolic_SAR(af=0.02,max=0.2)",SHORT,2026-07-01 09:05:00,2026-07-01 09:35:00,52533.0,52555.0,-14.5
"Parabolic_SAR(af=0.02,max=0.2)",LONG,2026-07-01 09:35:00,2026-07-01 10:10:00,52555.0,52524.0,-19.0
"Parabolic_SAR(af=0.02,max=0.2)",SHORT,2026-07-01 10:10:00,2026-07-01 10:25:00,52524.0,52558.0,-20.5
"Parabolic_SAR(af=0.02,max=0.2)",LONG,2026-07-01 10:25:00,2026-07-01 11:40:00,52558.0,52528.0,-18.5
"Parabolic_SAR(af=0.02,max=0.2)",SHORT,2026-07-01 11:40:00,2026-07-01 12:25:00,52528.0,52528.0,-3.5
"Parabolic_SAR(af=0.02,max=0.2)",LONG,2026-07-01 12:25:00,2026-07-01 12:35:00,52528.0,52469.0,-33.0
"Parabolic_SAR(af=0.02,max=0.2)",SHORT,2026-07-01 12:35:00,2026-07-01 12:55:00,52469.0,52529.0,-33.5
"Parabolic_SAR(af=0.02,max=0.2)",LONG,2026-07-01 12:55:00,2026-07-01 13:35:00,52529.0,52416.0,-60.0
"Parabolic_SAR(af=0.02,max=0.2)",SHORT,2026-07-01 13:35:00,2026-07-01 13:55:00,52416.0,52641.0,-116.0
"Parabolic_SAR(af=0.02,max=0.2)",LONG,2026-07-01 13:55:00,2026-07-01 16:35:00,52641.0,53019.0,185.5
"Parabolic_SAR(af=0.02,max=0.2)",SHORT,2026-07-01 16:35:00,2026-07-01 18:40:00,53019.0,52719.0,146.5
"Parabolic_SAR(af=0.02,max=0.2)",LONG,2026-07-01 18:40:00,2026-07-01 19:00:00,52719.0,52725.0,-0.5
"Parabolic_SAR(af=0.02,max=0.2)",SHORT,2026-07-01 19:00:00,2026-07-01 19:05:00,52725.0,52719.0,-0.5
"Parabolic_SAR(af=0.02,max=0.2)",LONG,2026-07-01 19:05:00,2026-07-01 19:15:00,52719.0,52722.0,-2.0
"Parabolic_SAR(af=0.02,max=0.2)",SHORT,2026-07-01 19:15:00,2026-07-01 19:20:00,52722.0,52737.0,-11.0
"Parabolic_SAR(af=0.02,max=0.2)",LONG,2026-07-01 19:20:00,2026-07-01 19:30:00,52737.0,52696.0,-24.0
"Parabolic_SAR(af=0.02,max=0.2)",SHORT,2026-07-01 19:30:00,2026-07-01 22:05:00,52696.0,52587.0,51.0
"Parabolic_SAR(af=0.02,max=0.2)",LONG,2026-07-01 22:05:00,2026-07-01 23:50:00,52587.0,52587.0,-3.5
"Parabolic_SAR(af=0.02,max=0.2)",SHORT,2026-07-01 23:50:00,2026-07-02 00:40:00,52587.0,52598.0,-9.0
"Parabolic_SAR(af=0.02,max=0.2)",LONG,2026-07-02 00:40:00,2026-07-02 02:45:00,52598.0,52703.0,49.0
"Parabolic_SAR(af=0.02,max=0.2)",SHORT,2026-07-02 02:45:00,2026-07-02 02:55:00,52703.0,52719.0,-11.5
"Parabolic_SAR(af=0.02,max=0.2)",LONG,2026-07-02 02:55:00,2026-07-02 03:15:00,52719.0,52715.0,-5.5
"Parabolic_SAR(af=0.02,max=0.2)",SHORT,2026-07-02 03:15:00,2026-07-02 03:35:00,52715.0,52727.0,-9.5
"Parabolic_SAR(af=0.02,max=0.2)",LONG,2026-07-02 03:35:00,2026-07-02 04:10:00,52727.0,52704.0,-15.0
"Parabolic_SAR(af=0.02,max=0.2)",SHORT,2026-07-02 04:10:00,2026-07-02 05:00:00,52704.0,52686.0,5.5
"Parabolic_SAR(af=0.02,max=0.2)",LONG,2026-07-02 05:00:00,2026-07-02 05:35:00,52686.0,52673.0,-10.0
"Parabolic_SAR(af=0.02,max=0.2)",SHORT,2026-07-02 05:35:00,2026-07-02 07:25:00,52673.0,52593.0,36.5
"Parabolic_SAR(af=0.02,max=0.2)",LONG,2026-07-02 07:25:00,2026-07-02 09:05:00,52593.0,52677.0,38.5
"Parabolic_SAR(af=0.02,max=0.2)",SHORT,2026-07-02 09:05:00,2026-07-02 09:45:00,52677.0,52699.0,-14.5
"Parabolic_SAR(af=0.02,max=0.2)",LONG,2026-07-02 09:45:00,2026-07-02 11:35:00,52699.0,52755.0,24.5
"Parabolic_SAR(af=0.02,max=0.2)",SHORT,2026-07-02 11:35:00,2026-07-02 11:50:00,52755.0,52771.0,-11.5
"Parabolic_SAR(af=0.02,max=0.2)",LONG,2026-07-02 11:50:00,2026-07-02 11:55:00,52771.0,52739.0,-19.5
"Parabolic_SAR(af=0.02,max=0.2)",SHORT,2026-07-02 11:55:00,2026-07-02 12:35:00,52739.0,52857.0,-62.5
"Parabolic_SAR(af=0.02,max=0.2)",LONG,2026-07-02 12:35:00,2026-07-02 13:20:00,52857.0,52836.0,-14.0
"Parabolic_SAR(af=0.02,max=0.2)",SHORT,2026-07-02 13:20:00,2026-07-02 13:30:00,52836.0,52951.0,-61.0
"Parabolic_SAR(af=0.02,max=0.2)",LONG,2026-07-02 13:30:00,2026-07-02 14:30:00,52951.0,52968.0,5.0
"Parabolic_SAR(af=0.02,max=0.2)",SHORT,2026-07-02 14:30:00,2026-07-02 15:00:00,52968.0,53116.0,-77.5
"Parabolic_SAR(af=0.02,max=0.2)",LONG,2026-07-02 15:00:00,2026-07-02 15:10:00,53116.0,52990.0,-66.5
"Parabolic_SAR(af=0.02,max=0.2)",SHORT,2026-07-02 15:10:00,2026-07-02 18:10:00,52990.0,52914.0,34.5
"Parabolic_SAR(af=0.02,max=0.2)",LONG,2026-07-02 18:10:00,2026-07-02 19:20:00,52914.0,52932.0,5.5
"Parabolic_SAR(af=0.02,max=0.2)",SHORT,2026-07-02 19:20:00,2026-07-02 19:40:00,52932.0,53031.0,-53.0
"Parabolic_SAR(af=0.02,max=0.2)",LONG,2026-07-02 19:40:00,2026-07-02 22:00:00,53031.0,53152.0,57.0
"Parabolic_SAR(af=0.02,max=0.2)",SHORT,2026-07-02 22:00:00,2026-07-02 23:00:00,53152.0,53191.0,-23.0
"Parabolic_SAR(af=0.02,max=0.2)",LONG,2026-07-02 23:00:00,2026-07-03 01:55:00,53191.0,53362.0,82.0
"Parabolic_SAR(af=0.02,max=0.2)",SHORT,2026-07-03 01:55:00,2026-07-03 03:25:00,53362.0,53320.0,17.5
"Parabolic_SAR(af=0.02,max=0.2)",LONG,2026-07-03 03:25:00,2026-07-05 22:05:00,53320.0,53171.0,-78.0
"Parabolic_SAR(af=0.02,max=0.2)",SHORT,2026-07-05 22:05:00,2026-07-05 23:35:00,53171.0,53213.0,-24.5
"Parabolic_SAR(af=0.02,max=0.2)",LONG,2026-07-05 23:35:00,2026-07-06 00:10:00,53213.0,53258.0,19.0
"Parabolic_SAR(af=0.02,max=0.2)",SHORT,2026-07-06 00:10:00,2026-07-06 00:20:00,53258.0,53268.0,-8.5
"Parabolic_SAR(af=0.02,max=0.2)",LONG,2026-07-06 00:20:00,2026-07-06 00:35:00,53268.0,53246.0,-14.5
"Parabolic_SAR(af=0.02,max=0.2)",SHORT,2026-07-06 00:35:00,2026-07-06 00:55:00,53246.0,53283.0,-22.0
"Parabolic_SAR(af=0.02,max=0.2)",LONG,2026-07-06 00:55:00,2026-07-06 01:00:00,53283.0,53275.0,-7.5
"Parabolic_SAR(af=0.02,max=0.2)",SHORT,2026-07-06 01:00:00,2026-07-06 04:45:00,53275.0,53177.0,45.5
"Parabolic_SAR(af=0.02,max=0.2)",LONG,2026-07-06 04:45:00,2026-07-06 05:30:00,53177.0,53193.0,4.5
"Parabolic_SAR(af=0.02,max=0.2)",SHORT,2026-07-06 05:30:00,2026-07-06 05:45:00,53193.0,53203.0,-8.5
"Parabolic_SAR(af=0.02,max=0.2)",LONG,2026-07-06 05:45:00,2026-07-06 05:55:00,53203.0,53202.0,-4.0
"Parabolic_SAR(af=0.02,max=0.2)",SHORT,2026-07-06 05:55:00,2026-07-06 07:05:00,53202.0,53208.0,-6.5
"Parabolic_SAR(af=0.02,max=0.2)",LONG,2026-07-06 07:05:00,2026-07-06 07:10:00,53208.0,53221.0,3.0
"Parabolic_SAR(af=0.02,max=0.2)",SHORT,2026-07-06 07:10:00,2026-07-06 07:15:00,53221.0,53235.0,-10.5
"Parabolic_SAR(af=0.02,max=0.2)",LONG,2026-07-06 07:15:00,2026-07-06 07:35:00,53235.0,53234.0,-4.0
"Parabolic_SAR(af=0.02,max=0.2)",SHORT,2026-07-06 07:35:00,2026-07-06 07:45:00,53234.0,53265.0,-19.0
"Parabolic_SAR(af=0.02,max=0.2)",LONG,2026-07-06 07:45:00,2026-07-06 08:00:00,53265.0,53291.0,9.5
"Parabolic_SAR(af=0.02,max=0.2)",SHORT,2026-07-06 08:00:00,2026-07-06 08:05:00,53291.0,53292.0,-4.0
"Parabolic_SAR(af=0.02,max=0.2)",LONG,2026-07-06 08:05:00,2026-07-06 08:25:00,53292.0,53284.0,-7.5
"Parabolic_SAR(af=0.02,max=0.2)",SHORT,2026-07-06 08:25:00,2026-07-06 12:30:00,53284.0,53121.0,78.0
"Parabolic_SAR(af=0.02,max=0.2)",LONG,2026-07-06 12:30:00,2026-07-06 13:05:00,53121.0,53102.0,-13.0
"Parabolic_SAR(af=0.02,max=0.2)",SHORT,2026-07-06 13:05:00,2026-07-06 13:20:00,53102.0,53094.0,0.5
"Parabolic_SAR(af=0.02,max=0.2)",LONG,2026-07-06 13:20:00,2026-07-06 13:55:00,53094.0,53102.0,0.5
"Parabolic_SAR(af=0.02,max=0.2)",SHORT,2026-07-06 13:55:00,2026-07-06 15:00:00,53102.0,53193.0,-49.0
"Parabolic_SAR(af=0.02,max=0.2)",LONG,2026-07-06 15:00:00,2026-07-06 16:20:00,53193.0,53187.0,-6.5
"Parabolic_SAR(af=0.02,max=0.2)",SHORT,2026-07-06 16:20:00,2026-07-06 16:50:00,53187.0,53235.0,-27.5
"Parabolic_SAR(af=0.02,max=0.2)",LONG,2026-07-06 16:50:00,2026-07-06 17:25:00,53235.0,53268.0,13.0
"Parabolic_SAR(af=0.02,max=0.2)",SHORT,2026-07-06 17:25:00,2026-07-06 18:10:00,53268.0,53257.0,2.0
"Parabolic_SAR(af=0.02,max=0.2)",LONG,2026-07-06 18:10:00,2026-07-06 18:15:00,53257.0,53263.0,-0.5
"Parabolic_SAR(af=0.02,max=0.2)",SHORT,2026-07-06 18:15:00,2026-07-06 18:20:00,53263.0,53278.0,-11.0
"Parabolic_SAR(af=0.02,max=0.2)",LONG,2026-07-06 18:20:00,2026-07-06 18:40:00,53278.0,53276.0,-4.5
"Parabolic_SAR(af=0.02,max=0.2)",SHORT,2026-07-06 18:40:00,2026-07-06 18:55:00,53276.0,53316.0,-23.5
"Parabolic_SAR(af=0.02,max=0.2)",LONG,2026-07-06 18:55:00,2026-07-06 19:05:00,53316.0,53314.0,-4.5
"Parabolic_SAR(af=0.02,max=0.2)",SHORT,2026-07-06 19:05:00,2026-07-06 19:55:00,53314.0,53321.0,-7.0
"Parabolic_SAR(af=0.02,max=0.2)",LONG,2026-07-06 19:55:00,2026-07-06 20:15:00,53321.0,53386.0,29.0
"Parabolic_SAR(af=0.02,max=0.2)",SHORT,2026-07-06 20:15:00,2026-07-06 20:20:00,53386.0,53404.0,-12.5
"Parabolic_SAR(af=0.02,max=0.2)",LONG,2026-07-06 20:20:00,2026-07-06 20:40:00,53404.0,53410.0,-0.5
"Parabolic_SAR(af=0.02,max=0.2)",SHORT,2026-07-06 20:40:00,2026-07-06 22:00:00,53410.0,53405.0,-1.0
"Parabolic_SAR(af=0.02,max=0.2)",LONG,2026-07-06 22:00:00,2026-07-06 23:55:00,53405.0,53364.0,-24.0
"Parabolic_SAR(af=0.02,max=0.2)",SHORT,2026-07-06 23:55:00,2026-07-07 01:10:00,53364.0,53430.0,-36.5
"Parabolic_SAR(af=0.02,max=0.2)",LONG,2026-07-07 01:10:00,2026-07-07 02:25:00,53430.0,53423.0,-7.0
"Parabolic_SAR(af=0.02,max=0.2)",SHORT,2026-07-07 02:25:00,2026-07-07 03:40:00,53423.0,53433.0,-8.5
"Parabolic_SAR(af=0.02,max=0.2)",LONG,2026-07-07 03:40:00,2026-07-07 04:25:00,53433.0,53419.0,-10.5
"Parabolic_SAR(af=0.02,max=0.2)",SHORT,2026-07-07 04:25:00,2026-07-07 05:35:00,53419.0,53385.0,13.5
"Parabolic_SAR(af=0.02,max=0.2)",LONG,2026-07-07 05:35:00,2026-07-07 06:10:00,53385.0,53382.0,-5.0
"Parabolic_SAR(af=0.02,max=0.2)",SHORT,2026-07-07 06:10:00,2026-07-07 06:55:00,53382.0,53385.0,-5.0
"Parabolic_SAR(af=0.02,max=0.2)",LONG,2026-07-07 06:55:00,2026-07-07 07:55:00,53385.0,53433.0,20.5
"Parabolic_SAR(af=0.02,max=0.2)",SHORT,2026-07-07 07:55:00,2026-07-07 08:20:00,53433.0,53476.0,-25.0
"Parabolic_SAR(af=0.02,max=0.2)",LONG,2026-07-07 08:20:00,2026-07-07 09:00:00,53476.0,53462.0,-10.5
"Parabolic_SAR(af=0.02,max=0.2)",SHORT,2026-07-07 09:00:00,2026-07-07 09:45:00,53462.0,53498.0,-21.5
"Parabolic_SAR(af=0.02,max=0.2)",LONG,2026-07-07 09:45:00,2026-07-07 10:20:00,53498.0,53460.0,-22.5
"Parabolic_SAR(af=0.02,max=0.2)",SHORT,2026-07-07 10:20:00,2026-07-07 11:10:00,53460.0,53482.0,-14.5
"Parabolic_SAR(af=0.02,max=0.2)",LONG,2026-07-07 11:10:00,2026-07-07 12:25:00,53482.0,53528.0,19.5
"Parabolic_SAR(af=0.02,max=0.2)",SHORT,2026-07-07 12:25:00,2026-07-07 12:30:00,53528.0,53541.0,-10.0
"Parabolic_SAR(af=0.02,max=0.2)",LONG,2026-07-07 12:30:00,2026-07-07 13:10:00,53541.0,53591.0,21.5
"Parabolic_SAR(af=0.02,max=0.2)",SHORT,2026-07-07 13:10:00,2026-07-07 13:15:00,53591.0,53615.0,-15.5
"Parabolic_SAR(af=0.02,max=0.2)",LONG,2026-07-07 13:15:00,2026-07-07 13:35:00,53615.0,53503.0,-59.5
"Parabolic_SAR(af=0.02,max=0.2)",SHORT,2026-07-07 13:35:00,2026-07-07 15:30:00,53503.0,53162.0,167.0
"Parabolic_SAR(af=0.02,max=0.2)",LONG,2026-07-07 15:30:00,2026-07-07 17:00:00,53162.0,53200.0,15.5
"Parabolic_SAR(af=0.02,max=0.2)",SHORT,2026-07-07 17:00:00,2026-07-07 17:30:00,53200.0,53231.0,-19.0
"Parabolic_SAR(af=0.02,max=0.2)",LONG,2026-07-07 17:30:00,2026-07-07 18:15:00,53231.0,53195.0,-21.5
"Parabolic_SAR(af=0.02,max=0.2)",SHORT,2026-07-07 18:15:00,2026-07-07 18:30:00,53195.0,53248.0,-30.0
"Parabolic_SAR(af=0.02,max=0.2)",LONG,2026-07-07 18:30:00,2026-07-07 18:50:00,53248.0,53209.0,-23.0
"Parabolic_SAR(af=0.02,max=0.2)",SHORT,2026-07-07 18:50:00,2026-07-07 19:50:00,53209.0,53201.0,0.5
"Parabolic_SAR(af=0.02,max=0.2)",LONG,2026-07-07 19:50:00,2026-07-07 20:15:00,53201.0,53171.0,-18.5
"Parabolic_SAR(af=0.02,max=0.2)",SHORT,2026-07-07 20:15:00,2026-07-07 23:20:00,53171.0,53194.0,-15.0
"Parabolic_SAR(af=0.02,max=0.2)",LONG,2026-07-07 23:20:00,2026-07-08 00:00:00,53194.0,53135.0,-33.0
"Parabolic_SAR(af=0.02,max=0.2)",SHORT,2026-07-08 00:00:00,2026-07-08 00:45:00,53135.0,53174.0,-23.0
"Parabolic_SAR(af=0.02,max=0.2)",LONG,2026-07-08 00:45:00,2026-07-08 01:40:00,53174.0,53168.0,-6.5
"Parabolic_SAR(af=0.02,max=0.2)",SHORT,2026-07-08 01:40:00,2026-07-08 03:10:00,53168.0,53141.0,10.0
"Parabolic_SAR(af=0.02,max=0.2)",LONG,2026-07-08 03:10:00,2026-07-08 04:05:00,53141.0,53135.0,-6.5
"Parabolic_SAR(af=0.02,max=0.2)",SHORT,2026-07-08 04:05:00,2026-07-08 04:35:00,53135.0,53152.0,-12.0
"Parabolic_SAR(af=0.02,max=0.2)",LONG,2026-07-08 04:35:00,2026-07-08 05:20:00,53152.0,53140.0,-9.5
"Parabolic_SAR(af=0.02,max=0.2)",SHORT,2026-07-08 05:20:00,2026-07-08 06:30:00,53140.0,53090.0,21.5
"Parabolic_SAR(af=0.02,max=0.2)",LONG,2026-07-08 06:30:00,2026-07-08 06:35:00,53090.0,53069.0,-14.0
"Parabolic_SAR(af=0.02,max=0.2)",SHORT,2026-07-08 06:35:00,2026-07-08 07:45:00,53069.0,53028.0,17.0
"Parabolic_SAR(af=0.02,max=0.2)",LONG,2026-07-08 07:45:00,2026-07-08 08:00:00,53028.0,52996.0,-19.5
"Parabolic_SAR(af=0.02,max=0.2)",SHORT,2026-07-08 08:00:00,2026-07-08 09:40:00,52996.0,52539.0,225.0
"Parabolic_SAR(af=0.02,max=0.2)",LONG,2026-07-08 09:40:00,2026-07-08 10:05:00,52539.0,52495.0,-25.5
"Parabolic_SAR(af=0.02,max=0.2)",SHORT,2026-07-08 10:05:00,2026-07-08 10:35:00,52495.0,52609.0,-60.5
"Parabolic_SAR(af=0.02,max=0.2)",LONG,2026-07-08 10:35:00,2026-07-08 11:25:00,52609.0,52582.0,-17.0
"Parabolic_SAR(af=0.02,max=0.2)",SHORT,2026-07-08 11:25:00,2026-07-08 11:45:00,52582.0,52697.0,-61.0
"Parabolic_SAR(af=0.02,max=0.2)",LONG,2026-07-08 11:45:00,2026-07-08 13:00:00,52697.0,52700.0,-2.0
"Parabolic_SAR(af=0.02,max=0.2)",SHORT,2026-07-08 13:00:00,2026-07-08 13:45:00,52700.0,52743.0,-25.0
"Parabolic_SAR(af=0.02,max=0.2)",LONG,2026-07-08 13:45:00,2026-07-08 14:15:00,52743.0,52620.0,-65.0
"Parabolic_SAR(af=0.02,max=0.2)",SHORT,2026-07-08 14:15:00,2026-07-08 16:00:00,52620.0,52387.0,113.0
"Parabolic_SAR(af=0.02,max=0.2)",LONG,2026-07-08 16:00:00,2026-07-08 17:15:00,52387.0,52588.0,97.0
"Parabolic_SAR(af=0.02,max=0.2)",SHORT,2026-07-08 17:15:00,2026-07-08 17:20:00,52588.0,52628.0,-23.5
"Parabolic_SAR(af=0.02,max=0.2)",LONG,2026-07-08 17:20:00,2026-07-08 17:50:00,52628.0,52596.0,-19.5
"Parabolic_SAR(af=0.02,max=0.2)",SHORT,2026-07-08 17:50:00,2026-07-08 18:40:00,52596.0,52658.0,-34.5
"Parabolic_SAR(af=0.02,max=0.2)",LONG,2026-07-08 18:40:00,2026-07-08 19:35:00,52658.0,52609.0,-28.0
"Parabolic_SAR(af=0.02,max=0.2)",SHORT,2026-07-08 19:35:00,2026-07-08 22:35:00,52609.0,52582.0,10.0
"Parabolic_SAR(af=0.02,max=0.2)",LONG,2026-07-08 22:35:00,2026-07-09 00:55:00,52582.0,52628.0,19.5
"Parabolic_SAR(af=0.02,max=0.2)",SHORT,2026-07-09 00:55:00,2026-07-09 01:05:00,52628.0,52659.0,-19.0
"Parabolic_SAR(af=0.02,max=0.2)",LONG,2026-07-09 01:05:00,2026-07-09 02:40:00,52659.0,52673.0,3.5
"Parabolic_SAR(af=0.02,max=0.2)",SHORT,2026-07-09 02:40:00,2026-07-09 03:35:00,52673.0,52691.0,-12.5
"Parabolic_SAR(af=0.02,max=0.2)",LONG,2026-07-09 03:35:00,2026-07-09 05:25:00,52691.0,52687.0,-5.5
"Parabolic_SAR(af=0.02,max=0.2)",SHORT,2026-07-09 05:25:00,2026-07-09 05:55:00,52687.0,52735.0,-27.5
"Parabolic_SAR(af=0.02,max=0.2)",LONG,2026-07-09 05:55:00,2026-07-09 06:30:00,52735.0,52698.0,-22.0
"Parabolic_SAR(af=0.02,max=0.2)",SHORT,2026-07-09 06:30:00,2026-07-09 07:45:00,52698.0,52735.0,-22.0
"Parabolic_SAR(af=0.02,max=0.2)",LONG,2026-07-09 07:45:00,2026-07-09 08:05:00,52735.0,52680.0,-31.0
"Parabolic_SAR(af=0.02,max=0.2)",SHORT,2026-07-09 08:05:00,2026-07-09 09:55:00,52680.0,52623.0,25.0
"Parabolic_SAR(af=0.02,max=0.2)",LONG,2026-07-09 09:55:00,2026-07-09 10:30:00,52623.0,52578.0,-26.0
"Parabolic_SAR(af=0.02,max=0.2)",SHORT,2026-07-09 10:30:00,2026-07-09 11:50:00,52578.0,52579.0,-4.0
"Parabolic_SAR(af=0.02,max=0.2)",LONG,2026-07-09 11:50:00,2026-07-09 13:35:00,52579.0,52602.0,8.0
"Parabolic_SAR(af=0.02,max=0.2)",SHORT,2026-07-09 13:35:00,2026-07-09 14:10:00,52602.0,52697.0,-51.0
"Parabolic_SAR(af=0.02,max=0.2)",LONG,2026-07-09 14:10:00,2026-07-09 16:00:00,52697.0,52775.0,35.5
"Parabolic_SAR(af=0.02,max=0.2)",SHORT,2026-07-09 16:00:00,2026-07-09 16:25:00,52775.0,52851.0,-41.5
"Parabolic_SAR(af=0.02,max=0.2)",LONG,2026-07-09 16:25:00,2026-07-09 16:55:00,52851.0,52780.0,-39.0
"Parabolic_SAR(af=0.02,max=0.2)",SHORT,2026-07-09 16:55:00,2026-07-09 17:50:00,52780.0,52839.0,-33.0
"Parabolic_SAR(af=0.02,max=0.2)",LONG,2026-07-09 17:50:00,2026-07-09 18:25:00,52839.0,52786.0,-30.0
"Parabolic_SAR(af=0.02,max=0.2)",SHORT,2026-07-09 18:25:00,2026-07-09 19:45:00,52786.0,52722.0,28.5
"Parabolic_SAR(af=0.02,max=0.2)",LONG,2026-07-09 19:45:00,2026-07-09 20:50:00,52722.0,52750.0,10.5
"Parabolic_SAR(af=0.02,max=0.2)",SHORT,2026-07-09 20:50:00,2026-07-09 22:35:00,52750.0,52748.0,-2.5
"Parabolic_SAR(af=0.02,max=0.2)",LONG,2026-07-09 22:35:00,2026-07-09 23:50:00,52748.0,52739.0,-8.0
"Parabolic_SAR(af=0.02,max=0.2)",SHORT,2026-07-09 23:50:00,2026-07-10 01:05:00,52739.0,52737.0,-2.5
"Parabolic_SAR(af=0.02,max=0.2)",LONG,2026-07-10 01:05:00,2026-07-10 01:50:00,52737.0,52736.0,-4.0
"Parabolic_SAR(af=0.02,max=0.2)",SHORT,2026-07-10 01:50:00,2026-07-10 02:10:00,52736.0,52743.0,-7.0
"Parabolic_SAR(af=0.02,max=0.2)",LONG,2026-07-10 02:10:00,2026-07-10 02:40:00,52743.0,52731.0,-9.5
"Parabolic_SAR(af=0.02,max=0.2)",SHORT,2026-07-10 02:40:00,2026-07-10 03:00:00,52731.0,52743.0,-9.5
"Parabolic_SAR(af=0.02,max=0.2)",LONG,2026-07-10 03:00:00,2026-07-10 03:40:00,52743.0,52734.0,-8.0
"Parabolic_SAR(af=0.02,max=0.2)",SHORT,2026-07-10 03:40:00,2026-07-10 05:20:00,52734.0,52724.0,1.5
"Parabolic_SAR(af=0.02,max=0.2)",LONG,2026-07-10 05:20:00,2026-07-10 06:30:00,52724.0,52782.0,25.5
"Parabolic_SAR(af=0.02,max=0.2)",SHORT,2026-07-10 06:30:00,2026-07-10 06:35:00,52782.0,52783.0,-4.0
"Parabolic_SAR(af=0.02,max=0.2)",LONG,2026-07-10 06:35:00,2026-07-10 06:45:00,52783.0,52765.0,-12.5
"Parabolic_SAR(af=0.02,max=0.2)",SHORT,2026-07-10 06:45:00,2026-07-10 07:15:00,52765.0,52831.0,-36.5
"Parabolic_SAR(af=0.02,max=0.2)",LONG,2026-07-10 07:15:00,2026-07-10 07:50:00,52831.0,52795.0,-21.5
"Parabolic_SAR(af=0.02,max=0.2)",SHORT,2026-07-10 07:50:00,2026-07-10 08:10:00,52795.0,52849.0,-30.5
"Parabolic_SAR(af=0.02,max=0.2)",LONG,2026-07-10 08:10:00,2026-07-10 08:45:00,52849.0,52803.0,-26.5
"Parabolic_SAR(af=0.02,max=0.2)",SHORT,2026-07-10 08:45:00,2026-07-10 09:15:00,52803.0,52842.0,-23.0
"Parabolic_SAR(af=0.02,max=0.2)",LONG,2026-07-10 09:15:00,2026-07-10 11:10:00,52842.0,52870.0,10.5
"Parabolic_SAR(af=0.02,max=0.2)",SHORT,2026-07-10 11:10:00,2026-07-10 12:15:00,52870.0,52898.0,-17.5
"Parabolic_SAR(af=0.02,max=0.2)",LONG,2026-07-10 12:15:00,2026-07-10 13:35:00,52898.0,52801.0,-52.0
"Parabolic_SAR(af=0.02,max=0.2)",SHORT,2026-07-10 13:35:00,2026-07-10 14:30:00,52801.0,52828.0,-17.0
"Parabolic_SAR(af=0.02,max=0.2)",LONG,2026-07-10 14:30:00,2026-07-10 14:35:00,52828.0,52697.0,-69.0
"Parabolic_SAR(af=0.02,max=0.2)",SHORT,2026-07-10 14:35:00,2026-07-10 14:55:00,52697.0,52823.0,-66.5
"Parabolic_SAR(af=0.02,max=0.2)",LONG,2026-07-10 14:55:00,2026-07-10 16:40:00,52823.0,52842.0,6.0
"Parabolic_SAR(af=0.02,max=0.2)",SHORT,2026-07-10 16:40:00,2026-07-10 17:20:00,52842.0,52913.0,-39.0
"Parabolic_SAR(af=0.02,max=0.2)",LONG,2026-07-10 17:20:00,2026-07-10 19:35:00,52913.0,52950.0,15.0
"Parabolic_SAR(af=0.02,max=0.2)",SHORT,2026-07-10 19:35:00,2026-07-10 19:55:00,52950.0,52961.0,-9.0
"Parabolic_SAR(af=0.02,max=0.2)",LONG,2026-07-10 19:55:00,2026-07-10 20:00:00,52961.0,52916.0,-26.0
"Parabolic_SAR(af=0.02,max=0.2)",SHORT,2026-07-10 20:00:00,2026-07-10 20:35:00,52916.0,52957.0,-24.0
"Parabolic_SAR(af=0.02,max=0.2)",LONG,2026-07-10 20:35:00,2026-07-12 22:10:00,52957.0,52800.0,-82.0
"Parabolic_SAR(af=0.02,max=0.2)",SHORT,2026-07-12 22:10:00,2026-07-12 23:55:00,52800.0,52795.0,-1.0
"Parabolic_SAR(af=0.02,max=0.2)",LONG,2026-07-12 23:55:00,2026-07-13 00:45:00,52795.0,52803.0,0.5
"Parabolic_SAR(af=0.02,max=0.2)",SHORT,2026-07-13 00:45:00,2026-07-13 02:30:00,52803.0,52730.0,33.0
"Parabolic_SAR(af=0.02,max=0.2)",LONG,2026-07-13 02:30:00,2026-07-13 03:05:00,52730.0,52705.0,-16.0
"Parabolic_SAR(af=0.02,max=0.2)",SHORT,2026-07-13 03:05:00,2026-07-13 04:25:00,52705.0,52703.0,-2.5
"Parabolic_SAR(af=0.02,max=0.2)",LONG,2026-07-13 04:25:00,2026-07-13 04:45:00,52703.0,52684.0,-13.0
"Parabolic_SAR(af=0.02,max=0.2)",SHORT,2026-07-13 04:45:00,2026-07-13 05:10:00,52684.0,52704.0,-13.5
"Parabolic_SAR(af=0.02,max=0.2)",LONG,2026-07-13 05:10:00,2026-07-13 05:35:00,52704.0,52696.0,-7.5
"Parabolic_SAR(af=0.02,max=0.2)",SHORT,2026-07-13 05:35:00,2026-07-13 06:05:00,52696.0,52733.0,-22.0
"Parabolic_SAR(af=0.02,max=0.2)",LONG,2026-07-13 06:05:00,2026-07-13 07:30:00,52733.0,52832.0,46.0
"Parabolic_SAR(af=0.02,max=0.2)",SHORT,2026-07-13 07:30:00,2026-07-13 08:05:00,52832.0,52887.0,-31.0
"Parabolic_SAR(af=0.02,max=0.2)",LONG,2026-07-13 08:05:00,2026-07-13 09:45:00,52887.0,52934.0,20.0
"Parabolic_SAR(af=0.02,max=0.2)",SHORT,2026-07-13 09:45:00,2026-07-13 11:10:00,52934.0,52906.0,10.5
"Parabolic_SAR(af=0.02,max=0.2)",LONG,2026-07-13 11:10:00,2026-07-13 11:15:00,52906.0,52871.0,-21.0
"Parabolic_SAR(af=0.02,max=0.2)",SHORT,2026-07-13 11:15:00,2026-07-13 12:15:00,52871.0,52824.0,20.0
"Parabolic_SAR(af=0.02,max=0.2)",LONG,2026-07-13 12:15:00,2026-07-13 14:10:00,52824.0,52940.0,54.5
"Parabolic_SAR(af=0.02,max=0.2)",SHORT,2026-07-13 14:10:00,2026-07-13 16:40:00,52940.0,52694.0,119.5
"Parabolic_SAR(af=0.02,max=0.2)",LONG,2026-07-13 16:40:00,2026-07-13 18:00:00,52694.0,52718.0,8.5
"Parabolic_SAR(af=0.02,max=0.2)",SHORT,2026-07-13 18:00:00,2026-07-13 18:55:00,52718.0,52744.0,-16.5
"Parabolic_SAR(af=0.02,max=0.2)",LONG,2026-07-13 18:55:00,2026-07-13 19:30:00,52744.0,52706.0,-22.5
"Parabolic_SAR(af=0.02,max=0.2)",SHORT,2026-07-13 19:30:00,2026-07-13 19:55:00,52706.0,52760.0,-30.5
"Parabolic_SAR(af=0.02,max=0.2)",LONG,2026-07-13 19:55:00,2026-07-13 20:20:00,52760.0,52712.0,-27.5
"Parabolic_SAR(af=0.02,max=0.2)",SHORT,2026-07-13 20:20:00,2026-07-14 00:00:00,52712.0,52695.0,5.0
"Parabolic_SAR(af=0.02,max=0.2)",LONG,2026-07-14 00:00:00,2026-07-14 00:05:00,52695.0,52652.0,-25.0
"Parabolic_SAR(af=0.02,max=0.2)",SHORT,2026-07-14 00:05:00,2026-07-14 01:00:00,52652.0,52647.0,-1.0
"Parabolic_SAR(af=0.02,max=0.2)",LONG,2026-07-14 01:00:00,2026-07-14 02:00:00,52647.0,52615.0,-19.5
"Parabolic_SAR(af=0.02,max=0.2)",SHORT,2026-07-14 02:00:00,2026-07-14 03:55:00,52615.0,52595.0,6.5
"Parabolic_SAR(af=0.02,max=0.2)",LONG,2026-07-14 03:55:00,2026-07-14 06:00:00,52595.0,52715.0,56.5
"Parabolic_SAR(af=0.02,max=0.2)",SHORT,2026-07-14 06:00:00,2026-07-14 07:10:00,52715.0,52675.0,16.5
"Parabolic_SAR(af=0.02,max=0.2)",LONG,2026-07-14 07:10:00,2026-07-14 07:35:00,52675.0,52611.0,-35.5
"Parabolic_SAR(af=0.02,max=0.2)",SHORT,2026-07-14 07:35:00,2026-07-14 09:10:00,52611.0,52621.0,-8.5
"Parabolic_SAR(af=0.02,max=0.2)",LONG,2026-07-14 09:10:00,2026-07-14 10:35:00,52621.0,52638.0,5.0
"Parabolic_SAR(af=0.02,max=0.2)",SHORT,2026-07-14 10:35:00,2026-07-14 10:40:00,52638.0,52637.0,-3.0
"Parabolic_SAR(af=0.02,max=0.2)",LONG,2026-07-14 10:40:00,2026-07-14 10:50:00,52637.0,52618.0,-13.0
"Parabolic_SAR(af=0.02,max=0.2)",SHORT,2026-07-14 10:50:00,2026-07-14 12:00:00,52618.0,52461.0,75.0
"Parabolic_SAR(af=0.02,max=0.2)",LONG,2026-07-14 12:00:00,2026-07-14 13:25:00,52461.0,52701.0,116.5
"Parabolic_SAR(af=0.02,max=0.2)",SHORT,2026-07-14 13:25:00,2026-07-14 13:45:00,52701.0,52874.0,-90.0
"Parabolic_SAR(af=0.02,max=0.2)",LONG,2026-07-14 13:45:00,2026-07-14 14:55:00,52874.0,52775.0,-53.0
"Parabolic_SAR(af=0.02,max=0.2)",SHORT,2026-07-14 14:55:00,2026-07-14 16:45:00,52775.0,52644.0,62.0
"Parabolic_SAR(af=0.02,max=0.2)",LONG,2026-07-14 16:45:00,2026-07-14 18:05:00,52644.0,52697.0,23.0
"Parabolic_SAR(af=0.02,max=0.2)",SHORT,2026-07-14 18:05:00,2026-07-14 18:10:00,52697.0,52710.0,-10.0
"Parabolic_SAR(af=0.02,max=0.2)",LONG,2026-07-14 18:10:00,2026-07-14 19:55:00,52710.0,52794.0,38.5
"Parabolic_SAR(af=0.02,max=0.2)",SHORT,2026-07-14 19:55:00,2026-07-14 22:00:00,52794.0,52792.0,-2.5
"Parabolic_SAR(af=0.02,max=0.2)",LONG,2026-07-14 22:00:00,2026-07-14 22:05:00,52792.0,52795.0,-2.0
"Parabolic_SAR(af=0.02,max=0.2)",SHORT,2026-07-14 22:05:00,2026-07-14 22:30:00,52795.0,52811.0,-11.5
"Parabolic_SAR(af=0.02,max=0.2)",LONG,2026-07-14 22:30:00,2026-07-15 00:15:00,52811.0,52842.0,12.0
"Parabolic_SAR(af=0.02,max=0.2)",SHORT,2026-07-15 00:15:00,2026-07-15 01:00:00,52842.0,52826.0,4.5
"Parabolic_SAR(af=0.02,max=0.2)",LONG,2026-07-15 01:00:00,2026-07-15 03:15:00,52826.0,52822.0,-5.5
"Parabolic_SAR(af=0.02,max=0.2)",SHORT,2026-07-15 03:15:00,2026-07-15 03:55:00,52822.0,52846.0,-15.5
"Parabolic_SAR(af=0.02,max=0.2)",LONG,2026-07-15 03:55:00,2026-07-15 05:05:00,52846.0,52831.0,-11.0
"Parabolic_SAR(af=0.02,max=0.2)",SHORT,2026-07-15 05:05:00,2026-07-15 06:30:00,52831.0,52834.0,-5.0
"Parabolic_SAR(af=0.02,max=0.2)",LONG,2026-07-15 06:30:00,2026-07-15 06:55:00,52834.0,52798.0,-21.5
"Parabolic_SAR(af=0.02,max=0.2)",SHORT,2026-07-15 06:55:00,2026-07-15 07:55:00,52798.0,52759.0,16.0
"Parabolic_SAR(af=0.02,max=0.2)",LONG,2026-07-15 07:55:00,2026-07-15 09:30:00,52759.0,52885.0,59.5
"Parabolic_SAR(af=0.02,max=0.2)",SHORT,2026-07-15 09:30:00,2026-07-15 09:50:00,52885.0,52895.0,-8.5
"Parabolic_SAR(af=0.02,max=0.2)",LONG,2026-07-15 09:50:00,2026-07-15 09:55:00,52895.0,52877.0,-12.5
"Parabolic_SAR(af=0.02,max=0.2)",SHORT,2026-07-15 09:55:00,2026-07-15 11:05:00,52877.0,52818.0,26.0
"Parabolic_SAR(af=0.02,max=0.2)",LONG,2026-07-15 11:05:00,2026-07-15 11:15:00,52818.0,52781.0,-22.0
"Parabolic_SAR(af=0.02,max=0.2)",SHORT,2026-07-15 11:15:00,2026-07-15 11:55:00,52781.0,52794.0,-10.0
"Parabolic_SAR(af=0.02,max=0.2)",LONG,2026-07-15 11:55:00,2026-07-15 13:15:00,52794.0,52852.0,25.5
"Parabolic_SAR(af=0.02,max=0.2)",SHORT,2026-07-15 13:15:00,2026-07-15 13:40:00,52852.0,52988.0,-71.5
"Parabolic_SAR(af=0.02,max=0.2)",LONG,2026-07-15 13:40:00,2026-07-15 16:00:00,52988.0,52889.0,-53.0
"Parabolic_SAR(af=0.02,max=0.2)",SHORT,2026-07-15 16:00:00,2026-07-15 17:05:00,52889.0,52806.0,38.0
"Parabolic_SAR(af=0.02,max=0.2)",LONG,2026-07-15 17:05:00,2026-07-15 18:25:00,52806.0,52905.0,46.0
"Parabolic_SAR(af=0.02,max=0.2)",SHORT,2026-07-15 18:25:00,2026-07-15 19:20:00,52905.0,52907.0,-4.5
"Parabolic_SAR(af=0.02,max=0.2)",LONG,2026-07-15 19:20:00,2026-07-15 22:05:00,52907.0,52927.0,6.5
"Parabolic_SAR(af=0.02,max=0.2)",SHORT,2026-07-15 22:05:00,2026-07-15 22:55:00,52927.0,52907.0,6.5
"Parabolic_SAR(af=0.02,max=0.2)",LONG,2026-07-15 22:55:00,2026-07-16 00:45:00,52907.0,52936.0,11.0
"Parabolic_SAR(af=0.02,max=0.2)",SHORT,2026-07-16 00:45:00,2026-07-16 01:50:00,52936.0,52908.0,10.5
"Parabolic_SAR(af=0.02,max=0.2)",LONG,2026-07-16 01:50:00,2026-07-16 02:05:00,52908.0,52858.0,-28.5
"Parabolic_SAR(af=0.02,max=0.2)",SHORT,2026-07-16 02:05:00,2026-07-16 02:40:00,52858.0,52896.0,-22.5
"Parabolic_SAR(af=0.02,max=0.2)",LONG,2026-07-16 02:40:00,2026-07-16 04:25:00,52896.0,52953.0,25.0
"Parabolic_SAR(af=0.02,max=0.2)",SHORT,2026-07-16 04:25:00,2026-07-16 05:05:00,52953.0,52963.0,-8.5
"Parabolic_SAR(af=0.02,max=0.2)",LONG,2026-07-16 05:05:00,2026-07-16 05:40:00,52963.0,52945.0,-12.5
"Parabolic_SAR(af=0.02,max=0.2)",SHORT,2026-07-16 05:40:00,2026-07-16 07:00:00,52945.0,52942.0,-2.0
"Parabolic_SAR(af=0.02,max=0.2)",LONG,2026-07-16 07:00:00,2026-07-16 07:05:00,52942.0,52922.0,-13.5
"Parabolic_SAR(af=0.02,max=0.2)",SHORT,2026-07-16 07:05:00,2026-07-16 08:35:00,52922.0,52888.0,13.5
"Parabolic_SAR(af=0.02,max=0.2)",LONG,2026-07-16 08:35:00,2026-07-16 09:30:00,52888.0,52860.0,-17.5
"Parabolic_SAR(af=0.02,max=0.2)",SHORT,2026-07-16 09:30:00,2026-07-16 10:00:00,52860.0,53026.0,-86.5
"Parabolic_SAR(af=0.02,max=0.2)",LONG,2026-07-16 10:00:00,2026-07-16 11:50:00,53026.0,52879.0,-77.0
"Parabolic_SAR(af=0.02,max=0.2)",SHORT,2026-07-16 11:50:00,2026-07-16 13:30:00,52879.0,52990.0,-59.0
"Parabolic_SAR(af=0.02,max=0.2)",LONG,2026-07-16 13:30:00,2026-07-16 14:00:00,52990.0,52866.0,-65.5
"Parabolic_SAR(af=0.02,max=0.2)",SHORT,2026-07-16 14:00:00,2026-07-16 14:55:00,52866.0,53044.0,-92.5
"Parabolic_SAR(af=0.02,max=0.2)",LONG,2026-07-16 14:55:00,2026-07-16 16:05:00,53044.0,52964.0,-43.5
"Parabolic_SAR(af=0.02,max=0.2)",SHORT,2026-07-16 16:05:00,2026-07-16 17:00:00,52964.0,52957.0,0.0
"Parabolic_SAR(af=0.02,max=0.2)",LONG,2026-07-16 17:00:00,2026-07-16 17:35:00,52957.0,52847.0,-58.5
"Parabolic_SAR(af=0.02,max=0.2)",SHORT,2026-07-16 17:35:00,2026-07-16 19:25:00,52847.0,52702.0,69.0
"Parabolic_SAR(af=0.02,max=0.2)",LONG,2026-07-16 19:25:00,2026-07-16 19:35:00,52702.0,52631.0,-39.0
"Parabolic_SAR(af=0.02,max=0.2)",SHORT,2026-07-16 19:35:00,2026-07-16 19:55:00,52631.0,52727.0,-51.5
"Parabolic_SAR(af=0.02,max=0.2)",LONG,2026-07-16 19:55:00,2026-07-16 22:55:00,52727.0,52722.0,-6.0
"Parabolic_SAR(af=0.02,max=0.2)",SHORT,2026-07-16 22:55:00,2026-07-17 01:00:00,52722.0,52617.0,49.0
"Parabolic_SAR(af=0.02,max=0.2)",LONG,2026-07-17 01:00:00,2026-07-17 01:05:00,52617.0,52584.0,-20.0
"Parabolic_SAR(af=0.02,max=0.2)",SHORT,2026-07-17 01:05:00,2026-07-17 03:05:00,52584.0,52502.0,37.5
"Parabolic_SAR(af=0.02,max=0.2)",LONG,2026-07-17 03:05:00,2026-07-17 03:45:00,52502.0,52482.0,-13.5
"Parabolic_SAR(af=0.02,max=0.2)",SHORT,2026-07-17 03:45:00,2026-07-17 04:55:00,52482.0,52413.0,31.0
"Parabolic_SAR(af=0.02,max=0.2)",LONG,2026-07-17 04:55:00,2026-07-17 05:30:00,52413.0,52377.0,-21.5
"Parabolic_SAR(af=0.02,max=0.2)",SHORT,2026-07-17 05:30:00,2026-07-17 06:05:00,52377.0,52421.0,-25.5
"Parabolic_SAR(af=0.02,max=0.2)",LONG,2026-07-17 06:05:00,2026-07-17 08:15:00,52421.0,52505.0,38.5
"Parabolic_SAR(af=0.02,max=0.2)",SHORT,2026-07-17 08:15:00,2026-07-17 09:20:00,52505.0,52432.0,33.0
"Parabolic_SAR(af=0.02,max=0.2)",LONG,2026-07-17 09:20:00,2026-07-17 09:45:00,52432.0,52391.0,-24.0
"Parabolic_SAR(af=0.02,max=0.2)",SHORT,2026-07-17 09:45:00,2026-07-17 10:10:00,52391.0,52431.0,-23.5
"Parabolic_SAR(af=0.02,max=0.2)",LONG,2026-07-17 10:10:00,2026-07-17 11:15:00,52431.0,52447.0,4.5
"Parabolic_SAR(af=0.02,max=0.2)",SHORT,2026-07-17 11:15:00,2026-07-17 13:35:00,52447.0,52266.0,87.0
"Parabolic_SAR(af=0.02,max=0.2)",LONG,2026-07-17 13:35:00,2026-07-17 14:45:00,52266.0,52692.0,209.5
"Parabolic_SAR(af=0.02,max=0.2)",SHORT,2026-07-17 14:45:00,2026-07-17 15:30:00,52692.0,52745.0,-30.0
"Parabolic_SAR(af=0.02,max=0.2)",LONG,2026-07-17 15:30:00,2026-07-17 16:05:00,52745.0,52643.0,-54.5
"Parabolic_SAR(af=0.02,max=0.2)",SHORT,2026-07-17 16:05:00,2026-07-17 17:35:00,52643.0,52593.0,21.5
"Parabolic_SAR(af=0.02,max=0.2)",LONG,2026-07-17 17:35:00,2026-07-17 17:50:00,52593.0,52525.0,-37.5
"Parabolic_SAR(af=0.02,max=0.2)",SHORT,2026-07-17 17:50:00,2026-07-17 18:55:00,52525.0,52462.0,28.0
"Parabolic_SAR(af=0.02,max=0.2)",LONG,2026-07-17 18:55:00,2026-07-17 19:15:00,52462.0,52367.0,-51.0
"Parabolic_SAR(af=0.02,max=0.2)",SHORT,2026-07-17 19:15:00,2026-07-17 19:50:00,52367.0,52440.0,-40.0
"Parabolic_SAR(af=0.02,max=0.2)",LONG,2026-07-17 19:50:00,2026-07-17 20:05:00,52440.0,52333.0,-57.0
"Parabolic_SAR(af=0.02,max=0.2)",SHORT,2026-07-17 20:05:00,2026-07-19 22:45:00,52333.0,52359.0,-16.5
"Parabolic_SAR(af=0.02,max=0.2)",LONG,2026-07-19 22:45:00,2026-07-20 01:30:00,52359.0,52356.0,-5.0
"Parabolic_SAR(af=0.02,max=0.2)",SHORT,2026-07-20 01:30:00,2026-07-20 02:35:00,52356.0,52335.0,7.0
"Parabolic_SAR(af=0.02,max=0.2)",LONG,2026-07-20 02:35:00,2026-07-20 04:10:00,52335.0,52333.0,-4.5
"Parabolic_SAR(af=0.02,max=0.2)",SHORT,2026-07-20 04:10:00,2026-07-20 04:30:00,52333.0,52360.0,-17.0
"Parabolic_SAR(af=0.02,max=0.2)",LONG,2026-07-20 04:30:00,2026-07-20 05:15:00,52360.0,52349.0,-9.0
"Parabolic_SAR(af=0.02,max=0.2)",SHORT,2026-07-20 05:15:00,2026-07-20 06:45:00,52349.0,52292.0,25.0
"Parabolic_SAR(af=0.02,max=0.2)",LONG,2026-07-20 06:45:00,2026-07-20 08:35:00,52292.0,52449.0,75.0
"Parabolic_SAR(af=0.02,max=0.2)",SHORT,2026-07-20 08:35:00,2026-07-20 08:45:00,52449.0,52454.0,-6.0
"Parabolic_SAR(af=0.02,max=0.2)",LONG,2026-07-20 08:45:00,2026-07-20 10:10:00,52454.0,52497.0,18.0
"Parabolic_SAR(af=0.02,max=0.2)",SHORT,2026-07-20 10:10:00,2026-07-20 10:55:00,52497.0,52506.0,-8.0
"Parabolic_SAR(af=0.02,max=0.2)",LONG,2026-07-20 10:55:00,2026-07-20 12:05:00,52506.0,52482.0,-15.5
"Parabolic_SAR(af=0.02,max=0.2)",SHORT,2026-07-20 12:05:00,2026-07-20 13:30:00,52482.0,52490.0,-7.5
"Parabolic_SAR(af=0.02,max=0.2)",LONG,2026-07-20 13:30:00,2026-07-20 13:50:00,52490.0,52421.0,-38.0
"Parabolic_SAR(af=0.02,max=0.2)",SHORT,2026-07-20 13:50:00,2026-07-20 15:15:00,52421.0,52214.0,100.0
"Parabolic_SAR(af=0.02,max=0.2)",LONG,2026-07-20 15:15:00,2026-07-20 16:35:00,52214.0,52235.0,7.0
"Parabolic_SAR(af=0.02,max=0.2)",SHORT,2026-07-20 16:35:00,2026-07-20 17:55:00,52235.0,52173.0,27.5
"Parabolic_SAR(af=0.02,max=0.2)",LONG,2026-07-20 17:55:00,2026-07-20 18:35:00,52173.0,52117.0,-31.5
"Parabolic_SAR(af=0.02,max=0.2)",SHORT,2026-07-20 18:35:00,2026-07-20 19:35:00,52117.0,52095.0,7.5
"Parabolic_SAR(af=0.02,max=0.2)",LONG,2026-07-20 19:35:00,2026-07-20 20:30:00,52095.0,52058.0,-22.0
"Parabolic_SAR(af=0.02,max=0.2)",SHORT,2026-07-20 20:30:00,2026-07-20 22:00:00,52058.0,52091.0,-20.0
"Parabolic_SAR(af=0.02,max=0.2)",LONG,2026-07-20 22:00:00,2026-07-20 22:05:00,52091.0,52076.0,-11.0
"Parabolic_SAR(af=0.02,max=0.2)",SHORT,2026-07-20 22:05:00,2026-07-20 23:20:00,52076.0,52107.0,-19.0
"Parabolic_SAR(af=0.02,max=0.2)",LONG,2026-07-20 23:20:00,2026-07-21 00:05:00,52107.0,52070.0,-22.0
"Parabolic_SAR(af=0.02,max=0.2)",SHORT,2026-07-21 00:05:00,2026-07-21 00:35:00,52070.0,52098.0,-17.5
"Parabolic_SAR(af=0.02,max=0.2)",LONG,2026-07-21 00:35:00,2026-07-21 01:40:00,52098.0,52101.0,-2.0
"Parabolic_SAR(af=0.02,max=0.2)",SHORT,2026-07-21 01:40:00,2026-07-21 02:10:00,52101.0,52101.0,-3.5
"Parabolic_SAR(af=0.02,max=0.2)",LONG,2026-07-21 02:10:00,2026-07-21 02:20:00,52101.0,52079.0,-14.5
"Parabolic_SAR(af=0.02,max=0.2)",SHORT,2026-07-21 02:20:00,2026-07-21 02:35:00,52079.0,52122.0,-25.0
"Parabolic_SAR(af=0.02,max=0.2)",LONG,2026-07-21 02:35:00,2026-07-21 05:05:00,52122.0,52225.0,48.0
"Parabolic_SAR(af=0.02,max=0.2)",SHORT,2026-07-21 05:05:00,2026-07-21 05:35:00,52225.0,52237.0,-9.5
"Parabolic_SAR(af=0.02,max=0.2)",LONG,2026-07-21 05:35:00,2026-07-21 06:10:00,52237.0,52226.0,-9.0
"Parabolic_SAR(af=0.02,max=0.2)",SHORT,2026-07-21 06:10:00,2026-07-21 06:35:00,52226.0,52256.0,-18.5
"Parabolic_SAR(af=0.02,max=0.2)",LONG,2026-07-21 06:35:00,2026-07-21 07:20:00,52256.0,52251.0,-6.0
"Parabolic_SAR(af=0.02,max=0.2)",SHORT,2026-07-21 07:20:00,2026-07-21 08:20:00,52251.0,52253.0,-4.5
"Parabolic_SAR(af=0.02,max=0.2)",LONG,2026-07-21 08:20:00,2026-07-21 09:25:00,52253.0,52251.0,-4.5
"Parabolic_SAR(af=0.02,max=0.2)",SHORT,2026-07-21 09:25:00,2026-07-21 10:15:00,52251.0,52242.0,1.0
"Parabolic_SAR(af=0.02,max=0.2)",LONG,2026-07-21 10:15:00,2026-07-21 11:15:00,52242.0,52247.0,-1.0
"Parabolic_SAR(af=0.02,max=0.2)",SHORT,2026-07-21 11:15:00,2026-07-21 12:50:00,52247.0,52195.0,22.5
"Parabolic_SAR(af=0.02,max=0.2)",LONG,2026-07-21 12:50:00,2026-07-21 13:40:00,52195.0,52200.0,-1.0
"Parabolic_SAR(af=0.02,max=0.2)",SHORT,2026-07-21 13:40:00,2026-07-21 14:05:00,52200.0,52323.0,-65.0
"Parabolic_SAR(af=0.02,max=0.2)",LONG,2026-07-21 14:05:00,2026-07-21 17:10:00,52323.0,52546.0,108.0
"Parabolic_SAR(af=0.02,max=0.2)",SHORT,2026-07-21 17:10:00,2026-07-21 18:50:00,52546.0,52429.0,55.0
"Parabolic_SAR(af=0.02,max=0.2)",LONG,2026-07-21 18:50:00,2026-07-21 19:05:00,52429.0,52428.0,-4.0
"Parabolic_SAR(af=0.02,max=0.2)",SHORT,2026-07-21 19:05:00,2026-07-21 19:10:00,52428.0,52424.0,-1.5
"Parabolic_SAR(af=0.02,max=0.2)",LONG,2026-07-21 19:10:00,2026-07-21 19:45:00,52424.0,52436.0,2.5
"Parabolic_SAR(af=0.02,max=0.2)",SHORT,2026-07-21 19:45:00,2026-07-21 22:20:00,52436.0,52437.0,-4.0
"Parabolic_SAR(af=0.02,max=0.2)",LONG,2026-07-21 22:20:00,2026-07-21 23:45:00,52437.0,52416.0,-14.0
"Parabolic_SAR(af=0.02,max=0.2)",SHORT,2026-07-21 23:45:00,2026-07-22 01:00:00,52416.0,52423.0,-7.0
"Parabolic_SAR(af=0.02,max=0.2)",LONG,2026-07-22 01:00:00,2026-07-22 01:05:00,52423.0,52411.0,-9.5
"Parabolic_SAR(af=0.02,max=0.2)",SHORT,2026-07-22 01:05:00,2026-07-22 01:50:00,52411.0,52409.0,-2.5
"Parabolic_SAR(af=0.02,max=0.2)",LONG,2026-07-22 01:50:00,2026-07-22 03:15:00,52409.0,52418.0,1.0
"Parabolic_SAR(af=0.02,max=0.2)",SHORT,2026-07-22 03:15:00,2026-07-22 05:05:00,52418.0,52387.0,12.0
"Parabolic_SAR(af=0.02,max=0.2)",LONG,2026-07-22 05:05:00,2026-07-22 06:20:00,52387.0,52396.0,1.0
"Parabolic_SAR(af=0.02,max=0.2)",SHORT,2026-07-22 06:20:00,2026-07-22 07:20:00,52396.0,52335.0,27.0
"Parabolic_SAR(af=0.02,max=0.2)",LONG,2026-07-22 07:20:00,2026-07-22 07:45:00,52335.0,52289.0,-26.5
"Parabolic_SAR(af=0.02,max=0.2)",SHORT,2026-07-22 07:45:00,2026-07-22 08:05:00,52289.0,52388.0,-53.0
"Parabolic_SAR(af=0.02,max=0.2)",LONG,2026-07-22 08:05:00,2026-07-22 09:35:00,52388.0,52382.0,-6.5
"Parabolic_SAR(af=0.02,max=0.2)",SHORT,2026-07-22 09:35:00,2026-07-22 10:25:00,52382.0,52469.0,-47.0
"Parabolic_SAR(af=0.02,max=0.2)",LONG,2026-07-22 10:25:00,2026-07-22 11:10:00,52469.0,52405.0,-35.5
"Parabolic_SAR(af=0.02,max=0.2)",SHORT,2026-07-22 11:10:00,2026-07-22 12:35:00,52405.0,52386.0,6.0
"Parabolic_SAR(af=0.02,max=0.2)",LONG,2026-07-22 12:35:00,2026-07-22 13:00:00,52386.0,52341.0,-26.0
"Parabolic_SAR(af=0.02,max=0.2)",SHORT,2026-07-22 13:00:00,2026-07-22 13:20:00,52341.0,52405.0,-35.5
"Parabolic_SAR(af=0.02,max=0.2)",LONG,2026-07-22 13:20:00,2026-07-22 14:25:00,52405.0,52559.0,73.5
"Parabolic_SAR(af=0.02,max=0.2)",SHORT,2026-07-22 14:25:00,2026-07-22 15:25:00,52559.0,52565.0,-6.5
"Parabolic_SAR(af=0.02,max=0.2)",LONG,2026-07-22 15:25:00,2026-07-22 16:50:00,52565.0,52619.0,23.5
"Parabolic_SAR(af=0.02,max=0.2)",SHORT,2026-07-22 16:50:00,2026-07-22 17:55:00,52619.0,52521.0,45.5
"Parabolic_SAR(af=0.02,max=0.2)",LONG,2026-07-22 17:55:00,2026-07-22 18:05:00,52521.0,52497.0,-15.5
"Parabolic_SAR(af=0.02,max=0.2)",SHORT,2026-07-22 18:05:00,2026-07-22 19:50:00,52497.0,52451.0,19.5
"Parabolic_SAR(af=0.02,max=0.2)",LONG,2026-07-22 19:50:00,2026-07-22 20:10:00,52451.0,52460.0,1.0
"Parabolic_SAR(af=0.02,max=0.2)",SHORT,2026-07-22 20:10:00,2026-07-22 20:15:00,52460.0,52536.0,-41.5
"Parabolic_SAR(af=0.02,max=0.2)",LONG,2026-07-22 20:15:00,2026-07-22 22:05:00,52536.0,52399.0,-72.0
"Parabolic_SAR(af=0.02,max=0.2)",SHORT,2026-07-22 22:05:00,2026-07-22 23:50:00,52399.0,52399.0,-3.5
"Parabolic_SAR(af=0.02,max=0.2)",LONG,2026-07-22 23:50:00,2026-07-23 01:20:00,52399.0,52481.0,37.5
"Parabolic_SAR(af=0.02,max=0.2)",SHORT,2026-07-23 01:20:00,2026-07-23 02:55:00,52481.0,52455.0,9.5
"Parabolic_SAR(af=0.02,max=0.2)",LONG,2026-07-23 02:55:00,2026-07-23 03:10:00,52455.0,52418.0,-22.0
"Parabolic_SAR(af=0.02,max=0.2)",SHORT,2026-07-23 03:10:00,2026-07-23 04:25:00,52418.0,52399.0,6.0
"Parabolic_SAR(af=0.02,max=0.2)",LONG,2026-07-23 04:25:00,2026-07-23 05:15:00,52399.0,52378.0,-14.0
"Parabolic_SAR(af=0.02,max=0.2)",SHORT,2026-07-23 05:15:00,2026-07-23 05:35:00,52378.0,52397.0,-13.0
"Parabolic_SAR(af=0.02,max=0.2)",LONG,2026-07-23 05:35:00,2026-07-23 05:55:00,52397.0,52339.0,-32.5
"Parabolic_SAR(af=0.02,max=0.2)",SHORT,2026-07-23 05:55:00,2026-07-23 07:30:00,52339.0,52212.0,60.0
"Parabolic_SAR(af=0.02,max=0.2)",LONG,2026-07-23 07:30:00,2026-07-23 07:50:00,52212.0,52151.0,-34.0
"Parabolic_SAR(af=0.02,max=0.2)",SHORT,2026-07-23 07:50:00,2026-07-23 08:10:00,52151.0,52266.0,-61.0
"Parabolic_SAR(af=0.02,max=0.2)",LONG,2026-07-23 08:10:00,2026-07-23 09:25:00,52266.0,52230.0,-21.5
"Parabolic_SAR(af=0.02,max=0.2)",SHORT,2026-07-23 09:25:00,2026-07-23 10:35:00,52230.0,52275.0,-26.0
"Parabolic_SAR(af=0.02,max=0.2)",LONG,2026-07-23 10:35:00,2026-07-23 11:10:00,52275.0,52244.0,-19.0
"Parabolic_SAR(af=0.02,max=0.2)",SHORT,2026-07-23 11:10:00,2026-07-23 13:35:00,52244.0,52038.0,99.5
"Parabolic_SAR(af=0.02,max=0.2)",LONG,2026-07-23 13:35:00,2026-07-23 14:10:00,52038.0,51846.0,-99.5
"Parabolic_SAR(af=0.02,max=0.2)",SHORT,2026-07-23 14:10:00,2026-07-23 15:45:00,51846.0,51857.0,-9.0
"Parabolic_SAR(af=0.02,max=0.2)",LONG,2026-07-23 15:45:00,2026-07-23 17:35:00,51857.0,51858.0,-3.0
"Parabolic_SAR(af=0.02,max=0.2)",SHORT,2026-07-23 17:35:00,2026-07-23 18:50:00,51858.0,51878.0,-13.5
"Parabolic_SAR(af=0.02,max=0.2)",LONG,2026-07-23 18:50:00,2026-07-23 19:50:00,51878.0,51794.0,-45.5
"Parabolic_SAR(af=0.02,max=0.2)",SHORT,2026-07-23 19:50:00,2026-07-23 20:00:00,51794.0,51893.0,-53.0
"Parabolic_SAR(af=0.02,max=0.2)",LONG,2026-07-23 20:00:00,2026-07-23 23:10:00,51893.0,51875.0,-12.5
"Parabolic_SAR(af=0.02,max=0.2)",SHORT,2026-07-23 23:10:00,2026-07-24 00:05:00,51875.0,51893.0,-12.5
"Parabolic_SAR(af=0.02,max=0.2)",LONG,2026-07-24 00:05:00,2026-07-24 02:35:00,51893.0,51937.0,18.5
"Parabolic_SAR(af=0.02,max=0.2)",SHORT,2026-07-24 02:35:00,2026-07-24 04:10:00,51937.0,51916.0,7.0
"Parabolic_SAR(af=0.02,max=0.2)",LONG,2026-07-24 04:10:00,2026-07-24 04:45:00,51916.0,51895.0,-14.0
"Parabolic_SAR(af=0.02,max=0.2)",SHORT,2026-07-24 04:45:00,2026-07-24 04:55:00,51895.0,51911.0,-11.5
"Parabolic_SAR(af=0.02,max=0.2)",LONG,2026-07-24 04:55:00,2026-07-24 06:00:00,51911.0,51932.0,7.0
"Parabolic_SAR(af=0.02,max=0.2)",SHORT,2026-07-24 06:00:00,2026-07-24 06:25:00,51932.0,51958.0,-16.5
"Parabolic_SAR(af=0.02,max=0.2)",LONG,2026-07-24 06:25:00,2026-07-24 06:50:00,51958.0,51913.0,-26.0
"Parabolic_SAR(af=0.02,max=0.2)",SHORT,2026-07-24 06:50:00,2026-07-24 07:05:00,51913.0,51992.0,-43.0
"Parabolic_SAR(af=0.02,max=0.2)",LONG,2026-07-24 07:05:00,2026-07-24 08:05:00,51992.0,52061.0,31.0
"Parabolic_SAR(af=0.02,max=0.2)",SHORT,2026-07-24 08:05:00,2026-07-24 08:30:00,52061.0,52103.0,-24.5
"Parabolic_SAR(af=0.02,max=0.2)",LONG,2026-07-24 08:30:00,2026-07-24 10:10:00,52103.0,52168.0,29.0
"Parabolic_SAR(af=0.02,max=0.2)",SHORT,2026-07-24 10:10:00,2026-07-24 10:55:00,52168.0,52152.0,4.5
"Parabolic_SAR(af=0.02,max=0.2)",LONG,2026-07-24 10:55:00,2026-07-24 11:05:00,52152.0,52124.0,-17.5
"Parabolic_SAR(af=0.02,max=0.2)",SHORT,2026-07-24 11:05:00,2026-07-24 12:00:00,52124.0,52125.0,-4.0
"Parabolic_SAR(af=0.02,max=0.2)",LONG,2026-07-24 12:00:00,2026-07-24 12:50:00,52125.0,52075.0,-28.5
"Parabolic_SAR(af=0.02,max=0.2)",SHORT,2026-07-24 12:50:00,2026-07-24 13:50:00,52075.0,52041.0,13.5
"Parabolic_SAR(af=0.02,max=0.2)",LONG,2026-07-24 13:50:00,2026-07-24 14:40:00,52041.0,51938.0,-55.0
"Parabolic_SAR(af=0.02,max=0.2)",SHORT,2026-07-24 14:40:00,2026-07-24 15:00:00,51938.0,52061.0,-65.0
"Parabolic_SAR(af=0.02,max=0.2)",LONG,2026-07-24 15:00:00,2026-07-24 16:35:00,52061.0,52250.0,91.0
"Parabolic_SAR(af=0.02,max=0.2)",SHORT,2026-07-24 16:35:00,2026-07-24 17:30:00,52250.0,52207.0,18.0
"Parabolic_SAR(af=0.02,max=0.2)",LONG,2026-07-24 17:30:00,2026-07-24 18:20:00,52207.0,52145.0,-34.5
"Parabolic_SAR(af=0.02,max=0.2)",SHORT,2026-07-24 18:20:00,2026-07-24 19:15:00,52145.0,52072.0,33.0
"Parabolic_SAR(af=0.02,max=0.2)",LONG,2026-07-24 19:15:00,2026-07-24 20:30:00,52072.0,52082.0,1.5
"Parabolic_SAR(af=0.02,max=0.2)",SHORT,2026-07-24 20:30:00,2026-07-26 22:15:00,52082.0,52378.0,-151.5
"Parabolic_SAR(af=0.02,max=0.2)",LONG,2026-07-26 22:15:00,2026-07-27 00:40:00,52378.0,52385.0,0.0
"Parabolic_SAR(af=0.02,max=0.2)",SHORT,2026-07-27 00:40:00,2026-07-27 01:40:00,52385.0,52391.0,-6.5
"Parabolic_SAR(af=0.02,max=0.2)",LONG,2026-07-27 01:40:00,2026-07-27 03:35:00,52391.0,52422.0,12.0
"Parabolic_SAR(af=0.02,max=0.2)",SHORT,2026-07-27 03:35:00,2026-07-27 04:10:00,52422.0,52429.0,-7.0
"Parabolic_SAR(af=0.02,max=0.2)",LONG,2026-07-27 04:10:00,2026-07-27 06:25:00,52429.0,52523.0,43.5
"Parabolic_SAR(af=0.02,max=0.2)",SHORT,2026-07-27 06:25:00,2026-07-27 06:40:00,52523.0,52547.0,-15.5
"Parabolic_SAR(af=0.02,max=0.2)",LONG,2026-07-27 06:40:00,2026-07-27 06:55:00,52547.0,52522.0,-16.0
"Parabolic_SAR(af=0.02,max=0.2)",SHORT,2026-07-27 06:55:00,2026-07-27 07:05:00,52522.0,52570.0,-27.5
"Parabolic_SAR(af=0.02,max=0.2)",LONG,2026-07-27 07:05:00,2026-07-27 07:35:00,52570.0,52574.0,-1.5
"Parabolic_SAR(af=0.02,max=0.2)",SHORT,2026-07-27 07:35:00,2026-07-27 08:20:00,52574.0,52572.0,-2.5
"Parabolic_SAR(af=0.02,max=0.2)",LONG,2026-07-27 08:20:00,2026-07-27 10:10:00,52572.0,52655.0,38.0
"Parabolic_SAR(af=0.02,max=0.2)",SHORT,2026-07-27 10:10:00,2026-07-27 10:20:00,52655.0,52682.0,-17.0
"Parabolic_SAR(af=0.02,max=0.2)",LONG,2026-07-27 10:20:00,2026-07-27 11:30:00,52682.0,52657.0,-16.0
"Parabolic_SAR(af=0.02,max=0.2)",SHORT,2026-07-27 11:30:00,2026-07-27 12:00:00,52657.0,52700.0,-25.0
"Parabolic_SAR(af=0.02,max=0.2)",LONG,2026-07-27 12:00:00,2026-07-27 12:15:00,52700.0,52653.0,-27.0
"Parabolic_SAR(af=0.02,max=0.2)",SHORT,2026-07-27 12:15:00,2026-07-27 12:50:00,52653.0,52730.0,-42.0
"Parabolic_SAR(af=0.02,max=0.2)",LONG,2026-07-27 12:50:00,2026-07-27 13:35:00,52730.0,52724.0,-6.5
"Parabolic_SAR(af=0.02,max=0.2)",SHORT,2026-07-27 13:35:00,2026-07-27 13:40:00,52724.0,52728.0,-5.5
"Parabolic_SAR(af=0.02,max=0.2)",LONG,2026-07-27 13:40:00,2026-07-27 14:00:00,52728.0,52580.0,-77.5
"Parabolic_SAR(af=0.02,max=0.2)",SHORT,2026-07-27 14:00:00,2026-07-27 15:05:00,52580.0,52408.0,82.5
"Parabolic_SAR(af=0.02,max=0.2)",LONG,2026-07-27 15:05:00,2026-07-27 15:25:00,52408.0,52324.0,-45.5
"Parabolic_SAR(af=0.02,max=0.2)",SHORT,2026-07-27 15:25:00,2026-07-27 16:30:00,52324.0,52328.0,-5.5
"Parabolic_SAR(af=0.02,max=0.2)",LONG,2026-07-27 16:30:00,2026-07-27 17:00:00,52328.0,52247.0,-44.0
"Parabolic_SAR(af=0.02,max=0.2)",SHORT,2026-07-27 17:00:00,2026-07-27 18:00:00,52247.0,52290.0,-25.0
"Parabolic_SAR(af=0.02,max=0.2)",LONG,2026-07-27 18:00:00,2026-07-27 19:50:00,52290.0,52390.0,46.5
"Parabolic_SAR(af=0.02,max=0.2)",SHORT,2026-07-27 19:50:00,2026-07-27 20:05:00,52390.0,52384.0,-0.5
"Parabolic_SAR(af=0.02,max=0.2)",LONG,2026-07-27 20:05:00,2026-07-27 22:50:00,52384.0,52396.0,2.5
"Parabolic_SAR(af=0.02,max=0.2)",SHORT,2026-07-27 22:50:00,2026-07-27 23:55:00,52396.0,52411.0,-11.0
"Parabolic_SAR(af=0.02,max=0.2)",LONG,2026-07-27 23:55:00,2026-07-28 00:10:00,52411.0,52363.0,-27.5
"Parabolic_SAR(af=0.02,max=0.2)",SHORT,2026-07-28 00:10:00,2026-07-28 01:30:00,52363.0,52347.0,4.5
"Parabolic_SAR(af=0.02,max=0.2)",LONG,2026-07-28 01:30:00,2026-07-28 02:15:00,52347.0,52322.0,-16.0
"Parabolic_SAR(af=0.02,max=0.2)",SHORT,2026-07-28 02:15:00,2026-07-28 03:20:00,52322.0,52372.0,-28.5
"Parabolic_SAR(af=0.02,max=0.2)",LONG,2026-07-28 03:20:00,2026-07-28 04:15:00,52372.0,52372.0,-3.5
"Parabolic_SAR(af=0.02,max=0.2)",SHORT,2026-07-28 04:15:00,2026-07-28 05:55:00,52372.0,52384.0,-9.5
"Parabolic_SAR(af=0.02,max=0.2)",LONG,2026-07-28 05:55:00,2026-07-28 07:40:00,52384.0,52476.0,42.5
"Parabolic_SAR(af=0.02,max=0.2)",SHORT,2026-07-28 07:40:00,2026-07-28 08:05:00,52476.0,52466.0,1.5
"Parabolic_SAR(af=0.02,max=0.2)",LONG,2026-07-28 08:05:00,2026-07-28 08:15:00,52466.0,52416.0,-28.5
"Parabolic_SAR(af=0.02,max=0.2)",SHORT,2026-07-28 08:15:00,2026-07-28 08:25:00,52416.0,52489.0,-40.0
"Parabolic_SAR(af=0.02,max=0.2)",LONG,2026-07-28 08:25:00,2026-07-28 10:05:00,52489.0,52524.0,14.0
"Parabolic_SAR(af=0.02,max=0.2)",SHORT,2026-07-28 10:05:00,2026-07-28 10:50:00,52524.0,52519.0,-1.0
"Parabolic_SAR(af=0.02,max=0.2)",LONG,2026-07-28 10:50:00,2026-07-28 13:05:00,52519.0,52870.0,172.0
"Parabolic_SAR(af=0.02,max=0.2)",SHORT,2026-07-28 13:05:00,2026-07-28 13:30:00,52870.0,52869.0,-3.0
"Parabolic_SAR(af=0.02,max=0.2)",LONG,2026-07-28 13:30:00,2026-07-28 13:35:00,52869.0,52721.0,-77.5
"Parabolic_SAR(af=0.02,max=0.2)",SHORT,2026-07-28 13:35:00,2026-07-28 14:15:00,52721.0,52786.0,-36.0
"Parabolic_SAR(af=0.02,max=0.2)",LONG,2026-07-28 14:15:00,2026-07-28 16:20:00,52786.0,53055.0,131.0
"Parabolic_SAR(af=0.02,max=0.2)",SHORT,2026-07-28 16:20:00,2026-07-28 16:55:00,53055.0,53076.0,-14.0
"Parabolic_SAR(af=0.02,max=0.2)",LONG,2026-07-28 16:55:00,2026-07-28 17:15:00,53076.0,53038.0,-22.5
"Parabolic_SAR(af=0.02,max=0.2)",SHORT,2026-07-28 17:15:00,2026-07-28 17:25:00,53038.0,53066.0,-17.5
"Parabolic_SAR(af=0.02,max=0.2)",LONG,2026-07-28 17:25:00,2026-07-28 17:35:00,53066.0,53054.0,-9.5
"Parabolic_SAR(af=0.02,max=0.2)",SHORT,2026-07-28 17:35:00,2026-07-28 18:50:00,53054.0,53010.0,18.5
"Parabolic_SAR(af=0.02,max=0.2)",LONG,2026-07-28 18:50:00,2026-07-28 19:50:00,53010.0,52967.0,-25.0
"Parabolic_SAR(af=0.02,max=0.2)",SHORT,2026-07-28 19:50:00,2026-07-28 22:55:00,52967.0,52896.0,32.0
"Parabolic_SAR(af=0.02,max=0.2)",LONG,2026-07-28 22:55:00,2026-07-29 01:00:00,52896.0,53002.0,49.5
"Parabolic_SAR(af=0.02,max=0.2)",SHORT,2026-07-29 01:00:00,2026-07-29 02:40:00,53002.0,52927.0,34.0
"Parabolic_SAR(af=0.02,max=0.2)",LONG,2026-07-29 02:40:00,2026-07-29 03:15:00,52927.0,52891.0,-21.5
"Parabolic_SAR(af=0.02,max=0.2)",SHORT,2026-07-29 03:15:00,2026-07-29 04:55:00,52891.0,52854.0,15.0
"Parabolic_SAR(af=0.02,max=0.2)",LONG,2026-07-29 04:55:00,2026-07-29 06:00:00,52854.0,52887.0,13.0
"Parabolic_SAR(af=0.02,max=0.2)",SHORT,2026-07-29 06:00:00,2026-07-29 06:20:00,52887.0,52902.0,-11.0
"Parabolic_SAR(af=0.02,max=0.2)",LONG,2026-07-29 06:20:00,2026-07-29 07:30:00,52902.0,52969.0,30.0
"Parabolic_SAR(af=0.02,max=0.2)",SHORT,2026-07-29 07:30:00,2026-07-29 07:45:00,52969.0,52997.0,-17.5
"Parabolic_SAR(af=0.02,max=0.2)",LONG,2026-07-29 07:45:00,2026-07-29 08:25:00,52997.0,52959.0,-22.5
"Parabolic_SAR(af=0.02,max=0.2)",SHORT,2026-07-29 08:25:00,2026-07-29 08:45:00,52959.0,53004.0,-26.0
"Parabolic_SAR(af=0.02,max=0.2)",LONG,2026-07-29 08:45:00,2026-07-29 09:10:00,53004.0,52939.0,-36.0
"Parabolic_SAR(af=0.02,max=0.2)",SHORT,2026-07-29 09:10:00,2026-07-29 09:55:00,52939.0,52911.0,10.5
"Parabolic_SAR(af=0.02,max=0.2)",LONG,2026-07-29 09:55:00,2026-07-29 10:10:00,52911.0,52840.0,-39.0
"Parabolic_SAR(af=0.02,max=0.2)",SHORT,2026-07-29 10:10:00,2026-07-29 13:30:00,52840.0,52483.0,175.0
"Parabolic_SAR(af=0.02,max=0.2)",LONG,2026-07-29 13:30:00,2026-07-29 13:35:00,52483.0,52476.0,-7.0
"Parabolic_SAR(af=0.02,max=0.2)",SHORT,2026-07-29 13:35:00,2026-07-29 15:15:00,52476.0,52085.0,192.0
"Parabolic_SAR(af=0.02,max=0.2)",LONG,2026-07-29 15:15:00,2026-07-29 15:45:00,52085.0,52066.0,-13.0
"Parabolic_SAR(af=0.02,max=0.2)",SHORT,2026-07-29 15:45:00,2026-07-29 16:35:00,52066.0,52038.0,10.5
"Parabolic_SAR(af=0.02,max=0.2)",LONG,2026-07-29 16:35:00,2026-07-29 17:45:00,52038.0,52136.0,45.5
"Parabolic_SAR(af=0.02,max=0.2)",SHORT,2026-07-29 17:45:00,2026-07-29 18:05:00,52136.0,52249.0,-60.0
"Parabolic_SAR(af=0.02,max=0.2)",LONG,2026-07-29 18:05:00,2026-07-29 18:15:00,52249.0,52147.0,-54.5
"Parabolic_SAR(af=0.02,max=0.2)",SHORT,2026-07-29 18:15:00,2026-07-29 18:45:00,52147.0,52299.0,-79.5
"Parabolic_SAR(af=0.02,max=0.2)",LONG,2026-07-29 18:45:00,2026-07-29 19:25:00,52299.0,52046.0,-130.0
"Parabolic_SAR(af=0.02,max=0.2)",SHORT,2026-07-29 19:25:00,2026-07-29 20:40:00,52046.0,51788.0,125.5
"Parabolic_SAR(af=0.02,max=0.2)",LONG,2026-07-29 20:40:00,2026-07-29 23:55:00,51788.0,51929.0,67.0
"Parabolic_SAR(af=0.02,max=0.2)",SHORT,2026-07-29 23:55:00,2026-07-30 01:10:00,51929.0,51885.0,18.5
"Parabolic_SAR(af=0.02,max=0.2)",LONG,2026-07-30 01:10:00,2026-07-30 02:55:00,51885.0,51883.0,-4.5
"Parabolic_SAR(af=0.02,max=0.2)",SHORT,2026-07-30 02:55:00,2026-07-30 04:25:00,51883.0,51834.0,21.0
"Parabolic_SAR(af=0.02,max=0.2)",LONG,2026-07-30 04:25:00,2026-07-30 05:00:00,51834.0,51803.0,-19.0
"Parabolic_SAR(af=0.02,max=0.2)",SHORT,2026-07-30 05:00:00,2026-07-30 05:50:00,51803.0,51811.0,-7.5
"Parabolic_SAR(af=0.02,max=0.2)",LONG,2026-07-30 05:50:00,2026-07-30 06:10:00,51811.0,51779.0,-19.5
"Parabolic_SAR(af=0.02,max=0.2)",SHORT,2026-07-30 06:10:00,2026-07-30 07:00:00,51779.0,51806.0,-17.0
"Parabolic_SAR(af=0.02,max=0.2)",LONG,2026-07-30 07:00:00,2026-07-30 07:40:00,51806.0,51800.0,-6.5
"Parabolic_SAR(af=0.02,max=0.2)",SHORT,2026-07-30 07:40:00,2026-07-30 08:15:00,51800.0,51893.0,-50.0
"Parabolic_SAR(af=0.02,max=0.2)",LONG,2026-07-30 08:15:00,2026-07-30 10:00:00,51893.0,51843.0,-28.5
"Parabolic_SAR(af=0.02,max=0.2)",SHORT,2026-07-30 10:00:00,2026-07-30 10:45:00,51843.0,51926.0,-45.0
"Parabolic_SAR(af=0.02,max=0.2)",LONG,2026-07-30 10:45:00,2026-07-30 12:30:00,51926.0,52004.0,35.5
"Parabolic_SAR(af=0.02,max=0.2)",SHORT,2026-07-30 12:30:00,2026-07-30 13:05:00,52004.0,52010.0,-6.5
"Parabolic_SAR(af=0.02,max=0.2)",LONG,2026-07-30 13:05:00,2026-07-30 13:40:00,52010.0,51957.0,-30.0
"Parabolic_SAR(af=0.02,max=0.2)",SHORT,2026-07-30 13:40:00,2026-07-30 13:55:00,51957.0,52084.0,-67.0
"Parabolic_SAR(af=0.02,max=0.2)",LONG,2026-07-30 13:55:00,2026-07-30 14:55:00,52084.0,51906.0,-92.5
"Parabolic_SAR(af=0.02,max=0.2)",SHORT,2026-07-30 14:55:00,2026-07-30 15:40:00,51906.0,51946.0,-23.5
"Parabolic_SAR(af=0.02,max=0.2)",LONG,2026-07-30 15:40:00,2026-07-30 17:35:00,51946.0,52285.0,166.0
"Parabolic_SAR(af=0.02,max=0.2)",SHORT,2026-07-30 17:35:00,2026-07-30 17:45:00,52285.0,52301.0,-11.5
"Parabolic_SAR(af=0.02,max=0.2)",LONG,2026-07-30 17:45:00,2026-07-30 18:00:00,52301.0,52265.0,-21.5
"Parabolic_SAR(af=0.02,max=0.2)",SHORT,2026-07-30 18:00:00,2026-07-30 18:25:00,52265.0,52313.0,-27.5
"Parabolic_SAR(af=0.02,max=0.2)",LONG,2026-07-30 18:25:00,2026-07-30 19:50:00,52313.0,52364.0,22.0
"Parabolic_SAR(af=0.02,max=0.2)",SHORT,2026-07-30 19:50:00,2026-07-30 20:05:00,52364.0,52473.0,-58.0
"Parabolic_SAR(af=0.02,max=0.2)",LONG,2026-07-30 20:05:00,2026-07-31 00:55:00,52473.0,52515.0,17.5
"Parabolic_SAR(af=0.02,max=0.2)",SHORT,2026-07-31 00:55:00,2026-07-31 01:05:00,52515.0,52552.0,-22.0
"Parabolic_SAR(af=0.02,max=0.2)",LONG,2026-07-31 01:05:00,2026-07-31 01:50:00,52552.0,52553.0,-3.0
"Parabolic_SAR(af=0.02,max=0.2)",SHORT,2026-07-31 01:50:00,2026-07-31 02:10:00,52553.0,52589.0,-21.5
"Parabolic_SAR(af=0.02,max=0.2)",LONG,2026-07-31 02:10:00,2026-07-31 02:40:00,52589.0,52558.0,-19.0
"Parabolic_SAR(af=0.02,max=0.2)",SHORT,2026-07-31 02:40:00,2026-07-31 03:35:00,52558.0,52573.0,-11.0
"Parabolic_SAR(af=0.02,max=0.2)",LONG,2026-07-31 03:35:00,2026-07-31 05:15:00,52573.0,52625.0,22.5
"Parabolic_SAR(af=0.02,max=0.2)",SHORT,2026-07-31 05:15:00,2026-07-31 05:45:00,52625.0,52615.0,1.5
"Parabolic_SAR(af=0.02,max=0.2)",LONG,2026-07-31 05:45:00,2026-07-31 05:50:00,52615.0,52624.0,1.0
"Parabolic_SAR(af=0.02,max=0.2)",SHORT,2026-07-31 05:50:00,2026-07-31 07:00:00,52624.0,52591.0,13.0
"Parabolic_SAR(af=0.02,max=0.2)",LONG,2026-07-31 07:00:00,2026-07-31 08:35:00,52591.0,52662.0,32.0
"Parabolic_SAR(af=0.02,max=0.2)",SHORT,2026-07-31 08:35:00,2026-07-31 09:20:00,52662.0,52680.0,-12.5
"Parabolic_SAR(af=0.02,max=0.2)",LONG,2026-07-31 09:20:00,2026-07-31 09:35:00,52680.0,52653.0,-17.0
"Parabolic_SAR(af=0.02,max=0.2)",SHORT,2026-07-31 09:35:00,2026-07-31 10:20:00,52653.0,52681.0,-17.5
"Parabolic_SAR(af=0.02,max=0.2)",LONG,2026-07-31 10:20:00,2026-07-31 11:15:00,52681.0,52684.0,-2.0
"Parabolic_SAR(af=0.02,max=0.2)",SHORT,2026-07-31 11:15:00,2026-07-31 13:05:00,52684.0,52568.0,54.5
"Parabolic_SAR(af=0.02,max=0.2)",LONG,2026-07-31 13:05:00,2026-07-31 13:35:00,52568.0,52549.0,-13.0
"Parabolic_SAR(af=0.02,max=0.2)",SHORT,2026-07-31 13:35:00,2026-07-31 14:30:00,52549.0,52302.0,120.0
"Parabolic_SAR(af=0.02,max=0.2)",LONG,2026-07-31 14:30:00,2026-07-31 15:35:00,52302.0,52407.0,49.0
"Parabolic_SAR(af=0.02,max=0.2)",SHORT,2026-07-31 15:35:00,2026-07-31 15:45:00,52407.0,52473.0,-36.5
"Parabolic_SAR(af=0.02,max=0.2)",LONG,2026-07-31 15:45:00,2026-07-31 17:10:00,52473.0,52581.0,50.5
"Parabolic_SAR(af=0.02,max=0.2)",SHORT,2026-07-31 17:10:00,2026-07-31 17:15:00,52581.0,52613.0,-19.5
"Parabolic_SAR(af=0.02,max=0.2)",LONG,2026-07-31 17:15:00,2026-07-31 17:55:00,52613.0,52622.0,1.0
"Parabolic_SAR(af=0.02,max=0.2)",SHORT,2026-07-31 17:55:00,2026-07-31 18:15:00,52622.0,52659.0,-22.0
"Parabolic_SAR(af=0.02,max=0.2)",LONG,2026-07-31 18:15:00,2026-07-31 19:05:00,52659.0,52637.0,-14.5
"Parabolic_SAR(af=0.02,max=0.2)",SHORT,2026-07-31 19:05:00,2026-07-31 19:20:00,52637.0,52719.0,-44.5
"Parabolic_SAR(af=0.02,max=0.2)",LONG,2026-07-31 19:20:00,2026-07-31 20:00:00,52719.0,52637.0,-44.5
"Parabolic_SAR(af=0.02,max=0.2)",SHORT,2026-07-31 20:00:00,2026-08-02 22:15:00,52637.0,52840.0,-105.0
"Parabolic_SAR(af=0.02,max=0.2)",LONG,2026-08-02 22:15:00,2026-08-03 02:30:00,52840.0,52867.0,10.0
"Parabolic_SAR(af=0.02,max=0.2)",SHORT,2026-08-03 02:30:00,2026-08-03 02:55:00,52867.0,52886.0,-13.0
"Parabolic_SAR(af=0.02,max=0.2)",LONG,2026-08-03 02:55:00,2026-08-03 03:35:00,52886.0,52885.0,-4.0
"Parabolic_SAR(af=0.02,max=0.2)",SHORT,2026-08-03 03:35:00,2026-08-03 03:40:00,52885.0,52902.0,-12.0
"Parabolic_SAR(af=0.02,max=0.2)",LONG,2026-08-03 03:40:00,2026-08-03 05:10:00,52902.0,52926.0,8.5
"Parabolic_SAR(af=0.02,max=0.2)",SHORT,2026-08-03 05:10:00,2026-08-03 06:10:00,52926.0,52934.0,-7.5
"Parabolic_SAR(af=0.02,max=0.2)",LONG,2026-08-03 06:10:00,2026-08-03 06:25:00,52934.0,52904.0,-18.5
"Parabolic_SAR(af=0.02,max=0.2)",SHORT,2026-08-03 06:25:00,2026-08-03 07:10:00,52904.0,52904.0,-3.5
"Parabolic_SAR(af=0.02,max=0.2)",LONG,2026-08-03 07:10:00,2026-08-03 07:20:00,52904.0,52869.0,-21.0
"Parabolic_SAR(af=0.02,max=0.2)",SHORT,2026-08-03 07:20:00,2026-08-03 07:40:00,52869.0,52905.0,-21.5
"Parabolic_SAR(af=0.02,max=0.2)",LONG,2026-08-03 07:40:00,2026-08-03 10:05:00,52905.0,52985.0,36.5
"Parabolic_SAR(af=0.02,max=0.2)",SHORT,2026-08-03 10:05:00,2026-08-03 10:15:00,52985.0,53019.0,-20.5
"Parabolic_SAR(af=0.02,max=0.2)",LONG,2026-08-03 10:15:00,2026-08-03 12:00:00,53019.0,53172.0,73.0
"Parabolic_SAR(af=0.02,max=0.2)",SHORT,2026-08-03 12:00:00,2026-08-03 12:25:00,53172.0,53185.0,-10.0
"Parabolic_SAR(af=0.02,max=0.2)",LONG,2026-08-03 12:25:00,2026-08-03 13:30:00,53185.0,53171.0,-10.5
"Parabolic_SAR(af=0.02,max=0.2)",SHORT,2026-08-03 13:30:00,2026-08-03 14:05:00,53171.0,53349.0,-92.5
"Parabolic_SAR(af=0.02,max=0.2)",LONG,2026-08-03 14:05:00,2026-08-03 15:05:00,53349.0,53185.0,-85.5
"Parabolic_SAR(af=0.02,max=0.2)",SHORT,2026-08-03 15:05:00,2026-08-03 17:20:00,53185.0,53132.0,23.0
"Parabolic_SAR(af=0.02,max=0.2)",LONG,2026-08-03 17:20:00,2026-08-03 18:35:00,53132.0,53257.0,59.0
"Parabolic_SAR(af=0.02,max=0.2)",SHORT,2026-08-03 18:35:00,2026-08-03 18:45:00,53257.0,53300.0,-25.0
"Parabolic_SAR(af=0.02,max=0.2)",LONG,2026-08-03 18:45:00,2026-08-03 20:00:00,53300.0,53335.0,14.0
"Parabolic_SAR(af=0.02,max=0.2)",SHORT,2026-08-03 20:00:00,2026-08-03 20:05:00,53335.0,53389.0,-30.5
"Parabolic_SAR(af=0.02,max=0.2)",LONG,2026-08-03 20:05:00,2026-08-03 23:10:00,53389.0,53419.0,11.5
"Parabolic_SAR(af=0.02,max=0.2)",SHORT,2026-08-03 23:10:00,2026-08-04 00:05:00,53419.0,53408.0,2.0
"Parabolic_SAR(af=0.02,max=0.2)",LONG,2026-08-04 00:05:00,2026-08-04 01:00:00,53408.0,53440.0,12.5
"Parabolic_SAR(af=0.02,max=0.2)",SHORT,2026-08-04 01:00:00,2026-08-04 01:10:00,53440.0,53461.0,-14.0
"Parabolic_SAR(af=0.02,max=0.2)",LONG,2026-08-04 01:10:00,2026-08-04 02:10:00,53461.0,53448.0,-10.0
"Parabolic_SAR(af=0.02,max=0.2)",SHORT,2026-08-04 02:10:00,2026-08-04 02:25:00,53448.0,53471.0,-15.0
"Parabolic_SAR(af=0.02,max=0.2)",LONG,2026-08-04 02:25:00,2026-08-04 03:50:00,53471.0,53479.0,0.5
"Parabolic_SAR(af=0.02,max=0.2)",SHORT,2026-08-04 03:50:00,2026-08-04 05:45:00,53479.0,53454.0,9.0
"Parabolic_SAR(af=0.02,max=0.2)",LONG,2026-08-04 05:45:00,2026-08-04 05:55:00,53454.0,53441.0,-10.0
"Parabolic_SAR(af=0.02,max=0.2)",SHORT,2026-08-04 05:55:00,2026-08-04 06:15:00,53441.0,53473.0,-19.5
"Parabolic_SAR(af=0.02,max=0.2)",LONG,2026-08-04 06:15:00,2026-08-04 06:35:00,53473.0,53431.0,-24.5
"Parabolic_SAR(af=0.02,max=0.2)",SHORT,2026-08-04 06:35:00,2026-08-04 07:50:00,53431.0,53430.0,-3.0
"Parabolic_SAR(af=0.02,max=0.2)",LONG,2026-08-04 07:50:00,2026-08-04 08:10:00,53430.0,53398.0,-19.5
"Parabolic_SAR(af=0.02,max=0.2)",SHORT,2026-08-04 08:10:00,2026-08-04 08:20:00,53398.0,53430.0,-19.5
"Parabolic_SAR(af=0.02,max=0.2)",LONG,2026-08-04 08:20:00,2026-08-04 08:40:00,53430.0,53405.0,-16.0
"Parabolic_SAR(af=0.02,max=0.2)",SHORT,2026-08-04 08:40:00,2026-08-04 09:25:00,53405.0,53382.0,8.0
"Parabolic_SAR(af=0.02,max=0.2)",LONG,2026-08-04 09:25:00,2026-08-04 10:15:00,53382.0,53360.0,-14.5
"Parabolic_SAR(af=0.02,max=0.2)",SHORT,2026-08-04 10:15:00,2026-08-04 10:35:00,53360.0,53646.0,-146.5
"Parabolic_SAR(af=0.02,max=0.2)",LONG,2026-08-04 10:35:00,2026-08-04 13:00:00,53646.0,53947.0,147.0
"Parabolic_SAR(af=0.02,max=0.2)",SHORT,2026-08-04 13:00:00,2026-08-04 13:15:00,53947.0,54010.0,-35.0
"Parabolic_SAR(af=0.02,max=0.2)",LONG,2026-08-04 13:15:00,2026-08-04 13:45:00,54010.0,53902.0,-57.5
"Parabolic_SAR(af=0.02,max=0.2)",SHORT,2026-08-04 13:45:00,2026-08-04 14:20:00,53902.0,54040.0,-72.5
"Parabolic_SAR(af=0.02,max=0.2)",LONG,2026-08-04 14:20:00,2026-08-04 17:00:00,54040.0,54298.0,125.5
"Parabolic_SAR(af=0.02,max=0.2)",SHORT,2026-08-04 17:00:00,2026-08-04 17:05:00,54298.0,54326.0,-17.5
"Parabolic_SAR(af=0.02,max=0.2)",LONG,2026-08-04 17:05:00,2026-08-04 18:05:00,54326.0,54298.0,-17.5
"Parabolic_SAR(af=0.02,max=0.2)",SHORT,2026-08-04 18:05:00,2026-08-04 19:05:00,54298.0,54378.0,-43.5
"Parabolic_SAR(af=0.02,max=0.2)",LONG,2026-08-04 19:05:00,2026-08-04 19:55:00,54378.0,54303.0,-41.0
"Parabolic_SAR(af=0.02,max=0.2)",SHORT,2026-08-04 19:55:00,2026-08-04 20:05:00,54303.0,54319.0,-11.5
"Parabolic_SAR(af=0.02,max=0.2)",LONG,2026-08-04 20:05:00,2026-08-05 03:25:00,54319.0,54446.0,60.0
"Parabolic_SAR(af=0.02,max=0.2)",SHORT,2026-08-05 03:25:00,2026-08-05 03:40:00,54446.0,54475.0,-18.0
"Parabolic_SAR(af=0.02,max=0.2)",LONG,2026-08-05 03:40:00,2026-08-05 04:25:00,54475.0,54468.0,-7.0
"Parabolic_SAR(af=0.02,max=0.2)",SHORT,2026-08-05 04:25:00,2026-08-05 05:25:00,54468.0,54478.0,-8.5
"Parabolic_SAR(af=0.02,max=0.2)",LONG,2026-08-05 05:25:00,2026-08-05 06:05:00,54478.0,54460.0,-12.5
"Parabolic_SAR(af=0.02,max=0.2)",SHORT,2026-08-05 06:05:00,2026-08-05 07:05:00,54460.0,54414.0,19.5
"Parabolic_SAR(af=0.02,max=0.2)",LONG,2026-08-05 07:05:00,2026-08-05 07:15:00,54414.0,54402.0,-9.5
"Parabolic_SAR(af=0.02,max=0.2)",SHORT,2026-08-05 07:15:00,2026-08-05 08:00:00,54402.0,54406.0,-5.5
"Parabolic_SAR(af=0.02,max=0.2)",LONG,2026-08-05 08:00:00,2026-08-05 08:25:00,54406.0,54373.0,-20.0
"Parabolic_SAR(af=0.02,max=0.2)",SHORT,2026-08-05 08:25:00,2026-08-05 09:40:00,54373.0,54395.0,-14.5
"Parabolic_SAR(af=0.02,max=0.2)",LONG,2026-08-05 09:40:00,2026-08-05 11:35:00,54395.0,54470.0,34.0
"Parabolic_SAR(af=0.02,max=0.2)",SHORT,2026-08-05 11:35:00,2026-08-05 11:55:00,54470.0,54490.0,-13.5
"Parabolic_SAR(af=0.02,max=0.2)",LONG,2026-08-05 11:55:00,2026-08-05 12:35:00,54490.0,54492.0,-2.5
"Parabolic_SAR(af=0.02,max=0.2)",SHORT,2026-08-05 12:35:00,2026-08-05 13:35:00,54492.0,54691.0,-103.0
"Parabolic_SAR(af=0.02,max=0.2)",LONG,2026-08-05 13:35:00,2026-08-05 14:55:00,54691.0,54777.0,39.5
"Parabolic_SAR(af=0.02,max=0.2)",SHORT,2026-08-05 14:55:00,2026-08-05 16:35:00,54777.0,54660.0,55.0
"Parabolic_SAR(af=0.02,max=0.2)",LONG,2026-08-05 16:35:00,2026-08-05 18:15:00,54660.0,54685.0,9.0
"Parabolic_SAR(af=0.02,max=0.2)",SHORT,2026-08-05 18:15:00,2026-08-05 19:55:00,54685.0,54604.0,37.0
"Parabolic_SAR(af=0.02,max=0.2)",LONG,2026-08-05 19:55:00,2026-08-05 20:00:00,54604.0,54486.0,-62.5
"Parabolic_SAR(af=0.02,max=0.2)",SHORT,2026-08-05 20:00:00,2026-08-05 22:25:00,54486.0,54575.0,-48.0
"Parabolic_SAR(af=0.02,max=0.2)",LONG,2026-08-05 22:25:00,2026-08-06 00:05:00,54575.0,54592.0,5.0
"Parabolic_SAR(af=0.02,max=0.2)",SHORT,2026-08-06 00:05:00,2026-08-06 01:00:00,54592.0,54590.0,-2.5
"Parabolic_SAR(af=0.02,max=0.2)",LONG,2026-08-06 01:00:00,2026-08-06 01:20:00,54590.0,54570.0,-13.5
"Parabolic_SAR(af=0.02,max=0.2)",SHORT,2026-08-06 01:20:00,2026-08-06 02:00:00,54570.0,54585.0,-11.0
"Parabolic_SAR(af=0.02,max=0.2)",LONG,2026-08-06 02:00:00,2026-08-06 03:25:00,54585.0,54600.0,4.0
"Parabolic_SAR(af=0.02,max=0.2)",SHORT,2026-08-06 03:25:00,2026-08-06 04:10:00,54600.0,54609.0,-8.0
"Parabolic_SAR(af=0.02,max=0.2)",LONG,2026-08-06 04:10:00,2026-08-06 05:35:00,54609.0,54607.0,-4.5
"Parabolic_SAR(af=0.02,max=0.2)",SHORT,2026-08-06 05:35:00,2026-08-06 06:00:00,54607.0,54635.0,-17.5
"Parabolic_SAR(af=0.02,max=0.2)",LONG,2026-08-06 06:00:00,2026-08-06 06:15:00,54635.0,54584.0,-29.0
"Parabolic_SAR(af=0.02,max=0.2)",SHORT,2026-08-06 06:15:00,2026-08-06 06:55:00,54584.0,54622.0,-22.5
"Parabolic_SAR(af=0.02,max=0.2)",LONG,2026-08-06 06:55:00,2026-08-06 07:40:00,54622.0,54595.0,-17.0
"Parabolic_SAR(af=0.02,max=0.2)",SHORT,2026-08-06 07:40:00,2026-08-06 08:30:00,54595.0,54637.0,-24.5
"Parabolic_SAR(af=0.02,max=0.2)",LONG,2026-08-06 08:30:00,2026-08-06 09:35:00,54637.0,54647.0,1.5
"Parabolic_SAR(af=0.02,max=0.2)",SHORT,2026-08-06 09:35:00,2026-08-06 11:05:00,54647.0,54628.0,6.0
"Parabolic_SAR(af=0.02,max=0.2)",LONG,2026-08-06 11:05:00,2026-08-06 11:10:00,54628.0,54621.0,-7.0
"Parabolic_SAR(af=0.02,max=0.2)",SHORT,2026-08-06 11:10:00,2026-08-06 11:35:00,54621.0,54634.0,-10.0
"Parabolic_SAR(af=0.02,max=0.2)",LONG,2026-08-06 11:35:00,2026-08-06 11:45:00,54634.0,54580.0,-30.5
"Parabolic_SAR(af=0.02,max=0.2)",SHORT,2026-08-06 11:45:00,2026-08-06 12:20:00,54580.0,54589.0,-8.0
"Parabolic_SAR(af=0.02,max=0.2)",LONG,2026-08-06 12:20:00,2026-08-06 13:05:00,54589.0,54580.0,-8.0
"Parabolic_SAR(af=0.02,max=0.2)",SHORT,2026-08-06 13:05:00,2026-08-06 13:35:00,54580.0,54516.0,28.5
"Parabolic_SAR(af=0.02,max=0.2)",LONG,2026-08-06 13:35:00,2026-08-06 13:40:00,54516.0,54462.0,-30.5
"Parabolic_SAR(af=0.02,max=0.2)",SHORT,2026-08-06 13:40:00,2026-08-06 15:50:00,54462.0,54167.0,144.0
"Parabolic_SAR(af=0.02,max=0.2)",LONG,2026-08-06 15:50:00,2026-08-06 15:55:00,54167.0,54105.0,-34.5
"Parabolic_SAR(af=0.02,max=0.2)",SHORT,2026-08-06 15:55:00,2026-08-06 16:35:00,54105.0,54147.0,-24.5
"Parabolic_SAR(af=0.02,max=0.2)",LONG,2026-08-06 16:35:00,2026-08-06 17:10:00,54147.0,54090.0,-32.0
"Parabolic_SAR(af=0.02,max=0.2)",SHORT,2026-08-06 17:10:00,2026-08-06 18:05:00,54090.0,54074.0,4.5
"Parabolic_SAR(af=0.02,max=0.2)",LONG,2026-08-06 18:05:00,2026-08-06 19:30:00,54074.0,54020.0,-30.5
"Parabolic_SAR(af=0.02,max=0.2)",SHORT,2026-08-06 19:30:00,2026-08-06 22:05:00,54020.0,53994.0,9.5
"Parabolic_SAR(af=0.02,max=0.2)",LONG,2026-08-06 22:05:00,2026-08-07 00:10:00,53994.0,53984.0,-8.5
"Parabolic_SAR(af=0.02,max=0.2)",SHORT,2026-08-07 00:10:00,2026-08-07 01:35:00,53984.0,53952.0,12.5
"Parabolic_SAR(af=0.02,max=0.2)",LONG,2026-08-07 01:35:00,2026-08-07 01:55:00,53952.0,53923.0,-18.0
"Parabolic_SAR(af=0.02,max=0.2)",SHORT,2026-08-07 01:55:00,2026-08-07 03:40:00,53923.0,53904.0,6.0
"Parabolic_SAR(af=0.02,max=0.2)",LONG,2026-08-07 03:40:00,2026-08-07 04:20:00,53904.0,53892.0,-9.5
"Parabolic_SAR(af=0.02,max=0.2)",SHORT,2026-08-07 04:20:00,2026-08-07 04:30:00,53892.0,53892.0,-3.5
"Parabolic_SAR(af=0.02,max=0.2)",LONG,2026-08-07 04:30:00,2026-08-07 06:05:00,53892.0,53928.0,14.5
"Parabolic_SAR(af=0.02,max=0.2)",SHORT,2026-08-07 06:05:00,2026-08-07 06:10:00,53928.0,53937.0,-8.0
"Parabolic_SAR(af=0.02,max=0.2)",LONG,2026-08-07 06:10:00,2026-08-07 06:45:00,53937.0,53935.0,-4.5
"Parabolic_SAR(af=0.02,max=0.2)",SHORT,2026-08-07 06:45:00,2026-08-07 07:00:00,53935.0,53969.0,-20.5
"Parabolic_SAR(af=0.02,max=0.2)",LONG,2026-08-07 07:00:00,2026-08-07 07:50:00,53969.0,53963.0,-6.5
"Parabolic_SAR(af=0.02,max=0.2)",SHORT,2026-08-07 07:50:00,2026-08-07 09:00:00,53963.0,53983.0,-13.5
"Parabolic_SAR(af=0.02,max=0.2)",LONG,2026-08-07 09:00:00,2026-08-07 10:20:00,53983.0,54026.0,18.0
"Parabolic_SAR(af=0.02,max=0.2)",SHORT,2026-08-07 10:20:00,2026-08-07 10:30:00,54026.0,54046.0,-13.5
"Parabolic_SAR(af=0.02,max=0.2)",LONG,2026-08-07 10:30:00,2026-08-07 12:00:00,54046.0,54051.0,-1.0
"Parabolic_SAR(af=0.02,max=0.2)",SHORT,2026-08-07 12:00:00,2026-08-07 12:30:00,54051.0,54075.0,-15.5
"Parabolic_SAR(af=0.02,max=0.2)",LONG,2026-08-07 12:30:00,2026-08-07 13:10:00,54075.0,54092.0,5.0
"Parabolic_SAR(af=0.02,max=0.2)",SHORT,2026-08-07 13:10:00,2026-08-07 13:45:00,54092.0,54104.0,-9.5
"Parabolic_SAR(af=0.02,max=0.2)",LONG,2026-08-07 13:45:00,2026-08-07 16:00:00,54104.0,54060.0,-25.5
"Parabolic_SAR(af=0.02,max=0.2)",SHORT,2026-08-07 16:00:00,2026-08-07 17:15:00,54060.0,54092.0,-19.5
"Parabolic_SAR(af=0.02,max=0.2)",LONG,2026-08-07 17:15:00,2026-08-07 18:15:00,54092.0,54038.0,-30.5
"Parabolic_SAR(af=0.02,max=0.2)",SHORT,2026-08-07 18:15:00,2026-08-07 19:05:00,54038.0,54095.0,-32.0
"Parabolic_SAR(af=0.02,max=0.2)",LONG,2026-08-07 19:05:00,2026-08-07 20:25:00,54095.0,54134.0,16.0
"Parabolic_SAR(af=0.02,max=0.2)",SHORT,2026-08-07 20:25:00,2026-08-09 23:20:00,54134.0,54045.0,41.0
"Parabolic_SAR(af=0.02,max=0.2)",LONG,2026-08-09 23:20:00,2026-08-10 00:00:00,54045.0,54004.0,-24.0
"Parabolic_SAR(af=0.02,max=0.2)",SHORT,2026-08-10 00:00:00,2026-08-10 00:10:00,54004.0,54048.0,-25.5
"Parabolic_SAR(af=0.02,max=0.2)",LONG,2026-08-10 00:10:00,2026-08-10 02:20:00,54048.0,54065.0,5.0
"Parabolic_SAR(af=0.02,max=0.2)",SHORT,2026-08-10 02:20:00,2026-08-10 02:35:00,54065.0,54081.0,-11.5
"Parabolic_SAR(af=0.02,max=0.2)",LONG,2026-08-10 02:35:00,2026-08-10 04:45:00,54081.0,54119.0,15.5
"Parabolic_SAR(af=0.02,max=0.2)",SHORT,2026-08-10 04:45:00,2026-08-10 04:50:00,54119.0,54119.0,-3.5
"Parabolic_SAR(af=0.02,max=0.2)",LONG,2026-08-10 04:50:00,2026-08-10 06:05:00,54119.0,54139.0,6.5
"Parabolic_SAR(af=0.02,max=0.2)",SHORT,2026-08-10 06:05:00,2026-08-10 06:15:00,54139.0,54133.0,-0.5
"Parabolic_SAR(af=0.02,max=0.2)",LONG,2026-08-10 06:15:00,2026-08-10 06:25:00,54133.0,54118.0,-11.0
"Parabolic_SAR(af=0.02,max=0.2)",SHORT,2026-08-10 06:25:00,2026-08-10 07:00:00,54118.0,54142.0,-15.5
"Parabolic_SAR(af=0.02,max=0.2)",LONG,2026-08-10 07:00:00,2026-08-10 07:15:00,54142.0,54110.0,-19.5
"Parabolic_SAR(af=0.02,max=0.2)",SHORT,2026-08-10 07:15:00,2026-08-10 07:25:00,54110.0,54153.0,-25.0
"Parabolic_SAR(af=0.02,max=0.2)",LONG,2026-08-10 07:25:00,2026-08-10 08:05:00,54153.0,54130.0,-15.0
"Parabolic_SAR(af=0.02,max=0.2)",SHORT,2026-08-10 08:05:00,2026-08-10 09:15:00,54130.0,54126.0,-1.5
"Parabolic_SAR(af=0.02,max=0.2)",LONG,2026-08-10 09:15:00,2026-08-10 10:05:00,54126.0,54121.0,-6.0
"Parabolic_SAR(af=0.02,max=0.2)",SHORT,2026-08-10 10:05:00,2026-08-10 10:25:00,54121.0,54137.0,-11.5
"Parabolic_SAR(af=0.02,max=0.2)",LONG,2026-08-10 10:25:00,2026-08-10 10:40:00,54137.0,54095.0,-24.5
"Parabolic_SAR(af=0.02,max=0.2)",SHORT,2026-08-10 10:40:00,2026-08-10 11:45:00,54095.0,54088.0,0.0
"Parabolic_SAR(af=0.02,max=0.2)",LONG,2026-08-10 11:45:00,2026-08-10 12:35:00,54088.0,54070.0,-12.5
"Parabolic_SAR(af=0.02,max=0.2)",SHORT,2026-08-10 12:35:00,2026-08-10 13:35:00,54070.0,54060.0,1.5
"Parabolic_SAR(af=0.02,max=0.2)",LONG,2026-08-10 13:35:00,2026-08-10 13:55:00,54060.0,54057.0,-5.0
"Parabolic_SAR(af=0.02,max=0.2)",SHORT,2026-08-10 13:55:00,2026-08-10 14:45:00,54057.0,54100.0,-25.0
"Parabolic_SAR(af=0.02,max=0.2)",LONG,2026-08-10 14:45:00,2026-08-10 16:20:00,54100.0,54054.0,-26.5
"Parabolic_SAR(af=0.02,max=0.2)",SHORT,2026-08-10 16:20:00,2026-08-10 18:50:00,54054.0,53993.0,27.0
"Parabolic_SAR(af=0.02,max=0.2)",LONG,2026-08-10 18:50:00,2026-08-10 19:35:00,53993.0,53979.0,-10.5
"Parabolic_SAR(af=0.02,max=0.2)",SHORT,2026-08-10 19:35:00,2026-08-10 19:50:00,53979.0,54013.0,-20.5
"Parabolic_SAR(af=0.02,max=0.2)",LONG,2026-08-10 19:50:00,2026-08-10 22:15:00,54013.0,54039.0,9.5
"Parabolic_SAR(af=0.02,max=0.2)",SHORT,2026-08-10 22:15:00,2026-08-11 00:15:00,54039.0,54019.0,6.5
"Parabolic_SAR(af=0.02,max=0.2)",LONG,2026-08-11 00:15:00,2026-08-11 01:45:00,54019.0,54036.0,5.0
"Parabolic_SAR(af=0.02,max=0.2)",SHORT,2026-08-11 01:45:00,2026-08-11 02:35:00,54036.0,54051.0,-11.0
"Parabolic_SAR(af=0.02,max=0.2)",LONG,2026-08-11 02:35:00,2026-08-11 04:15:00,54051.0,54070.0,6.0
"Parabolic_SAR(af=0.02,max=0.2)",SHORT,2026-08-11 04:15:00,2026-08-11 04:35:00,54070.0,54072.0,-4.5
"Parabolic_SAR(af=0.02,max=0.2)",LONG,2026-08-11 04:35:00,2026-08-11 05:10:00,54072.0,54067.0,-6.0
"Parabolic_SAR(af=0.02,max=0.2)",SHORT,2026-08-11 05:10:00,2026-08-11 05:45:00,54067.0,54075.0,-7.5
"Parabolic_SAR(af=0.02,max=0.2)",LONG,2026-08-11 05:45:00,2026-08-11 05:50:00,54075.0,54051.0,-15.5
"Parabolic_SAR(af=0.02,max=0.2)",SHORT,2026-08-11 05:50:00,2026-08-11 07:00:00,54051.0,54018.0,13.0
"Parabolic_SAR(af=0.02,max=0.2)",LONG,2026-08-11 07:00:00,2026-08-11 08:15:00,54018.0,53978.0,-23.5
"Parabolic_SAR(af=0.02,max=0.2)",SHORT,2026-08-11 08:15:00,2026-08-11 08:50:00,53978.0,54024.0,-26.5
"Parabolic_SAR(af=0.02,max=0.2)",LONG,2026-08-11 08:50:00,2026-08-11 09:15:00,54024.0,53991.0,-20.0
"Parabolic_SAR(af=0.02,max=0.2)",SHORT,2026-08-11 09:15:00,2026-08-11 09:45:00,53991.0,54017.0,-16.5
"Parabolic_SAR(af=0.02,max=0.2)",LONG,2026-08-11 09:45:00,2026-08-11 12:25:00,54017.0,54080.0,28.0
"Parabolic_SAR(af=0.02,max=0.2)",SHORT,2026-08-11 12:25:00,2026-08-11 13:05:00,54080.0,54141.0,-34.0
"Parabolic_SAR(af=0.02,max=0.2)",LONG,2026-08-11 13:05:00,2026-08-11 14:10:00,54141.0,54175.0,13.5
"Parabolic_SAR(af=0.02,max=0.2)",SHORT,2026-08-11 14:10:00,2026-08-11 15:55:00,54175.0,54026.0,71.0
"Parabolic_SAR(af=0.02,max=0.2)",LONG,2026-08-11 15:55:00,2026-08-11 16:25:00,54026.0,54011.0,-11.0
"Parabolic_SAR(af=0.02,max=0.2)",SHORT,2026-08-11 16:25:00,2026-08-11 17:45:00,54011.0,53991.0,6.5
"Parabolic_SAR(af=0.02,max=0.2)",LONG,2026-08-11 17:45:00,2026-08-11 18:10:00,53991.0,53950.0,-24.0
"Parabolic_SAR(af=0.02,max=0.2)",SHORT,2026-08-11 18:10:00,2026-08-11 19:35:00,53950.0,53925.0,9.0
"Parabolic_SAR(af=0.02,max=0.2)",LONG,2026-08-11 19:35:00,2026-08-11 19:55:00,53925.0,53892.0,-20.0
"Parabolic_SAR(af=0.02,max=0.2)",SHORT,2026-08-11 19:55:00,2026-08-11 20:35:00,53892.0,53922.0,-18.5
"Parabolic_SAR(af=0.02,max=0.2)",LONG,2026-08-11 20:35:00,2026-08-12 00:05:00,53922.0,53891.0,-19.0
"Parabolic_SAR(af=0.02,max=0.2)",SHORT,2026-08-12 00:05:00,2026-08-12 02:05:00,53891.0,53869.0,7.5
"Parabolic_SAR(af=0.02,max=0.2)",LONG,2026-08-12 02:05:00,2026-08-12 03:15:00,53869.0,53887.0,5.5
"Parabolic_SAR(af=0.02,max=0.2)",SHORT,2026-08-12 03:15:00,2026-08-12 03:30:00,53887.0,53886.0,-3.0
"Parabolic_SAR(af=0.02,max=0.2)",LONG,2026-08-12 03:30:00,2026-08-12 03:40:00,53886.0,53878.0,-7.5
"Parabolic_SAR(af=0.02,max=0.2)",SHORT,2026-08-12 03:40:00,2026-08-12 04:05:00,53878.0,53887.0,-8.0
"Parabolic_SAR(af=0.02,max=0.2)",LONG,2026-08-12 04:05:00,2026-08-12 06:00:00,53887.0,53897.0,1.5
"Parabolic_SAR(af=0.02,max=0.2)",SHORT,2026-08-12 06:00:00,2026-08-12 06:30:00,53897.0,53898.0,-4.0
"Parabolic_SAR(af=0.02,max=0.2)",LONG,2026-08-12 06:30:00,2026-08-12 07:25:00,53898.0,53888.0,-8.5
"Parabolic_SAR(af=0.02,max=0.2)",SHORT,2026-08-12 07:25:00,2026-08-12 08:55:00,53888.0,53888.0,-3.5
"Parabolic_SAR(af=0.02,max=0.2)",LONG,2026-08-12 08:55:00,2026-08-12 10:00:00,53888.0,53944.0,24.5
"Parabolic_SAR(af=0.02,max=0.2)",SHORT,2026-08-12 10:00:00,2026-08-12 11:15:00,53944.0,53948.0,-5.5
"Parabolic_SAR(af=0.02,max=0.2)",LONG,2026-08-12 11:15:00,2026-08-12 12:35:00,53948.0,54024.0,34.5
"Parabolic_SAR(af=0.02,max=0.2)",SHORT,2026-08-12 12:35:00,2026-08-12 15:30:00,54024.0,53891.0,63.0
"Parabolic_SAR(af=0.02,max=0.2)",LONG,2026-08-12 15:30:00,2026-08-12 16:35:00,53891.0,53910.0,6.0
"Parabolic_SAR(af=0.02,max=0.2)",SHORT,2026-08-12 16:35:00,2026-08-12 17:45:00,53910.0,53920.0,-8.5
"Parabolic_SAR(af=0.02,max=0.2)",LONG,2026-08-12 17:45:00,2026-08-12 19:20:00,53920.0,53915.0,-6.0
"Parabolic_SAR(af=0.02,max=0.2)",SHORT,2026-08-12 19:20:00,2026-08-12 20:10:00,53915.0,53908.0,0.0
"Parabolic_SAR(af=0.02,max=0.2)",LONG,2026-08-12 20:10:00,2026-08-12 20:35:00,53908.0,53863.0,-26.0
"Parabolic_SAR(af=0.02,max=0.2)",SHORT,2026-08-12 20:35:00,2026-08-12 23:10:00,53863.0,53896.0,-20.0
"Parabolic_SAR(af=0.02,max=0.2)",LONG,2026-08-12 23:10:00,2026-08-13 00:05:00,53896.0,53877.0,-13.0
"Parabolic_SAR(af=0.02,max=0.2)",SHORT,2026-08-13 00:05:00,2026-08-13 01:35:00,53877.0,53819.0,25.5
"Parabolic_SAR(af=0.02,max=0.2)",LONG,2026-08-13 01:35:00,2026-08-13 02:40:00,53819.0,53826.0,0.0
"Parabolic_SAR(af=0.02,max=0.2)",SHORT,2026-08-13 02:40:00,2026-08-13 02:45:00,53826.0,53841.0,-11.0
"Parabolic_SAR(af=0.02,max=0.2)",LONG,2026-08-13 02:45:00,2026-08-13 03:35:00,53841.0,53826.0,-11.0
"Parabolic_SAR(af=0.02,max=0.2)",SHORT,2026-08-13 03:35:00,2026-08-13 03:45:00,53826.0,53846.0,-13.5
"Parabolic_SAR(af=0.02,max=0.2)",LONG,2026-08-13 03:45:00,2026-08-13 05:30:00,53846.0,53870.0,8.5
"Parabolic_SAR(af=0.02,max=0.2)",SHORT,2026-08-13 05:30:00,2026-08-13 05:35:00,53870.0,53872.0,-4.5
"Parabolic_SAR(af=0.02,max=0.2)",LONG,2026-08-13 05:35:00,2026-08-13 06:40:00,53872.0,53888.0,4.5
"Parabolic_SAR(af=0.02,max=0.2)",SHORT,2026-08-13 06:40:00,2026-08-13 07:00:00,53888.0,53907.0,-13.0
"Parabolic_SAR(af=0.02,max=0.2)",LONG,2026-08-13 07:00:00,2026-08-13 08:05:00,53907.0,53925.0,5.5
"Parabolic_SAR(af=0.02,max=0.2)",SHORT,2026-08-13 08:05:00,2026-08-13 08:10:00,53925.0,53938.0,-10.0
"Parabolic_SAR(af=0.02,max=0.2)",LONG,2026-08-13 08:10:00,2026-08-13 09:40:00,53938.0,53993.0,24.0
"Parabolic_SAR(af=0.02,max=0.2)",SHORT,2026-08-13 09:40:00,2026-08-13 10:05:00,53993.0,53991.0,-2.5
"Parabolic_SAR(af=0.02,max=0.2)",LONG,2026-08-13 10:05:00,2026-08-13 10:15:00,53991.0,53980.0,-9.0
"Parabolic_SAR(af=0.02,max=0.2)",SHORT,2026-08-13 10:15:00,2026-08-13 11:25:00,53980.0,54002.0,-14.5
"Parabolic_SAR(af=0.02,max=0.2)",LONG,2026-08-13 11:25:00,2026-08-13 12:20:00,54002.0,54008.0,-0.5
"Parabolic_SAR(af=0.02,max=0.2)",SHORT,2026-08-13 12:20:00,2026-08-13 12:35:00,54008.0,53999.0,1.0
"Parabolic_SAR(af=0.02,max=0.2)",LONG,2026-08-13 12:35:00,2026-08-13 13:35:00,53999.0,53971.0,-17.5
"Parabolic_SAR(af=0.02,max=0.2)",SHORT,2026-08-13 13:35:00,2026-08-13 14:05:00,53971.0,54082.0,-59.0
"Parabolic_SAR(af=0.02,max=0.2)",LONG,2026-08-13 14:05:00,2026-08-13 14:50:00,54082.0,53945.0,-72.0
"Parabolic_SAR(af=0.02,max=0.2)",SHORT,2026-08-13 14:50:00,2026-08-13 15:55:00,53945.0,53794.0,72.0
"Parabolic_SAR(af=0.02,max=0.2)",LONG,2026-08-13 15:55:00,2026-08-13 19:00:00,53794.0,53873.0,36.0
"Parabolic_SAR(af=0.02,max=0.2)",SHORT,2026-08-13 19:00:00,2026-08-13 19:25:00,53873.0,53933.0,-33.5
"Parabolic_SAR(af=0.02,max=0.2)",LONG,2026-08-13 19:25:00,2026-08-13 22:45:00,53933.0,53946.0,3.0
"Parabolic_SAR(af=0.02,max=0.2)",SHORT,2026-08-13 22:45:00,2026-08-13 23:40:00,53946.0,53956.0,-8.5
"Parabolic_SAR(af=0.02,max=0.2)",LONG,2026-08-13 23:40:00,2026-08-14 00:35:00,53956.0,53939.0,-12.0
"Parabolic_SAR(af=0.02,max=0.2)",SHORT,2026-08-14 00:35:00,2026-08-14 01:00:00,53939.0,53960.0,-14.0
"Parabolic_SAR(af=0.02,max=0.2)",LONG,2026-08-14 01:00:00,2026-08-14 02:35:00,53960.0,53983.0,8.0
"Parabolic_SAR(af=0.02,max=0.2)",SHORT,2026-08-14 02:35:00,2026-08-14 03:20:00,53983.0,53990.0,-7.0
"Parabolic_SAR(af=0.02,max=0.2)",LONG,2026-08-14 03:20:00,2026-08-14 03:50:00,53990.0,53973.0,-12.0
"Parabolic_SAR(af=0.02,max=0.2)",SHORT,2026-08-14 03:50:00,2026-08-14 07:45:00,53973.0,53884.0,41.0
"Parabolic_SAR(af=0.02,max=0.2)",LONG,2026-08-14 07:45:00,2026-08-14 08:10:00,53884.0,53846.0,-22.5
"Parabolic_SAR(af=0.02,max=0.2)",SHORT,2026-08-14 08:10:00,2026-08-14 08:50:00,53846.0,53865.0,-13.0
"Parabolic_SAR(af=0.02,max=0.2)",LONG,2026-08-14 08:50:00,2026-08-14 09:40:00,53865.0,53837.0,-17.5
"Parabolic_SAR(af=0.02,max=0.2)",SHORT,2026-08-14 09:40:00,2026-08-14 10:10:00,53837.0,53869.0,-19.5
"Parabolic_SAR(af=0.02,max=0.2)",LONG,2026-08-14 10:10:00,2026-08-14 10:50:00,53869.0,53853.0,-11.5
"Parabolic_SAR(af=0.02,max=0.2)",SHORT,2026-08-14 10:50:00,2026-08-14 11:35:00,53853.0,53850.0,-2.0
"Parabolic_SAR(af=0.02,max=0.2)",LONG,2026-08-14 11:35:00,2026-08-14 12:15:00,53850.0,53837.0,-10.0
"Parabolic_SAR(af=0.02,max=0.2)",SHORT,2026-08-14 12:15:00,2026-08-14 12:35:00,53837.0,53859.0,-14.5
"Parabolic_SAR(af=0.02,max=0.2)",LONG,2026-08-14 12:35:00,2026-08-14 13:15:00,53859.0,53806.0,-30.0
"Parabolic_SAR(af=0.02,max=0.2)",SHORT,2026-08-14 13:15:00,2026-08-14 13:30:00,53806.0,53865.0,-33.0
"Parabolic_SAR(af=0.02,max=0.2)",LONG,2026-08-14 13:30:00,2026-08-14 13:35:00,53865.0,53897.0,12.5
"Parabolic_SAR(af=0.02,max=0.2)",SHORT,2026-08-14 13:35:00,2026-08-14 13:40:00,53897.0,53855.0,17.5
"Parabolic_SAR(af=0.02,max=0.2)",LONG,2026-08-14 13:40:00,2026-08-14 14:35:00,53855.0,53839.0,-11.5
"Parabolic_SAR(af=0.02,max=0.2)",SHORT,2026-08-14 14:35:00,2026-08-14 16:10:00,53839.0,53779.0,26.5
"Parabolic_SAR(af=0.02,max=0.2)",LONG,2026-08-14 16:10:00,2026-08-14 16:55:00,53779.0,53778.0,-4.0
"Parabolic_SAR(af=0.02,max=0.2)",SHORT,2026-08-14 16:55:00,2026-08-14 17:25:00,53778.0,53800.0,-14.5
"Parabolic_SAR(af=0.02,max=0.2)",LONG,2026-08-14 17:25:00,2026-08-14 19:05:00,53800.0,53836.0,14.5
"Parabolic_SAR(af=0.02,max=0.2)",SHORT,2026-08-14 19:05:00,2026-08-14 20:40:00,53836.0,53793.0,18.0
"Parabolic_SAR(af=0.02,max=0.2)",LONG,2026-08-14 20:40:00,2026-08-16 22:10:00,53793.0,53816.0,8.0
"Parabolic_SAR(af=0.02,max=0.2)",SHORT,2026-08-16 22:10:00,2026-08-16 22:15:00,53816.0,53827.0,-9.0
"Parabolic_SAR(af=0.02,max=0.2)",LONG,2026-08-16 22:15:00,2026-08-16 23:35:00,53827.0,53811.0,-11.5
"Parabolic_SAR(af=0.02,max=0.2)",SHORT,2026-08-16 23:35:00,2026-08-17 02:25:00,53811.0,53732.0,36.0
"Parabolic_SAR(af=0.02,max=0.2)",LONG,2026-08-17 02:25:00,2026-08-17 02:50:00,53732.0,53729.0,-5.0
"Parabolic_SAR(af=0.02,max=0.2)",SHORT,2026-08-17 02:50:00,2026-08-17 03:25:00,53729.0,53732.0,-5.0
"Parabolic_SAR(af=0.02,max=0.2)",LONG,2026-08-17 03:25:00,2026-08-17 04:35:00,53732.0,53747.0,4.0
"Parabolic_SAR(af=0.02,max=0.2)",SHORT,2026-08-17 04:35:00,2026-08-17 04:45:00,53747.0,53756.0,-8.0
"Parabolic_SAR(af=0.02,max=0.2)",LONG,2026-08-17 04:45:00,2026-08-17 06:40:00,53756.0,53760.0,-1.5
"Parabolic_SAR(af=0.02,max=0.2)",SHORT,2026-08-17 06:40:00,2026-08-17 07:05:00,53760.0,53775.0,-11.0
"Parabolic_SAR(af=0.02,max=0.2)",LONG,2026-08-17 07:05:00,2026-08-17 07:20:00,53775.0,53749.0,-16.5
"Parabolic_SAR(af=0.02,max=0.2)",SHORT,2026-08-17 07:20:00,2026-08-17 07:40:00,53749.0,53766.0,-12.0
"Parabolic_SAR(af=0.02,max=0.2)",LONG,2026-08-17 07:40:00,2026-08-17 08:05:00,53766.0,53724.0,-24.5
"Parabolic_SAR(af=0.02,max=0.2)",SHORT,2026-08-17 08:05:00,2026-08-17 09:05:00,53724.0,53726.0,-4.5
"Parabolic_SAR(af=0.02,max=0.2)",LONG,2026-08-17 09:05:00,2026-08-17 09:55:00,53726.0,53715.0,-9.0
"Parabolic_SAR(af=0.02,max=0.2)",SHORT,2026-08-17 09:55:00,2026-08-17 10:20:00,53715.0,53737.0,-14.5
"Parabolic_SAR(af=0.02,max=0.2)",LONG,2026-08-17 10:20:00,2026-08-17 10:30:00,53737.0,53801.0,28.5
"Parabolic_SAR(af=0.02,max=0.2)",SHORT,2026-08-17 10:30:00,2026-08-17 13:20:00,53801.0,53628.0,83.0
"Parabolic_SAR(af=0.02,max=0.2)",LONG,2026-08-17 13:20:00,2026-08-17 13:30:00,53628.0,53569.0,-33.0
"Parabolic_SAR(af=0.02,max=0.2)",SHORT,2026-08-17 13:30:00,2026-08-17 13:35:00,53569.0,53624.0,-31.0
"RSI_Reversion(14,30/70)",SHORT,2026-05-31 23:25:00,2026-06-01 00:00:00,51101.0,51110.0,-8.0
"RSI_Reversion(14,30/70)",SHORT,2026-06-01 00:05:00,2026-06-01 00:10:00,51134.0,51114.0,6.5
"RSI_Reversion(14,30/70)",SHORT,2026-06-01 00:25:00,2026-06-01 00:30:00,51138.0,51128.0,1.5
"RSI_Reversion(14,30/70)",SHORT,2026-06-01 02:25:00,2026-06-01 02:30:00,51163.0,51155.0,0.5
"RSI_Reversion(14,30/70)",SHORT,2026-06-01 08:55:00,2026-06-01 09:10:00,51204.0,51196.0,0.5
"RSI_Reversion(14,30/70)",SHORT,2026-06-01 09:30:00,2026-06-01 10:00:00,51252.0,51244.0,0.5
"RSI_Reversion(14,30/70)",SHORT,2026-06-01 10:15:00,2026-06-01 10:20:00,51283.0,51271.0,2.5
"RSI_Reversion(14,30/70)",SHORT,2026-06-01 10:45:00,2026-06-01 10:50:00,51301.0,51294.0,0.0
"RSI_Reversion(14,30/70)",SHORT,2026-06-01 10:55:00,2026-06-01 11:00:00,51308.0,51305.0,-2.0
"RSI_Reversion(14,30/70)",SHORT,2026-06-01 11:05:00,2026-06-01 11:15:00,51356.0,51337.0,6.0
"RSI_Reversion(14,30/70)",SHORT,2026-06-01 11:25:00,2026-06-01 11:50:00,51347.0,51318.0,11.0
"RSI_Reversion(14,30/70)",LONG,2026-06-01 12:40:00,2026-06-01 12:45:00,51202.0,51246.0,18.5
"RSI_Reversion(14,30/70)",LONG,2026-06-01 13:15:00,2026-06-01 13:55:00,51044.0,51005.0,-23.0
"RSI_Reversion(14,30/70)",LONG,2026-06-01 14:35:00,2026-06-01 15:00:00,50891.0,50886.0,-6.0
"RSI_Reversion(14,30/70)",LONG,2026-06-01 22:30:00,2026-06-01 23:00:00,51030.0,51015.0,-11.0
"RSI_Reversion(14,30/70)",LONG,2026-06-01 23:50:00,2026-06-02 01:15:00,50979.0,50917.0,-34.5
"RSI_Reversion(14,30/70)",LONG,2026-06-02 01:40:00,2026-06-02 01:45:00,50889.0,50892.0,-2.0
"RSI_Reversion(14,30/70)",LONG,2026-06-02 01:50:00,2026-06-02 01:55:00,50880.0,50893.0,3.0
"RSI_Reversion(14,30/70)",SHORT,2026-06-02 05:25:00,2026-06-02 05:40:00,50960.0,50965.0,-6.0
"RSI_Reversion(14,30/70)",SHORT,2026-06-02 05:45:00,2026-06-02 05:50:00,50975.0,50965.0,1.5
"RSI_Reversion(14,30/70)",SHORT,2026-06-02 07:00:00,2026-06-02 08:10:00,50997.0,51052.0,-31.0
"RSI_Reversion(14,30/70)",LONG,2026-06-02 09:25:00,2026-06-02 09:50:00,50945.0,50941.0,-5.5
"RSI_Reversion(14,30/70)",LONG,2026-06-02 10:00:00,2026-06-02 10:15:00,50926.0,50925.0,-4.0
"RSI_Reversion(14,30/70)",SHORT,2026-06-02 13:35:00,2026-06-02 13:50:00,51216.0,51117.0,46.0
"RSI_Reversion(14,30/70)",SHORT,2026-06-02 15:05:00,2026-06-02 15:15:00,51235.0,51251.0,-11.5
"RSI_Reversion(14,30/70)",SHORT,2026-06-02 15:20:00,2026-06-02 15:30:00,51311.0,51290.0,7.0
"RSI_Reversion(14,30/70)",SHORT,2026-06-02 18:30:00,2026-06-02 18:55:00,51360.0,51388.0,-17.5
"RSI_Reversion(14,30/70)",SHORT,2026-06-02 19:00:00,2026-06-02 19:05:00,51401.0,51390.0,2.0
"RSI_Reversion(14,30/70)",LONG,2026-06-02 23:20:00,2026-06-02 23:30:00,51320.0,51339.0,6.0
"RSI_Reversion(14,30/70)",LONG,2026-06-03 05:35:00,2026-06-03 05:40:00,51347.0,51357.0,1.5
"RSI_Reversion(14,30/70)",LONG,2026-06-03 05:55:00,2026-06-03 06:40:00,51342.0,51328.0,-10.5
"RSI_Reversion(14,30/70)",LONG,2026-06-03 06:50:00,2026-06-03 06:55:00,51310.0,51313.0,-2.0
"RSI_Reversion(14,30/70)",LONG,2026-06-03 07:25:00,2026-06-03 07:35:00,51298.0,51301.0,-2.0
"RSI_Reversion(14,30/70)",LONG,2026-06-03 07:45:00,2026-06-03 08:00:00,51280.0,51280.0,-3.5
"RSI_Reversion(14,30/70)",LONG,2026-06-03 08:05:00,2026-06-03 08:10:00,51262.0,51277.0,4.0
"RSI_Reversion(14,30/70)",LONG,2026-06-03 08:20:00,2026-06-03 08:25:00,51253.0,51254.0,-3.0
"RSI_Reversion(14,30/70)",LONG,2026-06-03 09:30:00,2026-06-03 09:55:00,51208.0,51208.0,-3.5
"RSI_Reversion(14,30/70)",LONG,2026-06-03 10:00:00,2026-06-03 10:05:00,51195.0,51208.0,3.0
"RSI_Reversion(14,30/70)",LONG,2026-06-03 12:40:00,2026-06-03 12:45:00,51150.0,51171.0,7.0
"RSI_Reversion(14,30/70)",LONG,2026-06-03 13:30:00,2026-06-03 13:35:00,51102.0,51219.0,55.0
"RSI_Reversion(14,30/70)",LONG,2026-06-03 14:20:00,2026-06-03 14:25:00,50965.0,50982.0,5.0
"RSI_Reversion(14,30/70)",LONG,2026-06-03 20:05:00,2026-06-03 20:10:00,50798.0,50800.0,-2.5
"RSI_Reversion(14,30/70)",LONG,2026-06-03 20:15:00,2026-06-03 20:20:00,50786.0,50809.0,8.0
"RSI_Reversion(14,30/70)",LONG,2026-06-03 20:45:00,2026-06-03 22:00:00,50747.0,50774.0,10.0
"RSI_Reversion(14,30/70)",SHORT,2026-06-04 07:05:00,2026-06-04 07:45:00,50892.0,50908.0,-11.5
"RSI_Reversion(14,30/70)",SHORT,2026-06-04 08:30:00,2026-06-04 08:40:00,50962.0,50962.0,-3.5
"RSI_Reversion(14,30/70)",SHORT,2026-06-04 09:45:00,2026-06-04 10:00:00,51015.0,51029.0,-10.5
"RSI_Reversion(14,30/70)",SHORT,2026-06-04 10:05:00,2026-06-04 10:10:00,51044.0,51035.0,1.0
"RSI_Reversion(14,30/70)",SHORT,2026-06-04 11:15:00,2026-06-04 13:25:00,51086.0,51259.0,-90.0
"RSI_Reversion(14,30/70)",SHORT,2026-06-04 13:30:00,2026-06-04 13:35:00,51352.0,51303.0,21.0
"RSI_Reversion(14,30/70)",SHORT,2026-06-04 13:45:00,2026-06-04 14:20:00,51393.0,51494.0,-54.0
"RSI_Reversion(14,30/70)",SHORT,2026-06-04 14:25:00,2026-06-04 14:30:00,51528.0,51486.0,17.5
"RSI_Reversion(14,30/70)",SHORT,2026-06-04 15:10:00,2026-06-04 15:45:00,51611.0,51618.0,-7.0
"RSI_Reversion(14,30/70)",SHORT,2026-06-04 16:10:00,2026-06-04 16:35:00,51675.0,51698.0,-15.0
"RSI_Reversion(14,30/70)",SHORT,2026-06-04 16:40:00,2026-06-04 16:45:00,51712.0,51702.0,1.5
"RSI_Reversion(14,30/70)",SHORT,2026-06-04 16:50:00,2026-06-04 16:55:00,51710.0,51691.0,6.0
"RSI_Reversion(14,30/70)",SHORT,2026-06-04 19:25:00,2026-06-04 19:35:00,51738.0,51727.0,2.0
"RSI_Reversion(14,30/70)",LONG,2026-06-05 00:05:00,2026-06-05 00:10:00,51614.0,51619.0,-1.0
"RSI_Reversion(14,30/70)",LONG,2026-06-05 00:15:00,2026-06-05 00:20:00,51601.0,51605.0,-1.5
"RSI_Reversion(14,30/70)",SHORT,2026-06-05 06:10:00,2026-06-05 06:15:00,51677.0,51662.0,4.0
"RSI_Reversion(14,30/70)",SHORT,2026-06-05 07:30:00,2026-06-05 07:35:00,51701.0,51694.0,0.0
"RSI_Reversion(14,30/70)",SHORT,2026-06-05 09:15:00,2026-06-05 09:20:00,51777.0,51731.0,19.5
"RSI_Reversion(14,30/70)",LONG,2026-06-05 12:35:00,2026-06-05 12:40:00,51646.0,51688.0,17.5
"RSI_Reversion(14,30/70)",LONG,2026-06-05 13:45:00,2026-06-05 13:55:00,51461.0,51485.0,8.5
"RSI_Reversion(14,30/70)",LONG,2026-06-05 15:40:00,2026-06-05 16:55:00,51378.0,51236.0,-74.5
"RSI_Reversion(14,30/70)",LONG,2026-06-05 17:20:00,2026-06-05 17:25:00,51185.0,51220.0,14.0
"RSI_Reversion(14,30/70)",LONG,2026-06-05 18:50:00,2026-06-05 19:30:00,51076.0,50946.0,-68.5
"RSI_Reversion(14,30/70)",LONG,2026-06-05 19:35:00,2026-06-05 19:40:00,50933.0,50970.0,15.0
"RSI_Reversion(14,30/70)",LONG,2026-06-05 20:05:00,2026-06-05 20:50:00,50825.0,50793.0,-19.5
"RSI_Reversion(14,30/70)",LONG,2026-06-08 05:40:00,2026-06-08 06:00:00,50703.0,50708.0,-1.0
"RSI_Reversion(14,30/70)",SHORT,2026-06-08 11:15:00,2026-06-08 11:25:00,51059.0,51022.0,15.0
"RSI_Reversion(14,30/70)",SHORT,2026-06-08 11:30:00,2026-06-08 11:50:00,51066.0,51064.0,-2.5
"RSI_Reversion(14,30/70)",SHORT,2026-06-08 13:35:00,2026-06-08 13:40:00,51168.0,51013.0,74.0
"RSI_Reversion(14,30/70)",LONG,2026-06-08 22:10:00,2026-06-08 22:30:00,50757.0,50773.0,4.5
"RSI_Reversion(14,30/70)",SHORT,2026-06-09 01:50:00,2026-06-09 01:55:00,50860.0,50839.0,7.0
"RSI_Reversion(14,30/70)",SHORT,2026-06-09 13:35:00,2026-06-09 14:05:00,51148.0,51186.0,-22.5
"RSI_Reversion(14,30/70)",LONG,2026-06-09 15:30:00,2026-06-09 15:35:00,50526.0,50552.0,9.5
"RSI_Reversion(14,30/70)",LONG,2026-06-09 16:20:00,2026-06-09 16:25:00,50436.0,50522.0,39.5
"RSI_Reversion(14,30/70)",LONG,2026-06-10 08:35:00,2026-06-10 08:40:00,50655.0,50672.0,5.0
"RSI_Reversion(14,30/70)",LONG,2026-06-10 08:45:00,2026-06-10 08:55:00,50608.0,50608.0,-3.5
"RSI_Reversion(14,30/70)",LONG,2026-06-10 09:00:00,2026-06-10 09:25:00,50583.0,50546.0,-22.0
"RSI_Reversion(14,30/70)",LONG,2026-06-10 11:05:00,2026-06-10 11:10:00,50362.0,50427.0,29.0
"RSI_Reversion(14,30/70)",SHORT,2026-06-10 12:50:00,2026-06-10 13:00:00,50714.0,50663.0,22.0
"RSI_Reversion(14,30/70)",LONG,2026-06-10 15:20:00,2026-06-10 15:25:00,50334.0,50399.0,29.0
"RSI_Reversion(14,30/70)",LONG,2026-06-10 20:00:00,2026-06-10 22:00:00,49977.0,49883.0,-50.5
"RSI_Reversion(14,30/70)",LONG,2026-06-10 22:05:00,2026-06-10 22:15:00,49850.0,49892.0,17.5
"RSI_Reversion(14,30/70)",LONG,2026-06-10 23:00:00,2026-06-10 23:05:00,49810.0,49845.0,14.0
"RSI_Reversion(14,30/70)",LONG,2026-06-10 23:15:00,2026-06-10 23:20:00,49766.0,49857.0,42.0
"RSI_Reversion(14,30/70)",SHORT,2026-06-11 01:15:00,2026-06-11 01:30:00,50088.0,50075.0,3.0
"RSI_Reversion(14,30/70)",SHORT,2026-06-11 04:40:00,2026-06-11 05:05:00,50154.0,50145.0,1.0
"RSI_Reversion(14,30/70)",SHORT,2026-06-11 07:15:00,2026-06-11 07:50:00,50219.0,50278.0,-33.0
"RSI_Reversion(14,30/70)",SHORT,2026-06-11 07:55:00,2026-06-11 08:20:00,50294.0,50304.0,-8.5
"RSI_Reversion(14,30/70)",SHORT,2026-06-11 09:20:00,2026-06-11 09:25:00,50360.0,50356.0,-1.5
"RSI_Reversion(14,30/70)",SHORT,2026-06-11 09:30:00,2026-06-11 10:05:00,50359.0,50356.0,-2.0
"RSI_Reversion(14,30/70)",LONG,2026-06-11 12:25:00,2026-06-11 12:45:00,50204.0,50207.0,-2.0
"RSI_Reversion(14,30/70)",SHORT,2026-06-11 17:30:00,2026-06-11 17:55:00,50632.0,50731.0,-53.0
"RSI_Reversion(14,30/70)",SHORT,2026-06-11 19:35:00,2026-06-11 19:50:00,50990.0,50931.0,26.0
"RSI_Reversion(14,30/70)",SHORT,2026-06-12 07:35:00,2026-06-12 10:00:00,51246.0,51651.0,-206.0
"RSI_Reversion(14,30/70)",LONG,2026-06-12 13:50:00,2026-06-12 13:55:00,51268.0,51286.0,5.5
"RSI_Reversion(14,30/70)",SHORT,2026-06-14 22:15:00,2026-06-14 22:35:00,51954.0,51901.0,23.0
"RSI_Reversion(14,30/70)",SHORT,2026-06-14 22:50:00,2026-06-14 23:15:00,51906.0,51891.0,4.0
"RSI_Reversion(14,30/70)",SHORT,2026-06-15 00:15:00,2026-06-15 01:55:00,51981.0,52022.0,-24.0
"RSI_Reversion(14,30/70)",SHORT,2026-06-15 02:05:00,2026-06-15 02:35:00,52037.0,52046.0,-8.0
"RSI_Reversion(14,30/70)",SHORT,2026-06-15 02:40:00,2026-06-15 03:05:00,52060.0,52065.0,-6.0
"RSI_Reversion(14,30/70)",SHORT,2026-06-15 04:55:00,2026-06-15 05:55:00,52086.0,52121.0,-21.0
"RSI_Reversion(14,30/70)",LONG,2026-06-15 08:20:00,2026-06-15 08:25:00,52048.0,52054.0,-0.5
"RSI_Reversion(14,30/70)",SHORT,2026-06-15 11:25:00,2026-06-15 11:30:00,52150.0,52138.0,2.5
"RSI_Reversion(14,30/70)",SHORT,2026-06-15 13:25:00,2026-06-15 13:45:00,52233.0,52173.0,26.5
"RSI_Reversion(14,30/70)",LONG,2026-06-15 19:55:00,2026-06-15 20:05:00,52144.0,52157.0,3.0
"RSI_Reversion(14,30/70)",LONG,2026-06-15 20:20:00,2026-06-15 20:30:00,52146.0,52135.0,-9.0
"RSI_Reversion(14,30/70)",LONG,2026-06-15 22:55:00,2026-06-15 23:00:00,52103.0,52103.0,-3.5
"RSI_Reversion(14,30/70)",LONG,2026-06-15 23:10:00,2026-06-15 23:25:00,52093.0,52116.0,8.0
"RSI_Reversion(14,30/70)",SHORT,2026-06-16 07:40:00,2026-06-16 07:45:00,52239.0,52206.0,13.0
"RSI_Reversion(14,30/70)",SHORT,2026-06-16 12:40:00,2026-06-16 12:45:00,52239.0,52233.0,-0.5
"RSI_Reversion(14,30/70)",SHORT,2026-06-16 12:55:00,2026-06-16 13:10:00,52273.0,52258.0,4.0
"RSI_Reversion(14,30/70)",SHORT,2026-06-16 13:30:00,2026-06-16 13:50:00,52328.0,52407.0,-43.0
"RSI_Reversion(14,30/70)",SHORT,2026-06-16 16:15:00,2026-06-16 16:25:00,52616.0,52606.0,1.5
"RSI_Reversion(14,30/70)",SHORT,2026-06-17 01:10:00,2026-06-17 01:15:00,52567.0,52549.0,5.5
"RSI_Reversion(14,30/70)",LONG,2026-06-17 08:15:00,2026-06-17 08:20:00,52400.0,52419.0,6.0
"RSI_Reversion(14,30/70)",SHORT,2026-06-17 13:45:00,2026-06-17 14:35:00,52568.0,52651.0,-45.0
"RSI_Reversion(14,30/70)",LONG,2026-06-17 18:05:00,2026-06-17 18:10:00,52301.0,52382.0,37.0
"RSI_Reversion(14,30/70)",LONG,2026-06-17 19:25:00,2026-06-17 20:00:00,52020.0,51944.0,-41.5
"RSI_Reversion(14,30/70)",SHORT,2026-06-18 00:05:00,2026-06-18 00:20:00,52219.0,52232.0,-10.0
"RSI_Reversion(14,30/70)",LONG,2026-06-18 11:10:00,2026-06-18 11:15:00,52080.0,52092.0,2.5
"RSI_Reversion(14,30/70)",LONG,2026-06-18 11:20:00,2026-06-18 11:30:00,52043.0,52069.0,9.5
"RSI_Reversion(14,30/70)",LONG,2026-06-18 11:40:00,2026-06-18 11:50:00,52033.0,52044.0,2.0
"RSI_Reversion(14,30/70)",LONG,2026-06-19 02:00:00,2026-06-19 02:25:00,51910.0,51882.0,-17.5
"RSI_Reversion(14,30/70)",LONG,2026-06-19 03:30:00,2026-06-19 03:40:00,51846.0,51875.0,11.0
"RSI_Reversion(14,30/70)",LONG,2026-06-21 22:10:00,2026-06-21 22:20:00,51796.0,51775.0,-14.0
"RSI_Reversion(14,30/70)",SHORT,2026-06-22 06:10:00,2026-06-22 06:35:00,51927.0,51939.0,-9.5
"RSI_Reversion(14,30/70)",SHORT,2026-06-22 06:45:00,2026-06-22 06:50:00,51970.0,51959.0,2.0
"RSI_Reversion(14,30/70)",SHORT,2026-06-22 06:55:00,2026-06-22 07:15:00,51973.0,51976.0,-5.0
"RSI_Reversion(14,30/70)",SHORT,2026-06-22 07:20:00,2026-06-22 07:25:00,51987.0,51979.0,0.5
"RSI_Reversion(14,30/70)",SHORT,2026-06-22 12:10:00,2026-06-22 12:15:00,52095.0,52083.0,2.5
"RSI_Reversion(14,30/70)",SHORT,2026-06-22 12:25:00,2026-06-22 12:35:00,52116.0,52108.0,0.5
"RSI_Reversion(14,30/70)",SHORT,2026-06-22 13:35:00,2026-06-22 13:45:00,52210.0,52189.0,7.0
"RSI_Reversion(14,30/70)",SHORT,2026-06-22 13:50:00,2026-06-22 13:55:00,52269.0,52236.0,13.0
"RSI_Reversion(14,30/70)",SHORT,2026-06-22 14:00:00,2026-06-22 14:05:00,52256.0,52250.0,-0.5
"RSI_Reversion(14,30/70)",SHORT,2026-06-22 14:10:00,2026-06-22 14:15:00,52285.0,52264.0,7.0
"RSI_Reversion(14,30/70)",LONG,2026-06-22 22:00:00,2026-06-22 22:05:00,52165.0,52179.0,3.5
"RSI_Reversion(14,30/70)",SHORT,2026-06-23 00:50:00,2026-06-23 00:55:00,52254.0,52245.0,1.0
"RSI_Reversion(14,30/70)",LONG,2026-06-23 03:10:00,2026-06-23 03:25:00,52092.0,52101.0,1.0
"RSI_Reversion(14,30/70)",LONG,2026-06-23 03:40:00,2026-06-23 03:55:00,52068.0,52084.0,4.5
"RSI_Reversion(14,30/70)",LONG,2026-06-23 04:55:00,2026-06-23 05:05:00,52002.0,52011.0,1.0
"RSI_Reversion(14,30/70)",LONG,2026-06-23 05:20:00,2026-06-23 05:50:00,51982.0,51957.0,-16.0
"RSI_Reversion(14,30/70)",LONG,2026-06-23 06:30:00,2026-06-23 08:10:00,51890.0,51750.0,-73.5
"RSI_Reversion(14,30/70)",SHORT,2026-06-23 11:55:00,2026-06-23 12:00:00,51961.0,51922.0,16.0
"RSI_Reversion(14,30/70)",SHORT,2026-06-23 14:20:00,2026-06-23 14:35:00,52185.0,52119.0,29.5
"RSI_Reversion(14,30/70)",LONG,2026-06-23 18:45:00,2026-06-23 18:50:00,52066.0,52074.0,0.5
"RSI_Reversion(14,30/70)",SHORT,2026-06-24 11:50:00,2026-06-24 12:10:00,52165.0,52124.0,17.0
"RSI_Reversion(14,30/70)",LONG,2026-06-24 13:25:00,2026-06-24 13:30:00,51961.0,52028.0,30.0
"RSI_Reversion(14,30/70)",SHORT,2026-06-24 14:45:00,2026-06-24 16:00:00,52354.0,52577.0,-115.0
"RSI_Reversion(14,30/70)",LONG,2026-06-24 17:25:00,2026-06-24 17:55:00,52274.0,52259.0,-11.0
"RSI_Reversion(14,30/70)",LONG,2026-06-25 01:05:00,2026-06-25 01:15:00,52238.0,52241.0,-2.0
"RSI_Reversion(14,30/70)",SHORT,2026-06-25 06:30:00,2026-06-25 06:50:00,52352.0,52341.0,2.0
"RSI_Reversion(14,30/70)",SHORT,2026-06-25 10:05:00,2026-06-25 10:25:00,52408.0,52410.0,-4.5
"RSI_Reversion(14,30/70)",SHORT,2026-06-25 13:30:00,2026-06-25 13:45:00,52539.0,52551.0,-9.5
"RSI_Reversion(14,30/70)",SHORT,2026-06-25 14:10:00,2026-06-25 15:00:00,52821.0,52905.0,-45.5
"RSI_Reversion(14,30/70)",LONG,2026-06-25 17:50:00,2026-06-25 17:55:00,52359.0,52404.0,19.0
"RSI_Reversion(14,30/70)",LONG,2026-06-26 02:10:00,2026-06-26 02:40:00,52305.0,52279.0,-16.5
"RSI_Reversion(14,30/70)",LONG,2026-06-26 02:50:00,2026-06-26 03:30:00,52244.0,52229.0,-11.0
"RSI_Reversion(14,30/70)",LONG,2026-06-26 03:35:00,2026-06-26 03:45:00,52210.0,52232.0,7.5
"RSI_Reversion(14,30/70)",SHORT,2026-06-26 06:45:00,2026-06-26 07:05:00,52344.0,52376.0,-19.5
"RSI_Reversion(14,30/70)",SHORT,2026-06-26 07:30:00,2026-06-26 07:45:00,52430.0,52412.0,5.5
"RSI_Reversion(14,30/70)",LONG,2026-06-26 13:30:00,2026-06-26 13:35:00,52096.0,52113.0,5.0
"RSI_Reversion(14,30/70)",LONG,2026-06-26 13:40:00,2026-06-26 13:50:00,52094.0,52100.0,-0.5
"RSI_Reversion(14,30/70)",SHORT,2026-06-28 23:40:00,2026-06-29 00:00:00,52435.0,52401.0,13.5
"RSI_Reversion(14,30/70)",LONG,2026-06-29 07:05:00,2026-06-29 07:10:00,52309.0,52334.0,9.0
"RSI_Reversion(14,30/70)",SHORT,2026-06-29 13:20:00,2026-06-29 13:25:00,52524.0,52439.0,39.0
"RSI_Reversion(14,30/70)",SHORT,2026-06-30 04:40:00,2026-06-30 04:45:00,52600.0,52593.0,0.0
"RSI_Reversion(14,30/70)",LONG,2026-06-30 12:20:00,2026-06-30 12:40:00,52547.0,52530.0,-12.0
"RSI_Reversion(14,30/70)",LONG,2026-06-30 20:50:00,2026-06-30 20:55:00,52575.0,52575.0,-3.5
"RSI_Reversion(14,30/70)",LONG,2026-06-30 22:00:00,2026-06-30 22:05:00,52546.0,52581.0,14.0
"RSI_Reversion(14,30/70)",LONG,2026-07-01 02:10:00,2026-07-01 02:40:00,52517.0,52504.0,-10.0
"RSI_Reversion(14,30/70)",LONG,2026-07-01 03:00:00,2026-07-01 03:10:00,52493.0,52498.0,-1.0
"RSI_Reversion(14,30/70)",LONG,2026-07-01 03:25:00,2026-07-01 03:40:00,52477.0,52486.0,1.0
"RSI_Reversion(14,30/70)",SHORT,2026-07-01 14:15:00,2026-07-01 14:20:00,52795.0,52748.0,20.0
"RSI_Reversion(14,30/70)",SHORT,2026-07-01 15:30:00,2026-07-01 15:35:00,52902.0,52869.0,13.0
"RSI_Reversion(14,30/70)",SHORT,2026-07-01 15:40:00,2026-07-01 16:35:00,52901.0,53019.0,-62.5
"RSI_Reversion(14,30/70)",LONG,2026-07-01 18:10:00,2026-07-01 18:40:00,52730.0,52719.0,-9.0
"RSI_Reversion(14,30/70)",LONG,2026-07-01 20:05:00,2026-07-01 20:25:00,52606.0,52622.0,4.5
"RSI_Reversion(14,30/70)",LONG,2026-07-01 20:30:00,2026-07-01 22:00:00,52602.0,52640.0,15.5
"RSI_Reversion(14,30/70)",SHORT,2026-07-02 01:45:00,2026-07-02 01:55:00,52679.0,52682.0,-5.0
"RSI_Reversion(14,30/70)",SHORT,2026-07-02 02:15:00,2026-07-02 02:40:00,52702.0,52704.0,-4.5
"RSI_Reversion(14,30/70)",SHORT,2026-07-02 02:50:00,2026-07-02 03:15:00,52712.0,52715.0,-5.0
"RSI_Reversion(14,30/70)",SHORT,2026-07-02 03:35:00,2026-07-02 03:40:00,52727.0,52719.0,0.5
"RSI_Reversion(14,30/70)",LONG,2026-07-02 06:05:00,2026-07-02 06:20:00,52650.0,52640.0,-8.5
"RSI_Reversion(14,30/70)",LONG,2026-07-02 06:45:00,2026-07-02 07:20:00,52614.0,52597.0,-12.0
"RSI_Reversion(14,30/70)",SHORT,2026-07-02 10:40:00,2026-07-02 10:50:00,52765.0,52752.0,3.0
"RSI_Reversion(14,30/70)",SHORT,2026-07-02 12:35:00,2026-07-02 13:00:00,52857.0,52872.0,-11.0
"RSI_Reversion(14,30/70)",SHORT,2026-07-02 13:30:00,2026-07-02 13:35:00,52951.0,52873.0,35.5
"RSI_Reversion(14,30/70)",SHORT,2026-07-02 13:50:00,2026-07-02 13:55:00,53076.0,53046.0,11.5
"RSI_Reversion(14,30/70)",SHORT,2026-07-02 19:55:00,2026-07-02 20:20:00,53142.0,53156.0,-10.5
"RSI_Reversion(14,30/70)",SHORT,2026-07-02 22:45:00,2026-07-02 22:50:00,53186.0,53185.0,-3.0
"RSI_Reversion(14,30/70)",SHORT,2026-07-02 23:25:00,2026-07-02 23:40:00,53212.0,53208.0,-1.5
"RSI_Reversion(14,30/70)",SHORT,2026-07-02 23:50:00,2026-07-02 23:55:00,53221.0,53213.0,0.5
"RSI_Reversion(14,30/70)",SHORT,2026-07-03 00:20:00,2026-07-03 00:25:00,53241.0,53239.0,-2.5
"RSI_Reversion(14,30/70)",SHORT,2026-07-03 00:30:00,2026-07-03 01:00:00,53242.0,53264.0,-14.5
"RSI_Reversion(14,30/70)",SHORT,2026-07-03 01:05:00,2026-07-03 01:55:00,53291.0,53362.0,-39.0
"RSI_Reversion(14,30/70)",LONG,2026-07-05 22:05:00,2026-07-05 22:35:00,53171.0,53179.0,0.5
"RSI_Reversion(14,30/70)",SHORT,2026-07-06 07:55:00,2026-07-06 08:15:00,53284.0,53276.0,0.5
"RSI_Reversion(14,30/70)",SHORT,2026-07-06 13:30:00,2026-07-06 13:40:00,53260.0,53185.0,34.0
"RSI_Reversion(14,30/70)",SHORT,2026-07-06 20:00:00,2026-07-06 20:05:00,53383.0,53374.0,1.0
"RSI_Reversion(14,30/70)",SHORT,2026-07-06 20:10:00,2026-07-06 20:50:00,53392.0,53395.0,-5.0
"RSI_Reversion(14,30/70)",LONG,2026-07-06 22:00:00,2026-07-06 22:05:00,53405.0,53419.0,3.5
"RSI_Reversion(14,30/70)",LONG,2026-07-07 05:10:00,2026-07-07 05:15:00,53362.0,53369.0,0.0
"RSI_Reversion(14,30/70)",SHORT,2026-07-07 07:30:00,2026-07-07 07:50:00,53462.0,53452.0,1.5
"RSI_Reversion(14,30/70)",SHORT,2026-07-07 08:30:00,2026-07-07 08:40:00,53513.0,53488.0,9.0
"RSI_Reversion(14,30/70)",SHORT,2026-07-07 12:45:00,2026-07-07 12:50:00,53598.0,53594.0,-1.5
"RSI_Reversion(14,30/70)",SHORT,2026-07-07 13:15:00,2026-07-07 13:25:00,53615.0,53620.0,-6.0
"RSI_Reversion(14,30/70)",LONG,2026-07-07 14:00:00,2026-07-07 14:05:00,53369.0,53384.0,4.0
"RSI_Reversion(14,30/70)",LONG,2026-07-07 14:10:00,2026-07-07 14:20:00,53335.0,53331.0,-5.5
"RSI_Reversion(14,30/70)",LONG,2026-07-07 14:35:00,2026-07-07 15:30:00,53251.0,53162.0,-48.0
"RSI_Reversion(14,30/70)",LONG,2026-07-08 05:50:00,2026-07-08 05:55:00,53103.0,53117.0,3.5
"RSI_Reversion(14,30/70)",LONG,2026-07-08 06:15:00,2026-07-08 06:20:00,53087.0,53092.0,-1.0
"RSI_Reversion(14,30/70)",LONG,2026-07-08 06:40:00,2026-07-08 06:55:00,53054.0,53061.0,0.0
"RSI_Reversion(14,30/70)",LONG,2026-07-08 07:05:00,2026-07-08 07:25:00,53002.0,53019.0,5.0
"RSI_Reversion(14,30/70)",LONG,2026-07-08 08:20:00,2026-07-08 10:30:00,52839.0,52552.0,-147.0
"RSI_Reversion(14,30/70)",SHORT,2026-07-08 12:20:00,2026-07-08 12:25:00,52790.0,52741.0,21.0
"RSI_Reversion(14,30/70)",LONG,2026-07-08 15:10:00,2026-07-08 15:15:00,52415.0,52435.0,6.5
"RSI_Reversion(14,30/70)",SHORT,2026-07-08 17:30:00,2026-07-08 17:40:00,52664.0,52629.0,14.0
"RSI_Reversion(14,30/70)",LONG,2026-07-09 10:50:00,2026-07-09 11:00:00,52540.0,52564.0,8.5
"RSI_Reversion(14,30/70)",LONG,2026-07-09 19:10:00,2026-07-09 19:15:00,52716.0,52728.0,2.5
"RSI_Reversion(14,30/70)",LONG,2026-07-09 19:25:00,2026-07-09 19:30:00,52713.0,52713.0,-3.5
"RSI_Reversion(14,30/70)",SHORT,2026-07-10 06:05:00,2026-07-10 06:15:00,52801.0,52792.0,1.0
"RSI_Reversion(14,30/70)",SHORT,2026-07-10 06:20:00,2026-07-10 06:25:00,52799.0,52775.0,8.5
"RSI_Reversion(14,30/70)",SHORT,2026-07-10 07:15:00,2026-07-10 07:30:00,52831.0,52837.0,-6.5
"RSI_Reversion(14,30/70)",SHORT,2026-07-10 19:10:00,2026-07-10 19:20:00,52974.0,52964.0,1.5
"RSI_Reversion(14,30/70)",LONG,2026-07-12 22:15:00,2026-07-12 22:35:00,52759.0,52806.0,20.0
"RSI_Reversion(14,30/70)",LONG,2026-07-13 04:10:00,2026-07-13 04:15:00,52688.0,52683.0,-6.0
"RSI_Reversion(14,30/70)",SHORT,2026-07-13 06:25:00,2026-07-13 06:35:00,52787.0,52779.0,0.5
"RSI_Reversion(14,30/70)",SHORT,2026-07-13 07:00:00,2026-07-13 07:20:00,52830.0,52843.0,-10.0
"RSI_Reversion(14,30/70)",SHORT,2026-07-13 08:15:00,2026-07-13 08:25:00,52915.0,52911.0,-1.5
"RSI_Reversion(14,30/70)",SHORT,2026-07-13 08:50:00,2026-07-13 09:15:00,52930.0,52940.0,-8.5
"RSI_Reversion(14,30/70)",SHORT,2026-07-13 09:30:00,2026-07-13 09:35:00,52970.0,52959.0,2.0
"RSI_Reversion(14,30/70)",SHORT,2026-07-13 13:35:00,2026-07-13 13:45:00,53016.0,52978.0,15.5
"RSI_Reversion(14,30/70)",SHORT,2026-07-13 13:50:00,2026-07-13 14:05:00,53019.0,52994.0,9.0
"RSI_Reversion(14,30/70)",LONG,2026-07-13 16:30:00,2026-07-13 16:40:00,52652.0,52694.0,17.5
"RSI_Reversion(14,30/70)",LONG,2026-07-13 23:15:00,2026-07-13 23:25:00,52662.0,52680.0,5.5
"RSI_Reversion(14,30/70)",LONG,2026-07-13 23:45:00,2026-07-13 23:55:00,52647.0,52660.0,3.0
"RSI_Reversion(14,30/70)",SHORT,2026-07-14 05:25:00,2026-07-14 05:35:00,52706.0,52714.0,-7.5
"RSI_Reversion(14,30/70)",SHORT,2026-07-14 05:40:00,2026-07-14 06:00:00,52724.0,52715.0,1.0
"RSI_Reversion(14,30/70)",LONG,2026-07-14 07:45:00,2026-07-14 07:50:00,52586.0,52619.0,13.0
"RSI_Reversion(14,30/70)",LONG,2026-07-14 11:05:00,2026-07-14 11:25:00,52367.0,52449.0,37.5
"RSI_Reversion(14,30/70)",SHORT,2026-07-14 13:45:00,2026-07-14 13:50:00,52874.0,52787.0,40.0
"RSI_Reversion(14,30/70)",SHORT,2026-07-14 19:50:00,2026-07-14 19:55:00,52818.0,52794.0,8.5
"RSI_Reversion(14,30/70)",SHORT,2026-07-14 23:45:00,2026-07-15 00:00:00,52858.0,52864.0,-6.5
"RSI_Reversion(14,30/70)",LONG,2026-07-15 07:05:00,2026-07-15 07:45:00,52770.0,52752.0,-12.5
"RSI_Reversion(14,30/70)",SHORT,2026-07-15 08:40:00,2026-07-15 08:45:00,52879.0,52873.0,-0.5
"RSI_Reversion(14,30/70)",SHORT,2026-07-15 09:10:00,2026-07-15 09:25:00,52913.0,52899.0,3.5
"RSI_Reversion(14,30/70)",SHORT,2026-07-15 12:45:00,2026-07-15 12:55:00,52938.0,52918.0,6.5
"RSI_Reversion(14,30/70)",SHORT,2026-07-15 13:40:00,2026-07-15 13:45:00,52988.0,52953.0,14.0
"RSI_Reversion(14,30/70)",LONG,2026-07-15 16:20:00,2026-07-15 16:45:00,52765.0,52729.0,-21.5
"RSI_Reversion(14,30/70)",SHORT,2026-07-16 03:55:00,2026-07-16 04:00:00,52963.0,52957.0,-0.5
"RSI_Reversion(14,30/70)",LONG,2026-07-16 07:55:00,2026-07-16 08:05:00,52850.0,52902.0,22.5
"RSI_Reversion(14,30/70)",SHORT,2026-07-16 10:00:00,2026-07-16 10:15:00,53026.0,53002.0,8.5
"RSI_Reversion(14,30/70)",LONG,2026-07-16 18:05:00,2026-07-16 18:15:00,52734.0,52750.0,4.5
"RSI_Reversion(14,30/70)",LONG,2026-07-16 18:40:00,2026-07-16 18:50:00,52714.0,52730.0,4.5
"RSI_Reversion(14,30/70)",LONG,2026-07-16 19:35:00,2026-07-16 19:40:00,52631.0,52642.0,2.0
"RSI_Reversion(14,30/70)",LONG,2026-07-17 00:15:00,2026-07-17 00:20:00,52650.0,52655.0,-1.0
"RSI_Reversion(14,30/70)",LONG,2026-07-17 00:25:00,2026-07-17 00:55:00,52640.0,52628.0,-9.5
"RSI_Reversion(14,30/70)",LONG,2026-07-17 01:05:00,2026-07-17 01:20:00,52584.0,52572.0,-9.5
"RSI_Reversion(14,30/70)",LONG,2026-07-17 01:25:00,2026-07-17 01:30:00,52563.0,52578.0,4.0
"RSI_Reversion(14,30/70)",LONG,2026-07-17 01:35:00,2026-07-17 01:40:00,52544.0,52554.0,1.5
"RSI_Reversion(14,30/70)",LONG,2026-07-17 01:45:00,2026-07-17 02:45:00,52535.0,52499.0,-21.5
"RSI_Reversion(14,30/70)",LONG,2026-07-17 02:50:00,2026-07-17 03:00:00,52489.0,52494.0,-1.0
"RSI_Reversion(14,30/70)",LONG,2026-07-17 04:05:00,2026-07-17 04:10:00,52430.0,52438.0,0.5
"RSI_Reversion(14,30/70)",LONG,2026-07-17 04:15:00,2026-07-17 04:50:00,52426.0,52406.0,-13.5
"RSI_Reversion(14,30/70)",LONG,2026-07-17 05:35:00,2026-07-17 05:45:00,52363.0,52354.0,-8.0
"RSI_Reversion(14,30/70)",LONG,2026-07-17 13:05:00,2026-07-17 13:40:00,52310.0,52458.0,70.5
"RSI_Reversion(14,30/70)",SHORT,2026-07-17 13:50:00,2026-07-17 13:55:00,52719.0,52643.0,34.5
"RSI_Reversion(14,30/70)",SHORT,2026-07-17 14:10:00,2026-07-17 14:30:00,52761.0,52743.0,5.5
"RSI_Reversion(14,30/70)",LONG,2026-07-17 18:25:00,2026-07-17 18:50:00,52429.0,52422.0,-7.0
"RSI_Reversion(14,30/70)",LONG,2026-07-17 19:25:00,2026-07-17 19:30:00,52344.0,52371.0,10.0
"RSI_Reversion(14,30/70)",LONG,2026-07-20 06:35:00,2026-07-20 06:45:00,52280.0,52292.0,2.5
"RSI_Reversion(14,30/70)",SHORT,2026-07-20 07:35:00,2026-07-20 07:50:00,52439.0,52421.0,5.5
"RSI_Reversion(14,30/70)",SHORT,2026-07-20 08:05:00,2026-07-20 08:10:00,52451.0,52444.0,0.0
"RSI_Reversion(14,30/70)",SHORT,2026-07-20 09:50:00,2026-07-20 10:00:00,52518.0,52518.0,-3.5
"RSI_Reversion(14,30/70)",LONG,2026-07-20 14:00:00,2026-07-20 14:05:00,52322.0,52320.0,-4.5
"RSI_Reversion(14,30/70)",LONG,2026-07-20 14:10:00,2026-07-20 14:50:00,52262.0,52226.0,-21.5
"RSI_Reversion(14,30/70)",LONG,2026-07-20 15:00:00,2026-07-20 15:10:00,52200.0,52232.0,12.5
"RSI_Reversion(14,30/70)",SHORT,2026-07-21 04:00:00,2026-07-21 05:05:00,52204.0,52225.0,-14.0
"RSI_Reversion(14,30/70)",SHORT,2026-07-21 05:45:00,2026-07-21 05:50:00,52260.0,52258.0,-2.5
"RSI_Reversion(14,30/70)",SHORT,2026-07-21 16:20:00,2026-07-21 17:05:00,52495.0,52542.0,-27.0
"RSI_Reversion(14,30/70)",LONG,2026-07-22 01:25:00,2026-07-22 01:30:00,52377.0,52392.0,4.0
"RSI_Reversion(14,30/70)",LONG,2026-07-22 06:50:00,2026-07-22 06:55:00,52325.0,52341.0,4.5
"RSI_Reversion(14,30/70)",LONG,2026-07-22 07:05:00,2026-07-22 07:15:00,52289.0,52320.0,12.0
"RSI_Reversion(14,30/70)",SHORT,2026-07-22 13:35:00,2026-07-22 14:15:00,52520.0,52614.0,-50.5
"RSI_Reversion(14,30/70)",LONG,2026-07-22 22:40:00,2026-07-22 22:50:00,52355.0,52373.0,5.5
"RSI_Reversion(14,30/70)",SHORT,2026-07-23 00:45:00,2026-07-23 00:50:00,52490.0,52482.0,0.5
"RSI_Reversion(14,30/70)",SHORT,2026-07-23 00:55:00,2026-07-23 01:00:00,52494.0,52494.0,-3.5
"RSI_Reversion(14,30/70)",SHORT,2026-07-23 01:05:00,2026-07-23 01:10:00,52508.0,52493.0,4.0
"RSI_Reversion(14,30/70)",LONG,2026-07-23 07:05:00,2026-07-23 07:55:00,52263.0,52182.0,-44.0
"RSI_Reversion(14,30/70)",LONG,2026-07-23 11:40:00,2026-07-23 11:50:00,52118.0,52126.0,0.5
"RSI_Reversion(14,30/70)",LONG,2026-07-23 12:10:00,2026-07-23 13:35:00,52086.0,52038.0,-27.5
"RSI_Reversion(14,30/70)",SHORT,2026-07-24 07:10:00,2026-07-24 08:00:00,52036.0,52071.0,-21.0
"RSI_Reversion(14,30/70)",SHORT,2026-07-24 08:30:00,2026-07-24 08:55:00,52103.0,52093.0,1.5
"RSI_Reversion(14,30/70)",SHORT,2026-07-24 09:10:00,2026-07-24 09:15:00,52151.0,52121.0,11.5
"RSI_Reversion(14,30/70)",SHORT,2026-07-24 10:05:00,2026-07-24 10:10:00,52180.0,52168.0,2.5
"RSI_Reversion(14,30/70)",LONG,2026-07-24 13:30:00,2026-07-24 13:40:00,51980.0,51971.0,-8.0
"RSI_Reversion(14,30/70)",LONG,2026-07-24 18:35:00,2026-07-24 18:40:00,52033.0,52057.0,8.5
"RSI_Reversion(14,30/70)",SHORT,2026-07-26 22:15:00,2026-07-27 00:20:00,52378.0,52418.0,-23.5
"RSI_Reversion(14,30/70)",SHORT,2026-07-27 04:45:00,2026-07-27 04:50:00,52466.0,52463.0,-2.0
"RSI_Reversion(14,30/70)",SHORT,2026-07-27 04:55:00,2026-07-27 05:00:00,52473.0,52468.0,-1.0
"RSI_Reversion(14,30/70)",SHORT,2026-07-27 05:15:00,2026-07-27 06:25:00,52486.0,52523.0,-22.0
"RSI_Reversion(14,30/70)",SHORT,2026-07-27 07:20:00,2026-07-27 07:25:00,52596.0,52587.0,1.0
"RSI_Reversion(14,30/70)",SHORT,2026-07-27 09:50:00,2026-07-27 10:10:00,52669.0,52655.0,3.5
"RSI_Reversion(14,30/70)",SHORT,2026-07-27 10:55:00,2026-07-27 11:05:00,52703.0,52691.0,2.5
"RSI_Reversion(14,30/70)",SHORT,2026-07-27 11:10:00,2026-07-27 11:15:00,52708.0,52702.0,-0.5
"RSI_Reversion(14,30/70)",LONG,2026-07-27 14:00:00,2026-07-27 14:05:00,52580.0,52609.0,11.0
"RSI_Reversion(14,30/70)",LONG,2026-07-27 14:20:00,2026-07-27 15:00:00,52551.0,52413.0,-72.5
"RSI_Reversion(14,30/70)",LONG,2026-07-27 15:10:00,2026-07-27 15:15:00,52377.0,52424.0,20.0
"RSI_Reversion(14,30/70)",LONG,2026-07-27 15:25:00,2026-07-27 15:30:00,52324.0,52348.0,8.5
"RSI_Reversion(14,30/70)",LONG,2026-07-27 15:35:00,2026-07-27 15:45:00,52269.0,52268.0,-4.0
"RSI_Reversion(14,30/70)",LONG,2026-07-27 15:50:00,2026-07-27 15:55:00,52223.0,52233.0,1.5
"RSI_Reversion(14,30/70)",LONG,2026-07-27 16:00:00,2026-07-27 16:05:00,52224.0,52242.0,5.5
"RSI_Reversion(14,30/70)",LONG,2026-07-28 01:10:00,2026-07-28 01:25:00,52311.0,52322.0,2.0
"RSI_Reversion(14,30/70)",SHORT,2026-07-28 07:10:00,2026-07-28 07:15:00,52473.0,52465.0,0.5
"RSI_Reversion(14,30/70)",SHORT,2026-07-28 09:50:00,2026-07-28 09:55:00,52560.0,52537.0,8.0
"RSI_Reversion(14,30/70)",SHORT,2026-07-28 11:05:00,2026-07-28 11:40:00,52677.0,52697.0,-13.5
"RSI_Reversion(14,30/70)",SHORT,2026-07-28 12:00:00,2026-07-28 13:15:00,52768.0,52848.0,-43.5
"RSI_Reversion(14,30/70)",SHORT,2026-07-28 13:25:00,2026-07-28 13:30:00,52892.0,52869.0,8.0
"RSI_Reversion(14,30/70)",SHORT,2026-07-28 15:50:00,2026-07-28 16:05:00,53053.0,53038.0,4.0
"RSI_Reversion(14,30/70)",LONG,2026-07-28 22:35:00,2026-07-28 22:45:00,52858.0,52855.0,-5.0
"RSI_Reversion(14,30/70)",LONG,2026-07-29 03:55:00,2026-07-29 04:10:00,52831.0,52830.0,-4.0
"RSI_Reversion(14,30/70)",LONG,2026-07-29 04:15:00,2026-07-29 04:20:00,52826.0,52837.0,2.0
"RSI_Reversion(14,30/70)",SHORT,2026-07-29 07:05:00,2026-07-29 07:15:00,52967.0,52964.0,-2.0
"RSI_Reversion(14,30/70)",LONG,2026-07-29 09:35:00,2026-07-29 09:45:00,52855.0,52860.0,-1.0
"RSI_Reversion(14,30/70)",LONG,2026-07-29 12:10:00,2026-07-29 12:45:00,52720.0,52620.0,-53.5
"RSI_Reversion(14,30/70)",LONG,2026-07-29 12:55:00,2026-07-29 13:25:00,52573.0,52529.0,-25.5
"RSI_Reversion(14,30/70)",LONG,2026-07-29 13:30:00,2026-07-29 13:40:00,52483.0,52520.0,15.0
"RSI_Reversion(14,30/70)",LONG,2026-07-29 13:45:00,2026-07-29 15:10:00,52454.0,52117.0,-172.0
"RSI_Reversion(14,30/70)",LONG,2026-07-29 15:15:00,2026-07-29 15:25:00,52085.0,52110.0,9.0
"RSI_Reversion(14,30/70)",LONG,2026-07-29 16:15:00,2026-07-29 16:25:00,51973.0,52029.0,24.5
"RSI_Reversion(14,30/70)",SHORT,2026-07-29 18:55:00,2026-07-29 19:00:00,52424.0,52372.0,22.5
"RSI_Reversion(14,30/70)",LONG,2026-07-29 19:40:00,2026-07-29 20:35:00,51779.0,51762.0,-12.0
"RSI_Reversion(14,30/70)",SHORT,2026-07-30 07:05:00,2026-07-30 07:10:00,51901.0,51878.0,8.0
"RSI_Reversion(14,30/70)",SHORT,2026-07-30 11:40:00,2026-07-30 11:45:00,52005.0,51991.0,3.5
"RSI_Reversion(14,30/70)",SHORT,2026-07-30 11:55:00,2026-07-30 12:00:00,52044.0,52013.0,12.0
"RSI_Reversion(14,30/70)",SHORT,2026-07-30 13:25:00,2026-07-30 13:35:00,52087.0,51997.0,41.5
"RSI_Reversion(14,30/70)",SHORT,2026-07-30 17:05:00,2026-07-30 17:10:00,52304.0,52288.0,4.5
"RSI_Reversion(14,30/70)",SHORT,2026-07-30 19:05:00,2026-07-30 19:30:00,52383.0,52381.0,-2.5
"RSI_Reversion(14,30/70)",SHORT,2026-07-30 20:05:00,2026-07-30 20:10:00,52473.0,52440.0,13.0
"RSI_Reversion(14,30/70)",SHORT,2026-07-30 23:05:00,2026-07-30 23:10:00,52500.0,52484.0,4.5
"RSI_Reversion(14,30/70)",SHORT,2026-07-31 00:15:00,2026-07-31 00:25:00,52525.0,52517.0,0.5
"RSI_Reversion(14,30/70)",SHORT,2026-07-31 00:45:00,2026-07-31 00:50:00,52551.0,52524.0,10.0
"RSI_Reversion(14,30/70)",SHORT,2026-07-31 01:20:00,2026-07-31 01:25:00,52577.0,52569.0,0.5
"RSI_Reversion(14,30/70)",SHORT,2026-07-31 04:40:00,2026-07-31 04:45:00,52621.0,52623.0,-4.5
"RSI_Reversion(14,30/70)",SHORT,2026-07-31 04:50:00,2026-07-31 05:10:00,52626.0,52621.0,-1.0
"RSI_Reversion(14,30/70)",SHORT,2026-07-31 07:15:00,2026-07-31 07:20:00,52685.0,52668.0,5.0
"RSI_Reversion(14,30/70)",LONG,2026-07-31 12:40:00,2026-07-31 12:45:00,52542.0,52559.0,5.0
"RSI_Reversion(14,30/70)",LONG,2026-07-31 13:50:00,2026-07-31 14:30:00,52378.0,52302.0,-41.5
"RSI_Reversion(14,30/70)",SHORT,2026-08-03 03:55:00,2026-08-03 04:00:00,52914.0,52905.0,1.0
"RSI_Reversion(14,30/70)",SHORT,2026-08-03 10:20:00,2026-08-03 10:35:00,53028.0,53039.0,-9.0
"RSI_Reversion(14,30/70)",SHORT,2026-08-03 10:40:00,2026-08-03 10:50:00,53067.0,53048.0,6.0
"RSI_Reversion(14,30/70)",SHORT,2026-08-03 11:10:00,2026-08-03 11:55:00,53090.0,53161.0,-39.0
"RSI_Reversion(14,30/70)",SHORT,2026-08-03 12:35:00,2026-08-03 13:30:00,53226.0,53171.0,24.0
"RSI_Reversion(14,30/70)",SHORT,2026-08-03 18:10:00,2026-08-03 18:15:00,53294.0,53270.0,8.5
"RSI_Reversion(14,30/70)",SHORT,2026-08-03 20:10:00,2026-08-03 20:20:00,53401.0,53395.0,-0.5
"RSI_Reversion(14,30/70)",SHORT,2026-08-04 10:35:00,2026-08-04 10:40:00,53646.0,53549.0,45.0
"RSI_Reversion(14,30/70)",SHORT,2026-08-04 11:00:00,2026-08-04 13:00:00,53642.0,53947.0,-156.0
"RSI_Reversion(14,30/70)",SHORT,2026-08-04 13:25:00,2026-08-04 13:30:00,54039.0,54001.0,15.5
"RSI_Reversion(14,30/70)",SHORT,2026-08-04 16:45:00,2026-08-04 16:55:00,54305.0,54288.0,5.0
"RSI_Reversion(14,30/70)",SHORT,2026-08-04 17:05:00,2026-08-04 17:25:00,54326.0,54321.0,-1.0
"RSI_Reversion(14,30/70)",SHORT,2026-08-04 17:40:00,2026-08-04 17:55:00,54361.0,54345.0,4.5
"RSI_Reversion(14,30/70)",SHORT,2026-08-05 02:25:00,2026-08-05 02:55:00,54439.0,54448.0,-8.0
"RSI_Reversion(14,30/70)",SHORT,2026-08-05 03:15:00,2026-08-05 03:20:00,54463.0,54457.0,-0.5
"RSI_Reversion(14,30/70)",SHORT,2026-08-05 03:45:00,2026-08-05 04:15:00,54477.0,54481.0,-5.5
"RSI_Reversion(14,30/70)",LONG,2026-08-05 06:30:00,2026-08-05 06:35:00,54419.0,54430.0,2.0
"RSI_Reversion(14,30/70)",LONG,2026-08-05 07:30:00,2026-08-05 07:40:00,54379.0,54383.0,-1.5
"RSI_Reversion(14,30/70)",SHORT,2026-08-05 13:35:00,2026-08-05 13:50:00,54691.0,54637.0,23.5
"RSI_Reversion(14,30/70)",SHORT,2026-08-05 14:00:00,2026-08-05 14:05:00,54869.0,54832.0,15.0
"RSI_Reversion(14,30/70)",SHORT,2026-08-05 14:10:00,2026-08-05 14:20:00,54845.0,54830.0,4.0
"RSI_Reversion(14,30/70)",LONG,2026-08-05 20:00:00,2026-08-05 20:05:00,54486.0,54540.0,23.5
"RSI_Reversion(14,30/70)",LONG,2026-08-06 11:55:00,2026-08-06 12:00:00,54551.0,54583.0,12.5
"RSI_Reversion(14,30/70)",LONG,2026-08-06 13:40:00,2026-08-06 13:45:00,54462.0,54532.0,31.5
"RSI_Reversion(14,30/70)",LONG,2026-08-06 14:40:00,2026-08-06 16:30:00,54349.0,54138.0,-109.0
"RSI_Reversion(14,30/70)",LONG,2026-08-06 17:25:00,2026-08-06 17:35:00,54028.0,54029.0,-3.0
"RSI_Reversion(14,30/70)",LONG,2026-08-06 17:40:00,2026-08-06 17:45:00,54023.0,54030.0,0.0
"RSI_Reversion(14,30/70)",LONG,2026-08-06 17:50:00,2026-08-06 17:55:00,54015.0,54044.0,11.0
"RSI_Reversion(14,30/70)",LONG,2026-08-06 19:45:00,2026-08-06 19:50:00,53982.0,54001.0,6.0
"RSI_Reversion(14,30/70)",LONG,2026-08-07 00:25:00,2026-08-07 00:35:00,53949.0,53984.0,14.0
"RSI_Reversion(14,30/70)",SHORT,2026-08-07 06:15:00,2026-08-07 06:20:00,53960.0,53950.0,1.5
"RSI_Reversion(14,30/70)",SHORT,2026-08-07 07:10:00,2026-08-07 07:20:00,53987.0,53983.0,-1.5
"RSI_Reversion(14,30/70)",SHORT,2026-08-07 10:35:00,2026-08-07 10:45:00,54054.0,54054.0,-3.5
"RSI_Reversion(14,30/70)",SHORT,2026-08-07 11:40:00,2026-08-07 11:50:00,54090.0,54088.0,-2.5
"RSI_Reversion(14,30/70)",SHORT,2026-08-07 12:35:00,2026-08-07 13:00:00,54136.0,54163.0,-17.0
"RSI_Reversion(14,30/70)",LONG,2026-08-07 13:35:00,2026-08-07 13:40:00,53947.0,54077.0,61.5
"RSI_Reversion(14,30/70)",SHORT,2026-08-07 19:20:00,2026-08-07 19:45:00,54155.0,54143.0,2.5
"RSI_Reversion(14,30/70)",SHORT,2026-08-10 04:55:00,2026-08-10 05:20:00,54129.0,54131.0,-4.5
"RSI_Reversion(14,30/70)",SHORT,2026-08-10 05:25:00,2026-08-10 05:30:00,54134.0,54134.0,-3.5
"RSI_Reversion(14,30/70)",SHORT,2026-08-10 05:35:00,2026-08-10 05:45:00,54142.0,54138.0,-1.5
"RSI_Reversion(14,30/70)",SHORT,2026-08-11 03:30:00,2026-08-11 03:35:00,54079.0,54074.0,-1.0
"RSI_Reversion(14,30/70)",LONG,2026-08-11 06:30:00,2026-08-11 06:40:00,54000.0,54012.0,2.5
"RSI_Reversion(14,30/70)",SHORT,2026-08-11 11:05:00,2026-08-11 11:10:00,54115.0,54098.0,5.0
"RSI_Reversion(14,30/70)",SHORT,2026-08-11 11:15:00,2026-08-11 11:20:00,54117.0,54092.0,9.0
"RSI_Reversion(14,30/70)",SHORT,2026-08-11 13:40:00,2026-08-11 14:05:00,54221.0,54239.0,-12.5
"RSI_Reversion(14,30/70)",SHORT,2026-08-12 09:25:00,2026-08-12 09:30:00,53956.0,53939.0,5.0
"RSI_Reversion(14,30/70)",SHORT,2026-08-12 12:30:00,2026-08-12 12:35:00,54059.0,54024.0,14.0
"RSI_Reversion(14,30/70)",SHORT,2026-08-12 13:20:00,2026-08-12 13:25:00,54066.0,54049.0,5.0
"RSI_Reversion(14,30/70)",LONG,2026-08-13 00:20:00,2026-08-13 00:25:00,53846.0,53855.0,1.0
"RSI_Reversion(14,30/70)",LONG,2026-08-13 01:15:00,2026-08-13 01:25:00,53807.0,53812.0,-1.0
"RSI_Reversion(14,30/70)",LONG,2026-08-13 01:30:00,2026-08-13 01:35:00,53806.0,53819.0,3.0
"RSI_Reversion(14,30/70)",SHORT,2026-08-13 06:10:00,2026-08-13 06:15:00,53891.0,53889.0,-2.5
"RSI_Reversion(14,30/70)",SHORT,2026-08-13 06:20:00,2026-08-13 06:30:00,53894.0,53891.0,-2.0
"RSI_Reversion(14,30/70)",SHORT,2026-08-13 07:10:00,2026-08-13 07:15:00,53912.0,53905.0,0.0
"RSI_Reversion(14,30/70)",SHORT,2026-08-13 07:45:00,2026-08-13 07:50:00,53931.0,53930.0,-3.0
"RSI_Reversion(14,30/70)",SHORT,2026-08-13 07:55:00,2026-08-13 08:00:00,53932.0,53924.0,0.5
"RSI_Reversion(14,30/70)",SHORT,2026-08-13 08:15:00,2026-08-13 08:20:00,53957.0,53941.0,4.5
"RSI_Reversion(14,30/70)",SHORT,2026-08-13 08:25:00,2026-08-13 08:40:00,53963.0,53968.0,-6.0
"RSI_Reversion(14,30/70)",SHORT,2026-08-13 08:50:00,2026-08-13 08:55:00,53979.0,53968.0,2.0
"RSI_Reversion(14,30/70)",SHORT,2026-08-13 09:10:00,2026-08-13 09:40:00,53985.0,53993.0,-7.5
"RSI_Reversion(14,30/70)",SHORT,2026-08-13 11:40:00,2026-08-13 11:50:00,54027.0,54020.0,0.0
"RSI_Reversion(14,30/70)",LONG,2026-08-13 15:15:00,2026-08-13 15:40:00,53836.0,53784.0,-29.5
"RSI_Reversion(14,30/70)",LONG,2026-08-13 16:00:00,2026-08-13 16:05:00,53759.0,53775.0,4.5
"RSI_Reversion(14,30/70)",LONG,2026-08-14 06:00:00,2026-08-14 07:45:00,53944.0,53884.0,-33.5
"RSI_Reversion(14,30/70)",LONG,2026-08-14 08:10:00,2026-08-14 08:30:00,53846.0,53860.0,3.5
"RSI_Reversion(14,30/70)",LONG,2026-08-14 11:15:00,2026-08-14 11:20:00,53804.0,53819.0,4.0
"RSI_Reversion(14,30/70)",SHORT,2026-08-14 18:50:00,2026-08-14 19:00:00,53872.0,53867.0,-1.0
"RSI_Reversion(14,30/70)",LONG,2026-08-17 01:15:00,2026-08-17 01:20:00,53760.0,53772.0,2.5
"RSI_Reversion(14,30/70)",LONG,2026-08-17 01:55:00,2026-08-17 02:25:00,53735.0,53732.0,-5.0
"RSI_Reversion(14,30/70)",LONG,2026-08-17 02:40:00,2026-08-17 02:45:00,53727.0,53728.0,-3.0
"RSI_Reversion(14,30/70)",LONG,2026-08-17 02:55:00,2026-08-17 03:05:00,53725.0,53724.0,-4.0
"RSI_Reversion(14,30/70)",SHORT,2026-08-17 06:05:00,2026-08-17 06:10:00,53783.0,53781.0,-2.5
"RSI_Reversion(14,30/70)",SHORT,2026-08-17 06:15:00,2026-08-17 06:20:00,53782.0,53777.0,-1.0
"RSI_Reversion(14,30/70)",SHORT,2026-08-17 10:30:00,2026-08-17 10:35:00,53801.0,53742.0,26.0
"RSI_Reversion(14,30/70)",LONG,2026-08-17 12:30:00,2026-08-17 12:35:00,53615.0,53637.0,7.5
"RSI_Reversion(14,30/70)",LONG,2026-08-17 12:40:00,2026-08-17 12:45:00,53618.0,53633.0,4.0
"RSI_Reversion(14,30/70)",LONG,2026-08-17 12:50:00,2026-08-17 12:55:00,53614.0,53617.0,-2.0
"RSI_Reversion(14,30/70)",LONG,2026-08-17 13:10:00,2026-08-17 13:15:00,53599.0,53609.0,1.5
"RSI_Reversion(14,30/70)",LONG,2026-08-17 13:30:00,2026-08-17 13:35:00,53569.0,53624.0,24.0
"Bollinger_Reversion(20,2sd)",SHORT,2026-06-01 00:05:00,2026-06-01 00:50:00,51134.0,51118.0,4.5
"Bollinger_Reversion(20,2sd)",LONG,2026-06-01 03:45:00,2026-06-01 04:45:00,51120.0,51136.0,4.5
"Bollinger_Reversion(20,2sd)",LONG,2026-06-01 06:25:00,2026-06-01 07:05:00,51111.0,51120.0,1.0
"Bollinger_Reversion(20,2sd)",SHORT,2026-06-01 08:10:00,2026-06-01 11:50:00,51157.0,51318.0,-84.0
"Bollinger_Reversion(20,2sd)",LONG,2026-06-01 12:10:00,2026-06-01 15:15:00,51235.0,50951.0,-145.5
"Bollinger_Reversion(20,2sd)",SHORT,2026-06-01 17:30:00,2026-06-01 19:20:00,51020.0,51104.0,-45.5
"Bollinger_Reversion(20,2sd)",SHORT,2026-06-01 19:35:00,2026-06-01 20:25:00,51163.0,51124.0,16.0
"Bollinger_Reversion(20,2sd)",LONG,2026-06-01 22:05:00,2026-06-02 02:30:00,51064.0,50905.0,-83.0
"Bollinger_Reversion(20,2sd)",SHORT,2026-06-02 03:25:00,2026-06-02 04:50:00,50920.0,50927.0,-7.0
"Bollinger_Reversion(20,2sd)",SHORT,2026-06-02 05:00:00,2026-06-02 08:25:00,50948.0,51044.0,-51.5
"Bollinger_Reversion(20,2sd)",LONG,2026-06-02 09:25:00,2026-06-02 10:45:00,50945.0,50952.0,0.0
"Bollinger_Reversion(20,2sd)",LONG,2026-06-02 11:20:00,2026-06-02 11:40:00,50897.0,50925.0,10.5
"Bollinger_Reversion(20,2sd)",SHORT,2026-06-02 13:40:00,2026-06-02 16:15:00,51248.0,51263.0,-11.0
"Bollinger_Reversion(20,2sd)",SHORT,2026-06-02 18:20:00,2026-06-02 22:05:00,51335.0,51406.0,-39.0
"Bollinger_Reversion(20,2sd)",LONG,2026-06-02 23:05:00,2026-06-02 23:45:00,51370.0,51381.0,2.0
"Bollinger_Reversion(20,2sd)",LONG,2026-06-03 04:50:00,2026-06-03 10:10:00,51370.0,51241.0,-68.0
"Bollinger_Reversion(20,2sd)",SHORT,2026-06-03 11:35:00,2026-06-03 12:05:00,51279.0,51237.0,17.5
"Bollinger_Reversion(20,2sd)",LONG,2026-06-03 12:30:00,2026-06-03 13:35:00,51196.0,51219.0,8.0
"Bollinger_Reversion(20,2sd)",LONG,2026-06-03 13:50:00,2026-06-03 16:20:00,51069.0,50947.0,-64.5
"Bollinger_Reversion(20,2sd)",LONG,2026-06-03 19:05:00,2026-06-03 22:05:00,50900.0,50819.0,-44.0
"Bollinger_Reversion(20,2sd)",LONG,2026-06-04 02:20:00,2026-06-04 02:55:00,50770.0,50791.0,7.0
"Bollinger_Reversion(20,2sd)",SHORT,2026-06-04 06:05:00,2026-06-04 06:25:00,50829.0,50800.0,11.0
"Bollinger_Reversion(20,2sd)",SHORT,2026-06-04 06:40:00,2026-06-04 08:50:00,50854.0,50923.0,-38.0
"Bollinger_Reversion(20,2sd)",SHORT,2026-06-04 09:40:00,2026-06-04 10:50:00,51000.0,50998.0,-2.5
"Bollinger_Reversion(20,2sd)",SHORT,2026-06-04 11:15:00,2026-06-04 13:30:00,51086.0,51352.0,-136.5
"Bollinger_Reversion(20,2sd)",SHORT,2026-06-04 13:45:00,2026-06-04 17:05:00,51393.0,51670.0,-142.0
"Bollinger_Reversion(20,2sd)",SHORT,2026-06-04 22:55:00,2026-06-04 23:20:00,51674.0,51656.0,5.5
"Bollinger_Reversion(20,2sd)",LONG,2026-06-05 00:00:00,2026-06-05 01:10:00,51635.0,51639.0,-1.5
"Bollinger_Reversion(20,2sd)",SHORT,2026-06-05 04:50:00,2026-06-05 07:05:00,51628.0,51650.0,-14.5
"Bollinger_Reversion(20,2sd)",SHORT,2026-06-05 07:30:00,2026-06-05 08:00:00,51701.0,51659.0,17.5
"Bollinger_Reversion(20,2sd)",SHORT,2026-06-05 09:15:00,2026-06-05 10:55:00,51777.0,51732.0,19.0
"Bollinger_Reversion(20,2sd)",LONG,2026-06-05 12:20:00,2026-06-05 12:45:00,51700.0,51737.0,15.0
"Bollinger_Reversion(20,2sd)",LONG,2026-06-05 13:40:00,2026-06-05 17:40:00,51537.0,51259.0,-142.5
"Bollinger_Reversion(20,2sd)",LONG,2026-06-05 18:20:00,2026-06-05 19:55:00,51137.0,51017.0,-63.5
"Bollinger_Reversion(20,2sd)",LONG,2026-06-08 01:20:00,2026-06-08 02:35:00,50784.0,50788.0,-1.5
"Bollinger_Reversion(20,2sd)",LONG,2026-06-08 04:35:00,2026-06-08 06:25:00,50795.0,50745.0,-28.5
"Bollinger_Reversion(20,2sd)",SHORT,2026-06-08 07:25:00,2026-06-08 08:15:00,50848.0,50792.0,24.5
"Bollinger_Reversion(20,2sd)",SHORT,2026-06-08 09:45:00,2026-06-08 12:55:00,50852.0,51064.0,-109.5
"Bollinger_Reversion(20,2sd)",LONG,2026-06-08 13:05:00,2026-06-08 13:35:00,51028.0,51168.0,66.5
"Bollinger_Reversion(20,2sd)",SHORT,2026-06-08 15:00:00,2026-06-08 15:30:00,51163.0,51035.0,60.5
"Bollinger_Reversion(20,2sd)",LONG,2026-06-08 15:35:00,2026-06-08 18:05:00,50956.0,50922.0,-20.5
"Bollinger_Reversion(20,2sd)",LONG,2026-06-08 19:25:00,2026-06-08 22:55:00,50817.0,50810.0,-7.0
"Bollinger_Reversion(20,2sd)",LONG,2026-06-09 00:05:00,2026-06-09 01:20:00,50746.0,50755.0,1.0
"Bollinger_Reversion(20,2sd)",SHORT,2026-06-09 01:25:00,2026-06-09 03:25:00,50819.0,50860.0,-24.0
"Bollinger_Reversion(20,2sd)",SHORT,2026-06-09 03:45:00,2026-06-09 05:35:00,50901.0,50946.0,-26.0
"Bollinger_Reversion(20,2sd)",LONG,2026-06-09 06:10:00,2026-06-09 07:05:00,50882.0,50938.0,24.5
"Bollinger_Reversion(20,2sd)",SHORT,2026-06-09 08:40:00,2026-06-09 10:00:00,50969.0,50962.0,0.0
"Bollinger_Reversion(20,2sd)",LONG,2026-06-09 10:10:00,2026-06-09 10:30:00,50925.0,50974.0,21.0
"Bollinger_Reversion(20,2sd)",SHORT,2026-06-09 12:35:00,2026-06-09 14:15:00,51032.0,51087.0,-31.0
"Bollinger_Reversion(20,2sd)",LONG,2026-06-09 14:50:00,2026-06-09 17:20:00,50761.0,50544.0,-112.0
"Bollinger_Reversion(20,2sd)",LONG,2026-06-09 22:35:00,2026-06-09 23:55:00,50769.0,50793.0,8.5
"Bollinger_Reversion(20,2sd)",SHORT,2026-06-10 00:05:00,2026-06-10 00:35:00,50843.0,50778.0,29.0
"Bollinger_Reversion(20,2sd)",SHORT,2026-06-10 01:20:00,2026-06-10 02:05:00,50898.0,50842.0,24.5
"Bollinger_Reversion(20,2sd)",LONG,2026-06-10 03:45:00,2026-06-10 05:30:00,50811.0,50828.0,5.0
"Bollinger_Reversion(20,2sd)",SHORT,2026-06-10 05:40:00,2026-06-10 06:55:00,50835.0,50798.0,15.0
"Bollinger_Reversion(20,2sd)",LONG,2026-06-10 08:05:00,2026-06-10 10:30:00,50706.0,50557.0,-78.0
"Bollinger_Reversion(20,2sd)",LONG,2026-06-10 11:10:00,2026-06-10 11:55:00,50427.0,50493.0,29.5
"Bollinger_Reversion(20,2sd)",SHORT,2026-06-10 12:35:00,2026-06-10 13:35:00,50617.0,50569.0,20.5
"Bollinger_Reversion(20,2sd)",SHORT,2026-06-10 13:50:00,2026-06-10 14:20:00,50796.0,50691.0,49.0
"Bollinger_Reversion(20,2sd)",LONG,2026-06-10 14:50:00,2026-06-10 16:35:00,50539.0,50364.0,-91.0
"Bollinger_Reversion(20,2sd)",LONG,2026-06-10 17:15:00,2026-06-10 18:00:00,50226.0,50292.0,29.5
"Bollinger_Reversion(20,2sd)",LONG,2026-06-10 20:00:00,2026-06-10 22:35:00,49977.0,49914.0,-35.0
"Bollinger_Reversion(20,2sd)",LONG,2026-06-10 23:00:00,2026-06-10 23:30:00,49810.0,49898.0,40.5
"Bollinger_Reversion(20,2sd)",SHORT,2026-06-11 01:05:00,2026-06-11 03:00:00,49978.0,50031.0,-30.0
"Bollinger_Reversion(20,2sd)",SHORT,2026-06-11 03:45:00,2026-06-11 05:35:00,50072.0,50141.0,-38.0
"Bollinger_Reversion(20,2sd)",LONG,2026-06-11 06:10:00,2026-06-11 06:40:00,50079.0,50163.0,38.5
"Bollinger_Reversion(20,2sd)",SHORT,2026-06-11 07:05:00,2026-06-11 10:10:00,50209.0,50346.0,-72.0
"Bollinger_Reversion(20,2sd)",LONG,2026-06-11 11:10:00,2026-06-11 11:35:00,50301.0,50357.0,24.5
"Bollinger_Reversion(20,2sd)",LONG,2026-06-11 12:25:00,2026-06-11 13:35:00,50204.0,50224.0,6.5
"Bollinger_Reversion(20,2sd)",SHORT,2026-06-11 13:55:00,2026-06-11 14:15:00,50430.0,50186.0,118.5
"Bollinger_Reversion(20,2sd)",SHORT,2026-06-11 16:15:00,2026-06-11 16:35:00,50404.0,50367.0,15.0
"Bollinger_Reversion(20,2sd)",SHORT,2026-06-11 17:35:00,2026-06-11 20:40:00,50706.0,50892.0,-96.5
"Bollinger_Reversion(20,2sd)",LONG,2026-06-12 00:45:00,2026-06-12 01:50:00,50910.0,50901.0,-8.0
"Bollinger_Reversion(20,2sd)",LONG,2026-06-12 03:25:00,2026-06-12 04:00:00,50875.0,50919.0,18.5
"Bollinger_Reversion(20,2sd)",LONG,2026-06-12 06:00:00,2026-06-12 06:05:00,50898.0,50929.0,12.0
"Bollinger_Reversion(20,2sd)",LONG,2026-06-12 07:05:00,2026-06-12 07:35:00,50855.0,51246.0,192.0
"Bollinger_Reversion(20,2sd)",SHORT,2026-06-12 07:40:00,2026-06-12 10:15:00,51259.0,51600.0,-174.0
"Bollinger_Reversion(20,2sd)",SHORT,2026-06-12 11:55:00,2026-06-12 12:25:00,51649.0,51537.0,52.5
"Bollinger_Reversion(20,2sd)",LONG,2026-06-12 12:45:00,2026-06-12 13:20:00,51485.0,51562.0,35.0
"Bollinger_Reversion(20,2sd)",LONG,2026-06-12 13:45:00,2026-06-12 14:10:00,51288.0,51457.0,81.0
"Bollinger_Reversion(20,2sd)",SHORT,2026-06-12 15:00:00,2026-06-12 15:50:00,51730.0,51542.0,90.5
"Bollinger_Reversion(20,2sd)",SHORT,2026-06-12 17:20:00,2026-06-12 18:00:00,51681.0,51610.0,32.0
"Bollinger_Reversion(20,2sd)",SHORT,2026-06-12 18:45:00,2026-06-12 19:00:00,51690.0,51626.0,28.5
"Bollinger_Reversion(20,2sd)",LONG,2026-06-12 19:35:00,2026-06-12 20:15:00,51571.0,51652.0,37.0
"Bollinger_Reversion(20,2sd)",SHORT,2026-06-14 22:20:00,2026-06-15 03:45:00,51956.0,52051.0,-51.0
"Bollinger_Reversion(20,2sd)",LONG,2026-06-15 04:15:00,2026-06-15 04:30:00,52050.0,52065.0,4.0
"Bollinger_Reversion(20,2sd)",SHORT,2026-06-15 04:55:00,2026-06-15 06:15:00,52086.0,52116.0,-18.5
"Bollinger_Reversion(20,2sd)",LONG,2026-06-15 06:55:00,2026-06-15 07:10:00,52093.0,52119.0,9.5
"Bollinger_Reversion(20,2sd)",LONG,2026-06-15 08:10:00,2026-06-15 09:05:00,52088.0,52115.0,10.0
"Bollinger_Reversion(20,2sd)",SHORT,2026-06-15 11:10:00,2026-06-15 12:20:00,52072.0,52076.0,-5.5
"Bollinger_Reversion(20,2sd)",SHORT,2026-06-15 13:00:00,2026-06-15 14:10:00,52179.0,52185.0,-6.5
"Bollinger_Reversion(20,2sd)",LONG,2026-06-15 17:55:00,2026-06-15 23:55:00,52275.0,52113.0,-84.5
"Bollinger_Reversion(20,2sd)",SHORT,2026-06-16 00:20:00,2026-06-16 01:45:00,52127.0,52120.0,0.0
"Bollinger_Reversion(20,2sd)",SHORT,2026-06-16 02:35:00,2026-06-16 03:55:00,52155.0,52143.0,2.5
"Bollinger_Reversion(20,2sd)",SHORT,2026-06-16 05:20:00,2026-06-16 05:35:00,52180.0,52125.0,24.0
"Bollinger_Reversion(20,2sd)",SHORT,2026-06-16 07:15:00,2026-06-16 08:20:00,52204.0,52194.0,1.5
"Bollinger_Reversion(20,2sd)",LONG,2026-06-16 08:40:00,2026-06-16 10:05:00,52164.0,52176.0,2.5
"Bollinger_Reversion(20,2sd)",SHORT,2026-06-16 12:20:00,2026-06-16 14:45:00,52209.0,52386.0,-92.0
"Bollinger_Reversion(20,2sd)",SHORT,2026-06-16 15:55:00,2026-06-16 17:20:00,52575.0,52588.0,-10.0
"Bollinger_Reversion(20,2sd)",LONG,2026-06-16 18:05:00,2026-06-16 20:00:00,52549.0,52476.0,-40.0
"Bollinger_Reversion(20,2sd)",SHORT,2026-06-16 22:35:00,2026-06-17 00:00:00,52506.0,52515.0,-8.0
"Bollinger_Reversion(20,2sd)",SHORT,2026-06-17 01:10:00,2026-06-17 02:05:00,52567.0,52539.0,10.5
"Bollinger_Reversion(20,2sd)",LONG,2026-06-17 06:00:00,2026-06-17 06:35:00,52492.0,52506.0,3.5
"Bollinger_Reversion(20,2sd)",LONG,2026-06-17 07:30:00,2026-06-17 08:55:00,52465.0,52454.0,-9.0
"Bollinger_Reversion(20,2sd)",LONG,2026-06-17 12:30:00,2026-06-17 12:45:00,52411.0,52447.0,14.5
"Bollinger_Reversion(20,2sd)",SHORT,2026-06-17 13:40:00,2026-06-17 14:50:00,52519.0,52572.0,-30.0
"Bollinger_Reversion(20,2sd)",LONG,2026-06-17 17:20:00,2026-06-17 18:00:00,52604.0,52635.0,12.0
"Bollinger_Reversion(20,2sd)",LONG,2026-06-17 18:10:00,2026-06-17 18:45:00,52382.0,52524.0,67.5
"Bollinger_Reversion(20,2sd)",LONG,2026-06-17 19:20:00,2026-06-17 20:40:00,52167.0,52055.0,-59.5
"Bollinger_Reversion(20,2sd)",SHORT,2026-06-17 23:10:00,2026-06-18 01:40:00,52101.0,52225.0,-65.5
"Bollinger_Reversion(20,2sd)",SHORT,2026-06-18 03:05:00,2026-06-18 03:15:00,52247.0,52217.0,11.5
"Bollinger_Reversion(20,2sd)",LONG,2026-06-18 04:45:00,2026-06-18 06:30:00,52199.0,52208.0,1.0
"Bollinger_Reversion(20,2sd)",SHORT,2026-06-18 07:00:00,2026-06-18 07:15:00,52250.0,52198.0,22.5
"Bollinger_Reversion(20,2sd)",LONG,2026-06-18 08:55:00,2026-06-18 09:40:00,52169.0,52235.0,29.5
"Bollinger_Reversion(20,2sd)",LONG,2026-06-18 10:45:00,2026-06-18 12:15:00,52151.0,52120.0,-19.0
"Bollinger_Reversion(20,2sd)",LONG,2026-06-18 14:15:00,2026-06-18 14:50:00,52068.0,52213.0,69.0
"Bollinger_Reversion(20,2sd)",SHORT,2026-06-18 17:10:00,2026-06-18 17:40:00,52133.0,52091.0,17.5
"Bollinger_Reversion(20,2sd)",LONG,2026-06-18 19:15:00,2026-06-18 19:35:00,51985.0,52039.0,23.5
"Bollinger_Reversion(20,2sd)",LONG,2026-06-19 01:10:00,2026-06-19 03:45:00,51945.0,51876.0,-38.0
"Bollinger_Reversion(20,2sd)",LONG,2026-06-21 22:15:00,2026-06-21 22:45:00,51761.0,51850.0,41.0
"Bollinger_Reversion(20,2sd)",LONG,2026-06-21 23:55:00,2026-06-22 00:05:00,51737.0,51828.0,42.0
"Bollinger_Reversion(20,2sd)",SHORT,2026-06-22 00:30:00,2026-06-22 02:10:00,51907.0,51919.0,-9.5
"Bollinger_Reversion(20,2sd)",LONG,2026-06-22 02:35:00,2026-06-22 03:50:00,51878.0,51873.0,-6.0
"Bollinger_Reversion(20,2sd)",LONG,2026-06-22 04:15:00,2026-06-22 05:10:00,51831.0,51859.0,10.5
"Bollinger_Reversion(20,2sd)",SHORT,2026-06-22 05:30:00,2026-06-22 07:45:00,51862.0,51959.0,-52.0
"Bollinger_Reversion(20,2sd)",LONG,2026-06-22 08:05:00,2026-06-22 08:45:00,51925.0,51964.0,16.0
"Bollinger_Reversion(20,2sd)",SHORT,2026-06-22 09:10:00,2026-06-22 09:50:00,52018.0,51974.0,18.5
"Bollinger_Reversion(20,2sd)",SHORT,2026-06-22 11:10:00,2026-06-22 11:25:00,52043.0,52004.0,16.0
"Bollinger_Reversion(20,2sd)",SHORT,2026-06-22 12:00:00,2026-06-22 13:00:00,52047.0,52045.0,-2.5
"Bollinger_Reversion(20,2sd)",SHORT,2026-06-22 13:35:00,2026-06-22 14:30:00,52210.0,52142.0,30.5
"Bollinger_Reversion(20,2sd)",LONG,2026-06-22 18:55:00,2026-06-22 19:50:00,52053.0,52081.0,10.5
"Bollinger_Reversion(20,2sd)",SHORT,2026-06-22 20:10:00,2026-06-22 22:00:00,52169.0,52165.0,-1.5
"Bollinger_Reversion(20,2sd)",SHORT,2026-06-23 00:10:00,2026-06-23 01:40:00,52160.0,52185.0,-16.0
"Bollinger_Reversion(20,2sd)",LONG,2026-06-23 03:10:00,2026-06-23 08:35:00,52092.0,51789.0,-155.0
"Bollinger_Reversion(20,2sd)",SHORT,2026-06-23 09:30:00,2026-06-23 10:35:00,51844.0,51837.0,0.0
"Bollinger_Reversion(20,2sd)",SHORT,2026-06-23 11:55:00,2026-06-23 12:30:00,51961.0,51884.0,35.0
"Bollinger_Reversion(20,2sd)",LONG,2026-06-23 13:35:00,2026-06-23 13:45:00,51804.0,51908.0,48.5
"Bollinger_Reversion(20,2sd)",SHORT,2026-06-23 13:50:00,2026-06-23 15:20:00,52031.0,52080.0,-28.0
"Bollinger_Reversion(20,2sd)",SHORT,2026-06-23 16:10:00,2026-06-23 17:45:00,52215.0,52227.0,-9.5
"Bollinger_Reversion(20,2sd)",LONG,2026-06-23 18:00:00,2026-06-23 19:55:00,52179.0,52153.0,-16.5
"Bollinger_Reversion(20,2sd)",LONG,2026-06-23 22:35:00,2026-06-23 23:30:00,52024.0,52042.0,5.5
"Bollinger_Reversion(20,2sd)",LONG,2026-06-24 02:50:00,2026-06-24 03:15:00,52016.0,52055.0,16.0
"Bollinger_Reversion(20,2sd)",LONG,2026-06-24 06:05:00,2026-06-24 06:55:00,51991.0,52027.0,14.5
"Bollinger_Reversion(20,2sd)",LONG,2026-06-24 09:45:00,2026-06-24 10:05:00,51976.0,51989.0,3.0
"Bollinger_Reversion(20,2sd)",SHORT,2026-06-24 10:45:00,2026-06-24 12:40:00,52064.0,52087.0,-15.0
"Bollinger_Reversion(20,2sd)",SHORT,2026-06-24 13:55:00,2026-06-24 16:40:00,52219.0,52519.0,-153.5
"Bollinger_Reversion(20,2sd)",LONG,2026-06-24 16:55:00,2026-06-24 18:25:00,52475.0,52339.0,-71.5
"Bollinger_Reversion(20,2sd)",LONG,2026-06-25 00:45:00,2026-06-25 01:35:00,52267.0,52280.0,3.0
"Bollinger_Reversion(20,2sd)",SHORT,2026-06-25 03:20:00,2026-06-25 04:15:00,52291.0,52270.0,7.0
"Bollinger_Reversion(20,2sd)",LONG,2026-06-25 04:35:00,2026-06-25 06:15:00,52242.0,52313.0,32.0
"Bollinger_Reversion(20,2sd)",SHORT,2026-06-25 06:15:00,2026-06-25 07:50:00,52313.0,52333.0,-13.5
"Bollinger_Reversion(20,2sd)",LONG,2026-06-25 08:20:00,2026-06-25 08:40:00,52319.0,52336.0,5.0
"Bollinger_Reversion(20,2sd)",LONG,2026-06-25 08:55:00,2026-06-25 09:15:00,52304.0,52320.0,4.5
"Bollinger_Reversion(20,2sd)",SHORT,2026-06-25 09:55:00,2026-06-25 11:20:00,52355.0,52380.0,-16.0
"Bollinger_Reversion(20,2sd)",LONG,2026-06-25 11:55:00,2026-06-25 12:35:00,52352.0,52422.0,31.5
"Bollinger_Reversion(20,2sd)",SHORT,2026-06-25 12:50:00,2026-06-25 14:05:00,52439.0,52679.0,-123.5
"Bollinger_Reversion(20,2sd)",SHORT,2026-06-25 14:10:00,2026-06-25 15:10:00,52821.0,52806.0,4.0
"Bollinger_Reversion(20,2sd)",LONG,2026-06-25 16:40:00,2026-06-25 18:20:00,52512.0,52477.0,-21.0
"Bollinger_Reversion(20,2sd)",SHORT,2026-06-25 18:30:00,2026-06-25 18:45:00,52555.0,52378.0,85.0
"Bollinger_Reversion(20,2sd)",SHORT,2026-06-25 20:20:00,2026-06-25 22:05:00,52478.0,52426.0,22.5
"Bollinger_Reversion(20,2sd)",SHORT,2026-06-25 23:20:00,2026-06-25 23:40:00,52495.0,52434.0,27.0
"Bollinger_Reversion(20,2sd)",LONG,2026-06-26 01:35:00,2026-06-26 03:55:00,52351.0,52248.0,-55.0
"Bollinger_Reversion(20,2sd)",LONG,2026-06-26 05:45:00,2026-06-26 06:05:00,52184.0,52240.0,24.5
"Bollinger_Reversion(20,2sd)",SHORT,2026-06-26 06:30:00,2026-06-26 08:35:00,52302.0,52398.0,-51.5
"Bollinger_Reversion(20,2sd)",LONG,2026-06-26 08:50:00,2026-06-26 10:40:00,52340.0,52284.0,-31.5
"Bollinger_Reversion(20,2sd)",SHORT,2026-06-26 12:10:00,2026-06-26 12:25:00,52347.0,52288.0,26.0
"Bollinger_Reversion(20,2sd)",LONG,2026-06-26 12:50:00,2026-06-26 14:00:00,52205.0,52190.0,-11.0
"Bollinger_Reversion(20,2sd)",SHORT,2026-06-26 15:35:00,2026-06-26 16:10:00,52467.0,52387.0,36.5
"Bollinger_Reversion(20,2sd)",LONG,2026-06-26 18:55:00,2026-06-26 19:25:00,52241.0,52263.0,7.5
"Bollinger_Reversion(20,2sd)",LONG,2026-06-26 19:50:00,2026-06-26 19:55:00,52187.0,52299.0,52.5
"Bollinger_Reversion(20,2sd)",LONG,2026-06-29 02:15:00,2026-06-29 02:25:00,52268.0,52321.0,23.0
"Bollinger_Reversion(20,2sd)",SHORT,2026-06-29 02:40:00,2026-06-29 03:35:00,52363.0,52346.0,5.0
"Bollinger_Reversion(20,2sd)",SHORT,2026-06-29 05:35:00,2026-06-29 06:20:00,52392.0,52382.0,1.5
"Bollinger_Reversion(20,2sd)",LONG,2026-06-29 07:05:00,2026-06-29 07:30:00,52309.0,52404.0,44.0
"Bollinger_Reversion(20,2sd)",LONG,2026-06-29 09:55:00,2026-06-29 10:30:00,52356.0,52394.0,15.5
"Bollinger_Reversion(20,2sd)",SHORT,2026-06-29 11:05:00,2026-06-29 12:40:00,52468.0,52424.0,18.5
"Bollinger_Reversion(20,2sd)",SHORT,2026-06-29 13:15:00,2026-06-29 13:25:00,52503.0,52439.0,28.5
"Bollinger_Reversion(20,2sd)",SHORT,2026-06-29 13:45:00,2026-06-29 14:10:00,52638.0,52478.0,76.5
"Bollinger_Reversion(20,2sd)",LONG,2026-06-29 14:15:00,2026-06-29 14:30:00,52334.0,52556.0,107.5
"Bollinger_Reversion(20,2sd)",SHORT,2026-06-29 17:15:00,2026-06-29 19:15:00,52553.0,52593.0,-23.5
"Bollinger_Reversion(20,2sd)",LONG,2026-06-29 19:25:00,2026-06-29 23:10:00,52571.0,52548.0,-15.0
"Bollinger_Reversion(20,2sd)",LONG,2026-06-29 23:50:00,2026-06-30 01:00:00,52505.0,52519.0,3.5
"Bollinger_Reversion(20,2sd)",SHORT,2026-06-30 01:35:00,2026-06-30 02:20:00,52541.0,52508.0,13.0
"Bollinger_Reversion(20,2sd)",SHORT,2026-06-30 03:40:00,2026-06-30 05:30:00,52553.0,52574.0,-14.0
"Bollinger_Reversion(20,2sd)",SHORT,2026-06-30 07:00:00,2026-06-30 07:25:00,52603.0,52605.0,-4.5
"Bollinger_Reversion(20,2sd)",LONG,2026-06-30 08:40:00,2026-06-30 09:00:00,52564.0,52593.0,11.0
"Bollinger_Reversion(20,2sd)",LONG,2026-06-30 12:05:00,2026-06-30 13:30:00,52565.0,52658.0,43.0
"Bollinger_Reversion(20,2sd)",SHORT,2026-06-30 16:15:00,2026-06-30 17:40:00,52731.0,52715.0,4.5
"Bollinger_Reversion(20,2sd)",LONG,2026-06-30 18:10:00,2026-06-30 18:50:00,52689.0,52732.0,18.0
"Bollinger_Reversion(20,2sd)",SHORT,2026-06-30 19:25:00,2026-06-30 19:35:00,52744.0,52685.0,26.0
"Bollinger_Reversion(20,2sd)",SHORT,2026-07-01 00:25:00,2026-07-01 01:05:00,52599.0,52565.0,13.5
"Bollinger_Reversion(20,2sd)",SHORT,2026-07-01 04:50:00,2026-07-01 05:30:00,52520.0,52502.0,5.5
"Bollinger_Reversion(20,2sd)",SHORT,2026-07-01 06:50:00,2026-07-01 07:10:00,52532.0,52484.0,20.5
"Bollinger_Reversion(20,2sd)",LONG,2026-07-01 07:15:00,2026-07-01 08:05:00,52451.0,52492.0,17.0
"Bollinger_Reversion(20,2sd)",LONG,2026-07-01 11:55:00,2026-07-01 12:20:00,52508.0,52541.0,13.0
"Bollinger_Reversion(20,2sd)",LONG,2026-07-01 12:35:00,2026-07-01 12:50:00,52469.0,52525.0,24.5
"Bollinger_Reversion(20,2sd)",SHORT,2026-07-01 13:25:00,2026-07-01 13:35:00,52599.0,52416.0,88.0
"Bollinger_Reversion(20,2sd)",SHORT,2026-07-01 13:55:00,2026-07-01 16:50:00,52641.0,52941.0,-153.5
"Bollinger_Reversion(20,2sd)",LONG,2026-07-01 20:00:00,2026-07-01 23:50:00,52663.0,52587.0,-41.5
"Bollinger_Reversion(20,2sd)",LONG,2026-07-02 00:05:00,2026-07-02 00:50:00,52563.0,52601.0,15.5
"Bollinger_Reversion(20,2sd)",SHORT,2026-07-02 01:35:00,2026-07-02 04:05:00,52655.0,52709.0,-30.5
"Bollinger_Reversion(20,2sd)",LONG,2026-07-02 04:15:00,2026-07-02 05:20:00,52696.0,52702.0,-0.5
"Bollinger_Reversion(20,2sd)",LONG,2026-07-02 05:50:00,2026-07-02 07:45:00,52654.0,52642.0,-9.5
"Bollinger_Reversion(20,2sd)",SHORT,2026-07-02 08:30:00,2026-07-02 10:05:00,52691.0,52685.0,-0.5
"Bollinger_Reversion(20,2sd)",SHORT,2026-07-02 10:20:00,2026-07-02 11:55:00,52724.0,52739.0,-11.0
"Bollinger_Reversion(20,2sd)",SHORT,2026-07-02 12:40:00,2026-07-02 15:10:00,52878.0,52990.0,-59.5
"Bollinger_Reversion(20,2sd)",LONG,2026-07-02 17:05:00,2026-07-02 18:10:00,52857.0,52914.0,25.0
"Bollinger_Reversion(20,2sd)",SHORT,2026-07-02 18:35:00,2026-07-03 02:20:00,52980.0,53337.0,-182.0
"Bollinger_Reversion(20,2sd)",LONG,2026-07-05 22:10:00,2026-07-05 23:20:00,53157.0,53209.0,22.5
"Bollinger_Reversion(20,2sd)",SHORT,2026-07-06 00:00:00,2026-07-06 01:15:00,53257.0,53258.0,-4.0
"Bollinger_Reversion(20,2sd)",LONG,2026-07-06 02:10:00,2026-07-06 04:15:00,53221.0,53175.0,-26.5
"Bollinger_Reversion(20,2sd)",SHORT,2026-07-06 05:10:00,2026-07-06 05:35:00,53190.0,53174.0,4.5
"Bollinger_Reversion(20,2sd)",SHORT,2026-07-06 07:10:00,2026-07-06 08:40:00,53221.0,53248.0,-17.0
"Bollinger_Reversion(20,2sd)",LONG,2026-07-06 09:20:00,2026-07-06 10:15:00,53195.0,53223.0,10.5
"Bollinger_Reversion(20,2sd)",LONG,2026-07-06 11:10:00,2026-07-06 12:40:00,53158.0,53154.0,-5.5
"Bollinger_Reversion(20,2sd)",LONG,2026-07-06 13:05:00,2026-07-06 13:30:00,53102.0,53260.0,75.5
"Bollinger_Reversion(20,2sd)",SHORT,2026-07-06 13:35:00,2026-07-06 13:55:00,53348.0,53102.0,119.5
"Bollinger_Reversion(20,2sd)",LONG,2026-07-06 14:10:00,2026-07-06 14:30:00,52972.0,53127.0,74.0
"Bollinger_Reversion(20,2sd)",SHORT,2026-07-06 16:50:00,2026-07-06 17:45:00,53235.0,53208.0,10.0
"Bollinger_Reversion(20,2sd)",SHORT,2026-07-06 20:00:00,2026-07-06 22:00:00,53383.0,53405.0,-14.5
"Bollinger_Reversion(20,2sd)",LONG,2026-07-06 23:45:00,2026-07-07 00:25:00,53400.0,53410.0,1.5
"Bollinger_Reversion(20,2sd)",SHORT,2026-07-07 01:10:00,2026-07-07 02:25:00,53430.0,53423.0,0.0
"Bollinger_Reversion(20,2sd)",LONG,2026-07-07 04:35:00,2026-07-07 06:05:00,53407.0,53386.0,-14.0
"Bollinger_Reversion(20,2sd)",LONG,2026-07-07 06:20:00,2026-07-07 06:40:00,53349.0,53381.0,12.5
"Bollinger_Reversion(20,2sd)",SHORT,2026-07-07 07:20:00,2026-07-07 08:10:00,53441.0,53427.0,3.5
"Bollinger_Reversion(20,2sd)",LONG,2026-07-07 10:55:00,2026-07-07 11:10:00,53434.0,53482.0,20.5
"Bollinger_Reversion(20,2sd)",SHORT,2026-07-07 12:45:00,2026-07-07 13:35:00,53598.0,53503.0,44.0
"Bollinger_Reversion(20,2sd)",LONG,2026-07-07 13:40:00,2026-07-07 16:15:00,53462.0,53181.0,-144.0
"Bollinger_Reversion(20,2sd)",SHORT,2026-07-07 17:30:00,2026-07-07 18:10:00,53231.0,53194.0,15.0
"Bollinger_Reversion(20,2sd)",LONG,2026-07-07 19:05:00,2026-07-07 19:50:00,53174.0,53201.0,10.0
"Bollinger_Reversion(20,2sd)",LONG,2026-07-07 22:45:00,2026-07-07 23:20:00,53153.0,53194.0,17.0
"Bollinger_Reversion(20,2sd)",LONG,2026-07-08 00:00:00,2026-07-08 00:40:00,53135.0,53165.0,11.5
"Bollinger_Reversion(20,2sd)",LONG,2026-07-08 02:15:00,2026-07-08 04:00:00,53136.0,53138.0,-2.5
"Bollinger_Reversion(20,2sd)",LONG,2026-07-08 05:35:00,2026-07-08 10:30:00,53117.0,52552.0,-286.0
"Bollinger_Reversion(20,2sd)",SHORT,2026-07-08 10:35:00,2026-07-08 13:00:00,52609.0,52700.0,-49.0
"Bollinger_Reversion(20,2sd)",LONG,2026-07-08 14:15:00,2026-07-08 16:10:00,52620.0,52462.0,-82.5
"Bollinger_Reversion(20,2sd)",SHORT,2026-07-08 16:45:00,2026-07-08 19:15:00,52577.0,52626.0,-28.0
"Bollinger_Reversion(20,2sd)",LONG,2026-07-08 19:50:00,2026-07-08 19:55:00,52601.0,52649.0,20.5
"Bollinger_Reversion(20,2sd)",LONG,2026-07-08 20:35:00,2026-07-08 22:35:00,52560.0,52582.0,7.5
"Bollinger_Reversion(20,2sd)",SHORT,2026-07-09 00:00:00,2026-07-09 02:45:00,52597.0,52663.0,-36.5
"Bollinger_Reversion(20,2sd)",SHORT,2026-07-09 06:00:00,2026-07-09 06:20:00,52752.0,52705.0,20.0
"Bollinger_Reversion(20,2sd)",LONG,2026-07-09 08:40:00,2026-07-09 11:50:00,52656.0,52579.0,-42.0
"Bollinger_Reversion(20,2sd)",SHORT,2026-07-09 12:05:00,2026-07-09 13:35:00,52607.0,52602.0,-1.0
"Bollinger_Reversion(20,2sd)",SHORT,2026-07-09 15:45:00,2026-07-09 17:30:00,52845.0,52824.0,7.0
"Bollinger_Reversion(20,2sd)",LONG,2026-07-09 18:40:00,2026-07-09 20:00:00,52756.0,52770.0,3.5
"Bollinger_Reversion(20,2sd)",LONG,2026-07-10 00:05:00,2026-07-10 00:30:00,52732.0,52751.0,6.0
"Bollinger_Reversion(20,2sd)",LONG,2026-07-10 02:35:00,2026-07-10 02:50:00,52722.0,52735.0,3.0
"Bollinger_Reversion(20,2sd)",SHORT,2026-07-10 03:10:00,2026-07-10 03:30:00,52761.0,52737.0,8.5
"Bollinger_Reversion(20,2sd)",LONG,2026-07-10 04:25:00,2026-07-10 05:20:00,52717.0,52724.0,0.0
"Bollinger_Reversion(20,2sd)",SHORT,2026-07-10 05:55:00,2026-07-10 07:50:00,52743.0,52795.0,-29.5
"Bollinger_Reversion(20,2sd)",SHORT,2026-07-10 10:35:00,2026-07-10 11:30:00,52889.0,52854.0,14.0
"Bollinger_Reversion(20,2sd)",LONG,2026-07-10 11:35:00,2026-07-10 12:15:00,52821.0,52898.0,35.0
"Bollinger_Reversion(20,2sd)",LONG,2026-07-10 13:50:00,2026-07-10 15:00:00,52788.0,52787.0,-4.0
"Bollinger_Reversion(20,2sd)",SHORT,2026-07-10 19:10:00,2026-07-10 20:00:00,52974.0,52916.0,25.5
"Bollinger_Reversion(20,2sd)",LONG,2026-07-12 22:15:00,2026-07-12 23:45:00,52759.0,52788.0,11.0
"Bollinger_Reversion(20,2sd)",SHORT,2026-07-13 00:15:00,2026-07-13 00:30:00,52832.0,52808.0,8.5
"Bollinger_Reversion(20,2sd)",LONG,2026-07-13 00:55:00,2026-07-13 02:45:00,52769.0,52731.0,-22.5
"Bollinger_Reversion(20,2sd)",LONG,2026-07-13 03:05:00,2026-07-13 05:10:00,52705.0,52704.0,-4.0
"Bollinger_Reversion(20,2sd)",SHORT,2026-07-13 06:05:00,2026-07-13 09:45:00,52733.0,52934.0,-104.0
"Bollinger_Reversion(20,2sd)",LONG,2026-07-13 10:10:00,2026-07-13 12:50:00,52904.0,52851.0,-30.0
"Bollinger_Reversion(20,2sd)",SHORT,2026-07-13 13:30:00,2026-07-13 14:20:00,52909.0,52904.0,-1.0
"Bollinger_Reversion(20,2sd)",LONG,2026-07-13 16:20:00,2026-07-13 17:10:00,52700.0,52738.0,15.5
"Bollinger_Reversion(20,2sd)",LONG,2026-07-13 23:00:00,2026-07-14 00:00:00,52692.0,52695.0,-2.0
"Bollinger_Reversion(20,2sd)",LONG,2026-07-14 00:20:00,2026-07-14 01:05:00,52596.0,52631.0,14.0
"Bollinger_Reversion(20,2sd)",LONG,2026-07-14 02:25:00,2026-07-14 03:55:00,52592.0,52595.0,-2.0
"Bollinger_Reversion(20,2sd)",SHORT,2026-07-14 04:30:00,2026-07-14 06:30:00,52620.0,52695.0,-41.0
"Bollinger_Reversion(20,2sd)",LONG,2026-07-14 06:45:00,2026-07-14 09:10:00,52659.0,52621.0,-22.5
"Bollinger_Reversion(20,2sd)",SHORT,2026-07-14 09:15:00,2026-07-14 10:15:00,52641.0,52626.0,4.0
"Bollinger_Reversion(20,2sd)",LONG,2026-07-14 10:45:00,2026-07-14 12:35:00,52599.0,52727.0,60.5
"Bollinger_Reversion(20,2sd)",SHORT,2026-07-14 12:35:00,2026-07-14 14:50:00,52727.0,52780.0,-30.0
"Bollinger_Reversion(20,2sd)",LONG,2026-07-14 15:20:00,2026-07-14 17:05:00,52716.0,52665.0,-29.0
"Bollinger_Reversion(20,2sd)",SHORT,2026-07-14 17:25:00,2026-07-14 20:30:00,52714.0,52778.0,-35.5
"Bollinger_Reversion(20,2sd)",SHORT,2026-07-14 22:35:00,2026-07-14 23:00:00,52812.0,52791.0,7.0
"Bollinger_Reversion(20,2sd)",SHORT,2026-07-14 23:30:00,2026-07-15 00:20:00,52845.0,52831.0,3.5
"Bollinger_Reversion(20,2sd)",LONG,2026-07-15 00:45:00,2026-07-15 01:20:00,52777.0,52829.0,22.5
"Bollinger_Reversion(20,2sd)",SHORT,2026-07-15 02:35:00,2026-07-15 03:15:00,52842.0,52822.0,6.5
"Bollinger_Reversion(20,2sd)",SHORT,2026-07-15 04:20:00,2026-07-15 05:05:00,52860.0,52831.0,11.0
"Bollinger_Reversion(20,2sd)",LONG,2026-07-15 05:30:00,2026-07-15 06:00:00,52816.0,52844.0,10.5
"Bollinger_Reversion(20,2sd)",LONG,2026-07-15 06:55:00,2026-07-15 08:35:00,52798.0,52847.0,21.0
"Bollinger_Reversion(20,2sd)",SHORT,2026-07-15 08:35:00,2026-07-15 09:55:00,52847.0,52877.0,-18.5
"Bollinger_Reversion(20,2sd)",LONG,2026-07-15 10:25:00,2026-07-15 12:05:00,52810.0,52783.0,-17.0
"Bollinger_Reversion(20,2sd)",SHORT,2026-07-15 12:35:00,2026-07-15 14:15:00,52872.0,52954.0,-44.5
"Bollinger_Reversion(20,2sd)",SHORT,2026-07-15 14:20:00,2026-07-15 14:55:00,53055.0,52953.0,47.5
"Bollinger_Reversion(20,2sd)",LONG,2026-07-15 16:15:00,2026-07-15 17:30:00,52809.0,52837.0,10.5
"Bollinger_Reversion(20,2sd)",SHORT,2026-07-15 17:50:00,2026-07-15 18:50:00,52909.0,52874.0,14.0
"Bollinger_Reversion(20,2sd)",SHORT,2026-07-15 23:35:00,2026-07-15 23:55:00,52938.0,52912.0,9.5
"Bollinger_Reversion(20,2sd)",SHORT,2026-07-16 00:10:00,2026-07-16 00:50:00,52952.0,52931.0,7.0
"Bollinger_Reversion(20,2sd)",LONG,2026-07-16 01:20:00,2026-07-16 02:35:00,52880.0,52904.0,8.5
"Bollinger_Reversion(20,2sd)",SHORT,2026-07-16 05:15:00,2026-07-16 05:35:00,52983.0,52958.0,9.0
"Bollinger_Reversion(20,2sd)",LONG,2026-07-16 07:15:00,2026-07-16 08:10:00,52890.0,52878.0,-9.5
"Bollinger_Reversion(20,2sd)",SHORT,2026-07-16 10:05:00,2026-07-16 11:35:00,53042.0,53005.0,15.0
"Bollinger_Reversion(20,2sd)",LONG,2026-07-16 16:15:00,2026-07-16 17:00:00,52893.0,52957.0,28.5
"Bollinger_Reversion(20,2sd)",LONG,2026-07-16 18:05:00,2026-07-16 19:55:00,52734.0,52727.0,-7.0
"Bollinger_Reversion(20,2sd)",LONG,2026-07-16 22:55:00,2026-07-17 03:10:00,52722.0,52514.0,-107.5
"Bollinger_Reversion(20,2sd)",LONG,2026-07-17 03:55:00,2026-07-17 06:20:00,52459.0,52444.0,-11.0
"Bollinger_Reversion(20,2sd)",SHORT,2026-07-17 06:20:00,2026-07-17 08:20:00,52444.0,52472.0,-17.5
"Bollinger_Reversion(20,2sd)",LONG,2026-07-17 08:40:00,2026-07-17 09:35:00,52420.0,52408.0,-9.5
"Bollinger_Reversion(20,2sd)",SHORT,2026-07-17 11:00:00,2026-07-17 11:15:00,52514.0,52447.0,30.0
"Bollinger_Reversion(20,2sd)",SHORT,2026-07-17 11:40:00,2026-07-17 12:05:00,52524.0,52485.0,16.0
"Bollinger_Reversion(20,2sd)",LONG,2026-07-17 12:50:00,2026-07-17 13:40:00,52398.0,52458.0,26.5
"Bollinger_Reversion(20,2sd)",SHORT,2026-07-17 13:50:00,2026-07-17 15:30:00,52719.0,52745.0,-16.5
"Bollinger_Reversion(20,2sd)",LONG,2026-07-17 16:25:00,2026-07-17 19:45:00,52603.0,52416.0,-97.0
"Bollinger_Reversion(20,2sd)",SHORT,2026-07-20 00:10:00,2026-07-20 00:45:00,52386.0,52343.0,18.0
"Bollinger_Reversion(20,2sd)",LONG,2026-07-20 01:45:00,2026-07-20 02:45:00,52321.0,52347.0,9.5
"Bollinger_Reversion(20,2sd)",SHORT,2026-07-20 04:45:00,2026-07-20 05:10:00,52382.0,52360.0,7.5
"Bollinger_Reversion(20,2sd)",SHORT,2026-07-20 07:25:00,2026-07-20 10:15:00,52360.0,52480.0,-63.5
"Bollinger_Reversion(20,2sd)",SHORT,2026-07-20 11:40:00,2026-07-20 12:05:00,52594.0,52482.0,52.5
"Bollinger_Reversion(20,2sd)",LONG,2026-07-20 13:55:00,2026-07-20 15:25:00,52345.0,52265.0,-43.5
"Bollinger_Reversion(20,2sd)",LONG,2026-07-20 17:00:00,2026-07-20 18:05:00,52201.0,52204.0,-2.0
"Bollinger_Reversion(20,2sd)",LONG,2026-07-20 18:45:00,2026-07-20 19:55:00,52039.0,52080.0,17.0
"Bollinger_Reversion(20,2sd)",SHORT,2026-07-21 03:05:00,2026-07-21 05:25:00,52148.0,52216.0,-37.5
"Bollinger_Reversion(20,2sd)",SHORT,2026-07-21 05:45:00,2026-07-21 06:10:00,52260.0,52226.0,13.5
"Bollinger_Reversion(20,2sd)",SHORT,2026-07-21 07:05:00,2026-07-21 07:25:00,52290.0,52231.0,26.0
"Bollinger_Reversion(20,2sd)",SHORT,2026-07-21 10:40:00,2026-07-21 11:15:00,52297.0,52247.0,21.5
"Bollinger_Reversion(20,2sd)",SHORT,2026-07-21 13:20:00,2026-07-21 13:40:00,52242.0,52200.0,17.5
"Bollinger_Reversion(20,2sd)",LONG,2026-07-21 13:45:00,2026-07-21 14:00:00,52107.0,52221.0,53.5
"Bollinger_Reversion(20,2sd)",SHORT,2026-07-21 14:05:00,2026-07-21 17:20:00,52323.0,52499.0,-91.5
"Bollinger_Reversion(20,2sd)",LONG,2026-07-22 01:10:00,2026-07-22 01:50:00,52402.0,52409.0,0.0
"Bollinger_Reversion(20,2sd)",SHORT,2026-07-22 02:45:00,2026-07-22 03:35:00,52430.0,52415.0,4.0
"Bollinger_Reversion(20,2sd)",LONG,2026-07-22 03:55:00,2026-07-22 05:15:00,52390.0,52397.0,0.0
"Bollinger_Reversion(20,2sd)",SHORT,2026-07-22 05:30:00,2026-07-22 06:20:00,52410.0,52396.0,3.5
"Bollinger_Reversion(20,2sd)",LONG,2026-07-22 06:25:00,2026-07-22 07:35:00,52360.0,52322.0,-22.5
"Bollinger_Reversion(20,2sd)",SHORT,2026-07-22 08:30:00,2026-07-22 09:35:00,52410.0,52382.0,10.5
"Bollinger_Reversion(20,2sd)",SHORT,2026-07-22 10:30:00,2026-07-22 10:45:00,52471.0,52394.0,35.0
"Bollinger_Reversion(20,2sd)",LONG,2026-07-22 11:45:00,2026-07-22 12:35:00,52318.0,52386.0,30.5
"Bollinger_Reversion(20,2sd)",SHORT,2026-07-22 13:25:00,2026-07-22 14:35:00,52414.0,52511.0,-52.0
"Bollinger_Reversion(20,2sd)",LONG,2026-07-22 17:15:00,2026-07-22 20:10:00,52550.0,52460.0,-48.5
"Bollinger_Reversion(20,2sd)",SHORT,2026-07-23 00:00:00,2026-07-23 02:00:00,52426.0,52470.0,-25.5
"Bollinger_Reversion(20,2sd)",LONG,2026-07-23 02:15:00,2026-07-23 04:30:00,52461.0,52402.0,-33.0
"Bollinger_Reversion(20,2sd)",LONG,2026-07-23 05:55:00,2026-07-23 08:10:00,52339.0,52266.0,-40.0
"Bollinger_Reversion(20,2sd)",SHORT,2026-07-23 09:05:00,2026-07-23 09:25:00,52314.0,52230.0,38.5
"Bollinger_Reversion(20,2sd)",SHORT,2026-07-23 10:45:00,2026-07-23 11:10:00,52292.0,52244.0,20.5
"Bollinger_Reversion(20,2sd)",LONG,2026-07-23 11:40:00,2026-07-23 13:35:00,52118.0,52038.0,-43.5
"Bollinger_Reversion(20,2sd)",LONG,2026-07-23 15:30:00,2026-07-23 15:40:00,51784.0,51898.0,53.5
"Bollinger_Reversion(20,2sd)",SHORT,2026-07-23 16:25:00,2026-07-23 16:50:00,51997.0,51875.0,57.5
"Bollinger_Reversion(20,2sd)",LONG,2026-07-23 17:35:00,2026-07-23 18:50:00,51858.0,51878.0,6.5
"Bollinger_Reversion(20,2sd)",SHORT,2026-07-23 19:25:00,2026-07-23 19:45:00,51913.0,51829.0,38.5
"Bollinger_Reversion(20,2sd)",SHORT,2026-07-24 00:05:00,2026-07-24 02:35:00,51893.0,51937.0,-25.5
"Bollinger_Reversion(20,2sd)",LONG,2026-07-24 02:40:00,2026-07-24 04:10:00,51925.0,51916.0,-8.0
"Bollinger_Reversion(20,2sd)",SHORT,2026-07-24 05:05:00,2026-07-24 06:05:00,51926.0,51916.0,1.5
"Bollinger_Reversion(20,2sd)",SHORT,2026-07-24 07:05:00,2026-07-24 10:55:00,51992.0,52152.0,-83.5
"Bollinger_Reversion(20,2sd)",LONG,2026-07-24 11:05:00,2026-07-24 12:05:00,52124.0,52101.0,-15.0
"Bollinger_Reversion(20,2sd)",LONG,2026-07-24 12:55:00,2026-07-24 13:55:00,52044.0,51985.0,-33.0
"Bollinger_Reversion(20,2sd)",LONG,2026-07-24 14:45:00,2026-07-24 15:00:00,51880.0,52061.0,87.0
"Bollinger_Reversion(20,2sd)",SHORT,2026-07-24 15:15:00,2026-07-24 16:55:00,52184.0,52152.0,12.5
"Bollinger_Reversion(20,2sd)",LONG,2026-07-24 16:55:00,2026-07-24 17:40:00,52152.0,52196.0,18.5
"Bollinger_Reversion(20,2sd)",LONG,2026-07-24 18:30:00,2026-07-24 19:40:00,52092.0,52100.0,0.5
"Bollinger_Reversion(20,2sd)",SHORT,2026-07-26 22:15:00,2026-07-27 02:40:00,52378.0,52409.0,-19.0
"Bollinger_Reversion(20,2sd)",SHORT,2026-07-27 03:15:00,2026-07-27 06:55:00,52428.0,52522.0,-50.5
"Bollinger_Reversion(20,2sd)",SHORT,2026-07-27 07:05:00,2026-07-27 07:45:00,52570.0,52564.0,-0.5
"Bollinger_Reversion(20,2sd)",SHORT,2026-07-27 08:45:00,2026-07-27 11:30:00,52623.0,52657.0,-20.5
"Bollinger_Reversion(20,2sd)",LONG,2026-07-27 13:55:00,2026-07-27 16:30:00,52659.0,52328.0,-169.0
"Bollinger_Reversion(20,2sd)",SHORT,2026-07-27 19:00:00,2026-07-27 22:50:00,52364.0,52396.0,-19.5
"Bollinger_Reversion(20,2sd)",LONG,2026-07-27 23:05:00,2026-07-27 23:30:00,52381.0,52414.0,13.0
"Bollinger_Reversion(20,2sd)",LONG,2026-07-28 00:10:00,2026-07-28 01:30:00,52363.0,52347.0,-11.5
"Bollinger_Reversion(20,2sd)",SHORT,2026-07-28 03:25:00,2026-07-28 04:25:00,52373.0,52372.0,-3.0
"Bollinger_Reversion(20,2sd)",SHORT,2026-07-28 06:15:00,2026-07-28 07:50:00,52408.0,52436.0,-17.5
"Bollinger_Reversion(20,2sd)",SHORT,2026-07-28 11:05:00,2026-07-28 13:35:00,52677.0,52721.0,-25.5
"Bollinger_Reversion(20,2sd)",LONG,2026-07-28 13:40:00,2026-07-28 14:25:00,52701.0,52828.0,60.0
"Bollinger_Reversion(20,2sd)",SHORT,2026-07-28 15:20:00,2026-07-28 17:15:00,52934.0,53038.0,-55.5
"Bollinger_Reversion(20,2sd)",LONG,2026-07-28 17:45:00,2026-07-28 18:50:00,52993.0,53010.0,5.0
"Bollinger_Reversion(20,2sd)",LONG,2026-07-28 22:25:00,2026-07-28 23:15:00,52875.0,52891.0,4.5
"Bollinger_Reversion(20,2sd)",SHORT,2026-07-28 23:45:00,2026-07-29 01:10:00,52957.0,52964.0,-7.0
"Bollinger_Reversion(20,2sd)",LONG,2026-07-29 01:50:00,2026-07-29 03:00:00,52916.0,52922.0,-0.5
"Bollinger_Reversion(20,2sd)",LONG,2026-07-29 03:40:00,2026-07-29 04:55:00,52869.0,52854.0,-11.0
"Bollinger_Reversion(20,2sd)",SHORT,2026-07-29 05:15:00,2026-07-29 06:15:00,52905.0,52884.0,7.0
"Bollinger_Reversion(20,2sd)",SHORT,2026-07-29 06:35:00,2026-07-29 08:25:00,52936.0,52959.0,-15.0
"Bollinger_Reversion(20,2sd)",LONG,2026-07-29 09:20:00,2026-07-29 16:35:00,52923.0,52038.0,-446.0
"Bollinger_Reversion(20,2sd)",SHORT,2026-07-29 17:05:00,2026-07-29 18:20:00,52182.0,52114.0,30.5
"Bollinger_Reversion(20,2sd)",SHORT,2026-07-29 18:45:00,2026-07-29 19:10:00,52299.0,52155.0,68.5
"Bollinger_Reversion(20,2sd)",LONG,2026-07-29 19:40:00,2026-07-29 22:05:00,51779.0,51862.0,38.0
"Bollinger_Reversion(20,2sd)",SHORT,2026-07-29 22:10:00,2026-07-29 23:50:00,51921.0,51914.0,0.0
"Bollinger_Reversion(20,2sd)",SHORT,2026-07-30 00:10:00,2026-07-30 00:20:00,51935.0,51907.0,10.5
"Bollinger_Reversion(20,2sd)",LONG,2026-07-30 00:35:00,2026-07-30 01:40:00,51876.0,51893.0,5.0
"Bollinger_Reversion(20,2sd)",LONG,2026-07-30 03:00:00,2026-07-30 04:30:00,51858.0,51855.0,-5.0
"Bollinger_Reversion(20,2sd)",LONG,2026-07-30 05:10:00,2026-07-30 05:45:00,51779.0,51825.0,19.5
"Bollinger_Reversion(20,2sd)",LONG,2026-07-30 06:15:00,2026-07-30 07:00:00,51765.0,51806.0,17.0
"Bollinger_Reversion(20,2sd)",SHORT,2026-07-30 07:05:00,2026-07-30 07:35:00,51901.0,51794.0,50.0
"Bollinger_Reversion(20,2sd)",LONG,2026-07-30 10:05:00,2026-07-30 10:30:00,51851.0,51905.0,23.5
"Bollinger_Reversion(20,2sd)",SHORT,2026-07-30 11:25:00,2026-07-30 12:35:00,51968.0,51977.0,-8.0
"Bollinger_Reversion(20,2sd)",SHORT,2026-07-30 13:25:00,2026-07-30 13:35:00,52087.0,51997.0,41.5
"Bollinger_Reversion(20,2sd)",LONG,2026-07-30 14:50:00,2026-07-30 15:45:00,51955.0,52023.0,30.5
"Bollinger_Reversion(20,2sd)",SHORT,2026-07-30 19:00:00,2026-07-30 19:55:00,52348.0,52343.0,-1.0
"Bollinger_Reversion(20,2sd)",SHORT,2026-07-30 20:05:00,2026-07-30 22:05:00,52473.0,52421.0,22.5
"Bollinger_Reversion(20,2sd)",SHORT,2026-07-30 23:05:00,2026-07-31 02:35:00,52500.0,52553.0,-30.0
"Bollinger_Reversion(20,2sd)",SHORT,2026-07-31 04:30:00,2026-07-31 06:00:00,52601.0,52613.0,-9.5
"Bollinger_Reversion(20,2sd)",LONG,2026-07-31 06:40:00,2026-07-31 07:10:00,52591.0,52643.0,22.5
"Bollinger_Reversion(20,2sd)",SHORT,2026-07-31 07:15:00,2026-07-31 08:40:00,52685.0,52647.0,15.5
"Bollinger_Reversion(20,2sd)",LONG,2026-07-31 09:40:00,2026-07-31 10:20:00,52626.0,52681.0,24.0
"Bollinger_Reversion(20,2sd)",SHORT,2026-07-31 10:35:00,2026-07-31 11:20:00,52707.0,52670.0,15.0
"Bollinger_Reversion(20,2sd)",LONG,2026-07-31 12:40:00,2026-07-31 13:25:00,52542.0,52647.0,49.0
"Bollinger_Reversion(20,2sd)",LONG,2026-07-31 13:40:00,2026-07-31 14:55:00,52465.0,52397.0,-37.5
"Bollinger_Reversion(20,2sd)",SHORT,2026-07-31 17:30:00,2026-07-31 19:05:00,52667.0,52637.0,11.5
"Bollinger_Reversion(20,2sd)",SHORT,2026-07-31 19:20:00,2026-07-31 19:35:00,52719.0,52669.0,21.5
"Bollinger_Reversion(20,2sd)",SHORT,2026-07-31 19:45:00,2026-07-31 20:00:00,52757.0,52637.0,56.5
"Bollinger_Reversion(20,2sd)",LONG,2026-07-31 20:55:00,2026-08-02 22:15:00,52569.0,52840.0,132.0
"Bollinger_Reversion(20,2sd)",SHORT,2026-08-03 00:35:00,2026-08-03 03:25:00,52839.0,52880.0,-24.0
"Bollinger_Reversion(20,2sd)",SHORT,2026-08-03 03:40:00,2026-08-03 05:35:00,52902.0,52917.0,-11.0
"Bollinger_Reversion(20,2sd)",LONG,2026-08-03 05:55:00,2026-08-03 06:05:00,52906.0,52936.0,11.5
"Bollinger_Reversion(20,2sd)",LONG,2026-08-03 06:30:00,2026-08-03 07:10:00,52893.0,52904.0,2.0
"Bollinger_Reversion(20,2sd)",SHORT,2026-08-03 07:55:00,2026-08-03 13:30:00,52934.0,53171.0,-122.0
"Bollinger_Reversion(20,2sd)",LONG,2026-08-03 16:55:00,2026-08-03 17:35:00,53091.0,53180.0,41.0
"Bollinger_Reversion(20,2sd)",SHORT,2026-08-03 17:40:00,2026-08-03 23:25:00,53208.0,53406.0,-102.5
"Bollinger_Reversion(20,2sd)",SHORT,2026-08-04 00:40:00,2026-08-04 02:10:00,53461.0,53448.0,3.0
"Bollinger_Reversion(20,2sd)",SHORT,2026-08-04 02:55:00,2026-08-04 03:15:00,53487.0,53470.0,5.0
"Bollinger_Reversion(20,2sd)",LONG,2026-08-04 05:00:00,2026-08-04 06:15:00,53458.0,53473.0,4.0
"Bollinger_Reversion(20,2sd)",LONG,2026-08-04 06:35:00,2026-08-04 07:10:00,53431.0,53420.0,-9.0
"Bollinger_Reversion(20,2sd)",LONG,2026-08-04 07:25:00,2026-08-04 07:50:00,53403.0,53430.0,10.0
"Bollinger_Reversion(20,2sd)",LONG,2026-08-04 08:45:00,2026-08-04 09:35:00,53368.0,53410.0,17.5
"Bollinger_Reversion(20,2sd)",SHORT,2026-08-04 10:40:00,2026-08-04 13:05:00,53549.0,53920.0,-189.0
"Bollinger_Reversion(20,2sd)",LONG,2026-08-04 13:50:00,2026-08-04 14:20:00,53855.0,54040.0,89.0
"Bollinger_Reversion(20,2sd)",LONG,2026-08-04 20:00:00,2026-08-04 20:10:00,54253.0,54342.0,41.0
"Bollinger_Reversion(20,2sd)",SHORT,2026-08-05 01:00:00,2026-08-05 01:05:00,54397.0,54366.0,12.0
"Bollinger_Reversion(20,2sd)",SHORT,2026-08-05 02:10:00,2026-08-05 04:25:00,54409.0,54468.0,-33.0
"Bollinger_Reversion(20,2sd)",LONG,2026-08-05 06:25:00,2026-08-05 08:05:00,54431.0,54418.0,-10.0
"Bollinger_Reversion(20,2sd)",SHORT,2026-08-05 10:35:00,2026-08-05 11:55:00,54447.0,54490.0,-25.0
"Bollinger_Reversion(20,2sd)",SHORT,2026-08-05 12:05:00,2026-08-05 12:35:00,54528.0,54492.0,14.5
"Bollinger_Reversion(20,2sd)",SHORT,2026-08-05 13:35:00,2026-08-05 15:15:00,54691.0,54754.0,-35.0
"Bollinger_Reversion(20,2sd)",LONG,2026-08-05 15:30:00,2026-08-05 16:55:00,54679.0,54687.0,0.5
"Bollinger_Reversion(20,2sd)",SHORT,2026-08-05 17:35:00,2026-08-05 18:25:00,54703.0,54679.0,8.5
"Bollinger_Reversion(20,2sd)",LONG,2026-08-05 18:35:00,2026-08-05 22:20:00,54636.0,54566.0,-38.5
"Bollinger_Reversion(20,2sd)",LONG,2026-08-06 01:25:00,2026-08-06 02:00:00,54558.0,54585.0,10.0
"Bollinger_Reversion(20,2sd)",SHORT,2026-08-06 02:05:00,2026-08-06 03:30:00,54606.0,54599.0,0.0
"Bollinger_Reversion(20,2sd)",SHORT,2026-08-06 04:55:00,2026-08-06 05:35:00,54618.0,54607.0,2.0
"Bollinger_Reversion(20,2sd)",SHORT,2026-08-06 06:00:00,2026-08-06 06:10:00,54635.0,54609.0,9.5
"Bollinger_Reversion(20,2sd)",LONG,2026-08-06 06:15:00,2026-08-06 06:30:00,54584.0,54621.0,15.0
"Bollinger_Reversion(20,2sd)",SHORT,2026-08-06 07:10:00,2026-08-06 07:40:00,54648.0,54595.0,23.0
"Bollinger_Reversion(20,2sd)",LONG,2026-08-06 10:35:00,2026-08-06 11:30:00,54632.0,54643.0,2.0
"Bollinger_Reversion(20,2sd)",LONG,2026-08-06 11:45:00,2026-08-06 12:25:00,54580.0,54615.0,14.0
"Bollinger_Reversion(20,2sd)",LONG,2026-08-06 13:35:00,2026-08-06 16:40:00,54516.0,54164.0,-179.5
"Bollinger_Reversion(20,2sd)",LONG,2026-08-06 17:25:00,2026-08-06 18:15:00,54028.0,54076.0,20.5
"Bollinger_Reversion(20,2sd)",LONG,2026-08-06 19:30:00,2026-08-06 22:10:00,54020.0,54006.0,-10.5
"Bollinger_Reversion(20,2sd)",LONG,2026-08-07 00:20:00,2026-08-07 01:40:00,53964.0,53930.0,-20.5
"Bollinger_Reversion(20,2sd)",SHORT,2026-08-07 05:05:00,2026-08-07 07:55:00,53915.0,53962.0,-27.0
"Bollinger_Reversion(20,2sd)",SHORT,2026-08-07 09:15:00,2026-08-07 12:00:00,54001.0,54051.0,-28.5
"Bollinger_Reversion(20,2sd)",SHORT,2026-08-07 12:35:00,2026-08-07 13:10:00,54136.0,54092.0,18.5
"Bollinger_Reversion(20,2sd)",LONG,2026-08-07 13:35:00,2026-08-07 13:45:00,53947.0,54104.0,75.0
"Bollinger_Reversion(20,2sd)",LONG,2026-08-07 18:15:00,2026-08-07 19:00:00,54038.0,54067.0,11.0
"Bollinger_Reversion(20,2sd)",SHORT,2026-08-07 19:10:00,2026-08-09 22:10:00,54125.0,54050.0,34.0
"Bollinger_Reversion(20,2sd)",LONG,2026-08-09 22:20:00,2026-08-10 00:10:00,54012.0,54048.0,14.5
"Bollinger_Reversion(20,2sd)",SHORT,2026-08-10 01:10:00,2026-08-10 02:20:00,54072.0,54065.0,0.0
"Bollinger_Reversion(20,2sd)",SHORT,2026-08-10 02:40:00,2026-08-10 06:15:00,54095.0,54133.0,-22.5
"Bollinger_Reversion(20,2sd)",LONG,2026-08-10 06:25:00,2026-08-10 07:00:00,54118.0,54142.0,8.5
"Bollinger_Reversion(20,2sd)",LONG,2026-08-10 10:40:00,2026-08-10 12:05:00,54095.0,54107.0,2.5
"Bollinger_Reversion(20,2sd)",SHORT,2026-08-10 12:10:00,2026-08-10 12:35:00,54125.0,54070.0,24.0
"Bollinger_Reversion(20,2sd)",LONG,2026-08-10 12:50:00,2026-08-10 13:55:00,54031.0,54057.0,9.5
"Bollinger_Reversion(20,2sd)",SHORT,2026-08-10 14:50:00,2026-08-10 15:45:00,54147.0,54077.0,31.5
"Bollinger_Reversion(20,2sd)",LONG,2026-08-10 16:20:00,2026-08-10 18:55:00,54054.0,54005.0,-28.0
"Bollinger_Reversion(20,2sd)",SHORT,2026-08-10 20:00:00,2026-08-10 22:20:00,54064.0,54031.0,13.0
"Bollinger_Reversion(20,2sd)",LONG,2026-08-10 22:35:00,2026-08-10 23:45:00,54011.0,54021.0,1.5
"Bollinger_Reversion(20,2sd)",SHORT,2026-08-11 00:35:00,2026-08-11 02:00:00,54032.0,54027.0,-1.0
"Bollinger_Reversion(20,2sd)",SHORT,2026-08-11 03:25:00,2026-08-11 04:20:00,54076.0,54063.0,3.0
"Bollinger_Reversion(20,2sd)",LONG,2026-08-11 05:25:00,2026-08-11 05:35:00,54060.0,54067.0,0.0
"Bollinger_Reversion(20,2sd)",LONG,2026-08-11 05:55:00,2026-08-11 08:00:00,54037.0,54008.0,-18.0
"Bollinger_Reversion(20,2sd)",LONG,2026-08-11 08:15:00,2026-08-11 08:35:00,53978.0,54006.0,10.5
"Bollinger_Reversion(20,2sd)",SHORT,2026-08-11 10:30:00,2026-08-11 12:25:00,54049.0,54080.0,-19.0
"Bollinger_Reversion(20,2sd)",SHORT,2026-08-11 13:10:00,2026-08-11 16:35:00,54157.0,53992.0,79.0
"Bollinger_Reversion(20,2sd)",LONG,2026-08-11 16:35:00,2026-08-11 18:00:00,53992.0,53993.0,-3.0
"Bollinger_Reversion(20,2sd)",LONG,2026-08-11 18:10:00,2026-08-11 19:40:00,53950.0,53936.0,-10.5
"Bollinger_Reversion(20,2sd)",LONG,2026-08-12 00:30:00,2026-08-12 02:05:00,53873.0,53869.0,-5.5
"Bollinger_Reversion(20,2sd)",SHORT,2026-08-12 02:20:00,2026-08-12 03:40:00,53885.0,53878.0,0.0
"Bollinger_Reversion(20,2sd)",SHORT,2026-08-12 04:50:00,2026-08-12 06:10:00,53899.0,53886.0,3.0
"Bollinger_Reversion(20,2sd)",LONG,2026-08-12 06:15:00,2026-08-12 06:30:00,53871.0,53898.0,10.0
"Bollinger_Reversion(20,2sd)",LONG,2026-08-12 08:35:00,2026-08-12 09:05:00,53866.0,53895.0,11.0
"Bollinger_Reversion(20,2sd)",SHORT,2026-08-12 09:25:00,2026-08-12 11:10:00,53956.0,53959.0,-5.0
"Bollinger_Reversion(20,2sd)",SHORT,2026-08-12 11:45:00,2026-08-12 13:35:00,53984.0,53977.0,0.0
"Bollinger_Reversion(20,2sd)",LONG,2026-08-12 13:45:00,2026-08-12 15:45:00,53944.0,53908.0,-21.5
"Bollinger_Reversion(20,2sd)",SHORT,2026-08-12 18:45:00,2026-08-12 19:15:00,53949.0,53919.0,11.5
"Bollinger_Reversion(20,2sd)",LONG,2026-08-12 19:55:00,2026-08-12 22:20:00,53860.0,53886.0,9.5
"Bollinger_Reversion(20,2sd)",SHORT,2026-08-12 23:15:00,2026-08-12 23:50:00,53901.0,53882.0,6.0
"Bollinger_Reversion(20,2sd)",LONG,2026-08-13 00:15:00,2026-08-13 01:55:00,53856.0,53831.0,-16.0
"Bollinger_Reversion(20,2sd)",SHORT,2026-08-13 03:50:00,2026-08-13 06:55:00,53849.0,53897.0,-27.5
"Bollinger_Reversion(20,2sd)",SHORT,2026-08-13 07:00:00,2026-08-13 10:00:00,53907.0,53987.0,-43.5
"Bollinger_Reversion(20,2sd)",SHORT,2026-08-13 11:25:00,2026-08-13 12:40:00,54002.0,54033.0,-19.0
"Bollinger_Reversion(20,2sd)",SHORT,2026-08-13 14:25:00,2026-08-13 14:45:00,54129.0,54001.0,60.5
"Bollinger_Reversion(20,2sd)",LONG,2026-08-13 15:15:00,2026-08-13 16:30:00,53836.0,53811.0,-16.0
"Bollinger_Reversion(20,2sd)",SHORT,2026-08-13 18:15:00,2026-08-13 22:50:00,53888.0,53944.0,-31.5
"Bollinger_Reversion(20,2sd)",LONG,2026-08-14 00:45:00,2026-08-14 00:55:00,53928.0,53953.0,9.0
"Bollinger_Reversion(20,2sd)",SHORT,2026-08-14 01:35:00,2026-08-14 02:40:00,53980.0,53977.0,-2.0
"Bollinger_Reversion(20,2sd)",LONG,2026-08-14 06:00:00,2026-08-14 07:55:00,53944.0,53887.0,-32.0
"Bollinger_Reversion(20,2sd)",LONG,2026-08-14 11:05:00,2026-08-14 11:40:00,53830.0,53863.0,13.0
"Bollinger_Reversion(20,2sd)",LONG,2026-08-14 13:15:00,2026-08-14 13:30:00,53806.0,53865.0,26.0
"Bollinger_Reversion(20,2sd)",SHORT,2026-08-14 13:35:00,2026-08-14 14:35:00,53897.0,53839.0,25.5
"Bollinger_Reversion(20,2sd)",SHORT,2026-08-14 18:15:00,2026-08-14 19:30:00,53839.0,53838.0,-3.0
"Bollinger_Reversion(20,2sd)",LONG,2026-08-14 19:55:00,2026-08-16 22:10:00,53800.0,53816.0,4.5
"Bollinger_Reversion(20,2sd)",LONG,2026-08-17 00:20:00,2026-08-17 03:25:00,53791.0,53732.0,-33.0
"Bollinger_Reversion(20,2sd)",SHORT,2026-08-17 03:40:00,2026-08-17 05:20:00,53743.0,53748.0,-6.0
"Bollinger_Reversion(20,2sd)",SHORT,2026-08-17 05:35:00,2026-08-17 06:40:00,53764.0,53760.0,-1.5
"Bollinger_Reversion(20,2sd)",LONG,2026-08-17 07:20:00,2026-08-17 07:50:00,53749.0,53777.0,10.5
"Bollinger_Reversion(20,2sd)",LONG,2026-08-17 08:10:00,2026-08-17 09:10:00,53721.0,53727.0,-0.5
"Bollinger_Reversion(20,2sd)",LONG,2026-08-17 12:30:00,2026-08-17 13:40:00,53615.0,53639.0,8.5
"Bollinger_Reversion(20,2sd)",SHORT,2026-08-17 13:50:00,2026-08-17 14:00:00,53713.0,53628.0,39.0
"ZScore_Reversion(20,z=2.0)",SHORT,2026-06-01 00:05:00,2026-06-01 00:35:00,51134.0,51119.0,4.0
"ZScore_Reversion(20,z=2.0)",LONG,2026-06-01 03:40:00,2026-06-01 04:25:00,51137.0,51130.0,-7.0
"ZScore_Reversion(20,z=2.0)",LONG,2026-06-01 06:25:00,2026-06-01 07:05:00,51111.0,51120.0,1.0
"ZScore_Reversion(20,z=2.0)",SHORT,2026-06-01 08:10:00,2026-06-01 11:50:00,51157.0,51318.0,-84.0
"ZScore_Reversion(20,z=2.0)",LONG,2026-06-01 12:10:00,2026-06-01 13:10:00,51235.0,51238.0,-2.0
"ZScore_Reversion(20,z=2.0)",LONG,2026-06-01 13:15:00,2026-06-01 15:10:00,51044.0,50940.0,-55.5
"ZScore_Reversion(20,z=2.0)",SHORT,2026-06-01 17:30:00,2026-06-01 19:10:00,51020.0,51102.0,-44.5
"ZScore_Reversion(20,z=2.0)",SHORT,2026-06-01 19:35:00,2026-06-01 20:00:00,51163.0,51135.0,10.5
"ZScore_Reversion(20,z=2.0)",LONG,2026-06-01 22:05:00,2026-06-02 01:25:00,51064.0,50923.0,-74.0
"ZScore_Reversion(20,z=2.0)",SHORT,2026-06-02 03:25:00,2026-06-02 04:35:00,50920.0,50920.0,-3.5
"ZScore_Reversion(20,z=2.0)",SHORT,2026-06-02 05:00:00,2026-06-02 06:00:00,50948.0,50950.0,-4.5
"ZScore_Reversion(20,z=2.0)",SHORT,2026-06-02 07:05:00,2026-06-02 08:15:00,51024.0,51033.0,-8.0
"ZScore_Reversion(20,z=2.0)",LONG,2026-06-02 09:25:00,2026-06-02 10:35:00,50945.0,50941.0,-5.5
"ZScore_Reversion(20,z=2.0)",LONG,2026-06-02 11:20:00,2026-06-02 11:40:00,50897.0,50925.0,10.5
"ZScore_Reversion(20,z=2.0)",LONG,2026-06-02 12:40:00,2026-06-02 13:35:00,50883.0,51216.0,163.0
"ZScore_Reversion(20,z=2.0)",SHORT,2026-06-02 13:35:00,2026-06-02 13:55:00,51216.0,51028.0,90.5
"ZScore_Reversion(20,z=2.0)",SHORT,2026-06-02 18:20:00,2026-06-02 19:15:00,51335.0,51365.0,-18.5
"ZScore_Reversion(20,z=2.0)",LONG,2026-06-02 23:05:00,2026-06-02 23:40:00,51370.0,51359.0,-9.0
"ZScore_Reversion(20,z=2.0)",LONG,2026-06-03 04:50:00,2026-06-03 05:15:00,51370.0,51375.0,-1.0
"ZScore_Reversion(20,z=2.0)",LONG,2026-06-03 05:30:00,2026-06-03 08:35:00,51358.0,51276.0,-44.5
"ZScore_Reversion(20,z=2.0)",LONG,2026-06-03 09:20:00,2026-06-03 10:10:00,51232.0,51241.0,1.0
"ZScore_Reversion(20,z=2.0)",SHORT,2026-06-03 11:35:00,2026-06-03 12:00:00,51279.0,51253.0,9.5
"ZScore_Reversion(20,z=2.0)",LONG,2026-06-03 12:30:00,2026-06-03 13:10:00,51196.0,51205.0,1.0
"ZScore_Reversion(20,z=2.0)",LONG,2026-06-03 13:30:00,2026-06-03 15:30:00,51102.0,50994.0,-57.5
"ZScore_Reversion(20,z=2.0)",LONG,2026-06-03 19:05:00,2026-06-03 22:05:00,50900.0,50819.0,-44.0
"ZScore_Reversion(20,z=2.0)",LONG,2026-06-04 01:55:00,2026-06-04 02:50:00,50786.0,50797.0,2.0
"ZScore_Reversion(20,z=2.0)",SHORT,2026-06-04 06:05:00,2026-06-04 06:25:00,50829.0,50800.0,11.0
"ZScore_Reversion(20,z=2.0)",SHORT,2026-06-04 06:40:00,2026-06-04 08:50:00,50854.0,50923.0,-38.0
"ZScore_Reversion(20,z=2.0)",SHORT,2026-06-04 09:40:00,2026-06-04 10:40:00,51000.0,51008.0,-7.5
"ZScore_Reversion(20,z=2.0)",SHORT,2026-06-04 11:15:00,2026-06-04 13:25:00,51086.0,51259.0,-90.0
"ZScore_Reversion(20,z=2.0)",SHORT,2026-06-04 13:30:00,2026-06-04 14:40:00,51352.0,51455.0,-55.0
"ZScore_Reversion(20,z=2.0)",SHORT,2026-06-04 22:55:00,2026-06-04 23:10:00,51674.0,51664.0,1.5
"ZScore_Reversion(20,z=2.0)",LONG,2026-06-05 00:00:00,2026-06-05 01:00:00,51635.0,51624.0,-9.0
"ZScore_Reversion(20,z=2.0)",SHORT,2026-06-05 04:50:00,2026-06-05 05:10:00,51628.0,51617.0,2.0
"ZScore_Reversion(20,z=2.0)",SHORT,2026-06-05 05:40:00,2026-06-05 06:35:00,51648.0,51643.0,-1.0
"ZScore_Reversion(20,z=2.0)",SHORT,2026-06-05 07:30:00,2026-06-05 08:00:00,51701.0,51659.0,17.5
"ZScore_Reversion(20,z=2.0)",SHORT,2026-06-05 09:15:00,2026-06-05 09:40:00,51777.0,51715.0,27.5
"ZScore_Reversion(20,z=2.0)",LONG,2026-06-05 11:25:00,2026-06-05 11:30:00,51699.0,51740.0,17.0
"ZScore_Reversion(20,z=2.0)",LONG,2026-06-05 12:20:00,2026-06-05 13:10:00,51700.0,51706.0,-0.5
"ZScore_Reversion(20,z=2.0)",LONG,2026-06-05 13:40:00,2026-06-05 14:40:00,51537.0,51540.0,-2.0
"ZScore_Reversion(20,z=2.0)",LONG,2026-06-05 15:40:00,2026-06-05 17:00:00,51378.0,51257.0,-64.0
"ZScore_Reversion(20,z=2.0)",LONG,2026-06-05 18:20:00,2026-06-05 19:50:00,51137.0,50985.0,-79.5
"ZScore_Reversion(20,z=2.0)",LONG,2026-06-08 01:20:00,2026-06-08 02:10:00,50784.0,50797.0,3.0
"ZScore_Reversion(20,z=2.0)",LONG,2026-06-08 04:35:00,2026-06-08 06:05:00,50795.0,50733.0,-34.5
"ZScore_Reversion(20,z=2.0)",SHORT,2026-06-08 07:25:00,2026-06-08 08:10:00,50848.0,50807.0,17.0
"ZScore_Reversion(20,z=2.0)",SHORT,2026-06-08 09:45:00,2026-06-08 10:20:00,50852.0,50841.0,2.0
"ZScore_Reversion(20,z=2.0)",SHORT,2026-06-08 11:15:00,2026-06-08 12:50:00,51059.0,51079.0,-13.5
"ZScore_Reversion(20,z=2.0)",LONG,2026-06-08 13:05:00,2026-06-08 13:35:00,51028.0,51168.0,66.5
"ZScore_Reversion(20,z=2.0)",SHORT,2026-06-08 13:35:00,2026-06-08 13:45:00,51168.0,51061.0,50.0
"ZScore_Reversion(20,z=2.0)",SHORT,2026-06-08 15:00:00,2026-06-08 15:05:00,51163.0,51089.0,33.5
"ZScore_Reversion(20,z=2.0)",LONG,2026-06-08 15:35:00,2026-06-08 16:15:00,50956.0,51036.0,36.5
"ZScore_Reversion(20,z=2.0)",LONG,2026-06-08 17:05:00,2026-06-08 17:30:00,50878.0,50930.0,22.5
"ZScore_Reversion(20,z=2.0)",LONG,2026-06-08 19:25:00,2026-06-08 19:35:00,50817.0,50893.0,34.5
"ZScore_Reversion(20,z=2.0)",LONG,2026-06-08 22:05:00,2026-06-08 22:45:00,50781.0,50788.0,0.0
"ZScore_Reversion(20,z=2.0)",LONG,2026-06-09 00:05:00,2026-06-09 01:15:00,50746.0,50728.0,-12.5
"ZScore_Reversion(20,z=2.0)",SHORT,2026-06-09 01:25:00,2026-06-09 02:55:00,50819.0,50852.0,-20.0
"ZScore_Reversion(20,z=2.0)",SHORT,2026-06-09 03:15:00,2026-06-09 03:25:00,50887.0,50860.0,10.0
"ZScore_Reversion(20,z=2.0)",SHORT,2026-06-09 03:45:00,2026-06-09 05:20:00,50901.0,50911.0,-8.5
"ZScore_Reversion(20,z=2.0)",SHORT,2026-06-09 05:35:00,2026-06-09 05:55:00,50946.0,50912.0,13.5
"ZScore_Reversion(20,z=2.0)",LONG,2026-06-09 06:10:00,2026-06-09 06:25:00,50882.0,50913.0,12.0
"ZScore_Reversion(20,z=2.0)",LONG,2026-06-09 06:35:00,2026-06-09 07:45:00,50876.0,50885.0,1.0
"ZScore_Reversion(20,z=2.0)",SHORT,2026-06-09 08:40:00,2026-06-09 09:35:00,50969.0,50958.0,2.0
"ZScore_Reversion(20,z=2.0)",LONG,2026-06-09 10:10:00,2026-06-09 10:15:00,50925.0,50968.0,18.0
"ZScore_Reversion(20,z=2.0)",SHORT,2026-06-09 12:35:00,2026-06-09 14:15:00,51032.0,51087.0,-31.0
"ZScore_Reversion(20,z=2.0)",LONG,2026-06-09 14:50:00,2026-06-09 16:35:00,50761.0,50582.0,-93.0
"ZScore_Reversion(20,z=2.0)",LONG,2026-06-09 22:35:00,2026-06-09 23:50:00,50769.0,50764.0,-6.0
"ZScore_Reversion(20,z=2.0)",SHORT,2026-06-10 00:05:00,2026-06-10 00:35:00,50843.0,50778.0,29.0
"ZScore_Reversion(20,z=2.0)",SHORT,2026-06-10 01:20:00,2026-06-10 02:00:00,50898.0,50866.0,12.5
"ZScore_Reversion(20,z=2.0)",LONG,2026-06-10 03:45:00,2026-06-10 05:25:00,50811.0,50774.0,-22.0
"ZScore_Reversion(20,z=2.0)",SHORT,2026-06-10 05:40:00,2026-06-10 06:25:00,50835.0,50818.0,5.0
"ZScore_Reversion(20,z=2.0)",LONG,2026-06-10 08:05:00,2026-06-10 10:00:00,50706.0,50584.0,-64.5
"ZScore_Reversion(20,z=2.0)",LONG,2026-06-10 10:20:00,2026-06-10 10:30:00,50483.0,50557.0,33.5
"ZScore_Reversion(20,z=2.0)",LONG,2026-06-10 11:05:00,2026-06-10 11:55:00,50362.0,50493.0,62.0
"ZScore_Reversion(20,z=2.0)",SHORT,2026-06-10 12:35:00,2026-06-10 13:35:00,50617.0,50569.0,20.5
"ZScore_Reversion(20,z=2.0)",SHORT,2026-06-10 13:50:00,2026-06-10 14:20:00,50796.0,50691.0,49.0
"ZScore_Reversion(20,z=2.0)",LONG,2026-06-10 14:50:00,2026-06-10 16:35:00,50539.0,50364.0,-91.0
"ZScore_Reversion(20,z=2.0)",LONG,2026-06-10 17:15:00,2026-06-10 17:50:00,50226.0,50271.0,19.0
"ZScore_Reversion(20,z=2.0)",LONG,2026-06-10 20:00:00,2026-06-10 22:30:00,49977.0,49923.0,-30.5
"ZScore_Reversion(20,z=2.0)",LONG,2026-06-10 23:00:00,2026-06-10 23:35:00,49810.0,49856.0,19.5
"ZScore_Reversion(20,z=2.0)",SHORT,2026-06-11 01:05:00,2026-06-11 01:55:00,49978.0,50006.0,-17.5
"ZScore_Reversion(20,z=2.0)",SHORT,2026-06-11 03:45:00,2026-06-11 05:15:00,50072.0,50131.0,-33.0
"ZScore_Reversion(20,z=2.0)",LONG,2026-06-11 06:05:00,2026-06-11 06:25:00,50098.0,50127.0,11.0
"ZScore_Reversion(20,z=2.0)",SHORT,2026-06-11 07:05:00,2026-06-11 08:30:00,50209.0,50288.0,-43.0
"ZScore_Reversion(20,z=2.0)",SHORT,2026-06-11 09:00:00,2026-06-11 10:05:00,50335.0,50356.0,-14.0
"ZScore_Reversion(20,z=2.0)",LONG,2026-06-11 11:10:00,2026-06-11 13:00:00,50301.0,50262.0,-23.0
"ZScore_Reversion(20,z=2.0)",SHORT,2026-06-11 13:55:00,2026-06-11 14:30:00,50430.0,50275.0,74.0
"ZScore_Reversion(20,z=2.0)",SHORT,2026-06-11 16:15:00,2026-06-11 16:30:00,50404.0,50279.0,59.0
"ZScore_Reversion(20,z=2.0)",SHORT,2026-06-11 17:30:00,2026-06-11 20:00:00,50632.0,50870.0,-122.5
"ZScore_Reversion(20,z=2.0)",LONG,2026-06-12 00:45:00,2026-06-12 01:50:00,50910.0,50901.0,-8.0
"ZScore_Reversion(20,z=2.0)",LONG,2026-06-12 03:25:00,2026-06-12 03:45:00,50875.0,50913.0,15.5
"ZScore_Reversion(20,z=2.0)",LONG,2026-06-12 06:00:00,2026-06-12 06:05:00,50898.0,50929.0,12.0
"ZScore_Reversion(20,z=2.0)",LONG,2026-06-12 07:05:00,2026-06-12 07:35:00,50855.0,51246.0,192.0
"ZScore_Reversion(20,z=2.0)",SHORT,2026-06-12 07:35:00,2026-06-12 10:15:00,51246.0,51600.0,-180.5
"ZScore_Reversion(20,z=2.0)",SHORT,2026-06-12 11:55:00,2026-06-12 12:10:00,51649.0,51576.0,33.0
"ZScore_Reversion(20,z=2.0)",LONG,2026-06-12 12:45:00,2026-06-12 13:15:00,51485.0,51515.0,11.5
"ZScore_Reversion(20,z=2.0)",LONG,2026-06-12 13:45:00,2026-06-12 14:05:00,51288.0,51413.0,59.0
"ZScore_Reversion(20,z=2.0)",SHORT,2026-06-12 14:55:00,2026-06-12 15:45:00,51686.0,51624.0,27.5
"ZScore_Reversion(20,z=2.0)",SHORT,2026-06-12 17:20:00,2026-06-12 18:00:00,51681.0,51610.0,32.0
"ZScore_Reversion(20,z=2.0)",SHORT,2026-06-12 18:45:00,2026-06-12 19:00:00,51690.0,51626.0,28.5
"ZScore_Reversion(20,z=2.0)",LONG,2026-06-12 19:35:00,2026-06-12 20:05:00,51571.0,51627.0,24.5
"ZScore_Reversion(20,z=2.0)",SHORT,2026-06-14 22:15:00,2026-06-14 23:20:00,51954.0,51867.0,40.0
"ZScore_Reversion(20,z=2.0)",SHORT,2026-06-15 00:15:00,2026-06-15 02:00:00,51981.0,52018.0,-22.0
"ZScore_Reversion(20,z=2.0)",LONG,2026-06-15 04:15:00,2026-06-15 04:25:00,52050.0,52060.0,1.5
"ZScore_Reversion(20,z=2.0)",SHORT,2026-06-15 04:55:00,2026-06-15 06:10:00,52086.0,52116.0,-18.5
"ZScore_Reversion(20,z=2.0)",LONG,2026-06-15 06:55:00,2026-06-15 07:10:00,52093.0,52119.0,9.5
"ZScore_Reversion(20,z=2.0)",LONG,2026-06-15 08:10:00,2026-06-15 08:45:00,52088.0,52091.0,-2.0
"ZScore_Reversion(20,z=2.0)",SHORT,2026-06-15 11:10:00,2026-06-15 11:50:00,52072.0,52082.0,-8.5
"ZScore_Reversion(20,z=2.0)",SHORT,2026-06-15 13:00:00,2026-06-15 13:45:00,52179.0,52173.0,-0.5
"ZScore_Reversion(20,z=2.0)",LONG,2026-06-15 17:55:00,2026-06-15 19:15:00,52275.0,52250.0,-16.0
"ZScore_Reversion(20,z=2.0)",LONG,2026-06-15 19:55:00,2026-06-15 20:50:00,52144.0,52161.0,5.0
"ZScore_Reversion(20,z=2.0)",LONG,2026-06-15 22:55:00,2026-06-15 23:25:00,52103.0,52116.0,3.0
"ZScore_Reversion(20,z=2.0)",SHORT,2026-06-16 00:20:00,2026-06-16 00:50:00,52127.0,52120.0,0.0
"ZScore_Reversion(20,z=2.0)",SHORT,2026-06-16 02:35:00,2026-06-16 03:50:00,52155.0,52161.0,-6.5
"ZScore_Reversion(20,z=2.0)",SHORT,2026-06-16 05:20:00,2026-06-16 05:45:00,52180.0,52144.0,14.5
"ZScore_Reversion(20,z=2.0)",SHORT,2026-06-16 07:15:00,2026-06-16 07:50:00,52204.0,52195.0,1.0
"ZScore_Reversion(20,z=2.0)",LONG,2026-06-16 08:40:00,2026-06-16 09:10:00,52164.0,52191.0,10.0
"ZScore_Reversion(20,z=2.0)",LONG,2026-06-16 09:50:00,2026-06-16 10:20:00,52139.0,52181.0,17.5
"ZScore_Reversion(20,z=2.0)",LONG,2026-06-16 11:55:00,2026-06-16 12:10:00,52160.0,52209.0,21.0
"ZScore_Reversion(20,z=2.0)",SHORT,2026-06-16 12:10:00,2026-06-16 14:00:00,52209.0,52349.0,-73.5
"ZScore_Reversion(20,z=2.0)",SHORT,2026-06-16 15:55:00,2026-06-16 17:20:00,52575.0,52588.0,-10.0
"ZScore_Reversion(20,z=2.0)",LONG,2026-06-16 18:05:00,2026-06-16 19:55:00,52549.0,52508.0,-24.0
"ZScore_Reversion(20,z=2.0)",SHORT,2026-06-16 22:35:00,2026-06-17 00:00:00,52506.0,52515.0,-8.0
"ZScore_Reversion(20,z=2.0)",SHORT,2026-06-17 01:05:00,2026-06-17 01:45:00,52547.0,52549.0,-4.5
"ZScore_Reversion(20,z=2.0)",LONG,2026-06-17 06:00:00,2026-06-17 06:35:00,52492.0,52506.0,3.5
"ZScore_Reversion(20,z=2.0)",LONG,2026-06-17 07:30:00,2026-06-17 08:55:00,52465.0,52454.0,-9.0
"ZScore_Reversion(20,z=2.0)",LONG,2026-06-17 12:30:00,2026-06-17 12:45:00,52411.0,52447.0,14.5
"ZScore_Reversion(20,z=2.0)",SHORT,2026-06-17 13:35:00,2026-06-17 14:40:00,52513.0,52620.0,-57.0
"ZScore_Reversion(20,z=2.0)",LONG,2026-06-17 17:20:00,2026-06-17 17:55:00,52604.0,52615.0,2.0
"ZScore_Reversion(20,z=2.0)",LONG,2026-06-17 18:05:00,2026-06-17 18:40:00,52301.0,52458.0,75.0
"ZScore_Reversion(20,z=2.0)",LONG,2026-06-17 19:20:00,2026-06-17 20:20:00,52167.0,52005.0,-84.5
"ZScore_Reversion(20,z=2.0)",SHORT,2026-06-17 23:10:00,2026-06-18 00:50:00,52101.0,52210.0,-58.0
"ZScore_Reversion(20,z=2.0)",SHORT,2026-06-18 03:05:00,2026-06-18 03:15:00,52247.0,52217.0,11.5
"ZScore_Reversion(20,z=2.0)",LONG,2026-06-18 03:15:00,2026-06-18 03:35:00,52217.0,52232.0,4.0
"ZScore_Reversion(20,z=2.0)",LONG,2026-06-18 04:45:00,2026-06-18 05:20:00,52199.0,52208.0,1.0
"ZScore_Reversion(20,z=2.0)",LONG,2026-06-18 06:10:00,2026-06-18 06:25:00,52166.0,52182.0,4.5
"ZScore_Reversion(20,z=2.0)",SHORT,2026-06-18 06:50:00,2026-06-18 07:15:00,52230.0,52198.0,12.5
"ZScore_Reversion(20,z=2.0)",LONG,2026-06-18 08:55:00,2026-06-18 09:20:00,52169.0,52208.0,16.0
"ZScore_Reversion(20,z=2.0)",LONG,2026-06-18 10:45:00,2026-06-18 12:05:00,52151.0,52078.0,-40.0
"ZScore_Reversion(20,z=2.0)",LONG,2026-06-18 14:15:00,2026-06-18 14:35:00,52068.0,52154.0,39.5
"ZScore_Reversion(20,z=2.0)",SHORT,2026-06-18 17:10:00,2026-06-18 17:40:00,52133.0,52091.0,17.5
"ZScore_Reversion(20,z=2.0)",LONG,2026-06-18 19:15:00,2026-06-18 19:35:00,51985.0,52039.0,23.5
"ZScore_Reversion(20,z=2.0)",LONG,2026-06-18 20:00:00,2026-06-18 20:10:00,51975.0,52025.0,21.5
"ZScore_Reversion(20,z=2.0)",LONG,2026-06-19 01:10:00,2026-06-19 03:40:00,51945.0,51875.0,-38.5
"ZScore_Reversion(20,z=2.0)",LONG,2026-06-21 22:10:00,2026-06-21 22:25:00,51796.0,51851.0,24.0
"ZScore_Reversion(20,z=2.0)",LONG,2026-06-21 23:55:00,2026-06-22 00:10:00,51737.0,51818.0,37.0
"ZScore_Reversion(20,z=2.0)",SHORT,2026-06-22 00:30:00,2026-06-22 02:05:00,51907.0,51937.0,-18.5
"ZScore_Reversion(20,z=2.0)",LONG,2026-06-22 02:35:00,2026-06-22 03:50:00,51878.0,51873.0,-6.0
"ZScore_Reversion(20,z=2.0)",LONG,2026-06-22 04:15:00,2026-06-22 05:05:00,51831.0,51832.0,-3.0
"ZScore_Reversion(20,z=2.0)",SHORT,2026-06-22 05:30:00,2026-06-22 07:45:00,51862.0,51959.0,-52.0
"ZScore_Reversion(20,z=2.0)",LONG,2026-06-22 08:05:00,2026-06-22 08:45:00,51925.0,51964.0,16.0
"ZScore_Reversion(20,z=2.0)",SHORT,2026-06-22 09:10:00,2026-06-22 09:40:00,52018.0,51984.0,13.5
"ZScore_Reversion(20,z=2.0)",SHORT,2026-06-22 11:10:00,2026-06-22 11:20:00,52043.0,52003.0,16.5
"ZScore_Reversion(20,z=2.0)",SHORT,2026-06-22 12:00:00,2026-06-22 12:50:00,52047.0,52056.0,-8.0
"ZScore_Reversion(20,z=2.0)",SHORT,2026-06-22 13:35:00,2026-06-22 14:20:00,52210.0,52202.0,0.5
"ZScore_Reversion(20,z=2.0)",LONG,2026-06-22 18:55:00,2026-06-22 19:50:00,52053.0,52081.0,10.5
"ZScore_Reversion(20,z=2.0)",SHORT,2026-06-22 20:10:00,2026-06-22 22:00:00,52169.0,52165.0,-1.5
"ZScore_Reversion(20,z=2.0)",LONG,2026-06-22 22:00:00,2026-06-22 22:15:00,52165.0,52173.0,0.5
"ZScore_Reversion(20,z=2.0)",SHORT,2026-06-23 00:10:00,2026-06-23 01:20:00,52160.0,52210.0,-28.5
"ZScore_Reversion(20,z=2.0)",LONG,2026-06-23 03:10:00,2026-06-23 04:05:00,52092.0,52094.0,-2.5
"ZScore_Reversion(20,z=2.0)",LONG,2026-06-23 04:55:00,2026-06-23 08:35:00,52002.0,51789.0,-110.0
"ZScore_Reversion(20,z=2.0)",SHORT,2026-06-23 09:30:00,2026-06-23 10:35:00,51844.0,51837.0,0.0
"ZScore_Reversion(20,z=2.0)",SHORT,2026-06-23 11:55:00,2026-06-23 12:25:00,51961.0,51886.0,34.0
"ZScore_Reversion(20,z=2.0)",LONG,2026-06-23 13:35:00,2026-06-23 13:50:00,51804.0,52031.0,110.0
"ZScore_Reversion(20,z=2.0)",SHORT,2026-06-23 13:50:00,2026-06-23 15:10:00,52031.0,52120.0,-48.0
"ZScore_Reversion(20,z=2.0)",SHORT,2026-06-23 16:10:00,2026-06-23 17:05:00,52215.0,52210.0,-1.0
"ZScore_Reversion(20,z=2.0)",LONG,2026-06-23 17:55:00,2026-06-23 19:30:00,52182.0,52114.0,-37.5
"ZScore_Reversion(20,z=2.0)",LONG,2026-06-23 22:35:00,2026-06-23 23:15:00,52024.0,52041.0,5.0
"ZScore_Reversion(20,z=2.0)",SHORT,2026-06-23 23:50:00,2026-06-24 00:25:00,52104.0,52056.0,20.5
"ZScore_Reversion(20,z=2.0)",LONG,2026-06-24 02:50:00,2026-06-24 04:05:00,52016.0,52049.0,13.0
"ZScore_Reversion(20,z=2.0)",LONG,2026-06-24 06:05:00,2026-06-24 06:40:00,51991.0,52015.0,8.5
"ZScore_Reversion(20,z=2.0)",LONG,2026-06-24 09:45:00,2026-06-24 10:00:00,51976.0,52005.0,11.0
"ZScore_Reversion(20,z=2.0)",SHORT,2026-06-24 10:45:00,2026-06-24 11:00:00,52064.0,52022.0,17.5
"ZScore_Reversion(20,z=2.0)",SHORT,2026-06-24 11:40:00,2026-06-24 12:35:00,52108.0,52121.0,-10.0
"ZScore_Reversion(20,z=2.0)",SHORT,2026-06-24 13:55:00,2026-06-24 16:05:00,52219.0,52552.0,-170.0
"ZScore_Reversion(20,z=2.0)",LONG,2026-06-24 16:55:00,2026-06-24 18:20:00,52475.0,52307.0,-87.5
"ZScore_Reversion(20,z=2.0)",LONG,2026-06-25 00:45:00,2026-06-25 01:35:00,52267.0,52280.0,3.0
"ZScore_Reversion(20,z=2.0)",SHORT,2026-06-25 03:20:00,2026-06-25 03:45:00,52291.0,52278.0,3.0
"ZScore_Reversion(20,z=2.0)",LONG,2026-06-25 04:35:00,2026-06-25 04:45:00,52242.0,52271.0,11.0
"ZScore_Reversion(20,z=2.0)",LONG,2026-06-25 05:00:00,2026-06-25 05:10:00,52232.0,52267.0,14.0
"ZScore_Reversion(20,z=2.0)",SHORT,2026-06-25 06:15:00,2026-06-25 07:45:00,52313.0,52341.0,-17.5
"ZScore_Reversion(20,z=2.0)",LONG,2026-06-25 08:15:00,2026-06-25 08:45:00,52311.0,52330.0,6.0
"ZScore_Reversion(20,z=2.0)",LONG,2026-06-25 08:55:00,2026-06-25 09:05:00,52304.0,52322.0,5.5
"ZScore_Reversion(20,z=2.0)",SHORT,2026-06-25 09:55:00,2026-06-25 11:10:00,52355.0,52409.0,-30.5
"ZScore_Reversion(20,z=2.0)",LONG,2026-06-25 11:55:00,2026-06-25 12:50:00,52352.0,52439.0,40.0
"ZScore_Reversion(20,z=2.0)",SHORT,2026-06-25 12:50:00,2026-06-25 13:55:00,52439.0,52478.0,-23.0
"ZScore_Reversion(20,z=2.0)",SHORT,2026-06-25 14:05:00,2026-06-25 15:05:00,52679.0,52909.0,-118.5
"ZScore_Reversion(20,z=2.0)",LONG,2026-06-25 16:40:00,2026-06-25 18:00:00,52512.0,52440.0,-39.5
"ZScore_Reversion(20,z=2.0)",SHORT,2026-06-25 18:30:00,2026-06-25 18:35:00,52555.0,52438.0,55.0
"ZScore_Reversion(20,z=2.0)",SHORT,2026-06-25 20:20:00,2026-06-25 22:00:00,52478.0,52439.0,16.0
"ZScore_Reversion(20,z=2.0)",SHORT,2026-06-25 23:20:00,2026-06-25 23:40:00,52495.0,52434.0,27.0
"ZScore_Reversion(20,z=2.0)",LONG,2026-06-26 01:35:00,2026-06-26 03:55:00,52351.0,52248.0,-55.0
"ZScore_Reversion(20,z=2.0)",LONG,2026-06-26 05:45:00,2026-06-26 06:00:00,52184.0,52222.0,15.5
"ZScore_Reversion(20,z=2.0)",SHORT,2026-06-26 06:30:00,2026-06-26 08:15:00,52302.0,52416.0,-60.5
"ZScore_Reversion(20,z=2.0)",LONG,2026-06-26 08:50:00,2026-06-26 09:50:00,52340.0,52319.0,-14.0
"ZScore_Reversion(20,z=2.0)",LONG,2026-06-26 11:55:00,2026-06-26 12:00:00,52249.0,52278.0,11.0
"ZScore_Reversion(20,z=2.0)",SHORT,2026-06-26 12:05:00,2026-06-26 12:25:00,52308.0,52288.0,6.5
"ZScore_Reversion(20,z=2.0)",LONG,2026-06-26 12:50:00,2026-06-26 14:00:00,52205.0,52190.0,-11.0
"ZScore_Reversion(20,z=2.0)",SHORT,2026-06-26 15:35:00,2026-06-26 16:10:00,52467.0,52387.0,36.5
"ZScore_Reversion(20,z=2.0)",LONG,2026-06-26 18:55:00,2026-06-26 19:15:00,52241.0,52286.0,19.0
"ZScore_Reversion(20,z=2.0)",LONG,2026-06-26 19:50:00,2026-06-26 20:05:00,52187.0,52236.0,21.0
"ZScore_Reversion(20,z=2.0)",SHORT,2026-06-28 22:15:00,2026-06-29 00:05:00,52335.0,52374.0,-23.0
"ZScore_Reversion(20,z=2.0)",LONG,2026-06-29 02:15:00,2026-06-29 02:25:00,52268.0,52321.0,23.0
"ZScore_Reversion(20,z=2.0)",SHORT,2026-06-29 02:40:00,2026-06-29 03:35:00,52363.0,52346.0,5.0
"ZScore_Reversion(20,z=2.0)",SHORT,2026-06-29 05:35:00,2026-06-29 06:10:00,52392.0,52394.0,-4.5
"ZScore_Reversion(20,z=2.0)",LONG,2026-06-29 07:05:00,2026-06-29 07:25:00,52309.0,52374.0,29.0
"ZScore_Reversion(20,z=2.0)",LONG,2026-06-29 09:55:00,2026-06-29 10:30:00,52356.0,52394.0,15.5
"ZScore_Reversion(20,z=2.0)",SHORT,2026-06-29 11:05:00,2026-06-29 11:20:00,52468.0,52412.0,24.5
"ZScore_Reversion(20,z=2.0)",SHORT,2026-06-29 13:15:00,2026-06-29 13:30:00,52503.0,52457.0,19.5
"ZScore_Reversion(20,z=2.0)",SHORT,2026-06-29 13:35:00,2026-06-29 14:10:00,52582.0,52478.0,48.5
"ZScore_Reversion(20,z=2.0)",LONG,2026-06-29 14:15:00,2026-06-29 14:25:00,52334.0,52475.0,67.0
"ZScore_Reversion(20,z=2.0)",SHORT,2026-06-29 17:15:00,2026-06-29 17:25:00,52553.0,52504.0,21.0
"ZScore_Reversion(20,z=2.0)",SHORT,2026-06-29 17:35:00,2026-06-29 18:55:00,52555.0,52612.0,-32.0
"ZScore_Reversion(20,z=2.0)",LONG,2026-06-29 19:25:00,2026-06-29 20:20:00,52571.0,52565.0,-6.5
"ZScore_Reversion(20,z=2.0)",LONG,2026-06-29 22:00:00,2026-06-29 22:45:00,52554.0,52535.0,-13.0
"ZScore_Reversion(20,z=2.0)",LONG,2026-06-29 23:50:00,2026-06-30 00:15:00,52505.0,52523.0,5.5
"ZScore_Reversion(20,z=2.0)",LONG,2026-06-30 00:35:00,2026-06-30 00:55:00,52483.0,52514.0,12.0
"ZScore_Reversion(20,z=2.0)",SHORT,2026-06-30 01:30:00,2026-06-30 02:15:00,52534.0,52526.0,0.5
"ZScore_Reversion(20,z=2.0)",SHORT,2026-06-30 03:40:00,2026-06-30 04:55:00,52553.0,52574.0,-14.0
"ZScore_Reversion(20,z=2.0)",LONG,2026-06-30 06:35:00,2026-06-30 06:55:00,52562.0,52585.0,8.0
"ZScore_Reversion(20,z=2.0)",SHORT,2026-06-30 07:00:00,2026-06-30 07:15:00,52603.0,52592.0,2.0
"ZScore_Reversion(20,z=2.0)",LONG,2026-06-30 08:40:00,2026-06-30 09:00:00,52564.0,52593.0,11.0
"ZScore_Reversion(20,z=2.0)",LONG,2026-06-30 12:05:00,2026-06-30 12:55:00,52565.0,52568.0,-2.0
"ZScore_Reversion(20,z=2.0)",SHORT,2026-06-30 13:30:00,2026-06-30 13:35:00,52658.0,52401.0,125.0
"ZScore_Reversion(20,z=2.0)",LONG,2026-06-30 13:35:00,2026-06-30 13:45:00,52401.0,52514.0,53.0
"ZScore_Reversion(20,z=2.0)",SHORT,2026-06-30 16:15:00,2026-06-30 17:15:00,52731.0,52716.0,4.0
"ZScore_Reversion(20,z=2.0)",LONG,2026-06-30 18:10:00,2026-06-30 19:00:00,52689.0,52710.0,7.0
"ZScore_Reversion(20,z=2.0)",SHORT,2026-06-30 19:25:00,2026-06-30 19:30:00,52744.0,52718.0,9.5
"ZScore_Reversion(20,z=2.0)",SHORT,2026-07-01 00:25:00,2026-07-01 03:50:00,52599.0,52501.0,45.5
"ZScore_Reversion(20,z=2.0)",SHORT,2026-07-01 04:50:00,2026-07-01 05:25:00,52520.0,52508.0,2.5
"ZScore_Reversion(20,z=2.0)",SHORT,2026-07-01 06:50:00,2026-07-01 07:05:00,52532.0,52505.0,10.0
"ZScore_Reversion(20,z=2.0)",LONG,2026-07-01 07:15:00,2026-07-01 07:40:00,52451.0,52495.0,18.5
"ZScore_Reversion(20,z=2.0)",LONG,2026-07-01 11:55:00,2026-07-01 12:20:00,52508.0,52541.0,13.0
"ZScore_Reversion(20,z=2.0)",LONG,2026-07-01 12:35:00,2026-07-01 12:50:00,52469.0,52525.0,24.5
"ZScore_Reversion(20,z=2.0)",SHORT,2026-07-01 13:20:00,2026-07-01 13:35:00,52583.0,52416.0,80.0
"ZScore_Reversion(20,z=2.0)",LONG,2026-07-01 13:35:00,2026-07-01 13:45:00,52416.0,52493.0,35.0
"ZScore_Reversion(20,z=2.0)",SHORT,2026-07-01 13:55:00,2026-07-01 16:45:00,52641.0,52986.0,-176.0
"ZScore_Reversion(20,z=2.0)",LONG,2026-07-01 20:00:00,2026-07-01 22:10:00,52663.0,52606.0,-32.0
"ZScore_Reversion(20,z=2.0)",LONG,2026-07-01 23:50:00,2026-07-02 00:25:00,52587.0,52604.0,5.0
"ZScore_Reversion(20,z=2.0)",SHORT,2026-07-02 01:35:00,2026-07-02 03:25:00,52655.0,52711.0,-31.5
"ZScore_Reversion(20,z=2.0)",LONG,2026-07-02 04:15:00,2026-07-02 05:10:00,52696.0,52693.0,-5.0
"ZScore_Reversion(20,z=2.0)",LONG,2026-07-02 05:50:00,2026-07-02 07:40:00,52654.0,52607.0,-27.0
"ZScore_Reversion(20,z=2.0)",SHORT,2026-07-02 08:30:00,2026-07-02 09:10:00,52691.0,52672.0,6.0
"ZScore_Reversion(20,z=2.0)",SHORT,2026-07-02 10:20:00,2026-07-02 11:35:00,52724.0,52755.0,-19.0
"ZScore_Reversion(20,z=2.0)",SHORT,2026-07-02 12:35:00,2026-07-02 13:10:00,52857.0,52830.0,10.0
"ZScore_Reversion(20,z=2.0)",SHORT,2026-07-02 13:45:00,2026-07-02 14:30:00,53020.0,52968.0,22.5
"ZScore_Reversion(20,z=2.0)",LONG,2026-07-02 17:05:00,2026-07-02 18:10:00,52857.0,52914.0,25.0
"ZScore_Reversion(20,z=2.0)",SHORT,2026-07-02 18:35:00,2026-07-02 19:05:00,52980.0,52941.0,16.0
"ZScore_Reversion(20,z=2.0)",SHORT,2026-07-02 19:55:00,2026-07-02 22:05:00,53142.0,53156.0,-10.5
"ZScore_Reversion(20,z=2.0)",SHORT,2026-07-02 22:40:00,2026-07-03 00:10:00,53180.0,53205.0,-16.0
"ZScore_Reversion(20,z=2.0)",SHORT,2026-07-03 00:20:00,2026-07-03 02:15:00,53241.0,53348.0,-57.0
"ZScore_Reversion(20,z=2.0)",LONG,2026-07-05 22:05:00,2026-07-05 23:10:00,53171.0,53195.0,8.5
"ZScore_Reversion(20,z=2.0)",SHORT,2026-07-06 00:00:00,2026-07-06 01:10:00,53257.0,53250.0,0.0
"ZScore_Reversion(20,z=2.0)",LONG,2026-07-06 01:20:00,2026-07-06 01:25:00,53266.0,53257.0,-8.0
"ZScore_Reversion(20,z=2.0)",LONG,2026-07-06 02:10:00,2026-07-06 04:15:00,53221.0,53175.0,-26.5
"ZScore_Reversion(20,z=2.0)",SHORT,2026-07-06 05:10:00,2026-07-06 05:35:00,53190.0,53174.0,4.5
"ZScore_Reversion(20,z=2.0)",SHORT,2026-07-06 07:10:00,2026-07-06 08:35:00,53221.0,53266.0,-26.0
"ZScore_Reversion(20,z=2.0)",LONG,2026-07-06 09:20:00,2026-07-06 10:15:00,53195.0,53223.0,10.5
"ZScore_Reversion(20,z=2.0)",LONG,2026-07-06 10:45:00,2026-07-06 12:45:00,53177.0,53149.0,-17.5
"ZScore_Reversion(20,z=2.0)",LONG,2026-07-06 13:05:00,2026-07-06 13:30:00,53102.0,53260.0,75.5
"ZScore_Reversion(20,z=2.0)",SHORT,2026-07-06 13:30:00,2026-07-06 13:45:00,53260.0,53176.0,38.5
"ZScore_Reversion(20,z=2.0)",LONG,2026-07-06 14:10:00,2026-07-06 14:25:00,52972.0,53093.0,57.0
"ZScore_Reversion(20,z=2.0)",SHORT,2026-07-06 16:50:00,2026-07-06 17:35:00,53235.0,53231.0,-1.5
"ZScore_Reversion(20,z=2.0)",SHORT,2026-07-06 20:00:00,2026-07-06 22:00:00,53383.0,53405.0,-14.5
"ZScore_Reversion(20,z=2.0)",LONG,2026-07-06 22:00:00,2026-07-06 22:50:00,53405.0,53427.0,7.5
"ZScore_Reversion(20,z=2.0)",LONG,2026-07-06 23:45:00,2026-07-07 00:25:00,53400.0,53410.0,1.5
"ZScore_Reversion(20,z=2.0)",SHORT,2026-07-07 01:10:00,2026-07-07 02:05:00,53430.0,53431.0,-4.0
"ZScore_Reversion(20,z=2.0)",LONG,2026-07-07 04:35:00,2026-07-07 05:35:00,53407.0,53385.0,-14.5
"ZScore_Reversion(20,z=2.0)",LONG,2026-07-07 06:20:00,2026-07-07 06:30:00,53349.0,53373.0,8.5
"ZScore_Reversion(20,z=2.0)",SHORT,2026-07-07 07:20:00,2026-07-07 08:05:00,53441.0,53418.0,8.0
"ZScore_Reversion(20,z=2.0)",LONG,2026-07-07 10:55:00,2026-07-07 12:45:00,53434.0,53598.0,78.5
"ZScore_Reversion(20,z=2.0)",SHORT,2026-07-07 12:45:00,2026-07-07 13:40:00,53598.0,53462.0,64.5
"ZScore_Reversion(20,z=2.0)",LONG,2026-07-07 13:40:00,2026-07-07 16:00:00,53462.0,53180.0,-144.5
"ZScore_Reversion(20,z=2.0)",SHORT,2026-07-07 17:30:00,2026-07-07 17:55:00,53231.0,53204.0,10.0
"ZScore_Reversion(20,z=2.0)",LONG,2026-07-07 19:05:00,2026-07-07 19:25:00,53174.0,53199.0,9.0
"ZScore_Reversion(20,z=2.0)",LONG,2026-07-07 22:45:00,2026-07-07 22:50:00,53153.0,53168.0,4.0
"ZScore_Reversion(20,z=2.0)",LONG,2026-07-08 00:00:00,2026-07-08 00:25:00,53135.0,53148.0,3.0
"ZScore_Reversion(20,z=2.0)",LONG,2026-07-08 02:15:00,2026-07-08 03:05:00,53136.0,53147.0,2.0
"ZScore_Reversion(20,z=2.0)",LONG,2026-07-08 05:35:00,2026-07-08 10:20:00,53117.0,52514.0,-305.0
"ZScore_Reversion(20,z=2.0)",SHORT,2026-07-08 10:35:00,2026-07-08 11:25:00,52609.0,52582.0,10.0
"ZScore_Reversion(20,z=2.0)",SHORT,2026-07-08 12:10:00,2026-07-08 13:00:00,52758.0,52700.0,25.5
"ZScore_Reversion(20,z=2.0)",LONG,2026-07-08 14:15:00,2026-07-08 16:05:00,52620.0,52424.0,-101.5
"ZScore_Reversion(20,z=2.0)",SHORT,2026-07-08 16:45:00,2026-07-08 17:50:00,52577.0,52596.0,-13.0
"ZScore_Reversion(20,z=2.0)",LONG,2026-07-08 19:50:00,2026-07-08 22:45:00,52601.0,52568.0,-20.0
"ZScore_Reversion(20,z=2.0)",SHORT,2026-07-09 00:00:00,2026-07-09 01:30:00,52597.0,52655.0,-32.5
"ZScore_Reversion(20,z=2.0)",SHORT,2026-07-09 05:15:00,2026-07-09 06:10:00,52732.0,52719.0,3.0
"ZScore_Reversion(20,z=2.0)",SHORT,2026-07-09 07:45:00,2026-07-09 07:55:00,52735.0,52705.0,11.5
"ZScore_Reversion(20,z=2.0)",LONG,2026-07-09 08:40:00,2026-07-09 10:15:00,52656.0,52632.0,-15.5
"ZScore_Reversion(20,z=2.0)",LONG,2026-07-09 10:50:00,2026-07-09 11:45:00,52540.0,52558.0,5.5
"ZScore_Reversion(20,z=2.0)",SHORT,2026-07-09 12:05:00,2026-07-09 13:45:00,52607.0,52660.0,-30.0
"ZScore_Reversion(20,z=2.0)",SHORT,2026-07-09 15:45:00,2026-07-09 16:00:00,52845.0,52775.0,31.5
"ZScore_Reversion(20,z=2.0)",LONG,2026-07-09 18:40:00,2026-07-09 19:55:00,52756.0,52734.0,-14.5
"ZScore_Reversion(20,z=2.0)",LONG,2026-07-10 00:05:00,2026-07-10 00:30:00,52732.0,52751.0,6.0
"ZScore_Reversion(20,z=2.0)",LONG,2026-07-10 02:35:00,2026-07-10 02:45:00,52722.0,52735.0,3.0
"ZScore_Reversion(20,z=2.0)",SHORT,2026-07-10 03:10:00,2026-07-10 03:30:00,52761.0,52737.0,8.5
"ZScore_Reversion(20,z=2.0)",LONG,2026-07-10 04:25:00,2026-07-10 05:20:00,52717.0,52724.0,0.0
"ZScore_Reversion(20,z=2.0)",SHORT,2026-07-10 05:55:00,2026-07-10 06:45:00,52743.0,52765.0,-14.5
"ZScore_Reversion(20,z=2.0)",SHORT,2026-07-10 10:35:00,2026-07-10 11:05:00,52889.0,52863.0,9.5
"ZScore_Reversion(20,z=2.0)",LONG,2026-07-10 11:35:00,2026-07-10 12:30:00,52821.0,52867.0,19.5
"ZScore_Reversion(20,z=2.0)",LONG,2026-07-10 13:50:00,2026-07-10 14:20:00,52788.0,52830.0,17.5
"ZScore_Reversion(20,z=2.0)",LONG,2026-07-10 14:35:00,2026-07-10 14:45:00,52697.0,52826.0,61.0
"ZScore_Reversion(20,z=2.0)",SHORT,2026-07-10 19:10:00,2026-07-10 19:35:00,52974.0,52950.0,8.5
"ZScore_Reversion(20,z=2.0)",LONG,2026-07-10 20:00:00,2026-07-10 20:05:00,52916.0,52945.0,11.0
"ZScore_Reversion(20,z=2.0)",LONG,2026-07-12 22:10:00,2026-07-12 23:15:00,52800.0,52818.0,5.5
"ZScore_Reversion(20,z=2.0)",SHORT,2026-07-13 00:15:00,2026-07-13 00:20:00,52832.0,52816.0,4.5
"ZScore_Reversion(20,z=2.0)",LONG,2026-07-13 00:55:00,2026-07-13 02:40:00,52769.0,52733.0,-21.5
"ZScore_Reversion(20,z=2.0)",LONG,2026-07-13 03:05:00,2026-07-13 04:20:00,52705.0,52703.0,-4.5
"ZScore_Reversion(20,z=2.0)",SHORT,2026-07-13 06:05:00,2026-07-13 07:35:00,52733.0,52823.0,-48.5
"ZScore_Reversion(20,z=2.0)",LONG,2026-07-13 10:10:00,2026-07-13 11:10:00,52904.0,52906.0,-2.5
"ZScore_Reversion(20,z=2.0)",LONG,2026-07-13 11:20:00,2026-07-13 11:30:00,52857.0,52892.0,14.0
"ZScore_Reversion(20,z=2.0)",LONG,2026-07-13 11:55:00,2026-07-13 12:50:00,52837.0,52851.0,3.5
"ZScore_Reversion(20,z=2.0)",SHORT,2026-07-13 13:30:00,2026-07-13 14:10:00,52909.0,52940.0,-19.0
"ZScore_Reversion(20,z=2.0)",LONG,2026-07-13 16:20:00,2026-07-13 16:45:00,52700.0,52736.0,14.5
"ZScore_Reversion(20,z=2.0)",LONG,2026-07-13 22:55:00,2026-07-14 00:00:00,52698.0,52695.0,-5.0
"ZScore_Reversion(20,z=2.0)",LONG,2026-07-14 00:20:00,2026-07-14 00:55:00,52596.0,52640.0,18.5
"ZScore_Reversion(20,z=2.0)",LONG,2026-07-14 02:25:00,2026-07-14 02:50:00,52592.0,52618.0,9.5
"ZScore_Reversion(20,z=2.0)",SHORT,2026-07-14 04:30:00,2026-07-14 06:25:00,52620.0,52709.0,-48.0
"ZScore_Reversion(20,z=2.0)",LONG,2026-07-14 06:45:00,2026-07-14 07:10:00,52659.0,52675.0,4.5
"ZScore_Reversion(20,z=2.0)",SHORT,2026-07-14 09:15:00,2026-07-14 09:30:00,52641.0,52618.0,8.0
"ZScore_Reversion(20,z=2.0)",SHORT,2026-07-14 09:50:00,2026-07-14 10:15:00,52661.0,52626.0,14.0
"ZScore_Reversion(20,z=2.0)",LONG,2026-07-14 10:45:00,2026-07-14 11:55:00,52599.0,52452.0,-77.0
"ZScore_Reversion(20,z=2.0)",SHORT,2026-07-14 12:35:00,2026-07-14 14:45:00,52727.0,52808.0,-44.0
"ZScore_Reversion(20,z=2.0)",LONG,2026-07-14 15:20:00,2026-07-14 16:55:00,52716.0,52662.0,-30.5
"ZScore_Reversion(20,z=2.0)",SHORT,2026-07-14 17:25:00,2026-07-14 17:45:00,52714.0,52677.0,15.0
"ZScore_Reversion(20,z=2.0)",SHORT,2026-07-14 19:05:00,2026-07-14 20:25:00,52760.0,52784.0,-15.5
"ZScore_Reversion(20,z=2.0)",SHORT,2026-07-14 22:35:00,2026-07-14 23:00:00,52812.0,52791.0,7.0
"ZScore_Reversion(20,z=2.0)",SHORT,2026-07-14 23:30:00,2026-07-15 00:15:00,52845.0,52842.0,-2.0
"ZScore_Reversion(20,z=2.0)",LONG,2026-07-15 00:45:00,2026-07-15 01:00:00,52777.0,52826.0,21.0
"ZScore_Reversion(20,z=2.0)",SHORT,2026-07-15 02:35:00,2026-07-15 02:55:00,52842.0,52830.0,2.5
"ZScore_Reversion(20,z=2.0)",SHORT,2026-07-15 04:20:00,2026-07-15 04:45:00,52860.0,52845.0,4.0
"ZScore_Reversion(20,z=2.0)",LONG,2026-07-15 05:30:00,2026-07-15 05:40:00,52816.0,52843.0,10.0
"ZScore_Reversion(20,z=2.0)",LONG,2026-07-15 06:55:00,2026-07-15 07:55:00,52798.0,52759.0,-23.0
"ZScore_Reversion(20,z=2.0)",SHORT,2026-07-15 08:35:00,2026-07-15 09:50:00,52847.0,52895.0,-27.5
"ZScore_Reversion(20,z=2.0)",LONG,2026-07-15 10:25:00,2026-07-15 11:40:00,52810.0,52794.0,-11.5
"ZScore_Reversion(20,z=2.0)",SHORT,2026-07-15 12:35:00,2026-07-15 13:15:00,52872.0,52852.0,6.5
"ZScore_Reversion(20,z=2.0)",SHORT,2026-07-15 13:40:00,2026-07-15 14:05:00,52988.0,52920.0,30.5
"ZScore_Reversion(20,z=2.0)",SHORT,2026-07-15 14:20:00,2026-07-15 14:50:00,53055.0,52961.0,43.5
"ZScore_Reversion(20,z=2.0)",LONG,2026-07-15 16:15:00,2026-07-15 17:00:00,52809.0,52792.0,-12.0
"ZScore_Reversion(20,z=2.0)",SHORT,2026-07-15 17:50:00,2026-07-15 18:45:00,52909.0,52896.0,3.0
"ZScore_Reversion(20,z=2.0)",SHORT,2026-07-15 23:35:00,2026-07-16 00:40:00,52938.0,52936.0,-2.5
"ZScore_Reversion(20,z=2.0)",LONG,2026-07-16 01:20:00,2026-07-16 01:50:00,52880.0,52908.0,10.5
"ZScore_Reversion(20,z=2.0)",LONG,2026-07-16 02:05:00,2026-07-16 02:25:00,52858.0,52892.0,13.5
"ZScore_Reversion(20,z=2.0)",SHORT,2026-07-16 05:15:00,2026-07-16 05:35:00,52983.0,52958.0,9.0
"ZScore_Reversion(20,z=2.0)",LONG,2026-07-16 07:15:00,2026-07-16 08:05:00,52890.0,52902.0,2.5
"ZScore_Reversion(20,z=2.0)",SHORT,2026-07-16 10:00:00,2026-07-16 11:00:00,53026.0,52992.0,13.5
"ZScore_Reversion(20,z=2.0)",LONG,2026-07-16 11:50:00,2026-07-16 12:00:00,52879.0,52980.0,47.0
"ZScore_Reversion(20,z=2.0)",LONG,2026-07-16 16:15:00,2026-07-16 17:00:00,52893.0,52957.0,28.5
"ZScore_Reversion(20,z=2.0)",LONG,2026-07-16 18:05:00,2026-07-16 22:15:00,52734.0,52751.0,5.0
"ZScore_Reversion(20,z=2.0)",LONG,2026-07-16 22:55:00,2026-07-17 03:10:00,52722.0,52514.0,-107.5
"ZScore_Reversion(20,z=2.0)",LONG,2026-07-17 03:55:00,2026-07-17 05:55:00,52459.0,52383.0,-41.5
"ZScore_Reversion(20,z=2.0)",SHORT,2026-07-17 06:20:00,2026-07-17 08:40:00,52444.0,52420.0,8.5
"ZScore_Reversion(20,z=2.0)",LONG,2026-07-17 08:40:00,2026-07-17 09:30:00,52420.0,52449.0,11.0
"ZScore_Reversion(20,z=2.0)",SHORT,2026-07-17 11:00:00,2026-07-17 11:15:00,52514.0,52447.0,30.0
"ZScore_Reversion(20,z=2.0)",SHORT,2026-07-17 11:40:00,2026-07-17 12:05:00,52524.0,52485.0,16.0
"ZScore_Reversion(20,z=2.0)",LONG,2026-07-17 12:50:00,2026-07-17 13:50:00,52398.0,52719.0,157.0
"ZScore_Reversion(20,z=2.0)",SHORT,2026-07-17 13:50:00,2026-07-17 14:50:00,52719.0,52690.0,11.0
"ZScore_Reversion(20,z=2.0)",LONG,2026-07-17 16:25:00,2026-07-17 17:35:00,52603.0,52593.0,-8.5
"ZScore_Reversion(20,z=2.0)",LONG,2026-07-17 17:55:00,2026-07-17 18:55:00,52492.0,52462.0,-18.5
"ZScore_Reversion(20,z=2.0)",LONG,2026-07-17 19:25:00,2026-07-17 19:45:00,52344.0,52416.0,32.5
"ZScore_Reversion(20,z=2.0)",LONG,2026-07-19 22:15:00,2026-07-19 22:50:00,52285.0,52357.0,32.5
"ZScore_Reversion(20,z=2.0)",SHORT,2026-07-20 00:10:00,2026-07-20 00:35:00,52386.0,52353.0,13.0
"ZScore_Reversion(20,z=2.0)",LONG,2026-07-20 01:45:00,2026-07-20 02:05:00,52321.0,52341.0,6.5
"ZScore_Reversion(20,z=2.0)",SHORT,2026-07-20 04:45:00,2026-07-20 05:10:00,52382.0,52360.0,7.5
"ZScore_Reversion(20,z=2.0)",SHORT,2026-07-20 07:25:00,2026-07-20 08:55:00,52360.0,52448.0,-47.5
"ZScore_Reversion(20,z=2.0)",SHORT,2026-07-20 09:25:00,2026-07-20 10:15:00,52501.0,52480.0,7.0
"ZScore_Reversion(20,z=2.0)",SHORT,2026-07-20 11:35:00,2026-07-20 12:10:00,52596.0,52494.0,47.5
"ZScore_Reversion(20,z=2.0)",LONG,2026-07-20 13:55:00,2026-07-20 15:20:00,52345.0,52241.0,-55.5
"ZScore_Reversion(20,z=2.0)",LONG,2026-07-20 16:55:00,2026-07-20 17:55:00,52203.0,52173.0,-18.5
"ZScore_Reversion(20,z=2.0)",LONG,2026-07-20 18:45:00,2026-07-20 19:35:00,52039.0,52095.0,24.5
"ZScore_Reversion(20,z=2.0)",SHORT,2026-07-21 03:05:00,2026-07-21 05:10:00,52148.0,52221.0,-40.0
"ZScore_Reversion(20,z=2.0)",SHORT,2026-07-21 05:45:00,2026-07-21 06:25:00,52260.0,52233.0,10.0
"ZScore_Reversion(20,z=2.0)",SHORT,2026-07-21 07:05:00,2026-07-21 07:15:00,52290.0,52253.0,15.0
"ZScore_Reversion(20,z=2.0)",SHORT,2026-07-21 10:35:00,2026-07-21 11:10:00,52305.0,52265.0,16.5
"ZScore_Reversion(20,z=2.0)",SHORT,2026-07-21 13:20:00,2026-07-21 13:40:00,52242.0,52200.0,17.5
"ZScore_Reversion(20,z=2.0)",LONG,2026-07-21 13:45:00,2026-07-21 13:50:00,52107.0,52186.0,36.0
"ZScore_Reversion(20,z=2.0)",SHORT,2026-07-21 14:05:00,2026-07-21 14:40:00,52323.0,52304.0,6.0
"ZScore_Reversion(20,z=2.0)",LONG,2026-07-22 01:10:00,2026-07-22 01:50:00,52402.0,52409.0,0.0
"ZScore_Reversion(20,z=2.0)",SHORT,2026-07-22 02:45:00,2026-07-22 03:15:00,52430.0,52418.0,2.5
"ZScore_Reversion(20,z=2.0)",LONG,2026-07-22 03:55:00,2026-07-22 05:10:00,52390.0,52393.0,-2.0
"ZScore_Reversion(20,z=2.0)",SHORT,2026-07-22 05:30:00,2026-07-22 05:50:00,52410.0,52409.0,-3.0
"ZScore_Reversion(20,z=2.0)",SHORT,2026-07-22 06:05:00,2026-07-22 06:25:00,52424.0,52360.0,28.5
"ZScore_Reversion(20,z=2.0)",LONG,2026-07-22 06:25:00,2026-07-22 07:30:00,52360.0,52355.0,-6.0
"ZScore_Reversion(20,z=2.0)",SHORT,2026-07-22 08:05:00,2026-07-22 09:30:00,52388.0,52410.0,-14.5
"ZScore_Reversion(20,z=2.0)",SHORT,2026-07-22 10:25:00,2026-07-22 10:40:00,52469.0,52432.0,15.0
"ZScore_Reversion(20,z=2.0)",LONG,2026-07-22 11:45:00,2026-07-22 12:30:00,52318.0,52348.0,11.5
"ZScore_Reversion(20,z=2.0)",SHORT,2026-07-22 13:25:00,2026-07-22 14:25:00,52414.0,52559.0,-76.0
"ZScore_Reversion(20,z=2.0)",LONG,2026-07-22 17:15:00,2026-07-22 18:30:00,52550.0,52514.0,-21.5
"ZScore_Reversion(20,z=2.0)",LONG,2026-07-22 19:05:00,2026-07-22 20:10:00,52458.0,52460.0,-2.5
"ZScore_Reversion(20,z=2.0)",SHORT,2026-07-22 20:15:00,2026-07-22 22:00:00,52536.0,52430.0,49.5
"ZScore_Reversion(20,z=2.0)",SHORT,2026-07-23 00:00:00,2026-07-23 01:40:00,52426.0,52474.0,-27.5
"ZScore_Reversion(20,z=2.0)",LONG,2026-07-23 02:15:00,2026-07-23 04:25:00,52461.0,52399.0,-34.5
"ZScore_Reversion(20,z=2.0)",LONG,2026-07-23 05:55:00,2026-07-23 06:20:00,52339.0,52368.0,11.0
"ZScore_Reversion(20,z=2.0)",LONG,2026-07-23 07:05:00,2026-07-23 08:10:00,52263.0,52266.0,-2.0
"ZScore_Reversion(20,z=2.0)",SHORT,2026-07-23 09:05:00,2026-07-23 09:20:00,52314.0,52246.0,30.5
"ZScore_Reversion(20,z=2.0)",SHORT,2026-07-23 10:45:00,2026-07-23 11:10:00,52292.0,52244.0,20.5
"ZScore_Reversion(20,z=2.0)",LONG,2026-07-23 11:40:00,2026-07-23 13:50:00,52118.0,51921.0,-102.0
"ZScore_Reversion(20,z=2.0)",LONG,2026-07-23 15:30:00,2026-07-23 15:45:00,51784.0,51857.0,33.0
"ZScore_Reversion(20,z=2.0)",SHORT,2026-07-23 16:25:00,2026-07-23 16:50:00,51997.0,51875.0,57.5
"ZScore_Reversion(20,z=2.0)",LONG,2026-07-23 17:35:00,2026-07-23 18:30:00,51858.0,51839.0,-13.0
"ZScore_Reversion(20,z=2.0)",SHORT,2026-07-23 19:25:00,2026-07-23 19:40:00,51913.0,51846.0,30.0
"ZScore_Reversion(20,z=2.0)",LONG,2026-07-23 23:55:00,2026-07-24 00:05:00,51865.0,51893.0,10.5
"ZScore_Reversion(20,z=2.0)",SHORT,2026-07-24 00:05:00,2026-07-24 02:05:00,51893.0,51943.0,-28.5
"ZScore_Reversion(20,z=2.0)",LONG,2026-07-24 02:40:00,2026-07-24 04:10:00,51925.0,51916.0,-8.0
"ZScore_Reversion(20,z=2.0)",SHORT,2026-07-24 05:05:00,2026-07-24 06:00:00,51926.0,51932.0,-6.5
"ZScore_Reversion(20,z=2.0)",SHORT,2026-07-24 07:05:00,2026-07-24 08:15:00,51992.0,52061.0,-38.0
"ZScore_Reversion(20,z=2.0)",SHORT,2026-07-24 09:10:00,2026-07-24 10:25:00,52151.0,52157.0,-6.5
"ZScore_Reversion(20,z=2.0)",LONG,2026-07-24 11:05:00,2026-07-24 12:00:00,52124.0,52125.0,-3.0
"ZScore_Reversion(20,z=2.0)",LONG,2026-07-24 12:55:00,2026-07-24 13:50:00,52044.0,52041.0,-5.0
"ZScore_Reversion(20,z=2.0)",LONG,2026-07-24 14:45:00,2026-07-24 14:55:00,51880.0,51968.0,40.5
"ZScore_Reversion(20,z=2.0)",SHORT,2026-07-24 15:15:00,2026-07-24 16:35:00,52184.0,52250.0,-36.5
"ZScore_Reversion(20,z=2.0)",LONG,2026-07-24 16:55:00,2026-07-24 17:30:00,52152.0,52207.0,24.0
"ZScore_Reversion(20,z=2.0)",LONG,2026-07-24 18:30:00,2026-07-24 19:20:00,52092.0,52086.0,-6.5
"ZScore_Reversion(20,z=2.0)",SHORT,2026-07-26 22:15:00,2026-07-27 00:20:00,52378.0,52418.0,-23.5
"ZScore_Reversion(20,z=2.0)",SHORT,2026-07-27 03:15:00,2026-07-27 03:50:00,52428.0,52418.0,1.5
"ZScore_Reversion(20,z=2.0)",SHORT,2026-07-27 04:40:00,2026-07-27 06:55:00,52455.0,52522.0,-37.0
"ZScore_Reversion(20,z=2.0)",SHORT,2026-07-27 07:05:00,2026-07-27 07:40:00,52570.0,52553.0,5.0
"ZScore_Reversion(20,z=2.0)",SHORT,2026-07-27 08:45:00,2026-07-27 11:35:00,52623.0,52689.0,-36.5
"ZScore_Reversion(20,z=2.0)",LONG,2026-07-27 12:15:00,2026-07-27 12:25:00,52653.0,52700.0,20.0
"ZScore_Reversion(20,z=2.0)",LONG,2026-07-27 13:55:00,2026-07-27 16:30:00,52659.0,52328.0,-169.0
"ZScore_Reversion(20,z=2.0)",SHORT,2026-07-27 19:00:00,2026-07-27 20:15:00,52364.0,52370.0,-6.5
"ZScore_Reversion(20,z=2.0)",SHORT,2026-07-27 22:00:00,2026-07-27 22:30:00,52405.0,52404.0,-3.0
"ZScore_Reversion(20,z=2.0)",LONG,2026-07-27 23:05:00,2026-07-27 23:30:00,52381.0,52414.0,13.0
"ZScore_Reversion(20,z=2.0)",LONG,2026-07-28 00:10:00,2026-07-28 01:30:00,52363.0,52347.0,-11.5
"ZScore_Reversion(20,z=2.0)",SHORT,2026-07-28 03:25:00,2026-07-28 03:30:00,52373.0,52347.0,9.5
"ZScore_Reversion(20,z=2.0)",SHORT,2026-07-28 03:35:00,2026-07-28 04:15:00,52378.0,52372.0,-0.5
"ZScore_Reversion(20,z=2.0)",SHORT,2026-07-28 06:15:00,2026-07-28 07:50:00,52408.0,52436.0,-17.5
"ZScore_Reversion(20,z=2.0)",SHORT,2026-07-28 11:00:00,2026-07-28 13:35:00,52563.0,52721.0,-82.5
"ZScore_Reversion(20,z=2.0)",LONG,2026-07-28 13:35:00,2026-07-28 14:10:00,52721.0,52785.0,28.5
"ZScore_Reversion(20,z=2.0)",SHORT,2026-07-28 15:20:00,2026-07-28 16:50:00,52934.0,53072.0,-72.5
"ZScore_Reversion(20,z=2.0)",LONG,2026-07-28 17:45:00,2026-07-28 18:50:00,52993.0,53010.0,5.0
"ZScore_Reversion(20,z=2.0)",LONG,2026-07-28 20:00:00,2026-07-28 22:05:00,52944.0,52945.0,-3.0
"ZScore_Reversion(20,z=2.0)",LONG,2026-07-28 22:25:00,2026-07-28 22:55:00,52875.0,52896.0,7.0
"ZScore_Reversion(20,z=2.0)",SHORT,2026-07-28 23:45:00,2026-07-29 01:05:00,52957.0,52982.0,-16.0
"ZScore_Reversion(20,z=2.0)",LONG,2026-07-29 01:50:00,2026-07-29 02:40:00,52916.0,52927.0,2.0
"ZScore_Reversion(20,z=2.0)",LONG,2026-07-29 03:40:00,2026-07-29 04:55:00,52869.0,52854.0,-11.0
"ZScore_Reversion(20,z=2.0)",SHORT,2026-07-29 05:15:00,2026-07-29 06:05:00,52905.0,52877.0,10.5
"ZScore_Reversion(20,z=2.0)",SHORT,2026-07-29 06:35:00,2026-07-29 08:20:00,52936.0,52972.0,-21.5
"ZScore_Reversion(20,z=2.0)",LONG,2026-07-29 09:20:00,2026-07-29 15:25:00,52923.0,52110.0,-410.0
"ZScore_Reversion(20,z=2.0)",LONG,2026-07-29 16:05:00,2026-07-29 16:30:00,52006.0,52057.0,22.0
"ZScore_Reversion(20,z=2.0)",SHORT,2026-07-29 17:05:00,2026-07-29 18:15:00,52182.0,52147.0,14.0
"ZScore_Reversion(20,z=2.0)",SHORT,2026-07-29 18:45:00,2026-07-29 19:10:00,52299.0,52155.0,68.5
"ZScore_Reversion(20,z=2.0)",LONG,2026-07-29 19:40:00,2026-07-29 20:40:00,51779.0,51788.0,1.0
"ZScore_Reversion(20,z=2.0)",SHORT,2026-07-29 22:10:00,2026-07-29 23:15:00,51921.0,51907.0,3.5
"ZScore_Reversion(20,z=2.0)",SHORT,2026-07-30 00:10:00,2026-07-30 00:35:00,51935.0,51876.0,26.0
"ZScore_Reversion(20,z=2.0)",LONG,2026-07-30 00:35:00,2026-07-30 00:55:00,51876.0,51894.0,5.5
"ZScore_Reversion(20,z=2.0)",LONG,2026-07-30 03:00:00,2026-07-30 04:25:00,51858.0,51834.0,-15.5
"ZScore_Reversion(20,z=2.0)",LONG,2026-07-30 05:10:00,2026-07-30 05:40:00,51779.0,51810.0,12.0
"ZScore_Reversion(20,z=2.0)",LONG,2026-07-30 06:15:00,2026-07-30 07:05:00,51765.0,51901.0,64.5
"ZScore_Reversion(20,z=2.0)",SHORT,2026-07-30 07:05:00,2026-07-30 07:35:00,51901.0,51794.0,50.0
"ZScore_Reversion(20,z=2.0)",LONG,2026-07-30 10:00:00,2026-07-30 10:20:00,51843.0,51900.0,25.0
"ZScore_Reversion(20,z=2.0)",SHORT,2026-07-30 11:25:00,2026-07-30 12:30:00,51968.0,52004.0,-21.5
"ZScore_Reversion(20,z=2.0)",SHORT,2026-07-30 13:25:00,2026-07-30 13:35:00,52087.0,51997.0,41.5
"ZScore_Reversion(20,z=2.0)",LONG,2026-07-30 14:50:00,2026-07-30 15:35:00,51955.0,51948.0,-7.0
"ZScore_Reversion(20,z=2.0)",SHORT,2026-07-30 19:00:00,2026-07-30 19:50:00,52348.0,52364.0,-11.5
"ZScore_Reversion(20,z=2.0)",SHORT,2026-07-30 20:05:00,2026-07-30 20:40:00,52473.0,52421.0,22.5
"ZScore_Reversion(20,z=2.0)",SHORT,2026-07-30 23:05:00,2026-07-31 00:55:00,52500.0,52515.0,-11.0
"ZScore_Reversion(20,z=2.0)",SHORT,2026-07-31 04:30:00,2026-07-31 05:35:00,52601.0,52618.0,-12.0
"ZScore_Reversion(20,z=2.0)",LONG,2026-07-31 06:35:00,2026-07-31 07:05:00,52589.0,52605.0,4.5
"ZScore_Reversion(20,z=2.0)",SHORT,2026-07-31 07:15:00,2026-07-31 08:10:00,52685.0,52658.0,10.0
"ZScore_Reversion(20,z=2.0)",LONG,2026-07-31 09:40:00,2026-07-31 10:15:00,52626.0,52641.0,4.0
"ZScore_Reversion(20,z=2.0)",SHORT,2026-07-31 10:35:00,2026-07-31 11:15:00,52707.0,52684.0,8.0
"ZScore_Reversion(20,z=2.0)",LONG,2026-07-31 12:40:00,2026-07-31 13:20:00,52542.0,52598.0,24.5
"ZScore_Reversion(20,z=2.0)",LONG,2026-07-31 13:40:00,2026-07-31 14:40:00,52465.0,52331.0,-70.5
"ZScore_Reversion(20,z=2.0)",SHORT,2026-07-31 17:30:00,2026-07-31 17:50:00,52667.0,52609.0,25.5
"ZScore_Reversion(20,z=2.0)",SHORT,2026-07-31 19:20:00,2026-07-31 19:35:00,52719.0,52669.0,21.5
"ZScore_Reversion(20,z=2.0)",SHORT,2026-07-31 19:45:00,2026-07-31 20:05:00,52757.0,52668.0,41.0
"ZScore_Reversion(20,z=2.0)",LONG,2026-07-31 20:55:00,2026-08-02 22:15:00,52569.0,52840.0,132.0
"ZScore_Reversion(20,z=2.0)",SHORT,2026-08-02 22:15:00,2026-08-02 23:10:00,52840.0,52791.0,21.0
"ZScore_Reversion(20,z=2.0)",SHORT,2026-08-03 00:35:00,2026-08-03 02:30:00,52839.0,52867.0,-17.5
"ZScore_Reversion(20,z=2.0)",SHORT,2026-08-03 03:40:00,2026-08-03 05:10:00,52902.0,52926.0,-15.5
"ZScore_Reversion(20,z=2.0)",LONG,2026-08-03 05:55:00,2026-08-03 06:15:00,52906.0,52922.0,4.5
"ZScore_Reversion(20,z=2.0)",LONG,2026-08-03 06:30:00,2026-08-03 07:10:00,52893.0,52904.0,2.0
"ZScore_Reversion(20,z=2.0)",LONG,2026-08-03 07:20:00,2026-08-03 07:25:00,52869.0,52898.0,11.0
"ZScore_Reversion(20,z=2.0)",SHORT,2026-08-03 07:55:00,2026-08-03 09:25:00,52934.0,52965.0,-19.0
"ZScore_Reversion(20,z=2.0)",SHORT,2026-08-03 10:15:00,2026-08-03 13:35:00,53019.0,53242.0,-115.0
"ZScore_Reversion(20,z=2.0)",LONG,2026-08-03 16:55:00,2026-08-03 17:20:00,53091.0,53132.0,17.0
"ZScore_Reversion(20,z=2.0)",SHORT,2026-08-03 17:40:00,2026-08-03 23:20:00,53208.0,53412.0,-105.5
"ZScore_Reversion(20,z=2.0)",SHORT,2026-08-04 00:40:00,2026-08-04 02:00:00,53461.0,53458.0,-2.0
"ZScore_Reversion(20,z=2.0)",SHORT,2026-08-04 02:55:00,2026-08-04 03:15:00,53487.0,53470.0,5.0
"ZScore_Reversion(20,z=2.0)",LONG,2026-08-04 05:00:00,2026-08-04 06:10:00,53458.0,53451.0,-7.0
"ZScore_Reversion(20,z=2.0)",LONG,2026-08-04 06:35:00,2026-08-04 07:05:00,53431.0,53442.0,2.0
"ZScore_Reversion(20,z=2.0)",LONG,2026-08-04 07:25:00,2026-08-04 07:35:00,53403.0,53425.0,7.5
"ZScore_Reversion(20,z=2.0)",LONG,2026-08-04 08:45:00,2026-08-04 09:25:00,53368.0,53382.0,3.5
"ZScore_Reversion(20,z=2.0)",SHORT,2026-08-04 10:35:00,2026-08-04 13:00:00,53646.0,53947.0,-154.0
"ZScore_Reversion(20,z=2.0)",LONG,2026-08-04 13:45:00,2026-08-04 14:10:00,53902.0,53934.0,12.5
"ZScore_Reversion(20,z=2.0)",LONG,2026-08-04 20:00:00,2026-08-04 20:05:00,54253.0,54319.0,29.5
"ZScore_Reversion(20,z=2.0)",SHORT,2026-08-05 01:00:00,2026-08-05 01:05:00,54397.0,54366.0,12.0
"ZScore_Reversion(20,z=2.0)",SHORT,2026-08-05 02:10:00,2026-08-05 03:25:00,54409.0,54446.0,-22.0
"ZScore_Reversion(20,z=2.0)",SHORT,2026-08-05 04:00:00,2026-08-05 04:20:00,54489.0,54473.0,4.5
"ZScore_Reversion(20,z=2.0)",LONG,2026-08-05 06:25:00,2026-08-05 08:00:00,54431.0,54406.0,-16.0
"ZScore_Reversion(20,z=2.0)",SHORT,2026-08-05 10:35:00,2026-08-05 11:45:00,54447.0,54454.0,-7.0
"ZScore_Reversion(20,z=2.0)",SHORT,2026-08-05 12:05:00,2026-08-05 12:35:00,54528.0,54492.0,14.5
"ZScore_Reversion(20,z=2.0)",SHORT,2026-08-05 13:35:00,2026-08-05 14:55:00,54691.0,54777.0,-46.5
"ZScore_Reversion(20,z=2.0)",LONG,2026-08-05 15:30:00,2026-08-05 16:30:00,54679.0,54688.0,1.0
"ZScore_Reversion(20,z=2.0)",SHORT,2026-08-05 17:35:00,2026-08-05 18:15:00,54703.0,54685.0,5.5
"ZScore_Reversion(20,z=2.0)",LONG,2026-08-05 18:35:00,2026-08-05 20:45:00,54636.0,54573.0,-35.0
"ZScore_Reversion(20,z=2.0)",LONG,2026-08-06 01:25:00,2026-08-06 01:50:00,54558.0,54579.0,7.0
"ZScore_Reversion(20,z=2.0)",SHORT,2026-08-06 02:05:00,2026-08-06 02:25:00,54606.0,54589.0,5.0
"ZScore_Reversion(20,z=2.0)",SHORT,2026-08-06 04:55:00,2026-08-06 05:20:00,54618.0,54613.0,-1.0
"ZScore_Reversion(20,z=2.0)",SHORT,2026-08-06 06:00:00,2026-08-06 06:15:00,54635.0,54584.0,22.0
"ZScore_Reversion(20,z=2.0)",LONG,2026-08-06 06:15:00,2026-08-06 06:35:00,54584.0,54610.0,9.5
"ZScore_Reversion(20,z=2.0)",SHORT,2026-08-06 07:10:00,2026-08-06 07:30:00,54648.0,54631.0,5.0
"ZScore_Reversion(20,z=2.0)",LONG,2026-08-06 08:05:00,2026-08-06 08:10:00,54576.0,54612.0,14.5
"ZScore_Reversion(20,z=2.0)",LONG,2026-08-06 10:35:00,2026-08-06 11:00:00,54632.0,54637.0,-1.0
"ZScore_Reversion(20,z=2.0)",LONG,2026-08-06 11:45:00,2026-08-06 12:15:00,54580.0,54604.0,8.5
"ZScore_Reversion(20,z=2.0)",LONG,2026-08-06 13:35:00,2026-08-06 16:30:00,54516.0,54138.0,-192.5
"ZScore_Reversion(20,z=2.0)",LONG,2026-08-06 17:25:00,2026-08-06 18:00:00,54028.0,54066.0,15.5
"ZScore_Reversion(20,z=2.0)",LONG,2026-08-06 19:30:00,2026-08-06 20:10:00,54020.0,54032.0,2.5
"ZScore_Reversion(20,z=2.0)",LONG,2026-08-07 00:20:00,2026-08-07 00:35:00,53964.0,53984.0,6.5
"ZScore_Reversion(20,z=2.0)",SHORT,2026-08-07 05:05:00,2026-08-07 06:00:00,53915.0,53914.0,-3.0
"ZScore_Reversion(20,z=2.0)",SHORT,2026-08-07 06:10:00,2026-08-07 06:40:00,53937.0,53928.0,1.0
"ZScore_Reversion(20,z=2.0)",SHORT,2026-08-07 07:10:00,2026-08-07 07:45:00,53987.0,53970.0,5.0
"ZScore_Reversion(20,z=2.0)",SHORT,2026-08-07 09:15:00,2026-08-07 12:00:00,54001.0,54051.0,-28.5
"ZScore_Reversion(20,z=2.0)",SHORT,2026-08-07 12:35:00,2026-08-07 13:05:00,54136.0,54126.0,1.5
"ZScore_Reversion(20,z=2.0)",LONG,2026-08-07 13:35:00,2026-08-07 13:40:00,53947.0,54077.0,61.5
"ZScore_Reversion(20,z=2.0)",LONG,2026-08-07 18:15:00,2026-08-07 18:55:00,54038.0,54055.0,5.0
"ZScore_Reversion(20,z=2.0)",SHORT,2026-08-07 19:10:00,2026-08-07 19:55:00,54125.0,54122.0,-2.0
"ZScore_Reversion(20,z=2.0)",LONG,2026-08-09 22:15:00,2026-08-09 23:20:00,54021.0,54045.0,8.5
"ZScore_Reversion(20,z=2.0)",LONG,2026-08-10 00:00:00,2026-08-10 00:25:00,54004.0,54038.0,13.5
"ZScore_Reversion(20,z=2.0)",SHORT,2026-08-10 01:10:00,2026-08-10 01:55:00,54072.0,54061.0,2.0
"ZScore_Reversion(20,z=2.0)",SHORT,2026-08-10 02:40:00,2026-08-10 03:10:00,54095.0,54081.0,3.5
"ZScore_Reversion(20,z=2.0)",SHORT,2026-08-10 04:20:00,2026-08-10 06:15:00,54108.0,54133.0,-16.0
"ZScore_Reversion(20,z=2.0)",LONG,2026-08-10 06:25:00,2026-08-10 07:05:00,54118.0,54135.0,5.0
"ZScore_Reversion(20,z=2.0)",LONG,2026-08-10 10:40:00,2026-08-10 11:35:00,54095.0,54088.0,-7.0
"ZScore_Reversion(20,z=2.0)",SHORT,2026-08-10 12:10:00,2026-08-10 12:25:00,54125.0,54090.0,14.0
"ZScore_Reversion(20,z=2.0)",LONG,2026-08-10 12:50:00,2026-08-10 13:05:00,54031.0,54080.0,21.0
"ZScore_Reversion(20,z=2.0)",LONG,2026-08-10 13:20:00,2026-08-10 13:35:00,54013.0,54060.0,20.0
"ZScore_Reversion(20,z=2.0)",SHORT,2026-08-10 14:50:00,2026-08-10 15:40:00,54147.0,54098.0,21.0
"ZScore_Reversion(20,z=2.0)",LONG,2026-08-10 16:20:00,2026-08-10 18:05:00,54054.0,54012.0,-24.5
"ZScore_Reversion(20,z=2.0)",LONG,2026-08-10 18:15:00,2026-08-10 18:45:00,53978.0,53993.0,4.0
"ZScore_Reversion(20,z=2.0)",SHORT,2026-08-10 20:00:00,2026-08-10 22:05:00,54064.0,54043.0,7.0
"ZScore_Reversion(20,z=2.0)",LONG,2026-08-10 22:35:00,2026-08-10 23:10:00,54011.0,54028.0,5.0
"ZScore_Reversion(20,z=2.0)",SHORT,2026-08-11 00:35:00,2026-08-11 01:45:00,54032.0,54036.0,-5.5
"ZScore_Reversion(20,z=2.0)",SHORT,2026-08-11 03:25:00,2026-08-11 04:20:00,54076.0,54063.0,3.0
"ZScore_Reversion(20,z=2.0)",LONG,2026-08-11 05:25:00,2026-08-11 05:35:00,54060.0,54067.0,0.0
"ZScore_Reversion(20,z=2.0)",LONG,2026-08-11 05:50:00,2026-08-11 07:05:00,54051.0,54023.0,-17.5
"ZScore_Reversion(20,z=2.0)",LONG,2026-08-11 08:15:00,2026-08-11 08:30:00,53978.0,53997.0,6.0
"ZScore_Reversion(20,z=2.0)",SHORT,2026-08-11 10:30:00,2026-08-11 12:30:00,54049.0,54093.0,-25.5
"ZScore_Reversion(20,z=2.0)",SHORT,2026-08-11 13:10:00,2026-08-11 14:10:00,54157.0,54175.0,-12.5
"ZScore_Reversion(20,z=2.0)",LONG,2026-08-11 16:35:00,2026-08-11 17:45:00,53992.0,53991.0,-4.0
"ZScore_Reversion(20,z=2.0)",LONG,2026-08-11 18:10:00,2026-08-11 19:35:00,53950.0,53925.0,-16.0
"ZScore_Reversion(20,z=2.0)",LONG,2026-08-12 00:30:00,2026-08-12 02:05:00,53873.0,53869.0,-5.5
"ZScore_Reversion(20,z=2.0)",SHORT,2026-08-12 02:20:00,2026-08-12 03:20:00,53885.0,53880.0,-1.0
"ZScore_Reversion(20,z=2.0)",SHORT,2026-08-12 04:50:00,2026-08-12 05:20:00,53899.0,53892.0,0.0
"ZScore_Reversion(20,z=2.0)",LONG,2026-08-12 06:15:00,2026-08-12 06:30:00,53871.0,53898.0,10.0
"ZScore_Reversion(20,z=2.0)",LONG,2026-08-12 08:35:00,2026-08-12 08:55:00,53866.0,53888.0,7.5
"ZScore_Reversion(20,z=2.0)",SHORT,2026-08-12 09:25:00,2026-08-12 10:25:00,53956.0,53941.0,4.0
"ZScore_Reversion(20,z=2.0)",SHORT,2026-08-12 11:45:00,2026-08-12 12:05:00,53984.0,53959.0,9.0
"ZScore_Reversion(20,z=2.0)",SHORT,2026-08-12 12:30:00,2026-08-12 13:45:00,54059.0,53944.0,54.0
"ZScore_Reversion(20,z=2.0)",LONG,2026-08-12 13:45:00,2026-08-12 14:25:00,53944.0,53947.0,-2.0
"ZScore_Reversion(20,z=2.0)",SHORT,2026-08-12 18:45:00,2026-08-12 19:15:00,53949.0,53919.0,11.5
"ZScore_Reversion(20,z=2.0)",LONG,2026-08-12 19:55:00,2026-08-12 20:10:00,53860.0,53908.0,20.5
"ZScore_Reversion(20,z=2.0)",SHORT,2026-08-12 23:15:00,2026-08-13 00:15:00,53901.0,53856.0,19.0
"ZScore_Reversion(20,z=2.0)",LONG,2026-08-13 00:15:00,2026-08-13 01:55:00,53856.0,53831.0,-16.0
"ZScore_Reversion(20,z=2.0)",SHORT,2026-08-13 03:50:00,2026-08-13 06:50:00,53849.0,53879.0,-18.5
"ZScore_Reversion(20,z=2.0)",SHORT,2026-08-13 07:00:00,2026-08-13 10:00:00,53907.0,53987.0,-43.5
"ZScore_Reversion(20,z=2.0)",SHORT,2026-08-13 11:25:00,2026-08-13 12:00:00,54002.0,54008.0,-6.5
"ZScore_Reversion(20,z=2.0)",LONG,2026-08-13 13:35:00,2026-08-13 13:40:00,53971.0,54027.0,24.5
"ZScore_Reversion(20,z=2.0)",SHORT,2026-08-13 14:05:00,2026-08-13 14:40:00,54082.0,54061.0,7.0
"ZScore_Reversion(20,z=2.0)",LONG,2026-08-13 15:15:00,2026-08-13 16:30:00,53836.0,53811.0,-16.0
"ZScore_Reversion(20,z=2.0)",SHORT,2026-08-13 18:15:00,2026-08-13 18:25:00,53888.0,53851.0,15.0
"ZScore_Reversion(20,z=2.0)",SHORT,2026-08-13 18:40:00,2026-08-13 19:00:00,53899.0,53873.0,9.5
"ZScore_Reversion(20,z=2.0)",SHORT,2026-08-13 19:25:00,2026-08-13 22:15:00,53933.0,53940.0,-7.0
"ZScore_Reversion(20,z=2.0)",LONG,2026-08-14 00:45:00,2026-08-14 00:55:00,53928.0,53953.0,9.0
"ZScore_Reversion(20,z=2.0)",SHORT,2026-08-14 01:35:00,2026-08-14 02:35:00,53980.0,53983.0,-5.0
"ZScore_Reversion(20,z=2.0)",LONG,2026-08-14 06:00:00,2026-08-14 07:45:00,53944.0,53884.0,-33.5
"ZScore_Reversion(20,z=2.0)",LONG,2026-08-14 11:05:00,2026-08-14 11:35:00,53830.0,53850.0,6.5
"ZScore_Reversion(20,z=2.0)",LONG,2026-08-14 13:15:00,2026-08-14 13:25:00,53806.0,53844.0,15.5
"ZScore_Reversion(20,z=2.0)",SHORT,2026-08-14 13:35:00,2026-08-14 13:40:00,53897.0,53855.0,17.5
"ZScore_Reversion(20,z=2.0)",SHORT,2026-08-14 13:50:00,2026-08-14 14:10:00,53898.0,53883.0,4.0
"ZScore_Reversion(20,z=2.0)",SHORT,2026-08-14 18:15:00,2026-08-14 19:05:00,53839.0,53836.0,-2.0
"ZScore_Reversion(20,z=2.0)",LONG,2026-08-14 19:55:00,2026-08-16 22:10:00,53800.0,53816.0,4.5
"ZScore_Reversion(20,z=2.0)",LONG,2026-08-17 00:10:00,2026-08-17 03:10:00,53806.0,53727.0,-43.0
"ZScore_Reversion(20,z=2.0)",SHORT,2026-08-17 03:40:00,2026-08-17 05:20:00,53743.0,53748.0,-6.0
"ZScore_Reversion(20,z=2.0)",SHORT,2026-08-17 05:35:00,2026-08-17 06:40:00,53764.0,53760.0,-1.5
"ZScore_Reversion(20,z=2.0)",LONG,2026-08-17 07:20:00,2026-08-17 07:30:00,53749.0,53765.0,4.5
"ZScore_Reversion(20,z=2.0)",LONG,2026-08-17 08:05:00,2026-08-17 09:00:00,53724.0,53722.0,-4.5
"ZScore_Reversion(20,z=2.0)",SHORT,2026-08-17 10:30:00,2026-08-17 10:35:00,53801.0,53742.0,26.0
"ZScore_Reversion(20,z=2.0)",LONG,2026-08-17 12:30:00,2026-08-17 13:25:00,53615.0,53630.0,4.0
"ZScore_Reversion(20,z=2.0)",SHORT,2026-08-17 13:50:00,2026-08-17 13:55:00,53713.0,53632.0,37.0
"Stochastic_Reversion(14,20/80)",LONG,2026-06-01 01:15:00,2026-06-01 01:25:00,51105.0,51124.0,6.0
"Stochastic_Reversion(14,20/80)",SHORT,2026-06-01 02:05:00,2026-06-01 03:10:00,51150.0,51147.0,-2.0
"Stochastic_Reversion(14,20/80)",LONG,2026-06-01 03:50:00,2026-06-01 04:45:00,51121.0,51136.0,4.0
"Stochastic_Reversion(14,20/80)",LONG,2026-06-01 05:35:00,2026-06-01 05:45:00,51119.0,51129.0,1.5
"Stochastic_Reversion(14,20/80)",LONG,2026-06-01 06:30:00,2026-06-01 07:05:00,51105.0,51120.0,4.0
"Stochastic_Reversion(14,20/80)",SHORT,2026-06-01 08:30:00,2026-06-01 11:50:00,51178.0,51318.0,-73.5
"Stochastic_Reversion(14,20/80)",LONG,2026-06-01 12:15:00,2026-06-01 15:15:00,51232.0,50951.0,-144.0
"Stochastic_Reversion(14,20/80)",SHORT,2026-06-01 18:20:00,2026-06-01 19:15:00,51101.0,51090.0,2.0
"Stochastic_Reversion(14,20/80)",SHORT,2026-06-01 19:40:00,2026-06-01 20:25:00,51163.0,51124.0,16.0
"Stochastic_Reversion(14,20/80)",LONG,2026-06-01 22:40:00,2026-06-02 01:25:00,51009.0,50923.0,-46.5
"Stochastic_Reversion(14,20/80)",SHORT,2026-06-02 03:30:00,2026-06-02 04:35:00,50920.0,50920.0,-3.5
"Stochastic_Reversion(14,20/80)",SHORT,2026-06-02 05:40:00,2026-06-02 06:00:00,50965.0,50950.0,4.0
"Stochastic_Reversion(14,20/80)",SHORT,2026-06-02 06:35:00,2026-06-02 08:15:00,50980.0,51033.0,-30.0
"Stochastic_Reversion(14,20/80)",LONG,2026-06-02 08:40:00,2026-06-02 10:35:00,51006.0,50941.0,-36.0
"Stochastic_Reversion(14,20/80)",SHORT,2026-06-02 13:45:00,2026-06-02 13:55:00,51233.0,51028.0,99.0
"Stochastic_Reversion(14,20/80)",SHORT,2026-06-02 15:10:00,2026-06-02 16:05:00,51300.0,51255.0,19.0
"Stochastic_Reversion(14,20/80)",SHORT,2026-06-02 17:45:00,2026-06-02 20:00:00,51291.0,51397.0,-56.5
"Stochastic_Reversion(14,20/80)",SHORT,2026-06-02 20:20:00,2026-06-02 22:05:00,51429.0,51406.0,8.0
"Stochastic_Reversion(14,20/80)",LONG,2026-06-02 22:25:00,2026-06-02 23:40:00,51399.0,51359.0,-23.5
"Stochastic_Reversion(14,20/80)",SHORT,2026-06-03 00:05:00,2026-06-03 00:50:00,51404.0,51383.0,7.0
"Stochastic_Reversion(14,20/80)",LONG,2026-06-03 01:10:00,2026-06-03 01:45:00,51375.0,51385.0,1.5
"Stochastic_Reversion(14,20/80)",LONG,2026-06-03 05:55:00,2026-06-03 08:35:00,51342.0,51276.0,-36.5
"Stochastic_Reversion(14,20/80)",LONG,2026-06-03 09:35:00,2026-06-03 10:10:00,51210.0,51241.0,12.0
"Stochastic_Reversion(14,20/80)",SHORT,2026-06-03 11:40:00,2026-06-03 12:05:00,51279.0,51237.0,17.5
"Stochastic_Reversion(14,20/80)",LONG,2026-06-03 12:35:00,2026-06-03 13:10:00,51173.0,51205.0,12.5
"Stochastic_Reversion(14,20/80)",LONG,2026-06-03 13:30:00,2026-06-03 13:35:00,51102.0,51219.0,55.0
"Stochastic_Reversion(14,20/80)",LONG,2026-06-03 14:10:00,2026-06-03 16:05:00,51077.0,50961.0,-61.5
"Stochastic_Reversion(14,20/80)",LONG,2026-06-03 19:05:00,2026-06-03 22:05:00,50900.0,50819.0,-44.0
"Stochastic_Reversion(14,20/80)",LONG,2026-06-04 02:05:00,2026-06-04 02:50:00,50792.0,50797.0,-1.0
"Stochastic_Reversion(14,20/80)",SHORT,2026-06-04 03:25:00,2026-06-04 03:45:00,50795.0,50770.0,9.0
"Stochastic_Reversion(14,20/80)",SHORT,2026-06-04 04:25:00,2026-06-04 05:10:00,50810.0,50782.0,10.5
"Stochastic_Reversion(14,20/80)",SHORT,2026-06-04 07:15:00,2026-06-04 08:50:00,50902.0,50923.0,-14.0
"Stochastic_Reversion(14,20/80)",SHORT,2026-06-04 09:50:00,2026-06-04 10:45:00,51037.0,51004.0,13.0
"Stochastic_Reversion(14,20/80)",SHORT,2026-06-04 11:25:00,2026-06-04 13:35:00,51136.0,51303.0,-87.0
"Stochastic_Reversion(14,20/80)",SHORT,2026-06-04 13:55:00,2026-06-04 17:05:00,51489.0,51670.0,-94.0
"Stochastic_Reversion(14,20/80)",LONG,2026-06-04 17:20:00,2026-06-04 18:20:00,51613.0,51598.0,-11.0
"Stochastic_Reversion(14,20/80)",SHORT,2026-06-04 19:15:00,2026-06-04 19:55:00,51701.0,51695.0,-0.5
"Stochastic_Reversion(14,20/80)",LONG,2026-06-04 20:35:00,2026-06-04 22:35:00,51662.0,51659.0,-5.0
"Stochastic_Reversion(14,20/80)",SHORT,2026-06-04 23:00:00,2026-06-04 23:20:00,51680.0,51656.0,8.5
"Stochastic_Reversion(14,20/80)",LONG,2026-06-05 00:05:00,2026-06-05 01:05:00,51614.0,51626.0,2.5
"Stochastic_Reversion(14,20/80)",SHORT,2026-06-05 01:20:00,2026-06-05 01:25:00,51636.0,51615.0,7.0
"Stochastic_Reversion(14,20/80)",LONG,2026-06-05 02:55:00,2026-06-05 03:35:00,51594.0,51610.0,4.5
"Stochastic_Reversion(14,20/80)",SHORT,2026-06-05 05:00:00,2026-06-05 05:10:00,51632.0,51617.0,4.0
"Stochastic_Reversion(14,20/80)",SHORT,2026-06-05 07:35:00,2026-06-05 08:00:00,51694.0,51659.0,14.0
"Stochastic_Reversion(14,20/80)",SHORT,2026-06-05 09:00:00,2026-06-05 09:20:00,51699.0,51731.0,-19.5
"Stochastic_Reversion(14,20/80)",LONG,2026-06-05 13:50:00,2026-06-05 14:55:00,51458.0,51504.0,19.5
"Stochastic_Reversion(14,20/80)",LONG,2026-06-05 15:50:00,2026-06-05 17:00:00,51335.0,51257.0,-42.5
"Stochastic_Reversion(14,20/80)",LONG,2026-06-05 18:20:00,2026-06-05 19:55:00,51137.0,51017.0,-63.5
"Stochastic_Reversion(14,20/80)",LONG,2026-06-05 20:15:00,2026-06-07 22:10:00,50789.0,50733.0,-31.5
"Stochastic_Reversion(14,20/80)",SHORT,2026-06-08 00:00:00,2026-06-08 01:15:00,50857.0,50818.0,16.0
"Stochastic_Reversion(14,20/80)",SHORT,2026-06-08 03:45:00,2026-06-08 04:15:00,50853.0,50838.0,4.0
"Stochastic_Reversion(14,20/80)",LONG,2026-06-08 04:50:00,2026-06-08 06:25:00,50787.0,50745.0,-24.5
"Stochastic_Reversion(14,20/80)",SHORT,2026-06-08 07:45:00,2026-06-08 08:15:00,50852.0,50792.0,26.5
"Stochastic_Reversion(14,20/80)",SHORT,2026-06-08 09:30:00,2026-06-08 10:25:00,50803.0,50836.0,-20.0
"Stochastic_Reversion(14,20/80)",SHORT,2026-06-08 11:45:00,2026-06-08 12:50:00,51078.0,51079.0,-4.0
"Stochastic_Reversion(14,20/80)",LONG,2026-06-08 13:10:00,2026-06-08 13:35:00,51004.0,51168.0,78.5
"Stochastic_Reversion(14,20/80)",LONG,2026-06-08 17:10:00,2026-06-08 18:05:00,50878.0,50922.0,18.5
"Stochastic_Reversion(14,20/80)",LONG,2026-06-08 22:00:00,2026-06-08 22:40:00,50800.0,50790.0,-8.5
"Stochastic_Reversion(14,20/80)",LONG,2026-06-09 00:15:00,2026-06-09 01:15:00,50722.0,50728.0,-0.5
"Stochastic_Reversion(14,20/80)",SHORT,2026-06-09 01:55:00,2026-06-09 02:55:00,50839.0,50852.0,-10.0
"Stochastic_Reversion(14,20/80)",SHORT,2026-06-09 03:20:00,2026-06-09 03:25:00,50882.0,50860.0,7.5
"Stochastic_Reversion(14,20/80)",LONG,2026-06-09 06:15:00,2026-06-09 07:05:00,50889.0,50938.0,21.0
"Stochastic_Reversion(14,20/80)",SHORT,2026-06-09 08:50:00,2026-06-09 10:10:00,50956.0,50925.0,12.0
"Stochastic_Reversion(14,20/80)",SHORT,2026-06-09 12:40:00,2026-06-09 14:15:00,51039.0,51087.0,-27.5
"Stochastic_Reversion(14,20/80)",LONG,2026-06-09 15:35:00,2026-06-09 16:35:00,50552.0,50582.0,11.5
"Stochastic_Reversion(14,20/80)",SHORT,2026-06-09 17:40:00,2026-06-09 19:20:00,50723.0,50801.0,-42.5
"Stochastic_Reversion(14,20/80)",LONG,2026-06-09 19:45:00,2026-06-09 19:55:00,50750.0,50890.0,66.5
"Stochastic_Reversion(14,20/80)",LONG,2026-06-09 22:40:00,2026-06-09 23:50:00,50783.0,50764.0,-13.0
"Stochastic_Reversion(14,20/80)",SHORT,2026-06-10 01:25:00,2026-06-10 02:05:00,50877.0,50842.0,14.0
"Stochastic_Reversion(14,20/80)",LONG,2026-06-10 03:50:00,2026-06-10 05:30:00,50814.0,50828.0,3.5
"Stochastic_Reversion(14,20/80)",SHORT,2026-06-10 06:10:00,2026-06-10 06:35:00,50843.0,50813.0,11.5
"Stochastic_Reversion(14,20/80)",LONG,2026-06-10 07:10:00,2026-06-10 09:40:00,50780.0,50582.0,-102.5
"Stochastic_Reversion(14,20/80)",SHORT,2026-06-10 13:55:00,2026-06-10 14:40:00,50772.0,50630.0,67.5
"Stochastic_Reversion(14,20/80)",LONG,2026-06-10 15:00:00,2026-06-10 16:30:00,50435.0,50327.0,-57.5
"Stochastic_Reversion(14,20/80)",LONG,2026-06-10 17:45:00,2026-06-10 17:50:00,50139.0,50271.0,62.5
"Stochastic_Reversion(14,20/80)",LONG,2026-06-10 18:55:00,2026-06-10 22:20:00,50170.0,49904.0,-136.5
"Stochastic_Reversion(14,20/80)",SHORT,2026-06-11 01:25:00,2026-06-11 02:00:00,50085.0,50005.0,36.5
"Stochastic_Reversion(14,20/80)",LONG,2026-06-11 02:35:00,2026-06-11 03:00:00,49978.0,50031.0,23.0
"Stochastic_Reversion(14,20/80)",SHORT,2026-06-11 03:50:00,2026-06-11 05:15:00,50080.0,50131.0,-29.0
"Stochastic_Reversion(14,20/80)",SHORT,2026-06-11 07:00:00,2026-06-11 08:30:00,50181.0,50288.0,-57.0
"Stochastic_Reversion(14,20/80)",SHORT,2026-06-11 09:10:00,2026-06-11 10:05:00,50331.0,50356.0,-16.0
"Stochastic_Reversion(14,20/80)",SHORT,2026-06-11 12:05:00,2026-06-11 12:20:00,50380.0,50320.0,26.5
"Stochastic_Reversion(14,20/80)",SHORT,2026-06-11 16:20:00,2026-06-11 16:30:00,50399.0,50279.0,56.5
"Stochastic_Reversion(14,20/80)",LONG,2026-06-11 17:25:00,2026-06-11 17:30:00,50204.0,50632.0,210.5
"Stochastic_Reversion(14,20/80)",SHORT,2026-06-11 17:50:00,2026-06-11 20:00:00,50776.0,50870.0,-50.5
"Stochastic_Reversion(14,20/80)",SHORT,2026-06-11 22:20:00,2026-06-11 23:10:00,50970.0,50934.0,14.5
"Stochastic_Reversion(14,20/80)",LONG,2026-06-12 00:50:00,2026-06-12 01:50:00,50915.0,50901.0,-10.5
"Stochastic_Reversion(14,20/80)",SHORT,2026-06-12 02:15:00,2026-06-12 03:00:00,50932.0,50926.0,-0.5
"Stochastic_Reversion(14,20/80)",LONG,2026-06-12 03:20:00,2026-06-12 03:45:00,50894.0,50913.0,6.0
"Stochastic_Reversion(14,20/80)",SHORT,2026-06-12 04:40:00,2026-06-12 05:35:00,50929.0,50913.0,4.5
"Stochastic_Reversion(14,20/80)",SHORT,2026-06-12 06:15:00,2026-06-12 06:35:00,50934.0,50899.0,14.0
"Stochastic_Reversion(14,20/80)",SHORT,2026-06-12 07:50:00,2026-06-12 10:15:00,51274.0,51600.0,-166.5
"Stochastic_Reversion(14,20/80)",LONG,2026-06-12 10:35:00,2026-06-12 11:25:00,51512.0,51596.0,38.5
"Stochastic_Reversion(14,20/80)",SHORT,2026-06-12 12:00:00,2026-06-12 12:10:00,51620.0,51576.0,18.5
"Stochastic_Reversion(14,20/80)",LONG,2026-06-12 12:35:00,2026-06-12 13:15:00,51547.0,51515.0,-19.5
"Stochastic_Reversion(14,20/80)",LONG,2026-06-12 13:55:00,2026-06-12 14:10:00,51286.0,51457.0,82.0
"Stochastic_Reversion(14,20/80)",SHORT,2026-06-12 15:05:00,2026-06-12 15:50:00,51736.0,51542.0,93.5
"Stochastic_Reversion(14,20/80)",LONG,2026-06-12 16:10:00,2026-06-12 16:50:00,51491.0,51602.0,52.0
"Stochastic_Reversion(14,20/80)",SHORT,2026-06-12 17:25:00,2026-06-12 18:00:00,51665.0,51610.0,24.0
"Stochastic_Reversion(14,20/80)",SHORT,2026-06-12 20:25:00,2026-06-12 20:50:00,51648.0,51608.0,16.5
"Stochastic_Reversion(14,20/80)",SHORT,2026-06-14 22:25:00,2026-06-14 23:20:00,51949.0,51867.0,37.5
"Stochastic_Reversion(14,20/80)",SHORT,2026-06-15 00:05:00,2026-06-15 03:40:00,51943.0,52059.0,-61.5
"Stochastic_Reversion(14,20/80)",SHORT,2026-06-15 04:45:00,2026-06-15 06:10:00,52070.0,52116.0,-26.5
"Stochastic_Reversion(14,20/80)",LONG,2026-06-15 07:00:00,2026-06-15 07:05:00,52098.0,52115.0,5.0
"Stochastic_Reversion(14,20/80)",LONG,2026-06-15 08:25:00,2026-06-15 09:05:00,52054.0,52115.0,27.0
"Stochastic_Reversion(14,20/80)",LONG,2026-06-15 09:50:00,2026-06-15 10:30:00,52018.0,52051.0,13.0
"Stochastic_Reversion(14,20/80)",SHORT,2026-06-15 11:30:00,2026-06-15 11:50:00,52138.0,52082.0,24.5
"Stochastic_Reversion(14,20/80)",SHORT,2026-06-15 12:55:00,2026-06-15 13:45:00,52151.0,52173.0,-14.5
"Stochastic_Reversion(14,20/80)",SHORT,2026-06-15 15:00:00,2026-06-15 16:45:00,52270.0,52318.0,-27.5
"Stochastic_Reversion(14,20/80)",LONG,2026-06-15 18:00:00,2026-06-15 19:15:00,52276.0,52250.0,-16.5
"Stochastic_Reversion(14,20/80)",LONG,2026-06-15 23:15:00,2026-06-15 23:30:00,52083.0,52108.0,9.0
"Stochastic_Reversion(14,20/80)",SHORT,2026-06-16 00:25:00,2026-06-16 00:40:00,52124.0,52116.0,0.5
"Stochastic_Reversion(14,20/80)",SHORT,2026-06-16 02:40:00,2026-06-16 03:55:00,52145.0,52143.0,-2.5
"Stochastic_Reversion(14,20/80)",LONG,2026-06-16 04:20:00,2026-06-16 05:05:00,52137.0,52149.0,2.5
"Stochastic_Reversion(14,20/80)",SHORT,2026-06-16 05:15:00,2026-06-16 05:35:00,52172.0,52125.0,20.0
"Stochastic_Reversion(14,20/80)",SHORT,2026-06-16 07:05:00,2026-06-16 07:50:00,52189.0,52195.0,-6.5
"Stochastic_Reversion(14,20/80)",LONG,2026-06-16 08:35:00,2026-06-16 10:05:00,52170.0,52176.0,-0.5
"Stochastic_Reversion(14,20/80)",SHORT,2026-06-16 12:40:00,2026-06-16 13:55:00,52239.0,52383.0,-75.5
"Stochastic_Reversion(14,20/80)",SHORT,2026-06-16 15:45:00,2026-06-16 17:20:00,52518.0,52588.0,-38.5
"Stochastic_Reversion(14,20/80)",LONG,2026-06-16 18:15:00,2026-06-16 19:25:00,52540.0,52518.0,-14.5
"Stochastic_Reversion(14,20/80)",LONG,2026-06-16 20:20:00,2026-06-16 22:10:00,52441.0,52473.0,12.5
"Stochastic_Reversion(14,20/80)",SHORT,2026-06-16 22:30:00,2026-06-17 00:00:00,52495.0,52515.0,-13.5
"Stochastic_Reversion(14,20/80)",LONG,2026-06-17 02:25:00,2026-06-17 03:45:00,52532.0,52531.0,-4.0
"Stochastic_Reversion(14,20/80)",SHORT,2026-06-17 04:00:00,2026-06-17 04:25:00,52537.0,52525.0,2.5
"Stochastic_Reversion(14,20/80)",LONG,2026-06-17 06:30:00,2026-06-17 06:35:00,52475.0,52506.0,12.0
"Stochastic_Reversion(14,20/80)",SHORT,2026-06-17 06:45:00,2026-06-17 07:25:00,52512.0,52486.0,9.5
"Stochastic_Reversion(14,20/80)",LONG,2026-06-17 08:00:00,2026-06-17 08:55:00,52463.0,52454.0,-8.0
"Stochastic_Reversion(14,20/80)",SHORT,2026-06-17 09:30:00,2026-06-17 09:55:00,52475.0,52449.0,9.5
"Stochastic_Reversion(14,20/80)",SHORT,2026-06-17 14:00:00,2026-06-17 14:50:00,52639.0,52572.0,30.0
"Stochastic_Reversion(14,20/80)",SHORT,2026-06-17 15:45:00,2026-06-17 16:35:00,52705.0,52640.0,29.0
"Stochastic_Reversion(14,20/80)",LONG,2026-06-17 17:35:00,2026-06-17 17:55:00,52555.0,52615.0,26.5
"Stochastic_Reversion(14,20/80)",LONG,2026-06-17 19:30:00,2026-06-17 20:30:00,52018.0,52024.0,-0.5
"Stochastic_Reversion(14,20/80)",SHORT,2026-06-17 20:50:00,2026-06-18 01:00:00,52040.0,52207.0,-87.0
"Stochastic_Reversion(14,20/80)",SHORT,2026-06-18 02:55:00,2026-06-18 03:15:00,52241.0,52217.0,8.5
"Stochastic_Reversion(14,20/80)",LONG,2026-06-18 04:50:00,2026-06-18 05:40:00,52199.0,52205.0,-0.5
"Stochastic_Reversion(14,20/80)",LONG,2026-06-18 06:00:00,2026-06-18 06:25:00,52184.0,52182.0,-4.5
"Stochastic_Reversion(14,20/80)",SHORT,2026-06-18 07:10:00,2026-06-18 07:15:00,52254.0,52198.0,24.5
"Stochastic_Reversion(14,20/80)",LONG,2026-06-18 08:35:00,2026-06-18 09:20:00,52217.0,52208.0,-8.0
"Stochastic_Reversion(14,20/80)",SHORT,2026-06-18 09:50:00,2026-06-18 10:30:00,52254.0,52222.0,12.5
"Stochastic_Reversion(14,20/80)",LONG,2026-06-18 10:50:00,2026-06-18 12:10:00,52169.0,52085.0,-45.5
"Stochastic_Reversion(14,20/80)",SHORT,2026-06-18 12:30:00,2026-06-18 13:40:00,52171.0,52196.0,-16.0
"Stochastic_Reversion(14,20/80)",LONG,2026-06-18 14:10:00,2026-06-18 14:45:00,52119.0,52169.0,21.5
"Stochastic_Reversion(14,20/80)",LONG,2026-06-18 15:50:00,2026-06-18 16:30:00,52064.0,52085.0,7.0
"Stochastic_Reversion(14,20/80)",SHORT,2026-06-18 17:20:00,2026-06-18 17:40:00,52179.0,52091.0,40.5
"Stochastic_Reversion(14,20/80)",LONG,2026-06-18 18:20:00,2026-06-18 19:20:00,52058.0,52022.0,-21.5
"Stochastic_Reversion(14,20/80)",LONG,2026-06-18 22:30:00,2026-06-18 23:30:00,51997.0,51994.0,-5.0
"Stochastic_Reversion(14,20/80)",SHORT,2026-06-19 00:00:00,2026-06-19 00:10:00,52005.0,51989.0,4.5
"Stochastic_Reversion(14,20/80)",LONG,2026-06-19 01:35:00,2026-06-19 03:40:00,51936.0,51875.0,-34.0
"Stochastic_Reversion(14,20/80)",LONG,2026-06-22 00:00:00,2026-06-22 00:05:00,51762.0,51828.0,29.5
"Stochastic_Reversion(14,20/80)",SHORT,2026-06-22 00:35:00,2026-06-22 02:10:00,51896.0,51919.0,-15.0
"Stochastic_Reversion(14,20/80)",LONG,2026-06-22 02:25:00,2026-06-22 03:50:00,51901.0,51873.0,-17.5
"Stochastic_Reversion(14,20/80)",LONG,2026-06-22 04:10:00,2026-06-22 05:10:00,51844.0,51859.0,4.0
"Stochastic_Reversion(14,20/80)",SHORT,2026-06-22 06:00:00,2026-06-22 07:55:00,51897.0,51938.0,-24.0
"Stochastic_Reversion(14,20/80)",SHORT,2026-06-22 09:15:00,2026-06-22 14:40:00,52033.0,52089.0,-31.5
"Stochastic_Reversion(14,20/80)",SHORT,2026-06-22 16:25:00,2026-06-22 19:00:00,52146.0,52028.0,55.5
"Stochastic_Reversion(14,20/80)",SHORT,2026-06-22 20:00:00,2026-06-22 22:00:00,52114.0,52165.0,-29.0
"Stochastic_Reversion(14,20/80)",SHORT,2026-06-22 22:15:00,2026-06-22 23:10:00,52173.0,52137.0,14.5
"Stochastic_Reversion(14,20/80)",LONG,2026-06-22 23:20:00,2026-06-22 23:45:00,52116.0,52142.0,9.5
"Stochastic_Reversion(14,20/80)",SHORT,2026-06-23 00:30:00,2026-06-23 01:40:00,52165.0,52185.0,-13.5
"Stochastic_Reversion(14,20/80)",LONG,2026-06-23 03:15:00,2026-06-23 04:05:00,52090.0,52094.0,-1.5
"Stochastic_Reversion(14,20/80)",LONG,2026-06-23 04:50:00,2026-06-23 08:25:00,52038.0,51759.0,-143.0
"Stochastic_Reversion(14,20/80)",SHORT,2026-06-23 08:45:00,2026-06-23 10:35:00,51802.0,51837.0,-21.0
"Stochastic_Reversion(14,20/80)",SHORT,2026-06-23 14:25:00,2026-06-23 15:20:00,52182.0,52080.0,47.5
"Stochastic_Reversion(14,20/80)",LONG,2026-06-23 15:30:00,2026-06-23 15:50:00,52051.0,52116.0,29.0
"Stochastic_Reversion(14,20/80)",SHORT,2026-06-23 16:20:00,2026-06-23 17:45:00,52196.0,52227.0,-19.0
"Stochastic_Reversion(14,20/80)",LONG,2026-06-23 18:05:00,2026-06-23 19:15:00,52185.0,52118.0,-37.0
"Stochastic_Reversion(14,20/80)",LONG,2026-06-23 22:35:00,2026-06-23 23:15:00,52024.0,52041.0,5.0
"Stochastic_Reversion(14,20/80)",SHORT,2026-06-24 00:00:00,2026-06-24 00:25:00,52087.0,52056.0,12.0
"Stochastic_Reversion(14,20/80)",LONG,2026-06-24 03:05:00,2026-06-24 03:15:00,51999.0,52055.0,24.5
"Stochastic_Reversion(14,20/80)",SHORT,2026-06-24 03:40:00,2026-06-24 04:20:00,52068.0,52025.0,18.0
"Stochastic_Reversion(14,20/80)",SHORT,2026-06-24 04:50:00,2026-06-24 05:00:00,52078.0,52052.0,9.5
"Stochastic_Reversion(14,20/80)",SHORT,2026-06-24 10:45:00,2026-06-24 10:55:00,52064.0,52024.0,16.5
"Stochastic_Reversion(14,20/80)",SHORT,2026-06-24 12:05:00,2026-06-24 12:40:00,52154.0,52087.0,30.0
"Stochastic_Reversion(14,20/80)",LONG,2026-06-24 13:00:00,2026-06-24 13:35:00,52046.0,52118.0,32.5
"Stochastic_Reversion(14,20/80)",SHORT,2026-06-24 14:40:00,2026-06-24 16:10:00,52262.0,52557.0,-151.0
"Stochastic_Reversion(14,20/80)",LONG,2026-06-24 16:45:00,2026-06-24 18:20:00,52514.0,52307.0,-107.0
"Stochastic_Reversion(14,20/80)",SHORT,2026-06-24 18:40:00,2026-06-24 19:10:00,52377.0,52294.0,38.0
"Stochastic_Reversion(14,20/80)",LONG,2026-06-24 19:45:00,2026-06-24 19:55:00,52226.0,52299.0,33.0
"Stochastic_Reversion(14,20/80)",SHORT,2026-06-24 20:25:00,2026-06-24 22:15:00,52347.0,52321.0,9.5
"Stochastic_Reversion(14,20/80)",LONG,2026-06-24 22:35:00,2026-06-24 23:25:00,52311.0,52313.0,-2.5
"Stochastic_Reversion(14,20/80)",SHORT,2026-06-24 23:45:00,2026-06-25 00:05:00,52342.0,52294.0,20.5
"Stochastic_Reversion(14,20/80)",LONG,2026-06-25 00:40:00,2026-06-25 01:35:00,52280.0,52280.0,-3.5
"Stochastic_Reversion(14,20/80)",SHORT,2026-06-25 03:30:00,2026-06-25 04:15:00,52290.0,52270.0,6.5
"Stochastic_Reversion(14,20/80)",SHORT,2026-06-25 05:40:00,2026-06-25 07:30:00,52272.0,52345.0,-40.0
"Stochastic_Reversion(14,20/80)",LONG,2026-06-25 12:05:00,2026-06-25 12:35:00,52345.0,52422.0,35.0
"Stochastic_Reversion(14,20/80)",SHORT,2026-06-25 14:15:00,2026-06-25 15:15:00,52826.0,52678.0,70.5
"Stochastic_Reversion(14,20/80)",LONG,2026-06-25 15:45:00,2026-06-25 18:00:00,52697.0,52440.0,-132.0
"Stochastic_Reversion(14,20/80)",LONG,2026-06-25 19:40:00,2026-06-25 20:00:00,52369.0,52365.0,-5.5
"Stochastic_Reversion(14,20/80)",SHORT,2026-06-25 20:30:00,2026-06-25 22:10:00,52501.0,52418.0,38.0
"Stochastic_Reversion(14,20/80)",LONG,2026-06-25 22:25:00,2026-06-25 23:10:00,52422.0,52427.0,-1.0
"Stochastic_Reversion(14,20/80)",SHORT,2026-06-25 23:25:00,2026-06-25 23:40:00,52508.0,52434.0,33.5
"Stochastic_Reversion(14,20/80)",LONG,2026-06-25 23:55:00,2026-06-26 00:10:00,52387.0,52442.0,24.0
"Stochastic_Reversion(14,20/80)",LONG,2026-06-26 01:40:00,2026-06-26 03:55:00,52357.0,52248.0,-58.0
"Stochastic_Reversion(14,20/80)",SHORT,2026-06-26 04:05:00,2026-06-26 04:40:00,52265.0,52231.0,13.5
"Stochastic_Reversion(14,20/80)",LONG,2026-06-26 05:50:00,2026-06-26 06:00:00,52185.0,52222.0,15.0
"Stochastic_Reversion(14,20/80)",SHORT,2026-06-26 06:40:00,2026-06-26 08:35:00,52320.0,52398.0,-42.5
"Stochastic_Reversion(14,20/80)",LONG,2026-06-26 09:30:00,2026-06-26 10:15:00,52277.0,52289.0,2.5
"Stochastic_Reversion(14,20/80)",SHORT,2026-06-26 12:15:00,2026-06-26 12:25:00,52364.0,52288.0,34.5
"Stochastic_Reversion(14,20/80)",LONG,2026-06-26 13:20:00,2026-06-26 14:00:00,52168.0,52190.0,7.5
"Stochastic_Reversion(14,20/80)",SHORT,2026-06-26 14:15:00,2026-06-26 15:15:00,52313.0,52299.0,3.5
"Stochastic_Reversion(14,20/80)",SHORT,2026-06-26 15:35:00,2026-06-26 16:10:00,52467.0,52387.0,36.5
"Stochastic_Reversion(14,20/80)",LONG,2026-06-26 18:00:00,2026-06-26 19:20:00,52313.0,52294.0,-13.0
"Stochastic_Reversion(14,20/80)",SHORT,2026-06-28 22:25:00,2026-06-29 00:05:00,52304.0,52374.0,-38.5
"Stochastic_Reversion(14,20/80)",LONG,2026-06-29 00:35:00,2026-06-29 01:40:00,52342.0,52330.0,-9.5
"Stochastic_Reversion(14,20/80)",SHORT,2026-06-29 02:40:00,2026-06-29 03:35:00,52363.0,52346.0,5.0
"Stochastic_Reversion(14,20/80)",SHORT,2026-06-29 05:50:00,2026-06-29 06:10:00,52408.0,52394.0,3.5
"Stochastic_Reversion(14,20/80)",LONG,2026-06-29 07:00:00,2026-06-29 07:20:00,52353.0,52358.0,-1.0
"Stochastic_Reversion(14,20/80)",SHORT,2026-06-29 07:45:00,2026-06-29 08:30:00,52396.0,52398.0,-4.5
"Stochastic_Reversion(14,20/80)",SHORT,2026-06-29 10:45:00,2026-06-29 11:20:00,52412.0,52412.0,-3.5
"Stochastic_Reversion(14,20/80)",SHORT,2026-06-29 13:55:00,2026-06-29 14:10:00,52636.0,52478.0,75.5
"Stochastic_Reversion(14,20/80)",SHORT,2026-06-29 17:50:00,2026-06-29 18:55:00,52587.0,52612.0,-16.0
"Stochastic_Reversion(14,20/80)",LONG,2026-06-29 19:30:00,2026-06-29 20:25:00,52575.0,52577.0,-2.5
"Stochastic_Reversion(14,20/80)",LONG,2026-06-29 22:40:00,2026-06-29 23:10:00,52523.0,52548.0,9.0
"Stochastic_Reversion(14,20/80)",LONG,2026-06-29 23:55:00,2026-06-30 00:15:00,52506.0,52523.0,5.0
"Stochastic_Reversion(14,20/80)",SHORT,2026-06-30 03:40:00,2026-06-30 04:55:00,52553.0,52574.0,-14.0
"Stochastic_Reversion(14,20/80)",LONG,2026-06-30 05:40:00,2026-06-30 05:55:00,52577.0,52587.0,1.5
"Stochastic_Reversion(14,20/80)",SHORT,2026-06-30 07:10:00,2026-06-30 07:15:00,52617.0,52592.0,9.0
"Stochastic_Reversion(14,20/80)",SHORT,2026-06-30 09:15:00,2026-06-30 10:15:00,52639.0,52633.0,-0.5
"Stochastic_Reversion(14,20/80)",LONG,2026-06-30 12:10:00,2026-06-30 13:20:00,52556.0,52549.0,-7.0
"Stochastic_Reversion(14,20/80)",SHORT,2026-06-30 16:20:00,2026-06-30 17:15:00,52723.0,52716.0,0.0
"Stochastic_Reversion(14,20/80)",LONG,2026-06-30 20:50:00,2026-06-30 22:30:00,52575.0,52600.0,9.0
"Stochastic_Reversion(14,20/80)",SHORT,2026-07-01 00:30:00,2026-07-01 01:05:00,52602.0,52565.0,15.0
"Stochastic_Reversion(14,20/80)",LONG,2026-07-01 01:35:00,2026-07-01 03:40:00,52545.0,52486.0,-33.0
"Stochastic_Reversion(14,20/80)",SHORT,2026-07-01 08:30:00,2026-07-01 09:20:00,52550.0,52531.0,6.0
"Stochastic_Reversion(14,20/80)",SHORT,2026-07-01 10:30:00,2026-07-01 11:35:00,52553.0,52552.0,-3.0
"Stochastic_Reversion(14,20/80)",LONG,2026-07-01 12:00:00,2026-07-01 12:20:00,52520.0,52541.0,7.0
"Stochastic_Reversion(14,20/80)",SHORT,2026-07-01 14:05:00,2026-07-01 16:50:00,52647.0,52941.0,-150.5
"Stochastic_Reversion(14,20/80)",LONG,2026-07-01 17:10:00,2026-07-01 19:20:00,52839.0,52737.0,-54.5
"Stochastic_Reversion(14,20/80)",LONG,2026-07-01 20:15:00,2026-07-01 22:25:00,52610.0,52610.0,-3.5
"Stochastic_Reversion(14,20/80)",SHORT,2026-07-02 01:10:00,2026-07-02 03:25:00,52617.0,52711.0,-50.5
"Stochastic_Reversion(14,20/80)",LONG,2026-07-02 04:20:00,2026-07-02 05:10:00,52691.0,52693.0,-2.5
"Stochastic_Reversion(14,20/80)",LONG,2026-07-02 05:45:00,2026-07-02 07:40:00,52659.0,52607.0,-29.5
"Stochastic_Reversion(14,20/80)",SHORT,2026-07-02 07:55:00,2026-07-02 09:10:00,52644.0,52672.0,-17.5
"Stochastic_Reversion(14,20/80)",SHORT,2026-07-02 10:30:00,2026-07-02 11:45:00,52735.0,52751.0,-11.5
"Stochastic_Reversion(14,20/80)",LONG,2026-07-02 17:45:00,2026-07-02 18:10:00,52813.0,52914.0,47.0
"Stochastic_Reversion(14,20/80)",SHORT,2026-07-02 18:45:00,2026-07-02 19:20:00,53017.0,52932.0,39.0
"Stochastic_Reversion(14,20/80)",SHORT,2026-07-02 19:50:00,2026-07-02 22:05:00,53071.0,53156.0,-46.0
"Stochastic_Reversion(14,20/80)",SHORT,2026-07-02 22:50:00,2026-07-03 02:20:00,53185.0,53337.0,-79.5
"Stochastic_Reversion(14,20/80)",LONG,2026-07-03 02:50:00,2026-07-03 03:30:00,53323.0,53337.0,3.5
"Stochastic_Reversion(14,20/80)",LONG,2026-07-05 22:15:00,2026-07-05 23:10:00,53153.0,53195.0,17.5
"Stochastic_Reversion(14,20/80)",SHORT,2026-07-05 23:45:00,2026-07-06 01:20:00,53208.0,53266.0,-32.5
"Stochastic_Reversion(14,20/80)",LONG,2026-07-06 03:20:00,2026-07-06 04:15:00,53172.0,53175.0,-2.0
"Stochastic_Reversion(14,20/80)",SHORT,2026-07-06 05:25:00,2026-07-06 05:35:00,53197.0,53174.0,8.0
"Stochastic_Reversion(14,20/80)",SHORT,2026-07-06 07:25:00,2026-07-06 08:55:00,53233.0,53229.0,-1.5
"Stochastic_Reversion(14,20/80)",LONG,2026-07-06 11:20:00,2026-07-06 12:20:00,53167.0,53139.0,-17.5
"Stochastic_Reversion(14,20/80)",SHORT,2026-07-06 15:05:00,2026-07-06 16:05:00,53173.0,53169.0,-1.5
"Stochastic_Reversion(14,20/80)",SHORT,2026-07-06 16:55:00,2026-07-06 17:45:00,53224.0,53208.0,4.5
"Stochastic_Reversion(14,20/80)",SHORT,2026-07-06 18:35:00,2026-07-06 22:00:00,53276.0,53405.0,-68.0
"Stochastic_Reversion(14,20/80)",SHORT,2026-07-06 22:25:00,2026-07-06 23:20:00,53428.0,53424.0,-1.5
"Stochastic_Reversion(14,20/80)",LONG,2026-07-06 23:40:00,2026-07-07 00:25:00,53408.0,53410.0,-2.5
"Stochastic_Reversion(14,20/80)",SHORT,2026-07-07 01:35:00,2026-07-07 02:15:00,53447.0,53431.0,4.5
"Stochastic_Reversion(14,20/80)",LONG,2026-07-07 02:40:00,2026-07-07 03:25:00,53421.0,53424.0,-2.0
"Stochastic_Reversion(14,20/80)",LONG,2026-07-07 04:45:00,2026-07-07 05:40:00,53398.0,53394.0,-5.5
"Stochastic_Reversion(14,20/80)",SHORT,2026-07-07 07:15:00,2026-07-07 08:05:00,53421.0,53418.0,-2.0
"Stochastic_Reversion(14,20/80)",SHORT,2026-07-07 08:35:00,2026-07-07 08:55:00,53507.0,53460.0,20.0
"Stochastic_Reversion(14,20/80)",SHORT,2026-07-07 11:30:00,2026-07-07 12:20:00,53495.0,53515.0,-13.5
"Stochastic_Reversion(14,20/80)",SHORT,2026-07-07 13:25:00,2026-07-07 13:35:00,53620.0,53503.0,55.0
"Stochastic_Reversion(14,20/80)",LONG,2026-07-07 14:05:00,2026-07-07 16:00:00,53384.0,53180.0,-105.5
"Stochastic_Reversion(14,20/80)",SHORT,2026-07-07 17:35:00,2026-07-07 17:55:00,53235.0,53204.0,12.0
"Stochastic_Reversion(14,20/80)",SHORT,2026-07-08 00:55:00,2026-07-08 01:40:00,53177.0,53168.0,1.0
"Stochastic_Reversion(14,20/80)",LONG,2026-07-08 02:20:00,2026-07-08 03:05:00,53129.0,53147.0,5.5
"Stochastic_Reversion(14,20/80)",LONG,2026-07-08 05:30:00,2026-07-08 10:30:00,53133.0,52552.0,-294.0
"Stochastic_Reversion(14,20/80)",SHORT,2026-07-08 10:45:00,2026-07-08 13:00:00,52635.0,52700.0,-36.0
"Stochastic_Reversion(14,20/80)",LONG,2026-07-08 14:45:00,2026-07-08 16:05:00,52504.0,52424.0,-43.5
"Stochastic_Reversion(14,20/80)",SHORT,2026-07-08 16:25:00,2026-07-08 17:55:00,52486.0,52604.0,-62.5
"Stochastic_Reversion(14,20/80)",SHORT,2026-07-08 18:55:00,2026-07-08 19:15:00,52657.0,52626.0,12.0
"Stochastic_Reversion(14,20/80)",LONG,2026-07-08 20:40:00,2026-07-08 22:25:00,52559.0,52572.0,3.0
"Stochastic_Reversion(14,20/80)",SHORT,2026-07-09 00:45:00,2026-07-09 02:45:00,52640.0,52663.0,-15.0
"Stochastic_Reversion(14,20/80)",LONG,2026-07-09 03:10:00,2026-07-09 03:30:00,52656.0,52673.0,5.0
"Stochastic_Reversion(14,20/80)",SHORT,2026-07-09 03:50:00,2026-07-09 05:10:00,52691.0,52695.0,-5.5
"Stochastic_Reversion(14,20/80)",LONG,2026-07-09 05:30:00,2026-07-09 05:40:00,52697.0,52713.0,4.5
"Stochastic_Reversion(14,20/80)",LONG,2026-07-09 06:55:00,2026-07-09 07:15:00,52702.0,52717.0,4.0
"Stochastic_Reversion(14,20/80)",LONG,2026-07-09 08:45:00,2026-07-09 10:00:00,52661.0,52623.0,-22.5
"Stochastic_Reversion(14,20/80)",SHORT,2026-07-09 12:10:00,2026-07-09 13:35:00,52626.0,52602.0,8.5
"Stochastic_Reversion(14,20/80)",SHORT,2026-07-09 14:45:00,2026-07-09 16:50:00,52743.0,52801.0,-32.5
"Stochastic_Reversion(14,20/80)",SHORT,2026-07-09 17:55:00,2026-07-09 18:20:00,52832.0,52813.0,6.0
"Stochastic_Reversion(14,20/80)",LONG,2026-07-09 18:45:00,2026-07-09 19:55:00,52757.0,52734.0,-15.0
"Stochastic_Reversion(14,20/80)",SHORT,2026-07-09 20:10:00,2026-07-09 20:55:00,52777.0,52739.0,15.5
"Stochastic_Reversion(14,20/80)",SHORT,2026-07-09 23:15:00,2026-07-09 23:50:00,52756.0,52739.0,5.0
"Stochastic_Reversion(14,20/80)",LONG,2026-07-10 00:50:00,2026-07-10 01:05:00,52724.0,52737.0,3.0
"Stochastic_Reversion(14,20/80)",SHORT,2026-07-10 02:20:00,2026-07-10 02:35:00,52742.0,52722.0,6.5
"Stochastic_Reversion(14,20/80)",LONG,2026-07-10 04:30:00,2026-07-10 05:20:00,52715.0,52724.0,1.0
"Stochastic_Reversion(14,20/80)",SHORT,2026-07-10 06:00:00,2026-07-10 06:45:00,52745.0,52765.0,-13.5
"Stochastic_Reversion(14,20/80)",SHORT,2026-07-10 07:25:00,2026-07-10 07:50:00,52844.0,52795.0,21.0
"Stochastic_Reversion(14,20/80)",SHORT,2026-07-10 10:15:00,2026-07-10 11:15:00,52852.0,52864.0,-9.5
"Stochastic_Reversion(14,20/80)",LONG,2026-07-10 11:40:00,2026-07-10 12:15:00,52808.0,52898.0,41.5
"Stochastic_Reversion(14,20/80)",SHORT,2026-07-10 15:30:00,2026-07-10 16:10:00,52902.0,52838.0,28.5
"Stochastic_Reversion(14,20/80)",SHORT,2026-07-10 17:00:00,2026-07-10 18:00:00,52900.0,52908.0,-7.5
"Stochastic_Reversion(14,20/80)",SHORT,2026-07-10 18:55:00,2026-07-10 19:35:00,52944.0,52950.0,-6.5
"Stochastic_Reversion(14,20/80)",LONG,2026-07-12 22:25:00,2026-07-12 23:20:00,52775.0,52816.0,17.0
"Stochastic_Reversion(14,20/80)",LONG,2026-07-13 01:15:00,2026-07-13 02:40:00,52742.0,52733.0,-8.0
"Stochastic_Reversion(14,20/80)",LONG,2026-07-13 04:15:00,2026-07-13 04:20:00,52683.0,52703.0,6.5
"Stochastic_Reversion(14,20/80)",SHORT,2026-07-13 06:35:00,2026-07-13 07:30:00,52779.0,52832.0,-30.0
"Stochastic_Reversion(14,20/80)",SHORT,2026-07-13 09:05:00,2026-07-13 09:45:00,52941.0,52934.0,0.0
"Stochastic_Reversion(14,20/80)",LONG,2026-07-13 10:05:00,2026-07-13 11:10:00,52910.0,52906.0,-5.5
"Stochastic_Reversion(14,20/80)",LONG,2026-07-13 12:00:00,2026-07-13 12:50:00,52843.0,52851.0,0.5
"Stochastic_Reversion(14,20/80)",LONG,2026-07-13 14:50:00,2026-07-13 16:45:00,52831.0,52736.0,-51.0
"Stochastic_Reversion(14,20/80)",LONG,2026-07-13 23:05:00,2026-07-14 00:00:00,52675.0,52695.0,6.5
"Stochastic_Reversion(14,20/80)",LONG,2026-07-14 00:30:00,2026-07-14 01:10:00,52602.0,52646.0,18.5
"Stochastic_Reversion(14,20/80)",LONG,2026-07-14 03:05:00,2026-07-14 03:55:00,52579.0,52595.0,4.5
"Stochastic_Reversion(14,20/80)",SHORT,2026-07-14 04:45:00,2026-07-14 06:30:00,52669.0,52695.0,-16.5
"Stochastic_Reversion(14,20/80)",LONG,2026-07-14 06:45:00,2026-07-14 07:10:00,52659.0,52675.0,4.5
"Stochastic_Reversion(14,20/80)",SHORT,2026-07-14 09:55:00,2026-07-14 10:15:00,52641.0,52626.0,4.0
"Stochastic_Reversion(14,20/80)",LONG,2026-07-14 11:15:00,2026-07-14 11:55:00,52320.0,52452.0,62.5
"Stochastic_Reversion(14,20/80)",SHORT,2026-07-14 14:20:00,2026-07-14 14:50:00,52843.0,52780.0,28.0
"Stochastic_Reversion(14,20/80)",SHORT,2026-07-14 19:10:00,2026-07-14 20:25:00,52767.0,52784.0,-12.0
"Stochastic_Reversion(14,20/80)",SHORT,2026-07-14 22:45:00,2026-07-15 00:20:00,52811.0,52831.0,-13.5
"Stochastic_Reversion(14,20/80)",LONG,2026-07-15 00:40:00,2026-07-15 01:00:00,52799.0,52826.0,10.0
"Stochastic_Reversion(14,20/80)",SHORT,2026-07-15 02:40:00,2026-07-15 03:05:00,52841.0,52830.0,2.0
"Stochastic_Reversion(14,20/80)",SHORT,2026-07-15 04:05:00,2026-07-15 04:45:00,52846.0,52845.0,-3.0
"Stochastic_Reversion(14,20/80)",LONG,2026-07-15 05:35:00,2026-07-15 06:00:00,52829.0,52844.0,4.0
"Stochastic_Reversion(14,20/80)",LONG,2026-07-15 07:10:00,2026-07-15 07:55:00,52763.0,52759.0,-5.5
"Stochastic_Reversion(14,20/80)",SHORT,2026-07-15 08:45:00,2026-07-15 09:55:00,52873.0,52877.0,-5.5
"Stochastic_Reversion(14,20/80)",LONG,2026-07-15 10:35:00,2026-07-15 11:40:00,52781.0,52794.0,3.0
"Stochastic_Reversion(14,20/80)",SHORT,2026-07-15 12:45:00,2026-07-15 13:15:00,52938.0,52852.0,39.5
"Stochastic_Reversion(14,20/80)",LONG,2026-07-15 16:10:00,2026-07-15 17:05:00,52870.0,52806.0,-35.5
"Stochastic_Reversion(14,20/80)",SHORT,2026-07-15 18:00:00,2026-07-15 18:50:00,52921.0,52874.0,20.0
"Stochastic_Reversion(14,20/80)",LONG,2026-07-15 19:05:00,2026-07-15 19:15:00,52848.0,52893.0,19.0
"Stochastic_Reversion(14,20/80)",SHORT,2026-07-15 20:25:00,2026-07-15 22:00:00,52927.0,52919.0,0.5
"Stochastic_Reversion(14,20/80)",SHORT,2026-07-16 00:20:00,2026-07-16 00:55:00,52954.0,52927.0,10.0
"Stochastic_Reversion(14,20/80)",LONG,2026-07-16 01:25:00,2026-07-16 01:50:00,52889.0,52908.0,6.0
"Stochastic_Reversion(14,20/80)",LONG,2026-07-16 02:10:00,2026-07-16 02:25:00,52862.0,52892.0,11.5
"Stochastic_Reversion(14,20/80)",SHORT,2026-07-16 03:05:00,2026-07-16 04:30:00,52928.0,52950.0,-14.5
"Stochastic_Reversion(14,20/80)",LONG,2026-07-16 06:00:00,2026-07-16 07:00:00,52933.0,52942.0,1.0
"Stochastic_Reversion(14,20/80)",LONG,2026-07-16 08:00:00,2026-07-16 08:05:00,52847.0,52902.0,24.0
"Stochastic_Reversion(14,20/80)",LONG,2026-07-16 09:55:00,2026-07-16 10:00:00,52854.0,53026.0,82.5
"Stochastic_Reversion(14,20/80)",SHORT,2026-07-16 10:10:00,2026-07-16 11:10:00,53023.0,52995.0,10.5
"Stochastic_Reversion(14,20/80)",SHORT,2026-07-16 14:55:00,2026-07-16 15:50:00,53044.0,53009.0,14.0
"Stochastic_Reversion(14,20/80)",LONG,2026-07-16 16:25:00,2026-07-16 17:00:00,52846.0,52957.0,52.0
"Stochastic_Reversion(14,20/80)",LONG,2026-07-16 17:45:00,2026-07-16 19:55:00,52820.0,52727.0,-50.0
"Stochastic_Reversion(14,20/80)",LONG,2026-07-16 23:00:00,2026-07-17 03:05:00,52730.0,52502.0,-117.5
"Stochastic_Reversion(14,20/80)",SHORT,2026-07-17 03:25:00,2026-07-17 03:35:00,52524.0,52497.0,10.0
"Stochastic_Reversion(14,20/80)",LONG,2026-07-17 04:10:00,2026-07-17 05:55:00,52438.0,52383.0,-31.0
"Stochastic_Reversion(14,20/80)",SHORT,2026-07-17 07:55:00,2026-07-17 08:15:00,52516.0,52505.0,2.0
"Stochastic_Reversion(14,20/80)",LONG,2026-07-17 08:45:00,2026-07-17 09:30:00,52419.0,52449.0,11.5
"Stochastic_Reversion(14,20/80)",SHORT,2026-07-17 10:25:00,2026-07-17 11:15:00,52455.0,52447.0,0.5
"Stochastic_Reversion(14,20/80)",LONG,2026-07-17 13:00:00,2026-07-17 13:40:00,52370.0,52458.0,40.5
"Stochastic_Reversion(14,20/80)",SHORT,2026-07-17 13:55:00,2026-07-17 15:00:00,52643.0,52732.0,-48.0
"Stochastic_Reversion(14,20/80)",LONG,2026-07-17 15:20:00,2026-07-17 15:30:00,52653.0,52745.0,42.5
"Stochastic_Reversion(14,20/80)",LONG,2026-07-17 16:30:00,2026-07-17 17:35:00,52627.0,52593.0,-20.5
"Stochastic_Reversion(14,20/80)",LONG,2026-07-17 18:10:00,2026-07-17 19:45:00,52477.0,52416.0,-34.0
"Stochastic_Reversion(14,20/80)",LONG,2026-07-17 20:15:00,2026-07-17 20:55:00,52333.0,52387.0,23.5
"Stochastic_Reversion(14,20/80)",LONG,2026-07-20 02:00:00,2026-07-20 02:05:00,52302.0,52341.0,16.0
"Stochastic_Reversion(14,20/80)",SHORT,2026-07-20 04:55:00,2026-07-20 05:10:00,52388.0,52360.0,10.5
"Stochastic_Reversion(14,20/80)",LONG,2026-07-20 05:45:00,2026-07-20 07:05:00,52329.0,52320.0,-8.0
"Stochastic_Reversion(14,20/80)",SHORT,2026-07-20 07:40:00,2026-07-20 10:15:00,52446.0,52480.0,-20.5
"Stochastic_Reversion(14,20/80)",SHORT,2026-07-20 11:45:00,2026-07-20 12:05:00,52602.0,52482.0,56.5
"Stochastic_Reversion(14,20/80)",LONG,2026-07-20 13:20:00,2026-07-20 13:25:00,52446.0,52472.0,9.5
"Stochastic_Reversion(14,20/80)",LONG,2026-07-20 14:05:00,2026-07-20 15:20:00,52320.0,52241.0,-43.0
"Stochastic_Reversion(14,20/80)",SHORT,2026-07-20 15:35:00,2026-07-20 16:35:00,52266.0,52235.0,12.0
"Stochastic_Reversion(14,20/80)",LONG,2026-07-20 17:25:00,2026-07-20 18:05:00,52145.0,52204.0,26.0
"Stochastic_Reversion(14,20/80)",LONG,2026-07-20 18:50:00,2026-07-20 19:40:00,52047.0,52092.0,19.0
"Stochastic_Reversion(14,20/80)",SHORT,2026-07-20 23:25:00,2026-07-20 23:55:00,52108.0,52080.0,10.5
"Stochastic_Reversion(14,20/80)",LONG,2026-07-21 00:15:00,2026-07-21 00:20:00,52055.0,52080.0,9.0
"Stochastic_Reversion(14,20/80)",SHORT,2026-07-21 01:00:00,2026-07-21 01:40:00,52105.0,52101.0,-1.5
"Stochastic_Reversion(14,20/80)",SHORT,2026-07-21 03:10:00,2026-07-21 05:10:00,52143.0,52221.0,-42.5
"Stochastic_Reversion(14,20/80)",SHORT,2026-07-21 05:55:00,2026-07-21 06:10:00,52260.0,52226.0,13.5
"Stochastic_Reversion(14,20/80)",SHORT,2026-07-21 09:15:00,2026-07-21 09:25:00,52274.0,52251.0,8.0
"Stochastic_Reversion(14,20/80)",LONG,2026-07-21 10:05:00,2026-07-21 10:30:00,52230.0,52243.0,3.0
"Stochastic_Reversion(14,20/80)",SHORT,2026-07-21 10:45:00,2026-07-21 11:10:00,52303.0,52265.0,15.5
"Stochastic_Reversion(14,20/80)",LONG,2026-07-21 12:00:00,2026-07-21 12:50:00,52202.0,52195.0,-7.0
"Stochastic_Reversion(14,20/80)",SHORT,2026-07-21 13:30:00,2026-07-21 13:40:00,52256.0,52200.0,24.5
"Stochastic_Reversion(14,20/80)",SHORT,2026-07-21 14:25:00,2026-07-21 17:20:00,52366.0,52499.0,-70.0
"Stochastic_Reversion(14,20/80)",LONG,2026-07-21 18:10:00,2026-07-21 19:15:00,52445.0,52437.0,-7.5
"Stochastic_Reversion(14,20/80)",LONG,2026-07-21 22:00:00,2026-07-21 22:15:00,52431.0,52428.0,-5.0
"Stochastic_Reversion(14,20/80)",LONG,2026-07-22 01:20:00,2026-07-22 01:50:00,52387.0,52409.0,7.5
"Stochastic_Reversion(14,20/80)",SHORT,2026-07-22 02:55:00,2026-07-22 03:15:00,52431.0,52418.0,3.0
"Stochastic_Reversion(14,20/80)",LONG,2026-07-22 04:05:00,2026-07-22 05:15:00,52394.0,52397.0,-2.0
"Stochastic_Reversion(14,20/80)",LONG,2026-07-22 06:35:00,2026-07-22 07:30:00,52359.0,52355.0,-5.5
"Stochastic_Reversion(14,20/80)",SHORT,2026-07-22 08:40:00,2026-07-22 09:35:00,52409.0,52382.0,10.0
"Stochastic_Reversion(14,20/80)",SHORT,2026-07-22 10:35:00,2026-07-22 10:45:00,52461.0,52394.0,30.0
"Stochastic_Reversion(14,20/80)",LONG,2026-07-22 11:35:00,2026-07-22 11:50:00,52373.0,52359.0,-10.5
"Stochastic_Reversion(14,20/80)",SHORT,2026-07-22 12:45:00,2026-07-22 14:30:00,52382.0,52517.0,-71.0
"Stochastic_Reversion(14,20/80)",LONG,2026-07-22 15:05:00,2026-07-22 15:25:00,52512.0,52565.0,23.0
"Stochastic_Reversion(14,20/80)",SHORT,2026-07-22 16:10:00,2026-07-22 16:55:00,52630.0,52597.0,13.0
"Stochastic_Reversion(14,20/80)",LONG,2026-07-22 17:25:00,2026-07-22 18:30:00,52509.0,52514.0,-1.0
"Stochastic_Reversion(14,20/80)",LONG,2026-07-22 19:15:00,2026-07-22 20:15:00,52449.0,52536.0,40.0
"Stochastic_Reversion(14,20/80)",SHORT,2026-07-22 20:30:00,2026-07-22 22:00:00,52519.0,52430.0,41.0
"Stochastic_Reversion(14,20/80)",LONG,2026-07-22 22:15:00,2026-07-22 23:35:00,52412.0,52380.0,-19.5
"Stochastic_Reversion(14,20/80)",SHORT,2026-07-23 00:05:00,2026-07-23 01:40:00,52419.0,52474.0,-31.0
"Stochastic_Reversion(14,20/80)",LONG,2026-07-23 02:30:00,2026-07-23 04:20:00,52437.0,52385.0,-29.5
"Stochastic_Reversion(14,20/80)",SHORT,2026-07-23 04:40:00,2026-07-23 04:50:00,52406.0,52379.0,10.0
"Stochastic_Reversion(14,20/80)",LONG,2026-07-23 06:05:00,2026-07-23 08:10:00,52348.0,52266.0,-44.5
"Stochastic_Reversion(14,20/80)",SHORT,2026-07-23 08:35:00,2026-07-23 09:15:00,52249.0,52254.0,-6.0
"Stochastic_Reversion(14,20/80)",LONG,2026-07-23 09:40:00,2026-07-23 10:30:00,52232.0,52229.0,-5.0
"Stochastic_Reversion(14,20/80)",SHORT,2026-07-23 10:45:00,2026-07-23 11:10:00,52292.0,52244.0,20.5
"Stochastic_Reversion(14,20/80)",LONG,2026-07-23 11:35:00,2026-07-23 13:35:00,52182.0,52038.0,-75.5
"Stochastic_Reversion(14,20/80)",SHORT,2026-07-23 13:45:00,2026-07-23 14:00:00,52019.0,51877.0,67.5
"Stochastic_Reversion(14,20/80)",SHORT,2026-07-23 16:20:00,2026-07-23 16:50:00,51949.0,51875.0,33.5
"Stochastic_Reversion(14,20/80)",LONG,2026-07-23 17:45:00,2026-07-23 18:45:00,51830.0,51832.0,-2.5
"Stochastic_Reversion(14,20/80)",SHORT,2026-07-23 20:30:00,2026-07-23 22:05:00,51895.0,51882.0,3.0
"Stochastic_Reversion(14,20/80)",LONG,2026-07-23 22:45:00,2026-07-23 23:35:00,51877.0,51883.0,-0.5
"Stochastic_Reversion(14,20/80)",SHORT,2026-07-24 00:50:00,2026-07-24 02:05:00,51950.0,51943.0,0.0
"Stochastic_Reversion(14,20/80)",LONG,2026-07-24 02:45:00,2026-07-24 03:50:00,51922.0,51912.0,-8.5
"Stochastic_Reversion(14,20/80)",SHORT,2026-07-24 05:10:00,2026-07-24 06:05:00,51935.0,51916.0,6.0
"Stochastic_Reversion(14,20/80)",LONG,2026-07-24 06:15:00,2026-07-24 06:20:00,51922.0,51952.0,11.5
"Stochastic_Reversion(14,20/80)",SHORT,2026-07-24 07:20:00,2026-07-24 08:20:00,52073.0,52063.0,1.5
"Stochastic_Reversion(14,20/80)",SHORT,2026-07-24 08:40:00,2026-07-24 10:35:00,52122.0,52160.0,-22.5
"Stochastic_Reversion(14,20/80)",LONG,2026-07-24 11:35:00,2026-07-24 12:00:00,52095.0,52125.0,11.5
"Stochastic_Reversion(14,20/80)",LONG,2026-07-24 13:05:00,2026-07-24 13:50:00,52024.0,52041.0,5.0
"Stochastic_Reversion(14,20/80)",SHORT,2026-07-24 15:35:00,2026-07-24 16:35:00,52235.0,52250.0,-11.0
"Stochastic_Reversion(14,20/80)",LONG,2026-07-24 16:50:00,2026-07-24 17:35:00,52172.0,52217.0,19.0
"Stochastic_Reversion(14,20/80)",SHORT,2026-07-24 20:00:00,2026-07-24 20:30:00,52126.0,52082.0,18.5
"Stochastic_Reversion(14,20/80)",SHORT,2026-07-26 22:25:00,2026-07-27 00:20:00,52369.0,52418.0,-28.0
"Stochastic_Reversion(14,20/80)",LONG,2026-07-27 00:55:00,2026-07-27 01:35:00,52381.0,52382.0,-3.0
"Stochastic_Reversion(14,20/80)",SHORT,2026-07-27 03:25:00,2026-07-27 03:50:00,52430.0,52418.0,2.5
"Stochastic_Reversion(14,20/80)",SHORT,2026-07-27 04:20:00,2026-07-27 06:55:00,52440.0,52522.0,-44.5
"Stochastic_Reversion(14,20/80)",SHORT,2026-07-27 08:50:00,2026-07-27 11:30:00,52611.0,52657.0,-26.5
"Stochastic_Reversion(14,20/80)",SHORT,2026-07-27 13:10:00,2026-07-27 13:45:00,52743.0,52677.0,29.5
"Stochastic_Reversion(14,20/80)",LONG,2026-07-27 14:35:00,2026-07-27 16:30:00,52383.0,52328.0,-31.0
"Stochastic_Reversion(14,20/80)",LONG,2026-07-27 17:15:00,2026-07-27 17:55:00,52215.0,52279.0,28.5
"Stochastic_Reversion(14,20/80)",SHORT,2026-07-27 18:10:00,2026-07-27 18:40:00,52284.0,52248.0,14.5
"Stochastic_Reversion(14,20/80)",SHORT,2026-07-27 19:25:00,2026-07-27 20:25:00,52386.0,52378.0,0.5
"Stochastic_Reversion(14,20/80)",SHORT,2026-07-27 22:05:00,2026-07-27 22:45:00,52418.0,52411.0,0.0
"Stochastic_Reversion(14,20/80)",LONG,2026-07-27 23:00:00,2026-07-27 23:30:00,52396.0,52414.0,5.5
"Stochastic_Reversion(14,20/80)",LONG,2026-07-28 00:30:00,2026-07-28 01:30:00,52338.0,52347.0,1.0
"Stochastic_Reversion(14,20/80)",SHORT,2026-07-28 01:40:00,2026-07-28 02:15:00,52355.0,52322.0,13.0
"Stochastic_Reversion(14,20/80)",SHORT,2026-07-28 03:45:00,2026-07-28 04:25:00,52400.0,52372.0,10.5
"Stochastic_Reversion(14,20/80)",SHORT,2026-07-28 06:20:00,2026-07-28 07:50:00,52422.0,52436.0,-10.5
"Stochastic_Reversion(14,20/80)",SHORT,2026-07-28 08:35:00,2026-07-28 10:00:00,52485.0,52521.0,-21.5
"Stochastic_Reversion(14,20/80)",SHORT,2026-07-28 11:15:00,2026-07-28 13:35:00,52650.0,52721.0,-39.0
"Stochastic_Reversion(14,20/80)",SHORT,2026-07-28 15:30:00,2026-07-28 17:10:00,52975.0,53054.0,-43.0
"Stochastic_Reversion(14,20/80)",LONG,2026-07-28 18:20:00,2026-07-28 18:50:00,52976.0,53010.0,13.5
"Stochastic_Reversion(14,20/80)",LONG,2026-07-28 20:55:00,2026-07-28 22:10:00,52922.0,52940.0,5.5
"Stochastic_Reversion(14,20/80)",LONG,2026-07-28 22:30:00,2026-07-28 22:55:00,52880.0,52896.0,4.5
"Stochastic_Reversion(14,20/80)",SHORT,2026-07-28 23:35:00,2026-07-29 01:05:00,52915.0,52982.0,-37.0
"Stochastic_Reversion(14,20/80)",LONG,2026-07-29 02:00:00,2026-07-29 02:55:00,52897.0,52914.0,5.0
"Stochastic_Reversion(14,20/80)",LONG,2026-07-29 04:00:00,2026-07-29 04:55:00,52829.0,52854.0,9.0
"Stochastic_Reversion(14,20/80)",SHORT,2026-07-29 05:10:00,2026-07-29 06:05:00,52882.0,52877.0,-1.0
"Stochastic_Reversion(14,20/80)",SHORT,2026-07-29 07:50:00,2026-07-29 08:20:00,52986.0,52972.0,3.5
"Stochastic_Reversion(14,20/80)",LONG,2026-07-29 09:30:00,2026-07-29 15:50:00,52890.0,52095.0,-401.0
"Stochastic_Reversion(14,20/80)",SHORT,2026-07-29 17:25:00,2026-07-29 18:10:00,52187.0,52174.0,3.0
"Stochastic_Reversion(14,20/80)",SHORT,2026-07-29 19:00:00,2026-07-29 19:10:00,52372.0,52155.0,105.0
"Stochastic_Reversion(14,20/80)",LONG,2026-07-29 19:35:00,2026-07-29 20:50:00,51921.0,51731.0,-98.5
"Stochastic_Reversion(14,20/80)",SHORT,2026-07-29 22:15:00,2026-07-29 23:15:00,51930.0,51907.0,8.0
"Stochastic_Reversion(14,20/80)",LONG,2026-07-30 00:40:00,2026-07-30 00:55:00,51863.0,51894.0,12.0
"Stochastic_Reversion(14,20/80)",LONG,2026-07-30 03:25:00,2026-07-30 04:25:00,51829.0,51834.0,-1.0
"Stochastic_Reversion(14,20/80)",LONG,2026-07-30 05:15:00,2026-07-30 05:45:00,51792.0,51825.0,13.0
"Stochastic_Reversion(14,20/80)",LONG,2026-07-30 06:20:00,2026-07-30 07:00:00,51744.0,51806.0,27.5
"Stochastic_Reversion(14,20/80)",SHORT,2026-07-30 08:40:00,2026-07-30 10:00:00,51899.0,51843.0,24.5
"Stochastic_Reversion(14,20/80)",SHORT,2026-07-30 11:35:00,2026-07-30 12:35:00,51991.0,51977.0,3.5
"Stochastic_Reversion(14,20/80)",SHORT,2026-07-30 16:10:00,2026-07-30 18:05:00,52108.0,52271.0,-85.0
"Stochastic_Reversion(14,20/80)",SHORT,2026-07-30 19:15:00,2026-07-30 19:55:00,52402.0,52343.0,26.0
"Stochastic_Reversion(14,20/80)",SHORT,2026-07-30 20:25:00,2026-07-30 22:10:00,52460.0,52416.0,18.5
"Stochastic_Reversion(14,20/80)",SHORT,2026-07-30 22:55:00,2026-07-31 00:00:00,52472.0,52482.0,-8.5
"Stochastic_Reversion(14,20/80)",SHORT,2026-07-31 00:15:00,2026-07-31 01:45:00,52525.0,52551.0,-16.5
"Stochastic_Reversion(14,20/80)",SHORT,2026-07-31 02:15:00,2026-07-31 02:30:00,52583.0,52564.0,6.0
"Stochastic_Reversion(14,20/80)",SHORT,2026-07-31 04:30:00,2026-07-31 05:45:00,52601.0,52615.0,-10.5
"Stochastic_Reversion(14,20/80)",LONG,2026-07-31 06:50:00,2026-07-31 07:00:00,52566.0,52591.0,9.0
"Stochastic_Reversion(14,20/80)",SHORT,2026-07-31 07:20:00,2026-07-31 08:35:00,52668.0,52662.0,-0.5
"Stochastic_Reversion(14,20/80)",SHORT,2026-07-31 10:45:00,2026-07-31 11:20:00,52716.0,52670.0,19.5
"Stochastic_Reversion(14,20/80)",LONG,2026-07-31 11:45:00,2026-07-31 13:20:00,52609.0,52598.0,-9.0
"Stochastic_Reversion(14,20/80)",LONG,2026-07-31 14:10:00,2026-07-31 14:45:00,52202.0,52347.0,69.0
"Stochastic_Reversion(14,20/80)",SHORT,2026-07-31 15:10:00,2026-07-31 17:50:00,52406.0,52609.0,-105.0
"Stochastic_Reversion(14,20/80)",SHORT,2026-07-31 18:30:00,2026-07-31 19:05:00,52680.0,52637.0,18.0
"Stochastic_Reversion(14,20/80)",SHORT,2026-07-31 19:25:00,2026-07-31 19:35:00,52725.0,52669.0,24.5
"Stochastic_Reversion(14,20/80)",LONG,2026-07-31 20:55:00,2026-08-02 22:10:00,52569.0,52835.0,129.5
"Stochastic_Reversion(14,20/80)",SHORT,2026-08-02 22:35:00,2026-08-02 23:20:00,52836.0,52796.0,16.5
"Stochastic_Reversion(14,20/80)",SHORT,2026-08-03 03:05:00,2026-08-03 03:30:00,52889.0,52877.0,2.5
"Stochastic_Reversion(14,20/80)",SHORT,2026-08-03 03:50:00,2026-08-03 05:10:00,52906.0,52926.0,-13.5
"Stochastic_Reversion(14,20/80)",LONG,2026-08-03 06:30:00,2026-08-03 07:10:00,52893.0,52904.0,2.0
"Stochastic_Reversion(14,20/80)",SHORT,2026-08-03 08:20:00,2026-08-03 10:00:00,52939.0,52976.0,-22.0
"Stochastic_Reversion(14,20/80)",SHORT,2026-08-03 10:30:00,2026-08-03 13:30:00,53046.0,53171.0,-66.0
"Stochastic_Reversion(14,20/80)",LONG,2026-08-03 15:15:00,2026-08-03 15:50:00,53176.0,53205.0,11.0
"Stochastic_Reversion(14,20/80)",SHORT,2026-08-03 17:45:00,2026-08-03 23:15:00,53217.0,53418.0,-104.0
"Stochastic_Reversion(14,20/80)",SHORT,2026-08-04 00:45:00,2026-08-04 02:10:00,53456.0,53448.0,0.5
"Stochastic_Reversion(14,20/80)",LONG,2026-08-04 05:10:00,2026-08-04 06:10:00,53457.0,53451.0,-6.5
"Stochastic_Reversion(14,20/80)",LONG,2026-08-04 06:45:00,2026-08-04 07:50:00,53424.0,53430.0,-0.5
"Stochastic_Reversion(14,20/80)",LONG,2026-08-04 08:55:00,2026-08-04 09:30:00,53345.0,53388.0,18.0
"Stochastic_Reversion(14,20/80)",LONG,2026-08-04 10:30:00,2026-08-04 10:35:00,53344.0,53646.0,147.5
"Stochastic_Reversion(14,20/80)",SHORT,2026-08-04 11:15:00,2026-08-04 13:00:00,53682.0,53947.0,-136.0
"Stochastic_Reversion(14,20/80)",LONG,2026-08-04 13:55:00,2026-08-04 14:20:00,53863.0,54040.0,85.0
"Stochastic_Reversion(14,20/80)",SHORT,2026-08-04 15:00:00,2026-08-04 18:00:00,54130.0,54329.0,-103.0
"Stochastic_Reversion(14,20/80)",LONG,2026-08-04 18:45:00,2026-08-04 19:05:00,54308.0,54378.0,31.5
"Stochastic_Reversion(14,20/80)",LONG,2026-08-04 23:40:00,2026-08-05 00:20:00,54353.0,54369.0,4.5
"Stochastic_Reversion(14,20/80)",SHORT,2026-08-05 02:25:00,2026-08-05 03:30:00,54439.0,54443.0,-5.5
"Stochastic_Reversion(14,20/80)",SHORT,2026-08-05 03:50:00,2026-08-05 04:25:00,54483.0,54468.0,4.0
"Stochastic_Reversion(14,20/80)",SHORT,2026-08-05 05:55:00,2026-08-05 06:00:00,54495.0,54476.0,6.0
"Stochastic_Reversion(14,20/80)",LONG,2026-08-05 06:30:00,2026-08-05 08:00:00,54419.0,54406.0,-10.0
"Stochastic_Reversion(14,20/80)",SHORT,2026-08-05 10:40:00,2026-08-05 11:45:00,54440.0,54454.0,-10.5
"Stochastic_Reversion(14,20/80)",SHORT,2026-08-05 14:05:00,2026-08-05 15:10:00,54832.0,54811.0,7.0
"Stochastic_Reversion(14,20/80)",LONG,2026-08-05 15:45:00,2026-08-05 16:30:00,54685.0,54688.0,-2.0
"Stochastic_Reversion(14,20/80)",SHORT,2026-08-05 17:45:00,2026-08-05 18:15:00,54716.0,54685.0,12.0
"Stochastic_Reversion(14,20/80)",LONG,2026-08-05 18:45:00,2026-08-05 20:15:00,54642.0,54564.0,-42.5
"Stochastic_Reversion(14,20/80)",SHORT,2026-08-05 22:40:00,2026-08-05 23:00:00,54583.0,54569.0,3.5
"Stochastic_Reversion(14,20/80)",SHORT,2026-08-05 23:25:00,2026-08-05 23:50:00,54595.0,54577.0,5.5
"Stochastic_Reversion(14,20/80)",LONG,2026-08-06 01:30:00,2026-08-06 01:40:00,54559.0,54575.0,4.5
"Stochastic_Reversion(14,20/80)",SHORT,2026-08-06 05:00:00,2026-08-06 05:20:00,54617.0,54613.0,-1.5
"Stochastic_Reversion(14,20/80)",SHORT,2026-08-06 07:05:00,2026-08-06 07:35:00,54625.0,54623.0,-2.5
"Stochastic_Reversion(14,20/80)",SHORT,2026-08-06 09:05:00,2026-08-06 09:40:00,54668.0,54649.0,6.0
"Stochastic_Reversion(14,20/80)",LONG,2026-08-06 10:45:00,2026-08-06 11:00:00,54619.0,54637.0,5.5
"Stochastic_Reversion(14,20/80)",LONG,2026-08-06 14:00:00,2026-08-06 16:30:00,54438.0,54138.0,-153.5
"Stochastic_Reversion(14,20/80)",LONG,2026-08-06 17:35:00,2026-08-06 18:15:00,54029.0,54076.0,20.0
"Stochastic_Reversion(14,20/80)",LONG,2026-08-06 19:35:00,2026-08-06 22:10:00,54020.0,54006.0,-10.5
"Stochastic_Reversion(14,20/80)",LONG,2026-08-07 02:15:00,2026-08-07 03:05:00,53921.0,53917.0,-5.5
"Stochastic_Reversion(14,20/80)",SHORT,2026-08-07 07:05:00,2026-08-07 07:55:00,53971.0,53962.0,1.0
"Stochastic_Reversion(14,20/80)",LONG,2026-08-07 08:30:00,2026-08-07 08:35:00,53947.0,53975.0,10.5
"Stochastic_Reversion(14,20/80)",SHORT,2026-08-07 09:05:00,2026-08-07 12:00:00,53979.0,54051.0,-39.5
"Stochastic_Reversion(14,20/80)",SHORT,2026-08-07 14:35:00,2026-08-07 15:30:00,54150.0,54111.0,16.0
"Stochastic_Reversion(14,20/80)",LONG,2026-08-07 16:30:00,2026-08-07 16:40:00,54030.0,54059.0,11.0
"Stochastic_Reversion(14,20/80)",LONG,2026-08-07 18:20:00,2026-08-07 19:00:00,54039.0,54067.0,10.5
"Stochastic_Reversion(14,20/80)",SHORT,2026-08-07 19:15:00,2026-08-07 20:20:00,54138.0,54141.0,-5.0
"Stochastic_Reversion(14,20/80)",LONG,2026-08-09 22:25:00,2026-08-09 23:20:00,54033.0,54045.0,2.5
"Stochastic_Reversion(14,20/80)",LONG,2026-08-10 00:00:00,2026-08-10 00:05:00,54004.0,54025.0,7.0
"Stochastic_Reversion(14,20/80)",SHORT,2026-08-10 00:20:00,2026-08-10 00:30:00,54049.0,54030.0,6.0
"Stochastic_Reversion(14,20/80)",SHORT,2026-08-10 01:05:00,2026-08-10 01:55:00,54067.0,54061.0,-0.5
"Stochastic_Reversion(14,20/80)",SHORT,2026-08-10 02:45:00,2026-08-10 03:10:00,54092.0,54081.0,2.0
"Stochastic_Reversion(14,20/80)",SHORT,2026-08-10 03:40:00,2026-08-10 06:15:00,54095.0,54133.0,-22.5
"Stochastic_Reversion(14,20/80)",LONG,2026-08-10 08:35:00,2026-08-10 09:15:00,54111.0,54126.0,4.0
"Stochastic_Reversion(14,20/80)",SHORT,2026-08-10 09:35:00,2026-08-10 09:50:00,54140.0,54115.0,9.0
"Stochastic_Reversion(14,20/80)",LONG,2026-08-10 11:10:00,2026-08-10 11:45:00,54078.0,54088.0,1.5
"Stochastic_Reversion(14,20/80)",SHORT,2026-08-10 12:15:00,2026-08-10 12:35:00,54112.0,54070.0,17.5
"Stochastic_Reversion(14,20/80)",LONG,2026-08-10 12:45:00,2026-08-10 13:05:00,54049.0,54080.0,12.0
"Stochastic_Reversion(14,20/80)",SHORT,2026-08-10 14:55:00,2026-08-10 15:40:00,54119.0,54098.0,7.0
"Stochastic_Reversion(14,20/80)",LONG,2026-08-10 16:25:00,2026-08-10 17:00:00,54054.0,54041.0,-10.0
"Stochastic_Reversion(14,20/80)",LONG,2026-08-10 18:25:00,2026-08-10 18:45:00,53976.0,53993.0,5.0
"Stochastic_Reversion(14,20/80)",LONG,2026-08-10 22:40:00,2026-08-10 23:45:00,54015.0,54021.0,-0.5
"Stochastic_Reversion(14,20/80)",SHORT,2026-08-11 00:50:00,2026-08-11 01:45:00,54029.0,54036.0,-7.0
"Stochastic_Reversion(14,20/80)",SHORT,2026-08-11 03:15:00,2026-08-11 04:15:00,54060.0,54070.0,-8.5
"Stochastic_Reversion(14,20/80)",LONG,2026-08-11 06:00:00,2026-08-11 06:05:00,54037.0,54058.0,7.0
"Stochastic_Reversion(14,20/80)",LONG,2026-08-11 06:25:00,2026-08-11 07:00:00,54024.0,54018.0,-6.5
"Stochastic_Reversion(14,20/80)",SHORT,2026-08-11 12:20:00,2026-08-11 12:25:00,54134.0,54080.0,23.5
"Stochastic_Reversion(14,20/80)",SHORT,2026-08-11 13:30:00,2026-08-11 14:10:00,54158.0,54175.0,-12.0
"Stochastic_Reversion(14,20/80)",LONG,2026-08-11 15:15:00,2026-08-11 16:20:00,54045.0,54041.0,-5.5
"Stochastic_Reversion(14,20/80)",LONG,2026-08-11 17:10:00,2026-08-11 17:45:00,53987.0,53991.0,-1.5
"Stochastic_Reversion(14,20/80)",LONG,2026-08-11 19:10:00,2026-08-11 19:40:00,53887.0,53936.0,21.0
"Stochastic_Reversion(14,20/80)",LONG,2026-08-11 22:40:00,2026-08-11 23:10:00,53889.0,53900.0,2.0
"Stochastic_Reversion(14,20/80)",SHORT,2026-08-12 02:20:00,2026-08-12 03:20:00,53885.0,53880.0,-1.0
"Stochastic_Reversion(14,20/80)",SHORT,2026-08-12 05:00:00,2026-08-12 05:20:00,53899.0,53892.0,0.0
"Stochastic_Reversion(14,20/80)",LONG,2026-08-12 06:20:00,2026-08-12 06:30:00,53882.0,53898.0,4.5
"Stochastic_Reversion(14,20/80)",SHORT,2026-08-12 11:20:00,2026-08-12 12:10:00,53946.0,53953.0,-7.0
"Stochastic_Reversion(14,20/80)",SHORT,2026-08-12 12:30:00,2026-08-12 12:35:00,54059.0,54024.0,14.0
"Stochastic_Reversion(14,20/80)",LONG,2026-08-12 14:15:00,2026-08-12 14:45:00,53883.0,53935.0,22.5
"Stochastic_Reversion(14,20/80)",SHORT,2026-08-12 16:20:00,2026-08-12 17:05:00,53934.0,53907.0,10.0
"Stochastic_Reversion(14,20/80)",LONG,2026-08-12 20:40:00,2026-08-12 22:20:00,53867.0,53886.0,6.0
"Stochastic_Reversion(14,20/80)",SHORT,2026-08-12 23:20:00,2026-08-12 23:50:00,53900.0,53882.0,5.5
"Stochastic_Reversion(14,20/80)",LONG,2026-08-13 00:45:00,2026-08-13 01:55:00,53841.0,53831.0,-8.5
"Stochastic_Reversion(14,20/80)",SHORT,2026-08-13 02:25:00,2026-08-13 02:40:00,53832.0,53826.0,-0.5
"Stochastic_Reversion(14,20/80)",SHORT,2026-08-13 04:00:00,2026-08-13 06:50:00,53847.0,53879.0,-19.5
"Stochastic_Reversion(14,20/80)",SHORT,2026-08-13 07:05:00,2026-08-13 07:20:00,53909.0,53899.0,1.5
"Stochastic_Reversion(14,20/80)",SHORT,2026-08-13 07:50:00,2026-08-13 10:00:00,53930.0,53987.0,-32.0
"Stochastic_Reversion(14,20/80)",LONG,2026-08-13 10:20:00,2026-08-13 11:15:00,53981.0,53995.0,3.5
"Stochastic_Reversion(14,20/80)",SHORT,2026-08-13 11:30:00,2026-08-13 12:00:00,54006.0,54008.0,-4.5
"Stochastic_Reversion(14,20/80)",SHORT,2026-08-13 14:30:00,2026-08-13 14:45:00,54110.0,54001.0,51.0
"Stochastic_Reversion(14,20/80)",LONG,2026-08-13 15:00:00,2026-08-13 16:25:00,53938.0,53776.0,-84.5
"Stochastic_Reversion(14,20/80)",SHORT,2026-08-13 17:10:00,2026-08-13 17:40:00,53845.0,53821.0,8.5
"Stochastic_Reversion(14,20/80)",SHORT,2026-08-13 19:30:00,2026-08-13 22:15:00,53922.0,53940.0,-12.5
"Stochastic_Reversion(14,20/80)",SHORT,2026-08-13 23:40:00,2026-08-14 00:00:00,53956.0,53954.0,-2.5
"Stochastic_Reversion(14,20/80)",LONG,2026-08-14 00:40:00,2026-08-14 00:55:00,53938.0,53953.0,4.0
"Stochastic_Reversion(14,20/80)",SHORT,2026-08-14 01:45:00,2026-08-14 02:40:00,53981.0,53977.0,-1.5
"Stochastic_Reversion(14,20/80)",LONG,2026-08-14 03:00:00,2026-08-14 03:20:00,53973.0,53990.0,5.0
"Stochastic_Reversion(14,20/80)",LONG,2026-08-14 04:05:00,2026-08-14 07:50:00,53971.0,53889.0,-44.5
"Stochastic_Reversion(14,20/80)",LONG,2026-08-14 08:20:00,2026-08-14 08:40:00,53836.0,53860.0,8.5
"Stochastic_Reversion(14,20/80)",SHORT,2026-08-14 10:25:00,2026-08-14 10:45:00,53882.0,53857.0,9.0
"Stochastic_Reversion(14,20/80)",SHORT,2026-08-14 11:50:00,2026-08-14 13:10:00,53865.0,53831.0,13.5
"Stochastic_Reversion(14,20/80)",SHORT,2026-08-14 14:00:00,2026-08-14 14:35:00,53922.0,53839.0,38.0
"Stochastic_Reversion(14,20/80)",LONG,2026-08-14 15:00:00,2026-08-14 16:15:00,53818.0,53805.0,-10.0
"Stochastic_Reversion(14,20/80)",SHORT,2026-08-14 18:15:00,2026-08-14 19:15:00,53839.0,53849.0,-8.5
"Stochastic_Reversion(14,20/80)",LONG,2026-08-14 19:50:00,2026-08-16 22:10:00,53819.0,53816.0,-5.0
"Stochastic_Reversion(14,20/80)",SHORT,2026-08-16 22:30:00,2026-08-16 23:20:00,53828.0,53818.0,1.5
"Stochastic_Reversion(14,20/80)",LONG,2026-08-17 00:30:00,2026-08-17 03:25:00,53784.0,53732.0,-29.5
"Stochastic_Reversion(14,20/80)",SHORT,2026-08-17 03:45:00,2026-08-17 05:20:00,53742.0,53748.0,-6.5
"Stochastic_Reversion(14,20/80)",SHORT,2026-08-17 06:10:00,2026-08-17 06:40:00,53781.0,53760.0,7.0
"Stochastic_Reversion(14,20/80)",LONG,2026-08-17 08:15:00,2026-08-17 09:10:00,53726.0,53727.0,-3.0
"Stochastic_Reversion(14,20/80)",LONG,2026-08-17 11:25:00,2026-08-17 13:40:00,53722.0,53639.0,-45.0
"CCI_Reversion(20,100)",SHORT,2026-06-01 00:05:00,2026-06-01 00:15:00,51134.0,51137.0,-5.0
"CCI_Reversion(20,100)",SHORT,2026-06-01 00:20:00,2026-06-01 00:35:00,51132.0,51119.0,3.0
"CCI_Reversion(20,100)",LONG,2026-06-01 01:10:00,2026-06-01 01:25:00,51103.0,51124.0,7.0
"CCI_Reversion(20,100)",SHORT,2026-06-01 01:45:00,2026-06-01 02:35:00,51139.0,51150.0,-9.0
"CCI_Reversion(20,100)",LONG,2026-06-01 03:20:00,2026-06-01 03:25:00,51139.0,51150.0,2.0
"CCI_Reversion(20,100)",SHORT,2026-06-01 03:35:00,2026-06-01 03:40:00,51159.0,51137.0,7.5
"CCI_Reversion(20,100)",LONG,2026-06-01 03:45:00,2026-06-01 04:15:00,51120.0,51116.0,-5.5
"CCI_Reversion(20,100)",SHORT,2026-06-01 06:00:00,2026-06-01 06:05:00,51137.0,51129.0,0.5
"CCI_Reversion(20,100)",LONG,2026-06-01 06:20:00,2026-06-01 07:00:00,51118.0,51106.0,-9.5
"CCI_Reversion(20,100)",LONG,2026-06-01 07:45:00,2026-06-01 07:55:00,51097.0,51101.0,-1.5
"CCI_Reversion(20,100)",SHORT,2026-06-01 08:05:00,2026-06-01 08:40:00,51142.0,51169.0,-17.0
"CCI_Reversion(20,100)",SHORT,2026-06-01 08:45:00,2026-06-01 10:00:00,51173.0,51244.0,-39.0
"CCI_Reversion(20,100)",SHORT,2026-06-01 10:10:00,2026-06-01 10:20:00,51276.0,51271.0,-1.0
"CCI_Reversion(20,100)",SHORT,2026-06-01 10:30:00,2026-06-01 10:35:00,51283.0,51287.0,-5.5
"CCI_Reversion(20,100)",SHORT,2026-06-01 10:40:00,2026-06-01 10:50:00,51298.0,51294.0,-1.5
"CCI_Reversion(20,100)",SHORT,2026-06-01 10:55:00,2026-06-01 11:45:00,51308.0,51358.0,-28.5
"CCI_Reversion(20,100)",LONG,2026-06-01 12:10:00,2026-06-01 12:45:00,51235.0,51246.0,2.0
"CCI_Reversion(20,100)",LONG,2026-06-01 13:15:00,2026-06-01 13:55:00,51044.0,51005.0,-23.0
"CCI_Reversion(20,100)",LONG,2026-06-01 14:35:00,2026-06-01 15:05:00,50891.0,50909.0,5.5
"CCI_Reversion(20,100)",SHORT,2026-06-01 15:40:00,2026-06-01 15:50:00,51008.0,50984.0,8.5
"CCI_Reversion(20,100)",LONG,2026-06-01 16:30:00,2026-06-01 16:35:00,50886.0,50907.0,7.0
"CCI_Reversion(20,100)",SHORT,2026-06-01 17:30:00,2026-06-01 18:30:00,51020.0,51099.0,-43.0
"CCI_Reversion(20,100)",SHORT,2026-06-01 19:30:00,2026-06-01 19:55:00,51145.0,51141.0,-1.5
"CCI_Reversion(20,100)",LONG,2026-06-01 22:00:00,2026-06-01 22:55:00,51073.0,51009.0,-35.5
"CCI_Reversion(20,100)",LONG,2026-06-01 23:50:00,2026-06-02 01:05:00,50979.0,50904.0,-41.0
"CCI_Reversion(20,100)",LONG,2026-06-02 01:40:00,2026-06-02 01:45:00,50889.0,50892.0,-2.0
"CCI_Reversion(20,100)",LONG,2026-06-02 01:50:00,2026-06-02 02:05:00,50880.0,50895.0,4.0
"CCI_Reversion(20,100)",SHORT,2026-06-02 03:20:00,2026-06-02 04:20:00,50908.0,50927.0,-13.0
"CCI_Reversion(20,100)",SHORT,2026-06-02 05:00:00,2026-06-02 05:15:00,50948.0,50943.0,-1.0
"CCI_Reversion(20,100)",SHORT,2026-06-02 05:20:00,2026-06-02 05:55:00,50952.0,50957.0,-6.0
"CCI_Reversion(20,100)",SHORT,2026-06-02 06:10:00,2026-06-02 06:35:00,50976.0,50980.0,-5.5
"CCI_Reversion(20,100)",SHORT,2026-06-02 06:40:00,2026-06-02 06:45:00,50984.0,50980.0,-1.5
"CCI_Reversion(20,100)",SHORT,2026-06-02 07:00:00,2026-06-02 08:15:00,50997.0,51033.0,-21.5
"CCI_Reversion(20,100)",LONG,2026-06-02 08:35:00,2026-06-02 08:50:00,51000.0,51014.0,3.5
"CCI_Reversion(20,100)",LONG,2026-06-02 09:05:00,2026-06-02 09:50:00,50995.0,50941.0,-30.5
"CCI_Reversion(20,100)",LONG,2026-06-02 10:00:00,2026-06-02 10:15:00,50926.0,50925.0,-4.0
"CCI_Reversion(20,100)",LONG,2026-06-02 11:20:00,2026-06-02 11:35:00,50897.0,50912.0,4.0
"CCI_Reversion(20,100)",SHORT,2026-06-02 12:25:00,2026-06-02 12:30:00,50941.0,50935.0,-0.5
"CCI_Reversion(20,100)",LONG,2026-06-02 12:40:00,2026-06-02 13:05:00,50883.0,50900.0,5.0
"CCI_Reversion(20,100)",LONG,2026-06-02 13:10:00,2026-06-02 13:15:00,50876.0,50889.0,3.0
"CCI_Reversion(20,100)",LONG,2026-06-02 13:30:00,2026-06-02 13:35:00,50874.0,51216.0,167.5
"CCI_Reversion(20,100)",SHORT,2026-06-02 13:35:00,2026-06-02 13:55:00,51216.0,51028.0,90.5
"CCI_Reversion(20,100)",SHORT,2026-06-02 15:00:00,2026-06-02 15:35:00,51216.0,51285.0,-38.0
"CCI_Reversion(20,100)",SHORT,2026-06-02 17:05:00,2026-06-02 17:10:00,51297.0,51282.0,4.0
"CCI_Reversion(20,100)",SHORT,2026-06-02 18:10:00,2026-06-02 19:05:00,51323.0,51390.0,-37.0
"CCI_Reversion(20,100)",SHORT,2026-06-02 19:35:00,2026-06-02 19:40:00,51416.0,51408.0,0.5
"CCI_Reversion(20,100)",SHORT,2026-06-02 19:55:00,2026-06-02 20:00:00,51427.0,51397.0,11.5
"CCI_Reversion(20,100)",SHORT,2026-06-02 20:05:00,2026-06-02 20:25:00,51427.0,51422.0,-1.0
"CCI_Reversion(20,100)",LONG,2026-06-02 22:05:00,2026-06-02 22:10:00,51406.0,51404.0,-4.5
"CCI_Reversion(20,100)",LONG,2026-06-02 22:15:00,2026-06-02 22:35:00,51396.0,51402.0,-0.5
"CCI_Reversion(20,100)",LONG,2026-06-02 22:45:00,2026-06-02 22:50:00,51393.0,51396.0,-2.0
"CCI_Reversion(20,100)",LONG,2026-06-02 22:55:00,2026-06-02 23:40:00,51379.0,51359.0,-13.5
"CCI_Reversion(20,100)",LONG,2026-06-03 01:25:00,2026-06-03 01:30:00,51367.0,51367.0,-3.5
"CCI_Reversion(20,100)",LONG,2026-06-03 01:35:00,2026-06-03 01:40:00,51373.0,51372.0,-4.0
"CCI_Reversion(20,100)",SHORT,2026-06-03 02:40:00,2026-06-03 02:50:00,51384.0,51376.0,0.5
"CCI_Reversion(20,100)",SHORT,2026-06-03 03:10:00,2026-06-03 03:20:00,51388.0,51380.0,0.5
"CCI_Reversion(20,100)",LONG,2026-06-03 04:40:00,2026-06-03 04:45:00,51377.0,51375.0,-4.5
"CCI_Reversion(20,100)",LONG,2026-06-03 04:50:00,2026-06-03 05:15:00,51370.0,51375.0,-1.0
"CCI_Reversion(20,100)",LONG,2026-06-03 05:30:00,2026-06-03 06:40:00,51358.0,51328.0,-18.5
"CCI_Reversion(20,100)",LONG,2026-06-03 06:45:00,2026-06-03 06:55:00,51319.0,51313.0,-6.5
"CCI_Reversion(20,100)",LONG,2026-06-03 07:10:00,2026-06-03 07:15:00,51307.0,51316.0,1.0
"CCI_Reversion(20,100)",LONG,2026-06-03 07:25:00,2026-06-03 08:30:00,51298.0,51273.0,-16.0
"CCI_Reversion(20,100)",LONG,2026-06-03 09:15:00,2026-06-03 09:55:00,51243.0,51208.0,-21.0
"CCI_Reversion(20,100)",LONG,2026-06-03 10:00:00,2026-06-03 10:05:00,51195.0,51208.0,3.0
"CCI_Reversion(20,100)",LONG,2026-06-03 10:45:00,2026-06-03 10:55:00,51187.0,51216.0,11.0
"CCI_Reversion(20,100)",SHORT,2026-06-03 11:05:00,2026-06-03 11:10:00,51239.0,51235.0,-1.5
"CCI_Reversion(20,100)",SHORT,2026-06-03 11:20:00,2026-06-03 12:00:00,51250.0,51253.0,-5.0
"CCI_Reversion(20,100)",LONG,2026-06-03 12:25:00,2026-06-03 12:55:00,51205.0,51185.0,-13.5
"CCI_Reversion(20,100)",LONG,2026-06-03 13:25:00,2026-06-03 13:35:00,51149.0,51219.0,31.5
"CCI_Reversion(20,100)",LONG,2026-06-03 13:50:00,2026-06-03 14:35:00,51069.0,51011.0,-32.5
"CCI_Reversion(20,100)",LONG,2026-06-03 14:45:00,2026-06-03 15:00:00,50989.0,50999.0,1.5
"CCI_Reversion(20,100)",LONG,2026-06-03 15:15:00,2026-06-03 15:20:00,50939.0,50972.0,13.0
"CCI_Reversion(20,100)",LONG,2026-06-03 15:40:00,2026-06-03 16:00:00,50930.0,50943.0,3.0
"CCI_Reversion(20,100)",SHORT,2026-06-03 17:10:00,2026-06-03 17:15:00,50960.0,50917.0,18.0
"CCI_Reversion(20,100)",SHORT,2026-06-03 17:55:00,2026-06-03 18:05:00,50961.0,50952.0,1.0
"CCI_Reversion(20,100)",SHORT,2026-06-03 18:15:00,2026-06-03 18:20:00,50963.0,50949.0,3.5
"CCI_Reversion(20,100)",SHORT,2026-06-03 18:30:00,2026-06-03 18:35:00,50968.0,50933.0,14.0
"CCI_Reversion(20,100)",LONG,2026-06-03 18:55:00,2026-06-03 19:40:00,50913.0,50890.0,-15.0
"CCI_Reversion(20,100)",LONG,2026-06-03 19:55:00,2026-06-03 20:30:00,50855.0,50802.0,-30.0
"CCI_Reversion(20,100)",LONG,2026-06-03 20:40:00,2026-06-03 22:05:00,50780.0,50819.0,16.0
"CCI_Reversion(20,100)",SHORT,2026-06-03 23:00:00,2026-06-03 23:05:00,50844.0,50815.0,11.0
"CCI_Reversion(20,100)",LONG,2026-06-03 23:40:00,2026-06-03 23:45:00,50796.0,50794.0,-4.5
"CCI_Reversion(20,100)",SHORT,2026-06-04 00:20:00,2026-06-04 00:25:00,50830.0,50808.0,7.5
"CCI_Reversion(20,100)",SHORT,2026-06-04 00:35:00,2026-06-04 00:50:00,50843.0,50817.0,9.5
"CCI_Reversion(20,100)",SHORT,2026-06-04 01:10:00,2026-06-04 01:20:00,50834.0,50811.0,8.0
"CCI_Reversion(20,100)",SHORT,2026-06-04 01:35:00,2026-06-04 01:40:00,50836.0,50827.0,1.0
"CCI_Reversion(20,100)",LONG,2026-06-04 01:55:00,2026-06-04 02:30:00,50786.0,50791.0,-1.0
"CCI_Reversion(20,100)",LONG,2026-06-04 02:35:00,2026-06-04 02:45:00,50764.0,50779.0,4.0
"CCI_Reversion(20,100)",LONG,2026-06-04 03:50:00,2026-06-04 03:55:00,50770.0,50780.0,1.5
"CCI_Reversion(20,100)",SHORT,2026-06-04 04:15:00,2026-06-04 04:35:00,50809.0,50806.0,-2.0
"CCI_Reversion(20,100)",SHORT,2026-06-04 04:45:00,2026-06-04 04:50:00,50817.0,50806.0,2.0
"CCI_Reversion(20,100)",LONG,2026-06-04 05:30:00,2026-06-04 05:35:00,50778.0,50790.0,2.5
"CCI_Reversion(20,100)",SHORT,2026-06-04 06:05:00,2026-06-04 06:20:00,50829.0,50817.0,2.5
"CCI_Reversion(20,100)",SHORT,2026-06-04 06:35:00,2026-06-04 07:45:00,50845.0,50908.0,-35.0
"CCI_Reversion(20,100)",SHORT,2026-06-04 08:30:00,2026-06-04 08:50:00,50962.0,50923.0,16.0
"CCI_Reversion(20,100)",SHORT,2026-06-04 09:35:00,2026-06-04 10:15:00,50963.0,51037.0,-40.5
"CCI_Reversion(20,100)",SHORT,2026-06-04 11:10:00,2026-06-04 12:15:00,51058.0,51192.0,-70.5
"CCI_Reversion(20,100)",SHORT,2026-06-04 12:25:00,2026-06-04 13:00:00,51252.0,51283.0,-19.0
"CCI_Reversion(20,100)",SHORT,2026-06-04 13:30:00,2026-06-04 13:40:00,51352.0,51320.0,12.5
"CCI_Reversion(20,100)",SHORT,2026-06-04 13:45:00,2026-06-04 14:20:00,51393.0,51494.0,-54.0
"CCI_Reversion(20,100)",SHORT,2026-06-04 15:05:00,2026-06-04 15:45:00,51561.0,51618.0,-32.0
"CCI_Reversion(20,100)",SHORT,2026-06-04 16:15:00,2026-06-04 16:45:00,51687.0,51702.0,-11.0
"CCI_Reversion(20,100)",LONG,2026-06-04 17:15:00,2026-06-04 17:40:00,51591.0,51607.0,4.5
"CCI_Reversion(20,100)",SHORT,2026-06-04 18:35:00,2026-06-04 19:40:00,51662.0,51718.0,-31.5
"CCI_Reversion(20,100)",LONG,2026-06-04 22:10:00,2026-06-04 22:15:00,51656.0,51653.0,-5.0
"CCI_Reversion(20,100)",SHORT,2026-06-04 22:50:00,2026-06-04 23:10:00,51676.0,51664.0,2.5
"CCI_Reversion(20,100)",LONG,2026-06-04 23:55:00,2026-06-05 00:30:00,51643.0,51620.0,-15.0
"CCI_Reversion(20,100)",LONG,2026-06-05 01:30:00,2026-06-05 01:55:00,51596.0,51605.0,1.0
"CCI_Reversion(20,100)",SHORT,2026-06-05 02:15:00,2026-06-05 02:20:00,51634.0,51627.0,0.0
"CCI_Reversion(20,100)",LONG,2026-06-05 02:50:00,2026-06-05 02:55:00,51591.0,51594.0,-2.0
"CCI_Reversion(20,100)",SHORT,2026-06-05 04:20:00,2026-06-05 04:30:00,51617.0,51605.0,2.5
"CCI_Reversion(20,100)",SHORT,2026-06-05 04:45:00,2026-06-05 05:10:00,51618.0,51617.0,-3.0
"CCI_Reversion(20,100)",SHORT,2026-06-05 05:25:00,2026-06-05 05:50:00,51632.0,51639.0,-7.0
"CCI_Reversion(20,100)",SHORT,2026-06-05 06:05:00,2026-06-05 06:20:00,51660.0,51650.0,1.5
"CCI_Reversion(20,100)",SHORT,2026-06-05 07:00:00,2026-06-05 07:05:00,51663.0,51650.0,3.0
"CCI_Reversion(20,100)",SHORT,2026-06-05 07:30:00,2026-06-05 08:00:00,51701.0,51659.0,17.5
"CCI_Reversion(20,100)",SHORT,2026-06-05 08:45:00,2026-06-05 08:50:00,51697.0,51699.0,-4.5
"CCI_Reversion(20,100)",SHORT,2026-06-05 09:15:00,2026-06-05 09:40:00,51777.0,51715.0,27.5
"CCI_Reversion(20,100)",SHORT,2026-06-05 10:20:00,2026-06-05 10:30:00,51753.0,51751.0,-2.5
"CCI_Reversion(20,100)",SHORT,2026-06-05 11:10:00,2026-06-05 11:15:00,51746.0,51742.0,-1.5
"CCI_Reversion(20,100)",LONG,2026-06-05 11:25:00,2026-06-05 11:30:00,51699.0,51740.0,17.0
"CCI_Reversion(20,100)",LONG,2026-06-05 12:00:00,2026-06-05 12:10:00,51712.0,51720.0,0.5
"CCI_Reversion(20,100)",LONG,2026-06-05 12:15:00,2026-06-05 12:35:00,51712.0,51646.0,-36.5
"CCI_Reversion(20,100)",LONG,2026-06-05 12:40:00,2026-06-05 12:45:00,51688.0,51737.0,21.0
"CCI_Reversion(20,100)",SHORT,2026-06-05 12:50:00,2026-06-05 12:55:00,51766.0,51688.0,35.5
"CCI_Reversion(20,100)",LONG,2026-06-05 13:00:00,2026-06-05 13:10:00,51698.0,51706.0,0.5
"CCI_Reversion(20,100)",LONG,2026-06-05 13:25:00,2026-06-05 13:30:00,51668.0,51744.0,34.5
"CCI_Reversion(20,100)",LONG,2026-06-05 13:35:00,2026-06-05 14:10:00,51648.0,51546.0,-54.5
"CCI_Reversion(20,100)",LONG,2026-06-05 15:15:00,2026-06-05 16:40:00,51468.0,51234.0,-120.5
"CCI_Reversion(20,100)",LONG,2026-06-05 16:45:00,2026-06-05 16:55:00,51183.0,51236.0,23.0
"CCI_Reversion(20,100)",LONG,2026-06-05 18:10:00,2026-06-05 19:30:00,51170.0,50946.0,-115.5
"CCI_Reversion(20,100)",LONG,2026-06-05 20:05:00,2026-06-05 20:45:00,50825.0,50760.0,-36.0
"CCI_Reversion(20,100)",LONG,2026-06-07 23:00:00,2026-06-07 23:05:00,50713.0,50765.0,22.5
"CCI_Reversion(20,100)",SHORT,2026-06-08 00:35:00,2026-06-08 00:45:00,50889.0,50847.0,17.5
"CCI_Reversion(20,100)",LONG,2026-06-08 01:15:00,2026-06-08 01:45:00,50818.0,50800.0,-12.5
"CCI_Reversion(20,100)",SHORT,2026-06-08 02:45:00,2026-06-08 03:20:00,50849.0,50812.0,15.0
"CCI_Reversion(20,100)",SHORT,2026-06-08 03:30:00,2026-06-08 03:45:00,50839.0,50853.0,-10.5
"CCI_Reversion(20,100)",SHORT,2026-06-08 03:50:00,2026-06-08 04:00:00,50856.0,50859.0,-5.0
"CCI_Reversion(20,100)",LONG,2026-06-08 04:25:00,2026-06-08 05:05:00,50819.0,50803.0,-11.5
"CCI_Reversion(20,100)",LONG,2026-06-08 05:10:00,2026-06-08 06:05:00,50775.0,50733.0,-24.5
"CCI_Reversion(20,100)",SHORT,2026-06-08 07:05:00,2026-06-08 07:55:00,50766.0,50806.0,-23.5
"CCI_Reversion(20,100)",LONG,2026-06-08 08:45:00,2026-06-08 08:55:00,50756.0,50770.0,3.5
"CCI_Reversion(20,100)",SHORT,2026-06-08 09:40:00,2026-06-08 10:05:00,50827.0,50860.0,-20.0
"CCI_Reversion(20,100)",SHORT,2026-06-08 10:10:00,2026-06-08 10:20:00,50875.0,50841.0,13.5
"CCI_Reversion(20,100)",SHORT,2026-06-08 10:35:00,2026-06-08 10:50:00,50923.0,50889.0,13.5
"CCI_Reversion(20,100)",SHORT,2026-06-08 11:15:00,2026-06-08 11:50:00,51059.0,51064.0,-6.0
"CCI_Reversion(20,100)",LONG,2026-06-08 13:05:00,2026-06-08 13:25:00,51028.0,51020.0,-7.5
"CCI_Reversion(20,100)",SHORT,2026-06-08 13:35:00,2026-06-08 13:40:00,51168.0,51013.0,74.0
"CCI_Reversion(20,100)",SHORT,2026-06-08 15:00:00,2026-06-08 15:15:00,51163.0,51102.0,27.0
"CCI_Reversion(20,100)",LONG,2026-06-08 15:35:00,2026-06-08 15:45:00,50956.0,51032.0,34.5
"CCI_Reversion(20,100)",LONG,2026-06-08 16:00:00,2026-06-08 16:10:00,51007.0,51007.0,-3.5
"CCI_Reversion(20,100)",LONG,2026-06-08 16:35:00,2026-06-08 16:50:00,50968.0,50988.0,6.5
"CCI_Reversion(20,100)",LONG,2026-06-08 17:00:00,2026-06-08 17:30:00,50945.0,50930.0,-11.0
"CCI_Reversion(20,100)",LONG,2026-06-08 17:40:00,2026-06-08 17:45:00,50872.0,50851.0,-14.0
"CCI_Reversion(20,100)",SHORT,2026-06-08 18:30:00,2026-06-08 18:40:00,50973.0,50922.0,22.0
"CCI_Reversion(20,100)",LONG,2026-06-08 19:20:00,2026-06-08 19:35:00,50863.0,50893.0,11.5
"CCI_Reversion(20,100)",LONG,2026-06-08 20:20:00,2026-06-08 20:30:00,50826.0,50836.0,1.5
"CCI_Reversion(20,100)",LONG,2026-06-08 20:50:00,2026-06-08 22:30:00,50824.0,50773.0,-29.0
"CCI_Reversion(20,100)",SHORT,2026-06-08 23:40:00,2026-06-08 23:45:00,50839.0,50813.0,9.5
"CCI_Reversion(20,100)",LONG,2026-06-09 00:05:00,2026-06-09 00:45:00,50746.0,50726.0,-13.5
"CCI_Reversion(20,100)",LONG,2026-06-09 00:55:00,2026-06-09 01:00:00,50695.0,50717.0,7.5
"CCI_Reversion(20,100)",SHORT,2026-06-09 01:25:00,2026-06-09 02:00:00,50819.0,50841.0,-14.5
"CCI_Reversion(20,100)",SHORT,2026-06-09 03:10:00,2026-06-09 03:25:00,50874.0,50860.0,3.5
"CCI_Reversion(20,100)",SHORT,2026-06-09 03:35:00,2026-06-09 04:05:00,50878.0,50880.0,-4.5
"CCI_Reversion(20,100)",SHORT,2026-06-09 04:35:00,2026-06-09 05:00:00,50915.0,50914.0,-3.0
"CCI_Reversion(20,100)",SHORT,2026-06-09 05:05:00,2026-06-09 05:15:00,50929.0,50916.0,3.0
"CCI_Reversion(20,100)",SHORT,2026-06-09 05:35:00,2026-06-09 05:45:00,50946.0,50925.0,7.0
"CCI_Reversion(20,100)",SHORT,2026-06-09 05:50:00,2026-06-09 05:55:00,50940.0,50912.0,10.5
"CCI_Reversion(20,100)",LONG,2026-06-09 06:05:00,2026-06-09 06:25:00,50894.0,50913.0,6.0
"CCI_Reversion(20,100)",LONG,2026-06-09 06:35:00,2026-06-09 06:45:00,50876.0,50899.0,8.0
"CCI_Reversion(20,100)",LONG,2026-06-09 06:55:00,2026-06-09 07:05:00,50864.0,50938.0,33.5
"CCI_Reversion(20,100)",SHORT,2026-06-09 07:10:00,2026-06-09 07:15:00,50940.0,50881.0,26.0
"CCI_Reversion(20,100)",LONG,2026-06-09 07:30:00,2026-06-09 07:35:00,50858.0,50875.0,5.0
"CCI_Reversion(20,100)",SHORT,2026-06-09 08:15:00,2026-06-09 08:25:00,50907.0,50910.0,-5.0
"CCI_Reversion(20,100)",SHORT,2026-06-09 08:35:00,2026-06-09 08:55:00,50931.0,50925.0,-0.5
"CCI_Reversion(20,100)",SHORT,2026-06-09 09:10:00,2026-06-09 09:30:00,50985.0,50983.0,-2.5
"CCI_Reversion(20,100)",LONG,2026-06-09 10:10:00,2026-06-09 10:15:00,50925.0,50968.0,18.0
"CCI_Reversion(20,100)",SHORT,2026-06-09 10:55:00,2026-06-09 11:15:00,50996.0,50981.0,4.0
"CCI_Reversion(20,100)",LONG,2026-06-09 11:50:00,2026-06-09 12:05:00,50936.0,50943.0,0.0
"CCI_Reversion(20,100)",SHORT,2026-06-09 12:35:00,2026-06-09 13:20:00,51032.0,51057.0,-16.0
"CCI_Reversion(20,100)",SHORT,2026-06-09 13:30:00,2026-06-09 14:05:00,51111.0,51186.0,-41.0
"CCI_Reversion(20,100)",LONG,2026-06-09 14:45:00,2026-06-09 15:05:00,50990.0,50918.0,-39.5
"CCI_Reversion(20,100)",LONG,2026-06-09 15:25:00,2026-06-09 15:55:00,50731.0,50588.0,-75.0
"CCI_Reversion(20,100)",LONG,2026-06-09 16:00:00,2026-06-09 16:05:00,50510.0,50560.0,21.5
"CCI_Reversion(20,100)",LONG,2026-06-09 16:40:00,2026-06-09 17:05:00,50310.0,50475.0,79.0
"CCI_Reversion(20,100)",SHORT,2026-06-09 17:25:00,2026-06-09 18:10:00,50625.0,50796.0,-89.0
"CCI_Reversion(20,100)",SHORT,2026-06-09 18:35:00,2026-06-09 18:45:00,50879.0,50835.0,18.5
"CCI_Reversion(20,100)",SHORT,2026-06-09 18:55:00,2026-06-09 19:15:00,50883.0,50880.0,-2.0
"CCI_Reversion(20,100)",LONG,2026-06-09 19:45:00,2026-06-09 19:55:00,50750.0,50890.0,66.5
"CCI_Reversion(20,100)",LONG,2026-06-09 22:30:00,2026-06-09 23:05:00,50813.0,50774.0,-23.0
"CCI_Reversion(20,100)",SHORT,2026-06-10 00:00:00,2026-06-10 00:25:00,50806.0,50809.0,-5.0
"CCI_Reversion(20,100)",SHORT,2026-06-10 01:00:00,2026-06-10 01:45:00,50844.0,50875.0,-19.0
"CCI_Reversion(20,100)",LONG,2026-06-10 02:55:00,2026-06-10 03:05:00,50833.0,50858.0,9.0
"CCI_Reversion(20,100)",LONG,2026-06-10 03:40:00,2026-06-10 04:25:00,50825.0,50794.0,-19.0
"CCI_Reversion(20,100)",LONG,2026-06-10 04:30:00,2026-06-10 04:55:00,50781.0,50780.0,-4.0
"CCI_Reversion(20,100)",LONG,2026-06-10 05:00:00,2026-06-10 05:10:00,50756.0,50779.0,8.0
"CCI_Reversion(20,100)",LONG,2026-06-10 05:20:00,2026-06-10 05:25:00,50751.0,50774.0,8.0
"CCI_Reversion(20,100)",SHORT,2026-06-10 05:35:00,2026-06-10 05:50:00,50812.0,50800.0,2.5
"CCI_Reversion(20,100)",SHORT,2026-06-10 06:00:00,2026-06-10 06:25:00,50837.0,50818.0,6.0
"CCI_Reversion(20,100)",LONG,2026-06-10 07:00:00,2026-06-10 08:00:00,50792.0,50759.0,-20.0
"CCI_Reversion(20,100)",LONG,2026-06-10 08:05:00,2026-06-10 09:30:00,50706.0,50579.0,-67.0
"CCI_Reversion(20,100)",LONG,2026-06-10 10:20:00,2026-06-10 10:30:00,50483.0,50557.0,33.5
"CCI_Reversion(20,100)",SHORT,2026-06-10 10:50:00,2026-06-10 10:55:00,50568.0,50535.0,13.0
"CCI_Reversion(20,100)",LONG,2026-06-10 11:05:00,2026-06-10 11:20:00,50362.0,50464.0,47.5
"CCI_Reversion(20,100)",LONG,2026-06-10 11:30:00,2026-06-10 11:50:00,50442.0,50441.0,-4.0
"CCI_Reversion(20,100)",SHORT,2026-06-10 12:30:00,2026-06-10 13:05:00,50579.0,50643.0,-35.5
"CCI_Reversion(20,100)",SHORT,2026-06-10 13:45:00,2026-06-10 14:05:00,50753.0,50743.0,1.5
"CCI_Reversion(20,100)",SHORT,2026-06-10 14:15:00,2026-06-10 14:20:00,50749.0,50691.0,25.5
"CCI_Reversion(20,100)",LONG,2026-06-10 14:45:00,2026-06-10 15:30:00,50579.0,50391.0,-97.5
"CCI_Reversion(20,100)",LONG,2026-06-10 15:40:00,2026-06-10 15:45:00,50331.0,50397.0,29.5
"CCI_Reversion(20,100)",LONG,2026-06-10 15:50:00,2026-06-10 16:00:00,50280.0,50374.0,43.5
"CCI_Reversion(20,100)",LONG,2026-06-10 16:50:00,2026-06-10 16:55:00,50270.0,50293.0,8.0
"CCI_Reversion(20,100)",LONG,2026-06-10 17:15:00,2026-06-10 17:30:00,50226.0,50257.0,12.0
"CCI_Reversion(20,100)",LONG,2026-06-10 17:35:00,2026-06-10 17:50:00,50198.0,50271.0,33.0
"CCI_Reversion(20,100)",SHORT,2026-06-10 18:05:00,2026-06-10 18:10:00,50378.0,50321.0,25.0
"CCI_Reversion(20,100)",LONG,2026-06-10 18:50:00,2026-06-10 19:40:00,50165.0,50097.0,-37.5
"CCI_Reversion(20,100)",LONG,2026-06-10 20:00:00,2026-06-10 20:40:00,49977.0,49933.0,-25.5
"CCI_Reversion(20,100)",LONG,2026-06-10 20:50:00,2026-06-10 20:55:00,49891.0,49907.0,4.5
"CCI_Reversion(20,100)",LONG,2026-06-10 22:05:00,2026-06-10 22:15:00,49850.0,49892.0,17.5
"CCI_Reversion(20,100)",LONG,2026-06-10 22:55:00,2026-06-10 23:20:00,49863.0,49857.0,-6.5
"CCI_Reversion(20,100)",SHORT,2026-06-11 00:20:00,2026-06-11 00:35:00,49931.0,49897.0,13.5
"CCI_Reversion(20,100)",SHORT,2026-06-11 00:50:00,2026-06-11 01:40:00,49941.0,50058.0,-62.0
"CCI_Reversion(20,100)",SHORT,2026-06-11 03:35:00,2026-06-11 04:20:00,50050.0,50096.0,-26.5
"CCI_Reversion(20,100)",SHORT,2026-06-11 04:25:00,2026-06-11 05:05:00,50108.0,50145.0,-22.0
"CCI_Reversion(20,100)",LONG,2026-06-11 06:05:00,2026-06-11 06:20:00,50098.0,50117.0,6.0
"CCI_Reversion(20,100)",SHORT,2026-06-11 06:45:00,2026-06-11 07:50:00,50156.0,50278.0,-64.5
"CCI_Reversion(20,100)",SHORT,2026-06-11 08:50:00,2026-06-11 10:05:00,50321.0,50356.0,-21.0
"CCI_Reversion(20,100)",LONG,2026-06-11 11:10:00,2026-06-11 11:30:00,50301.0,50325.0,8.5
"CCI_Reversion(20,100)",SHORT,2026-06-11 11:40:00,2026-06-11 12:10:00,50364.0,50378.0,-10.5
"CCI_Reversion(20,100)",LONG,2026-06-11 12:25:00,2026-06-11 12:50:00,50204.0,50252.0,20.5
"CCI_Reversion(20,100)",LONG,2026-06-11 13:45:00,2026-06-11 13:50:00,50168.0,50302.0,63.5
"CCI_Reversion(20,100)",SHORT,2026-06-11 13:55:00,2026-06-11 14:10:00,50430.0,50310.0,56.5
"CCI_Reversion(20,100)",LONG,2026-06-11 14:20:00,2026-06-11 14:25:00,50186.0,50303.0,55.0
"CCI_Reversion(20,100)",LONG,2026-06-11 15:00:00,2026-06-11 15:10:00,50168.0,50213.0,19.0
"CCI_Reversion(20,100)",SHORT,2026-06-11 16:10:00,2026-06-11 16:25:00,50350.0,50320.0,11.5
"CCI_Reversion(20,100)",LONG,2026-06-11 17:00:00,2026-06-11 17:15:00,50231.0,50229.0,-4.5
"CCI_Reversion(20,100)",LONG,2026-06-11 17:20:00,2026-06-11 17:30:00,50200.0,50632.0,212.5
"CCI_Reversion(20,100)",SHORT,2026-06-11 17:30:00,2026-06-11 18:05:00,50632.0,50677.0,-26.0
"CCI_Reversion(20,100)",SHORT,2026-06-11 19:05:00,2026-06-11 19:55:00,50849.0,50915.0,-36.5
"CCI_Reversion(20,100)",SHORT,2026-06-11 22:15:00,2026-06-11 22:25:00,50965.0,50951.0,3.5
"CCI_Reversion(20,100)",SHORT,2026-06-11 23:50:00,2026-06-12 00:05:00,50966.0,50933.0,13.0
"CCI_Reversion(20,100)",LONG,2026-06-12 00:20:00,2026-06-12 00:25:00,50913.0,50930.0,5.0
"CCI_Reversion(20,100)",LONG,2026-06-12 00:45:00,2026-06-12 01:45:00,50910.0,50883.0,-17.0
"CCI_Reversion(20,100)",SHORT,2026-06-12 02:05:00,2026-06-12 02:30:00,50932.0,50914.0,5.5
"CCI_Reversion(20,100)",LONG,2026-06-12 03:20:00,2026-06-12 03:35:00,50894.0,50903.0,1.0
"CCI_Reversion(20,100)",SHORT,2026-06-12 04:35:00,2026-06-12 05:05:00,50926.0,50922.0,-1.5
"CCI_Reversion(20,100)",SHORT,2026-06-12 05:25:00,2026-06-12 05:35:00,50932.0,50913.0,6.0
"CCI_Reversion(20,100)",LONG,2026-06-12 05:55:00,2026-06-12 06:05:00,50890.0,50929.0,16.0
"CCI_Reversion(20,100)",SHORT,2026-06-12 06:15:00,2026-06-12 06:20:00,50934.0,50930.0,-1.5
"CCI_Reversion(20,100)",LONG,2026-06-12 06:40:00,2026-06-12 07:10:00,50896.0,50890.0,-6.5
"CCI_Reversion(20,100)",LONG,2026-06-12 07:15:00,2026-06-12 07:30:00,50859.0,51225.0,179.5
"CCI_Reversion(20,100)",SHORT,2026-06-12 07:35:00,2026-06-12 08:35:00,51246.0,51529.0,-145.0
"CCI_Reversion(20,100)",SHORT,2026-06-12 09:20:00,2026-06-12 09:25:00,51610.0,51584.0,9.5
"CCI_Reversion(20,100)",SHORT,2026-06-12 09:30:00,2026-06-12 10:00:00,51615.0,51651.0,-21.5
"CCI_Reversion(20,100)",LONG,2026-06-12 10:30:00,2026-06-12 10:45:00,51496.0,51522.0,9.5
"CCI_Reversion(20,100)",LONG,2026-06-12 10:55:00,2026-06-12 11:00:00,51511.0,51521.0,1.5
"CCI_Reversion(20,100)",SHORT,2026-06-12 11:50:00,2026-06-12 12:05:00,51607.0,51579.0,10.5
"CCI_Reversion(20,100)",LONG,2026-06-12 12:40:00,2026-06-12 13:10:00,51507.0,51489.0,-12.5
"CCI_Reversion(20,100)",LONG,2026-06-12 13:45:00,2026-06-12 14:05:00,51288.0,51413.0,59.0
"CCI_Reversion(20,100)",SHORT,2026-06-12 14:55:00,2026-06-12 15:35:00,51686.0,51700.0,-10.5
"CCI_Reversion(20,100)",SHORT,2026-06-12 17:20:00,2026-06-12 17:35:00,51681.0,51613.0,30.5
"CCI_Reversion(20,100)",SHORT,2026-06-12 18:40:00,2026-06-12 19:00:00,51669.0,51626.0,18.0
"CCI_Reversion(20,100)",LONG,2026-06-12 19:35:00,2026-06-12 19:55:00,51571.0,51604.0,13.0
"CCI_Reversion(20,100)",SHORT,2026-06-14 22:15:00,2026-06-14 22:40:00,51954.0,51882.0,32.5
"CCI_Reversion(20,100)",SHORT,2026-06-15 00:00:00,2026-06-15 00:50:00,51939.0,51995.0,-31.5
"CCI_Reversion(20,100)",SHORT,2026-06-15 01:10:00,2026-06-15 01:45:00,52016.0,52028.0,-9.5
"CCI_Reversion(20,100)",SHORT,2026-06-15 02:10:00,2026-06-15 02:35:00,52049.0,52046.0,-2.0
"CCI_Reversion(20,100)",SHORT,2026-06-15 02:40:00,2026-06-15 03:05:00,52060.0,52065.0,-6.0
"CCI_Reversion(20,100)",SHORT,2026-06-15 03:20:00,2026-06-15 03:25:00,52068.0,52065.0,-2.0
"CCI_Reversion(20,100)",LONG,2026-06-15 04:00:00,2026-06-15 04:20:00,52056.0,52059.0,-2.0
"CCI_Reversion(20,100)",SHORT,2026-06-15 04:50:00,2026-06-15 05:40:00,52075.0,52140.0,-36.0
"CCI_Reversion(20,100)",LONG,2026-06-15 06:40:00,2026-06-15 07:10:00,52108.0,52119.0,2.0
"CCI_Reversion(20,100)",SHORT,2026-06-15 07:20:00,2026-06-15 07:35:00,52142.0,52141.0,-3.0
"CCI_Reversion(20,100)",SHORT,2026-06-15 07:40:00,2026-06-15 07:50:00,52148.0,52133.0,4.0
"CCI_Reversion(20,100)",LONG,2026-06-15 08:10:00,2026-06-15 08:30:00,52088.0,52084.0,-5.5
"CCI_Reversion(20,100)",LONG,2026-06-15 08:35:00,2026-06-15 08:40:00,52058.0,52083.0,9.0
"CCI_Reversion(20,100)",LONG,2026-06-15 09:25:00,2026-06-15 10:00:00,52039.0,52023.0,-11.5
"CCI_Reversion(20,100)",SHORT,2026-06-15 11:00:00,2026-06-15 11:40:00,52055.0,52107.0,-29.5
"CCI_Reversion(20,100)",SHORT,2026-06-15 12:45:00,2026-06-15 13:45:00,52135.0,52173.0,-22.5
"CCI_Reversion(20,100)",SHORT,2026-06-15 14:00:00,2026-06-15 14:05:00,52247.0,52223.0,8.5
"CCI_Reversion(20,100)",SHORT,2026-06-15 14:50:00,2026-06-15 15:25:00,52273.0,52269.0,-1.5
"CCI_Reversion(20,100)",SHORT,2026-06-15 15:50:00,2026-06-15 16:40:00,52327.0,52326.0,-3.0
"CCI_Reversion(20,100)",SHORT,2026-06-15 17:25:00,2026-06-15 17:35:00,52375.0,52334.0,17.0
"CCI_Reversion(20,100)",LONG,2026-06-15 17:50:00,2026-06-15 18:40:00,52305.0,52240.0,-36.0
"CCI_Reversion(20,100)",LONG,2026-06-15 19:30:00,2026-06-15 20:35:00,52200.0,52144.0,-31.5
"CCI_Reversion(20,100)",LONG,2026-06-15 22:20:00,2026-06-15 22:40:00,52120.0,52127.0,0.0
"CCI_Reversion(20,100)",LONG,2026-06-15 22:50:00,2026-06-15 23:25:00,52114.0,52116.0,-2.5
"CCI_Reversion(20,100)",SHORT,2026-06-16 00:20:00,2026-06-16 00:40:00,52127.0,52116.0,2.0
"CCI_Reversion(20,100)",SHORT,2026-06-16 01:05:00,2026-06-16 01:15:00,52141.0,52125.0,4.5
"CCI_Reversion(20,100)",SHORT,2026-06-16 01:25:00,2026-06-16 01:35:00,52140.0,52126.0,3.5
"CCI_Reversion(20,100)",SHORT,2026-06-16 02:25:00,2026-06-16 02:55:00,52141.0,52141.0,-3.5
"CCI_Reversion(20,100)",SHORT,2026-06-16 03:10:00,2026-06-16 03:15:00,52154.0,52147.0,0.0
"CCI_Reversion(20,100)",SHORT,2026-06-16 03:25:00,2026-06-16 03:35:00,52164.0,52163.0,-3.0
"CCI_Reversion(20,100)",SHORT,2026-06-16 03:40:00,2026-06-16 03:50:00,52171.0,52161.0,1.5
"CCI_Reversion(20,100)",LONG,2026-06-16 04:10:00,2026-06-16 04:25:00,52141.0,52137.0,-5.5
"CCI_Reversion(20,100)",LONG,2026-06-16 04:30:00,2026-06-16 04:40:00,52135.0,52144.0,1.0
"CCI_Reversion(20,100)",LONG,2026-06-16 04:55:00,2026-06-16 05:05:00,52118.0,52149.0,12.0
"CCI_Reversion(20,100)",SHORT,2026-06-16 05:15:00,2026-06-16 05:30:00,52172.0,52159.0,3.0
"CCI_Reversion(20,100)",SHORT,2026-06-16 06:10:00,2026-06-16 06:20:00,52166.0,52163.0,-2.0
"CCI_Reversion(20,100)",SHORT,2026-06-16 07:05:00,2026-06-16 07:50:00,52189.0,52195.0,-6.5
"CCI_Reversion(20,100)",LONG,2026-06-16 08:35:00,2026-06-16 09:05:00,52170.0,52182.0,2.5
"CCI_Reversion(20,100)",LONG,2026-06-16 09:25:00,2026-06-16 09:30:00,52168.0,52173.0,-1.0
"CCI_Reversion(20,100)",LONG,2026-06-16 09:45:00,2026-06-16 10:05:00,52151.0,52176.0,9.0
"CCI_Reversion(20,100)",SHORT,2026-06-16 10:10:00,2026-06-16 10:20:00,52191.0,52181.0,1.5
"CCI_Reversion(20,100)",SHORT,2026-06-16 11:00:00,2026-06-16 11:05:00,52194.0,52182.0,2.5
"CCI_Reversion(20,100)",SHORT,2026-06-16 11:50:00,2026-06-16 11:55:00,52183.0,52160.0,8.0
"CCI_Reversion(20,100)",LONG,2026-06-16 11:55:00,2026-06-16 12:05:00,52160.0,52164.0,-1.5
"CCI_Reversion(20,100)",SHORT,2026-06-16 12:10:00,2026-06-16 13:15:00,52209.0,52252.0,-25.0
"CCI_Reversion(20,100)",SHORT,2026-06-16 13:25:00,2026-06-16 13:55:00,52281.0,52383.0,-54.5
"CCI_Reversion(20,100)",SHORT,2026-06-16 14:15:00,2026-06-16 14:25:00,52492.0,52447.0,19.0
"CCI_Reversion(20,100)",SHORT,2026-06-16 15:25:00,2026-06-16 16:30:00,52486.0,52598.0,-59.5
"CCI_Reversion(20,100)",LONG,2026-06-16 17:40:00,2026-06-16 17:45:00,52572.0,52591.0,6.0
"CCI_Reversion(20,100)",LONG,2026-06-16 17:50:00,2026-06-16 18:25:00,52573.0,52552.0,-14.0
"CCI_Reversion(20,100)",LONG,2026-06-16 18:55:00,2026-06-16 19:00:00,52525.0,52532.0,0.0
"CCI_Reversion(20,100)",LONG,2026-06-16 19:05:00,2026-06-16 19:25:00,52510.0,52518.0,0.5
"CCI_Reversion(20,100)",LONG,2026-06-16 19:35:00,2026-06-16 19:50:00,52463.0,52501.0,15.5
"CCI_Reversion(20,100)",LONG,2026-06-16 20:05:00,2026-06-16 20:30:00,52463.0,52446.0,-12.0
"CCI_Reversion(20,100)",LONG,2026-06-16 20:35:00,2026-06-16 20:40:00,52446.0,52455.0,1.0
"CCI_Reversion(20,100)",SHORT,2026-06-16 22:25:00,2026-06-16 23:05:00,52501.0,52512.0,-9.0
"CCI_Reversion(20,100)",SHORT,2026-06-17 00:05:00,2026-06-17 00:25:00,52532.0,52529.0,-2.0
"CCI_Reversion(20,100)",SHORT,2026-06-17 00:30:00,2026-06-17 00:50:00,52526.0,52532.0,-6.5
"CCI_Reversion(20,100)",SHORT,2026-06-17 01:05:00,2026-06-17 01:40:00,52547.0,52551.0,-5.5
"CCI_Reversion(20,100)",LONG,2026-06-17 02:30:00,2026-06-17 03:00:00,52526.0,52522.0,-5.5
"CCI_Reversion(20,100)",LONG,2026-06-17 03:20:00,2026-06-17 03:35:00,52512.0,52515.0,-2.0
"CCI_Reversion(20,100)",SHORT,2026-06-17 03:50:00,2026-06-17 04:15:00,52534.0,52528.0,-0.5
"CCI_Reversion(20,100)",LONG,2026-06-17 04:45:00,2026-06-17 04:50:00,52506.0,52516.0,1.5
"CCI_Reversion(20,100)",LONG,2026-06-17 05:30:00,2026-06-17 05:40:00,52500.0,52513.0,3.0
"CCI_Reversion(20,100)",LONG,2026-06-17 05:45:00,2026-06-17 06:10:00,52495.0,52502.0,0.0
"CCI_Reversion(20,100)",LONG,2026-06-17 06:20:00,2026-06-17 06:35:00,52488.0,52506.0,5.5
"CCI_Reversion(20,100)",SHORT,2026-06-17 06:50:00,2026-06-17 06:55:00,52514.0,52501.0,3.0
"CCI_Reversion(20,100)",SHORT,2026-06-17 07:10:00,2026-06-17 07:20:00,52524.0,52501.0,8.0
"CCI_Reversion(20,100)",LONG,2026-06-17 07:30:00,2026-06-17 07:40:00,52465.0,52494.0,11.0
"CCI_Reversion(20,100)",LONG,2026-06-17 07:50:00,2026-06-17 07:55:00,52463.0,52470.0,0.0
"CCI_Reversion(20,100)",LONG,2026-06-17 08:00:00,2026-06-17 08:30:00,52463.0,52437.0,-16.5
"CCI_Reversion(20,100)",LONG,2026-06-17 08:35:00,2026-06-17 08:55:00,52439.0,52454.0,4.0
"CCI_Reversion(20,100)",SHORT,2026-06-17 09:25:00,2026-06-17 09:40:00,52479.0,52461.0,5.5
"CCI_Reversion(20,100)",LONG,2026-06-17 10:10:00,2026-06-17 10:15:00,52430.0,52433.0,-2.0
"CCI_Reversion(20,100)",LONG,2026-06-17 11:50:00,2026-06-17 12:05:00,52433.0,52444.0,2.0
"CCI_Reversion(20,100)",LONG,2026-06-17 12:25:00,2026-06-17 12:40:00,52421.0,52422.0,-3.0
"CCI_Reversion(20,100)",SHORT,2026-06-17 13:35:00,2026-06-17 14:30:00,52513.0,52689.0,-91.5
"CCI_Reversion(20,100)",SHORT,2026-06-17 15:40:00,2026-06-17 15:45:00,52718.0,52705.0,3.0
"CCI_Reversion(20,100)",LONG,2026-06-17 17:10:00,2026-06-17 17:50:00,52633.0,52576.0,-32.0
"CCI_Reversion(20,100)",LONG,2026-06-17 18:05:00,2026-06-17 18:35:00,52301.0,52324.0,8.0
"CCI_Reversion(20,100)",LONG,2026-06-17 19:10:00,2026-06-17 20:00:00,52295.0,51944.0,-179.0
"CCI_Reversion(20,100)",SHORT,2026-06-17 22:40:00,2026-06-17 22:45:00,52071.0,52065.0,-0.5
"CCI_Reversion(20,100)",SHORT,2026-06-17 22:55:00,2026-06-17 23:00:00,52072.0,52072.0,-3.5
"CCI_Reversion(20,100)",SHORT,2026-06-17 23:05:00,2026-06-17 23:45:00,52078.0,52142.0,-35.5
"CCI_Reversion(20,100)",SHORT,2026-06-17 23:55:00,2026-06-18 00:00:00,52165.0,52176.0,-9.0
"CCI_Reversion(20,100)",SHORT,2026-06-18 00:05:00,2026-06-18 00:30:00,52219.0,52224.0,-6.0
"CCI_Reversion(20,100)",SHORT,2026-06-18 03:05:00,2026-06-18 03:10:00,52247.0,52238.0,1.0
"CCI_Reversion(20,100)",LONG,2026-06-18 03:15:00,2026-06-18 03:25:00,52217.0,52235.0,5.5
"CCI_Reversion(20,100)",LONG,2026-06-18 03:40:00,2026-06-18 03:50:00,52229.0,52235.0,-0.5
"CCI_Reversion(20,100)",SHORT,2026-06-18 04:05:00,2026-06-18 04:10:00,52242.0,52240.0,-2.5
"CCI_Reversion(20,100)",LONG,2026-06-18 04:20:00,2026-06-18 04:30:00,52218.0,52222.0,-1.5
"CCI_Reversion(20,100)",LONG,2026-06-18 04:35:00,2026-06-18 05:10:00,52215.0,52197.0,-12.5
"CCI_Reversion(20,100)",LONG,2026-06-18 05:15:00,2026-06-18 05:20:00,52186.0,52208.0,7.5
"CCI_Reversion(20,100)",LONG,2026-06-18 05:55:00,2026-06-18 06:25:00,52187.0,52182.0,-6.0
"CCI_Reversion(20,100)",SHORT,2026-06-18 06:50:00,2026-06-18 07:15:00,52230.0,52198.0,12.5
"CCI_Reversion(20,100)",SHORT,2026-06-18 07:30:00,2026-06-18 07:35:00,52247.0,52236.0,2.0
"CCI_Reversion(20,100)",SHORT,2026-06-18 08:05:00,2026-06-18 08:20:00,52259.0,52245.0,3.5
"CCI_Reversion(20,100)",LONG,2026-06-18 08:55:00,2026-06-18 09:20:00,52169.0,52208.0,16.0
"CCI_Reversion(20,100)",SHORT,2026-06-18 09:50:00,2026-06-18 10:05:00,52254.0,52213.0,17.0
"CCI_Reversion(20,100)",LONG,2026-06-18 10:45:00,2026-06-18 11:35:00,52151.0,52077.0,-40.5
"CCI_Reversion(20,100)",LONG,2026-06-18 11:40:00,2026-06-18 11:50:00,52033.0,52044.0,2.0
"CCI_Reversion(20,100)",SHORT,2026-06-18 12:25:00,2026-06-18 13:05:00,52165.0,52162.0,-2.0
"CCI_Reversion(20,100)",SHORT,2026-06-18 13:20:00,2026-06-18 13:40:00,52219.0,52196.0,8.0
"CCI_Reversion(20,100)",LONG,2026-06-18 14:05:00,2026-06-18 14:25:00,52115.0,52137.0,7.5
"CCI_Reversion(20,100)",LONG,2026-06-18 15:20:00,2026-06-18 15:50:00,52080.0,52064.0,-11.5
"CCI_Reversion(20,100)",LONG,2026-06-18 16:10:00,2026-06-18 16:15:00,52048.0,52069.0,7.0
"CCI_Reversion(20,100)",LONG,2026-06-18 16:55:00,2026-06-18 17:00:00,52052.0,52061.0,1.0
"CCI_Reversion(20,100)",SHORT,2026-06-18 17:10:00,2026-06-18 17:30:00,52133.0,52125.0,0.5
"CCI_Reversion(20,100)",LONG,2026-06-18 18:05:00,2026-06-18 18:15:00,52036.0,52044.0,0.5
"CCI_Reversion(20,100)",LONG,2026-06-18 18:40:00,2026-06-18 18:45:00,52035.0,52064.0,11.0
"CCI_Reversion(20,100)",LONG,2026-06-18 19:05:00,2026-06-18 19:25:00,52004.0,52021.0,5.0
"CCI_Reversion(20,100)",SHORT,2026-06-18 19:45:00,2026-06-18 19:50:00,52080.0,52006.0,33.5
"CCI_Reversion(20,100)",LONG,2026-06-18 20:05:00,2026-06-18 20:10:00,52016.0,52025.0,1.0
"CCI_Reversion(20,100)",SHORT,2026-06-18 20:20:00,2026-06-18 20:30:00,52075.0,52060.0,4.0
"CCI_Reversion(20,100)",LONG,2026-06-18 22:20:00,2026-06-18 23:10:00,52012.0,51975.0,-22.0
"CCI_Reversion(20,100)",SHORT,2026-06-18 23:55:00,2026-06-19 00:05:00,52015.0,51996.0,6.0
"CCI_Reversion(20,100)",LONG,2026-06-19 00:55:00,2026-06-19 01:05:00,51972.0,51973.0,-3.0
"CCI_Reversion(20,100)",LONG,2026-06-19 01:10:00,2026-06-19 01:50:00,51945.0,51933.0,-9.5
"CCI_Reversion(20,100)",LONG,2026-06-19 01:55:00,2026-06-19 02:35:00,51916.0,51894.0,-14.5
"CCI_Reversion(20,100)",LONG,2026-06-19 03:20:00,2026-06-19 03:40:00,51852.0,51875.0,8.0
"CCI_Reversion(20,100)",LONG,2026-06-21 22:10:00,2026-06-21 22:25:00,51796.0,51851.0,24.0
"CCI_Reversion(20,100)",LONG,2026-06-21 23:50:00,2026-06-22 00:05:00,51760.0,51828.0,30.5
"CCI_Reversion(20,100)",SHORT,2026-06-22 00:20:00,2026-06-22 00:50:00,51877.0,51877.0,-3.5
"CCI_Reversion(20,100)",SHORT,2026-06-22 01:05:00,2026-06-22 01:20:00,51937.0,51931.0,-0.5
"CCI_Reversion(20,100)",SHORT,2026-06-22 01:30:00,2026-06-22 01:35:00,51955.0,51941.0,3.5
"CCI_Reversion(20,100)",SHORT,2026-06-22 01:40:00,2026-06-22 01:45:00,51960.0,51958.0,-2.5
"CCI_Reversion(20,100)",LONG,2026-06-22 02:30:00,2026-06-22 03:05:00,51888.0,51861.0,-17.0
"CCI_Reversion(20,100)",LONG,2026-06-22 04:00:00,2026-06-22 04:20:00,51844.0,51827.0,-12.0
"CCI_Reversion(20,100)",LONG,2026-06-22 04:25:00,2026-06-22 04:45:00,51824.0,51817.0,-7.0
"CCI_Reversion(20,100)",LONG,2026-06-22 04:55:00,2026-06-22 05:00:00,51816.0,51821.0,-1.0
"CCI_Reversion(20,100)",SHORT,2026-06-22 05:30:00,2026-06-22 05:35:00,51862.0,51867.0,-6.0
"CCI_Reversion(20,100)",SHORT,2026-06-22 05:40:00,2026-06-22 06:45:00,51878.0,51970.0,-49.5
"CCI_Reversion(20,100)",SHORT,2026-06-22 06:50:00,2026-06-22 07:10:00,51959.0,51984.0,-16.0
"CCI_Reversion(20,100)",SHORT,2026-06-22 07:15:00,2026-06-22 07:25:00,51976.0,51979.0,-5.0
"CCI_Reversion(20,100)",SHORT,2026-06-22 07:30:00,2026-06-22 07:35:00,51990.0,51985.0,-1.0
"CCI_Reversion(20,100)",LONG,2026-06-22 08:00:00,2026-06-22 08:10:00,51953.0,51939.0,-10.5
"CCI_Reversion(20,100)",LONG,2026-06-22 08:15:00,2026-06-22 08:30:00,51940.0,51947.0,0.0
"CCI_Reversion(20,100)",SHORT,2026-06-22 09:05:00,2026-06-22 09:35:00,51985.0,52005.0,-13.5
"CCI_Reversion(20,100)",SHORT,2026-06-22 10:25:00,2026-06-22 10:30:00,52026.0,52015.0,2.0
"CCI_Reversion(20,100)",SHORT,2026-06-22 11:10:00,2026-06-22 11:15:00,52043.0,52025.0,5.5
"CCI_Reversion(20,100)",LONG,2026-06-22 11:45:00,2026-06-22 11:50:00,52015.0,52024.0,1.0
"CCI_Reversion(20,100)",SHORT,2026-06-22 12:00:00,2026-06-22 12:10:00,52047.0,52095.0,-27.5
"CCI_Reversion(20,100)",SHORT,2026-06-22 12:15:00,2026-06-22 12:35:00,52083.0,52108.0,-16.0
"CCI_Reversion(20,100)",SHORT,2026-06-22 12:40:00,2026-06-22 12:45:00,52099.0,52081.0,5.5
"CCI_Reversion(20,100)",SHORT,2026-06-22 13:30:00,2026-06-22 13:45:00,52113.0,52189.0,-41.5
"CCI_Reversion(20,100)",SHORT,2026-06-22 13:50:00,2026-06-22 14:10:00,52269.0,52285.0,-11.5
"CCI_Reversion(20,100)",SHORT,2026-06-22 14:15:00,2026-06-22 14:20:00,52264.0,52202.0,27.5
"CCI_Reversion(20,100)",LONG,2026-06-22 15:00:00,2026-06-22 15:05:00,52136.0,52142.0,-0.5
"CCI_Reversion(20,100)",LONG,2026-06-22 15:25:00,2026-06-22 15:30:00,52129.0,52121.0,-7.5
"CCI_Reversion(20,100)",SHORT,2026-06-22 16:20:00,2026-06-22 16:30:00,52180.0,52151.0,11.0
"CCI_Reversion(20,100)",LONG,2026-06-22 16:40:00,2026-06-22 16:45:00,52145.0,52143.0,-4.5
"CCI_Reversion(20,100)",SHORT,2026-06-22 16:55:00,2026-06-22 17:00:00,52170.0,52168.0,-2.5
"CCI_Reversion(20,100)",LONG,2026-06-22 17:05:00,2026-06-22 17:10:00,52141.0,52124.0,-12.0
"CCI_Reversion(20,100)",LONG,2026-06-22 17:30:00,2026-06-22 17:35:00,52122.0,52105.0,-12.0
"CCI_Reversion(20,100)",LONG,2026-06-22 17:55:00,2026-06-22 18:00:00,52143.0,52110.0,-20.0
"CCI_Reversion(20,100)",LONG,2026-06-22 18:15:00,2026-06-22 18:25:00,52122.0,52151.0,11.0
"CCI_Reversion(20,100)",LONG,2026-06-22 18:40:00,2026-06-22 18:50:00,52119.0,52103.0,-11.5
"CCI_Reversion(20,100)",LONG,2026-06-22 19:00:00,2026-06-22 19:10:00,52028.0,52034.0,-0.5
"CCI_Reversion(20,100)",LONG,2026-06-22 19:30:00,2026-06-22 19:35:00,52024.0,52037.0,3.0
"CCI_Reversion(20,100)",SHORT,2026-06-22 20:00:00,2026-06-22 20:20:00,52114.0,52193.0,-43.0
"CCI_Reversion(20,100)",SHORT,2026-06-22 20:25:00,2026-06-22 20:40:00,52181.0,52160.0,7.0
"CCI_Reversion(20,100)",LONG,2026-06-22 22:00:00,2026-06-22 22:05:00,52165.0,52179.0,3.5
"CCI_Reversion(20,100)",SHORT,2026-06-23 00:10:00,2026-06-23 00:15:00,52160.0,52148.0,2.5
"CCI_Reversion(20,100)",SHORT,2026-06-23 00:20:00,2026-06-23 01:15:00,52154.0,52220.0,-36.5
"CCI_Reversion(20,100)",LONG,2026-06-23 01:50:00,2026-06-23 02:00:00,52163.0,52176.0,3.0
"CCI_Reversion(20,100)",LONG,2026-06-23 02:10:00,2026-06-23 02:20:00,52153.0,52177.0,8.5
"CCI_Reversion(20,100)",LONG,2026-06-23 03:00:00,2026-06-23 03:30:00,52135.0,52112.0,-15.0
"CCI_Reversion(20,100)",LONG,2026-06-23 03:40:00,2026-06-23 03:55:00,52068.0,52084.0,4.5
"CCI_Reversion(20,100)",LONG,2026-06-23 04:20:00,2026-06-23 05:15:00,52052.0,52005.0,-27.0
"CCI_Reversion(20,100)",LONG,2026-06-23 05:20:00,2026-06-23 05:50:00,51982.0,51957.0,-16.0
"CCI_Reversion(20,100)",LONG,2026-06-23 06:30:00,2026-06-23 08:10:00,51890.0,51750.0,-73.5
"CCI_Reversion(20,100)",SHORT,2026-06-23 09:05:00,2026-06-23 09:10:00,51787.0,51774.0,3.0
"CCI_Reversion(20,100)",SHORT,2026-06-23 09:25:00,2026-06-23 10:30:00,51823.0,51887.0,-35.5
"CCI_Reversion(20,100)",SHORT,2026-06-23 11:45:00,2026-06-23 12:20:00,51913.0,51920.0,-7.0
"CCI_Reversion(20,100)",LONG,2026-06-23 13:20:00,2026-06-23 13:45:00,51847.0,51908.0,27.0
"CCI_Reversion(20,100)",SHORT,2026-06-23 13:50:00,2026-06-23 14:00:00,52031.0,51933.0,45.5
"CCI_Reversion(20,100)",SHORT,2026-06-23 14:05:00,2026-06-23 14:40:00,52011.0,52099.0,-47.5
"CCI_Reversion(20,100)",SHORT,2026-06-23 16:10:00,2026-06-23 16:25:00,52215.0,52191.0,8.5
"CCI_Reversion(20,100)",SHORT,2026-06-23 16:30:00,2026-06-23 16:50:00,52230.0,52247.0,-12.0
"CCI_Reversion(20,100)",SHORT,2026-06-23 17:25:00,2026-06-23 17:30:00,52270.0,52236.0,13.5
"CCI_Reversion(20,100)",LONG,2026-06-23 17:55:00,2026-06-23 19:05:00,52182.0,52128.0,-30.5
"CCI_Reversion(20,100)",LONG,2026-06-23 20:20:00,2026-06-23 20:25:00,52065.0,52079.0,3.5
"CCI_Reversion(20,100)",SHORT,2026-06-23 22:00:00,2026-06-23 22:05:00,52119.0,52076.0,18.0
"CCI_Reversion(20,100)",LONG,2026-06-23 22:25:00,2026-06-23 23:00:00,52050.0,52041.0,-8.0
"CCI_Reversion(20,100)",LONG,2026-06-23 23:05:00,2026-06-23 23:15:00,52010.0,52041.0,12.0
"CCI_Reversion(20,100)",LONG,2026-06-23 23:40:00,2026-06-23 23:45:00,52010.0,52034.0,8.5
"CCI_Reversion(20,100)",SHORT,2026-06-23 23:50:00,2026-06-24 00:25:00,52104.0,52056.0,20.5
"CCI_Reversion(20,100)",LONG,2026-06-24 01:20:00,2026-06-24 01:25:00,52033.0,52070.0,15.0
"CCI_Reversion(20,100)",LONG,2026-06-24 01:40:00,2026-06-24 01:45:00,52050.0,52067.0,5.0
"CCI_Reversion(20,100)",SHORT,2026-06-24 02:05:00,2026-06-24 02:10:00,52071.0,52073.0,-4.5
"CCI_Reversion(20,100)",SHORT,2026-06-24 02:15:00,2026-06-24 02:20:00,52081.0,52073.0,0.5
"CCI_Reversion(20,100)",LONG,2026-06-24 02:40:00,2026-06-24 03:15:00,52045.0,52055.0,1.5
"CCI_Reversion(20,100)",SHORT,2026-06-24 03:35:00,2026-06-24 03:40:00,52080.0,52068.0,2.5
"CCI_Reversion(20,100)",SHORT,2026-06-24 04:45:00,2026-06-24 04:50:00,52077.0,52078.0,-4.0
"CCI_Reversion(20,100)",LONG,2026-06-24 05:10:00,2026-06-24 05:20:00,52017.0,52035.0,5.5
"CCI_Reversion(20,100)",LONG,2026-06-24 06:05:00,2026-06-24 06:15:00,51991.0,52022.0,12.0
"CCI_Reversion(20,100)",LONG,2026-06-24 06:20:00,2026-06-24 06:35:00,51997.0,52010.0,3.0
"CCI_Reversion(20,100)",LONG,2026-06-24 07:05:00,2026-06-24 07:15:00,51985.0,52020.0,14.0
"CCI_Reversion(20,100)",LONG,2026-06-24 07:40:00,2026-06-24 07:45:00,51982.0,52025.0,18.0
"CCI_Reversion(20,100)",SHORT,2026-06-24 07:50:00,2026-06-24 07:55:00,52030.0,51999.0,12.0
"CCI_Reversion(20,100)",LONG,2026-06-24 08:00:00,2026-06-24 08:05:00,51986.0,52024.0,15.5
"CCI_Reversion(20,100)",SHORT,2026-06-24 09:15:00,2026-06-24 09:20:00,52032.0,52010.0,7.5
"CCI_Reversion(20,100)",LONG,2026-06-24 09:40:00,2026-06-24 09:55:00,51991.0,51993.0,-2.5
"CCI_Reversion(20,100)",LONG,2026-06-24 10:05:00,2026-06-24 10:10:00,51989.0,51999.0,1.5
"CCI_Reversion(20,100)",SHORT,2026-06-24 10:35:00,2026-06-24 10:55:00,52026.0,52024.0,-2.5
"CCI_Reversion(20,100)",SHORT,2026-06-24 11:05:00,2026-06-24 11:20:00,52057.0,52043.0,3.5
"CCI_Reversion(20,100)",SHORT,2026-06-24 11:30:00,2026-06-24 12:10:00,52074.0,52124.0,-28.5
"CCI_Reversion(20,100)",LONG,2026-06-24 12:55:00,2026-06-24 13:30:00,52045.0,52028.0,-12.0
"CCI_Reversion(20,100)",SHORT,2026-06-24 13:55:00,2026-06-24 15:45:00,52219.0,52602.0,-195.0
"CCI_Reversion(20,100)",LONG,2026-06-24 16:45:00,2026-06-24 17:55:00,52514.0,52259.0,-131.0
"CCI_Reversion(20,100)",LONG,2026-06-24 19:35:00,2026-06-24 19:50:00,52235.0,52256.0,7.0
"CCI_Reversion(20,100)",SHORT,2026-06-24 20:25:00,2026-06-24 20:50:00,52347.0,52362.0,-11.0
"CCI_Reversion(20,100)",SHORT,2026-06-24 23:40:00,2026-06-25 00:00:00,52338.0,52330.0,0.5
"CCI_Reversion(20,100)",LONG,2026-06-25 00:35:00,2026-06-25 01:20:00,52280.0,52268.0,-9.5
"CCI_Reversion(20,100)",SHORT,2026-06-25 02:25:00,2026-06-25 02:30:00,52272.0,52268.0,-1.5
"CCI_Reversion(20,100)",SHORT,2026-06-25 03:05:00,2026-06-25 03:15:00,52283.0,52274.0,1.0
"CCI_Reversion(20,100)",SHORT,2026-06-25 03:20:00,2026-06-25 03:40:00,52291.0,52281.0,1.5
"CCI_Reversion(20,100)",SHORT,2026-06-25 04:00:00,2026-06-25 04:05:00,52299.0,52280.0,6.0
"CCI_Reversion(20,100)",LONG,2026-06-25 04:20:00,2026-06-25 04:25:00,52264.0,52262.0,-4.5
"CCI_Reversion(20,100)",LONG,2026-06-25 04:30:00,2026-06-25 04:45:00,52258.0,52271.0,3.0
"CCI_Reversion(20,100)",LONG,2026-06-25 05:00:00,2026-06-25 05:10:00,52232.0,52267.0,14.0
"CCI_Reversion(20,100)",SHORT,2026-06-25 05:45:00,2026-06-25 05:50:00,52280.0,52268.0,2.5
"CCI_Reversion(20,100)",SHORT,2026-06-25 06:05:00,2026-06-25 06:55:00,52275.0,52327.0,-29.5
"CCI_Reversion(20,100)",LONG,2026-06-25 08:15:00,2026-06-25 08:35:00,52311.0,52325.0,3.5
"CCI_Reversion(20,100)",LONG,2026-06-25 08:55:00,2026-06-25 09:05:00,52304.0,52322.0,5.5
"CCI_Reversion(20,100)",LONG,2026-06-25 09:20:00,2026-06-25 09:30:00,52304.0,52316.0,2.5
"CCI_Reversion(20,100)",SHORT,2026-06-25 09:55:00,2026-06-25 10:35:00,52355.0,52403.0,-27.5
"CCI_Reversion(20,100)",LONG,2026-06-25 11:30:00,2026-06-25 11:40:00,52363.0,52390.0,10.0
"CCI_Reversion(20,100)",LONG,2026-06-25 11:55:00,2026-06-25 12:10:00,52352.0,52373.0,7.0
"CCI_Reversion(20,100)",LONG,2026-06-25 12:15:00,2026-06-25 12:35:00,52341.0,52422.0,37.0
"CCI_Reversion(20,100)",SHORT,2026-06-25 12:40:00,2026-06-25 12:45:00,52404.0,52406.0,-4.5
"CCI_Reversion(20,100)",SHORT,2026-06-25 12:50:00,2026-06-25 13:00:00,52439.0,52406.0,13.0
"CCI_Reversion(20,100)",SHORT,2026-06-25 13:30:00,2026-06-25 13:50:00,52539.0,52527.0,2.5
"CCI_Reversion(20,100)",SHORT,2026-06-25 14:05:00,2026-06-25 14:45:00,52679.0,52979.0,-153.5
"CCI_Reversion(20,100)",LONG,2026-06-25 15:45:00,2026-06-25 15:50:00,52697.0,52664.0,-20.0
"CCI_Reversion(20,100)",LONG,2026-06-25 16:30:00,2026-06-25 17:15:00,52598.0,52459.0,-73.0
"CCI_Reversion(20,100)",LONG,2026-06-25 17:50:00,2026-06-25 18:00:00,52359.0,52440.0,37.0
"CCI_Reversion(20,100)",LONG,2026-06-25 18:05:00,2026-06-25 18:15:00,52337.0,52386.0,21.0
"CCI_Reversion(20,100)",SHORT,2026-06-25 18:25:00,2026-06-25 18:35:00,52495.0,52438.0,25.0
"CCI_Reversion(20,100)",LONG,2026-06-25 18:50:00,2026-06-25 18:55:00,52366.0,52391.0,9.0
"CCI_Reversion(20,100)",LONG,2026-06-25 19:45:00,2026-06-25 19:55:00,52337.0,52364.0,10.0
"CCI_Reversion(20,100)",SHORT,2026-06-25 20:10:00,2026-06-25 20:45:00,52447.0,52492.0,-26.0
"CCI_Reversion(20,100)",SHORT,2026-06-25 23:20:00,2026-06-25 23:40:00,52495.0,52434.0,27.0
"CCI_Reversion(20,100)",LONG,2026-06-25 23:50:00,2026-06-26 00:05:00,52382.0,52418.0,14.5
"CCI_Reversion(20,100)",LONG,2026-06-26 01:30:00,2026-06-26 02:45:00,52394.0,52274.0,-63.5
"CCI_Reversion(20,100)",LONG,2026-06-26 02:50:00,2026-06-26 03:20:00,52244.0,52231.0,-10.0
"CCI_Reversion(20,100)",LONG,2026-06-26 03:40:00,2026-06-26 03:45:00,52203.0,52232.0,11.0
"CCI_Reversion(20,100)",SHORT,2026-06-26 04:05:00,2026-06-26 04:10:00,52265.0,52268.0,-5.0
"CCI_Reversion(20,100)",SHORT,2026-06-26 04:15:00,2026-06-26 04:25:00,52266.0,52247.0,6.0
"CCI_Reversion(20,100)",LONG,2026-06-26 05:45:00,2026-06-26 06:00:00,52184.0,52222.0,15.5
"CCI_Reversion(20,100)",SHORT,2026-06-26 06:20:00,2026-06-26 07:10:00,52265.0,52348.0,-45.0
"CCI_Reversion(20,100)",SHORT,2026-06-26 07:30:00,2026-06-26 07:45:00,52430.0,52412.0,5.5
"CCI_Reversion(20,100)",LONG,2026-06-26 08:50:00,2026-06-26 09:35:00,52340.0,52285.0,-31.0
"CCI_Reversion(20,100)",LONG,2026-06-26 10:05:00,2026-06-26 10:10:00,52252.0,52278.0,9.5
"CCI_Reversion(20,100)",LONG,2026-06-26 10:25:00,2026-06-26 10:30:00,52249.0,52278.0,11.0
"CCI_Reversion(20,100)",SHORT,2026-06-26 11:45:00,2026-06-26 11:55:00,52287.0,52249.0,15.5
"CCI_Reversion(20,100)",LONG,2026-06-26 11:55:00,2026-06-26 12:00:00,52249.0,52278.0,11.0
"CCI_Reversion(20,100)",SHORT,2026-06-26 12:05:00,2026-06-26 12:25:00,52308.0,52288.0,6.5
"CCI_Reversion(20,100)",LONG,2026-06-26 12:40:00,2026-06-26 13:00:00,52246.0,52250.0,-1.5
"CCI_Reversion(20,100)",LONG,2026-06-26 13:10:00,2026-06-26 13:55:00,52217.0,52117.0,-53.5
"CCI_Reversion(20,100)",SHORT,2026-06-26 14:10:00,2026-06-26 14:40:00,52297.0,52308.0,-9.0
"CCI_Reversion(20,100)",SHORT,2026-06-26 15:30:00,2026-06-26 15:55:00,52454.0,52439.0,4.0
"CCI_Reversion(20,100)",LONG,2026-06-26 18:00:00,2026-06-26 18:05:00,52313.0,52351.0,15.5
"CCI_Reversion(20,100)",LONG,2026-06-26 18:20:00,2026-06-26 18:25:00,52297.0,52333.0,14.5
"CCI_Reversion(20,100)",LONG,2026-06-26 18:30:00,2026-06-26 18:35:00,52297.0,52309.0,2.5
"CCI_Reversion(20,100)",LONG,2026-06-26 18:40:00,2026-06-26 18:45:00,52284.0,52297.0,3.0
"CCI_Reversion(20,100)",LONG,2026-06-26 18:50:00,2026-06-26 19:15:00,52254.0,52286.0,12.5
"CCI_Reversion(20,100)",LONG,2026-06-26 19:40:00,2026-06-26 19:55:00,52216.0,52299.0,38.0
"CCI_Reversion(20,100)",LONG,2026-06-26 20:00:00,2026-06-26 20:05:00,52178.0,52236.0,25.5
"CCI_Reversion(20,100)",SHORT,2026-06-26 20:25:00,2026-06-26 20:35:00,52287.0,52236.0,22.0
"CCI_Reversion(20,100)",LONG,2026-06-26 20:45:00,2026-06-26 20:55:00,52207.0,52216.0,1.0
"CCI_Reversion(20,100)",LONG,2026-06-28 22:10:00,2026-06-28 22:15:00,52324.0,52335.0,2.0
"CCI_Reversion(20,100)",SHORT,2026-06-28 22:15:00,2026-06-28 22:50:00,52335.0,52342.0,-7.0
"CCI_Reversion(20,100)",SHORT,2026-06-28 23:10:00,2026-06-28 23:55:00,52393.0,52427.0,-20.5
"CCI_Reversion(20,100)",LONG,2026-06-29 00:25:00,2026-06-29 00:35:00,52330.0,52342.0,2.5
"CCI_Reversion(20,100)",LONG,2026-06-29 00:40:00,2026-06-29 00:45:00,52328.0,52366.0,15.5
"CCI_Reversion(20,100)",LONG,2026-06-29 00:50:00,2026-06-29 00:55:00,52323.0,52340.0,5.0
"CCI_Reversion(20,100)",LONG,2026-06-29 01:20:00,2026-06-29 01:40:00,52300.0,52330.0,11.5
"CCI_Reversion(20,100)",LONG,2026-06-29 01:50:00,2026-06-29 01:55:00,52309.0,52317.0,0.5
"CCI_Reversion(20,100)",LONG,2026-06-29 02:15:00,2026-06-29 02:25:00,52268.0,52321.0,23.0
"CCI_Reversion(20,100)",SHORT,2026-06-29 02:35:00,2026-06-29 03:20:00,52352.0,52369.0,-12.0
"CCI_Reversion(20,100)",SHORT,2026-06-29 05:35:00,2026-06-29 06:05:00,52392.0,52397.0,-6.0
"CCI_Reversion(20,100)",LONG,2026-06-29 06:55:00,2026-06-29 07:20:00,52362.0,52358.0,-5.5
"CCI_Reversion(20,100)",SHORT,2026-06-29 07:45:00,2026-06-29 07:50:00,52396.0,52380.0,4.5
"CCI_Reversion(20,100)",SHORT,2026-06-29 08:00:00,2026-06-29 08:25:00,52413.0,52427.0,-10.5
"CCI_Reversion(20,100)",LONG,2026-06-29 09:00:00,2026-06-29 09:10:00,52365.0,52404.0,16.0
"CCI_Reversion(20,100)",LONG,2026-06-29 09:55:00,2026-06-29 10:05:00,52356.0,52370.0,3.5
"CCI_Reversion(20,100)",LONG,2026-06-29 10:20:00,2026-06-29 10:25:00,52366.0,52362.0,-5.5
"CCI_Reversion(20,100)",SHORT,2026-06-29 10:40:00,2026-06-29 10:50:00,52433.0,52414.0,6.0
"CCI_Reversion(20,100)",SHORT,2026-06-29 11:00:00,2026-06-29 11:15:00,52451.0,52429.0,7.5
"CCI_Reversion(20,100)",SHORT,2026-06-29 11:35:00,2026-06-29 11:40:00,52452.0,52449.0,-2.0
"CCI_Reversion(20,100)",SHORT,2026-06-29 11:45:00,2026-06-29 12:00:00,52463.0,52465.0,-4.5
"CCI_Reversion(20,100)",LONG,2026-06-29 12:45:00,2026-06-29 12:55:00,52420.0,52433.0,3.0
"CCI_Reversion(20,100)",SHORT,2026-06-29 13:05:00,2026-06-29 13:10:00,52471.0,52466.0,-1.0
"CCI_Reversion(20,100)",SHORT,2026-06-29 13:15:00,2026-06-29 13:25:00,52503.0,52439.0,28.5
"CCI_Reversion(20,100)",SHORT,2026-06-29 13:35:00,2026-06-29 14:05:00,52582.0,52544.0,15.5
"CCI_Reversion(20,100)",LONG,2026-06-29 14:15:00,2026-06-29 14:20:00,52334.0,52456.0,57.5
"CCI_Reversion(20,100)",SHORT,2026-06-29 14:35:00,2026-06-29 14:50:00,52629.0,52569.0,26.5
"CCI_Reversion(20,100)",SHORT,2026-06-29 17:10:00,2026-06-29 17:25:00,52521.0,52504.0,5.0
"CCI_Reversion(20,100)",SHORT,2026-06-29 17:35:00,2026-06-29 18:20:00,52555.0,52620.0,-36.0
"CCI_Reversion(20,100)",LONG,2026-06-29 19:20:00,2026-06-29 19:50:00,52583.0,52578.0,-6.0
"CCI_Reversion(20,100)",LONG,2026-06-29 20:10:00,2026-06-29 20:15:00,52546.0,52555.0,1.0
"CCI_Reversion(20,100)",LONG,2026-06-29 22:00:00,2026-06-29 22:45:00,52554.0,52535.0,-13.0
"CCI_Reversion(20,100)",LONG,2026-06-29 23:45:00,2026-06-30 00:10:00,52523.0,52510.0,-10.0
"CCI_Reversion(20,100)",LONG,2026-06-30 00:30:00,2026-06-30 00:50:00,52501.0,52512.0,2.0
"CCI_Reversion(20,100)",SHORT,2026-06-30 01:30:00,2026-06-30 02:05:00,52534.0,52539.0,-6.0
"CCI_Reversion(20,100)",LONG,2026-06-30 03:00:00,2026-06-30 03:10:00,52510.0,52526.0,4.5
"CCI_Reversion(20,100)",SHORT,2026-06-30 03:35:00,2026-06-30 04:25:00,52541.0,52581.0,-23.5
"CCI_Reversion(20,100)",SHORT,2026-06-30 04:40:00,2026-06-30 04:50:00,52600.0,52584.0,4.5
"CCI_Reversion(20,100)",SHORT,2026-06-30 05:15:00,2026-06-30 05:25:00,52601.0,52592.0,1.0
"CCI_Reversion(20,100)",LONG,2026-06-30 05:35:00,2026-06-30 05:45:00,52573.0,52570.0,-5.0
"CCI_Reversion(20,100)",LONG,2026-06-30 06:25:00,2026-06-30 06:30:00,52571.0,52584.0,3.0
"CCI_Reversion(20,100)",LONG,2026-06-30 06:35:00,2026-06-30 06:50:00,52562.0,52588.0,9.5
"CCI_Reversion(20,100)",SHORT,2026-06-30 07:00:00,2026-06-30 07:15:00,52603.0,52592.0,2.0
"CCI_Reversion(20,100)",SHORT,2026-06-30 07:35:00,2026-06-30 07:50:00,52613.0,52609.0,-1.5
"CCI_Reversion(20,100)",LONG,2026-06-30 08:20:00,2026-06-30 08:25:00,52580.0,52605.0,9.0
"CCI_Reversion(20,100)",LONG,2026-06-30 08:40:00,2026-06-30 09:00:00,52564.0,52593.0,11.0
"CCI_Reversion(20,100)",SHORT,2026-06-30 09:10:00,2026-06-30 09:35:00,52620.0,52618.0,-2.5
"CCI_Reversion(20,100)",SHORT,2026-06-30 09:45:00,2026-06-30 10:05:00,52660.0,52661.0,-4.0
"CCI_Reversion(20,100)",LONG,2026-06-30 10:40:00,2026-06-30 10:45:00,52614.0,52634.0,6.5
"CCI_Reversion(20,100)",SHORT,2026-06-30 11:10:00,2026-06-30 11:20:00,52693.0,52677.0,4.5
"CCI_Reversion(20,100)",LONG,2026-06-30 12:05:00,2026-06-30 12:45:00,52565.0,52541.0,-15.5
"CCI_Reversion(20,100)",SHORT,2026-06-30 13:30:00,2026-06-30 13:35:00,52658.0,52401.0,125.0
"CCI_Reversion(20,100)",LONG,2026-06-30 13:35:00,2026-06-30 13:45:00,52401.0,52514.0,53.0
"CCI_Reversion(20,100)",SHORT,2026-06-30 14:00:00,2026-06-30 14:10:00,52619.0,52561.0,25.5
"CCI_Reversion(20,100)",SHORT,2026-06-30 14:20:00,2026-06-30 14:45:00,52593.0,52663.0,-38.5
"CCI_Reversion(20,100)",SHORT,2026-06-30 15:15:00,2026-06-30 15:20:00,52673.0,52652.0,7.0
"CCI_Reversion(20,100)",SHORT,2026-06-30 15:25:00,2026-06-30 15:35:00,52709.0,52678.0,12.0
"CCI_Reversion(20,100)",SHORT,2026-06-30 16:10:00,2026-06-30 16:30:00,52711.0,52708.0,-2.0
"CCI_Reversion(20,100)",SHORT,2026-06-30 16:45:00,2026-06-30 17:05:00,52742.0,52734.0,0.5
"CCI_Reversion(20,100)",LONG,2026-06-30 17:50:00,2026-06-30 18:25:00,52714.0,52701.0,-10.0
"CCI_Reversion(20,100)",LONG,2026-06-30 18:35:00,2026-06-30 18:45:00,52691.0,52703.0,2.5
"CCI_Reversion(20,100)",SHORT,2026-06-30 19:20:00,2026-06-30 19:35:00,52739.0,52685.0,23.5
"CCI_Reversion(20,100)",LONG,2026-06-30 19:40:00,2026-06-30 19:55:00,52671.0,52712.0,17.0
"CCI_Reversion(20,100)",LONG,2026-06-30 20:15:00,2026-06-30 22:10:00,52654.0,52591.0,-35.0
"CCI_Reversion(20,100)",LONG,2026-06-30 22:55:00,2026-06-30 23:15:00,52575.0,52570.0,-6.0
"CCI_Reversion(20,100)",SHORT,2026-07-01 00:20:00,2026-07-01 00:55:00,52594.0,52606.0,-9.5
"CCI_Reversion(20,100)",LONG,2026-07-01 01:10:00,2026-07-01 01:15:00,52564.0,52579.0,4.0
"CCI_Reversion(20,100)",LONG,2026-07-01 01:25:00,2026-07-01 02:00:00,52551.0,52536.0,-11.0
"CCI_Reversion(20,100)",LONG,2026-07-01 02:10:00,2026-07-01 02:40:00,52517.0,52504.0,-10.0
"CCI_Reversion(20,100)",LONG,2026-07-01 03:25:00,2026-07-01 03:40:00,52477.0,52486.0,1.0
"CCI_Reversion(20,100)",SHORT,2026-07-01 04:45:00,2026-07-01 05:05:00,52511.0,52508.0,-2.0
"CCI_Reversion(20,100)",SHORT,2026-07-01 05:10:00,2026-07-01 05:15:00,52513.0,52515.0,-4.5
"CCI_Reversion(20,100)",SHORT,2026-07-01 06:40:00,2026-07-01 07:00:00,52520.0,52512.0,0.5
"CCI_Reversion(20,100)",LONG,2026-07-01 07:10:00,2026-07-01 07:35:00,52484.0,52486.0,-2.5
"CCI_Reversion(20,100)",SHORT,2026-07-01 08:20:00,2026-07-01 08:50:00,52540.0,52541.0,-4.0
"CCI_Reversion(20,100)",LONG,2026-07-01 10:10:00,2026-07-01 10:20:00,52524.0,52549.0,9.0
"CCI_Reversion(20,100)",SHORT,2026-07-01 10:25:00,2026-07-01 10:45:00,52558.0,52545.0,3.0
"CCI_Reversion(20,100)",SHORT,2026-07-01 11:05:00,2026-07-01 11:15:00,52565.0,52562.0,-2.0
"CCI_Reversion(20,100)",SHORT,2026-07-01 11:20:00,2026-07-01 11:30:00,52577.0,52562.0,4.0
"CCI_Reversion(20,100)",LONG,2026-07-01 11:45:00,2026-07-01 12:20:00,52528.0,52541.0,3.0
"CCI_Reversion(20,100)",LONG,2026-07-01 12:35:00,2026-07-01 12:50:00,52469.0,52525.0,24.5
"CCI_Reversion(20,100)",SHORT,2026-07-01 13:20:00,2026-07-01 13:35:00,52583.0,52416.0,80.0
"CCI_Reversion(20,100)",LONG,2026-07-01 13:40:00,2026-07-01 13:45:00,52454.0,52493.0,16.0
"CCI_Reversion(20,100)",SHORT,2026-07-01 13:55:00,2026-07-01 14:45:00,52641.0,52755.0,-60.5
"CCI_Reversion(20,100)",SHORT,2026-07-01 15:25:00,2026-07-01 16:30:00,52851.0,53046.0,-101.0
"CCI_Reversion(20,100)",LONG,2026-07-01 17:05:00,2026-07-01 17:30:00,52865.0,52847.0,-12.5
"CCI_Reversion(20,100)",LONG,2026-07-01 18:00:00,2026-07-01 18:05:00,52769.0,52776.0,0.0
"CCI_Reversion(20,100)",LONG,2026-07-01 18:10:00,2026-07-01 18:40:00,52730.0,52719.0,-9.0
"CCI_Reversion(20,100)",LONG,2026-07-01 19:35:00,2026-07-01 19:40:00,52705.0,52712.0,0.0
"CCI_Reversion(20,100)",LONG,2026-07-01 20:00:00,2026-07-01 20:45:00,52663.0,52588.0,-41.0
"CCI_Reversion(20,100)",SHORT,2026-07-01 23:05:00,2026-07-01 23:10:00,52617.0,52616.0,-3.0
"CCI_Reversion(20,100)",SHORT,2026-07-01 23:15:00,2026-07-01 23:25:00,52621.0,52621.0,-3.5
"CCI_Reversion(20,100)",SHORT,2026-07-01 23:30:00,2026-07-01 23:45:00,52621.0,52623.0,-4.5
"CCI_Reversion(20,100)",LONG,2026-07-01 23:50:00,2026-07-02 00:00:00,52587.0,52605.0,5.5
"CCI_Reversion(20,100)",LONG,2026-07-02 00:05:00,2026-07-02 00:20:00,52563.0,52589.0,9.5
"CCI_Reversion(20,100)",LONG,2026-07-02 00:45:00,2026-07-02 00:50:00,52584.0,52601.0,5.0
"CCI_Reversion(20,100)",SHORT,2026-07-02 01:10:00,2026-07-02 02:35:00,52617.0,52707.0,-48.5
"CCI_Reversion(20,100)",SHORT,2026-07-02 03:35:00,2026-07-02 03:45:00,52727.0,52718.0,1.0
"CCI_Reversion(20,100)",SHORT,2026-07-02 03:50:00,2026-07-02 04:00:00,52726.0,52718.0,0.5
"CCI_Reversion(20,100)",LONG,2026-07-02 04:10:00,2026-07-02 04:55:00,52704.0,52691.0,-10.0
"CCI_Reversion(20,100)",LONG,2026-07-02 05:40:00,2026-07-02 06:25:00,52662.0,52643.0,-13.0
"CCI_Reversion(20,100)",LONG,2026-07-02 06:30:00,2026-07-02 06:35:00,52630.0,52638.0,0.5
"CCI_Reversion(20,100)",LONG,2026-07-02 06:45:00,2026-07-02 07:20:00,52614.0,52597.0,-12.0
"CCI_Reversion(20,100)",SHORT,2026-07-02 07:50:00,2026-07-02 07:55:00,52646.0,52644.0,-2.5
"CCI_Reversion(20,100)",SHORT,2026-07-02 08:10:00,2026-07-02 08:15:00,52654.0,52636.0,5.5
"CCI_Reversion(20,100)",SHORT,2026-07-02 08:25:00,2026-07-02 09:00:00,52676.0,52686.0,-8.5
"CCI_Reversion(20,100)",SHORT,2026-07-02 10:20:00,2026-07-02 11:10:00,52724.0,52758.0,-20.5
"CCI_Reversion(20,100)",LONG,2026-07-02 12:00:00,2026-07-02 12:25:00,52729.0,52751.0,7.5
"CCI_Reversion(20,100)",SHORT,2026-07-02 12:35:00,2026-07-02 13:00:00,52857.0,52872.0,-11.0
"CCI_Reversion(20,100)",SHORT,2026-07-02 13:30:00,2026-07-02 13:35:00,52951.0,52873.0,35.5
"CCI_Reversion(20,100)",SHORT,2026-07-02 13:45:00,2026-07-02 14:05:00,53020.0,52958.0,27.5
"CCI_Reversion(20,100)",SHORT,2026-07-02 14:15:00,2026-07-02 14:25:00,53096.0,53035.0,27.0
"CCI_Reversion(20,100)",LONG,2026-07-02 15:55:00,2026-07-02 16:00:00,52980.0,53009.0,11.0
"CCI_Reversion(20,100)",LONG,2026-07-02 16:25:00,2026-07-02 16:50:00,52962.0,52986.0,8.5
"CCI_Reversion(20,100)",LONG,2026-07-02 17:05:00,2026-07-02 18:05:00,52857.0,52837.0,-13.5
"CCI_Reversion(20,100)",SHORT,2026-07-02 18:35:00,2026-07-02 19:00:00,52980.0,53000.0,-13.5
"CCI_Reversion(20,100)",SHORT,2026-07-02 19:40:00,2026-07-02 20:25:00,53031.0,53154.0,-65.0
"CCI_Reversion(20,100)",SHORT,2026-07-02 22:30:00,2026-07-02 22:35:00,53165.0,53168.0,-5.0
"CCI_Reversion(20,100)",SHORT,2026-07-02 22:40:00,2026-07-02 23:15:00,53180.0,53185.0,-6.0
"CCI_Reversion(20,100)",SHORT,2026-07-02 23:20:00,2026-07-03 00:05:00,53197.0,53210.0,-10.0
"CCI_Reversion(20,100)",SHORT,2026-07-03 00:15:00,2026-07-03 01:00:00,53231.0,53264.0,-20.0
"CCI_Reversion(20,100)",SHORT,2026-07-03 01:05:00,2026-07-03 01:50:00,53291.0,53367.0,-41.5
"CCI_Reversion(20,100)",LONG,2026-07-03 02:45:00,2026-07-03 02:55:00,53315.0,53326.0,2.0
"CCI_Reversion(20,100)",LONG,2026-07-03 03:15:00,2026-07-03 03:25:00,53310.0,53320.0,1.5
"CCI_Reversion(20,100)",SHORT,2026-07-05 22:00:00,2026-07-05 22:05:00,53230.0,53171.0,26.0
"CCI_Reversion(20,100)",LONG,2026-07-05 22:05:00,2026-07-05 22:35:00,53171.0,53179.0,0.5
"CCI_Reversion(20,100)",SHORT,2026-07-05 23:40:00,2026-07-05 23:45:00,53211.0,53208.0,-2.0
"CCI_Reversion(20,100)",SHORT,2026-07-05 23:50:00,2026-07-06 00:30:00,53223.0,53243.0,-13.5
"CCI_Reversion(20,100)",SHORT,2026-07-06 00:50:00,2026-07-06 01:00:00,53270.0,53275.0,-6.0
"CCI_Reversion(20,100)",LONG,2026-07-06 01:20:00,2026-07-06 01:25:00,53266.0,53257.0,-8.0
"CCI_Reversion(20,100)",LONG,2026-07-06 01:50:00,2026-07-06 01:55:00,53232.0,53237.0,-1.0
"CCI_Reversion(20,100)",LONG,2026-07-06 02:10:00,2026-07-06 02:25:00,53221.0,53212.0,-8.0
"CCI_Reversion(20,100)",LONG,2026-07-06 02:35:00,2026-07-06 02:50:00,53191.0,53198.0,0.0
"CCI_Reversion(20,100)",LONG,2026-07-06 03:00:00,2026-07-06 03:05:00,53190.0,53181.0,-8.0
"CCI_Reversion(20,100)",LONG,2026-07-06 03:15:00,2026-07-06 03:20:00,53169.0,53172.0,-2.0
"CCI_Reversion(20,100)",LONG,2026-07-06 03:25:00,2026-07-06 03:30:00,53170.0,53176.0,-0.5
"CCI_Reversion(20,100)",LONG,2026-07-06 03:55:00,2026-07-06 04:15:00,53159.0,53175.0,4.5
"CCI_Reversion(20,100)",SHORT,2026-07-06 04:45:00,2026-07-06 05:05:00,53177.0,53173.0,-1.5
"CCI_Reversion(20,100)",SHORT,2026-07-06 05:10:00,2026-07-06 05:30:00,53190.0,53193.0,-5.0
"CCI_Reversion(20,100)",SHORT,2026-07-06 05:45:00,2026-07-06 05:55:00,53203.0,53202.0,-3.0
"CCI_Reversion(20,100)",SHORT,2026-07-06 07:05:00,2026-07-06 07:35:00,53208.0,53234.0,-16.5
"CCI_Reversion(20,100)",SHORT,2026-07-06 07:40:00,2026-07-06 08:00:00,53233.0,53291.0,-32.5
"CCI_Reversion(20,100)",SHORT,2026-07-06 08:05:00,2026-07-06 08:20:00,53292.0,53285.0,0.0
"CCI_Reversion(20,100)",LONG,2026-07-06 08:50:00,2026-07-06 08:55:00,53243.0,53229.0,-10.5
"CCI_Reversion(20,100)",LONG,2026-07-06 09:10:00,2026-07-06 09:30:00,53214.0,53222.0,0.5
"CCI_Reversion(20,100)",LONG,2026-07-06 09:50:00,2026-07-06 09:55:00,53181.0,53214.0,13.0
"CCI_Reversion(20,100)",LONG,2026-07-06 10:45:00,2026-07-06 11:00:00,53177.0,53186.0,1.0
"CCI_Reversion(20,100)",LONG,2026-07-06 11:10:00,2026-07-06 11:40:00,53158.0,53162.0,-1.5
"CCI_Reversion(20,100)",LONG,2026-07-06 11:55:00,2026-07-06 12:10:00,53115.0,53116.0,-3.0
"CCI_Reversion(20,100)",LONG,2026-07-06 12:15:00,2026-07-06 12:20:00,53126.0,53139.0,3.0
"CCI_Reversion(20,100)",LONG,2026-07-06 12:25:00,2026-07-06 12:30:00,53111.0,53121.0,1.5
"CCI_Reversion(20,100)",LONG,2026-07-06 13:05:00,2026-07-06 13:20:00,53102.0,53094.0,-7.5
"CCI_Reversion(20,100)",LONG,2026-07-06 13:25:00,2026-07-06 13:30:00,53094.0,53260.0,79.5
"CCI_Reversion(20,100)",SHORT,2026-07-06 13:30:00,2026-07-06 13:45:00,53260.0,53176.0,38.5
"CCI_Reversion(20,100)",LONG,2026-07-06 14:00:00,2026-07-06 14:20:00,53072.0,53069.0,-5.0
"CCI_Reversion(20,100)",SHORT,2026-07-06 15:15:00,2026-07-06 15:20:00,53221.0,53197.0,8.5
"CCI_Reversion(20,100)",SHORT,2026-07-06 16:45:00,2026-07-06 17:00:00,53215.0,53209.0,-0.5
"CCI_Reversion(20,100)",SHORT,2026-07-06 17:05:00,2026-07-06 17:25:00,53232.0,53268.0,-21.5
"CCI_Reversion(20,100)",SHORT,2026-07-06 17:30:00,2026-07-06 17:35:00,53258.0,53231.0,10.0
"CCI_Reversion(20,100)",SHORT,2026-07-06 18:10:00,2026-07-06 18:15:00,53257.0,53263.0,-6.5
"CCI_Reversion(20,100)",SHORT,2026-07-06 18:20:00,2026-07-06 18:40:00,53278.0,53276.0,-2.5
"CCI_Reversion(20,100)",SHORT,2026-07-06 18:50:00,2026-07-06 19:05:00,53299.0,53314.0,-11.0
"CCI_Reversion(20,100)",SHORT,2026-07-06 20:00:00,2026-07-06 20:15:00,53383.0,53386.0,-5.0
"CCI_Reversion(20,100)",SHORT,2026-07-06 20:25:00,2026-07-06 20:40:00,53408.0,53410.0,-4.5
"CCI_Reversion(20,100)",SHORT,2026-07-06 20:45:00,2026-07-06 20:50:00,53411.0,53395.0,4.5
"CCI_Reversion(20,100)",LONG,2026-07-06 22:00:00,2026-07-06 22:05:00,53405.0,53419.0,3.5
"CCI_Reversion(20,100)",LONG,2026-07-06 23:40:00,2026-07-07 00:10:00,53408.0,53383.0,-16.0
"CCI_Reversion(20,100)",SHORT,2026-07-07 01:10:00,2026-07-07 01:55:00,53430.0,53448.0,-12.5
"CCI_Reversion(20,100)",LONG,2026-07-07 03:00:00,2026-07-07 03:05:00,53407.0,53423.0,4.5
"CCI_Reversion(20,100)",SHORT,2026-07-07 03:45:00,2026-07-07 03:55:00,53439.0,53427.0,2.5
"CCI_Reversion(20,100)",SHORT,2026-07-07 04:15:00,2026-07-07 04:20:00,53426.0,53419.0,0.0
"CCI_Reversion(20,100)",LONG,2026-07-07 04:30:00,2026-07-07 05:25:00,53416.0,53368.0,-27.5
"CCI_Reversion(20,100)",LONG,2026-07-07 06:20:00,2026-07-07 06:30:00,53349.0,53373.0,8.5
"CCI_Reversion(20,100)",SHORT,2026-07-07 07:10:00,2026-07-07 07:50:00,53410.0,53452.0,-24.5
"CCI_Reversion(20,100)",SHORT,2026-07-07 08:20:00,2026-07-07 08:45:00,53476.0,53490.0,-10.5
"CCI_Reversion(20,100)",LONG,2026-07-07 10:30:00,2026-07-07 10:35:00,53453.0,53455.0,-2.5
"CCI_Reversion(20,100)",LONG,2026-07-07 10:55:00,2026-07-07 11:05:00,53434.0,53459.0,9.0
"CCI_Reversion(20,100)",SHORT,2026-07-07 11:20:00,2026-07-07 11:55:00,53507.0,53500.0,0.0
"CCI_Reversion(20,100)",SHORT,2026-07-07 12:10:00,2026-07-07 12:20:00,53542.0,53515.0,10.0
"CCI_Reversion(20,100)",SHORT,2026-07-07 12:30:00,2026-07-07 12:35:00,53541.0,53533.0,0.5
"CCI_Reversion(20,100)",SHORT,2026-07-07 12:40:00,2026-07-07 13:10:00,53553.0,53591.0,-22.5
"CCI_Reversion(20,100)",SHORT,2026-07-07 13:15:00,2026-07-07 13:35:00,53615.0,53503.0,52.5
"CCI_Reversion(20,100)",LONG,2026-07-07 13:40:00,2026-07-07 14:50:00,53462.0,53242.0,-113.5
"CCI_Reversion(20,100)",LONG,2026-07-07 15:00:00,2026-07-07 15:30:00,53186.0,53162.0,-15.5
"CCI_Reversion(20,100)",SHORT,2026-07-07 16:30:00,2026-07-07 16:35:00,53189.0,53158.0,12.0
"CCI_Reversion(20,100)",SHORT,2026-07-07 16:50:00,2026-07-07 16:55:00,53203.0,53175.0,10.5
"CCI_Reversion(20,100)",SHORT,2026-07-07 17:30:00,2026-07-07 17:50:00,53231.0,53213.0,5.5
"CCI_Reversion(20,100)",SHORT,2026-07-07 18:30:00,2026-07-07 18:35:00,53248.0,53229.0,6.0
"CCI_Reversion(20,100)",LONG,2026-07-07 19:05:00,2026-07-07 19:25:00,53174.0,53199.0,9.0
"CCI_Reversion(20,100)",LONG,2026-07-07 19:30:00,2026-07-07 19:40:00,53146.0,53157.0,2.0
"CCI_Reversion(20,100)",LONG,2026-07-07 22:45:00,2026-07-07 23:00:00,53153.0,53197.0,18.5
"CCI_Reversion(20,100)",LONG,2026-07-07 23:10:00,2026-07-07 23:20:00,53162.0,53194.0,12.5
"CCI_Reversion(20,100)",SHORT,2026-07-07 23:20:00,2026-07-07 23:25:00,53194.0,53174.0,6.5
"CCI_Reversion(20,100)",LONG,2026-07-07 23:45:00,2026-07-07 23:50:00,53159.0,53167.0,0.5
"CCI_Reversion(20,100)",LONG,2026-07-07 23:55:00,2026-07-08 00:25:00,53148.0,53148.0,-3.5
"CCI_Reversion(20,100)",SHORT,2026-07-08 01:00:00,2026-07-08 01:10:00,53198.0,53183.0,4.0
"CCI_Reversion(20,100)",SHORT,2026-07-08 01:15:00,2026-07-08 01:20:00,53194.0,53190.0,-1.5
"CCI_Reversion(20,100)",LONG,2026-07-08 02:10:00,2026-07-08 02:45:00,53155.0,53143.0,-9.5
"CCI_Reversion(20,100)",SHORT,2026-07-08 03:30:00,2026-07-08 03:40:00,53165.0,53155.0,1.5
"CCI_Reversion(20,100)",LONG,2026-07-08 04:20:00,2026-07-08 04:25:00,53135.0,53155.0,6.5
"CCI_Reversion(20,100)",SHORT,2026-07-08 04:50:00,2026-07-08 04:55:00,53157.0,53147.0,1.5
"CCI_Reversion(20,100)",LONG,2026-07-08 05:25:00,2026-07-08 06:25:00,53129.0,53114.0,-11.0
"CCI_Reversion(20,100)",LONG,2026-07-08 06:35:00,2026-07-08 07:30:00,53069.0,53024.0,-26.0
"CCI_Reversion(20,100)",LONG,2026-07-08 08:00:00,2026-07-08 08:05:00,52996.0,52987.0,-8.0
"CCI_Reversion(20,100)",LONG,2026-07-08 08:20:00,2026-07-08 09:15:00,52839.0,52483.0,-181.5
"CCI_Reversion(20,100)",LONG,2026-07-08 10:10:00,2026-07-08 10:15:00,52483.0,52498.0,4.0
"CCI_Reversion(20,100)",SHORT,2026-07-08 10:35:00,2026-07-08 11:10:00,52609.0,52630.0,-14.0
"CCI_Reversion(20,100)",SHORT,2026-07-08 11:45:00,2026-07-08 12:40:00,52697.0,52773.0,-41.5
"CCI_Reversion(20,100)",LONG,2026-07-08 13:30:00,2026-07-08 13:40:00,52676.0,52744.0,30.5
"CCI_Reversion(20,100)",LONG,2026-07-08 13:55:00,2026-07-08 14:10:00,52675.0,52695.0,6.5
"CCI_Reversion(20,100)",LONG,2026-07-08 14:15:00,2026-07-08 15:20:00,52620.0,52456.0,-85.5
"CCI_Reversion(20,100)",LONG,2026-07-08 15:30:00,2026-07-08 15:40:00,52376.0,52371.0,-6.0
"CCI_Reversion(20,100)",SHORT,2026-07-08 16:20:00,2026-07-08 17:15:00,52502.0,52588.0,-46.5
"CCI_Reversion(20,100)",SHORT,2026-07-08 17:20:00,2026-07-08 17:40:00,52628.0,52629.0,-4.0
"CCI_Reversion(20,100)",SHORT,2026-07-08 18:50:00,2026-07-08 19:00:00,52670.0,52658.0,2.5
"CCI_Reversion(20,100)",LONG,2026-07-08 19:35:00,2026-07-08 19:45:00,52609.0,52636.0,10.0
"CCI_Reversion(20,100)",LONG,2026-07-08 19:50:00,2026-07-08 19:55:00,52601.0,52649.0,20.5
"CCI_Reversion(20,100)",LONG,2026-07-08 20:05:00,2026-07-08 20:55:00,52603.0,52569.0,-20.5
"CCI_Reversion(20,100)",LONG,2026-07-08 22:00:00,2026-07-08 22:05:00,52541.0,52569.0,10.5
"CCI_Reversion(20,100)",SHORT,2026-07-08 23:10:00,2026-07-08 23:20:00,52579.0,52567.0,2.5
"CCI_Reversion(20,100)",SHORT,2026-07-08 23:35:00,2026-07-09 00:55:00,52580.0,52628.0,-27.5
"CCI_Reversion(20,100)",SHORT,2026-07-09 01:00:00,2026-07-09 01:20:00,52657.0,52670.0,-10.0
"CCI_Reversion(20,100)",SHORT,2026-07-09 02:10:00,2026-07-09 02:25:00,52680.0,52672.0,0.5
"CCI_Reversion(20,100)",LONG,2026-07-09 02:50:00,2026-07-09 03:00:00,52649.0,52658.0,1.0
"CCI_Reversion(20,100)",LONG,2026-07-09 03:15:00,2026-07-09 03:30:00,52648.0,52673.0,9.0
"CCI_Reversion(20,100)",SHORT,2026-07-09 03:35:00,2026-07-09 04:00:00,52691.0,52695.0,-5.5
"CCI_Reversion(20,100)",SHORT,2026-07-09 04:40:00,2026-07-09 04:50:00,52714.0,52707.0,0.0
"CCI_Reversion(20,100)",SHORT,2026-07-09 04:55:00,2026-07-09 05:05:00,52719.0,52707.0,2.5
"CCI_Reversion(20,100)",SHORT,2026-07-09 05:15:00,2026-07-09 05:20:00,52732.0,52693.0,16.0
"CCI_Reversion(20,100)",SHORT,2026-07-09 05:50:00,2026-07-09 06:10:00,52740.0,52719.0,7.0
"CCI_Reversion(20,100)",LONG,2026-07-09 07:25:00,2026-07-09 07:30:00,52685.0,52695.0,1.5
"CCI_Reversion(20,100)",LONG,2026-07-09 07:40:00,2026-07-09 07:45:00,52687.0,52735.0,20.5
"CCI_Reversion(20,100)",SHORT,2026-07-09 07:45:00,2026-07-09 07:55:00,52735.0,52705.0,11.5
"CCI_Reversion(20,100)",LONG,2026-07-09 08:05:00,2026-07-09 08:15:00,52680.0,52687.0,0.0
"CCI_Reversion(20,100)",LONG,2026-07-09 08:20:00,2026-07-09 08:25:00,52682.0,52691.0,1.0
"CCI_Reversion(20,100)",LONG,2026-07-09 08:35:00,2026-07-09 09:00:00,52671.0,52668.0,-5.0
"CCI_Reversion(20,100)",LONG,2026-07-09 09:05:00,2026-07-09 09:55:00,52662.0,52623.0,-23.0
"CCI_Reversion(20,100)",LONG,2026-07-09 10:30:00,2026-07-09 11:05:00,52578.0,52573.0,-6.0
"CCI_Reversion(20,100)",LONG,2026-07-09 11:10:00,2026-07-09 11:15:00,52543.0,52567.0,8.5
"CCI_Reversion(20,100)",LONG,2026-07-09 11:25:00,2026-07-09 11:30:00,52539.0,52545.0,-0.5
"CCI_Reversion(20,100)",SHORT,2026-07-09 12:05:00,2026-07-09 12:50:00,52607.0,52647.0,-23.5
"CCI_Reversion(20,100)",SHORT,2026-07-09 12:55:00,2026-07-09 13:00:00,52672.0,52646.0,9.5
"CCI_Reversion(20,100)",SHORT,2026-07-09 13:05:00,2026-07-09 13:35:00,52712.0,52602.0,51.5
"CCI_Reversion(20,100)",LONG,2026-07-09 13:40:00,2026-07-09 13:45:00,52585.0,52660.0,34.0
"CCI_Reversion(20,100)",SHORT,2026-07-09 14:40:00,2026-07-09 14:50:00,52761.0,52696.0,29.0
"CCI_Reversion(20,100)",SHORT,2026-07-09 15:00:00,2026-07-09 15:15:00,52777.0,52726.0,22.0
"CCI_Reversion(20,100)",SHORT,2026-07-09 15:25:00,2026-07-09 15:35:00,52772.0,52759.0,3.0
"CCI_Reversion(20,100)",SHORT,2026-07-09 15:40:00,2026-07-09 16:00:00,52805.0,52775.0,11.5
"CCI_Reversion(20,100)",SHORT,2026-07-09 16:10:00,2026-07-09 16:40:00,52812.0,52833.0,-14.0
"CCI_Reversion(20,100)",LONG,2026-07-09 18:30:00,2026-07-09 19:05:00,52780.0,52752.0,-17.5
"CCI_Reversion(20,100)",LONG,2026-07-09 19:10:00,2026-07-09 19:20:00,52716.0,52726.0,1.5
"CCI_Reversion(20,100)",LONG,2026-07-09 19:25:00,2026-07-09 19:45:00,52713.0,52722.0,1.0
"CCI_Reversion(20,100)",SHORT,2026-07-09 20:10:00,2026-07-09 20:15:00,52777.0,52767.0,1.5
"CCI_Reversion(20,100)",SHORT,2026-07-09 20:20:00,2026-07-09 20:25:00,52775.0,52761.0,3.5
"CCI_Reversion(20,100)",SHORT,2026-07-09 23:15:00,2026-07-09 23:20:00,52756.0,52757.0,-4.0
"CCI_Reversion(20,100)",SHORT,2026-07-09 23:25:00,2026-07-09 23:45:00,52763.0,52754.0,1.0
"CCI_Reversion(20,100)",LONG,2026-07-10 00:05:00,2026-07-10 00:25:00,52732.0,52738.0,-0.5
"CCI_Reversion(20,100)",LONG,2026-07-10 00:40:00,2026-07-10 01:00:00,52727.0,52733.0,-0.5
"CCI_Reversion(20,100)",SHORT,2026-07-10 02:10:00,2026-07-10 02:25:00,52743.0,52733.0,1.5
"CCI_Reversion(20,100)",LONG,2026-07-10 02:35:00,2026-07-10 02:45:00,52722.0,52735.0,3.0
"CCI_Reversion(20,100)",SHORT,2026-07-10 02:55:00,2026-07-10 03:20:00,52740.0,52749.0,-8.0
"CCI_Reversion(20,100)",LONG,2026-07-10 04:20:00,2026-07-10 04:55:00,52729.0,52716.0,-10.0
"CCI_Reversion(20,100)",LONG,2026-07-10 05:05:00,2026-07-10 05:10:00,52709.0,52715.0,-0.5
"CCI_Reversion(20,100)",SHORT,2026-07-10 05:50:00,2026-07-10 06:30:00,52733.0,52782.0,-28.0
"CCI_Reversion(20,100)",SHORT,2026-07-10 06:35:00,2026-07-10 06:40:00,52783.0,52769.0,3.5
"CCI_Reversion(20,100)",SHORT,2026-07-10 07:10:00,2026-07-10 07:50:00,52813.0,52795.0,5.5
"CCI_Reversion(20,100)",SHORT,2026-07-10 08:10:00,2026-07-10 08:20:00,52849.0,52826.0,8.0
"CCI_Reversion(20,100)",LONG,2026-07-10 08:50:00,2026-07-10 09:00:00,52784.0,52799.0,4.0
"CCI_Reversion(20,100)",SHORT,2026-07-10 10:05:00,2026-07-10 10:50:00,52847.0,52876.0,-18.0
"CCI_Reversion(20,100)",LONG,2026-07-10 11:35:00,2026-07-10 11:55:00,52821.0,52834.0,3.0
"CCI_Reversion(20,100)",LONG,2026-07-10 12:00:00,2026-07-10 12:15:00,52824.0,52898.0,33.5
"CCI_Reversion(20,100)",SHORT,2026-07-10 12:45:00,2026-07-10 12:55:00,52892.0,52888.0,-1.5
"CCI_Reversion(20,100)",SHORT,2026-07-10 13:15:00,2026-07-10 13:30:00,52934.0,52909.0,9.0
"CCI_Reversion(20,100)",LONG,2026-07-10 13:35:00,2026-07-10 13:40:00,52801.0,52865.0,28.5
"CCI_Reversion(20,100)",LONG,2026-07-10 13:45:00,2026-07-10 14:20:00,52840.0,52830.0,-8.5
"CCI_Reversion(20,100)",LONG,2026-07-10 14:35:00,2026-07-10 14:45:00,52697.0,52826.0,61.0
"CCI_Reversion(20,100)",SHORT,2026-07-10 15:20:00,2026-07-10 15:40:00,52888.0,52856.0,12.5
"CCI_Reversion(20,100)",SHORT,2026-07-10 16:55:00,2026-07-10 17:05:00,52896.0,52891.0,-1.0
"CCI_Reversion(20,100)",SHORT,2026-07-10 17:15:00,2026-07-10 17:30:00,52904.0,52898.0,-0.5
"CCI_Reversion(20,100)",SHORT,2026-07-10 17:40:00,2026-07-10 17:45:00,52910.0,52906.0,-1.5
"CCI_Reversion(20,100)",SHORT,2026-07-10 17:50:00,2026-07-10 18:00:00,52920.0,52908.0,2.5
"CCI_Reversion(20,100)",SHORT,2026-07-10 18:15:00,2026-07-10 18:20:00,52921.0,52920.0,-3.0
"CCI_Reversion(20,100)",SHORT,2026-07-10 18:30:00,2026-07-10 19:35:00,52940.0,52950.0,-8.5
"CCI_Reversion(20,100)",LONG,2026-07-10 20:00:00,2026-07-10 20:05:00,52916.0,52945.0,11.0
"CCI_Reversion(20,100)",SHORT,2026-07-10 20:50:00,2026-07-12 22:10:00,52980.0,52800.0,86.5
"CCI_Reversion(20,100)",LONG,2026-07-12 22:10:00,2026-07-12 22:40:00,52800.0,52807.0,0.0
"CCI_Reversion(20,100)",SHORT,2026-07-13 00:15:00,2026-07-13 00:20:00,52832.0,52816.0,4.5
"CCI_Reversion(20,100)",LONG,2026-07-13 00:55:00,2026-07-13 01:40:00,52769.0,52758.0,-9.0
"CCI_Reversion(20,100)",LONG,2026-07-13 02:05:00,2026-07-13 02:10:00,52715.0,52729.0,3.5
"CCI_Reversion(20,100)",LONG,2026-07-13 02:20:00,2026-07-13 02:25:00,52724.0,52735.0,2.0
"CCI_Reversion(20,100)",LONG,2026-07-13 03:00:00,2026-07-13 03:30:00,52718.0,52712.0,-6.5
"CCI_Reversion(20,100)",LONG,2026-07-13 04:00:00,2026-07-13 04:20:00,52696.0,52703.0,0.0
"CCI_Reversion(20,100)",LONG,2026-07-13 04:45:00,2026-07-13 05:00:00,52684.0,52685.0,-3.0
"CCI_Reversion(20,100)",LONG,2026-07-13 05:05:00,2026-07-13 05:10:00,52674.0,52704.0,11.5
"CCI_Reversion(20,100)",SHORT,2026-07-13 05:15:00,2026-07-13 05:25:00,52717.0,52691.0,9.5
"CCI_Reversion(20,100)",LONG,2026-07-13 05:50:00,2026-07-13 05:55:00,52682.0,52688.0,-0.5
"CCI_Reversion(20,100)",SHORT,2026-07-13 06:05:00,2026-07-13 07:25:00,52733.0,52852.0,-63.0
"CCI_Reversion(20,100)",SHORT,2026-07-13 08:05:00,2026-07-13 08:45:00,52887.0,52923.0,-21.5
"CCI_Reversion(20,100)",SHORT,2026-07-13 09:25:00,2026-07-13 09:40:00,52957.0,52951.0,-0.5
"CCI_Reversion(20,100)",LONG,2026-07-13 10:05:00,2026-07-13 10:20:00,52910.0,52917.0,0.0
"CCI_Reversion(20,100)",LONG,2026-07-13 10:25:00,2026-07-13 10:40:00,52902.0,52905.0,-2.0
"CCI_Reversion(20,100)",LONG,2026-07-13 10:50:00,2026-07-13 10:55:00,52888.0,52890.0,-2.5
"CCI_Reversion(20,100)",LONG,2026-07-13 11:15:00,2026-07-13 11:30:00,52871.0,52892.0,7.0
"CCI_Reversion(20,100)",LONG,2026-07-13 11:50:00,2026-07-13 12:45:00,52863.0,52832.0,-19.0
"CCI_Reversion(20,100)",SHORT,2026-07-13 13:05:00,2026-07-13 13:10:00,52876.0,52867.0,1.0
"CCI_Reversion(20,100)",SHORT,2026-07-13 13:25:00,2026-07-13 14:10:00,52882.0,52940.0,-32.5
"CCI_Reversion(20,100)",LONG,2026-07-13 14:40:00,2026-07-13 15:10:00,52839.0,52810.0,-18.0
"CCI_Reversion(20,100)",LONG,2026-07-13 16:00:00,2026-07-13 16:45:00,52752.0,52736.0,-11.5
"CCI_Reversion(20,100)",SHORT,2026-07-13 17:50:00,2026-07-13 17:55:00,52751.0,52739.0,2.5
"CCI_Reversion(20,100)",SHORT,2026-07-13 19:20:00,2026-07-13 19:25:00,52762.0,52744.0,5.5
"CCI_Reversion(20,100)",LONG,2026-07-13 19:30:00,2026-07-13 19:45:00,52706.0,52732.0,9.5
"CCI_Reversion(20,100)",SHORT,2026-07-13 20:00:00,2026-07-13 20:05:00,52765.0,52753.0,2.5
"CCI_Reversion(20,100)",LONG,2026-07-13 20:20:00,2026-07-13 20:25:00,52712.0,52721.0,1.0
"CCI_Reversion(20,100)",LONG,2026-07-13 22:55:00,2026-07-13 23:30:00,52698.0,52670.0,-17.5
"CCI_Reversion(20,100)",LONG,2026-07-13 23:35:00,2026-07-13 23:40:00,52666.0,52667.0,-3.0
"CCI_Reversion(20,100)",LONG,2026-07-13 23:45:00,2026-07-13 23:55:00,52647.0,52660.0,3.0
"CCI_Reversion(20,100)",LONG,2026-07-14 00:10:00,2026-07-14 00:15:00,52646.0,52668.0,7.5
"CCI_Reversion(20,100)",LONG,2026-07-14 00:20:00,2026-07-14 00:50:00,52596.0,52613.0,5.0
"CCI_Reversion(20,100)",LONG,2026-07-14 02:25:00,2026-07-14 02:40:00,52592.0,52620.0,10.5
"CCI_Reversion(20,100)",LONG,2026-07-14 02:55:00,2026-07-14 03:25:00,52583.0,52578.0,-6.0
"CCI_Reversion(20,100)",LONG,2026-07-14 03:45:00,2026-07-14 03:50:00,52564.0,52572.0,0.5
"CCI_Reversion(20,100)",SHORT,2026-07-14 04:25:00,2026-07-14 05:15:00,52608.0,52683.0,-41.0
"CCI_Reversion(20,100)",SHORT,2026-07-14 05:30:00,2026-07-14 05:50:00,52722.0,52725.0,-5.0
"CCI_Reversion(20,100)",LONG,2026-07-14 06:40:00,2026-07-14 07:10:00,52671.0,52675.0,-1.5
"CCI_Reversion(20,100)",LONG,2026-07-14 07:25:00,2026-07-14 07:55:00,52637.0,52636.0,-4.0
"CCI_Reversion(20,100)",LONG,2026-07-14 08:10:00,2026-07-14 08:15:00,52586.0,52613.0,10.0
"CCI_Reversion(20,100)",LONG,2026-07-14 08:50:00,2026-07-14 09:00:00,52577.0,52582.0,-1.0
"CCI_Reversion(20,100)",SHORT,2026-07-14 09:15:00,2026-07-14 09:20:00,52641.0,52622.0,6.0
"CCI_Reversion(20,100)",SHORT,2026-07-14 09:35:00,2026-07-14 10:00:00,52639.0,52645.0,-6.5
"CCI_Reversion(20,100)",SHORT,2026-07-14 10:05:00,2026-07-14 10:15:00,52673.0,52626.0,20.0
"CCI_Reversion(20,100)",SHORT,2026-07-14 10:40:00,2026-07-14 10:45:00,52637.0,52599.0,15.5
"CCI_Reversion(20,100)",LONG,2026-07-14 10:45:00,2026-07-14 11:30:00,52599.0,52473.0,-66.5
"CCI_Reversion(20,100)",SHORT,2026-07-14 12:35:00,2026-07-14 13:00:00,52727.0,52629.0,45.5
"CCI_Reversion(20,100)",SHORT,2026-07-14 13:45:00,2026-07-14 14:20:00,52874.0,52843.0,12.0
"CCI_Reversion(20,100)",LONG,2026-07-14 15:20:00,2026-07-14 15:30:00,52716.0,52761.0,19.0
"CCI_Reversion(20,100)",LONG,2026-07-14 15:35:00,2026-07-14 16:15:00,52732.0,52689.0,-25.0
"CCI_Reversion(20,100)",LONG,2026-07-14 16:25:00,2026-07-14 16:35:00,52623.0,52649.0,9.5
"CCI_Reversion(20,100)",SHORT,2026-07-14 17:15:00,2026-07-14 17:40:00,52674.0,52684.0,-8.5
"CCI_Reversion(20,100)",SHORT,2026-07-14 18:10:00,2026-07-14 18:35:00,52710.0,52727.0,-12.0
"CCI_Reversion(20,100)",SHORT,2026-07-14 19:00:00,2026-07-14 19:55:00,52741.0,52794.0,-30.0
"CCI_Reversion(20,100)",LONG,2026-07-14 22:15:00,2026-07-14 22:20:00,52767.0,52791.0,8.5
"CCI_Reversion(20,100)",SHORT,2026-07-14 22:30:00,2026-07-14 22:50:00,52811.0,52805.0,-0.5
"CCI_Reversion(20,100)",SHORT,2026-07-14 23:15:00,2026-07-15 00:05:00,52820.0,52855.0,-21.0
"CCI_Reversion(20,100)",LONG,2026-07-15 00:40:00,2026-07-15 01:00:00,52799.0,52826.0,10.0
"CCI_Reversion(20,100)",SHORT,2026-07-15 02:30:00,2026-07-15 02:55:00,52830.0,52830.0,-3.5
"CCI_Reversion(20,100)",SHORT,2026-07-15 03:55:00,2026-07-15 04:10:00,52846.0,52845.0,-3.0
"CCI_Reversion(20,100)",SHORT,2026-07-15 04:15:00,2026-07-15 04:40:00,52851.0,52851.0,-3.5
"CCI_Reversion(20,100)",LONG,2026-07-15 05:20:00,2026-07-15 05:40:00,52836.0,52843.0,0.0
"CCI_Reversion(20,100)",LONG,2026-07-15 06:05:00,2026-07-15 06:30:00,52828.0,52834.0,-0.5
"CCI_Reversion(20,100)",LONG,2026-07-15 06:45:00,2026-07-15 07:45:00,52815.0,52752.0,-35.0
"CCI_Reversion(20,100)",SHORT,2026-07-15 08:20:00,2026-07-15 09:25:00,52829.0,52899.0,-38.5
"CCI_Reversion(20,100)",LONG,2026-07-15 10:25:00,2026-07-15 10:55:00,52810.0,52797.0,-10.0
"CCI_Reversion(20,100)",LONG,2026-07-15 11:35:00,2026-07-15 11:40:00,52774.0,52794.0,6.5
"CCI_Reversion(20,100)",SHORT,2026-07-15 12:35:00,2026-07-15 13:05:00,52872.0,52909.0,-22.0
"CCI_Reversion(20,100)",SHORT,2026-07-15 13:40:00,2026-07-15 13:50:00,52988.0,52923.0,29.0
"CCI_Reversion(20,100)",SHORT,2026-07-15 14:00:00,2026-07-15 14:05:00,52947.0,52920.0,10.0
"CCI_Reversion(20,100)",SHORT,2026-07-15 14:20:00,2026-07-15 14:45:00,53055.0,52976.0,36.0
"CCI_Reversion(20,100)",LONG,2026-07-15 15:55:00,2026-07-15 16:50:00,52922.0,52747.0,-91.0
"CCI_Reversion(20,100)",SHORT,2026-07-15 17:40:00,2026-07-15 18:20:00,52872.0,52910.0,-22.5
"CCI_Reversion(20,100)",LONG,2026-07-15 19:10:00,2026-07-15 19:15:00,52860.0,52893.0,13.0
"CCI_Reversion(20,100)",SHORT,2026-07-15 20:05:00,2026-07-15 20:10:00,52925.0,52903.0,7.5
"CCI_Reversion(20,100)",SHORT,2026-07-15 20:20:00,2026-07-15 20:35:00,52925.0,52908.0,5.0
"CCI_Reversion(20,100)",SHORT,2026-07-15 22:10:00,2026-07-15 22:15:00,52920.0,52916.0,-1.5
"CCI_Reversion(20,100)",SHORT,2026-07-15 23:25:00,2026-07-15 23:55:00,52922.0,52912.0,1.5
"CCI_Reversion(20,100)",SHORT,2026-07-16 00:05:00,2026-07-16 00:40:00,52940.0,52936.0,-1.5
"CCI_Reversion(20,100)",LONG,2026-07-16 01:05:00,2026-07-16 01:35:00,52907.0,52905.0,-4.5
"CCI_Reversion(20,100)",LONG,2026-07-16 02:05:00,2026-07-16 02:25:00,52858.0,52892.0,13.5
"CCI_Reversion(20,100)",SHORT,2026-07-16 02:50:00,2026-07-16 03:25:00,52914.0,52930.0,-11.5
"CCI_Reversion(20,100)",SHORT,2026-07-16 03:30:00,2026-07-16 04:05:00,52942.0,52956.0,-10.5
"CCI_Reversion(20,100)",SHORT,2026-07-16 04:10:00,2026-07-16 04:20:00,52958.0,52959.0,-4.0
"CCI_Reversion(20,100)",SHORT,2026-07-16 05:15:00,2026-07-16 05:35:00,52983.0,52958.0,9.0
"CCI_Reversion(20,100)",LONG,2026-07-16 05:55:00,2026-07-16 06:05:00,52930.0,52939.0,1.0
"CCI_Reversion(20,100)",LONG,2026-07-16 06:35:00,2026-07-16 06:55:00,52911.0,52934.0,8.0
"CCI_Reversion(20,100)",LONG,2026-07-16 07:15:00,2026-07-16 07:30:00,52890.0,52906.0,4.5
"CCI_Reversion(20,100)",LONG,2026-07-16 07:35:00,2026-07-16 07:45:00,52901.0,52898.0,-5.0
"CCI_Reversion(20,100)",LONG,2026-07-16 07:50:00,2026-07-16 08:05:00,52875.0,52902.0,10.0
"CCI_Reversion(20,100)",LONG,2026-07-16 08:15:00,2026-07-16 08:25:00,52852.0,52878.0,9.5
"CCI_Reversion(20,100)",SHORT,2026-07-16 08:50:00,2026-07-16 08:55:00,52921.0,52896.0,9.0
"CCI_Reversion(20,100)",LONG,2026-07-16 09:30:00,2026-07-16 09:35:00,52860.0,52864.0,-1.5
"CCI_Reversion(20,100)",LONG,2026-07-16 09:40:00,2026-07-16 10:00:00,52855.0,53026.0,82.0
"CCI_Reversion(20,100)",SHORT,2026-07-16 10:00:00,2026-07-16 10:25:00,53026.0,52968.0,25.5
"CCI_Reversion(20,100)",LONG,2026-07-16 11:50:00,2026-07-16 12:00:00,52879.0,52980.0,47.0
"CCI_Reversion(20,100)",LONG,2026-07-16 12:15:00,2026-07-16 12:20:00,52943.0,52972.0,11.0
"CCI_Reversion(20,100)",LONG,2026-07-16 12:25:00,2026-07-16 12:35:00,52914.0,52947.0,13.0
"CCI_Reversion(20,100)",LONG,2026-07-16 12:40:00,2026-07-16 12:50:00,52884.0,52908.0,8.5
"CCI_Reversion(20,100)",SHORT,2026-07-16 13:30:00,2026-07-16 13:40:00,52990.0,52983.0,0.0
"CCI_Reversion(20,100)",LONG,2026-07-16 14:00:00,2026-07-16 14:05:00,52866.0,52928.0,27.5
"CCI_Reversion(20,100)",SHORT,2026-07-16 14:50:00,2026-07-16 15:25:00,53019.0,53066.0,-27.0
"CCI_Reversion(20,100)",LONG,2026-07-16 16:05:00,2026-07-16 16:10:00,52964.0,52994.0,11.5
"CCI_Reversion(20,100)",LONG,2026-07-16 16:15:00,2026-07-16 16:50:00,52893.0,52887.0,-6.5
"CCI_Reversion(20,100)",LONG,2026-07-16 17:40:00,2026-07-16 18:25:00,52812.0,52765.0,-27.0
"CCI_Reversion(20,100)",LONG,2026-07-16 18:45:00,2026-07-16 18:50:00,52710.0,52730.0,6.5
"CCI_Reversion(20,100)",LONG,2026-07-16 19:10:00,2026-07-16 19:20:00,52684.0,52718.0,13.5
"CCI_Reversion(20,100)",LONG,2026-07-16 19:30:00,2026-07-16 19:55:00,52691.0,52727.0,14.5
"CCI_Reversion(20,100)",SHORT,2026-07-16 20:00:00,2026-07-16 20:10:00,52784.0,52748.0,14.5
"CCI_Reversion(20,100)",LONG,2026-07-16 22:55:00,2026-07-16 23:45:00,52722.0,52695.0,-17.0
"CCI_Reversion(20,100)",LONG,2026-07-16 23:50:00,2026-07-16 23:55:00,52685.0,52695.0,1.5
"CCI_Reversion(20,100)",LONG,2026-07-17 00:05:00,2026-07-17 00:55:00,52669.0,52628.0,-24.0
"CCI_Reversion(20,100)",LONG,2026-07-17 01:05:00,2026-07-17 02:25:00,52584.0,52500.0,-45.5
"CCI_Reversion(20,100)",LONG,2026-07-17 02:55:00,2026-07-17 03:00:00,52475.0,52494.0,6.0
"CCI_Reversion(20,100)",SHORT,2026-07-17 03:25:00,2026-07-17 03:35:00,52524.0,52497.0,10.0
"CCI_Reversion(20,100)",LONG,2026-07-17 03:45:00,2026-07-17 04:50:00,52482.0,52406.0,-41.5
"CCI_Reversion(20,100)",LONG,2026-07-17 05:35:00,2026-07-17 05:50:00,52363.0,52369.0,-0.5
"CCI_Reversion(20,100)",SHORT,2026-07-17 06:05:00,2026-07-17 06:45:00,52421.0,52440.0,-13.0
"CCI_Reversion(20,100)",SHORT,2026-07-17 07:20:00,2026-07-17 07:25:00,52489.0,52468.0,7.0
"CCI_Reversion(20,100)",SHORT,2026-07-17 07:30:00,2026-07-17 08:15:00,52499.0,52505.0,-6.5
"CCI_Reversion(20,100)",LONG,2026-07-17 08:40:00,2026-07-17 09:00:00,52420.0,52420.0,-3.5
"CCI_Reversion(20,100)",LONG,2026-07-17 09:05:00,2026-07-17 09:15:00,52400.0,52429.0,11.0
"CCI_Reversion(20,100)",LONG,2026-07-17 09:45:00,2026-07-17 09:50:00,52391.0,52397.0,-0.5
"CCI_Reversion(20,100)",SHORT,2026-07-17 10:15:00,2026-07-17 10:45:00,52461.0,52455.0,-0.5
"CCI_Reversion(20,100)",SHORT,2026-07-17 11:00:00,2026-07-17 11:15:00,52514.0,52447.0,30.0
"CCI_Reversion(20,100)",SHORT,2026-07-17 11:35:00,2026-07-17 11:55:00,52503.0,52527.0,-15.5
"CCI_Reversion(20,100)",LONG,2026-07-17 12:35:00,2026-07-17 12:40:00,52441.0,52462.0,7.0
"CCI_Reversion(20,100)",LONG,2026-07-17 12:45:00,2026-07-17 13:40:00,52440.0,52458.0,5.5
"CCI_Reversion(20,100)",SHORT,2026-07-17 13:45:00,2026-07-17 14:25:00,52563.0,52779.0,-111.5
"CCI_Reversion(20,100)",LONG,2026-07-17 15:20:00,2026-07-17 15:25:00,52653.0,52670.0,5.0
"CCI_Reversion(20,100)",LONG,2026-07-17 16:10:00,2026-07-17 16:15:00,52663.0,52685.0,7.5
"CCI_Reversion(20,100)",LONG,2026-07-17 16:25:00,2026-07-17 16:50:00,52603.0,52629.0,9.5
"CCI_Reversion(20,100)",LONG,2026-07-17 17:00:00,2026-07-17 17:10:00,52585.0,52593.0,0.5
"CCI_Reversion(20,100)",LONG,2026-07-17 17:20:00,2026-07-17 17:30:00,52542.0,52580.0,15.5
"CCI_Reversion(20,100)",LONG,2026-07-17 17:45:00,2026-07-17 18:50:00,52530.0,52422.0,-57.5
"CCI_Reversion(20,100)",LONG,2026-07-17 19:15:00,2026-07-17 19:40:00,52367.0,52379.0,2.5
"CCI_Reversion(20,100)",LONG,2026-07-17 20:05:00,2026-07-17 20:25:00,52333.0,52349.0,4.5
"CCI_Reversion(20,100)",LONG,2026-07-19 22:15:00,2026-07-19 22:35:00,52285.0,52325.0,16.5
"CCI_Reversion(20,100)",SHORT,2026-07-20 00:00:00,2026-07-20 00:30:00,52357.0,52373.0,-11.5
"CCI_Reversion(20,100)",SHORT,2026-07-20 01:10:00,2026-07-20 01:15:00,52394.0,52374.0,6.5
"CCI_Reversion(20,100)",LONG,2026-07-20 01:40:00,2026-07-20 02:05:00,52348.0,52341.0,-7.0
"CCI_Reversion(20,100)",LONG,2026-07-20 02:20:00,2026-07-20 02:30:00,52297.0,52308.0,2.0
"CCI_Reversion(20,100)",SHORT,2026-07-20 03:45:00,2026-07-20 04:00:00,52356.0,52346.0,1.5
"CCI_Reversion(20,100)",LONG,2026-07-20 04:15:00,2026-07-20 04:25:00,52321.0,52338.0,5.0
"CCI_Reversion(20,100)",SHORT,2026-07-20 04:35:00,2026-07-20 05:05:00,52362.0,52373.0,-9.0
"CCI_Reversion(20,100)",LONG,2026-07-20 05:55:00,2026-07-20 06:05:00,52314.0,52314.0,-3.5
"CCI_Reversion(20,100)",LONG,2026-07-20 06:15:00,2026-07-20 06:20:00,52307.0,52303.0,-5.5
"CCI_Reversion(20,100)",LONG,2026-07-20 06:30:00,2026-07-20 06:55:00,52302.0,52295.0,-7.0
"CCI_Reversion(20,100)",SHORT,2026-07-20 07:25:00,2026-07-20 07:55:00,52360.0,52406.0,-26.5
"CCI_Reversion(20,100)",SHORT,2026-07-20 08:05:00,2026-07-20 08:10:00,52451.0,52444.0,0.0
"CCI_Reversion(20,100)",SHORT,2026-07-20 09:15:00,2026-07-20 10:05:00,52470.0,52515.0,-26.0
"CCI_Reversion(20,100)",LONG,2026-07-20 10:40:00,2026-07-20 10:50:00,52453.0,52484.0,12.0
"CCI_Reversion(20,100)",SHORT,2026-07-20 11:35:00,2026-07-20 12:05:00,52596.0,52482.0,53.5
"CCI_Reversion(20,100)",LONG,2026-07-20 12:25:00,2026-07-20 12:30:00,52448.0,52494.0,19.5
"CCI_Reversion(20,100)",SHORT,2026-07-20 13:35:00,2026-07-20 13:45:00,52512.0,52477.0,14.0
"CCI_Reversion(20,100)",LONG,2026-07-20 13:50:00,2026-07-20 14:45:00,52421.0,52196.0,-116.0
"CCI_Reversion(20,100)",SHORT,2026-07-20 15:55:00,2026-07-20 16:00:00,52275.0,52231.0,18.5
"CCI_Reversion(20,100)",SHORT,2026-07-20 16:10:00,2026-07-20 16:30:00,52284.0,52274.0,1.5
"CCI_Reversion(20,100)",LONG,2026-07-20 16:45:00,2026-07-20 16:50:00,52235.0,52275.0,16.5
"CCI_Reversion(20,100)",LONG,2026-07-20 16:55:00,2026-07-20 17:35:00,52203.0,52167.0,-21.5
"CCI_Reversion(20,100)",LONG,2026-07-20 17:45:00,2026-07-20 17:50:00,52129.0,52148.0,6.0
"CCI_Reversion(20,100)",LONG,2026-07-20 18:35:00,2026-07-20 19:10:00,52117.0,52083.0,-20.5
"CCI_Reversion(20,100)",LONG,2026-07-20 19:15:00,2026-07-20 19:25:00,52014.0,52062.0,20.5
"CCI_Reversion(20,100)",SHORT,2026-07-20 22:00:00,2026-07-20 22:05:00,52091.0,52076.0,4.0
"CCI_Reversion(20,100)",LONG,2026-07-20 22:55:00,2026-07-20 23:05:00,52054.0,52067.0,3.0
"CCI_Reversion(20,100)",SHORT,2026-07-20 23:20:00,2026-07-20 23:50:00,52107.0,52097.0,1.5
"CCI_Reversion(20,100)",SHORT,2026-07-21 01:15:00,2026-07-21 01:25:00,52137.0,52122.0,4.0
"CCI_Reversion(20,100)",LONG,2026-07-21 02:20:00,2026-07-21 02:25:00,52079.0,52115.0,14.5
"CCI_Reversion(20,100)",SHORT,2026-07-21 02:40:00,2026-07-21 02:45:00,52131.0,52122.0,1.0
"CCI_Reversion(20,100)",SHORT,2026-07-21 03:00:00,2026-07-21 04:45:00,52136.0,52227.0,-49.0
"CCI_Reversion(20,100)",SHORT,2026-07-21 05:35:00,2026-07-21 05:40:00,52237.0,52234.0,-2.0
"CCI_Reversion(20,100)",SHORT,2026-07-21 05:45:00,2026-07-21 06:10:00,52260.0,52226.0,13.5
"CCI_Reversion(20,100)",SHORT,2026-07-21 06:40:00,2026-07-21 06:45:00,52251.0,52252.0,-4.0
"CCI_Reversion(20,100)",SHORT,2026-07-21 07:05:00,2026-07-21 07:15:00,52290.0,52253.0,15.0
"CCI_Reversion(20,100)",LONG,2026-07-21 07:30:00,2026-07-21 07:40:00,52212.0,52241.0,11.0
"CCI_Reversion(20,100)",LONG,2026-07-21 08:05:00,2026-07-21 08:10:00,52201.0,52230.0,11.0
"CCI_Reversion(20,100)",SHORT,2026-07-21 08:45:00,2026-07-21 08:50:00,52280.0,52253.0,10.0
"CCI_Reversion(20,100)",SHORT,2026-07-21 09:05:00,2026-07-21 09:20:00,52282.0,52259.0,8.0
"CCI_Reversion(20,100)",LONG,2026-07-21 09:45:00,2026-07-21 09:50:00,52236.0,52254.0,5.5
"CCI_Reversion(20,100)",LONG,2026-07-21 09:55:00,2026-07-21 10:15:00,52235.0,52242.0,0.0
"CCI_Reversion(20,100)",SHORT,2026-07-21 10:35:00,2026-07-21 11:05:00,52305.0,52280.0,9.0
"CCI_Reversion(20,100)",LONG,2026-07-21 11:55:00,2026-07-21 12:10:00,52196.0,52202.0,-0.5
"CCI_Reversion(20,100)",LONG,2026-07-21 12:20:00,2026-07-21 12:25:00,52175.0,52195.0,6.5
"CCI_Reversion(20,100)",LONG,2026-07-21 12:30:00,2026-07-21 12:50:00,52168.0,52195.0,10.0
"CCI_Reversion(20,100)",SHORT,2026-07-21 13:20:00,2026-07-21 13:40:00,52242.0,52200.0,17.5
"CCI_Reversion(20,100)",LONG,2026-07-21 13:45:00,2026-07-21 13:50:00,52107.0,52186.0,36.0
"CCI_Reversion(20,100)",SHORT,2026-07-21 14:05:00,2026-07-21 14:40:00,52323.0,52304.0,6.0
"CCI_Reversion(20,100)",SHORT,2026-07-21 15:25:00,2026-07-21 15:40:00,52382.0,52407.0,-16.0
"CCI_Reversion(20,100)",SHORT,2026-07-21 15:45:00,2026-07-21 17:05:00,52420.0,52542.0,-64.5
"CCI_Reversion(20,100)",LONG,2026-07-21 18:00:00,2026-07-21 18:30:00,52467.0,52446.0,-14.0
"CCI_Reversion(20,100)",LONG,2026-07-21 18:35:00,2026-07-21 18:40:00,52418.0,52428.0,1.5
"CCI_Reversion(20,100)",LONG,2026-07-21 20:20:00,2026-07-21 20:35:00,52421.0,52425.0,-1.5
"CCI_Reversion(20,100)",LONG,2026-07-21 20:45:00,2026-07-21 22:05:00,52422.0,52421.0,-4.0
"CCI_Reversion(20,100)",LONG,2026-07-21 22:10:00,2026-07-21 22:15:00,52420.0,52428.0,0.5
"CCI_Reversion(20,100)",SHORT,2026-07-21 22:20:00,2026-07-21 22:25:00,52437.0,52426.0,2.0
"CCI_Reversion(20,100)",LONG,2026-07-21 22:50:00,2026-07-21 22:55:00,52415.0,52416.0,-3.0
"CCI_Reversion(20,100)",LONG,2026-07-21 23:45:00,2026-07-21 23:50:00,52416.0,52422.0,-0.5
"CCI_Reversion(20,100)",LONG,2026-07-21 23:55:00,2026-07-22 00:00:00,52416.0,52423.0,0.0
"CCI_Reversion(20,100)",SHORT,2026-07-22 00:05:00,2026-07-22 00:10:00,52435.0,52415.0,6.5
"CCI_Reversion(20,100)",LONG,2026-07-22 00:25:00,2026-07-22 00:40:00,52418.0,52417.0,-4.0
"CCI_Reversion(20,100)",LONG,2026-07-22 00:50:00,2026-07-22 00:55:00,52415.0,52415.0,-3.5
"CCI_Reversion(20,100)",LONG,2026-07-22 01:10:00,2026-07-22 01:40:00,52402.0,52398.0,-5.5
"CCI_Reversion(20,100)",SHORT,2026-07-22 02:45:00,2026-07-22 03:10:00,52430.0,52420.0,1.5
"CCI_Reversion(20,100)",SHORT,2026-07-22 03:30:00,2026-07-22 03:35:00,52432.0,52415.0,5.0
"CCI_Reversion(20,100)",LONG,2026-07-22 03:55:00,2026-07-22 04:20:00,52390.0,52402.0,2.5
"CCI_Reversion(20,100)",SHORT,2026-07-22 05:30:00,2026-07-22 05:45:00,52410.0,52402.0,0.5
"CCI_Reversion(20,100)",SHORT,2026-07-22 05:55:00,2026-07-22 06:20:00,52410.0,52396.0,3.5
"CCI_Reversion(20,100)",LONG,2026-07-22 06:25:00,2026-07-22 07:20:00,52360.0,52335.0,-16.0
"CCI_Reversion(20,100)",LONG,2026-07-22 07:40:00,2026-07-22 08:00:00,52287.0,52308.0,7.0
"CCI_Reversion(20,100)",SHORT,2026-07-22 08:10:00,2026-07-22 08:15:00,52365.0,52343.0,7.5
"CCI_Reversion(20,100)",SHORT,2026-07-22 08:25:00,2026-07-22 09:00:00,52378.0,52406.0,-17.5
"CCI_Reversion(20,100)",LONG,2026-07-22 09:55:00,2026-07-22 10:00:00,52378.0,52404.0,9.5
"CCI_Reversion(20,100)",SHORT,2026-07-22 10:25:00,2026-07-22 10:40:00,52469.0,52432.0,15.0
"CCI_Reversion(20,100)",LONG,2026-07-22 11:20:00,2026-07-22 11:40:00,52366.0,52374.0,0.5
"CCI_Reversion(20,100)",LONG,2026-07-22 11:45:00,2026-07-22 12:10:00,52318.0,52328.0,1.5
"CCI_Reversion(20,100)",SHORT,2026-07-22 13:20:00,2026-07-22 14:20:00,52405.0,52592.0,-97.0
"CCI_Reversion(20,100)",SHORT,2026-07-22 15:55:00,2026-07-22 16:20:00,52596.0,52629.0,-20.0
"CCI_Reversion(20,100)",SHORT,2026-07-22 16:40:00,2026-07-22 16:45:00,52647.0,52642.0,-1.0
"CCI_Reversion(20,100)",LONG,2026-07-22 17:10:00,2026-07-22 17:45:00,52576.0,52521.0,-31.0
"CCI_Reversion(20,100)",LONG,2026-07-22 18:50:00,2026-07-22 18:55:00,52477.0,52494.0,5.0
"CCI_Reversion(20,100)",LONG,2026-07-22 19:05:00,2026-07-22 19:50:00,52458.0,52451.0,-7.0
"CCI_Reversion(20,100)",SHORT,2026-07-22 20:15:00,2026-07-22 20:40:00,52536.0,52504.0,12.5
"CCI_Reversion(20,100)",LONG,2026-07-22 22:05:00,2026-07-22 22:50:00,52399.0,52373.0,-16.5
"CCI_Reversion(20,100)",SHORT,2026-07-22 23:55:00,2026-07-23 01:10:00,52400.0,52493.0,-50.0
"CCI_Reversion(20,100)",LONG,2026-07-23 02:15:00,2026-07-23 02:50:00,52461.0,52447.0,-10.5
"CCI_Reversion(20,100)",LONG,2026-07-23 03:10:00,2026-07-23 03:40:00,52418.0,52404.0,-10.5
"CCI_Reversion(20,100)",LONG,2026-07-23 04:05:00,2026-07-23 04:15:00,52373.0,52388.0,4.0
"CCI_Reversion(20,100)",LONG,2026-07-23 04:55:00,2026-07-23 05:15:00,52377.0,52378.0,-3.0
"CCI_Reversion(20,100)",SHORT,2026-07-23 05:35:00,2026-07-23 05:40:00,52397.0,52381.0,4.5
"CCI_Reversion(20,100)",LONG,2026-07-23 05:55:00,2026-07-23 06:15:00,52339.0,52356.0,5.0
"CCI_Reversion(20,100)",LONG,2026-07-23 06:35:00,2026-07-23 07:55:00,52332.0,52182.0,-78.5
"CCI_Reversion(20,100)",SHORT,2026-07-23 09:00:00,2026-07-23 09:10:00,52292.0,52267.0,9.0
"CCI_Reversion(20,100)",LONG,2026-07-23 10:15:00,2026-07-23 10:20:00,52209.0,52218.0,1.0
"CCI_Reversion(20,100)",SHORT,2026-07-23 10:40:00,2026-07-23 11:05:00,52288.0,52280.0,0.5
"CCI_Reversion(20,100)",LONG,2026-07-23 11:30:00,2026-07-23 11:55:00,52200.0,52158.0,-24.5
"CCI_Reversion(20,100)",LONG,2026-07-23 12:05:00,2026-07-23 13:35:00,52121.0,52038.0,-45.0
"CCI_Reversion(20,100)",LONG,2026-07-23 15:10:00,2026-07-23 15:40:00,51853.0,51898.0,19.0
"CCI_Reversion(20,100)",SHORT,2026-07-23 16:15:00,2026-07-23 16:40:00,51963.0,51973.0,-8.5
"CCI_Reversion(20,100)",LONG,2026-07-23 17:35:00,2026-07-23 18:20:00,51858.0,51810.0,-27.5
"CCI_Reversion(20,100)",SHORT,2026-07-23 19:20:00,2026-07-23 19:35:00,51879.0,51869.0,1.5
"CCI_Reversion(20,100)",LONG,2026-07-23 19:50:00,2026-07-23 19:55:00,51794.0,51837.0,18.0
"CCI_Reversion(20,100)",SHORT,2026-07-23 20:05:00,2026-07-23 20:10:00,51884.0,51880.0,-1.5
"CCI_Reversion(20,100)",LONG,2026-07-23 22:40:00,2026-07-23 22:50:00,51875.0,51881.0,-0.5
"CCI_Reversion(20,100)",LONG,2026-07-23 23:15:00,2026-07-23 23:20:00,51875.0,51874.0,-4.0
"CCI_Reversion(20,100)",LONG,2026-07-23 23:25:00,2026-07-23 23:30:00,51872.0,51878.0,-0.5
"CCI_Reversion(20,100)",LONG,2026-07-23 23:45:00,2026-07-23 23:50:00,51878.0,51878.0,-3.5
"CCI_Reversion(20,100)",LONG,2026-07-23 23:55:00,2026-07-24 00:00:00,51865.0,51886.0,7.0
"CCI_Reversion(20,100)",SHORT,2026-07-24 00:05:00,2026-07-24 00:15:00,51893.0,51892.0,-3.0
"CCI_Reversion(20,100)",SHORT,2026-07-24 00:20:00,2026-07-24 01:10:00,51897.0,51941.0,-25.5
"CCI_Reversion(20,100)",SHORT,2026-07-24 01:45:00,2026-07-24 01:50:00,51968.0,51947.0,7.0
"CCI_Reversion(20,100)",SHORT,2026-07-24 02:15:00,2026-07-24 02:20:00,51960.0,51954.0,-0.5
"CCI_Reversion(20,100)",LONG,2026-07-24 02:40:00,2026-07-24 03:15:00,51925.0,51918.0,-7.0
"CCI_Reversion(20,100)",LONG,2026-07-24 03:35:00,2026-07-24 03:40:00,51897.0,51902.0,-1.0
"CCI_Reversion(20,100)",LONG,2026-07-24 04:00:00,2026-07-24 04:10:00,51900.0,51916.0,4.5
"CCI_Reversion(20,100)",LONG,2026-07-24 04:20:00,2026-07-24 04:25:00,51895.0,51905.0,1.5
"CCI_Reversion(20,100)",LONG,2026-07-24 04:45:00,2026-07-24 04:50:00,51895.0,51902.0,0.0
"CCI_Reversion(20,100)",SHORT,2026-07-24 05:05:00,2026-07-24 05:40:00,51926.0,51942.0,-11.5
"CCI_Reversion(20,100)",SHORT,2026-07-24 05:50:00,2026-07-24 05:55:00,51953.0,51929.0,8.5
"CCI_Reversion(20,100)",SHORT,2026-07-24 06:25:00,2026-07-24 06:30:00,51958.0,51940.0,5.5
"CCI_Reversion(20,100)",LONG,2026-07-24 06:50:00,2026-07-24 06:55:00,51913.0,51930.0,5.0
"CCI_Reversion(20,100)",SHORT,2026-07-24 07:05:00,2026-07-24 07:45:00,51992.0,52069.0,-42.0
"CCI_Reversion(20,100)",SHORT,2026-07-24 08:35:00,2026-07-24 08:55:00,52115.0,52093.0,7.5
"CCI_Reversion(20,100)",SHORT,2026-07-24 09:10:00,2026-07-24 09:20:00,52151.0,52131.0,6.5
"CCI_Reversion(20,100)",SHORT,2026-07-24 09:25:00,2026-07-24 10:10:00,52153.0,52168.0,-11.0
"CCI_Reversion(20,100)",LONG,2026-07-24 11:05:00,2026-07-24 11:55:00,52124.0,52080.0,-25.5
"CCI_Reversion(20,100)",LONG,2026-07-24 12:50:00,2026-07-24 13:20:00,52075.0,52042.0,-20.0
"CCI_Reversion(20,100)",LONG,2026-07-24 13:25:00,2026-07-24 13:50:00,52029.0,52041.0,2.5
"CCI_Reversion(20,100)",LONG,2026-07-24 14:35:00,2026-07-24 14:55:00,51955.0,51968.0,3.0
"CCI_Reversion(20,100)",SHORT,2026-07-24 15:05:00,2026-07-24 15:50:00,52049.0,52256.0,-107.0
"CCI_Reversion(20,100)",LONG,2026-07-24 16:50:00,2026-07-24 17:20:00,52172.0,52181.0,1.0
"CCI_Reversion(20,100)",LONG,2026-07-24 18:25:00,2026-07-24 19:00:00,52139.0,52082.0,-32.0
"CCI_Reversion(20,100)",SHORT,2026-07-24 19:55:00,2026-07-24 20:10:00,52135.0,52097.0,15.5
"CCI_Reversion(20,100)",SHORT,2026-07-26 22:15:00,2026-07-26 22:45:00,52378.0,52357.0,7.0
"CCI_Reversion(20,100)",SHORT,2026-07-26 23:45:00,2026-07-27 00:10:00,52428.0,52448.0,-13.5
"CCI_Reversion(20,100)",SHORT,2026-07-27 00:15:00,2026-07-27 00:20:00,52467.0,52418.0,21.0
"CCI_Reversion(20,100)",LONG,2026-07-27 00:50:00,2026-07-27 00:55:00,52378.0,52381.0,-2.0
"CCI_Reversion(20,100)",LONG,2026-07-27 01:00:00,2026-07-27 01:20:00,52370.0,52358.0,-9.5
"CCI_Reversion(20,100)",LONG,2026-07-27 01:25:00,2026-07-27 01:30:00,52358.0,52364.0,-0.5
"CCI_Reversion(20,100)",SHORT,2026-07-27 02:05:00,2026-07-27 02:25:00,52405.0,52409.0,-5.5
"CCI_Reversion(20,100)",SHORT,2026-07-27 03:10:00,2026-07-27 03:35:00,52417.0,52422.0,-6.0
"CCI_Reversion(20,100)",SHORT,2026-07-27 04:15:00,2026-07-27 04:30:00,52437.0,52433.0,-1.5
"CCI_Reversion(20,100)",SHORT,2026-07-27 04:35:00,2026-07-27 06:25:00,52445.0,52523.0,-42.5
"CCI_Reversion(20,100)",SHORT,2026-07-27 06:40:00,2026-07-27 06:45:00,52547.0,52537.0,1.5
"CCI_Reversion(20,100)",SHORT,2026-07-27 07:05:00,2026-07-27 07:30:00,52570.0,52560.0,1.5
"CCI_Reversion(20,100)",LONG,2026-07-27 08:05:00,2026-07-27 08:10:00,52508.0,52540.0,12.5
"CCI_Reversion(20,100)",SHORT,2026-07-27 08:45:00,2026-07-27 09:15:00,52623.0,52614.0,1.0
"CCI_Reversion(20,100)",SHORT,2026-07-27 09:30:00,2026-07-27 09:35:00,52632.0,52638.0,-6.5
"CCI_Reversion(20,100)",SHORT,2026-07-27 09:40:00,2026-07-27 10:10:00,52651.0,52655.0,-5.5
"CCI_Reversion(20,100)",SHORT,2026-07-27 10:20:00,2026-07-27 10:25:00,52682.0,52662.0,6.5
"CCI_Reversion(20,100)",SHORT,2026-07-27 10:50:00,2026-07-27 11:25:00,52688.0,52706.0,-12.5
"CCI_Reversion(20,100)",SHORT,2026-07-27 12:10:00,2026-07-27 12:15:00,52717.0,52653.0,28.5
"CCI_Reversion(20,100)",LONG,2026-07-27 12:15:00,2026-07-27 12:25:00,52653.0,52700.0,20.0
"CCI_Reversion(20,100)",SHORT,2026-07-27 12:50:00,2026-07-27 13:20:00,52730.0,52717.0,3.0
"CCI_Reversion(20,100)",SHORT,2026-07-27 13:30:00,2026-07-27 13:35:00,52732.0,52724.0,0.5
"CCI_Reversion(20,100)",LONG,2026-07-27 13:55:00,2026-07-27 15:00:00,52659.0,52413.0,-126.5
"CCI_Reversion(20,100)",LONG,2026-07-27 15:35:00,2026-07-27 16:10:00,52269.0,52284.0,4.0
"CCI_Reversion(20,100)",LONG,2026-07-27 17:20:00,2026-07-27 17:25:00,52191.0,52222.0,12.0
"CCI_Reversion(20,100)",SHORT,2026-07-27 18:30:00,2026-07-27 18:35:00,52295.0,52256.0,16.0
"CCI_Reversion(20,100)",SHORT,2026-07-27 18:55:00,2026-07-27 19:45:00,52320.0,52393.0,-40.0
"CCI_Reversion(20,100)",SHORT,2026-07-27 20:35:00,2026-07-27 22:15:00,52404.0,52412.0,-7.5
"CCI_Reversion(20,100)",LONG,2026-07-27 23:05:00,2026-07-27 23:25:00,52381.0,52399.0,5.5
"CCI_Reversion(20,100)",LONG,2026-07-28 00:10:00,2026-07-28 00:40:00,52363.0,52348.0,-11.0
"CCI_Reversion(20,100)",LONG,2026-07-28 01:10:00,2026-07-28 01:25:00,52311.0,52322.0,2.0
"CCI_Reversion(20,100)",SHORT,2026-07-28 01:50:00,2026-07-28 01:55:00,52374.0,52344.0,11.5
"CCI_Reversion(20,100)",SHORT,2026-07-28 03:20:00,2026-07-28 03:30:00,52372.0,52347.0,9.0
"CCI_Reversion(20,100)",SHORT,2026-07-28 03:35:00,2026-07-28 04:10:00,52378.0,52392.0,-10.5
"CCI_Reversion(20,100)",LONG,2026-07-28 05:45:00,2026-07-28 05:55:00,52364.0,52384.0,6.5
"CCI_Reversion(20,100)",SHORT,2026-07-28 06:10:00,2026-07-28 06:25:00,52395.0,52399.0,-5.5
"CCI_Reversion(20,100)",SHORT,2026-07-28 06:40:00,2026-07-28 06:55:00,52407.0,52416.0,-8.0
"CCI_Reversion(20,100)",SHORT,2026-07-28 07:00:00,2026-07-28 07:40:00,52427.0,52476.0,-28.0
"CCI_Reversion(20,100)",SHORT,2026-07-28 08:25:00,2026-07-28 08:35:00,52489.0,52485.0,-1.5
"CCI_Reversion(20,100)",SHORT,2026-07-28 08:50:00,2026-07-28 09:00:00,52511.0,52485.0,9.5
"CCI_Reversion(20,100)",SHORT,2026-07-28 09:15:00,2026-07-28 10:00:00,52502.0,52521.0,-13.0
"CCI_Reversion(20,100)",LONG,2026-07-28 10:40:00,2026-07-28 10:50:00,52495.0,52519.0,8.5
"CCI_Reversion(20,100)",SHORT,2026-07-28 11:00:00,2026-07-28 11:45:00,52563.0,52700.0,-72.0
"CCI_Reversion(20,100)",SHORT,2026-07-28 12:05:00,2026-07-28 12:15:00,52789.0,52787.0,-2.5
"CCI_Reversion(20,100)",SHORT,2026-07-28 12:25:00,2026-07-28 13:05:00,52821.0,52870.0,-28.0
"CCI_Reversion(20,100)",LONG,2026-07-28 13:35:00,2026-07-28 14:05:00,52721.0,52773.0,22.5
"CCI_Reversion(20,100)",SHORT,2026-07-28 15:15:00,2026-07-28 16:05:00,52846.0,53038.0,-99.5
"CCI_Reversion(20,100)",SHORT,2026-07-28 17:00:00,2026-07-28 17:10:00,53079.0,53054.0,9.0
"CCI_Reversion(20,100)",SHORT,2026-07-28 17:25:00,2026-07-28 17:30:00,53066.0,53037.0,11.0
"CCI_Reversion(20,100)",LONG,2026-07-28 17:45:00,2026-07-28 18:35:00,52993.0,52972.0,-14.0
"CCI_Reversion(20,100)",LONG,2026-07-28 20:00:00,2026-07-28 20:30:00,52944.0,52948.0,-1.5
"CCI_Reversion(20,100)",LONG,2026-07-28 20:40:00,2026-07-28 22:05:00,52927.0,52945.0,5.5
"CCI_Reversion(20,100)",LONG,2026-07-28 22:20:00,2026-07-28 22:55:00,52899.0,52896.0,-5.0
"CCI_Reversion(20,100)",SHORT,2026-07-28 23:45:00,2026-07-29 00:15:00,52957.0,52970.0,-10.0
"CCI_Reversion(20,100)",SHORT,2026-07-29 00:20:00,2026-07-29 00:50:00,52981.0,53013.0,-19.5
"CCI_Reversion(20,100)",LONG,2026-07-29 01:20:00,2026-07-29 01:25:00,52955.0,52978.0,8.0
"CCI_Reversion(20,100)",LONG,2026-07-29 01:45:00,2026-07-29 02:15:00,52935.0,52917.0,-12.5
"CCI_Reversion(20,100)",LONG,2026-07-29 03:20:00,2026-07-29 04:20:00,52896.0,52837.0,-33.0
"CCI_Reversion(20,100)",SHORT,2026-07-29 05:10:00,2026-07-29 05:45:00,52882.0,52904.0,-14.5
"CCI_Reversion(20,100)",SHORT,2026-07-29 06:35:00,2026-07-29 07:20:00,52936.0,52949.0,-10.0
"CCI_Reversion(20,100)",SHORT,2026-07-29 07:45:00,2026-07-29 08:05:00,52997.0,52983.0,3.5
"CCI_Reversion(20,100)",SHORT,2026-07-29 08:10:00,2026-07-29 08:15:00,52997.0,52975.0,7.5
"CCI_Reversion(20,100)",LONG,2026-07-29 08:30:00,2026-07-29 08:35:00,52937.0,52984.0,20.0
"CCI_Reversion(20,100)",SHORT,2026-07-29 08:45:00,2026-07-29 09:00:00,53004.0,52992.0,2.5
"CCI_Reversion(20,100)",LONG,2026-07-29 09:10:00,2026-07-29 09:55:00,52939.0,52911.0,-17.5
"CCI_Reversion(20,100)",LONG,2026-07-29 10:05:00,2026-07-29 10:20:00,52841.0,52839.0,-4.5
"CCI_Reversion(20,100)",LONG,2026-07-29 10:55:00,2026-07-29 11:30:00,52788.0,52793.0,-1.0
"CCI_Reversion(20,100)",LONG,2026-07-29 11:35:00,2026-07-29 11:50:00,52774.0,52775.0,-3.0
"CCI_Reversion(20,100)",LONG,2026-07-29 11:55:00,2026-07-29 12:50:00,52752.0,52613.0,-73.0
"CCI_Reversion(20,100)",LONG,2026-07-29 13:05:00,2026-07-29 13:25:00,52515.0,52529.0,3.5
"CCI_Reversion(20,100)",LONG,2026-07-29 13:30:00,2026-07-29 13:40:00,52483.0,52520.0,15.0
"CCI_Reversion(20,100)",LONG,2026-07-29 13:45:00,2026-07-29 14:55:00,52454.0,52127.0,-167.0
"CCI_Reversion(20,100)",LONG,2026-07-29 15:45:00,2026-07-29 15:50:00,52066.0,52095.0,11.0
"CCI_Reversion(20,100)",LONG,2026-07-29 15:55:00,2026-07-29 16:25:00,52041.0,52029.0,-9.5
"CCI_Reversion(20,100)",SHORT,2026-07-29 17:00:00,2026-07-29 17:35:00,52114.0,52156.0,-24.5
"CCI_Reversion(20,100)",SHORT,2026-07-29 18:05:00,2026-07-29 18:10:00,52249.0,52174.0,34.0
"CCI_Reversion(20,100)",LONG,2026-07-29 18:25:00,2026-07-29 18:40:00,52082.0,52202.0,56.5
"CCI_Reversion(20,100)",SHORT,2026-07-29 18:45:00,2026-07-29 19:05:00,52299.0,52275.0,8.5
"CCI_Reversion(20,100)",LONG,2026-07-29 19:30:00,2026-07-29 20:20:00,52007.0,51702.0,-156.0
"CCI_Reversion(20,100)",SHORT,2026-07-29 22:10:00,2026-07-29 22:35:00,51921.0,51900.0,7.0
"CCI_Reversion(20,100)",SHORT,2026-07-30 00:00:00,2026-07-30 00:05:00,51918.0,51918.0,-3.5
"CCI_Reversion(20,100)",SHORT,2026-07-30 00:10:00,2026-07-30 00:20:00,51935.0,51907.0,10.5
"CCI_Reversion(20,100)",LONG,2026-07-30 00:25:00,2026-07-30 00:55:00,51902.0,51894.0,-7.5
"CCI_Reversion(20,100)",LONG,2026-07-30 01:20:00,2026-07-30 01:30:00,51876.0,51874.0,-4.5
"CCI_Reversion(20,100)",SHORT,2026-07-30 01:55:00,2026-07-30 02:15:00,51905.0,51901.0,-1.5
"CCI_Reversion(20,100)",LONG,2026-07-30 03:00:00,2026-07-30 03:05:00,51858.0,51883.0,9.0
"CCI_Reversion(20,100)",LONG,2026-07-30 03:10:00,2026-07-30 03:45:00,51862.0,51839.0,-15.0
"CCI_Reversion(20,100)",LONG,2026-07-30 04:45:00,2026-07-30 04:50:00,51814.0,51829.0,4.0
"CCI_Reversion(20,100)",LONG,2026-07-30 04:55:00,2026-07-30 05:20:00,51815.0,51804.0,-9.0
"CCI_Reversion(20,100)",LONG,2026-07-30 06:10:00,2026-07-30 06:50:00,51779.0,51763.0,-11.5
"CCI_Reversion(20,100)",SHORT,2026-07-30 07:05:00,2026-07-30 07:25:00,51901.0,51867.0,13.5
"CCI_Reversion(20,100)",SHORT,2026-07-30 08:15:00,2026-07-30 08:20:00,51893.0,51860.0,13.0
"CCI_Reversion(20,100)",SHORT,2026-07-30 08:30:00,2026-07-30 08:40:00,51910.0,51899.0,2.0
"CCI_Reversion(20,100)",LONG,2026-07-30 10:00:00,2026-07-30 10:20:00,51843.0,51900.0,25.0
"CCI_Reversion(20,100)",SHORT,2026-07-30 11:20:00,2026-07-30 12:05:00,51955.0,52014.0,-33.0
"CCI_Reversion(20,100)",LONG,2026-07-30 12:45:00,2026-07-30 12:55:00,51952.0,51976.0,8.5
"CCI_Reversion(20,100)",SHORT,2026-07-30 13:10:00,2026-07-30 13:15:00,52030.0,52029.0,-3.0
"CCI_Reversion(20,100)",SHORT,2026-07-30 13:20:00,2026-07-30 13:35:00,52050.0,51997.0,23.0
"CCI_Reversion(20,100)",SHORT,2026-07-30 13:55:00,2026-07-30 14:05:00,52084.0,52070.0,3.5
"CCI_Reversion(20,100)",LONG,2026-07-30 14:50:00,2026-07-30 15:25:00,51955.0,51887.0,-37.5
"CCI_Reversion(20,100)",SHORT,2026-07-30 16:00:00,2026-07-30 16:40:00,52083.0,52181.0,-52.5
"CCI_Reversion(20,100)",SHORT,2026-07-30 16:55:00,2026-07-30 17:30:00,52258.0,52290.0,-19.5
"CCI_Reversion(20,100)",SHORT,2026-07-30 18:25:00,2026-07-30 18:35:00,52313.0,52302.0,2.0
"CCI_Reversion(20,100)",SHORT,2026-07-30 18:45:00,2026-07-30 19:35:00,52319.0,52381.0,-34.5
"CCI_Reversion(20,100)",SHORT,2026-07-30 20:05:00,2026-07-30 20:35:00,52473.0,52438.0,14.0
"CCI_Reversion(20,100)",SHORT,2026-07-30 22:50:00,2026-07-30 23:15:00,52463.0,52471.0,-7.5
"CCI_Reversion(20,100)",SHORT,2026-07-31 00:10:00,2026-07-31 00:50:00,52508.0,52524.0,-11.5
"CCI_Reversion(20,100)",SHORT,2026-07-31 01:05:00,2026-07-31 01:40:00,52552.0,52560.0,-7.5
"CCI_Reversion(20,100)",SHORT,2026-07-31 02:10:00,2026-07-31 02:20:00,52589.0,52580.0,1.0
"CCI_Reversion(20,100)",LONG,2026-07-31 02:55:00,2026-07-31 03:05:00,52544.0,52552.0,0.5
"CCI_Reversion(20,100)",LONG,2026-07-31 03:15:00,2026-07-31 03:20:00,52539.0,52556.0,5.0
"CCI_Reversion(20,100)",SHORT,2026-07-31 04:00:00,2026-07-31 04:05:00,52570.0,52564.0,-0.5
"CCI_Reversion(20,100)",SHORT,2026-07-31 04:10:00,2026-07-31 05:10:00,52578.0,52621.0,-25.0
"CCI_Reversion(20,100)",LONG,2026-07-31 06:25:00,2026-07-31 06:30:00,52614.0,52619.0,-1.0
"CCI_Reversion(20,100)",LONG,2026-07-31 06:35:00,2026-07-31 07:00:00,52589.0,52591.0,-2.5
"CCI_Reversion(20,100)",SHORT,2026-07-31 07:15:00,2026-07-31 07:50:00,52685.0,52664.0,7.0
"CCI_Reversion(20,100)",LONG,2026-07-31 08:50:00,2026-07-31 08:55:00,52651.0,52650.0,-4.0
"CCI_Reversion(20,100)",SHORT,2026-07-31 09:15:00,2026-07-31 09:25:00,52683.0,52673.0,1.5
"CCI_Reversion(20,100)",LONG,2026-07-31 09:40:00,2026-07-31 09:55:00,52626.0,52643.0,5.0
"CCI_Reversion(20,100)",LONG,2026-07-31 10:05:00,2026-07-31 10:15:00,52628.0,52641.0,3.0
"CCI_Reversion(20,100)",SHORT,2026-07-31 10:35:00,2026-07-31 11:05:00,52707.0,52714.0,-7.0
"CCI_Reversion(20,100)",LONG,2026-07-31 11:35:00,2026-07-31 11:55:00,52620.0,52661.0,17.0
"CCI_Reversion(20,100)",LONG,2026-07-31 12:35:00,2026-07-31 13:05:00,52586.0,52568.0,-12.5
"CCI_Reversion(20,100)",LONG,2026-07-31 13:40:00,2026-07-31 14:30:00,52465.0,52302.0,-85.0
"CCI_Reversion(20,100)",SHORT,2026-07-31 15:55:00,2026-07-31 16:45:00,52498.0,52576.0,-42.5
"CCI_Reversion(20,100)",SHORT,2026-07-31 17:20:00,2026-07-31 17:45:00,52620.0,52641.0,-14.0
"CCI_Reversion(20,100)",SHORT,2026-07-31 18:15:00,2026-07-31 18:35:00,52659.0,52663.0,-5.5
"CCI_Reversion(20,100)",SHORT,2026-07-31 19:20:00,2026-07-31 19:35:00,52719.0,52669.0,21.5
"CCI_Reversion(20,100)",SHORT,2026-07-31 19:40:00,2026-07-31 20:00:00,52721.0,52637.0,38.5
"CCI_Reversion(20,100)",LONG,2026-07-31 20:45:00,2026-08-02 22:15:00,52632.0,52840.0,100.5
"CCI_Reversion(20,100)",SHORT,2026-08-02 22:15:00,2026-08-02 22:45:00,52840.0,52825.0,4.0
"CCI_Reversion(20,100)",LONG,2026-08-03 00:05:00,2026-08-03 00:10:00,52788.0,52811.0,8.0
"CCI_Reversion(20,100)",SHORT,2026-08-03 00:20:00,2026-08-03 00:55:00,52827.0,52839.0,-9.5
"CCI_Reversion(20,100)",SHORT,2026-08-03 01:00:00,2026-08-03 01:15:00,52843.0,52835.0,0.5
"CCI_Reversion(20,100)",SHORT,2026-08-03 01:30:00,2026-08-03 02:05:00,52870.0,52872.0,-4.5
"CCI_Reversion(20,100)",SHORT,2026-08-03 02:20:00,2026-08-03 02:30:00,52885.0,52867.0,5.5
"CCI_Reversion(20,100)",SHORT,2026-08-03 02:55:00,2026-08-03 03:25:00,52886.0,52880.0,-0.5
"CCI_Reversion(20,100)",SHORT,2026-08-03 03:40:00,2026-08-03 04:05:00,52902.0,52903.0,-4.0
"CCI_Reversion(20,100)",SHORT,2026-08-03 04:10:00,2026-08-03 04:40:00,52917.0,52920.0,-5.0
"CCI_Reversion(20,100)",SHORT,2026-08-03 04:50:00,2026-08-03 05:00:00,52936.0,52920.0,4.5
"CCI_Reversion(20,100)",SHORT,2026-08-03 05:15:00,2026-08-03 05:20:00,52929.0,52928.0,-3.0
"CCI_Reversion(20,100)",LONG,2026-08-03 05:55:00,2026-08-03 06:05:00,52906.0,52936.0,11.5
"CCI_Reversion(20,100)",SHORT,2026-08-03 06:10:00,2026-08-03 06:15:00,52934.0,52922.0,2.5
"CCI_Reversion(20,100)",LONG,2026-08-03 06:25:00,2026-08-03 06:55:00,52904.0,52902.0,-4.5
"CCI_Reversion(20,100)",LONG,2026-08-03 07:00:00,2026-08-03 07:10:00,52892.0,52904.0,2.5
"CCI_Reversion(20,100)",LONG,2026-08-03 07:20:00,2026-08-03 07:25:00,52869.0,52898.0,11.0
"CCI_Reversion(20,100)",SHORT,2026-08-03 07:55:00,2026-08-03 08:25:00,52934.0,52935.0,-4.0
"CCI_Reversion(20,100)",SHORT,2026-08-03 08:40:00,2026-08-03 08:55:00,52976.0,52959.0,5.0
"CCI_Reversion(20,100)",SHORT,2026-08-03 09:00:00,2026-08-03 09:15:00,52993.0,52968.0,9.0
"CCI_Reversion(20,100)",SHORT,2026-08-03 09:40:00,2026-08-03 09:55:00,52983.0,52984.0,-4.0
"CCI_Reversion(20,100)",SHORT,2026-08-03 10:10:00,2026-08-03 10:55:00,52999.0,53047.0,-27.5
"CCI_Reversion(20,100)",SHORT,2026-08-03 11:05:00,2026-08-03 11:55:00,53073.0,53161.0,-47.5
"CCI_Reversion(20,100)",SHORT,2026-08-03 12:35:00,2026-08-03 13:20:00,53226.0,53304.0,-42.5
"CCI_Reversion(20,100)",SHORT,2026-08-03 14:05:00,2026-08-03 14:20:00,53349.0,53312.0,15.0
"CCI_Reversion(20,100)",LONG,2026-08-03 14:40:00,2026-08-03 14:45:00,53222.0,53253.0,12.0
"CCI_Reversion(20,100)",LONG,2026-08-03 15:05:00,2026-08-03 15:20:00,53185.0,53202.0,5.0
"CCI_Reversion(20,100)",LONG,2026-08-03 16:05:00,2026-08-03 16:30:00,53152.0,53177.0,9.0
"CCI_Reversion(20,100)",LONG,2026-08-03 16:40:00,2026-08-03 17:15:00,53147.0,53119.0,-17.5
"CCI_Reversion(20,100)",SHORT,2026-08-03 17:40:00,2026-08-03 18:25:00,53208.0,53271.0,-35.0
"CCI_Reversion(20,100)",SHORT,2026-08-03 19:05:00,2026-08-03 19:10:00,53315.0,53299.0,4.5
"CCI_Reversion(20,100)",SHORT,2026-08-03 19:15:00,2026-08-03 20:00:00,53319.0,53335.0,-11.5
"CCI_Reversion(20,100)",SHORT,2026-08-03 20:05:00,2026-08-03 20:30:00,53389.0,53387.0,-2.5
"CCI_Reversion(20,100)",SHORT,2026-08-03 22:35:00,2026-08-03 23:10:00,53415.0,53419.0,-5.5
"CCI_Reversion(20,100)",LONG,2026-08-03 23:45:00,2026-08-03 23:50:00,53404.0,53413.0,1.0
"CCI_Reversion(20,100)",SHORT,2026-08-04 00:35:00,2026-08-04 01:00:00,53434.0,53440.0,-6.5
"CCI_Reversion(20,100)",SHORT,2026-08-04 01:10:00,2026-08-04 01:35:00,53461.0,53455.0,-0.5
"CCI_Reversion(20,100)",SHORT,2026-08-04 02:20:00,2026-08-04 03:00:00,53479.0,53471.0,0.5
"CCI_Reversion(20,100)",SHORT,2026-08-04 03:30:00,2026-08-04 03:45:00,53482.0,53473.0,1.0
"CCI_Reversion(20,100)",LONG,2026-08-04 04:15:00,2026-08-04 04:20:00,53473.0,53476.0,-2.0
"CCI_Reversion(20,100)",LONG,2026-08-04 04:55:00,2026-08-04 05:40:00,53469.0,53457.0,-9.5
"CCI_Reversion(20,100)",LONG,2026-08-04 05:55:00,2026-08-04 06:10:00,53441.0,53451.0,1.5
"CCI_Reversion(20,100)",LONG,2026-08-04 06:30:00,2026-08-04 07:05:00,53442.0,53442.0,-3.5
"CCI_Reversion(20,100)",LONG,2026-08-04 07:15:00,2026-08-04 07:35:00,53414.0,53425.0,2.0
"CCI_Reversion(20,100)",LONG,2026-08-04 07:45:00,2026-08-04 07:50:00,53402.0,53430.0,10.5
"CCI_Reversion(20,100)",LONG,2026-08-04 08:05:00,2026-08-04 08:15:00,53404.0,53416.0,2.5
"CCI_Reversion(20,100)",LONG,2026-08-04 08:40:00,2026-08-04 09:15:00,53405.0,53368.0,-22.0
"CCI_Reversion(20,100)",LONG,2026-08-04 10:20:00,2026-08-04 10:30:00,53349.0,53344.0,-6.0
"CCI_Reversion(20,100)",SHORT,2026-08-04 10:35:00,2026-08-04 12:20:00,53646.0,53959.0,-160.0
"CCI_Reversion(20,100)",SHORT,2026-08-04 12:25:00,2026-08-04 12:30:00,53971.0,53982.0,-9.0
"CCI_Reversion(20,100)",SHORT,2026-08-04 13:20:00,2026-08-04 13:40:00,54008.0,54003.0,-1.0
"CCI_Reversion(20,100)",LONG,2026-08-04 13:45:00,2026-08-04 14:05:00,53902.0,53905.0,-2.0
"CCI_Reversion(20,100)",SHORT,2026-08-04 14:50:00,2026-08-04 15:15:00,54084.0,54096.0,-9.5
"CCI_Reversion(20,100)",SHORT,2026-08-04 15:20:00,2026-08-04 15:25:00,54138.0,54148.0,-8.5
"CCI_Reversion(20,100)",SHORT,2026-08-04 15:45:00,2026-08-04 16:15:00,54188.0,54201.0,-10.0
"CCI_Reversion(20,100)",SHORT,2026-08-04 16:25:00,2026-08-04 17:00:00,54270.0,54298.0,-17.5
"CCI_Reversion(20,100)",SHORT,2026-08-04 17:05:00,2026-08-04 17:25:00,54326.0,54321.0,-1.0
"CCI_Reversion(20,100)",SHORT,2026-08-04 17:40:00,2026-08-04 17:55:00,54361.0,54345.0,4.5
"CCI_Reversion(20,100)",LONG,2026-08-04 18:40:00,2026-08-04 18:55:00,54307.0,54304.0,-5.0
"CCI_Reversion(20,100)",SHORT,2026-08-04 19:05:00,2026-08-04 19:15:00,54378.0,54357.0,7.0
"CCI_Reversion(20,100)",SHORT,2026-08-04 19:40:00,2026-08-04 19:50:00,54367.0,54355.0,2.5
"CCI_Reversion(20,100)",LONG,2026-08-04 20:00:00,2026-08-04 20:05:00,54253.0,54319.0,29.5
"CCI_Reversion(20,100)",SHORT,2026-08-04 20:55:00,2026-08-04 22:05:00,54373.0,54348.0,9.0
"CCI_Reversion(20,100)",SHORT,2026-08-04 22:35:00,2026-08-04 22:45:00,54382.0,54379.0,-2.0
"CCI_Reversion(20,100)",SHORT,2026-08-04 23:10:00,2026-08-04 23:15:00,54383.0,54379.0,-1.5
"CCI_Reversion(20,100)",LONG,2026-08-04 23:35:00,2026-08-05 00:05:00,54352.0,54359.0,0.0
"CCI_Reversion(20,100)",SHORT,2026-08-05 00:30:00,2026-08-05 00:35:00,54384.0,54378.0,-0.5
"CCI_Reversion(20,100)",SHORT,2026-08-05 01:00:00,2026-08-05 01:05:00,54397.0,54366.0,12.0
"CCI_Reversion(20,100)",SHORT,2026-08-05 01:40:00,2026-08-05 01:50:00,54395.0,54388.0,0.0
"CCI_Reversion(20,100)",SHORT,2026-08-05 02:00:00,2026-08-05 02:55:00,54393.0,54448.0,-31.0
"CCI_Reversion(20,100)",SHORT,2026-08-05 03:40:00,2026-08-05 04:15:00,54475.0,54481.0,-6.5
"CCI_Reversion(20,100)",SHORT,2026-08-05 05:35:00,2026-08-05 06:00:00,54490.0,54476.0,3.5
"CCI_Reversion(20,100)",LONG,2026-08-05 06:15:00,2026-08-05 06:50:00,54451.0,54432.0,-13.0
"CCI_Reversion(20,100)",LONG,2026-08-05 06:55:00,2026-08-05 07:00:00,54420.0,54439.0,6.0
"CCI_Reversion(20,100)",LONG,2026-08-05 07:15:00,2026-08-05 07:45:00,54402.0,54394.0,-7.5
"CCI_Reversion(20,100)",SHORT,2026-08-05 09:15:00,2026-08-05 09:20:00,54410.0,54397.0,3.0
"CCI_Reversion(20,100)",SHORT,2026-08-05 09:50:00,2026-08-05 10:00:00,54409.0,54396.0,3.0
"CCI_Reversion(20,100)",SHORT,2026-08-05 10:30:00,2026-08-05 11:30:00,54425.0,54459.0,-20.5
"CCI_Reversion(20,100)",SHORT,2026-08-05 12:00:00,2026-08-05 12:30:00,54507.0,54511.0,-5.5
"CCI_Reversion(20,100)",SHORT,2026-08-05 13:35:00,2026-08-05 14:25:00,54691.0,54848.0,-82.0
"CCI_Reversion(20,100)",LONG,2026-08-05 15:20:00,2026-08-05 16:05:00,54691.0,54647.0,-25.5
"CCI_Reversion(20,100)",SHORT,2026-08-05 17:35:00,2026-08-05 18:00:00,54703.0,54695.0,0.5
"CCI_Reversion(20,100)",LONG,2026-08-05 18:35:00,2026-08-05 18:50:00,54636.0,54655.0,6.0
"CCI_Reversion(20,100)",LONG,2026-08-05 19:00:00,2026-08-05 19:10:00,54629.0,54633.0,-1.5
"CCI_Reversion(20,100)",LONG,2026-08-05 19:15:00,2026-08-05 19:20:00,54623.0,54622.0,-4.0
"CCI_Reversion(20,100)",LONG,2026-08-05 19:40:00,2026-08-05 19:55:00,54596.0,54604.0,0.5
"CCI_Reversion(20,100)",LONG,2026-08-05 20:00:00,2026-08-05 20:25:00,54486.0,54564.0,35.5
"CCI_Reversion(20,100)",SHORT,2026-08-05 22:30:00,2026-08-05 22:55:00,54579.0,54572.0,0.0
"CCI_Reversion(20,100)",SHORT,2026-08-05 23:20:00,2026-08-05 23:40:00,54587.0,54590.0,-5.0
"CCI_Reversion(20,100)",LONG,2026-08-06 00:30:00,2026-08-06 00:40:00,54571.0,54586.0,4.0
"CCI_Reversion(20,100)",LONG,2026-08-06 01:20:00,2026-08-06 01:35:00,54570.0,54569.0,-4.0
"CCI_Reversion(20,100)",LONG,2026-08-06 01:45:00,2026-08-06 01:50:00,54562.0,54579.0,5.0
"CCI_Reversion(20,100)",SHORT,2026-08-06 02:05:00,2026-08-06 02:20:00,54606.0,54599.0,0.0
"CCI_Reversion(20,100)",SHORT,2026-08-06 02:50:00,2026-08-06 02:55:00,54610.0,54604.0,-0.5
"CCI_Reversion(20,100)",SHORT,2026-08-06 03:15:00,2026-08-06 03:20:00,54611.0,54609.0,-2.5
"CCI_Reversion(20,100)",SHORT,2026-08-06 04:10:00,2026-08-06 04:15:00,54609.0,54606.0,-2.0
"CCI_Reversion(20,100)",SHORT,2026-08-06 04:55:00,2026-08-06 05:05:00,54618.0,54619.0,-4.0
"CCI_Reversion(20,100)",SHORT,2026-08-06 05:10:00,2026-08-06 05:15:00,54618.0,54615.0,-2.0
"CCI_Reversion(20,100)",SHORT,2026-08-06 06:00:00,2026-08-06 06:10:00,54635.0,54609.0,9.5
"CCI_Reversion(20,100)",LONG,2026-08-06 06:15:00,2026-08-06 06:30:00,54584.0,54621.0,15.0
"CCI_Reversion(20,100)",SHORT,2026-08-06 07:00:00,2026-08-06 07:25:00,54631.0,54632.0,-4.0
"CCI_Reversion(20,100)",LONG,2026-08-06 08:05:00,2026-08-06 08:10:00,54576.0,54612.0,14.5
"CCI_Reversion(20,100)",SHORT,2026-08-06 08:55:00,2026-08-06 09:10:00,54655.0,54651.0,-1.5
"CCI_Reversion(20,100)",SHORT,2026-08-06 09:20:00,2026-08-06 09:30:00,54672.0,54664.0,0.5
"CCI_Reversion(20,100)",LONG,2026-08-06 10:35:00,2026-08-06 10:55:00,54632.0,54636.0,-1.5
"CCI_Reversion(20,100)",LONG,2026-08-06 11:10:00,2026-08-06 11:20:00,54621.0,54626.0,-1.0
"CCI_Reversion(20,100)",LONG,2026-08-06 11:45:00,2026-08-06 12:10:00,54580.0,54577.0,-5.0
"CCI_Reversion(20,100)",LONG,2026-08-06 13:10:00,2026-08-06 13:15:00,54572.0,54582.0,1.5
"CCI_Reversion(20,100)",LONG,2026-08-06 13:35:00,2026-08-06 14:15:00,54516.0,54482.0,-20.5
"CCI_Reversion(20,100)",LONG,2026-08-06 14:20:00,2026-08-06 15:50:00,54440.0,54167.0,-140.0
"CCI_Reversion(20,100)",LONG,2026-08-06 16:00:00,2026-08-06 16:05:00,54125.0,54109.0,-11.5
"CCI_Reversion(20,100)",LONG,2026-08-06 17:15:00,2026-08-06 17:55:00,54079.0,54044.0,-21.0
"CCI_Reversion(20,100)",SHORT,2026-08-06 19:15:00,2026-08-06 19:20:00,54081.0,54083.0,-4.5
"CCI_Reversion(20,100)",LONG,2026-08-06 19:30:00,2026-08-06 20:00:00,54020.0,54019.0,-4.0
"CCI_Reversion(20,100)",LONG,2026-08-06 20:30:00,2026-08-06 22:00:00,53979.0,54040.0,27.0
"CCI_Reversion(20,100)",LONG,2026-08-07 00:15:00,2026-08-07 00:55:00,53988.0,53958.0,-18.5
"CCI_Reversion(20,100)",LONG,2026-08-07 01:20:00,2026-08-07 01:30:00,53931.0,53952.0,7.0
"CCI_Reversion(20,100)",LONG,2026-08-07 01:45:00,2026-08-07 01:50:00,53936.0,53935.0,-4.0
"CCI_Reversion(20,100)",LONG,2026-08-07 01:55:00,2026-08-07 02:50:00,53923.0,53908.0,-11.0
"CCI_Reversion(20,100)",LONG,2026-08-07 03:15:00,2026-08-07 03:30:00,53898.0,53898.0,-3.5
"CCI_Reversion(20,100)",LONG,2026-08-07 04:20:00,2026-08-07 04:25:00,53892.0,53905.0,3.0
"CCI_Reversion(20,100)",LONG,2026-08-07 04:45:00,2026-08-07 04:50:00,53888.0,53889.0,-3.0
"CCI_Reversion(20,100)",SHORT,2026-08-07 05:00:00,2026-08-07 05:35:00,53908.0,53913.0,-6.0
"CCI_Reversion(20,100)",SHORT,2026-08-07 06:05:00,2026-08-07 06:40:00,53928.0,53928.0,-3.5
"CCI_Reversion(20,100)",SHORT,2026-08-07 07:00:00,2026-08-07 07:35:00,53969.0,53980.0,-9.0
"CCI_Reversion(20,100)",LONG,2026-08-07 08:25:00,2026-08-07 08:35:00,53947.0,53975.0,10.5
"CCI_Reversion(20,100)",SHORT,2026-08-07 09:15:00,2026-08-07 10:15:00,54001.0,54020.0,-13.0
"CCI_Reversion(20,100)",SHORT,2026-08-07 10:30:00,2026-08-07 10:50:00,54046.0,54040.0,-0.5
"CCI_Reversion(20,100)",SHORT,2026-08-07 11:05:00,2026-08-07 11:15:00,54055.0,54051.0,-1.5
"CCI_Reversion(20,100)",SHORT,2026-08-07 11:20:00,2026-08-07 12:00:00,54063.0,54051.0,2.5
"CCI_Reversion(20,100)",SHORT,2026-08-07 12:35:00,2026-08-07 13:05:00,54136.0,54126.0,1.5
"CCI_Reversion(20,100)",LONG,2026-08-07 13:35:00,2026-08-07 13:45:00,53947.0,54104.0,75.0
"CCI_Reversion(20,100)",SHORT,2026-08-07 14:30:00,2026-08-07 14:40:00,54195.0,54109.0,39.5
"CCI_Reversion(20,100)",SHORT,2026-08-07 15:00:00,2026-08-07 15:05:00,54156.0,54116.0,16.5
"CCI_Reversion(20,100)",LONG,2026-08-07 15:35:00,2026-08-07 15:40:00,54061.0,54091.0,11.5
"CCI_Reversion(20,100)",LONG,2026-08-07 16:00:00,2026-08-07 16:10:00,54060.0,54071.0,2.0
"CCI_Reversion(20,100)",LONG,2026-08-07 16:30:00,2026-08-07 16:45:00,54030.0,54090.0,26.5
"CCI_Reversion(20,100)",SHORT,2026-08-07 17:20:00,2026-08-07 17:25:00,54109.0,54086.0,8.0
"CCI_Reversion(20,100)",LONG,2026-08-07 18:15:00,2026-08-07 18:50:00,54038.0,54046.0,0.5
"CCI_Reversion(20,100)",SHORT,2026-08-07 19:10:00,2026-08-07 19:45:00,54125.0,54143.0,-12.5
"CCI_Reversion(20,100)",LONG,2026-08-07 20:45:00,2026-08-07 20:55:00,54118.0,54132.0,3.5
"CCI_Reversion(20,100)",LONG,2026-08-09 22:15:00,2026-08-09 22:45:00,54021.0,54041.0,6.5
"CCI_Reversion(20,100)",LONG,2026-08-09 23:55:00,2026-08-10 00:10:00,54015.0,54048.0,13.0
"CCI_Reversion(20,100)",SHORT,2026-08-10 00:55:00,2026-08-10 01:35:00,54050.0,54071.0,-14.0
"CCI_Reversion(20,100)",SHORT,2026-08-10 02:35:00,2026-08-10 03:00:00,54081.0,54085.0,-5.5
"CCI_Reversion(20,100)",SHORT,2026-08-10 03:25:00,2026-08-10 03:55:00,54093.0,54094.0,-4.0
"CCI_Reversion(20,100)",SHORT,2026-08-10 04:15:00,2026-08-10 04:45:00,54110.0,54119.0,-8.0
"CCI_Reversion(20,100)",SHORT,2026-08-10 04:50:00,2026-08-10 05:25:00,54119.0,54134.0,-11.0
"CCI_Reversion(20,100)",SHORT,2026-08-10 05:40:00,2026-08-10 05:45:00,54143.0,54138.0,-1.0
"CCI_Reversion(20,100)",LONG,2026-08-10 06:25:00,2026-08-10 06:50:00,54118.0,54122.0,-1.5
"CCI_Reversion(20,100)",LONG,2026-08-10 07:15:00,2026-08-10 07:20:00,54110.0,54116.0,-0.5
"CCI_Reversion(20,100)",SHORT,2026-08-10 07:30:00,2026-08-10 07:50:00,54155.0,54128.0,10.0
"CCI_Reversion(20,100)",LONG,2026-08-10 08:35:00,2026-08-10 08:40:00,54111.0,54114.0,-2.0
"CCI_Reversion(20,100)",LONG,2026-08-10 08:55:00,2026-08-10 09:00:00,54104.0,54112.0,0.5
"CCI_Reversion(20,100)",SHORT,2026-08-10 09:30:00,2026-08-10 09:40:00,54139.0,54130.0,1.0
"CCI_Reversion(20,100)",SHORT,2026-08-10 10:25:00,2026-08-10 10:30:00,54137.0,54132.0,-1.0
"CCI_Reversion(20,100)",LONG,2026-08-10 10:40:00,2026-08-10 11:30:00,54095.0,54081.0,-10.5
"CCI_Reversion(20,100)",SHORT,2026-08-10 12:10:00,2026-08-10 12:25:00,54125.0,54090.0,14.0
"CCI_Reversion(20,100)",LONG,2026-08-10 12:40:00,2026-08-10 13:05:00,54063.0,54080.0,5.0
"CCI_Reversion(20,100)",LONG,2026-08-10 13:20:00,2026-08-10 13:35:00,54013.0,54060.0,20.0
"CCI_Reversion(20,100)",LONG,2026-08-10 14:10:00,2026-08-10 14:15:00,54013.0,54030.0,5.0
"CCI_Reversion(20,100)",SHORT,2026-08-10 14:30:00,2026-08-10 14:40:00,54089.0,54083.0,-0.5
"CCI_Reversion(20,100)",SHORT,2026-08-10 14:45:00,2026-08-10 15:05:00,54100.0,54098.0,-2.5
"CCI_Reversion(20,100)",SHORT,2026-08-10 15:15:00,2026-08-10 15:35:00,54137.0,54134.0,-2.0
"CCI_Reversion(20,100)",LONG,2026-08-10 16:20:00,2026-08-10 16:55:00,54054.0,54035.0,-13.0
"CCI_Reversion(20,100)",LONG,2026-08-10 17:10:00,2026-08-10 17:15:00,54017.0,54015.0,-4.5
"CCI_Reversion(20,100)",LONG,2026-08-10 17:40:00,2026-08-10 17:50:00,53994.0,54015.0,7.0
"CCI_Reversion(20,100)",LONG,2026-08-10 18:15:00,2026-08-10 18:45:00,53978.0,53993.0,4.0
"CCI_Reversion(20,100)",SHORT,2026-08-10 19:50:00,2026-08-10 19:55:00,54013.0,54003.0,1.5
"CCI_Reversion(20,100)",SHORT,2026-08-10 20:00:00,2026-08-10 20:20:00,54064.0,54026.0,15.5
"CCI_Reversion(20,100)",SHORT,2026-08-10 20:45:00,2026-08-10 22:05:00,54052.0,54043.0,1.0
"CCI_Reversion(20,100)",LONG,2026-08-10 22:30:00,2026-08-10 22:50:00,54018.0,54015.0,-5.0
"CCI_Reversion(20,100)",LONG,2026-08-10 22:55:00,2026-08-10 23:00:00,54016.0,54023.0,0.0
"CCI_Reversion(20,100)",LONG,2026-08-10 23:35:00,2026-08-10 23:40:00,54008.0,54017.0,1.0
"CCI_Reversion(20,100)",SHORT,2026-08-11 00:30:00,2026-08-11 00:55:00,54026.0,54027.0,-4.0
"CCI_Reversion(20,100)",SHORT,2026-08-11 01:10:00,2026-08-11 01:40:00,54038.0,54044.0,-6.5
"CCI_Reversion(20,100)",SHORT,2026-08-11 02:35:00,2026-08-11 02:40:00,54051.0,54048.0,-2.0
"CCI_Reversion(20,100)",SHORT,2026-08-11 02:45:00,2026-08-11 02:50:00,54053.0,54044.0,1.0
"CCI_Reversion(20,100)",SHORT,2026-08-11 03:05:00,2026-08-11 03:50:00,54058.0,54067.0,-8.0
"CCI_Reversion(20,100)",LONG,2026-08-11 05:25:00,2026-08-11 05:35:00,54060.0,54067.0,0.0
"CCI_Reversion(20,100)",SHORT,2026-08-11 05:40:00,2026-08-11 05:50:00,54073.0,54051.0,7.5
"CCI_Reversion(20,100)",LONG,2026-08-11 05:50:00,2026-08-11 06:10:00,54051.0,54049.0,-4.5
"CCI_Reversion(20,100)",LONG,2026-08-11 06:15:00,2026-08-11 07:00:00,54052.0,54018.0,-20.5
"CCI_Reversion(20,100)",SHORT,2026-08-11 08:05:00,2026-08-11 08:10:00,54012.0,53997.0,4.0
"CCI_Reversion(20,100)",LONG,2026-08-11 08:15:00,2026-08-11 08:30:00,53978.0,53997.0,6.0
"CCI_Reversion(20,100)",SHORT,2026-08-11 08:45:00,2026-08-11 09:00:00,54020.0,53999.0,7.0
"CCI_Reversion(20,100)",SHORT,2026-08-11 10:30:00,2026-08-11 11:25:00,54049.0,54081.0,-19.5
"CCI_Reversion(20,100)",SHORT,2026-08-11 12:05:00,2026-08-11 12:25:00,54119.0,54080.0,16.0
"CCI_Reversion(20,100)",SHORT,2026-08-11 13:05:00,2026-08-11 13:15:00,54141.0,54126.0,4.0
"CCI_Reversion(20,100)",SHORT,2026-08-11 13:25:00,2026-08-11 14:10:00,54147.0,54175.0,-17.5
"CCI_Reversion(20,100)",LONG,2026-08-11 14:40:00,2026-08-11 14:50:00,54097.0,54113.0,4.5
"CCI_Reversion(20,100)",LONG,2026-08-11 15:00:00,2026-08-11 15:05:00,54088.0,54087.0,-4.0
"CCI_Reversion(20,100)",LONG,2026-08-11 15:10:00,2026-08-11 15:25:00,54043.0,54063.0,6.5
"CCI_Reversion(20,100)",LONG,2026-08-11 15:40:00,2026-08-11 15:45:00,54027.0,54029.0,-2.5
"CCI_Reversion(20,100)",LONG,2026-08-11 16:30:00,2026-08-11 17:25:00,54017.0,53980.0,-22.0
"CCI_Reversion(20,100)",LONG,2026-08-11 17:30:00,2026-08-11 17:35:00,53973.0,53980.0,0.0
"CCI_Reversion(20,100)",LONG,2026-08-11 18:10:00,2026-08-11 19:25:00,53950.0,53915.0,-21.0
"CCI_Reversion(20,100)",LONG,2026-08-11 20:00:00,2026-08-11 20:05:00,53892.0,53889.0,-5.0
"CCI_Reversion(20,100)",LONG,2026-08-11 22:35:00,2026-08-11 22:55:00,53888.0,53896.0,0.5
"CCI_Reversion(20,100)",LONG,2026-08-11 23:35:00,2026-08-11 23:40:00,53890.0,53895.0,-1.0
"CCI_Reversion(20,100)",SHORT,2026-08-11 23:55:00,2026-08-12 00:05:00,53907.0,53891.0,4.5
"CCI_Reversion(20,100)",LONG,2026-08-12 00:10:00,2026-08-12 00:20:00,53885.0,53888.0,-2.0
"CCI_Reversion(20,100)",LONG,2026-08-12 00:30:00,2026-08-12 01:05:00,53873.0,53872.0,-4.0
"CCI_Reversion(20,100)",LONG,2026-08-12 01:10:00,2026-08-12 01:15:00,53867.0,53866.0,-4.0
"CCI_Reversion(20,100)",LONG,2026-08-12 01:20:00,2026-08-12 01:30:00,53864.0,53863.0,-4.0
"CCI_Reversion(20,100)",SHORT,2026-08-12 02:15:00,2026-08-12 02:45:00,53881.0,53883.0,-4.5
"CCI_Reversion(20,100)",SHORT,2026-08-12 03:00:00,2026-08-12 03:05:00,53890.0,53882.0,0.5
"CCI_Reversion(20,100)",LONG,2026-08-12 03:50:00,2026-08-12 03:55:00,53878.0,53884.0,-0.5
"CCI_Reversion(20,100)",SHORT,2026-08-12 04:05:00,2026-08-12 04:10:00,53887.0,53883.0,-1.5
"CCI_Reversion(20,100)",SHORT,2026-08-12 04:50:00,2026-08-12 05:15:00,53899.0,53889.0,1.5
"CCI_Reversion(20,100)",SHORT,2026-08-12 05:30:00,2026-08-12 05:55:00,53904.0,53904.0,-3.5
"CCI_Reversion(20,100)",LONG,2026-08-12 06:15:00,2026-08-12 06:25:00,53871.0,53891.0,6.5
"CCI_Reversion(20,100)",SHORT,2026-08-12 06:40:00,2026-08-12 06:45:00,53915.0,53900.0,4.0
"CCI_Reversion(20,100)",SHORT,2026-08-12 06:55:00,2026-08-12 07:05:00,53909.0,53899.0,1.5
"CCI_Reversion(20,100)",LONG,2026-08-12 08:00:00,2026-08-12 08:05:00,53891.0,53897.0,-0.5
"CCI_Reversion(20,100)",LONG,2026-08-12 08:15:00,2026-08-12 08:50:00,53890.0,53884.0,-6.5
"CCI_Reversion(20,100)",SHORT,2026-08-12 09:20:00,2026-08-12 09:55:00,53908.0,53935.0,-17.0
"CCI_Reversion(20,100)",LONG,2026-08-12 10:50:00,2026-08-12 11:00:00,53908.0,53938.0,11.5
"CCI_Reversion(20,100)",SHORT,2026-08-12 11:30:00,2026-08-12 11:40:00,53960.0,53960.0,-3.5
"CCI_Reversion(20,100)",SHORT,2026-08-12 11:45:00,2026-08-12 12:05:00,53984.0,53959.0,9.0
"CCI_Reversion(20,100)",SHORT,2026-08-12 12:20:00,2026-08-12 12:50:00,54000.0,54024.0,-15.5
"CCI_Reversion(20,100)",SHORT,2026-08-12 13:00:00,2026-08-12 13:10:00,54043.0,54032.0,2.0
"CCI_Reversion(20,100)",SHORT,2026-08-12 13:20:00,2026-08-12 13:35:00,54066.0,53977.0,41.0
"CCI_Reversion(20,100)",LONG,2026-08-12 13:45:00,2026-08-12 14:20:00,53944.0,53944.0,-3.5
"CCI_Reversion(20,100)",LONG,2026-08-12 15:05:00,2026-08-12 15:15:00,53862.0,53869.0,0.0
"CCI_Reversion(20,100)",LONG,2026-08-12 15:25:00,2026-08-12 15:30:00,53864.0,53891.0,10.0
"CCI_Reversion(20,100)",SHORT,2026-08-12 16:05:00,2026-08-12 16:10:00,53931.0,53918.0,3.0
"CCI_Reversion(20,100)",SHORT,2026-08-12 16:15:00,2026-08-12 16:25:00,53941.0,53930.0,2.0
"CCI_Reversion(20,100)",LONG,2026-08-12 17:20:00,2026-08-12 17:30:00,53901.0,53905.0,-1.5
"CCI_Reversion(20,100)",SHORT,2026-08-12 18:40:00,2026-08-12 19:15:00,53921.0,53919.0,-2.5
"CCI_Reversion(20,100)",LONG,2026-08-12 19:55:00,2026-08-12 20:10:00,53860.0,53908.0,20.5
"CCI_Reversion(20,100)",LONG,2026-08-12 20:25:00,2026-08-12 20:45:00,53882.0,53876.0,-6.5
"CCI_Reversion(20,100)",SHORT,2026-08-12 23:05:00,2026-08-12 23:35:00,53892.0,53895.0,-5.0
"CCI_Reversion(20,100)",LONG,2026-08-13 00:05:00,2026-08-13 00:55:00,53877.0,53838.0,-23.0
"CCI_Reversion(20,100)",LONG,2026-08-13 01:10:00,2026-08-13 01:35:00,53822.0,53819.0,-5.0
"CCI_Reversion(20,100)",SHORT,2026-08-13 02:50:00,2026-08-13 02:55:00,53841.0,53836.0,-1.0
"CCI_Reversion(20,100)",SHORT,2026-08-13 03:45:00,2026-08-13 04:05:00,53846.0,53848.0,-4.5
"CCI_Reversion(20,100)",SHORT,2026-08-13 04:10:00,2026-08-13 04:15:00,53854.0,53845.0,1.0
"CCI_Reversion(20,100)",SHORT,2026-08-13 04:30:00,2026-08-13 04:40:00,53855.0,53850.0,-1.0
"CCI_Reversion(20,100)",SHORT,2026-08-13 04:50:00,2026-08-13 05:25:00,53864.0,53864.0,-3.5
"CCI_Reversion(20,100)",SHORT,2026-08-13 05:40:00,2026-08-13 06:00:00,53876.0,53872.0,-1.5
"CCI_Reversion(20,100)",SHORT,2026-08-13 06:05:00,2026-08-13 06:35:00,53883.0,53889.0,-6.5
"CCI_Reversion(20,100)",SHORT,2026-08-13 07:00:00,2026-08-13 07:20:00,53907.0,53899.0,0.5
"CCI_Reversion(20,100)",SHORT,2026-08-13 07:25:00,2026-08-13 07:30:00,53906.0,53908.0,-4.5
"CCI_Reversion(20,100)",SHORT,2026-08-13 07:35:00,2026-08-13 08:05:00,53923.0,53925.0,-4.5
"CCI_Reversion(20,100)",SHORT,2026-08-13 08:10:00,2026-08-13 09:00:00,53938.0,53981.0,-25.0
"CCI_Reversion(20,100)",SHORT,2026-08-13 09:05:00,2026-08-13 09:40:00,53988.0,53993.0,-6.0
"CCI_Reversion(20,100)",LONG,2026-08-13 10:30:00,2026-08-13 10:35:00,53975.0,53979.0,-1.5
"CCI_Reversion(20,100)",LONG,2026-08-13 10:40:00,2026-08-13 10:45:00,53980.0,53979.0,-4.0
"CCI_Reversion(20,100)",SHORT,2026-08-13 11:25:00,2026-08-13 12:00:00,54002.0,54008.0,-6.5
"CCI_Reversion(20,100)",SHORT,2026-08-13 12:10:00,2026-08-13 12:15:00,54039.0,54027.0,2.5
"CCI_Reversion(20,100)",SHORT,2026-08-13 12:50:00,2026-08-13 13:10:00,54038.0,54028.0,1.5
"CCI_Reversion(20,100)",LONG,2026-08-13 13:40:00,2026-08-13 13:50:00,54027.0,53976.0,-29.0
"CCI_Reversion(20,100)",LONG,2026-08-13 13:55:00,2026-08-13 14:00:00,53981.0,53996.0,4.0
"CCI_Reversion(20,100)",SHORT,2026-08-13 14:05:00,2026-08-13 14:15:00,54082.0,54065.0,5.0
"CCI_Reversion(20,100)",SHORT,2026-08-13 14:25:00,2026-08-13 14:35:00,54129.0,54063.0,29.5
"CCI_Reversion(20,100)",LONG,2026-08-13 14:50:00,2026-08-13 15:45:00,53945.0,53781.0,-85.5
"CCI_Reversion(20,100)",SHORT,2026-08-13 16:55:00,2026-08-13 17:35:00,53825.0,53823.0,-2.5
"CCI_Reversion(20,100)",SHORT,2026-08-13 18:05:00,2026-08-13 18:25:00,53863.0,53851.0,2.5
"CCI_Reversion(20,100)",SHORT,2026-08-13 18:40:00,2026-08-13 19:00:00,53899.0,53873.0,9.5
"CCI_Reversion(20,100)",SHORT,2026-08-13 19:10:00,2026-08-13 19:15:00,53903.0,53892.0,2.0
"CCI_Reversion(20,100)",SHORT,2026-08-13 19:20:00,2026-08-13 19:45:00,53917.0,53912.0,-1.0
"CCI_Reversion(20,100)",SHORT,2026-08-13 20:00:00,2026-08-13 20:10:00,53936.0,53932.0,-1.5
"CCI_Reversion(20,100)",SHORT,2026-08-13 20:45:00,2026-08-13 22:15:00,53946.0,53940.0,-0.5
"CCI_Reversion(20,100)",SHORT,2026-08-13 23:40:00,2026-08-14 00:00:00,53956.0,53954.0,-2.5
"CCI_Reversion(20,100)",LONG,2026-08-14 00:35:00,2026-08-14 00:55:00,53939.0,53953.0,3.5
"CCI_Reversion(20,100)",SHORT,2026-08-14 01:05:00,2026-08-14 01:15:00,53964.0,53959.0,-1.0
"CCI_Reversion(20,100)",SHORT,2026-08-14 01:35:00,2026-08-14 02:25:00,53980.0,53991.0,-9.0
"CCI_Reversion(20,100)",LONG,2026-08-14 03:50:00,2026-08-14 04:10:00,53973.0,53976.0,-2.0
"CCI_Reversion(20,100)",LONG,2026-08-14 04:35:00,2026-08-14 04:45:00,53966.0,53966.0,-3.5
"CCI_Reversion(20,100)",LONG,2026-08-14 05:05:00,2026-08-14 05:15:00,53965.0,53964.0,-4.0
"CCI_Reversion(20,100)",LONG,2026-08-14 05:20:00,2026-08-14 07:40:00,53961.0,53864.0,-52.0
"CCI_Reversion(20,100)",LONG,2026-08-14 08:10:00,2026-08-14 08:30:00,53846.0,53860.0,3.5
"CCI_Reversion(20,100)",LONG,2026-08-14 09:40:00,2026-08-14 09:45:00,53837.0,53859.0,7.5
"CCI_Reversion(20,100)",SHORT,2026-08-14 10:15:00,2026-08-14 10:30:00,53870.0,53871.0,-4.0
"CCI_Reversion(20,100)",LONG,2026-08-14 10:50:00,2026-08-14 10:55:00,53853.0,53851.0,-4.5
"CCI_Reversion(20,100)",LONG,2026-08-14 11:05:00,2026-08-14 11:30:00,53830.0,53831.0,-3.0
"CCI_Reversion(20,100)",SHORT,2026-08-14 12:55:00,2026-08-14 13:05:00,53871.0,53838.0,13.0
"CCI_Reversion(20,100)",LONG,2026-08-14 13:10:00,2026-08-14 13:25:00,53831.0,53844.0,3.0
"CCI_Reversion(20,100)",SHORT,2026-08-14 13:40:00,2026-08-14 13:45:00,53855.0,53881.0,-16.5
"CCI_Reversion(20,100)",SHORT,2026-08-14 13:50:00,2026-08-14 14:10:00,53898.0,53883.0,4.0
"CCI_Reversion(20,100)",LONG,2026-08-14 14:55:00,2026-08-14 15:05:00,53813.0,53843.0,11.5
"CCI_Reversion(20,100)",LONG,2026-08-14 15:45:00,2026-08-14 16:10:00,53792.0,53779.0,-10.0
"CCI_Reversion(20,100)",LONG,2026-08-14 17:00:00,2026-08-14 17:10:00,53757.0,53780.0,8.0
"CCI_Reversion(20,100)",SHORT,2026-08-14 18:05:00,2026-08-14 19:05:00,53810.0,53836.0,-16.5
"CCI_Reversion(20,100)",LONG,2026-08-14 19:45:00,2026-08-14 20:35:00,53822.0,53796.0,-16.5
"CCI_Reversion(20,100)",SHORT,2026-08-16 22:25:00,2026-08-16 22:35:00,53830.0,53825.0,-1.0
"CCI_Reversion(20,100)",SHORT,2026-08-16 22:45:00,2026-08-16 22:50:00,53824.0,53826.0,-4.5
"CCI_Reversion(20,100)",LONG,2026-08-17 00:10:00,2026-08-17 00:55:00,53806.0,53784.0,-14.5
"CCI_Reversion(20,100)",LONG,2026-08-17 01:10:00,2026-08-17 01:20:00,53765.0,53772.0,0.0
"CCI_Reversion(20,100)",LONG,2026-08-17 01:35:00,2026-08-17 02:25:00,53754.0,53732.0,-14.5
"CCI_Reversion(20,100)",SHORT,2026-08-17 03:30:00,2026-08-17 04:15:00,53735.0,53745.0,-8.5
"CCI_Reversion(20,100)",SHORT,2026-08-17 04:45:00,2026-08-17 04:55:00,53756.0,53750.0,-0.5
"CCI_Reversion(20,100)",SHORT,2026-08-17 05:05:00,2026-08-17 05:15:00,53752.0,53751.0,-3.0
"CCI_Reversion(20,100)",SHORT,2026-08-17 05:35:00,2026-08-17 06:35:00,53764.0,53778.0,-10.5
"CCI_Reversion(20,100)",LONG,2026-08-17 07:20:00,2026-08-17 07:35:00,53749.0,53753.0,-1.5
"CCI_Reversion(20,100)",LONG,2026-08-17 08:05:00,2026-08-17 08:40:00,53724.0,53715.0,-8.0
"CCI_Reversion(20,100)",SHORT,2026-08-17 10:30:00,2026-08-17 10:40:00,53801.0,53747.0,23.5
"CCI_Reversion(20,100)",LONG,2026-08-17 11:20:00,2026-08-17 11:30:00,53705.0,53715.0,1.5
"CCI_Reversion(20,100)",LONG,2026-08-17 11:50:00,2026-08-17 12:20:00,53691.0,53687.0,-5.5
"CCI_Reversion(20,100)",LONG,2026-08-17 12:25:00,2026-08-17 13:15:00,53666.0,53609.0,-32.0
"CCI_Reversion(20,100)",LONG,2026-08-17 13:30:00,2026-08-17 13:35:00,53569.0,53624.0,24.0
"CCI_Reversion(20,100)",SHORT,2026-08-17 13:50:00,2026-08-17 13:55:00,53713.0,53632.0,37.0
"ATR_Vol_Breakout(14,k=1.5)",LONG,2026-06-01 00:05:00,2026-06-01 03:40:00,51134.0,51137.0,-2.0
"ATR_Vol_Breakout(14,k=1.5)",SHORT,2026-06-01 03:40:00,2026-06-01 07:05:00,51137.0,51120.0,5.0
"ATR_Vol_Breakout(14,k=1.5)",LONG,2026-06-01 07:05:00,2026-06-01 11:50:00,51120.0,51318.0,95.5
"ATR_Vol_Breakout(14,k=1.5)",SHORT,2026-06-01 11:50:00,2026-06-01 12:45:00,51318.0,51246.0,32.5
"ATR_Vol_Breakout(14,k=1.5)",LONG,2026-06-01 12:45:00,2026-06-01 13:15:00,51246.0,51044.0,-104.5
"ATR_Vol_Breakout(14,k=1.5)",SHORT,2026-06-01 13:15:00,2026-06-01 17:30:00,51044.0,51020.0,8.5
"ATR_Vol_Breakout(14,k=1.5)",LONG,2026-06-01 17:30:00,2026-06-01 22:05:00,51020.0,51064.0,18.5
"ATR_Vol_Breakout(14,k=1.5)",SHORT,2026-06-01 22:05:00,2026-06-02 07:05:00,51064.0,51024.0,16.5
"ATR_Vol_Breakout(14,k=1.5)",LONG,2026-06-02 07:05:00,2026-06-02 08:30:00,51024.0,51004.0,-13.5
"ATR_Vol_Breakout(14,k=1.5)",SHORT,2026-06-02 08:30:00,2026-06-02 12:10:00,51004.0,50937.0,30.0
"ATR_Vol_Breakout(14,k=1.5)",LONG,2026-06-02 12:10:00,2026-06-02 12:40:00,50937.0,50883.0,-30.5
"ATR_Vol_Breakout(14,k=1.5)",SHORT,2026-06-02 12:40:00,2026-06-02 13:35:00,50883.0,51216.0,-170.0
"ATR_Vol_Breakout(14,k=1.5)",LONG,2026-06-02 13:35:00,2026-06-02 13:50:00,51216.0,51117.0,-53.0
"ATR_Vol_Breakout(14,k=1.5)",SHORT,2026-06-02 13:50:00,2026-06-03 06:40:00,51117.0,51328.0,-109.0
"ATR_Vol_Breakout(14,k=1.5)",LONG,2026-06-03 06:40:00,2026-06-03 12:25:00,51328.0,51205.0,-65.0
"ATR_Vol_Breakout(14,k=1.5)",SHORT,2026-06-03 12:25:00,2026-06-03 13:35:00,51205.0,51219.0,-10.5
"ATR_Vol_Breakout(14,k=1.5)",LONG,2026-06-03 13:35:00,2026-06-03 13:50:00,51219.0,51069.0,-78.5
"ATR_Vol_Breakout(14,k=1.5)",SHORT,2026-06-03 13:50:00,2026-06-03 22:05:00,51069.0,50819.0,121.5
"ATR_Vol_Breakout(14,k=1.5)",LONG,2026-06-03 22:05:00,2026-06-04 01:55:00,50819.0,50786.0,-20.0
"ATR_Vol_Breakout(14,k=1.5)",SHORT,2026-06-04 01:55:00,2026-06-04 06:05:00,50786.0,50829.0,-25.0
"ATR_Vol_Breakout(14,k=1.5)",LONG,2026-06-04 06:05:00,2026-06-05 00:05:00,50829.0,51614.0,389.0
"ATR_Vol_Breakout(14,k=1.5)",SHORT,2026-06-05 00:05:00,2026-06-05 06:05:00,51614.0,51660.0,-26.5
"ATR_Vol_Breakout(14,k=1.5)",LONG,2026-06-05 06:05:00,2026-06-05 09:20:00,51660.0,51731.0,32.0
"ATR_Vol_Breakout(14,k=1.5)",SHORT,2026-06-05 09:20:00,2026-06-05 11:30:00,51731.0,51740.0,-8.0
"ATR_Vol_Breakout(14,k=1.5)",LONG,2026-06-05 11:30:00,2026-06-05 12:35:00,51740.0,51646.0,-50.5
"ATR_Vol_Breakout(14,k=1.5)",SHORT,2026-06-05 12:35:00,2026-06-05 13:30:00,51646.0,51744.0,-52.5
"ATR_Vol_Breakout(14,k=1.5)",LONG,2026-06-05 13:30:00,2026-06-05 13:35:00,51744.0,51648.0,-51.5
"ATR_Vol_Breakout(14,k=1.5)",SHORT,2026-06-05 13:35:00,2026-06-07 22:10:00,51648.0,50733.0,454.0
"ATR_Vol_Breakout(14,k=1.5)",LONG,2026-06-07 22:10:00,2026-06-07 22:15:00,50733.0,50830.0,45.0
"ATR_Vol_Breakout(14,k=1.5)",SHORT,2026-06-07 22:15:00,2026-06-08 05:05:00,50830.0,50803.0,10.0
"ATR_Vol_Breakout(14,k=1.5)",LONG,2026-06-08 05:05:00,2026-06-08 05:35:00,50803.0,50713.0,-48.5
"ATR_Vol_Breakout(14,k=1.5)",SHORT,2026-06-08 05:35:00,2026-06-08 06:30:00,50713.0,50786.0,-40.0
"ATR_Vol_Breakout(14,k=1.5)",LONG,2026-06-08 06:30:00,2026-06-08 09:10:00,50786.0,50745.0,-24.0
"ATR_Vol_Breakout(14,k=1.5)",SHORT,2026-06-08 09:10:00,2026-06-08 10:35:00,50745.0,50923.0,-92.5
"ATR_Vol_Breakout(14,k=1.5)",LONG,2026-06-08 10:35:00,2026-06-08 13:40:00,50923.0,51013.0,41.5
"ATR_Vol_Breakout(14,k=1.5)",SHORT,2026-06-08 13:40:00,2026-06-09 01:25:00,51013.0,50819.0,93.5
"ATR_Vol_Breakout(14,k=1.5)",LONG,2026-06-09 01:25:00,2026-06-09 03:25:00,50819.0,50860.0,17.0
"ATR_Vol_Breakout(14,k=1.5)",SHORT,2026-06-09 03:25:00,2026-06-09 05:35:00,50860.0,50946.0,-46.5
"ATR_Vol_Breakout(14,k=1.5)",LONG,2026-06-09 05:35:00,2026-06-09 06:55:00,50946.0,50864.0,-44.5
"ATR_Vol_Breakout(14,k=1.5)",SHORT,2026-06-09 06:55:00,2026-06-09 07:05:00,50864.0,50938.0,-40.5
"ATR_Vol_Breakout(14,k=1.5)",LONG,2026-06-09 07:05:00,2026-06-09 07:15:00,50938.0,50881.0,-32.0
"ATR_Vol_Breakout(14,k=1.5)",SHORT,2026-06-09 07:15:00,2026-06-09 12:35:00,50881.0,51032.0,-79.0
"ATR_Vol_Breakout(14,k=1.5)",LONG,2026-06-09 12:35:00,2026-06-09 14:15:00,51032.0,51087.0,24.0
"ATR_Vol_Breakout(14,k=1.5)",SHORT,2026-06-09 14:15:00,2026-06-09 14:25:00,51087.0,51147.0,-33.5
"ATR_Vol_Breakout(14,k=1.5)",LONG,2026-06-09 14:25:00,2026-06-09 14:50:00,51147.0,50761.0,-196.5
"ATR_Vol_Breakout(14,k=1.5)",SHORT,2026-06-09 14:50:00,2026-06-09 19:55:00,50761.0,50890.0,-68.0
"ATR_Vol_Breakout(14,k=1.5)",LONG,2026-06-09 19:55:00,2026-06-10 02:55:00,50890.0,50833.0,-32.0
"ATR_Vol_Breakout(14,k=1.5)",SHORT,2026-06-10 02:55:00,2026-06-10 05:30:00,50833.0,50828.0,-1.0
"ATR_Vol_Breakout(14,k=1.5)",LONG,2026-06-10 05:30:00,2026-06-10 06:25:00,50828.0,50818.0,-8.5
"ATR_Vol_Breakout(14,k=1.5)",SHORT,2026-06-10 06:25:00,2026-06-10 13:45:00,50818.0,50753.0,29.0
"ATR_Vol_Breakout(14,k=1.5)",LONG,2026-06-10 13:45:00,2026-06-10 22:05:00,50753.0,49850.0,-455.0
"ATR_Vol_Breakout(14,k=1.5)",SHORT,2026-06-10 22:05:00,2026-06-10 23:20:00,49850.0,49857.0,-7.0
"ATR_Vol_Breakout(14,k=1.5)",LONG,2026-06-10 23:20:00,2026-06-11 06:05:00,49857.0,50098.0,117.0
"ATR_Vol_Breakout(14,k=1.5)",SHORT,2026-06-11 06:05:00,2026-06-11 06:15:00,50098.0,50123.0,-16.0
"ATR_Vol_Breakout(14,k=1.5)",LONG,2026-06-11 06:15:00,2026-06-11 11:10:00,50123.0,50301.0,85.5
"ATR_Vol_Breakout(14,k=1.5)",SHORT,2026-06-11 11:10:00,2026-06-11 13:50:00,50301.0,50302.0,-4.0
"ATR_Vol_Breakout(14,k=1.5)",LONG,2026-06-11 13:50:00,2026-06-11 14:15:00,50302.0,50186.0,-61.5
"ATR_Vol_Breakout(14,k=1.5)",SHORT,2026-06-11 14:15:00,2026-06-11 17:30:00,50186.0,50632.0,-226.5
"ATR_Vol_Breakout(14,k=1.5)",LONG,2026-06-11 17:30:00,2026-06-12 05:35:00,50632.0,50913.0,137.0
"ATR_Vol_Breakout(14,k=1.5)",SHORT,2026-06-12 05:35:00,2026-06-12 06:05:00,50913.0,50929.0,-11.5
"ATR_Vol_Breakout(14,k=1.5)",LONG,2026-06-12 06:05:00,2026-06-12 07:05:00,50929.0,50855.0,-40.5
"ATR_Vol_Breakout(14,k=1.5)",SHORT,2026-06-12 07:05:00,2026-06-12 07:35:00,50855.0,51246.0,-199.0
"ATR_Vol_Breakout(14,k=1.5)",LONG,2026-06-12 07:35:00,2026-06-12 13:40:00,51246.0,51449.0,98.0
"ATR_Vol_Breakout(14,k=1.5)",SHORT,2026-06-12 13:40:00,2026-06-12 14:05:00,51449.0,51413.0,14.5
"ATR_Vol_Breakout(14,k=1.5)",LONG,2026-06-12 14:05:00,2026-06-15 08:00:00,51413.0,52100.0,340.0
"ATR_Vol_Breakout(14,k=1.5)",SHORT,2026-06-15 08:00:00,2026-06-15 11:15:00,52100.0,52112.0,-9.5
"ATR_Vol_Breakout(14,k=1.5)",LONG,2026-06-15 11:15:00,2026-06-15 13:45:00,52112.0,52173.0,27.0
"ATR_Vol_Breakout(14,k=1.5)",SHORT,2026-06-15 13:45:00,2026-06-16 05:05:00,52173.0,52149.0,8.5
"ATR_Vol_Breakout(14,k=1.5)",LONG,2026-06-16 05:05:00,2026-06-16 05:35:00,52149.0,52125.0,-15.5
"ATR_Vol_Breakout(14,k=1.5)",SHORT,2026-06-16 05:35:00,2026-06-16 07:30:00,52125.0,52219.0,-50.5
"ATR_Vol_Breakout(14,k=1.5)",LONG,2026-06-16 07:30:00,2026-06-16 07:45:00,52219.0,52206.0,-10.0
"ATR_Vol_Breakout(14,k=1.5)",SHORT,2026-06-16 07:45:00,2026-06-16 12:10:00,52206.0,52209.0,-5.0
"ATR_Vol_Breakout(14,k=1.5)",LONG,2026-06-16 12:10:00,2026-06-16 13:45:00,52209.0,52452.0,118.0
"ATR_Vol_Breakout(14,k=1.5)",SHORT,2026-06-16 13:45:00,2026-06-17 01:05:00,52452.0,52547.0,-51.0
"ATR_Vol_Breakout(14,k=1.5)",LONG,2026-06-17 01:05:00,2026-06-17 05:45:00,52547.0,52495.0,-29.5
"ATR_Vol_Breakout(14,k=1.5)",SHORT,2026-06-17 05:45:00,2026-06-17 06:35:00,52495.0,52506.0,-9.0
"ATR_Vol_Breakout(14,k=1.5)",LONG,2026-06-17 06:35:00,2026-06-17 07:20:00,52506.0,52501.0,-6.0
"ATR_Vol_Breakout(14,k=1.5)",SHORT,2026-06-17 07:20:00,2026-06-17 08:55:00,52501.0,52454.0,20.0
"ATR_Vol_Breakout(14,k=1.5)",LONG,2026-06-17 08:55:00,2026-06-17 18:05:00,52454.0,52301.0,-80.0
"ATR_Vol_Breakout(14,k=1.5)",SHORT,2026-06-17 18:05:00,2026-06-17 18:40:00,52301.0,52458.0,-82.0
"ATR_Vol_Breakout(14,k=1.5)",LONG,2026-06-17 18:40:00,2026-06-17 19:00:00,52458.0,52327.0,-69.0
"ATR_Vol_Breakout(14,k=1.5)",SHORT,2026-06-17 19:00:00,2026-06-18 00:05:00,52327.0,52219.0,50.5
"ATR_Vol_Breakout(14,k=1.5)",LONG,2026-06-18 00:05:00,2026-06-18 06:10:00,52219.0,52166.0,-30.0
"ATR_Vol_Breakout(14,k=1.5)",SHORT,2026-06-18 06:10:00,2026-06-18 06:50:00,52166.0,52230.0,-35.5
"ATR_Vol_Breakout(14,k=1.5)",LONG,2026-06-18 06:50:00,2026-06-18 07:15:00,52230.0,52198.0,-19.5
"ATR_Vol_Breakout(14,k=1.5)",SHORT,2026-06-18 07:15:00,2026-06-19 00:20:00,52198.0,51994.0,98.5
"ATR_Vol_Breakout(14,k=1.5)",LONG,2026-06-19 00:20:00,2026-06-19 01:10:00,51994.0,51945.0,-28.0
"ATR_Vol_Breakout(14,k=1.5)",SHORT,2026-06-19 01:10:00,2026-06-19 02:25:00,51945.0,51882.0,28.0
"ATR_Vol_Breakout(14,k=1.5)",LONG,2026-06-19 02:25:00,2026-06-19 03:20:00,51882.0,51852.0,-18.5
"ATR_Vol_Breakout(14,k=1.5)",SHORT,2026-06-19 03:20:00,2026-06-19 03:40:00,51852.0,51875.0,-15.0
"ATR_Vol_Breakout(14,k=1.5)",LONG,2026-06-19 03:40:00,2026-06-21 22:10:00,51875.0,51796.0,-43.0
"ATR_Vol_Breakout(14,k=1.5)",SHORT,2026-06-21 22:10:00,2026-06-21 22:25:00,51796.0,51851.0,-31.0
"ATR_Vol_Breakout(14,k=1.5)",LONG,2026-06-21 22:25:00,2026-06-22 22:00:00,51851.0,52165.0,153.5
"ATR_Vol_Breakout(14,k=1.5)",SHORT,2026-06-22 22:00:00,2026-06-22 22:05:00,52165.0,52179.0,-10.5
"ATR_Vol_Breakout(14,k=1.5)",LONG,2026-06-22 22:05:00,2026-06-23 03:10:00,52179.0,52092.0,-47.0
"ATR_Vol_Breakout(14,k=1.5)",SHORT,2026-06-23 03:10:00,2026-06-23 13:45:00,52092.0,51908.0,88.5
"ATR_Vol_Breakout(14,k=1.5)",LONG,2026-06-23 13:45:00,2026-06-23 17:55:00,51908.0,52182.0,133.5
"ATR_Vol_Breakout(14,k=1.5)",SHORT,2026-06-23 17:55:00,2026-06-23 23:15:00,52182.0,52041.0,67.0
"ATR_Vol_Breakout(14,k=1.5)",LONG,2026-06-23 23:15:00,2026-06-24 06:05:00,52041.0,51991.0,-28.5
"ATR_Vol_Breakout(14,k=1.5)",SHORT,2026-06-24 06:05:00,2026-06-24 07:45:00,51991.0,52025.0,-20.5
"ATR_Vol_Breakout(14,k=1.5)",LONG,2026-06-24 07:45:00,2026-06-25 04:35:00,52025.0,52242.0,105.0
"ATR_Vol_Breakout(14,k=1.5)",SHORT,2026-06-25 04:35:00,2026-06-25 06:15:00,52242.0,52313.0,-39.0
"ATR_Vol_Breakout(14,k=1.5)",LONG,2026-06-25 06:15:00,2026-06-25 08:15:00,52313.0,52311.0,-4.5
"ATR_Vol_Breakout(14,k=1.5)",SHORT,2026-06-25 08:15:00,2026-06-25 10:05:00,52311.0,52408.0,-52.0
"ATR_Vol_Breakout(14,k=1.5)",LONG,2026-06-25 10:05:00,2026-06-25 15:00:00,52408.0,52905.0,245.0
"ATR_Vol_Breakout(14,k=1.5)",SHORT,2026-06-25 15:00:00,2026-06-25 23:20:00,52905.0,52495.0,201.5
"ATR_Vol_Breakout(14,k=1.5)",LONG,2026-06-25 23:20:00,2026-06-26 08:35:00,52495.0,52398.0,-52.0
"ATR_Vol_Breakout(14,k=1.5)",SHORT,2026-06-26 08:35:00,2026-06-26 19:55:00,52398.0,52299.0,46.0
"ATR_Vol_Breakout(14,k=1.5)",LONG,2026-06-26 19:55:00,2026-06-26 20:00:00,52299.0,52178.0,-64.0
"ATR_Vol_Breakout(14,k=1.5)",SHORT,2026-06-26 20:00:00,2026-06-28 22:15:00,52178.0,52335.0,-82.0
"ATR_Vol_Breakout(14,k=1.5)",LONG,2026-06-28 22:15:00,2026-06-29 06:05:00,52335.0,52397.0,27.5
"ATR_Vol_Breakout(14,k=1.5)",SHORT,2026-06-29 06:05:00,2026-06-29 07:30:00,52397.0,52404.0,-7.0
"ATR_Vol_Breakout(14,k=1.5)",LONG,2026-06-29 07:30:00,2026-06-29 13:25:00,52404.0,52439.0,14.0
"ATR_Vol_Breakout(14,k=1.5)",SHORT,2026-06-29 13:25:00,2026-06-29 13:35:00,52439.0,52582.0,-75.0
"ATR_Vol_Breakout(14,k=1.5)",LONG,2026-06-29 13:35:00,2026-06-29 13:40:00,52582.0,52503.0,-43.0
"ATR_Vol_Breakout(14,k=1.5)",SHORT,2026-06-29 13:40:00,2026-06-29 13:45:00,52503.0,52638.0,-71.0
"ATR_Vol_Breakout(14,k=1.5)",LONG,2026-06-29 13:45:00,2026-06-29 14:15:00,52638.0,52334.0,-155.5
"ATR_Vol_Breakout(14,k=1.5)",SHORT,2026-06-29 14:15:00,2026-06-29 14:20:00,52334.0,52456.0,-64.5
"ATR_Vol_Breakout(14,k=1.5)",LONG,2026-06-29 14:20:00,2026-06-30 06:35:00,52456.0,52562.0,49.5
"ATR_Vol_Breakout(14,k=1.5)",SHORT,2026-06-30 06:35:00,2026-06-30 06:50:00,52562.0,52588.0,-16.5
"ATR_Vol_Breakout(14,k=1.5)",LONG,2026-06-30 06:50:00,2026-06-30 07:15:00,52588.0,52592.0,-1.5
"ATR_Vol_Breakout(14,k=1.5)",SHORT,2026-06-30 07:15:00,2026-06-30 13:30:00,52592.0,52658.0,-36.5
"ATR_Vol_Breakout(14,k=1.5)",LONG,2026-06-30 13:30:00,2026-06-30 13:35:00,52658.0,52401.0,-132.0
"ATR_Vol_Breakout(14,k=1.5)",SHORT,2026-06-30 13:35:00,2026-06-30 19:55:00,52401.0,52712.0,-159.0
"ATR_Vol_Breakout(14,k=1.5)",LONG,2026-06-30 19:55:00,2026-07-01 00:55:00,52712.0,52606.0,-56.5
"ATR_Vol_Breakout(14,k=1.5)",SHORT,2026-07-01 00:55:00,2026-07-01 03:40:00,52606.0,52486.0,56.5
"ATR_Vol_Breakout(14,k=1.5)",LONG,2026-07-01 03:40:00,2026-07-01 07:15:00,52486.0,52451.0,-21.0
"ATR_Vol_Breakout(14,k=1.5)",SHORT,2026-07-01 07:15:00,2026-07-01 13:20:00,52451.0,52583.0,-69.5
"ATR_Vol_Breakout(14,k=1.5)",LONG,2026-07-01 13:20:00,2026-07-01 13:35:00,52583.0,52416.0,-87.0
"ATR_Vol_Breakout(14,k=1.5)",SHORT,2026-07-01 13:35:00,2026-07-01 14:15:00,52416.0,52795.0,-193.0
"ATR_Vol_Breakout(14,k=1.5)",LONG,2026-07-01 14:15:00,2026-07-01 19:30:00,52795.0,52696.0,-53.0
"ATR_Vol_Breakout(14,k=1.5)",SHORT,2026-07-01 19:30:00,2026-07-02 07:20:00,52696.0,52597.0,46.0
"ATR_Vol_Breakout(14,k=1.5)",LONG,2026-07-02 07:20:00,2026-07-02 11:55:00,52597.0,52739.0,67.5
"ATR_Vol_Breakout(14,k=1.5)",SHORT,2026-07-02 11:55:00,2026-07-02 12:35:00,52739.0,52857.0,-62.5
"ATR_Vol_Breakout(14,k=1.5)",LONG,2026-07-02 12:35:00,2026-07-02 13:35:00,52857.0,52873.0,4.5
"ATR_Vol_Breakout(14,k=1.5)",SHORT,2026-07-02 13:35:00,2026-07-02 13:45:00,52873.0,53020.0,-77.0
"ATR_Vol_Breakout(14,k=1.5)",LONG,2026-07-02 13:45:00,2026-07-02 17:05:00,53020.0,52857.0,-85.0
"ATR_Vol_Breakout(14,k=1.5)",SHORT,2026-07-02 17:05:00,2026-07-02 19:55:00,52857.0,53142.0,-146.0
"ATR_Vol_Breakout(14,k=1.5)",LONG,2026-07-02 19:55:00,2026-07-05 22:05:00,53142.0,53171.0,11.0
"ATR_Vol_Breakout(14,k=1.5)",SHORT,2026-07-05 22:05:00,2026-07-06 01:25:00,53171.0,53257.0,-46.5
"ATR_Vol_Breakout(14,k=1.5)",LONG,2026-07-06 01:25:00,2026-07-06 02:10:00,53257.0,53221.0,-21.5
"ATR_Vol_Breakout(14,k=1.5)",SHORT,2026-07-06 02:10:00,2026-07-06 07:45:00,53221.0,53265.0,-25.5
"ATR_Vol_Breakout(14,k=1.5)",LONG,2026-07-06 07:45:00,2026-07-06 13:40:00,53265.0,53185.0,-43.5
"ATR_Vol_Breakout(14,k=1.5)",SHORT,2026-07-06 13:40:00,2026-07-06 22:05:00,53185.0,53419.0,-120.5
"ATR_Vol_Breakout(14,k=1.5)",LONG,2026-07-06 22:05:00,2026-07-07 04:40:00,53419.0,53391.0,-17.5
"ATR_Vol_Breakout(14,k=1.5)",SHORT,2026-07-07 04:40:00,2026-07-07 08:15:00,53391.0,53455.0,-35.5
"ATR_Vol_Breakout(14,k=1.5)",LONG,2026-07-07 08:15:00,2026-07-07 10:55:00,53455.0,53434.0,-14.0
"ATR_Vol_Breakout(14,k=1.5)",SHORT,2026-07-07 10:55:00,2026-07-07 12:45:00,53434.0,53598.0,-85.5
"ATR_Vol_Breakout(14,k=1.5)",LONG,2026-07-07 12:45:00,2026-07-07 13:35:00,53598.0,53503.0,-51.0
"ATR_Vol_Breakout(14,k=1.5)",SHORT,2026-07-07 13:35:00,2026-07-08 00:25:00,53503.0,53148.0,174.0
"ATR_Vol_Breakout(14,k=1.5)",LONG,2026-07-08 00:25:00,2026-07-08 05:50:00,53148.0,53103.0,-26.0
"ATR_Vol_Breakout(14,k=1.5)",SHORT,2026-07-08 05:50:00,2026-07-08 06:25:00,53103.0,53114.0,-9.0
"ATR_Vol_Breakout(14,k=1.5)",LONG,2026-07-08 06:25:00,2026-07-08 07:05:00,53114.0,53002.0,-59.5
"ATR_Vol_Breakout(14,k=1.5)",SHORT,2026-07-08 07:05:00,2026-07-08 11:45:00,53002.0,52697.0,149.0
"ATR_Vol_Breakout(14,k=1.5)",LONG,2026-07-08 11:45:00,2026-07-08 13:00:00,52697.0,52700.0,-2.0
"ATR_Vol_Breakout(14,k=1.5)",SHORT,2026-07-08 13:00:00,2026-07-09 01:00:00,52700.0,52657.0,18.0
"ATR_Vol_Breakout(14,k=1.5)",LONG,2026-07-09 01:00:00,2026-07-09 05:20:00,52657.0,52693.0,14.5
"ATR_Vol_Breakout(14,k=1.5)",SHORT,2026-07-09 05:20:00,2026-07-09 07:45:00,52693.0,52735.0,-24.5
"ATR_Vol_Breakout(14,k=1.5)",LONG,2026-07-09 07:45:00,2026-07-09 08:35:00,52735.0,52671.0,-35.5
"ATR_Vol_Breakout(14,k=1.5)",SHORT,2026-07-09 08:35:00,2026-07-09 13:05:00,52671.0,52712.0,-24.0
"ATR_Vol_Breakout(14,k=1.5)",LONG,2026-07-09 13:05:00,2026-07-09 13:35:00,52712.0,52602.0,-58.5
"ATR_Vol_Breakout(14,k=1.5)",SHORT,2026-07-09 13:35:00,2026-07-09 13:45:00,52602.0,52660.0,-32.5
"ATR_Vol_Breakout(14,k=1.5)",LONG,2026-07-09 13:45:00,2026-07-09 23:50:00,52660.0,52739.0,36.0
"ATR_Vol_Breakout(14,k=1.5)",SHORT,2026-07-09 23:50:00,2026-07-10 06:05:00,52739.0,52801.0,-34.5
"ATR_Vol_Breakout(14,k=1.5)",LONG,2026-07-10 06:05:00,2026-07-10 06:15:00,52801.0,52792.0,-8.0
"ATR_Vol_Breakout(14,k=1.5)",SHORT,2026-07-10 06:15:00,2026-07-10 08:10:00,52792.0,52849.0,-32.0
"ATR_Vol_Breakout(14,k=1.5)",LONG,2026-07-10 08:10:00,2026-07-10 11:30:00,52849.0,52854.0,-1.0
"ATR_Vol_Breakout(14,k=1.5)",SHORT,2026-07-10 11:30:00,2026-07-10 12:15:00,52854.0,52898.0,-25.5
"ATR_Vol_Breakout(14,k=1.5)",LONG,2026-07-10 12:15:00,2026-07-10 13:35:00,52898.0,52801.0,-52.0
"ATR_Vol_Breakout(14,k=1.5)",SHORT,2026-07-10 13:35:00,2026-07-10 13:40:00,52801.0,52865.0,-35.5
"ATR_Vol_Breakout(14,k=1.5)",LONG,2026-07-10 13:40:00,2026-07-10 14:35:00,52865.0,52697.0,-87.5
"ATR_Vol_Breakout(14,k=1.5)",SHORT,2026-07-10 14:35:00,2026-07-13 04:20:00,52697.0,52703.0,-6.5
"ATR_Vol_Breakout(14,k=1.5)",LONG,2026-07-13 04:20:00,2026-07-13 07:20:00,52703.0,52843.0,66.5
"ATR_Vol_Breakout(14,k=1.5)",SHORT,2026-07-13 07:20:00,2026-07-13 13:35:00,52843.0,53016.0,-90.0
"ATR_Vol_Breakout(14,k=1.5)",LONG,2026-07-13 13:35:00,2026-07-13 14:05:00,53016.0,52994.0,-14.5
"ATR_Vol_Breakout(14,k=1.5)",SHORT,2026-07-13 14:05:00,2026-07-13 16:40:00,52994.0,52694.0,146.5
"ATR_Vol_Breakout(14,k=1.5)",LONG,2026-07-13 16:40:00,2026-07-14 00:05:00,52694.0,52652.0,-24.5
"ATR_Vol_Breakout(14,k=1.5)",SHORT,2026-07-14 00:05:00,2026-07-14 04:40:00,52652.0,52671.0,-13.0
"ATR_Vol_Breakout(14,k=1.5)",LONG,2026-07-14 04:40:00,2026-07-14 10:15:00,52671.0,52626.0,-26.0
"ATR_Vol_Breakout(14,k=1.5)",SHORT,2026-07-14 10:15:00,2026-07-14 11:25:00,52626.0,52449.0,85.0
"ATR_Vol_Breakout(14,k=1.5)",LONG,2026-07-14 11:25:00,2026-07-15 00:45:00,52449.0,52777.0,160.5
"ATR_Vol_Breakout(14,k=1.5)",SHORT,2026-07-15 00:45:00,2026-07-15 08:15:00,52777.0,52811.0,-20.5
"ATR_Vol_Breakout(14,k=1.5)",LONG,2026-07-15 08:15:00,2026-07-15 10:25:00,52811.0,52810.0,-4.0
"ATR_Vol_Breakout(14,k=1.5)",SHORT,2026-07-15 10:25:00,2026-07-15 12:35:00,52810.0,52872.0,-34.5
"ATR_Vol_Breakout(14,k=1.5)",LONG,2026-07-15 12:35:00,2026-07-15 13:15:00,52872.0,52852.0,-13.5
"ATR_Vol_Breakout(14,k=1.5)",SHORT,2026-07-15 13:15:00,2026-07-15 13:40:00,52852.0,52988.0,-71.5
"ATR_Vol_Breakout(14,k=1.5)",LONG,2026-07-15 13:40:00,2026-07-15 23:55:00,52988.0,52912.0,-41.5
"ATR_Vol_Breakout(14,k=1.5)",SHORT,2026-07-15 23:55:00,2026-07-16 00:05:00,52912.0,52940.0,-17.5
"ATR_Vol_Breakout(14,k=1.5)",LONG,2026-07-16 00:05:00,2026-07-16 01:20:00,52940.0,52880.0,-33.5
"ATR_Vol_Breakout(14,k=1.5)",SHORT,2026-07-16 01:20:00,2026-07-16 05:15:00,52880.0,52983.0,-55.0
"ATR_Vol_Breakout(14,k=1.5)",LONG,2026-07-16 05:15:00,2026-07-16 05:50:00,52983.0,52934.0,-28.0
"ATR_Vol_Breakout(14,k=1.5)",SHORT,2026-07-16 05:50:00,2026-07-16 08:05:00,52934.0,52902.0,12.5
"ATR_Vol_Breakout(14,k=1.5)",LONG,2026-07-16 08:05:00,2026-07-16 11:50:00,52902.0,52879.0,-15.0
"ATR_Vol_Breakout(14,k=1.5)",SHORT,2026-07-16 11:50:00,2026-07-16 11:55:00,52879.0,52969.0,-48.5
"ATR_Vol_Breakout(14,k=1.5)",LONG,2026-07-16 11:55:00,2026-07-16 16:15:00,52969.0,52893.0,-41.5
"ATR_Vol_Breakout(14,k=1.5)",SHORT,2026-07-16 16:15:00,2026-07-16 19:55:00,52893.0,52727.0,79.5
"ATR_Vol_Breakout(14,k=1.5)",LONG,2026-07-16 19:55:00,2026-07-17 01:05:00,52727.0,52584.0,-75.0
"ATR_Vol_Breakout(14,k=1.5)",SHORT,2026-07-17 01:05:00,2026-07-17 07:05:00,52584.0,52482.0,47.5
"ATR_Vol_Breakout(14,k=1.5)",LONG,2026-07-17 07:05:00,2026-07-17 12:50:00,52482.0,52398.0,-45.5
"ATR_Vol_Breakout(14,k=1.5)",SHORT,2026-07-17 12:50:00,2026-07-17 13:40:00,52398.0,52458.0,-33.5
"ATR_Vol_Breakout(14,k=1.5)",LONG,2026-07-17 13:40:00,2026-07-17 16:05:00,52458.0,52643.0,89.0
"ATR_Vol_Breakout(14,k=1.5)",SHORT,2026-07-17 16:05:00,2026-07-20 02:05:00,52643.0,52341.0,147.5
"ATR_Vol_Breakout(14,k=1.5)",LONG,2026-07-20 02:05:00,2026-07-20 05:10:00,52341.0,52360.0,6.0
"ATR_Vol_Breakout(14,k=1.5)",SHORT,2026-07-20 05:10:00,2026-07-20 07:05:00,52360.0,52320.0,16.5
"ATR_Vol_Breakout(14,k=1.5)",LONG,2026-07-20 07:05:00,2026-07-20 12:05:00,52320.0,52482.0,77.5
"ATR_Vol_Breakout(14,k=1.5)",SHORT,2026-07-20 12:05:00,2026-07-21 02:25:00,52482.0,52115.0,180.0
"ATR_Vol_Breakout(14,k=1.5)",LONG,2026-07-21 02:25:00,2026-07-21 06:10:00,52115.0,52226.0,52.0
"ATR_Vol_Breakout(14,k=1.5)",SHORT,2026-07-21 06:10:00,2026-07-21 07:05:00,52226.0,52290.0,-35.5
"ATR_Vol_Breakout(14,k=1.5)",LONG,2026-07-21 07:05:00,2026-07-21 13:40:00,52290.0,52200.0,-48.5
"ATR_Vol_Breakout(14,k=1.5)",SHORT,2026-07-21 13:40:00,2026-07-21 13:50:00,52200.0,52186.0,3.5
"ATR_Vol_Breakout(14,k=1.5)",LONG,2026-07-21 13:50:00,2026-07-21 23:25:00,52186.0,52418.0,112.5
"ATR_Vol_Breakout(14,k=1.5)",SHORT,2026-07-21 23:25:00,2026-07-22 02:45:00,52418.0,52430.0,-9.5
"ATR_Vol_Breakout(14,k=1.5)",LONG,2026-07-22 02:45:00,2026-07-22 03:35:00,52430.0,52415.0,-11.0
"ATR_Vol_Breakout(14,k=1.5)",SHORT,2026-07-22 03:35:00,2026-07-22 06:05:00,52415.0,52424.0,-8.0
"ATR_Vol_Breakout(14,k=1.5)",LONG,2026-07-22 06:05:00,2026-07-22 06:20:00,52424.0,52396.0,-17.5
"ATR_Vol_Breakout(14,k=1.5)",SHORT,2026-07-22 06:20:00,2026-07-22 08:05:00,52396.0,52388.0,0.5
"ATR_Vol_Breakout(14,k=1.5)",LONG,2026-07-22 08:05:00,2026-07-22 11:45:00,52388.0,52318.0,-38.5
"ATR_Vol_Breakout(14,k=1.5)",SHORT,2026-07-22 11:45:00,2026-07-22 13:20:00,52318.0,52405.0,-47.0
"ATR_Vol_Breakout(14,k=1.5)",LONG,2026-07-22 13:20:00,2026-07-22 22:05:00,52405.0,52399.0,-6.5
"ATR_Vol_Breakout(14,k=1.5)",SHORT,2026-07-22 22:05:00,2026-07-23 05:30:00,52399.0,52401.0,-4.5
"ATR_Vol_Breakout(14,k=1.5)",LONG,2026-07-23 05:30:00,2026-07-23 05:55:00,52401.0,52339.0,-34.5
"ATR_Vol_Breakout(14,k=1.5)",SHORT,2026-07-23 05:55:00,2026-07-23 08:10:00,52339.0,52266.0,33.0
"ATR_Vol_Breakout(14,k=1.5)",LONG,2026-07-23 08:10:00,2026-07-23 09:10:00,52266.0,52267.0,-3.0
"ATR_Vol_Breakout(14,k=1.5)",SHORT,2026-07-23 09:10:00,2026-07-23 13:35:00,52267.0,52038.0,111.0
"ATR_Vol_Breakout(14,k=1.5)",LONG,2026-07-23 13:35:00,2026-07-24 13:35:00,52038.0,51910.0,-67.5
"ATR_Vol_Breakout(14,k=1.5)",SHORT,2026-07-24 13:35:00,2026-07-24 13:40:00,51910.0,51971.0,-34.0
"ATR_Vol_Breakout(14,k=1.5)",LONG,2026-07-24 13:40:00,2026-07-24 18:35:00,51971.0,52033.0,27.5
"ATR_Vol_Breakout(14,k=1.5)",SHORT,2026-07-24 18:35:00,2026-07-26 22:15:00,52033.0,52378.0,-176.0
"ATR_Vol_Breakout(14,k=1.5)",LONG,2026-07-26 22:15:00,2026-07-27 00:20:00,52378.0,52418.0,16.5
"ATR_Vol_Breakout(14,k=1.5)",SHORT,2026-07-27 00:20:00,2026-07-27 05:15:00,52418.0,52486.0,-37.5
"ATR_Vol_Breakout(14,k=1.5)",LONG,2026-07-27 05:15:00,2026-07-27 08:00:00,52486.0,52514.0,10.5
"ATR_Vol_Breakout(14,k=1.5)",SHORT,2026-07-27 08:00:00,2026-07-27 18:55:00,52514.0,52320.0,93.5
"ATR_Vol_Breakout(14,k=1.5)",LONG,2026-07-27 18:55:00,2026-07-28 00:10:00,52320.0,52363.0,18.0
"ATR_Vol_Breakout(14,k=1.5)",SHORT,2026-07-28 00:10:00,2026-07-28 03:20:00,52363.0,52372.0,-8.0
"ATR_Vol_Breakout(14,k=1.5)",LONG,2026-07-28 03:20:00,2026-07-28 03:30:00,52372.0,52347.0,-16.0
"ATR_Vol_Breakout(14,k=1.5)",SHORT,2026-07-28 03:30:00,2026-07-28 03:35:00,52347.0,52378.0,-19.0
"ATR_Vol_Breakout(14,k=1.5)",LONG,2026-07-28 03:35:00,2026-07-28 05:35:00,52378.0,52362.0,-11.5
"ATR_Vol_Breakout(14,k=1.5)",SHORT,2026-07-28 05:35:00,2026-07-28 07:10:00,52362.0,52473.0,-59.0
"ATR_Vol_Breakout(14,k=1.5)",LONG,2026-07-28 07:10:00,2026-07-28 13:35:00,52473.0,52721.0,120.5
"ATR_Vol_Breakout(14,k=1.5)",SHORT,2026-07-28 13:35:00,2026-07-28 23:45:00,52721.0,52957.0,-121.5
"ATR_Vol_Breakout(14,k=1.5)",LONG,2026-07-28 23:45:00,2026-07-29 03:15:00,52957.0,52891.0,-36.5
"ATR_Vol_Breakout(14,k=1.5)",SHORT,2026-07-29 03:15:00,2026-07-29 06:35:00,52891.0,52936.0,-26.0
"ATR_Vol_Breakout(14,k=1.5)",LONG,2026-07-29 06:35:00,2026-07-29 10:05:00,52936.0,52841.0,-51.0
"ATR_Vol_Breakout(14,k=1.5)",SHORT,2026-07-29 10:05:00,2026-07-29 18:05:00,52841.0,52249.0,292.5
"ATR_Vol_Breakout(14,k=1.5)",LONG,2026-07-29 18:05:00,2026-07-30 07:35:00,52249.0,51794.0,-231.0
"ATR_Vol_Breakout(14,k=1.5)",SHORT,2026-07-30 07:35:00,2026-07-30 08:10:00,51794.0,51898.0,-55.5
"ATR_Vol_Breakout(14,k=1.5)",LONG,2026-07-30 08:10:00,2026-07-30 10:00:00,51898.0,51843.0,-31.0
"ATR_Vol_Breakout(14,k=1.5)",SHORT,2026-07-30 10:00:00,2026-07-30 20:05:00,51843.0,52473.0,-318.5
"ATR_Vol_Breakout(14,k=1.5)",LONG,2026-07-30 20:05:00,2026-07-31 06:35:00,52473.0,52589.0,54.5
"ATR_Vol_Breakout(14,k=1.5)",SHORT,2026-07-31 06:35:00,2026-07-31 07:10:00,52589.0,52643.0,-30.5
"ATR_Vol_Breakout(14,k=1.5)",LONG,2026-07-31 07:10:00,2026-07-31 12:35:00,52643.0,52586.0,-32.0
"ATR_Vol_Breakout(14,k=1.5)",SHORT,2026-07-31 12:35:00,2026-07-31 13:25:00,52586.0,52647.0,-34.0
"ATR_Vol_Breakout(14,k=1.5)",LONG,2026-07-31 13:25:00,2026-07-31 13:35:00,52647.0,52549.0,-52.5
"ATR_Vol_Breakout(14,k=1.5)",SHORT,2026-07-31 13:35:00,2026-07-31 19:40:00,52549.0,52721.0,-89.5
"ATR_Vol_Breakout(14,k=1.5)",LONG,2026-07-31 19:40:00,2026-07-31 20:00:00,52721.0,52637.0,-45.5
"ATR_Vol_Breakout(14,k=1.5)",SHORT,2026-07-31 20:00:00,2026-08-02 22:10:00,52637.0,52835.0,-102.5
"ATR_Vol_Breakout(14,k=1.5)",LONG,2026-08-02 22:10:00,2026-08-03 07:20:00,52835.0,52869.0,13.5
"ATR_Vol_Breakout(14,k=1.5)",SHORT,2026-08-03 07:20:00,2026-08-03 08:40:00,52869.0,52976.0,-57.0
"ATR_Vol_Breakout(14,k=1.5)",LONG,2026-08-03 08:40:00,2026-08-03 13:30:00,52976.0,53171.0,94.0
"ATR_Vol_Breakout(14,k=1.5)",SHORT,2026-08-03 13:30:00,2026-08-03 13:35:00,53171.0,53242.0,-39.0
"ATR_Vol_Breakout(14,k=1.5)",LONG,2026-08-03 13:35:00,2026-08-03 13:45:00,53242.0,53195.0,-27.0
"ATR_Vol_Breakout(14,k=1.5)",SHORT,2026-08-03 13:45:00,2026-08-03 20:05:00,53195.0,53389.0,-100.5
"ATR_Vol_Breakout(14,k=1.5)",LONG,2026-08-03 20:05:00,2026-08-04 06:20:00,53389.0,53452.0,28.0
"ATR_Vol_Breakout(14,k=1.5)",SHORT,2026-08-04 06:20:00,2026-08-04 07:50:00,53452.0,53430.0,7.5
"ATR_Vol_Breakout(14,k=1.5)",LONG,2026-08-04 07:50:00,2026-08-04 08:35:00,53430.0,53394.0,-21.5
"ATR_Vol_Breakout(14,k=1.5)",SHORT,2026-08-04 08:35:00,2026-08-04 10:00:00,53394.0,53405.0,-9.0
"ATR_Vol_Breakout(14,k=1.5)",LONG,2026-08-04 10:00:00,2026-08-04 10:40:00,53405.0,53549.0,68.5
"ATR_Vol_Breakout(14,k=1.5)",SHORT,2026-08-04 10:40:00,2026-08-04 11:45:00,53549.0,53892.0,-175.0
"ATR_Vol_Breakout(14,k=1.5)",LONG,2026-08-04 11:45:00,2026-08-04 13:45:00,53892.0,53902.0,1.5
"ATR_Vol_Breakout(14,k=1.5)",SHORT,2026-08-04 13:45:00,2026-08-04 20:05:00,53902.0,54319.0,-212.0
"ATR_Vol_Breakout(14,k=1.5)",LONG,2026-08-04 20:05:00,2026-08-05 01:05:00,54319.0,54366.0,20.0
"ATR_Vol_Breakout(14,k=1.5)",SHORT,2026-08-05 01:05:00,2026-08-05 03:40:00,54366.0,54475.0,-58.0
"ATR_Vol_Breakout(14,k=1.5)",LONG,2026-08-05 03:40:00,2026-08-05 06:00:00,54475.0,54476.0,-3.0
"ATR_Vol_Breakout(14,k=1.5)",SHORT,2026-08-05 06:00:00,2026-08-05 08:00:00,54476.0,54406.0,31.5
"ATR_Vol_Breakout(14,k=1.5)",LONG,2026-08-05 08:00:00,2026-08-05 08:15:00,54406.0,54378.0,-17.5
"ATR_Vol_Breakout(14,k=1.5)",SHORT,2026-08-05 08:15:00,2026-08-05 13:30:00,54378.0,54526.0,-77.5
"ATR_Vol_Breakout(14,k=1.5)",LONG,2026-08-05 13:30:00,2026-08-05 13:50:00,54526.0,54637.0,52.0
"ATR_Vol_Breakout(14,k=1.5)",SHORT,2026-08-05 13:50:00,2026-08-05 13:55:00,54637.0,54778.0,-74.0
"ATR_Vol_Breakout(14,k=1.5)",LONG,2026-08-05 13:55:00,2026-08-05 20:00:00,54778.0,54486.0,-149.5
"ATR_Vol_Breakout(14,k=1.5)",SHORT,2026-08-05 20:00:00,2026-08-06 07:10:00,54486.0,54648.0,-84.5
"ATR_Vol_Breakout(14,k=1.5)",LONG,2026-08-06 07:10:00,2026-08-06 07:40:00,54648.0,54595.0,-30.0
"ATR_Vol_Breakout(14,k=1.5)",SHORT,2026-08-06 07:40:00,2026-08-06 13:45:00,54595.0,54532.0,28.0
"ATR_Vol_Breakout(14,k=1.5)",LONG,2026-08-06 13:45:00,2026-08-07 00:20:00,54532.0,53964.0,-287.5
"ATR_Vol_Breakout(14,k=1.5)",SHORT,2026-08-07 00:20:00,2026-08-07 00:35:00,53964.0,53984.0,-13.5
"ATR_Vol_Breakout(14,k=1.5)",LONG,2026-08-07 00:35:00,2026-08-07 12:00:00,53984.0,54051.0,30.0
"ATR_Vol_Breakout(14,k=1.5)",SHORT,2026-08-07 12:00:00,2026-08-07 12:05:00,54051.0,54083.0,-19.5
"ATR_Vol_Breakout(14,k=1.5)",LONG,2026-08-07 12:05:00,2026-08-07 13:30:00,54083.0,54051.0,-19.5
"ATR_Vol_Breakout(14,k=1.5)",SHORT,2026-08-07 13:30:00,2026-08-07 13:40:00,54051.0,54077.0,-16.5
"ATR_Vol_Breakout(14,k=1.5)",LONG,2026-08-07 13:40:00,2026-08-09 22:15:00,54077.0,54021.0,-31.5
"ATR_Vol_Breakout(14,k=1.5)",SHORT,2026-08-09 22:15:00,2026-08-10 00:10:00,54021.0,54048.0,-17.0
"ATR_Vol_Breakout(14,k=1.5)",LONG,2026-08-10 00:10:00,2026-08-10 06:40:00,54048.0,54107.0,26.0
"ATR_Vol_Breakout(14,k=1.5)",SHORT,2026-08-10 06:40:00,2026-08-10 07:00:00,54107.0,54142.0,-21.0
"ATR_Vol_Breakout(14,k=1.5)",LONG,2026-08-10 07:00:00,2026-08-10 11:05:00,54142.0,54061.0,-44.0
"ATR_Vol_Breakout(14,k=1.5)",SHORT,2026-08-10 11:05:00,2026-08-10 12:05:00,54061.0,54107.0,-26.5
"ATR_Vol_Breakout(14,k=1.5)",LONG,2026-08-10 12:05:00,2026-08-10 12:35:00,54107.0,54070.0,-22.0
"ATR_Vol_Breakout(14,k=1.5)",SHORT,2026-08-10 12:35:00,2026-08-10 13:00:00,54070.0,54066.0,-1.5
"ATR_Vol_Breakout(14,k=1.5)",LONG,2026-08-10 13:00:00,2026-08-10 13:20:00,54066.0,54013.0,-30.0
"ATR_Vol_Breakout(14,k=1.5)",SHORT,2026-08-10 13:20:00,2026-08-10 20:00:00,54013.0,54064.0,-29.0
"ATR_Vol_Breakout(14,k=1.5)",LONG,2026-08-10 20:00:00,2026-08-11 05:50:00,54064.0,54051.0,-10.0
"ATR_Vol_Breakout(14,k=1.5)",SHORT,2026-08-11 05:50:00,2026-08-11 06:05:00,54051.0,54058.0,-7.0
"ATR_Vol_Breakout(14,k=1.5)",LONG,2026-08-11 06:05:00,2026-08-11 06:20:00,54058.0,54017.0,-24.0
"ATR_Vol_Breakout(14,k=1.5)",SHORT,2026-08-11 06:20:00,2026-08-11 06:40:00,54017.0,54012.0,-1.0
"ATR_Vol_Breakout(14,k=1.5)",LONG,2026-08-11 06:40:00,2026-08-11 12:25:00,54012.0,54080.0,30.5
"ATR_Vol_Breakout(14,k=1.5)",SHORT,2026-08-11 12:25:00,2026-08-11 13:40:00,54080.0,54221.0,-74.0
"ATR_Vol_Breakout(14,k=1.5)",LONG,2026-08-11 13:40:00,2026-08-11 14:10:00,54221.0,54175.0,-26.5
"ATR_Vol_Breakout(14,k=1.5)",SHORT,2026-08-11 14:10:00,2026-08-12 04:50:00,54175.0,53899.0,134.5
"ATR_Vol_Breakout(14,k=1.5)",LONG,2026-08-12 04:50:00,2026-08-12 06:10:00,53899.0,53886.0,-10.0
"ATR_Vol_Breakout(14,k=1.5)",SHORT,2026-08-12 06:10:00,2026-08-12 06:25:00,53886.0,53891.0,-6.0
"ATR_Vol_Breakout(14,k=1.5)",LONG,2026-08-12 06:25:00,2026-08-12 06:45:00,53891.0,53900.0,1.0
"ATR_Vol_Breakout(14,k=1.5)",SHORT,2026-08-12 06:45:00,2026-08-12 09:25:00,53900.0,53956.0,-31.5
"ATR_Vol_Breakout(14,k=1.5)",LONG,2026-08-12 09:25:00,2026-08-12 09:55:00,53956.0,53935.0,-14.0
"ATR_Vol_Breakout(14,k=1.5)",SHORT,2026-08-12 09:55:00,2026-08-12 12:15:00,53935.0,53984.0,-28.0
"ATR_Vol_Breakout(14,k=1.5)",LONG,2026-08-12 12:15:00,2026-08-12 13:35:00,53984.0,53977.0,-7.0
"ATR_Vol_Breakout(14,k=1.5)",SHORT,2026-08-12 13:35:00,2026-08-13 02:45:00,53977.0,53841.0,64.5
"ATR_Vol_Breakout(14,k=1.5)",LONG,2026-08-13 02:45:00,2026-08-13 12:00:00,53841.0,54008.0,80.0
"ATR_Vol_Breakout(14,k=1.5)",SHORT,2026-08-13 12:00:00,2026-08-13 12:40:00,54008.0,54033.0,-16.0
"ATR_Vol_Breakout(14,k=1.5)",LONG,2026-08-13 12:40:00,2026-08-13 13:35:00,54033.0,53971.0,-34.5
"ATR_Vol_Breakout(14,k=1.5)",SHORT,2026-08-13 13:35:00,2026-08-13 13:40:00,53971.0,54027.0,-31.5
"ATR_Vol_Breakout(14,k=1.5)",LONG,2026-08-13 13:40:00,2026-08-14 06:00:00,54027.0,53944.0,-45.0
"ATR_Vol_Breakout(14,k=1.5)",SHORT,2026-08-14 06:00:00,2026-08-14 07:45:00,53944.0,53884.0,26.5
"ATR_Vol_Breakout(14,k=1.5)",LONG,2026-08-14 07:45:00,2026-08-14 08:10:00,53884.0,53846.0,-22.5
"ATR_Vol_Breakout(14,k=1.5)",SHORT,2026-08-14 08:10:00,2026-08-14 09:45:00,53846.0,53859.0,-10.0
"ATR_Vol_Breakout(14,k=1.5)",LONG,2026-08-14 09:45:00,2026-08-14 11:05:00,53859.0,53830.0,-18.0
"ATR_Vol_Breakout(14,k=1.5)",SHORT,2026-08-14 11:05:00,2026-08-16 22:10:00,53830.0,53816.0,3.5
"ATR_Vol_Breakout(14,k=1.5)",LONG,2026-08-16 22:10:00,2026-08-17 00:10:00,53816.0,53806.0,-8.5
"ATR_Vol_Breakout(14,k=1.5)",SHORT,2026-08-17 00:10:00,2026-08-17 05:35:00,53806.0,53764.0,17.5
"ATR_Vol_Breakout(14,k=1.5)",LONG,2026-08-17 05:35:00,2026-08-17 06:40:00,53764.0,53760.0,-5.5
"ATR_Vol_Breakout(14,k=1.5)",SHORT,2026-08-17 06:40:00,2026-08-17 07:30:00,53760.0,53765.0,-6.0
"ATR_Vol_Breakout(14,k=1.5)",LONG,2026-08-17 07:30:00,2026-08-17 08:05:00,53765.0,53724.0,-24.0
"ATR_Vol_Breakout(14,k=1.5)",SHORT,2026-08-17 08:05:00,2026-08-17 10:30:00,53724.0,53801.0,-42.0
"ATR_Vol_Breakout(14,k=1.5)",LONG,2026-08-17 10:30:00,2026-08-17 10:35:00,53801.0,53742.0,-33.0
"ATR_Vol_Breakout(14,k=1.5)",SHORT,2026-08-17 10:35:00,2026-08-17 13:35:00,53742.0,53624.0,55.5
"ATR_Vol_Breakout(14,k=1.5)",LONG,2026-08-17 13:35:00,2026-08-17 13:55:00,53624.0,53632.0,0.5
"Supertrend(10,m=3.0)",LONG,2026-05-31 23:00:00,2026-06-01 03:45:00,51094.0,51120.0,9.5
"Supertrend(10,m=3.0)",SHORT,2026-06-01 03:45:00,2026-06-01 07:10:00,51120.0,51136.0,-11.5
"Supertrend(10,m=3.0)",LONG,2026-06-01 07:10:00,2026-06-01 12:05:00,51136.0,51278.0,67.5
"Supertrend(10,m=3.0)",SHORT,2026-06-01 12:05:00,2026-06-01 17:30:00,51278.0,51020.0,125.5
"Supertrend(10,m=3.0)",LONG,2026-06-01 17:30:00,2026-06-01 22:05:00,51020.0,51064.0,18.5
"Supertrend(10,m=3.0)",SHORT,2026-06-01 22:05:00,2026-06-02 04:05:00,51064.0,50932.0,62.5
"Supertrend(10,m=3.0)",LONG,2026-06-02 04:05:00,2026-06-02 08:30:00,50932.0,51004.0,32.5
"Supertrend(10,m=3.0)",SHORT,2026-06-02 08:30:00,2026-06-02 13:35:00,51004.0,51216.0,-109.5
"Supertrend(10,m=3.0)",LONG,2026-06-02 13:35:00,2026-06-02 13:55:00,51216.0,51028.0,-97.5
"Supertrend(10,m=3.0)",SHORT,2026-06-02 13:55:00,2026-06-02 15:00:00,51028.0,51216.0,-97.5
"Supertrend(10,m=3.0)",LONG,2026-06-02 15:00:00,2026-06-02 23:05:00,51216.0,51370.0,73.5
"Supertrend(10,m=3.0)",SHORT,2026-06-02 23:05:00,2026-06-02 23:45:00,51370.0,51381.0,-9.0
"Supertrend(10,m=3.0)",LONG,2026-06-02 23:45:00,2026-06-03 05:30:00,51381.0,51358.0,-15.0
"Supertrend(10,m=3.0)",SHORT,2026-06-03 05:30:00,2026-06-03 11:20:00,51358.0,51250.0,50.5
"Supertrend(10,m=3.0)",LONG,2026-06-03 11:20:00,2026-06-03 12:25:00,51250.0,51205.0,-26.0
"Supertrend(10,m=3.0)",SHORT,2026-06-03 12:25:00,2026-06-03 13:35:00,51205.0,51219.0,-10.5
"Supertrend(10,m=3.0)",LONG,2026-06-03 13:35:00,2026-06-03 14:15:00,51219.0,51034.0,-96.0
"Supertrend(10,m=3.0)",SHORT,2026-06-03 14:15:00,2026-06-03 23:00:00,51034.0,50844.0,91.5
"Supertrend(10,m=3.0)",LONG,2026-06-03 23:00:00,2026-06-04 02:20:00,50844.0,50770.0,-40.5
"Supertrend(10,m=3.0)",SHORT,2026-06-04 02:20:00,2026-06-04 04:25:00,50770.0,50810.0,-23.5
"Supertrend(10,m=3.0)",LONG,2026-06-04 04:25:00,2026-06-04 17:15:00,50810.0,51591.0,387.0
"Supertrend(10,m=3.0)",SHORT,2026-06-04 17:15:00,2026-06-04 18:35:00,51591.0,51662.0,-39.0
"Supertrend(10,m=3.0)",LONG,2026-06-04 18:35:00,2026-06-04 20:45:00,51662.0,51653.0,-8.0
"Supertrend(10,m=3.0)",SHORT,2026-06-04 20:45:00,2026-06-05 04:55:00,51653.0,51634.0,6.0
"Supertrend(10,m=3.0)",LONG,2026-06-05 04:55:00,2026-06-05 12:20:00,51634.0,51700.0,29.5
"Supertrend(10,m=3.0)",SHORT,2026-06-05 12:20:00,2026-06-05 12:50:00,51700.0,51766.0,-36.5
"Supertrend(10,m=3.0)",LONG,2026-06-05 12:50:00,2026-06-05 13:40:00,51766.0,51537.0,-118.0
"Supertrend(10,m=3.0)",SHORT,2026-06-05 13:40:00,2026-06-07 22:10:00,51537.0,50733.0,398.5
"Supertrend(10,m=3.0)",LONG,2026-06-07 22:10:00,2026-06-08 01:20:00,50733.0,50784.0,22.0
"Supertrend(10,m=3.0)",SHORT,2026-06-08 01:20:00,2026-06-08 06:30:00,50784.0,50786.0,-4.5
"Supertrend(10,m=3.0)",LONG,2026-06-08 06:30:00,2026-06-08 13:15:00,50786.0,50986.0,96.5
"Supertrend(10,m=3.0)",SHORT,2026-06-08 13:15:00,2026-06-08 13:35:00,50986.0,51168.0,-94.5
"Supertrend(10,m=3.0)",LONG,2026-06-08 13:35:00,2026-06-08 15:35:00,51168.0,50956.0,-109.5
"Supertrend(10,m=3.0)",SHORT,2026-06-08 15:35:00,2026-06-09 01:25:00,50956.0,50819.0,65.0
"Supertrend(10,m=3.0)",LONG,2026-06-09 01:25:00,2026-06-09 06:55:00,50819.0,50864.0,19.0
"Supertrend(10,m=3.0)",SHORT,2026-06-09 06:55:00,2026-06-09 07:05:00,50864.0,50938.0,-40.5
"Supertrend(10,m=3.0)",LONG,2026-06-09 07:05:00,2026-06-09 07:30:00,50938.0,50858.0,-43.5
"Supertrend(10,m=3.0)",SHORT,2026-06-09 07:30:00,2026-06-09 08:40:00,50858.0,50969.0,-59.0
"Supertrend(10,m=3.0)",LONG,2026-06-09 08:40:00,2026-06-09 12:00:00,50969.0,50918.0,-29.0
"Supertrend(10,m=3.0)",SHORT,2026-06-09 12:00:00,2026-06-09 12:35:00,50918.0,51032.0,-60.5
"Supertrend(10,m=3.0)",LONG,2026-06-09 12:35:00,2026-06-09 14:15:00,51032.0,51087.0,24.0
"Supertrend(10,m=3.0)",SHORT,2026-06-09 14:15:00,2026-06-09 17:40:00,51087.0,50723.0,178.5
"Supertrend(10,m=3.0)",LONG,2026-06-09 17:40:00,2026-06-09 22:55:00,50723.0,50749.0,9.5
"Supertrend(10,m=3.0)",SHORT,2026-06-09 22:55:00,2026-06-10 00:05:00,50749.0,50843.0,-50.5
"Supertrend(10,m=3.0)",LONG,2026-06-10 00:05:00,2026-06-10 04:10:00,50843.0,50790.0,-30.0
"Supertrend(10,m=3.0)",SHORT,2026-06-10 04:10:00,2026-06-10 05:30:00,50790.0,50828.0,-22.5
"Supertrend(10,m=3.0)",LONG,2026-06-10 05:30:00,2026-06-10 07:10:00,50828.0,50780.0,-27.5
"Supertrend(10,m=3.0)",SHORT,2026-06-10 07:10:00,2026-06-10 12:35:00,50780.0,50617.0,78.0
"Supertrend(10,m=3.0)",LONG,2026-06-10 12:35:00,2026-06-10 14:55:00,50617.0,50513.0,-55.5
"Supertrend(10,m=3.0)",SHORT,2026-06-10 14:55:00,2026-06-10 18:05:00,50513.0,50378.0,64.0
"Supertrend(10,m=3.0)",LONG,2026-06-10 18:05:00,2026-06-10 19:05:00,50378.0,50113.0,-136.0
"Supertrend(10,m=3.0)",SHORT,2026-06-10 19:05:00,2026-06-11 00:50:00,50113.0,49941.0,82.5
"Supertrend(10,m=3.0)",LONG,2026-06-11 00:50:00,2026-06-11 06:10:00,49941.0,50079.0,65.5
"Supertrend(10,m=3.0)",SHORT,2026-06-11 06:10:00,2026-06-11 06:40:00,50079.0,50163.0,-45.5
"Supertrend(10,m=3.0)",LONG,2026-06-11 06:40:00,2026-06-11 11:10:00,50163.0,50301.0,65.5
"Supertrend(10,m=3.0)",SHORT,2026-06-11 11:10:00,2026-06-11 12:00:00,50301.0,50388.0,-47.0
"Supertrend(10,m=3.0)",LONG,2026-06-11 12:00:00,2026-06-11 12:25:00,50388.0,50204.0,-95.5
"Supertrend(10,m=3.0)",SHORT,2026-06-11 12:25:00,2026-06-11 13:55:00,50204.0,50430.0,-116.5
"Supertrend(10,m=3.0)",LONG,2026-06-11 13:55:00,2026-06-12 00:45:00,50430.0,50910.0,236.5
"Supertrend(10,m=3.0)",SHORT,2026-06-12 00:45:00,2026-06-12 02:05:00,50910.0,50932.0,-14.5
"Supertrend(10,m=3.0)",LONG,2026-06-12 02:05:00,2026-06-12 03:25:00,50932.0,50875.0,-32.0
"Supertrend(10,m=3.0)",SHORT,2026-06-12 03:25:00,2026-06-12 05:30:00,50875.0,50934.0,-33.0
"Supertrend(10,m=3.0)",LONG,2026-06-12 05:30:00,2026-06-12 06:00:00,50934.0,50898.0,-21.5
"Supertrend(10,m=3.0)",SHORT,2026-06-12 06:00:00,2026-06-12 07:35:00,50898.0,51246.0,-177.5
"Supertrend(10,m=3.0)",LONG,2026-06-12 07:35:00,2026-06-12 10:25:00,51246.0,51550.0,148.5
"Supertrend(10,m=3.0)",SHORT,2026-06-12 10:25:00,2026-06-12 11:55:00,51550.0,51649.0,-53.0
"Supertrend(10,m=3.0)",LONG,2026-06-12 11:55:00,2026-06-12 12:40:00,51649.0,51507.0,-74.5
"Supertrend(10,m=3.0)",SHORT,2026-06-12 12:40:00,2026-06-12 13:20:00,51507.0,51562.0,-31.0
"Supertrend(10,m=3.0)",LONG,2026-06-12 13:20:00,2026-06-12 13:45:00,51562.0,51288.0,-140.5
"Supertrend(10,m=3.0)",SHORT,2026-06-12 13:45:00,2026-06-12 14:40:00,51288.0,51530.0,-124.5
"Supertrend(10,m=3.0)",LONG,2026-06-12 14:40:00,2026-06-12 16:00:00,51530.0,51506.0,-15.5
"Supertrend(10,m=3.0)",SHORT,2026-06-12 16:00:00,2026-06-14 22:15:00,51506.0,51954.0,-227.5
"Supertrend(10,m=3.0)",LONG,2026-06-14 22:15:00,2026-06-15 06:55:00,51954.0,52093.0,66.0
"Supertrend(10,m=3.0)",SHORT,2026-06-15 06:55:00,2026-06-15 07:40:00,52093.0,52148.0,-31.0
"Supertrend(10,m=3.0)",LONG,2026-06-15 07:40:00,2026-06-15 08:10:00,52148.0,52088.0,-33.5
"Supertrend(10,m=3.0)",SHORT,2026-06-15 08:10:00,2026-06-15 11:15:00,52088.0,52112.0,-15.5
"Supertrend(10,m=3.0)",LONG,2026-06-15 11:15:00,2026-06-15 12:20:00,52112.0,52076.0,-21.5
"Supertrend(10,m=3.0)",SHORT,2026-06-15 12:20:00,2026-06-15 12:50:00,52076.0,52152.0,-41.5
"Supertrend(10,m=3.0)",LONG,2026-06-15 12:50:00,2026-06-15 18:05:00,52152.0,52250.0,45.5
"Supertrend(10,m=3.0)",SHORT,2026-06-15 18:05:00,2026-06-16 01:05:00,52250.0,52141.0,51.0
"Supertrend(10,m=3.0)",LONG,2026-06-16 01:05:00,2026-06-16 04:10:00,52141.0,52141.0,-3.5
"Supertrend(10,m=3.0)",SHORT,2026-06-16 04:10:00,2026-06-16 05:10:00,52141.0,52160.0,-13.0
"Supertrend(10,m=3.0)",LONG,2026-06-16 05:10:00,2026-06-16 05:35:00,52160.0,52125.0,-21.0
"Supertrend(10,m=3.0)",SHORT,2026-06-16 05:35:00,2026-06-16 07:00:00,52125.0,52180.0,-31.0
"Supertrend(10,m=3.0)",LONG,2026-06-16 07:00:00,2026-06-16 08:35:00,52180.0,52170.0,-8.5
"Supertrend(10,m=3.0)",SHORT,2026-06-16 08:35:00,2026-06-16 10:10:00,52170.0,52191.0,-14.0
"Supertrend(10,m=3.0)",LONG,2026-06-16 10:10:00,2026-06-16 14:00:00,52191.0,52349.0,75.5
"Supertrend(10,m=3.0)",SHORT,2026-06-16 14:00:00,2026-06-16 15:35:00,52349.0,52529.0,-93.5
"Supertrend(10,m=3.0)",LONG,2026-06-16 15:35:00,2026-06-16 19:05:00,52529.0,52510.0,-13.0
"Supertrend(10,m=3.0)",SHORT,2026-06-16 19:05:00,2026-06-16 22:55:00,52510.0,52518.0,-7.5
"Supertrend(10,m=3.0)",LONG,2026-06-16 22:55:00,2026-06-17 02:35:00,52518.0,52522.0,-1.5
"Supertrend(10,m=3.0)",SHORT,2026-06-17 02:35:00,2026-06-17 03:50:00,52522.0,52534.0,-9.5
"Supertrend(10,m=3.0)",LONG,2026-06-17 03:50:00,2026-06-17 04:40:00,52534.0,52513.0,-14.0
"Supertrend(10,m=3.0)",SHORT,2026-06-17 04:40:00,2026-06-17 06:40:00,52513.0,52514.0,-4.0
"Supertrend(10,m=3.0)",LONG,2026-06-17 06:40:00,2026-06-17 07:30:00,52514.0,52465.0,-28.0
"Supertrend(10,m=3.0)",SHORT,2026-06-17 07:30:00,2026-06-17 13:35:00,52465.0,52513.0,-27.5
"Supertrend(10,m=3.0)",LONG,2026-06-17 13:35:00,2026-06-17 15:10:00,52513.0,52541.0,10.5
"Supertrend(10,m=3.0)",SHORT,2026-06-17 15:10:00,2026-06-17 23:25:00,52541.0,52154.0,190.0
"Supertrend(10,m=3.0)",LONG,2026-06-17 23:25:00,2026-06-18 04:45:00,52154.0,52199.0,19.0
"Supertrend(10,m=3.0)",SHORT,2026-06-18 04:45:00,2026-06-18 06:50:00,52199.0,52230.0,-19.0
"Supertrend(10,m=3.0)",LONG,2026-06-18 06:50:00,2026-06-18 08:55:00,52230.0,52169.0,-34.0
"Supertrend(10,m=3.0)",SHORT,2026-06-18 08:55:00,2026-06-18 09:50:00,52169.0,52254.0,-46.0
"Supertrend(10,m=3.0)",LONG,2026-06-18 09:50:00,2026-06-18 10:45:00,52254.0,52151.0,-55.0
"Supertrend(10,m=3.0)",SHORT,2026-06-18 10:45:00,2026-06-18 12:25:00,52151.0,52165.0,-10.5
"Supertrend(10,m=3.0)",LONG,2026-06-18 12:25:00,2026-06-18 13:45:00,52165.0,52176.0,2.0
"Supertrend(10,m=3.0)",SHORT,2026-06-18 13:45:00,2026-06-18 17:20:00,52176.0,52179.0,-5.0
"Supertrend(10,m=3.0)",LONG,2026-06-18 17:20:00,2026-06-18 18:05:00,52179.0,52036.0,-75.0
"Supertrend(10,m=3.0)",SHORT,2026-06-18 18:05:00,2026-06-21 22:25:00,52036.0,51851.0,89.0
"Supertrend(10,m=3.0)",LONG,2026-06-21 22:25:00,2026-06-21 23:55:00,51851.0,51737.0,-60.5
"Supertrend(10,m=3.0)",SHORT,2026-06-21 23:55:00,2026-06-22 00:20:00,51737.0,51877.0,-73.5
"Supertrend(10,m=3.0)",LONG,2026-06-22 00:20:00,2026-06-22 02:45:00,51877.0,51853.0,-15.5
"Supertrend(10,m=3.0)",SHORT,2026-06-22 02:45:00,2026-06-22 05:30:00,51853.0,51862.0,-8.0
"Supertrend(10,m=3.0)",LONG,2026-06-22 05:30:00,2026-06-22 22:00:00,51862.0,52165.0,148.0
"Supertrend(10,m=3.0)",SHORT,2026-06-22 22:00:00,2026-06-23 00:45:00,52165.0,52235.0,-38.5
"Supertrend(10,m=3.0)",LONG,2026-06-23 00:45:00,2026-06-23 01:45:00,52235.0,52168.0,-37.0
"Supertrend(10,m=3.0)",SHORT,2026-06-23 01:45:00,2026-06-23 09:30:00,52168.0,51844.0,158.5
"Supertrend(10,m=3.0)",LONG,2026-06-23 09:30:00,2026-06-23 10:35:00,51844.0,51837.0,-7.0
"Supertrend(10,m=3.0)",SHORT,2026-06-23 10:35:00,2026-06-23 11:50:00,51837.0,51919.0,-44.5
"Supertrend(10,m=3.0)",LONG,2026-06-23 11:50:00,2026-06-23 13:35:00,51919.0,51804.0,-61.0
"Supertrend(10,m=3.0)",SHORT,2026-06-23 13:35:00,2026-06-23 13:45:00,51804.0,51908.0,-55.5
"Supertrend(10,m=3.0)",LONG,2026-06-23 13:45:00,2026-06-23 18:30:00,51908.0,52139.0,112.0
"Supertrend(10,m=3.0)",SHORT,2026-06-23 18:30:00,2026-06-23 23:50:00,52139.0,52104.0,14.0
"Supertrend(10,m=3.0)",LONG,2026-06-23 23:50:00,2026-06-24 02:55:00,52104.0,52013.0,-49.0
"Supertrend(10,m=3.0)",SHORT,2026-06-24 02:55:00,2026-06-24 04:45:00,52013.0,52077.0,-35.5
"Supertrend(10,m=3.0)",LONG,2026-06-24 04:45:00,2026-06-24 05:10:00,52077.0,52017.0,-33.5
"Supertrend(10,m=3.0)",SHORT,2026-06-24 05:10:00,2026-06-24 10:45:00,52017.0,52064.0,-27.0
"Supertrend(10,m=3.0)",LONG,2026-06-24 10:45:00,2026-06-24 12:45:00,52064.0,52070.0,-0.5
"Supertrend(10,m=3.0)",SHORT,2026-06-24 12:45:00,2026-06-24 13:35:00,52070.0,52118.0,-27.5
"Supertrend(10,m=3.0)",LONG,2026-06-24 13:35:00,2026-06-24 17:10:00,52118.0,52412.0,143.5
"Supertrend(10,m=3.0)",SHORT,2026-06-24 17:10:00,2026-06-24 18:35:00,52412.0,52411.0,-3.0
"Supertrend(10,m=3.0)",LONG,2026-06-24 18:35:00,2026-06-24 19:40:00,52411.0,52205.0,-106.5
"Supertrend(10,m=3.0)",SHORT,2026-06-24 19:40:00,2026-06-24 20:40:00,52205.0,52390.0,-96.0
"Supertrend(10,m=3.0)",LONG,2026-06-24 20:40:00,2026-06-25 00:35:00,52390.0,52280.0,-58.5
"Supertrend(10,m=3.0)",SHORT,2026-06-25 00:35:00,2026-06-25 04:00:00,52280.0,52299.0,-13.0
"Supertrend(10,m=3.0)",LONG,2026-06-25 04:00:00,2026-06-25 04:35:00,52299.0,52242.0,-32.0
"Supertrend(10,m=3.0)",SHORT,2026-06-25 04:35:00,2026-06-25 06:10:00,52242.0,52290.0,-27.5
"Supertrend(10,m=3.0)",LONG,2026-06-25 06:10:00,2026-06-25 11:55:00,52290.0,52352.0,27.5
"Supertrend(10,m=3.0)",SHORT,2026-06-25 11:55:00,2026-06-25 12:35:00,52352.0,52422.0,-38.5
"Supertrend(10,m=3.0)",LONG,2026-06-25 12:35:00,2026-06-25 15:15:00,52422.0,52678.0,124.5
"Supertrend(10,m=3.0)",SHORT,2026-06-25 15:15:00,2026-06-25 20:20:00,52678.0,52478.0,96.5
"Supertrend(10,m=3.0)",LONG,2026-06-25 20:20:00,2026-06-25 23:40:00,52478.0,52434.0,-25.5
"Supertrend(10,m=3.0)",SHORT,2026-06-25 23:40:00,2026-06-26 00:30:00,52434.0,52463.0,-18.0
"Supertrend(10,m=3.0)",LONG,2026-06-26 00:30:00,2026-06-26 01:35:00,52463.0,52351.0,-59.5
"Supertrend(10,m=3.0)",SHORT,2026-06-26 01:35:00,2026-06-26 06:15:00,52351.0,52262.0,41.0
"Supertrend(10,m=3.0)",LONG,2026-06-26 06:15:00,2026-06-26 08:50:00,52262.0,52340.0,35.5
"Supertrend(10,m=3.0)",SHORT,2026-06-26 08:50:00,2026-06-26 12:15:00,52340.0,52364.0,-15.5
"Supertrend(10,m=3.0)",LONG,2026-06-26 12:15:00,2026-06-26 12:40:00,52364.0,52246.0,-62.5
"Supertrend(10,m=3.0)",SHORT,2026-06-26 12:40:00,2026-06-26 14:10:00,52246.0,52297.0,-29.0
"Supertrend(10,m=3.0)",LONG,2026-06-26 14:10:00,2026-06-26 16:25:00,52297.0,52277.0,-13.5
"Supertrend(10,m=3.0)",SHORT,2026-06-26 16:25:00,2026-06-28 23:10:00,52277.0,52393.0,-61.5
"Supertrend(10,m=3.0)",LONG,2026-06-28 23:10:00,2026-06-29 00:10:00,52393.0,52349.0,-25.5
"Supertrend(10,m=3.0)",SHORT,2026-06-29 00:10:00,2026-06-29 03:05:00,52349.0,52384.0,-21.0
"Supertrend(10,m=3.0)",LONG,2026-06-29 03:05:00,2026-06-29 03:40:00,52384.0,52320.0,-35.5
"Supertrend(10,m=3.0)",SHORT,2026-06-29 03:40:00,2026-06-29 05:35:00,52320.0,52392.0,-39.5
"Supertrend(10,m=3.0)",LONG,2026-06-29 05:35:00,2026-06-29 06:55:00,52392.0,52362.0,-18.5
"Supertrend(10,m=3.0)",SHORT,2026-06-29 06:55:00,2026-06-29 07:30:00,52362.0,52404.0,-24.5
"Supertrend(10,m=3.0)",LONG,2026-06-29 07:30:00,2026-06-29 09:55:00,52404.0,52356.0,-27.5
"Supertrend(10,m=3.0)",SHORT,2026-06-29 09:55:00,2026-06-29 10:40:00,52356.0,52433.0,-42.0
"Supertrend(10,m=3.0)",LONG,2026-06-29 10:40:00,2026-06-29 14:15:00,52433.0,52334.0,-53.0
"Supertrend(10,m=3.0)",SHORT,2026-06-29 14:15:00,2026-06-29 17:55:00,52334.0,52611.0,-142.0
"Supertrend(10,m=3.0)",LONG,2026-06-29 17:55:00,2026-06-29 22:00:00,52611.0,52554.0,-32.0
"Supertrend(10,m=3.0)",SHORT,2026-06-29 22:00:00,2026-06-30 01:30:00,52554.0,52534.0,6.5
"Supertrend(10,m=3.0)",LONG,2026-06-30 01:30:00,2026-06-30 06:45:00,52534.0,52559.0,9.0
"Supertrend(10,m=3.0)",SHORT,2026-06-30 06:45:00,2026-06-30 07:05:00,52559.0,52620.0,-34.0
"Supertrend(10,m=3.0)",LONG,2026-06-30 07:05:00,2026-06-30 08:40:00,52620.0,52564.0,-31.5
"Supertrend(10,m=3.0)",SHORT,2026-06-30 08:40:00,2026-06-30 09:05:00,52564.0,52619.0,-31.0
"Supertrend(10,m=3.0)",LONG,2026-06-30 09:05:00,2026-06-30 12:00:00,52619.0,52615.0,-5.5
"Supertrend(10,m=3.0)",SHORT,2026-06-30 12:00:00,2026-06-30 13:30:00,52615.0,52658.0,-25.0
"Supertrend(10,m=3.0)",LONG,2026-06-30 13:30:00,2026-06-30 13:35:00,52658.0,52401.0,-132.0
"Supertrend(10,m=3.0)",SHORT,2026-06-30 13:35:00,2026-06-30 14:30:00,52401.0,52642.0,-124.0
"Supertrend(10,m=3.0)",LONG,2026-06-30 14:30:00,2026-06-30 20:20:00,52642.0,52640.0,-4.5
"Supertrend(10,m=3.0)",SHORT,2026-06-30 20:20:00,2026-07-01 00:35:00,52640.0,52616.0,8.5
"Supertrend(10,m=3.0)",LONG,2026-07-01 00:35:00,2026-07-01 01:05:00,52616.0,52565.0,-29.0
"Supertrend(10,m=3.0)",SHORT,2026-07-01 01:05:00,2026-07-01 04:45:00,52565.0,52511.0,23.5
"Supertrend(10,m=3.0)",LONG,2026-07-01 04:45:00,2026-07-01 07:10:00,52511.0,52484.0,-17.0
"Supertrend(10,m=3.0)",SHORT,2026-07-01 07:10:00,2026-07-01 08:10:00,52484.0,52520.0,-21.5
"Supertrend(10,m=3.0)",LONG,2026-07-01 08:10:00,2026-07-01 11:55:00,52520.0,52508.0,-9.5
"Supertrend(10,m=3.0)",SHORT,2026-07-01 11:55:00,2026-07-01 13:20:00,52508.0,52583.0,-41.0
"Supertrend(10,m=3.0)",LONG,2026-07-01 13:20:00,2026-07-01 13:35:00,52583.0,52416.0,-87.0
"Supertrend(10,m=3.0)",SHORT,2026-07-01 13:35:00,2026-07-01 13:55:00,52416.0,52641.0,-116.0
"Supertrend(10,m=3.0)",LONG,2026-07-01 13:55:00,2026-07-01 16:55:00,52641.0,52908.0,130.0
"Supertrend(10,m=3.0)",SHORT,2026-07-01 16:55:00,2026-07-02 01:30:00,52908.0,52642.0,129.5
"Supertrend(10,m=3.0)",LONG,2026-07-02 01:30:00,2026-07-02 04:30:00,52642.0,52685.0,18.0
"Supertrend(10,m=3.0)",SHORT,2026-07-02 04:30:00,2026-07-02 07:45:00,52685.0,52642.0,18.0
"Supertrend(10,m=3.0)",LONG,2026-07-02 07:45:00,2026-07-02 17:05:00,52642.0,52857.0,104.0
"Supertrend(10,m=3.0)",SHORT,2026-07-02 17:05:00,2026-07-02 18:35:00,52857.0,52980.0,-65.0
"Supertrend(10,m=3.0)",LONG,2026-07-02 18:35:00,2026-07-03 02:40:00,52980.0,53323.0,168.0
"Supertrend(10,m=3.0)",SHORT,2026-07-03 02:40:00,2026-07-05 23:55:00,53323.0,53234.0,41.0
"Supertrend(10,m=3.0)",LONG,2026-07-05 23:55:00,2026-07-06 01:20:00,53234.0,53266.0,12.5
"Supertrend(10,m=3.0)",SHORT,2026-07-06 01:20:00,2026-07-06 05:20:00,53266.0,53204.0,27.5
"Supertrend(10,m=3.0)",LONG,2026-07-06 05:20:00,2026-07-06 09:20:00,53204.0,53195.0,-8.0
"Supertrend(10,m=3.0)",SHORT,2026-07-06 09:20:00,2026-07-06 13:30:00,53195.0,53260.0,-36.0
"Supertrend(10,m=3.0)",LONG,2026-07-06 13:30:00,2026-07-06 13:55:00,53260.0,53102.0,-82.5
"Supertrend(10,m=3.0)",SHORT,2026-07-06 13:55:00,2026-07-06 18:25:00,53102.0,53286.0,-95.5
"Supertrend(10,m=3.0)",LONG,2026-07-06 18:25:00,2026-07-06 22:00:00,53286.0,53405.0,56.0
"Supertrend(10,m=3.0)",SHORT,2026-07-06 22:00:00,2026-07-07 01:10:00,53405.0,53430.0,-16.0
"Supertrend(10,m=3.0)",LONG,2026-07-07 01:10:00,2026-07-07 04:40:00,53430.0,53391.0,-23.0
"Supertrend(10,m=3.0)",SHORT,2026-07-07 04:40:00,2026-07-07 06:00:00,53391.0,53405.0,-10.5
"Supertrend(10,m=3.0)",LONG,2026-07-07 06:00:00,2026-07-07 06:15:00,53405.0,53364.0,-24.0
"Supertrend(10,m=3.0)",SHORT,2026-07-07 06:15:00,2026-07-07 07:10:00,53364.0,53410.0,-26.5
"Supertrend(10,m=3.0)",LONG,2026-07-07 07:10:00,2026-07-07 10:55:00,53410.0,53434.0,8.5
"Supertrend(10,m=3.0)",SHORT,2026-07-07 10:55:00,2026-07-07 11:20:00,53434.0,53507.0,-40.0
"Supertrend(10,m=3.0)",LONG,2026-07-07 11:20:00,2026-07-07 13:35:00,53507.0,53503.0,-5.5
"Supertrend(10,m=3.0)",SHORT,2026-07-07 13:35:00,2026-07-08 01:00:00,53503.0,53198.0,149.0
"Supertrend(10,m=3.0)",LONG,2026-07-08 01:00:00,2026-07-08 02:30:00,53198.0,53124.0,-40.5
"Supertrend(10,m=3.0)",SHORT,2026-07-08 02:30:00,2026-07-08 10:40:00,53124.0,52627.0,245.0
"Supertrend(10,m=3.0)",LONG,2026-07-08 10:40:00,2026-07-08 14:15:00,52627.0,52620.0,-7.0
"Supertrend(10,m=3.0)",SHORT,2026-07-08 14:15:00,2026-07-08 16:45:00,52620.0,52577.0,18.0
"Supertrend(10,m=3.0)",LONG,2026-07-08 16:45:00,2026-07-09 07:25:00,52577.0,52685.0,50.5
"Supertrend(10,m=3.0)",SHORT,2026-07-09 07:25:00,2026-07-09 12:05:00,52685.0,52607.0,35.5
"Supertrend(10,m=3.0)",LONG,2026-07-09 12:05:00,2026-07-09 13:35:00,52607.0,52602.0,-6.0
"Supertrend(10,m=3.0)",SHORT,2026-07-09 13:35:00,2026-07-09 14:40:00,52602.0,52761.0,-83.0
"Supertrend(10,m=3.0)",LONG,2026-07-09 14:40:00,2026-07-09 18:40:00,52761.0,52756.0,-6.0
"Supertrend(10,m=3.0)",SHORT,2026-07-09 18:40:00,2026-07-10 03:10:00,52756.0,52761.0,-6.0
"Supertrend(10,m=3.0)",LONG,2026-07-10 03:10:00,2026-07-10 04:25:00,52761.0,52717.0,-25.5
"Supertrend(10,m=3.0)",SHORT,2026-07-10 04:25:00,2026-07-10 05:50:00,52717.0,52733.0,-11.5
"Supertrend(10,m=3.0)",LONG,2026-07-10 05:50:00,2026-07-10 07:55:00,52733.0,52789.0,24.5
"Supertrend(10,m=3.0)",SHORT,2026-07-10 07:55:00,2026-07-10 08:10:00,52789.0,52849.0,-33.5
"Supertrend(10,m=3.0)",LONG,2026-07-10 08:10:00,2026-07-10 08:55:00,52849.0,52774.0,-41.0
"Supertrend(10,m=3.0)",SHORT,2026-07-10 08:55:00,2026-07-10 10:10:00,52774.0,52859.0,-46.0
"Supertrend(10,m=3.0)",LONG,2026-07-10 10:10:00,2026-07-10 11:35:00,52859.0,52821.0,-22.5
"Supertrend(10,m=3.0)",SHORT,2026-07-10 11:35:00,2026-07-10 12:15:00,52821.0,52898.0,-42.0
"Supertrend(10,m=3.0)",LONG,2026-07-10 12:15:00,2026-07-10 13:35:00,52898.0,52801.0,-52.0
"Supertrend(10,m=3.0)",SHORT,2026-07-10 13:35:00,2026-07-10 17:15:00,52801.0,52904.0,-55.0
"Supertrend(10,m=3.0)",LONG,2026-07-10 17:15:00,2026-07-10 20:00:00,52904.0,52916.0,2.5
"Supertrend(10,m=3.0)",SHORT,2026-07-10 20:00:00,2026-07-10 20:55:00,52916.0,52986.0,-38.5
"Supertrend(10,m=3.0)",LONG,2026-07-10 20:55:00,2026-07-12 22:10:00,52986.0,52800.0,-96.5
"Supertrend(10,m=3.0)",SHORT,2026-07-12 22:10:00,2026-07-13 06:05:00,52800.0,52733.0,30.0
"Supertrend(10,m=3.0)",LONG,2026-07-13 06:05:00,2026-07-13 10:10:00,52733.0,52904.0,82.0
"Supertrend(10,m=3.0)",SHORT,2026-07-13 10:10:00,2026-07-13 13:30:00,52904.0,52909.0,-6.0
"Supertrend(10,m=3.0)",LONG,2026-07-13 13:30:00,2026-07-13 14:20:00,52909.0,52904.0,-6.0
"Supertrend(10,m=3.0)",SHORT,2026-07-13 14:20:00,2026-07-14 04:35:00,52904.0,52639.0,129.0
"Supertrend(10,m=3.0)",LONG,2026-07-14 04:35:00,2026-07-14 06:40:00,52639.0,52671.0,12.5
"Supertrend(10,m=3.0)",SHORT,2026-07-14 06:40:00,2026-07-14 10:05:00,52671.0,52673.0,-4.5
"Supertrend(10,m=3.0)",LONG,2026-07-14 10:05:00,2026-07-14 10:55:00,52673.0,52577.0,-51.5
"Supertrend(10,m=3.0)",SHORT,2026-07-14 10:55:00,2026-07-14 12:35:00,52577.0,52727.0,-78.5
"Supertrend(10,m=3.0)",LONG,2026-07-14 12:35:00,2026-07-14 16:25:00,52727.0,52623.0,-55.5
"Supertrend(10,m=3.0)",SHORT,2026-07-14 16:25:00,2026-07-14 19:25:00,52623.0,52788.0,-86.0
"Supertrend(10,m=3.0)",LONG,2026-07-14 19:25:00,2026-07-15 00:35:00,52788.0,52812.0,8.5
"Supertrend(10,m=3.0)",SHORT,2026-07-15 00:35:00,2026-07-15 01:20:00,52812.0,52829.0,-12.0
"Supertrend(10,m=3.0)",LONG,2026-07-15 01:20:00,2026-07-15 05:05:00,52829.0,52831.0,-2.5
"Supertrend(10,m=3.0)",SHORT,2026-07-15 05:05:00,2026-07-15 08:15:00,52831.0,52811.0,6.5
"Supertrend(10,m=3.0)",LONG,2026-07-15 08:15:00,2026-07-15 10:25:00,52811.0,52810.0,-4.0
"Supertrend(10,m=3.0)",SHORT,2026-07-15 10:25:00,2026-07-15 12:35:00,52810.0,52872.0,-34.5
"Supertrend(10,m=3.0)",LONG,2026-07-15 12:35:00,2026-07-15 16:15:00,52872.0,52809.0,-35.0
"Supertrend(10,m=3.0)",SHORT,2026-07-15 16:15:00,2026-07-15 17:40:00,52809.0,52872.0,-35.0
"Supertrend(10,m=3.0)",LONG,2026-07-15 17:40:00,2026-07-16 01:05:00,52872.0,52907.0,14.0
"Supertrend(10,m=3.0)",SHORT,2026-07-16 01:05:00,2026-07-16 02:50:00,52907.0,52914.0,-7.0
"Supertrend(10,m=3.0)",LONG,2026-07-16 02:50:00,2026-07-16 05:40:00,52914.0,52945.0,12.0
"Supertrend(10,m=3.0)",SHORT,2026-07-16 05:40:00,2026-07-16 08:50:00,52945.0,52921.0,8.5
"Supertrend(10,m=3.0)",LONG,2026-07-16 08:50:00,2026-07-16 09:50:00,52921.0,52836.0,-46.0
"Supertrend(10,m=3.0)",SHORT,2026-07-16 09:50:00,2026-07-16 10:00:00,52836.0,53026.0,-98.5
"Supertrend(10,m=3.0)",LONG,2026-07-16 10:00:00,2026-07-16 11:50:00,53026.0,52879.0,-77.0
"Supertrend(10,m=3.0)",SHORT,2026-07-16 11:50:00,2026-07-16 14:45:00,52879.0,53016.0,-72.0
"Supertrend(10,m=3.0)",LONG,2026-07-16 14:45:00,2026-07-16 16:15:00,53016.0,52893.0,-65.0
"Supertrend(10,m=3.0)",SHORT,2026-07-16 16:15:00,2026-07-16 20:00:00,52893.0,52784.0,51.0
"Supertrend(10,m=3.0)",LONG,2026-07-16 20:00:00,2026-07-16 23:50:00,52784.0,52685.0,-53.0
"Supertrend(10,m=3.0)",SHORT,2026-07-16 23:50:00,2026-07-17 06:05:00,52685.0,52421.0,128.5
"Supertrend(10,m=3.0)",LONG,2026-07-17 06:05:00,2026-07-17 08:35:00,52421.0,52440.0,6.0
"Supertrend(10,m=3.0)",SHORT,2026-07-17 08:35:00,2026-07-17 11:00:00,52440.0,52514.0,-40.5
"Supertrend(10,m=3.0)",LONG,2026-07-17 11:00:00,2026-07-17 12:50:00,52514.0,52398.0,-61.5
"Supertrend(10,m=3.0)",SHORT,2026-07-17 12:50:00,2026-07-17 13:40:00,52398.0,52458.0,-33.5
"Supertrend(10,m=3.0)",LONG,2026-07-17 13:40:00,2026-07-17 17:20:00,52458.0,52542.0,38.5
"Supertrend(10,m=3.0)",SHORT,2026-07-17 17:20:00,2026-07-20 00:10:00,52542.0,52386.0,74.5
"Supertrend(10,m=3.0)",LONG,2026-07-20 00:10:00,2026-07-20 01:55:00,52386.0,52282.0,-55.5
"Supertrend(10,m=3.0)",SHORT,2026-07-20 01:55:00,2026-07-20 04:35:00,52282.0,52362.0,-43.5
"Supertrend(10,m=3.0)",LONG,2026-07-20 04:35:00,2026-07-20 05:20:00,52362.0,52342.0,-13.5
"Supertrend(10,m=3.0)",SHORT,2026-07-20 05:20:00,2026-07-20 07:25:00,52342.0,52360.0,-12.5
"Supertrend(10,m=3.0)",LONG,2026-07-20 07:25:00,2026-07-20 10:40:00,52360.0,52453.0,43.0
"Supertrend(10,m=3.0)",SHORT,2026-07-20 10:40:00,2026-07-20 11:35:00,52453.0,52596.0,-75.0
"Supertrend(10,m=3.0)",LONG,2026-07-20 11:35:00,2026-07-20 12:05:00,52596.0,52482.0,-60.5
"Supertrend(10,m=3.0)",SHORT,2026-07-20 12:05:00,2026-07-20 23:25:00,52482.0,52108.0,183.5
"Supertrend(10,m=3.0)",LONG,2026-07-20 23:25:00,2026-07-21 00:05:00,52108.0,52070.0,-22.5
"Supertrend(10,m=3.0)",SHORT,2026-07-21 00:05:00,2026-07-21 00:50:00,52070.0,52113.0,-25.0
"Supertrend(10,m=3.0)",LONG,2026-07-21 00:50:00,2026-07-21 06:15:00,52113.0,52220.0,50.0
"Supertrend(10,m=3.0)",SHORT,2026-07-21 06:15:00,2026-07-21 07:05:00,52220.0,52290.0,-38.5
"Supertrend(10,m=3.0)",LONG,2026-07-21 07:05:00,2026-07-21 07:30:00,52290.0,52212.0,-42.5
"Supertrend(10,m=3.0)",SHORT,2026-07-21 07:30:00,2026-07-21 10:35:00,52212.0,52305.0,-50.0
"Supertrend(10,m=3.0)",LONG,2026-07-21 10:35:00,2026-07-21 11:30:00,52305.0,52219.0,-46.5
"Supertrend(10,m=3.0)",SHORT,2026-07-21 11:30:00,2026-07-21 13:20:00,52219.0,52242.0,-15.0
"Supertrend(10,m=3.0)",LONG,2026-07-21 13:20:00,2026-07-21 13:45:00,52242.0,52107.0,-71.0
"Supertrend(10,m=3.0)",SHORT,2026-07-21 13:45:00,2026-07-21 14:05:00,52107.0,52323.0,-111.5
"Supertrend(10,m=3.0)",LONG,2026-07-21 14:05:00,2026-07-21 18:00:00,52323.0,52467.0,68.5
"Supertrend(10,m=3.0)",SHORT,2026-07-21 18:00:00,2026-07-22 02:45:00,52467.0,52430.0,15.0
"Supertrend(10,m=3.0)",LONG,2026-07-22 02:45:00,2026-07-22 03:55:00,52430.0,52390.0,-23.5
"Supertrend(10,m=3.0)",SHORT,2026-07-22 03:55:00,2026-07-22 06:05:00,52390.0,52424.0,-20.5
"Supertrend(10,m=3.0)",LONG,2026-07-22 06:05:00,2026-07-22 06:25:00,52424.0,52360.0,-35.5
"Supertrend(10,m=3.0)",SHORT,2026-07-22 06:25:00,2026-07-22 08:05:00,52360.0,52388.0,-17.5
"Supertrend(10,m=3.0)",LONG,2026-07-22 08:05:00,2026-07-22 11:20:00,52388.0,52366.0,-14.5
"Supertrend(10,m=3.0)",SHORT,2026-07-22 11:20:00,2026-07-22 13:25:00,52366.0,52414.0,-27.5
"Supertrend(10,m=3.0)",LONG,2026-07-22 13:25:00,2026-07-22 14:45:00,52414.0,52479.0,29.0
"Supertrend(10,m=3.0)",SHORT,2026-07-22 14:45:00,2026-07-22 16:35:00,52479.0,52636.0,-82.0
"Supertrend(10,m=3.0)",LONG,2026-07-22 16:35:00,2026-07-22 17:20:00,52636.0,52537.0,-53.0
"Supertrend(10,m=3.0)",SHORT,2026-07-22 17:20:00,2026-07-22 20:15:00,52537.0,52536.0,-3.0
"Supertrend(10,m=3.0)",LONG,2026-07-22 20:15:00,2026-07-22 22:05:00,52536.0,52399.0,-72.0
"Supertrend(10,m=3.0)",SHORT,2026-07-22 22:05:00,2026-07-23 00:20:00,52399.0,52434.0,-21.0
"Supertrend(10,m=3.0)",LONG,2026-07-23 00:20:00,2026-07-23 02:25:00,52434.0,52438.0,-1.5
"Supertrend(10,m=3.0)",SHORT,2026-07-23 02:25:00,2026-07-23 08:10:00,52438.0,52266.0,82.5
"Supertrend(10,m=3.0)",LONG,2026-07-23 08:10:00,2026-07-23 11:25:00,52266.0,52205.0,-34.0
"Supertrend(10,m=3.0)",SHORT,2026-07-23 11:25:00,2026-07-23 13:35:00,52205.0,52038.0,80.0
"Supertrend(10,m=3.0)",LONG,2026-07-23 13:35:00,2026-07-23 15:25:00,52038.0,51811.0,-117.0
"Supertrend(10,m=3.0)",SHORT,2026-07-23 15:25:00,2026-07-23 16:25:00,51811.0,51997.0,-96.5
"Supertrend(10,m=3.0)",LONG,2026-07-23 16:25:00,2026-07-23 18:00:00,51997.0,51789.0,-107.5
"Supertrend(10,m=3.0)",SHORT,2026-07-23 18:00:00,2026-07-23 19:25:00,51789.0,51913.0,-65.5
"Supertrend(10,m=3.0)",LONG,2026-07-23 19:25:00,2026-07-23 19:50:00,51913.0,51794.0,-63.0
"Supertrend(10,m=3.0)",SHORT,2026-07-23 19:50:00,2026-07-23 22:00:00,51794.0,51920.0,-66.5
"Supertrend(10,m=3.0)",LONG,2026-07-23 22:00:00,2026-07-24 02:50:00,51920.0,51914.0,-6.5
"Supertrend(10,m=3.0)",SHORT,2026-07-24 02:50:00,2026-07-24 05:20:00,51914.0,51946.0,-19.5
"Supertrend(10,m=3.0)",LONG,2026-07-24 05:20:00,2026-07-24 11:15:00,51946.0,52102.0,74.5
"Supertrend(10,m=3.0)",SHORT,2026-07-24 11:15:00,2026-07-24 15:15:00,52102.0,52184.0,-44.5
"Supertrend(10,m=3.0)",LONG,2026-07-24 15:15:00,2026-07-24 16:55:00,52184.0,52152.0,-19.5
"Supertrend(10,m=3.0)",SHORT,2026-07-24 16:55:00,2026-07-26 22:15:00,52152.0,52378.0,-116.5
"Supertrend(10,m=3.0)",LONG,2026-07-26 22:15:00,2026-07-27 00:50:00,52378.0,52378.0,-3.5
"Supertrend(10,m=3.0)",SHORT,2026-07-27 00:50:00,2026-07-27 02:10:00,52378.0,52407.0,-18.0
"Supertrend(10,m=3.0)",LONG,2026-07-27 02:10:00,2026-07-27 08:00:00,52407.0,52514.0,50.0
"Supertrend(10,m=3.0)",SHORT,2026-07-27 08:00:00,2026-07-27 08:45:00,52514.0,52623.0,-58.0
"Supertrend(10,m=3.0)",LONG,2026-07-27 08:45:00,2026-07-27 13:55:00,52623.0,52659.0,14.5
"Supertrend(10,m=3.0)",SHORT,2026-07-27 13:55:00,2026-07-27 19:00:00,52659.0,52364.0,144.0
"Supertrend(10,m=3.0)",LONG,2026-07-27 19:00:00,2026-07-28 00:15:00,52364.0,52363.0,-4.0
"Supertrend(10,m=3.0)",SHORT,2026-07-28 00:15:00,2026-07-28 01:35:00,52363.0,52364.0,-4.0
"Supertrend(10,m=3.0)",LONG,2026-07-28 01:35:00,2026-07-28 13:35:00,52364.0,52721.0,175.0
"Supertrend(10,m=3.0)",SHORT,2026-07-28 13:35:00,2026-07-28 15:20:00,52721.0,52934.0,-110.0
"Supertrend(10,m=3.0)",LONG,2026-07-28 15:20:00,2026-07-28 18:15:00,52934.0,52953.0,6.0
"Supertrend(10,m=3.0)",SHORT,2026-07-28 18:15:00,2026-07-28 23:45:00,52953.0,52957.0,-5.5
"Supertrend(10,m=3.0)",LONG,2026-07-28 23:45:00,2026-07-29 01:45:00,52957.0,52935.0,-14.5
"Supertrend(10,m=3.0)",SHORT,2026-07-29 01:45:00,2026-07-29 05:10:00,52935.0,52882.0,23.0
"Supertrend(10,m=3.0)",LONG,2026-07-29 05:10:00,2026-07-29 09:25:00,52882.0,52900.0,5.5
"Supertrend(10,m=3.0)",SHORT,2026-07-29 09:25:00,2026-07-29 17:05:00,52900.0,52182.0,355.5
"Supertrend(10,m=3.0)",LONG,2026-07-29 17:05:00,2026-07-29 19:25:00,52182.0,52046.0,-71.5
"Supertrend(10,m=3.0)",SHORT,2026-07-29 19:25:00,2026-07-30 00:10:00,52046.0,51935.0,52.0
"Supertrend(10,m=3.0)",LONG,2026-07-30 00:10:00,2026-07-30 03:00:00,51935.0,51858.0,-42.0
"Supertrend(10,m=3.0)",SHORT,2026-07-30 03:00:00,2026-07-30 07:05:00,51858.0,51901.0,-25.0
"Supertrend(10,m=3.0)",LONG,2026-07-30 07:05:00,2026-07-30 14:55:00,51901.0,51906.0,-1.0
"Supertrend(10,m=3.0)",SHORT,2026-07-30 14:55:00,2026-07-30 16:05:00,51906.0,52123.0,-112.0
"Supertrend(10,m=3.0)",LONG,2026-07-30 16:05:00,2026-07-31 06:35:00,52123.0,52589.0,229.5
"Supertrend(10,m=3.0)",SHORT,2026-07-31 06:35:00,2026-07-31 07:10:00,52589.0,52643.0,-30.5
"Supertrend(10,m=3.0)",LONG,2026-07-31 07:10:00,2026-07-31 11:30:00,52643.0,52642.0,-4.0
"Supertrend(10,m=3.0)",SHORT,2026-07-31 11:30:00,2026-07-31 13:25:00,52642.0,52647.0,-6.0
"Supertrend(10,m=3.0)",LONG,2026-07-31 13:25:00,2026-07-31 13:40:00,52647.0,52465.0,-94.5
"Supertrend(10,m=3.0)",SHORT,2026-07-31 13:40:00,2026-07-31 14:55:00,52465.0,52397.0,30.5
"Supertrend(10,m=3.0)",LONG,2026-07-31 14:55:00,2026-07-31 20:00:00,52397.0,52637.0,116.5
"Supertrend(10,m=3.0)",SHORT,2026-07-31 20:00:00,2026-08-02 22:15:00,52637.0,52840.0,-105.0
"Supertrend(10,m=3.0)",LONG,2026-08-02 22:15:00,2026-08-03 06:30:00,52840.0,52893.0,23.0
"Supertrend(10,m=3.0)",SHORT,2026-08-03 06:30:00,2026-08-03 07:55:00,52893.0,52934.0,-24.0
"Supertrend(10,m=3.0)",LONG,2026-08-03 07:55:00,2026-08-03 13:30:00,52934.0,53171.0,115.0
"Supertrend(10,m=3.0)",SHORT,2026-08-03 13:30:00,2026-08-03 14:05:00,53171.0,53349.0,-92.5
"Supertrend(10,m=3.0)",LONG,2026-08-03 14:05:00,2026-08-03 16:50:00,53349.0,53129.0,-113.5
"Supertrend(10,m=3.0)",SHORT,2026-08-03 16:50:00,2026-08-03 17:40:00,53129.0,53208.0,-43.0
"Supertrend(10,m=3.0)",LONG,2026-08-03 17:40:00,2026-08-04 05:15:00,53208.0,53453.0,119.0
"Supertrend(10,m=3.0)",SHORT,2026-08-04 05:15:00,2026-08-04 06:15:00,53453.0,53473.0,-13.5
"Supertrend(10,m=3.0)",LONG,2026-08-04 06:15:00,2026-08-04 06:35:00,53473.0,53431.0,-24.5
"Supertrend(10,m=3.0)",SHORT,2026-08-04 06:35:00,2026-08-04 10:35:00,53431.0,53646.0,-111.0
"Supertrend(10,m=3.0)",LONG,2026-08-04 10:35:00,2026-08-04 13:50:00,53646.0,53855.0,101.0
"Supertrend(10,m=3.0)",SHORT,2026-08-04 13:50:00,2026-08-04 14:50:00,53855.0,54084.0,-118.0
"Supertrend(10,m=3.0)",LONG,2026-08-04 14:50:00,2026-08-04 20:00:00,54084.0,54253.0,81.0
"Supertrend(10,m=3.0)",SHORT,2026-08-04 20:00:00,2026-08-05 01:00:00,54253.0,54397.0,-75.5
"Supertrend(10,m=3.0)",LONG,2026-08-05 01:00:00,2026-08-05 05:05:00,54397.0,54456.0,26.0
"Supertrend(10,m=3.0)",SHORT,2026-08-05 05:05:00,2026-08-05 05:45:00,54456.0,54494.0,-22.5
"Supertrend(10,m=3.0)",LONG,2026-08-05 05:45:00,2026-08-05 06:15:00,54494.0,54451.0,-25.0
"Supertrend(10,m=3.0)",SHORT,2026-08-05 06:15:00,2026-08-05 10:35:00,54451.0,54447.0,-1.5
"Supertrend(10,m=3.0)",LONG,2026-08-05 10:35:00,2026-08-05 16:10:00,54447.0,54638.0,92.0
"Supertrend(10,m=3.0)",SHORT,2026-08-05 16:10:00,2026-08-06 02:05:00,54638.0,54606.0,12.5
"Supertrend(10,m=3.0)",LONG,2026-08-06 02:05:00,2026-08-06 06:15:00,54606.0,54584.0,-14.5
"Supertrend(10,m=3.0)",SHORT,2026-08-06 06:15:00,2026-08-06 07:00:00,54584.0,54631.0,-27.0
"Supertrend(10,m=3.0)",LONG,2026-08-06 07:00:00,2026-08-06 07:40:00,54631.0,54595.0,-21.5
"Supertrend(10,m=3.0)",SHORT,2026-08-06 07:40:00,2026-08-06 08:50:00,54595.0,54652.0,-32.0
"Supertrend(10,m=3.0)",LONG,2026-08-06 08:50:00,2026-08-06 11:15:00,54652.0,54617.0,-21.0
"Supertrend(10,m=3.0)",SHORT,2026-08-06 11:15:00,2026-08-06 12:45:00,54617.0,54626.0,-8.0
"Supertrend(10,m=3.0)",LONG,2026-08-06 12:45:00,2026-08-06 13:35:00,54626.0,54516.0,-58.5
"Supertrend(10,m=3.0)",SHORT,2026-08-06 13:35:00,2026-08-07 05:10:00,54516.0,53920.0,294.5
"Supertrend(10,m=3.0)",LONG,2026-08-07 05:10:00,2026-08-07 13:15:00,53920.0,54076.0,74.5
"Supertrend(10,m=3.0)",SHORT,2026-08-07 13:15:00,2026-08-07 14:30:00,54076.0,54195.0,-63.0
"Supertrend(10,m=3.0)",LONG,2026-08-07 14:30:00,2026-08-09 22:15:00,54195.0,54021.0,-90.5
"Supertrend(10,m=3.0)",SHORT,2026-08-09 22:15:00,2026-08-10 00:10:00,54021.0,54048.0,-17.0
"Supertrend(10,m=3.0)",LONG,2026-08-10 00:10:00,2026-08-10 06:40:00,54048.0,54107.0,26.0
"Supertrend(10,m=3.0)",SHORT,2026-08-10 06:40:00,2026-08-10 07:25:00,54107.0,54153.0,-26.5
"Supertrend(10,m=3.0)",LONG,2026-08-10 07:25:00,2026-08-10 08:55:00,54153.0,54104.0,-28.0
"Supertrend(10,m=3.0)",SHORT,2026-08-10 08:55:00,2026-08-10 14:30:00,54104.0,54089.0,4.0
"Supertrend(10,m=3.0)",LONG,2026-08-10 14:30:00,2026-08-10 16:35:00,54089.0,54029.0,-33.5
"Supertrend(10,m=3.0)",SHORT,2026-08-10 16:35:00,2026-08-10 20:00:00,54029.0,54064.0,-21.0
"Supertrend(10,m=3.0)",LONG,2026-08-10 20:00:00,2026-08-10 23:35:00,54064.0,54008.0,-31.5
"Supertrend(10,m=3.0)",SHORT,2026-08-10 23:35:00,2026-08-11 01:10:00,54008.0,54038.0,-18.5
"Supertrend(10,m=3.0)",LONG,2026-08-11 01:10:00,2026-08-11 05:50:00,54038.0,54051.0,3.0
"Supertrend(10,m=3.0)",SHORT,2026-08-11 05:50:00,2026-08-11 10:30:00,54051.0,54049.0,-2.5
"Supertrend(10,m=3.0)",LONG,2026-08-11 10:30:00,2026-08-11 12:25:00,54049.0,54080.0,12.0
"Supertrend(10,m=3.0)",SHORT,2026-08-11 12:25:00,2026-08-11 13:30:00,54080.0,54158.0,-42.5
"Supertrend(10,m=3.0)",LONG,2026-08-11 13:30:00,2026-08-11 14:20:00,54158.0,54160.0,-2.5
"Supertrend(10,m=3.0)",SHORT,2026-08-11 14:20:00,2026-08-12 02:30:00,54160.0,53886.0,133.5
"Supertrend(10,m=3.0)",LONG,2026-08-12 02:30:00,2026-08-12 06:15:00,53886.0,53871.0,-11.0
"Supertrend(10,m=3.0)",SHORT,2026-08-12 06:15:00,2026-08-12 06:35:00,53871.0,53910.0,-23.0
"Supertrend(10,m=3.0)",LONG,2026-08-12 06:35:00,2026-08-12 08:30:00,53910.0,53879.0,-19.0
"Supertrend(10,m=3.0)",SHORT,2026-08-12 08:30:00,2026-08-12 09:25:00,53879.0,53956.0,-42.0
"Supertrend(10,m=3.0)",LONG,2026-08-12 09:25:00,2026-08-12 13:45:00,53956.0,53944.0,-9.5
"Supertrend(10,m=3.0)",SHORT,2026-08-12 13:45:00,2026-08-13 03:45:00,53944.0,53846.0,45.5
"Supertrend(10,m=3.0)",LONG,2026-08-13 03:45:00,2026-08-13 12:25:00,53846.0,53986.0,66.5
"Supertrend(10,m=3.0)",SHORT,2026-08-13 12:25:00,2026-08-13 13:00:00,53986.0,54056.0,-38.5
"Supertrend(10,m=3.0)",LONG,2026-08-13 13:00:00,2026-08-13 13:35:00,54056.0,53971.0,-46.0
"Supertrend(10,m=3.0)",SHORT,2026-08-13 13:35:00,2026-08-13 14:25:00,53971.0,54129.0,-82.5
"Supertrend(10,m=3.0)",LONG,2026-08-13 14:25:00,2026-08-13 14:50:00,54129.0,53945.0,-95.5
"Supertrend(10,m=3.0)",SHORT,2026-08-13 14:50:00,2026-08-13 18:40:00,53945.0,53899.0,19.5
"Supertrend(10,m=3.0)",LONG,2026-08-13 18:40:00,2026-08-14 00:45:00,53899.0,53928.0,11.0
"Supertrend(10,m=3.0)",SHORT,2026-08-14 00:45:00,2026-08-14 01:00:00,53928.0,53960.0,-19.5
"Supertrend(10,m=3.0)",LONG,2026-08-14 01:00:00,2026-08-14 04:35:00,53960.0,53966.0,-0.5
"Supertrend(10,m=3.0)",SHORT,2026-08-14 04:35:00,2026-08-14 10:20:00,53966.0,53887.0,36.0
"Supertrend(10,m=3.0)",LONG,2026-08-14 10:20:00,2026-08-14 11:05:00,53887.0,53830.0,-32.0
"Supertrend(10,m=3.0)",SHORT,2026-08-14 11:05:00,2026-08-14 11:45:00,53830.0,53875.0,-26.0
"Supertrend(10,m=3.0)",LONG,2026-08-14 11:45:00,2026-08-14 13:15:00,53875.0,53806.0,-38.0
"Supertrend(10,m=3.0)",SHORT,2026-08-14 13:15:00,2026-08-14 13:35:00,53806.0,53897.0,-49.0
"Supertrend(10,m=3.0)",LONG,2026-08-14 13:35:00,2026-08-14 15:50:00,53897.0,53772.0,-66.0
"Supertrend(10,m=3.0)",SHORT,2026-08-14 15:50:00,2026-08-14 18:15:00,53772.0,53839.0,-37.0
"Supertrend(10,m=3.0)",LONG,2026-08-14 18:15:00,2026-08-14 19:50:00,53839.0,53819.0,-13.5
"Supertrend(10,m=3.0)",SHORT,2026-08-14 19:50:00,2026-08-17 04:05:00,53819.0,53751.0,30.5
"Supertrend(10,m=3.0)",LONG,2026-08-17 04:05:00,2026-08-17 07:15:00,53751.0,53756.0,-1.0
"Supertrend(10,m=3.0)",SHORT,2026-08-17 07:15:00,2026-08-17 10:30:00,53756.0,53801.0,-26.0
"Supertrend(10,m=3.0)",LONG,2026-08-17 10:30:00,2026-08-17 11:50:00,53801.0,53691.0,-58.5
"Supertrend(10,m=3.0)",SHORT,2026-08-17 11:50:00,2026-08-17 13:50:00,53691.0,53713.0,-14.5
"Keltner_Breakout(20,m=2.0)",LONG,2026-06-01 00:05:00,2026-06-01 03:45:00,51134.0,51120.0,-10.5
"Keltner_Breakout(20,m=2.0)",SHORT,2026-06-01 03:45:00,2026-06-01 08:10:00,51120.0,51157.0,-22.0
"Keltner_Breakout(20,m=2.0)",LONG,2026-06-01 08:10:00,2026-06-01 12:10:00,51157.0,51235.0,35.5
"Keltner_Breakout(20,m=2.0)",SHORT,2026-06-01 12:10:00,2026-06-01 17:30:00,51235.0,51020.0,104.0
"Keltner_Breakout(20,m=2.0)",LONG,2026-06-01 17:30:00,2026-06-01 22:05:00,51020.0,51064.0,18.5
"Keltner_Breakout(20,m=2.0)",SHORT,2026-06-01 22:05:00,2026-06-02 05:00:00,51064.0,50948.0,54.5
"Keltner_Breakout(20,m=2.0)",LONG,2026-06-02 05:00:00,2026-06-02 09:20:00,50948.0,50974.0,9.5
"Keltner_Breakout(20,m=2.0)",SHORT,2026-06-02 09:20:00,2026-06-02 13:35:00,50974.0,51216.0,-124.5
"Keltner_Breakout(20,m=2.0)",LONG,2026-06-02 13:35:00,2026-06-02 23:10:00,51216.0,51358.0,67.5
"Keltner_Breakout(20,m=2.0)",SHORT,2026-06-02 23:10:00,2026-06-03 11:35:00,51358.0,51279.0,36.0
"Keltner_Breakout(20,m=2.0)",LONG,2026-06-03 11:35:00,2026-06-03 12:25:00,51279.0,51205.0,-40.5
"Keltner_Breakout(20,m=2.0)",SHORT,2026-06-03 12:25:00,2026-06-04 06:05:00,51205.0,50829.0,184.5
"Keltner_Breakout(20,m=2.0)",LONG,2026-06-04 06:05:00,2026-06-05 00:05:00,50829.0,51614.0,389.0
"Keltner_Breakout(20,m=2.0)",SHORT,2026-06-05 00:05:00,2026-06-05 06:05:00,51614.0,51660.0,-26.5
"Keltner_Breakout(20,m=2.0)",LONG,2026-06-05 06:05:00,2026-06-05 12:35:00,51660.0,51646.0,-10.5
"Keltner_Breakout(20,m=2.0)",SHORT,2026-06-05 12:35:00,2026-06-08 07:25:00,51646.0,50848.0,395.5
"Keltner_Breakout(20,m=2.0)",LONG,2026-06-08 07:25:00,2026-06-08 17:05:00,50848.0,50878.0,11.5
"Keltner_Breakout(20,m=2.0)",SHORT,2026-06-08 17:05:00,2026-06-09 01:25:00,50878.0,50819.0,26.0
"Keltner_Breakout(20,m=2.0)",LONG,2026-06-09 01:25:00,2026-06-09 06:55:00,50819.0,50864.0,19.0
"Keltner_Breakout(20,m=2.0)",SHORT,2026-06-09 06:55:00,2026-06-09 07:05:00,50864.0,50938.0,-40.5
"Keltner_Breakout(20,m=2.0)",LONG,2026-06-09 07:05:00,2026-06-09 14:20:00,50938.0,50985.0,20.0
"Keltner_Breakout(20,m=2.0)",SHORT,2026-06-09 14:20:00,2026-06-09 18:25:00,50985.0,50860.0,59.0
"Keltner_Breakout(20,m=2.0)",LONG,2026-06-09 18:25:00,2026-06-10 04:10:00,50860.0,50790.0,-38.5
"Keltner_Breakout(20,m=2.0)",SHORT,2026-06-10 04:10:00,2026-06-10 06:05:00,50790.0,50854.0,-35.5
"Keltner_Breakout(20,m=2.0)",LONG,2026-06-10 06:05:00,2026-06-10 08:05:00,50854.0,50706.0,-77.5
"Keltner_Breakout(20,m=2.0)",SHORT,2026-06-10 08:05:00,2026-06-10 12:45:00,50706.0,50679.0,10.0
"Keltner_Breakout(20,m=2.0)",LONG,2026-06-10 12:45:00,2026-06-10 15:00:00,50679.0,50435.0,-125.5
"Keltner_Breakout(20,m=2.0)",SHORT,2026-06-10 15:00:00,2026-06-11 01:10:00,50435.0,50015.0,206.5
"Keltner_Breakout(20,m=2.0)",LONG,2026-06-11 01:10:00,2026-06-11 11:10:00,50015.0,50301.0,139.5
"Keltner_Breakout(20,m=2.0)",SHORT,2026-06-11 11:10:00,2026-06-11 13:55:00,50301.0,50430.0,-68.0
"Keltner_Breakout(20,m=2.0)",LONG,2026-06-11 13:55:00,2026-06-12 03:25:00,50430.0,50875.0,219.0
"Keltner_Breakout(20,m=2.0)",SHORT,2026-06-12 03:25:00,2026-06-12 07:35:00,50875.0,51246.0,-189.0
"Keltner_Breakout(20,m=2.0)",LONG,2026-06-12 07:35:00,2026-06-12 12:45:00,51246.0,51485.0,116.0
"Keltner_Breakout(20,m=2.0)",SHORT,2026-06-12 12:45:00,2026-06-12 14:55:00,51485.0,51686.0,-104.0
"Keltner_Breakout(20,m=2.0)",LONG,2026-06-12 14:55:00,2026-06-15 08:15:00,51686.0,52064.0,185.5
"Keltner_Breakout(20,m=2.0)",SHORT,2026-06-15 08:15:00,2026-06-15 11:15:00,52064.0,52112.0,-27.5
"Keltner_Breakout(20,m=2.0)",LONG,2026-06-15 11:15:00,2026-06-15 18:05:00,52112.0,52250.0,65.5
"Keltner_Breakout(20,m=2.0)",SHORT,2026-06-15 18:05:00,2026-06-16 03:25:00,52250.0,52164.0,39.5
"Keltner_Breakout(20,m=2.0)",LONG,2026-06-16 03:25:00,2026-06-16 04:55:00,52164.0,52118.0,-26.5
"Keltner_Breakout(20,m=2.0)",SHORT,2026-06-16 04:55:00,2026-06-16 05:15:00,52118.0,52172.0,-30.5
"Keltner_Breakout(20,m=2.0)",LONG,2026-06-16 05:15:00,2026-06-16 09:50:00,52172.0,52139.0,-20.0
"Keltner_Breakout(20,m=2.0)",SHORT,2026-06-16 09:50:00,2026-06-16 12:10:00,52139.0,52209.0,-38.5
"Keltner_Breakout(20,m=2.0)",LONG,2026-06-16 12:10:00,2026-06-16 19:10:00,52209.0,52488.0,136.0
"Keltner_Breakout(20,m=2.0)",SHORT,2026-06-16 19:10:00,2026-06-17 01:10:00,52488.0,52567.0,-43.0
"Keltner_Breakout(20,m=2.0)",LONG,2026-06-17 01:10:00,2026-06-17 02:50:00,52567.0,52513.0,-30.5
"Keltner_Breakout(20,m=2.0)",SHORT,2026-06-17 02:50:00,2026-06-17 13:35:00,52513.0,52513.0,-3.5
"Keltner_Breakout(20,m=2.0)",LONG,2026-06-17 13:35:00,2026-06-17 17:35:00,52513.0,52555.0,17.5
"Keltner_Breakout(20,m=2.0)",SHORT,2026-06-17 17:35:00,2026-06-17 23:25:00,52555.0,52154.0,197.0
"Keltner_Breakout(20,m=2.0)",LONG,2026-06-17 23:25:00,2026-06-18 04:45:00,52154.0,52199.0,19.0
"Keltner_Breakout(20,m=2.0)",SHORT,2026-06-18 04:45:00,2026-06-18 07:00:00,52199.0,52250.0,-29.0
"Keltner_Breakout(20,m=2.0)",LONG,2026-06-18 07:00:00,2026-06-18 08:55:00,52250.0,52169.0,-44.0
"Keltner_Breakout(20,m=2.0)",SHORT,2026-06-18 08:55:00,2026-06-18 12:25:00,52169.0,52165.0,-1.5
"Keltner_Breakout(20,m=2.0)",LONG,2026-06-18 12:25:00,2026-06-19 00:15:00,52165.0,51969.0,-101.5
"Keltner_Breakout(20,m=2.0)",SHORT,2026-06-19 00:15:00,2026-06-22 01:05:00,51969.0,51937.0,12.5
"Keltner_Breakout(20,m=2.0)",LONG,2026-06-22 01:05:00,2026-06-22 02:50:00,51937.0,51846.0,-49.0
"Keltner_Breakout(20,m=2.0)",SHORT,2026-06-22 02:50:00,2026-06-22 06:10:00,51846.0,51927.0,-44.0
"Keltner_Breakout(20,m=2.0)",LONG,2026-06-22 06:10:00,2026-06-22 22:00:00,51927.0,52165.0,115.5
"Keltner_Breakout(20,m=2.0)",SHORT,2026-06-22 22:00:00,2026-06-23 00:45:00,52165.0,52235.0,-38.5
"Keltner_Breakout(20,m=2.0)",LONG,2026-06-23 00:45:00,2026-06-23 03:10:00,52235.0,52092.0,-75.0
"Keltner_Breakout(20,m=2.0)",SHORT,2026-06-23 03:10:00,2026-06-23 09:50:00,52092.0,51874.0,105.5
"Keltner_Breakout(20,m=2.0)",LONG,2026-06-23 09:50:00,2026-06-23 13:35:00,51874.0,51804.0,-38.5
"Keltner_Breakout(20,m=2.0)",SHORT,2026-06-23 13:35:00,2026-06-23 13:50:00,51804.0,52031.0,-117.0
"Keltner_Breakout(20,m=2.0)",LONG,2026-06-23 13:50:00,2026-06-23 18:45:00,52031.0,52066.0,14.0
"Keltner_Breakout(20,m=2.0)",SHORT,2026-06-23 18:45:00,2026-06-23 23:50:00,52066.0,52104.0,-22.5
"Keltner_Breakout(20,m=2.0)",LONG,2026-06-23 23:50:00,2026-06-24 06:05:00,52104.0,51991.0,-60.0
"Keltner_Breakout(20,m=2.0)",SHORT,2026-06-24 06:05:00,2026-06-24 10:45:00,51991.0,52064.0,-40.0
"Keltner_Breakout(20,m=2.0)",LONG,2026-06-24 10:45:00,2026-06-24 13:15:00,52064.0,51998.0,-36.5
"Keltner_Breakout(20,m=2.0)",SHORT,2026-06-24 13:15:00,2026-06-24 13:55:00,51998.0,52219.0,-114.0
"Keltner_Breakout(20,m=2.0)",LONG,2026-06-24 13:55:00,2026-06-24 17:10:00,52219.0,52412.0,93.0
"Keltner_Breakout(20,m=2.0)",SHORT,2026-06-24 17:10:00,2026-06-25 06:15:00,52412.0,52313.0,46.0
"Keltner_Breakout(20,m=2.0)",LONG,2026-06-25 06:15:00,2026-06-25 16:40:00,52313.0,52512.0,96.0
"Keltner_Breakout(20,m=2.0)",SHORT,2026-06-25 16:40:00,2026-06-25 23:20:00,52512.0,52495.0,5.0
"Keltner_Breakout(20,m=2.0)",LONG,2026-06-25 23:20:00,2026-06-25 23:50:00,52495.0,52382.0,-60.0
"Keltner_Breakout(20,m=2.0)",SHORT,2026-06-25 23:50:00,2026-06-26 06:30:00,52382.0,52302.0,36.5
"Keltner_Breakout(20,m=2.0)",LONG,2026-06-26 06:30:00,2026-06-26 08:55:00,52302.0,52303.0,-3.0
"Keltner_Breakout(20,m=2.0)",SHORT,2026-06-26 08:55:00,2026-06-26 12:10:00,52303.0,52347.0,-25.5
"Keltner_Breakout(20,m=2.0)",LONG,2026-06-26 12:10:00,2026-06-26 12:50:00,52347.0,52205.0,-74.5
"Keltner_Breakout(20,m=2.0)",SHORT,2026-06-26 12:50:00,2026-06-26 14:25:00,52205.0,52378.0,-90.0
"Keltner_Breakout(20,m=2.0)",LONG,2026-06-26 14:25:00,2026-06-29 07:05:00,52378.0,52309.0,-38.0
"Keltner_Breakout(20,m=2.0)",SHORT,2026-06-29 07:05:00,2026-06-29 08:10:00,52309.0,52441.0,-69.5
"Keltner_Breakout(20,m=2.0)",LONG,2026-06-29 08:10:00,2026-06-29 09:55:00,52441.0,52356.0,-46.0
"Keltner_Breakout(20,m=2.0)",SHORT,2026-06-29 09:55:00,2026-06-29 11:00:00,52356.0,52451.0,-51.0
"Keltner_Breakout(20,m=2.0)",LONG,2026-06-29 11:00:00,2026-06-29 14:15:00,52451.0,52334.0,-62.0
"Keltner_Breakout(20,m=2.0)",SHORT,2026-06-29 14:15:00,2026-06-29 17:55:00,52334.0,52611.0,-142.0
"Keltner_Breakout(20,m=2.0)",LONG,2026-06-29 17:55:00,2026-06-29 23:50:00,52611.0,52505.0,-56.5
"Keltner_Breakout(20,m=2.0)",SHORT,2026-06-29 23:50:00,2026-06-30 01:35:00,52505.0,52541.0,-21.5
"Keltner_Breakout(20,m=2.0)",LONG,2026-06-30 01:35:00,2026-06-30 12:05:00,52541.0,52565.0,8.5
"Keltner_Breakout(20,m=2.0)",SHORT,2026-06-30 12:05:00,2026-06-30 13:30:00,52565.0,52658.0,-50.0
"Keltner_Breakout(20,m=2.0)",LONG,2026-06-30 13:30:00,2026-06-30 13:35:00,52658.0,52401.0,-132.0
"Keltner_Breakout(20,m=2.0)",SHORT,2026-06-30 13:35:00,2026-07-01 00:35:00,52401.0,52616.0,-111.0
"Keltner_Breakout(20,m=2.0)",LONG,2026-07-01 00:35:00,2026-07-01 01:05:00,52616.0,52565.0,-29.0
"Keltner_Breakout(20,m=2.0)",SHORT,2026-07-01 01:05:00,2026-07-01 04:55:00,52565.0,52526.0,16.0
"Keltner_Breakout(20,m=2.0)",LONG,2026-07-01 04:55:00,2026-07-01 07:15:00,52526.0,52451.0,-41.0
"Keltner_Breakout(20,m=2.0)",SHORT,2026-07-01 07:15:00,2026-07-01 08:20:00,52451.0,52540.0,-48.0
"Keltner_Breakout(20,m=2.0)",LONG,2026-07-01 08:20:00,2026-07-01 11:55:00,52540.0,52508.0,-19.5
"Keltner_Breakout(20,m=2.0)",SHORT,2026-07-01 11:55:00,2026-07-01 13:20:00,52508.0,52583.0,-41.0
"Keltner_Breakout(20,m=2.0)",LONG,2026-07-01 13:20:00,2026-07-01 13:35:00,52583.0,52416.0,-87.0
"Keltner_Breakout(20,m=2.0)",SHORT,2026-07-01 13:35:00,2026-07-01 13:55:00,52416.0,52641.0,-116.0
"Keltner_Breakout(20,m=2.0)",LONG,2026-07-01 13:55:00,2026-07-01 17:45:00,52641.0,52787.0,69.5
"Keltner_Breakout(20,m=2.0)",SHORT,2026-07-01 17:45:00,2026-07-02 01:35:00,52787.0,52655.0,62.5
"Keltner_Breakout(20,m=2.0)",LONG,2026-07-02 01:35:00,2026-07-02 04:35:00,52655.0,52670.0,4.0
"Keltner_Breakout(20,m=2.0)",SHORT,2026-07-02 04:35:00,2026-07-02 08:25:00,52670.0,52676.0,-6.5
"Keltner_Breakout(20,m=2.0)",LONG,2026-07-02 08:25:00,2026-07-02 17:05:00,52676.0,52857.0,87.0
"Keltner_Breakout(20,m=2.0)",SHORT,2026-07-02 17:05:00,2026-07-02 18:40:00,52857.0,53006.0,-78.0
"Keltner_Breakout(20,m=2.0)",LONG,2026-07-02 18:40:00,2026-07-05 22:05:00,53006.0,53171.0,79.0
"Keltner_Breakout(20,m=2.0)",SHORT,2026-07-05 22:05:00,2026-07-06 07:20:00,53171.0,53243.0,-39.5
"Keltner_Breakout(20,m=2.0)",LONG,2026-07-06 07:20:00,2026-07-06 11:30:00,53243.0,53136.0,-57.0
"Keltner_Breakout(20,m=2.0)",SHORT,2026-07-06 11:30:00,2026-07-06 13:30:00,53136.0,53260.0,-65.5
"Keltner_Breakout(20,m=2.0)",LONG,2026-07-06 13:30:00,2026-07-06 14:10:00,53260.0,52972.0,-147.5
"Keltner_Breakout(20,m=2.0)",SHORT,2026-07-06 14:10:00,2026-07-07 01:30:00,52972.0,53453.0,-244.0
"Keltner_Breakout(20,m=2.0)",LONG,2026-07-07 01:30:00,2026-07-07 04:40:00,53453.0,53391.0,-34.5
"Keltner_Breakout(20,m=2.0)",SHORT,2026-07-07 04:40:00,2026-07-07 07:15:00,53391.0,53421.0,-18.5
"Keltner_Breakout(20,m=2.0)",LONG,2026-07-07 07:15:00,2026-07-07 10:55:00,53421.0,53434.0,3.0
"Keltner_Breakout(20,m=2.0)",SHORT,2026-07-07 10:55:00,2026-07-07 11:20:00,53434.0,53507.0,-40.0
"Keltner_Breakout(20,m=2.0)",LONG,2026-07-07 11:20:00,2026-07-07 13:35:00,53507.0,53503.0,-5.5
"Keltner_Breakout(20,m=2.0)",SHORT,2026-07-07 13:35:00,2026-07-08 11:45:00,53503.0,52697.0,399.5
"Keltner_Breakout(20,m=2.0)",LONG,2026-07-08 11:45:00,2026-07-08 14:20:00,52697.0,52556.0,-74.0
"Keltner_Breakout(20,m=2.0)",SHORT,2026-07-08 14:20:00,2026-07-08 17:25:00,52556.0,52657.0,-54.0
"Keltner_Breakout(20,m=2.0)",LONG,2026-07-08 17:25:00,2026-07-09 09:35:00,52657.0,52617.0,-23.5
"Keltner_Breakout(20,m=2.0)",SHORT,2026-07-09 09:35:00,2026-07-09 12:35:00,52617.0,52660.0,-25.0
"Keltner_Breakout(20,m=2.0)",LONG,2026-07-09 12:35:00,2026-07-09 19:10:00,52660.0,52716.0,24.5
"Keltner_Breakout(20,m=2.0)",SHORT,2026-07-09 19:10:00,2026-07-10 03:10:00,52716.0,52761.0,-26.0
"Keltner_Breakout(20,m=2.0)",LONG,2026-07-10 03:10:00,2026-07-10 04:25:00,52761.0,52717.0,-25.5
"Keltner_Breakout(20,m=2.0)",SHORT,2026-07-10 04:25:00,2026-07-10 05:55:00,52717.0,52743.0,-16.5
"Keltner_Breakout(20,m=2.0)",LONG,2026-07-10 05:55:00,2026-07-10 11:35:00,52743.0,52821.0,35.5
"Keltner_Breakout(20,m=2.0)",SHORT,2026-07-10 11:35:00,2026-07-10 12:15:00,52821.0,52898.0,-42.0
"Keltner_Breakout(20,m=2.0)",LONG,2026-07-10 12:15:00,2026-07-10 13:35:00,52898.0,52801.0,-52.0
"Keltner_Breakout(20,m=2.0)",SHORT,2026-07-10 13:35:00,2026-07-10 19:10:00,52801.0,52974.0,-90.0
"Keltner_Breakout(20,m=2.0)",LONG,2026-07-10 19:10:00,2026-07-12 22:10:00,52974.0,52800.0,-90.5
"Keltner_Breakout(20,m=2.0)",SHORT,2026-07-12 22:10:00,2026-07-13 06:20:00,52800.0,52767.0,13.0
"Keltner_Breakout(20,m=2.0)",LONG,2026-07-13 06:20:00,2026-07-13 11:20:00,52767.0,52857.0,41.5
"Keltner_Breakout(20,m=2.0)",SHORT,2026-07-13 11:20:00,2026-07-13 13:35:00,52857.0,53016.0,-83.0
"Keltner_Breakout(20,m=2.0)",LONG,2026-07-13 13:35:00,2026-07-13 16:20:00,53016.0,52700.0,-161.5
"Keltner_Breakout(20,m=2.0)",SHORT,2026-07-13 16:20:00,2026-07-14 04:35:00,52700.0,52639.0,27.0
"Keltner_Breakout(20,m=2.0)",LONG,2026-07-14 04:35:00,2026-07-14 06:50:00,52639.0,52647.0,0.5
"Keltner_Breakout(20,m=2.0)",SHORT,2026-07-14 06:50:00,2026-07-14 12:35:00,52647.0,52727.0,-43.5
"Keltner_Breakout(20,m=2.0)",LONG,2026-07-14 12:35:00,2026-07-15 00:40:00,52727.0,52799.0,32.5
"Keltner_Breakout(20,m=2.0)",SHORT,2026-07-15 00:40:00,2026-07-15 03:55:00,52799.0,52846.0,-27.0
"Keltner_Breakout(20,m=2.0)",LONG,2026-07-15 03:55:00,2026-07-15 06:55:00,52846.0,52798.0,-27.5
"Keltner_Breakout(20,m=2.0)",SHORT,2026-07-15 06:55:00,2026-07-15 08:15:00,52798.0,52811.0,-10.0
"Keltner_Breakout(20,m=2.0)",LONG,2026-07-15 08:15:00,2026-07-15 10:25:00,52811.0,52810.0,-4.0
"Keltner_Breakout(20,m=2.0)",SHORT,2026-07-15 10:25:00,2026-07-15 12:35:00,52810.0,52872.0,-34.5
"Keltner_Breakout(20,m=2.0)",LONG,2026-07-15 12:35:00,2026-07-15 16:15:00,52872.0,52809.0,-35.0
"Keltner_Breakout(20,m=2.0)",SHORT,2026-07-15 16:15:00,2026-07-15 17:50:00,52809.0,52909.0,-53.5
"Keltner_Breakout(20,m=2.0)",LONG,2026-07-15 17:50:00,2026-07-16 01:20:00,52909.0,52880.0,-18.0
"Keltner_Breakout(20,m=2.0)",SHORT,2026-07-16 01:20:00,2026-07-16 03:05:00,52880.0,52928.0,-27.5
"Keltner_Breakout(20,m=2.0)",LONG,2026-07-16 03:05:00,2026-07-16 06:35:00,52928.0,52911.0,-12.0
"Keltner_Breakout(20,m=2.0)",SHORT,2026-07-16 06:35:00,2026-07-16 10:00:00,52911.0,53026.0,-61.0
"Keltner_Breakout(20,m=2.0)",LONG,2026-07-16 10:00:00,2026-07-16 11:50:00,53026.0,52879.0,-77.0
"Keltner_Breakout(20,m=2.0)",SHORT,2026-07-16 11:50:00,2026-07-17 06:25:00,52879.0,52460.0,206.0
"Keltner_Breakout(20,m=2.0)",LONG,2026-07-17 06:25:00,2026-07-17 12:50:00,52460.0,52398.0,-34.5
"Keltner_Breakout(20,m=2.0)",SHORT,2026-07-17 12:50:00,2026-07-17 13:40:00,52398.0,52458.0,-33.5
"Keltner_Breakout(20,m=2.0)",LONG,2026-07-17 13:40:00,2026-07-17 18:00:00,52458.0,52478.0,6.5
"Keltner_Breakout(20,m=2.0)",SHORT,2026-07-17 18:00:00,2026-07-20 04:45:00,52478.0,52382.0,44.5
"Keltner_Breakout(20,m=2.0)",LONG,2026-07-20 04:45:00,2026-07-20 06:00:00,52382.0,52317.0,-36.0
"Keltner_Breakout(20,m=2.0)",SHORT,2026-07-20 06:00:00,2026-07-20 07:25:00,52317.0,52360.0,-25.0
"Keltner_Breakout(20,m=2.0)",LONG,2026-07-20 07:25:00,2026-07-20 13:55:00,52360.0,52345.0,-11.0
"Keltner_Breakout(20,m=2.0)",SHORT,2026-07-20 13:55:00,2026-07-21 03:05:00,52345.0,52148.0,95.0
"Keltner_Breakout(20,m=2.0)",LONG,2026-07-21 03:05:00,2026-07-21 11:55:00,52148.0,52196.0,20.5
"Keltner_Breakout(20,m=2.0)",SHORT,2026-07-21 11:55:00,2026-07-21 13:35:00,52196.0,52284.0,-47.5
"Keltner_Breakout(20,m=2.0)",LONG,2026-07-21 13:35:00,2026-07-21 13:45:00,52284.0,52107.0,-92.0
"Keltner_Breakout(20,m=2.0)",SHORT,2026-07-21 13:45:00,2026-07-21 14:05:00,52107.0,52323.0,-111.5
"Keltner_Breakout(20,m=2.0)",LONG,2026-07-21 14:05:00,2026-07-21 18:15:00,52323.0,52421.0,45.5
"Keltner_Breakout(20,m=2.0)",SHORT,2026-07-21 18:15:00,2026-07-22 03:05:00,52421.0,52441.0,-13.5
"Keltner_Breakout(20,m=2.0)",LONG,2026-07-22 03:05:00,2026-07-22 03:55:00,52441.0,52390.0,-29.0
"Keltner_Breakout(20,m=2.0)",SHORT,2026-07-22 03:55:00,2026-07-22 06:05:00,52390.0,52424.0,-20.5
"Keltner_Breakout(20,m=2.0)",LONG,2026-07-22 06:05:00,2026-07-22 06:25:00,52424.0,52360.0,-35.5
"Keltner_Breakout(20,m=2.0)",SHORT,2026-07-22 06:25:00,2026-07-22 08:05:00,52360.0,52388.0,-17.5
"Keltner_Breakout(20,m=2.0)",LONG,2026-07-22 08:05:00,2026-07-22 11:45:00,52388.0,52318.0,-38.5
"Keltner_Breakout(20,m=2.0)",SHORT,2026-07-22 11:45:00,2026-07-22 13:35:00,52318.0,52520.0,-104.5
"Keltner_Breakout(20,m=2.0)",LONG,2026-07-22 13:35:00,2026-07-22 17:25:00,52520.0,52509.0,-9.0
"Keltner_Breakout(20,m=2.0)",SHORT,2026-07-22 17:25:00,2026-07-22 20:15:00,52509.0,52536.0,-17.0
"Keltner_Breakout(20,m=2.0)",LONG,2026-07-22 20:15:00,2026-07-22 22:05:00,52536.0,52399.0,-72.0
"Keltner_Breakout(20,m=2.0)",SHORT,2026-07-22 22:05:00,2026-07-23 00:25:00,52399.0,52464.0,-36.0
"Keltner_Breakout(20,m=2.0)",LONG,2026-07-23 00:25:00,2026-07-23 02:30:00,52464.0,52437.0,-17.0
"Keltner_Breakout(20,m=2.0)",SHORT,2026-07-23 02:30:00,2026-07-23 09:05:00,52437.0,52314.0,58.0
"Keltner_Breakout(20,m=2.0)",LONG,2026-07-23 09:05:00,2026-07-23 11:25:00,52314.0,52205.0,-58.0
"Keltner_Breakout(20,m=2.0)",SHORT,2026-07-23 11:25:00,2026-07-23 13:35:00,52205.0,52038.0,80.0
"Keltner_Breakout(20,m=2.0)",LONG,2026-07-23 13:35:00,2026-07-23 18:00:00,52038.0,51789.0,-128.0
"Keltner_Breakout(20,m=2.0)",SHORT,2026-07-23 18:00:00,2026-07-24 00:25:00,51789.0,51924.0,-71.0
"Keltner_Breakout(20,m=2.0)",LONG,2026-07-24 00:25:00,2026-07-24 11:45:00,51924.0,52071.0,70.0
"Keltner_Breakout(20,m=2.0)",SHORT,2026-07-24 11:45:00,2026-07-24 15:15:00,52071.0,52184.0,-60.0
"Keltner_Breakout(20,m=2.0)",LONG,2026-07-24 15:15:00,2026-07-24 18:30:00,52184.0,52092.0,-49.5
"Keltner_Breakout(20,m=2.0)",SHORT,2026-07-24 18:30:00,2026-07-26 22:15:00,52092.0,52378.0,-146.5
"Keltner_Breakout(20,m=2.0)",LONG,2026-07-26 22:15:00,2026-07-27 14:00:00,52378.0,52580.0,97.5
"Keltner_Breakout(20,m=2.0)",SHORT,2026-07-27 14:00:00,2026-07-27 19:00:00,52580.0,52364.0,104.5
"Keltner_Breakout(20,m=2.0)",LONG,2026-07-27 19:00:00,2026-07-28 00:20:00,52364.0,52352.0,-9.5
"Keltner_Breakout(20,m=2.0)",SHORT,2026-07-28 00:20:00,2026-07-28 03:45:00,52352.0,52400.0,-27.5
"Keltner_Breakout(20,m=2.0)",LONG,2026-07-28 03:45:00,2026-07-28 13:35:00,52400.0,52721.0,157.0
"Keltner_Breakout(20,m=2.0)",SHORT,2026-07-28 13:35:00,2026-07-28 15:20:00,52721.0,52934.0,-110.0
"Keltner_Breakout(20,m=2.0)",LONG,2026-07-28 15:20:00,2026-07-28 22:25:00,52934.0,52875.0,-33.0
"Keltner_Breakout(20,m=2.0)",SHORT,2026-07-28 22:25:00,2026-07-28 23:45:00,52875.0,52957.0,-44.5
"Keltner_Breakout(20,m=2.0)",LONG,2026-07-28 23:45:00,2026-07-29 01:50:00,52957.0,52916.0,-24.0
"Keltner_Breakout(20,m=2.0)",SHORT,2026-07-29 01:50:00,2026-07-29 05:15:00,52916.0,52905.0,2.0
"Keltner_Breakout(20,m=2.0)",LONG,2026-07-29 05:15:00,2026-07-29 09:25:00,52905.0,52900.0,-6.0
"Keltner_Breakout(20,m=2.0)",SHORT,2026-07-29 09:25:00,2026-07-29 17:05:00,52900.0,52182.0,355.5
"Keltner_Breakout(20,m=2.0)",LONG,2026-07-29 17:05:00,2026-07-29 19:30:00,52182.0,52007.0,-91.0
"Keltner_Breakout(20,m=2.0)",SHORT,2026-07-29 19:30:00,2026-07-30 07:05:00,52007.0,51901.0,49.5
"Keltner_Breakout(20,m=2.0)",LONG,2026-07-30 07:05:00,2026-07-30 10:00:00,51901.0,51843.0,-32.5
"Keltner_Breakout(20,m=2.0)",SHORT,2026-07-30 10:00:00,2026-07-30 11:30:00,51843.0,51985.0,-74.5
"Keltner_Breakout(20,m=2.0)",LONG,2026-07-30 11:30:00,2026-07-30 15:15:00,51985.0,51817.0,-87.5
"Keltner_Breakout(20,m=2.0)",SHORT,2026-07-30 15:15:00,2026-07-30 16:05:00,51817.0,52123.0,-156.5
"Keltner_Breakout(20,m=2.0)",LONG,2026-07-30 16:05:00,2026-07-31 06:45:00,52123.0,52573.0,221.5
"Keltner_Breakout(20,m=2.0)",SHORT,2026-07-31 06:45:00,2026-07-31 07:10:00,52573.0,52643.0,-38.5
"Keltner_Breakout(20,m=2.0)",LONG,2026-07-31 07:10:00,2026-07-31 11:35:00,52643.0,52620.0,-15.0
"Keltner_Breakout(20,m=2.0)",SHORT,2026-07-31 11:35:00,2026-07-31 17:25:00,52620.0,52657.0,-22.0
"Keltner_Breakout(20,m=2.0)",LONG,2026-07-31 17:25:00,2026-07-31 20:55:00,52657.0,52569.0,-47.5
"Keltner_Breakout(20,m=2.0)",SHORT,2026-07-31 20:55:00,2026-08-02 22:15:00,52569.0,52840.0,-139.0
"Keltner_Breakout(20,m=2.0)",LONG,2026-08-02 22:15:00,2026-08-03 06:30:00,52840.0,52893.0,23.0
"Keltner_Breakout(20,m=2.0)",SHORT,2026-08-03 06:30:00,2026-08-03 08:00:00,52893.0,52953.0,-33.5
"Keltner_Breakout(20,m=2.0)",LONG,2026-08-03 08:00:00,2026-08-03 13:30:00,52953.0,53171.0,105.5
"Keltner_Breakout(20,m=2.0)",SHORT,2026-08-03 13:30:00,2026-08-03 17:45:00,53171.0,53217.0,-26.5
"Keltner_Breakout(20,m=2.0)",LONG,2026-08-03 17:45:00,2026-08-04 05:30:00,53217.0,53448.0,112.0
"Keltner_Breakout(20,m=2.0)",SHORT,2026-08-04 05:30:00,2026-08-04 10:35:00,53448.0,53646.0,-102.5
"Keltner_Breakout(20,m=2.0)",LONG,2026-08-04 10:35:00,2026-08-04 20:00:00,53646.0,54253.0,300.0
"Keltner_Breakout(20,m=2.0)",SHORT,2026-08-04 20:00:00,2026-08-05 02:10:00,54253.0,54409.0,-81.5
"Keltner_Breakout(20,m=2.0)",LONG,2026-08-05 02:10:00,2026-08-05 06:20:00,54409.0,54442.0,13.0
"Keltner_Breakout(20,m=2.0)",SHORT,2026-08-05 06:20:00,2026-08-05 10:35:00,54442.0,54447.0,-6.0
"Keltner_Breakout(20,m=2.0)",LONG,2026-08-05 10:35:00,2026-08-05 20:00:00,54447.0,54486.0,16.0
"Keltner_Breakout(20,m=2.0)",SHORT,2026-08-05 20:00:00,2026-08-06 02:10:00,54486.0,54624.0,-72.5
"Keltner_Breakout(20,m=2.0)",LONG,2026-08-06 02:10:00,2026-08-06 06:15:00,54624.0,54584.0,-23.5
"Keltner_Breakout(20,m=2.0)",SHORT,2026-08-06 06:15:00,2026-08-06 07:10:00,54584.0,54648.0,-35.5
"Keltner_Breakout(20,m=2.0)",LONG,2026-08-06 07:10:00,2026-08-06 08:05:00,54648.0,54576.0,-39.5
"Keltner_Breakout(20,m=2.0)",SHORT,2026-08-06 08:05:00,2026-08-07 05:10:00,54576.0,53920.0,324.5
"Keltner_Breakout(20,m=2.0)",LONG,2026-08-07 05:10:00,2026-08-07 13:35:00,53920.0,53947.0,10.0
"Keltner_Breakout(20,m=2.0)",SHORT,2026-08-07 13:35:00,2026-08-07 19:10:00,53947.0,54125.0,-92.5
"Keltner_Breakout(20,m=2.0)",LONG,2026-08-07 19:10:00,2026-08-09 22:15:00,54125.0,54021.0,-55.5
"Keltner_Breakout(20,m=2.0)",SHORT,2026-08-09 22:15:00,2026-08-10 01:15:00,54021.0,54078.0,-32.0
"Keltner_Breakout(20,m=2.0)",LONG,2026-08-10 01:15:00,2026-08-10 06:40:00,54078.0,54107.0,11.0
"Keltner_Breakout(20,m=2.0)",SHORT,2026-08-10 06:40:00,2026-08-10 20:00:00,54107.0,54064.0,18.0
"Keltner_Breakout(20,m=2.0)",LONG,2026-08-10 20:00:00,2026-08-11 05:55:00,54064.0,54037.0,-17.0
"Keltner_Breakout(20,m=2.0)",SHORT,2026-08-11 05:55:00,2026-08-11 10:30:00,54037.0,54049.0,-9.5
"Keltner_Breakout(20,m=2.0)",LONG,2026-08-11 10:30:00,2026-08-11 14:45:00,54049.0,54065.0,4.5
"Keltner_Breakout(20,m=2.0)",SHORT,2026-08-11 14:45:00,2026-08-12 06:40:00,54065.0,53915.0,71.5
"Keltner_Breakout(20,m=2.0)",LONG,2026-08-12 06:40:00,2026-08-12 08:35:00,53915.0,53866.0,-28.0
"Keltner_Breakout(20,m=2.0)",SHORT,2026-08-12 08:35:00,2026-08-12 09:25:00,53866.0,53956.0,-48.5
"Keltner_Breakout(20,m=2.0)",LONG,2026-08-12 09:25:00,2026-08-12 14:00:00,53956.0,53888.0,-37.5
"Keltner_Breakout(20,m=2.0)",SHORT,2026-08-12 14:00:00,2026-08-13 03:50:00,53888.0,53849.0,16.0
"Keltner_Breakout(20,m=2.0)",LONG,2026-08-13 03:50:00,2026-08-13 13:35:00,53849.0,53971.0,57.5
"Keltner_Breakout(20,m=2.0)",SHORT,2026-08-13 13:35:00,2026-08-13 14:25:00,53971.0,54129.0,-82.5
"Keltner_Breakout(20,m=2.0)",LONG,2026-08-13 14:25:00,2026-08-13 15:05:00,54129.0,53906.0,-115.0
"Keltner_Breakout(20,m=2.0)",SHORT,2026-08-13 15:05:00,2026-08-13 18:40:00,53906.0,53899.0,0.0
"Keltner_Breakout(20,m=2.0)",LONG,2026-08-13 18:40:00,2026-08-14 00:45:00,53899.0,53928.0,11.0
"Keltner_Breakout(20,m=2.0)",SHORT,2026-08-14 00:45:00,2026-08-14 01:35:00,53928.0,53980.0,-29.5
"Keltner_Breakout(20,m=2.0)",LONG,2026-08-14 01:35:00,2026-08-14 04:35:00,53980.0,53966.0,-10.5
"Keltner_Breakout(20,m=2.0)",SHORT,2026-08-14 04:35:00,2026-08-14 13:35:00,53966.0,53897.0,31.0
"Keltner_Breakout(20,m=2.0)",LONG,2026-08-14 13:35:00,2026-08-17 00:20:00,53897.0,53791.0,-56.5
"Keltner_Breakout(20,m=2.0)",SHORT,2026-08-17 00:20:00,2026-08-17 05:35:00,53791.0,53764.0,10.0
"Keltner_Breakout(20,m=2.0)",LONG,2026-08-17 05:35:00,2026-08-17 07:25:00,53764.0,53734.0,-18.5
"Keltner_Breakout(20,m=2.0)",SHORT,2026-08-17 07:25:00,2026-08-17 10:30:00,53734.0,53801.0,-37.0
"Keltner_Breakout(20,m=2.0)",LONG,2026-08-17 10:30:00,2026-08-17 12:05:00,53801.0,53675.0,-66.5
Engulfing_Reversal(0.3),SHORT,2026-06-01 00:30:00,2026-06-01 02:50:00,51128.0,51151.0,-15.0
Engulfing_Reversal(0.3),LONG,2026-06-01 02:50:00,2026-06-01 04:50:00,51151.0,51128.0,-15.0
Engulfing_Reversal(0.3),SHORT,2026-06-01 04:50:00,2026-06-01 06:45:00,51128.0,51109.0,6.0
Engulfing_Reversal(0.3),LONG,2026-06-01 06:45:00,2026-06-01 07:30:00,51109.0,51119.0,1.5
Engulfing_Reversal(0.3),SHORT,2026-06-01 07:30:00,2026-06-01 07:55:00,51119.0,51101.0,5.5
Engulfing_Reversal(0.3),LONG,2026-06-01 07:55:00,2026-06-01 08:35:00,51101.0,51157.0,24.5
Engulfing_Reversal(0.3),SHORT,2026-06-01 08:35:00,2026-06-01 10:25:00,51157.0,51286.0,-68.0
Engulfing_Reversal(0.3),LONG,2026-06-01 10:25:00,2026-06-01 13:15:00,51286.0,51044.0,-124.5
Engulfing_Reversal(0.3),SHORT,2026-06-01 13:15:00,2026-06-01 13:45:00,51044.0,50982.0,27.5
Engulfing_Reversal(0.3),LONG,2026-06-01 13:45:00,2026-06-01 15:20:00,50982.0,50935.0,-27.0
Engulfing_Reversal(0.3),SHORT,2026-06-01 15:20:00,2026-06-01 23:20:00,50935.0,51021.0,-46.5
Engulfing_Reversal(0.3),LONG,2026-06-01 23:20:00,2026-06-02 00:05:00,51021.0,50972.0,-28.0
Engulfing_Reversal(0.3),SHORT,2026-06-02 00:05:00,2026-06-02 01:25:00,50972.0,50923.0,21.0
Engulfing_Reversal(0.3),LONG,2026-06-02 01:25:00,2026-06-02 01:30:00,50923.0,50916.0,-7.0
Engulfing_Reversal(0.3),SHORT,2026-06-02 01:30:00,2026-06-02 02:30:00,50916.0,50905.0,2.0
Engulfing_Reversal(0.3),LONG,2026-06-02 02:30:00,2026-06-02 02:45:00,50905.0,50901.0,-5.5
Engulfing_Reversal(0.3),SHORT,2026-06-02 02:45:00,2026-06-02 04:25:00,50901.0,50933.0,-19.5
Engulfing_Reversal(0.3),LONG,2026-06-02 04:25:00,2026-06-02 05:50:00,50933.0,50965.0,12.5
Engulfing_Reversal(0.3),SHORT,2026-06-02 05:50:00,2026-06-02 06:05:00,50965.0,50965.0,-3.5
Engulfing_Reversal(0.3),LONG,2026-06-02 06:05:00,2026-06-02 10:25:00,50965.0,50925.0,-23.5
Engulfing_Reversal(0.3),SHORT,2026-06-02 10:25:00,2026-06-02 12:25:00,50925.0,50941.0,-11.5
Engulfing_Reversal(0.3),LONG,2026-06-02 12:25:00,2026-06-02 13:25:00,50941.0,50878.0,-35.0
Engulfing_Reversal(0.3),SHORT,2026-06-02 13:25:00,2026-06-02 14:45:00,50878.0,51118.0,-123.5
Engulfing_Reversal(0.3),LONG,2026-06-02 14:45:00,2026-06-02 16:30:00,51118.0,51237.0,56.0
Engulfing_Reversal(0.3),SHORT,2026-06-02 16:30:00,2026-06-02 16:40:00,51237.0,51248.0,-9.0
Engulfing_Reversal(0.3),LONG,2026-06-02 16:40:00,2026-06-02 18:55:00,51248.0,51388.0,66.5
Engulfing_Reversal(0.3),SHORT,2026-06-02 18:55:00,2026-06-02 19:50:00,51388.0,51412.0,-15.5
Engulfing_Reversal(0.3),LONG,2026-06-02 19:50:00,2026-06-02 20:00:00,51412.0,51397.0,-11.0
Engulfing_Reversal(0.3),SHORT,2026-06-02 20:00:00,2026-06-02 20:05:00,51397.0,51427.0,-18.5
Engulfing_Reversal(0.3),LONG,2026-06-02 20:05:00,2026-06-02 20:50:00,51427.0,51415.0,-9.5
Engulfing_Reversal(0.3),SHORT,2026-06-02 20:50:00,2026-06-02 20:55:00,51415.0,51431.0,-11.5
Engulfing_Reversal(0.3),LONG,2026-06-02 20:55:00,2026-06-02 23:05:00,51431.0,51370.0,-34.0
Engulfing_Reversal(0.3),SHORT,2026-06-02 23:05:00,2026-06-02 23:30:00,51370.0,51339.0,12.0
Engulfing_Reversal(0.3),LONG,2026-06-02 23:30:00,2026-06-03 02:00:00,51339.0,51375.0,14.5
Engulfing_Reversal(0.3),SHORT,2026-06-03 02:00:00,2026-06-03 02:40:00,51375.0,51384.0,-8.0
Engulfing_Reversal(0.3),LONG,2026-06-03 02:40:00,2026-06-03 03:50:00,51384.0,51377.0,-7.0
Engulfing_Reversal(0.3),SHORT,2026-06-03 03:50:00,2026-06-03 06:40:00,51377.0,51328.0,21.0
Engulfing_Reversal(0.3),LONG,2026-06-03 06:40:00,2026-06-03 07:05:00,51328.0,51312.0,-11.5
Engulfing_Reversal(0.3),SHORT,2026-06-03 07:05:00,2026-06-03 07:35:00,51312.0,51301.0,2.0
Engulfing_Reversal(0.3),LONG,2026-06-03 07:35:00,2026-06-03 08:55:00,51301.0,51255.0,-26.5
Engulfing_Reversal(0.3),SHORT,2026-06-03 08:55:00,2026-06-03 09:10:00,51255.0,51261.0,-6.5
Engulfing_Reversal(0.3),LONG,2026-06-03 09:10:00,2026-06-03 09:15:00,51261.0,51243.0,-12.5
Engulfing_Reversal(0.3),SHORT,2026-06-03 09:15:00,2026-06-03 09:55:00,51243.0,51208.0,14.0
Engulfing_Reversal(0.3),LONG,2026-06-03 09:55:00,2026-06-03 13:15:00,51208.0,51182.0,-16.5
Engulfing_Reversal(0.3),SHORT,2026-06-03 13:15:00,2026-06-03 14:40:00,51182.0,51036.0,69.5
Engulfing_Reversal(0.3),LONG,2026-06-03 14:40:00,2026-06-03 15:35:00,51036.0,50969.0,-37.0
Engulfing_Reversal(0.3),SHORT,2026-06-03 15:35:00,2026-06-03 15:55:00,50969.0,50927.0,17.5
Engulfing_Reversal(0.3),LONG,2026-06-03 15:55:00,2026-06-03 16:20:00,50927.0,50947.0,6.5
Engulfing_Reversal(0.3),SHORT,2026-06-03 16:20:00,2026-06-03 16:45:00,50947.0,50940.0,0.0
Engulfing_Reversal(0.3),LONG,2026-06-03 16:45:00,2026-06-03 17:15:00,50940.0,50917.0,-15.0
Engulfing_Reversal(0.3),SHORT,2026-06-03 17:15:00,2026-06-03 17:35:00,50917.0,50939.0,-14.5
Engulfing_Reversal(0.3),LONG,2026-06-03 17:35:00,2026-06-03 17:45:00,50939.0,50924.0,-11.0
Engulfing_Reversal(0.3),SHORT,2026-06-03 17:45:00,2026-06-03 18:15:00,50924.0,50963.0,-23.0
Engulfing_Reversal(0.3),LONG,2026-06-03 18:15:00,2026-06-03 19:05:00,50963.0,50900.0,-35.0
Engulfing_Reversal(0.3),SHORT,2026-06-03 19:05:00,2026-06-03 22:00:00,50900.0,50774.0,59.5
Engulfing_Reversal(0.3),LONG,2026-06-03 22:00:00,2026-06-03 22:15:00,50774.0,50814.0,16.5
Engulfing_Reversal(0.3),SHORT,2026-06-03 22:15:00,2026-06-03 23:30:00,50814.0,50806.0,0.5
Engulfing_Reversal(0.3),LONG,2026-06-03 23:30:00,2026-06-03 23:35:00,50806.0,50788.0,-12.5
Engulfing_Reversal(0.3),SHORT,2026-06-03 23:35:00,2026-06-04 00:35:00,50788.0,50843.0,-31.0
Engulfing_Reversal(0.3),LONG,2026-06-04 00:35:00,2026-06-04 01:20:00,50843.0,50811.0,-19.5
Engulfing_Reversal(0.3),SHORT,2026-06-04 01:20:00,2026-06-04 04:10:00,50811.0,50800.0,2.0
Engulfing_Reversal(0.3),LONG,2026-06-04 04:10:00,2026-06-04 04:30:00,50800.0,50803.0,-2.0
Engulfing_Reversal(0.3),SHORT,2026-06-04 04:30:00,2026-06-04 05:35:00,50803.0,50790.0,3.0
Engulfing_Reversal(0.3),LONG,2026-06-04 05:35:00,2026-06-04 07:40:00,50790.0,50920.0,61.5
Engulfing_Reversal(0.3),SHORT,2026-06-04 07:40:00,2026-06-04 08:00:00,50920.0,50910.0,1.5
Engulfing_Reversal(0.3),LONG,2026-06-04 08:00:00,2026-06-04 08:40:00,50910.0,50962.0,22.5
Engulfing_Reversal(0.3),SHORT,2026-06-04 08:40:00,2026-06-04 09:05:00,50962.0,50941.0,7.0
Engulfing_Reversal(0.3),LONG,2026-06-04 09:05:00,2026-06-04 12:15:00,50941.0,51192.0,122.0
Engulfing_Reversal(0.3),SHORT,2026-06-04 12:15:00,2026-06-04 12:55:00,51192.0,51301.0,-58.0
Engulfing_Reversal(0.3),LONG,2026-06-04 12:55:00,2026-06-04 13:15:00,51301.0,51288.0,-10.0
Engulfing_Reversal(0.3),SHORT,2026-06-04 13:15:00,2026-06-04 13:30:00,51288.0,51352.0,-35.5
Engulfing_Reversal(0.3),LONG,2026-06-04 13:30:00,2026-06-04 14:30:00,51352.0,51486.0,63.5
Engulfing_Reversal(0.3),SHORT,2026-06-04 14:30:00,2026-06-04 14:55:00,51486.0,51510.0,-15.5
Engulfing_Reversal(0.3),LONG,2026-06-04 14:55:00,2026-06-04 16:35:00,51510.0,51698.0,90.5
Engulfing_Reversal(0.3),SHORT,2026-06-04 16:35:00,2026-06-04 16:50:00,51698.0,51710.0,-9.5
Engulfing_Reversal(0.3),LONG,2026-06-04 16:50:00,2026-06-04 17:25:00,51710.0,51590.0,-63.5
Engulfing_Reversal(0.3),SHORT,2026-06-04 17:25:00,2026-06-04 17:40:00,51590.0,51607.0,-12.0
Engulfing_Reversal(0.3),LONG,2026-06-04 17:40:00,2026-06-04 19:55:00,51607.0,51695.0,40.5
Engulfing_Reversal(0.3),SHORT,2026-06-04 19:55:00,2026-06-04 20:35:00,51695.0,51662.0,13.0
Engulfing_Reversal(0.3),LONG,2026-06-04 20:35:00,2026-06-04 23:05:00,51662.0,51671.0,1.0
Engulfing_Reversal(0.3),SHORT,2026-06-04 23:05:00,2026-06-04 23:25:00,51671.0,51665.0,-0.5
Engulfing_Reversal(0.3),LONG,2026-06-04 23:25:00,2026-06-04 23:35:00,51665.0,51655.0,-8.5
Engulfing_Reversal(0.3),SHORT,2026-06-04 23:35:00,2026-06-05 00:40:00,51655.0,51622.0,13.0
Engulfing_Reversal(0.3),LONG,2026-06-05 00:40:00,2026-06-05 03:30:00,51622.0,51599.0,-15.0
Engulfing_Reversal(0.3),SHORT,2026-06-05 03:30:00,2026-06-05 04:10:00,51599.0,51611.0,-9.5
Engulfing_Reversal(0.3),LONG,2026-06-05 04:10:00,2026-06-05 07:05:00,51611.0,51650.0,16.0
Engulfing_Reversal(0.3),SHORT,2026-06-05 07:05:00,2026-06-05 07:25:00,51650.0,51669.0,-13.0
Engulfing_Reversal(0.3),LONG,2026-06-05 07:25:00,2026-06-05 07:50:00,51669.0,51693.0,8.5
Engulfing_Reversal(0.3),SHORT,2026-06-05 07:50:00,2026-06-05 08:50:00,51693.0,51699.0,-6.5
Engulfing_Reversal(0.3),LONG,2026-06-05 08:50:00,2026-06-05 10:30:00,51699.0,51751.0,22.5
Engulfing_Reversal(0.3),SHORT,2026-06-05 10:30:00,2026-06-05 11:30:00,51751.0,51740.0,2.0
Engulfing_Reversal(0.3),LONG,2026-06-05 11:30:00,2026-06-05 11:40:00,51740.0,51740.0,-3.5
Engulfing_Reversal(0.3),SHORT,2026-06-05 11:40:00,2026-06-05 13:10:00,51740.0,51706.0,13.5
Engulfing_Reversal(0.3),LONG,2026-06-05 13:10:00,2026-06-05 13:25:00,51706.0,51668.0,-22.5
Engulfing_Reversal(0.3),SHORT,2026-06-05 13:25:00,2026-06-05 13:30:00,51668.0,51744.0,-41.5
Engulfing_Reversal(0.3),LONG,2026-06-05 13:30:00,2026-06-05 13:35:00,51744.0,51648.0,-51.5
Engulfing_Reversal(0.3),SHORT,2026-06-05 13:35:00,2026-06-05 14:35:00,51648.0,51523.0,59.0
Engulfing_Reversal(0.3),LONG,2026-06-05 14:35:00,2026-06-05 14:45:00,51523.0,51512.0,-9.0
Engulfing_Reversal(0.3),SHORT,2026-06-05 14:45:00,2026-06-05 16:40:00,51512.0,51234.0,135.5
Engulfing_Reversal(0.3),LONG,2026-06-05 16:40:00,2026-06-05 17:05:00,51234.0,51228.0,-6.5
Engulfing_Reversal(0.3),SHORT,2026-06-05 17:05:00,2026-06-05 17:25:00,51228.0,51220.0,0.5
Engulfing_Reversal(0.3),LONG,2026-06-05 17:25:00,2026-06-05 17:45:00,51220.0,51200.0,-13.5
Engulfing_Reversal(0.3),SHORT,2026-06-05 17:45:00,2026-06-05 17:55:00,51200.0,51206.0,-6.5
Engulfing_Reversal(0.3),LONG,2026-06-05 17:55:00,2026-06-05 18:05:00,51206.0,51181.0,-16.0
Engulfing_Reversal(0.3),SHORT,2026-06-05 18:05:00,2026-06-05 19:40:00,51181.0,50970.0,102.0
Engulfing_Reversal(0.3),LONG,2026-06-05 19:40:00,2026-06-05 20:35:00,50970.0,50756.0,-110.5
Engulfing_Reversal(0.3),SHORT,2026-06-05 20:35:00,2026-06-05 20:45:00,50756.0,50760.0,-5.5
Engulfing_Reversal(0.3),LONG,2026-06-05 20:45:00,2026-06-07 22:45:00,50760.0,50848.0,40.5
Engulfing_Reversal(0.3),SHORT,2026-06-07 22:45:00,2026-06-08 00:05:00,50848.0,50877.0,-18.0
Engulfing_Reversal(0.3),LONG,2026-06-08 00:05:00,2026-06-08 00:45:00,50877.0,50847.0,-18.5
Engulfing_Reversal(0.3),SHORT,2026-06-08 00:45:00,2026-06-08 01:45:00,50847.0,50800.0,20.0
Engulfing_Reversal(0.3),LONG,2026-06-08 01:45:00,2026-06-08 02:35:00,50800.0,50788.0,-9.5
Engulfing_Reversal(0.3),SHORT,2026-06-08 02:35:00,2026-06-08 03:00:00,50788.0,50833.0,-26.0
Engulfing_Reversal(0.3),LONG,2026-06-08 03:00:00,2026-06-08 04:00:00,50833.0,50859.0,9.5
Engulfing_Reversal(0.3),SHORT,2026-06-08 04:00:00,2026-06-08 05:05:00,50859.0,50803.0,24.5
Engulfing_Reversal(0.3),LONG,2026-06-08 05:05:00,2026-06-08 05:35:00,50803.0,50713.0,-48.5
Engulfing_Reversal(0.3),SHORT,2026-06-08 05:35:00,2026-06-08 12:25:00,50713.0,51082.0,-188.0
Engulfing_Reversal(0.3),LONG,2026-06-08 12:25:00,2026-06-08 14:00:00,51082.0,51032.0,-28.5
Engulfing_Reversal(0.3),SHORT,2026-06-08 14:00:00,2026-06-08 15:40:00,51032.0,51034.0,-4.5
Engulfing_Reversal(0.3),LONG,2026-06-08 15:40:00,2026-06-08 16:25:00,51034.0,51018.0,-11.5
Engulfing_Reversal(0.3),SHORT,2026-06-08 16:25:00,2026-06-08 16:45:00,51018.0,50973.0,19.0
Engulfing_Reversal(0.3),LONG,2026-06-08 16:45:00,2026-06-08 17:20:00,50973.0,50846.0,-67.0
Engulfing_Reversal(0.3),SHORT,2026-06-08 17:20:00,2026-06-08 22:00:00,50846.0,50800.0,19.5
Engulfing_Reversal(0.3),LONG,2026-06-08 22:00:00,2026-06-08 23:45:00,50800.0,50813.0,3.0
Engulfing_Reversal(0.3),SHORT,2026-06-08 23:45:00,2026-06-09 00:45:00,50813.0,50726.0,40.0
Engulfing_Reversal(0.3),LONG,2026-06-09 00:45:00,2026-06-09 04:55:00,50726.0,50920.0,93.5
Engulfing_Reversal(0.3),SHORT,2026-06-09 04:55:00,2026-06-09 08:10:00,50920.0,50882.0,15.5
Engulfing_Reversal(0.3),LONG,2026-06-09 08:10:00,2026-06-09 10:00:00,50882.0,50962.0,36.5
Engulfing_Reversal(0.3),SHORT,2026-06-09 10:00:00,2026-06-09 10:45:00,50962.0,50961.0,-3.0
Engulfing_Reversal(0.3),LONG,2026-06-09 10:45:00,2026-06-09 12:45:00,50961.0,51011.0,21.5
Engulfing_Reversal(0.3),SHORT,2026-06-09 12:45:00,2026-06-09 13:00:00,51011.0,51072.0,-34.0
Engulfing_Reversal(0.3),LONG,2026-06-09 13:00:00,2026-06-09 14:40:00,51072.0,51076.0,-1.5
Engulfing_Reversal(0.3),SHORT,2026-06-09 14:40:00,2026-06-09 17:00:00,51076.0,50422.0,323.5
Engulfing_Reversal(0.3),LONG,2026-06-09 17:00:00,2026-06-09 17:50:00,50422.0,50707.0,139.0
Engulfing_Reversal(0.3),SHORT,2026-06-09 17:50:00,2026-06-09 18:20:00,50707.0,50822.0,-61.0
Engulfing_Reversal(0.3),LONG,2026-06-09 18:20:00,2026-06-09 18:45:00,50822.0,50835.0,3.0
Engulfing_Reversal(0.3),SHORT,2026-06-09 18:45:00,2026-06-09 20:25:00,50835.0,50867.0,-19.5
Engulfing_Reversal(0.3),LONG,2026-06-09 20:25:00,2026-06-09 20:50:00,50867.0,50874.0,0.0
Engulfing_Reversal(0.3),SHORT,2026-06-09 20:50:00,2026-06-10 01:15:00,50874.0,50873.0,-3.0
Engulfing_Reversal(0.3),LONG,2026-06-10 01:15:00,2026-06-10 02:35:00,50873.0,50859.0,-10.5
Engulfing_Reversal(0.3),SHORT,2026-06-10 02:35:00,2026-06-10 02:45:00,50859.0,50862.0,-5.0
Engulfing_Reversal(0.3),LONG,2026-06-10 02:45:00,2026-06-10 02:55:00,50862.0,50833.0,-18.0
Engulfing_Reversal(0.3),SHORT,2026-06-10 02:55:00,2026-06-10 05:25:00,50833.0,50774.0,26.0
Engulfing_Reversal(0.3),LONG,2026-06-10 05:25:00,2026-06-10 05:45:00,50774.0,50809.0,14.0
Engulfing_Reversal(0.3),SHORT,2026-06-10 05:45:00,2026-06-10 05:55:00,50809.0,50820.0,-9.0
Engulfing_Reversal(0.3),LONG,2026-06-10 05:55:00,2026-06-10 07:40:00,50820.0,50753.0,-37.0
Engulfing_Reversal(0.3),SHORT,2026-06-10 07:40:00,2026-06-10 08:55:00,50753.0,50608.0,69.0
Engulfing_Reversal(0.3),LONG,2026-06-10 08:55:00,2026-06-10 10:05:00,50608.0,50561.0,-27.0
Engulfing_Reversal(0.3),SHORT,2026-06-10 10:05:00,2026-06-10 10:40:00,50561.0,50568.0,-7.0
Engulfing_Reversal(0.3),LONG,2026-06-10 10:40:00,2026-06-10 11:05:00,50568.0,50362.0,-106.5
Engulfing_Reversal(0.3),SHORT,2026-06-10 11:05:00,2026-06-10 12:10:00,50362.0,50508.0,-76.5
Engulfing_Reversal(0.3),LONG,2026-06-10 12:10:00,2026-06-10 15:50:00,50508.0,50280.0,-117.5
Engulfing_Reversal(0.3),SHORT,2026-06-10 15:50:00,2026-06-10 16:30:00,50280.0,50327.0,-27.0
Engulfing_Reversal(0.3),LONG,2026-06-10 16:30:00,2026-06-10 16:45:00,50327.0,50325.0,-4.5
Engulfing_Reversal(0.3),SHORT,2026-06-10 16:45:00,2026-06-10 17:25:00,50325.0,50258.0,30.0
Engulfing_Reversal(0.3),LONG,2026-06-10 17:25:00,2026-06-10 19:15:00,50258.0,50112.0,-76.5
Engulfing_Reversal(0.3),SHORT,2026-06-10 19:15:00,2026-06-10 19:35:00,50112.0,50072.0,16.5
Engulfing_Reversal(0.3),LONG,2026-06-10 19:35:00,2026-06-10 20:35:00,50072.0,49919.0,-80.0
Engulfing_Reversal(0.3),SHORT,2026-06-10 20:35:00,2026-06-10 22:30:00,49919.0,49923.0,-5.5
Engulfing_Reversal(0.3),LONG,2026-06-10 22:30:00,2026-06-10 22:45:00,49923.0,49901.0,-14.5
Engulfing_Reversal(0.3),SHORT,2026-06-10 22:45:00,2026-06-10 23:20:00,49901.0,49857.0,18.5
Engulfing_Reversal(0.3),LONG,2026-06-10 23:20:00,2026-06-11 02:35:00,49857.0,49978.0,57.0
Engulfing_Reversal(0.3),SHORT,2026-06-11 02:35:00,2026-06-11 03:25:00,49978.0,50023.0,-26.0
Engulfing_Reversal(0.3),LONG,2026-06-11 03:25:00,2026-06-11 04:05:00,50023.0,50092.0,31.0
Engulfing_Reversal(0.3),SHORT,2026-06-11 04:05:00,2026-06-11 06:15:00,50092.0,50123.0,-19.0
Engulfing_Reversal(0.3),LONG,2026-06-11 06:15:00,2026-06-11 06:30:00,50123.0,50117.0,-6.5
Engulfing_Reversal(0.3),SHORT,2026-06-11 06:30:00,2026-06-11 07:40:00,50117.0,50303.0,-96.5
Engulfing_Reversal(0.3),LONG,2026-06-11 07:40:00,2026-06-11 11:25:00,50303.0,50312.0,1.0
Engulfing_Reversal(0.3),SHORT,2026-06-11 11:25:00,2026-06-11 11:55:00,50312.0,50374.0,-34.5
Engulfing_Reversal(0.3),LONG,2026-06-11 11:55:00,2026-06-11 12:35:00,50374.0,50167.0,-107.0
Engulfing_Reversal(0.3),SHORT,2026-06-11 12:35:00,2026-06-11 15:25:00,50167.0,50323.0,-81.5
Engulfing_Reversal(0.3),LONG,2026-06-11 15:25:00,2026-06-11 22:35:00,50323.0,50947.0,308.5
Engulfing_Reversal(0.3),SHORT,2026-06-11 22:35:00,2026-06-12 00:25:00,50947.0,50930.0,5.0
Engulfing_Reversal(0.3),LONG,2026-06-12 00:25:00,2026-06-12 01:05:00,50930.0,50883.0,-27.0
Engulfing_Reversal(0.3),SHORT,2026-06-12 01:05:00,2026-06-12 04:25:00,50883.0,50906.0,-15.0
Engulfing_Reversal(0.3),LONG,2026-06-12 04:25:00,2026-06-12 04:50:00,50906.0,50928.0,7.5
Engulfing_Reversal(0.3),SHORT,2026-06-12 04:50:00,2026-06-12 07:25:00,50928.0,50860.0,30.5
Engulfing_Reversal(0.3),LONG,2026-06-12 07:25:00,2026-06-12 10:00:00,50860.0,51651.0,392.0
Engulfing_Reversal(0.3),SHORT,2026-06-12 10:00:00,2026-06-12 11:25:00,51651.0,51596.0,24.0
Engulfing_Reversal(0.3),LONG,2026-06-12 11:25:00,2026-06-12 12:40:00,51596.0,51507.0,-48.0
Engulfing_Reversal(0.3),SHORT,2026-06-12 12:40:00,2026-06-12 14:30:00,51507.0,51445.0,27.5
Engulfing_Reversal(0.3),LONG,2026-06-12 14:30:00,2026-06-15 01:40:00,51445.0,52033.0,290.5
Engulfing_Reversal(0.3),SHORT,2026-06-15 01:40:00,2026-06-15 02:05:00,52033.0,52037.0,-5.5
Engulfing_Reversal(0.3),LONG,2026-06-15 02:05:00,2026-06-15 04:15:00,52037.0,52050.0,3.0
Engulfing_Reversal(0.3),SHORT,2026-06-15 04:15:00,2026-06-15 04:50:00,52050.0,52075.0,-16.0
Engulfing_Reversal(0.3),LONG,2026-06-15 04:50:00,2026-06-15 06:55:00,52075.0,52093.0,5.5
Engulfing_Reversal(0.3),SHORT,2026-06-15 06:55:00,2026-06-15 10:05:00,52093.0,52030.0,28.0
Engulfing_Reversal(0.3),LONG,2026-06-15 10:05:00,2026-06-15 10:35:00,52030.0,52036.0,-0.5
Engulfing_Reversal(0.3),SHORT,2026-06-15 10:35:00,2026-06-15 10:45:00,52036.0,52044.0,-7.5
Engulfing_Reversal(0.3),LONG,2026-06-15 10:45:00,2026-06-15 15:00:00,52044.0,52270.0,109.5
Engulfing_Reversal(0.3),SHORT,2026-06-15 15:00:00,2026-06-15 16:15:00,52270.0,52345.0,-41.0
Engulfing_Reversal(0.3),LONG,2026-06-15 16:15:00,2026-06-15 16:35:00,52345.0,52357.0,2.5
Engulfing_Reversal(0.3),SHORT,2026-06-15 16:35:00,2026-06-15 17:15:00,52357.0,52346.0,2.0
Engulfing_Reversal(0.3),LONG,2026-06-15 17:15:00,2026-06-15 18:20:00,52346.0,52254.0,-49.5
Engulfing_Reversal(0.3),SHORT,2026-06-15 18:20:00,2026-06-15 19:50:00,52254.0,52200.0,23.5
Engulfing_Reversal(0.3),LONG,2026-06-15 19:50:00,2026-06-15 20:55:00,52200.0,52152.0,-27.5
Engulfing_Reversal(0.3),SHORT,2026-06-15 20:55:00,2026-06-16 00:10:00,52152.0,52121.0,12.0
Engulfing_Reversal(0.3),LONG,2026-06-16 00:10:00,2026-06-16 02:05:00,52121.0,52126.0,-1.0
Engulfing_Reversal(0.3),SHORT,2026-06-16 02:05:00,2026-06-16 05:00:00,52126.0,52139.0,-10.0
Engulfing_Reversal(0.3),LONG,2026-06-16 05:00:00,2026-06-16 07:45:00,52139.0,52206.0,30.0
Engulfing_Reversal(0.3),SHORT,2026-06-16 07:45:00,2026-06-16 08:10:00,52206.0,52221.0,-11.0
Engulfing_Reversal(0.3),LONG,2026-06-16 08:10:00,2026-06-16 09:00:00,52221.0,52165.0,-31.5
Engulfing_Reversal(0.3),SHORT,2026-06-16 09:00:00,2026-06-16 09:05:00,52165.0,52182.0,-12.0
Engulfing_Reversal(0.3),LONG,2026-06-16 09:05:00,2026-06-16 10:20:00,52182.0,52181.0,-4.0
Engulfing_Reversal(0.3),SHORT,2026-06-16 10:20:00,2026-06-16 10:30:00,52181.0,52184.0,-5.0
Engulfing_Reversal(0.3),LONG,2026-06-16 10:30:00,2026-06-16 11:05:00,52184.0,52182.0,-4.5
Engulfing_Reversal(0.3),SHORT,2026-06-16 11:05:00,2026-06-16 12:10:00,52182.0,52209.0,-17.0
Engulfing_Reversal(0.3),LONG,2026-06-16 12:10:00,2026-06-16 13:10:00,52209.0,52258.0,21.0
Engulfing_Reversal(0.3),SHORT,2026-06-16 13:10:00,2026-06-16 14:05:00,52258.0,52409.0,-79.0
Engulfing_Reversal(0.3),LONG,2026-06-16 14:05:00,2026-06-16 15:05:00,52409.0,52425.0,4.5
Engulfing_Reversal(0.3),SHORT,2026-06-16 15:05:00,2026-06-16 17:10:00,52425.0,52619.0,-100.5
Engulfing_Reversal(0.3),LONG,2026-06-16 17:10:00,2026-06-16 18:35:00,52619.0,52544.0,-41.0
Engulfing_Reversal(0.3),SHORT,2026-06-16 18:35:00,2026-06-16 19:00:00,52544.0,52532.0,2.5
Engulfing_Reversal(0.3),LONG,2026-06-16 19:00:00,2026-06-16 23:30:00,52532.0,52518.0,-10.5
Engulfing_Reversal(0.3),SHORT,2026-06-16 23:30:00,2026-06-16 23:55:00,52518.0,52522.0,-5.5
Engulfing_Reversal(0.3),LONG,2026-06-16 23:55:00,2026-06-17 03:15:00,52522.0,52514.0,-7.5
Engulfing_Reversal(0.3),SHORT,2026-06-17 03:15:00,2026-06-17 05:05:00,52514.0,52517.0,-5.0
Engulfing_Reversal(0.3),LONG,2026-06-17 05:05:00,2026-06-17 05:20:00,52517.0,52511.0,-6.5
Engulfing_Reversal(0.3),SHORT,2026-06-17 05:20:00,2026-06-17 10:25:00,52511.0,52459.0,22.5
Engulfing_Reversal(0.3),LONG,2026-06-17 10:25:00,2026-06-17 14:30:00,52459.0,52689.0,111.5
Engulfing_Reversal(0.3),SHORT,2026-06-17 14:30:00,2026-06-17 17:50:00,52689.0,52576.0,53.0
Engulfing_Reversal(0.3),LONG,2026-06-17 17:50:00,2026-06-17 18:05:00,52576.0,52301.0,-141.0
Engulfing_Reversal(0.3),SHORT,2026-06-17 18:05:00,2026-06-17 18:20:00,52301.0,52436.0,-71.0
Engulfing_Reversal(0.3),LONG,2026-06-17 18:20:00,2026-06-17 19:20:00,52436.0,52167.0,-138.0
Engulfing_Reversal(0.3),SHORT,2026-06-17 19:20:00,2026-06-17 20:00:00,52167.0,51944.0,108.0
Engulfing_Reversal(0.3),LONG,2026-06-17 20:00:00,2026-06-17 22:20:00,51944.0,52061.0,55.0
Engulfing_Reversal(0.3),SHORT,2026-06-17 22:20:00,2026-06-17 22:50:00,52061.0,52069.0,-7.5
Engulfing_Reversal(0.3),LONG,2026-06-17 22:50:00,2026-06-18 00:20:00,52069.0,52232.0,78.0
Engulfing_Reversal(0.3),SHORT,2026-06-18 00:20:00,2026-06-18 01:25:00,52232.0,52250.0,-12.5
Engulfing_Reversal(0.3),LONG,2026-06-18 01:25:00,2026-06-18 03:35:00,52250.0,52232.0,-12.5
Engulfing_Reversal(0.3),SHORT,2026-06-18 03:35:00,2026-06-18 04:30:00,52232.0,52222.0,1.5
Engulfing_Reversal(0.3),LONG,2026-06-18 04:30:00,2026-06-18 07:50:00,52222.0,52217.0,-6.0
Engulfing_Reversal(0.3),SHORT,2026-06-18 07:50:00,2026-06-18 12:00:00,52217.0,52046.0,82.0
Engulfing_Reversal(0.3),LONG,2026-06-18 12:00:00,2026-06-18 14:15:00,52046.0,52068.0,7.5
Engulfing_Reversal(0.3),SHORT,2026-06-18 14:15:00,2026-06-18 14:35:00,52068.0,52154.0,-46.5
Engulfing_Reversal(0.3),LONG,2026-06-18 14:35:00,2026-06-18 15:05:00,52154.0,52160.0,-0.5
Engulfing_Reversal(0.3),SHORT,2026-06-18 15:05:00,2026-06-18 15:35:00,52160.0,52091.0,31.0
Engulfing_Reversal(0.3),LONG,2026-06-18 15:35:00,2026-06-18 15:40:00,52091.0,52058.0,-20.0
Engulfing_Reversal(0.3),SHORT,2026-06-18 15:40:00,2026-06-18 15:50:00,52058.0,52064.0,-6.5
Engulfing_Reversal(0.3),LONG,2026-06-18 15:50:00,2026-06-18 16:05:00,52064.0,52042.0,-14.5
Engulfing_Reversal(0.3),SHORT,2026-06-18 16:05:00,2026-06-18 16:30:00,52042.0,52085.0,-25.0
Engulfing_Reversal(0.3),LONG,2026-06-18 16:30:00,2026-06-18 17:25:00,52085.0,52134.0,21.0
Engulfing_Reversal(0.3),SHORT,2026-06-18 17:25:00,2026-06-18 18:45:00,52134.0,52064.0,31.5
Engulfing_Reversal(0.3),LONG,2026-06-18 18:45:00,2026-06-18 19:50:00,52064.0,52006.0,-32.5
Engulfing_Reversal(0.3),SHORT,2026-06-18 19:50:00,2026-06-19 01:05:00,52006.0,51973.0,13.0
Engulfing_Reversal(0.3),LONG,2026-06-19 01:05:00,2026-06-19 03:05:00,51973.0,51881.0,-49.5
Engulfing_Reversal(0.3),SHORT,2026-06-19 03:05:00,2026-06-19 03:55:00,51881.0,51880.0,-3.0
Engulfing_Reversal(0.3),LONG,2026-06-19 03:55:00,2026-06-21 22:00:00,51880.0,51870.0,-8.5
Engulfing_Reversal(0.3),SHORT,2026-06-21 22:00:00,2026-06-22 00:00:00,51870.0,51762.0,50.5
Engulfing_Reversal(0.3),LONG,2026-06-22 00:00:00,2026-06-22 00:45:00,51762.0,51888.0,59.5
Engulfing_Reversal(0.3),SHORT,2026-06-22 00:45:00,2026-06-22 01:40:00,51888.0,51960.0,-39.5
Engulfing_Reversal(0.3),LONG,2026-06-22 01:40:00,2026-06-22 02:05:00,51960.0,51937.0,-15.0
Engulfing_Reversal(0.3),SHORT,2026-06-22 02:05:00,2026-06-22 07:20:00,51937.0,51987.0,-28.5
Engulfing_Reversal(0.3),LONG,2026-06-22 07:20:00,2026-06-22 08:05:00,51987.0,51925.0,-34.5
Engulfing_Reversal(0.3),SHORT,2026-06-22 08:05:00,2026-06-22 08:25:00,51925.0,51947.0,-14.5
Engulfing_Reversal(0.3),LONG,2026-06-22 08:25:00,2026-06-22 15:10:00,51947.0,52069.0,57.5
Engulfing_Reversal(0.3),SHORT,2026-06-22 15:10:00,2026-06-22 17:15:00,52069.0,52142.0,-40.0
Engulfing_Reversal(0.3),LONG,2026-06-22 17:15:00,2026-06-22 18:00:00,52142.0,52110.0,-19.5
Engulfing_Reversal(0.3),SHORT,2026-06-22 18:00:00,2026-06-22 18:10:00,52110.0,52115.0,-6.0
Engulfing_Reversal(0.3),LONG,2026-06-22 18:10:00,2026-06-22 18:55:00,52115.0,52053.0,-34.5
Engulfing_Reversal(0.3),SHORT,2026-06-22 18:55:00,2026-06-22 19:50:00,52053.0,52081.0,-17.5
Engulfing_Reversal(0.3),LONG,2026-06-22 19:50:00,2026-06-23 01:35:00,52081.0,52210.0,61.0
Engulfing_Reversal(0.3),SHORT,2026-06-23 01:35:00,2026-06-23 02:45:00,52210.0,52161.0,21.0
Engulfing_Reversal(0.3),LONG,2026-06-23 02:45:00,2026-06-23 02:50:00,52161.0,52144.0,-12.0
Engulfing_Reversal(0.3),SHORT,2026-06-23 02:50:00,2026-06-23 10:45:00,52144.0,51838.0,149.5
Engulfing_Reversal(0.3),LONG,2026-06-23 10:45:00,2026-06-23 15:05:00,51838.0,52151.0,153.0
Engulfing_Reversal(0.3),SHORT,2026-06-23 15:05:00,2026-06-23 16:30:00,52151.0,52230.0,-43.0
Engulfing_Reversal(0.3),LONG,2026-06-23 16:30:00,2026-06-23 18:10:00,52230.0,52173.0,-32.0
Engulfing_Reversal(0.3),SHORT,2026-06-23 18:10:00,2026-06-23 19:00:00,52173.0,52089.0,38.5
Engulfing_Reversal(0.3),LONG,2026-06-23 19:00:00,2026-06-23 19:35:00,52089.0,52069.0,-13.5
Engulfing_Reversal(0.3),SHORT,2026-06-23 19:35:00,2026-06-23 23:15:00,52069.0,52041.0,10.5
Engulfing_Reversal(0.3),LONG,2026-06-23 23:15:00,2026-06-23 23:30:00,52041.0,52042.0,-3.0
Engulfing_Reversal(0.3),SHORT,2026-06-23 23:30:00,2026-06-24 00:10:00,52042.0,52106.0,-35.5
Engulfing_Reversal(0.3),LONG,2026-06-24 00:10:00,2026-06-24 00:50:00,52106.0,52054.0,-29.5
Engulfing_Reversal(0.3),SHORT,2026-06-24 00:50:00,2026-06-24 01:00:00,52054.0,52063.0,-8.0
Engulfing_Reversal(0.3),LONG,2026-06-24 01:00:00,2026-06-24 01:05:00,52063.0,52045.0,-12.5
Engulfing_Reversal(0.3),SHORT,2026-06-24 01:05:00,2026-06-24 02:05:00,52045.0,52071.0,-16.5
Engulfing_Reversal(0.3),LONG,2026-06-24 02:05:00,2026-06-24 02:20:00,52071.0,52073.0,-2.5
Engulfing_Reversal(0.3),SHORT,2026-06-24 02:20:00,2026-06-24 03:10:00,52073.0,52020.0,23.0
Engulfing_Reversal(0.3),LONG,2026-06-24 03:10:00,2026-06-24 03:40:00,52020.0,52068.0,20.5
Engulfing_Reversal(0.3),SHORT,2026-06-24 03:40:00,2026-06-24 05:40:00,52068.0,52048.0,6.5
Engulfing_Reversal(0.3),LONG,2026-06-24 05:40:00,2026-06-24 06:20:00,52048.0,51997.0,-29.0
Engulfing_Reversal(0.3),SHORT,2026-06-24 06:20:00,2026-06-24 06:50:00,51997.0,52022.0,-16.0
Engulfing_Reversal(0.3),LONG,2026-06-24 06:50:00,2026-06-24 07:55:00,52022.0,51999.0,-15.0
Engulfing_Reversal(0.3),SHORT,2026-06-24 07:55:00,2026-06-24 10:30:00,51999.0,52022.0,-15.0
Engulfing_Reversal(0.3),LONG,2026-06-24 10:30:00,2026-06-24 14:40:00,52022.0,52262.0,116.5
Engulfing_Reversal(0.3),SHORT,2026-06-24 14:40:00,2026-06-24 14:45:00,52262.0,52354.0,-49.5
Engulfing_Reversal(0.3),LONG,2026-06-24 14:45:00,2026-06-24 16:40:00,52354.0,52519.0,79.0
Engulfing_Reversal(0.3),SHORT,2026-06-24 16:40:00,2026-06-24 20:15:00,52519.0,52333.0,89.5
Engulfing_Reversal(0.3),LONG,2026-06-24 20:15:00,2026-06-24 22:50:00,52333.0,52308.0,-16.0
Engulfing_Reversal(0.3),SHORT,2026-06-24 22:50:00,2026-06-24 23:25:00,52308.0,52313.0,-6.0
Engulfing_Reversal(0.3),LONG,2026-06-24 23:25:00,2026-06-25 01:45:00,52313.0,52266.0,-27.0
Engulfing_Reversal(0.3),SHORT,2026-06-25 01:45:00,2026-06-25 02:05:00,52266.0,52274.0,-7.5
Engulfing_Reversal(0.3),LONG,2026-06-25 02:05:00,2026-06-25 03:10:00,52274.0,52276.0,-2.5
Engulfing_Reversal(0.3),SHORT,2026-06-25 03:10:00,2026-06-25 03:50:00,52276.0,52282.0,-6.5
Engulfing_Reversal(0.3),LONG,2026-06-25 03:50:00,2026-06-25 04:05:00,52282.0,52280.0,-4.5
Engulfing_Reversal(0.3),SHORT,2026-06-25 04:05:00,2026-06-25 05:25:00,52280.0,52266.0,3.5
Engulfing_Reversal(0.3),LONG,2026-06-25 05:25:00,2026-06-25 05:40:00,52266.0,52272.0,-0.5
Engulfing_Reversal(0.3),SHORT,2026-06-25 05:40:00,2026-06-25 07:20:00,52272.0,52343.0,-39.0
Engulfing_Reversal(0.3),LONG,2026-06-25 07:20:00,2026-06-25 07:30:00,52343.0,52345.0,-2.5
Engulfing_Reversal(0.3),SHORT,2026-06-25 07:30:00,2026-06-25 10:30:00,52345.0,52427.0,-44.5
Engulfing_Reversal(0.3),LONG,2026-06-25 10:30:00,2026-06-25 10:35:00,52427.0,52403.0,-15.5
Engulfing_Reversal(0.3),SHORT,2026-06-25 10:35:00,2026-06-25 10:50:00,52403.0,52411.0,-7.5
Engulfing_Reversal(0.3),LONG,2026-06-25 10:50:00,2026-06-25 11:05:00,52411.0,52411.0,-3.5
Engulfing_Reversal(0.3),SHORT,2026-06-25 11:05:00,2026-06-25 13:25:00,52411.0,52438.0,-17.0
Engulfing_Reversal(0.3),LONG,2026-06-25 13:25:00,2026-06-25 13:45:00,52438.0,52551.0,53.0
Engulfing_Reversal(0.3),SHORT,2026-06-25 13:45:00,2026-06-25 14:30:00,52551.0,53021.0,-238.5
Engulfing_Reversal(0.3),LONG,2026-06-25 14:30:00,2026-06-25 15:00:00,53021.0,52905.0,-61.5
Engulfing_Reversal(0.3),SHORT,2026-06-25 15:00:00,2026-06-25 16:00:00,52905.0,52671.0,113.5
Engulfing_Reversal(0.3),LONG,2026-06-25 16:00:00,2026-06-25 16:05:00,52671.0,52635.0,-21.5
Engulfing_Reversal(0.3),SHORT,2026-06-25 16:05:00,2026-06-25 19:40:00,52635.0,52369.0,129.5
Engulfing_Reversal(0.3),LONG,2026-06-25 19:40:00,2026-06-25 19:45:00,52369.0,52337.0,-19.5
Engulfing_Reversal(0.3),SHORT,2026-06-25 19:45:00,2026-06-26 01:50:00,52337.0,52378.0,-24.0
Engulfing_Reversal(0.3),LONG,2026-06-26 01:50:00,2026-06-26 02:25:00,52378.0,52289.0,-48.0
Engulfing_Reversal(0.3),SHORT,2026-06-26 02:25:00,2026-06-26 03:45:00,52289.0,52232.0,25.0
Engulfing_Reversal(0.3),LONG,2026-06-26 03:45:00,2026-06-26 05:35:00,52232.0,52248.0,4.5
Engulfing_Reversal(0.3),SHORT,2026-06-26 05:35:00,2026-06-26 08:10:00,52248.0,52442.0,-100.5
Engulfing_Reversal(0.3),LONG,2026-06-26 08:10:00,2026-06-26 08:15:00,52442.0,52416.0,-16.5
Engulfing_Reversal(0.3),SHORT,2026-06-26 08:15:00,2026-06-26 10:30:00,52416.0,52278.0,65.5
Engulfing_Reversal(0.3),LONG,2026-06-26 10:30:00,2026-06-26 11:55:00,52278.0,52249.0,-18.0
Engulfing_Reversal(0.3),SHORT,2026-06-26 11:55:00,2026-06-26 14:50:00,52249.0,52347.0,-52.5
Engulfing_Reversal(0.3),LONG,2026-06-26 14:50:00,2026-06-26 17:40:00,52347.0,52352.0,-1.0
Engulfing_Reversal(0.3),SHORT,2026-06-26 17:40:00,2026-06-26 18:25:00,52352.0,52333.0,6.0
Engulfing_Reversal(0.3),LONG,2026-06-26 18:25:00,2026-06-26 18:30:00,52333.0,52297.0,-21.5
Engulfing_Reversal(0.3),SHORT,2026-06-26 18:30:00,2026-06-26 19:10:00,52297.0,52254.0,18.0
Engulfing_Reversal(0.3),LONG,2026-06-26 19:10:00,2026-06-26 19:25:00,52254.0,52263.0,1.0
Engulfing_Reversal(0.3),SHORT,2026-06-26 19:25:00,2026-06-26 19:55:00,52263.0,52299.0,-21.5
Engulfing_Reversal(0.3),LONG,2026-06-26 19:55:00,2026-06-29 01:05:00,52299.0,52334.0,14.0
Engulfing_Reversal(0.3),SHORT,2026-06-29 01:05:00,2026-06-29 01:40:00,52334.0,52330.0,-1.5
Engulfing_Reversal(0.3),LONG,2026-06-29 01:40:00,2026-06-29 02:05:00,52330.0,52315.0,-11.0
Engulfing_Reversal(0.3),SHORT,2026-06-29 02:05:00,2026-06-29 04:25:00,52315.0,52361.0,-26.5
Engulfing_Reversal(0.3),LONG,2026-06-29 04:25:00,2026-06-29 05:20:00,52361.0,52371.0,1.5
Engulfing_Reversal(0.3),SHORT,2026-06-29 05:20:00,2026-06-29 05:55:00,52371.0,52434.0,-35.0
Engulfing_Reversal(0.3),LONG,2026-06-29 05:55:00,2026-06-29 06:40:00,52434.0,52384.0,-28.5
Engulfing_Reversal(0.3),SHORT,2026-06-29 06:40:00,2026-06-29 07:40:00,52384.0,52416.0,-19.5
Engulfing_Reversal(0.3),LONG,2026-06-29 07:40:00,2026-06-29 09:50:00,52416.0,52382.0,-20.5
Engulfing_Reversal(0.3),SHORT,2026-06-29 09:50:00,2026-06-29 10:10:00,52382.0,52379.0,-2.0
Engulfing_Reversal(0.3),LONG,2026-06-29 10:10:00,2026-06-29 12:00:00,52379.0,52465.0,39.5
Engulfing_Reversal(0.3),SHORT,2026-06-29 12:00:00,2026-06-29 13:15:00,52465.0,52503.0,-22.5
Engulfing_Reversal(0.3),LONG,2026-06-29 13:15:00,2026-06-29 13:25:00,52503.0,52439.0,-35.5
Engulfing_Reversal(0.3),SHORT,2026-06-29 13:25:00,2026-06-29 13:45:00,52439.0,52638.0,-103.0
Engulfing_Reversal(0.3),LONG,2026-06-29 13:45:00,2026-06-29 14:45:00,52638.0,52616.0,-14.5
Engulfing_Reversal(0.3),SHORT,2026-06-29 14:45:00,2026-06-29 14:55:00,52616.0,52644.0,-17.5
Engulfing_Reversal(0.3),LONG,2026-06-29 14:55:00,2026-06-29 19:35:00,52644.0,52551.0,-50.0
Engulfing_Reversal(0.3),SHORT,2026-06-29 19:35:00,2026-06-29 19:45:00,52551.0,52569.0,-12.5
Engulfing_Reversal(0.3),LONG,2026-06-29 19:45:00,2026-06-29 19:55:00,52569.0,52555.0,-10.5
Engulfing_Reversal(0.3),SHORT,2026-06-29 19:55:00,2026-06-30 00:15:00,52555.0,52523.0,12.5
Engulfing_Reversal(0.3),LONG,2026-06-30 00:15:00,2026-06-30 01:05:00,52523.0,52507.0,-11.5
Engulfing_Reversal(0.3),SHORT,2026-06-30 01:05:00,2026-06-30 01:45:00,52507.0,52543.0,-21.5
Engulfing_Reversal(0.3),LONG,2026-06-30 01:45:00,2026-06-30 02:45:00,52543.0,52525.0,-12.5
Engulfing_Reversal(0.3),SHORT,2026-06-30 02:45:00,2026-06-30 03:30:00,52525.0,52534.0,-8.0
Engulfing_Reversal(0.3),LONG,2026-06-30 03:30:00,2026-06-30 05:30:00,52534.0,52574.0,16.5
Engulfing_Reversal(0.3),SHORT,2026-06-30 05:30:00,2026-06-30 05:50:00,52574.0,52582.0,-7.5
Engulfing_Reversal(0.3),LONG,2026-06-30 05:50:00,2026-06-30 06:35:00,52582.0,52562.0,-13.5
Engulfing_Reversal(0.3),SHORT,2026-06-30 06:35:00,2026-06-30 06:50:00,52562.0,52588.0,-16.5
Engulfing_Reversal(0.3),LONG,2026-06-30 06:50:00,2026-06-30 10:00:00,52588.0,52668.0,36.5
Engulfing_Reversal(0.3),SHORT,2026-06-30 10:00:00,2026-06-30 10:10:00,52668.0,52673.0,-6.0
Engulfing_Reversal(0.3),LONG,2026-06-30 10:10:00,2026-06-30 10:25:00,52673.0,52616.0,-32.0
Engulfing_Reversal(0.3),SHORT,2026-06-30 10:25:00,2026-06-30 11:45:00,52616.0,52647.0,-19.0
Engulfing_Reversal(0.3),LONG,2026-06-30 11:45:00,2026-06-30 11:55:00,52647.0,52630.0,-12.0
Engulfing_Reversal(0.3),SHORT,2026-06-30 11:55:00,2026-06-30 13:30:00,52630.0,52658.0,-17.5
Engulfing_Reversal(0.3),LONG,2026-06-30 13:30:00,2026-06-30 16:50:00,52658.0,52733.0,34.0
Engulfing_Reversal(0.3),SHORT,2026-06-30 16:50:00,2026-06-30 16:55:00,52733.0,52751.0,-12.5
Engulfing_Reversal(0.3),LONG,2026-06-30 16:55:00,2026-06-30 17:50:00,52751.0,52714.0,-22.0
Engulfing_Reversal(0.3),SHORT,2026-06-30 17:50:00,2026-06-30 19:10:00,52714.0,52712.0,-2.5
Engulfing_Reversal(0.3),LONG,2026-06-30 19:10:00,2026-06-30 22:50:00,52712.0,52585.0,-67.0
Engulfing_Reversal(0.3),SHORT,2026-06-30 22:50:00,2026-07-01 02:40:00,52585.0,52504.0,37.0
Engulfing_Reversal(0.3),LONG,2026-07-01 02:40:00,2026-07-01 02:50:00,52504.0,52501.0,-5.0
Engulfing_Reversal(0.3),SHORT,2026-07-01 02:50:00,2026-07-01 04:30:00,52501.0,52500.0,-3.0
Engulfing_Reversal(0.3),LONG,2026-07-01 04:30:00,2026-07-01 05:00:00,52500.0,52509.0,1.0
Engulfing_Reversal(0.3),SHORT,2026-07-01 05:00:00,2026-07-01 06:40:00,52509.0,52520.0,-9.0
Engulfing_Reversal(0.3),LONG,2026-07-01 06:40:00,2026-07-01 06:55:00,52520.0,52516.0,-5.5
Engulfing_Reversal(0.3),SHORT,2026-07-01 06:55:00,2026-07-01 08:10:00,52516.0,52520.0,-5.5
Engulfing_Reversal(0.3),LONG,2026-07-01 08:10:00,2026-07-01 08:50:00,52520.0,52541.0,7.0
Engulfing_Reversal(0.3),SHORT,2026-07-01 08:50:00,2026-07-01 09:15:00,52541.0,52536.0,-1.0
Engulfing_Reversal(0.3),LONG,2026-07-01 09:15:00,2026-07-01 10:45:00,52536.0,52545.0,1.0
Engulfing_Reversal(0.3),SHORT,2026-07-01 10:45:00,2026-07-01 15:00:00,52545.0,52805.0,-133.5
Engulfing_Reversal(0.3),LONG,2026-07-01 15:00:00,2026-07-01 15:15:00,52805.0,52785.0,-13.5
Engulfing_Reversal(0.3),SHORT,2026-07-01 15:15:00,2026-07-01 18:40:00,52785.0,52719.0,29.5
Engulfing_Reversal(0.3),LONG,2026-07-01 18:40:00,2026-07-01 19:30:00,52719.0,52696.0,-15.0
Engulfing_Reversal(0.3),SHORT,2026-07-01 19:30:00,2026-07-01 20:15:00,52696.0,52610.0,39.5
Engulfing_Reversal(0.3),LONG,2026-07-01 20:15:00,2026-07-01 20:30:00,52610.0,52602.0,-7.5
Engulfing_Reversal(0.3),SHORT,2026-07-01 20:30:00,2026-07-01 22:45:00,52602.0,52612.0,-8.5
Engulfing_Reversal(0.3),LONG,2026-07-01 22:45:00,2026-07-01 23:10:00,52612.0,52616.0,-1.5
Engulfing_Reversal(0.3),SHORT,2026-07-01 23:10:00,2026-07-02 00:25:00,52616.0,52604.0,2.5
Engulfing_Reversal(0.3),LONG,2026-07-02 00:25:00,2026-07-02 04:30:00,52604.0,52685.0,37.0
Engulfing_Reversal(0.3),SHORT,2026-07-02 04:30:00,2026-07-02 07:20:00,52685.0,52597.0,40.5
Engulfing_Reversal(0.3),LONG,2026-07-02 07:20:00,2026-07-02 08:15:00,52597.0,52636.0,16.0
Engulfing_Reversal(0.3),SHORT,2026-07-02 08:15:00,2026-07-02 08:25:00,52636.0,52676.0,-23.5
Engulfing_Reversal(0.3),LONG,2026-07-02 08:25:00,2026-07-02 11:10:00,52676.0,52758.0,37.5
Engulfing_Reversal(0.3),SHORT,2026-07-02 11:10:00,2026-07-02 11:15:00,52758.0,52772.0,-10.5
Engulfing_Reversal(0.3),LONG,2026-07-02 11:15:00,2026-07-02 11:20:00,52772.0,52759.0,-10.0
Engulfing_Reversal(0.3),SHORT,2026-07-02 11:20:00,2026-07-02 11:50:00,52759.0,52771.0,-9.5
Engulfing_Reversal(0.3),LONG,2026-07-02 11:50:00,2026-07-02 12:55:00,52771.0,52897.0,59.5
Engulfing_Reversal(0.3),SHORT,2026-07-02 12:55:00,2026-07-02 14:35:00,52897.0,53049.0,-79.5
Engulfing_Reversal(0.3),LONG,2026-07-02 14:35:00,2026-07-02 14:45:00,53049.0,53001.0,-27.5
Engulfing_Reversal(0.3),SHORT,2026-07-02 14:45:00,2026-07-02 15:00:00,53001.0,53116.0,-61.0
Engulfing_Reversal(0.3),LONG,2026-07-02 15:00:00,2026-07-02 15:20:00,53116.0,52958.0,-82.5
Engulfing_Reversal(0.3),SHORT,2026-07-02 15:20:00,2026-07-02 18:05:00,52958.0,52837.0,57.0
Engulfing_Reversal(0.3),LONG,2026-07-02 18:05:00,2026-07-02 18:55:00,52837.0,52986.0,71.0
Engulfing_Reversal(0.3),SHORT,2026-07-02 18:55:00,2026-07-02 22:00:00,52986.0,53152.0,-86.5
Engulfing_Reversal(0.3),LONG,2026-07-02 22:00:00,2026-07-03 00:55:00,53152.0,53269.0,55.0
Engulfing_Reversal(0.3),SHORT,2026-07-03 00:55:00,2026-07-03 01:35:00,53269.0,53397.0,-67.5
Engulfing_Reversal(0.3),LONG,2026-07-03 01:35:00,2026-07-03 02:15:00,53397.0,53348.0,-28.0
Engulfing_Reversal(0.3),SHORT,2026-07-03 02:15:00,2026-07-03 02:50:00,53348.0,53323.0,9.0
Engulfing_Reversal(0.3),LONG,2026-07-03 02:50:00,2026-07-06 01:20:00,53323.0,53266.0,-32.0
Engulfing_Reversal(0.3),SHORT,2026-07-06 01:20:00,2026-07-06 04:55:00,53266.0,53182.0,38.5
Engulfing_Reversal(0.3),LONG,2026-07-06 04:55:00,2026-07-06 09:05:00,53182.0,53222.0,16.5
Engulfing_Reversal(0.3),SHORT,2026-07-06 09:05:00,2026-07-06 09:55:00,53222.0,53214.0,0.5
Engulfing_Reversal(0.3),LONG,2026-07-06 09:55:00,2026-07-06 12:10:00,53214.0,53116.0,-52.5
Engulfing_Reversal(0.3),SHORT,2026-07-06 12:10:00,2026-07-06 14:15:00,53116.0,53071.0,19.0
Engulfing_Reversal(0.3),LONG,2026-07-06 14:15:00,2026-07-06 15:20:00,53071.0,53197.0,59.5
Engulfing_Reversal(0.3),SHORT,2026-07-06 15:20:00,2026-07-06 15:40:00,53197.0,53191.0,-0.5
Engulfing_Reversal(0.3),LONG,2026-07-06 15:40:00,2026-07-06 17:20:00,53191.0,53256.0,29.0
Engulfing_Reversal(0.3),SHORT,2026-07-06 17:20:00,2026-07-06 19:40:00,53256.0,53313.0,-32.0
Engulfing_Reversal(0.3),LONG,2026-07-06 19:40:00,2026-07-06 22:50:00,53313.0,53427.0,53.5
Engulfing_Reversal(0.3),SHORT,2026-07-06 22:50:00,2026-07-07 00:45:00,53427.0,53394.0,13.0
Engulfing_Reversal(0.3),LONG,2026-07-07 00:45:00,2026-07-07 03:50:00,53394.0,53429.0,14.0
Engulfing_Reversal(0.3),SHORT,2026-07-07 03:50:00,2026-07-07 06:40:00,53429.0,53381.0,20.5
Engulfing_Reversal(0.3),LONG,2026-07-07 06:40:00,2026-07-07 08:05:00,53381.0,53418.0,15.0
Engulfing_Reversal(0.3),SHORT,2026-07-07 08:05:00,2026-07-07 09:40:00,53418.0,53488.0,-38.5
Engulfing_Reversal(0.3),LONG,2026-07-07 09:40:00,2026-07-07 11:30:00,53488.0,53495.0,0.0
Engulfing_Reversal(0.3),SHORT,2026-07-07 11:30:00,2026-07-07 11:35:00,53495.0,53512.0,-12.0
Engulfing_Reversal(0.3),LONG,2026-07-07 11:35:00,2026-07-07 11:45:00,53512.0,53499.0,-10.0
Engulfing_Reversal(0.3),SHORT,2026-07-07 11:45:00,2026-07-07 15:30:00,53499.0,53162.0,165.0
Engulfing_Reversal(0.3),LONG,2026-07-07 15:30:00,2026-07-07 16:55:00,53162.0,53175.0,3.0
Engulfing_Reversal(0.3),SHORT,2026-07-07 16:55:00,2026-07-07 20:40:00,53175.0,53180.0,-6.0
Engulfing_Reversal(0.3),LONG,2026-07-07 20:40:00,2026-07-07 22:40:00,53180.0,53166.0,-10.5
Engulfing_Reversal(0.3),SHORT,2026-07-07 22:40:00,2026-07-07 22:50:00,53166.0,53168.0,-4.5
Engulfing_Reversal(0.3),LONG,2026-07-07 22:50:00,2026-07-07 23:55:00,53168.0,53148.0,-13.5
Engulfing_Reversal(0.3),SHORT,2026-07-07 23:55:00,2026-07-08 00:40:00,53148.0,53165.0,-12.0
Engulfing_Reversal(0.3),LONG,2026-07-08 00:40:00,2026-07-08 01:55:00,53165.0,53167.0,-2.5
Engulfing_Reversal(0.3),SHORT,2026-07-08 01:55:00,2026-07-08 08:10:00,53167.0,52999.0,80.5
Engulfing_Reversal(0.3),LONG,2026-07-08 08:10:00,2026-07-08 09:50:00,52999.0,52526.0,-240.0
Engulfing_Reversal(0.3),SHORT,2026-07-08 09:50:00,2026-07-08 10:15:00,52526.0,52498.0,10.5
Engulfing_Reversal(0.3),LONG,2026-07-08 10:15:00,2026-07-08 12:25:00,52498.0,52741.0,118.0
Engulfing_Reversal(0.3),SHORT,2026-07-08 12:25:00,2026-07-08 12:30:00,52741.0,52793.0,-29.5
Engulfing_Reversal(0.3),LONG,2026-07-08 12:30:00,2026-07-08 14:40:00,52793.0,52492.0,-154.0
Engulfing_Reversal(0.3),SHORT,2026-07-08 14:40:00,2026-07-08 15:15:00,52492.0,52435.0,25.0
Engulfing_Reversal(0.3),LONG,2026-07-08 15:15:00,2026-07-08 15:40:00,52435.0,52371.0,-35.5
Engulfing_Reversal(0.3),SHORT,2026-07-08 15:40:00,2026-07-08 16:05:00,52371.0,52424.0,-30.0
Engulfing_Reversal(0.3),LONG,2026-07-08 16:05:00,2026-07-08 18:20:00,52424.0,52632.0,100.5
Engulfing_Reversal(0.3),SHORT,2026-07-08 18:20:00,2026-07-08 18:40:00,52632.0,52658.0,-16.5
Engulfing_Reversal(0.3),LONG,2026-07-08 18:40:00,2026-07-08 19:15:00,52658.0,52626.0,-19.5
Engulfing_Reversal(0.3),SHORT,2026-07-08 19:15:00,2026-07-08 19:55:00,52626.0,52649.0,-15.0
Engulfing_Reversal(0.3),LONG,2026-07-08 19:55:00,2026-07-08 20:35:00,52649.0,52560.0,-48.0
Engulfing_Reversal(0.3),SHORT,2026-07-08 20:35:00,2026-07-08 22:05:00,52560.0,52569.0,-8.0
Engulfing_Reversal(0.3),LONG,2026-07-08 22:05:00,2026-07-08 23:20:00,52569.0,52567.0,-4.5
Engulfing_Reversal(0.3),SHORT,2026-07-08 23:20:00,2026-07-09 00:10:00,52567.0,52596.0,-18.0
Engulfing_Reversal(0.3),LONG,2026-07-09 00:10:00,2026-07-09 00:55:00,52596.0,52628.0,12.5
Engulfing_Reversal(0.3),SHORT,2026-07-09 00:55:00,2026-07-09 01:50:00,52628.0,52678.0,-28.5
Engulfing_Reversal(0.3),LONG,2026-07-09 01:50:00,2026-07-09 03:15:00,52678.0,52648.0,-18.5
Engulfing_Reversal(0.3),SHORT,2026-07-09 03:15:00,2026-07-09 03:55:00,52648.0,52697.0,-28.0
Engulfing_Reversal(0.3),LONG,2026-07-09 03:55:00,2026-07-09 04:00:00,52697.0,52695.0,-4.5
Engulfing_Reversal(0.3),SHORT,2026-07-09 04:00:00,2026-07-09 06:00:00,52695.0,52752.0,-32.0
Engulfing_Reversal(0.3),LONG,2026-07-09 06:00:00,2026-07-09 06:40:00,52752.0,52693.0,-33.0
Engulfing_Reversal(0.3),SHORT,2026-07-09 06:40:00,2026-07-09 07:30:00,52693.0,52695.0,-4.5
Engulfing_Reversal(0.3),LONG,2026-07-09 07:30:00,2026-07-09 08:50:00,52695.0,52644.0,-29.0
Engulfing_Reversal(0.3),SHORT,2026-07-09 08:50:00,2026-07-09 10:10:00,52644.0,52624.0,6.5
Engulfing_Reversal(0.3),LONG,2026-07-09 10:10:00,2026-07-09 10:20:00,52624.0,52611.0,-10.0
Engulfing_Reversal(0.3),SHORT,2026-07-09 10:20:00,2026-07-09 10:40:00,52611.0,52575.0,14.5
Engulfing_Reversal(0.3),LONG,2026-07-09 10:40:00,2026-07-09 10:50:00,52575.0,52540.0,-21.0
Engulfing_Reversal(0.3),SHORT,2026-07-09 10:50:00,2026-07-09 11:00:00,52540.0,52564.0,-15.5
Engulfing_Reversal(0.3),LONG,2026-07-09 11:00:00,2026-07-09 13:00:00,52564.0,52646.0,37.5
Engulfing_Reversal(0.3),SHORT,2026-07-09 13:00:00,2026-07-09 13:05:00,52646.0,52712.0,-36.5
Engulfing_Reversal(0.3),LONG,2026-07-09 13:05:00,2026-07-09 14:20:00,52712.0,52648.0,-35.5
Engulfing_Reversal(0.3),SHORT,2026-07-09 14:20:00,2026-07-09 15:40:00,52648.0,52805.0,-82.0
Engulfing_Reversal(0.3),LONG,2026-07-09 15:40:00,2026-07-09 17:15:00,52805.0,52787.0,-12.5
Engulfing_Reversal(0.3),SHORT,2026-07-09 17:15:00,2026-07-09 17:30:00,52787.0,52824.0,-22.0
Engulfing_Reversal(0.3),LONG,2026-07-09 17:30:00,2026-07-09 18:55:00,52824.0,52753.0,-39.0
Engulfing_Reversal(0.3),SHORT,2026-07-09 18:55:00,2026-07-09 19:45:00,52753.0,52722.0,12.0
Engulfing_Reversal(0.3),LONG,2026-07-09 19:45:00,2026-07-09 23:45:00,52722.0,52754.0,12.5
Engulfing_Reversal(0.3),SHORT,2026-07-09 23:45:00,2026-07-10 01:00:00,52754.0,52733.0,7.0
Engulfing_Reversal(0.3),LONG,2026-07-10 01:00:00,2026-07-10 01:15:00,52733.0,52730.0,-5.0
Engulfing_Reversal(0.3),SHORT,2026-07-10 01:15:00,2026-07-10 01:50:00,52730.0,52736.0,-6.5
Engulfing_Reversal(0.3),LONG,2026-07-10 01:50:00,2026-07-10 05:40:00,52736.0,52718.0,-12.5
Engulfing_Reversal(0.3),SHORT,2026-07-10 05:40:00,2026-07-10 05:45:00,52718.0,52726.0,-7.5
Engulfing_Reversal(0.3),LONG,2026-07-10 05:45:00,2026-07-10 06:25:00,52726.0,52775.0,21.0
Engulfing_Reversal(0.3),SHORT,2026-07-10 06:25:00,2026-07-10 06:50:00,52775.0,52772.0,-2.0
Engulfing_Reversal(0.3),LONG,2026-07-10 06:50:00,2026-07-10 07:30:00,52772.0,52837.0,29.0
Engulfing_Reversal(0.3),SHORT,2026-07-10 07:30:00,2026-07-10 09:00:00,52837.0,52799.0,15.5
Engulfing_Reversal(0.3),LONG,2026-07-10 09:00:00,2026-07-10 09:25:00,52799.0,52821.0,7.5
Engulfing_Reversal(0.3),SHORT,2026-07-10 09:25:00,2026-07-10 09:50:00,52821.0,52822.0,-4.0
Engulfing_Reversal(0.3),LONG,2026-07-10 09:50:00,2026-07-10 10:00:00,52822.0,52822.0,-3.5
Engulfing_Reversal(0.3),SHORT,2026-07-10 10:00:00,2026-07-10 10:20:00,52822.0,52868.0,-26.5
Engulfing_Reversal(0.3),LONG,2026-07-10 10:20:00,2026-07-10 11:30:00,52868.0,52854.0,-10.5
Engulfing_Reversal(0.3),SHORT,2026-07-10 11:30:00,2026-07-10 11:45:00,52854.0,52825.0,11.0
Engulfing_Reversal(0.3),LONG,2026-07-10 11:45:00,2026-07-10 14:35:00,52825.0,52697.0,-67.5
Engulfing_Reversal(0.3),SHORT,2026-07-10 14:35:00,2026-07-10 15:55:00,52697.0,52893.0,-101.5
Engulfing_Reversal(0.3),LONG,2026-07-10 15:55:00,2026-07-10 17:05:00,52893.0,52891.0,-4.5
Engulfing_Reversal(0.3),SHORT,2026-07-10 17:05:00,2026-07-10 17:50:00,52891.0,52920.0,-18.0
Engulfing_Reversal(0.3),LONG,2026-07-10 17:50:00,2026-07-10 18:00:00,52920.0,52908.0,-9.5
Engulfing_Reversal(0.3),SHORT,2026-07-10 18:00:00,2026-07-10 19:25:00,52908.0,52973.0,-36.0
Engulfing_Reversal(0.3),LONG,2026-07-10 19:25:00,2026-07-12 22:10:00,52973.0,52800.0,-90.0
Engulfing_Reversal(0.3),SHORT,2026-07-12 22:10:00,2026-07-12 23:40:00,52800.0,52803.0,-5.0
Engulfing_Reversal(0.3),LONG,2026-07-12 23:40:00,2026-07-13 00:20:00,52803.0,52816.0,3.0
Engulfing_Reversal(0.3),SHORT,2026-07-13 00:20:00,2026-07-13 04:20:00,52816.0,52703.0,53.0
Engulfing_Reversal(0.3),LONG,2026-07-13 04:20:00,2026-07-13 05:45:00,52703.0,52688.0,-11.0
Engulfing_Reversal(0.3),SHORT,2026-07-13 05:45:00,2026-07-13 07:00:00,52688.0,52830.0,-74.5
Engulfing_Reversal(0.3),LONG,2026-07-13 07:00:00,2026-07-13 07:30:00,52830.0,52832.0,-2.5
Engulfing_Reversal(0.3),SHORT,2026-07-13 07:30:00,2026-07-13 07:55:00,52832.0,52857.0,-16.0
Engulfing_Reversal(0.3),LONG,2026-07-13 07:55:00,2026-07-13 11:05:00,52857.0,52884.0,10.0
Engulfing_Reversal(0.3),SHORT,2026-07-13 11:05:00,2026-07-13 11:10:00,52884.0,52906.0,-14.5
Engulfing_Reversal(0.3),LONG,2026-07-13 11:10:00,2026-07-13 11:15:00,52906.0,52871.0,-21.0
Engulfing_Reversal(0.3),SHORT,2026-07-13 11:15:00,2026-07-13 12:45:00,52871.0,52832.0,16.0
Engulfing_Reversal(0.3),LONG,2026-07-13 12:45:00,2026-07-13 15:05:00,52832.0,52796.0,-21.5
Engulfing_Reversal(0.3),SHORT,2026-07-13 15:05:00,2026-07-13 15:30:00,52796.0,52815.0,-13.0
Engulfing_Reversal(0.3),LONG,2026-07-13 15:30:00,2026-07-13 15:35:00,52815.0,52785.0,-18.5
Engulfing_Reversal(0.3),SHORT,2026-07-13 15:35:00,2026-07-13 15:50:00,52785.0,52784.0,-3.0
Engulfing_Reversal(0.3),LONG,2026-07-13 15:50:00,2026-07-13 16:00:00,52784.0,52752.0,-19.5
Engulfing_Reversal(0.3),SHORT,2026-07-13 16:00:00,2026-07-13 17:00:00,52752.0,52711.0,17.0
Engulfing_Reversal(0.3),LONG,2026-07-13 17:00:00,2026-07-13 20:05:00,52711.0,52753.0,17.5
Engulfing_Reversal(0.3),SHORT,2026-07-13 20:05:00,2026-07-13 20:50:00,52753.0,52711.0,17.5
Engulfing_Reversal(0.3),LONG,2026-07-13 20:50:00,2026-07-14 00:05:00,52711.0,52652.0,-33.0
Engulfing_Reversal(0.3),SHORT,2026-07-14 00:05:00,2026-07-14 01:10:00,52652.0,52646.0,-0.5
Engulfing_Reversal(0.3),LONG,2026-07-14 01:10:00,2026-07-14 03:35:00,52646.0,52570.0,-41.5
Engulfing_Reversal(0.3),SHORT,2026-07-14 03:35:00,2026-07-14 03:50:00,52570.0,52572.0,-4.5
Engulfing_Reversal(0.3),LONG,2026-07-14 03:50:00,2026-07-14 06:25:00,52572.0,52709.0,65.0
Engulfing_Reversal(0.3),SHORT,2026-07-14 06:25:00,2026-07-14 07:05:00,52709.0,52658.0,22.0
Engulfing_Reversal(0.3),LONG,2026-07-14 07:05:00,2026-07-14 08:40:00,52658.0,52605.0,-30.0
Engulfing_Reversal(0.3),SHORT,2026-07-14 08:40:00,2026-07-14 08:55:00,52605.0,52612.0,-7.0
Engulfing_Reversal(0.3),LONG,2026-07-14 08:55:00,2026-07-14 09:30:00,52612.0,52618.0,-0.5
Engulfing_Reversal(0.3),SHORT,2026-07-14 09:30:00,2026-07-14 09:35:00,52618.0,52639.0,-14.0
Engulfing_Reversal(0.3),LONG,2026-07-14 09:35:00,2026-07-14 11:05:00,52639.0,52367.0,-139.5
Engulfing_Reversal(0.3),SHORT,2026-07-14 11:05:00,2026-07-14 13:25:00,52367.0,52701.0,-170.5
Engulfing_Reversal(0.3),LONG,2026-07-14 13:25:00,2026-07-14 17:35:00,52701.0,52697.0,-5.5
Engulfing_Reversal(0.3),SHORT,2026-07-14 17:35:00,2026-07-14 18:05:00,52697.0,52697.0,-3.5
Engulfing_Reversal(0.3),LONG,2026-07-14 18:05:00,2026-07-14 18:25:00,52697.0,52719.0,7.5
Engulfing_Reversal(0.3),SHORT,2026-07-14 18:25:00,2026-07-14 18:30:00,52719.0,52737.0,-12.5
Engulfing_Reversal(0.3),LONG,2026-07-14 18:30:00,2026-07-14 19:15:00,52737.0,52755.0,5.5
Engulfing_Reversal(0.3),SHORT,2026-07-14 19:15:00,2026-07-14 19:25:00,52755.0,52788.0,-20.0
Engulfing_Reversal(0.3),LONG,2026-07-14 19:25:00,2026-07-14 19:55:00,52788.0,52794.0,-0.5
Engulfing_Reversal(0.3),SHORT,2026-07-14 19:55:00,2026-07-14 22:20:00,52794.0,52791.0,-2.0
Engulfing_Reversal(0.3),LONG,2026-07-14 22:20:00,2026-07-15 00:00:00,52791.0,52864.0,33.0
Engulfing_Reversal(0.3),SHORT,2026-07-15 00:00:00,2026-07-15 05:35:00,52864.0,52829.0,14.0
Engulfing_Reversal(0.3),LONG,2026-07-15 05:35:00,2026-07-15 07:20:00,52829.0,52759.0,-38.5
Engulfing_Reversal(0.3),SHORT,2026-07-15 07:20:00,2026-07-15 09:00:00,52759.0,52880.0,-64.0
Engulfing_Reversal(0.3),LONG,2026-07-15 09:00:00,2026-07-15 09:20:00,52880.0,52913.0,13.0
Engulfing_Reversal(0.3),SHORT,2026-07-15 09:20:00,2026-07-15 09:35:00,52913.0,52913.0,-3.5
Engulfing_Reversal(0.3),LONG,2026-07-15 09:35:00,2026-07-15 09:50:00,52913.0,52895.0,-12.5
Engulfing_Reversal(0.3),SHORT,2026-07-15 09:50:00,2026-07-15 10:40:00,52895.0,52804.0,42.0
Engulfing_Reversal(0.3),LONG,2026-07-15 10:40:00,2026-07-15 11:10:00,52804.0,52801.0,-5.0
Engulfing_Reversal(0.3),SHORT,2026-07-15 11:10:00,2026-07-15 12:35:00,52801.0,52872.0,-39.0
Engulfing_Reversal(0.3),LONG,2026-07-15 12:35:00,2026-07-15 14:40:00,52872.0,52992.0,56.5
Engulfing_Reversal(0.3),SHORT,2026-07-15 14:40:00,2026-07-15 19:40:00,52992.0,52886.0,49.5
Engulfing_Reversal(0.3),LONG,2026-07-15 19:40:00,2026-07-15 22:25:00,52886.0,52905.0,6.0
Engulfing_Reversal(0.3),SHORT,2026-07-15 22:25:00,2026-07-16 00:05:00,52905.0,52940.0,-21.0
Engulfing_Reversal(0.3),LONG,2026-07-16 00:05:00,2026-07-16 05:50:00,52940.0,52934.0,-6.5
Engulfing_Reversal(0.3),SHORT,2026-07-16 05:50:00,2026-07-16 11:25:00,52934.0,53025.0,-49.0
Engulfing_Reversal(0.3),LONG,2026-07-16 11:25:00,2026-07-16 12:10:00,53025.0,52962.0,-35.0
Engulfing_Reversal(0.3),SHORT,2026-07-16 12:10:00,2026-07-16 12:20:00,52962.0,52972.0,-8.5
Engulfing_Reversal(0.3),LONG,2026-07-16 12:20:00,2026-07-16 12:40:00,52972.0,52884.0,-47.5
Engulfing_Reversal(0.3),SHORT,2026-07-16 12:40:00,2026-07-16 13:30:00,52884.0,52990.0,-56.5
Engulfing_Reversal(0.3),LONG,2026-07-16 13:30:00,2026-07-16 13:50:00,52990.0,52947.0,-25.0
Engulfing_Reversal(0.3),SHORT,2026-07-16 13:50:00,2026-07-16 15:10:00,52947.0,53058.0,-59.0
Engulfing_Reversal(0.3),LONG,2026-07-16 15:10:00,2026-07-16 20:30:00,53058.0,52730.0,-167.5
Engulfing_Reversal(0.3),SHORT,2026-07-16 20:30:00,2026-07-16 22:25:00,52730.0,52759.0,-18.0
Engulfing_Reversal(0.3),LONG,2026-07-16 22:25:00,2026-07-16 23:05:00,52759.0,52720.0,-23.0
Engulfing_Reversal(0.3),SHORT,2026-07-16 23:05:00,2026-07-16 23:55:00,52720.0,52695.0,9.0
Engulfing_Reversal(0.3),LONG,2026-07-16 23:55:00,2026-07-17 00:25:00,52695.0,52640.0,-31.0
Engulfing_Reversal(0.3),SHORT,2026-07-17 00:25:00,2026-07-17 02:00:00,52640.0,52517.0,58.0
Engulfing_Reversal(0.3),LONG,2026-07-17 02:00:00,2026-07-17 03:45:00,52517.0,52482.0,-21.0
Engulfing_Reversal(0.3),SHORT,2026-07-17 03:45:00,2026-07-17 04:45:00,52482.0,52389.0,43.0
Engulfing_Reversal(0.3),LONG,2026-07-17 04:45:00,2026-07-17 08:35:00,52389.0,52440.0,22.0
Engulfing_Reversal(0.3),SHORT,2026-07-17 08:35:00,2026-07-17 10:10:00,52440.0,52431.0,1.0
Engulfing_Reversal(0.3),LONG,2026-07-17 10:10:00,2026-07-17 12:00:00,52431.0,52504.0,33.0
Engulfing_Reversal(0.3),SHORT,2026-07-17 12:00:00,2026-07-17 12:40:00,52504.0,52462.0,17.5
Engulfing_Reversal(0.3),LONG,2026-07-17 12:40:00,2026-07-17 13:25:00,52462.0,52248.0,-110.5
Engulfing_Reversal(0.3),SHORT,2026-07-17 13:25:00,2026-07-17 15:55:00,52248.0,52710.0,-234.5
Engulfing_Reversal(0.3),LONG,2026-07-17 15:55:00,2026-07-17 16:05:00,52710.0,52643.0,-37.0
Engulfing_Reversal(0.3),SHORT,2026-07-17 16:05:00,2026-07-17 17:10:00,52643.0,52593.0,21.5
Engulfing_Reversal(0.3),LONG,2026-07-17 17:10:00,2026-07-17 17:40:00,52593.0,52557.0,-21.5
Engulfing_Reversal(0.3),SHORT,2026-07-17 17:40:00,2026-07-17 18:50:00,52557.0,52422.0,64.0
Engulfing_Reversal(0.3),LONG,2026-07-17 18:50:00,2026-07-17 20:15:00,52422.0,52333.0,-48.0
Engulfing_Reversal(0.3),SHORT,2026-07-17 20:15:00,2026-07-17 20:55:00,52333.0,52387.0,-30.5
Engulfing_Reversal(0.3),LONG,2026-07-17 20:55:00,2026-07-19 23:05:00,52387.0,52324.0,-35.0
Engulfing_Reversal(0.3),SHORT,2026-07-19 23:05:00,2026-07-19 23:45:00,52324.0,52348.0,-15.5
Engulfing_Reversal(0.3),LONG,2026-07-19 23:45:00,2026-07-20 00:35:00,52348.0,52353.0,-1.0
Engulfing_Reversal(0.3),SHORT,2026-07-20 00:35:00,2026-07-20 00:50:00,52353.0,52360.0,-7.0
Engulfing_Reversal(0.3),LONG,2026-07-20 00:50:00,2026-07-20 01:15:00,52360.0,52374.0,3.5
Engulfing_Reversal(0.3),SHORT,2026-07-20 01:15:00,2026-07-20 02:45:00,52374.0,52347.0,10.0
Engulfing_Reversal(0.3),LONG,2026-07-20 02:45:00,2026-07-20 07:50:00,52347.0,52421.0,33.5
Engulfing_Reversal(0.3),SHORT,2026-07-20 07:50:00,2026-07-20 08:00:00,52421.0,52430.0,-8.0
Engulfing_Reversal(0.3),LONG,2026-07-20 08:00:00,2026-07-20 10:00:00,52430.0,52518.0,40.5
Engulfing_Reversal(0.3),SHORT,2026-07-20 10:00:00,2026-07-20 10:25:00,52518.0,52485.0,13.0
Engulfing_Reversal(0.3),LONG,2026-07-20 10:25:00,2026-07-20 12:05:00,52485.0,52482.0,-5.0
Engulfing_Reversal(0.3),SHORT,2026-07-20 12:05:00,2026-07-20 12:30:00,52482.0,52494.0,-9.5
Engulfing_Reversal(0.3),LONG,2026-07-20 12:30:00,2026-07-20 13:45:00,52494.0,52477.0,-12.0
Engulfing_Reversal(0.3),SHORT,2026-07-20 13:45:00,2026-07-20 15:55:00,52477.0,52275.0,97.5
Engulfing_Reversal(0.3),LONG,2026-07-20 15:55:00,2026-07-20 17:15:00,52275.0,52150.0,-66.0
Engulfing_Reversal(0.3),SHORT,2026-07-20 17:15:00,2026-07-20 17:50:00,52150.0,52148.0,-2.5
Engulfing_Reversal(0.3),LONG,2026-07-20 17:50:00,2026-07-20 18:25:00,52148.0,52169.0,7.0
Engulfing_Reversal(0.3),SHORT,2026-07-20 18:25:00,2026-07-20 20:25:00,52169.0,52064.0,49.0
Engulfing_Reversal(0.3),LONG,2026-07-20 20:25:00,2026-07-20 20:30:00,52064.0,52058.0,-6.5
Engulfing_Reversal(0.3),SHORT,2026-07-20 20:30:00,2026-07-21 02:25:00,52058.0,52115.0,-32.0
Engulfing_Reversal(0.3),LONG,2026-07-21 02:25:00,2026-07-21 03:35:00,52115.0,52170.0,24.0
Engulfing_Reversal(0.3),SHORT,2026-07-21 03:35:00,2026-07-21 04:25:00,52170.0,52221.0,-29.0
Engulfing_Reversal(0.3),LONG,2026-07-21 04:25:00,2026-07-21 05:05:00,52221.0,52225.0,-1.5
Engulfing_Reversal(0.3),SHORT,2026-07-21 05:05:00,2026-07-21 06:25:00,52225.0,52233.0,-7.5
Engulfing_Reversal(0.3),LONG,2026-07-21 06:25:00,2026-07-21 07:45:00,52233.0,52230.0,-5.0
Engulfing_Reversal(0.3),SHORT,2026-07-21 07:45:00,2026-07-21 08:10:00,52230.0,52230.0,-3.5
Engulfing_Reversal(0.3),LONG,2026-07-21 08:10:00,2026-07-21 10:10:00,52230.0,52218.0,-9.5
Engulfing_Reversal(0.3),SHORT,2026-07-21 10:10:00,2026-07-21 10:15:00,52218.0,52242.0,-15.5
Engulfing_Reversal(0.3),LONG,2026-07-21 10:15:00,2026-07-21 11:05:00,52242.0,52280.0,15.5
Engulfing_Reversal(0.3),SHORT,2026-07-21 11:05:00,2026-07-21 14:30:00,52280.0,52393.0,-60.0
Engulfing_Reversal(0.3),LONG,2026-07-21 14:30:00,2026-07-21 16:50:00,52393.0,52545.0,72.5
Engulfing_Reversal(0.3),SHORT,2026-07-21 16:50:00,2026-07-21 16:55:00,52545.0,52578.0,-20.0
Engulfing_Reversal(0.3),LONG,2026-07-21 16:55:00,2026-07-21 17:15:00,52578.0,52534.0,-25.5
Engulfing_Reversal(0.3),SHORT,2026-07-21 17:15:00,2026-07-21 19:15:00,52534.0,52437.0,45.0
Engulfing_Reversal(0.3),LONG,2026-07-21 19:15:00,2026-07-21 20:30:00,52437.0,52421.0,-11.5
Engulfing_Reversal(0.3),SHORT,2026-07-21 20:30:00,2026-07-21 22:00:00,52421.0,52431.0,-8.5
Engulfing_Reversal(0.3),LONG,2026-07-21 22:00:00,2026-07-21 22:35:00,52431.0,52426.0,-6.0
Engulfing_Reversal(0.3),SHORT,2026-07-21 22:35:00,2026-07-21 23:50:00,52426.0,52422.0,-1.5
Engulfing_Reversal(0.3),LONG,2026-07-21 23:50:00,2026-07-22 00:10:00,52422.0,52415.0,-7.0
Engulfing_Reversal(0.3),SHORT,2026-07-22 00:10:00,2026-07-22 01:30:00,52415.0,52392.0,8.0
Engulfing_Reversal(0.3),LONG,2026-07-22 01:30:00,2026-07-22 01:45:00,52392.0,52393.0,-3.0
Engulfing_Reversal(0.3),SHORT,2026-07-22 01:45:00,2026-07-22 01:50:00,52393.0,52409.0,-11.5
Engulfing_Reversal(0.3),LONG,2026-07-22 01:50:00,2026-07-22 03:10:00,52409.0,52420.0,2.0
Engulfing_Reversal(0.3),SHORT,2026-07-22 03:10:00,2026-07-22 03:20:00,52420.0,52420.0,-3.5
Engulfing_Reversal(0.3),LONG,2026-07-22 03:20:00,2026-07-22 03:45:00,52420.0,52415.0,-6.0
Engulfing_Reversal(0.3),SHORT,2026-07-22 03:45:00,2026-07-22 05:00:00,52415.0,52399.0,4.5
Engulfing_Reversal(0.3),LONG,2026-07-22 05:00:00,2026-07-22 05:05:00,52399.0,52387.0,-9.5
Engulfing_Reversal(0.3),SHORT,2026-07-22 05:05:00,2026-07-22 07:30:00,52387.0,52355.0,12.5
Engulfing_Reversal(0.3),LONG,2026-07-22 07:30:00,2026-07-22 07:35:00,52355.0,52322.0,-20.0
Engulfing_Reversal(0.3),SHORT,2026-07-22 07:35:00,2026-07-22 09:05:00,52322.0,52434.0,-59.5
Engulfing_Reversal(0.3),LONG,2026-07-22 09:05:00,2026-07-22 09:30:00,52434.0,52410.0,-15.5
Engulfing_Reversal(0.3),SHORT,2026-07-22 09:30:00,2026-07-22 10:20:00,52410.0,52407.0,-2.0
Engulfing_Reversal(0.3),LONG,2026-07-22 10:20:00,2026-07-22 10:35:00,52407.0,52461.0,23.5
Engulfing_Reversal(0.3),SHORT,2026-07-22 10:35:00,2026-07-22 13:20:00,52461.0,52405.0,24.5
Engulfing_Reversal(0.3),LONG,2026-07-22 13:20:00,2026-07-22 18:35:00,52405.0,52490.0,39.0
Engulfing_Reversal(0.3),SHORT,2026-07-22 18:35:00,2026-07-22 18:55:00,52490.0,52494.0,-5.5
Engulfing_Reversal(0.3),LONG,2026-07-22 18:55:00,2026-07-22 22:00:00,52494.0,52430.0,-35.5
Engulfing_Reversal(0.3),SHORT,2026-07-22 22:00:00,2026-07-23 00:20:00,52430.0,52434.0,-5.5
Engulfing_Reversal(0.3),LONG,2026-07-23 00:20:00,2026-07-23 02:00:00,52434.0,52470.0,14.5
Engulfing_Reversal(0.3),SHORT,2026-07-23 02:00:00,2026-07-23 03:40:00,52470.0,52404.0,29.5
Engulfing_Reversal(0.3),LONG,2026-07-23 03:40:00,2026-07-23 04:45:00,52404.0,52390.0,-10.5
Engulfing_Reversal(0.3),SHORT,2026-07-23 04:45:00,2026-07-23 08:10:00,52390.0,52266.0,58.5
Engulfing_Reversal(0.3),LONG,2026-07-23 08:10:00,2026-07-23 10:10:00,52266.0,52220.0,-26.5
Engulfing_Reversal(0.3),SHORT,2026-07-23 10:10:00,2026-07-23 10:35:00,52220.0,52275.0,-31.0
Engulfing_Reversal(0.3),LONG,2026-07-23 10:35:00,2026-07-23 13:45:00,52275.0,52019.0,-131.5
Engulfing_Reversal(0.3),SHORT,2026-07-23 13:45:00,2026-07-23 14:30:00,52019.0,51906.0,53.0
Engulfing_Reversal(0.3),LONG,2026-07-23 14:30:00,2026-07-23 15:05:00,51906.0,51872.0,-20.5
Engulfing_Reversal(0.3),SHORT,2026-07-23 15:05:00,2026-07-23 16:25:00,51872.0,51997.0,-66.0
Engulfing_Reversal(0.3),LONG,2026-07-23 16:25:00,2026-07-23 16:45:00,51997.0,51935.0,-34.5
Engulfing_Reversal(0.3),SHORT,2026-07-23 16:45:00,2026-07-23 17:50:00,51935.0,51851.0,38.5
Engulfing_Reversal(0.3),LONG,2026-07-23 17:50:00,2026-07-23 18:40:00,51851.0,51817.0,-20.5
Engulfing_Reversal(0.3),SHORT,2026-07-23 18:40:00,2026-07-23 20:25:00,51817.0,51902.0,-46.0
Engulfing_Reversal(0.3),LONG,2026-07-23 20:25:00,2026-07-23 22:05:00,51902.0,51882.0,-13.5
Engulfing_Reversal(0.3),SHORT,2026-07-23 22:05:00,2026-07-24 00:00:00,51882.0,51886.0,-5.5
Engulfing_Reversal(0.3),LONG,2026-07-24 00:00:00,2026-07-24 01:50:00,51886.0,51947.0,27.0
Engulfing_Reversal(0.3),SHORT,2026-07-24 01:50:00,2026-07-24 02:25:00,51947.0,51961.0,-10.5
Engulfing_Reversal(0.3),LONG,2026-07-24 02:25:00,2026-07-24 03:10:00,51961.0,51911.0,-28.5
Engulfing_Reversal(0.3),SHORT,2026-07-24 03:10:00,2026-07-24 05:20:00,51911.0,51946.0,-21.0
Engulfing_Reversal(0.3),LONG,2026-07-24 05:20:00,2026-07-24 05:35:00,51946.0,51944.0,-4.5
Engulfing_Reversal(0.3),SHORT,2026-07-24 05:35:00,2026-07-24 05:45:00,51944.0,51947.0,-5.0
Engulfing_Reversal(0.3),LONG,2026-07-24 05:45:00,2026-07-24 05:55:00,51947.0,51929.0,-12.5
Engulfing_Reversal(0.3),SHORT,2026-07-24 05:55:00,2026-07-24 10:30:00,51929.0,52166.0,-122.0
Engulfing_Reversal(0.3),LONG,2026-07-24 10:30:00,2026-07-24 10:55:00,52166.0,52152.0,-10.5
Engulfing_Reversal(0.3),SHORT,2026-07-24 10:55:00,2026-07-24 11:50:00,52152.0,52093.0,26.0
Engulfing_Reversal(0.3),LONG,2026-07-24 11:50:00,2026-07-24 13:25:00,52093.0,52029.0,-35.5
Engulfing_Reversal(0.3),SHORT,2026-07-24 13:25:00,2026-07-24 13:50:00,52029.0,52041.0,-9.5
Engulfing_Reversal(0.3),LONG,2026-07-24 13:50:00,2026-07-24 14:20:00,52041.0,52018.0,-15.0
Engulfing_Reversal(0.3),SHORT,2026-07-24 14:20:00,2026-07-24 15:15:00,52018.0,52184.0,-86.5
Engulfing_Reversal(0.3),LONG,2026-07-24 15:15:00,2026-07-24 17:40:00,52184.0,52196.0,2.5
Engulfing_Reversal(0.3),SHORT,2026-07-24 17:40:00,2026-07-24 18:50:00,52196.0,52063.0,63.0
Engulfing_Reversal(0.3),LONG,2026-07-24 18:50:00,2026-07-26 23:25:00,52063.0,52385.0,157.5
Engulfing_Reversal(0.3),SHORT,2026-07-26 23:25:00,2026-07-27 05:50:00,52385.0,52526.0,-74.0
Engulfing_Reversal(0.3),LONG,2026-07-27 05:50:00,2026-07-27 06:00:00,52526.0,52522.0,-5.5
Engulfing_Reversal(0.3),SHORT,2026-07-27 06:00:00,2026-07-27 07:15:00,52522.0,52581.0,-33.0
Engulfing_Reversal(0.3),LONG,2026-07-27 07:15:00,2026-07-27 07:40:00,52581.0,52553.0,-17.5
Engulfing_Reversal(0.3),SHORT,2026-07-27 07:40:00,2026-07-27 08:10:00,52553.0,52540.0,3.0
Engulfing_Reversal(0.3),LONG,2026-07-27 08:10:00,2026-07-27 10:25:00,52540.0,52662.0,57.5
Engulfing_Reversal(0.3),SHORT,2026-07-27 10:25:00,2026-07-27 11:10:00,52662.0,52708.0,-26.5
Engulfing_Reversal(0.3),LONG,2026-07-27 11:10:00,2026-07-27 11:30:00,52708.0,52657.0,-29.0
Engulfing_Reversal(0.3),SHORT,2026-07-27 11:30:00,2026-07-27 15:15:00,52657.0,52424.0,113.0
Engulfing_Reversal(0.3),LONG,2026-07-27 15:15:00,2026-07-27 15:35:00,52424.0,52269.0,-81.0
Engulfing_Reversal(0.3),SHORT,2026-07-27 15:35:00,2026-07-27 16:25:00,52269.0,52265.0,-1.5
Engulfing_Reversal(0.3),LONG,2026-07-27 16:25:00,2026-07-27 18:35:00,52265.0,52256.0,-8.0
Engulfing_Reversal(0.3),SHORT,2026-07-27 18:35:00,2026-07-27 18:45:00,52256.0,52271.0,-11.0
Engulfing_Reversal(0.3),LONG,2026-07-27 18:45:00,2026-07-27 19:05:00,52271.0,52319.0,20.5
Engulfing_Reversal(0.3),SHORT,2026-07-27 19:05:00,2026-07-27 19:10:00,52319.0,52373.0,-30.5
Engulfing_Reversal(0.3),LONG,2026-07-27 19:10:00,2026-07-28 00:50:00,52373.0,52343.0,-18.5
Engulfing_Reversal(0.3),SHORT,2026-07-28 00:50:00,2026-07-28 01:45:00,52343.0,52362.0,-13.0
Engulfing_Reversal(0.3),LONG,2026-07-28 01:45:00,2026-07-28 01:55:00,52362.0,52344.0,-12.5
Engulfing_Reversal(0.3),SHORT,2026-07-28 01:55:00,2026-07-28 02:20:00,52344.0,52343.0,-3.0
Engulfing_Reversal(0.3),LONG,2026-07-28 02:20:00,2026-07-28 03:30:00,52343.0,52347.0,-1.5
Engulfing_Reversal(0.3),SHORT,2026-07-28 03:30:00,2026-07-28 05:05:00,52347.0,52389.0,-24.5
Engulfing_Reversal(0.3),LONG,2026-07-28 05:05:00,2026-07-28 06:25:00,52389.0,52399.0,1.5
Engulfing_Reversal(0.3),SHORT,2026-07-28 06:25:00,2026-07-28 07:20:00,52399.0,52475.0,-41.5
Engulfing_Reversal(0.3),LONG,2026-07-28 07:20:00,2026-07-28 09:45:00,52475.0,52541.0,29.5
Engulfing_Reversal(0.3),SHORT,2026-07-28 09:45:00,2026-07-28 11:20:00,52541.0,52745.0,-105.5
Engulfing_Reversal(0.3),LONG,2026-07-28 11:20:00,2026-07-28 11:40:00,52745.0,52697.0,-27.5
Engulfing_Reversal(0.3),SHORT,2026-07-28 11:40:00,2026-07-28 13:50:00,52697.0,52764.0,-37.0
Engulfing_Reversal(0.3),LONG,2026-07-28 13:50:00,2026-07-28 15:00:00,52764.0,52760.0,-5.5
Engulfing_Reversal(0.3),SHORT,2026-07-28 15:00:00,2026-07-28 17:20:00,52760.0,53055.0,-151.0
Engulfing_Reversal(0.3),LONG,2026-07-28 17:20:00,2026-07-28 17:30:00,53055.0,53037.0,-12.5
Engulfing_Reversal(0.3),SHORT,2026-07-28 17:30:00,2026-07-28 19:20:00,53037.0,53007.0,11.5
Engulfing_Reversal(0.3),LONG,2026-07-28 19:20:00,2026-07-28 20:40:00,53007.0,52927.0,-43.5
Engulfing_Reversal(0.3),SHORT,2026-07-28 20:40:00,2026-07-28 23:15:00,52927.0,52891.0,14.5
Engulfing_Reversal(0.3),LONG,2026-07-28 23:15:00,2026-07-29 00:35:00,52891.0,53000.0,51.0
Engulfing_Reversal(0.3),SHORT,2026-07-29 00:35:00,2026-07-29 00:40:00,53000.0,53018.0,-12.5
Engulfing_Reversal(0.3),LONG,2026-07-29 00:40:00,2026-07-29 03:05:00,53018.0,52905.0,-60.0
Engulfing_Reversal(0.3),SHORT,2026-07-29 03:05:00,2026-07-29 04:50:00,52905.0,52832.0,33.0
Engulfing_Reversal(0.3),LONG,2026-07-29 04:50:00,2026-07-29 07:15:00,52832.0,52964.0,62.5
Engulfing_Reversal(0.3),SHORT,2026-07-29 07:15:00,2026-07-29 08:00:00,52964.0,52995.0,-19.0
Engulfing_Reversal(0.3),LONG,2026-07-29 08:00:00,2026-07-29 08:15:00,52995.0,52975.0,-13.5
Engulfing_Reversal(0.3),SHORT,2026-07-29 08:15:00,2026-07-29 10:20:00,52975.0,52839.0,64.5
Engulfing_Reversal(0.3),LONG,2026-07-29 10:20:00,2026-07-29 11:35:00,52839.0,52774.0,-36.0
Engulfing_Reversal(0.3),SHORT,2026-07-29 11:35:00,2026-07-29 13:25:00,52774.0,52529.0,119.0
Engulfing_Reversal(0.3),LONG,2026-07-29 13:25:00,2026-07-29 13:45:00,52529.0,52454.0,-41.0
Engulfing_Reversal(0.3),SHORT,2026-07-29 13:45:00,2026-07-29 17:15:00,52454.0,52183.0,132.0
Engulfing_Reversal(0.3),LONG,2026-07-29 17:15:00,2026-07-29 18:35:00,52183.0,52080.0,-55.0
Engulfing_Reversal(0.3),SHORT,2026-07-29 18:35:00,2026-07-30 02:00:00,52080.0,51912.0,80.5
Engulfing_Reversal(0.3),LONG,2026-07-30 02:00:00,2026-07-30 03:10:00,51912.0,51862.0,-28.5
Engulfing_Reversal(0.3),SHORT,2026-07-30 03:10:00,2026-07-30 04:20:00,51862.0,51824.0,15.5
Engulfing_Reversal(0.3),LONG,2026-07-30 04:20:00,2026-07-30 04:40:00,51824.0,51831.0,0.0
Engulfing_Reversal(0.3),SHORT,2026-07-30 04:40:00,2026-07-30 08:05:00,51831.0,51830.0,-3.0
Engulfing_Reversal(0.3),LONG,2026-07-30 08:05:00,2026-07-30 09:55:00,51830.0,51915.0,39.0
Engulfing_Reversal(0.3),SHORT,2026-07-30 09:55:00,2026-07-30 10:40:00,51915.0,51913.0,-2.5
Engulfing_Reversal(0.3),LONG,2026-07-30 10:40:00,2026-07-30 10:50:00,51913.0,51912.0,-4.0
Engulfing_Reversal(0.3),SHORT,2026-07-30 10:50:00,2026-07-30 14:15:00,51912.0,52086.0,-90.5
Engulfing_Reversal(0.3),LONG,2026-07-30 14:15:00,2026-07-30 14:20:00,52086.0,52061.0,-16.0
Engulfing_Reversal(0.3),SHORT,2026-07-30 14:20:00,2026-07-30 14:30:00,52061.0,52068.0,-7.0
Engulfing_Reversal(0.3),LONG,2026-07-30 14:30:00,2026-07-30 14:45:00,52068.0,52014.0,-30.5
Engulfing_Reversal(0.3),SHORT,2026-07-30 14:45:00,2026-07-30 15:35:00,52014.0,51948.0,29.5
Engulfing_Reversal(0.3),LONG,2026-07-30 15:35:00,2026-07-30 16:25:00,51948.0,52153.0,99.0
Engulfing_Reversal(0.3),SHORT,2026-07-30 16:25:00,2026-07-30 16:30:00,52153.0,52190.0,-22.0
Engulfing_Reversal(0.3),LONG,2026-07-30 16:30:00,2026-07-30 16:40:00,52190.0,52181.0,-8.0
Engulfing_Reversal(0.3),SHORT,2026-07-30 16:40:00,2026-07-30 17:20:00,52181.0,52300.0,-63.0
Engulfing_Reversal(0.3),LONG,2026-07-30 17:20:00,2026-07-30 19:20:00,52300.0,52391.0,42.0
Engulfing_Reversal(0.3),SHORT,2026-07-30 19:20:00,2026-07-30 20:45:00,52391.0,52443.0,-29.5
Engulfing_Reversal(0.3),LONG,2026-07-30 20:45:00,2026-07-30 22:25:00,52443.0,52403.0,-23.5
Engulfing_Reversal(0.3),SHORT,2026-07-30 22:25:00,2026-07-31 00:05:00,52403.0,52497.0,-50.5
Engulfing_Reversal(0.3),LONG,2026-07-31 00:05:00,2026-07-31 00:50:00,52497.0,52524.0,10.0
Engulfing_Reversal(0.3),SHORT,2026-07-31 00:50:00,2026-07-31 01:30:00,52524.0,52575.0,-29.0
Engulfing_Reversal(0.3),LONG,2026-07-31 01:30:00,2026-07-31 02:50:00,52575.0,52550.0,-16.0
Engulfing_Reversal(0.3),SHORT,2026-07-31 02:50:00,2026-07-31 03:00:00,52550.0,52553.0,-5.0
Engulfing_Reversal(0.3),LONG,2026-07-31 03:00:00,2026-07-31 05:35:00,52553.0,52618.0,29.0
Engulfing_Reversal(0.3),SHORT,2026-07-31 05:35:00,2026-07-31 05:50:00,52618.0,52624.0,-6.5
Engulfing_Reversal(0.3),LONG,2026-07-31 05:50:00,2026-07-31 06:35:00,52624.0,52589.0,-21.0
Engulfing_Reversal(0.3),SHORT,2026-07-31 06:35:00,2026-07-31 07:40:00,52589.0,52670.0,-44.0
Engulfing_Reversal(0.3),LONG,2026-07-31 07:40:00,2026-07-31 07:50:00,52670.0,52664.0,-6.5
Engulfing_Reversal(0.3),SHORT,2026-07-31 07:50:00,2026-07-31 09:00:00,52664.0,52666.0,-4.5
Engulfing_Reversal(0.3),LONG,2026-07-31 09:00:00,2026-07-31 12:05:00,52666.0,52629.0,-22.0
Engulfing_Reversal(0.3),SHORT,2026-07-31 12:05:00,2026-07-31 12:55:00,52629.0,52569.0,26.5
Engulfing_Reversal(0.3),LONG,2026-07-31 12:55:00,2026-07-31 13:50:00,52569.0,52378.0,-99.0
Engulfing_Reversal(0.3),SHORT,2026-07-31 13:50:00,2026-07-31 14:25:00,52378.0,52227.0,72.0
Engulfing_Reversal(0.3),LONG,2026-07-31 14:25:00,2026-07-31 15:10:00,52227.0,52406.0,86.0
Engulfing_Reversal(0.3),SHORT,2026-07-31 15:10:00,2026-07-31 15:35:00,52406.0,52407.0,-4.0
Engulfing_Reversal(0.3),LONG,2026-07-31 15:35:00,2026-07-31 16:10:00,52407.0,52513.0,49.5
Engulfing_Reversal(0.3),SHORT,2026-07-31 16:10:00,2026-07-31 16:15:00,52513.0,52553.0,-23.5
Engulfing_Reversal(0.3),LONG,2026-07-31 16:15:00,2026-07-31 17:00:00,52553.0,52575.0,7.5
Engulfing_Reversal(0.3),SHORT,2026-07-31 17:00:00,2026-07-31 17:15:00,52575.0,52613.0,-22.5
Engulfing_Reversal(0.3),LONG,2026-07-31 17:15:00,2026-07-31 17:50:00,52613.0,52609.0,-5.5
Engulfing_Reversal(0.3),SHORT,2026-07-31 17:50:00,2026-07-31 18:20:00,52609.0,52673.0,-35.5
Engulfing_Reversal(0.3),LONG,2026-07-31 18:20:00,2026-07-31 18:55:00,52673.0,52668.0,-6.0
Engulfing_Reversal(0.3),SHORT,2026-07-31 18:55:00,2026-07-31 19:40:00,52668.0,52721.0,-30.0
Engulfing_Reversal(0.3),LONG,2026-07-31 19:40:00,2026-08-02 23:10:00,52721.0,52791.0,31.5
Engulfing_Reversal(0.3),SHORT,2026-08-02 23:10:00,2026-08-03 00:35:00,52791.0,52839.0,-27.5
Engulfing_Reversal(0.3),LONG,2026-08-03 00:35:00,2026-08-03 03:25:00,52839.0,52880.0,17.0
Engulfing_Reversal(0.3),SHORT,2026-08-03 03:25:00,2026-08-03 03:55:00,52880.0,52914.0,-20.5
Engulfing_Reversal(0.3),LONG,2026-08-03 03:55:00,2026-08-03 04:35:00,52914.0,52922.0,0.5
Engulfing_Reversal(0.3),SHORT,2026-08-03 04:35:00,2026-08-03 04:45:00,52922.0,52927.0,-6.0
Engulfing_Reversal(0.3),LONG,2026-08-03 04:45:00,2026-08-03 07:20:00,52927.0,52869.0,-32.5
Engulfing_Reversal(0.3),SHORT,2026-08-03 07:20:00,2026-08-03 14:45:00,52869.0,53253.0,-195.5
Engulfing_Reversal(0.3),LONG,2026-08-03 14:45:00,2026-08-03 14:50:00,53253.0,53216.0,-22.0
Engulfing_Reversal(0.3),SHORT,2026-08-03 14:50:00,2026-08-03 15:40:00,53216.0,53189.0,10.0
Engulfing_Reversal(0.3),LONG,2026-08-03 15:40:00,2026-08-03 16:35:00,53189.0,53154.0,-21.0
Engulfing_Reversal(0.3),SHORT,2026-08-03 16:35:00,2026-08-03 17:15:00,53154.0,53119.0,14.0
Engulfing_Reversal(0.3),LONG,2026-08-03 17:15:00,2026-08-03 18:35:00,53119.0,53257.0,65.5
Engulfing_Reversal(0.3),SHORT,2026-08-03 18:35:00,2026-08-04 01:05:00,53257.0,53442.0,-96.0
Engulfing_Reversal(0.3),LONG,2026-08-04 01:05:00,2026-08-04 02:00:00,53442.0,53458.0,4.5
Engulfing_Reversal(0.3),SHORT,2026-08-04 02:00:00,2026-08-04 04:50:00,53458.0,53475.0,-12.0
Engulfing_Reversal(0.3),LONG,2026-08-04 04:50:00,2026-08-04 07:25:00,53475.0,53403.0,-39.5
Engulfing_Reversal(0.3),SHORT,2026-08-04 07:25:00,2026-08-04 07:50:00,53403.0,53430.0,-17.0
Engulfing_Reversal(0.3),LONG,2026-08-04 07:50:00,2026-08-04 08:05:00,53430.0,53404.0,-16.5
Engulfing_Reversal(0.3),SHORT,2026-08-04 08:05:00,2026-08-04 08:15:00,53404.0,53416.0,-9.5
Engulfing_Reversal(0.3),LONG,2026-08-04 08:15:00,2026-08-04 08:35:00,53416.0,53394.0,-14.5
Engulfing_Reversal(0.3),SHORT,2026-08-04 08:35:00,2026-08-04 09:15:00,53394.0,53368.0,9.5
Engulfing_Reversal(0.3),LONG,2026-08-04 09:15:00,2026-08-04 13:00:00,53368.0,53947.0,286.0
Engulfing_Reversal(0.3),SHORT,2026-08-04 13:00:00,2026-08-04 13:25:00,53947.0,54039.0,-49.5
Engulfing_Reversal(0.3),LONG,2026-08-04 13:25:00,2026-08-04 14:25:00,54039.0,53956.0,-45.0
Engulfing_Reversal(0.3),SHORT,2026-08-04 14:25:00,2026-08-04 16:05:00,53956.0,54222.0,-136.5
Engulfing_Reversal(0.3),LONG,2026-08-04 16:05:00,2026-08-04 18:20:00,54222.0,54325.0,48.0
Engulfing_Reversal(0.3),SHORT,2026-08-04 18:20:00,2026-08-04 19:35:00,54325.0,54360.0,-21.0
Engulfing_Reversal(0.3),LONG,2026-08-04 19:35:00,2026-08-05 01:55:00,54360.0,54384.0,8.5
Engulfing_Reversal(0.3),SHORT,2026-08-05 01:55:00,2026-08-05 02:10:00,54384.0,54409.0,-16.0
Engulfing_Reversal(0.3),LONG,2026-08-05 02:10:00,2026-08-05 06:00:00,54409.0,54476.0,30.0
Engulfing_Reversal(0.3),SHORT,2026-08-05 06:00:00,2026-08-05 06:35:00,54476.0,54430.0,19.5
Engulfing_Reversal(0.3),LONG,2026-08-05 06:35:00,2026-08-05 07:05:00,54430.0,54414.0,-11.5
Engulfing_Reversal(0.3),SHORT,2026-08-05 07:05:00,2026-08-05 07:40:00,54414.0,54383.0,12.0
Engulfing_Reversal(0.3),LONG,2026-08-05 07:40:00,2026-08-05 08:25:00,54383.0,54373.0,-8.5
Engulfing_Reversal(0.3),SHORT,2026-08-05 08:25:00,2026-08-05 08:40:00,54373.0,54402.0,-18.0
Engulfing_Reversal(0.3),LONG,2026-08-05 08:40:00,2026-08-05 09:40:00,54402.0,54395.0,-7.0
Engulfing_Reversal(0.3),SHORT,2026-08-05 09:40:00,2026-08-05 13:30:00,54395.0,54526.0,-69.0
Engulfing_Reversal(0.3),LONG,2026-08-05 13:30:00,2026-08-05 13:50:00,54526.0,54637.0,52.0
Engulfing_Reversal(0.3),SHORT,2026-08-05 13:50:00,2026-08-05 16:45:00,54637.0,54659.0,-14.5
Engulfing_Reversal(0.3),LONG,2026-08-05 16:45:00,2026-08-05 17:55:00,54659.0,54714.0,24.0
Engulfing_Reversal(0.3),SHORT,2026-08-05 17:55:00,2026-08-05 18:05:00,54714.0,54711.0,-2.0
Engulfing_Reversal(0.3),LONG,2026-08-05 18:05:00,2026-08-05 19:55:00,54711.0,54604.0,-57.0
Engulfing_Reversal(0.3),SHORT,2026-08-05 19:55:00,2026-08-05 20:35:00,54604.0,54562.0,17.5
Engulfing_Reversal(0.3),LONG,2026-08-05 20:35:00,2026-08-05 22:55:00,54562.0,54572.0,1.5
Engulfing_Reversal(0.3),SHORT,2026-08-05 22:55:00,2026-08-06 01:50:00,54572.0,54579.0,-7.0
Engulfing_Reversal(0.3),LONG,2026-08-06 01:50:00,2026-08-06 02:15:00,54579.0,54606.0,10.0
Engulfing_Reversal(0.3),SHORT,2026-08-06 02:15:00,2026-08-06 03:05:00,54606.0,54611.0,-6.0
Engulfing_Reversal(0.3),LONG,2026-08-06 03:05:00,2026-08-06 04:40:00,54611.0,54605.0,-6.5
Engulfing_Reversal(0.3),SHORT,2026-08-06 04:40:00,2026-08-06 05:55:00,54605.0,54621.0,-11.5
Engulfing_Reversal(0.3),LONG,2026-08-06 05:55:00,2026-08-06 08:05:00,54621.0,54576.0,-26.0
Engulfing_Reversal(0.3),SHORT,2026-08-06 08:05:00,2026-08-06 08:20:00,54576.0,54616.0,-23.5
Engulfing_Reversal(0.3),LONG,2026-08-06 08:20:00,2026-08-06 08:40:00,54616.0,54632.0,4.5
Engulfing_Reversal(0.3),SHORT,2026-08-06 08:40:00,2026-08-06 09:50:00,54632.0,54662.0,-18.5
Engulfing_Reversal(0.3),LONG,2026-08-06 09:50:00,2026-08-06 12:30:00,54662.0,54579.0,-45.0
Engulfing_Reversal(0.3),SHORT,2026-08-06 12:30:00,2026-08-06 13:15:00,54579.0,54582.0,-5.0
Engulfing_Reversal(0.3),LONG,2026-08-06 13:15:00,2026-08-06 14:20:00,54582.0,54440.0,-74.5
Engulfing_Reversal(0.3),SHORT,2026-08-06 14:20:00,2026-08-06 17:55:00,54440.0,54044.0,194.5
Engulfing_Reversal(0.3),LONG,2026-08-06 17:55:00,2026-08-06 19:25:00,54044.0,54058.0,3.5
Engulfing_Reversal(0.3),SHORT,2026-08-06 19:25:00,2026-08-06 19:50:00,54058.0,54001.0,25.0
Engulfing_Reversal(0.3),LONG,2026-08-06 19:50:00,2026-08-06 20:15:00,54001.0,54012.0,2.0
Engulfing_Reversal(0.3),SHORT,2026-08-06 20:15:00,2026-08-06 23:35:00,54012.0,54000.0,2.5
Engulfing_Reversal(0.3),LONG,2026-08-06 23:35:00,2026-08-07 00:20:00,54000.0,53964.0,-21.5
Engulfing_Reversal(0.3),SHORT,2026-08-07 00:20:00,2026-08-07 03:05:00,53964.0,53917.0,20.0
Engulfing_Reversal(0.3),LONG,2026-08-07 03:05:00,2026-08-07 03:10:00,53917.0,53904.0,-10.0
Engulfing_Reversal(0.3),SHORT,2026-08-07 03:10:00,2026-08-07 03:40:00,53904.0,53904.0,-3.5
Engulfing_Reversal(0.3),LONG,2026-08-07 03:40:00,2026-08-07 04:40:00,53904.0,53891.0,-10.0
Engulfing_Reversal(0.3),SHORT,2026-08-07 04:40:00,2026-08-07 05:40:00,53891.0,53913.0,-14.5
Engulfing_Reversal(0.3),LONG,2026-08-07 05:40:00,2026-08-07 06:00:00,53913.0,53914.0,-3.0
Engulfing_Reversal(0.3),SHORT,2026-08-07 06:00:00,2026-08-07 09:15:00,53914.0,54001.0,-47.0
Engulfing_Reversal(0.3),LONG,2026-08-07 09:15:00,2026-08-07 09:45:00,54001.0,54010.0,1.0
Engulfing_Reversal(0.3),SHORT,2026-08-07 09:45:00,2026-08-07 10:05:00,54010.0,54032.0,-14.5
Engulfing_Reversal(0.3),LONG,2026-08-07 10:05:00,2026-08-07 11:15:00,54032.0,54051.0,6.0
Engulfing_Reversal(0.3),SHORT,2026-08-07 11:15:00,2026-08-07 12:05:00,54051.0,54083.0,-19.5
Engulfing_Reversal(0.3),LONG,2026-08-07 12:05:00,2026-08-07 13:00:00,54083.0,54163.0,36.5
Engulfing_Reversal(0.3),SHORT,2026-08-07 13:00:00,2026-08-07 13:55:00,54163.0,54129.0,13.5
Engulfing_Reversal(0.3),LONG,2026-08-07 13:55:00,2026-08-07 15:05:00,54129.0,54116.0,-10.0
Engulfing_Reversal(0.3),SHORT,2026-08-07 15:05:00,2026-08-07 17:05:00,54116.0,54076.0,16.5
Engulfing_Reversal(0.3),LONG,2026-08-07 17:05:00,2026-08-07 17:25:00,54076.0,54086.0,1.5
Engulfing_Reversal(0.3),SHORT,2026-08-07 17:25:00,2026-08-07 17:40:00,54086.0,54098.0,-9.5
Engulfing_Reversal(0.3),LONG,2026-08-07 17:40:00,2026-08-07 18:00:00,54098.0,54086.0,-9.5
Engulfing_Reversal(0.3),SHORT,2026-08-07 18:00:00,2026-08-07 18:50:00,54086.0,54046.0,16.5
Engulfing_Reversal(0.3),LONG,2026-08-07 18:50:00,2026-08-10 00:25:00,54046.0,54038.0,-7.5
Engulfing_Reversal(0.3),SHORT,2026-08-10 00:25:00,2026-08-10 01:30:00,54038.0,54075.0,-22.0
Engulfing_Reversal(0.3),LONG,2026-08-10 01:30:00,2026-08-10 01:55:00,54075.0,54061.0,-10.5
Engulfing_Reversal(0.3),SHORT,2026-08-10 01:55:00,2026-08-10 07:20:00,54061.0,54116.0,-31.0
Engulfing_Reversal(0.3),LONG,2026-08-10 07:20:00,2026-08-10 07:35:00,54116.0,54143.0,10.0
Engulfing_Reversal(0.3),SHORT,2026-08-10 07:35:00,2026-08-10 08:20:00,54143.0,54127.0,4.5
Engulfing_Reversal(0.3),LONG,2026-08-10 08:20:00,2026-08-10 10:15:00,54127.0,54120.0,-7.0
Engulfing_Reversal(0.3),SHORT,2026-08-10 10:15:00,2026-08-10 13:30:00,54120.0,54038.0,37.5
Engulfing_Reversal(0.3),LONG,2026-08-10 13:30:00,2026-08-10 16:05:00,54038.0,54084.0,19.5
Engulfing_Reversal(0.3),SHORT,2026-08-10 16:05:00,2026-08-10 17:50:00,54084.0,54015.0,31.0
Engulfing_Reversal(0.3),LONG,2026-08-10 17:50:00,2026-08-10 18:10:00,54015.0,54003.0,-9.5
Engulfing_Reversal(0.3),SHORT,2026-08-10 18:10:00,2026-08-10 18:40:00,54003.0,53981.0,7.5
Engulfing_Reversal(0.3),LONG,2026-08-10 18:40:00,2026-08-10 22:20:00,53981.0,54031.0,21.5
Engulfing_Reversal(0.3),SHORT,2026-08-10 22:20:00,2026-08-10 23:10:00,54031.0,54028.0,-2.0
Engulfing_Reversal(0.3),LONG,2026-08-10 23:10:00,2026-08-11 01:20:00,54028.0,54036.0,0.5
Engulfing_Reversal(0.3),SHORT,2026-08-11 01:20:00,2026-08-11 01:50:00,54036.0,54043.0,-7.0
Engulfing_Reversal(0.3),LONG,2026-08-11 01:50:00,2026-08-11 02:50:00,54043.0,54044.0,-3.0
Engulfing_Reversal(0.3),SHORT,2026-08-11 02:50:00,2026-08-11 03:55:00,54044.0,54070.0,-16.5
Engulfing_Reversal(0.3),LONG,2026-08-11 03:55:00,2026-08-11 04:00:00,54070.0,54070.0,-3.5
Engulfing_Reversal(0.3),SHORT,2026-08-11 04:00:00,2026-08-11 04:50:00,54070.0,54068.0,-2.5
Engulfing_Reversal(0.3),LONG,2026-08-11 04:50:00,2026-08-11 05:20:00,54068.0,54060.0,-7.5
Engulfing_Reversal(0.3),SHORT,2026-08-11 05:20:00,2026-08-11 08:00:00,54060.0,54008.0,22.5
Engulfing_Reversal(0.3),LONG,2026-08-11 08:00:00,2026-08-11 08:40:00,54008.0,54002.0,-6.5
Engulfing_Reversal(0.3),SHORT,2026-08-11 08:40:00,2026-08-11 10:45:00,54002.0,54046.0,-25.5
Engulfing_Reversal(0.3),LONG,2026-08-11 10:45:00,2026-08-11 13:15:00,54046.0,54126.0,36.5
Engulfing_Reversal(0.3),SHORT,2026-08-11 13:15:00,2026-08-11 16:00:00,54126.0,54045.0,37.0
Engulfing_Reversal(0.3),LONG,2026-08-11 16:00:00,2026-08-11 18:05:00,54045.0,53972.0,-40.0
Engulfing_Reversal(0.3),SHORT,2026-08-11 18:05:00,2026-08-11 18:25:00,53972.0,53970.0,-2.5
Engulfing_Reversal(0.3),LONG,2026-08-11 18:25:00,2026-08-11 18:30:00,53970.0,53917.0,-30.0
Engulfing_Reversal(0.3),SHORT,2026-08-11 18:30:00,2026-08-11 19:20:00,53917.0,53908.0,1.0
Engulfing_Reversal(0.3),LONG,2026-08-11 19:20:00,2026-08-11 19:30:00,53908.0,53908.0,-3.5
Engulfing_Reversal(0.3),SHORT,2026-08-11 19:30:00,2026-08-11 19:35:00,53908.0,53925.0,-12.0
Engulfing_Reversal(0.3),LONG,2026-08-11 19:35:00,2026-08-12 01:10:00,53925.0,53867.0,-32.5
Engulfing_Reversal(0.3),SHORT,2026-08-12 01:10:00,2026-08-12 01:40:00,53867.0,53866.0,-3.0
Engulfing_Reversal(0.3),LONG,2026-08-12 01:40:00,2026-08-12 02:25:00,53866.0,53881.0,4.0
Engulfing_Reversal(0.3),SHORT,2026-08-12 02:25:00,2026-08-12 04:15:00,53881.0,53885.0,-5.5
Engulfing_Reversal(0.3),LONG,2026-08-12 04:15:00,2026-08-12 04:35:00,53885.0,53884.0,-4.0
Engulfing_Reversal(0.3),SHORT,2026-08-12 04:35:00,2026-08-12 04:50:00,53884.0,53899.0,-11.0
Engulfing_Reversal(0.3),LONG,2026-08-12 04:50:00,2026-08-12 07:05:00,53899.0,53899.0,-3.5
Engulfing_Reversal(0.3),SHORT,2026-08-12 07:05:00,2026-08-12 09:15:00,53899.0,53906.0,-7.0
Engulfing_Reversal(0.3),LONG,2026-08-12 09:15:00,2026-08-12 09:55:00,53906.0,53935.0,11.0
Engulfing_Reversal(0.3),SHORT,2026-08-12 09:55:00,2026-08-12 12:15:00,53935.0,53984.0,-28.0
Engulfing_Reversal(0.3),LONG,2026-08-12 12:15:00,2026-08-12 13:55:00,53984.0,53938.0,-26.5
Engulfing_Reversal(0.3),SHORT,2026-08-12 13:55:00,2026-08-12 15:30:00,53938.0,53891.0,20.0
Engulfing_Reversal(0.3),LONG,2026-08-12 15:30:00,2026-08-12 15:55:00,53891.0,53905.0,3.5
Engulfing_Reversal(0.3),SHORT,2026-08-12 15:55:00,2026-08-12 16:15:00,53905.0,53941.0,-21.5
Engulfing_Reversal(0.3),LONG,2026-08-12 16:15:00,2026-08-12 18:25:00,53941.0,53908.0,-20.0
Engulfing_Reversal(0.3),SHORT,2026-08-12 18:25:00,2026-08-12 18:35:00,53908.0,53916.0,-7.5
Engulfing_Reversal(0.3),LONG,2026-08-12 18:35:00,2026-08-12 22:30:00,53916.0,53881.0,-21.0
Engulfing_Reversal(0.3),SHORT,2026-08-12 22:30:00,2026-08-12 22:40:00,53881.0,53882.0,-4.0
Engulfing_Reversal(0.3),LONG,2026-08-12 22:40:00,2026-08-12 22:50:00,53882.0,53879.0,-5.0
Engulfing_Reversal(0.3),SHORT,2026-08-12 22:50:00,2026-08-13 00:55:00,53879.0,53838.0,17.0
Engulfing_Reversal(0.3),LONG,2026-08-13 00:55:00,2026-08-13 01:30:00,53838.0,53806.0,-19.5
Engulfing_Reversal(0.3),SHORT,2026-08-13 01:30:00,2026-08-13 02:05:00,53806.0,53830.0,-15.5
Engulfing_Reversal(0.3),LONG,2026-08-13 02:05:00,2026-08-13 04:15:00,53830.0,53845.0,4.0
Engulfing_Reversal(0.3),SHORT,2026-08-13 04:15:00,2026-08-13 05:05:00,53845.0,53863.0,-12.5
Engulfing_Reversal(0.3),LONG,2026-08-13 05:05:00,2026-08-13 05:20:00,53863.0,53863.0,-3.5
Engulfing_Reversal(0.3),SHORT,2026-08-13 05:20:00,2026-08-13 06:55:00,53863.0,53897.0,-20.5
Engulfing_Reversal(0.3),LONG,2026-08-13 06:55:00,2026-08-13 07:15:00,53897.0,53905.0,0.5
Engulfing_Reversal(0.3),SHORT,2026-08-13 07:15:00,2026-08-13 07:45:00,53905.0,53931.0,-16.5
Engulfing_Reversal(0.3),LONG,2026-08-13 07:45:00,2026-08-13 08:55:00,53931.0,53968.0,15.0
Engulfing_Reversal(0.3),SHORT,2026-08-13 08:55:00,2026-08-13 09:00:00,53968.0,53981.0,-10.0
Engulfing_Reversal(0.3),LONG,2026-08-13 09:00:00,2026-08-13 11:00:00,53981.0,53988.0,0.0
Engulfing_Reversal(0.3),SHORT,2026-08-13 11:00:00,2026-08-13 13:40:00,53988.0,54027.0,-23.0
Engulfing_Reversal(0.3),LONG,2026-08-13 13:40:00,2026-08-13 17:30:00,54027.0,53845.0,-94.5
Engulfing_Reversal(0.3),SHORT,2026-08-13 17:30:00,2026-08-13 18:15:00,53845.0,53888.0,-25.0
Engulfing_Reversal(0.3),LONG,2026-08-13 18:15:00,2026-08-13 18:50:00,53888.0,53899.0,2.0
Engulfing_Reversal(0.3),SHORT,2026-08-13 18:50:00,2026-08-13 19:20:00,53899.0,53917.0,-12.5
Engulfing_Reversal(0.3),LONG,2026-08-13 19:20:00,2026-08-13 22:10:00,53917.0,53957.0,16.5
Engulfing_Reversal(0.3),SHORT,2026-08-13 22:10:00,2026-08-13 23:00:00,53957.0,53948.0,1.0
Engulfing_Reversal(0.3),LONG,2026-08-13 23:00:00,2026-08-13 23:05:00,53948.0,53945.0,-5.0
Engulfing_Reversal(0.3),SHORT,2026-08-13 23:05:00,2026-08-13 23:30:00,53945.0,53953.0,-7.5
Engulfing_Reversal(0.3),LONG,2026-08-13 23:30:00,2026-08-14 02:10:00,53953.0,53990.0,15.0
Engulfing_Reversal(0.3),SHORT,2026-08-14 02:10:00,2026-08-14 03:05:00,53990.0,53985.0,-1.0
Engulfing_Reversal(0.3),LONG,2026-08-14 03:05:00,2026-08-14 04:45:00,53985.0,53966.0,-13.0
Engulfing_Reversal(0.3),SHORT,2026-08-14 04:45:00,2026-08-14 05:15:00,53966.0,53964.0,-2.5
Engulfing_Reversal(0.3),LONG,2026-08-14 05:15:00,2026-08-14 06:00:00,53964.0,53944.0,-13.5
Engulfing_Reversal(0.3),SHORT,2026-08-14 06:00:00,2026-08-14 06:45:00,53944.0,53916.0,10.5
Engulfing_Reversal(0.3),LONG,2026-08-14 06:45:00,2026-08-14 06:50:00,53916.0,53910.0,-6.5
Engulfing_Reversal(0.3),SHORT,2026-08-14 06:50:00,2026-08-14 08:25:00,53910.0,53845.0,29.0
Engulfing_Reversal(0.3),LONG,2026-08-14 08:25:00,2026-08-14 09:30:00,53845.0,53855.0,1.5
Engulfing_Reversal(0.3),SHORT,2026-08-14 09:30:00,2026-08-14 13:20:00,53855.0,53829.0,9.5
Engulfing_Reversal(0.3),LONG,2026-08-14 13:20:00,2026-08-14 13:40:00,53829.0,53855.0,9.5
Engulfing_Reversal(0.3),SHORT,2026-08-14 13:40:00,2026-08-14 17:25:00,53855.0,53800.0,24.0
Engulfing_Reversal(0.3),LONG,2026-08-14 17:25:00,2026-08-14 19:20:00,53800.0,53838.0,15.5
Engulfing_Reversal(0.3),SHORT,2026-08-14 19:20:00,2026-08-14 20:35:00,53838.0,53796.0,17.5
Engulfing_Reversal(0.3),LONG,2026-08-14 20:35:00,2026-08-16 22:45:00,53796.0,53824.0,10.5
Engulfing_Reversal(0.3),SHORT,2026-08-16 22:45:00,2026-08-16 23:40:00,53824.0,53823.0,-3.0
Engulfing_Reversal(0.3),LONG,2026-08-16 23:40:00,2026-08-16 23:55:00,53823.0,53818.0,-6.0
Engulfing_Reversal(0.3),SHORT,2026-08-16 23:55:00,2026-08-17 00:05:00,53818.0,53820.0,-4.5
Engulfing_Reversal(0.3),LONG,2026-08-17 00:05:00,2026-08-17 00:10:00,53820.0,53806.0,-10.5
Engulfing_Reversal(0.3),SHORT,2026-08-17 00:10:00,2026-08-17 00:45:00,53806.0,53782.0,8.5
Engulfing_Reversal(0.3),LONG,2026-08-17 00:45:00,2026-08-17 00:55:00,53782.0,53784.0,-2.5
Engulfing_Reversal(0.3),SHORT,2026-08-17 00:55:00,2026-08-17 01:30:00,53784.0,53768.0,4.5
Engulfing_Reversal(0.3),LONG,2026-08-17 01:30:00,2026-08-17 01:45:00,53768.0,53743.0,-16.0
Engulfing_Reversal(0.3),SHORT,2026-08-17 01:45:00,2026-08-17 02:45:00,53743.0,53728.0,4.0
Engulfing_Reversal(0.3),LONG,2026-08-17 02:45:00,2026-08-17 03:45:00,53728.0,53742.0,3.5
Engulfing_Reversal(0.3),SHORT,2026-08-17 03:45:00,2026-08-17 05:30:00,53742.0,53750.0,-7.5
Engulfing_Reversal(0.3),LONG,2026-08-17 05:30:00,2026-08-17 07:55:00,53750.0,53758.0,0.5
Engulfing_Reversal(0.3),SHORT,2026-08-17 07:55:00,2026-08-17 08:55:00,53758.0,53707.0,22.0
Engulfing_Reversal(0.3),LONG,2026-08-17 08:55:00,2026-08-17 09:30:00,53707.0,53740.0,13.0
Inside_Bar_Breakout(0.6),SHORT,2026-05-31 23:25:00,2026-06-01 00:05:00,51101.0,51134.0,-20.0
Inside_Bar_Breakout(0.6),LONG,2026-06-01 00:05:00,2026-06-01 07:45:00,51134.0,51097.0,-22.0
Inside_Bar_Breakout(0.6),SHORT,2026-06-01 07:45:00,2026-06-01 10:10:00,51097.0,51276.0,-93.0
Inside_Bar_Breakout(0.6),LONG,2026-06-01 10:10:00,2026-06-01 11:50:00,51276.0,51318.0,17.5
Inside_Bar_Breakout(0.6),SHORT,2026-06-01 11:50:00,2026-06-01 17:20:00,51318.0,50954.0,178.5
Inside_Bar_Breakout(0.6),LONG,2026-06-01 17:20:00,2026-06-01 23:30:00,50954.0,51008.0,23.5
Inside_Bar_Breakout(0.6),SHORT,2026-06-01 23:30:00,2026-06-02 23:40:00,51008.0,51359.0,-179.0
Inside_Bar_Breakout(0.6),LONG,2026-06-02 23:40:00,2026-06-03 03:30:00,51359.0,51372.0,3.0
Inside_Bar_Breakout(0.6),SHORT,2026-06-03 03:30:00,2026-06-03 11:20:00,51372.0,51250.0,57.5
Inside_Bar_Breakout(0.6),LONG,2026-06-03 11:20:00,2026-06-03 12:20:00,51250.0,51232.0,-12.5
Inside_Bar_Breakout(0.6),SHORT,2026-06-03 12:20:00,2026-06-03 18:15:00,51232.0,50963.0,131.0
Inside_Bar_Breakout(0.6),LONG,2026-06-03 18:15:00,2026-06-03 19:15:00,50963.0,50873.0,-48.5
Inside_Bar_Breakout(0.6),SHORT,2026-06-03 19:15:00,2026-06-03 23:30:00,50873.0,50806.0,30.0
Inside_Bar_Breakout(0.6),LONG,2026-06-03 23:30:00,2026-06-04 15:45:00,50806.0,51618.0,402.5
Inside_Bar_Breakout(0.6),SHORT,2026-06-04 15:45:00,2026-06-04 18:20:00,51618.0,51598.0,6.5
Inside_Bar_Breakout(0.6),LONG,2026-06-04 18:20:00,2026-06-04 23:20:00,51598.0,51656.0,25.5
Inside_Bar_Breakout(0.6),SHORT,2026-06-04 23:20:00,2026-06-05 07:00:00,51656.0,51663.0,-7.0
Inside_Bar_Breakout(0.6),LONG,2026-06-05 07:00:00,2026-06-05 08:00:00,51663.0,51659.0,-5.5
Inside_Bar_Breakout(0.6),SHORT,2026-06-05 08:00:00,2026-06-05 14:05:00,51659.0,51552.0,50.0
Inside_Bar_Breakout(0.6),LONG,2026-06-05 14:05:00,2026-06-08 04:35:00,51552.0,50795.0,-382.0
Inside_Bar_Breakout(0.6),SHORT,2026-06-08 04:35:00,2026-06-08 10:00:00,50795.0,50890.0,-51.0
Inside_Bar_Breakout(0.6),LONG,2026-06-08 10:00:00,2026-06-10 02:05:00,50890.0,50842.0,-27.5
Inside_Bar_Breakout(0.6),SHORT,2026-06-10 02:05:00,2026-06-10 22:30:00,50842.0,49923.0,456.0
Inside_Bar_Breakout(0.6),LONG,2026-06-10 22:30:00,2026-06-12 15:35:00,49923.0,51700.0,885.0
Inside_Bar_Breakout(0.6),SHORT,2026-06-12 15:35:00,2026-06-12 20:15:00,51700.0,51652.0,20.5
Inside_Bar_Breakout(0.6),LONG,2026-06-12 20:15:00,2026-06-15 13:45:00,51652.0,52173.0,257.0
Inside_Bar_Breakout(0.6),SHORT,2026-06-15 13:45:00,2026-06-15 23:25:00,52173.0,52116.0,25.0
Inside_Bar_Breakout(0.6),LONG,2026-06-15 23:25:00,2026-06-16 06:50:00,52116.0,52165.0,21.0
Inside_Bar_Breakout(0.6),SHORT,2026-06-16 06:50:00,2026-06-17 00:05:00,52165.0,52532.0,-187.0
Inside_Bar_Breakout(0.6),LONG,2026-06-17 00:05:00,2026-06-17 02:30:00,52532.0,52526.0,-6.5
Inside_Bar_Breakout(0.6),SHORT,2026-06-17 02:30:00,2026-06-17 14:25:00,52526.0,52722.0,-101.5
Inside_Bar_Breakout(0.6),LONG,2026-06-17 14:25:00,2026-06-18 22:35:00,52722.0,51990.0,-369.5
Inside_Bar_Breakout(0.6),SHORT,2026-06-18 22:35:00,2026-06-19 02:35:00,51990.0,51894.0,44.5
Inside_Bar_Breakout(0.6),LONG,2026-06-19 02:35:00,2026-06-19 03:30:00,51894.0,51846.0,-27.5
Inside_Bar_Breakout(0.6),SHORT,2026-06-19 03:30:00,2026-06-22 00:30:00,51846.0,51907.0,-34.0
Inside_Bar_Breakout(0.6),LONG,2026-06-22 00:30:00,2026-06-22 03:30:00,51907.0,51851.0,-31.5
Inside_Bar_Breakout(0.6),SHORT,2026-06-22 03:30:00,2026-06-22 11:05:00,51851.0,52025.0,-90.5
Inside_Bar_Breakout(0.6),LONG,2026-06-22 11:05:00,2026-06-22 23:15:00,52025.0,52120.0,44.0
Inside_Bar_Breakout(0.6),SHORT,2026-06-22 23:15:00,2026-06-23 03:25:00,52120.0,52101.0,6.0
Inside_Bar_Breakout(0.6),LONG,2026-06-23 03:25:00,2026-06-23 18:20:00,52101.0,52150.0,21.0
Inside_Bar_Breakout(0.6),SHORT,2026-06-23 18:20:00,2026-06-24 11:50:00,52150.0,52165.0,-11.0
Inside_Bar_Breakout(0.6),LONG,2026-06-24 11:50:00,2026-06-24 13:25:00,52165.0,51961.0,-105.5
Inside_Bar_Breakout(0.6),SHORT,2026-06-24 13:25:00,2026-06-24 22:00:00,51961.0,52381.0,-213.5
Inside_Bar_Breakout(0.6),LONG,2026-06-24 22:00:00,2026-06-24 23:15:00,52381.0,52299.0,-44.5
Inside_Bar_Breakout(0.6),SHORT,2026-06-24 23:15:00,2026-06-25 05:10:00,52299.0,52267.0,12.5
Inside_Bar_Breakout(0.6),LONG,2026-06-25 05:10:00,2026-06-25 10:25:00,52267.0,52410.0,68.0
Inside_Bar_Breakout(0.6),SHORT,2026-06-25 10:25:00,2026-06-26 12:05:00,52410.0,52308.0,47.5
Inside_Bar_Breakout(0.6),LONG,2026-06-26 12:05:00,2026-06-26 13:30:00,52308.0,52096.0,-109.5
Inside_Bar_Breakout(0.6),SHORT,2026-06-26 13:30:00,2026-06-26 14:00:00,52096.0,52190.0,-50.5
Inside_Bar_Breakout(0.6),LONG,2026-06-26 14:00:00,2026-06-26 16:10:00,52190.0,52387.0,95.0
Inside_Bar_Breakout(0.6),SHORT,2026-06-26 16:10:00,2026-06-26 16:35:00,52387.0,52365.0,7.5
Inside_Bar_Breakout(0.6),LONG,2026-06-26 16:35:00,2026-06-29 00:00:00,52365.0,52401.0,14.5
Inside_Bar_Breakout(0.6),SHORT,2026-06-29 00:00:00,2026-06-29 01:00:00,52401.0,52369.0,12.5
Inside_Bar_Breakout(0.6),LONG,2026-06-29 01:00:00,2026-06-29 01:20:00,52369.0,52300.0,-38.0
Inside_Bar_Breakout(0.6),SHORT,2026-06-29 01:20:00,2026-06-29 02:00:00,52300.0,52329.0,-18.0
Inside_Bar_Breakout(0.6),LONG,2026-06-29 02:00:00,2026-06-29 16:35:00,52329.0,52463.0,63.5
Inside_Bar_Breakout(0.6),SHORT,2026-06-29 16:35:00,2026-06-29 22:45:00,52463.0,52535.0,-39.5
Inside_Bar_Breakout(0.6),LONG,2026-06-29 22:45:00,2026-06-30 04:50:00,52535.0,52584.0,21.0
Inside_Bar_Breakout(0.6),SHORT,2026-06-30 04:50:00,2026-06-30 09:15:00,52584.0,52639.0,-31.0
Inside_Bar_Breakout(0.6),LONG,2026-06-30 09:15:00,2026-06-30 10:05:00,52639.0,52661.0,7.5
Inside_Bar_Breakout(0.6),SHORT,2026-06-30 10:05:00,2026-06-30 14:35:00,52661.0,52707.0,-26.5
Inside_Bar_Breakout(0.6),LONG,2026-06-30 14:35:00,2026-06-30 23:05:00,52707.0,52568.0,-73.0
Inside_Bar_Breakout(0.6),SHORT,2026-06-30 23:05:00,2026-07-01 00:50:00,52568.0,52623.0,-31.0
Inside_Bar_Breakout(0.6),LONG,2026-07-01 00:50:00,2026-07-01 01:05:00,52623.0,52565.0,-32.5
Inside_Bar_Breakout(0.6),SHORT,2026-07-01 01:05:00,2026-07-01 03:50:00,52565.0,52501.0,28.5
Inside_Bar_Breakout(0.6),LONG,2026-07-01 03:50:00,2026-07-01 04:40:00,52501.0,52489.0,-9.5
Inside_Bar_Breakout(0.6),SHORT,2026-07-01 04:40:00,2026-07-01 07:35:00,52489.0,52486.0,-2.0
Inside_Bar_Breakout(0.6),LONG,2026-07-01 07:35:00,2026-07-01 10:45:00,52486.0,52545.0,26.0
Inside_Bar_Breakout(0.6),SHORT,2026-07-01 10:45:00,2026-07-01 22:25:00,52545.0,52610.0,-36.0
Inside_Bar_Breakout(0.6),LONG,2026-07-01 22:25:00,2026-07-01 23:50:00,52610.0,52587.0,-15.0
Inside_Bar_Breakout(0.6),SHORT,2026-07-01 23:50:00,2026-07-02 01:30:00,52587.0,52642.0,-31.0
Inside_Bar_Breakout(0.6),LONG,2026-07-02 01:30:00,2026-07-02 04:05:00,52642.0,52709.0,30.0
Inside_Bar_Breakout(0.6),SHORT,2026-07-02 04:05:00,2026-07-02 09:20:00,52709.0,52685.0,8.5
Inside_Bar_Breakout(0.6),LONG,2026-07-02 09:20:00,2026-07-06 08:15:00,52685.0,53276.0,292.0
Inside_Bar_Breakout(0.6),SHORT,2026-07-06 08:15:00,2026-07-06 10:15:00,53276.0,53223.0,23.0
Inside_Bar_Breakout(0.6),LONG,2026-07-06 10:15:00,2026-07-06 11:25:00,53223.0,53149.0,-40.5
Inside_Bar_Breakout(0.6),SHORT,2026-07-06 11:25:00,2026-07-06 13:30:00,53149.0,53260.0,-59.0
Inside_Bar_Breakout(0.6),LONG,2026-07-06 13:30:00,2026-07-07 01:55:00,53260.0,53448.0,90.5
Inside_Bar_Breakout(0.6),SHORT,2026-07-07 01:55:00,2026-07-07 09:15:00,53448.0,53469.0,-14.0
Inside_Bar_Breakout(0.6),LONG,2026-07-07 09:15:00,2026-07-08 14:40:00,53469.0,52492.0,-492.0
Inside_Bar_Breakout(0.6),SHORT,2026-07-08 14:40:00,2026-07-09 08:30:00,52492.0,52709.0,-112.0
Inside_Bar_Breakout(0.6),LONG,2026-07-09 08:30:00,2026-07-09 11:25:00,52709.0,52539.0,-88.5
Inside_Bar_Breakout(0.6),SHORT,2026-07-09 11:25:00,2026-07-09 12:05:00,52539.0,52607.0,-37.5
Inside_Bar_Breakout(0.6),LONG,2026-07-09 12:05:00,2026-07-09 14:50:00,52607.0,52696.0,41.0
Inside_Bar_Breakout(0.6),SHORT,2026-07-09 14:50:00,2026-07-10 05:15:00,52696.0,52717.0,-14.0
Inside_Bar_Breakout(0.6),LONG,2026-07-10 05:15:00,2026-07-13 01:05:00,52717.0,52752.0,14.0
Inside_Bar_Breakout(0.6),SHORT,2026-07-13 01:05:00,2026-07-13 08:20:00,52752.0,52925.0,-90.0
Inside_Bar_Breakout(0.6),LONG,2026-07-13 08:20:00,2026-07-13 20:15:00,52925.0,52732.0,-100.0
Inside_Bar_Breakout(0.6),SHORT,2026-07-13 20:15:00,2026-07-14 00:35:00,52732.0,52614.0,55.5
Inside_Bar_Breakout(0.6),LONG,2026-07-14 00:35:00,2026-07-14 02:25:00,52614.0,52592.0,-14.5
Inside_Bar_Breakout(0.6),SHORT,2026-07-14 02:25:00,2026-07-14 19:25:00,52592.0,52788.0,-101.5
Inside_Bar_Breakout(0.6),LONG,2026-07-14 19:25:00,2026-07-14 22:15:00,52788.0,52767.0,-14.0
Inside_Bar_Breakout(0.6),SHORT,2026-07-14 22:15:00,2026-07-15 00:55:00,52767.0,52813.0,-26.5
Inside_Bar_Breakout(0.6),LONG,2026-07-15 00:55:00,2026-07-15 02:55:00,52813.0,52830.0,5.0
Inside_Bar_Breakout(0.6),SHORT,2026-07-15 02:55:00,2026-07-15 08:05:00,52830.0,52775.0,24.0
Inside_Bar_Breakout(0.6),LONG,2026-07-15 08:05:00,2026-07-15 23:55:00,52775.0,52912.0,65.0
Inside_Bar_Breakout(0.6),SHORT,2026-07-15 23:55:00,2026-07-16 00:05:00,52912.0,52940.0,-17.5
Inside_Bar_Breakout(0.6),LONG,2026-07-16 00:05:00,2026-07-16 05:30:00,52940.0,52975.0,14.0
Inside_Bar_Breakout(0.6),SHORT,2026-07-16 05:30:00,2026-07-16 10:35:00,52975.0,53014.0,-23.0
Inside_Bar_Breakout(0.6),LONG,2026-07-16 10:35:00,2026-07-16 16:25:00,53014.0,52846.0,-87.5
Inside_Bar_Breakout(0.6),SHORT,2026-07-16 16:25:00,2026-07-17 00:55:00,52846.0,52628.0,105.5
Inside_Bar_Breakout(0.6),LONG,2026-07-17 00:55:00,2026-07-17 03:45:00,52628.0,52482.0,-76.5
Inside_Bar_Breakout(0.6),SHORT,2026-07-17 03:45:00,2026-07-17 09:15:00,52482.0,52429.0,23.0
Inside_Bar_Breakout(0.6),LONG,2026-07-17 09:15:00,2026-07-17 12:05:00,52429.0,52485.0,24.5
Inside_Bar_Breakout(0.6),SHORT,2026-07-17 12:05:00,2026-07-20 02:45:00,52485.0,52347.0,65.5
Inside_Bar_Breakout(0.6),LONG,2026-07-20 02:45:00,2026-07-20 04:10:00,52347.0,52333.0,-10.5
Inside_Bar_Breakout(0.6),SHORT,2026-07-20 04:10:00,2026-07-20 20:50:00,52333.0,52080.0,123.0
Inside_Bar_Breakout(0.6),LONG,2026-07-20 20:50:00,2026-07-20 23:50:00,52080.0,52097.0,5.0
Inside_Bar_Breakout(0.6),SHORT,2026-07-20 23:50:00,2026-07-21 16:55:00,52097.0,52578.0,-244.0
Inside_Bar_Breakout(0.6),LONG,2026-07-21 16:55:00,2026-07-22 16:50:00,52578.0,52619.0,17.0
Inside_Bar_Breakout(0.6),SHORT,2026-07-22 16:50:00,2026-07-23 00:00:00,52619.0,52426.0,93.0
Inside_Bar_Breakout(0.6),LONG,2026-07-23 00:00:00,2026-07-23 03:05:00,52426.0,52434.0,0.5
Inside_Bar_Breakout(0.6),SHORT,2026-07-23 03:05:00,2026-07-23 23:00:00,52434.0,51891.0,268.0
Inside_Bar_Breakout(0.6),LONG,2026-07-23 23:00:00,2026-07-24 01:15:00,51891.0,51937.0,19.5
Inside_Bar_Breakout(0.6),SHORT,2026-07-24 01:15:00,2026-07-24 03:50:00,51937.0,51912.0,9.0
Inside_Bar_Breakout(0.6),LONG,2026-07-24 03:50:00,2026-07-24 04:45:00,51912.0,51895.0,-12.0
Inside_Bar_Breakout(0.6),SHORT,2026-07-24 04:45:00,2026-07-24 05:05:00,51895.0,51926.0,-19.0
Inside_Bar_Breakout(0.6),LONG,2026-07-24 05:05:00,2026-07-24 17:10:00,51926.0,52114.0,90.5
Inside_Bar_Breakout(0.6),SHORT,2026-07-24 17:10:00,2026-07-24 19:50:00,52114.0,52131.0,-12.0
Inside_Bar_Breakout(0.6),LONG,2026-07-24 19:50:00,2026-07-28 01:00:00,52131.0,52342.0,102.0
Inside_Bar_Breakout(0.6),SHORT,2026-07-28 01:00:00,2026-07-28 10:50:00,52342.0,52519.0,-92.0
Inside_Bar_Breakout(0.6),LONG,2026-07-28 10:50:00,2026-07-28 13:15:00,52519.0,52848.0,161.0
Inside_Bar_Breakout(0.6),SHORT,2026-07-28 13:15:00,2026-07-28 23:25:00,52848.0,52924.0,-41.5
Inside_Bar_Breakout(0.6),LONG,2026-07-28 23:25:00,2026-07-29 01:45:00,52924.0,52935.0,2.0
Inside_Bar_Breakout(0.6),SHORT,2026-07-29 01:45:00,2026-07-29 08:45:00,52935.0,53004.0,-38.0
Inside_Bar_Breakout(0.6),LONG,2026-07-29 08:45:00,2026-07-29 17:45:00,53004.0,52136.0,-437.5
Inside_Bar_Breakout(0.6),SHORT,2026-07-29 17:45:00,2026-07-31 04:50:00,52136.0,52626.0,-248.5
Inside_Bar_Breakout(0.6),LONG,2026-07-31 04:50:00,2026-07-31 11:15:00,52626.0,52684.0,25.5
Inside_Bar_Breakout(0.6),SHORT,2026-07-31 11:15:00,2026-08-03 10:25:00,52684.0,53055.0,-189.0
Inside_Bar_Breakout(0.6),LONG,2026-08-03 10:25:00,2026-08-04 03:45:00,53055.0,53473.0,205.5
Inside_Bar_Breakout(0.6),SHORT,2026-08-04 03:45:00,2026-08-04 08:20:00,53473.0,53430.0,18.0
Inside_Bar_Breakout(0.6),LONG,2026-08-04 08:20:00,2026-08-04 13:00:00,53430.0,53947.0,255.0
Inside_Bar_Breakout(0.6),SHORT,2026-08-04 13:00:00,2026-08-04 13:25:00,53947.0,54039.0,-49.5
Inside_Bar_Breakout(0.6),LONG,2026-08-04 13:25:00,2026-08-04 13:45:00,54039.0,53902.0,-72.0
Inside_Bar_Breakout(0.6),SHORT,2026-08-04 13:45:00,2026-08-04 22:20:00,53902.0,54371.0,-238.0
Inside_Bar_Breakout(0.6),LONG,2026-08-04 22:20:00,2026-08-04 23:25:00,54371.0,54370.0,-4.0
Inside_Bar_Breakout(0.6),SHORT,2026-08-04 23:25:00,2026-08-05 23:30:00,54370.0,54595.0,-116.0
Inside_Bar_Breakout(0.6),LONG,2026-08-05 23:30:00,2026-08-05 23:50:00,54595.0,54577.0,-12.5
Inside_Bar_Breakout(0.6),SHORT,2026-08-05 23:50:00,2026-08-06 02:45:00,54577.0,54609.0,-19.5
Inside_Bar_Breakout(0.6),LONG,2026-08-06 02:45:00,2026-08-06 05:35:00,54609.0,54607.0,-4.5
Inside_Bar_Breakout(0.6),SHORT,2026-08-06 05:35:00,2026-08-06 22:00:00,54607.0,54040.0,280.0
Inside_Bar_Breakout(0.6),LONG,2026-08-06 22:00:00,2026-08-07 02:35:00,54040.0,53907.0,-70.0
Inside_Bar_Breakout(0.6),SHORT,2026-08-07 02:35:00,2026-08-07 09:15:00,53907.0,54001.0,-50.5
Inside_Bar_Breakout(0.6),LONG,2026-08-07 09:15:00,2026-08-07 10:50:00,54001.0,54040.0,16.0
Inside_Bar_Breakout(0.6),SHORT,2026-08-07 10:50:00,2026-08-07 20:55:00,54040.0,54132.0,-49.5
Inside_Bar_Breakout(0.6),LONG,2026-08-07 20:55:00,2026-08-10 05:20:00,54132.0,54131.0,-4.0
Inside_Bar_Breakout(0.6),SHORT,2026-08-10 05:20:00,2026-08-10 05:35:00,54131.0,54142.0,-9.0
Inside_Bar_Breakout(0.6),LONG,2026-08-10 05:35:00,2026-08-10 07:50:00,54142.0,54128.0,-10.5
Inside_Bar_Breakout(0.6),SHORT,2026-08-10 07:50:00,2026-08-10 14:30:00,54128.0,54089.0,16.0
Inside_Bar_Breakout(0.6),LONG,2026-08-10 14:30:00,2026-08-11 02:00:00,54089.0,54027.0,-34.5
Inside_Bar_Breakout(0.6),SHORT,2026-08-11 02:00:00,2026-08-11 12:05:00,54027.0,54119.0,-49.5
Inside_Bar_Breakout(0.6),LONG,2026-08-11 12:05:00,2026-08-11 14:35:00,54119.0,54115.0,-5.5
Inside_Bar_Breakout(0.6),SHORT,2026-08-11 14:35:00,2026-08-12 02:05:00,54115.0,53869.0,119.5
Inside_Bar_Breakout(0.6),LONG,2026-08-12 02:05:00,2026-08-12 07:25:00,53869.0,53888.0,6.0
Inside_Bar_Breakout(0.6),SHORT,2026-08-12 07:25:00,2026-08-12 09:15:00,53888.0,53906.0,-12.5
Inside_Bar_Breakout(0.6),LONG,2026-08-12 09:15:00,2026-08-12 17:20:00,53906.0,53901.0,-6.0
Inside_Bar_Breakout(0.6),SHORT,2026-08-12 17:20:00,2026-08-12 22:20:00,53901.0,53886.0,4.0
Inside_Bar_Breakout(0.6),LONG,2026-08-12 22:20:00,2026-08-13 10:15:00,53886.0,53980.0,43.5
Inside_Bar_Breakout(0.6),SHORT,2026-08-13 10:15:00,2026-08-13 12:10:00,53980.0,54039.0,-33.0
Inside_Bar_Breakout(0.6),LONG,2026-08-13 12:10:00,2026-08-13 14:35:00,54039.0,54063.0,8.5
Inside_Bar_Breakout(0.6),SHORT,2026-08-13 14:35:00,2026-08-13 19:10:00,54063.0,53903.0,76.5
Inside_Bar_Breakout(0.6),LONG,2026-08-13 19:10:00,2026-08-13 22:15:00,53903.0,53940.0,15.0
Inside_Bar_Breakout(0.6),SHORT,2026-08-13 22:15:00,2026-08-14 00:20:00,53940.0,53962.0,-14.5
Inside_Bar_Breakout(0.6),LONG,2026-08-14 00:20:00,2026-08-16 22:35:00,53962.0,53825.0,-72.0
Opening_Range_Breakout(6),LONG,2026-05-31 22:50:00,2026-06-01 13:25:00,51088.0,50993.0,-51.0
Opening_Range_Breakout(6),SHORT,2026-06-01 13:25:00,2026-06-01 13:35:00,50993.0,50974.0,6.0
Opening_Range_Breakout(6),SHORT,2026-06-01 14:50:00,2026-06-01 17:45:00,50859.0,51057.0,-102.5
Opening_Range_Breakout(6),LONG,2026-06-01 17:45:00,2026-06-02 13:35:00,51057.0,51216.0,76.0
Opening_Range_Breakout(6),LONG,2026-06-02 15:20:00,2026-06-03 13:35:00,51311.0,51219.0,-49.5
Opening_Range_Breakout(6),SHORT,2026-06-03 14:20:00,2026-06-04 12:40:00,50965.0,51271.0,-156.5
Opening_Range_Breakout(6),LONG,2026-06-04 12:40:00,2026-06-04 13:35:00,51271.0,51303.0,12.5
Opening_Range_Breakout(6),LONG,2026-06-04 14:10:00,2026-06-05 13:35:00,51545.0,51648.0,48.0
Opening_Range_Breakout(6),SHORT,2026-06-05 15:25:00,2026-06-07 22:15:00,51438.0,50830.0,300.5
Opening_Range_Breakout(6),SHORT,2026-06-07 23:00:00,2026-06-08 10:35:00,50713.0,50923.0,-108.5
Opening_Range_Breakout(6),LONG,2026-06-08 10:35:00,2026-06-08 13:35:00,50923.0,51168.0,119.0
Opening_Range_Breakout(6),SHORT,2026-06-08 15:35:00,2026-06-09 13:35:00,50956.0,51148.0,-99.5
Opening_Range_Breakout(6),SHORT,2026-06-09 14:20:00,2026-06-10 13:35:00,50985.0,50569.0,204.5
Opening_Range_Breakout(6),SHORT,2026-06-10 14:55:00,2026-06-11 13:35:00,50513.0,50224.0,141.0
Opening_Range_Breakout(6),LONG,2026-06-11 17:30:00,2026-06-12 13:35:00,50632.0,51539.0,450.0
Opening_Range_Breakout(6),LONG,2026-06-12 14:55:00,2026-06-14 22:15:00,51686.0,51954.0,130.5
Opening_Range_Breakout(6),SHORT,2026-06-14 23:20:00,2026-06-15 00:15:00,51867.0,51981.0,-60.5
Opening_Range_Breakout(6),LONG,2026-06-15 00:15:00,2026-06-15 13:35:00,51981.0,52271.0,141.5
Opening_Range_Breakout(6),LONG,2026-06-15 15:50:00,2026-06-15 22:20:00,52327.0,52120.0,-107.0
Opening_Range_Breakout(6),SHORT,2026-06-15 22:20:00,2026-06-16 13:30:00,52120.0,52328.0,-107.5
Opening_Range_Breakout(6),LONG,2026-06-16 13:30:00,2026-06-16 13:35:00,52328.0,52526.0,95.5
Opening_Range_Breakout(6),LONG,2026-06-16 15:55:00,2026-06-17 13:35:00,52575.0,52513.0,-34.5
Opening_Range_Breakout(6),LONG,2026-06-17 14:05:00,2026-06-17 18:05:00,52681.0,52301.0,-193.5
Opening_Range_Breakout(6),SHORT,2026-06-17 18:05:00,2026-06-18 13:35:00,52301.0,52274.0,10.0
Opening_Range_Breakout(6),SHORT,2026-06-18 14:05:00,2026-06-21 22:05:00,52115.0,51837.0,135.5
Opening_Range_Breakout(6),LONG,2026-06-22 00:30:00,2026-06-22 13:35:00,51907.0,52210.0,148.0
Opening_Range_Breakout(6),SHORT,2026-06-23 06:40:00,2026-06-23 13:35:00,51885.0,51804.0,37.0
Opening_Range_Breakout(6),LONG,2026-06-23 14:15:00,2026-06-24 13:35:00,52123.0,52118.0,-6.0
Opening_Range_Breakout(6),LONG,2026-06-24 14:25:00,2026-06-25 13:35:00,52289.0,52587.0,145.5
Opening_Range_Breakout(6),LONG,2026-06-25 14:10:00,2026-06-25 17:45:00,52821.0,52409.0,-209.5
Opening_Range_Breakout(6),SHORT,2026-06-25 17:45:00,2026-06-26 13:35:00,52409.0,52113.0,144.5
Opening_Range_Breakout(6),LONG,2026-06-26 14:05:00,2026-06-28 22:15:00,52257.0,52335.0,35.5
Opening_Range_Breakout(6),LONG,2026-06-28 23:10:00,2026-06-29 01:20:00,52393.0,52300.0,-50.0
Opening_Range_Breakout(6),SHORT,2026-06-29 01:20:00,2026-06-29 02:40:00,52300.0,52363.0,-35.0
Opening_Range_Breakout(6),LONG,2026-06-29 02:40:00,2026-06-29 13:35:00,52363.0,52582.0,106.0
Opening_Range_Breakout(6),SHORT,2026-06-29 14:15:00,2026-06-30 11:10:00,52334.0,52693.0,-183.0
Opening_Range_Breakout(6),LONG,2026-06-30 11:10:00,2026-06-30 13:35:00,52693.0,52401.0,-149.5
Opening_Range_Breakout(6),LONG,2026-06-30 14:35:00,2026-07-01 13:35:00,52707.0,52416.0,-149.0
Opening_Range_Breakout(6),LONG,2026-07-01 14:10:00,2026-07-02 13:35:00,52698.0,52873.0,84.0
Opening_Range_Breakout(6),SHORT,2026-07-02 17:40:00,2026-07-02 19:55:00,52809.0,53142.0,-170.0
Opening_Range_Breakout(6),LONG,2026-07-02 19:55:00,2026-07-05 22:05:00,53142.0,53171.0,11.0
Opening_Range_Breakout(6),LONG,2026-07-05 23:55:00,2026-07-06 11:30:00,53234.0,53136.0,-52.5
Opening_Range_Breakout(6),SHORT,2026-07-06 11:30:00,2026-07-06 13:30:00,53136.0,53260.0,-65.5
Opening_Range_Breakout(6),LONG,2026-07-06 13:30:00,2026-07-06 13:35:00,53260.0,53348.0,40.5
Opening_Range_Breakout(6),SHORT,2026-07-06 14:05:00,2026-07-06 20:10:00,53026.0,53392.0,-186.5
Opening_Range_Breakout(6),LONG,2026-07-06 20:10:00,2026-07-07 13:35:00,53392.0,53503.0,52.0
Opening_Range_Breakout(6),SHORT,2026-07-07 14:15:00,2026-07-08 13:35:00,53261.0,52712.0,271.0
Opening_Range_Breakout(6),SHORT,2026-07-08 14:20:00,2026-07-09 13:35:00,52556.0,52602.0,-26.5
Opening_Range_Breakout(6),LONG,2026-07-09 14:40:00,2026-07-10 13:35:00,52761.0,52801.0,16.5
Opening_Range_Breakout(6),SHORT,2026-07-10 14:15:00,2026-07-10 17:50:00,52716.0,52920.0,-105.5
Opening_Range_Breakout(6),LONG,2026-07-10 17:50:00,2026-07-12 22:15:00,52920.0,52759.0,-84.0
Opening_Range_Breakout(6),LONG,2026-07-12 22:55:00,2026-07-13 01:05:00,52812.0,52752.0,-33.5
Opening_Range_Breakout(6),SHORT,2026-07-13 01:05:00,2026-07-13 06:50:00,52752.0,52814.0,-34.5
Opening_Range_Breakout(6),LONG,2026-07-13 06:50:00,2026-07-13 13:35:00,52814.0,53016.0,97.5
Opening_Range_Breakout(6),SHORT,2026-07-13 14:35:00,2026-07-14 13:35:00,52879.0,52661.0,105.5
Opening_Range_Breakout(6),LONG,2026-07-14 14:15:00,2026-07-15 13:35:00,52902.0,52916.0,3.5
Opening_Range_Breakout(6),SHORT,2026-07-15 16:25:00,2026-07-16 13:35:00,52690.0,52962.0,-139.5
Opening_Range_Breakout(6),SHORT,2026-07-16 16:25:00,2026-07-17 13:35:00,52846.0,52266.0,286.5
Opening_Range_Breakout(6),LONG,2026-07-17 14:10:00,2026-07-19 22:15:00,52761.0,52285.0,-241.5
Opening_Range_Breakout(6),LONG,2026-07-19 22:45:00,2026-07-20 13:35:00,52359.0,52512.0,73.0
Opening_Range_Breakout(6),SHORT,2026-07-20 14:10:00,2026-07-21 13:35:00,52262.0,52284.0,-14.5
Opening_Range_Breakout(6),LONG,2026-07-21 14:05:00,2026-07-22 13:35:00,52323.0,52520.0,95.0
Opening_Range_Breakout(6),SHORT,2026-07-22 22:40:00,2026-07-23 13:35:00,52355.0,52038.0,155.0
Opening_Range_Breakout(6),LONG,2026-07-24 07:30:00,2026-07-24 13:35:00,52107.0,51910.0,-102.0
Opening_Range_Breakout(6),SHORT,2026-07-24 14:45:00,2026-07-24 15:15:00,51880.0,52184.0,-155.5
Opening_Range_Breakout(6),LONG,2026-07-24 15:15:00,2026-07-26 22:15:00,52184.0,52378.0,93.5
Opening_Range_Breakout(6),SHORT,2026-07-26 22:50:00,2026-07-26 23:20:00,52354.0,52392.0,-22.5
Opening_Range_Breakout(6),LONG,2026-07-26 23:20:00,2026-07-27 01:25:00,52392.0,52358.0,-20.5
Opening_Range_Breakout(6),SHORT,2026-07-27 01:25:00,2026-07-27 01:50:00,52358.0,52398.0,-23.5
Opening_Range_Breakout(6),LONG,2026-07-27 01:50:00,2026-07-27 13:35:00,52398.0,52724.0,159.5
Opening_Range_Breakout(6),SHORT,2026-07-27 14:10:00,2026-07-28 12:10:00,52571.0,52798.0,-117.0
Opening_Range_Breakout(6),LONG,2026-07-28 12:10:00,2026-07-28 13:35:00,52798.0,52721.0,-42.0
Opening_Range_Breakout(6),LONG,2026-07-28 15:20:00,2026-07-29 12:20:00,52934.0,52590.0,-175.5
Opening_Range_Breakout(6),SHORT,2026-07-29 12:20:00,2026-07-29 13:35:00,52590.0,52476.0,53.5
Opening_Range_Breakout(6),SHORT,2026-07-29 14:05:00,2026-07-30 13:35:00,52265.0,51997.0,130.5
Opening_Range_Breakout(6),SHORT,2026-07-30 15:15:00,2026-07-30 16:15:00,51817.0,52160.0,-175.0
Opening_Range_Breakout(6),LONG,2026-07-30 16:15:00,2026-07-31 13:35:00,52160.0,52549.0,191.0
Opening_Range_Breakout(6),SHORT,2026-07-31 14:05:00,2026-07-31 17:25:00,52259.0,52657.0,-202.5
Opening_Range_Breakout(6),LONG,2026-07-31 17:25:00,2026-08-02 22:15:00,52657.0,52840.0,88.0
Opening_Range_Breakout(6),SHORT,2026-08-02 22:50:00,2026-08-03 01:30:00,52820.0,52870.0,-28.5
Opening_Range_Breakout(6),LONG,2026-08-03 01:30:00,2026-08-03 13:35:00,52870.0,53242.0,182.5
Opening_Range_Breakout(6),LONG,2026-08-03 14:05:00,2026-08-03 16:55:00,53349.0,53091.0,-132.5
Opening_Range_Breakout(6),SHORT,2026-08-03 16:55:00,2026-08-03 19:15:00,53091.0,53319.0,-117.5
Opening_Range_Breakout(6),LONG,2026-08-03 19:15:00,2026-08-04 13:35:00,53319.0,54021.0,347.5
Opening_Range_Breakout(6),LONG,2026-08-04 15:00:00,2026-08-05 13:35:00,54130.0,54691.0,277.0
Opening_Range_Breakout(6),SHORT,2026-08-05 20:00:00,2026-08-06 13:35:00,54486.0,54516.0,-18.5
Opening_Range_Breakout(6),SHORT,2026-08-06 14:25:00,2026-08-07 13:35:00,54408.0,53947.0,227.0
Opening_Range_Breakout(6),LONG,2026-08-07 14:30:00,2026-08-09 22:15:00,54195.0,54021.0,-90.5
Opening_Range_Breakout(6),LONG,2026-08-10 01:05:00,2026-08-10 13:35:00,54067.0,54060.0,-7.0
Opening_Range_Breakout(6),LONG,2026-08-10 14:50:00,2026-08-10 18:35:00,54147.0,53959.0,-97.5
Opening_Range_Breakout(6),SHORT,2026-08-10 18:35:00,2026-08-11 12:15:00,53959.0,54136.0,-92.0
Opening_Range_Breakout(6),LONG,2026-08-11 12:15:00,2026-08-11 13:35:00,54136.0,54177.0,17.0
Opening_Range_Breakout(6),SHORT,2026-08-11 14:40:00,2026-08-12 13:35:00,54097.0,53977.0,56.5
Opening_Range_Breakout(6),SHORT,2026-08-12 14:10:00,2026-08-13 13:35:00,53855.0,53971.0,-61.5
Opening_Range_Breakout(6),LONG,2026-08-13 14:05:00,2026-08-13 15:05:00,54082.0,53906.0,-91.5
Opening_Range_Breakout(6),SHORT,2026-08-13 15:05:00,2026-08-14 13:35:00,53906.0,53897.0,1.0
Opening_Range_Breakout(6),SHORT,2026-08-14 17:00:00,2026-08-16 22:15:00,53757.0,53827.0,-38.5
Opening_Range_Breakout(6),SHORT,2026-08-16 23:05:00,2026-08-17 13:35:00,53817.0,53624.0,93.0
