strategy,direction,entry_time,exit_time,entry_price,exit_price,net_pnl
MA_Crossover(10/50),SHORT,2026-08-04 04:10:00,2026-08-04 04:20:00,28989.25,29006.5,-36.5
MA_Crossover(10/50),LONG,2026-08-04 04:20:00,2026-08-04 05:07:00,29006.5,28999.25,-16.5
MA_Crossover(10/50),SHORT,2026-08-04 05:07:00,2026-08-04 05:22:00,28999.25,29010.5,-24.5
MA_Crossover(10/50),LONG,2026-08-04 05:22:00,2026-08-04 06:38:00,29010.5,29058.0,93.0
MA_Crossover(10/50),SHORT,2026-08-04 06:38:00,2026-08-04 07:02:00,29058.0,29093.25,-72.5
MA_Crossover(10/50),LONG,2026-08-04 07:02:00,2026-08-04 07:12:00,29093.25,29051.25,-86.0
MA_Crossover(10/50),SHORT,2026-08-04 07:12:00,2026-08-04 07:17:00,29051.25,29086.0,-71.5
MA_Crossover(10/50),LONG,2026-08-04 07:17:00,2026-08-04 07:57:00,29086.0,29068.75,-36.5
MA_Crossover(10/50),SHORT,2026-08-04 07:57:00,2026-08-04 08:03:00,29068.75,29098.75,-62.0
MA_Crossover(10/50),LONG,2026-08-04 08:03:00,2026-08-04 08:34:00,29098.75,29075.75,-48.0
MA_Crossover(10/50),SHORT,2026-08-04 08:34:00,2026-08-04 09:36:00,29075.75,29054.75,40.0
MA_Crossover(10/50),LONG,2026-08-04 09:36:00,2026-08-04 12:49:00,29054.75,29198.75,286.0
MA_Crossover(10/50),SHORT,2026-08-04 12:49:00,2026-08-04 13:04:00,29198.75,29222.25,-49.0
MA_Crossover(10/50),LONG,2026-08-04 13:04:00,2026-08-04 19:54:00,29222.25,29892.75,1339.0
MA_Crossover(10/50),SHORT,2026-08-04 19:54:00,2026-08-04 20:10:00,29892.75,29913.25,-43.0
MA_Crossover(10/50),LONG,2026-08-04 20:10:00,2026-08-04 20:13:00,29913.25,29899.5,-29.5
MA_Crossover(10/50),SHORT,2026-08-04 20:13:00,2026-08-04 20:14:00,29899.5,29906.5,-16.0
MA_Crossover(10/50),LONG,2026-08-04 20:14:00,2026-08-04 20:16:00,29906.5,29825.75,-163.5
MA_Crossover(10/50),SHORT,2026-08-04 20:16:00,2026-08-04 22:11:00,29825.75,29826.25,-3.0
MA_Crossover(10/50),LONG,2026-08-04 22:11:00,2026-08-04 22:43:00,29826.25,29813.5,-27.5
MA_Crossover(10/50),SHORT,2026-08-04 22:43:00,2026-08-04 23:04:00,29813.5,29826.75,-28.5
MA_Crossover(10/50),LONG,2026-08-04 23:04:00,2026-08-04 23:31:00,29826.75,29821.75,-12.0
MA_Crossover(10/50),SHORT,2026-08-04 23:31:00,2026-08-04 23:44:00,29821.75,29840.0,-38.5
MA_Crossover(10/50),LONG,2026-08-04 23:44:00,2026-08-05 00:46:00,29840.0,29841.0,0.0
MA_Crossover(10/50),SHORT,2026-08-05 00:46:00,2026-08-05 01:12:00,29841.0,29858.75,-37.5
MA_Crossover(10/50),LONG,2026-08-05 01:12:00,2026-08-05 01:16:00,29858.75,29827.5,-64.5
MA_Crossover(10/50),SHORT,2026-08-05 01:16:00,2026-08-05 01:44:00,29827.5,29839.25,-25.5
MA_Crossover(10/50),LONG,2026-08-05 01:44:00,2026-08-05 02:30:00,29839.25,29854.5,28.5
MA_Crossover(10/50),SHORT,2026-08-05 02:30:00,2026-08-05 02:48:00,29854.5,29858.5,-10.0
MA_Crossover(10/50),LONG,2026-08-05 02:48:00,2026-08-05 03:31:00,29858.5,29862.0,5.0
MA_Crossover(10/50),SHORT,2026-08-05 03:31:00,2026-08-05 03:40:00,29862.0,29876.5,-31.0
MA_Crossover(10/50),LONG,2026-08-05 03:40:00,2026-08-05 04:20:00,29876.5,29873.0,-9.0
MA_Crossover(10/50),SHORT,2026-08-05 04:20:00,2026-08-05 04:35:00,29873.0,29888.75,-33.5
MA_Crossover(10/50),LONG,2026-08-05 04:35:00,2026-08-05 06:24:00,29888.75,29934.5,89.5
MA_Crossover(10/50),SHORT,2026-08-05 06:24:00,2026-08-05 06:53:00,29934.5,29953.0,-39.0
MA_Crossover(10/50),LONG,2026-08-05 06:53:00,2026-08-05 07:14:00,29953.0,29946.0,-16.0
MA_Crossover(10/50),SHORT,2026-08-05 07:14:00,2026-08-05 09:08:00,29946.0,29849.75,190.5
MA_Crossover(10/50),LONG,2026-08-05 09:08:00,2026-08-05 09:16:00,29849.75,29821.25,-59.0
MA_Crossover(10/50),SHORT,2026-08-05 09:16:00,2026-08-05 09:25:00,29821.25,29850.0,-59.5
MA_Crossover(10/50),LONG,2026-08-05 09:25:00,2026-08-05 10:11:00,29850.0,29843.5,-15.0
MA_Crossover(10/50),SHORT,2026-08-05 10:11:00,2026-08-05 10:32:00,29843.5,29865.0,-45.0
MA_Crossover(10/50),LONG,2026-08-05 10:32:00,2026-08-05 10:46:00,29865.0,29839.25,-53.5
MA_Crossover(10/50),SHORT,2026-08-05 10:46:00,2026-08-05 10:56:00,29839.25,29869.25,-62.0
MA_Crossover(10/50),LONG,2026-08-05 10:56:00,2026-08-05 12:07:00,29869.25,29898.25,56.0
MA_Crossover(10/50),SHORT,2026-08-05 12:07:00,2026-08-05 12:17:00,29898.25,29915.25,-36.0
MA_Crossover(10/50),LONG,2026-08-05 12:17:00,2026-08-05 12:57:00,29915.25,29913.75,-5.0
MA_Crossover(10/50),SHORT,2026-08-05 12:57:00,2026-08-05 13:03:00,29913.75,29941.0,-56.5
MA_Crossover(10/50),LONG,2026-08-05 13:03:00,2026-08-05 13:18:00,29941.0,29919.25,-45.5
MA_Crossover(10/50),SHORT,2026-08-05 13:18:00,2026-08-05 13:29:00,29919.25,29961.5,-86.5
MA_Crossover(10/50),LONG,2026-08-05 13:29:00,2026-08-05 14:06:00,29961.5,29978.5,32.0
MA_Crossover(10/50),SHORT,2026-08-05 14:06:00,2026-08-05 14:07:00,29978.5,29989.25,-23.5
MA_Crossover(10/50),LONG,2026-08-05 14:07:00,2026-08-05 14:21:00,29989.25,29956.0,-68.5
MA_Crossover(10/50),SHORT,2026-08-05 14:21:00,2026-08-05 16:27:00,29956.0,29807.75,294.5
MA_Crossover(10/50),LONG,2026-08-05 16:27:00,2026-08-05 17:07:00,29807.75,29761.5,-94.5
MA_Crossover(10/50),SHORT,2026-08-05 17:07:00,2026-08-05 18:05:00,29761.5,29781.0,-41.0
MA_Crossover(10/50),LONG,2026-08-05 18:05:00,2026-08-05 18:31:00,29781.0,29748.0,-68.0
MA_Crossover(10/50),SHORT,2026-08-05 18:31:00,2026-08-05 19:06:00,29748.0,29773.0,-52.0
MA_Crossover(10/50),LONG,2026-08-05 19:06:00,2026-08-05 19:32:00,29773.0,29743.25,-61.5
MA_Crossover(10/50),SHORT,2026-08-05 19:32:00,2026-08-05 22:22:00,29743.25,29609.75,265.0
MA_Crossover(10/50),LONG,2026-08-05 22:22:00,2026-08-05 23:00:00,29609.75,29622.75,24.0
MA_Crossover(10/50),SHORT,2026-08-05 23:00:00,2026-08-05 23:22:00,29622.75,29636.5,-29.5
MA_Crossover(10/50),LONG,2026-08-05 23:22:00,2026-08-05 23:33:00,29636.5,29602.25,-70.5
MA_Crossover(10/50),SHORT,2026-08-05 23:33:00,2026-08-06 00:26:00,29602.25,29604.5,-6.5
MA_Crossover(10/50),LONG,2026-08-06 00:26:00,2026-08-06 00:27:00,29604.5,29572.0,-67.0
MA_Crossover(10/50),SHORT,2026-08-06 00:27:00,2026-08-06 01:54:00,29572.0,29514.75,112.5
MA_Crossover(10/50),LONG,2026-08-06 01:54:00,2026-08-06 02:03:00,29514.75,29505.25,-21.0
MA_Crossover(10/50),SHORT,2026-08-06 02:03:00,2026-08-06 02:07:00,29505.25,29510.75,-13.0
MA_Crossover(10/50),LONG,2026-08-06 02:07:00,2026-08-06 03:18:00,29510.75,29562.5,101.5
MA_Crossover(10/50),SHORT,2026-08-06 03:18:00,2026-08-06 03:51:00,29562.5,29565.25,-7.5
MA_Crossover(10/50),LONG,2026-08-06 03:51:00,2026-08-06 03:53:00,29565.25,29559.5,-13.5
MA_Crossover(10/50),SHORT,2026-08-06 03:53:00,2026-08-06 04:10:00,29559.5,29566.5,-16.0
MA_Crossover(10/50),LONG,2026-08-06 04:10:00,2026-08-06 04:40:00,29566.5,29550.0,-35.0
MA_Crossover(10/50),SHORT,2026-08-06 04:40:00,2026-08-06 04:59:00,29550.0,29567.25,-36.5
MA_Crossover(10/50),LONG,2026-08-06 04:59:00,2026-08-06 05:34:00,29567.25,29557.0,-22.5
MA_Crossover(10/50),SHORT,2026-08-06 05:34:00,2026-08-06 07:07:00,29557.0,29546.5,19.0
MA_Crossover(10/50),LONG,2026-08-06 07:07:00,2026-08-06 07:37:00,29546.5,29523.0,-49.0
MA_Crossover(10/50),SHORT,2026-08-06 07:37:00,2026-08-06 08:31:00,29523.0,29513.25,17.5
MA_Crossover(10/50),LONG,2026-08-06 08:31:00,2026-08-06 08:50:00,29513.25,29500.0,-28.5
MA_Crossover(10/50),SHORT,2026-08-06 08:50:00,2026-08-06 08:51:00,29500.0,29503.75,-9.5
MA_Crossover(10/50),LONG,2026-08-06 08:51:00,2026-08-06 08:52:00,29503.75,29496.25,-17.0
MA_Crossover(10/50),SHORT,2026-08-06 08:52:00,2026-08-06 08:53:00,29496.25,29516.75,-43.0
MA_Crossover(10/50),LONG,2026-08-06 08:53:00,2026-08-06 09:03:00,29516.75,29483.75,-68.0
MA_Crossover(10/50),SHORT,2026-08-06 09:03:00,2026-08-06 09:41:00,29483.75,29490.75,-16.0
MA_Crossover(10/50),LONG,2026-08-06 09:41:00,2026-08-06 10:37:00,29490.75,29495.0,6.5
MA_Crossover(10/50),SHORT,2026-08-06 10:37:00,2026-08-06 11:28:00,29495.0,29464.0,60.0
MA_Crossover(10/50),LONG,2026-08-06 11:28:00,2026-08-06 11:52:00,29464.0,29444.75,-40.5
MA_Crossover(10/50),SHORT,2026-08-06 11:52:00,2026-08-06 12:37:00,29444.75,29447.75,-8.0
MA_Crossover(10/50),LONG,2026-08-06 12:37:00,2026-08-06 12:45:00,29447.75,29431.0,-35.5
MA_Crossover(10/50),SHORT,2026-08-06 12:45:00,2026-08-06 13:41:00,29431.0,29439.0,-18.0
MA_Crossover(10/50),LONG,2026-08-06 13:41:00,2026-08-06 14:54:00,29439.0,29562.25,244.5
MA_Crossover(10/50),SHORT,2026-08-06 14:54:00,2026-08-06 14:55:00,29562.25,29616.0,-109.5
MA_Crossover(10/50),LONG,2026-08-06 14:55:00,2026-08-06 15:23:00,29616.0,29585.0,-64.0
MA_Crossover(10/50),SHORT,2026-08-06 15:23:00,2026-08-06 16:53:00,29585.0,29526.5,115.0
MA_Crossover(10/50),LONG,2026-08-06 16:53:00,2026-08-06 17:40:00,29526.5,29513.75,-27.5
MA_Crossover(10/50),SHORT,2026-08-06 17:40:00,2026-08-06 18:01:00,29513.75,29533.25,-41.0
MA_Crossover(10/50),LONG,2026-08-06 18:01:00,2026-08-06 18:03:00,29533.25,29516.25,-36.0
MA_Crossover(10/50),SHORT,2026-08-06 18:03:00,2026-08-06 18:05:00,29516.25,29531.0,-31.5
MA_Crossover(10/50),LONG,2026-08-06 18:05:00,2026-08-06 18:39:00,29531.0,29519.25,-25.5
MA_Crossover(10/50),SHORT,2026-08-06 18:39:00,2026-08-06 19:04:00,29519.25,29549.5,-62.5
MA_Crossover(10/50),LONG,2026-08-06 19:04:00,2026-08-06 19:25:00,29549.5,29509.5,-82.0
MA_Crossover(10/50),SHORT,2026-08-06 19:25:00,2026-08-06 20:03:00,29509.5,29526.5,-36.0
MA_Crossover(10/50),LONG,2026-08-06 20:03:00,2026-08-06 20:23:00,29526.5,29510.0,-35.0
MA_Crossover(10/50),SHORT,2026-08-06 20:23:00,2026-08-06 22:03:00,29510.0,29512.25,-6.5
MA_Crossover(10/50),LONG,2026-08-06 22:03:00,2026-08-07 00:15:00,29512.25,29573.5,120.5
MA_Crossover(10/50),SHORT,2026-08-07 00:15:00,2026-08-07 00:58:00,29573.5,29569.0,7.0
MA_Crossover(10/50),LONG,2026-08-07 00:58:00,2026-08-07 01:14:00,29569.0,29520.0,-100.0
MA_Crossover(10/50),SHORT,2026-08-07 01:14:00,2026-08-07 01:33:00,29520.0,29574.75,-111.5
MA_Crossover(10/50),LONG,2026-08-07 01:33:00,2026-08-07 01:39:00,29574.75,29512.0,-127.5
MA_Crossover(10/50),SHORT,2026-08-07 01:39:00,2026-08-07 02:02:00,29512.0,29530.0,-38.0
MA_Crossover(10/50),LONG,2026-08-07 02:02:00,2026-08-07 02:11:00,29530.0,29493.25,-75.5
MA_Crossover(10/50),SHORT,2026-08-07 02:11:00,2026-08-07 02:16:00,29493.25,29538.25,-92.0
MA_Crossover(10/50),LONG,2026-08-07 02:16:00,2026-08-07 02:28:00,29538.25,29522.5,-33.5
MA_Crossover(10/50),SHORT,2026-08-07 02:28:00,2026-08-07 02:52:00,29522.5,29528.5,-14.0
MA_Crossover(10/50),LONG,2026-08-07 02:52:00,2026-08-07 03:18:00,29528.5,29516.75,-25.5
MA_Crossover(10/50),SHORT,2026-08-07 03:18:00,2026-08-07 04:26:00,29516.75,29507.25,17.0
MA_Crossover(10/50),LONG,2026-08-07 04:26:00,2026-08-07 04:44:00,29507.25,29497.0,-22.5
MA_Crossover(10/50),SHORT,2026-08-07 04:44:00,2026-08-07 04:57:00,29497.0,29511.0,-30.0
MA_Crossover(10/50),LONG,2026-08-07 04:57:00,2026-08-07 05:46:00,29511.0,29526.75,29.5
MA_Crossover(10/50),SHORT,2026-08-07 05:46:00,2026-08-07 06:06:00,29526.75,29544.0,-36.5
MA_Crossover(10/50),LONG,2026-08-07 06:06:00,2026-08-07 06:46:00,29544.0,29543.75,-2.5
MA_Crossover(10/50),SHORT,2026-08-07 06:46:00,2026-08-07 07:08:00,29543.75,29573.5,-61.5
MA_Crossover(10/50),LONG,2026-08-07 07:08:00,2026-08-07 07:53:00,29573.5,29564.5,-20.0
MA_Crossover(10/50),SHORT,2026-08-07 07:53:00,2026-08-07 07:56:00,29564.5,29580.0,-33.0
MA_Crossover(10/50),LONG,2026-08-07 07:56:00,2026-08-07 09:45:00,29580.0,29629.5,97.0
MA_Crossover(10/50),SHORT,2026-08-07 09:45:00,2026-08-07 10:42:00,29629.5,29618.75,19.5
MA_Crossover(10/50),LONG,2026-08-07 10:42:00,2026-08-07 10:54:00,29618.75,29605.25,-29.0
MA_Crossover(10/50),SHORT,2026-08-07 10:54:00,2026-08-07 11:02:00,29605.25,29632.25,-56.0
MA_Crossover(10/50),LONG,2026-08-07 11:02:00,2026-08-07 11:57:00,29632.25,29633.5,0.5
MA_Crossover(10/50),SHORT,2026-08-07 11:57:00,2026-08-07 12:07:00,29633.5,29647.5,-30.0
MA_Crossover(10/50),LONG,2026-08-07 12:07:00,2026-08-07 12:09:00,29647.5,29636.25,-24.5
MA_Crossover(10/50),SHORT,2026-08-07 12:09:00,2026-08-07 12:12:00,29636.25,29654.75,-39.0
MA_Crossover(10/50),LONG,2026-08-07 12:12:00,2026-08-07 13:14:00,29654.75,29745.0,178.5
MA_Crossover(10/50),SHORT,2026-08-07 13:14:00,2026-08-07 13:35:00,29745.0,29804.75,-121.5
MA_Crossover(10/50),LONG,2026-08-07 13:35:00,2026-08-07 13:38:00,29804.75,29730.75,-150.0
MA_Crossover(10/50),SHORT,2026-08-07 13:38:00,2026-08-07 13:39:00,29730.75,29766.5,-73.5
MA_Crossover(10/50),LONG,2026-08-07 13:39:00,2026-08-07 13:40:00,29766.5,29732.75,-69.5
MA_Crossover(10/50),SHORT,2026-08-07 13:40:00,2026-08-07 13:45:00,29732.75,29786.75,-110.0
MA_Crossover(10/50),LONG,2026-08-07 13:45:00,2026-08-07 13:49:00,29786.75,29745.75,-84.0
MA_Crossover(10/50),SHORT,2026-08-07 13:49:00,2026-08-07 13:50:00,29745.75,29773.75,-58.0
MA_Crossover(10/50),LONG,2026-08-07 13:50:00,2026-08-07 13:57:00,29773.75,29695.75,-158.0
MA_Crossover(10/50),SHORT,2026-08-07 13:57:00,2026-08-07 14:26:00,29695.75,29750.0,-110.5
MA_Crossover(10/50),LONG,2026-08-07 14:26:00,2026-08-07 14:42:00,29750.0,29700.0,-102.0
MA_Crossover(10/50),SHORT,2026-08-07 14:42:00,2026-08-07 14:51:00,29700.0,29720.0,-42.0
MA_Crossover(10/50),LONG,2026-08-07 14:51:00,2026-08-07 14:52:00,29720.0,29694.75,-52.5
MA_Crossover(10/50),SHORT,2026-08-07 14:52:00,2026-08-07 15:00:00,29694.75,29720.25,-53.0
MA_Crossover(10/50),LONG,2026-08-07 15:00:00,2026-08-07 16:21:00,29720.25,29800.0,157.5
MA_Crossover(10/50),SHORT,2026-08-07 16:21:00,2026-08-07 17:10:00,29800.0,29765.25,67.5
MA_Crossover(10/50),LONG,2026-08-07 17:10:00,2026-08-07 17:13:00,29765.25,29742.75,-47.0
MA_Crossover(10/50),SHORT,2026-08-07 17:13:00,2026-08-07 17:58:00,29742.75,29757.0,-30.5
MA_Crossover(10/50),LONG,2026-08-07 17:58:00,2026-08-07 18:00:00,29757.0,29743.25,-29.5
MA_Crossover(10/50),SHORT,2026-08-07 18:00:00,2026-08-07 18:02:00,29743.25,29753.75,-23.0
MA_Crossover(10/50),LONG,2026-08-07 18:02:00,2026-08-07 18:06:00,29753.75,29739.5,-30.5
MA_Crossover(10/50),SHORT,2026-08-07 18:06:00,2026-08-07 19:01:00,29739.5,29739.25,-1.5
MA_Crossover(10/50),LONG,2026-08-07 19:01:00,2026-08-09 23:34:00,29739.25,29840.75,201.0
MA_Crossover(10/50),SHORT,2026-08-09 23:34:00,2026-08-09 23:43:00,29840.75,29857.0,-34.5
MA_Crossover(10/50),LONG,2026-08-09 23:43:00,2026-08-09 23:58:00,29857.0,29833.5,-49.0
MA_Crossover(10/50),SHORT,2026-08-09 23:58:00,2026-08-10 00:09:00,29833.5,29881.0,-97.0
MA_Crossover(10/50),LONG,2026-08-10 00:09:00,2026-08-10 00:27:00,29881.0,29850.5,-63.0
MA_Crossover(10/50),SHORT,2026-08-10 00:27:00,2026-08-10 01:14:00,29850.5,29842.0,15.0
MA_Crossover(10/50),LONG,2026-08-10 01:14:00,2026-08-10 02:17:00,29842.0,29860.25,34.5
MA_Crossover(10/50),SHORT,2026-08-10 02:17:00,2026-08-10 02:41:00,29860.25,29883.0,-47.5
MA_Crossover(10/50),LONG,2026-08-10 02:41:00,2026-08-10 03:10:00,29883.0,29875.75,-16.5
MA_Crossover(10/50),SHORT,2026-08-10 03:10:00,2026-08-10 03:19:00,29875.75,29890.0,-30.5
MA_Crossover(10/50),LONG,2026-08-10 03:19:00,2026-08-10 03:28:00,29890.0,29875.5,-31.0
MA_Crossover(10/50),SHORT,2026-08-10 03:28:00,2026-08-10 03:30:00,29875.5,29880.0,-11.0
MA_Crossover(10/50),LONG,2026-08-10 03:30:00,2026-08-10 03:31:00,29880.0,29876.0,-10.0
MA_Crossover(10/50),SHORT,2026-08-10 03:31:00,2026-08-10 03:35:00,29876.0,29888.75,-27.5
MA_Crossover(10/50),LONG,2026-08-10 03:35:00,2026-08-10 03:57:00,29888.75,29878.0,-23.5
MA_Crossover(10/50),SHORT,2026-08-10 03:57:00,2026-08-10 04:11:00,29878.0,29891.75,-29.5
MA_Crossover(10/50),LONG,2026-08-10 04:11:00,2026-08-10 04:39:00,29891.75,29886.5,-12.5
MA_Crossover(10/50),SHORT,2026-08-10 04:39:00,2026-08-10 04:49:00,29886.5,29892.0,-13.0
MA_Crossover(10/50),LONG,2026-08-10 04:49:00,2026-08-10 04:56:00,29892.0,29881.5,-23.0
MA_Crossover(10/50),SHORT,2026-08-10 04:56:00,2026-08-10 05:06:00,29881.5,29906.5,-52.0
MA_Crossover(10/50),LONG,2026-08-10 05:06:00,2026-08-10 05:50:00,29906.5,29904.25,-6.5
MA_Crossover(10/50),SHORT,2026-08-10 05:50:00,2026-08-10 05:51:00,29904.25,29914.5,-22.5
MA_Crossover(10/50),LONG,2026-08-10 05:51:00,2026-08-10 06:28:00,29914.5,29910.75,-9.5
MA_Crossover(10/50),SHORT,2026-08-10 06:28:00,2026-08-10 07:20:00,29910.75,29932.0,-44.5
MA_Crossover(10/50),LONG,2026-08-10 07:20:00,2026-08-10 08:29:00,29932.0,29948.75,31.5
MA_Crossover(10/50),SHORT,2026-08-10 08:29:00,2026-08-10 08:36:00,29948.75,29967.25,-39.0
MA_Crossover(10/50),LONG,2026-08-10 08:36:00,2026-08-10 08:49:00,29967.25,29954.25,-28.0
MA_Crossover(10/50),SHORT,2026-08-10 08:49:00,2026-08-10 08:53:00,29954.25,29960.5,-14.5
MA_Crossover(10/50),LONG,2026-08-10 08:53:00,2026-08-10 09:36:00,29960.5,29964.0,5.0
MA_Crossover(10/50),SHORT,2026-08-10 09:36:00,2026-08-10 11:33:00,29964.0,29911.75,102.5
MA_Crossover(10/50),LONG,2026-08-10 11:33:00,2026-08-10 11:42:00,29911.75,29890.0,-45.5
MA_Crossover(10/50),SHORT,2026-08-10 11:42:00,2026-08-10 13:19:00,29890.0,29817.0,144.0
MA_Crossover(10/50),LONG,2026-08-10 13:19:00,2026-08-10 13:23:00,29817.0,29795.25,-45.5
MA_Crossover(10/50),SHORT,2026-08-10 13:23:00,2026-08-10 13:24:00,29795.25,29818.0,-47.5
MA_Crossover(10/50),LONG,2026-08-10 13:24:00,2026-08-10 13:28:00,29818.0,29793.75,-50.5
MA_Crossover(10/50),SHORT,2026-08-10 13:28:00,2026-08-10 13:31:00,29793.75,29824.25,-63.0
MA_Crossover(10/50),LONG,2026-08-10 13:31:00,2026-08-10 13:35:00,29824.25,29741.25,-168.0
MA_Crossover(10/50),SHORT,2026-08-10 13:35:00,2026-08-10 13:52:00,29741.25,29802.75,-125.0
MA_Crossover(10/50),LONG,2026-08-10 13:52:00,2026-08-10 13:54:00,29802.75,29775.0,-57.5
MA_Crossover(10/50),SHORT,2026-08-10 13:54:00,2026-08-10 14:01:00,29775.0,29804.75,-61.5
MA_Crossover(10/50),LONG,2026-08-10 14:01:00,2026-08-10 14:54:00,29804.75,29808.75,6.0
MA_Crossover(10/50),SHORT,2026-08-10 14:54:00,2026-08-10 15:48:00,29808.75,29801.5,12.5
MA_Crossover(10/50),LONG,2026-08-10 15:48:00,2026-08-10 16:31:00,29801.5,29807.25,9.5
MA_Crossover(10/50),SHORT,2026-08-10 16:31:00,2026-08-10 17:10:00,29807.25,29802.25,8.0
MA_Crossover(10/50),LONG,2026-08-10 17:10:00,2026-08-10 17:37:00,29802.25,29780.5,-45.5
MA_Crossover(10/50),SHORT,2026-08-10 17:37:00,2026-08-10 18:43:00,29780.5,29772.0,15.0
MA_Crossover(10/50),LONG,2026-08-10 18:43:00,2026-08-10 19:42:00,29772.0,29774.25,2.5
MA_Crossover(10/50),SHORT,2026-08-10 19:42:00,2026-08-10 20:46:00,29774.25,29760.5,25.5
MA_Crossover(10/50),LONG,2026-08-10 20:46:00,2026-08-10 22:18:00,29760.5,29756.25,-10.5
MA_Crossover(10/50),SHORT,2026-08-10 22:18:00,2026-08-11 00:13:00,29756.25,29749.5,11.5
MA_Crossover(10/50),LONG,2026-08-11 00:13:00,2026-08-11 02:22:00,29749.5,29814.75,128.5
MA_Crossover(10/50),SHORT,2026-08-11 02:22:00,2026-08-11 02:28:00,29814.75,29820.25,-13.0
MA_Crossover(10/50),LONG,2026-08-11 02:28:00,2026-08-11 02:58:00,29820.25,29816.25,-10.0
MA_Crossover(10/50),SHORT,2026-08-11 02:58:00,2026-08-11 03:23:00,29816.25,29832.25,-34.0
MA_Crossover(10/50),LONG,2026-08-11 03:23:00,2026-08-11 04:50:00,29832.25,29841.75,17.0
MA_Crossover(10/50),SHORT,2026-08-11 04:50:00,2026-08-11 05:11:00,29841.75,29843.75,-6.0
MA_Crossover(10/50),LONG,2026-08-11 05:11:00,2026-08-11 05:20:00,29843.75,29828.0,-33.5
MA_Crossover(10/50),SHORT,2026-08-11 05:20:00,2026-08-11 06:12:00,29828.0,29822.25,9.5
MA_Crossover(10/50),LONG,2026-08-11 06:12:00,2026-08-11 06:19:00,29822.25,29805.75,-35.0
MA_Crossover(10/50),SHORT,2026-08-11 06:19:00,2026-08-11 07:35:00,29805.75,29772.5,64.5
MA_Crossover(10/50),LONG,2026-08-11 07:35:00,2026-08-11 08:12:00,29772.5,29754.0,-39.0
MA_Crossover(10/50),SHORT,2026-08-11 08:12:00,2026-08-11 08:47:00,29754.0,29755.25,-4.5
MA_Crossover(10/50),LONG,2026-08-11 08:47:00,2026-08-11 09:03:00,29755.25,29738.25,-36.0
MA_Crossover(10/50),SHORT,2026-08-11 09:03:00,2026-08-11 09:19:00,29738.25,29758.5,-42.5
MA_Crossover(10/50),LONG,2026-08-11 09:19:00,2026-08-11 10:07:00,29758.5,29756.25,-6.5
MA_Crossover(10/50),SHORT,2026-08-11 10:07:00,2026-08-11 10:20:00,29756.25,29773.25,-36.0
MA_Crossover(10/50),LONG,2026-08-11 10:20:00,2026-08-11 11:31:00,29773.25,29831.75,115.0
MA_Crossover(10/50),SHORT,2026-08-11 11:31:00,2026-08-11 12:00:00,29831.75,29832.75,-4.0
MA_Crossover(10/50),LONG,2026-08-11 12:00:00,2026-08-11 12:01:00,29832.75,29825.5,-16.5
MA_Crossover(10/50),SHORT,2026-08-11 12:01:00,2026-08-11 12:06:00,29825.5,29839.25,-29.5
MA_Crossover(10/50),LONG,2026-08-11 12:06:00,2026-08-11 12:27:00,29839.25,29827.5,-25.5
MA_Crossover(10/50),SHORT,2026-08-11 12:27:00,2026-08-11 12:38:00,29827.5,29855.0,-57.0
MA_Crossover(10/50),LONG,2026-08-11 12:38:00,2026-08-11 12:53:00,29855.0,29831.0,-50.0
MA_Crossover(10/50),SHORT,2026-08-11 12:53:00,2026-08-11 13:02:00,29831.0,29845.0,-30.0
MA_Crossover(10/50),LONG,2026-08-11 13:02:00,2026-08-11 13:13:00,29845.0,29825.75,-40.5
MA_Crossover(10/50),SHORT,2026-08-11 13:13:00,2026-08-11 14:07:00,29825.75,29779.5,90.5
MA_Crossover(10/50),LONG,2026-08-11 14:07:00,2026-08-11 14:40:00,29779.5,29743.75,-73.5
MA_Crossover(10/50),SHORT,2026-08-11 14:40:00,2026-08-11 14:48:00,29743.75,29771.0,-56.5
MA_Crossover(10/50),LONG,2026-08-11 14:48:00,2026-08-11 15:08:00,29771.0,29734.5,-75.0
MA_Crossover(10/50),SHORT,2026-08-11 15:08:00,2026-08-11 17:42:00,29734.5,29625.5,216.0
MA_Crossover(10/50),LONG,2026-08-11 17:42:00,2026-08-11 18:07:00,29625.5,29606.25,-40.5
MA_Crossover(10/50),SHORT,2026-08-11 18:07:00,2026-08-11 18:55:00,29606.25,29594.75,21.0
MA_Crossover(10/50),LONG,2026-08-11 18:55:00,2026-08-11 19:09:00,29594.75,29576.0,-39.5
MA_Crossover(10/50),SHORT,2026-08-11 19:09:00,2026-08-11 19:11:00,29576.0,29590.5,-31.0
MA_Crossover(10/50),LONG,2026-08-11 19:11:00,2026-08-11 20:59:00,29590.5,29648.0,113.0
MA_Crossover(10/50),SHORT,2026-08-11 20:59:00,2026-08-11 22:18:00,29648.0,29652.25,-10.5
MA_Crossover(10/50),LONG,2026-08-11 22:18:00,2026-08-11 22:36:00,29652.25,29651.25,-4.0
MA_Crossover(10/50),SHORT,2026-08-11 22:36:00,2026-08-11 22:37:00,29651.25,29654.75,-9.0
MA_Crossover(10/50),LONG,2026-08-11 22:37:00,2026-08-11 22:38:00,29654.75,29653.0,-5.5
MA_Crossover(10/50),SHORT,2026-08-11 22:38:00,2026-08-11 23:03:00,29653.0,29650.75,2.5
MA_Crossover(10/50),LONG,2026-08-11 23:03:00,2026-08-11 23:04:00,29650.75,29649.5,-4.5
MA_Crossover(10/50),SHORT,2026-08-11 23:04:00,2026-08-11 23:11:00,29649.5,29648.5,0.0
MA_Crossover(10/50),LONG,2026-08-11 23:11:00,2026-08-11 23:14:00,29648.5,29641.5,-16.0
MA_Crossover(10/50),SHORT,2026-08-11 23:14:00,2026-08-11 23:30:00,29641.5,29652.75,-24.5
MA_Crossover(10/50),LONG,2026-08-11 23:30:00,2026-08-11 23:34:00,29652.75,29639.0,-29.5
MA_Crossover(10/50),SHORT,2026-08-11 23:34:00,2026-08-11 23:53:00,29639.0,29653.5,-31.0
MA_Crossover(10/50),LONG,2026-08-11 23:53:00,2026-08-12 00:06:00,29653.5,29641.5,-26.0
MA_Crossover(10/50),SHORT,2026-08-12 00:06:00,2026-08-12 00:18:00,29641.5,29658.75,-36.5
MA_Crossover(10/50),LONG,2026-08-12 00:18:00,2026-08-12 01:21:00,29658.75,29661.0,2.5
MA_Crossover(10/50),SHORT,2026-08-12 01:21:00,2026-08-12 01:45:00,29661.0,29678.25,-36.5
MA_Crossover(10/50),LONG,2026-08-12 01:45:00,2026-08-12 02:00:00,29678.25,29659.0,-40.5
MA_Crossover(10/50),SHORT,2026-08-12 02:00:00,2026-08-12 02:02:00,29659.0,29668.25,-20.5
MA_Crossover(10/50),LONG,2026-08-12 02:02:00,2026-08-12 02:06:00,29668.25,29657.25,-24.0
MA_Crossover(10/50),SHORT,2026-08-12 02:06:00,2026-08-12 02:23:00,29657.25,29664.0,-15.5
MA_Crossover(10/50),LONG,2026-08-12 02:23:00,2026-08-12 02:25:00,29664.0,29658.0,-14.0
MA_Crossover(10/50),SHORT,2026-08-12 02:25:00,2026-08-12 02:26:00,29658.0,29672.25,-30.5
MA_Crossover(10/50),LONG,2026-08-12 02:26:00,2026-08-12 03:43:00,29672.25,29694.25,42.0
MA_Crossover(10/50),SHORT,2026-08-12 03:43:00,2026-08-12 03:50:00,29694.25,29700.25,-14.0
MA_Crossover(10/50),LONG,2026-08-12 03:50:00,2026-08-12 03:54:00,29700.25,29688.5,-25.5
MA_Crossover(10/50),SHORT,2026-08-12 03:54:00,2026-08-12 04:18:00,29688.5,29697.0,-19.0
MA_Crossover(10/50),LONG,2026-08-12 04:18:00,2026-08-12 04:19:00,29697.0,29691.75,-12.5
MA_Crossover(10/50),SHORT,2026-08-12 04:19:00,2026-08-12 04:24:00,29691.75,29696.0,-10.5
MA_Crossover(10/50),LONG,2026-08-12 04:24:00,2026-08-12 04:33:00,29696.0,29688.0,-18.0
MA_Crossover(10/50),SHORT,2026-08-12 04:33:00,2026-08-12 04:48:00,29688.0,29704.5,-35.0
MA_Crossover(10/50),LONG,2026-08-12 04:48:00,2026-08-12 05:09:00,29704.5,29692.5,-26.0
Donchian_Breakout(20),LONG,2026-08-04 04:53:00,2026-08-04 05:11:00,29014.75,28994.0,-43.5
Donchian_Breakout(20),SHORT,2026-08-04 05:11:00,2026-08-04 05:25:00,28994.0,29019.75,-53.5
Donchian_Breakout(20),LONG,2026-08-04 05:25:00,2026-08-04 06:31:00,29019.75,29075.25,109.0
Donchian_Breakout(20),SHORT,2026-08-04 06:31:00,2026-08-04 07:00:00,29075.25,29072.0,4.5
Donchian_Breakout(20),LONG,2026-08-04 07:00:00,2026-08-04 07:12:00,29072.0,29051.25,-43.5
Donchian_Breakout(20),SHORT,2026-08-04 07:12:00,2026-08-04 07:27:00,29051.25,29104.5,-108.5
Donchian_Breakout(20),LONG,2026-08-04 07:27:00,2026-08-04 07:57:00,29104.5,29068.75,-73.5
Donchian_Breakout(20),SHORT,2026-08-04 07:57:00,2026-08-04 08:04:00,29068.75,29113.25,-91.0
Donchian_Breakout(20),LONG,2026-08-04 08:04:00,2026-08-04 08:28:00,29113.25,29099.0,-30.5
Donchian_Breakout(20),SHORT,2026-08-04 08:28:00,2026-08-04 09:30:00,29099.0,29046.0,104.0
Donchian_Breakout(20),LONG,2026-08-04 09:30:00,2026-08-04 10:37:00,29046.0,29079.5,65.0
Donchian_Breakout(20),SHORT,2026-08-04 10:37:00,2026-08-04 10:45:00,29079.5,29120.25,-83.5
Donchian_Breakout(20),LONG,2026-08-04 10:45:00,2026-08-04 12:49:00,29120.25,29198.75,155.0
Donchian_Breakout(20),SHORT,2026-08-04 12:49:00,2026-08-04 13:04:00,29198.75,29222.25,-49.0
Donchian_Breakout(20),LONG,2026-08-04 13:04:00,2026-08-04 16:12:00,29222.25,29665.0,883.5
Donchian_Breakout(20),SHORT,2026-08-04 16:12:00,2026-08-04 16:20:00,29665.0,29705.5,-83.0
Donchian_Breakout(20),LONG,2026-08-04 16:20:00,2026-08-04 18:01:00,29705.5,29820.5,228.0
Donchian_Breakout(20),SHORT,2026-08-04 18:01:00,2026-08-04 18:19:00,29820.5,29869.0,-99.0
Donchian_Breakout(20),LONG,2026-08-04 18:19:00,2026-08-04 18:41:00,29869.0,29847.75,-44.5
Donchian_Breakout(20),SHORT,2026-08-04 18:41:00,2026-08-04 19:01:00,29847.75,29903.0,-112.5
Donchian_Breakout(20),LONG,2026-08-04 19:01:00,2026-08-04 19:29:00,29903.0,29894.0,-20.0
Donchian_Breakout(20),SHORT,2026-08-04 19:29:00,2026-08-04 19:43:00,29894.0,29941.25,-96.5
Donchian_Breakout(20),LONG,2026-08-04 19:43:00,2026-08-04 19:55:00,29941.25,29871.5,-141.5
Donchian_Breakout(20),SHORT,2026-08-04 19:55:00,2026-08-04 22:08:00,29871.5,29831.0,79.0
Donchian_Breakout(20),LONG,2026-08-04 22:08:00,2026-08-04 22:44:00,29831.0,29797.0,-70.0
Donchian_Breakout(20),SHORT,2026-08-04 22:44:00,2026-08-04 23:00:00,29797.0,29825.75,-59.5
Donchian_Breakout(20),LONG,2026-08-04 23:00:00,2026-08-04 23:26:00,29825.75,29824.0,-5.5
Donchian_Breakout(20),SHORT,2026-08-04 23:26:00,2026-08-04 23:46:00,29824.0,29850.0,-54.0
Donchian_Breakout(20),LONG,2026-08-04 23:46:00,2026-08-05 00:48:00,29850.0,29826.0,-50.0
Donchian_Breakout(20),SHORT,2026-08-05 00:48:00,2026-08-05 01:46:00,29826.0,29854.0,-58.0
Donchian_Breakout(20),LONG,2026-08-05 01:46:00,2026-08-05 02:27:00,29854.0,29853.5,-3.0
Donchian_Breakout(20),SHORT,2026-08-05 02:27:00,2026-08-05 02:47:00,29853.5,29871.0,-37.0
Donchian_Breakout(20),LONG,2026-08-05 02:47:00,2026-08-05 03:27:00,29871.0,29871.25,-1.5
Donchian_Breakout(20),SHORT,2026-08-05 03:27:00,2026-08-05 03:57:00,29871.25,29893.5,-46.5
Donchian_Breakout(20),LONG,2026-08-05 03:57:00,2026-08-05 04:22:00,29893.5,29861.75,-65.5
Donchian_Breakout(20),SHORT,2026-08-05 04:22:00,2026-08-05 04:40:00,29861.75,29895.5,-69.5
Donchian_Breakout(20),LONG,2026-08-05 04:40:00,2026-08-05 05:31:00,29895.5,29925.5,58.0
Donchian_Breakout(20),SHORT,2026-08-05 05:31:00,2026-08-05 05:50:00,29925.5,29950.25,-51.5
Donchian_Breakout(20),LONG,2026-08-05 05:50:00,2026-08-05 06:22:00,29950.25,29938.0,-26.5
Donchian_Breakout(20),SHORT,2026-08-05 06:22:00,2026-08-05 06:56:00,29938.0,29965.75,-57.5
Donchian_Breakout(20),LONG,2026-08-05 06:56:00,2026-08-05 07:11:00,29965.75,29944.0,-45.5
Donchian_Breakout(20),SHORT,2026-08-05 07:11:00,2026-08-05 09:08:00,29944.0,29849.75,186.5
Donchian_Breakout(20),LONG,2026-08-05 09:08:00,2026-08-05 09:16:00,29849.75,29821.25,-59.0
Donchian_Breakout(20),SHORT,2026-08-05 09:16:00,2026-08-05 09:31:00,29821.25,29869.0,-97.5
Donchian_Breakout(20),LONG,2026-08-05 09:31:00,2026-08-05 09:50:00,29869.0,29858.0,-24.0
Donchian_Breakout(20),SHORT,2026-08-05 09:50:00,2026-08-05 10:33:00,29858.0,29869.25,-24.5
Donchian_Breakout(20),LONG,2026-08-05 10:33:00,2026-08-05 10:46:00,29869.25,29839.25,-62.0
Donchian_Breakout(20),SHORT,2026-08-05 10:46:00,2026-08-05 11:01:00,29839.25,29882.25,-88.0
Donchian_Breakout(20),LONG,2026-08-05 11:01:00,2026-08-05 11:31:00,29882.25,29897.5,28.5
Donchian_Breakout(20),SHORT,2026-08-05 11:31:00,2026-08-05 11:50:00,29897.5,29939.25,-85.5
Donchian_Breakout(20),LONG,2026-08-05 11:50:00,2026-08-05 12:05:00,29939.25,29902.0,-76.5
Donchian_Breakout(20),SHORT,2026-08-05 12:05:00,2026-08-05 12:28:00,29902.0,29934.5,-67.0
Donchian_Breakout(20),LONG,2026-08-05 12:28:00,2026-08-05 12:56:00,29934.5,29911.25,-48.5
Donchian_Breakout(20),SHORT,2026-08-05 12:56:00,2026-08-05 13:06:00,29911.25,29948.0,-75.5
Donchian_Breakout(20),LONG,2026-08-05 13:06:00,2026-08-05 14:02:00,29948.0,29963.5,29.0
Donchian_Breakout(20),SHORT,2026-08-05 14:02:00,2026-08-05 16:21:00,29963.5,29777.25,370.5
Donchian_Breakout(20),LONG,2026-08-05 16:21:00,2026-08-05 17:05:00,29777.25,29776.0,-4.5
Donchian_Breakout(20),SHORT,2026-08-05 17:05:00,2026-08-05 18:05:00,29776.0,29781.0,-12.0
Donchian_Breakout(20),LONG,2026-08-05 18:05:00,2026-08-05 18:31:00,29781.0,29748.0,-68.0
Donchian_Breakout(20),SHORT,2026-08-05 18:31:00,2026-08-05 19:06:00,29748.0,29773.0,-52.0
Donchian_Breakout(20),LONG,2026-08-05 19:06:00,2026-08-05 19:32:00,29773.0,29743.25,-61.5
Donchian_Breakout(20),SHORT,2026-08-05 19:32:00,2026-08-05 20:42:00,29743.25,29594.75,295.0
Donchian_Breakout(20),LONG,2026-08-05 20:42:00,2026-08-05 22:54:00,29594.75,29623.0,54.5
Donchian_Breakout(20),SHORT,2026-08-05 22:54:00,2026-08-05 23:22:00,29623.0,29636.5,-29.0
Donchian_Breakout(20),LONG,2026-08-05 23:22:00,2026-08-05 23:33:00,29636.5,29602.25,-70.5
Donchian_Breakout(20),SHORT,2026-08-05 23:33:00,2026-08-06 00:09:00,29602.25,29592.0,18.5
Donchian_Breakout(20),LONG,2026-08-06 00:09:00,2026-08-06 00:32:00,29592.0,29552.5,-81.0
Donchian_Breakout(20),SHORT,2026-08-06 00:32:00,2026-08-06 01:49:00,29552.5,29517.0,69.0
Donchian_Breakout(20),LONG,2026-08-06 01:49:00,2026-08-06 03:08:00,29517.0,29580.5,125.0
Donchian_Breakout(20),SHORT,2026-08-06 03:08:00,2026-08-06 03:48:00,29580.5,29565.25,28.5
Donchian_Breakout(20),LONG,2026-08-06 03:48:00,2026-08-06 04:38:00,29565.25,29561.75,-9.0
Donchian_Breakout(20),SHORT,2026-08-06 04:38:00,2026-08-06 05:03:00,29561.75,29588.75,-56.0
Donchian_Breakout(20),LONG,2026-08-06 05:03:00,2026-08-06 05:34:00,29588.75,29557.0,-65.5
Donchian_Breakout(20),SHORT,2026-08-06 05:34:00,2026-08-06 07:07:00,29557.0,29546.5,19.0
Donchian_Breakout(20),LONG,2026-08-06 07:07:00,2026-08-06 07:37:00,29546.5,29523.0,-49.0
Donchian_Breakout(20),SHORT,2026-08-06 07:37:00,2026-08-06 08:31:00,29523.0,29513.25,17.5
Donchian_Breakout(20),LONG,2026-08-06 08:31:00,2026-08-06 08:48:00,29513.25,29491.75,-45.0
Donchian_Breakout(20),SHORT,2026-08-06 08:48:00,2026-08-06 09:27:00,29491.75,29489.5,2.5
Donchian_Breakout(20),LONG,2026-08-06 09:27:00,2026-08-06 10:14:00,29489.5,29499.0,17.0
Donchian_Breakout(20),SHORT,2026-08-06 10:14:00,2026-08-06 10:29:00,29499.0,29525.0,-54.0
Donchian_Breakout(20),LONG,2026-08-06 10:29:00,2026-08-06 10:40:00,29525.0,29491.0,-70.0
Donchian_Breakout(20),SHORT,2026-08-06 10:40:00,2026-08-06 11:27:00,29491.0,29461.75,56.5
Donchian_Breakout(20),LONG,2026-08-06 11:27:00,2026-08-06 11:52:00,29461.75,29444.75,-36.0
Donchian_Breakout(20),SHORT,2026-08-06 11:52:00,2026-08-06 13:37:00,29444.75,29416.5,54.5
Donchian_Breakout(20),LONG,2026-08-06 13:37:00,2026-08-06 14:40:00,29416.5,29552.5,270.0
Donchian_Breakout(20),SHORT,2026-08-06 14:40:00,2026-08-06 14:58:00,29552.5,29642.25,-181.5
Donchian_Breakout(20),LONG,2026-08-06 14:58:00,2026-08-06 15:20:00,29642.25,29580.25,-126.0
Donchian_Breakout(20),SHORT,2026-08-06 15:20:00,2026-08-06 16:39:00,29580.25,29509.75,139.0
Donchian_Breakout(20),LONG,2026-08-06 16:39:00,2026-08-06 17:40:00,29509.75,29513.75,6.0
Donchian_Breakout(20),SHORT,2026-08-06 17:40:00,2026-08-06 18:15:00,29513.75,29542.75,-60.0
Donchian_Breakout(20),LONG,2026-08-06 18:15:00,2026-08-06 18:39:00,29542.75,29519.25,-49.0
Donchian_Breakout(20),SHORT,2026-08-06 18:39:00,2026-08-06 19:02:00,29519.25,29546.25,-56.0
Donchian_Breakout(20),LONG,2026-08-06 19:02:00,2026-08-06 19:25:00,29546.25,29509.5,-75.5
Donchian_Breakout(20),SHORT,2026-08-06 19:25:00,2026-08-06 22:06:00,29509.5,29532.75,-48.5
Donchian_Breakout(20),LONG,2026-08-06 22:06:00,2026-08-06 22:33:00,29532.75,29534.0,0.5
Donchian_Breakout(20),SHORT,2026-08-06 22:33:00,2026-08-06 22:58:00,29534.0,29563.5,-61.0
Donchian_Breakout(20),LONG,2026-08-06 22:58:00,2026-08-06 23:41:00,29563.5,29569.25,9.5
Donchian_Breakout(20),SHORT,2026-08-06 23:41:00,2026-08-06 23:50:00,29569.25,29595.25,-54.0
Donchian_Breakout(20),LONG,2026-08-06 23:50:00,2026-08-07 00:16:00,29595.25,29547.5,-97.5
Donchian_Breakout(20),SHORT,2026-08-07 00:16:00,2026-08-07 00:58:00,29547.5,29569.0,-45.0
Donchian_Breakout(20),LONG,2026-08-07 00:58:00,2026-08-07 01:14:00,29569.0,29520.0,-100.0
Donchian_Breakout(20),SHORT,2026-08-07 01:14:00,2026-08-07 01:32:00,29520.0,29551.0,-64.0
Donchian_Breakout(20),LONG,2026-08-07 01:32:00,2026-08-07 02:11:00,29551.0,29493.25,-117.5
Donchian_Breakout(20),SHORT,2026-08-07 02:11:00,2026-08-07 02:50:00,29493.25,29534.5,-84.5
Donchian_Breakout(20),LONG,2026-08-07 02:50:00,2026-08-07 03:16:00,29534.5,29523.5,-24.0
Donchian_Breakout(20),SHORT,2026-08-07 03:16:00,2026-08-07 04:31:00,29523.5,29524.0,-3.0
Donchian_Breakout(20),LONG,2026-08-07 04:31:00,2026-08-07 05:33:00,29524.0,29534.5,19.0
Donchian_Breakout(20),SHORT,2026-08-07 05:33:00,2026-08-07 06:05:00,29534.5,29540.75,-14.5
Donchian_Breakout(20),LONG,2026-08-07 06:05:00,2026-08-07 06:44:00,29540.75,29540.0,-3.5
Donchian_Breakout(20),SHORT,2026-08-07 06:44:00,2026-08-07 07:07:00,29540.0,29567.75,-57.5
Donchian_Breakout(20),LONG,2026-08-07 07:07:00,2026-08-07 07:34:00,29567.75,29574.0,10.5
Donchian_Breakout(20),SHORT,2026-08-07 07:34:00,2026-08-07 07:42:00,29574.0,29590.0,-34.0
Donchian_Breakout(20),LONG,2026-08-07 07:42:00,2026-08-07 07:51:00,29590.0,29565.5,-51.0
Donchian_Breakout(20),SHORT,2026-08-07 07:51:00,2026-08-07 08:01:00,29565.5,29594.0,-59.0
Donchian_Breakout(20),LONG,2026-08-07 08:01:00,2026-08-07 09:43:00,29594.0,29626.5,63.0
Donchian_Breakout(20),SHORT,2026-08-07 09:43:00,2026-08-07 11:01:00,29626.5,29633.5,-16.0
Donchian_Breakout(20),LONG,2026-08-07 11:01:00,2026-08-07 11:53:00,29633.5,29642.0,15.0
Donchian_Breakout(20),SHORT,2026-08-07 11:53:00,2026-08-07 12:29:00,29642.0,29678.0,-74.0
Donchian_Breakout(20),LONG,2026-08-07 12:29:00,2026-08-07 13:05:00,29678.0,29784.25,210.5
Donchian_Breakout(20),SHORT,2026-08-07 13:05:00,2026-08-07 13:33:00,29784.25,29776.0,14.5
Donchian_Breakout(20),LONG,2026-08-07 13:33:00,2026-08-07 13:57:00,29776.0,29695.75,-162.5
Donchian_Breakout(20),SHORT,2026-08-07 13:57:00,2026-08-07 14:20:00,29695.75,29719.0,-48.5
Donchian_Breakout(20),LONG,2026-08-07 14:20:00,2026-08-07 14:40:00,29719.0,29678.75,-82.5
Donchian_Breakout(20),SHORT,2026-08-07 14:40:00,2026-08-07 15:04:00,29678.75,29740.25,-125.0
Donchian_Breakout(20),LONG,2026-08-07 15:04:00,2026-08-07 16:20:00,29740.25,29794.25,106.0
Donchian_Breakout(20),SHORT,2026-08-07 16:20:00,2026-08-07 16:46:00,29794.25,29768.0,50.5
Donchian_Breakout(20),LONG,2026-08-07 16:46:00,2026-08-07 17:01:00,29768.0,29732.25,-73.5
Donchian_Breakout(20),SHORT,2026-08-07 17:01:00,2026-08-07 19:00:00,29732.25,29725.25,12.0
Donchian_Breakout(20),LONG,2026-08-07 19:00:00,2026-08-07 19:31:00,29725.25,29787.0,121.5
Donchian_Breakout(20),SHORT,2026-08-07 19:31:00,2026-08-07 19:54:00,29787.0,29830.5,-89.0
Donchian_Breakout(20),LONG,2026-08-07 19:54:00,2026-08-07 20:30:00,29830.5,29805.5,-52.0
Donchian_Breakout(20),SHORT,2026-08-07 20:30:00,2026-08-07 20:51:00,29805.5,29824.5,-40.0
Donchian_Breakout(20),LONG,2026-08-07 20:51:00,2026-08-09 22:18:00,29824.5,29806.25,-38.5
Donchian_Breakout(20),SHORT,2026-08-09 22:18:00,2026-08-09 22:52:00,29806.25,29847.0,-83.5
Donchian_Breakout(20),LONG,2026-08-09 22:52:00,2026-08-09 23:31:00,29847.0,29847.5,-1.0
Donchian_Breakout(20),SHORT,2026-08-09 23:31:00,2026-08-10 00:09:00,29847.5,29881.0,-69.0
Donchian_Breakout(20),LONG,2026-08-10 00:09:00,2026-08-10 00:36:00,29881.0,29836.25,-91.5
Donchian_Breakout(20),SHORT,2026-08-10 00:36:00,2026-08-10 01:14:00,29836.25,29842.0,-13.5
Donchian_Breakout(20),LONG,2026-08-10 01:14:00,2026-08-10 02:14:00,29842.0,29869.25,52.5
Donchian_Breakout(20),SHORT,2026-08-10 02:14:00,2026-08-10 02:40:00,29869.25,29882.5,-28.5
Donchian_Breakout(20),LONG,2026-08-10 02:40:00,2026-08-10 03:04:00,29882.5,29879.5,-8.0
Donchian_Breakout(20),SHORT,2026-08-10 03:04:00,2026-08-10 03:38:00,29879.5,29896.75,-36.5
Donchian_Breakout(20),LONG,2026-08-10 03:38:00,2026-08-10 03:55:00,29896.75,29883.0,-29.5
Donchian_Breakout(20),SHORT,2026-08-10 03:55:00,2026-08-10 05:06:00,29883.0,29906.5,-49.0
Donchian_Breakout(20),LONG,2026-08-10 05:06:00,2026-08-10 05:41:00,29906.5,29906.5,-2.0
Donchian_Breakout(20),SHORT,2026-08-10 05:41:00,2026-08-10 05:54:00,29906.5,29924.25,-37.5
Donchian_Breakout(20),LONG,2026-08-10 05:54:00,2026-08-10 06:27:00,29924.25,29916.75,-17.0
Donchian_Breakout(20),SHORT,2026-08-10 06:27:00,2026-08-10 07:18:00,29916.75,29925.0,-18.5
Donchian_Breakout(20),LONG,2026-08-10 07:18:00,2026-08-10 07:50:00,29925.0,29939.5,27.0
Donchian_Breakout(20),SHORT,2026-08-10 07:50:00,2026-08-10 08:59:00,29939.5,29973.25,-69.5
Donchian_Breakout(20),LONG,2026-08-10 08:59:00,2026-08-10 09:20:00,29973.25,29965.0,-18.5
Donchian_Breakout(20),SHORT,2026-08-10 09:20:00,2026-08-10 10:04:00,29965.0,29956.0,16.0
Donchian_Breakout(20),LONG,2026-08-10 10:04:00,2026-08-10 10:12:00,29956.0,29925.25,-63.5
Donchian_Breakout(20),SHORT,2026-08-10 10:12:00,2026-08-10 11:28:00,29925.25,29898.75,51.0
Donchian_Breakout(20),LONG,2026-08-10 11:28:00,2026-08-10 11:49:00,29898.75,29859.5,-80.5
Donchian_Breakout(20),SHORT,2026-08-10 11:49:00,2026-08-10 13:10:00,29859.5,29807.25,102.5
Donchian_Breakout(20),LONG,2026-08-10 13:10:00,2026-08-10 13:35:00,29807.25,29741.25,-134.0
Donchian_Breakout(20),SHORT,2026-08-10 13:35:00,2026-08-10 14:07:00,29741.25,29858.75,-237.0
Donchian_Breakout(20),LONG,2026-08-10 14:07:00,2026-08-10 14:52:00,29858.75,29844.75,-30.0
Donchian_Breakout(20),SHORT,2026-08-10 14:52:00,2026-08-10 15:44:00,29844.75,29797.0,93.5
Donchian_Breakout(20),LONG,2026-08-10 15:44:00,2026-08-10 16:13:00,29797.0,29815.75,35.5
Donchian_Breakout(20),SHORT,2026-08-10 16:13:00,2026-08-10 17:00:00,29815.75,29780.25,69.0
Donchian_Breakout(20),LONG,2026-08-10 17:00:00,2026-08-10 17:38:00,29780.25,29765.25,-32.0
Donchian_Breakout(20),SHORT,2026-08-10 17:38:00,2026-08-10 18:43:00,29765.25,29772.0,-15.5
Donchian_Breakout(20),LONG,2026-08-10 18:43:00,2026-08-10 19:46:00,29772.0,29767.5,-11.0
Donchian_Breakout(20),SHORT,2026-08-10 19:46:00,2026-08-10 20:45:00,29767.5,29757.5,18.0
Donchian_Breakout(20),LONG,2026-08-10 20:45:00,2026-08-10 22:20:00,29757.5,29746.0,-25.0
Donchian_Breakout(20),SHORT,2026-08-10 22:20:00,2026-08-10 22:53:00,29746.0,29733.25,23.5
Donchian_Breakout(20),LONG,2026-08-10 22:53:00,2026-08-10 23:21:00,29733.25,29714.25,-40.0
Donchian_Breakout(20),SHORT,2026-08-10 23:21:00,2026-08-10 23:47:00,29714.25,29718.25,-10.0
Donchian_Breakout(20),LONG,2026-08-10 23:47:00,2026-08-10 23:55:00,29718.25,29695.25,-48.0
Donchian_Breakout(20),SHORT,2026-08-10 23:55:00,2026-08-11 00:11:00,29695.25,29719.0,-49.5
Donchian_Breakout(20),LONG,2026-08-11 00:11:00,2026-08-11 02:54:00,29719.0,29825.0,210.0
Donchian_Breakout(20),SHORT,2026-08-11 02:54:00,2026-08-11 03:24:00,29825.0,29837.75,-27.5
Donchian_Breakout(20),LONG,2026-08-11 03:24:00,2026-08-11 04:44:00,29837.75,29839.0,0.5
Donchian_Breakout(20),SHORT,2026-08-11 04:44:00,2026-08-11 05:09:00,29839.0,29846.5,-17.0
Donchian_Breakout(20),LONG,2026-08-11 05:09:00,2026-08-11 05:20:00,29846.5,29828.0,-39.0
Donchian_Breakout(20),SHORT,2026-08-11 05:20:00,2026-08-11 06:11:00,29828.0,29821.0,12.0
Donchian_Breakout(20),LONG,2026-08-11 06:11:00,2026-08-11 06:21:00,29821.0,29786.75,-70.5
Donchian_Breakout(20),SHORT,2026-08-11 06:21:00,2026-08-11 07:34:00,29786.75,29768.75,34.0
Donchian_Breakout(20),LONG,2026-08-11 07:34:00,2026-08-11 08:10:00,29768.75,29750.75,-38.0
Donchian_Breakout(20),SHORT,2026-08-11 08:10:00,2026-08-11 08:42:00,29750.75,29747.75,4.0
Donchian_Breakout(20),LONG,2026-08-11 08:42:00,2026-08-11 09:04:00,29747.75,29725.0,-47.5
Donchian_Breakout(20),SHORT,2026-08-11 09:04:00,2026-08-11 09:19:00,29725.0,29758.5,-69.0
Donchian_Breakout(20),LONG,2026-08-11 09:19:00,2026-08-11 10:02:00,29758.5,29762.0,5.0
Donchian_Breakout(20),SHORT,2026-08-11 10:02:00,2026-08-11 10:21:00,29762.0,29775.25,-28.5
Donchian_Breakout(20),LONG,2026-08-11 10:21:00,2026-08-11 11:24:00,29775.25,29831.75,111.0
Donchian_Breakout(20),SHORT,2026-08-11 11:24:00,2026-08-11 12:06:00,29831.75,29839.25,-17.0
Donchian_Breakout(20),LONG,2026-08-11 12:06:00,2026-08-11 12:24:00,29839.25,29823.25,-34.0
Donchian_Breakout(20),SHORT,2026-08-11 12:24:00,2026-08-11 14:04:00,29823.25,29762.0,120.5
Donchian_Breakout(20),LONG,2026-08-11 14:04:00,2026-08-11 15:07:00,29762.0,29744.25,-37.5
Donchian_Breakout(20),SHORT,2026-08-11 15:07:00,2026-08-11 17:36:00,29744.25,29623.0,240.5
Donchian_Breakout(20),LONG,2026-08-11 17:36:00,2026-08-11 18:07:00,29623.0,29606.25,-35.5
Donchian_Breakout(20),SHORT,2026-08-11 18:07:00,2026-08-11 18:50:00,29606.25,29586.25,38.0
Donchian_Breakout(20),LONG,2026-08-11 18:50:00,2026-08-11 19:51:00,29586.25,29619.5,64.5
Donchian_Breakout(20),SHORT,2026-08-11 19:51:00,2026-08-11 20:22:00,29619.5,29655.75,-74.5
Donchian_Breakout(20),LONG,2026-08-11 20:22:00,2026-08-11 20:48:00,29655.75,29663.75,14.0
Donchian_Breakout(20),SHORT,2026-08-11 20:48:00,2026-08-11 22:16:00,29663.75,29659.25,7.0
Donchian_Breakout(20),LONG,2026-08-11 22:16:00,2026-08-11 22:43:00,29659.25,29641.5,-37.5
Donchian_Breakout(20),SHORT,2026-08-11 22:43:00,2026-08-11 23:30:00,29641.5,29652.75,-24.5
Donchian_Breakout(20),LONG,2026-08-11 23:30:00,2026-08-11 23:36:00,29652.75,29638.5,-30.5
Donchian_Breakout(20),SHORT,2026-08-11 23:36:00,2026-08-11 23:51:00,29638.5,29655.5,-36.0
Donchian_Breakout(20),LONG,2026-08-11 23:51:00,2026-08-12 00:02:00,29655.5,29635.0,-43.0
Donchian_Breakout(20),SHORT,2026-08-12 00:02:00,2026-08-12 00:22:00,29635.0,29668.75,-69.5
Donchian_Breakout(20),LONG,2026-08-12 00:22:00,2026-08-12 00:40:00,29668.75,29656.5,-26.5
Donchian_Breakout(20),SHORT,2026-08-12 00:40:00,2026-08-12 01:04:00,29656.5,29672.75,-34.5
Donchian_Breakout(20),LONG,2026-08-12 01:04:00,2026-08-12 01:18:00,29672.75,29658.75,-30.0
Donchian_Breakout(20),SHORT,2026-08-12 01:18:00,2026-08-12 01:44:00,29658.75,29674.25,-33.0
Donchian_Breakout(20),LONG,2026-08-12 01:44:00,2026-08-12 03:25:00,29674.25,29696.5,42.5
Donchian_Breakout(20),SHORT,2026-08-12 03:25:00,2026-08-12 04:25:00,29696.5,29701.0,-11.0
Donchian_Breakout(20),LONG,2026-08-12 04:25:00,2026-08-12 04:33:00,29701.0,29688.0,-28.0
Donchian_Breakout(20),SHORT,2026-08-12 04:33:00,2026-08-12 04:48:00,29688.0,29704.5,-35.0
Donchian_Breakout(20),LONG,2026-08-12 04:48:00,2026-08-12 05:12:00,29704.5,29688.75,-33.5
MACD_Momentum(12/26/9),SHORT,2026-08-04 04:36:00,2026-08-04 04:49:00,29005.75,29006.75,-4.0
MACD_Momentum(12/26/9),LONG,2026-08-04 04:49:00,2026-08-04 05:01:00,29006.75,29004.0,-7.5
MACD_Momentum(12/26/9),SHORT,2026-08-04 05:01:00,2026-08-04 05:20:00,29004.0,29004.25,-2.5
MACD_Momentum(12/26/9),LONG,2026-08-04 05:20:00,2026-08-04 05:45:00,29004.25,29056.25,102.0
MACD_Momentum(12/26/9),SHORT,2026-08-04 05:45:00,2026-08-04 05:59:00,29056.25,29071.5,-32.5
MACD_Momentum(12/26/9),LONG,2026-08-04 05:59:00,2026-08-04 06:06:00,29071.5,29068.75,-7.5
MACD_Momentum(12/26/9),SHORT,2026-08-04 06:06:00,2026-08-04 06:08:00,29068.75,29088.0,-40.5
MACD_Momentum(12/26/9),LONG,2026-08-04 06:08:00,2026-08-04 06:16:00,29088.0,29090.25,2.5
MACD_Momentum(12/26/9),SHORT,2026-08-04 06:16:00,2026-08-04 06:48:00,29090.25,29056.75,65.0
MACD_Momentum(12/26/9),LONG,2026-08-04 06:48:00,2026-08-04 07:09:00,29056.75,29060.5,5.5
MACD_Momentum(12/26/9),SHORT,2026-08-04 07:09:00,2026-08-04 07:17:00,29060.5,29086.0,-53.0
MACD_Momentum(12/26/9),LONG,2026-08-04 07:17:00,2026-08-04 07:37:00,29086.0,29090.5,7.0
MACD_Momentum(12/26/9),SHORT,2026-08-04 07:37:00,2026-08-04 07:49:00,29090.5,29103.75,-28.5
MACD_Momentum(12/26/9),LONG,2026-08-04 07:49:00,2026-08-04 07:53:00,29103.75,29085.0,-39.5
MACD_Momentum(12/26/9),SHORT,2026-08-04 07:53:00,2026-08-04 08:02:00,29085.0,29099.25,-30.5
MACD_Momentum(12/26/9),LONG,2026-08-04 08:02:00,2026-08-04 08:23:00,29099.25,29116.25,32.0
MACD_Momentum(12/26/9),SHORT,2026-08-04 08:23:00,2026-08-04 08:50:00,29116.25,29061.0,108.5
MACD_Momentum(12/26/9),LONG,2026-08-04 08:50:00,2026-08-04 09:04:00,29061.0,29045.5,-33.0
MACD_Momentum(12/26/9),SHORT,2026-08-04 09:04:00,2026-08-04 09:20:00,29045.5,29022.5,44.0
MACD_Momentum(12/26/9),LONG,2026-08-04 09:20:00,2026-08-04 09:51:00,29022.5,29069.75,92.5
MACD_Momentum(12/26/9),SHORT,2026-08-04 09:51:00,2026-08-04 10:03:00,29069.75,29082.5,-27.5
MACD_Momentum(12/26/9),LONG,2026-08-04 10:03:00,2026-08-04 10:18:00,29082.5,29099.5,32.0
MACD_Momentum(12/26/9),SHORT,2026-08-04 10:18:00,2026-08-04 10:24:00,29099.5,29111.0,-25.0
MACD_Momentum(12/26/9),LONG,2026-08-04 10:24:00,2026-08-04 10:27:00,29111.0,29110.0,-4.0
MACD_Momentum(12/26/9),SHORT,2026-08-04 10:27:00,2026-08-04 10:45:00,29110.0,29120.25,-22.5
MACD_Momentum(12/26/9),LONG,2026-08-04 10:45:00,2026-08-04 10:56:00,29120.25,29120.0,-2.5
MACD_Momentum(12/26/9),SHORT,2026-08-04 10:56:00,2026-08-04 11:02:00,29120.0,29136.25,-34.5
MACD_Momentum(12/26/9),LONG,2026-08-04 11:02:00,2026-08-04 11:09:00,29136.25,29132.5,-9.5
MACD_Momentum(12/26/9),SHORT,2026-08-04 11:09:00,2026-08-04 11:16:00,29132.5,29146.5,-30.0
MACD_Momentum(12/26/9),LONG,2026-08-04 11:16:00,2026-08-04 11:27:00,29146.5,29156.0,17.0
MACD_Momentum(12/26/9),SHORT,2026-08-04 11:27:00,2026-08-04 11:29:00,29156.0,29168.75,-27.5
MACD_Momentum(12/26/9),LONG,2026-08-04 11:29:00,2026-08-04 11:36:00,29168.75,29171.0,2.5
MACD_Momentum(12/26/9),SHORT,2026-08-04 11:36:00,2026-08-04 11:44:00,29171.0,29193.75,-47.5
MACD_Momentum(12/26/9),LONG,2026-08-04 11:44:00,2026-08-04 12:01:00,29193.75,29220.0,50.5
MACD_Momentum(12/26/9),SHORT,2026-08-04 12:01:00,2026-08-04 12:22:00,29220.0,29230.5,-23.0
MACD_Momentum(12/26/9),LONG,2026-08-04 12:22:00,2026-08-04 12:28:00,29230.5,29218.75,-25.5
MACD_Momentum(12/26/9),SHORT,2026-08-04 12:28:00,2026-08-04 12:41:00,29218.75,29219.5,-3.5
MACD_Momentum(12/26/9),LONG,2026-08-04 12:41:00,2026-08-04 12:47:00,29219.5,29206.25,-28.5
MACD_Momentum(12/26/9),SHORT,2026-08-04 12:47:00,2026-08-04 12:59:00,29206.25,29209.5,-8.5
MACD_Momentum(12/26/9),LONG,2026-08-04 12:59:00,2026-08-04 13:20:00,29209.5,29224.5,28.0
MACD_Momentum(12/26/9),SHORT,2026-08-04 13:20:00,2026-08-04 13:21:00,29224.5,29270.0,-93.0
MACD_Momentum(12/26/9),LONG,2026-08-04 13:21:00,2026-08-04 13:26:00,29270.0,29234.5,-73.0
MACD_Momentum(12/26/9),SHORT,2026-08-04 13:26:00,2026-08-04 13:31:00,29234.5,29303.75,-140.5
MACD_Momentum(12/26/9),LONG,2026-08-04 13:31:00,2026-08-04 13:56:00,29303.75,29463.75,318.0
MACD_Momentum(12/26/9),SHORT,2026-08-04 13:56:00,2026-08-04 14:09:00,29463.75,29530.75,-136.0
MACD_Momentum(12/26/9),LONG,2026-08-04 14:09:00,2026-08-04 14:11:00,29530.75,29520.75,-22.0
MACD_Momentum(12/26/9),SHORT,2026-08-04 14:11:00,2026-08-04 14:30:00,29520.75,29558.5,-77.5
MACD_Momentum(12/26/9),LONG,2026-08-04 14:30:00,2026-08-04 14:31:00,29558.5,29528.5,-62.0
MACD_Momentum(12/26/9),SHORT,2026-08-04 14:31:00,2026-08-04 14:34:00,29528.5,29556.25,-57.5
MACD_Momentum(12/26/9),LONG,2026-08-04 14:34:00,2026-08-04 14:35:00,29556.25,29543.75,-27.0
MACD_Momentum(12/26/9),SHORT,2026-08-04 14:35:00,2026-08-04 15:02:00,29543.75,29564.25,-43.0
MACD_Momentum(12/26/9),LONG,2026-08-04 15:02:00,2026-08-04 15:28:00,29564.25,29638.75,147.0
MACD_Momentum(12/26/9),SHORT,2026-08-04 15:28:00,2026-08-04 15:41:00,29638.75,29664.0,-52.5
MACD_Momentum(12/26/9),LONG,2026-08-04 15:41:00,2026-08-04 15:54:00,29664.0,29679.5,29.0
MACD_Momentum(12/26/9),SHORT,2026-08-04 15:54:00,2026-08-04 16:19:00,29679.5,29695.5,-34.0
MACD_Momentum(12/26/9),LONG,2026-08-04 16:19:00,2026-08-04 16:31:00,29695.5,29709.25,25.5
MACD_Momentum(12/26/9),SHORT,2026-08-04 16:31:00,2026-08-04 16:34:00,29709.25,29722.75,-29.0
MACD_Momentum(12/26/9),LONG,2026-08-04 16:34:00,2026-08-04 16:39:00,29722.75,29716.0,-15.5
MACD_Momentum(12/26/9),SHORT,2026-08-04 16:39:00,2026-08-04 16:47:00,29716.0,29734.25,-38.5
MACD_Momentum(12/26/9),LONG,2026-08-04 16:47:00,2026-08-04 16:56:00,29734.25,29734.0,-2.5
MACD_Momentum(12/26/9),SHORT,2026-08-04 16:56:00,2026-08-04 17:01:00,29734.0,29761.75,-57.5
MACD_Momentum(12/26/9),LONG,2026-08-04 17:01:00,2026-08-04 17:17:00,29761.75,29789.0,52.5
MACD_Momentum(12/26/9),SHORT,2026-08-04 17:17:00,2026-08-04 17:27:00,29789.0,29818.0,-60.0
MACD_Momentum(12/26/9),LONG,2026-08-04 17:27:00,2026-08-04 17:32:00,29818.0,29808.5,-21.0
MACD_Momentum(12/26/9),SHORT,2026-08-04 17:32:00,2026-08-04 17:38:00,29808.5,29836.0,-57.0
MACD_Momentum(12/26/9),LONG,2026-08-04 17:38:00,2026-08-04 17:52:00,29836.0,29846.75,19.5
MACD_Momentum(12/26/9),SHORT,2026-08-04 17:52:00,2026-08-04 18:14:00,29846.75,29847.25,-3.0
MACD_Momentum(12/26/9),LONG,2026-08-04 18:14:00,2026-08-04 18:35:00,29847.25,29872.75,49.0
MACD_Momentum(12/26/9),SHORT,2026-08-04 18:35:00,2026-08-04 18:48:00,29872.75,29885.75,-28.0
MACD_Momentum(12/26/9),LONG,2026-08-04 18:48:00,2026-08-04 18:58:00,29885.75,29879.0,-15.5
MACD_Momentum(12/26/9),SHORT,2026-08-04 18:58:00,2026-08-04 19:01:00,29879.0,29903.0,-50.0
MACD_Momentum(12/26/9),LONG,2026-08-04 19:01:00,2026-08-04 19:16:00,29903.0,29927.0,46.0
MACD_Momentum(12/26/9),SHORT,2026-08-04 19:16:00,2026-08-04 19:17:00,29927.0,29942.5,-33.0
MACD_Momentum(12/26/9),LONG,2026-08-04 19:17:00,2026-08-04 19:21:00,29942.5,29938.25,-10.5
MACD_Momentum(12/26/9),SHORT,2026-08-04 19:21:00,2026-08-04 19:38:00,29938.25,29927.25,20.0
MACD_Momentum(12/26/9),LONG,2026-08-04 19:38:00,2026-08-04 19:50:00,29927.25,29921.5,-13.5
MACD_Momentum(12/26/9),SHORT,2026-08-04 19:50:00,2026-08-04 20:05:00,29921.5,29879.25,82.5
MACD_Momentum(12/26/9),LONG,2026-08-04 20:05:00,2026-08-04 20:16:00,29879.25,29825.75,-109.0
MACD_Momentum(12/26/9),SHORT,2026-08-04 20:16:00,2026-08-04 20:27:00,29825.75,29816.25,17.0
MACD_Momentum(12/26/9),LONG,2026-08-04 20:27:00,2026-08-04 20:30:00,29816.25,29790.5,-53.5
MACD_Momentum(12/26/9),SHORT,2026-08-04 20:30:00,2026-08-04 20:31:00,29790.5,29793.0,-7.0
MACD_Momentum(12/26/9),LONG,2026-08-04 20:31:00,2026-08-04 22:03:00,29793.0,29783.0,-22.0
MACD_Momentum(12/26/9),SHORT,2026-08-04 22:03:00,2026-08-04 22:06:00,29783.0,29811.0,-58.0
MACD_Momentum(12/26/9),LONG,2026-08-04 22:06:00,2026-08-04 22:23:00,29811.0,29827.75,31.5
MACD_Momentum(12/26/9),SHORT,2026-08-04 22:23:00,2026-08-04 22:56:00,29827.75,29807.0,39.5
MACD_Momentum(12/26/9),LONG,2026-08-04 22:56:00,2026-08-04 23:21:00,29807.0,29839.25,62.5
MACD_Momentum(12/26/9),SHORT,2026-08-04 23:21:00,2026-08-04 23:41:00,29839.25,29838.25,0.0
MACD_Momentum(12/26/9),LONG,2026-08-04 23:41:00,2026-08-05 00:00:00,29838.25,29835.5,-7.5
MACD_Momentum(12/26/9),SHORT,2026-08-05 00:00:00,2026-08-05 00:02:00,29835.5,29851.75,-34.5
MACD_Momentum(12/26/9),LONG,2026-08-05 00:02:00,2026-08-05 00:03:00,29851.75,29828.5,-48.5
MACD_Momentum(12/26/9),SHORT,2026-08-05 00:03:00,2026-08-05 00:07:00,29828.5,29861.0,-67.0
MACD_Momentum(12/26/9),LONG,2026-08-05 00:07:00,2026-08-05 00:09:00,29861.0,29838.25,-47.5
MACD_Momentum(12/26/9),SHORT,2026-08-05 00:09:00,2026-08-05 00:14:00,29838.25,29856.75,-39.0
MACD_Momentum(12/26/9),LONG,2026-08-05 00:14:00,2026-08-05 00:18:00,29856.75,29840.25,-35.0
MACD_Momentum(12/26/9),SHORT,2026-08-05 00:18:00,2026-08-05 00:26:00,29840.25,29852.0,-25.5
MACD_Momentum(12/26/9),LONG,2026-08-05 00:26:00,2026-08-05 00:39:00,29852.0,29857.25,8.5
MACD_Momentum(12/26/9),SHORT,2026-08-05 00:39:00,2026-08-05 00:57:00,29857.25,29847.0,18.5
MACD_Momentum(12/26/9),LONG,2026-08-05 00:57:00,2026-08-05 01:02:00,29847.0,29831.0,-34.0
MACD_Momentum(12/26/9),SHORT,2026-08-05 01:02:00,2026-08-05 01:06:00,29831.0,29841.75,-23.5
MACD_Momentum(12/26/9),LONG,2026-08-05 01:06:00,2026-08-05 01:16:00,29841.75,29827.5,-30.5
MACD_Momentum(12/26/9),SHORT,2026-08-05 01:16:00,2026-08-05 01:31:00,29827.5,29824.0,5.0
MACD_Momentum(12/26/9),LONG,2026-08-05 01:31:00,2026-08-05 02:00:00,29824.0,29870.0,90.0
MACD_Momentum(12/26/9),SHORT,2026-08-05 02:00:00,2026-08-05 02:01:00,29870.0,29877.5,-17.0
MACD_Momentum(12/26/9),LONG,2026-08-05 02:01:00,2026-08-05 02:05:00,29877.5,29872.5,-12.0
MACD_Momentum(12/26/9),SHORT,2026-08-05 02:05:00,2026-08-05 02:43:00,29872.5,29854.0,35.0
MACD_Momentum(12/26/9),LONG,2026-08-05 02:43:00,2026-08-05 03:00:00,29854.0,29859.0,8.0
MACD_Momentum(12/26/9),SHORT,2026-08-05 03:00:00,2026-08-05 03:01:00,29859.0,29871.75,-27.5
MACD_Momentum(12/26/9),LONG,2026-08-05 03:01:00,2026-08-05 03:22:00,29871.75,29883.5,21.5
MACD_Momentum(12/26/9),SHORT,2026-08-05 03:22:00,2026-08-05 03:39:00,29883.5,29875.25,14.5
MACD_Momentum(12/26/9),LONG,2026-08-05 03:39:00,2026-08-05 03:50:00,29875.25,29878.0,3.5
MACD_Momentum(12/26/9),SHORT,2026-08-05 03:50:00,2026-08-05 03:52:00,29878.0,29888.25,-22.5
MACD_Momentum(12/26/9),LONG,2026-08-05 03:52:00,2026-08-05 04:14:00,29888.25,29886.5,-5.5
MACD_Momentum(12/26/9),SHORT,2026-08-05 04:14:00,2026-08-05 04:31:00,29886.5,29871.0,29.0
MACD_Momentum(12/26/9),LONG,2026-08-05 04:31:00,2026-08-05 04:51:00,29871.0,29900.5,57.0
MACD_Momentum(12/26/9),SHORT,2026-08-05 04:51:00,2026-08-05 04:58:00,29900.5,29913.5,-28.0
MACD_Momentum(12/26/9),LONG,2026-08-05 04:58:00,2026-08-05 05:19:00,29913.5,29935.75,42.5
MACD_Momentum(12/26/9),SHORT,2026-08-05 05:19:00,2026-08-05 05:43:00,29935.75,29938.5,-7.5
MACD_Momentum(12/26/9),LONG,2026-08-05 05:43:00,2026-08-05 06:03:00,29938.5,29970.75,62.5
MACD_Momentum(12/26/9),SHORT,2026-08-05 06:03:00,2026-08-05 06:12:00,29970.75,29987.75,-36.0
MACD_Momentum(12/26/9),LONG,2026-08-05 06:12:00,2026-08-05 06:15:00,29987.75,29980.25,-17.0
MACD_Momentum(12/26/9),SHORT,2026-08-05 06:15:00,2026-08-05 06:33:00,29980.25,29956.25,46.0
MACD_Momentum(12/26/9),LONG,2026-08-05 06:33:00,2026-08-05 06:44:00,29956.25,29937.0,-40.5
MACD_Momentum(12/26/9),SHORT,2026-08-05 06:44:00,2026-08-05 06:48:00,29937.0,29948.0,-24.0
MACD_Momentum(12/26/9),LONG,2026-08-05 06:48:00,2026-08-05 07:10:00,29948.0,29961.5,25.0
MACD_Momentum(12/26/9),SHORT,2026-08-05 07:10:00,2026-08-05 07:40:00,29961.5,29907.0,107.0
MACD_Momentum(12/26/9),LONG,2026-08-05 07:40:00,2026-08-05 07:43:00,29907.0,29887.75,-40.5
MACD_Momentum(12/26/9),SHORT,2026-08-05 07:43:00,2026-08-05 07:47:00,29887.75,29905.5,-37.5
MACD_Momentum(12/26/9),LONG,2026-08-05 07:47:00,2026-08-05 08:10:00,29905.5,29885.0,-43.0
MACD_Momentum(12/26/9),SHORT,2026-08-05 08:10:00,2026-08-05 08:34:00,29885.0,29829.25,109.5
MACD_Momentum(12/26/9),LONG,2026-08-05 08:34:00,2026-08-05 09:15:00,29829.25,29833.5,6.5
MACD_Momentum(12/26/9),SHORT,2026-08-05 09:15:00,2026-08-05 09:23:00,29833.5,29849.5,-34.0
MACD_Momentum(12/26/9),LONG,2026-08-05 09:23:00,2026-08-05 09:44:00,29849.5,29876.75,52.5
MACD_Momentum(12/26/9),SHORT,2026-08-05 09:44:00,2026-08-05 10:20:00,29876.75,29850.25,51.0
MACD_Momentum(12/26/9),LONG,2026-08-05 10:20:00,2026-08-05 10:41:00,29850.25,29861.0,19.5
MACD_Momentum(12/26/9),SHORT,2026-08-05 10:41:00,2026-08-05 10:54:00,29861.0,29868.0,-16.0
MACD_Momentum(12/26/9),LONG,2026-08-05 10:54:00,2026-08-05 11:16:00,29868.0,29906.5,75.0
MACD_Momentum(12/26/9),SHORT,2026-08-05 11:16:00,2026-08-05 11:35:00,29906.5,29925.5,-40.0
MACD_Momentum(12/26/9),LONG,2026-08-05 11:35:00,2026-08-05 11:42:00,29925.5,29920.25,-12.5
MACD_Momentum(12/26/9),SHORT,2026-08-05 11:42:00,2026-08-05 11:50:00,29920.25,29939.25,-40.0
MACD_Momentum(12/26/9),LONG,2026-08-05 11:50:00,2026-08-05 11:53:00,29939.25,29920.0,-40.5
MACD_Momentum(12/26/9),SHORT,2026-08-05 11:53:00,2026-08-05 12:14:00,29920.0,29920.0,-2.0
MACD_Momentum(12/26/9),LONG,2026-08-05 12:14:00,2026-08-05 12:32:00,29920.0,29905.25,-31.5
MACD_Momentum(12/26/9),SHORT,2026-08-05 12:32:00,2026-08-05 12:36:00,29905.25,29942.5,-76.5
MACD_Momentum(12/26/9),LONG,2026-08-05 12:36:00,2026-08-05 12:51:00,29942.5,29938.75,-9.5
MACD_Momentum(12/26/9),SHORT,2026-08-05 12:51:00,2026-08-05 13:03:00,29938.75,29941.0,-6.5
MACD_Momentum(12/26/9),LONG,2026-08-05 13:03:00,2026-08-05 13:14:00,29941.0,29933.5,-17.0
MACD_Momentum(12/26/9),SHORT,2026-08-05 13:14:00,2026-08-05 13:28:00,29933.5,29945.5,-26.0
MACD_Momentum(12/26/9),LONG,2026-08-05 13:28:00,2026-08-05 13:52:00,29945.5,30009.25,125.5
MACD_Momentum(12/26/9),SHORT,2026-08-05 13:52:00,2026-08-05 14:11:00,30009.25,30018.25,-20.0
MACD_Momentum(12/26/9),LONG,2026-08-05 14:11:00,2026-08-05 14:13:00,30018.25,29990.0,-58.5
MACD_Momentum(12/26/9),SHORT,2026-08-05 14:13:00,2026-08-05 14:14:00,29990.0,30004.5,-31.0
MACD_Momentum(12/26/9),LONG,2026-08-05 14:14:00,2026-08-05 14:20:00,30004.5,29973.5,-64.0
MACD_Momentum(12/26/9),SHORT,2026-08-05 14:20:00,2026-08-05 14:45:00,29973.5,29859.5,226.0
MACD_Momentum(12/26/9),LONG,2026-08-05 14:45:00,2026-08-05 14:54:00,29859.5,29798.0,-125.0
MACD_Momentum(12/26/9),SHORT,2026-08-05 14:54:00,2026-08-05 14:58:00,29798.0,29848.75,-103.5
MACD_Momentum(12/26/9),LONG,2026-08-05 14:58:00,2026-08-05 15:16:00,29848.75,29819.75,-60.0
MACD_Momentum(12/26/9),SHORT,2026-08-05 15:16:00,2026-08-05 15:23:00,29819.75,29835.75,-34.0
MACD_Momentum(12/26/9),LONG,2026-08-05 15:23:00,2026-08-05 15:25:00,29835.75,29818.0,-37.5
MACD_Momentum(12/26/9),SHORT,2026-08-05 15:25:00,2026-08-05 15:31:00,29818.0,29832.5,-31.0
MACD_Momentum(12/26/9),LONG,2026-08-05 15:31:00,2026-08-05 15:45:00,29832.5,29818.5,-30.0
MACD_Momentum(12/26/9),SHORT,2026-08-05 15:45:00,2026-08-05 16:06:00,29818.5,29759.25,116.5
MACD_Momentum(12/26/9),LONG,2026-08-05 16:06:00,2026-08-05 16:09:00,29759.25,29716.0,-88.5
MACD_Momentum(12/26/9),SHORT,2026-08-05 16:09:00,2026-08-05 16:15:00,29716.0,29732.25,-34.5
MACD_Momentum(12/26/9),LONG,2026-08-05 16:15:00,2026-08-05 16:36:00,29732.25,29784.5,102.5
MACD_Momentum(12/26/9),SHORT,2026-08-05 16:36:00,2026-08-05 16:42:00,29784.5,29809.25,-51.5
MACD_Momentum(12/26/9),LONG,2026-08-05 16:42:00,2026-08-05 16:43:00,29809.25,29789.75,-41.0
MACD_Momentum(12/26/9),SHORT,2026-08-05 16:43:00,2026-08-05 16:53:00,29789.75,29807.75,-38.0
MACD_Momentum(12/26/9),LONG,2026-08-05 16:53:00,2026-08-05 16:59:00,29807.75,29808.25,-1.0
MACD_Momentum(12/26/9),SHORT,2026-08-05 16:59:00,2026-08-05 17:26:00,29808.25,29767.75,79.0
MACD_Momentum(12/26/9),LONG,2026-08-05 17:26:00,2026-08-05 17:46:00,29767.75,29748.25,-41.0
MACD_Momentum(12/26/9),SHORT,2026-08-05 17:46:00,2026-08-05 17:48:00,29748.25,29761.75,-29.0
MACD_Momentum(12/26/9),LONG,2026-08-05 17:48:00,2026-08-05 17:56:00,29761.75,29753.25,-19.0
MACD_Momentum(12/26/9),SHORT,2026-08-05 17:56:00,2026-08-05 17:57:00,29753.25,29761.5,-18.5
MACD_Momentum(12/26/9),LONG,2026-08-05 17:57:00,2026-08-05 18:15:00,29761.5,29763.0,1.0
MACD_Momentum(12/26/9),SHORT,2026-08-05 18:15:00,2026-08-05 18:16:00,29763.0,29781.0,-38.0
MACD_Momentum(12/26/9),LONG,2026-08-05 18:16:00,2026-08-05 18:18:00,29781.0,29764.0,-36.0
MACD_Momentum(12/26/9),SHORT,2026-08-05 18:18:00,2026-08-05 18:46:00,29764.0,29758.0,10.0
MACD_Momentum(12/26/9),LONG,2026-08-05 18:46:00,2026-08-05 18:56:00,29758.0,29732.25,-53.5
MACD_Momentum(12/26/9),SHORT,2026-08-05 18:56:00,2026-08-05 19:02:00,29732.25,29750.75,-39.0
MACD_Momentum(12/26/9),LONG,2026-08-05 19:02:00,2026-08-05 19:21:00,29750.75,29768.75,34.0
MACD_Momentum(12/26/9),SHORT,2026-08-05 19:21:00,2026-08-05 19:51:00,29768.75,29715.25,105.0
MACD_Momentum(12/26/9),LONG,2026-08-05 19:51:00,2026-08-05 19:57:00,29715.25,29680.75,-71.0
MACD_Momentum(12/26/9),SHORT,2026-08-05 19:57:00,2026-08-05 20:12:00,29680.75,29593.0,173.5
MACD_Momentum(12/26/9),LONG,2026-08-05 20:12:00,2026-08-05 20:53:00,29593.0,29580.25,-27.5
MACD_Momentum(12/26/9),SHORT,2026-08-05 20:53:00,2026-08-05 20:55:00,29580.25,29596.75,-35.0
MACD_Momentum(12/26/9),LONG,2026-08-05 20:55:00,2026-08-05 22:02:00,29596.75,29586.0,-23.5
MACD_Momentum(12/26/9),SHORT,2026-08-05 22:02:00,2026-08-05 22:18:00,29586.0,29583.75,2.5
MACD_Momentum(12/26/9),LONG,2026-08-05 22:18:00,2026-08-05 22:42:00,29583.75,29662.0,154.5
MACD_Momentum(12/26/9),SHORT,2026-08-05 22:42:00,2026-08-05 23:11:00,29662.0,29623.25,75.5
MACD_Momentum(12/26/9),LONG,2026-08-05 23:11:00,2026-08-05 23:32:00,29623.25,29628.0,7.5
MACD_Momentum(12/26/9),SHORT,2026-08-05 23:32:00,2026-08-05 23:54:00,29628.0,29579.75,94.5
MACD_Momentum(12/26/9),LONG,2026-08-05 23:54:00,2026-08-06 00:02:00,29579.75,29556.75,-48.0
MACD_Momentum(12/26/9),SHORT,2026-08-06 00:02:00,2026-08-06 00:05:00,29556.75,29570.25,-29.0
MACD_Momentum(12/26/9),LONG,2026-08-06 00:05:00,2026-08-06 00:18:00,29570.25,29563.0,-16.5
MACD_Momentum(12/26/9),SHORT,2026-08-06 00:18:00,2026-08-06 00:20:00,29563.0,29588.5,-53.0
MACD_Momentum(12/26/9),LONG,2026-08-06 00:20:00,2026-08-06 00:29:00,29588.5,29556.75,-65.5
MACD_Momentum(12/26/9),SHORT,2026-08-06 00:29:00,2026-08-06 00:41:00,29556.75,29582.25,-53.0
MACD_Momentum(12/26/9),LONG,2026-08-06 00:41:00,2026-08-06 00:48:00,29582.25,29554.25,-58.0
MACD_Momentum(12/26/9),SHORT,2026-08-06 00:48:00,2026-08-06 00:49:00,29554.25,29571.75,-37.0
MACD_Momentum(12/26/9),LONG,2026-08-06 00:49:00,2026-08-06 00:51:00,29571.75,29552.5,-40.5
MACD_Momentum(12/26/9),SHORT,2026-08-06 00:51:00,2026-08-06 01:10:00,29552.5,29516.5,70.0
MACD_Momentum(12/26/9),LONG,2026-08-06 01:10:00,2026-08-06 01:17:00,29516.5,29496.25,-42.5
MACD_Momentum(12/26/9),SHORT,2026-08-06 01:17:00,2026-08-06 01:31:00,29496.25,29493.0,4.5
MACD_Momentum(12/26/9),LONG,2026-08-06 01:31:00,2026-08-06 01:46:00,29493.0,29477.75,-32.5
MACD_Momentum(12/26/9),SHORT,2026-08-06 01:46:00,2026-08-06 01:47:00,29477.75,29493.75,-34.0
MACD_Momentum(12/26/9),LONG,2026-08-06 01:47:00,2026-08-06 02:00:00,29493.75,29497.0,4.5
MACD_Momentum(12/26/9),SHORT,2026-08-06 02:00:00,2026-08-06 02:08:00,29497.0,29518.75,-45.5
MACD_Momentum(12/26/9),LONG,2026-08-06 02:08:00,2026-08-06 02:28:00,29518.75,29550.5,61.5
MACD_Momentum(12/26/9),SHORT,2026-08-06 02:28:00,2026-08-06 02:35:00,29550.5,29578.0,-57.0
MACD_Momentum(12/26/9),LONG,2026-08-06 02:35:00,2026-08-06 02:39:00,29578.0,29572.0,-14.0
MACD_Momentum(12/26/9),SHORT,2026-08-06 02:39:00,2026-08-06 02:42:00,29572.0,29591.25,-40.5
MACD_Momentum(12/26/9),LONG,2026-08-06 02:42:00,2026-08-06 02:51:00,29591.25,29603.25,22.0
MACD_Momentum(12/26/9),SHORT,2026-08-06 02:51:00,2026-08-06 03:35:00,29603.25,29540.25,124.0
MACD_Momentum(12/26/9),LONG,2026-08-06 03:35:00,2026-08-06 03:55:00,29540.25,29551.25,20.0
MACD_Momentum(12/26/9),SHORT,2026-08-06 03:55:00,2026-08-06 03:58:00,29551.25,29565.0,-29.5
MACD_Momentum(12/26/9),LONG,2026-08-06 03:58:00,2026-08-06 04:34:00,29565.0,29574.75,17.5
MACD_Momentum(12/26/9),SHORT,2026-08-06 04:34:00,2026-08-06 04:52:00,29574.75,29560.5,26.5
MACD_Momentum(12/26/9),LONG,2026-08-06 04:52:00,2026-08-06 05:12:00,29560.5,29569.0,15.0
MACD_Momentum(12/26/9),SHORT,2026-08-06 05:12:00,2026-08-06 05:17:00,29569.0,29591.5,-47.0
MACD_Momentum(12/26/9),LONG,2026-08-06 05:17:00,2026-08-06 05:19:00,29591.5,29572.75,-39.5
MACD_Momentum(12/26/9),SHORT,2026-08-06 05:19:00,2026-08-06 05:45:00,29572.75,29582.0,-20.5
MACD_Momentum(12/26/9),LONG,2026-08-06 05:45:00,2026-08-06 05:49:00,29582.0,29548.25,-69.5
MACD_Momentum(12/26/9),SHORT,2026-08-06 05:49:00,2026-08-06 05:54:00,29548.25,29570.0,-45.5
MACD_Momentum(12/26/9),LONG,2026-08-06 05:54:00,2026-08-06 06:02:00,29570.0,29552.75,-36.5
MACD_Momentum(12/26/9),SHORT,2026-08-06 06:02:00,2026-08-06 06:24:00,29552.75,29506.0,91.5
MACD_Momentum(12/26/9),LONG,2026-08-06 06:24:00,2026-08-06 06:39:00,29506.0,29518.75,23.5
MACD_Momentum(12/26/9),SHORT,2026-08-06 06:39:00,2026-08-06 06:52:00,29518.75,29500.5,34.5
MACD_Momentum(12/26/9),LONG,2026-08-06 06:52:00,2026-08-06 07:22:00,29500.5,29550.75,98.5
MACD_Momentum(12/26/9),SHORT,2026-08-06 07:22:00,2026-08-06 07:48:00,29550.75,29525.75,48.0
MACD_Momentum(12/26/9),LONG,2026-08-06 07:48:00,2026-08-06 07:53:00,29525.75,29506.5,-40.5
MACD_Momentum(12/26/9),SHORT,2026-08-06 07:53:00,2026-08-06 08:01:00,29506.5,29515.75,-20.5
MACD_Momentum(12/26/9),LONG,2026-08-06 08:01:00,2026-08-06 08:02:00,29515.75,29501.5,-30.5
MACD_Momentum(12/26/9),SHORT,2026-08-06 08:02:00,2026-08-06 08:18:00,29501.5,29474.5,52.0
MACD_Momentum(12/26/9),LONG,2026-08-06 08:18:00,2026-08-06 08:43:00,29474.5,29511.5,72.0
MACD_Momentum(12/26/9),SHORT,2026-08-06 08:43:00,2026-08-06 08:54:00,29511.5,29519.5,-18.0
MACD_Momentum(12/26/9),LONG,2026-08-06 08:54:00,2026-08-06 09:01:00,29519.5,29502.25,-36.5
MACD_Momentum(12/26/9),SHORT,2026-08-06 09:01:00,2026-08-06 09:17:00,29502.25,29464.5,73.5
MACD_Momentum(12/26/9),LONG,2026-08-06 09:17:00,2026-08-06 10:05:00,29464.5,29517.25,103.5
MACD_Momentum(12/26/9),SHORT,2026-08-06 10:05:00,2026-08-06 10:23:00,29517.25,29518.0,-3.5
MACD_Momentum(12/26/9),LONG,2026-08-06 10:23:00,2026-08-06 10:32:00,29518.0,29511.75,-14.5
MACD_Momentum(12/26/9),SHORT,2026-08-06 10:32:00,2026-08-06 10:50:00,29511.75,29487.75,46.0
MACD_Momentum(12/26/9),LONG,2026-08-06 10:50:00,2026-08-06 10:52:00,29487.75,29477.25,-23.0
MACD_Momentum(12/26/9),SHORT,2026-08-06 10:52:00,2026-08-06 10:53:00,29477.25,29482.0,-11.5
MACD_Momentum(12/26/9),LONG,2026-08-06 10:53:00,2026-08-06 10:54:00,29482.0,29475.25,-15.5
MACD_Momentum(12/26/9),SHORT,2026-08-06 10:54:00,2026-08-06 11:00:00,29475.25,29483.5,-18.5
MACD_Momentum(12/26/9),LONG,2026-08-06 11:00:00,2026-08-06 11:01:00,29483.5,29423.0,-123.0
MACD_Momentum(12/26/9),SHORT,2026-08-06 11:01:00,2026-08-06 11:12:00,29423.0,29406.75,30.5
MACD_Momentum(12/26/9),LONG,2026-08-06 11:12:00,2026-08-06 11:43:00,29406.75,29491.0,166.5
MACD_Momentum(12/26/9),SHORT,2026-08-06 11:43:00,2026-08-06 12:22:00,29491.0,29426.75,126.5
MACD_Momentum(12/26/9),LONG,2026-08-06 12:22:00,2026-08-06 12:44:00,29426.75,29431.0,6.5
MACD_Momentum(12/26/9),SHORT,2026-08-06 12:44:00,2026-08-06 13:19:00,29431.0,29351.25,157.5
MACD_Momentum(12/26/9),LONG,2026-08-06 13:19:00,2026-08-06 13:32:00,29351.25,29307.5,-89.5
MACD_Momentum(12/26/9),SHORT,2026-08-06 13:32:00,2026-08-06 13:36:00,29307.5,29367.75,-122.5
MACD_Momentum(12/26/9),LONG,2026-08-06 13:36:00,2026-08-06 13:57:00,29367.75,29499.0,260.5
MACD_Momentum(12/26/9),SHORT,2026-08-06 13:57:00,2026-08-06 14:09:00,29499.0,29575.0,-154.0
MACD_Momentum(12/26/9),LONG,2026-08-06 14:09:00,2026-08-06 14:24:00,29575.0,29643.75,135.5
MACD_Momentum(12/26/9),SHORT,2026-08-06 14:24:00,2026-08-06 14:55:00,29643.75,29616.0,53.5
MACD_Momentum(12/26/9),LONG,2026-08-06 14:55:00,2026-08-06 15:15:00,29616.0,29646.25,58.5
MACD_Momentum(12/26/9),SHORT,2026-08-06 15:15:00,2026-08-06 15:31:00,29646.25,29621.75,47.0
MACD_Momentum(12/26/9),LONG,2026-08-06 15:31:00,2026-08-06 15:33:00,29621.75,29580.0,-85.5
MACD_Momentum(12/26/9),SHORT,2026-08-06 15:33:00,2026-08-06 15:47:00,29580.0,29587.0,-16.0
MACD_Momentum(12/26/9),LONG,2026-08-06 15:47:00,2026-08-06 15:55:00,29587.0,29525.75,-124.5
MACD_Momentum(12/26/9),SHORT,2026-08-06 15:55:00,2026-08-06 16:09:00,29525.75,29524.0,1.5
MACD_Momentum(12/26/9),LONG,2026-08-06 16:09:00,2026-08-06 16:15:00,29524.0,29488.5,-73.0
MACD_Momentum(12/26/9),SHORT,2026-08-06 16:15:00,2026-08-06 16:19:00,29488.5,29499.75,-24.5
MACD_Momentum(12/26/9),LONG,2026-08-06 16:19:00,2026-08-06 16:23:00,29499.75,29467.5,-66.5
MACD_Momentum(12/26/9),SHORT,2026-08-06 16:23:00,2026-08-06 16:25:00,29467.5,29488.75,-44.5
MACD_Momentum(12/26/9),LONG,2026-08-06 16:25:00,2026-08-06 16:47:00,29488.75,29471.0,-37.5
MACD_Momentum(12/26/9),SHORT,2026-08-06 16:47:00,2026-08-06 16:50:00,29471.0,29514.0,-88.0
MACD_Momentum(12/26/9),LONG,2026-08-06 16:50:00,2026-08-06 17:09:00,29514.0,29539.5,49.0
MACD_Momentum(12/26/9),SHORT,2026-08-06 17:09:00,2026-08-06 17:29:00,29539.5,29543.25,-9.5
MACD_Momentum(12/26/9),LONG,2026-08-06 17:29:00,2026-08-06 17:30:00,29543.25,29526.5,-35.5
MACD_Momentum(12/26/9),SHORT,2026-08-06 17:30:00,2026-08-06 17:53:00,29526.5,29526.5,-2.0
MACD_Momentum(12/26/9),LONG,2026-08-06 17:53:00,2026-08-06 18:27:00,29526.5,29551.75,48.5
MACD_Momentum(12/26/9),SHORT,2026-08-06 18:27:00,2026-08-06 18:56:00,29551.75,29518.75,64.0
MACD_Momentum(12/26/9),LONG,2026-08-06 18:56:00,2026-08-06 19:15:00,29518.75,29535.5,31.5
MACD_Momentum(12/26/9),SHORT,2026-08-06 19:15:00,2026-08-06 19:33:00,29535.5,29536.5,-4.0
MACD_Momentum(12/26/9),LONG,2026-08-06 19:33:00,2026-08-06 19:39:00,29536.5,29513.0,-49.0
MACD_Momentum(12/26/9),SHORT,2026-08-06 19:39:00,2026-08-06 19:54:00,29513.0,29516.25,-8.5
MACD_Momentum(12/26/9),LONG,2026-08-06 19:54:00,2026-08-06 20:15:00,29516.25,29536.75,39.0
MACD_Momentum(12/26/9),SHORT,2026-08-06 20:15:00,2026-08-06 20:36:00,29536.75,29496.5,78.5
MACD_Momentum(12/26/9),LONG,2026-08-06 20:36:00,2026-08-06 22:22:00,29496.5,29565.0,135.0
MACD_Momentum(12/26/9),SHORT,2026-08-06 22:22:00,2026-08-06 22:44:00,29565.0,29548.75,30.5
MACD_Momentum(12/26/9),LONG,2026-08-06 22:44:00,2026-08-06 23:07:00,29548.75,29558.0,16.5
MACD_Momentum(12/26/9),SHORT,2026-08-06 23:07:00,2026-08-06 23:19:00,29558.0,29569.0,-24.0
MACD_Momentum(12/26/9),LONG,2026-08-06 23:19:00,2026-08-06 23:30:00,29569.0,29572.5,5.0
MACD_Momentum(12/26/9),SHORT,2026-08-06 23:30:00,2026-08-06 23:48:00,29572.5,29587.0,-31.0
MACD_Momentum(12/26/9),LONG,2026-08-06 23:48:00,2026-08-07 00:00:00,29587.0,29595.25,14.5
MACD_Momentum(12/26/9),SHORT,2026-08-07 00:00:00,2026-08-07 00:03:00,29595.25,29606.0,-23.5
MACD_Momentum(12/26/9),LONG,2026-08-07 00:03:00,2026-08-07 00:09:00,29606.0,29595.75,-22.5
MACD_Momentum(12/26/9),SHORT,2026-08-07 00:09:00,2026-08-07 00:32:00,29595.75,29510.0,169.5
MACD_Momentum(12/26/9),LONG,2026-08-07 00:32:00,2026-08-07 00:48:00,29510.0,29508.25,-5.5
MACD_Momentum(12/26/9),SHORT,2026-08-07 00:48:00,2026-08-07 00:53:00,29508.25,29557.25,-100.0
MACD_Momentum(12/26/9),LONG,2026-08-07 00:53:00,2026-08-07 01:10:00,29557.25,29562.0,7.5
MACD_Momentum(12/26/9),SHORT,2026-08-07 01:10:00,2026-08-07 01:28:00,29562.0,29519.0,84.0
MACD_Momentum(12/26/9),LONG,2026-08-07 01:28:00,2026-08-07 01:39:00,29519.0,29512.0,-16.0
MACD_Momentum(12/26/9),SHORT,2026-08-07 01:39:00,2026-08-07 01:46:00,29512.0,29537.25,-52.5
MACD_Momentum(12/26/9),LONG,2026-08-07 01:46:00,2026-08-07 01:48:00,29537.25,29509.0,-58.5
MACD_Momentum(12/26/9),SHORT,2026-08-07 01:48:00,2026-08-07 01:50:00,29509.0,29532.5,-49.0
MACD_Momentum(12/26/9),LONG,2026-08-07 01:50:00,2026-08-07 01:52:00,29532.5,29517.5,-32.0
MACD_Momentum(12/26/9),SHORT,2026-08-07 01:52:00,2026-08-07 01:55:00,29517.5,29524.5,-16.0
MACD_Momentum(12/26/9),LONG,2026-08-07 01:55:00,2026-08-07 02:10:00,29524.5,29511.0,-29.0
MACD_Momentum(12/26/9),SHORT,2026-08-07 02:10:00,2026-08-07 02:16:00,29511.0,29538.25,-56.5
MACD_Momentum(12/26/9),LONG,2026-08-07 02:16:00,2026-08-07 02:22:00,29538.25,29519.75,-39.0
MACD_Momentum(12/26/9),SHORT,2026-08-07 02:22:00,2026-08-07 02:24:00,29519.75,29539.75,-42.0
MACD_Momentum(12/26/9),LONG,2026-08-07 02:24:00,2026-08-07 02:26:00,29539.75,29528.75,-24.0
MACD_Momentum(12/26/9),SHORT,2026-08-07 02:26:00,2026-08-07 02:46:00,29528.75,29503.0,49.5
MACD_Momentum(12/26/9),LONG,2026-08-07 02:46:00,2026-08-07 03:12:00,29503.0,29540.25,72.5
MACD_Momentum(12/26/9),SHORT,2026-08-07 03:12:00,2026-08-07 03:31:00,29540.25,29511.25,56.0
MACD_Momentum(12/26/9),LONG,2026-08-07 03:31:00,2026-08-07 03:44:00,29511.25,29497.5,-29.5
MACD_Momentum(12/26/9),SHORT,2026-08-07 03:44:00,2026-08-07 03:49:00,29497.5,29508.25,-23.5
MACD_Momentum(12/26/9),LONG,2026-08-07 03:49:00,2026-08-07 03:54:00,29508.25,29492.25,-34.0
MACD_Momentum(12/26/9),SHORT,2026-08-07 03:54:00,2026-08-07 04:21:00,29492.25,29491.25,0.0
MACD_Momentum(12/26/9),LONG,2026-08-07 04:21:00,2026-08-07 04:38:00,29491.25,29503.0,21.5
MACD_Momentum(12/26/9),SHORT,2026-08-07 04:38:00,2026-08-07 04:55:00,29503.0,29507.0,-10.0
MACD_Momentum(12/26/9),LONG,2026-08-07 04:55:00,2026-08-07 05:18:00,29507.0,29543.25,70.5
MACD_Momentum(12/26/9),SHORT,2026-08-07 05:18:00,2026-08-07 05:52:00,29543.25,29532.5,19.5
MACD_Momentum(12/26/9),LONG,2026-08-07 05:52:00,2026-08-07 05:53:00,29532.5,29528.25,-10.5
MACD_Momentum(12/26/9),SHORT,2026-08-07 05:53:00,2026-08-07 05:54:00,29528.25,29531.0,-7.5
MACD_Momentum(12/26/9),LONG,2026-08-07 05:54:00,2026-08-07 06:00:00,29531.0,29523.5,-17.0
MACD_Momentum(12/26/9),SHORT,2026-08-07 06:00:00,2026-08-07 06:05:00,29523.5,29540.75,-36.5
MACD_Momentum(12/26/9),LONG,2026-08-07 06:05:00,2026-08-07 06:19:00,29540.75,29548.75,14.0
MACD_Momentum(12/26/9),SHORT,2026-08-07 06:19:00,2026-08-07 06:25:00,29548.75,29572.0,-48.5
MACD_Momentum(12/26/9),LONG,2026-08-07 06:25:00,2026-08-07 06:37:00,29572.0,29570.75,-4.5
MACD_Momentum(12/26/9),SHORT,2026-08-07 06:37:00,2026-08-07 06:58:00,29570.75,29547.5,44.5
MACD_Momentum(12/26/9),LONG,2026-08-07 06:58:00,2026-08-07 07:05:00,29547.5,29536.5,-24.0
MACD_Momentum(12/26/9),SHORT,2026-08-07 07:05:00,2026-08-07 07:06:00,29536.5,29549.0,-27.0
MACD_Momentum(12/26/9),LONG,2026-08-07 07:06:00,2026-08-07 07:23:00,29549.0,29578.0,56.0
MACD_Momentum(12/26/9),SHORT,2026-08-07 07:23:00,2026-08-07 07:43:00,29578.0,29584.5,-15.0
MACD_Momentum(12/26/9),LONG,2026-08-07 07:43:00,2026-08-07 07:46:00,29584.5,29575.75,-19.5
MACD_Momentum(12/26/9),SHORT,2026-08-07 07:46:00,2026-08-07 07:57:00,29575.75,29583.0,-16.5
MACD_Momentum(12/26/9),LONG,2026-08-07 07:57:00,2026-08-07 08:18:00,29583.0,29607.0,46.0
MACD_Momentum(12/26/9),SHORT,2026-08-07 08:18:00,2026-08-07 08:28:00,29607.0,29625.75,-39.5
MACD_Momentum(12/26/9),LONG,2026-08-07 08:28:00,2026-08-07 08:37:00,29625.75,29611.75,-30.0
MACD_Momentum(12/26/9),SHORT,2026-08-07 08:37:00,2026-08-07 08:58:00,29611.75,29631.25,-41.0
MACD_Momentum(12/26/9),LONG,2026-08-07 08:58:00,2026-08-07 09:08:00,29631.25,29625.25,-14.0
MACD_Momentum(12/26/9),SHORT,2026-08-07 09:08:00,2026-08-07 09:15:00,29625.25,29642.0,-35.5
MACD_Momentum(12/26/9),LONG,2026-08-07 09:15:00,2026-08-07 09:18:00,29642.0,29633.25,-19.5
MACD_Momentum(12/26/9),SHORT,2026-08-07 09:18:00,2026-08-07 09:25:00,29633.25,29644.0,-23.5
MACD_Momentum(12/26/9),LONG,2026-08-07 09:25:00,2026-08-07 09:28:00,29644.0,29633.75,-22.5
MACD_Momentum(12/26/9),SHORT,2026-08-07 09:28:00,2026-08-07 09:34:00,29633.75,29644.0,-22.5
MACD_Momentum(12/26/9),LONG,2026-08-07 09:34:00,2026-08-07 09:35:00,29644.0,29633.5,-23.0
MACD_Momentum(12/26/9),SHORT,2026-08-07 09:35:00,2026-08-07 09:36:00,29633.5,29641.25,-17.5
MACD_Momentum(12/26/9),LONG,2026-08-07 09:36:00,2026-08-07 09:40:00,29641.25,29635.5,-13.5
MACD_Momentum(12/26/9),SHORT,2026-08-07 09:40:00,2026-08-07 10:04:00,29635.5,29626.25,16.5
MACD_Momentum(12/26/9),LONG,2026-08-07 10:04:00,2026-08-07 10:09:00,29626.25,29615.5,-23.5
MACD_Momentum(12/26/9),SHORT,2026-08-07 10:09:00,2026-08-07 10:14:00,29615.5,29620.75,-12.5
MACD_Momentum(12/26/9),LONG,2026-08-07 10:14:00,2026-08-07 10:15:00,29620.75,29609.25,-25.0
MACD_Momentum(12/26/9),SHORT,2026-08-07 10:15:00,2026-08-07 10:26:00,29609.25,29608.75,-1.0
MACD_Momentum(12/26/9),LONG,2026-08-07 10:26:00,2026-08-07 10:48:00,29608.75,29614.5,9.5
MACD_Momentum(12/26/9),SHORT,2026-08-07 10:48:00,2026-08-07 11:01:00,29614.5,29633.5,-40.0
MACD_Momentum(12/26/9),LONG,2026-08-07 11:01:00,2026-08-07 11:18:00,29633.5,29638.5,8.0
MACD_Momentum(12/26/9),SHORT,2026-08-07 11:18:00,2026-08-07 11:19:00,29638.5,29645.5,-16.0
MACD_Momentum(12/26/9),LONG,2026-08-07 11:19:00,2026-08-07 11:20:00,29645.5,29640.25,-12.5
MACD_Momentum(12/26/9),SHORT,2026-08-07 11:20:00,2026-08-07 11:27:00,29640.25,29651.0,-23.5
MACD_Momentum(12/26/9),LONG,2026-08-07 11:27:00,2026-08-07 11:32:00,29651.0,29649.75,-4.5
MACD_Momentum(12/26/9),SHORT,2026-08-07 11:32:00,2026-08-07 11:36:00,29649.75,29659.75,-22.0
MACD_Momentum(12/26/9),LONG,2026-08-07 11:36:00,2026-08-07 11:38:00,29659.75,29653.0,-15.5
MACD_Momentum(12/26/9),SHORT,2026-08-07 11:38:00,2026-08-07 11:42:00,29653.0,29663.5,-23.0
MACD_Momentum(12/26/9),LONG,2026-08-07 11:42:00,2026-08-07 11:47:00,29663.5,29664.5,0.0
MACD_Momentum(12/26/9),SHORT,2026-08-07 11:47:00,2026-08-07 12:03:00,29664.5,29663.25,0.5
MACD_Momentum(12/26/9),LONG,2026-08-07 12:03:00,2026-08-07 12:22:00,29663.25,29650.0,-28.5
MACD_Momentum(12/26/9),SHORT,2026-08-07 12:22:00,2026-08-07 12:28:00,29650.0,29661.5,-25.0
MACD_Momentum(12/26/9),LONG,2026-08-07 12:28:00,2026-08-07 12:55:00,29661.5,29849.25,373.5
MACD_Momentum(12/26/9),SHORT,2026-08-07 12:55:00,2026-08-07 13:31:00,29849.25,29728.5,239.5
MACD_Momentum(12/26/9),LONG,2026-08-07 13:31:00,2026-08-07 13:42:00,29728.5,29721.25,-16.5
MACD_Momentum(12/26/9),SHORT,2026-08-07 13:42:00,2026-08-07 13:44:00,29721.25,29777.0,-113.5
MACD_Momentum(12/26/9),LONG,2026-08-07 13:44:00,2026-08-07 13:56:00,29777.0,29741.0,-74.0
MACD_Momentum(12/26/9),SHORT,2026-08-07 13:56:00,2026-08-07 14:17:00,29741.0,29653.25,173.5
MACD_Momentum(12/26/9),LONG,2026-08-07 14:17:00,2026-08-07 14:36:00,29653.25,29703.75,99.0
MACD_Momentum(12/26/9),SHORT,2026-08-07 14:36:00,2026-08-07 14:50:00,29703.75,29707.75,-10.0
MACD_Momentum(12/26/9),LONG,2026-08-07 14:50:00,2026-08-07 14:53:00,29707.75,29684.75,-48.0
MACD_Momentum(12/26/9),SHORT,2026-08-07 14:53:00,2026-08-07 14:58:00,29684.75,29712.5,-57.5
MACD_Momentum(12/26/9),LONG,2026-08-07 14:58:00,2026-08-07 15:16:00,29712.5,29754.5,82.0
MACD_Momentum(12/26/9),SHORT,2026-08-07 15:16:00,2026-08-07 15:23:00,29754.5,29780.0,-53.0
MACD_Momentum(12/26/9),LONG,2026-08-07 15:23:00,2026-08-07 15:37:00,29780.0,29824.75,87.5
MACD_Momentum(12/26/9),SHORT,2026-08-07 15:37:00,2026-08-07 16:08:00,29824.75,29827.0,-6.5
MACD_Momentum(12/26/9),LONG,2026-08-07 16:08:00,2026-08-07 16:14:00,29827.0,29807.25,-41.5
MACD_Momentum(12/26/9),SHORT,2026-08-07 16:14:00,2026-08-07 16:36:00,29807.25,29728.75,155.0
MACD_Momentum(12/26/9),LONG,2026-08-07 16:36:00,2026-08-07 16:58:00,29728.75,29746.75,34.0
MACD_Momentum(12/26/9),SHORT,2026-08-07 16:58:00,2026-08-07 17:06:00,29746.75,29756.0,-20.5
MACD_Momentum(12/26/9),LONG,2026-08-07 17:06:00,2026-08-07 17:13:00,29756.0,29742.75,-28.5
MACD_Momentum(12/26/9),SHORT,2026-08-07 17:13:00,2026-08-07 17:20:00,29742.75,29757.0,-30.5
MACD_Momentum(12/26/9),LONG,2026-08-07 17:20:00,2026-08-07 17:25:00,29757.0,29732.0,-52.0
MACD_Momentum(12/26/9),SHORT,2026-08-07 17:25:00,2026-08-07 17:32:00,29732.0,29743.5,-25.0
MACD_Momentum(12/26/9),LONG,2026-08-07 17:32:00,2026-08-07 17:33:00,29743.5,29739.0,-11.0
MACD_Momentum(12/26/9),SHORT,2026-08-07 17:33:00,2026-08-07 17:37:00,29739.0,29748.75,-21.5
MACD_Momentum(12/26/9),LONG,2026-08-07 17:37:00,2026-08-07 17:52:00,29748.75,29743.75,-12.0
MACD_Momentum(12/26/9),SHORT,2026-08-07 17:52:00,2026-08-07 17:58:00,29743.75,29757.0,-28.5
MACD_Momentum(12/26/9),LONG,2026-08-07 17:58:00,2026-08-07 18:01:00,29757.0,29743.25,-29.5
MACD_Momentum(12/26/9),SHORT,2026-08-07 18:01:00,2026-08-07 18:02:00,29743.25,29753.75,-23.0
MACD_Momentum(12/26/9),LONG,2026-08-07 18:02:00,2026-08-07 18:06:00,29753.75,29739.5,-30.5
MACD_Momentum(12/26/9),SHORT,2026-08-07 18:06:00,2026-08-07 18:33:00,29739.5,29715.75,45.5
MACD_Momentum(12/26/9),LONG,2026-08-07 18:33:00,2026-08-07 18:36:00,29715.75,29693.75,-46.0
MACD_Momentum(12/26/9),SHORT,2026-08-07 18:36:00,2026-08-07 18:42:00,29693.75,29699.0,-12.5
MACD_Momentum(12/26/9),LONG,2026-08-07 18:42:00,2026-08-07 18:44:00,29699.0,29692.5,-15.0
MACD_Momentum(12/26/9),SHORT,2026-08-07 18:44:00,2026-08-07 18:50:00,29692.5,29699.75,-16.5
MACD_Momentum(12/26/9),LONG,2026-08-07 18:50:00,2026-08-07 19:20:00,29699.75,29793.25,185.0
MACD_Momentum(12/26/9),SHORT,2026-08-07 19:20:00,2026-08-07 19:51:00,29793.25,29809.0,-33.5
MACD_Momentum(12/26/9),LONG,2026-08-07 19:51:00,2026-08-07 20:05:00,29809.0,29815.5,11.0
MACD_Momentum(12/26/9),SHORT,2026-08-07 20:05:00,2026-08-07 20:35:00,29815.5,29817.0,-5.0
MACD_Momentum(12/26/9),LONG,2026-08-07 20:35:00,2026-08-07 20:46:00,29817.0,29815.0,-6.0
MACD_Momentum(12/26/9),SHORT,2026-08-07 20:46:00,2026-08-07 20:51:00,29815.0,29824.5,-21.0
MACD_Momentum(12/26/9),LONG,2026-08-07 20:51:00,2026-08-09 22:16:00,29824.5,29821.25,-8.5
MACD_Momentum(12/26/9),SHORT,2026-08-09 22:16:00,2026-08-09 22:25:00,29821.25,29834.5,-28.5
MACD_Momentum(12/26/9),LONG,2026-08-09 22:25:00,2026-08-09 22:33:00,29834.5,29833.25,-4.5
MACD_Momentum(12/26/9),SHORT,2026-08-09 22:33:00,2026-08-09 22:42:00,29833.25,29840.5,-16.5
MACD_Momentum(12/26/9),LONG,2026-08-09 22:42:00,2026-08-09 23:00:00,29840.5,29845.25,7.5
MACD_Momentum(12/26/9),SHORT,2026-08-09 23:00:00,2026-08-09 23:05:00,29845.25,29848.5,-8.5
MACD_Momentum(12/26/9),LONG,2026-08-09 23:05:00,2026-08-09 23:07:00,29848.5,29853.5,8.0
MACD_Momentum(12/26/9),SHORT,2026-08-09 23:07:00,2026-08-09 23:08:00,29853.5,29868.75,-32.5
MACD_Momentum(12/26/9),LONG,2026-08-09 23:08:00,2026-08-09 23:18:00,29868.75,29860.75,-18.0
MACD_Momentum(12/26/9),SHORT,2026-08-09 23:18:00,2026-08-09 23:25:00,29860.75,29870.25,-21.0
MACD_Momentum(12/26/9),LONG,2026-08-09 23:25:00,2026-08-09 23:29:00,29870.25,29868.75,-5.0
MACD_Momentum(12/26/9),SHORT,2026-08-09 23:29:00,2026-08-09 23:42:00,29868.75,29851.25,33.0
MACD_Momentum(12/26/9),LONG,2026-08-09 23:42:00,2026-08-09 23:55:00,29851.25,29859.5,14.5
MACD_Momentum(12/26/9),SHORT,2026-08-09 23:55:00,2026-08-10 00:07:00,29859.5,29855.5,6.0
MACD_Momentum(12/26/9),LONG,2026-08-10 00:07:00,2026-08-10 00:20:00,29855.5,29875.0,37.0
MACD_Momentum(12/26/9),SHORT,2026-08-10 00:20:00,2026-08-10 00:49:00,29875.0,29820.25,107.5
MACD_Momentum(12/26/9),LONG,2026-08-10 00:49:00,2026-08-10 01:00:00,29820.25,29803.25,-36.0
MACD_Momentum(12/26/9),SHORT,2026-08-10 01:00:00,2026-08-10 01:02:00,29803.25,29827.5,-50.5
MACD_Momentum(12/26/9),LONG,2026-08-10 01:02:00,2026-08-10 01:30:00,29827.5,29864.0,71.0
MACD_Momentum(12/26/9),SHORT,2026-08-10 01:30:00,2026-08-10 01:42:00,29864.0,29872.5,-19.0
MACD_Momentum(12/26/9),LONG,2026-08-10 01:42:00,2026-08-10 01:43:00,29872.5,29863.5,-20.0
MACD_Momentum(12/26/9),SHORT,2026-08-10 01:43:00,2026-08-10 01:46:00,29863.5,29873.5,-22.0
MACD_Momentum(12/26/9),LONG,2026-08-10 01:46:00,2026-08-10 01:57:00,29873.5,29888.25,27.5
MACD_Momentum(12/26/9),SHORT,2026-08-10 01:57:00,2026-08-10 02:29:00,29888.25,29870.25,34.0
MACD_Momentum(12/26/9),LONG,2026-08-10 02:29:00,2026-08-10 02:35:00,29870.25,29854.75,-33.0
MACD_Momentum(12/26/9),SHORT,2026-08-10 02:35:00,2026-08-10 02:38:00,29854.75,29861.75,-16.0
MACD_Momentum(12/26/9),LONG,2026-08-10 02:38:00,2026-08-10 02:57:00,29861.75,29884.5,43.5
MACD_Momentum(12/26/9),SHORT,2026-08-10 02:57:00,2026-08-10 03:19:00,29884.5,29890.0,-13.0
MACD_Momentum(12/26/9),LONG,2026-08-10 03:19:00,2026-08-10 03:27:00,29890.0,29872.75,-36.5
MACD_Momentum(12/26/9),SHORT,2026-08-10 03:27:00,2026-08-10 03:34:00,29872.75,29884.25,-25.0
MACD_Momentum(12/26/9),LONG,2026-08-10 03:34:00,2026-08-10 03:50:00,29884.25,29893.25,16.0
MACD_Momentum(12/26/9),SHORT,2026-08-10 03:50:00,2026-08-10 04:09:00,29893.25,29888.5,7.5
MACD_Momentum(12/26/9),LONG,2026-08-10 04:09:00,2026-08-10 04:27:00,29888.5,29894.25,9.5
MACD_Momentum(12/26/9),SHORT,2026-08-10 04:27:00,2026-08-10 04:46:00,29894.25,29895.5,-4.5
MACD_Momentum(12/26/9),LONG,2026-08-10 04:46:00,2026-08-10 04:56:00,29895.5,29881.5,-30.0
MACD_Momentum(12/26/9),SHORT,2026-08-10 04:56:00,2026-08-10 05:04:00,29881.5,29892.25,-23.5
MACD_Momentum(12/26/9),LONG,2026-08-10 05:04:00,2026-08-10 05:21:00,29892.25,29915.0,43.5
MACD_Momentum(12/26/9),SHORT,2026-08-10 05:21:00,2026-08-10 05:25:00,29915.0,29922.25,-16.5
MACD_Momentum(12/26/9),LONG,2026-08-10 05:25:00,2026-08-10 05:27:00,29922.25,29917.75,-11.0
MACD_Momentum(12/26/9),SHORT,2026-08-10 05:27:00,2026-08-10 05:51:00,29917.75,29914.5,4.5
MACD_Momentum(12/26/9),LONG,2026-08-10 05:51:00,2026-08-10 06:21:00,29914.5,29937.0,43.0
MACD_Momentum(12/26/9),SHORT,2026-08-10 06:21:00,2026-08-10 06:41:00,29937.0,29917.0,38.0
MACD_Momentum(12/26/9),LONG,2026-08-10 06:41:00,2026-08-10 06:58:00,29917.0,29913.0,-10.0
MACD_Momentum(12/26/9),SHORT,2026-08-10 06:58:00,2026-08-10 07:01:00,29913.0,29918.5,-13.0
MACD_Momentum(12/26/9),LONG,2026-08-10 07:01:00,2026-08-10 07:02:00,29918.5,29907.25,-24.5
MACD_Momentum(12/26/9),SHORT,2026-08-10 07:02:00,2026-08-10 07:05:00,29907.25,29916.75,-21.0
MACD_Momentum(12/26/9),LONG,2026-08-10 07:05:00,2026-08-10 07:07:00,29916.75,29908.75,-18.0
MACD_Momentum(12/26/9),SHORT,2026-08-10 07:07:00,2026-08-10 07:08:00,29908.75,29911.5,-7.5
MACD_Momentum(12/26/9),LONG,2026-08-10 07:08:00,2026-08-10 07:11:00,29911.5,29898.0,-29.0
MACD_Momentum(12/26/9),SHORT,2026-08-10 07:11:00,2026-08-10 07:15:00,29898.0,29914.5,-35.0
MACD_Momentum(12/26/9),LONG,2026-08-10 07:15:00,2026-08-10 07:44:00,29914.5,29963.5,96.0
MACD_Momentum(12/26/9),SHORT,2026-08-10 07:44:00,2026-08-10 08:02:00,29963.5,29957.5,10.0
MACD_Momentum(12/26/9),LONG,2026-08-10 08:02:00,2026-08-10 08:10:00,29957.5,29955.5,-6.0
MACD_Momentum(12/26/9),SHORT,2026-08-10 08:10:00,2026-08-10 08:17:00,29955.5,29968.75,-28.5
MACD_Momentum(12/26/9),LONG,2026-08-10 08:17:00,2026-08-10 08:21:00,29968.75,29946.0,-47.5
MACD_Momentum(12/26/9),SHORT,2026-08-10 08:21:00,2026-08-10 08:36:00,29946.0,29967.25,-44.5
MACD_Momentum(12/26/9),LONG,2026-08-10 08:36:00,2026-08-10 08:44:00,29967.25,29953.0,-30.5
MACD_Momentum(12/26/9),SHORT,2026-08-10 08:44:00,2026-08-10 08:53:00,29953.0,29960.5,-17.0
MACD_Momentum(12/26/9),LONG,2026-08-10 08:53:00,2026-08-10 09:15:00,29960.5,29974.75,26.5
MACD_Momentum(12/26/9),SHORT,2026-08-10 09:15:00,2026-08-10 09:51:00,29974.75,29949.0,49.5
MACD_Momentum(12/26/9),LONG,2026-08-10 09:51:00,2026-08-10 10:11:00,29949.0,29936.0,-28.0
MACD_Momentum(12/26/9),SHORT,2026-08-10 10:11:00,2026-08-10 10:21:00,29936.0,29936.5,-3.0
MACD_Momentum(12/26/9),LONG,2026-08-10 10:21:00,2026-08-10 10:34:00,29936.5,29934.25,-6.5
MACD_Momentum(12/26/9),SHORT,2026-08-10 10:34:00,2026-08-10 10:48:00,29934.25,29923.5,19.5
MACD_Momentum(12/26/9),LONG,2026-08-10 10:48:00,2026-08-10 11:00:00,29923.5,29912.75,-23.5
MACD_Momentum(12/26/9),SHORT,2026-08-10 11:00:00,2026-08-10 11:17:00,29912.75,29876.25,71.0
MACD_Momentum(12/26/9),LONG,2026-08-10 11:17:00,2026-08-10 11:40:00,29876.25,29893.0,31.5
MACD_Momentum(12/26/9),SHORT,2026-08-10 11:40:00,2026-08-10 11:58:00,29893.0,29870.25,43.5
MACD_Momentum(12/26/9),LONG,2026-08-10 11:58:00,2026-08-10 12:14:00,29870.25,29848.75,-45.0
MACD_Momentum(12/26/9),SHORT,2026-08-10 12:14:00,2026-08-10 12:38:00,29848.75,29806.75,82.0
MACD_Momentum(12/26/9),LONG,2026-08-10 12:38:00,2026-08-10 12:52:00,29806.75,29779.25,-57.0
MACD_Momentum(12/26/9),SHORT,2026-08-10 12:52:00,2026-08-10 13:00:00,29779.25,29778.5,-0.5
MACD_Momentum(12/26/9),LONG,2026-08-10 13:00:00,2026-08-10 13:23:00,29778.5,29795.25,31.5
MACD_Momentum(12/26/9),SHORT,2026-08-10 13:23:00,2026-08-10 13:24:00,29795.25,29818.0,-47.5
MACD_Momentum(12/26/9),LONG,2026-08-10 13:24:00,2026-08-10 13:28:00,29818.0,29793.75,-50.5
MACD_Momentum(12/26/9),SHORT,2026-08-10 13:28:00,2026-08-10 13:31:00,29793.75,29824.25,-63.0
MACD_Momentum(12/26/9),LONG,2026-08-10 13:31:00,2026-08-10 13:35:00,29824.25,29741.25,-168.0
MACD_Momentum(12/26/9),SHORT,2026-08-10 13:35:00,2026-08-10 13:46:00,29741.25,29772.0,-63.5
MACD_Momentum(12/26/9),LONG,2026-08-10 13:46:00,2026-08-10 13:56:00,29772.0,29760.0,-26.0
MACD_Momentum(12/26/9),SHORT,2026-08-10 13:56:00,2026-08-10 13:59:00,29760.0,29795.25,-72.5
MACD_Momentum(12/26/9),LONG,2026-08-10 13:59:00,2026-08-10 14:19:00,29795.25,29862.75,133.0
MACD_Momentum(12/26/9),SHORT,2026-08-10 14:19:00,2026-08-10 14:37:00,29862.75,29882.5,-41.5
MACD_Momentum(12/26/9),LONG,2026-08-10 14:37:00,2026-08-10 14:39:00,29882.5,29856.5,-54.0
MACD_Momentum(12/26/9),SHORT,2026-08-10 14:39:00,2026-08-10 15:06:00,29856.5,29810.25,90.5
MACD_Momentum(12/26/9),LONG,2026-08-10 15:06:00,2026-08-10 15:13:00,29810.25,29771.0,-80.5
MACD_Momentum(12/26/9),SHORT,2026-08-10 15:13:00,2026-08-10 15:14:00,29771.0,29793.5,-47.0
MACD_Momentum(12/26/9),LONG,2026-08-10 15:14:00,2026-08-10 15:26:00,29793.5,29764.5,-60.0
MACD_Momentum(12/26/9),SHORT,2026-08-10 15:26:00,2026-08-10 15:39:00,29764.5,29759.5,8.0
MACD_Momentum(12/26/9),LONG,2026-08-10 15:39:00,2026-08-10 16:06:00,29759.5,29844.5,168.0
MACD_Momentum(12/26/9),SHORT,2026-08-10 16:06:00,2026-08-10 16:25:00,29844.5,29839.75,7.5
MACD_Momentum(12/26/9),LONG,2026-08-10 16:25:00,2026-08-10 16:27:00,29839.75,29819.25,-43.0
MACD_Momentum(12/26/9),SHORT,2026-08-10 16:27:00,2026-08-10 16:49:00,29819.25,29759.75,117.0
MACD_Momentum(12/26/9),LONG,2026-08-10 16:49:00,2026-08-10 17:21:00,29759.75,29797.5,73.5
MACD_Momentum(12/26/9),SHORT,2026-08-10 17:21:00,2026-08-10 17:58:00,29797.5,29759.75,73.5
MACD_Momentum(12/26/9),LONG,2026-08-10 17:58:00,2026-08-10 18:16:00,29759.75,29747.75,-26.0
MACD_Momentum(12/26/9),SHORT,2026-08-10 18:16:00,2026-08-10 18:26:00,29747.75,29755.75,-18.0
MACD_Momentum(12/26/9),LONG,2026-08-10 18:26:00,2026-08-10 18:28:00,29755.75,29745.0,-23.5
MACD_Momentum(12/26/9),SHORT,2026-08-10 18:28:00,2026-08-10 18:29:00,29745.0,29750.25,-12.5
MACD_Momentum(12/26/9),LONG,2026-08-10 18:29:00,2026-08-10 19:07:00,29750.25,29778.0,53.5
MACD_Momentum(12/26/9),SHORT,2026-08-10 19:07:00,2026-08-10 19:14:00,29778.0,29793.25,-32.5
MACD_Momentum(12/26/9),LONG,2026-08-10 19:14:00,2026-08-10 19:16:00,29793.25,29788.75,-11.0
MACD_Momentum(12/26/9),SHORT,2026-08-10 19:16:00,2026-08-10 19:40:00,29788.75,29788.25,-1.0
MACD_Momentum(12/26/9),LONG,2026-08-10 19:40:00,2026-08-10 19:41:00,29788.25,29775.75,-27.0
MACD_Momentum(12/26/9),SHORT,2026-08-10 19:41:00,2026-08-10 20:02:00,29775.75,29746.5,56.5
MACD_Momentum(12/26/9),LONG,2026-08-10 20:02:00,2026-08-10 22:00:00,29746.5,29764.5,34.0
MACD_Momentum(12/26/9),SHORT,2026-08-10 22:00:00,2026-08-10 22:01:00,29764.5,29783.0,-39.0
MACD_Momentum(12/26/9),LONG,2026-08-10 22:01:00,2026-08-10 22:07:00,29783.0,29772.0,-24.0
MACD_Momentum(12/26/9),SHORT,2026-08-10 22:07:00,2026-08-10 22:30:00,29772.0,29746.0,50.0
MACD_Momentum(12/26/9),LONG,2026-08-10 22:30:00,2026-08-10 22:31:00,29746.0,29740.5,-13.0
MACD_Momentum(12/26/9),SHORT,2026-08-10 22:31:00,2026-08-10 22:42:00,29740.5,29730.75,17.5
MACD_Momentum(12/26/9),LONG,2026-08-10 22:42:00,2026-08-10 23:19:00,29730.75,29727.5,-8.5
MACD_Momentum(12/26/9),SHORT,2026-08-10 23:19:00,2026-08-10 23:36:00,29727.5,29714.0,25.0
MACD_Momentum(12/26/9),LONG,2026-08-10 23:36:00,2026-08-10 23:53:00,29714.0,29706.75,-16.5
MACD_Momentum(12/26/9),SHORT,2026-08-10 23:53:00,2026-08-11 00:08:00,29706.75,29689.5,32.5
MACD_Momentum(12/26/9),LONG,2026-08-11 00:08:00,2026-08-11 00:35:00,29689.5,29759.0,137.0
MACD_Momentum(12/26/9),SHORT,2026-08-11 00:35:00,2026-08-11 00:46:00,29759.0,29789.75,-63.5
MACD_Momentum(12/26/9),LONG,2026-08-11 00:46:00,2026-08-11 00:52:00,29789.75,29784.5,-12.5
MACD_Momentum(12/26/9),SHORT,2026-08-11 00:52:00,2026-08-11 00:54:00,29784.5,29792.75,-18.5
MACD_Momentum(12/26/9),LONG,2026-08-11 00:54:00,2026-08-11 00:56:00,29792.75,29792.0,-3.5
MACD_Momentum(12/26/9),SHORT,2026-08-11 00:56:00,2026-08-11 01:12:00,29792.0,29802.5,-23.0
MACD_Momentum(12/26/9),LONG,2026-08-11 01:12:00,2026-08-11 01:27:00,29802.5,29818.0,29.0
MACD_Momentum(12/26/9),SHORT,2026-08-11 01:27:00,2026-08-11 01:47:00,29818.0,29825.25,-16.5
MACD_Momentum(12/26/9),LONG,2026-08-11 01:47:00,2026-08-11 01:56:00,29825.25,29826.75,1.0
MACD_Momentum(12/26/9),SHORT,2026-08-11 01:56:00,2026-08-11 02:20:00,29826.75,29823.25,5.0
MACD_Momentum(12/26/9),LONG,2026-08-11 02:20:00,2026-08-11 02:21:00,29823.25,29814.75,-19.0
MACD_Momentum(12/26/9),SHORT,2026-08-11 02:21:00,2026-08-11 02:25:00,29814.75,29819.0,-10.5
MACD_Momentum(12/26/9),LONG,2026-08-11 02:25:00,2026-08-11 02:50:00,29819.0,29833.25,26.5
MACD_Momentum(12/26/9),SHORT,2026-08-11 02:50:00,2026-08-11 03:05:00,29833.25,29830.25,4.0
MACD_Momentum(12/26/9),LONG,2026-08-11 03:05:00,2026-08-11 03:08:00,29830.25,29816.5,-29.5
MACD_Momentum(12/26/9),SHORT,2026-08-11 03:08:00,2026-08-11 03:10:00,29816.5,29826.75,-22.5
MACD_Momentum(12/26/9),LONG,2026-08-11 03:10:00,2026-08-11 03:17:00,29826.75,29819.25,-17.0
MACD_Momentum(12/26/9),SHORT,2026-08-11 03:17:00,2026-08-11 03:19:00,29819.25,29824.75,-13.0
MACD_Momentum(12/26/9),LONG,2026-08-11 03:19:00,2026-08-11 03:34:00,29824.75,29830.0,8.5
MACD_Momentum(12/26/9),SHORT,2026-08-11 03:34:00,2026-08-11 03:43:00,29830.0,29838.5,-19.0
MACD_Momentum(12/26/9),LONG,2026-08-11 03:43:00,2026-08-11 03:44:00,29838.5,29837.5,-4.0
MACD_Momentum(12/26/9),SHORT,2026-08-11 03:44:00,2026-08-11 03:55:00,29837.5,29840.5,-8.0
MACD_Momentum(12/26/9),LONG,2026-08-11 03:55:00,2026-08-11 03:57:00,29840.5,29831.5,-20.0
MACD_Momentum(12/26/9),SHORT,2026-08-11 03:57:00,2026-08-11 04:11:00,29831.5,29845.0,-29.0
MACD_Momentum(12/26/9),LONG,2026-08-11 04:11:00,2026-08-11 04:22:00,29845.0,29845.25,-1.5
MACD_Momentum(12/26/9),SHORT,2026-08-11 04:22:00,2026-08-11 04:29:00,29845.25,29851.75,-15.0
MACD_Momentum(12/26/9),LONG,2026-08-11 04:29:00,2026-08-11 04:36:00,29851.75,29846.25,-13.0
MACD_Momentum(12/26/9),SHORT,2026-08-11 04:36:00,2026-08-11 05:01:00,29846.25,29841.0,8.5
MACD_Momentum(12/26/9),LONG,2026-08-11 05:01:00,2026-08-11 05:06:00,29841.0,29834.5,-15.0
MACD_Momentum(12/26/9),SHORT,2026-08-11 05:06:00,2026-08-11 05:08:00,29834.5,29842.25,-17.5
MACD_Momentum(12/26/9),LONG,2026-08-11 05:08:00,2026-08-11 05:19:00,29842.25,29832.0,-22.5
MACD_Momentum(12/26/9),SHORT,2026-08-11 05:19:00,2026-08-11 05:36:00,29832.0,29828.5,5.0
MACD_Momentum(12/26/9),LONG,2026-08-11 05:36:00,2026-08-11 05:49:00,29828.5,29802.75,-53.5
MACD_Momentum(12/26/9),SHORT,2026-08-11 05:49:00,2026-08-11 06:00:00,29802.75,29792.5,18.5
MACD_Momentum(12/26/9),LONG,2026-08-11 06:00:00,2026-08-11 06:01:00,29792.5,29791.75,-3.5
MACD_Momentum(12/26/9),SHORT,2026-08-11 06:01:00,2026-08-11 06:02:00,29791.75,29806.75,-32.0
MACD_Momentum(12/26/9),LONG,2026-08-11 06:02:00,2026-08-11 06:19:00,29806.75,29805.75,-4.0
MACD_Momentum(12/26/9),SHORT,2026-08-11 06:19:00,2026-08-11 06:40:00,29805.75,29775.75,58.0
MACD_Momentum(12/26/9),LONG,2026-08-11 06:40:00,2026-08-11 06:53:00,29775.75,29754.25,-45.0
MACD_Momentum(12/26/9),SHORT,2026-08-11 06:53:00,2026-08-11 07:01:00,29754.25,29760.25,-14.0
MACD_Momentum(12/26/9),LONG,2026-08-11 07:01:00,2026-08-11 07:19:00,29760.25,29741.0,-40.5
MACD_Momentum(12/26/9),SHORT,2026-08-11 07:19:00,2026-08-11 07:27:00,29741.0,29755.5,-31.0
MACD_Momentum(12/26/9),LONG,2026-08-11 07:27:00,2026-08-11 07:45:00,29755.5,29767.5,22.0
MACD_Momentum(12/26/9),SHORT,2026-08-11 07:45:00,2026-08-11 07:59:00,29767.5,29776.25,-19.5
MACD_Momentum(12/26/9),LONG,2026-08-11 07:59:00,2026-08-11 08:08:00,29776.25,29769.75,-15.0
MACD_Momentum(12/26/9),SHORT,2026-08-11 08:08:00,2026-08-11 08:26:00,29769.75,29741.5,54.5
MACD_Momentum(12/26/9),LONG,2026-08-11 08:26:00,2026-08-11 08:35:00,29741.5,29723.0,-39.0
MACD_Momentum(12/26/9),SHORT,2026-08-11 08:35:00,2026-08-11 08:37:00,29723.0,29726.0,-8.0
MACD_Momentum(12/26/9),LONG,2026-08-11 08:37:00,2026-08-11 08:57:00,29726.0,29750.5,47.0
MACD_Momentum(12/26/9),SHORT,2026-08-11 08:57:00,2026-08-11 09:16:00,29750.5,29747.5,4.0
MACD_Momentum(12/26/9),LONG,2026-08-11 09:16:00,2026-08-11 09:45:00,29747.5,29768.25,39.5
MACD_Momentum(12/26/9),SHORT,2026-08-11 09:45:00,2026-08-11 10:18:00,29768.25,29772.25,-10.0
MACD_Momentum(12/26/9),LONG,2026-08-11 10:18:00,2026-08-11 10:36:00,29772.25,29810.25,74.0
MACD_Momentum(12/26/9),SHORT,2026-08-11 10:36:00,2026-08-11 10:50:00,29810.25,29825.5,-32.5
MACD_Momentum(12/26/9),LONG,2026-08-11 10:50:00,2026-08-11 10:51:00,29825.5,29821.25,-10.5
MACD_Momentum(12/26/9),SHORT,2026-08-11 10:51:00,2026-08-11 11:02:00,29821.25,29869.25,-98.0
MACD_Momentum(12/26/9),LONG,2026-08-11 11:02:00,2026-08-11 11:15:00,29869.25,29871.0,1.5
MACD_Momentum(12/26/9),SHORT,2026-08-11 11:15:00,2026-08-11 11:42:00,29871.0,29828.5,83.0
MACD_Momentum(12/26/9),LONG,2026-08-11 11:42:00,2026-08-11 12:23:00,29828.5,29845.25,31.5
MACD_Momentum(12/26/9),SHORT,2026-08-11 12:23:00,2026-08-11 12:37:00,29845.25,29848.0,-7.5
MACD_Momentum(12/26/9),LONG,2026-08-11 12:37:00,2026-08-11 12:50:00,29848.0,29841.0,-16.0
MACD_Momentum(12/26/9),SHORT,2026-08-11 12:50:00,2026-08-11 13:01:00,29841.0,29849.25,-18.5
MACD_Momentum(12/26/9),LONG,2026-08-11 13:01:00,2026-08-11 13:05:00,29849.25,29836.5,-27.5
MACD_Momentum(12/26/9),SHORT,2026-08-11 13:05:00,2026-08-11 13:06:00,29836.5,29843.0,-15.0
MACD_Momentum(12/26/9),LONG,2026-08-11 13:06:00,2026-08-11 13:13:00,29843.0,29825.75,-36.5
MACD_Momentum(12/26/9),SHORT,2026-08-11 13:13:00,2026-08-11 13:23:00,29825.75,29833.75,-18.0
MACD_Momentum(12/26/9),LONG,2026-08-11 13:23:00,2026-08-11 13:24:00,29833.75,29828.0,-13.5
MACD_Momentum(12/26/9),SHORT,2026-08-11 13:24:00,2026-08-11 13:25:00,29828.0,29831.25,-8.5
MACD_Momentum(12/26/9),LONG,2026-08-11 13:25:00,2026-08-11 13:26:00,29831.25,29825.0,-14.5
MACD_Momentum(12/26/9),SHORT,2026-08-11 13:26:00,2026-08-11 13:28:00,29825.0,29837.0,-26.0
MACD_Momentum(12/26/9),LONG,2026-08-11 13:28:00,2026-08-11 13:31:00,29837.0,29777.0,-122.0
MACD_Momentum(12/26/9),SHORT,2026-08-11 13:31:00,2026-08-11 13:44:00,29777.0,29730.0,92.0
MACD_Momentum(12/26/9),LONG,2026-08-11 13:44:00,2026-08-11 13:46:00,29730.0,29683.0,-96.0
MACD_Momentum(12/26/9),SHORT,2026-08-11 13:46:00,2026-08-11 13:54:00,29683.0,29677.0,10.0
MACD_Momentum(12/26/9),LONG,2026-08-11 13:54:00,2026-08-11 14:18:00,29677.0,29757.0,158.0
MACD_Momentum(12/26/9),SHORT,2026-08-11 14:18:00,2026-08-11 14:35:00,29757.0,29773.0,-34.0
MACD_Momentum(12/26/9),LONG,2026-08-11 14:35:00,2026-08-11 14:38:00,29773.0,29751.5,-45.0
MACD_Momentum(12/26/9),SHORT,2026-08-11 14:38:00,2026-08-11 14:48:00,29751.5,29771.0,-41.0
MACD_Momentum(12/26/9),LONG,2026-08-11 14:48:00,2026-08-11 15:01:00,29771.0,29783.0,22.0
MACD_Momentum(12/26/9),SHORT,2026-08-11 15:01:00,2026-08-11 15:22:00,29783.0,29728.5,107.0
MACD_Momentum(12/26/9),LONG,2026-08-11 15:22:00,2026-08-11 15:35:00,29728.5,29673.75,-111.5
MACD_Momentum(12/26/9),SHORT,2026-08-11 15:35:00,2026-08-11 15:44:00,29673.75,29690.0,-34.5
MACD_Momentum(12/26/9),LONG,2026-08-11 15:44:00,2026-08-11 16:04:00,29690.0,29648.0,-86.0
MACD_Momentum(12/26/9),SHORT,2026-08-11 16:04:00,2026-08-11 16:06:00,29648.0,29669.75,-45.5
MACD_Momentum(12/26/9),LONG,2026-08-11 16:06:00,2026-08-11 16:16:00,29669.75,29661.5,-18.5
MACD_Momentum(12/26/9),SHORT,2026-08-11 16:16:00,2026-08-11 16:17:00,29661.5,29666.0,-11.0
MACD_Momentum(12/26/9),LONG,2026-08-11 16:17:00,2026-08-11 16:20:00,29666.0,29650.75,-32.5
MACD_Momentum(12/26/9),SHORT,2026-08-11 16:20:00,2026-08-11 16:31:00,29650.75,29649.0,1.5
MACD_Momentum(12/26/9),LONG,2026-08-11 16:31:00,2026-08-11 16:32:00,29649.0,29635.0,-30.0
MACD_Momentum(12/26/9),SHORT,2026-08-11 16:32:00,2026-08-11 16:36:00,29635.0,29646.25,-24.5
MACD_Momentum(12/26/9),LONG,2026-08-11 16:36:00,2026-08-11 16:46:00,29646.25,29632.5,-29.5
MACD_Momentum(12/26/9),SHORT,2026-08-11 16:46:00,2026-08-11 16:53:00,29632.5,29638.25,-13.5
MACD_Momentum(12/26/9),LONG,2026-08-11 16:53:00,2026-08-11 16:58:00,29638.25,29623.75,-31.0
MACD_Momentum(12/26/9),SHORT,2026-08-11 16:58:00,2026-08-11 17:19:00,29623.75,29598.75,48.0
MACD_Momentum(12/26/9),LONG,2026-08-11 17:19:00,2026-08-11 17:57:00,29598.75,29627.5,55.5
MACD_Momentum(12/26/9),SHORT,2026-08-11 17:57:00,2026-08-11 18:36:00,29627.5,29569.0,115.0
MACD_Momentum(12/26/9),LONG,2026-08-11 18:36:00,2026-08-11 19:03:00,29569.0,29584.0,28.0
MACD_Momentum(12/26/9),SHORT,2026-08-11 19:03:00,2026-08-11 19:04:00,29584.0,29591.25,-16.5
MACD_Momentum(12/26/9),LONG,2026-08-11 19:04:00,2026-08-11 19:07:00,29591.25,29578.25,-28.0
MACD_Momentum(12/26/9),SHORT,2026-08-11 19:07:00,2026-08-11 19:12:00,29578.25,29595.5,-36.5
MACD_Momentum(12/26/9),LONG,2026-08-11 19:12:00,2026-08-11 19:43:00,29595.5,29641.25,89.5
MACD_Momentum(12/26/9),SHORT,2026-08-11 19:43:00,2026-08-11 20:01:00,29641.25,29641.0,-1.5
MACD_Momentum(12/26/9),LONG,2026-08-11 20:01:00,2026-08-11 20:03:00,29641.0,29628.75,-26.5
MACD_Momentum(12/26/9),SHORT,2026-08-11 20:03:00,2026-08-11 20:13:00,29628.75,29637.0,-18.5
MACD_Momentum(12/26/9),LONG,2026-08-11 20:13:00,2026-08-11 20:35:00,29637.0,29670.25,64.5
MACD_Momentum(12/26/9),SHORT,2026-08-11 20:35:00,2026-08-11 22:13:00,29670.25,29650.0,38.5
MACD_Momentum(12/26/9),LONG,2026-08-11 22:13:00,2026-08-11 22:32:00,29650.0,29644.75,-12.5
MACD_Momentum(12/26/9),SHORT,2026-08-11 22:32:00,2026-08-11 22:53:00,29644.75,29644.25,-1.0
MACD_Momentum(12/26/9),LONG,2026-08-11 22:53:00,2026-08-11 23:06:00,29644.25,29641.5,-7.5
MACD_Momentum(12/26/9),SHORT,2026-08-11 23:06:00,2026-08-11 23:08:00,29641.5,29650.0,-19.0
MACD_Momentum(12/26/9),LONG,2026-08-11 23:08:00,2026-08-11 23:14:00,29650.0,29641.5,-19.0
MACD_Momentum(12/26/9),SHORT,2026-08-11 23:14:00,2026-08-11 23:24:00,29641.5,29645.5,-10.0
MACD_Momentum(12/26/9),LONG,2026-08-11 23:24:00,2026-08-11 23:34:00,29645.5,29639.0,-15.0
MACD_Momentum(12/26/9),SHORT,2026-08-11 23:34:00,2026-08-11 23:51:00,29639.0,29655.5,-35.0
MACD_Momentum(12/26/9),LONG,2026-08-11 23:51:00,2026-08-12 00:02:00,29655.5,29635.0,-43.0
MACD_Momentum(12/26/9),SHORT,2026-08-12 00:02:00,2026-08-12 00:16:00,29635.0,29651.0,-34.0
MACD_Momentum(12/26/9),LONG,2026-08-12 00:16:00,2026-08-12 00:31:00,29651.0,29663.0,22.0
MACD_Momentum(12/26/9),SHORT,2026-08-12 00:31:00,2026-08-12 00:58:00,29663.0,29666.0,-8.0
MACD_Momentum(12/26/9),LONG,2026-08-12 00:58:00,2026-08-12 01:16:00,29666.0,29672.75,11.5
MACD_Momentum(12/26/9),SHORT,2026-08-12 01:16:00,2026-08-12 01:30:00,29672.75,29660.0,23.5
MACD_Momentum(12/26/9),LONG,2026-08-12 01:30:00,2026-08-12 01:36:00,29660.0,29649.25,-23.5
MACD_Momentum(12/26/9),SHORT,2026-08-12 01:36:00,2026-08-12 01:37:00,29649.25,29654.75,-13.0
MACD_Momentum(12/26/9),LONG,2026-08-12 01:37:00,2026-08-12 01:56:00,29654.75,29662.5,13.5
MACD_Momentum(12/26/9),SHORT,2026-08-12 01:56:00,2026-08-12 02:17:00,29662.5,29661.5,0.0
MACD_Momentum(12/26/9),LONG,2026-08-12 02:17:00,2026-08-12 02:44:00,29661.5,29687.5,50.0
MACD_Momentum(12/26/9),SHORT,2026-08-12 02:44:00,2026-08-12 02:53:00,29687.5,29698.75,-24.5
MACD_Momentum(12/26/9),LONG,2026-08-12 02:53:00,2026-08-12 02:54:00,29698.75,29699.0,-1.5
MACD_Momentum(12/26/9),SHORT,2026-08-12 02:54:00,2026-08-12 03:02:00,29699.0,29706.25,-16.5
MACD_Momentum(12/26/9),LONG,2026-08-12 03:02:00,2026-08-12 03:05:00,29706.25,29705.0,-4.5
MACD_Momentum(12/26/9),SHORT,2026-08-12 03:05:00,2026-08-12 03:30:00,29705.0,29701.75,4.5
MACD_Momentum(12/26/9),LONG,2026-08-12 03:30:00,2026-08-12 03:32:00,29701.75,29699.0,-7.5
MACD_Momentum(12/26/9),SHORT,2026-08-12 03:32:00,2026-08-12 03:50:00,29699.0,29700.25,-4.5
MACD_Momentum(12/26/9),LONG,2026-08-12 03:50:00,2026-08-12 03:54:00,29700.25,29688.5,-25.5
MACD_Momentum(12/26/9),SHORT,2026-08-12 03:54:00,2026-08-12 04:10:00,29688.5,29693.5,-12.0
MACD_Momentum(12/26/9),LONG,2026-08-12 04:10:00,2026-08-12 04:31:00,29693.5,29693.0,-3.0
MACD_Momentum(12/26/9),SHORT,2026-08-12 04:31:00,2026-08-12 04:39:00,29693.0,29697.25,-10.5
MACD_Momentum(12/26/9),LONG,2026-08-12 04:39:00,2026-08-12 05:02:00,29697.25,29711.25,26.0
"RSI_Reversion(14,30/70)",SHORT,2026-08-04 05:32:00,2026-08-04 05:34:00,29038.0,29034.0,6.0
"RSI_Reversion(14,30/70)",SHORT,2026-08-04 05:35:00,2026-08-04 05:40:00,29041.0,29048.75,-17.5
"RSI_Reversion(14,30/70)",SHORT,2026-08-04 06:03:00,2026-08-04 06:06:00,29075.25,29068.75,11.0
"RSI_Reversion(14,30/70)",SHORT,2026-08-04 06:08:00,2026-08-04 06:09:00,29088.0,29081.5,11.0
"RSI_Reversion(14,30/70)",LONG,2026-08-04 06:42:00,2026-08-04 06:45:00,29048.0,29055.0,12.0
"RSI_Reversion(14,30/70)",SHORT,2026-08-04 07:03:00,2026-08-04 07:04:00,29096.25,29095.0,0.5
"RSI_Reversion(14,30/70)",LONG,2026-08-04 08:37:00,2026-08-04 08:38:00,29064.75,29069.5,7.5
"RSI_Reversion(14,30/70)",LONG,2026-08-04 08:47:00,2026-08-04 08:48:00,29043.0,29059.0,30.0
"RSI_Reversion(14,30/70)",LONG,2026-08-04 09:08:00,2026-08-04 09:13:00,29026.75,29023.25,-9.0
"RSI_Reversion(14,30/70)",SHORT,2026-08-04 09:41:00,2026-08-04 09:47:00,29071.75,29062.5,16.5
"RSI_Reversion(14,30/70)",SHORT,2026-08-04 10:12:00,2026-08-04 10:16:00,29106.5,29095.5,20.0
"RSI_Reversion(14,30/70)",SHORT,2026-08-04 10:46:00,2026-08-04 10:47:00,29135.0,29137.0,-6.0
"RSI_Reversion(14,30/70)",SHORT,2026-08-04 11:22:00,2026-08-04 11:23:00,29164.5,29164.0,-1.0
"RSI_Reversion(14,30/70)",SHORT,2026-08-04 11:44:00,2026-08-04 11:46:00,29193.75,29201.25,-17.0
"RSI_Reversion(14,30/70)",SHORT,2026-08-04 11:50:00,2026-08-04 11:58:00,29215.25,29229.75,-31.0
"RSI_Reversion(14,30/70)",SHORT,2026-08-04 13:21:00,2026-08-04 13:22:00,29270.0,29254.0,30.0
"RSI_Reversion(14,30/70)",SHORT,2026-08-04 13:31:00,2026-08-04 13:39:00,29303.75,29361.75,-118.0
"RSI_Reversion(14,30/70)",SHORT,2026-08-04 13:40:00,2026-08-04 13:45:00,29392.75,29410.75,-38.0
"RSI_Reversion(14,30/70)",SHORT,2026-08-04 13:46:00,2026-08-04 13:47:00,29452.5,29442.5,18.0
"RSI_Reversion(14,30/70)",SHORT,2026-08-04 13:50:00,2026-08-04 13:56:00,29460.0,29463.75,-9.5
"RSI_Reversion(14,30/70)",SHORT,2026-08-04 14:08:00,2026-08-04 14:10:00,29522.0,29518.5,5.0
"RSI_Reversion(14,30/70)",SHORT,2026-08-04 14:13:00,2026-08-04 14:14:00,29535.75,29528.75,12.0
"RSI_Reversion(14,30/70)",SHORT,2026-08-04 15:13:00,2026-08-04 15:28:00,29613.25,29638.75,-53.0
"RSI_Reversion(14,30/70)",SHORT,2026-08-04 15:39:00,2026-08-04 15:40:00,29670.75,29667.0,5.5
"RSI_Reversion(14,30/70)",SHORT,2026-08-04 15:45:00,2026-08-04 15:50:00,29677.75,29682.75,-12.0
"RSI_Reversion(14,30/70)",SHORT,2026-08-04 15:51:00,2026-08-04 15:54:00,29686.75,29679.5,12.5
"RSI_Reversion(14,30/70)",SHORT,2026-08-04 16:25:00,2026-08-04 16:26:00,29715.25,29712.75,3.0
"RSI_Reversion(14,30/70)",SHORT,2026-08-04 16:37:00,2026-08-04 16:38:00,29727.75,29725.25,3.0
"RSI_Reversion(14,30/70)",SHORT,2026-08-04 16:50:00,2026-08-04 16:51:00,29742.75,29738.25,7.0
"RSI_Reversion(14,30/70)",SHORT,2026-08-04 17:01:00,2026-08-04 17:10:00,29761.75,29786.25,-51.0
"RSI_Reversion(14,30/70)",SHORT,2026-08-04 17:11:00,2026-08-04 17:14:00,29786.25,29791.75,-13.0
"RSI_Reversion(14,30/70)",SHORT,2026-08-04 17:15:00,2026-08-04 17:17:00,29797.0,29789.0,14.0
"RSI_Reversion(14,30/70)",SHORT,2026-08-04 17:27:00,2026-08-04 17:29:00,29818.0,29816.75,0.5
"RSI_Reversion(14,30/70)",SHORT,2026-08-04 17:38:00,2026-08-04 17:51:00,29836.0,29857.0,-44.0
"RSI_Reversion(14,30/70)",SHORT,2026-08-04 19:02:00,2026-08-04 19:05:00,29915.5,29914.5,0.0
"RSI_Reversion(14,30/70)",LONG,2026-08-04 19:55:00,2026-08-04 19:59:00,29871.5,29875.5,6.0
"RSI_Reversion(14,30/70)",LONG,2026-08-04 20:17:00,2026-08-04 20:18:00,29774.5,29799.75,48.5
"RSI_Reversion(14,30/70)",LONG,2026-08-04 22:44:00,2026-08-04 22:45:00,29797.0,29800.75,5.5
"RSI_Reversion(14,30/70)",LONG,2026-08-05 00:49:00,2026-08-05 00:50:00,29823.5,29832.5,16.0
"RSI_Reversion(14,30/70)",LONG,2026-08-05 04:22:00,2026-08-05 04:25:00,29861.75,29866.75,8.0
"RSI_Reversion(14,30/70)",SHORT,2026-08-05 04:41:00,2026-08-05 04:47:00,29906.75,29905.25,1.0
"RSI_Reversion(14,30/70)",SHORT,2026-08-05 04:48:00,2026-08-05 04:49:00,29905.5,29903.25,2.5
"RSI_Reversion(14,30/70)",SHORT,2026-08-05 05:07:00,2026-08-05 05:08:00,29931.25,29927.0,6.5
"RSI_Reversion(14,30/70)",SHORT,2026-08-05 05:14:00,2026-08-05 05:15:00,29936.75,29937.5,-3.5
"RSI_Reversion(14,30/70)",SHORT,2026-08-05 05:16:00,2026-08-05 05:19:00,29940.0,29935.75,6.5
"RSI_Reversion(14,30/70)",SHORT,2026-08-05 05:51:00,2026-08-05 06:02:00,29953.75,29969.75,-34.0
"RSI_Reversion(14,30/70)",SHORT,2026-08-05 06:11:00,2026-08-05 06:13:00,29988.75,29986.0,3.5
"RSI_Reversion(14,30/70)",LONG,2026-08-05 06:24:00,2026-08-05 06:25:00,29934.5,29938.0,5.0
"RSI_Reversion(14,30/70)",LONG,2026-08-05 06:29:00,2026-08-05 06:30:00,29932.0,29929.5,-7.0
"RSI_Reversion(14,30/70)",SHORT,2026-08-05 07:03:00,2026-08-05 07:05:00,29982.25,29968.25,26.0
"RSI_Reversion(14,30/70)",LONG,2026-08-05 07:29:00,2026-08-05 07:32:00,29908.75,29913.5,7.5
"RSI_Reversion(14,30/70)",LONG,2026-08-05 07:36:00,2026-08-05 07:37:00,29887.75,29898.75,20.0
"RSI_Reversion(14,30/70)",LONG,2026-08-05 08:13:00,2026-08-05 08:14:00,29866.75,29871.5,7.5
"RSI_Reversion(14,30/70)",LONG,2026-08-05 08:15:00,2026-08-05 08:16:00,29865.0,29865.75,-0.5
"RSI_Reversion(14,30/70)",LONG,2026-08-05 08:19:00,2026-08-05 08:29:00,29851.25,29838.0,-28.5
"RSI_Reversion(14,30/70)",LONG,2026-08-05 08:31:00,2026-08-05 08:33:00,29814.25,29822.5,14.5
"RSI_Reversion(14,30/70)",SHORT,2026-08-05 09:38:00,2026-08-05 09:40:00,29881.75,29882.0,-2.5
"RSI_Reversion(14,30/70)",LONG,2026-08-05 10:12:00,2026-08-05 10:14:00,29837.0,29839.25,2.5
"RSI_Reversion(14,30/70)",SHORT,2026-08-05 11:03:00,2026-08-05 11:05:00,29902.25,29899.5,3.5
"RSI_Reversion(14,30/70)",SHORT,2026-08-05 13:30:00,2026-08-05 13:31:00,29975.25,29963.5,21.5
"RSI_Reversion(14,30/70)",SHORT,2026-08-05 13:32:00,2026-08-05 13:33:00,29982.5,29960.5,42.0
"RSI_Reversion(14,30/70)",SHORT,2026-08-05 13:35:00,2026-08-05 13:36:00,30010.75,30010.0,-0.5
"RSI_Reversion(14,30/70)",LONG,2026-08-05 14:32:00,2026-08-05 14:33:00,29860.75,29878.75,34.0
"RSI_Reversion(14,30/70)",LONG,2026-08-05 15:58:00,2026-08-05 15:59:00,29734.25,29750.0,29.5
"RSI_Reversion(14,30/70)",LONG,2026-08-05 19:36:00,2026-08-05 19:37:00,29717.25,29725.5,14.5
"RSI_Reversion(14,30/70)",LONG,2026-08-05 19:47:00,2026-08-05 19:48:00,29694.25,29708.25,26.0
"RSI_Reversion(14,30/70)",LONG,2026-08-05 19:58:00,2026-08-05 20:08:00,29671.5,29571.25,-202.5
"RSI_Reversion(14,30/70)",LONG,2026-08-05 20:09:00,2026-08-05 20:11:00,29562.0,29588.75,51.5
"RSI_Reversion(14,30/70)",SHORT,2026-08-05 22:23:00,2026-08-05 22:26:00,29625.75,29626.75,-4.0
"RSI_Reversion(14,30/70)",SHORT,2026-08-05 22:33:00,2026-08-05 22:44:00,29655.75,29653.0,3.5
"RSI_Reversion(14,30/70)",LONG,2026-08-05 23:33:00,2026-08-05 23:36:00,29602.25,29603.5,0.5
"RSI_Reversion(14,30/70)",LONG,2026-08-05 23:46:00,2026-08-05 23:51:00,29579.5,29580.75,0.5
"RSI_Reversion(14,30/70)",LONG,2026-08-05 23:56:00,2026-08-05 23:57:00,29573.0,29581.5,15.0
"RSI_Reversion(14,30/70)",LONG,2026-08-06 01:02:00,2026-08-06 01:03:00,29512.25,29521.25,16.0
"RSI_Reversion(14,30/70)",LONG,2026-08-06 01:26:00,2026-08-06 01:28:00,29459.25,29466.0,11.5
"RSI_Reversion(14,30/70)",SHORT,2026-08-06 02:12:00,2026-08-06 02:13:00,29555.0,29538.0,32.0
"RSI_Reversion(14,30/70)",SHORT,2026-08-06 02:24:00,2026-08-06 02:25:00,29575.25,29567.0,14.5
"RSI_Reversion(14,30/70)",SHORT,2026-08-06 02:44:00,2026-08-06 02:47:00,29606.0,29606.0,-2.0
"RSI_Reversion(14,30/70)",LONG,2026-08-06 03:20:00,2026-08-06 03:22:00,29555.0,29557.25,2.5
"RSI_Reversion(14,30/70)",LONG,2026-08-06 03:25:00,2026-08-06 03:30:00,29542.5,29543.5,0.0
"RSI_Reversion(14,30/70)",LONG,2026-08-06 06:14:00,2026-08-06 06:22:00,29507.5,29497.0,-23.0
"RSI_Reversion(14,30/70)",SHORT,2026-08-06 07:13:00,2026-08-06 07:14:00,29555.5,29552.25,4.5
"RSI_Reversion(14,30/70)",SHORT,2026-08-06 07:19:00,2026-08-06 07:20:00,29561.75,29557.25,7.0
"RSI_Reversion(14,30/70)",LONG,2026-08-06 08:04:00,2026-08-06 08:05:00,29479.5,29480.25,-0.5
"RSI_Reversion(14,30/70)",LONG,2026-08-06 08:11:00,2026-08-06 08:14:00,29450.0,29456.5,11.0
"RSI_Reversion(14,30/70)",LONG,2026-08-06 09:09:00,2026-08-06 09:13:00,29454.75,29453.25,-5.0
"RSI_Reversion(14,30/70)",LONG,2026-08-06 09:14:00,2026-08-06 09:15:00,29442.0,29448.25,10.5
"RSI_Reversion(14,30/70)",SHORT,2026-08-06 09:58:00,2026-08-06 09:59:00,29530.75,29523.5,12.5
"RSI_Reversion(14,30/70)",LONG,2026-08-06 10:42:00,2026-08-06 10:44:00,29479.0,29484.75,9.5
"RSI_Reversion(14,30/70)",LONG,2026-08-06 10:46:00,2026-08-06 10:47:00,29475.25,29483.5,14.5
"RSI_Reversion(14,30/70)",LONG,2026-08-06 11:01:00,2026-08-06 11:08:00,29423.0,29393.0,-62.0
"RSI_Reversion(14,30/70)",SHORT,2026-08-06 11:34:00,2026-08-06 11:35:00,29496.5,29492.75,5.5
"RSI_Reversion(14,30/70)",SHORT,2026-08-06 11:36:00,2026-08-06 11:39:00,29503.75,29500.5,4.5
"RSI_Reversion(14,30/70)",SHORT,2026-08-06 11:42:00,2026-08-06 11:43:00,29509.5,29491.0,35.0
"RSI_Reversion(14,30/70)",LONG,2026-08-06 12:14:00,2026-08-06 12:16:00,29412.75,29417.5,7.5
"RSI_Reversion(14,30/70)",LONG,2026-08-06 12:17:00,2026-08-06 12:21:00,29403.5,29417.0,25.0
"RSI_Reversion(14,30/70)",LONG,2026-08-06 12:58:00,2026-08-06 12:59:00,29394.75,29403.0,14.5
"RSI_Reversion(14,30/70)",LONG,2026-08-06 13:01:00,2026-08-06 13:02:00,29377.75,29393.75,30.0
"RSI_Reversion(14,30/70)",LONG,2026-08-06 13:08:00,2026-08-06 13:09:00,29357.0,29363.75,11.5
"RSI_Reversion(14,30/70)",LONG,2026-08-06 13:16:00,2026-08-06 13:17:00,29342.75,29349.5,11.5
"RSI_Reversion(14,30/70)",LONG,2026-08-06 13:32:00,2026-08-06 13:35:00,29307.5,29340.75,64.5
"RSI_Reversion(14,30/70)",SHORT,2026-08-06 13:48:00,2026-08-06 13:53:00,29514.5,29518.0,-9.0
"RSI_Reversion(14,30/70)",SHORT,2026-08-06 14:12:00,2026-08-06 14:13:00,29616.0,29591.25,47.5
"RSI_Reversion(14,30/70)",SHORT,2026-08-06 14:18:00,2026-08-06 14:22:00,29647.25,29643.5,5.5
"RSI_Reversion(14,30/70)",SHORT,2026-08-06 14:23:00,2026-08-06 14:24:00,29655.0,29643.75,20.5
"RSI_Reversion(14,30/70)",SHORT,2026-08-06 22:06:00,2026-08-06 22:21:00,29532.75,29565.75,-68.0
"RSI_Reversion(14,30/70)",SHORT,2026-08-06 23:24:00,2026-08-06 23:27:00,29580.25,29586.0,-13.5
"RSI_Reversion(14,30/70)",LONG,2026-08-07 00:16:00,2026-08-07 00:24:00,29547.5,29510.25,-76.5
"RSI_Reversion(14,30/70)",LONG,2026-08-07 00:25:00,2026-08-07 00:26:00,29509.75,29521.75,22.0
"RSI_Reversion(14,30/70)",LONG,2026-08-07 01:21:00,2026-08-07 01:22:00,29485.5,29494.75,16.5
"RSI_Reversion(14,30/70)",LONG,2026-08-07 03:20:00,2026-08-07 03:22:00,29498.75,29502.75,6.0
"RSI_Reversion(14,30/70)",LONG,2026-08-07 04:17:00,2026-08-07 04:18:00,29457.25,29471.5,26.5
"RSI_Reversion(14,30/70)",SHORT,2026-08-07 05:06:00,2026-08-07 05:07:00,29530.75,29528.25,3.0
"RSI_Reversion(14,30/70)",SHORT,2026-08-07 05:09:00,2026-08-07 05:10:00,29554.25,29541.5,23.5
"RSI_Reversion(14,30/70)",SHORT,2026-08-07 06:08:00,2026-08-07 06:09:00,29559.25,29556.5,3.5
"RSI_Reversion(14,30/70)",SHORT,2026-08-07 07:15:00,2026-08-07 07:16:00,29591.5,29591.25,-1.5
"RSI_Reversion(14,30/70)",SHORT,2026-08-07 08:03:00,2026-08-07 08:04:00,29612.0,29607.25,7.5
"RSI_Reversion(14,30/70)",SHORT,2026-08-07 08:34:00,2026-08-07 08:35:00,29643.75,29637.0,11.5
"RSI_Reversion(14,30/70)",LONG,2026-08-07 10:23:00,2026-08-07 10:24:00,29595.25,29602.0,11.5
"RSI_Reversion(14,30/70)",SHORT,2026-08-07 11:12:00,2026-08-07 11:14:00,29642.25,29644.5,-6.5
"RSI_Reversion(14,30/70)",LONG,2026-08-07 11:57:00,2026-08-07 12:01:00,29633.5,29630.75,-7.5
"RSI_Reversion(14,30/70)",SHORT,2026-08-07 12:31:00,2026-08-07 12:56:00,29717.5,29841.75,-250.5
"RSI_Reversion(14,30/70)",LONG,2026-08-07 13:16:00,2026-08-07 13:18:00,29727.5,29728.5,0.0
"RSI_Reversion(14,30/70)",SHORT,2026-08-07 15:26:00,2026-08-07 15:34:00,29810.75,29837.75,-56.0
"RSI_Reversion(14,30/70)",LONG,2026-08-07 16:24:00,2026-08-07 16:33:00,29757.0,29706.5,-103.0
"RSI_Reversion(14,30/70)",SHORT,2026-08-07 19:02:00,2026-08-07 19:03:00,29754.0,29746.25,13.5
"RSI_Reversion(14,30/70)",SHORT,2026-08-07 19:06:00,2026-08-07 19:18:00,29763.75,29804.25,-83.0
"RSI_Reversion(14,30/70)",SHORT,2026-08-07 19:58:00,2026-08-07 20:00:00,29845.0,29833.75,20.5
"RSI_Reversion(14,30/70)",SHORT,2026-08-09 22:10:00,2026-08-09 22:12:00,29851.75,29832.25,37.0
"RSI_Reversion(14,30/70)",SHORT,2026-08-09 23:08:00,2026-08-09 23:09:00,29868.75,29860.25,15.0
"RSI_Reversion(14,30/70)",LONG,2026-08-10 00:00:00,2026-08-10 00:03:00,29831.0,29826.5,-11.0
"RSI_Reversion(14,30/70)",LONG,2026-08-10 00:44:00,2026-08-10 00:45:00,29802.0,29806.25,6.5
"RSI_Reversion(14,30/70)",SHORT,2026-08-10 01:16:00,2026-08-10 01:19:00,29859.5,29852.5,12.0
"RSI_Reversion(14,30/70)",SHORT,2026-08-10 01:25:00,2026-08-10 01:27:00,29879.75,29873.75,10.0
"RSI_Reversion(14,30/70)",SHORT,2026-08-10 05:16:00,2026-08-10 05:17:00,29919.25,29917.75,1.0
"RSI_Reversion(14,30/70)",SHORT,2026-08-10 05:56:00,2026-08-10 05:59:00,29927.25,29926.0,0.5
"RSI_Reversion(14,30/70)",SHORT,2026-08-10 06:01:00,2026-08-10 06:03:00,29932.5,29930.0,3.0
"RSI_Reversion(14,30/70)",SHORT,2026-08-10 06:09:00,2026-08-10 06:10:00,29944.5,29943.25,0.5
"RSI_Reversion(14,30/70)",SHORT,2026-08-10 06:11:00,2026-08-10 06:17:00,29950.0,29958.25,-18.5
"RSI_Reversion(14,30/70)",SHORT,2026-08-10 07:25:00,2026-08-10 07:27:00,29948.0,29940.5,13.0
"RSI_Reversion(14,30/70)",SHORT,2026-08-10 07:36:00,2026-08-10 07:38:00,29957.25,29958.75,-5.0
"RSI_Reversion(14,30/70)",SHORT,2026-08-10 07:39:00,2026-08-10 07:42:00,29964.0,29965.0,-4.0
"RSI_Reversion(14,30/70)",SHORT,2026-08-10 07:43:00,2026-08-10 07:44:00,29964.25,29963.5,-0.5
"RSI_Reversion(14,30/70)",SHORT,2026-08-10 08:05:00,2026-08-10 08:06:00,29978.0,29972.0,10.0
"RSI_Reversion(14,30/70)",LONG,2026-08-10 09:44:00,2026-08-10 09:45:00,29936.5,29943.5,12.0
"RSI_Reversion(14,30/70)",LONG,2026-08-10 10:14:00,2026-08-10 10:17:00,29920.5,29920.25,-2.5
"RSI_Reversion(14,30/70)",LONG,2026-08-10 11:01:00,2026-08-10 11:02:00,29895.75,29905.25,17.0
"RSI_Reversion(14,30/70)",LONG,2026-08-10 11:06:00,2026-08-10 11:11:00,29884.5,29880.0,-11.0
"RSI_Reversion(14,30/70)",LONG,2026-08-10 11:12:00,2026-08-10 11:15:00,29872.25,29875.75,5.0
"RSI_Reversion(14,30/70)",LONG,2026-08-10 11:50:00,2026-08-10 11:51:00,29847.25,29857.5,18.5
"RSI_Reversion(14,30/70)",LONG,2026-08-10 12:20:00,2026-08-10 12:21:00,29829.25,29831.5,2.5
"RSI_Reversion(14,30/70)",LONG,2026-08-10 12:23:00,2026-08-10 12:26:00,29824.25,29823.25,-4.0
"RSI_Reversion(14,30/70)",LONG,2026-08-10 12:27:00,2026-08-10 12:29:00,29819.0,29821.25,2.5
"RSI_Reversion(14,30/70)",LONG,2026-08-10 12:31:00,2026-08-10 12:37:00,29815.0,29810.5,-11.0
"RSI_Reversion(14,30/70)",LONG,2026-08-10 12:40:00,2026-08-10 12:41:00,29793.25,29795.75,3.0
"RSI_Reversion(14,30/70)",LONG,2026-08-10 12:52:00,2026-08-10 12:55:00,29779.25,29777.75,-5.0
"RSI_Reversion(14,30/70)",LONG,2026-08-10 12:56:00,2026-08-10 12:59:00,29776.75,29779.25,3.0
"RSI_Reversion(14,30/70)",SHORT,2026-08-10 14:11:00,2026-08-10 14:12:00,29885.25,29880.5,7.5
"RSI_Reversion(14,30/70)",SHORT,2026-08-10 14:13:00,2026-08-10 14:14:00,29883.75,29883.75,-2.0
"RSI_Reversion(14,30/70)",LONG,2026-08-10 14:55:00,2026-08-10 14:57:00,29795.0,29803.5,15.0
"RSI_Reversion(14,30/70)",LONG,2026-08-10 14:59:00,2026-08-10 15:02:00,29790.75,29801.5,19.5
"RSI_Reversion(14,30/70)",SHORT,2026-08-10 15:55:00,2026-08-10 15:56:00,29846.75,29841.5,8.5
"RSI_Reversion(14,30/70)",SHORT,2026-08-10 15:57:00,2026-08-10 15:59:00,29846.25,29848.5,-6.5
"RSI_Reversion(14,30/70)",LONG,2026-08-10 16:42:00,2026-08-10 16:47:00,29754.25,29754.75,-1.0
"RSI_Reversion(14,30/70)",LONG,2026-08-10 17:50:00,2026-08-10 17:53:00,29753.75,29758.5,7.5
"RSI_Reversion(14,30/70)",SHORT,2026-08-10 22:01:00,2026-08-10 22:03:00,29783.0,29780.0,4.0
"RSI_Reversion(14,30/70)",LONG,2026-08-10 22:22:00,2026-08-10 22:23:00,29735.75,29741.25,9.0
"RSI_Reversion(14,30/70)",LONG,2026-08-10 22:33:00,2026-08-10 22:38:00,29728.25,29730.25,2.0
"RSI_Reversion(14,30/70)",LONG,2026-08-10 23:21:00,2026-08-10 23:22:00,29714.25,29720.0,9.5
"RSI_Reversion(14,30/70)",LONG,2026-08-10 23:24:00,2026-08-10 23:26:00,29710.5,29713.5,4.0
"RSI_Reversion(14,30/70)",LONG,2026-08-10 23:29:00,2026-08-10 23:30:00,29707.0,29708.5,1.0
"RSI_Reversion(14,30/70)",LONG,2026-08-10 23:55:00,2026-08-10 23:59:00,29695.25,29696.0,-0.5
"RSI_Reversion(14,30/70)",SHORT,2026-08-11 00:13:00,2026-08-11 00:16:00,29749.5,29738.25,20.5
"RSI_Reversion(14,30/70)",SHORT,2026-08-11 00:46:00,2026-08-11 00:49:00,29789.75,29779.0,19.5
"RSI_Reversion(14,30/70)",SHORT,2026-08-11 01:14:00,2026-08-11 01:19:00,29820.75,29814.5,10.5
"RSI_Reversion(14,30/70)",SHORT,2026-08-11 01:24:00,2026-08-11 01:25:00,29838.5,29832.25,10.5
"RSI_Reversion(14,30/70)",SHORT,2026-08-11 03:28:00,2026-08-11 03:29:00,29847.0,29841.25,9.5
"RSI_Reversion(14,30/70)",SHORT,2026-08-11 04:32:00,2026-08-11 04:33:00,29860.5,29859.0,1.0
"RSI_Reversion(14,30/70)",LONG,2026-08-11 05:21:00,2026-08-11 05:28:00,29820.75,29818.25,-7.0
"RSI_Reversion(14,30/70)",LONG,2026-08-11 05:29:00,2026-08-11 05:31:00,29815.0,29814.5,-3.0
"RSI_Reversion(14,30/70)",LONG,2026-08-11 05:32:00,2026-08-11 05:34:00,29803.0,29808.5,9.0
"RSI_Reversion(14,30/70)",LONG,2026-08-11 05:51:00,2026-08-11 05:54:00,29796.25,29792.25,-10.0
"RSI_Reversion(14,30/70)",LONG,2026-08-11 06:22:00,2026-08-11 06:23:00,29780.75,29785.0,6.5
"RSI_Reversion(14,30/70)",LONG,2026-08-11 06:26:00,2026-08-11 06:27:00,29772.75,29777.25,7.0
"RSI_Reversion(14,30/70)",LONG,2026-08-11 06:28:00,2026-08-11 06:31:00,29769.25,29773.75,7.0
"RSI_Reversion(14,30/70)",LONG,2026-08-11 06:32:00,2026-08-11 06:38:00,29766.5,29756.25,-22.5
"RSI_Reversion(14,30/70)",LONG,2026-08-11 06:55:00,2026-08-11 06:56:00,29741.5,29742.5,0.0
"RSI_Reversion(14,30/70)",SHORT,2026-08-11 08:04:00,2026-08-11 08:05:00,29802.5,29778.5,46.0
"RSI_Reversion(14,30/70)",SHORT,2026-08-11 10:23:00,2026-08-11 10:31:00,29793.25,29810.25,-36.0
"RSI_Reversion(14,30/70)",SHORT,2026-08-11 10:50:00,2026-08-11 10:51:00,29825.5,29821.25,6.5
"RSI_Reversion(14,30/70)",SHORT,2026-08-11 11:02:00,2026-08-11 11:12:00,29869.25,29872.25,-8.0
"RSI_Reversion(14,30/70)",SHORT,2026-08-11 11:13:00,2026-08-11 11:15:00,29879.25,29871.0,14.5
"RSI_Reversion(14,30/70)",LONG,2026-08-11 11:34:00,2026-08-11 11:35:00,29820.25,29820.0,-2.5
"RSI_Reversion(14,30/70)",SHORT,2026-08-11 12:15:00,2026-08-11 12:16:00,29861.25,29857.0,6.5
"RSI_Reversion(14,30/70)",SHORT,2026-08-11 12:17:00,2026-08-11 12:18:00,29870.25,29866.0,6.5
"RSI_Reversion(14,30/70)",LONG,2026-08-11 13:31:00,2026-08-11 13:41:00,29777.0,29733.75,-88.5
"RSI_Reversion(14,30/70)",LONG,2026-08-11 13:46:00,2026-08-11 13:52:00,29683.0,29664.75,-38.5
"RSI_Reversion(14,30/70)",LONG,2026-08-11 15:10:00,2026-08-11 15:11:00,29713.75,29715.75,2.0
"RSI_Reversion(14,30/70)",LONG,2026-08-11 15:14:00,2026-08-11 15:15:00,29709.0,29711.0,2.0
"RSI_Reversion(14,30/70)",LONG,2026-08-11 15:18:00,2026-08-11 15:20:00,29705.5,29709.0,5.0
"RSI_Reversion(14,30/70)",LONG,2026-08-11 17:12:00,2026-08-11 17:16:00,29593.75,29586.25,-17.0
"RSI_Reversion(14,30/70)",LONG,2026-08-11 18:22:00,2026-08-11 18:25:00,29585.0,29583.75,-4.5
"RSI_Reversion(14,30/70)",LONG,2026-08-11 18:28:00,2026-08-11 18:32:00,29561.0,29563.5,3.0
"RSI_Reversion(14,30/70)",SHORT,2026-08-11 19:31:00,2026-08-11 19:33:00,29631.0,29628.0,4.0
"RSI_Reversion(14,30/70)",SHORT,2026-08-11 19:35:00,2026-08-11 19:36:00,29636.25,29636.0,-1.5
"RSI_Reversion(14,30/70)",SHORT,2026-08-11 19:37:00,2026-08-11 19:41:00,29645.0,29650.5,-13.0
"RSI_Reversion(14,30/70)",SHORT,2026-08-11 20:23:00,2026-08-11 20:33:00,29666.0,29669.25,-8.5
"RSI_Reversion(14,30/70)",LONG,2026-08-11 22:06:00,2026-08-11 22:07:00,29637.25,29637.5,-1.5
"RSI_Reversion(14,30/70)",SHORT,2026-08-12 02:36:00,2026-08-12 02:37:00,29691.0,29689.25,1.5
"RSI_Reversion(14,30/70)",SHORT,2026-08-12 02:38:00,2026-08-12 02:40:00,29691.0,29688.0,4.0
"RSI_Reversion(14,30/70)",SHORT,2026-08-12 02:50:00,2026-08-12 02:51:00,29698.25,29697.0,0.5
"RSI_Reversion(14,30/70)",SHORT,2026-08-12 02:53:00,2026-08-12 02:54:00,29698.75,29699.0,-2.5
"RSI_Reversion(14,30/70)",SHORT,2026-08-12 03:01:00,2026-08-12 03:05:00,29705.25,29705.0,-1.5
"RSI_Reversion(14,30/70)",SHORT,2026-08-12 04:50:00,2026-08-12 04:51:00,29712.25,29711.5,-0.5
"RSI_Reversion(14,30/70)",SHORT,2026-08-12 04:58:00,2026-08-12 04:59:00,29713.25,29713.25,-2.0
"Bollinger_Reversion(20,2sd)",LONG,2026-08-04 04:37:00,2026-08-04 04:46:00,28998.25,29009.0,19.5
"Bollinger_Reversion(20,2sd)",SHORT,2026-08-04 04:53:00,2026-08-04 04:59:00,29014.75,29007.5,12.5
"Bollinger_Reversion(20,2sd)",LONG,2026-08-04 05:04:00,2026-08-04 05:20:00,28995.75,29004.25,15.0
"Bollinger_Reversion(20,2sd)",SHORT,2026-08-04 05:36:00,2026-08-04 05:50:00,29052.0,29049.25,3.5
"Bollinger_Reversion(20,2sd)",SHORT,2026-08-04 05:58:00,2026-08-04 06:19:00,29069.5,29079.0,-21.0
"Bollinger_Reversion(20,2sd)",LONG,2026-08-04 06:31:00,2026-08-04 06:32:00,29075.25,29087.5,22.5
"Bollinger_Reversion(20,2sd)",LONG,2026-08-04 06:35:00,2026-08-04 06:51:00,29071.5,29060.0,-25.0
"Bollinger_Reversion(20,2sd)",SHORT,2026-08-04 07:01:00,2026-08-04 07:08:00,29076.5,29065.5,20.0
"Bollinger_Reversion(20,2sd)",SHORT,2026-08-04 07:27:00,2026-08-04 07:36:00,29104.5,29092.5,22.0
"Bollinger_Reversion(20,2sd)",LONG,2026-08-04 08:25:00,2026-08-04 08:55:00,29104.5,29065.25,-80.5
"Bollinger_Reversion(20,2sd)",LONG,2026-08-04 09:07:00,2026-08-04 09:24:00,29034.25,29027.75,-15.0
"Bollinger_Reversion(20,2sd)",SHORT,2026-08-04 09:29:00,2026-08-04 09:52:00,29039.75,29065.0,-52.5
"Bollinger_Reversion(20,2sd)",SHORT,2026-08-04 10:12:00,2026-08-04 10:29:00,29106.5,29095.0,21.0
"Bollinger_Reversion(20,2sd)",LONG,2026-08-04 10:37:00,2026-08-04 10:45:00,29079.5,29120.25,79.5
"Bollinger_Reversion(20,2sd)",SHORT,2026-08-04 10:46:00,2026-08-04 10:59:00,29135.0,29119.0,30.0
"Bollinger_Reversion(20,2sd)",SHORT,2026-08-04 11:22:00,2026-08-04 11:41:00,29164.5,29152.5,22.0
"Bollinger_Reversion(20,2sd)",SHORT,2026-08-04 11:45:00,2026-08-04 12:02:00,29203.0,29216.75,-29.5
"Bollinger_Reversion(20,2sd)",SHORT,2026-08-04 12:22:00,2026-08-04 12:32:00,29230.5,29200.25,58.5
"Bollinger_Reversion(20,2sd)",SHORT,2026-08-04 13:04:00,2026-08-04 13:21:00,29222.25,29270.0,-97.5
"Bollinger_Reversion(20,2sd)",SHORT,2026-08-04 13:22:00,2026-08-04 13:26:00,29254.0,29234.5,37.0
"Bollinger_Reversion(20,2sd)",SHORT,2026-08-04 13:32:00,2026-08-04 13:57:00,29315.25,29436.75,-245.0
"Bollinger_Reversion(20,2sd)",SHORT,2026-08-04 15:03:00,2026-08-04 15:32:00,29577.75,29644.25,-135.0
"Bollinger_Reversion(20,2sd)",SHORT,2026-08-04 15:39:00,2026-08-04 15:57:00,29670.75,29677.0,-14.5
"Bollinger_Reversion(20,2sd)",LONG,2026-08-04 16:12:00,2026-08-04 16:16:00,29665.0,29683.25,34.5
"Bollinger_Reversion(20,2sd)",SHORT,2026-08-04 16:20:00,2026-08-04 16:39:00,29705.5,29716.0,-23.0
"Bollinger_Reversion(20,2sd)",SHORT,2026-08-04 16:46:00,2026-08-04 17:21:00,29733.0,29783.25,-102.5
"Bollinger_Reversion(20,2sd)",SHORT,2026-08-04 17:26:00,2026-08-04 17:52:00,29807.75,29846.75,-80.0
"Bollinger_Reversion(20,2sd)",LONG,2026-08-04 18:01:00,2026-08-04 18:14:00,29820.5,29847.25,51.5
"Bollinger_Reversion(20,2sd)",LONG,2026-08-04 18:41:00,2026-08-04 18:46:00,29847.75,29869.5,41.5
"Bollinger_Reversion(20,2sd)",SHORT,2026-08-04 19:02:00,2026-08-04 19:23:00,29915.5,29925.25,-21.5
"Bollinger_Reversion(20,2sd)",LONG,2026-08-04 19:27:00,2026-08-04 19:38:00,29906.0,29927.25,40.5
"Bollinger_Reversion(20,2sd)",SHORT,2026-08-04 19:43:00,2026-08-04 19:50:00,29941.25,29921.5,37.5
"Bollinger_Reversion(20,2sd)",LONG,2026-08-04 19:55:00,2026-08-04 20:06:00,29871.5,29930.5,116.0
"Bollinger_Reversion(20,2sd)",LONG,2026-08-04 20:17:00,2026-08-04 20:41:00,29774.5,29798.0,45.0
"Bollinger_Reversion(20,2sd)",SHORT,2026-08-04 20:48:00,2026-08-04 20:52:00,29819.5,29790.5,56.0
"Bollinger_Reversion(20,2sd)",SHORT,2026-08-04 22:08:00,2026-08-04 22:24:00,29831.0,29825.75,8.5
"Bollinger_Reversion(20,2sd)",LONG,2026-08-04 22:42:00,2026-08-04 22:58:00,29812.5,29820.25,13.5
"Bollinger_Reversion(20,2sd)",SHORT,2026-08-04 23:00:00,2026-08-04 23:22:00,29825.75,29837.25,-25.0
"Bollinger_Reversion(20,2sd)",LONG,2026-08-04 23:25:00,2026-08-04 23:41:00,29828.75,29838.25,17.0
"Bollinger_Reversion(20,2sd)",SHORT,2026-08-05 00:07:00,2026-08-05 00:09:00,29861.0,29838.25,43.5
"Bollinger_Reversion(20,2sd)",SHORT,2026-08-05 00:31:00,2026-08-05 00:39:00,29870.5,29857.25,24.5
"Bollinger_Reversion(20,2sd)",LONG,2026-08-05 00:44:00,2026-08-05 00:57:00,29842.0,29847.0,8.0
"Bollinger_Reversion(20,2sd)",SHORT,2026-08-05 01:46:00,2026-08-05 02:06:00,29854.0,29874.25,-42.5
"Bollinger_Reversion(20,2sd)",LONG,2026-08-05 02:27:00,2026-08-05 02:45:00,29853.5,29857.75,6.5
"Bollinger_Reversion(20,2sd)",SHORT,2026-08-05 02:47:00,2026-08-05 03:01:00,29871.0,29871.75,-3.5
"Bollinger_Reversion(20,2sd)",SHORT,2026-08-05 03:13:00,2026-08-05 03:23:00,29886.75,29881.25,9.0
"Bollinger_Reversion(20,2sd)",LONG,2026-08-05 03:30:00,2026-08-05 03:39:00,29864.75,29875.25,19.0
"Bollinger_Reversion(20,2sd)",SHORT,2026-08-05 03:41:00,2026-08-05 03:49:00,29886.75,29870.0,31.5
"Bollinger_Reversion(20,2sd)",LONG,2026-08-05 04:19:00,2026-08-05 04:32:00,29872.25,29875.0,3.5
"Bollinger_Reversion(20,2sd)",SHORT,2026-08-05 04:41:00,2026-08-05 04:52:00,29906.75,29888.5,34.5
"Bollinger_Reversion(20,2sd)",SHORT,2026-08-05 05:02:00,2026-08-05 05:29:00,29922.75,29936.0,-28.5
"Bollinger_Reversion(20,2sd)",LONG,2026-08-05 05:31:00,2026-08-05 05:42:00,29925.5,29939.5,26.0
"Bollinger_Reversion(20,2sd)",SHORT,2026-08-05 05:52:00,2026-08-05 06:05:00,29964.5,29965.5,-4.0
"Bollinger_Reversion(20,2sd)",SHORT,2026-08-05 06:11:00,2026-08-05 06:16:00,29988.75,29971.0,33.5
"Bollinger_Reversion(20,2sd)",LONG,2026-08-05 06:22:00,2026-08-05 06:33:00,29938.0,29956.25,34.5
"Bollinger_Reversion(20,2sd)",LONG,2026-08-05 07:11:00,2026-08-05 07:47:00,29944.0,29905.5,-79.0
"Bollinger_Reversion(20,2sd)",SHORT,2026-08-05 08:05:00,2026-08-05 08:09:00,29922.5,29899.0,45.0
"Bollinger_Reversion(20,2sd)",LONG,2026-08-05 08:11:00,2026-08-05 08:36:00,29881.5,29839.75,-85.5
"Bollinger_Reversion(20,2sd)",LONG,2026-08-05 09:16:00,2026-08-05 09:21:00,29821.25,29841.75,39.0
"Bollinger_Reversion(20,2sd)",LONG,2026-08-05 09:50:00,2026-08-05 10:02:00,29858.0,29868.5,19.0
"Bollinger_Reversion(20,2sd)",LONG,2026-08-05 10:10:00,2026-08-05 10:24:00,29853.25,29850.75,-7.0
"Bollinger_Reversion(20,2sd)",LONG,2026-08-05 10:46:00,2026-08-05 10:53:00,29839.25,29860.0,39.5
"Bollinger_Reversion(20,2sd)",SHORT,2026-08-05 11:01:00,2026-08-05 11:30:00,29882.25,29900.0,-37.5
"Bollinger_Reversion(20,2sd)",LONG,2026-08-05 12:06:00,2026-08-05 12:14:00,29895.0,29920.0,48.0
"Bollinger_Reversion(20,2sd)",SHORT,2026-08-05 12:24:00,2026-08-05 12:32:00,29930.0,29905.25,47.5
"Bollinger_Reversion(20,2sd)",LONG,2026-08-05 12:33:00,2026-08-05 12:35:00,29899.75,29920.25,39.0
"Bollinger_Reversion(20,2sd)",LONG,2026-08-05 12:54:00,2026-08-05 13:02:00,29918.75,29933.5,27.5
"Bollinger_Reversion(20,2sd)",SHORT,2026-08-05 13:29:00,2026-08-05 13:37:00,29961.5,29930.0,61.0
"Bollinger_Reversion(20,2sd)",LONG,2026-08-05 14:02:00,2026-08-05 14:10:00,29963.5,30003.5,78.0
"Bollinger_Reversion(20,2sd)",LONG,2026-08-05 14:23:00,2026-08-05 14:52:00,29934.0,29853.0,-164.0
"Bollinger_Reversion(20,2sd)",LONG,2026-08-05 14:54:00,2026-08-05 15:01:00,29798.0,29872.75,147.5
"Bollinger_Reversion(20,2sd)",LONG,2026-08-05 15:18:00,2026-08-05 15:23:00,29809.75,29835.75,50.0
"Bollinger_Reversion(20,2sd)",LONG,2026-08-05 15:50:00,2026-08-05 16:17:00,29791.5,29751.5,-82.0
"Bollinger_Reversion(20,2sd)",SHORT,2026-08-05 16:21:00,2026-08-05 16:34:00,29777.25,29777.0,-1.5
"Bollinger_Reversion(20,2sd)",SHORT,2026-08-05 16:54:00,2026-08-05 17:02:00,29823.5,29816.5,12.0
"Bollinger_Reversion(20,2sd)",LONG,2026-08-05 17:05:00,2026-08-05 17:25:00,29776.0,29764.25,-25.5
"Bollinger_Reversion(20,2sd)",SHORT,2026-08-05 18:05:00,2026-08-05 18:08:00,29781.0,29759.25,41.5
"Bollinger_Reversion(20,2sd)",LONG,2026-08-05 18:32:00,2026-08-05 18:46:00,29735.25,29758.0,43.5
"Bollinger_Reversion(20,2sd)",LONG,2026-08-05 18:56:00,2026-08-05 19:02:00,29732.25,29750.75,35.0
"Bollinger_Reversion(20,2sd)",SHORT,2026-08-05 19:06:00,2026-08-05 19:21:00,29773.0,29768.75,6.5
"Bollinger_Reversion(20,2sd)",LONG,2026-08-05 19:26:00,2026-08-05 19:27:00,29759.5,29772.0,23.0
"Bollinger_Reversion(20,2sd)",LONG,2026-08-05 19:30:00,2026-08-05 20:15:00,29757.0,29605.75,-304.5
"Bollinger_Reversion(20,2sd)",SHORT,2026-08-05 20:41:00,2026-08-05 20:48:00,29591.75,29582.75,16.0
"Bollinger_Reversion(20,2sd)",SHORT,2026-08-05 22:21:00,2026-08-05 22:49:00,29600.75,29654.0,-108.5
"Bollinger_Reversion(20,2sd)",LONG,2026-08-05 22:52:00,2026-08-05 23:12:00,29634.5,29623.5,-24.0
"Bollinger_Reversion(20,2sd)",SHORT,2026-08-05 23:15:00,2026-08-05 23:30:00,29628.0,29629.25,-4.5
"Bollinger_Reversion(20,2sd)",LONG,2026-08-05 23:33:00,2026-08-06 00:01:00,29602.25,29560.5,-85.5
"Bollinger_Reversion(20,2sd)",LONG,2026-08-06 00:02:00,2026-08-06 00:06:00,29556.75,29576.5,37.5
"Bollinger_Reversion(20,2sd)",LONG,2026-08-06 00:54:00,2026-08-06 01:12:00,29540.5,29510.75,-61.5
"Bollinger_Reversion(20,2sd)",LONG,2026-08-06 01:21:00,2026-08-06 01:31:00,29480.0,29493.0,24.0
"Bollinger_Reversion(20,2sd)",SHORT,2026-08-06 01:49:00,2026-08-06 02:00:00,29517.0,29497.0,38.0
"Bollinger_Reversion(20,2sd)",SHORT,2026-08-06 02:10:00,2026-08-06 02:29:00,29525.25,29554.0,-59.5
"Bollinger_Reversion(20,2sd)",SHORT,2026-08-06 02:34:00,2026-08-06 02:56:00,29584.0,29589.25,-12.5
"Bollinger_Reversion(20,2sd)",LONG,2026-08-06 03:08:00,2026-08-06 03:36:00,29580.5,29550.25,-62.5
"Bollinger_Reversion(20,2sd)",SHORT,2026-08-06 03:48:00,2026-08-06 03:54:00,29565.25,29548.75,31.0
"Bollinger_Reversion(20,2sd)",SHORT,2026-08-06 04:24:00,2026-08-06 04:34:00,29585.0,29574.75,18.5
"Bollinger_Reversion(20,2sd)",LONG,2026-08-06 04:39:00,2026-08-06 05:03:00,29557.25,29588.75,61.0
"Bollinger_Reversion(20,2sd)",SHORT,2026-08-06 05:03:00,2026-08-06 05:11:00,29588.75,29575.25,25.0
"Bollinger_Reversion(20,2sd)",LONG,2026-08-06 05:34:00,2026-08-06 05:45:00,29557.0,29582.0,48.0
"Bollinger_Reversion(20,2sd)",LONG,2026-08-06 06:14:00,2026-08-06 06:25:00,29507.5,29527.0,37.0
"Bollinger_Reversion(20,2sd)",SHORT,2026-08-06 07:07:00,2026-08-06 07:38:00,29546.5,29514.75,61.5
"Bollinger_Reversion(20,2sd)",LONG,2026-08-06 07:38:00,2026-08-06 07:51:00,29514.75,29521.5,11.5
"Bollinger_Reversion(20,2sd)",LONG,2026-08-06 08:03:00,2026-08-06 08:08:00,29493.75,29505.75,22.0
"Bollinger_Reversion(20,2sd)",LONG,2026-08-06 08:10:00,2026-08-06 08:22:00,29465.0,29477.5,23.0
"Bollinger_Reversion(20,2sd)",LONG,2026-08-06 08:48:00,2026-08-06 08:53:00,29491.75,29516.75,48.0
"Bollinger_Reversion(20,2sd)",LONG,2026-08-06 09:04:00,2026-08-06 09:18:00,29477.0,29481.5,7.0
"Bollinger_Reversion(20,2sd)",SHORT,2026-08-06 09:43:00,2026-08-06 10:08:00,29495.5,29512.5,-36.0
"Bollinger_Reversion(20,2sd)",LONG,2026-08-06 10:36:00,2026-08-06 11:00:00,29499.5,29483.5,-34.0
"Bollinger_Reversion(20,2sd)",LONG,2026-08-06 11:02:00,2026-08-06 11:16:00,29407.25,29433.75,51.0
"Bollinger_Reversion(20,2sd)",LONG,2026-08-06 11:50:00,2026-08-06 12:22:00,29454.75,29426.75,-58.0
"Bollinger_Reversion(20,2sd)",LONG,2026-08-06 12:46:00,2026-08-06 13:25:00,29424.75,29360.25,-131.0
"Bollinger_Reversion(20,2sd)",LONG,2026-08-06 13:31:00,2026-08-06 13:35:00,29328.25,29340.75,23.0
"Bollinger_Reversion(20,2sd)",SHORT,2026-08-06 13:37:00,2026-08-06 14:04:00,29416.5,29491.25,-151.5
"Bollinger_Reversion(20,2sd)",SHORT,2026-08-06 14:08:00,2026-08-06 14:27:00,29559.5,29596.5,-76.0
"Bollinger_Reversion(20,2sd)",LONG,2026-08-06 14:40:00,2026-08-06 14:43:00,29552.5,29612.0,117.0
"Bollinger_Reversion(20,2sd)",LONG,2026-08-06 14:47:00,2026-08-06 14:52:00,29535.75,29568.25,63.0
"Bollinger_Reversion(20,2sd)",SHORT,2026-08-06 14:57:00,2026-08-06 15:15:00,29638.0,29646.25,-18.5
"Bollinger_Reversion(20,2sd)",LONG,2026-08-06 15:20:00,2026-08-06 15:31:00,29580.25,29621.75,81.0
"Bollinger_Reversion(20,2sd)",SHORT,2026-08-06 16:38:00,2026-08-06 16:45:00,29505.25,29478.0,52.5
"Bollinger_Reversion(20,2sd)",SHORT,2026-08-06 17:00:00,2026-08-06 17:10:00,29557.25,29538.5,35.5
"Bollinger_Reversion(20,2sd)",LONG,2026-08-06 17:40:00,2026-08-06 17:53:00,29513.75,29526.5,23.5
"Bollinger_Reversion(20,2sd)",SHORT,2026-08-06 18:15:00,2026-08-06 18:31:00,29542.75,29552.25,-21.0
"Bollinger_Reversion(20,2sd)",LONG,2026-08-06 18:35:00,2026-08-06 18:57:00,29534.75,29519.75,-32.0
"Bollinger_Reversion(20,2sd)",SHORT,2026-08-06 19:02:00,2026-08-06 19:15:00,29546.25,29535.5,19.5
"Bollinger_Reversion(20,2sd)",LONG,2026-08-06 19:25:00,2026-08-06 19:32:00,29509.5,29532.75,44.5
"Bollinger_Reversion(20,2sd)",LONG,2026-08-06 20:23:00,2026-08-06 20:42:00,29510.0,29498.75,-24.5
"Bollinger_Reversion(20,2sd)",SHORT,2026-08-06 20:59:00,2026-08-06 22:24:00,29504.75,29558.5,-109.5
"Bollinger_Reversion(20,2sd)",LONG,2026-08-06 22:33:00,2026-08-06 22:42:00,29534.0,29557.0,44.0
"Bollinger_Reversion(20,2sd)",SHORT,2026-08-06 23:20:00,2026-08-06 23:38:00,29576.75,29576.25,-1.0
"Bollinger_Reversion(20,2sd)",SHORT,2026-08-06 23:50:00,2026-08-07 00:01:00,29595.25,29586.5,15.5
"Bollinger_Reversion(20,2sd)",SHORT,2026-08-07 00:03:00,2026-08-07 00:09:00,29606.0,29595.75,18.5
"Bollinger_Reversion(20,2sd)",LONG,2026-08-07 00:16:00,2026-08-07 00:33:00,29547.5,29538.25,-20.5
"Bollinger_Reversion(20,2sd)",SHORT,2026-08-07 00:35:00,2026-08-07 00:41:00,29573.75,29523.0,99.5
"Bollinger_Reversion(20,2sd)",SHORT,2026-08-07 00:58:00,2026-08-07 01:14:00,29569.0,29520.0,96.0
"Bollinger_Reversion(20,2sd)",LONG,2026-08-07 01:14:00,2026-08-07 01:28:00,29520.0,29519.0,-4.0
"Bollinger_Reversion(20,2sd)",SHORT,2026-08-07 01:33:00,2026-08-07 01:39:00,29574.75,29512.0,123.5
"Bollinger_Reversion(20,2sd)",LONG,2026-08-07 02:11:00,2026-08-07 02:13:00,29493.25,29529.5,70.5
"Bollinger_Reversion(20,2sd)",LONG,2026-08-07 02:32:00,2026-08-07 02:47:00,29509.5,29519.0,17.0
"Bollinger_Reversion(20,2sd)",SHORT,2026-08-07 02:50:00,2026-08-07 03:13:00,29534.5,29531.0,5.0
"Bollinger_Reversion(20,2sd)",LONG,2026-08-07 03:16:00,2026-08-07 03:31:00,29523.5,29511.25,-26.5
"Bollinger_Reversion(20,2sd)",LONG,2026-08-07 04:14:00,2026-08-07 04:21:00,29477.75,29491.25,25.0
"Bollinger_Reversion(20,2sd)",SHORT,2026-08-07 04:57:00,2026-08-07 05:32:00,29511.0,29543.0,-66.0
"Bollinger_Reversion(20,2sd)",LONG,2026-08-07 05:39:00,2026-08-07 05:53:00,29528.25,29528.25,-2.0
"Bollinger_Reversion(20,2sd)",SHORT,2026-08-07 06:06:00,2026-08-07 06:20:00,29544.0,29553.0,-20.0
"Bollinger_Reversion(20,2sd)",SHORT,2026-08-07 06:25:00,2026-08-07 06:40:00,29572.0,29565.0,12.0
"Bollinger_Reversion(20,2sd)",LONG,2026-08-07 06:42:00,2026-08-07 06:59:00,29545.0,29550.0,8.0
"Bollinger_Reversion(20,2sd)",SHORT,2026-08-07 07:00:00,2026-08-07 07:02:00,29552.0,29545.5,11.0
"Bollinger_Reversion(20,2sd)",SHORT,2026-08-07 07:07:00,2026-08-07 07:27:00,29567.75,29584.0,-34.5
"Bollinger_Reversion(20,2sd)",LONG,2026-08-07 07:34:00,2026-08-07 07:41:00,29574.0,29579.75,9.5
"Bollinger_Reversion(20,2sd)",LONG,2026-08-07 07:52:00,2026-08-07 07:55:00,29564.5,29581.75,32.5
"Bollinger_Reversion(20,2sd)",SHORT,2026-08-07 08:03:00,2026-08-07 08:18:00,29612.0,29607.0,8.0
"Bollinger_Reversion(20,2sd)",SHORT,2026-08-07 08:34:00,2026-08-07 08:37:00,29643.75,29611.75,62.0
"Bollinger_Reversion(20,2sd)",SHORT,2026-08-07 09:02:00,2026-08-07 09:08:00,29640.25,29625.25,28.0
"Bollinger_Reversion(20,2sd)",LONG,2026-08-07 10:00:00,2026-08-07 10:03:00,29618.25,29624.0,9.5
"Bollinger_Reversion(20,2sd)",LONG,2026-08-07 10:15:00,2026-08-07 10:28:00,29609.25,29606.0,-8.5
"Bollinger_Reversion(20,2sd)",LONG,2026-08-07 10:54:00,2026-08-07 11:01:00,29605.25,29633.5,54.5
"Bollinger_Reversion(20,2sd)",SHORT,2026-08-07 11:26:00,2026-08-07 11:51:00,29652.0,29658.0,-14.0
"Bollinger_Reversion(20,2sd)",LONG,2026-08-07 11:52:00,2026-08-07 12:02:00,29648.75,29653.5,7.5
"Bollinger_Reversion(20,2sd)",SHORT,2026-08-07 12:29:00,2026-08-07 13:01:00,29678.0,29824.5,-295.0
"Bollinger_Reversion(20,2sd)",LONG,2026-08-07 13:05:00,2026-08-07 13:31:00,29784.25,29728.5,-113.5
"Bollinger_Reversion(20,2sd)",SHORT,2026-08-07 13:33:00,2026-08-07 13:37:00,29776.0,29723.25,103.5
"Bollinger_Reversion(20,2sd)",LONG,2026-08-07 13:57:00,2026-08-07 14:17:00,29695.75,29653.25,-87.0
"Bollinger_Reversion(20,2sd)",SHORT,2026-08-07 15:06:00,2026-08-07 15:42:00,29757.0,29801.75,-91.5
"Bollinger_Reversion(20,2sd)",LONG,2026-08-07 16:22:00,2026-08-07 16:53:00,29774.0,29745.25,-59.5
"Bollinger_Reversion(20,2sd)",LONG,2026-08-07 17:25:00,2026-08-07 17:30:00,29732.0,29747.5,29.0
"Bollinger_Reversion(20,2sd)",SHORT,2026-08-07 17:40:00,2026-08-07 17:42:00,29762.5,29743.5,36.0
"Bollinger_Reversion(20,2sd)",LONG,2026-08-07 18:13:00,2026-08-07 18:34:00,29733.25,29722.25,-24.0
"Bollinger_Reversion(20,2sd)",LONG,2026-08-07 18:36:00,2026-08-07 18:50:00,29693.75,29699.75,10.0
"Bollinger_Reversion(20,2sd)",SHORT,2026-08-07 19:00:00,2026-08-07 19:25:00,29725.25,29798.25,-148.0
"Bollinger_Reversion(20,2sd)",LONG,2026-08-07 19:35:00,2026-08-07 19:48:00,29778.75,29790.25,21.0
"Bollinger_Reversion(20,2sd)",SHORT,2026-08-07 19:51:00,2026-08-07 20:05:00,29809.0,29815.5,-15.0
"Bollinger_Reversion(20,2sd)",SHORT,2026-08-07 20:58:00,2026-08-09 22:15:00,29829.0,29828.5,-1.0
"Bollinger_Reversion(20,2sd)",SHORT,2026-08-09 23:08:00,2026-08-09 23:30:00,29868.75,29865.25,5.0
"Bollinger_Reversion(20,2sd)",LONG,2026-08-09 23:32:00,2026-08-09 23:43:00,29836.5,29857.0,39.0
"Bollinger_Reversion(20,2sd)",LONG,2026-08-09 23:58:00,2026-08-10 00:11:00,29833.5,29896.25,123.5
"Bollinger_Reversion(20,2sd)",SHORT,2026-08-10 00:11:00,2026-08-10 00:22:00,29896.25,29867.25,56.0
"Bollinger_Reversion(20,2sd)",LONG,2026-08-10 00:26:00,2026-08-10 00:50:00,29842.25,29825.0,-36.5
"Bollinger_Reversion(20,2sd)",SHORT,2026-08-10 01:15:00,2026-08-10 01:37:00,29851.75,29868.5,-35.5
"Bollinger_Reversion(20,2sd)",LONG,2026-08-10 02:14:00,2026-08-10 02:29:00,29869.25,29870.25,0.0
"Bollinger_Reversion(20,2sd)",SHORT,2026-08-10 02:40:00,2026-08-10 02:57:00,29882.5,29884.5,-6.0
"Bollinger_Reversion(20,2sd)",LONG,2026-08-10 03:07:00,2026-08-10 03:19:00,29875.25,29890.0,27.5
"Bollinger_Reversion(20,2sd)",SHORT,2026-08-10 03:19:00,2026-08-10 03:27:00,29890.0,29872.75,32.5
"Bollinger_Reversion(20,2sd)",SHORT,2026-08-10 03:38:00,2026-08-10 03:54:00,29896.75,29887.5,16.5
"Bollinger_Reversion(20,2sd)",LONG,2026-08-10 03:55:00,2026-08-10 04:09:00,29883.0,29888.5,9.0
"Bollinger_Reversion(20,2sd)",LONG,2026-08-10 04:37:00,2026-08-10 04:46:00,29883.75,29895.5,21.5
"Bollinger_Reversion(20,2sd)",SHORT,2026-08-10 05:06:00,2026-08-10 05:28:00,29906.5,29914.0,-17.0
"Bollinger_Reversion(20,2sd)",SHORT,2026-08-10 05:54:00,2026-08-10 06:21:00,29924.25,29937.0,-27.5
"Bollinger_Reversion(20,2sd)",LONG,2026-08-10 06:27:00,2026-08-10 06:42:00,29916.75,29920.0,4.5
"Bollinger_Reversion(20,2sd)",LONG,2026-08-10 07:00:00,2026-08-10 07:01:00,29910.0,29918.5,15.0
"Bollinger_Reversion(20,2sd)",LONG,2026-08-10 07:11:00,2026-08-10 07:15:00,29898.0,29914.5,31.0
"Bollinger_Reversion(20,2sd)",SHORT,2026-08-10 07:20:00,2026-08-10 07:47:00,29932.0,29957.0,-52.0
"Bollinger_Reversion(20,2sd)",LONG,2026-08-10 07:50:00,2026-08-10 07:59:00,29939.5,29958.5,36.0
"Bollinger_Reversion(20,2sd)",SHORT,2026-08-10 08:03:00,2026-08-10 08:11:00,29974.5,29951.0,45.0
"Bollinger_Reversion(20,2sd)",LONG,2026-08-10 08:22:00,2026-08-10 08:35:00,29943.25,29957.25,26.0
"Bollinger_Reversion(20,2sd)",SHORT,2026-08-10 08:59:00,2026-08-10 09:19:00,29973.25,29970.0,4.5
"Bollinger_Reversion(20,2sd)",LONG,2026-08-10 09:33:00,2026-08-10 09:54:00,29963.0,29946.75,-34.5
"Bollinger_Reversion(20,2sd)",SHORT,2026-08-10 10:05:00,2026-08-10 10:09:00,29958.5,29942.75,29.5
"Bollinger_Reversion(20,2sd)",LONG,2026-08-10 10:12:00,2026-08-10 10:21:00,29925.25,29936.5,20.5
"Bollinger_Reversion(20,2sd)",LONG,2026-08-10 11:01:00,2026-08-10 11:21:00,29895.75,29881.5,-30.5
"Bollinger_Reversion(20,2sd)",SHORT,2026-08-10 11:28:00,2026-08-10 11:40:00,29898.75,29893.0,9.5
"Bollinger_Reversion(20,2sd)",LONG,2026-08-10 11:49:00,2026-08-10 12:00:00,29859.5,29870.0,19.0
"Bollinger_Reversion(20,2sd)",LONG,2026-08-10 12:14:00,2026-08-10 12:47:00,29848.75,29806.75,-86.0
"Bollinger_Reversion(20,2sd)",LONG,2026-08-10 12:51:00,2026-08-10 13:11:00,29788.75,29814.0,48.5
"Bollinger_Reversion(20,2sd)",SHORT,2026-08-10 13:11:00,2026-08-10 13:16:00,29814.0,29795.5,35.0
"Bollinger_Reversion(20,2sd)",LONG,2026-08-10 13:35:00,2026-08-10 13:47:00,29741.25,29790.0,95.5
"Bollinger_Reversion(20,2sd)",SHORT,2026-08-10 14:07:00,2026-08-10 14:31:00,29858.75,29866.0,-16.5
"Bollinger_Reversion(20,2sd)",LONG,2026-08-10 14:52:00,2026-08-10 15:08:00,29844.75,29815.25,-61.0
"Bollinger_Reversion(20,2sd)",LONG,2026-08-10 15:13:00,2026-08-10 15:16:00,29771.0,29813.25,82.5
"Bollinger_Reversion(20,2sd)",LONG,2026-08-10 15:26:00,2026-08-10 15:41:00,29764.5,29779.75,28.5
"Bollinger_Reversion(20,2sd)",SHORT,2026-08-10 15:44:00,2026-08-10 16:21:00,29797.0,29833.0,-74.0
"Bollinger_Reversion(20,2sd)",LONG,2026-08-10 16:32:00,2026-08-10 16:51:00,29769.25,29752.5,-35.5
"Bollinger_Reversion(20,2sd)",SHORT,2026-08-10 17:09:00,2026-08-10 17:23:00,29795.0,29794.5,-1.0
"Bollinger_Reversion(20,2sd)",LONG,2026-08-10 17:28:00,2026-08-10 17:58:00,29783.0,29759.75,-48.5
"Bollinger_Reversion(20,2sd)",SHORT,2026-08-10 18:09:00,2026-08-10 18:14:00,29766.75,29757.0,17.5
"Bollinger_Reversion(20,2sd)",SHORT,2026-08-10 18:33:00,2026-08-10 18:38:00,29762.25,29749.0,24.5
"Bollinger_Reversion(20,2sd)",SHORT,2026-08-10 18:43:00,2026-08-10 19:17:00,29772.0,29783.0,-24.0
"Bollinger_Reversion(20,2sd)",LONG,2026-08-10 19:46:00,2026-08-10 19:50:00,29767.5,29779.25,21.5
"Bollinger_Reversion(20,2sd)",LONG,2026-08-10 19:52:00,2026-08-10 20:07:00,29742.75,29749.5,11.5
"Bollinger_Reversion(20,2sd)",SHORT,2026-08-10 20:45:00,2026-08-10 22:09:00,29757.5,29772.25,-31.5
"Bollinger_Reversion(20,2sd)",LONG,2026-08-10 22:22:00,2026-08-10 22:49:00,29735.75,29730.0,-13.5
"Bollinger_Reversion(20,2sd)",SHORT,2026-08-10 22:53:00,2026-08-10 22:54:00,29733.25,29726.5,11.5
"Bollinger_Reversion(20,2sd)",SHORT,2026-08-10 22:58:00,2026-08-10 23:02:00,29733.75,29727.75,10.0
"Bollinger_Reversion(20,2sd)",LONG,2026-08-10 23:20:00,2026-08-10 23:36:00,29724.0,29714.0,-22.0
"Bollinger_Reversion(20,2sd)",SHORT,2026-08-10 23:46:00,2026-08-10 23:52:00,29714.75,29707.75,12.0
"Bollinger_Reversion(20,2sd)",LONG,2026-08-10 23:54:00,2026-08-11 00:01:00,29702.25,29684.75,-37.0
"Bollinger_Reversion(20,2sd)",SHORT,2026-08-11 00:12:00,2026-08-11 01:03:00,29734.25,29776.25,-86.0
"Bollinger_Reversion(20,2sd)",SHORT,2026-08-11 01:14:00,2026-08-11 01:31:00,29820.75,29821.0,-2.5
"Bollinger_Reversion(20,2sd)",SHORT,2026-08-11 01:46:00,2026-08-11 01:56:00,29830.75,29826.75,6.0
"Bollinger_Reversion(20,2sd)",SHORT,2026-08-11 02:30:00,2026-08-11 02:50:00,29824.0,29833.25,-20.5
"Bollinger_Reversion(20,2sd)",LONG,2026-08-11 02:58:00,2026-08-11 03:05:00,29816.25,29830.25,26.0
"Bollinger_Reversion(20,2sd)",SHORT,2026-08-11 03:24:00,2026-08-11 03:34:00,29837.75,29830.0,13.5
"Bollinger_Reversion(20,2sd)",SHORT,2026-08-11 04:11:00,2026-08-11 04:24:00,29845.0,29839.75,8.5
"Bollinger_Reversion(20,2sd)",SHORT,2026-08-11 04:30:00,2026-08-11 04:35:00,29853.0,29847.5,9.0
"Bollinger_Reversion(20,2sd)",LONG,2026-08-11 05:06:00,2026-08-11 05:08:00,29834.5,29842.25,13.5
"Bollinger_Reversion(20,2sd)",SHORT,2026-08-11 05:09:00,2026-08-11 05:19:00,29846.5,29832.0,27.0
"Bollinger_Reversion(20,2sd)",LONG,2026-08-11 05:20:00,2026-08-11 05:36:00,29828.0,29828.5,-1.0
"Bollinger_Reversion(20,2sd)",LONG,2026-08-11 05:50:00,2026-08-11 06:02:00,29799.5,29806.75,12.5
"Bollinger_Reversion(20,2sd)",LONG,2026-08-11 06:20:00,2026-08-11 06:40:00,29791.75,29775.75,-34.0
"Bollinger_Reversion(20,2sd)",SHORT,2026-08-11 07:37:00,2026-08-11 07:47:00,29779.25,29766.75,23.0
"Bollinger_Reversion(20,2sd)",LONG,2026-08-11 07:54:00,2026-08-11 07:57:00,29758.25,29769.25,20.0
"Bollinger_Reversion(20,2sd)",SHORT,2026-08-11 08:01:00,2026-08-11 08:08:00,29781.25,29769.75,21.0
"Bollinger_Reversion(20,2sd)",LONG,2026-08-11 08:10:00,2026-08-11 08:26:00,29750.75,29741.5,-20.5
"Bollinger_Reversion(20,2sd)",LONG,2026-08-11 09:02:00,2026-08-11 09:07:00,29736.75,29750.25,25.0
"Bollinger_Reversion(20,2sd)",LONG,2026-08-11 09:10:00,2026-08-11 09:16:00,29720.75,29747.5,51.5
"Bollinger_Reversion(20,2sd)",SHORT,2026-08-11 10:20:00,2026-08-11 10:40:00,29773.25,29803.0,-61.5
"Bollinger_Reversion(20,2sd)",SHORT,2026-08-11 10:50:00,2026-08-11 10:58:00,29825.5,29814.5,20.0
"Bollinger_Reversion(20,2sd)",SHORT,2026-08-11 11:02:00,2026-08-11 11:18:00,29869.25,29850.0,36.5
"Bollinger_Reversion(20,2sd)",LONG,2026-08-11 11:21:00,2026-08-11 11:42:00,29841.0,29828.5,-27.0
"Bollinger_Reversion(20,2sd)",SHORT,2026-08-11 12:07:00,2026-08-11 12:23:00,29843.75,29845.25,-5.0
"Bollinger_Reversion(20,2sd)",LONG,2026-08-11 12:24:00,2026-08-11 12:36:00,29823.25,29841.25,34.0
"Bollinger_Reversion(20,2sd)",LONG,2026-08-11 13:14:00,2026-08-11 13:24:00,29828.5,29828.0,-3.0
"Bollinger_Reversion(20,2sd)",LONG,2026-08-11 13:32:00,2026-08-11 13:57:00,29767.25,29701.0,-134.5
"Bollinger_Reversion(20,2sd)",SHORT,2026-08-11 14:52:00,2026-08-11 15:05:00,29789.5,29775.75,25.5
"Bollinger_Reversion(20,2sd)",LONG,2026-08-11 15:06:00,2026-08-11 15:22:00,29756.0,29728.5,-57.0
"Bollinger_Reversion(20,2sd)",LONG,2026-08-11 15:35:00,2026-08-11 15:46:00,29673.75,29679.5,9.5
"Bollinger_Reversion(20,2sd)",LONG,2026-08-11 16:47:00,2026-08-11 16:56:00,29621.25,29636.25,28.0
"Bollinger_Reversion(20,2sd)",LONG,2026-08-11 17:03:00,2026-08-11 17:22:00,29608.0,29614.25,10.5
"Bollinger_Reversion(20,2sd)",SHORT,2026-08-11 17:36:00,2026-08-11 17:39:00,29623.0,29606.5,31.0
"Bollinger_Reversion(20,2sd)",SHORT,2026-08-11 17:43:00,2026-08-11 17:57:00,29635.75,29627.5,14.5
"Bollinger_Reversion(20,2sd)",LONG,2026-08-11 18:02:00,2026-08-11 18:47:00,29623.0,29560.0,-128.0
"Bollinger_Reversion(20,2sd)",SHORT,2026-08-11 18:50:00,2026-08-11 19:07:00,29586.25,29578.25,14.0
"Bollinger_Reversion(20,2sd)",LONG,2026-08-11 19:08:00,2026-08-11 19:11:00,29572.25,29590.5,34.5
"Bollinger_Reversion(20,2sd)",SHORT,2026-08-11 19:14:00,2026-08-11 19:46:00,29613.25,29626.0,-27.5
"Bollinger_Reversion(20,2sd)",SHORT,2026-08-11 20:23:00,2026-08-11 20:42:00,29666.0,29665.75,-1.5
"Bollinger_Reversion(20,2sd)",LONG,2026-08-11 20:48:00,2026-08-11 22:13:00,29663.75,29650.0,-29.5
"Bollinger_Reversion(20,2sd)",LONG,2026-08-11 22:43:00,2026-08-11 22:50:00,29641.5,29644.0,3.0
"Bollinger_Reversion(20,2sd)",LONG,2026-08-11 23:14:00,2026-08-11 23:23:00,29641.5,29644.75,4.5
"Bollinger_Reversion(20,2sd)",SHORT,2026-08-11 23:30:00,2026-08-11 23:33:00,29652.75,29643.75,16.0
"Bollinger_Reversion(20,2sd)",LONG,2026-08-11 23:36:00,2026-08-11 23:51:00,29638.5,29655.5,32.0
"Bollinger_Reversion(20,2sd)",SHORT,2026-08-11 23:52:00,2026-08-12 00:02:00,29654.25,29635.0,36.5
"Bollinger_Reversion(20,2sd)",LONG,2026-08-12 00:40:00,2026-08-12 00:46:00,29656.5,29665.0,15.0
"Bollinger_Reversion(20,2sd)",SHORT,2026-08-12 01:04:00,2026-08-12 01:08:00,29672.75,29663.0,17.5
"Bollinger_Reversion(20,2sd)",LONG,2026-08-12 01:19:00,2026-08-12 01:30:00,29654.75,29660.0,8.5
"Bollinger_Reversion(20,2sd)",SHORT,2026-08-12 01:44:00,2026-08-12 01:56:00,29674.25,29662.5,21.5
"Bollinger_Reversion(20,2sd)",SHORT,2026-08-12 02:27:00,2026-08-12 03:07:00,29671.5,29701.75,-62.5
"Bollinger_Reversion(20,2sd)",LONG,2026-08-12 03:39:00,2026-08-12 03:50:00,29693.5,29700.25,11.5
"Bollinger_Reversion(20,2sd)",LONG,2026-08-12 03:54:00,2026-08-12 03:58:00,29688.5,29694.25,9.5
"Bollinger_Reversion(20,2sd)",SHORT,2026-08-12 04:25:00,2026-08-12 04:31:00,29701.0,29693.0,14.0
"Bollinger_Reversion(20,2sd)",LONG,2026-08-12 04:33:00,2026-08-12 04:37:00,29688.0,29695.0,12.0
"Bollinger_Reversion(20,2sd)",SHORT,2026-08-12 04:48:00,2026-08-12 05:03:00,29704.5,29704.25,-1.5
"ZScore_Reversion(20,z=2.0)",LONG,2026-08-04 04:37:00,2026-08-04 04:47:00,28998.25,29002.75,7.0
"ZScore_Reversion(20,z=2.0)",SHORT,2026-08-04 04:53:00,2026-08-04 04:59:00,29014.75,29007.5,12.5
"ZScore_Reversion(20,z=2.0)",LONG,2026-08-04 05:04:00,2026-08-04 05:10:00,28995.75,29005.25,17.0
"ZScore_Reversion(20,z=2.0)",LONG,2026-08-04 05:13:00,2026-08-04 05:16:00,28981.5,28997.0,29.0
"ZScore_Reversion(20,z=2.0)",SHORT,2026-08-04 05:36:00,2026-08-04 05:47:00,29052.0,29052.5,-3.0
"ZScore_Reversion(20,z=2.0)",SHORT,2026-08-04 05:58:00,2026-08-04 06:18:00,29069.5,29081.75,-26.5
"ZScore_Reversion(20,z=2.0)",LONG,2026-08-04 06:31:00,2026-08-04 06:32:00,29075.25,29087.5,22.5
"ZScore_Reversion(20,z=2.0)",LONG,2026-08-04 06:35:00,2026-08-04 06:47:00,29071.5,29061.5,-22.0
"ZScore_Reversion(20,z=2.0)",SHORT,2026-08-04 07:00:00,2026-08-04 07:07:00,29072.0,29075.25,-8.5
"ZScore_Reversion(20,z=2.0)",SHORT,2026-08-04 07:27:00,2026-08-04 07:36:00,29104.5,29092.5,22.0
"ZScore_Reversion(20,z=2.0)",LONG,2026-08-04 08:25:00,2026-08-04 08:30:00,29104.5,29111.5,12.0
"ZScore_Reversion(20,z=2.0)",LONG,2026-08-04 08:33:00,2026-08-04 08:49:00,29082.0,29064.25,-37.5
"ZScore_Reversion(20,z=2.0)",LONG,2026-08-04 09:07:00,2026-08-04 09:21:00,29034.25,29024.25,-22.0
"ZScore_Reversion(20,z=2.0)",SHORT,2026-08-04 09:29:00,2026-08-04 09:47:00,29039.75,29062.5,-47.5
"ZScore_Reversion(20,z=2.0)",SHORT,2026-08-04 10:12:00,2026-08-04 10:20:00,29106.5,29096.25,18.5
"ZScore_Reversion(20,z=2.0)",LONG,2026-08-04 10:37:00,2026-08-04 10:44:00,29079.5,29090.5,20.0
"ZScore_Reversion(20,z=2.0)",SHORT,2026-08-04 10:45:00,2026-08-04 10:54:00,29120.25,29116.25,6.0
"ZScore_Reversion(20,z=2.0)",SHORT,2026-08-04 11:22:00,2026-08-04 11:37:00,29164.5,29161.75,3.5
"ZScore_Reversion(20,z=2.0)",SHORT,2026-08-04 11:44:00,2026-08-04 12:01:00,29193.75,29220.0,-54.5
"ZScore_Reversion(20,z=2.0)",SHORT,2026-08-04 12:22:00,2026-08-04 12:25:00,29230.5,29219.75,19.5
"ZScore_Reversion(20,z=2.0)",SHORT,2026-08-04 13:04:00,2026-08-04 13:19:00,29222.25,29226.25,-10.0
"ZScore_Reversion(20,z=2.0)",SHORT,2026-08-04 13:21:00,2026-08-04 13:25:00,29270.0,29240.0,58.0
"ZScore_Reversion(20,z=2.0)",SHORT,2026-08-04 13:31:00,2026-08-04 13:57:00,29303.75,29436.75,-268.0
"ZScore_Reversion(20,z=2.0)",SHORT,2026-08-04 15:03:00,2026-08-04 15:28:00,29577.75,29638.75,-124.0
"ZScore_Reversion(20,z=2.0)",SHORT,2026-08-04 15:39:00,2026-08-04 15:54:00,29670.75,29679.5,-19.5
"ZScore_Reversion(20,z=2.0)",LONG,2026-08-04 16:12:00,2026-08-04 16:14:00,29665.0,29681.5,31.0
"ZScore_Reversion(20,z=2.0)",SHORT,2026-08-04 16:20:00,2026-08-04 16:39:00,29705.5,29716.0,-23.0
"ZScore_Reversion(20,z=2.0)",SHORT,2026-08-04 16:46:00,2026-08-04 16:56:00,29733.0,29734.0,-4.0
"ZScore_Reversion(20,z=2.0)",SHORT,2026-08-04 17:01:00,2026-08-04 17:20:00,29761.75,29790.5,-59.5
"ZScore_Reversion(20,z=2.0)",SHORT,2026-08-04 17:26:00,2026-08-04 17:51:00,29807.75,29857.0,-100.5
"ZScore_Reversion(20,z=2.0)",LONG,2026-08-04 18:01:00,2026-08-04 18:10:00,29820.5,29838.25,33.5
"ZScore_Reversion(20,z=2.0)",LONG,2026-08-04 18:41:00,2026-08-04 18:46:00,29847.75,29869.5,41.5
"ZScore_Reversion(20,z=2.0)",SHORT,2026-08-04 19:02:00,2026-08-04 19:22:00,29915.5,29931.0,-33.0
"ZScore_Reversion(20,z=2.0)",LONG,2026-08-04 19:27:00,2026-08-04 19:35:00,29906.0,29912.5,11.0
"ZScore_Reversion(20,z=2.0)",SHORT,2026-08-04 19:43:00,2026-08-04 19:48:00,29941.25,29929.75,21.0
"ZScore_Reversion(20,z=2.0)",LONG,2026-08-04 19:55:00,2026-08-04 20:03:00,29871.5,29889.25,33.5
"ZScore_Reversion(20,z=2.0)",LONG,2026-08-04 20:16:00,2026-08-04 20:32:00,29825.75,29796.75,-60.0
"ZScore_Reversion(20,z=2.0)",SHORT,2026-08-04 20:48:00,2026-08-04 20:51:00,29819.5,29801.0,35.0
"ZScore_Reversion(20,z=2.0)",SHORT,2026-08-04 22:08:00,2026-08-04 22:23:00,29831.0,29827.75,4.5
"ZScore_Reversion(20,z=2.0)",LONG,2026-08-04 22:42:00,2026-08-04 22:56:00,29812.5,29807.0,-13.0
"ZScore_Reversion(20,z=2.0)",SHORT,2026-08-04 23:00:00,2026-08-04 23:21:00,29825.75,29839.25,-29.0
"ZScore_Reversion(20,z=2.0)",LONG,2026-08-04 23:25:00,2026-08-04 23:49:00,29828.75,29828.5,-2.5
"ZScore_Reversion(20,z=2.0)",SHORT,2026-08-05 00:07:00,2026-08-05 00:11:00,29861.0,29840.5,39.0
"ZScore_Reversion(20,z=2.0)",SHORT,2026-08-05 00:31:00,2026-08-05 00:39:00,29870.5,29857.25,24.5
"ZScore_Reversion(20,z=2.0)",LONG,2026-08-05 00:44:00,2026-08-05 00:52:00,29842.0,29845.0,4.0
"ZScore_Reversion(20,z=2.0)",SHORT,2026-08-05 01:46:00,2026-08-05 02:05:00,29854.0,29872.5,-39.0
"ZScore_Reversion(20,z=2.0)",LONG,2026-08-05 02:27:00,2026-08-05 02:35:00,29853.5,29859.5,10.0
"ZScore_Reversion(20,z=2.0)",SHORT,2026-08-05 02:47:00,2026-08-05 02:50:00,29871.0,29855.75,28.5
"ZScore_Reversion(20,z=2.0)",SHORT,2026-08-05 03:13:00,2026-08-05 03:20:00,29886.75,29881.25,9.0
"ZScore_Reversion(20,z=2.0)",LONG,2026-08-05 03:30:00,2026-08-05 03:37:00,29864.75,29873.0,14.5
"ZScore_Reversion(20,z=2.0)",SHORT,2026-08-05 03:41:00,2026-08-05 03:50:00,29886.75,29878.0,15.5
"ZScore_Reversion(20,z=2.0)",LONG,2026-08-05 04:19:00,2026-08-05 04:30:00,29872.25,29871.5,-3.5
"ZScore_Reversion(20,z=2.0)",SHORT,2026-08-05 04:41:00,2026-08-05 04:51:00,29906.75,29900.5,10.5
"ZScore_Reversion(20,z=2.0)",SHORT,2026-08-05 05:02:00,2026-08-05 05:31:00,29922.75,29925.5,-7.5
"ZScore_Reversion(20,z=2.0)",LONG,2026-08-05 05:31:00,2026-08-05 05:41:00,29925.5,29930.0,7.0
"ZScore_Reversion(20,z=2.0)",SHORT,2026-08-05 05:52:00,2026-08-05 06:04:00,29964.5,29967.0,-7.0
"ZScore_Reversion(20,z=2.0)",SHORT,2026-08-05 06:11:00,2026-08-05 06:15:00,29988.75,29980.25,15.0
"ZScore_Reversion(20,z=2.0)",LONG,2026-08-05 06:22:00,2026-08-05 06:32:00,29938.0,29946.0,14.0
"ZScore_Reversion(20,z=2.0)",LONG,2026-08-05 07:11:00,2026-08-05 07:39:00,29944.0,29910.0,-70.0
"ZScore_Reversion(20,z=2.0)",SHORT,2026-08-05 08:05:00,2026-08-05 08:08:00,29922.5,29910.0,23.0
"ZScore_Reversion(20,z=2.0)",LONG,2026-08-05 08:11:00,2026-08-05 08:36:00,29881.5,29839.75,-85.5
"ZScore_Reversion(20,z=2.0)",LONG,2026-08-05 09:16:00,2026-08-05 09:21:00,29821.25,29841.75,39.0
"ZScore_Reversion(20,z=2.0)",LONG,2026-08-05 09:50:00,2026-08-05 09:57:00,29858.0,29869.5,21.0
"ZScore_Reversion(20,z=2.0)",LONG,2026-08-05 10:10:00,2026-08-05 10:18:00,29853.25,29851.25,-6.0
"ZScore_Reversion(20,z=2.0)",LONG,2026-08-05 10:46:00,2026-08-05 10:53:00,29839.25,29860.0,39.5
"ZScore_Reversion(20,z=2.0)",SHORT,2026-08-05 11:01:00,2026-08-05 11:17:00,29882.25,29900.5,-38.5
"ZScore_Reversion(20,z=2.0)",LONG,2026-08-05 12:06:00,2026-08-05 12:11:00,29895.0,29909.5,27.0
"ZScore_Reversion(20,z=2.0)",SHORT,2026-08-05 12:24:00,2026-08-05 12:33:00,29930.0,29899.75,58.5
"ZScore_Reversion(20,z=2.0)",LONG,2026-08-05 12:33:00,2026-08-05 12:35:00,29899.75,29920.25,39.0
"ZScore_Reversion(20,z=2.0)",LONG,2026-08-05 12:54:00,2026-08-05 13:01:00,29918.75,29925.5,11.5
"ZScore_Reversion(20,z=2.0)",SHORT,2026-08-05 13:29:00,2026-08-05 13:37:00,29961.5,29930.0,61.0
"ZScore_Reversion(20,z=2.0)",LONG,2026-08-05 14:02:00,2026-08-05 14:07:00,29963.5,29989.25,49.5
"ZScore_Reversion(20,z=2.0)",LONG,2026-08-05 14:23:00,2026-08-05 14:47:00,29934.0,29874.75,-120.5
"ZScore_Reversion(20,z=2.0)",LONG,2026-08-05 14:54:00,2026-08-05 14:58:00,29798.0,29848.75,99.5
"ZScore_Reversion(20,z=2.0)",LONG,2026-08-05 15:18:00,2026-08-05 15:22:00,29809.75,29842.25,63.0
"ZScore_Reversion(20,z=2.0)",LONG,2026-08-05 15:50:00,2026-08-05 16:05:00,29791.5,29756.25,-72.5
"ZScore_Reversion(20,z=2.0)",SHORT,2026-08-05 16:21:00,2026-08-05 16:34:00,29777.25,29777.0,-1.5
"ZScore_Reversion(20,z=2.0)",SHORT,2026-08-05 16:54:00,2026-08-05 16:59:00,29823.5,29808.25,28.5
"ZScore_Reversion(20,z=2.0)",LONG,2026-08-05 17:05:00,2026-08-05 17:16:00,29776.0,29774.5,-5.0
"ZScore_Reversion(20,z=2.0)",LONG,2026-08-05 17:23:00,2026-08-05 17:25:00,29742.5,29764.25,41.5
"ZScore_Reversion(20,z=2.0)",SHORT,2026-08-05 18:05:00,2026-08-05 18:08:00,29781.0,29759.25,41.5
"ZScore_Reversion(20,z=2.0)",LONG,2026-08-05 18:31:00,2026-08-05 18:38:00,29748.0,29752.25,6.5
"ZScore_Reversion(20,z=2.0)",LONG,2026-08-05 18:56:00,2026-08-05 19:01:00,29732.25,29738.25,10.0
"ZScore_Reversion(20,z=2.0)",SHORT,2026-08-05 19:06:00,2026-08-05 19:20:00,29773.0,29767.25,9.5
"ZScore_Reversion(20,z=2.0)",LONG,2026-08-05 19:26:00,2026-08-05 19:28:00,29759.5,29769.0,17.0
"ZScore_Reversion(20,z=2.0)",LONG,2026-08-05 19:30:00,2026-08-05 19:51:00,29757.0,29715.25,-85.5
"ZScore_Reversion(20,z=2.0)",LONG,2026-08-05 19:56:00,2026-08-05 20:12:00,29694.0,29593.0,-204.0
"ZScore_Reversion(20,z=2.0)",SHORT,2026-08-05 20:41:00,2026-08-05 20:48:00,29591.75,29582.75,16.0
"ZScore_Reversion(20,z=2.0)",SHORT,2026-08-05 22:21:00,2026-08-05 22:44:00,29600.75,29653.0,-106.5
"ZScore_Reversion(20,z=2.0)",LONG,2026-08-05 22:52:00,2026-08-05 23:09:00,29634.5,29621.0,-29.0
"ZScore_Reversion(20,z=2.0)",SHORT,2026-08-05 23:15:00,2026-08-05 23:19:00,29628.0,29622.25,9.5
"ZScore_Reversion(20,z=2.0)",SHORT,2026-08-05 23:22:00,2026-08-05 23:30:00,29636.5,29629.25,12.5
"ZScore_Reversion(20,z=2.0)",LONG,2026-08-05 23:33:00,2026-08-05 23:43:00,29602.25,29606.75,7.0
"ZScore_Reversion(20,z=2.0)",LONG,2026-08-06 00:02:00,2026-08-06 00:06:00,29556.75,29576.5,37.5
"ZScore_Reversion(20,z=2.0)",LONG,2026-08-06 00:54:00,2026-08-06 01:08:00,29540.5,29524.75,-33.5
"ZScore_Reversion(20,z=2.0)",LONG,2026-08-06 01:21:00,2026-08-06 01:31:00,29480.0,29493.0,24.0
"ZScore_Reversion(20,z=2.0)",SHORT,2026-08-06 01:49:00,2026-08-06 01:58:00,29517.0,29505.5,21.0
"ZScore_Reversion(20,z=2.0)",SHORT,2026-08-06 02:10:00,2026-08-06 02:28:00,29525.25,29550.5,-52.5
"ZScore_Reversion(20,z=2.0)",SHORT,2026-08-06 02:34:00,2026-08-06 02:38:00,29584.0,29567.0,32.0
"ZScore_Reversion(20,z=2.0)",SHORT,2026-08-06 02:44:00,2026-08-06 02:53:00,29606.0,29601.0,8.0
"ZScore_Reversion(20,z=2.0)",LONG,2026-08-06 03:08:00,2026-08-06 03:36:00,29580.5,29550.25,-62.5
"ZScore_Reversion(20,z=2.0)",SHORT,2026-08-06 03:48:00,2026-08-06 03:53:00,29565.25,29559.5,9.5
"ZScore_Reversion(20,z=2.0)",SHORT,2026-08-06 04:24:00,2026-08-06 04:34:00,29585.0,29574.75,18.5
"ZScore_Reversion(20,z=2.0)",LONG,2026-08-06 04:39:00,2026-08-06 04:49:00,29557.25,29558.5,0.5
"ZScore_Reversion(20,z=2.0)",SHORT,2026-08-06 05:03:00,2026-08-06 05:11:00,29588.75,29575.25,25.0
"ZScore_Reversion(20,z=2.0)",LONG,2026-08-06 05:34:00,2026-08-06 05:41:00,29557.0,29572.25,28.5
"ZScore_Reversion(20,z=2.0)",LONG,2026-08-06 06:14:00,2026-08-06 06:23:00,29507.5,29511.5,6.0
"ZScore_Reversion(20,z=2.0)",SHORT,2026-08-06 07:07:00,2026-08-06 07:21:00,29546.5,29551.5,-12.0
"ZScore_Reversion(20,z=2.0)",LONG,2026-08-06 07:38:00,2026-08-06 07:47:00,29514.75,29524.0,16.5
"ZScore_Reversion(20,z=2.0)",LONG,2026-08-06 08:03:00,2026-08-06 08:08:00,29493.75,29505.75,22.0
"ZScore_Reversion(20,z=2.0)",LONG,2026-08-06 08:10:00,2026-08-06 08:17:00,29465.0,29478.25,24.5
"ZScore_Reversion(20,z=2.0)",LONG,2026-08-06 08:48:00,2026-08-06 08:57:00,29491.75,29510.5,35.5
"ZScore_Reversion(20,z=2.0)",LONG,2026-08-06 09:04:00,2026-08-06 09:16:00,29477.0,29462.0,-32.0
"ZScore_Reversion(20,z=2.0)",SHORT,2026-08-06 09:43:00,2026-08-06 10:05:00,29495.5,29517.25,-45.5
"ZScore_Reversion(20,z=2.0)",LONG,2026-08-06 10:36:00,2026-08-06 10:48:00,29499.5,29490.25,-20.5
"ZScore_Reversion(20,z=2.0)",LONG,2026-08-06 11:01:00,2026-08-06 11:13:00,29423.0,29411.5,-25.0
"ZScore_Reversion(20,z=2.0)",LONG,2026-08-06 11:49:00,2026-08-06 11:58:00,29460.75,29472.5,21.5
"ZScore_Reversion(20,z=2.0)",LONG,2026-08-06 12:46:00,2026-08-06 13:22:00,29424.75,29356.75,-138.0
"ZScore_Reversion(20,z=2.0)",LONG,2026-08-06 13:26:00,2026-08-06 13:28:00,29333.0,29344.25,20.5
"ZScore_Reversion(20,z=2.0)",LONG,2026-08-06 13:31:00,2026-08-06 13:35:00,29328.25,29340.75,23.0
"ZScore_Reversion(20,z=2.0)",SHORT,2026-08-06 13:37:00,2026-08-06 13:57:00,29416.5,29499.0,-167.0
"ZScore_Reversion(20,z=2.0)",SHORT,2026-08-06 14:08:00,2026-08-06 14:26:00,29559.5,29617.5,-118.0
"ZScore_Reversion(20,z=2.0)",LONG,2026-08-06 14:40:00,2026-08-06 14:42:00,29552.5,29598.25,89.5
"ZScore_Reversion(20,z=2.0)",LONG,2026-08-06 14:47:00,2026-08-06 14:51:00,29535.75,29591.75,110.0
"ZScore_Reversion(20,z=2.0)",SHORT,2026-08-06 14:57:00,2026-08-06 15:04:00,29638.0,29610.5,53.0
"ZScore_Reversion(20,z=2.0)",LONG,2026-08-06 15:20:00,2026-08-06 15:29:00,29580.25,29604.25,46.0
"ZScore_Reversion(20,z=2.0)",SHORT,2026-08-06 16:38:00,2026-08-06 16:44:00,29505.25,29494.25,20.0
"ZScore_Reversion(20,z=2.0)",SHORT,2026-08-06 17:00:00,2026-08-06 17:08:00,29557.25,29540.75,31.0
"ZScore_Reversion(20,z=2.0)",LONG,2026-08-06 17:40:00,2026-08-06 17:47:00,29513.75,29516.25,3.0
"ZScore_Reversion(20,z=2.0)",SHORT,2026-08-06 18:15:00,2026-08-06 18:27:00,29542.75,29551.75,-20.0
"ZScore_Reversion(20,z=2.0)",LONG,2026-08-06 18:35:00,2026-08-06 18:46:00,29534.75,29534.25,-3.0
"ZScore_Reversion(20,z=2.0)",SHORT,2026-08-06 19:02:00,2026-08-06 19:14:00,29546.25,29546.75,-3.0
"ZScore_Reversion(20,z=2.0)",LONG,2026-08-06 19:25:00,2026-08-06 19:32:00,29509.5,29532.75,44.5
"ZScore_Reversion(20,z=2.0)",LONG,2026-08-06 20:23:00,2026-08-06 20:35:00,29510.0,29502.0,-18.0
"ZScore_Reversion(20,z=2.0)",SHORT,2026-08-06 20:59:00,2026-08-06 22:23:00,29504.75,29554.75,-102.0
"ZScore_Reversion(20,z=2.0)",LONG,2026-08-06 22:33:00,2026-08-06 22:41:00,29534.0,29543.5,17.0
"ZScore_Reversion(20,z=2.0)",SHORT,2026-08-06 23:20:00,2026-08-06 23:28:00,29576.75,29574.25,3.0
"ZScore_Reversion(20,z=2.0)",SHORT,2026-08-06 23:50:00,2026-08-07 00:01:00,29595.25,29586.5,15.5
"ZScore_Reversion(20,z=2.0)",SHORT,2026-08-07 00:03:00,2026-08-07 00:07:00,29606.0,29602.25,5.5
"ZScore_Reversion(20,z=2.0)",LONG,2026-08-07 00:16:00,2026-08-07 00:35:00,29547.5,29573.75,50.5
"ZScore_Reversion(20,z=2.0)",SHORT,2026-08-07 00:35:00,2026-08-07 00:39:00,29573.75,29533.25,79.0
"ZScore_Reversion(20,z=2.0)",SHORT,2026-08-07 00:58:00,2026-08-07 01:07:00,29569.0,29555.0,26.0
"ZScore_Reversion(20,z=2.0)",LONG,2026-08-07 01:14:00,2026-08-07 01:27:00,29520.0,29516.0,-10.0
"ZScore_Reversion(20,z=2.0)",SHORT,2026-08-07 01:33:00,2026-08-07 01:36:00,29574.75,29530.0,87.5
"ZScore_Reversion(20,z=2.0)",LONG,2026-08-07 02:11:00,2026-08-07 02:13:00,29493.25,29529.5,70.5
"ZScore_Reversion(20,z=2.0)",LONG,2026-08-07 02:32:00,2026-08-07 02:46:00,29509.5,29503.0,-15.0
"ZScore_Reversion(20,z=2.0)",SHORT,2026-08-07 02:50:00,2026-08-07 03:16:00,29534.5,29523.5,20.0
"ZScore_Reversion(20,z=2.0)",LONG,2026-08-07 03:16:00,2026-08-07 03:28:00,29523.5,29512.5,-24.0
"ZScore_Reversion(20,z=2.0)",LONG,2026-08-07 04:14:00,2026-08-07 04:20:00,29477.75,29485.0,12.5
"ZScore_Reversion(20,z=2.0)",SHORT,2026-08-07 04:57:00,2026-08-07 05:21:00,29511.0,29542.0,-64.0
"ZScore_Reversion(20,z=2.0)",LONG,2026-08-07 05:39:00,2026-08-07 05:50:00,29528.25,29532.5,6.5
"ZScore_Reversion(20,z=2.0)",SHORT,2026-08-07 06:05:00,2026-08-07 06:17:00,29540.75,29551.25,-23.0
"ZScore_Reversion(20,z=2.0)",SHORT,2026-08-07 06:25:00,2026-08-07 06:39:00,29572.0,29569.75,2.5
"ZScore_Reversion(20,z=2.0)",LONG,2026-08-07 06:42:00,2026-08-07 06:57:00,29545.0,29544.75,-2.5
"ZScore_Reversion(20,z=2.0)",SHORT,2026-08-07 07:00:00,2026-08-07 07:02:00,29552.0,29545.5,11.0
"ZScore_Reversion(20,z=2.0)",LONG,2026-08-07 07:05:00,2026-08-07 07:07:00,29536.5,29567.75,60.5
"ZScore_Reversion(20,z=2.0)",SHORT,2026-08-07 07:07:00,2026-08-07 07:23:00,29567.75,29578.0,-22.5
"ZScore_Reversion(20,z=2.0)",LONG,2026-08-07 07:34:00,2026-08-07 07:41:00,29574.0,29579.75,9.5
"ZScore_Reversion(20,z=2.0)",SHORT,2026-08-07 07:42:00,2026-08-07 07:45:00,29590.0,29582.5,13.0
"ZScore_Reversion(20,z=2.0)",LONG,2026-08-07 07:51:00,2026-08-07 07:55:00,29565.5,29581.75,30.5
"ZScore_Reversion(20,z=2.0)",SHORT,2026-08-07 08:03:00,2026-08-07 08:18:00,29612.0,29607.0,8.0
"ZScore_Reversion(20,z=2.0)",SHORT,2026-08-07 08:34:00,2026-08-07 08:40:00,29643.75,29619.25,47.0
"ZScore_Reversion(20,z=2.0)",SHORT,2026-08-07 09:02:00,2026-08-07 09:08:00,29640.25,29625.25,28.0
"ZScore_Reversion(20,z=2.0)",LONG,2026-08-07 10:00:00,2026-08-07 10:03:00,29618.25,29624.0,9.5
"ZScore_Reversion(20,z=2.0)",LONG,2026-08-07 10:15:00,2026-08-07 10:26:00,29609.25,29608.75,-3.0
"ZScore_Reversion(20,z=2.0)",LONG,2026-08-07 10:54:00,2026-08-07 11:01:00,29605.25,29633.5,54.5
"ZScore_Reversion(20,z=2.0)",SHORT,2026-08-07 11:01:00,2026-08-07 11:18:00,29633.5,29638.5,-12.0
"ZScore_Reversion(20,z=2.0)",SHORT,2026-08-07 11:26:00,2026-08-07 11:38:00,29652.0,29653.0,-4.0
"ZScore_Reversion(20,z=2.0)",LONG,2026-08-07 11:52:00,2026-08-07 12:02:00,29648.75,29653.5,7.5
"ZScore_Reversion(20,z=2.0)",SHORT,2026-08-07 12:29:00,2026-08-07 12:58:00,29678.0,29838.5,-323.0
"ZScore_Reversion(20,z=2.0)",LONG,2026-08-07 13:05:00,2026-08-07 13:31:00,29784.25,29728.5,-113.5
"ZScore_Reversion(20,z=2.0)",SHORT,2026-08-07 13:33:00,2026-08-07 13:37:00,29776.0,29723.25,103.5
"ZScore_Reversion(20,z=2.0)",LONG,2026-08-07 13:57:00,2026-08-07 14:17:00,29695.75,29653.25,-87.0
"ZScore_Reversion(20,z=2.0)",SHORT,2026-08-07 15:06:00,2026-08-07 15:16:00,29757.0,29754.5,3.0
"ZScore_Reversion(20,z=2.0)",SHORT,2026-08-07 15:23:00,2026-08-07 15:39:00,29780.0,29824.25,-90.5
"ZScore_Reversion(20,z=2.0)",LONG,2026-08-07 16:22:00,2026-08-07 16:35:00,29774.0,29736.25,-77.5
"ZScore_Reversion(20,z=2.0)",LONG,2026-08-07 17:25:00,2026-08-07 17:29:00,29732.0,29746.0,26.0
"ZScore_Reversion(20,z=2.0)",SHORT,2026-08-07 17:40:00,2026-08-07 17:42:00,29762.5,29743.5,36.0
"ZScore_Reversion(20,z=2.0)",LONG,2026-08-07 18:13:00,2026-08-07 18:33:00,29733.25,29715.75,-37.0
"ZScore_Reversion(20,z=2.0)",LONG,2026-08-07 18:36:00,2026-08-07 18:49:00,29693.75,29696.25,3.0
"ZScore_Reversion(20,z=2.0)",SHORT,2026-08-07 19:00:00,2026-08-07 19:20:00,29725.25,29793.25,-138.0
"ZScore_Reversion(20,z=2.0)",LONG,2026-08-07 19:31:00,2026-08-07 19:39:00,29787.0,29795.5,15.0
"ZScore_Reversion(20,z=2.0)",SHORT,2026-08-07 19:51:00,2026-08-07 20:04:00,29809.0,29821.75,-27.5
"ZScore_Reversion(20,z=2.0)",SHORT,2026-08-07 20:58:00,2026-08-09 22:15:00,29829.0,29828.5,-1.0
"ZScore_Reversion(20,z=2.0)",SHORT,2026-08-09 23:08:00,2026-08-09 23:19:00,29868.75,29859.75,16.0
"ZScore_Reversion(20,z=2.0)",SHORT,2026-08-09 23:27:00,2026-08-09 23:30:00,29873.5,29865.25,14.5
"ZScore_Reversion(20,z=2.0)",LONG,2026-08-09 23:31:00,2026-08-09 23:37:00,29847.5,29850.75,4.5
"ZScore_Reversion(20,z=2.0)",LONG,2026-08-09 23:58:00,2026-08-10 00:06:00,29833.5,29848.5,28.0
"ZScore_Reversion(20,z=2.0)",SHORT,2026-08-10 00:11:00,2026-08-10 00:19:00,29896.25,29877.75,35.0
"ZScore_Reversion(20,z=2.0)",LONG,2026-08-10 00:26:00,2026-08-10 00:48:00,29842.25,29820.5,-45.5
"ZScore_Reversion(20,z=2.0)",SHORT,2026-08-10 01:15:00,2026-08-10 01:30:00,29851.75,29864.0,-26.5
"ZScore_Reversion(20,z=2.0)",LONG,2026-08-10 02:14:00,2026-08-10 02:29:00,29869.25,29870.25,0.0
"ZScore_Reversion(20,z=2.0)",SHORT,2026-08-10 02:40:00,2026-08-10 02:57:00,29882.5,29884.5,-6.0
"ZScore_Reversion(20,z=2.0)",LONG,2026-08-10 03:00:00,2026-08-10 03:02:00,29881.25,29889.25,14.0
"ZScore_Reversion(20,z=2.0)",LONG,2026-08-10 03:07:00,2026-08-10 03:16:00,29875.25,29873.5,-5.5
"ZScore_Reversion(20,z=2.0)",SHORT,2026-08-10 03:19:00,2026-08-10 03:22:00,29890.0,29881.0,16.0
"ZScore_Reversion(20,z=2.0)",SHORT,2026-08-10 03:38:00,2026-08-10 03:50:00,29896.75,29893.25,5.0
"ZScore_Reversion(20,z=2.0)",LONG,2026-08-10 03:55:00,2026-08-10 04:09:00,29883.0,29888.5,9.0
"ZScore_Reversion(20,z=2.0)",LONG,2026-08-10 04:37:00,2026-08-10 04:44:00,29883.75,29888.75,8.0
"ZScore_Reversion(20,z=2.0)",SHORT,2026-08-10 05:06:00,2026-08-10 05:22:00,29906.5,29913.75,-16.5
"ZScore_Reversion(20,z=2.0)",SHORT,2026-08-10 05:25:00,2026-08-10 05:28:00,29922.25,29914.0,14.5
"ZScore_Reversion(20,z=2.0)",SHORT,2026-08-10 05:54:00,2026-08-10 06:27:00,29924.25,29916.75,13.0
"ZScore_Reversion(20,z=2.0)",LONG,2026-08-10 06:27:00,2026-08-10 06:40:00,29916.75,29915.75,-4.0
"ZScore_Reversion(20,z=2.0)",LONG,2026-08-10 07:00:00,2026-08-10 07:06:00,29910.0,29915.25,8.5
"ZScore_Reversion(20,z=2.0)",LONG,2026-08-10 07:11:00,2026-08-10 07:14:00,29898.0,29905.25,12.5
"ZScore_Reversion(20,z=2.0)",SHORT,2026-08-10 07:20:00,2026-08-10 07:47:00,29932.0,29957.0,-52.0
"ZScore_Reversion(20,z=2.0)",LONG,2026-08-10 07:50:00,2026-08-10 07:56:00,29939.5,29952.75,24.5
"ZScore_Reversion(20,z=2.0)",SHORT,2026-08-10 08:03:00,2026-08-10 08:07:00,29974.5,29959.75,27.5
"ZScore_Reversion(20,z=2.0)",LONG,2026-08-10 08:22:00,2026-08-10 08:30:00,29943.25,29952.0,15.5
"ZScore_Reversion(20,z=2.0)",SHORT,2026-08-10 08:59:00,2026-08-10 09:14:00,29973.25,29972.5,-0.5
"ZScore_Reversion(20,z=2.0)",LONG,2026-08-10 09:29:00,2026-08-10 09:35:00,29966.0,29969.75,5.5
"ZScore_Reversion(20,z=2.0)",LONG,2026-08-10 09:37:00,2026-08-10 09:51:00,29952.5,29949.0,-9.0
"ZScore_Reversion(20,z=2.0)",SHORT,2026-08-10 10:04:00,2026-08-10 10:09:00,29956.0,29942.75,24.5
"ZScore_Reversion(20,z=2.0)",LONG,2026-08-10 10:12:00,2026-08-10 10:21:00,29925.25,29936.5,20.5
"ZScore_Reversion(20,z=2.0)",LONG,2026-08-10 11:01:00,2026-08-10 11:16:00,29895.75,29881.5,-30.5
"ZScore_Reversion(20,z=2.0)",SHORT,2026-08-10 11:28:00,2026-08-10 11:38:00,29898.75,29898.0,-0.5
"ZScore_Reversion(20,z=2.0)",LONG,2026-08-10 11:49:00,2026-08-10 11:57:00,29859.5,29868.0,15.0
"ZScore_Reversion(20,z=2.0)",LONG,2026-08-10 12:14:00,2026-08-10 12:43:00,29848.75,29806.25,-87.0
"ZScore_Reversion(20,z=2.0)",LONG,2026-08-10 12:51:00,2026-08-10 13:01:00,29788.75,29785.5,-8.5
"ZScore_Reversion(20,z=2.0)",SHORT,2026-08-10 13:11:00,2026-08-10 13:16:00,29814.0,29795.5,35.0
"ZScore_Reversion(20,z=2.0)",LONG,2026-08-10 13:35:00,2026-08-10 13:44:00,29741.25,29774.25,64.0
"ZScore_Reversion(20,z=2.0)",SHORT,2026-08-10 14:07:00,2026-08-10 14:19:00,29858.75,29862.75,-10.0
"ZScore_Reversion(20,z=2.0)",LONG,2026-08-10 14:52:00,2026-08-10 15:06:00,29844.75,29810.25,-71.0
"ZScore_Reversion(20,z=2.0)",LONG,2026-08-10 15:13:00,2026-08-10 15:14:00,29771.0,29793.5,43.0
"ZScore_Reversion(20,z=2.0)",LONG,2026-08-10 15:26:00,2026-08-10 15:44:00,29764.5,29797.0,63.0
"ZScore_Reversion(20,z=2.0)",SHORT,2026-08-10 15:44:00,2026-08-10 16:07:00,29797.0,29835.0,-78.0
"ZScore_Reversion(20,z=2.0)",LONG,2026-08-10 16:32:00,2026-08-10 16:50:00,29769.25,29767.5,-5.5
"ZScore_Reversion(20,z=2.0)",SHORT,2026-08-10 17:09:00,2026-08-10 17:19:00,29795.0,29792.25,3.5
"ZScore_Reversion(20,z=2.0)",LONG,2026-08-10 17:28:00,2026-08-10 17:31:00,29783.0,29792.25,16.5
"ZScore_Reversion(20,z=2.0)",LONG,2026-08-10 17:38:00,2026-08-10 17:58:00,29765.25,29759.75,-13.0
"ZScore_Reversion(20,z=2.0)",SHORT,2026-08-10 18:09:00,2026-08-10 18:13:00,29766.75,29759.25,13.0
"ZScore_Reversion(20,z=2.0)",SHORT,2026-08-10 18:32:00,2026-08-10 18:37:00,29760.25,29755.0,8.5
"ZScore_Reversion(20,z=2.0)",SHORT,2026-08-10 18:43:00,2026-08-10 18:50:00,29772.0,29765.25,11.5
"ZScore_Reversion(20,z=2.0)",SHORT,2026-08-10 19:02:00,2026-08-10 19:06:00,29785.5,29778.5,12.0
"ZScore_Reversion(20,z=2.0)",LONG,2026-08-10 19:46:00,2026-08-10 20:01:00,29767.5,29749.5,-38.0
"ZScore_Reversion(20,z=2.0)",SHORT,2026-08-10 20:45:00,2026-08-10 22:06:00,29757.5,29770.0,-27.0
"ZScore_Reversion(20,z=2.0)",LONG,2026-08-10 22:22:00,2026-08-10 22:27:00,29735.75,29749.75,26.0
"ZScore_Reversion(20,z=2.0)",SHORT,2026-08-10 22:53:00,2026-08-10 23:03:00,29733.25,29728.25,8.0
"ZScore_Reversion(20,z=2.0)",LONG,2026-08-10 23:20:00,2026-08-10 23:36:00,29724.0,29714.0,-22.0
"ZScore_Reversion(20,z=2.0)",SHORT,2026-08-10 23:46:00,2026-08-10 23:54:00,29714.75,29702.25,23.0
"ZScore_Reversion(20,z=2.0)",LONG,2026-08-10 23:54:00,2026-08-11 00:00:00,29702.25,29703.75,1.0
"ZScore_Reversion(20,z=2.0)",SHORT,2026-08-11 00:12:00,2026-08-11 00:21:00,29734.25,29728.0,10.5
"ZScore_Reversion(20,z=2.0)",SHORT,2026-08-11 00:45:00,2026-08-11 01:00:00,29779.25,29784.75,-13.0
"ZScore_Reversion(20,z=2.0)",SHORT,2026-08-11 01:14:00,2026-08-11 01:26:00,29820.75,29819.0,1.5
"ZScore_Reversion(20,z=2.0)",SHORT,2026-08-11 01:46:00,2026-08-11 01:56:00,29830.75,29826.75,6.0
"ZScore_Reversion(20,z=2.0)",SHORT,2026-08-11 02:30:00,2026-08-11 02:40:00,29824.0,29826.75,-7.5
"ZScore_Reversion(20,z=2.0)",LONG,2026-08-11 02:58:00,2026-08-11 03:04:00,29816.25,29825.25,16.0
"ZScore_Reversion(20,z=2.0)",SHORT,2026-08-11 03:24:00,2026-08-11 03:33:00,29837.75,29834.0,5.5
"ZScore_Reversion(20,z=2.0)",SHORT,2026-08-11 04:11:00,2026-08-11 04:21:00,29845.0,29842.25,3.5
"ZScore_Reversion(20,z=2.0)",SHORT,2026-08-11 04:30:00,2026-08-11 04:35:00,29853.0,29847.5,9.0
"ZScore_Reversion(20,z=2.0)",LONG,2026-08-11 05:06:00,2026-08-11 05:09:00,29834.5,29846.5,22.0
"ZScore_Reversion(20,z=2.0)",SHORT,2026-08-11 05:09:00,2026-08-11 05:20:00,29846.5,29828.0,35.0
"ZScore_Reversion(20,z=2.0)",LONG,2026-08-11 05:20:00,2026-08-11 05:35:00,29828.0,29818.0,-22.0
"ZScore_Reversion(20,z=2.0)",LONG,2026-08-11 05:50:00,2026-08-11 06:17:00,29799.5,29812.75,24.5
"ZScore_Reversion(20,z=2.0)",LONG,2026-08-11 06:20:00,2026-08-11 06:48:00,29791.75,29773.5,-38.5
"ZScore_Reversion(20,z=2.0)",SHORT,2026-08-11 07:37:00,2026-08-11 07:44:00,29779.25,29764.25,28.0
"ZScore_Reversion(20,z=2.0)",LONG,2026-08-11 07:54:00,2026-08-11 07:57:00,29758.25,29769.25,20.0
"ZScore_Reversion(20,z=2.0)",SHORT,2026-08-11 08:01:00,2026-08-11 08:06:00,29781.25,29773.75,13.0
"ZScore_Reversion(20,z=2.0)",LONG,2026-08-11 08:10:00,2026-08-11 08:25:00,29750.75,29735.0,-33.5
"ZScore_Reversion(20,z=2.0)",LONG,2026-08-11 09:02:00,2026-08-11 09:07:00,29736.75,29750.25,25.0
"ZScore_Reversion(20,z=2.0)",LONG,2026-08-11 09:10:00,2026-08-11 09:26:00,29720.75,29748.25,53.0
"ZScore_Reversion(20,z=2.0)",SHORT,2026-08-11 10:20:00,2026-08-11 10:36:00,29773.25,29810.25,-76.0
"ZScore_Reversion(20,z=2.0)",SHORT,2026-08-11 10:50:00,2026-08-11 10:55:00,29825.5,29817.0,15.0
"ZScore_Reversion(20,z=2.0)",SHORT,2026-08-11 11:02:00,2026-08-11 11:15:00,29869.25,29871.0,-5.5
"ZScore_Reversion(20,z=2.0)",LONG,2026-08-11 11:21:00,2026-08-11 11:41:00,29841.0,29823.75,-36.5
"ZScore_Reversion(20,z=2.0)",SHORT,2026-08-11 12:07:00,2026-08-11 12:24:00,29843.75,29823.25,39.0
"ZScore_Reversion(20,z=2.0)",LONG,2026-08-11 12:24:00,2026-08-11 12:36:00,29823.25,29841.25,34.0
"ZScore_Reversion(20,z=2.0)",LONG,2026-08-11 13:13:00,2026-08-11 13:22:00,29825.75,29833.0,12.5
"ZScore_Reversion(20,z=2.0)",LONG,2026-08-11 13:31:00,2026-08-11 13:43:00,29777.0,29746.0,-64.0
"ZScore_Reversion(20,z=2.0)",SHORT,2026-08-11 14:52:00,2026-08-11 15:00:00,29789.5,29778.0,21.0
"ZScore_Reversion(20,z=2.0)",LONG,2026-08-11 15:06:00,2026-08-11 15:22:00,29756.0,29728.5,-57.0
"ZScore_Reversion(20,z=2.0)",LONG,2026-08-11 15:35:00,2026-08-11 15:44:00,29673.75,29690.0,30.5
"ZScore_Reversion(20,z=2.0)",LONG,2026-08-11 16:47:00,2026-08-11 16:51:00,29621.25,29634.75,25.0
"ZScore_Reversion(20,z=2.0)",LONG,2026-08-11 17:03:00,2026-08-11 17:19:00,29608.0,29598.75,-20.5
"ZScore_Reversion(20,z=2.0)",SHORT,2026-08-11 17:36:00,2026-08-11 17:39:00,29623.0,29606.5,31.0
"ZScore_Reversion(20,z=2.0)",SHORT,2026-08-11 17:43:00,2026-08-11 17:57:00,29635.75,29627.5,14.5
"ZScore_Reversion(20,z=2.0)",LONG,2026-08-11 18:02:00,2026-08-11 18:04:00,29623.0,29631.0,14.0
"ZScore_Reversion(20,z=2.0)",LONG,2026-08-11 18:07:00,2026-08-11 18:36:00,29606.25,29569.0,-76.5
"ZScore_Reversion(20,z=2.0)",SHORT,2026-08-11 18:50:00,2026-08-11 19:00:00,29586.25,29582.25,6.0
"ZScore_Reversion(20,z=2.0)",LONG,2026-08-11 19:08:00,2026-08-11 19:14:00,29572.25,29613.25,80.0
"ZScore_Reversion(20,z=2.0)",SHORT,2026-08-11 19:14:00,2026-08-11 19:43:00,29613.25,29641.25,-58.0
"ZScore_Reversion(20,z=2.0)",SHORT,2026-08-11 20:23:00,2026-08-11 20:40:00,29666.0,29669.25,-8.5
"ZScore_Reversion(20,z=2.0)",LONG,2026-08-11 20:48:00,2026-08-11 22:02:00,29663.75,29656.5,-16.5
"ZScore_Reversion(20,z=2.0)",LONG,2026-08-11 22:06:00,2026-08-11 22:26:00,29637.25,29651.0,25.5
"ZScore_Reversion(20,z=2.0)",LONG,2026-08-11 22:32:00,2026-08-11 22:37:00,29644.75,29654.75,18.0
"ZScore_Reversion(20,z=2.0)",LONG,2026-08-11 22:43:00,2026-08-11 22:48:00,29641.5,29646.25,7.5
"ZScore_Reversion(20,z=2.0)",LONG,2026-08-11 23:14:00,2026-08-11 23:23:00,29641.5,29644.75,4.5
"ZScore_Reversion(20,z=2.0)",SHORT,2026-08-11 23:30:00,2026-08-11 23:31:00,29652.75,29646.0,11.5
"ZScore_Reversion(20,z=2.0)",LONG,2026-08-11 23:36:00,2026-08-11 23:38:00,29638.5,29642.5,6.0
"ZScore_Reversion(20,z=2.0)",SHORT,2026-08-11 23:51:00,2026-08-12 00:04:00,29655.5,29647.25,14.5
"ZScore_Reversion(20,z=2.0)",LONG,2026-08-12 00:40:00,2026-08-12 00:46:00,29656.5,29665.0,15.0
"ZScore_Reversion(20,z=2.0)",SHORT,2026-08-12 01:04:00,2026-08-12 01:16:00,29672.75,29672.75,-2.0
"ZScore_Reversion(20,z=2.0)",LONG,2026-08-12 01:19:00,2026-08-12 01:28:00,29654.75,29656.5,1.5
"ZScore_Reversion(20,z=2.0)",SHORT,2026-08-12 01:44:00,2026-08-12 01:52:00,29674.25,29668.5,9.5
"ZScore_Reversion(20,z=2.0)",SHORT,2026-08-12 02:26:00,2026-08-12 02:44:00,29672.25,29687.5,-32.5
"ZScore_Reversion(20,z=2.0)",SHORT,2026-08-12 02:50:00,2026-08-12 03:08:00,29698.25,29697.0,0.5
"ZScore_Reversion(20,z=2.0)",LONG,2026-08-12 03:39:00,2026-08-12 03:49:00,29693.5,29696.5,4.0
"ZScore_Reversion(20,z=2.0)",LONG,2026-08-12 03:54:00,2026-08-12 03:58:00,29688.5,29694.25,9.5
"ZScore_Reversion(20,z=2.0)",SHORT,2026-08-12 04:25:00,2026-08-12 04:33:00,29701.0,29688.0,24.0
"ZScore_Reversion(20,z=2.0)",LONG,2026-08-12 04:33:00,2026-08-12 04:36:00,29688.0,29694.0,10.0
"ZScore_Reversion(20,z=2.0)",SHORT,2026-08-12 04:48:00,2026-08-12 05:02:00,29704.5,29711.25,-15.5
"ATR_Vol_Breakout(14,k=1.5)",SHORT,2026-08-04 05:01:00,2026-08-04 06:32:00,29004.0,29087.5,-169.0
"ATR_Vol_Breakout(14,k=1.5)",LONG,2026-08-04 06:32:00,2026-08-04 07:07:00,29087.5,29075.25,-26.5
"ATR_Vol_Breakout(14,k=1.5)",SHORT,2026-08-04 07:07:00,2026-08-04 07:14:00,29075.25,29066.5,15.5
"ATR_Vol_Breakout(14,k=1.5)",LONG,2026-08-04 07:14:00,2026-08-04 07:51:00,29066.5,29090.25,45.5
"ATR_Vol_Breakout(14,k=1.5)",SHORT,2026-08-04 07:51:00,2026-08-04 08:02:00,29090.25,29099.25,-20.0
"ATR_Vol_Breakout(14,k=1.5)",LONG,2026-08-04 08:02:00,2026-08-04 08:33:00,29099.25,29082.0,-36.5
"ATR_Vol_Breakout(14,k=1.5)",SHORT,2026-08-04 08:33:00,2026-08-04 08:48:00,29082.0,29059.0,44.0
"ATR_Vol_Breakout(14,k=1.5)",LONG,2026-08-04 08:48:00,2026-08-04 09:03:00,29059.0,29049.0,-22.0
"ATR_Vol_Breakout(14,k=1.5)",SHORT,2026-08-04 09:03:00,2026-08-04 10:45:00,29049.0,29120.25,-144.5
"ATR_Vol_Breakout(14,k=1.5)",LONG,2026-08-04 10:45:00,2026-08-04 12:32:00,29120.25,29200.25,158.0
"ATR_Vol_Breakout(14,k=1.5)",SHORT,2026-08-04 12:32:00,2026-08-04 13:03:00,29200.25,29219.75,-41.0
"ATR_Vol_Breakout(14,k=1.5)",LONG,2026-08-04 13:03:00,2026-08-04 17:51:00,29219.75,29857.0,1272.5
"ATR_Vol_Breakout(14,k=1.5)",SHORT,2026-08-04 17:51:00,2026-08-04 19:01:00,29857.0,29903.0,-94.0
"ATR_Vol_Breakout(14,k=1.5)",LONG,2026-08-04 19:01:00,2026-08-04 20:16:00,29903.0,29825.75,-156.5
"ATR_Vol_Breakout(14,k=1.5)",SHORT,2026-08-04 20:16:00,2026-08-04 22:58:00,29825.75,29820.25,9.0
"ATR_Vol_Breakout(14,k=1.5)",LONG,2026-08-04 22:58:00,2026-08-04 23:34:00,29820.25,29814.0,-14.5
"ATR_Vol_Breakout(14,k=1.5)",SHORT,2026-08-04 23:34:00,2026-08-04 23:41:00,29814.0,29838.25,-50.5
"ATR_Vol_Breakout(14,k=1.5)",LONG,2026-08-04 23:41:00,2026-08-05 00:00:00,29838.25,29835.5,-7.5
"ATR_Vol_Breakout(14,k=1.5)",SHORT,2026-08-05 00:00:00,2026-08-05 01:43:00,29835.5,29842.25,-15.5
"ATR_Vol_Breakout(14,k=1.5)",LONG,2026-08-05 01:43:00,2026-08-05 02:27:00,29842.25,29853.5,20.5
"ATR_Vol_Breakout(14,k=1.5)",SHORT,2026-08-05 02:27:00,2026-08-05 04:33:00,29853.5,29889.0,-73.0
"ATR_Vol_Breakout(14,k=1.5)",LONG,2026-08-05 04:33:00,2026-08-05 04:52:00,29889.0,29888.5,-3.0
"ATR_Vol_Breakout(14,k=1.5)",SHORT,2026-08-05 04:52:00,2026-08-05 05:02:00,29888.5,29922.75,-70.5
"ATR_Vol_Breakout(14,k=1.5)",LONG,2026-08-05 05:02:00,2026-08-05 05:29:00,29922.75,29936.0,24.5
"ATR_Vol_Breakout(14,k=1.5)",SHORT,2026-08-05 05:29:00,2026-08-05 05:52:00,29936.0,29964.5,-59.0
"ATR_Vol_Breakout(14,k=1.5)",LONG,2026-08-05 05:52:00,2026-08-05 06:22:00,29964.5,29938.0,-55.0
"ATR_Vol_Breakout(14,k=1.5)",SHORT,2026-08-05 06:22:00,2026-08-05 06:56:00,29938.0,29965.75,-57.5
"ATR_Vol_Breakout(14,k=1.5)",LONG,2026-08-05 06:56:00,2026-08-05 07:10:00,29965.75,29961.5,-10.5
"ATR_Vol_Breakout(14,k=1.5)",SHORT,2026-08-05 07:10:00,2026-08-05 07:47:00,29961.5,29905.5,110.0
"ATR_Vol_Breakout(14,k=1.5)",LONG,2026-08-05 07:47:00,2026-08-05 08:31:00,29905.5,29814.25,-184.5
"ATR_Vol_Breakout(14,k=1.5)",SHORT,2026-08-05 08:31:00,2026-08-05 08:36:00,29814.25,29839.75,-53.0
"ATR_Vol_Breakout(14,k=1.5)",LONG,2026-08-05 08:36:00,2026-08-05 10:46:00,29839.75,29839.25,-3.0
"ATR_Vol_Breakout(14,k=1.5)",SHORT,2026-08-05 10:46:00,2026-08-05 10:53:00,29839.25,29860.0,-43.5
"ATR_Vol_Breakout(14,k=1.5)",LONG,2026-08-05 10:53:00,2026-08-05 11:11:00,29860.0,29898.5,75.0
"ATR_Vol_Breakout(14,k=1.5)",SHORT,2026-08-05 11:11:00,2026-08-05 12:36:00,29898.5,29942.5,-90.0
"ATR_Vol_Breakout(14,k=1.5)",LONG,2026-08-05 12:36:00,2026-08-05 13:33:00,29942.5,29960.5,34.0
"ATR_Vol_Breakout(14,k=1.5)",SHORT,2026-08-05 13:33:00,2026-08-05 13:34:00,29960.5,29995.75,-72.5
"ATR_Vol_Breakout(14,k=1.5)",LONG,2026-08-05 13:34:00,2026-08-05 13:37:00,29995.75,29930.0,-133.5
"ATR_Vol_Breakout(14,k=1.5)",SHORT,2026-08-05 13:37:00,2026-08-05 16:21:00,29930.0,29777.25,303.5
"ATR_Vol_Breakout(14,k=1.5)",LONG,2026-08-05 16:21:00,2026-08-05 18:31:00,29777.25,29748.0,-60.5
"ATR_Vol_Breakout(14,k=1.5)",SHORT,2026-08-05 18:31:00,2026-08-05 22:08:00,29748.0,29591.5,311.0
"ATR_Vol_Breakout(14,k=1.5)",LONG,2026-08-05 22:08:00,2026-08-05 22:44:00,29591.5,29653.0,121.0
"ATR_Vol_Breakout(14,k=1.5)",SHORT,2026-08-05 22:44:00,2026-08-06 00:20:00,29653.0,29588.5,127.0
"ATR_Vol_Breakout(14,k=1.5)",LONG,2026-08-06 00:20:00,2026-08-06 00:27:00,29588.5,29572.0,-35.0
"ATR_Vol_Breakout(14,k=1.5)",SHORT,2026-08-06 00:27:00,2026-08-06 00:41:00,29572.0,29582.25,-22.5
"ATR_Vol_Breakout(14,k=1.5)",LONG,2026-08-06 00:41:00,2026-08-06 01:16:00,29582.25,29500.0,-166.5
"ATR_Vol_Breakout(14,k=1.5)",SHORT,2026-08-06 01:16:00,2026-08-06 01:37:00,29500.0,29499.5,-1.0
"ATR_Vol_Breakout(14,k=1.5)",LONG,2026-08-06 01:37:00,2026-08-06 03:07:00,29499.5,29588.0,175.0
"ATR_Vol_Breakout(14,k=1.5)",SHORT,2026-08-06 03:07:00,2026-08-06 04:31:00,29588.0,29596.75,-19.5
"ATR_Vol_Breakout(14,k=1.5)",LONG,2026-08-06 04:31:00,2026-08-06 04:34:00,29596.75,29574.75,-46.0
"ATR_Vol_Breakout(14,k=1.5)",SHORT,2026-08-06 04:34:00,2026-08-06 05:03:00,29574.75,29588.75,-30.0
"ATR_Vol_Breakout(14,k=1.5)",LONG,2026-08-06 05:03:00,2026-08-06 05:48:00,29588.75,29555.0,-69.5
"ATR_Vol_Breakout(14,k=1.5)",SHORT,2026-08-06 05:48:00,2026-08-06 06:25:00,29555.0,29527.0,54.0
"ATR_Vol_Breakout(14,k=1.5)",LONG,2026-08-06 06:25:00,2026-08-06 06:31:00,29527.0,29524.5,-7.0
"ATR_Vol_Breakout(14,k=1.5)",SHORT,2026-08-06 06:31:00,2026-08-06 07:07:00,29524.5,29546.5,-46.0
"ATR_Vol_Breakout(14,k=1.5)",LONG,2026-08-06 07:07:00,2026-08-06 08:02:00,29546.5,29501.5,-92.0
"ATR_Vol_Breakout(14,k=1.5)",SHORT,2026-08-06 08:02:00,2026-08-06 08:53:00,29501.5,29516.75,-32.5
"ATR_Vol_Breakout(14,k=1.5)",LONG,2026-08-06 08:53:00,2026-08-06 10:01:00,29516.75,29513.5,-8.5
"ATR_Vol_Breakout(14,k=1.5)",SHORT,2026-08-06 10:01:00,2026-08-06 11:00:00,29513.5,29483.5,58.0
"ATR_Vol_Breakout(14,k=1.5)",LONG,2026-08-06 11:00:00,2026-08-06 11:01:00,29483.5,29423.0,-123.0
"ATR_Vol_Breakout(14,k=1.5)",SHORT,2026-08-06 11:01:00,2026-08-06 11:31:00,29423.0,29489.5,-135.0
"ATR_Vol_Breakout(14,k=1.5)",LONG,2026-08-06 11:31:00,2026-08-06 11:43:00,29489.5,29491.0,1.0
"ATR_Vol_Breakout(14,k=1.5)",SHORT,2026-08-06 11:43:00,2026-08-06 12:21:00,29491.0,29417.0,146.0
"ATR_Vol_Breakout(14,k=1.5)",LONG,2026-08-06 12:21:00,2026-08-06 13:01:00,29417.0,29377.75,-80.5
"ATR_Vol_Breakout(14,k=1.5)",SHORT,2026-08-06 13:01:00,2026-08-06 13:35:00,29377.75,29340.75,72.0
"ATR_Vol_Breakout(14,k=1.5)",LONG,2026-08-06 13:35:00,2026-08-06 15:18:00,29340.75,29623.75,564.0
"ATR_Vol_Breakout(14,k=1.5)",SHORT,2026-08-06 15:18:00,2026-08-06 15:47:00,29623.75,29587.0,71.5
"ATR_Vol_Breakout(14,k=1.5)",LONG,2026-08-06 15:47:00,2026-08-06 19:25:00,29587.0,29509.5,-157.0
"ATR_Vol_Breakout(14,k=1.5)",SHORT,2026-08-06 19:25:00,2026-08-06 19:54:00,29509.5,29516.25,-15.5
"ATR_Vol_Breakout(14,k=1.5)",LONG,2026-08-06 19:54:00,2026-08-06 23:28:00,29516.25,29574.25,114.0
"ATR_Vol_Breakout(14,k=1.5)",SHORT,2026-08-06 23:28:00,2026-08-06 23:48:00,29574.25,29587.0,-27.5
"ATR_Vol_Breakout(14,k=1.5)",LONG,2026-08-06 23:48:00,2026-08-07 00:10:00,29587.0,29581.0,-14.0
"ATR_Vol_Breakout(14,k=1.5)",SHORT,2026-08-07 00:10:00,2026-08-07 00:33:00,29581.0,29538.25,83.5
"ATR_Vol_Breakout(14,k=1.5)",LONG,2026-08-07 00:33:00,2026-08-07 01:21:00,29538.25,29485.5,-107.5
"ATR_Vol_Breakout(14,k=1.5)",SHORT,2026-08-07 01:21:00,2026-08-07 01:33:00,29485.5,29574.75,-180.5
"ATR_Vol_Breakout(14,k=1.5)",LONG,2026-08-07 01:33:00,2026-08-07 02:40:00,29574.75,29484.75,-182.0
"ATR_Vol_Breakout(14,k=1.5)",SHORT,2026-08-07 02:40:00,2026-08-07 03:02:00,29484.75,29546.25,-125.0
"ATR_Vol_Breakout(14,k=1.5)",LONG,2026-08-07 03:02:00,2026-08-07 03:20:00,29546.25,29498.75,-97.0
"ATR_Vol_Breakout(14,k=1.5)",SHORT,2026-08-07 03:20:00,2026-08-07 03:28:00,29498.75,29512.5,-29.5
"ATR_Vol_Breakout(14,k=1.5)",LONG,2026-08-07 03:28:00,2026-08-07 03:35:00,29512.5,29500.5,-26.0
"ATR_Vol_Breakout(14,k=1.5)",SHORT,2026-08-07 03:35:00,2026-08-07 04:18:00,29500.5,29471.5,56.0
"ATR_Vol_Breakout(14,k=1.5)",LONG,2026-08-07 04:18:00,2026-08-07 06:27:00,29471.5,29561.5,178.0
"ATR_Vol_Breakout(14,k=1.5)",SHORT,2026-08-07 06:27:00,2026-08-07 06:30:00,29561.5,29581.0,-41.0
"ATR_Vol_Breakout(14,k=1.5)",LONG,2026-08-07 06:30:00,2026-08-07 06:41:00,29581.0,29552.25,-59.5
"ATR_Vol_Breakout(14,k=1.5)",SHORT,2026-08-07 06:41:00,2026-08-07 07:07:00,29552.25,29567.75,-33.0
"ATR_Vol_Breakout(14,k=1.5)",LONG,2026-08-07 07:07:00,2026-08-07 07:51:00,29567.75,29565.5,-6.5
"ATR_Vol_Breakout(14,k=1.5)",SHORT,2026-08-07 07:51:00,2026-08-07 08:03:00,29565.5,29612.0,-95.0
"ATR_Vol_Breakout(14,k=1.5)",LONG,2026-08-07 08:03:00,2026-08-07 08:37:00,29612.0,29611.75,-2.5
"ATR_Vol_Breakout(14,k=1.5)",SHORT,2026-08-07 08:37:00,2026-08-07 08:56:00,29611.75,29630.75,-40.0
"ATR_Vol_Breakout(14,k=1.5)",LONG,2026-08-07 08:56:00,2026-08-07 11:59:00,29630.75,29613.25,-37.0
"ATR_Vol_Breakout(14,k=1.5)",SHORT,2026-08-07 11:59:00,2026-08-07 12:01:00,29613.25,29630.75,-37.0
"ATR_Vol_Breakout(14,k=1.5)",LONG,2026-08-07 12:01:00,2026-08-07 13:08:00,29630.75,29772.5,281.5
"ATR_Vol_Breakout(14,k=1.5)",SHORT,2026-08-07 13:08:00,2026-08-07 13:33:00,29772.5,29776.0,-9.0
"ATR_Vol_Breakout(14,k=1.5)",LONG,2026-08-07 13:33:00,2026-08-07 13:37:00,29776.0,29723.25,-107.5
"ATR_Vol_Breakout(14,k=1.5)",SHORT,2026-08-07 13:37:00,2026-08-07 19:00:00,29723.25,29725.25,-6.0
"ATR_Vol_Breakout(14,k=1.5)",LONG,2026-08-07 19:00:00,2026-08-07 19:31:00,29725.25,29787.0,121.5
"ATR_Vol_Breakout(14,k=1.5)",SHORT,2026-08-07 19:31:00,2026-08-07 19:51:00,29787.0,29809.0,-46.0
"ATR_Vol_Breakout(14,k=1.5)",LONG,2026-08-07 19:51:00,2026-08-09 22:12:00,29809.0,29832.25,44.5
"ATR_Vol_Breakout(14,k=1.5)",SHORT,2026-08-09 22:12:00,2026-08-09 23:08:00,29832.25,29868.75,-75.0
"ATR_Vol_Breakout(14,k=1.5)",LONG,2026-08-09 23:08:00,2026-08-09 23:31:00,29868.75,29847.5,-44.5
"ATR_Vol_Breakout(14,k=1.5)",SHORT,2026-08-09 23:31:00,2026-08-09 23:37:00,29847.5,29850.75,-8.5
"ATR_Vol_Breakout(14,k=1.5)",LONG,2026-08-09 23:37:00,2026-08-09 23:58:00,29850.75,29833.5,-36.5
"ATR_Vol_Breakout(14,k=1.5)",SHORT,2026-08-09 23:58:00,2026-08-10 00:03:00,29833.5,29826.5,12.0
"ATR_Vol_Breakout(14,k=1.5)",LONG,2026-08-10 00:03:00,2026-08-10 00:36:00,29826.5,29836.25,17.5
"ATR_Vol_Breakout(14,k=1.5)",SHORT,2026-08-10 00:36:00,2026-08-10 01:02:00,29836.25,29827.5,15.5
"ATR_Vol_Breakout(14,k=1.5)",LONG,2026-08-10 01:02:00,2026-08-10 02:09:00,29827.5,29877.0,97.0
"ATR_Vol_Breakout(14,k=1.5)",SHORT,2026-08-10 02:09:00,2026-08-10 02:19:00,29877.0,29870.5,11.0
"ATR_Vol_Breakout(14,k=1.5)",LONG,2026-08-10 02:19:00,2026-08-10 03:00:00,29870.5,29881.25,19.5
"ATR_Vol_Breakout(14,k=1.5)",SHORT,2026-08-10 03:00:00,2026-08-10 03:02:00,29881.25,29889.25,-18.0
"ATR_Vol_Breakout(14,k=1.5)",LONG,2026-08-10 03:02:00,2026-08-10 03:27:00,29889.25,29872.75,-35.0
"ATR_Vol_Breakout(14,k=1.5)",SHORT,2026-08-10 03:27:00,2026-08-10 03:38:00,29872.75,29896.75,-50.0
"ATR_Vol_Breakout(14,k=1.5)",LONG,2026-08-10 03:38:00,2026-08-10 03:56:00,29896.75,29872.0,-51.5
"ATR_Vol_Breakout(14,k=1.5)",SHORT,2026-08-10 03:56:00,2026-08-10 05:51:00,29872.0,29914.5,-87.0
"ATR_Vol_Breakout(14,k=1.5)",LONG,2026-08-10 05:51:00,2026-08-10 06:03:00,29914.5,29930.0,29.0
"ATR_Vol_Breakout(14,k=1.5)",SHORT,2026-08-10 06:03:00,2026-08-10 07:01:00,29930.0,29918.5,21.0
"ATR_Vol_Breakout(14,k=1.5)",LONG,2026-08-10 07:01:00,2026-08-10 07:02:00,29918.5,29907.25,-24.5
"ATR_Vol_Breakout(14,k=1.5)",SHORT,2026-08-10 07:02:00,2026-08-10 08:03:00,29907.25,29974.5,-136.5
"ATR_Vol_Breakout(14,k=1.5)",LONG,2026-08-10 08:03:00,2026-08-10 08:07:00,29974.5,29959.75,-31.5
"ATR_Vol_Breakout(14,k=1.5)",SHORT,2026-08-10 08:07:00,2026-08-10 10:04:00,29959.75,29956.0,5.5
"ATR_Vol_Breakout(14,k=1.5)",LONG,2026-08-10 10:04:00,2026-08-10 10:12:00,29956.0,29925.25,-63.5
"ATR_Vol_Breakout(14,k=1.5)",SHORT,2026-08-10 10:12:00,2026-08-10 11:15:00,29925.25,29875.75,97.0
"ATR_Vol_Breakout(14,k=1.5)",LONG,2026-08-10 11:15:00,2026-08-10 12:14:00,29875.75,29848.75,-56.0
"ATR_Vol_Breakout(14,k=1.5)",SHORT,2026-08-10 12:14:00,2026-08-10 12:37:00,29848.75,29810.5,74.5
"ATR_Vol_Breakout(14,k=1.5)",LONG,2026-08-10 12:37:00,2026-08-10 13:23:00,29810.5,29795.25,-32.5
"ATR_Vol_Breakout(14,k=1.5)",SHORT,2026-08-10 13:23:00,2026-08-10 13:24:00,29795.25,29818.0,-47.5
"ATR_Vol_Breakout(14,k=1.5)",LONG,2026-08-10 13:24:00,2026-08-10 13:35:00,29818.0,29741.25,-155.5
"ATR_Vol_Breakout(14,k=1.5)",SHORT,2026-08-10 13:35:00,2026-08-10 13:36:00,29741.25,29782.0,-83.5
"ATR_Vol_Breakout(14,k=1.5)",LONG,2026-08-10 13:36:00,2026-08-10 14:39:00,29782.0,29856.5,147.0
"ATR_Vol_Breakout(14,k=1.5)",SHORT,2026-08-10 14:39:00,2026-08-10 16:17:00,29856.5,29830.0,51.0
"ATR_Vol_Breakout(14,k=1.5)",LONG,2026-08-10 16:17:00,2026-08-10 16:27:00,29830.0,29819.25,-23.5
"ATR_Vol_Breakout(14,k=1.5)",SHORT,2026-08-10 16:27:00,2026-08-10 18:32:00,29819.25,29760.25,116.0
"ATR_Vol_Breakout(14,k=1.5)",LONG,2026-08-10 18:32:00,2026-08-10 19:41:00,29760.25,29775.75,29.0
"ATR_Vol_Breakout(14,k=1.5)",SHORT,2026-08-10 19:41:00,2026-08-10 20:52:00,29775.75,29762.25,25.0
"ATR_Vol_Breakout(14,k=1.5)",LONG,2026-08-10 20:52:00,2026-08-10 22:10:00,29762.25,29760.75,-5.0
"ATR_Vol_Breakout(14,k=1.5)",SHORT,2026-08-10 22:10:00,2026-08-10 23:59:00,29760.75,29696.0,127.5
"ATR_Vol_Breakout(14,k=1.5)",LONG,2026-08-10 23:59:00,2026-08-11 00:01:00,29696.0,29684.75,-24.5
"ATR_Vol_Breakout(14,k=1.5)",SHORT,2026-08-11 00:01:00,2026-08-11 00:05:00,29684.75,29686.75,-6.0
"ATR_Vol_Breakout(14,k=1.5)",LONG,2026-08-11 00:05:00,2026-08-11 01:03:00,29686.75,29776.25,177.0
"ATR_Vol_Breakout(14,k=1.5)",SHORT,2026-08-11 01:03:00,2026-08-11 01:10:00,29776.25,29790.0,-29.5
"ATR_Vol_Breakout(14,k=1.5)",LONG,2026-08-11 01:10:00,2026-08-11 01:26:00,29790.0,29819.0,56.0
"ATR_Vol_Breakout(14,k=1.5)",SHORT,2026-08-11 01:26:00,2026-08-11 03:24:00,29819.0,29837.75,-39.5
"ATR_Vol_Breakout(14,k=1.5)",LONG,2026-08-11 03:24:00,2026-08-11 04:35:00,29837.75,29847.5,17.5
"ATR_Vol_Breakout(14,k=1.5)",SHORT,2026-08-11 04:35:00,2026-08-11 05:08:00,29847.5,29842.25,8.5
"ATR_Vol_Breakout(14,k=1.5)",LONG,2026-08-11 05:08:00,2026-08-11 05:19:00,29842.25,29832.0,-22.5
"ATR_Vol_Breakout(14,k=1.5)",SHORT,2026-08-11 05:19:00,2026-08-11 05:36:00,29832.0,29828.5,5.0
"ATR_Vol_Breakout(14,k=1.5)",LONG,2026-08-11 05:36:00,2026-08-11 06:20:00,29828.5,29791.75,-75.5
"ATR_Vol_Breakout(14,k=1.5)",SHORT,2026-08-11 06:20:00,2026-08-11 06:40:00,29791.75,29775.75,30.0
"ATR_Vol_Breakout(14,k=1.5)",LONG,2026-08-11 06:40:00,2026-08-11 07:03:00,29775.75,29750.75,-52.0
"ATR_Vol_Breakout(14,k=1.5)",SHORT,2026-08-11 07:03:00,2026-08-11 07:13:00,29750.75,29763.25,-27.0
"ATR_Vol_Breakout(14,k=1.5)",LONG,2026-08-11 07:13:00,2026-08-11 07:18:00,29763.25,29747.5,-33.5
"ATR_Vol_Breakout(14,k=1.5)",SHORT,2026-08-11 07:18:00,2026-08-11 08:04:00,29747.5,29802.5,-112.0
"ATR_Vol_Breakout(14,k=1.5)",LONG,2026-08-11 08:04:00,2026-08-11 08:05:00,29802.5,29778.5,-50.0
"ATR_Vol_Breakout(14,k=1.5)",SHORT,2026-08-11 08:05:00,2026-08-11 09:16:00,29778.5,29747.5,60.0
"ATR_Vol_Breakout(14,k=1.5)",LONG,2026-08-11 09:16:00,2026-08-11 11:18:00,29747.5,29850.0,203.0
"ATR_Vol_Breakout(14,k=1.5)",SHORT,2026-08-11 11:18:00,2026-08-11 12:09:00,29850.0,29850.25,-2.5
"ATR_Vol_Breakout(14,k=1.5)",LONG,2026-08-11 12:09:00,2026-08-11 12:23:00,29850.25,29845.25,-12.0
"ATR_Vol_Breakout(14,k=1.5)",SHORT,2026-08-11 12:23:00,2026-08-11 13:01:00,29845.25,29849.25,-10.0
"ATR_Vol_Breakout(14,k=1.5)",LONG,2026-08-11 13:01:00,2026-08-11 13:13:00,29849.25,29825.75,-49.0
"ATR_Vol_Breakout(14,k=1.5)",SHORT,2026-08-11 13:13:00,2026-08-11 16:06:00,29825.75,29669.75,310.0
"ATR_Vol_Breakout(14,k=1.5)",LONG,2026-08-11 16:06:00,2026-08-11 18:07:00,29669.75,29606.25,-129.0
"ATR_Vol_Breakout(14,k=1.5)",SHORT,2026-08-11 18:07:00,2026-08-11 19:14:00,29606.25,29613.25,-16.0
"ATR_Vol_Breakout(14,k=1.5)",LONG,2026-08-11 19:14:00,2026-08-11 22:04:00,29613.25,29640.5,52.5
"ATR_Vol_Breakout(14,k=1.5)",SHORT,2026-08-11 22:04:00,2026-08-11 22:48:00,29640.5,29646.25,-13.5
"ATR_Vol_Breakout(14,k=1.5)",LONG,2026-08-11 22:48:00,2026-08-11 23:14:00,29646.25,29641.5,-11.5
"ATR_Vol_Breakout(14,k=1.5)",SHORT,2026-08-11 23:14:00,2026-08-11 23:51:00,29641.5,29655.5,-30.0
"ATR_Vol_Breakout(14,k=1.5)",LONG,2026-08-11 23:51:00,2026-08-12 00:02:00,29655.5,29635.0,-43.0
"ATR_Vol_Breakout(14,k=1.5)",SHORT,2026-08-12 00:02:00,2026-08-12 00:15:00,29635.0,29649.25,-30.5
"ATR_Vol_Breakout(14,k=1.5)",LONG,2026-08-12 00:15:00,2026-08-12 01:08:00,29649.25,29663.0,25.5
"ATR_Vol_Breakout(14,k=1.5)",SHORT,2026-08-12 01:08:00,2026-08-12 01:28:00,29663.0,29656.5,11.0
"ATR_Vol_Breakout(14,k=1.5)",LONG,2026-08-12 01:28:00,2026-08-12 01:52:00,29656.5,29668.5,22.0
"ATR_Vol_Breakout(14,k=1.5)",SHORT,2026-08-12 01:52:00,2026-08-12 02:26:00,29668.5,29672.25,-9.5
"ATR_Vol_Breakout(14,k=1.5)",LONG,2026-08-12 02:26:00,2026-08-12 03:07:00,29672.25,29701.75,57.0
"ATR_Vol_Breakout(14,k=1.5)",SHORT,2026-08-12 03:07:00,2026-08-12 04:25:00,29701.75,29701.0,-0.5
"ATR_Vol_Breakout(14,k=1.5)",LONG,2026-08-12 04:25:00,2026-08-12 04:31:00,29701.0,29693.0,-18.0
"ATR_Vol_Breakout(14,k=1.5)",SHORT,2026-08-12 04:31:00,2026-08-12 04:36:00,29693.0,29694.0,-4.0
"ATR_Vol_Breakout(14,k=1.5)",LONG,2026-08-12 04:36:00,2026-08-12 05:03:00,29694.0,29704.25,18.5
"Supertrend(10,m=3.0)",SHORT,2026-08-04 04:19:00,2026-08-04 04:52:00,29000.25,29014.5,-30.5
"Supertrend(10,m=3.0)",LONG,2026-08-04 04:52:00,2026-08-04 05:01:00,29014.5,29004.0,-23.0
"Supertrend(10,m=3.0)",SHORT,2026-08-04 05:01:00,2026-08-04 05:21:00,29004.0,29010.5,-15.0
"Supertrend(10,m=3.0)",LONG,2026-08-04 05:21:00,2026-08-04 06:35:00,29010.5,29071.5,120.0
"Supertrend(10,m=3.0)",SHORT,2026-08-04 06:35:00,2026-08-04 07:00:00,29071.5,29072.0,-3.0
"Supertrend(10,m=3.0)",LONG,2026-08-04 07:00:00,2026-08-04 07:08:00,29072.0,29065.5,-15.0
"Supertrend(10,m=3.0)",SHORT,2026-08-04 07:08:00,2026-08-04 07:17:00,29065.5,29086.0,-43.0
"Supertrend(10,m=3.0)",LONG,2026-08-04 07:17:00,2026-08-04 07:43:00,29086.0,29075.25,-23.5
"Supertrend(10,m=3.0)",SHORT,2026-08-04 07:43:00,2026-08-04 08:02:00,29075.25,29099.25,-50.0
"Supertrend(10,m=3.0)",LONG,2026-08-04 08:02:00,2026-08-04 08:33:00,29099.25,29082.0,-36.5
"Supertrend(10,m=3.0)",SHORT,2026-08-04 08:33:00,2026-08-04 09:32:00,29082.0,29050.5,61.0
"Supertrend(10,m=3.0)",LONG,2026-08-04 09:32:00,2026-08-04 10:37:00,29050.5,29079.5,56.0
"Supertrend(10,m=3.0)",SHORT,2026-08-04 10:37:00,2026-08-04 10:45:00,29079.5,29120.25,-83.5
"Supertrend(10,m=3.0)",LONG,2026-08-04 10:45:00,2026-08-04 12:53:00,29120.25,29196.25,150.0
"Supertrend(10,m=3.0)",SHORT,2026-08-04 12:53:00,2026-08-04 13:03:00,29196.25,29219.75,-49.0
"Supertrend(10,m=3.0)",LONG,2026-08-04 13:03:00,2026-08-04 17:51:00,29219.75,29857.0,1272.5
"Supertrend(10,m=3.0)",SHORT,2026-08-04 17:51:00,2026-08-04 18:21:00,29857.0,29874.0,-36.0
"Supertrend(10,m=3.0)",LONG,2026-08-04 18:21:00,2026-08-04 18:41:00,29874.0,29847.75,-54.5
"Supertrend(10,m=3.0)",SHORT,2026-08-04 18:41:00,2026-08-04 18:48:00,29847.75,29885.75,-78.0
"Supertrend(10,m=3.0)",LONG,2026-08-04 18:48:00,2026-08-04 19:27:00,29885.75,29906.0,38.5
"Supertrend(10,m=3.0)",SHORT,2026-08-04 19:27:00,2026-08-04 19:42:00,29906.0,29931.5,-53.0
"Supertrend(10,m=3.0)",LONG,2026-08-04 19:42:00,2026-08-04 19:51:00,29931.5,29907.5,-50.0
"Supertrend(10,m=3.0)",SHORT,2026-08-04 19:51:00,2026-08-04 20:06:00,29907.5,29930.5,-48.0
"Supertrend(10,m=3.0)",LONG,2026-08-04 20:06:00,2026-08-04 20:16:00,29930.5,29825.75,-211.5
"Supertrend(10,m=3.0)",SHORT,2026-08-04 20:16:00,2026-08-04 22:21:00,29825.75,29839.5,-29.5
"Supertrend(10,m=3.0)",LONG,2026-08-04 22:21:00,2026-08-04 22:44:00,29839.5,29797.0,-87.0
"Supertrend(10,m=3.0)",SHORT,2026-08-04 22:44:00,2026-08-04 23:00:00,29797.0,29825.75,-59.5
"Supertrend(10,m=3.0)",LONG,2026-08-04 23:00:00,2026-08-04 23:26:00,29825.75,29824.0,-5.5
"Supertrend(10,m=3.0)",SHORT,2026-08-04 23:26:00,2026-08-04 23:41:00,29824.0,29838.25,-30.5
"Supertrend(10,m=3.0)",LONG,2026-08-04 23:41:00,2026-08-05 00:44:00,29838.25,29842.0,5.5
"Supertrend(10,m=3.0)",SHORT,2026-08-05 00:44:00,2026-08-05 01:11:00,29842.0,29857.0,-32.0
"Supertrend(10,m=3.0)",LONG,2026-08-05 01:11:00,2026-08-05 01:17:00,29857.0,29820.5,-75.0
"Supertrend(10,m=3.0)",SHORT,2026-08-05 01:17:00,2026-08-05 01:33:00,29820.5,29838.75,-38.5
"Supertrend(10,m=3.0)",LONG,2026-08-05 01:33:00,2026-08-05 02:30:00,29838.75,29854.5,29.5
"Supertrend(10,m=3.0)",SHORT,2026-08-05 02:30:00,2026-08-05 02:47:00,29854.5,29871.0,-35.0
"Supertrend(10,m=3.0)",LONG,2026-08-05 02:47:00,2026-08-05 03:27:00,29871.0,29871.25,-1.5
"Supertrend(10,m=3.0)",SHORT,2026-08-05 03:27:00,2026-08-05 03:41:00,29871.25,29886.75,-33.0
"Supertrend(10,m=3.0)",LONG,2026-08-05 03:41:00,2026-08-05 03:49:00,29886.75,29870.0,-35.5
"Supertrend(10,m=3.0)",SHORT,2026-08-05 03:49:00,2026-08-05 04:10:00,29870.0,29894.0,-50.0
"Supertrend(10,m=3.0)",LONG,2026-08-05 04:10:00,2026-08-05 04:18:00,29894.0,29878.75,-32.5
"Supertrend(10,m=3.0)",SHORT,2026-08-05 04:18:00,2026-08-05 04:33:00,29878.75,29889.0,-22.5
"Supertrend(10,m=3.0)",LONG,2026-08-05 04:33:00,2026-08-05 04:52:00,29889.0,29888.5,-3.0
"Supertrend(10,m=3.0)",SHORT,2026-08-05 04:52:00,2026-08-05 04:57:00,29888.5,29908.75,-42.5
"Supertrend(10,m=3.0)",LONG,2026-08-05 04:57:00,2026-08-05 05:31:00,29908.75,29925.5,31.5
"Supertrend(10,m=3.0)",SHORT,2026-08-05 05:31:00,2026-08-05 05:48:00,29925.5,29946.75,-44.5
"Supertrend(10,m=3.0)",LONG,2026-08-05 05:48:00,2026-08-05 06:17:00,29946.75,29966.0,36.5
"Supertrend(10,m=3.0)",SHORT,2026-08-05 06:17:00,2026-08-05 06:33:00,29966.0,29956.25,17.5
"Supertrend(10,m=3.0)",LONG,2026-08-05 06:33:00,2026-08-05 07:11:00,29956.25,29944.0,-26.5
"Supertrend(10,m=3.0)",SHORT,2026-08-05 07:11:00,2026-08-05 08:04:00,29944.0,29916.75,52.5
"Supertrend(10,m=3.0)",LONG,2026-08-05 08:04:00,2026-08-05 08:10:00,29916.75,29885.0,-65.5
"Supertrend(10,m=3.0)",SHORT,2026-08-05 08:10:00,2026-08-05 09:24:00,29885.0,29850.0,68.0
"Supertrend(10,m=3.0)",LONG,2026-08-05 09:24:00,2026-08-05 09:50:00,29850.0,29858.0,14.0
"Supertrend(10,m=3.0)",SHORT,2026-08-05 09:50:00,2026-08-05 10:27:00,29858.0,29862.25,-10.5
"Supertrend(10,m=3.0)",LONG,2026-08-05 10:27:00,2026-08-05 10:46:00,29862.25,29839.25,-48.0
"Supertrend(10,m=3.0)",SHORT,2026-08-05 10:46:00,2026-08-05 10:56:00,29839.25,29869.25,-62.0
"Supertrend(10,m=3.0)",LONG,2026-08-05 10:56:00,2026-08-05 11:54:00,29869.25,29909.75,79.0
"Supertrend(10,m=3.0)",SHORT,2026-08-05 11:54:00,2026-08-05 12:28:00,29909.75,29934.5,-51.5
"Supertrend(10,m=3.0)",LONG,2026-08-05 12:28:00,2026-08-05 13:17:00,29934.5,29913.25,-44.5
"Supertrend(10,m=3.0)",SHORT,2026-08-05 13:17:00,2026-08-05 13:28:00,29913.25,29945.5,-66.5
"Supertrend(10,m=3.0)",LONG,2026-08-05 13:28:00,2026-08-05 14:03:00,29945.5,29934.75,-23.5
"Supertrend(10,m=3.0)",SHORT,2026-08-05 14:03:00,2026-08-05 16:22:00,29934.75,29787.5,292.5
"Supertrend(10,m=3.0)",LONG,2026-08-05 16:22:00,2026-08-05 17:07:00,29787.5,29761.5,-54.0
"Supertrend(10,m=3.0)",SHORT,2026-08-05 17:07:00,2026-08-05 19:06:00,29761.5,29773.0,-25.0
"Supertrend(10,m=3.0)",LONG,2026-08-05 19:06:00,2026-08-05 19:34:00,29773.0,29733.25,-81.5
"Supertrend(10,m=3.0)",SHORT,2026-08-05 19:34:00,2026-08-05 22:22:00,29733.25,29609.75,245.0
"Supertrend(10,m=3.0)",LONG,2026-08-05 22:22:00,2026-08-05 22:51:00,29609.75,29639.25,57.0
"Supertrend(10,m=3.0)",SHORT,2026-08-05 22:51:00,2026-08-05 23:28:00,29639.25,29645.25,-14.0
"Supertrend(10,m=3.0)",LONG,2026-08-05 23:28:00,2026-08-05 23:33:00,29645.25,29602.25,-88.0
"Supertrend(10,m=3.0)",SHORT,2026-08-05 23:33:00,2026-08-06 00:10:00,29602.25,29596.5,9.5
"Supertrend(10,m=3.0)",LONG,2026-08-06 00:10:00,2026-08-06 00:32:00,29596.5,29552.5,-90.0
"Supertrend(10,m=3.0)",SHORT,2026-08-06 00:32:00,2026-08-06 01:33:00,29552.5,29498.75,105.5
"Supertrend(10,m=3.0)",LONG,2026-08-06 01:33:00,2026-08-06 03:08:00,29498.75,29580.5,161.5
"Supertrend(10,m=3.0)",SHORT,2026-08-06 03:08:00,2026-08-06 03:48:00,29580.5,29565.25,28.5
"Supertrend(10,m=3.0)",LONG,2026-08-06 03:48:00,2026-08-06 04:38:00,29565.25,29561.75,-9.0
"Supertrend(10,m=3.0)",SHORT,2026-08-06 04:38:00,2026-08-06 05:03:00,29561.75,29588.75,-56.0
"Supertrend(10,m=3.0)",LONG,2026-08-06 05:03:00,2026-08-06 05:34:00,29588.75,29557.0,-65.5
"Supertrend(10,m=3.0)",SHORT,2026-08-06 05:34:00,2026-08-06 06:00:00,29557.0,29581.0,-50.0
"Supertrend(10,m=3.0)",LONG,2026-08-06 06:00:00,2026-08-06 06:07:00,29581.0,29540.75,-82.5
"Supertrend(10,m=3.0)",SHORT,2026-08-06 06:07:00,2026-08-06 06:25:00,29540.75,29527.0,25.5
"Supertrend(10,m=3.0)",LONG,2026-08-06 06:25:00,2026-08-06 06:40:00,29527.0,29509.0,-38.0
"Supertrend(10,m=3.0)",SHORT,2026-08-06 06:40:00,2026-08-06 06:57:00,29509.0,29517.75,-19.5
"Supertrend(10,m=3.0)",LONG,2026-08-06 06:57:00,2026-08-06 07:35:00,29517.75,29533.5,29.5
"Supertrend(10,m=3.0)",SHORT,2026-08-06 07:35:00,2026-08-06 08:27:00,29533.5,29500.25,64.5
"Supertrend(10,m=3.0)",LONG,2026-08-06 08:27:00,2026-08-06 09:03:00,29500.25,29483.75,-35.0
"Supertrend(10,m=3.0)",SHORT,2026-08-06 09:03:00,2026-08-06 09:18:00,29483.75,29481.5,2.5
"Supertrend(10,m=3.0)",LONG,2026-08-06 09:18:00,2026-08-06 10:12:00,29481.5,29503.75,42.5
"Supertrend(10,m=3.0)",SHORT,2026-08-06 10:12:00,2026-08-06 10:29:00,29503.75,29525.0,-44.5
"Supertrend(10,m=3.0)",LONG,2026-08-06 10:29:00,2026-08-06 10:36:00,29525.0,29499.5,-53.0
"Supertrend(10,m=3.0)",SHORT,2026-08-06 10:36:00,2026-08-06 11:16:00,29499.5,29433.75,129.5
"Supertrend(10,m=3.0)",LONG,2026-08-06 11:16:00,2026-08-06 11:49:00,29433.75,29460.75,52.0
"Supertrend(10,m=3.0)",SHORT,2026-08-06 11:49:00,2026-08-06 12:23:00,29460.75,29437.5,44.5
"Supertrend(10,m=3.0)",LONG,2026-08-06 12:23:00,2026-08-06 12:47:00,29437.5,29419.0,-39.0
"Supertrend(10,m=3.0)",SHORT,2026-08-06 12:47:00,2026-08-06 13:36:00,29419.0,29367.75,100.5
"Supertrend(10,m=3.0)",LONG,2026-08-06 13:36:00,2026-08-06 14:39:00,29367.75,29575.5,413.5
"Supertrend(10,m=3.0)",SHORT,2026-08-06 14:39:00,2026-08-06 15:00:00,29575.5,29656.5,-164.0
"Supertrend(10,m=3.0)",LONG,2026-08-06 15:00:00,2026-08-06 15:20:00,29656.5,29580.25,-154.5
"Supertrend(10,m=3.0)",SHORT,2026-08-06 15:20:00,2026-08-06 15:49:00,29580.25,29610.25,-62.0
"Supertrend(10,m=3.0)",LONG,2026-08-06 15:49:00,2026-08-06 15:55:00,29610.25,29525.75,-171.0
"Supertrend(10,m=3.0)",SHORT,2026-08-06 15:55:00,2026-08-06 16:59:00,29525.75,29544.25,-39.0
"Supertrend(10,m=3.0)",LONG,2026-08-06 16:59:00,2026-08-06 17:40:00,29544.25,29513.75,-63.0
"Supertrend(10,m=3.0)",SHORT,2026-08-06 17:40:00,2026-08-06 18:17:00,29513.75,29565.0,-104.5
"Supertrend(10,m=3.0)",LONG,2026-08-06 18:17:00,2026-08-06 18:39:00,29565.0,29519.25,-93.5
"Supertrend(10,m=3.0)",SHORT,2026-08-06 18:39:00,2026-08-06 19:02:00,29519.25,29546.25,-56.0
"Supertrend(10,m=3.0)",LONG,2026-08-06 19:02:00,2026-08-06 19:25:00,29546.25,29509.5,-75.5
"Supertrend(10,m=3.0)",SHORT,2026-08-06 19:25:00,2026-08-06 19:55:00,29509.5,29531.25,-45.5
"Supertrend(10,m=3.0)",LONG,2026-08-06 19:55:00,2026-08-06 20:25:00,29531.25,29499.0,-66.5
"Supertrend(10,m=3.0)",SHORT,2026-08-06 20:25:00,2026-08-06 22:02:00,29499.0,29515.25,-34.5
"Supertrend(10,m=3.0)",LONG,2026-08-06 22:02:00,2026-08-06 22:32:00,29515.25,29544.0,55.5
"Supertrend(10,m=3.0)",SHORT,2026-08-06 22:32:00,2026-08-06 22:58:00,29544.0,29563.5,-41.0
"Supertrend(10,m=3.0)",LONG,2026-08-06 22:58:00,2026-08-06 23:41:00,29563.5,29569.25,9.5
"Supertrend(10,m=3.0)",SHORT,2026-08-06 23:41:00,2026-08-06 23:49:00,29569.25,29590.25,-44.0
"Supertrend(10,m=3.0)",LONG,2026-08-06 23:49:00,2026-08-07 00:10:00,29590.25,29581.0,-20.5
"Supertrend(10,m=3.0)",SHORT,2026-08-07 00:10:00,2026-08-07 00:35:00,29581.0,29573.75,12.5
"Supertrend(10,m=3.0)",LONG,2026-08-07 00:35:00,2026-08-07 00:49:00,29573.75,29504.5,-140.5
"Supertrend(10,m=3.0)",SHORT,2026-08-07 00:49:00,2026-08-07 00:58:00,29504.5,29569.0,-131.0
"Supertrend(10,m=3.0)",LONG,2026-08-07 00:58:00,2026-08-07 01:14:00,29569.0,29520.0,-100.0
"Supertrend(10,m=3.0)",SHORT,2026-08-07 01:14:00,2026-08-07 01:31:00,29520.0,29544.25,-50.5
"Supertrend(10,m=3.0)",LONG,2026-08-07 01:31:00,2026-08-07 01:39:00,29544.25,29512.0,-66.5
"Supertrend(10,m=3.0)",SHORT,2026-08-07 01:39:00,2026-08-07 02:50:00,29512.0,29534.5,-47.0
"Supertrend(10,m=3.0)",LONG,2026-08-07 02:50:00,2026-08-07 03:17:00,29534.5,29514.5,-42.0
"Supertrend(10,m=3.0)",SHORT,2026-08-07 03:17:00,2026-08-07 03:33:00,29514.5,29520.25,-13.5
"Supertrend(10,m=3.0)",LONG,2026-08-07 03:33:00,2026-08-07 03:56:00,29520.25,29490.5,-61.5
"Supertrend(10,m=3.0)",SHORT,2026-08-07 03:56:00,2026-08-07 04:22:00,29490.5,29510.0,-41.0
"Supertrend(10,m=3.0)",LONG,2026-08-07 04:22:00,2026-08-07 05:39:00,29510.0,29528.25,34.5
"Supertrend(10,m=3.0)",SHORT,2026-08-07 05:39:00,2026-08-07 06:05:00,29528.25,29540.75,-27.0
"Supertrend(10,m=3.0)",LONG,2026-08-07 06:05:00,2026-08-07 06:42:00,29540.75,29545.0,6.5
"Supertrend(10,m=3.0)",SHORT,2026-08-07 06:42:00,2026-08-07 07:07:00,29545.0,29567.75,-47.5
"Supertrend(10,m=3.0)",LONG,2026-08-07 07:07:00,2026-08-07 08:37:00,29567.75,29611.75,86.0
"Supertrend(10,m=3.0)",SHORT,2026-08-07 08:37:00,2026-08-07 09:02:00,29611.75,29640.25,-59.0
"Supertrend(10,m=3.0)",LONG,2026-08-07 09:02:00,2026-08-07 09:49:00,29640.25,29623.75,-35.0
"Supertrend(10,m=3.0)",SHORT,2026-08-07 09:49:00,2026-08-07 10:29:00,29623.75,29615.0,15.5
"Supertrend(10,m=3.0)",LONG,2026-08-07 10:29:00,2026-08-07 10:54:00,29615.0,29605.25,-21.5
"Supertrend(10,m=3.0)",SHORT,2026-08-07 10:54:00,2026-08-07 11:01:00,29605.25,29633.5,-58.5
"Supertrend(10,m=3.0)",LONG,2026-08-07 11:01:00,2026-08-07 11:53:00,29633.5,29642.0,15.0
"Supertrend(10,m=3.0)",SHORT,2026-08-07 11:53:00,2026-08-07 12:02:00,29642.0,29653.5,-25.0
"Supertrend(10,m=3.0)",LONG,2026-08-07 12:02:00,2026-08-07 13:04:00,29653.5,29796.25,283.5
"Supertrend(10,m=3.0)",SHORT,2026-08-07 13:04:00,2026-08-07 13:33:00,29796.25,29776.0,38.5
"Supertrend(10,m=3.0)",LONG,2026-08-07 13:33:00,2026-08-07 13:57:00,29776.0,29695.75,-162.5
"Supertrend(10,m=3.0)",SHORT,2026-08-07 13:57:00,2026-08-07 14:20:00,29695.75,29719.0,-48.5
"Supertrend(10,m=3.0)",LONG,2026-08-07 14:20:00,2026-08-07 15:42:00,29719.0,29801.75,163.5
"Supertrend(10,m=3.0)",SHORT,2026-08-07 15:42:00,2026-08-07 16:40:00,29801.75,29752.0,97.5
"Supertrend(10,m=3.0)",LONG,2026-08-07 16:40:00,2026-08-07 18:14:00,29752.0,29723.5,-59.0
"Supertrend(10,m=3.0)",SHORT,2026-08-07 18:14:00,2026-08-07 18:52:00,29723.5,29711.5,22.0
"Supertrend(10,m=3.0)",LONG,2026-08-07 18:52:00,2026-08-07 20:30:00,29711.5,29805.5,186.0
"Supertrend(10,m=3.0)",SHORT,2026-08-07 20:30:00,2026-08-07 20:41:00,29805.5,29821.75,-34.5
"Supertrend(10,m=3.0)",LONG,2026-08-07 20:41:00,2026-08-09 22:15:00,29821.75,29828.5,11.5
"Supertrend(10,m=3.0)",SHORT,2026-08-09 22:15:00,2026-08-09 22:27:00,29828.5,29851.75,-48.5
"Supertrend(10,m=3.0)",LONG,2026-08-09 22:27:00,2026-08-09 22:36:00,29851.75,29819.0,-67.5
"Supertrend(10,m=3.0)",SHORT,2026-08-09 22:36:00,2026-08-09 23:05:00,29819.0,29848.5,-61.0
"Supertrend(10,m=3.0)",LONG,2026-08-09 23:05:00,2026-08-09 23:31:00,29848.5,29847.5,-4.0
"Supertrend(10,m=3.0)",SHORT,2026-08-09 23:31:00,2026-08-09 23:46:00,29847.5,29866.25,-39.5
"Supertrend(10,m=3.0)",LONG,2026-08-09 23:46:00,2026-08-09 23:58:00,29866.25,29833.5,-67.5
"Supertrend(10,m=3.0)",SHORT,2026-08-09 23:58:00,2026-08-10 00:07:00,29833.5,29855.5,-46.0
"Supertrend(10,m=3.0)",LONG,2026-08-10 00:07:00,2026-08-10 00:26:00,29855.5,29842.25,-28.5
"Supertrend(10,m=3.0)",SHORT,2026-08-10 00:26:00,2026-08-10 01:14:00,29842.25,29842.0,-1.5
"Supertrend(10,m=3.0)",LONG,2026-08-10 01:14:00,2026-08-10 01:32:00,29842.0,29846.5,7.0
"Supertrend(10,m=3.0)",SHORT,2026-08-10 01:32:00,2026-08-10 01:47:00,29846.5,29884.0,-77.0
"Supertrend(10,m=3.0)",LONG,2026-08-10 01:47:00,2026-08-10 02:16:00,29884.0,29860.75,-48.5
"Supertrend(10,m=3.0)",SHORT,2026-08-10 02:16:00,2026-08-10 02:40:00,29860.75,29882.5,-45.5
"Supertrend(10,m=3.0)",LONG,2026-08-10 02:40:00,2026-08-10 03:05:00,29882.5,29879.25,-8.5
"Supertrend(10,m=3.0)",SHORT,2026-08-10 03:05:00,2026-08-10 03:19:00,29879.25,29890.0,-23.5
"Supertrend(10,m=3.0)",LONG,2026-08-10 03:19:00,2026-08-10 03:56:00,29890.0,29872.0,-38.0
"Supertrend(10,m=3.0)",SHORT,2026-08-10 03:56:00,2026-08-10 04:18:00,29872.0,29897.25,-52.5
"Supertrend(10,m=3.0)",LONG,2026-08-10 04:18:00,2026-08-10 04:37:00,29897.25,29883.75,-29.0
"Supertrend(10,m=3.0)",SHORT,2026-08-10 04:37:00,2026-08-10 04:46:00,29883.75,29895.5,-25.5
"Supertrend(10,m=3.0)",LONG,2026-08-10 04:46:00,2026-08-10 04:57:00,29895.5,29876.0,-41.0
"Supertrend(10,m=3.0)",SHORT,2026-08-10 04:57:00,2026-08-10 05:05:00,29876.0,29898.75,-47.5
"Supertrend(10,m=3.0)",LONG,2026-08-10 05:05:00,2026-08-10 05:45:00,29898.75,29905.25,11.0
"Supertrend(10,m=3.0)",SHORT,2026-08-10 05:45:00,2026-08-10 05:54:00,29905.25,29924.25,-40.0
"Supertrend(10,m=3.0)",LONG,2026-08-10 05:54:00,2026-08-10 06:21:00,29924.25,29937.0,23.5
"Supertrend(10,m=3.0)",SHORT,2026-08-10 06:21:00,2026-08-10 07:17:00,29937.0,29920.25,31.5
"Supertrend(10,m=3.0)",LONG,2026-08-10 07:17:00,2026-08-10 07:49:00,29920.25,29950.0,57.5
"Supertrend(10,m=3.0)",SHORT,2026-08-10 07:49:00,2026-08-10 08:03:00,29950.0,29974.5,-51.0
"Supertrend(10,m=3.0)",LONG,2026-08-10 08:03:00,2026-08-10 08:11:00,29974.5,29951.0,-49.0
"Supertrend(10,m=3.0)",SHORT,2026-08-10 08:11:00,2026-08-10 08:59:00,29951.0,29973.25,-46.5
"Supertrend(10,m=3.0)",LONG,2026-08-10 08:59:00,2026-08-10 09:29:00,29973.25,29966.0,-16.5
"Supertrend(10,m=3.0)",SHORT,2026-08-10 09:29:00,2026-08-10 10:04:00,29966.0,29956.0,18.0
"Supertrend(10,m=3.0)",LONG,2026-08-10 10:04:00,2026-08-10 10:12:00,29956.0,29925.25,-63.5
"Supertrend(10,m=3.0)",SHORT,2026-08-10 10:12:00,2026-08-10 10:23:00,29925.25,29943.5,-38.5
"Supertrend(10,m=3.0)",LONG,2026-08-10 10:23:00,2026-08-10 10:36:00,29943.5,29929.25,-30.5
"Supertrend(10,m=3.0)",SHORT,2026-08-10 10:36:00,2026-08-10 11:28:00,29929.25,29898.75,59.0
"Supertrend(10,m=3.0)",LONG,2026-08-10 11:28:00,2026-08-10 11:43:00,29898.75,29882.25,-35.0
"Supertrend(10,m=3.0)",SHORT,2026-08-10 11:43:00,2026-08-10 13:10:00,29882.25,29807.25,148.0
"Supertrend(10,m=3.0)",LONG,2026-08-10 13:10:00,2026-08-10 13:35:00,29807.25,29741.25,-134.0
"Supertrend(10,m=3.0)",SHORT,2026-08-10 13:35:00,2026-08-10 14:07:00,29741.25,29858.75,-237.0
"Supertrend(10,m=3.0)",LONG,2026-08-10 14:07:00,2026-08-10 14:54:00,29858.75,29808.75,-102.0
"Supertrend(10,m=3.0)",SHORT,2026-08-10 14:54:00,2026-08-10 15:45:00,29808.75,29808.25,-1.0
"Supertrend(10,m=3.0)",LONG,2026-08-10 15:45:00,2026-08-10 16:16:00,29808.25,29809.5,0.5
"Supertrend(10,m=3.0)",SHORT,2026-08-10 16:16:00,2026-08-10 17:08:00,29809.5,29787.75,41.5
"Supertrend(10,m=3.0)",LONG,2026-08-10 17:08:00,2026-08-10 17:38:00,29787.75,29765.25,-47.0
"Supertrend(10,m=3.0)",SHORT,2026-08-10 17:38:00,2026-08-10 18:43:00,29765.25,29772.0,-15.5
"Supertrend(10,m=3.0)",LONG,2026-08-10 18:43:00,2026-08-10 19:46:00,29772.0,29767.5,-11.0
"Supertrend(10,m=3.0)",SHORT,2026-08-10 19:46:00,2026-08-10 20:46:00,29767.5,29760.5,12.0
"Supertrend(10,m=3.0)",LONG,2026-08-10 20:46:00,2026-08-10 22:18:00,29760.5,29756.25,-10.5
"Supertrend(10,m=3.0)",SHORT,2026-08-10 22:18:00,2026-08-11 00:00:00,29756.25,29703.75,103.0
"Supertrend(10,m=3.0)",LONG,2026-08-11 00:00:00,2026-08-11 00:03:00,29703.75,29672.0,-65.5
"Supertrend(10,m=3.0)",SHORT,2026-08-11 00:03:00,2026-08-11 00:09:00,29672.0,29706.5,-71.0
"Supertrend(10,m=3.0)",LONG,2026-08-11 00:09:00,2026-08-11 01:09:00,29706.5,29767.5,120.0
"Supertrend(10,m=3.0)",SHORT,2026-08-11 01:09:00,2026-08-11 01:11:00,29767.5,29797.75,-62.5
"Supertrend(10,m=3.0)",LONG,2026-08-11 01:11:00,2026-08-11 02:01:00,29797.75,29814.75,32.0
"Supertrend(10,m=3.0)",SHORT,2026-08-11 02:01:00,2026-08-11 02:34:00,29814.75,29833.75,-40.0
"Supertrend(10,m=3.0)",LONG,2026-08-11 02:34:00,2026-08-11 02:54:00,29833.75,29825.0,-19.5
"Supertrend(10,m=3.0)",SHORT,2026-08-11 02:54:00,2026-08-11 03:24:00,29825.0,29837.75,-27.5
"Supertrend(10,m=3.0)",LONG,2026-08-11 03:24:00,2026-08-11 04:41:00,29837.75,29845.0,12.5
"Supertrend(10,m=3.0)",SHORT,2026-08-11 04:41:00,2026-08-11 05:09:00,29845.0,29846.5,-5.0
"Supertrend(10,m=3.0)",LONG,2026-08-11 05:09:00,2026-08-11 05:19:00,29846.5,29832.0,-31.0
"Supertrend(10,m=3.0)",SHORT,2026-08-11 05:19:00,2026-08-11 05:36:00,29832.0,29828.5,5.0
"Supertrend(10,m=3.0)",LONG,2026-08-11 05:36:00,2026-08-11 05:50:00,29828.5,29799.5,-60.0
"Supertrend(10,m=3.0)",SHORT,2026-08-11 05:50:00,2026-08-11 06:03:00,29799.5,29812.25,-27.5
"Supertrend(10,m=3.0)",LONG,2026-08-11 06:03:00,2026-08-11 06:20:00,29812.25,29791.75,-43.0
"Supertrend(10,m=3.0)",SHORT,2026-08-11 06:20:00,2026-08-11 06:40:00,29791.75,29775.75,30.0
"Supertrend(10,m=3.0)",LONG,2026-08-11 06:40:00,2026-08-11 06:54:00,29775.75,29747.5,-58.5
"Supertrend(10,m=3.0)",SHORT,2026-08-11 06:54:00,2026-08-11 07:02:00,29747.5,29766.75,-40.5
"Supertrend(10,m=3.0)",LONG,2026-08-11 07:02:00,2026-08-11 08:10:00,29766.75,29750.75,-34.0
"Supertrend(10,m=3.0)",SHORT,2026-08-11 08:10:00,2026-08-11 08:43:00,29750.75,29750.5,-1.5
"Supertrend(10,m=3.0)",LONG,2026-08-11 08:43:00,2026-08-11 09:04:00,29750.5,29725.0,-53.0
"Supertrend(10,m=3.0)",SHORT,2026-08-11 09:04:00,2026-08-11 09:19:00,29725.0,29758.5,-69.0
"Supertrend(10,m=3.0)",LONG,2026-08-11 09:19:00,2026-08-11 10:07:00,29758.5,29756.25,-6.5
"Supertrend(10,m=3.0)",SHORT,2026-08-11 10:07:00,2026-08-11 10:20:00,29756.25,29773.25,-36.0
"Supertrend(10,m=3.0)",LONG,2026-08-11 10:20:00,2026-08-11 11:19:00,29773.25,29842.0,135.5
"Supertrend(10,m=3.0)",SHORT,2026-08-11 11:19:00,2026-08-11 12:06:00,29842.0,29839.25,3.5
"Supertrend(10,m=3.0)",LONG,2026-08-11 12:06:00,2026-08-11 12:23:00,29839.25,29845.25,10.0
"Supertrend(10,m=3.0)",SHORT,2026-08-11 12:23:00,2026-08-11 12:38:00,29845.25,29855.0,-21.5
"Supertrend(10,m=3.0)",LONG,2026-08-11 12:38:00,2026-08-11 13:13:00,29855.0,29825.75,-60.5
"Supertrend(10,m=3.0)",SHORT,2026-08-11 13:13:00,2026-08-11 14:02:00,29825.75,29755.75,138.0
"Supertrend(10,m=3.0)",LONG,2026-08-11 14:02:00,2026-08-11 15:07:00,29755.75,29744.25,-25.0
"Supertrend(10,m=3.0)",SHORT,2026-08-11 15:07:00,2026-08-11 17:22:00,29744.25,29614.25,258.0
"Supertrend(10,m=3.0)",LONG,2026-08-11 17:22:00,2026-08-11 18:07:00,29614.25,29606.25,-18.0
"Supertrend(10,m=3.0)",SHORT,2026-08-11 18:07:00,2026-08-11 18:50:00,29606.25,29586.25,38.0
"Supertrend(10,m=3.0)",LONG,2026-08-11 18:50:00,2026-08-11 19:46:00,29586.25,29626.0,77.5
"Supertrend(10,m=3.0)",SHORT,2026-08-11 19:46:00,2026-08-11 20:21:00,29626.0,29651.5,-53.0
"Supertrend(10,m=3.0)",LONG,2026-08-11 20:21:00,2026-08-11 20:53:00,29651.5,29656.0,7.0
"Supertrend(10,m=3.0)",SHORT,2026-08-11 20:53:00,2026-08-11 22:16:00,29656.0,29659.25,-8.5
"Supertrend(10,m=3.0)",LONG,2026-08-11 22:16:00,2026-08-11 22:32:00,29659.25,29644.75,-31.0
"Supertrend(10,m=3.0)",SHORT,2026-08-11 22:32:00,2026-08-11 23:51:00,29644.75,29655.5,-23.5
"Supertrend(10,m=3.0)",LONG,2026-08-11 23:51:00,2026-08-12 00:02:00,29655.5,29635.0,-43.0
"Supertrend(10,m=3.0)",SHORT,2026-08-12 00:02:00,2026-08-12 00:19:00,29635.0,29663.0,-58.0
"Supertrend(10,m=3.0)",LONG,2026-08-12 00:19:00,2026-08-12 01:19:00,29663.0,29654.75,-18.5
"Supertrend(10,m=3.0)",SHORT,2026-08-12 01:19:00,2026-08-12 01:44:00,29654.75,29674.25,-41.0
"Supertrend(10,m=3.0)",LONG,2026-08-12 01:44:00,2026-08-12 01:57:00,29674.25,29656.25,-38.0
"Supertrend(10,m=3.0)",SHORT,2026-08-12 01:57:00,2026-08-12 02:28:00,29656.25,29675.5,-40.5
"Supertrend(10,m=3.0)",LONG,2026-08-12 02:28:00,2026-08-12 03:41:00,29675.5,29695.0,37.0
"Supertrend(10,m=3.0)",SHORT,2026-08-12 03:41:00,2026-08-12 04:48:00,29695.0,29704.5,-21.0
"Supertrend(10,m=3.0)",LONG,2026-08-12 04:48:00,2026-08-12 05:05:00,29704.5,29701.5,-8.0
Engulfing_Reversal(0.3),LONG,2026-08-04 04:25:00,2026-08-04 04:26:00,29007.5,29004.5,-8.0
Engulfing_Reversal(0.3),SHORT,2026-08-04 04:26:00,2026-08-04 04:27:00,29004.5,29013.5,-20.0
Engulfing_Reversal(0.3),LONG,2026-08-04 04:27:00,2026-08-04 04:40:00,29013.5,28998.0,-33.0
Engulfing_Reversal(0.3),SHORT,2026-08-04 04:40:00,2026-08-04 04:52:00,28998.0,29014.5,-35.0
Engulfing_Reversal(0.3),LONG,2026-08-04 04:52:00,2026-08-04 05:01:00,29014.5,29004.0,-23.0
Engulfing_Reversal(0.3),SHORT,2026-08-04 05:01:00,2026-08-04 05:03:00,29004.0,29008.0,-10.0
Engulfing_Reversal(0.3),LONG,2026-08-04 05:03:00,2026-08-04 05:04:00,29008.0,28995.75,-26.5
Engulfing_Reversal(0.3),SHORT,2026-08-04 05:04:00,2026-08-04 05:10:00,28995.75,29005.25,-21.0
Engulfing_Reversal(0.3),LONG,2026-08-04 05:10:00,2026-08-04 06:17:00,29005.25,29085.25,158.0
Engulfing_Reversal(0.3),SHORT,2026-08-04 06:17:00,2026-08-04 06:32:00,29085.25,29087.5,-6.5
Engulfing_Reversal(0.3),LONG,2026-08-04 06:32:00,2026-08-04 06:59:00,29087.5,29055.25,-66.5
Engulfing_Reversal(0.3),SHORT,2026-08-04 06:59:00,2026-08-04 07:00:00,29055.25,29072.0,-35.5
Engulfing_Reversal(0.3),LONG,2026-08-04 07:00:00,2026-08-04 07:12:00,29072.0,29051.25,-43.5
Engulfing_Reversal(0.3),SHORT,2026-08-04 07:12:00,2026-08-04 07:17:00,29051.25,29086.0,-71.5
Engulfing_Reversal(0.3),LONG,2026-08-04 07:17:00,2026-08-04 07:23:00,29086.0,29078.5,-17.0
Engulfing_Reversal(0.3),SHORT,2026-08-04 07:23:00,2026-08-04 07:27:00,29078.5,29104.5,-54.0
Engulfing_Reversal(0.3),LONG,2026-08-04 07:27:00,2026-08-04 07:30:00,29104.5,29099.75,-11.5
Engulfing_Reversal(0.3),SHORT,2026-08-04 07:30:00,2026-08-04 07:40:00,29099.75,29087.5,22.5
Engulfing_Reversal(0.3),LONG,2026-08-04 07:40:00,2026-08-04 07:57:00,29087.5,29068.75,-39.5
Engulfing_Reversal(0.3),SHORT,2026-08-04 07:57:00,2026-08-04 08:16:00,29068.75,29117.25,-99.0
Engulfing_Reversal(0.3),LONG,2026-08-04 08:16:00,2026-08-04 08:20:00,29117.25,29120.0,3.5
Engulfing_Reversal(0.3),SHORT,2026-08-04 08:20:00,2026-08-04 08:55:00,29120.0,29065.25,107.5
Engulfing_Reversal(0.3),LONG,2026-08-04 08:55:00,2026-08-04 09:38:00,29065.25,29052.5,-27.5
Engulfing_Reversal(0.3),SHORT,2026-08-04 09:38:00,2026-08-04 09:39:00,29052.5,29063.0,-23.0
Engulfing_Reversal(0.3),LONG,2026-08-04 09:39:00,2026-08-04 09:47:00,29063.0,29062.5,-3.0
Engulfing_Reversal(0.3),SHORT,2026-08-04 09:47:00,2026-08-04 10:02:00,29062.5,29078.75,-34.5
Engulfing_Reversal(0.3),LONG,2026-08-04 10:02:00,2026-08-04 10:04:00,29078.75,29078.0,-3.5
Engulfing_Reversal(0.3),SHORT,2026-08-04 10:04:00,2026-08-04 10:06:00,29078.0,29084.0,-14.0
Engulfing_Reversal(0.3),LONG,2026-08-04 10:06:00,2026-08-04 10:28:00,29084.0,29105.75,41.5
Engulfing_Reversal(0.3),SHORT,2026-08-04 10:28:00,2026-08-04 10:40:00,29105.75,29086.25,37.0
Engulfing_Reversal(0.3),LONG,2026-08-04 10:40:00,2026-08-04 11:00:00,29086.25,29116.75,59.0
Engulfing_Reversal(0.3),SHORT,2026-08-04 11:00:00,2026-08-04 12:05:00,29116.75,29222.5,-213.5
Engulfing_Reversal(0.3),LONG,2026-08-04 12:05:00,2026-08-04 12:13:00,29222.5,29209.75,-27.5
Engulfing_Reversal(0.3),SHORT,2026-08-04 12:13:00,2026-08-04 12:19:00,29209.75,29217.5,-17.5
Engulfing_Reversal(0.3),LONG,2026-08-04 12:19:00,2026-08-04 12:24:00,29217.5,29221.5,6.0
Engulfing_Reversal(0.3),SHORT,2026-08-04 12:24:00,2026-08-04 12:26:00,29221.5,29221.5,-2.0
Engulfing_Reversal(0.3),LONG,2026-08-04 12:26:00,2026-08-04 13:00:00,29221.5,29203.25,-38.5
Engulfing_Reversal(0.3),SHORT,2026-08-04 13:00:00,2026-08-04 13:08:00,29203.25,29222.5,-40.5
Engulfing_Reversal(0.3),LONG,2026-08-04 13:08:00,2026-08-04 13:14:00,29222.5,29226.75,6.5
Engulfing_Reversal(0.3),SHORT,2026-08-04 13:14:00,2026-08-04 13:21:00,29226.75,29270.0,-88.5
Engulfing_Reversal(0.3),LONG,2026-08-04 13:21:00,2026-08-04 13:44:00,29270.0,29422.25,302.5
Engulfing_Reversal(0.3),SHORT,2026-08-04 13:44:00,2026-08-04 13:46:00,29422.25,29452.5,-62.5
Engulfing_Reversal(0.3),LONG,2026-08-04 13:46:00,2026-08-04 13:56:00,29452.5,29463.75,20.5
Engulfing_Reversal(0.3),SHORT,2026-08-04 13:56:00,2026-08-04 14:02:00,29463.75,29469.25,-13.0
Engulfing_Reversal(0.3),LONG,2026-08-04 14:02:00,2026-08-04 14:10:00,29469.25,29518.5,96.5
Engulfing_Reversal(0.3),SHORT,2026-08-04 14:10:00,2026-08-04 14:26:00,29518.5,29537.5,-40.0
Engulfing_Reversal(0.3),LONG,2026-08-04 14:26:00,2026-08-04 15:06:00,29537.5,29573.5,70.0
Engulfing_Reversal(0.3),SHORT,2026-08-04 15:06:00,2026-08-04 15:12:00,29573.5,29598.5,-52.0
Engulfing_Reversal(0.3),LONG,2026-08-04 15:12:00,2026-08-04 15:50:00,29598.5,29682.75,166.5
Engulfing_Reversal(0.3),SHORT,2026-08-04 15:50:00,2026-08-04 16:01:00,29682.75,29694.5,-25.5
Engulfing_Reversal(0.3),LONG,2026-08-04 16:01:00,2026-08-04 16:07:00,29694.5,29682.5,-26.0
Engulfing_Reversal(0.3),SHORT,2026-08-04 16:07:00,2026-08-04 16:16:00,29682.5,29683.25,-3.5
Engulfing_Reversal(0.3),LONG,2026-08-04 16:16:00,2026-08-04 17:14:00,29683.25,29791.75,215.0
Engulfing_Reversal(0.3),SHORT,2026-08-04 17:14:00,2026-08-04 17:33:00,29791.75,29820.25,-59.0
Engulfing_Reversal(0.3),LONG,2026-08-04 17:33:00,2026-08-04 18:05:00,29820.25,29817.75,-7.0
Engulfing_Reversal(0.3),SHORT,2026-08-04 18:05:00,2026-08-04 18:19:00,29817.75,29869.0,-104.5
Engulfing_Reversal(0.3),LONG,2026-08-04 18:19:00,2026-08-04 18:22:00,29869.0,29865.25,-9.5
Engulfing_Reversal(0.3),SHORT,2026-08-04 18:22:00,2026-08-04 18:29:00,29865.25,29871.25,-14.0
Engulfing_Reversal(0.3),LONG,2026-08-04 18:29:00,2026-08-04 18:38:00,29871.25,29860.75,-23.0
Engulfing_Reversal(0.3),SHORT,2026-08-04 18:38:00,2026-08-04 18:51:00,29860.75,29891.75,-64.0
Engulfing_Reversal(0.3),LONG,2026-08-04 18:51:00,2026-08-04 19:05:00,29891.75,29914.5,43.5
Engulfing_Reversal(0.3),SHORT,2026-08-04 19:05:00,2026-08-04 19:07:00,29914.5,29916.5,-6.0
Engulfing_Reversal(0.3),LONG,2026-08-04 19:07:00,2026-08-04 20:08:00,29916.5,29921.5,8.0
Engulfing_Reversal(0.3),SHORT,2026-08-04 20:08:00,2026-08-04 20:37:00,29921.5,29786.25,268.5
Engulfing_Reversal(0.3),LONG,2026-08-04 20:37:00,2026-08-04 22:37:00,29786.25,29833.75,93.0
Engulfing_Reversal(0.3),SHORT,2026-08-04 22:37:00,2026-08-04 22:51:00,29833.75,29808.75,48.0
Engulfing_Reversal(0.3),LONG,2026-08-04 22:51:00,2026-08-04 23:34:00,29808.75,29814.0,8.5
Engulfing_Reversal(0.3),SHORT,2026-08-04 23:34:00,2026-08-04 23:40:00,29814.0,29815.25,-4.5
Engulfing_Reversal(0.3),LONG,2026-08-04 23:40:00,2026-08-05 00:21:00,29815.25,29835.25,38.0
Engulfing_Reversal(0.3),SHORT,2026-08-05 00:21:00,2026-08-05 00:30:00,29835.25,29862.75,-57.0
Engulfing_Reversal(0.3),LONG,2026-08-05 00:30:00,2026-08-05 00:48:00,29862.75,29826.0,-75.5
Engulfing_Reversal(0.3),SHORT,2026-08-05 00:48:00,2026-08-05 00:50:00,29826.0,29832.5,-15.0
Engulfing_Reversal(0.3),LONG,2026-08-05 00:50:00,2026-08-05 01:01:00,29832.5,29832.25,-2.5
Engulfing_Reversal(0.3),SHORT,2026-08-05 01:01:00,2026-08-05 01:05:00,29832.25,29831.75,-1.0
Engulfing_Reversal(0.3),LONG,2026-08-05 01:05:00,2026-08-05 01:16:00,29831.75,29827.5,-10.5
Engulfing_Reversal(0.3),SHORT,2026-08-05 01:16:00,2026-08-05 01:21:00,29827.5,29832.25,-11.5
Engulfing_Reversal(0.3),LONG,2026-08-05 01:21:00,2026-08-05 01:24:00,29832.25,29819.25,-28.0
Engulfing_Reversal(0.3),SHORT,2026-08-05 01:24:00,2026-08-05 01:39:00,29819.25,29832.25,-28.0
Engulfing_Reversal(0.3),LONG,2026-08-05 01:39:00,2026-08-05 01:52:00,29832.25,29866.5,66.5
Engulfing_Reversal(0.3),SHORT,2026-08-05 01:52:00,2026-08-05 01:57:00,29866.5,29874.0,-17.0
Engulfing_Reversal(0.3),LONG,2026-08-05 01:57:00,2026-08-05 02:05:00,29874.0,29872.5,-5.0
Engulfing_Reversal(0.3),SHORT,2026-08-05 02:05:00,2026-08-05 02:12:00,29872.5,29876.75,-10.5
Engulfing_Reversal(0.3),LONG,2026-08-05 02:12:00,2026-08-05 02:31:00,29876.75,29847.0,-61.5
Engulfing_Reversal(0.3),SHORT,2026-08-05 02:31:00,2026-08-05 02:45:00,29847.0,29857.75,-23.5
Engulfing_Reversal(0.3),LONG,2026-08-05 02:45:00,2026-08-05 02:50:00,29857.75,29855.75,-6.0
Engulfing_Reversal(0.3),SHORT,2026-08-05 02:50:00,2026-08-05 02:51:00,29855.75,29864.75,-20.0
Engulfing_Reversal(0.3),LONG,2026-08-05 02:51:00,2026-08-05 02:56:00,29864.75,29865.75,0.0
Engulfing_Reversal(0.3),SHORT,2026-08-05 02:56:00,2026-08-05 03:01:00,29865.75,29871.75,-14.0
Engulfing_Reversal(0.3),LONG,2026-08-05 03:01:00,2026-08-05 03:29:00,29871.75,29869.5,-6.5
Engulfing_Reversal(0.3),SHORT,2026-08-05 03:29:00,2026-08-05 03:32:00,29869.5,29863.25,10.5
Engulfing_Reversal(0.3),LONG,2026-08-05 03:32:00,2026-08-05 03:38:00,29863.25,29872.75,17.0
Engulfing_Reversal(0.3),SHORT,2026-08-05 03:38:00,2026-08-05 03:44:00,29872.75,29885.75,-28.0
Engulfing_Reversal(0.3),LONG,2026-08-05 03:44:00,2026-08-05 03:58:00,29885.75,29888.0,2.5
Engulfing_Reversal(0.3),SHORT,2026-08-05 03:58:00,2026-08-05 04:30:00,29888.0,29871.5,31.0
Engulfing_Reversal(0.3),LONG,2026-08-05 04:30:00,2026-08-05 04:45:00,29871.5,29904.5,64.0
Engulfing_Reversal(0.3),SHORT,2026-08-05 04:45:00,2026-08-05 05:06:00,29904.5,29924.5,-42.0
Engulfing_Reversal(0.3),LONG,2026-08-05 05:06:00,2026-08-05 05:23:00,29924.5,29939.5,28.0
Engulfing_Reversal(0.3),SHORT,2026-08-05 05:23:00,2026-08-05 05:24:00,29939.5,29945.0,-13.0
Engulfing_Reversal(0.3),LONG,2026-08-05 05:24:00,2026-08-05 06:24:00,29945.0,29934.5,-23.0
Engulfing_Reversal(0.3),SHORT,2026-08-05 06:24:00,2026-08-05 07:07:00,29934.5,29973.75,-80.5
Engulfing_Reversal(0.3),LONG,2026-08-05 07:07:00,2026-08-05 07:13:00,29973.75,29938.75,-72.0
Engulfing_Reversal(0.3),SHORT,2026-08-05 07:13:00,2026-08-05 07:24:00,29938.75,29942.5,-9.5
Engulfing_Reversal(0.3),LONG,2026-08-05 07:24:00,2026-08-05 07:35:00,29942.5,29900.25,-86.5
Engulfing_Reversal(0.3),SHORT,2026-08-05 07:35:00,2026-08-05 09:00:00,29900.25,29835.5,127.5
Engulfing_Reversal(0.3),LONG,2026-08-05 09:00:00,2026-08-05 09:53:00,29835.5,29859.25,45.5
Engulfing_Reversal(0.3),SHORT,2026-08-05 09:53:00,2026-08-05 10:45:00,29859.25,29857.75,1.0
Engulfing_Reversal(0.3),LONG,2026-08-05 10:45:00,2026-08-05 10:46:00,29857.75,29839.25,-39.0
Engulfing_Reversal(0.3),SHORT,2026-08-05 10:46:00,2026-08-05 10:53:00,29839.25,29860.0,-43.5
Engulfing_Reversal(0.3),LONG,2026-08-05 10:53:00,2026-08-05 10:55:00,29860.0,29861.75,1.5
Engulfing_Reversal(0.3),SHORT,2026-08-05 10:55:00,2026-08-05 11:22:00,29861.75,29910.0,-98.5
Engulfing_Reversal(0.3),LONG,2026-08-05 11:22:00,2026-08-05 11:26:00,29910.0,29908.5,-5.0
Engulfing_Reversal(0.3),SHORT,2026-08-05 11:26:00,2026-08-05 11:27:00,29908.5,29920.5,-26.0
Engulfing_Reversal(0.3),LONG,2026-08-05 11:27:00,2026-08-05 11:42:00,29920.5,29920.25,-2.5
Engulfing_Reversal(0.3),SHORT,2026-08-05 11:42:00,2026-08-05 11:43:00,29920.25,29926.5,-14.5
Engulfing_Reversal(0.3),LONG,2026-08-05 11:43:00,2026-08-05 11:53:00,29926.5,29920.0,-15.0
Engulfing_Reversal(0.3),SHORT,2026-08-05 11:53:00,2026-08-05 11:58:00,29920.0,29918.75,0.5
Engulfing_Reversal(0.3),LONG,2026-08-05 11:58:00,2026-08-05 12:05:00,29918.75,29902.0,-35.5
Engulfing_Reversal(0.3),SHORT,2026-08-05 12:05:00,2026-08-05 13:12:00,29902.0,29942.5,-83.0
Engulfing_Reversal(0.3),LONG,2026-08-05 13:12:00,2026-08-05 13:13:00,29942.5,29938.25,-10.5
Engulfing_Reversal(0.3),SHORT,2026-08-05 13:13:00,2026-08-05 13:32:00,29938.25,29982.5,-90.5
Engulfing_Reversal(0.3),LONG,2026-08-05 13:32:00,2026-08-05 13:46:00,29982.5,30029.0,91.0
Engulfing_Reversal(0.3),SHORT,2026-08-05 13:46:00,2026-08-05 13:54:00,30029.0,30015.25,25.5
Engulfing_Reversal(0.3),LONG,2026-08-05 13:54:00,2026-08-05 14:12:00,30015.25,29991.25,-50.0
Engulfing_Reversal(0.3),SHORT,2026-08-05 14:12:00,2026-08-05 14:16:00,29991.25,30012.25,-44.0
Engulfing_Reversal(0.3),LONG,2026-08-05 14:16:00,2026-08-05 14:40:00,30012.25,29841.25,-344.0
Engulfing_Reversal(0.3),SHORT,2026-08-05 14:40:00,2026-08-05 14:57:00,29841.25,29831.5,17.5
Engulfing_Reversal(0.3),LONG,2026-08-05 14:57:00,2026-08-05 15:04:00,29831.5,29837.25,9.5
Engulfing_Reversal(0.3),SHORT,2026-08-05 15:04:00,2026-08-05 15:07:00,29837.25,29855.5,-38.5
Engulfing_Reversal(0.3),LONG,2026-08-05 15:07:00,2026-08-05 15:16:00,29855.5,29819.75,-73.5
Engulfing_Reversal(0.3),SHORT,2026-08-05 15:16:00,2026-08-05 15:20:00,29819.75,29832.75,-28.0
Engulfing_Reversal(0.3),LONG,2026-08-05 15:20:00,2026-08-05 15:29:00,29832.75,29802.75,-62.0
Engulfing_Reversal(0.3),SHORT,2026-08-05 15:29:00,2026-08-05 15:38:00,29802.75,29846.25,-89.0
Engulfing_Reversal(0.3),LONG,2026-08-05 15:38:00,2026-08-05 15:44:00,29846.25,29823.25,-48.0
Engulfing_Reversal(0.3),SHORT,2026-08-05 15:44:00,2026-08-05 15:54:00,29823.25,29788.75,67.0
Engulfing_Reversal(0.3),LONG,2026-08-05 15:54:00,2026-08-05 16:24:00,29788.75,29764.25,-51.0
Engulfing_Reversal(0.3),SHORT,2026-08-05 16:24:00,2026-08-05 16:29:00,29764.25,29814.5,-102.5
Engulfing_Reversal(0.3),LONG,2026-08-05 16:29:00,2026-08-05 16:31:00,29814.5,29806.75,-17.5
Engulfing_Reversal(0.3),SHORT,2026-08-05 16:31:00,2026-08-05 16:51:00,29806.75,29813.0,-14.5
Engulfing_Reversal(0.3),LONG,2026-08-05 16:51:00,2026-08-05 17:05:00,29813.0,29776.0,-76.0
Engulfing_Reversal(0.3),SHORT,2026-08-05 17:05:00,2026-08-05 17:12:00,29776.0,29775.0,0.0
Engulfing_Reversal(0.3),LONG,2026-08-05 17:12:00,2026-08-05 17:20:00,29775.0,29760.25,-31.5
Engulfing_Reversal(0.3),SHORT,2026-08-05 17:20:00,2026-08-05 17:36:00,29760.25,29766.5,-14.5
Engulfing_Reversal(0.3),LONG,2026-08-05 17:36:00,2026-08-05 17:45:00,29766.5,29755.5,-24.0
Engulfing_Reversal(0.3),SHORT,2026-08-05 17:45:00,2026-08-05 18:03:00,29755.5,29766.25,-23.5
Engulfing_Reversal(0.3),LONG,2026-08-05 18:03:00,2026-08-05 18:31:00,29766.25,29748.0,-38.5
Engulfing_Reversal(0.3),SHORT,2026-08-05 18:31:00,2026-08-05 18:34:00,29748.0,29738.25,17.5
Engulfing_Reversal(0.3),LONG,2026-08-05 18:34:00,2026-08-05 18:50:00,29738.25,29752.25,26.0
Engulfing_Reversal(0.3),SHORT,2026-08-05 18:50:00,2026-08-05 18:58:00,29752.25,29736.5,29.5
Engulfing_Reversal(0.3),LONG,2026-08-05 18:58:00,2026-08-05 19:39:00,29736.5,29719.75,-35.5
Engulfing_Reversal(0.3),SHORT,2026-08-05 19:39:00,2026-08-05 19:41:00,29719.75,29727.0,-16.5
Engulfing_Reversal(0.3),LONG,2026-08-05 19:41:00,2026-08-05 19:53:00,29727.0,29710.5,-35.0
Engulfing_Reversal(0.3),SHORT,2026-08-05 19:53:00,2026-08-05 20:40:00,29710.5,29585.25,248.5
Engulfing_Reversal(0.3),LONG,2026-08-05 20:40:00,2026-08-05 20:48:00,29585.25,29582.75,-7.0
Engulfing_Reversal(0.3),SHORT,2026-08-05 20:48:00,2026-08-05 22:08:00,29582.75,29591.5,-19.5
Engulfing_Reversal(0.3),LONG,2026-08-05 22:08:00,2026-08-05 22:41:00,29591.5,29662.25,139.5
Engulfing_Reversal(0.3),SHORT,2026-08-05 22:41:00,2026-08-05 23:03:00,29662.25,29619.25,84.0
Engulfing_Reversal(0.3),LONG,2026-08-05 23:03:00,2026-08-05 23:44:00,29619.25,29597.5,-45.5
Engulfing_Reversal(0.3),SHORT,2026-08-05 23:44:00,2026-08-06 00:00:00,29597.5,29582.5,28.0
Engulfing_Reversal(0.3),LONG,2026-08-06 00:00:00,2026-08-06 00:11:00,29582.5,29575.25,-16.5
Engulfing_Reversal(0.3),SHORT,2026-08-06 00:11:00,2026-08-06 00:13:00,29575.25,29577.5,-6.5
Engulfing_Reversal(0.3),LONG,2026-08-06 00:13:00,2026-08-06 00:18:00,29577.5,29563.0,-31.0
Engulfing_Reversal(0.3),SHORT,2026-08-06 00:18:00,2026-08-06 00:34:00,29563.0,29561.75,0.5
Engulfing_Reversal(0.3),LONG,2026-08-06 00:34:00,2026-08-06 01:06:00,29561.75,29504.25,-117.0
Engulfing_Reversal(0.3),SHORT,2026-08-06 01:06:00,2026-08-06 01:11:00,29504.25,29530.25,-54.0
Engulfing_Reversal(0.3),LONG,2026-08-06 01:11:00,2026-08-06 01:12:00,29530.25,29510.75,-41.0
Engulfing_Reversal(0.3),SHORT,2026-08-06 01:12:00,2026-08-06 01:14:00,29510.75,29515.5,-11.5
Engulfing_Reversal(0.3),LONG,2026-08-06 01:14:00,2026-08-06 01:16:00,29515.5,29500.0,-33.0
Engulfing_Reversal(0.3),SHORT,2026-08-06 01:16:00,2026-08-06 01:18:00,29500.0,29499.0,0.0
Engulfing_Reversal(0.3),LONG,2026-08-06 01:18:00,2026-08-06 01:20:00,29499.0,29496.5,-7.0
Engulfing_Reversal(0.3),SHORT,2026-08-06 01:20:00,2026-08-06 01:33:00,29496.5,29498.75,-6.5
Engulfing_Reversal(0.3),LONG,2026-08-06 01:33:00,2026-08-06 01:44:00,29498.75,29486.25,-27.0
Engulfing_Reversal(0.3),SHORT,2026-08-06 01:44:00,2026-08-06 02:01:00,29486.25,29512.25,-54.0
Engulfing_Reversal(0.3),LONG,2026-08-06 02:01:00,2026-08-06 02:04:00,29512.25,29492.5,-41.5
Engulfing_Reversal(0.3),SHORT,2026-08-06 02:04:00,2026-08-06 02:05:00,29492.5,29506.0,-29.0
Engulfing_Reversal(0.3),LONG,2026-08-06 02:05:00,2026-08-06 02:13:00,29506.0,29538.0,62.0
Engulfing_Reversal(0.3),SHORT,2026-08-06 02:13:00,2026-08-06 02:15:00,29538.0,29543.0,-12.0
Engulfing_Reversal(0.3),LONG,2026-08-06 02:15:00,2026-08-06 02:19:00,29543.0,29547.75,7.5
Engulfing_Reversal(0.3),SHORT,2026-08-06 02:19:00,2026-08-06 02:37:00,29547.75,29581.25,-69.0
Engulfing_Reversal(0.3),LONG,2026-08-06 02:37:00,2026-08-06 02:53:00,29581.25,29601.0,37.5
Engulfing_Reversal(0.3),SHORT,2026-08-06 02:53:00,2026-08-06 03:35:00,29601.0,29540.25,119.5
Engulfing_Reversal(0.3),LONG,2026-08-06 03:35:00,2026-08-06 03:41:00,29540.25,29550.5,18.5
Engulfing_Reversal(0.3),SHORT,2026-08-06 03:41:00,2026-08-06 04:36:00,29550.5,29578.0,-57.0
Engulfing_Reversal(0.3),LONG,2026-08-06 04:36:00,2026-08-06 05:01:00,29578.0,29566.25,-25.5
Engulfing_Reversal(0.3),SHORT,2026-08-06 05:01:00,2026-08-06 05:25:00,29566.25,29582.5,-34.5
Engulfing_Reversal(0.3),LONG,2026-08-06 05:25:00,2026-08-06 05:57:00,29582.5,29559.5,-48.0
Engulfing_Reversal(0.3),SHORT,2026-08-06 05:57:00,2026-08-06 06:22:00,29559.5,29497.0,123.0
Engulfing_Reversal(0.3),LONG,2026-08-06 06:22:00,2026-08-06 07:02:00,29497.0,29508.0,20.0
Engulfing_Reversal(0.3),SHORT,2026-08-06 07:02:00,2026-08-06 07:16:00,29508.0,29557.0,-100.0
Engulfing_Reversal(0.3),LONG,2026-08-06 07:16:00,2026-08-06 07:30:00,29557.0,29536.5,-43.0
Engulfing_Reversal(0.3),SHORT,2026-08-06 07:30:00,2026-08-06 07:34:00,29536.5,29533.75,3.5
Engulfing_Reversal(0.3),LONG,2026-08-06 07:34:00,2026-08-06 07:35:00,29533.75,29533.5,-2.5
Engulfing_Reversal(0.3),SHORT,2026-08-06 07:35:00,2026-08-06 07:45:00,29533.5,29515.5,34.0
Engulfing_Reversal(0.3),LONG,2026-08-06 07:45:00,2026-08-06 07:51:00,29515.5,29521.5,10.0
Engulfing_Reversal(0.3),SHORT,2026-08-06 07:51:00,2026-08-06 08:25:00,29521.5,29485.75,69.5
Engulfing_Reversal(0.3),LONG,2026-08-06 08:25:00,2026-08-06 08:43:00,29485.75,29511.5,49.5
Engulfing_Reversal(0.3),SHORT,2026-08-06 08:43:00,2026-08-06 08:53:00,29511.5,29516.75,-12.5
Engulfing_Reversal(0.3),LONG,2026-08-06 08:53:00,2026-08-06 08:56:00,29516.75,29514.25,-7.0
Engulfing_Reversal(0.3),SHORT,2026-08-06 08:56:00,2026-08-06 08:58:00,29514.25,29519.75,-13.0
Engulfing_Reversal(0.3),LONG,2026-08-06 08:58:00,2026-08-06 09:01:00,29519.75,29502.25,-37.0
Engulfing_Reversal(0.3),SHORT,2026-08-06 09:01:00,2026-08-06 09:21:00,29502.25,29480.5,41.5
Engulfing_Reversal(0.3),LONG,2026-08-06 09:21:00,2026-08-06 09:51:00,29480.5,29498.5,34.0
Engulfing_Reversal(0.3),SHORT,2026-08-06 09:51:00,2026-08-06 10:17:00,29498.5,29509.0,-23.0
Engulfing_Reversal(0.3),LONG,2026-08-06 10:17:00,2026-08-06 10:30:00,29509.0,29517.5,15.0
Engulfing_Reversal(0.3),SHORT,2026-08-06 10:30:00,2026-08-06 11:08:00,29517.5,29393.0,247.0
Engulfing_Reversal(0.3),LONG,2026-08-06 11:08:00,2026-08-06 12:34:00,29393.0,29440.0,92.0
Engulfing_Reversal(0.3),SHORT,2026-08-06 12:34:00,2026-08-06 13:22:00,29440.0,29356.75,164.5
Engulfing_Reversal(0.3),LONG,2026-08-06 13:22:00,2026-08-06 13:26:00,29356.75,29333.0,-49.5
Engulfing_Reversal(0.3),SHORT,2026-08-06 13:26:00,2026-08-06 14:03:00,29333.0,29539.75,-415.5
Engulfing_Reversal(0.3),LONG,2026-08-06 14:03:00,2026-08-06 14:04:00,29539.75,29491.25,-99.0
Engulfing_Reversal(0.3),SHORT,2026-08-06 14:04:00,2026-08-06 14:07:00,29491.25,29549.5,-118.5
Engulfing_Reversal(0.3),LONG,2026-08-06 14:07:00,2026-08-06 14:37:00,29549.5,29630.25,159.5
Engulfing_Reversal(0.3),SHORT,2026-08-06 14:37:00,2026-08-06 14:48:00,29630.25,29570.0,118.5
Engulfing_Reversal(0.3),LONG,2026-08-06 14:48:00,2026-08-06 15:12:00,29570.0,29669.75,197.5
Engulfing_Reversal(0.3),SHORT,2026-08-06 15:12:00,2026-08-06 15:29:00,29669.75,29604.25,129.0
Engulfing_Reversal(0.3),LONG,2026-08-06 15:29:00,2026-08-06 15:32:00,29604.25,29592.5,-25.5
Engulfing_Reversal(0.3),SHORT,2026-08-06 15:32:00,2026-08-06 15:49:00,29592.5,29610.25,-37.5
Engulfing_Reversal(0.3),LONG,2026-08-06 15:49:00,2026-08-06 16:04:00,29610.25,29494.0,-234.5
Engulfing_Reversal(0.3),SHORT,2026-08-06 16:04:00,2026-08-06 16:52:00,29494.0,29516.5,-47.0
Engulfing_Reversal(0.3),LONG,2026-08-06 16:52:00,2026-08-06 17:12:00,29516.5,29534.5,34.0
Engulfing_Reversal(0.3),SHORT,2026-08-06 17:12:00,2026-08-06 17:43:00,29534.5,29505.75,55.5
Engulfing_Reversal(0.3),LONG,2026-08-06 17:43:00,2026-08-06 18:02:00,29505.75,29516.5,19.5
Engulfing_Reversal(0.3),SHORT,2026-08-06 18:02:00,2026-08-06 18:08:00,29516.5,29536.75,-42.5
Engulfing_Reversal(0.3),LONG,2026-08-06 18:08:00,2026-08-06 18:11:00,29536.75,29521.0,-33.5
Engulfing_Reversal(0.3),SHORT,2026-08-06 18:11:00,2026-08-06 18:14:00,29521.0,29532.0,-24.0
Engulfing_Reversal(0.3),LONG,2026-08-06 18:14:00,2026-08-06 18:24:00,29532.0,29565.0,64.0
Engulfing_Reversal(0.3),SHORT,2026-08-06 18:24:00,2026-08-06 18:54:00,29565.0,29511.5,105.0
Engulfing_Reversal(0.3),LONG,2026-08-06 18:54:00,2026-08-06 19:13:00,29511.5,29558.0,91.0
Engulfing_Reversal(0.3),SHORT,2026-08-06 19:13:00,2026-08-06 19:35:00,29558.0,29537.5,39.0
Engulfing_Reversal(0.3),LONG,2026-08-06 19:35:00,2026-08-06 19:47:00,29537.5,29495.75,-85.5
Engulfing_Reversal(0.3),SHORT,2026-08-06 19:47:00,2026-08-06 19:49:00,29495.75,29496.75,-4.0
Engulfing_Reversal(0.3),LONG,2026-08-06 19:49:00,2026-08-06 20:14:00,29496.75,29533.75,72.0
Engulfing_Reversal(0.3),SHORT,2026-08-06 20:14:00,2026-08-06 20:30:00,29533.75,29493.5,78.5
Engulfing_Reversal(0.3),LONG,2026-08-06 20:30:00,2026-08-06 20:36:00,29493.5,29496.5,4.0
Engulfing_Reversal(0.3),SHORT,2026-08-06 20:36:00,2026-08-06 20:47:00,29496.5,29495.0,1.0
Engulfing_Reversal(0.3),LONG,2026-08-06 20:47:00,2026-08-06 20:48:00,29495.0,29492.5,-7.0
Engulfing_Reversal(0.3),SHORT,2026-08-06 20:48:00,2026-08-06 20:58:00,29492.5,29501.5,-20.0
Engulfing_Reversal(0.3),LONG,2026-08-06 20:58:00,2026-08-06 22:25:00,29501.5,29556.0,107.0
Engulfing_Reversal(0.3),SHORT,2026-08-06 22:25:00,2026-08-06 22:45:00,29556.0,29555.75,-1.5
Engulfing_Reversal(0.3),LONG,2026-08-06 22:45:00,2026-08-06 22:48:00,29555.75,29548.75,-16.0
Engulfing_Reversal(0.3),SHORT,2026-08-06 22:48:00,2026-08-06 22:51:00,29548.75,29554.0,-12.5
Engulfing_Reversal(0.3),LONG,2026-08-06 22:51:00,2026-08-06 23:30:00,29554.0,29572.5,35.0
Engulfing_Reversal(0.3),SHORT,2026-08-06 23:30:00,2026-08-06 23:44:00,29572.5,29576.75,-10.5
Engulfing_Reversal(0.3),LONG,2026-08-06 23:44:00,2026-08-06 23:46:00,29576.75,29576.25,-3.0
Engulfing_Reversal(0.3),SHORT,2026-08-06 23:46:00,2026-08-06 23:57:00,29576.25,29586.5,-22.5
Engulfing_Reversal(0.3),LONG,2026-08-06 23:57:00,2026-08-07 00:01:00,29586.5,29586.5,-2.0
Engulfing_Reversal(0.3),SHORT,2026-08-07 00:01:00,2026-08-07 00:26:00,29586.5,29521.75,127.5
Engulfing_Reversal(0.3),LONG,2026-08-07 00:26:00,2026-08-07 02:06:00,29521.75,29528.75,12.0
Engulfing_Reversal(0.3),SHORT,2026-08-07 02:06:00,2026-08-07 02:12:00,29528.75,29515.75,24.0
Engulfing_Reversal(0.3),LONG,2026-08-07 02:12:00,2026-08-07 02:21:00,29515.75,29529.0,24.5
Engulfing_Reversal(0.3),SHORT,2026-08-07 02:21:00,2026-08-07 02:42:00,29529.0,29491.25,73.5
Engulfing_Reversal(0.3),LONG,2026-08-07 02:42:00,2026-08-07 03:11:00,29491.25,29541.0,97.5
Engulfing_Reversal(0.3),SHORT,2026-08-07 03:11:00,2026-08-07 03:28:00,29541.0,29512.5,55.0
Engulfing_Reversal(0.3),LONG,2026-08-07 03:28:00,2026-08-07 03:43:00,29512.5,29505.0,-17.0
Engulfing_Reversal(0.3),SHORT,2026-08-07 03:43:00,2026-08-07 04:47:00,29505.0,29496.25,15.5
Engulfing_Reversal(0.3),LONG,2026-08-07 04:47:00,2026-08-07 04:58:00,29496.25,29508.25,22.0
Engulfing_Reversal(0.3),SHORT,2026-08-07 04:58:00,2026-08-07 05:22:00,29508.25,29545.5,-76.5
Engulfing_Reversal(0.3),LONG,2026-08-07 05:22:00,2026-08-07 05:32:00,29545.5,29543.0,-7.0
Engulfing_Reversal(0.3),SHORT,2026-08-07 05:32:00,2026-08-07 05:50:00,29543.0,29532.5,19.0
Engulfing_Reversal(0.3),LONG,2026-08-07 05:50:00,2026-08-07 06:39:00,29532.5,29569.75,72.5
Engulfing_Reversal(0.3),SHORT,2026-08-07 06:39:00,2026-08-07 06:49:00,29569.75,29545.25,47.0
Engulfing_Reversal(0.3),LONG,2026-08-07 06:49:00,2026-08-07 06:53:00,29545.25,29540.75,-11.0
Engulfing_Reversal(0.3),SHORT,2026-08-07 06:53:00,2026-08-07 06:57:00,29540.75,29544.75,-10.0
Engulfing_Reversal(0.3),LONG,2026-08-07 06:57:00,2026-08-07 07:12:00,29544.75,29574.75,58.0
Engulfing_Reversal(0.3),SHORT,2026-08-07 07:12:00,2026-08-07 07:13:00,29574.75,29583.75,-20.0
Engulfing_Reversal(0.3),LONG,2026-08-07 07:13:00,2026-08-07 07:45:00,29583.75,29582.5,-4.5
Engulfing_Reversal(0.3),SHORT,2026-08-07 07:45:00,2026-08-07 07:57:00,29582.5,29583.0,-3.0
Engulfing_Reversal(0.3),LONG,2026-08-07 07:57:00,2026-08-07 08:25:00,29583.0,29615.5,63.0
Engulfing_Reversal(0.3),SHORT,2026-08-07 08:25:00,2026-08-07 08:31:00,29615.5,29631.0,-33.0
Engulfing_Reversal(0.3),LONG,2026-08-07 08:31:00,2026-08-07 08:41:00,29631.0,29614.5,-35.0
Engulfing_Reversal(0.3),SHORT,2026-08-07 08:41:00,2026-08-07 08:42:00,29614.5,29627.0,-27.0
Engulfing_Reversal(0.3),LONG,2026-08-07 08:42:00,2026-08-07 08:45:00,29627.0,29625.25,-5.5
Engulfing_Reversal(0.3),SHORT,2026-08-07 08:45:00,2026-08-07 09:12:00,29625.25,29642.0,-35.5
Engulfing_Reversal(0.3),LONG,2026-08-07 09:12:00,2026-08-07 09:27:00,29642.0,29642.0,-2.0
Engulfing_Reversal(0.3),SHORT,2026-08-07 09:27:00,2026-08-07 09:44:00,29642.0,29630.25,21.5
Engulfing_Reversal(0.3),LONG,2026-08-07 09:44:00,2026-08-07 09:56:00,29630.25,29623.5,-15.5
Engulfing_Reversal(0.3),SHORT,2026-08-07 09:56:00,2026-08-07 10:29:00,29623.5,29615.0,15.0
Engulfing_Reversal(0.3),LONG,2026-08-07 10:29:00,2026-08-07 11:30:00,29615.0,29652.25,72.5
Engulfing_Reversal(0.3),SHORT,2026-08-07 11:30:00,2026-08-07 12:34:00,29652.25,29744.75,-187.0
Engulfing_Reversal(0.3),LONG,2026-08-07 12:34:00,2026-08-07 12:53:00,29744.75,29853.0,214.5
Engulfing_Reversal(0.3),SHORT,2026-08-07 12:53:00,2026-08-07 12:59:00,29853.0,29842.0,20.0
Engulfing_Reversal(0.3),LONG,2026-08-07 12:59:00,2026-08-07 13:01:00,29842.0,29824.5,-37.0
Engulfing_Reversal(0.3),SHORT,2026-08-07 13:01:00,2026-08-07 13:10:00,29824.5,29779.75,87.5
Engulfing_Reversal(0.3),LONG,2026-08-07 13:10:00,2026-08-07 13:26:00,29779.75,29713.5,-134.5
Engulfing_Reversal(0.3),SHORT,2026-08-07 13:26:00,2026-08-07 14:00:00,29713.5,29679.75,65.5
Engulfing_Reversal(0.3),LONG,2026-08-07 14:00:00,2026-08-07 14:12:00,29679.75,29599.25,-163.0
Engulfing_Reversal(0.3),SHORT,2026-08-07 14:12:00,2026-08-07 14:14:00,29599.25,29604.75,-13.0
Engulfing_Reversal(0.3),LONG,2026-08-07 14:14:00,2026-08-07 14:23:00,29604.75,29696.75,182.0
Engulfing_Reversal(0.3),SHORT,2026-08-07 14:23:00,2026-08-07 14:38:00,29696.75,29711.0,-30.5
Engulfing_Reversal(0.3),LONG,2026-08-07 14:38:00,2026-08-07 14:52:00,29711.0,29694.75,-34.5
Engulfing_Reversal(0.3),SHORT,2026-08-07 14:52:00,2026-08-07 14:58:00,29694.75,29712.5,-37.5
Engulfing_Reversal(0.3),LONG,2026-08-07 14:58:00,2026-08-07 15:12:00,29712.5,29757.5,88.0
Engulfing_Reversal(0.3),SHORT,2026-08-07 15:12:00,2026-08-07 15:21:00,29757.5,29768.75,-24.5
Engulfing_Reversal(0.3),LONG,2026-08-07 15:21:00,2026-08-07 15:34:00,29768.75,29837.75,136.0
Engulfing_Reversal(0.3),SHORT,2026-08-07 15:34:00,2026-08-07 15:38:00,29837.75,29838.5,-3.5
Engulfing_Reversal(0.3),LONG,2026-08-07 15:38:00,2026-08-07 15:39:00,29838.5,29824.25,-30.5
Engulfing_Reversal(0.3),SHORT,2026-08-07 15:39:00,2026-08-07 16:16:00,29824.25,29809.0,28.5
Engulfing_Reversal(0.3),LONG,2026-08-07 16:16:00,2026-08-07 16:18:00,29809.0,29809.25,-1.5
Engulfing_Reversal(0.3),SHORT,2026-08-07 16:18:00,2026-08-07 16:33:00,29809.25,29706.5,203.5
Engulfing_Reversal(0.3),LONG,2026-08-07 16:33:00,2026-08-07 16:43:00,29706.5,29735.75,56.5
Engulfing_Reversal(0.3),SHORT,2026-08-07 16:43:00,2026-08-07 17:06:00,29735.75,29756.0,-42.5
Engulfing_Reversal(0.3),LONG,2026-08-07 17:06:00,2026-08-07 17:11:00,29756.0,29756.5,-1.0
Engulfing_Reversal(0.3),SHORT,2026-08-07 17:11:00,2026-08-07 17:23:00,29756.5,29758.0,-5.0
Engulfing_Reversal(0.3),LONG,2026-08-07 17:23:00,2026-08-07 17:24:00,29758.0,29747.5,-23.0
Engulfing_Reversal(0.3),SHORT,2026-08-07 17:24:00,2026-08-07 17:29:00,29747.5,29746.0,1.0
Engulfing_Reversal(0.3),LONG,2026-08-07 17:29:00,2026-08-07 17:35:00,29746.0,29736.0,-22.0
Engulfing_Reversal(0.3),SHORT,2026-08-07 17:35:00,2026-08-07 17:44:00,29736.0,29750.25,-30.5
Engulfing_Reversal(0.3),LONG,2026-08-07 17:44:00,2026-08-07 17:50:00,29750.25,29746.25,-10.0
Engulfing_Reversal(0.3),SHORT,2026-08-07 17:50:00,2026-08-07 17:51:00,29746.25,29751.75,-13.0
Engulfing_Reversal(0.3),LONG,2026-08-07 17:51:00,2026-08-07 17:52:00,29751.75,29743.75,-18.0
Engulfing_Reversal(0.3),SHORT,2026-08-07 17:52:00,2026-08-07 18:23:00,29743.75,29725.75,34.0
Engulfing_Reversal(0.3),LONG,2026-08-07 18:23:00,2026-08-07 18:35:00,29725.75,29704.5,-44.5
Engulfing_Reversal(0.3),SHORT,2026-08-07 18:35:00,2026-08-07 18:58:00,29704.5,29704.25,-1.5
Engulfing_Reversal(0.3),LONG,2026-08-07 18:58:00,2026-08-07 19:14:00,29704.25,29802.0,193.5
Engulfing_Reversal(0.3),SHORT,2026-08-07 19:14:00,2026-08-07 19:21:00,29802.0,29809.25,-16.5
Engulfing_Reversal(0.3),LONG,2026-08-07 19:21:00,2026-08-07 19:31:00,29809.25,29787.0,-46.5
Engulfing_Reversal(0.3),SHORT,2026-08-07 19:31:00,2026-08-07 19:43:00,29787.0,29789.75,-7.5
Engulfing_Reversal(0.3),LONG,2026-08-07 19:43:00,2026-08-07 20:00:00,29789.75,29833.75,86.0
Engulfing_Reversal(0.3),SHORT,2026-08-07 20:00:00,2026-08-07 20:54:00,29833.75,29823.75,18.0
Engulfing_Reversal(0.3),LONG,2026-08-07 20:54:00,2026-08-09 22:12:00,29823.75,29832.25,15.0
Engulfing_Reversal(0.3),SHORT,2026-08-09 22:12:00,2026-08-09 22:38:00,29832.25,29826.0,10.5
Engulfing_Reversal(0.3),LONG,2026-08-09 22:38:00,2026-08-09 22:45:00,29826.0,29837.5,21.0
Engulfing_Reversal(0.3),SHORT,2026-08-09 22:45:00,2026-08-09 22:48:00,29837.5,29837.75,-2.5
Engulfing_Reversal(0.3),LONG,2026-08-09 22:48:00,2026-08-09 22:50:00,29837.75,29844.0,10.5
Engulfing_Reversal(0.3),SHORT,2026-08-09 22:50:00,2026-08-09 23:27:00,29844.0,29873.5,-61.0
Engulfing_Reversal(0.3),LONG,2026-08-09 23:27:00,2026-08-09 23:36:00,29873.5,29840.25,-68.5
Engulfing_Reversal(0.3),SHORT,2026-08-09 23:36:00,2026-08-09 23:37:00,29840.25,29850.75,-23.0
Engulfing_Reversal(0.3),LONG,2026-08-09 23:37:00,2026-08-10 00:18:00,29850.75,29883.25,63.0
Engulfing_Reversal(0.3),SHORT,2026-08-10 00:18:00,2026-08-10 00:45:00,29883.25,29806.25,152.0
Engulfing_Reversal(0.3),LONG,2026-08-10 00:45:00,2026-08-10 00:52:00,29806.25,29820.5,26.5
Engulfing_Reversal(0.3),SHORT,2026-08-10 00:52:00,2026-08-10 01:10:00,29820.5,29829.0,-19.0
Engulfing_Reversal(0.3),LONG,2026-08-10 01:10:00,2026-08-10 01:39:00,29829.0,29867.0,74.0
Engulfing_Reversal(0.3),SHORT,2026-08-10 01:39:00,2026-08-10 01:47:00,29867.0,29884.0,-36.0
Engulfing_Reversal(0.3),LONG,2026-08-10 01:47:00,2026-08-10 02:01:00,29884.0,29877.5,-15.0
Engulfing_Reversal(0.3),SHORT,2026-08-10 02:01:00,2026-08-10 02:03:00,29877.5,29881.25,-9.5
Engulfing_Reversal(0.3),LONG,2026-08-10 02:03:00,2026-08-10 02:16:00,29881.25,29860.75,-43.0
Engulfing_Reversal(0.3),SHORT,2026-08-10 02:16:00,2026-08-10 02:19:00,29860.75,29870.5,-21.5
Engulfing_Reversal(0.3),LONG,2026-08-10 02:19:00,2026-08-10 02:22:00,29870.5,29860.0,-23.0
Engulfing_Reversal(0.3),SHORT,2026-08-10 02:22:00,2026-08-10 02:44:00,29860.0,29889.5,-61.0
Engulfing_Reversal(0.3),LONG,2026-08-10 02:44:00,2026-08-10 02:50:00,29889.5,29887.0,-7.0
Engulfing_Reversal(0.3),SHORT,2026-08-10 02:50:00,2026-08-10 02:51:00,29887.0,29892.0,-12.0
Engulfing_Reversal(0.3),LONG,2026-08-10 02:51:00,2026-08-10 03:09:00,29892.0,29875.75,-34.5
Engulfing_Reversal(0.3),SHORT,2026-08-10 03:09:00,2026-08-10 03:26:00,29875.75,29882.25,-15.0
Engulfing_Reversal(0.3),LONG,2026-08-10 03:26:00,2026-08-10 03:37:00,29882.25,29888.75,11.0
Engulfing_Reversal(0.3),SHORT,2026-08-10 03:37:00,2026-08-10 04:15:00,29888.75,29895.25,-15.0
Engulfing_Reversal(0.3),LONG,2026-08-10 04:15:00,2026-08-10 04:24:00,29895.25,29896.0,-0.5
Engulfing_Reversal(0.3),SHORT,2026-08-10 04:24:00,2026-08-10 04:33:00,29896.0,29891.0,8.0
Engulfing_Reversal(0.3),LONG,2026-08-10 04:33:00,2026-08-10 04:37:00,29891.0,29883.75,-16.5
Engulfing_Reversal(0.3),SHORT,2026-08-10 04:37:00,2026-08-10 04:38:00,29883.75,29891.0,-16.5
Engulfing_Reversal(0.3),LONG,2026-08-10 04:38:00,2026-08-10 04:49:00,29891.0,29892.0,0.0
Engulfing_Reversal(0.3),SHORT,2026-08-10 04:49:00,2026-08-10 04:51:00,29892.0,29895.25,-8.5
Engulfing_Reversal(0.3),LONG,2026-08-10 04:51:00,2026-08-10 05:10:00,29895.25,29909.25,26.0
Engulfing_Reversal(0.3),SHORT,2026-08-10 05:10:00,2026-08-10 05:23:00,29909.25,29918.0,-19.5
Engulfing_Reversal(0.3),LONG,2026-08-10 05:23:00,2026-08-10 05:40:00,29918.0,29907.25,-23.5
Engulfing_Reversal(0.3),SHORT,2026-08-10 05:40:00,2026-08-10 05:46:00,29907.25,29908.0,-3.5
Engulfing_Reversal(0.3),LONG,2026-08-10 05:46:00,2026-08-10 05:47:00,29908.0,29905.75,-6.5
Engulfing_Reversal(0.3),SHORT,2026-08-10 05:47:00,2026-08-10 05:49:00,29905.75,29904.5,0.5
Engulfing_Reversal(0.3),LONG,2026-08-10 05:49:00,2026-08-10 06:03:00,29904.5,29930.0,49.0
Engulfing_Reversal(0.3),SHORT,2026-08-10 06:03:00,2026-08-10 06:11:00,29930.0,29950.0,-42.0
Engulfing_Reversal(0.3),LONG,2026-08-10 06:11:00,2026-08-10 06:15:00,29950.0,29955.5,9.0
Engulfing_Reversal(0.3),SHORT,2026-08-10 06:15:00,2026-08-10 06:19:00,29955.5,29960.5,-12.0
Engulfing_Reversal(0.3),LONG,2026-08-10 06:19:00,2026-08-10 06:23:00,29960.5,29933.5,-56.0
Engulfing_Reversal(0.3),SHORT,2026-08-10 06:23:00,2026-08-10 06:30:00,29933.5,29916.0,33.0
Engulfing_Reversal(0.3),LONG,2026-08-10 06:30:00,2026-08-10 06:37:00,29916.0,29909.75,-14.5
Engulfing_Reversal(0.3),SHORT,2026-08-10 06:37:00,2026-08-10 06:45:00,29909.75,29917.25,-17.0
Engulfing_Reversal(0.3),LONG,2026-08-10 06:45:00,2026-08-10 06:55:00,29917.25,29913.0,-10.5
Engulfing_Reversal(0.3),SHORT,2026-08-10 06:55:00,2026-08-10 07:20:00,29913.0,29932.0,-40.0
Engulfing_Reversal(0.3),LONG,2026-08-10 07:20:00,2026-08-10 07:32:00,29932.0,29951.0,36.0
Engulfing_Reversal(0.3),SHORT,2026-08-10 07:32:00,2026-08-10 07:58:00,29951.0,29955.25,-10.5
Engulfing_Reversal(0.3),LONG,2026-08-10 07:58:00,2026-08-10 08:00:00,29955.25,29953.0,-6.5
Engulfing_Reversal(0.3),SHORT,2026-08-10 08:00:00,2026-08-10 08:55:00,29953.0,29962.25,-20.5
Engulfing_Reversal(0.3),LONG,2026-08-10 08:55:00,2026-08-10 09:33:00,29962.25,29963.0,-0.5
Engulfing_Reversal(0.3),SHORT,2026-08-10 09:33:00,2026-08-10 09:45:00,29963.0,29943.5,37.0
Engulfing_Reversal(0.3),LONG,2026-08-10 09:45:00,2026-08-10 10:36:00,29943.5,29929.25,-30.5
Engulfing_Reversal(0.3),SHORT,2026-08-10 10:36:00,2026-08-10 11:33:00,29929.25,29911.75,33.0
Engulfing_Reversal(0.3),LONG,2026-08-10 11:33:00,2026-08-10 11:59:00,29911.75,29860.0,-105.5
Engulfing_Reversal(0.3),SHORT,2026-08-10 11:59:00,2026-08-10 12:00:00,29860.0,29870.0,-22.0
Engulfing_Reversal(0.3),LONG,2026-08-10 12:00:00,2026-08-10 12:19:00,29870.0,29835.5,-71.0
Engulfing_Reversal(0.3),SHORT,2026-08-10 12:19:00,2026-08-10 12:37:00,29835.5,29810.5,48.0
Engulfing_Reversal(0.3),LONG,2026-08-10 12:37:00,2026-08-10 12:49:00,29810.5,29796.75,-29.5
Engulfing_Reversal(0.3),SHORT,2026-08-10 12:49:00,2026-08-10 12:59:00,29796.75,29779.25,33.0
Engulfing_Reversal(0.3),LONG,2026-08-10 12:59:00,2026-08-10 13:08:00,29779.25,29799.0,37.5
Engulfing_Reversal(0.3),SHORT,2026-08-10 13:08:00,2026-08-10 13:47:00,29799.0,29790.0,16.0
Engulfing_Reversal(0.3),LONG,2026-08-10 13:47:00,2026-08-10 14:18:00,29790.0,29873.75,165.5
Engulfing_Reversal(0.3),SHORT,2026-08-10 14:18:00,2026-08-10 14:28:00,29873.75,29852.0,41.5
Engulfing_Reversal(0.3),LONG,2026-08-10 14:28:00,2026-08-10 14:34:00,29852.0,29867.0,28.0
Engulfing_Reversal(0.3),SHORT,2026-08-10 14:34:00,2026-08-10 14:36:00,29867.0,29882.0,-32.0
Engulfing_Reversal(0.3),LONG,2026-08-10 14:36:00,2026-08-10 15:09:00,29882.0,29797.25,-171.5
Engulfing_Reversal(0.3),SHORT,2026-08-10 15:09:00,2026-08-10 15:14:00,29797.25,29793.5,5.5
Engulfing_Reversal(0.3),LONG,2026-08-10 15:14:00,2026-08-10 15:19:00,29793.5,29794.5,0.0
Engulfing_Reversal(0.3),SHORT,2026-08-10 15:19:00,2026-08-10 15:44:00,29794.5,29797.0,-7.0
Engulfing_Reversal(0.3),LONG,2026-08-10 15:44:00,2026-08-10 15:47:00,29797.0,29802.0,8.0
Engulfing_Reversal(0.3),SHORT,2026-08-10 15:47:00,2026-08-10 16:14:00,29802.0,29826.25,-50.5
Engulfing_Reversal(0.3),LONG,2026-08-10 16:14:00,2026-08-10 16:22:00,29826.25,29820.5,-13.5
Engulfing_Reversal(0.3),SHORT,2026-08-10 16:22:00,2026-08-10 16:36:00,29820.5,29790.0,59.0
Engulfing_Reversal(0.3),LONG,2026-08-10 16:36:00,2026-08-10 16:51:00,29790.0,29752.5,-77.0
Engulfing_Reversal(0.3),SHORT,2026-08-10 16:51:00,2026-08-10 16:55:00,29752.5,29756.0,-9.0
Engulfing_Reversal(0.3),LONG,2026-08-10 16:55:00,2026-08-10 17:02:00,29756.0,29770.75,27.5
Engulfing_Reversal(0.3),SHORT,2026-08-10 17:02:00,2026-08-10 17:58:00,29770.75,29759.75,20.0
Engulfing_Reversal(0.3),LONG,2026-08-10 17:58:00,2026-08-10 18:02:00,29759.75,29752.5,-16.5
Engulfing_Reversal(0.3),SHORT,2026-08-10 18:02:00,2026-08-10 18:09:00,29752.5,29766.75,-30.5
Engulfing_Reversal(0.3),LONG,2026-08-10 18:09:00,2026-08-10 18:27:00,29766.75,29749.0,-37.5
Engulfing_Reversal(0.3),SHORT,2026-08-10 18:27:00,2026-08-10 18:29:00,29749.0,29750.25,-4.5
Engulfing_Reversal(0.3),LONG,2026-08-10 18:29:00,2026-08-10 18:37:00,29750.25,29755.0,7.5
Engulfing_Reversal(0.3),SHORT,2026-08-10 18:37:00,2026-08-10 18:40:00,29755.0,29755.5,-3.0
Engulfing_Reversal(0.3),LONG,2026-08-10 18:40:00,2026-08-10 18:47:00,29755.5,29767.0,21.0
Engulfing_Reversal(0.3),SHORT,2026-08-10 18:47:00,2026-08-10 18:51:00,29767.0,29773.25,-14.5
Engulfing_Reversal(0.3),LONG,2026-08-10 18:51:00,2026-08-10 19:05:00,29773.25,29783.5,18.5
Engulfing_Reversal(0.3),SHORT,2026-08-10 19:05:00,2026-08-10 19:18:00,29783.5,29789.5,-14.0
Engulfing_Reversal(0.3),LONG,2026-08-10 19:18:00,2026-08-10 19:26:00,29789.5,29786.5,-8.0
Engulfing_Reversal(0.3),SHORT,2026-08-10 19:26:00,2026-08-10 19:37:00,29786.5,29780.25,10.5
Engulfing_Reversal(0.3),LONG,2026-08-10 19:37:00,2026-08-10 19:41:00,29780.25,29775.75,-11.0
Engulfing_Reversal(0.3),SHORT,2026-08-10 19:41:00,2026-08-10 19:50:00,29775.75,29779.25,-9.0
Engulfing_Reversal(0.3),LONG,2026-08-10 19:50:00,2026-08-10 19:55:00,29779.25,29737.5,-85.5
Engulfing_Reversal(0.3),SHORT,2026-08-10 19:55:00,2026-08-10 20:10:00,29737.5,29753.75,-34.5
Engulfing_Reversal(0.3),LONG,2026-08-10 20:10:00,2026-08-10 20:11:00,29753.75,29744.0,-21.5
Engulfing_Reversal(0.3),SHORT,2026-08-10 20:11:00,2026-08-10 20:21:00,29744.0,29747.5,-9.0
Engulfing_Reversal(0.3),LONG,2026-08-10 20:21:00,2026-08-10 20:34:00,29747.5,29744.75,-7.5
Engulfing_Reversal(0.3),SHORT,2026-08-10 20:34:00,2026-08-10 20:38:00,29744.75,29752.25,-17.0
Engulfing_Reversal(0.3),LONG,2026-08-10 20:38:00,2026-08-10 22:22:00,29752.25,29735.75,-35.0
Engulfing_Reversal(0.3),SHORT,2026-08-10 22:22:00,2026-08-10 23:26:00,29735.75,29713.5,42.5
Engulfing_Reversal(0.3),LONG,2026-08-10 23:26:00,2026-08-10 23:40:00,29713.5,29709.5,-10.0
Engulfing_Reversal(0.3),SHORT,2026-08-10 23:40:00,2026-08-10 23:42:00,29709.5,29711.75,-6.5
Engulfing_Reversal(0.3),LONG,2026-08-10 23:42:00,2026-08-11 00:07:00,29711.75,29683.5,-58.5
Engulfing_Reversal(0.3),SHORT,2026-08-11 00:07:00,2026-08-11 00:11:00,29683.5,29719.0,-73.0
Engulfing_Reversal(0.3),LONG,2026-08-11 00:11:00,2026-08-11 00:21:00,29719.0,29728.0,16.0
Engulfing_Reversal(0.3),SHORT,2026-08-11 00:21:00,2026-08-11 00:51:00,29728.0,29787.0,-120.0
Engulfing_Reversal(0.3),LONG,2026-08-11 00:51:00,2026-08-11 01:19:00,29787.0,29814.5,53.0
Engulfing_Reversal(0.3),SHORT,2026-08-11 01:19:00,2026-08-11 01:41:00,29814.5,29819.75,-12.5
Engulfing_Reversal(0.3),LONG,2026-08-11 01:41:00,2026-08-11 02:00:00,29819.75,29819.0,-3.5
Engulfing_Reversal(0.3),SHORT,2026-08-11 02:00:00,2026-08-11 03:09:00,29819.0,29822.25,-8.5
Engulfing_Reversal(0.3),LONG,2026-08-11 03:09:00,2026-08-11 03:12:00,29822.25,29825.75,5.0
Engulfing_Reversal(0.3),SHORT,2026-08-11 03:12:00,2026-08-11 03:22:00,29825.75,29829.0,-8.5
Engulfing_Reversal(0.3),LONG,2026-08-11 03:22:00,2026-08-11 04:58:00,29829.0,29837.5,15.0
Engulfing_Reversal(0.3),SHORT,2026-08-11 04:58:00,2026-08-11 05:12:00,29837.5,29846.75,-20.5
Engulfing_Reversal(0.3),LONG,2026-08-11 05:12:00,2026-08-11 05:19:00,29846.75,29832.0,-31.5
Engulfing_Reversal(0.3),SHORT,2026-08-11 05:19:00,2026-08-11 05:34:00,29832.0,29808.5,45.0
Engulfing_Reversal(0.3),LONG,2026-08-11 05:34:00,2026-08-11 05:47:00,29808.5,29813.25,7.5
Engulfing_Reversal(0.3),SHORT,2026-08-11 05:47:00,2026-08-11 06:02:00,29813.25,29806.75,11.0
Engulfing_Reversal(0.3),LONG,2026-08-11 06:02:00,2026-08-11 06:05:00,29806.75,29812.5,9.5
Engulfing_Reversal(0.3),SHORT,2026-08-11 06:05:00,2026-08-11 06:58:00,29812.5,29744.5,134.0
Engulfing_Reversal(0.3),LONG,2026-08-11 06:58:00,2026-08-11 07:06:00,29744.5,29748.25,5.5
Engulfing_Reversal(0.3),SHORT,2026-08-11 07:06:00,2026-08-11 08:03:00,29748.25,29789.0,-83.5
Engulfing_Reversal(0.3),LONG,2026-08-11 08:03:00,2026-08-11 08:08:00,29789.0,29769.75,-40.5
Engulfing_Reversal(0.3),SHORT,2026-08-11 08:08:00,2026-08-11 08:23:00,29769.75,29728.25,81.0
Engulfing_Reversal(0.3),LONG,2026-08-11 08:23:00,2026-08-11 08:39:00,29728.25,29724.0,-10.5
Engulfing_Reversal(0.3),SHORT,2026-08-11 08:39:00,2026-08-11 08:47:00,29724.0,29755.25,-64.5
Engulfing_Reversal(0.3),LONG,2026-08-11 08:47:00,2026-08-11 09:53:00,29755.25,29766.25,20.0
Engulfing_Reversal(0.3),SHORT,2026-08-11 09:53:00,2026-08-11 09:54:00,29766.25,29769.0,-7.5
Engulfing_Reversal(0.3),LONG,2026-08-11 09:54:00,2026-08-11 09:59:00,29769.0,29766.5,-7.0
Engulfing_Reversal(0.3),SHORT,2026-08-11 09:59:00,2026-08-11 10:17:00,29766.5,29760.25,10.5
Engulfing_Reversal(0.3),LONG,2026-08-11 10:17:00,2026-08-11 10:36:00,29760.25,29810.25,98.0
Engulfing_Reversal(0.3),SHORT,2026-08-11 10:36:00,2026-08-11 11:13:00,29810.25,29879.25,-140.0
Engulfing_Reversal(0.3),LONG,2026-08-11 11:13:00,2026-08-11 11:44:00,29879.25,29824.0,-112.5
Engulfing_Reversal(0.3),SHORT,2026-08-11 11:44:00,2026-08-11 11:50:00,29824.0,29823.5,-1.0
Engulfing_Reversal(0.3),LONG,2026-08-11 11:50:00,2026-08-11 12:01:00,29823.5,29825.5,2.0
Engulfing_Reversal(0.3),SHORT,2026-08-11 12:01:00,2026-08-11 12:03:00,29825.5,29831.0,-13.0
Engulfing_Reversal(0.3),LONG,2026-08-11 12:03:00,2026-08-11 12:08:00,29831.0,29839.5,15.0
Engulfing_Reversal(0.3),SHORT,2026-08-11 12:08:00,2026-08-11 12:17:00,29839.5,29870.25,-63.5
Engulfing_Reversal(0.3),LONG,2026-08-11 12:17:00,2026-08-11 12:20:00,29870.25,29863.5,-15.5
Engulfing_Reversal(0.3),SHORT,2026-08-11 12:20:00,2026-08-11 12:32:00,29863.5,29830.5,64.0
Engulfing_Reversal(0.3),LONG,2026-08-11 12:32:00,2026-08-11 12:43:00,29830.5,29844.75,26.5
Engulfing_Reversal(0.3),SHORT,2026-08-11 12:43:00,2026-08-11 12:54:00,29844.75,29837.5,12.5
Engulfing_Reversal(0.3),LONG,2026-08-11 12:54:00,2026-08-11 13:04:00,29837.5,29846.0,15.0
Engulfing_Reversal(0.3),SHORT,2026-08-11 13:04:00,2026-08-11 13:22:00,29846.0,29833.0,24.0
Engulfing_Reversal(0.3),LONG,2026-08-11 13:22:00,2026-08-11 13:26:00,29833.0,29825.0,-18.0
Engulfing_Reversal(0.3),SHORT,2026-08-11 13:26:00,2026-08-11 13:41:00,29825.0,29733.75,180.5
Engulfing_Reversal(0.3),LONG,2026-08-11 13:41:00,2026-08-11 14:14:00,29733.75,29772.5,75.5
Engulfing_Reversal(0.3),SHORT,2026-08-11 14:14:00,2026-08-11 15:26:00,29772.5,29720.0,103.0
Engulfing_Reversal(0.3),LONG,2026-08-11 15:26:00,2026-08-11 15:34:00,29720.0,29697.5,-47.0
Engulfing_Reversal(0.3),SHORT,2026-08-11 15:34:00,2026-08-11 15:55:00,29697.5,29666.5,60.0
Engulfing_Reversal(0.3),LONG,2026-08-11 15:55:00,2026-08-11 16:02:00,29666.5,29658.0,-19.0
Engulfing_Reversal(0.3),SHORT,2026-08-11 16:02:00,2026-08-11 16:40:00,29658.0,29661.75,-9.5
Engulfing_Reversal(0.3),LONG,2026-08-11 16:40:00,2026-08-11 16:41:00,29661.75,29651.5,-22.5
Engulfing_Reversal(0.3),SHORT,2026-08-11 16:41:00,2026-08-11 16:55:00,29651.5,29642.25,16.5
Engulfing_Reversal(0.3),LONG,2026-08-11 16:55:00,2026-08-11 17:05:00,29642.25,29605.0,-76.5
Engulfing_Reversal(0.3),SHORT,2026-08-11 17:05:00,2026-08-11 17:29:00,29605.0,29608.75,-9.5
Engulfing_Reversal(0.3),LONG,2026-08-11 17:29:00,2026-08-11 17:38:00,29608.75,29618.75,18.0
Engulfing_Reversal(0.3),SHORT,2026-08-11 17:38:00,2026-08-11 17:59:00,29618.75,29630.5,-25.5
Engulfing_Reversal(0.3),LONG,2026-08-11 17:59:00,2026-08-11 18:09:00,29630.5,29604.75,-53.5
Engulfing_Reversal(0.3),SHORT,2026-08-11 18:09:00,2026-08-11 18:52:00,29604.75,29586.0,35.5
Engulfing_Reversal(0.3),LONG,2026-08-11 18:52:00,2026-08-11 18:59:00,29586.0,29586.25,-1.5
Engulfing_Reversal(0.3),SHORT,2026-08-11 18:59:00,2026-08-11 19:27:00,29586.25,29616.5,-62.5
Engulfing_Reversal(0.3),LONG,2026-08-11 19:27:00,2026-08-11 19:33:00,29616.5,29628.0,21.0
Engulfing_Reversal(0.3),SHORT,2026-08-11 19:33:00,2026-08-11 19:37:00,29628.0,29645.0,-36.0
Engulfing_Reversal(0.3),LONG,2026-08-11 19:37:00,2026-08-11 19:51:00,29645.0,29619.5,-53.0
Engulfing_Reversal(0.3),SHORT,2026-08-11 19:51:00,2026-08-11 22:09:00,29619.5,29643.0,-49.0
Engulfing_Reversal(0.3),LONG,2026-08-11 22:09:00,2026-08-11 22:32:00,29643.0,29644.75,1.5
Engulfing_Reversal(0.3),SHORT,2026-08-11 22:32:00,2026-08-12 00:32:00,29644.75,29666.75,-46.0
Engulfing_Reversal(0.3),LONG,2026-08-12 00:32:00,2026-08-12 00:37:00,29666.75,29666.75,-2.0
Engulfing_Reversal(0.3),SHORT,2026-08-12 00:37:00,2026-08-12 00:44:00,29666.75,29661.0,9.5
Engulfing_Reversal(0.3),LONG,2026-08-12 00:44:00,2026-08-12 00:48:00,29661.0,29660.5,-3.0
Engulfing_Reversal(0.3),SHORT,2026-08-12 00:48:00,2026-08-12 00:49:00,29660.5,29669.25,-19.5
Engulfing_Reversal(0.3),LONG,2026-08-12 00:49:00,2026-08-12 00:53:00,29669.25,29657.25,-26.0
Engulfing_Reversal(0.3),SHORT,2026-08-12 00:53:00,2026-08-12 01:04:00,29657.25,29672.75,-33.0
Engulfing_Reversal(0.3),LONG,2026-08-12 01:04:00,2026-08-12 01:16:00,29672.75,29672.75,-2.0
Engulfing_Reversal(0.3),SHORT,2026-08-12 01:16:00,2026-08-12 01:30:00,29672.75,29660.0,23.5
Engulfing_Reversal(0.3),LONG,2026-08-12 01:30:00,2026-08-12 01:34:00,29660.0,29652.5,-17.0
Engulfing_Reversal(0.3),SHORT,2026-08-12 01:34:00,2026-08-12 01:49:00,29652.5,29678.25,-53.5
Engulfing_Reversal(0.3),LONG,2026-08-12 01:49:00,2026-08-12 01:52:00,29678.25,29668.5,-21.5
Engulfing_Reversal(0.3),SHORT,2026-08-12 01:52:00,2026-08-12 01:54:00,29668.5,29668.0,-1.0
Engulfing_Reversal(0.3),LONG,2026-08-12 01:54:00,2026-08-12 01:56:00,29668.0,29662.5,-13.0
Engulfing_Reversal(0.3),SHORT,2026-08-12 01:56:00,2026-08-12 01:59:00,29662.5,29657.25,8.5
Engulfing_Reversal(0.3),LONG,2026-08-12 01:59:00,2026-08-12 02:12:00,29657.25,29652.5,-11.5
Engulfing_Reversal(0.3),SHORT,2026-08-12 02:12:00,2026-08-12 02:17:00,29652.5,29661.5,-20.0
Engulfing_Reversal(0.3),LONG,2026-08-12 02:17:00,2026-08-12 02:44:00,29661.5,29687.5,50.0
Engulfing_Reversal(0.3),SHORT,2026-08-12 02:44:00,2026-08-12 03:56:00,29687.5,29691.0,-9.0
Engulfing_Reversal(0.3),LONG,2026-08-12 03:56:00,2026-08-12 04:27:00,29691.0,29699.25,14.5
Engulfing_Reversal(0.3),SHORT,2026-08-12 04:27:00,2026-08-12 04:56:00,29699.25,29712.0,-27.5
Engulfing_Reversal(0.3),LONG,2026-08-12 04:56:00,2026-08-12 05:05:00,29712.0,29701.5,-23.0
Inside_Bar_Breakout(0.6),LONG,2026-08-04 05:16:00,2026-08-04 07:55:00,28997.0,29077.0,158.0
Inside_Bar_Breakout(0.6),SHORT,2026-08-04 07:55:00,2026-08-04 09:34:00,29077.0,29053.25,45.5
Inside_Bar_Breakout(0.6),LONG,2026-08-04 09:34:00,2026-08-04 12:47:00,29053.25,29206.25,304.0
Inside_Bar_Breakout(0.6),SHORT,2026-08-04 12:47:00,2026-08-04 13:03:00,29206.25,29219.75,-29.0
Inside_Bar_Breakout(0.6),LONG,2026-08-04 13:03:00,2026-08-04 15:06:00,29219.75,29573.5,705.5
Inside_Bar_Breakout(0.6),SHORT,2026-08-04 15:06:00,2026-08-04 23:04:00,29573.5,29826.75,-508.5
Inside_Bar_Breakout(0.6),LONG,2026-08-04 23:04:00,2026-08-05 01:16:00,29826.75,29827.5,-0.5
Inside_Bar_Breakout(0.6),SHORT,2026-08-05 01:16:00,2026-08-05 01:33:00,29827.5,29838.75,-24.5
Inside_Bar_Breakout(0.6),LONG,2026-08-05 01:33:00,2026-08-05 05:31:00,29838.75,29925.5,171.5
Inside_Bar_Breakout(0.6),SHORT,2026-08-05 05:31:00,2026-08-05 06:10:00,29925.5,29979.25,-109.5
Inside_Bar_Breakout(0.6),LONG,2026-08-05 06:10:00,2026-08-05 06:21:00,29979.25,29962.0,-36.5
Inside_Bar_Breakout(0.6),SHORT,2026-08-05 06:21:00,2026-08-05 06:31:00,29962.0,29940.25,41.5
Inside_Bar_Breakout(0.6),LONG,2026-08-05 06:31:00,2026-08-05 08:00:00,29940.25,29905.0,-72.5
Inside_Bar_Breakout(0.6),SHORT,2026-08-05 08:00:00,2026-08-05 09:23:00,29905.0,29849.5,109.0
Inside_Bar_Breakout(0.6),LONG,2026-08-05 09:23:00,2026-08-05 09:48:00,29849.5,29871.0,41.0
Inside_Bar_Breakout(0.6),SHORT,2026-08-05 09:48:00,2026-08-05 10:27:00,29871.0,29862.25,15.5
Inside_Bar_Breakout(0.6),LONG,2026-08-05 10:27:00,2026-08-05 10:41:00,29862.25,29861.0,-4.5
Inside_Bar_Breakout(0.6),SHORT,2026-08-05 10:41:00,2026-08-05 11:25:00,29861.0,29916.0,-112.0
Inside_Bar_Breakout(0.6),LONG,2026-08-05 11:25:00,2026-08-05 12:56:00,29916.0,29911.25,-11.5
Inside_Bar_Breakout(0.6),SHORT,2026-08-05 12:56:00,2026-08-05 17:48:00,29911.25,29761.75,297.0
Inside_Bar_Breakout(0.6),LONG,2026-08-05 17:48:00,2026-08-05 19:36:00,29761.75,29717.25,-91.0
Inside_Bar_Breakout(0.6),SHORT,2026-08-05 19:36:00,2026-08-05 22:21:00,29717.25,29600.75,231.0
Inside_Bar_Breakout(0.6),LONG,2026-08-05 22:21:00,2026-08-06 04:44:00,29600.75,29548.75,-106.0
Inside_Bar_Breakout(0.6),SHORT,2026-08-06 04:44:00,2026-08-06 04:53:00,29548.75,29569.25,-43.0
Inside_Bar_Breakout(0.6),LONG,2026-08-06 04:53:00,2026-08-06 05:19:00,29569.25,29572.75,5.0
Inside_Bar_Breakout(0.6),SHORT,2026-08-06 05:19:00,2026-08-06 05:41:00,29572.75,29572.25,-1.0
Inside_Bar_Breakout(0.6),LONG,2026-08-06 05:41:00,2026-08-06 05:57:00,29572.25,29559.5,-27.5
Inside_Bar_Breakout(0.6),SHORT,2026-08-06 05:57:00,2026-08-06 06:25:00,29559.5,29527.0,63.0
Inside_Bar_Breakout(0.6),LONG,2026-08-06 06:25:00,2026-08-06 09:51:00,29527.0,29498.5,-59.0
Inside_Bar_Breakout(0.6),SHORT,2026-08-06 09:51:00,2026-08-06 10:26:00,29498.5,29517.75,-40.5
Inside_Bar_Breakout(0.6),LONG,2026-08-06 10:26:00,2026-08-06 16:14:00,29517.75,29486.75,-64.0
Inside_Bar_Breakout(0.6),SHORT,2026-08-06 16:14:00,2026-08-06 19:05:00,29486.75,29562.25,-153.0
Inside_Bar_Breakout(0.6),LONG,2026-08-06 19:05:00,2026-08-06 19:59:00,29562.25,29513.75,-99.0
Inside_Bar_Breakout(0.6),SHORT,2026-08-06 19:59:00,2026-08-06 22:06:00,29513.75,29532.75,-40.0
Inside_Bar_Breakout(0.6),LONG,2026-08-06 22:06:00,2026-08-06 23:04:00,29532.75,29564.25,61.0
Inside_Bar_Breakout(0.6),SHORT,2026-08-06 23:04:00,2026-08-06 23:50:00,29564.25,29595.25,-64.0
Inside_Bar_Breakout(0.6),LONG,2026-08-06 23:50:00,2026-08-07 00:48:00,29595.25,29508.25,-176.0
Inside_Bar_Breakout(0.6),SHORT,2026-08-07 00:48:00,2026-08-07 01:50:00,29508.25,29532.5,-50.5
Inside_Bar_Breakout(0.6),LONG,2026-08-07 01:50:00,2026-08-07 02:40:00,29532.5,29484.75,-97.5
Inside_Bar_Breakout(0.6),SHORT,2026-08-07 02:40:00,2026-08-07 03:33:00,29484.75,29520.25,-73.0
Inside_Bar_Breakout(0.6),LONG,2026-08-07 03:33:00,2026-08-07 03:35:00,29520.25,29500.5,-41.5
Inside_Bar_Breakout(0.6),SHORT,2026-08-07 03:35:00,2026-08-07 04:29:00,29500.5,29507.5,-16.0
Inside_Bar_Breakout(0.6),LONG,2026-08-07 04:29:00,2026-08-07 05:41:00,29507.5,29524.75,32.5
Inside_Bar_Breakout(0.6),SHORT,2026-08-07 05:41:00,2026-08-07 06:30:00,29524.75,29581.0,-114.5
Inside_Bar_Breakout(0.6),LONG,2026-08-07 06:30:00,2026-08-07 06:44:00,29581.0,29540.0,-84.0
Inside_Bar_Breakout(0.6),SHORT,2026-08-07 06:44:00,2026-08-07 07:15:00,29540.0,29591.5,-105.0
Inside_Bar_Breakout(0.6),LONG,2026-08-07 07:15:00,2026-08-07 08:37:00,29591.5,29611.75,38.5
Inside_Bar_Breakout(0.6),SHORT,2026-08-07 08:37:00,2026-08-07 09:46:00,29611.75,29633.5,-45.5
Inside_Bar_Breakout(0.6),LONG,2026-08-07 09:46:00,2026-08-07 12:23:00,29633.5,29643.75,18.5
Inside_Bar_Breakout(0.6),SHORT,2026-08-07 12:23:00,2026-08-07 12:27:00,29643.75,29661.5,-37.5
Inside_Bar_Breakout(0.6),LONG,2026-08-07 12:27:00,2026-08-07 13:04:00,29661.5,29796.25,267.5
Inside_Bar_Breakout(0.6),SHORT,2026-08-07 13:04:00,2026-08-07 15:21:00,29796.25,29768.75,53.0
Inside_Bar_Breakout(0.6),LONG,2026-08-07 15:21:00,2026-08-07 15:36:00,29768.75,29827.75,116.0
Inside_Bar_Breakout(0.6),SHORT,2026-08-07 15:36:00,2026-08-07 16:08:00,29827.75,29827.0,-0.5
Inside_Bar_Breakout(0.6),LONG,2026-08-07 16:08:00,2026-08-07 19:41:00,29827.0,29780.75,-94.5
Inside_Bar_Breakout(0.6),SHORT,2026-08-07 19:41:00,2026-08-09 22:41:00,29780.75,29841.0,-122.5
Inside_Bar_Breakout(0.6),LONG,2026-08-09 22:41:00,2026-08-10 00:16:00,29841.0,29887.5,91.0
Inside_Bar_Breakout(0.6),SHORT,2026-08-10 00:16:00,2026-08-10 01:25:00,29887.5,29879.75,13.5
Inside_Bar_Breakout(0.6),LONG,2026-08-10 01:25:00,2026-08-10 02:34:00,29879.75,29856.25,-49.0
Inside_Bar_Breakout(0.6),SHORT,2026-08-10 02:34:00,2026-08-10 03:38:00,29856.25,29896.75,-83.0
Inside_Bar_Breakout(0.6),LONG,2026-08-10 03:38:00,2026-08-10 06:21:00,29896.75,29937.0,78.5
Inside_Bar_Breakout(0.6),SHORT,2026-08-10 06:21:00,2026-08-10 07:36:00,29937.0,29957.25,-42.5
Inside_Bar_Breakout(0.6),LONG,2026-08-10 07:36:00,2026-08-10 07:49:00,29957.25,29950.0,-16.5
Inside_Bar_Breakout(0.6),SHORT,2026-08-10 07:49:00,2026-08-10 08:19:00,29950.0,29972.0,-46.0
Inside_Bar_Breakout(0.6),LONG,2026-08-10 08:19:00,2026-08-10 09:39:00,29972.0,29945.75,-54.5
Inside_Bar_Breakout(0.6),SHORT,2026-08-10 09:39:00,2026-08-10 11:15:00,29945.75,29875.75,138.0
Inside_Bar_Breakout(0.6),LONG,2026-08-10 11:15:00,2026-08-10 12:33:00,29875.75,29802.25,-149.0
Inside_Bar_Breakout(0.6),SHORT,2026-08-10 12:33:00,2026-08-10 12:42:00,29802.25,29802.75,-3.0
Inside_Bar_Breakout(0.6),LONG,2026-08-10 12:42:00,2026-08-10 12:51:00,29802.75,29788.75,-30.0
Inside_Bar_Breakout(0.6),SHORT,2026-08-10 12:51:00,2026-08-10 13:01:00,29788.75,29785.5,4.5
Inside_Bar_Breakout(0.6),LONG,2026-08-10 13:01:00,2026-08-10 13:28:00,29785.5,29793.75,14.5
Inside_Bar_Breakout(0.6),SHORT,2026-08-10 13:28:00,2026-08-10 19:09:00,29793.75,29787.0,11.5
Inside_Bar_Breakout(0.6),LONG,2026-08-10 19:09:00,2026-08-10 19:58:00,29787.0,29733.0,-110.0
Inside_Bar_Breakout(0.6),SHORT,2026-08-10 19:58:00,2026-08-10 20:38:00,29733.0,29752.25,-40.5
Inside_Bar_Breakout(0.6),LONG,2026-08-10 20:38:00,2026-08-10 22:20:00,29752.25,29746.0,-14.5
Inside_Bar_Breakout(0.6),SHORT,2026-08-10 22:20:00,2026-08-10 22:42:00,29746.0,29730.75,28.5
Inside_Bar_Breakout(0.6),LONG,2026-08-10 22:42:00,2026-08-10 23:18:00,29730.75,29726.5,-10.5
Inside_Bar_Breakout(0.6),SHORT,2026-08-10 23:18:00,2026-08-11 00:05:00,29726.5,29686.75,77.5
Inside_Bar_Breakout(0.6),LONG,2026-08-11 00:05:00,2026-08-11 00:16:00,29686.75,29738.25,101.0
Inside_Bar_Breakout(0.6),SHORT,2026-08-11 00:16:00,2026-08-11 00:42:00,29738.25,29769.75,-65.0
Inside_Bar_Breakout(0.6),LONG,2026-08-11 00:42:00,2026-08-11 00:49:00,29769.75,29779.0,16.5
Inside_Bar_Breakout(0.6),SHORT,2026-08-11 00:49:00,2026-08-11 00:54:00,29779.0,29792.75,-29.5
Inside_Bar_Breakout(0.6),LONG,2026-08-11 00:54:00,2026-08-11 03:17:00,29792.75,29819.25,51.0
Inside_Bar_Breakout(0.6),SHORT,2026-08-11 03:17:00,2026-08-11 03:24:00,29819.25,29837.75,-39.0
Inside_Bar_Breakout(0.6),LONG,2026-08-11 03:24:00,2026-08-11 04:43:00,29837.75,29843.25,9.0
Inside_Bar_Breakout(0.6),SHORT,2026-08-11 04:43:00,2026-08-11 05:15:00,29843.25,29852.25,-20.0
Inside_Bar_Breakout(0.6),LONG,2026-08-11 05:15:00,2026-08-11 05:17:00,29852.25,29846.5,-13.5
Inside_Bar_Breakout(0.6),SHORT,2026-08-11 05:17:00,2026-08-11 08:49:00,29846.5,29761.75,167.5
Inside_Bar_Breakout(0.6),LONG,2026-08-11 08:49:00,2026-08-11 08:59:00,29761.75,29743.25,-39.0
Inside_Bar_Breakout(0.6),SHORT,2026-08-11 08:59:00,2026-08-11 09:28:00,29743.25,29755.75,-27.0
Inside_Bar_Breakout(0.6),LONG,2026-08-11 09:28:00,2026-08-11 10:11:00,29755.75,29758.5,3.5
Inside_Bar_Breakout(0.6),SHORT,2026-08-11 10:11:00,2026-08-11 10:49:00,29758.5,29820.25,-125.5
Inside_Bar_Breakout(0.6),LONG,2026-08-11 10:49:00,2026-08-11 13:31:00,29820.25,29777.0,-88.5
Inside_Bar_Breakout(0.6),SHORT,2026-08-11 13:31:00,2026-08-11 13:41:00,29777.0,29733.75,84.5
Inside_Bar_Breakout(0.6),LONG,2026-08-11 13:41:00,2026-08-11 16:15:00,29733.75,29652.5,-164.5
Inside_Bar_Breakout(0.6),SHORT,2026-08-11 16:15:00,2026-08-11 16:17:00,29652.5,29666.0,-29.0
Inside_Bar_Breakout(0.6),LONG,2026-08-11 16:17:00,2026-08-11 23:14:00,29666.0,29641.5,-51.0
Inside_Bar_Breakout(0.6),SHORT,2026-08-11 23:14:00,2026-08-11 23:23:00,29641.5,29644.75,-8.5
Inside_Bar_Breakout(0.6),LONG,2026-08-11 23:23:00,2026-08-12 05:07:00,29644.75,29693.75,96.0
Opening_Range_Breakout(6),LONG,2026-08-04 04:18:00,2026-08-04 13:31:00,28999.5,29303.75,606.5
Opening_Range_Breakout(6),LONG,2026-08-04 13:42:00,2026-08-05 13:31:00,29427.25,29963.5,1070.5
Opening_Range_Breakout(6),SHORT,2026-08-05 13:37:00,2026-08-05 13:43:00,29930.0,30033.75,-209.5
Opening_Range_Breakout(6),LONG,2026-08-05 13:43:00,2026-08-05 14:23:00,30033.75,29934.0,-201.5
Opening_Range_Breakout(6),SHORT,2026-08-05 14:23:00,2026-08-06 13:31:00,29934.0,29328.25,1209.5
Opening_Range_Breakout(6),LONG,2026-08-06 13:37:00,2026-08-07 13:31:00,29416.5,29728.5,622.0
Opening_Range_Breakout(6),SHORT,2026-08-07 13:58:00,2026-08-07 15:27:00,29666.25,29819.0,-307.5
Opening_Range_Breakout(6),LONG,2026-08-07 15:27:00,2026-08-07 16:31:00,29819.0,29676.75,-286.5
Opening_Range_Breakout(6),SHORT,2026-08-07 16:31:00,2026-08-07 19:16:00,29676.75,29820.0,-288.5
Opening_Range_Breakout(6),LONG,2026-08-07 19:16:00,2026-08-09 22:11:00,29820.0,29858.0,74.0
Opening_Range_Breakout(6),SHORT,2026-08-09 22:17:00,2026-08-09 23:08:00,29816.75,29868.75,-106.0
Opening_Range_Breakout(6),LONG,2026-08-09 23:08:00,2026-08-10 00:02:00,29868.75,29808.5,-122.5
Opening_Range_Breakout(6),SHORT,2026-08-10 00:02:00,2026-08-10 00:08:00,29808.5,29869.0,-123.0
Opening_Range_Breakout(6),LONG,2026-08-10 00:08:00,2026-08-10 00:39:00,29869.0,29817.5,-105.0
Opening_Range_Breakout(6),SHORT,2026-08-10 00:39:00,2026-08-10 01:17:00,29817.5,29862.0,-91.0
Opening_Range_Breakout(6),LONG,2026-08-10 01:17:00,2026-08-10 12:28:00,29862.0,29818.5,-89.0
Opening_Range_Breakout(6),SHORT,2026-08-10 12:28:00,2026-08-10 13:31:00,29818.5,29824.25,-13.5
Opening_Range_Breakout(6),LONG,2026-08-10 14:07:00,2026-08-10 22:34:00,29858.75,29728.0,-263.5
Opening_Range_Breakout(6),SHORT,2026-08-10 22:34:00,2026-08-11 01:50:00,29728.0,29840.75,-227.5
Opening_Range_Breakout(6),LONG,2026-08-11 01:50:00,2026-08-11 08:18:00,29840.75,29727.75,-228.0
Opening_Range_Breakout(6),SHORT,2026-08-11 08:18:00,2026-08-11 11:02:00,29727.75,29869.25,-285.0
Opening_Range_Breakout(6),LONG,2026-08-11 11:02:00,2026-08-11 13:31:00,29869.25,29777.0,-186.5
