strategy,direction,entry_time,exit_time,entry_price,exit_price,net_pnl
MA_Crossover(10/50),SHORT,2024-03-19 05:00:00,2024-03-19 06:00:00,18189.5,18200.5,-24.0
MA_Crossover(10/50),LONG,2024-03-19 06:00:00,2024-03-19 08:00:00,18200.5,18178.75,-45.5
MA_Crossover(10/50),SHORT,2024-03-19 08:00:00,2024-03-19 09:00:00,18178.75,18223.25,-91.0
MA_Crossover(10/50),LONG,2024-03-19 09:00:00,2024-03-19 11:00:00,18223.25,18181.0,-86.5
MA_Crossover(10/50),SHORT,2024-03-19 11:00:00,2024-03-19 18:00:00,18181.0,18264.5,-169.0
MA_Crossover(10/50),LONG,2024-03-19 18:00:00,2024-03-25 12:00:00,18264.5,18470.25,409.5
MA_Crossover(10/50),SHORT,2024-03-25 12:00:00,2024-03-26 01:00:00,18470.25,18547.25,-156.0
MA_Crossover(10/50),LONG,2024-03-26 01:00:00,2024-03-26 04:00:00,18547.25,18523.25,-50.0
MA_Crossover(10/50),SHORT,2024-03-26 04:00:00,2024-03-26 06:00:00,18523.25,18547.5,-50.5
MA_Crossover(10/50),LONG,2024-03-26 06:00:00,2024-03-26 20:00:00,18547.5,18450.25,-196.5
MA_Crossover(10/50),SHORT,2024-03-26 20:00:00,2024-03-31 23:00:00,18450.25,18571.75,-245.0
MA_Crossover(10/50),LONG,2024-03-31 23:00:00,2024-04-01 16:00:00,18571.75,18425.5,-294.5
MA_Crossover(10/50),SHORT,2024-04-01 16:00:00,2024-04-04 00:00:00,18425.5,18445.5,-42.0
MA_Crossover(10/50),LONG,2024-04-04 00:00:00,2024-04-04 20:00:00,18445.5,18075.25,-742.5
MA_Crossover(10/50),SHORT,2024-04-04 20:00:00,2024-04-08 00:00:00,18075.25,18319.5,-490.5
MA_Crossover(10/50),LONG,2024-04-08 00:00:00,2024-04-09 16:00:00,18319.5,18261.25,-118.5
MA_Crossover(10/50),SHORT,2024-04-09 16:00:00,2024-04-09 22:00:00,18261.25,18381.0,-241.5
MA_Crossover(10/50),LONG,2024-04-09 22:00:00,2024-04-10 13:00:00,18381.0,18107.75,-548.5
MA_Crossover(10/50),SHORT,2024-04-10 13:00:00,2024-04-11 18:00:00,18107.75,18437.0,-660.5
MA_Crossover(10/50),LONG,2024-04-11 18:00:00,2024-04-12 17:00:00,18437.0,18158.75,-558.5
MA_Crossover(10/50),SHORT,2024-04-12 17:00:00,2024-04-15 05:00:00,18158.75,18257.5,-199.5
Donchian_Breakout(20),LONG,2024-03-20 12:00:00,2024-03-22 03:00:00,18323.25,18536.5,424.5
Donchian_Breakout(20),SHORT,2024-03-22 03:00:00,2024-03-22 18:00:00,18536.5,18622.5,-174.0
Donchian_Breakout(20),LONG,2024-03-22 18:00:00,2024-03-25 12:00:00,18622.5,18470.25,-306.5
Donchian_Breakout(20),SHORT,2024-03-25 12:00:00,2024-03-26 07:00:00,18470.25,18575.5,-212.5
Donchian_Breakout(20),LONG,2024-03-26 07:00:00,2024-03-26 20:00:00,18575.5,18450.25,-252.5
Donchian_Breakout(20),SHORT,2024-03-26 20:00:00,2024-03-31 23:00:00,18450.25,18571.75,-245.0
Donchian_Breakout(20),LONG,2024-03-31 23:00:00,2024-04-01 16:00:00,18571.75,18425.5,-294.5
Donchian_Breakout(20),SHORT,2024-04-01 16:00:00,2024-04-03 15:00:00,18425.5,18429.25,-9.5
Donchian_Breakout(20),LONG,2024-04-03 15:00:00,2024-04-04 19:00:00,18429.25,18226.0,-408.5
Donchian_Breakout(20),SHORT,2024-04-04 19:00:00,2024-04-05 17:00:00,18226.0,18400.5,-351.0
Donchian_Breakout(20),LONG,2024-04-05 17:00:00,2024-04-09 15:00:00,18400.5,18216.75,-369.5
Donchian_Breakout(20),SHORT,2024-04-09 15:00:00,2024-04-11 13:00:00,18216.75,18246.5,-61.5
Donchian_Breakout(20),LONG,2024-04-11 13:00:00,2024-04-12 15:00:00,18246.5,18198.0,-99.0
Donchian_Breakout(20),SHORT,2024-04-12 15:00:00,2024-04-15 13:00:00,18198.0,18331.25,-268.5
Donchian_Breakout(20),LONG,2024-04-15 13:00:00,2024-04-15 17:00:00,18331.25,18109.5,-445.5
Donchian_Breakout(20),SHORT,2024-04-15 17:00:00,2024-04-16 19:00:00,18109.5,17950.25,316.5
Donchian_Breakout(20),LONG,2024-04-16 19:00:00,2024-04-17 16:00:00,17950.25,17747.25,-408.0
Donchian_Breakout(20),SHORT,2024-04-17 16:00:00,2024-04-22 18:00:00,17747.25,17397.25,698.0
Donchian_Breakout(20),LONG,2024-04-22 18:00:00,2024-04-24 22:00:00,17397.25,17450.0,103.5
Donchian_Breakout(20),SHORT,2024-04-24 22:00:00,2024-04-25 22:00:00,17450.0,17808.25,-718.5
Donchian_Breakout(20),LONG,2024-04-25 22:00:00,2024-04-30 16:00:00,17808.25,17764.25,-90.0
Donchian_Breakout(20),SHORT,2024-04-30 16:00:00,2024-05-01 19:00:00,17764.25,17750.75,25.0
Donchian_Breakout(20),LONG,2024-05-01 19:00:00,2024-05-08 12:00:00,17750.75,18152.5,801.5
Donchian_Breakout(20),SHORT,2024-05-08 12:00:00,2024-05-09 15:00:00,18152.5,18210.75,-118.5
Donchian_Breakout(20),LONG,2024-05-09 15:00:00,2024-05-16 20:00:00,18210.75,18650.75,878.0
Donchian_Breakout(20),SHORT,2024-05-16 20:00:00,2024-05-20 12:00:00,18650.75,18682.25,-65.0
Donchian_Breakout(20),LONG,2024-05-20 12:00:00,2024-05-22 19:00:00,18682.25,18730.25,94.0
Donchian_Breakout(20),SHORT,2024-05-22 19:00:00,2024-05-23 02:00:00,18730.25,18901.0,-343.5
Donchian_Breakout(20),LONG,2024-05-23 02:00:00,2024-05-23 19:00:00,18901.0,18633.5,-537.0
Donchian_Breakout(20),SHORT,2024-05-23 19:00:00,2024-05-24 15:00:00,18633.5,18862.25,-459.5
Donchian_Breakout(20),LONG,2024-05-24 15:00:00,2024-05-29 13:00:00,18862.25,18780.5,-165.5
Donchian_Breakout(20),SHORT,2024-05-29 13:00:00,2024-06-03 12:00:00,18780.5,18688.25,182.5
Donchian_Breakout(20),LONG,2024-06-03 12:00:00,2024-06-07 13:00:00,18688.25,18982.5,586.5
Donchian_Breakout(20),SHORT,2024-06-07 13:00:00,2024-06-11 15:00:00,18982.5,19134.25,-305.5
Donchian_Breakout(20),LONG,2024-06-11 15:00:00,2024-06-20 17:00:00,19134.25,19812.0,1353.5
Donchian_Breakout(20),SHORT,2024-06-20 17:00:00,2024-06-23 23:00:00,19812.0,20015.75,-409.5
Donchian_Breakout(20),LONG,2024-06-23 23:00:00,2024-06-24 20:00:00,20015.75,19744.75,-544.0
Donchian_Breakout(20),SHORT,2024-06-24 20:00:00,2024-06-25 15:00:00,19744.75,19866.5,-245.5
Donchian_Breakout(20),LONG,2024-06-25 15:00:00,2024-06-27 01:00:00,19866.5,19893.75,52.5
Donchian_Breakout(20),SHORT,2024-06-27 01:00:00,2024-06-27 14:00:00,19893.75,20059.5,-333.5
Donchian_Breakout(20),LONG,2024-06-27 14:00:00,2024-06-28 20:00:00,20059.5,19932.5,-256.0
Donchian_Breakout(20),SHORT,2024-06-28 20:00:00,2024-07-02 15:00:00,19932.5,20111.25,-359.5
Donchian_Breakout(20),LONG,2024-07-02 15:00:00,2024-07-11 15:00:00,20111.25,20604.0,983.5
Donchian_Breakout(20),SHORT,2024-07-11 15:00:00,2024-07-12 14:00:00,20604.0,20543.5,119.0
Donchian_Breakout(20),LONG,2024-07-12 14:00:00,2024-07-17 07:00:00,20543.5,20455.25,-178.5
Donchian_Breakout(20),SHORT,2024-07-17 07:00:00,2024-07-22 13:00:00,20455.25,19912.25,1084.0
Donchian_Breakout(20),LONG,2024-07-22 13:00:00,2024-07-23 23:00:00,19912.25,19817.0,-192.5
Donchian_Breakout(20),SHORT,2024-07-23 23:00:00,2024-07-25 17:00:00,19817.0,19334.5,963.0
Donchian_Breakout(20),LONG,2024-07-25 17:00:00,2024-07-30 02:00:00,19334.5,19108.0,-455.0
Donchian_Breakout(20),SHORT,2024-07-30 02:00:00,2024-07-31 12:00:00,19108.0,19251.5,-289.0
Donchian_Breakout(20),LONG,2024-07-31 12:00:00,2024-08-01 15:00:00,19251.5,19342.25,179.5
Donchian_Breakout(20),SHORT,2024-08-01 15:00:00,2024-08-06 01:00:00,19342.25,18334.25,2014.0
Donchian_Breakout(20),LONG,2024-08-06 01:00:00,2024-08-07 19:00:00,18334.25,18030.25,-610.0
Donchian_Breakout(20),SHORT,2024-08-07 19:00:00,2024-08-08 15:00:00,18030.25,18412.0,-765.5
Donchian_Breakout(20),LONG,2024-08-08 15:00:00,2024-08-22 16:00:00,18412.0,19711.25,2596.5
Donchian_Breakout(20),SHORT,2024-08-22 16:00:00,2024-08-27 15:00:00,19711.25,19669.5,81.5
Donchian_Breakout(20),LONG,2024-08-27 15:00:00,2024-08-28 14:00:00,19669.5,19558.0,-225.0
Donchian_Breakout(20),SHORT,2024-08-28 14:00:00,2024-08-29 14:00:00,19558.0,19643.75,-173.5
Donchian_Breakout(20),LONG,2024-08-29 14:00:00,2024-09-03 14:00:00,19643.75,19366.5,-556.5
Donchian_Breakout(20),SHORT,2024-09-03 14:00:00,2024-09-09 14:00:00,19366.5,18687.0,1357.0
Donchian_Breakout(20),LONG,2024-09-09 14:00:00,2024-09-11 15:00:00,18687.0,18604.25,-167.5
Donchian_Breakout(20),SHORT,2024-09-11 15:00:00,2024-09-11 18:00:00,18604.25,19040.0,-873.5
Donchian_Breakout(20),LONG,2024-09-11 18:00:00,2024-09-16 13:00:00,19040.0,19442.25,802.5
Donchian_Breakout(20),SHORT,2024-09-16 13:00:00,2024-09-17 10:00:00,19442.25,19541.25,-200.0
Donchian_Breakout(20),LONG,2024-09-17 10:00:00,2024-09-17 17:00:00,19541.25,19401.5,-281.5
Donchian_Breakout(20),SHORT,2024-09-17 17:00:00,2024-09-19 07:00:00,19401.5,19677.0,-553.0
Donchian_Breakout(20),LONG,2024-09-19 07:00:00,2024-09-30 12:00:00,19677.0,20129.75,903.5
Donchian_Breakout(20),SHORT,2024-09-30 12:00:00,2024-10-01 02:00:00,20129.75,20327.25,-397.0
Donchian_Breakout(20),LONG,2024-10-01 02:00:00,2024-10-01 14:00:00,20327.25,20044.5,-567.5
Donchian_Breakout(20),SHORT,2024-10-01 14:00:00,2024-10-04 13:00:00,20044.5,20245.0,-403.0
Donchian_Breakout(20),LONG,2024-10-04 13:00:00,2024-10-07 19:00:00,20245.0,19969.5,-553.0
Donchian_Breakout(20),SHORT,2024-10-07 19:00:00,2024-10-08 15:00:00,19969.5,20240.25,-543.5
Donchian_Breakout(20),LONG,2024-10-08 15:00:00,2024-10-15 15:00:00,20240.25,20400.0,317.5
Donchian_Breakout(20),SHORT,2024-10-15 15:00:00,2024-10-17 07:00:00,20400.0,20431.25,-64.5
Donchian_Breakout(20),LONG,2024-10-17 07:00:00,2024-10-21 10:00:00,20431.25,20425.25,-14.0
Donchian_Breakout(20),SHORT,2024-10-21 10:00:00,2024-10-22 18:00:00,20425.25,20574.75,-301.0
Donchian_Breakout(20),LONG,2024-10-22 18:00:00,2024-10-23 15:00:00,20574.75,20393.0,-365.5
Donchian_Breakout(20),SHORT,2024-10-23 15:00:00,2024-10-25 08:00:00,20393.0,20437.75,-91.5
Donchian_Breakout(20),LONG,2024-10-25 08:00:00,2024-10-28 20:00:00,20437.75,20500.5,123.5
Donchian_Breakout(20),SHORT,2024-10-28 20:00:00,2024-10-29 15:00:00,20500.5,20599.5,-200.0
Donchian_Breakout(20),LONG,2024-10-29 15:00:00,2024-10-30 20:00:00,20599.5,20534.5,-132.0
Donchian_Breakout(20),SHORT,2024-10-30 20:00:00,2024-11-01 14:00:00,20534.5,20171.75,723.5
Donchian_Breakout(20),LONG,2024-11-01 14:00:00,2024-11-11 15:00:00,20171.75,21172.0,1998.5
Donchian_Breakout(20),SHORT,2024-11-11 15:00:00,2024-11-13 19:00:00,21172.0,21257.75,-173.5
Donchian_Breakout(20),LONG,2024-11-13 19:00:00,2024-11-14 21:00:00,21257.75,21008.5,-500.5
Donchian_Breakout(20),SHORT,2024-11-14 21:00:00,2024-11-18 16:00:00,21008.5,20680.75,653.5
Donchian_Breakout(20),LONG,2024-11-18 16:00:00,2024-11-19 14:00:00,20680.75,20421.75,-520.0
Donchian_Breakout(20),SHORT,2024-11-19 14:00:00,2024-11-19 19:00:00,20421.75,20784.75,-728.0
Donchian_Breakout(20),LONG,2024-11-19 19:00:00,2024-11-20 15:00:00,20784.75,20614.0,-343.5
Donchian_Breakout(20),SHORT,2024-11-20 15:00:00,2024-11-21 14:00:00,20614.0,20844.75,-463.5
Donchian_Breakout(20),LONG,2024-11-21 14:00:00,2024-11-27 15:00:00,20844.75,20860.5,29.5
Donchian_Breakout(20),SHORT,2024-11-27 15:00:00,2024-11-29 17:30:00,20860.5,20996.5,-274.0
Donchian_Breakout(20),LONG,2024-11-29 17:30:00,2024-12-05 23:00:00,20996.5,21450.0,905.0
Donchian_Breakout(20),SHORT,2024-12-05 23:00:00,2024-12-06 15:00:00,21450.0,21607.5,-317.0
Donchian_Breakout(20),LONG,2024-12-06 15:00:00,2024-12-09 16:00:00,21607.5,21508.0,-201.0
Donchian_Breakout(20),SHORT,2024-12-09 16:00:00,2024-12-11 14:00:00,21508.0,21528.5,-43.0
Donchian_Breakout(20),LONG,2024-12-11 14:00:00,2024-12-12 14:00:00,21528.5,21683.75,308.5
Donchian_Breakout(20),SHORT,2024-12-12 14:00:00,2024-12-13 10:00:00,21683.75,21786.25,-207.0
Donchian_Breakout(20),LONG,2024-12-13 10:00:00,2024-12-17 15:00:00,21786.25,22004.0,433.5
Donchian_Breakout(20),SHORT,2024-12-17 15:00:00,2024-12-22 23:00:00,22004.0,21566.0,874.0
Donchian_Breakout(20),LONG,2024-12-22 23:00:00,2024-12-27 14:00:00,21566.0,21894.25,654.5
Donchian_Breakout(20),SHORT,2024-12-27 14:00:00,2025-01-03 15:00:00,21894.25,21382.75,1021.0
Donchian_Breakout(20),LONG,2025-01-03 15:00:00,2025-01-07 16:00:00,21382.75,21548.5,329.5
Donchian_Breakout(20),SHORT,2025-01-07 16:00:00,2025-01-14 00:00:00,21548.5,21046.25,1002.5
Donchian_Breakout(20),LONG,2025-01-14 00:00:00,2025-01-14 17:00:00,21046.25,20822.75,-449.0
Donchian_Breakout(20),SHORT,2025-01-14 17:00:00,2025-01-15 14:00:00,20822.75,21281.5,-919.5
Donchian_Breakout(20),LONG,2025-01-15 14:00:00,2025-01-16 19:00:00,21281.5,21289.75,14.5
Donchian_Breakout(20),SHORT,2025-01-16 19:00:00,2025-01-17 14:00:00,21289.75,21541.75,-506.0
Donchian_Breakout(20),LONG,2025-01-17 14:00:00,2025-01-24 18:00:00,21541.75,21941.75,798.0
Donchian_Breakout(20),SHORT,2025-01-24 18:00:00,2025-01-28 16:00:00,21941.75,21456.0,969.5
Donchian_Breakout(20),LONG,2025-01-28 16:00:00,2025-01-31 21:00:00,21456.0,21580.5,247.0
Donchian_Breakout(20),SHORT,2025-01-31 21:00:00,2025-02-03 20:00:00,21580.5,21486.25,186.5
Donchian_Breakout(20),LONG,2025-02-03 20:00:00,2025-02-11 14:00:00,21486.25,21675.5,376.5
Donchian_Breakout(20),SHORT,2025-02-11 14:00:00,2025-02-12 23:00:00,21675.5,21861.25,-373.5
Donchian_Breakout(20),LONG,2025-02-12 23:00:00,2025-02-20 15:00:00,21861.25,22011.0,297.5
Donchian_Breakout(20),SHORT,2025-02-20 15:00:00,2025-02-21 13:00:00,22011.0,22217.0,-414.0
Donchian_Breakout(20),LONG,2025-02-21 13:00:00,2025-02-21 16:00:00,22217.0,22006.25,-423.5
Donchian_Breakout(20),SHORT,2025-02-21 16:00:00,2025-02-26 16:00:00,22006.25,21351.75,1307.0
Donchian_Breakout(20),LONG,2025-02-26 16:00:00,2025-02-26 19:00:00,21351.75,21100.75,-504.0
Donchian_Breakout(20),SHORT,2025-02-26 19:00:00,2025-02-28 21:00:00,21100.75,20920.5,358.5
Donchian_Breakout(20),LONG,2025-02-28 21:00:00,2025-03-03 19:00:00,20920.5,20747.25,-348.5
Donchian_Breakout(20),SHORT,2025-03-03 19:00:00,2025-03-04 20:00:00,20747.25,20619.25,254.0
Donchian_Breakout(20),LONG,2025-03-04 20:00:00,2025-03-06 15:00:00,20619.25,20282.75,-675.0
Donchian_Breakout(20),SHORT,2025-03-06 15:00:00,2025-03-11 19:00:00,20282.75,19640.0,1283.5
Donchian_Breakout(20),LONG,2025-03-11 19:00:00,2025-03-13 14:00:00,19640.0,19367.5,-547.0
Donchian_Breakout(20),SHORT,2025-03-13 14:00:00,2025-03-14 13:00:00,19367.5,19495.75,-258.5
Donchian_Breakout(20),LONG,2025-03-14 13:00:00,2025-03-18 14:00:00,19495.75,19469.25,-55.0
Donchian_Breakout(20),SHORT,2025-03-18 14:00:00,2025-03-19 14:00:00,19469.25,19618.75,-301.0
Donchian_Breakout(20),LONG,2025-03-19 14:00:00,2025-03-21 13:00:00,19618.75,19483.75,-272.0
Donchian_Breakout(20),SHORT,2025-03-21 13:00:00,2025-03-23 22:00:00,19483.75,20050.5,-1135.5
Donchian_Breakout(20),LONG,2025-03-23 22:00:00,2025-03-26 14:00:00,20050.5,20316.5,530.0
Donchian_Breakout(20),SHORT,2025-03-26 14:00:00,2025-03-27 15:00:00,20316.5,20189.75,251.5
Donchian_Breakout(20),LONG,2025-03-27 15:00:00,2025-03-28 07:00:00,20189.75,19924.5,-532.5
Donchian_Breakout(20),SHORT,2025-03-28 07:00:00,2025-03-31 20:00:00,19924.5,19450.0,947.0
Donchian_Breakout(20),LONG,2025-03-31 20:00:00,2025-04-02 22:00:00,19450.0,19020.0,-862.0
Donchian_Breakout(20),SHORT,2025-04-02 22:00:00,2025-04-08 14:00:00,19020.0,18247.75,1542.5
Donchian_Breakout(20),LONG,2025-04-08 14:00:00,2025-04-08 19:00:00,18247.75,17441.0,-1615.5
Donchian_Breakout(20),SHORT,2025-04-08 19:00:00,2025-04-09 17:00:00,17441.0,18878.25,-2876.5
MACD_Momentum(12/26/9),LONG,2024-03-20 08:00:00,2024-03-20 09:00:00,18260.5,18244.0,-35.0
MACD_Momentum(12/26/9),SHORT,2024-03-20 09:00:00,2024-03-20 10:00:00,18244.0,18272.25,-58.5
MACD_Momentum(12/26/9),LONG,2024-03-20 10:00:00,2024-03-20 15:00:00,18272.25,18262.25,-22.0
MACD_Momentum(12/26/9),SHORT,2024-03-20 15:00:00,2024-03-20 19:00:00,18262.25,18419.0,-315.5
MACD_Momentum(12/26/9),LONG,2024-03-20 19:00:00,2024-03-21 11:00:00,18419.0,18605.75,371.5
MACD_Momentum(12/26/9),SHORT,2024-03-21 11:00:00,2024-03-22 18:00:00,18605.75,18622.5,-35.5
MACD_Momentum(12/26/9),LONG,2024-03-22 18:00:00,2024-03-24 23:00:00,18622.5,18560.75,-125.5
MACD_Momentum(12/26/9),SHORT,2024-03-24 23:00:00,2024-03-25 00:00:00,18560.75,18586.25,-53.0
MACD_Momentum(12/26/9),LONG,2024-03-25 00:00:00,2024-03-25 05:00:00,18586.25,18567.25,-40.0
MACD_Momentum(12/26/9),SHORT,2024-03-25 05:00:00,2024-03-25 18:00:00,18567.25,18552.25,28.0
MACD_Momentum(12/26/9),LONG,2024-03-25 18:00:00,2024-03-26 17:00:00,18552.25,18542.5,-21.5
MACD_Momentum(12/26/9),SHORT,2024-03-26 17:00:00,2024-03-27 09:00:00,18542.5,18510.0,63.0
MACD_Momentum(12/26/9),LONG,2024-03-27 09:00:00,2024-03-27 15:00:00,18510.0,18420.0,-182.0
MACD_Momentum(12/26/9),SHORT,2024-03-27 15:00:00,2024-03-27 22:00:00,18420.0,18505.0,-172.0
MACD_Momentum(12/26/9),LONG,2024-03-27 22:00:00,2024-03-28 18:00:00,18505.0,18469.25,-73.5
MACD_Momentum(12/26/9),SHORT,2024-03-28 18:00:00,2024-03-28 19:00:00,18469.25,18498.75,-61.0
MACD_Momentum(12/26/9),LONG,2024-03-28 19:00:00,2024-03-28 20:00:00,18498.75,18462.5,-74.5
MACD_Momentum(12/26/9),SHORT,2024-03-28 20:00:00,2024-03-31 23:00:00,18462.5,18571.75,-220.5
MACD_Momentum(12/26/9),LONG,2024-03-31 23:00:00,2024-04-01 12:00:00,18571.75,18542.25,-61.0
MACD_Momentum(12/26/9),SHORT,2024-04-01 12:00:00,2024-04-02 09:00:00,18542.25,18476.25,130.0
MACD_Momentum(12/26/9),LONG,2024-04-02 09:00:00,2024-04-02 10:00:00,18476.25,18458.75,-37.0
MACD_Momentum(12/26/9),SHORT,2024-04-02 10:00:00,2024-04-02 23:00:00,18458.75,18327.75,260.0
MACD_Momentum(12/26/9),LONG,2024-04-02 23:00:00,2024-04-04 19:00:00,18327.75,18226.0,-205.5
MACD_Momentum(12/26/9),SHORT,2024-04-04 19:00:00,2024-04-05 10:00:00,18226.0,18138.5,173.0
MACD_Momentum(12/26/9),LONG,2024-04-05 10:00:00,2024-04-08 09:00:00,18138.5,18275.75,272.5
MACD_Momentum(12/26/9),SHORT,2024-04-08 09:00:00,2024-04-08 13:00:00,18275.75,18358.5,-167.5
MACD_Momentum(12/26/9),LONG,2024-04-08 13:00:00,2024-04-08 17:00:00,18358.5,18315.25,-88.5
MACD_Momentum(12/26/9),SHORT,2024-04-08 17:00:00,2024-04-09 12:00:00,18315.25,18340.25,-52.0
MACD_Momentum(12/26/9),LONG,2024-04-09 12:00:00,2024-04-09 15:00:00,18340.25,18216.75,-249.0
MACD_Momentum(12/26/9),SHORT,2024-04-09 15:00:00,2024-04-09 22:00:00,18216.75,18381.0,-330.5
MACD_Momentum(12/26/9),LONG,2024-04-09 22:00:00,2024-04-10 11:00:00,18381.0,18369.0,-26.0
MACD_Momentum(12/26/9),SHORT,2024-04-10 11:00:00,2024-04-11 04:00:00,18369.0,18199.0,338.0
MACD_Momentum(12/26/9),LONG,2024-04-11 04:00:00,2024-04-12 08:00:00,18199.0,18469.25,538.5
MACD_Momentum(12/26/9),SHORT,2024-04-12 08:00:00,2024-04-15 05:00:00,18469.25,18249.25,438.0
MACD_Momentum(12/26/9),LONG,2024-04-15 05:00:00,2024-04-15 17:00:00,18249.25,18109.5,-281.5
MACD_Momentum(12/26/9),SHORT,2024-04-15 17:00:00,2024-04-16 08:00:00,18109.5,17874.5,468.0
MACD_Momentum(12/26/9),LONG,2024-04-16 08:00:00,2024-04-17 15:00:00,17874.5,17802.0,-147.0
MACD_Momentum(12/26/9),SHORT,2024-04-17 15:00:00,2024-04-18 04:00:00,17802.0,17729.75,142.5
MACD_Momentum(12/26/9),LONG,2024-04-18 04:00:00,2024-04-18 14:00:00,17729.75,17610.0,-241.5
MACD_Momentum(12/26/9),SHORT,2024-04-18 14:00:00,2024-04-18 15:00:00,17610.0,17711.75,-205.5
MACD_Momentum(12/26/9),LONG,2024-04-18 15:00:00,2024-04-18 17:00:00,17711.75,17610.25,-205.0
MACD_Momentum(12/26/9),SHORT,2024-04-18 17:00:00,2024-04-19 08:00:00,17610.25,17433.75,351.0
MACD_Momentum(12/26/9),LONG,2024-04-19 08:00:00,2024-04-19 17:00:00,17433.75,17284.0,-301.5
MACD_Momentum(12/26/9),SHORT,2024-04-19 17:00:00,2024-04-22 02:00:00,17284.0,17248.0,70.0
MACD_Momentum(12/26/9),LONG,2024-04-22 02:00:00,2024-04-24 08:00:00,17248.0,17727.75,957.5
MACD_Momentum(12/26/9),SHORT,2024-04-24 08:00:00,2024-04-25 12:00:00,17727.75,17501.5,450.5
MACD_Momentum(12/26/9),LONG,2024-04-25 12:00:00,2024-04-25 13:00:00,17501.5,17380.25,-244.5
MACD_Momentum(12/26/9),SHORT,2024-04-25 13:00:00,2024-04-25 17:00:00,17380.25,17494.75,-231.0
MACD_Momentum(12/26/9),LONG,2024-04-25 17:00:00,2024-04-26 11:00:00,17494.75,17727.5,463.5
MACD_Momentum(12/26/9),SHORT,2024-04-26 11:00:00,2024-04-26 15:00:00,17727.5,17854.5,-256.0
MACD_Momentum(12/26/9),LONG,2024-04-26 15:00:00,2024-04-28 22:00:00,17854.5,17864.75,18.5
MACD_Momentum(12/26/9),SHORT,2024-04-28 22:00:00,2024-05-01 12:00:00,17864.75,17446.25,835.0
MACD_Momentum(12/26/9),LONG,2024-05-01 12:00:00,2024-05-03 10:00:00,17446.25,17760.75,627.0
MACD_Momentum(12/26/9),SHORT,2024-05-03 10:00:00,2024-05-03 13:00:00,17760.75,17923.25,-327.0
MACD_Momentum(12/26/9),LONG,2024-05-03 13:00:00,2024-05-06 02:00:00,17923.25,18011.5,174.5
MACD_Momentum(12/26/9),SHORT,2024-05-06 02:00:00,2024-05-06 19:00:00,18011.5,18145.5,-270.0
MACD_Momentum(12/26/9),LONG,2024-05-06 19:00:00,2024-05-07 02:00:00,18145.5,18181.25,69.5
MACD_Momentum(12/26/9),SHORT,2024-05-07 02:00:00,2024-05-09 13:00:00,18181.25,18190.75,-21.0
MACD_Momentum(12/26/9),LONG,2024-05-09 13:00:00,2024-05-10 15:00:00,18190.75,18219.0,54.5
MACD_Momentum(12/26/9),SHORT,2024-05-10 15:00:00,2024-05-13 05:00:00,18219.0,18286.25,-136.5
MACD_Momentum(12/26/9),LONG,2024-05-13 05:00:00,2024-05-13 16:00:00,18286.25,18293.75,13.0
MACD_Momentum(12/26/9),SHORT,2024-05-13 16:00:00,2024-05-14 09:00:00,18293.75,18305.75,-26.0
MACD_Momentum(12/26/9),LONG,2024-05-14 09:00:00,2024-05-14 13:00:00,18305.75,18261.5,-90.5
MACD_Momentum(12/26/9),SHORT,2024-05-14 13:00:00,2024-05-14 15:00:00,18261.5,18339.0,-157.0
MACD_Momentum(12/26/9),LONG,2024-05-14 15:00:00,2024-05-15 08:00:00,18339.0,18403.0,126.0
MACD_Momentum(12/26/9),SHORT,2024-05-15 08:00:00,2024-05-15 13:00:00,18403.0,18510.25,-216.5
MACD_Momentum(12/26/9),LONG,2024-05-15 13:00:00,2024-05-16 06:00:00,18510.25,18723.25,424.0
MACD_Momentum(12/26/9),SHORT,2024-05-16 06:00:00,2024-05-20 00:00:00,18723.25,18667.75,109.0
MACD_Momentum(12/26/9),LONG,2024-05-20 00:00:00,2024-05-21 03:00:00,18667.75,18749.25,161.0
MACD_Momentum(12/26/9),SHORT,2024-05-21 03:00:00,2024-05-21 19:00:00,18749.25,18769.5,-42.5
MACD_Momentum(12/26/9),LONG,2024-05-21 19:00:00,2024-05-22 08:00:00,18769.5,18799.25,57.5
MACD_Momentum(12/26/9),SHORT,2024-05-22 08:00:00,2024-05-22 23:00:00,18799.25,18854.75,-113.0
MACD_Momentum(12/26/9),LONG,2024-05-22 23:00:00,2024-05-23 14:00:00,18854.75,18852.0,-7.5
MACD_Momentum(12/26/9),SHORT,2024-05-23 14:00:00,2024-05-24 09:00:00,18852.0,18736.25,229.5
MACD_Momentum(12/26/9),LONG,2024-05-24 09:00:00,2024-05-28 14:00:00,18736.25,18864.5,254.5
MACD_Momentum(12/26/9),SHORT,2024-05-28 14:00:00,2024-05-29 17:00:00,18864.5,18871.5,-16.0
MACD_Momentum(12/26/9),LONG,2024-05-29 17:00:00,2024-05-29 20:00:00,18871.5,18811.0,-123.0
MACD_Momentum(12/26/9),SHORT,2024-05-29 20:00:00,2024-05-30 10:00:00,18811.0,18730.5,159.0
MACD_Momentum(12/26/9),LONG,2024-05-30 10:00:00,2024-05-30 20:00:00,18730.5,18604.0,-255.0
MACD_Momentum(12/26/9),SHORT,2024-05-30 20:00:00,2024-05-31 09:00:00,18604.0,18543.25,119.5
MACD_Momentum(12/26/9),LONG,2024-05-31 09:00:00,2024-05-31 15:00:00,18543.25,18387.0,-314.5
MACD_Momentum(12/26/9),SHORT,2024-05-31 15:00:00,2024-05-31 20:00:00,18387.0,18598.5,-425.0
MACD_Momentum(12/26/9),LONG,2024-05-31 20:00:00,2024-06-03 16:00:00,18598.5,18604.5,10.0
MACD_Momentum(12/26/9),SHORT,2024-06-03 16:00:00,2024-06-04 00:00:00,18604.5,18650.0,-93.0
MACD_Momentum(12/26/9),LONG,2024-06-04 00:00:00,2024-06-04 07:00:00,18650.0,18599.5,-103.0
MACD_Momentum(12/26/9),SHORT,2024-06-04 07:00:00,2024-06-04 18:00:00,18599.5,18628.5,-60.0
MACD_Momentum(12/26/9),LONG,2024-06-04 18:00:00,2024-06-06 06:00:00,18628.5,19085.0,911.0
MACD_Momentum(12/26/9),SHORT,2024-06-06 06:00:00,2024-06-07 17:00:00,19085.0,19141.75,-115.5
MACD_Momentum(12/26/9),LONG,2024-06-07 17:00:00,2024-06-07 19:00:00,19141.75,19052.25,-181.0
MACD_Momentum(12/26/9),SHORT,2024-06-07 19:00:00,2024-06-10 15:00:00,19052.25,19065.75,-29.0
MACD_Momentum(12/26/9),LONG,2024-06-10 15:00:00,2024-06-11 09:00:00,19065.75,19064.25,-5.0
MACD_Momentum(12/26/9),SHORT,2024-06-11 09:00:00,2024-06-11 17:00:00,19064.25,19098.75,-71.0
MACD_Momentum(12/26/9),LONG,2024-06-11 17:00:00,2024-06-12 09:00:00,19098.75,19258.75,318.0
MACD_Momentum(12/26/9),SHORT,2024-06-12 09:00:00,2024-06-12 13:00:00,19258.75,19422.25,-329.0
MACD_Momentum(12/26/9),LONG,2024-06-12 13:00:00,2024-06-13 06:00:00,19422.25,19627.25,408.0
MACD_Momentum(12/26/9),SHORT,2024-06-13 06:00:00,2024-06-14 18:00:00,19627.25,19657.5,-62.5
MACD_Momentum(12/26/9),LONG,2024-06-14 18:00:00,2024-06-17 09:00:00,19657.5,19706.75,96.5
MACD_Momentum(12/26/9),SHORT,2024-06-17 09:00:00,2024-06-17 17:00:00,19706.75,19828.25,-245.0
MACD_Momentum(12/26/9),LONG,2024-06-17 17:00:00,2024-06-18 05:00:00,19828.25,19908.5,158.5
MACD_Momentum(12/26/9),SHORT,2024-06-18 05:00:00,2024-06-20 05:00:00,19908.5,20030.5,-246.0
MACD_Momentum(12/26/9),LONG,2024-06-20 05:00:00,2024-06-20 13:00:00,20030.5,19992.0,-79.0
MACD_Momentum(12/26/9),SHORT,2024-06-20 13:00:00,2024-06-21 07:00:00,19992.0,19805.0,372.0
MACD_Momentum(12/26/9),LONG,2024-06-21 07:00:00,2024-06-21 08:00:00,19805.0,19765.5,-81.0
MACD_Momentum(12/26/9),SHORT,2024-06-21 08:00:00,2024-06-21 13:00:00,19765.5,19771.25,-13.5
MACD_Momentum(12/26/9),LONG,2024-06-21 13:00:00,2024-06-24 13:00:00,19771.25,19933.25,322.0
MACD_Momentum(12/26/9),SHORT,2024-06-24 13:00:00,2024-06-25 09:00:00,19933.25,19817.0,230.5
MACD_Momentum(12/26/9),LONG,2024-06-25 09:00:00,2024-06-26 12:00:00,19817.0,19999.0,362.0
MACD_Momentum(12/26/9),SHORT,2024-06-26 12:00:00,2024-06-27 10:00:00,19999.0,19973.25,49.5
MACD_Momentum(12/26/9),LONG,2024-06-27 10:00:00,2024-06-28 09:00:00,19973.25,20115.25,282.0
MACD_Momentum(12/26/9),SHORT,2024-06-28 09:00:00,2024-07-01 13:00:00,20115.25,19978.75,271.0
MACD_Momentum(12/26/9),LONG,2024-07-01 13:00:00,2024-07-01 14:00:00,19978.75,19888.0,-183.5
MACD_Momentum(12/26/9),SHORT,2024-07-01 14:00:00,2024-07-01 17:00:00,19888.0,20013.75,-253.5
MACD_Momentum(12/26/9),LONG,2024-07-01 17:00:00,2024-07-02 08:00:00,20013.75,19965.25,-99.0
MACD_Momentum(12/26/9),SHORT,2024-07-02 08:00:00,2024-07-02 14:00:00,19965.25,20063.5,-198.5
MACD_Momentum(12/26/9),LONG,2024-07-02 14:00:00,2024-07-05 13:00:00,20063.5,20425.5,722.0
MACD_Momentum(12/26/9),SHORT,2024-07-05 13:00:00,2024-07-05 15:00:00,20425.5,20523.5,-198.0
MACD_Momentum(12/26/9),LONG,2024-07-05 15:00:00,2024-07-08 00:00:00,20523.5,20590.5,132.0
MACD_Momentum(12/26/9),SHORT,2024-07-08 00:00:00,2024-07-09 00:00:00,20590.5,20738.0,-297.0
MACD_Momentum(12/26/9),LONG,2024-07-09 00:00:00,2024-07-09 06:00:00,20738.0,20725.75,-26.5
MACD_Momentum(12/26/9),SHORT,2024-07-09 06:00:00,2024-07-10 10:00:00,20725.75,20727.75,-6.0
MACD_Momentum(12/26/9),LONG,2024-07-10 10:00:00,2024-07-11 06:00:00,20727.75,20868.75,280.0
MACD_Momentum(12/26/9),SHORT,2024-07-11 06:00:00,2024-07-12 08:00:00,20868.75,20401.0,933.5
MACD_Momentum(12/26/9),LONG,2024-07-12 08:00:00,2024-07-15 18:00:00,20401.0,20569.75,335.5
MACD_Momentum(12/26/9),SHORT,2024-07-15 18:00:00,2024-07-18 02:00:00,20569.75,20071.0,995.5
MACD_Momentum(12/26/9),LONG,2024-07-18 02:00:00,2024-07-18 16:00:00,20071.0,19797.5,-549.0
MACD_Momentum(12/26/9),SHORT,2024-07-18 16:00:00,2024-07-18 23:00:00,19797.5,19955.75,-318.5
MACD_Momentum(12/26/9),LONG,2024-07-18 23:00:00,2024-07-19 10:00:00,19955.75,19849.75,-214.0
MACD_Momentum(12/26/9),SHORT,2024-07-19 10:00:00,2024-07-19 11:00:00,19849.75,19869.5,-41.5
MACD_Momentum(12/26/9),LONG,2024-07-19 11:00:00,2024-07-19 17:00:00,19869.5,19729.25,-282.5
MACD_Momentum(12/26/9),SHORT,2024-07-19 17:00:00,2024-07-22 00:00:00,19729.25,19816.75,-177.0
MACD_Momentum(12/26/9),LONG,2024-07-22 00:00:00,2024-07-23 03:00:00,19816.75,19948.5,261.5
MACD_Momentum(12/26/9),SHORT,2024-07-23 03:00:00,2024-07-23 14:00:00,19948.5,20006.5,-118.0
MACD_Momentum(12/26/9),LONG,2024-07-23 14:00:00,2024-07-23 18:00:00,20006.5,19979.0,-57.0
MACD_Momentum(12/26/9),SHORT,2024-07-23 18:00:00,2024-07-25 04:00:00,19979.0,19271.25,1413.5
MACD_Momentum(12/26/9),LONG,2024-07-25 04:00:00,2024-07-25 23:00:00,19271.25,19005.5,-533.5
MACD_Momentum(12/26/9),SHORT,2024-07-25 23:00:00,2024-07-26 02:00:00,19005.5,19080.75,-152.5
MACD_Momentum(12/26/9),LONG,2024-07-26 02:00:00,2024-07-29 15:00:00,19080.75,19221.5,279.5
MACD_Momentum(12/26/9),SHORT,2024-07-29 15:00:00,2024-07-30 08:00:00,19221.5,19235.5,-30.0
MACD_Momentum(12/26/9),LONG,2024-07-30 08:00:00,2024-07-30 15:00:00,19235.5,19106.5,-260.0
MACD_Momentum(12/26/9),SHORT,2024-07-30 15:00:00,2024-07-31 02:00:00,19106.5,19077.25,56.5
MACD_Momentum(12/26/9),LONG,2024-07-31 02:00:00,2024-08-01 07:00:00,19077.25,19596.0,1035.5
MACD_Momentum(12/26/9),SHORT,2024-08-01 07:00:00,2024-08-02 19:00:00,19596.0,18500.25,2189.5
MACD_Momentum(12/26/9),LONG,2024-08-02 19:00:00,2024-08-05 00:00:00,18500.25,18263.0,-476.5
MACD_Momentum(12/26/9),SHORT,2024-08-05 00:00:00,2024-08-05 14:00:00,18263.0,17889.25,745.5
MACD_Momentum(12/26/9),LONG,2024-08-05 14:00:00,2024-08-06 11:00:00,17889.25,18170.75,561.0
MACD_Momentum(12/26/9),SHORT,2024-08-06 11:00:00,2024-08-06 16:00:00,18170.75,18342.25,-345.0
MACD_Momentum(12/26/9),LONG,2024-08-06 16:00:00,2024-08-06 22:00:00,18342.25,18033.0,-620.5
MACD_Momentum(12/26/9),SHORT,2024-08-06 22:00:00,2024-08-07 03:00:00,18033.0,18351.75,-639.5
MACD_Momentum(12/26/9),LONG,2024-08-07 03:00:00,2024-08-07 17:00:00,18351.75,18281.75,-142.0
MACD_Momentum(12/26/9),SHORT,2024-08-07 17:00:00,2024-08-08 10:00:00,18281.75,17943.0,675.5
MACD_Momentum(12/26/9),LONG,2024-08-08 10:00:00,2024-08-09 07:00:00,17943.0,18539.75,1191.5
MACD_Momentum(12/26/9),SHORT,2024-08-09 07:00:00,2024-08-13 06:00:00,18539.75,18705.75,-334.0
MACD_Momentum(12/26/9),LONG,2024-08-13 06:00:00,2024-08-13 11:00:00,18705.75,18658.0,-97.5
MACD_Momentum(12/26/9),SHORT,2024-08-13 11:00:00,2024-08-13 13:00:00,18658.0,18815.25,-316.5
MACD_Momentum(12/26/9),LONG,2024-08-13 13:00:00,2024-08-14 05:00:00,18815.25,19104.0,575.5
MACD_Momentum(12/26/9),SHORT,2024-08-14 05:00:00,2024-08-15 04:00:00,19104.0,19215.5,-225.0
MACD_Momentum(12/26/9),LONG,2024-08-15 04:00:00,2024-08-15 07:00:00,19215.5,19170.0,-93.0
MACD_Momentum(12/26/9),SHORT,2024-08-15 07:00:00,2024-08-15 13:00:00,19170.0,19335.5,-333.0
MACD_Momentum(12/26/9),LONG,2024-08-15 13:00:00,2024-08-16 05:00:00,19335.5,19620.25,567.5
MACD_Momentum(12/26/9),SHORT,2024-08-16 05:00:00,2024-08-19 17:00:00,19620.25,19692.5,-146.5
MACD_Momentum(12/26/9),LONG,2024-08-19 17:00:00,2024-08-20 09:00:00,19692.5,19875.25,363.5
MACD_Momentum(12/26/9),SHORT,2024-08-20 09:00:00,2024-08-21 14:00:00,19875.25,19879.75,-11.0
MACD_Momentum(12/26/9),LONG,2024-08-21 14:00:00,2024-08-22 04:00:00,19879.75,19892.0,22.5
MACD_Momentum(12/26/9),SHORT,2024-08-22 04:00:00,2024-08-22 11:00:00,19892.0,19956.0,-130.0
MACD_Momentum(12/26/9),LONG,2024-08-22 11:00:00,2024-08-22 15:00:00,19956.0,19878.5,-157.0
MACD_Momentum(12/26/9),SHORT,2024-08-22 15:00:00,2024-08-23 06:00:00,19878.5,19682.75,389.5
MACD_Momentum(12/26/9),LONG,2024-08-23 06:00:00,2024-08-26 13:00:00,19682.75,19774.5,181.5
MACD_Momentum(12/26/9),SHORT,2024-08-26 13:00:00,2024-08-27 05:00:00,19774.5,19605.25,336.5
MACD_Momentum(12/26/9),LONG,2024-08-27 05:00:00,2024-08-27 14:00:00,19605.25,19542.75,-127.0
MACD_Momentum(12/26/9),SHORT,2024-08-27 14:00:00,2024-08-27 15:00:00,19542.75,19669.5,-255.5
MACD_Momentum(12/26/9),LONG,2024-08-27 15:00:00,2024-08-28 14:00:00,19669.5,19558.0,-225.0
MACD_Momentum(12/26/9),SHORT,2024-08-28 14:00:00,2024-08-29 07:00:00,19558.0,19340.5,433.0
MACD_Momentum(12/26/9),LONG,2024-08-29 07:00:00,2024-08-29 23:00:00,19340.5,19431.75,180.5
MACD_Momentum(12/26/9),SHORT,2024-08-29 23:00:00,2024-08-30 08:00:00,19431.75,19521.75,-182.0
MACD_Momentum(12/26/9),LONG,2024-08-30 08:00:00,2024-08-30 16:00:00,19521.75,19461.75,-122.0
MACD_Momentum(12/26/9),SHORT,2024-08-30 16:00:00,2024-08-30 20:00:00,19461.75,19610.25,-299.0
MACD_Momentum(12/26/9),LONG,2024-08-30 20:00:00,2024-09-03 06:00:00,19610.25,19566.75,-89.0
MACD_Momentum(12/26/9),SHORT,2024-09-03 06:00:00,2024-09-03 08:00:00,19566.75,19614.0,-96.5
MACD_Momentum(12/26/9),LONG,2024-09-03 08:00:00,2024-09-03 09:00:00,19614.0,19499.0,-232.0
MACD_Momentum(12/26/9),SHORT,2024-09-03 09:00:00,2024-09-04 09:00:00,19499.0,18908.5,1179.0
MACD_Momentum(12/26/9),LONG,2024-09-04 09:00:00,2024-09-06 01:00:00,18908.5,18837.5,-144.0
MACD_Momentum(12/26/9),SHORT,2024-09-06 01:00:00,2024-09-06 13:00:00,18837.5,18933.25,-193.5
MACD_Momentum(12/26/9),LONG,2024-09-06 13:00:00,2024-09-06 14:00:00,18933.25,18745.75,-377.0
MACD_Momentum(12/26/9),SHORT,2024-09-06 14:00:00,2024-09-09 03:00:00,18745.75,18518.75,452.0
MACD_Momentum(12/26/9),LONG,2024-09-09 03:00:00,2024-09-10 06:00:00,18518.75,18624.5,209.5
MACD_Momentum(12/26/9),SHORT,2024-09-10 06:00:00,2024-09-10 12:00:00,18624.5,18697.5,-148.0
MACD_Momentum(12/26/9),LONG,2024-09-10 12:00:00,2024-09-11 04:00:00,18697.5,18742.5,88.0
MACD_Momentum(12/26/9),SHORT,2024-09-11 04:00:00,2024-09-11 13:00:00,18742.5,18885.5,-288.0
MACD_Momentum(12/26/9),LONG,2024-09-11 13:00:00,2024-09-11 14:00:00,18885.5,18792.25,-188.5
MACD_Momentum(12/26/9),SHORT,2024-09-11 14:00:00,2024-09-11 18:00:00,18792.25,19040.0,-497.5
MACD_Momentum(12/26/9),LONG,2024-09-11 18:00:00,2024-09-12 10:00:00,19040.0,19296.25,510.5
MACD_Momentum(12/26/9),SHORT,2024-09-12 10:00:00,2024-09-12 20:00:00,19296.25,19451.75,-313.0
MACD_Momentum(12/26/9),LONG,2024-09-12 20:00:00,2024-09-12 22:00:00,19451.75,19419.5,-66.5
MACD_Momentum(12/26/9),SHORT,2024-09-12 22:00:00,2024-09-17 05:00:00,19419.5,19437.75,-38.5
MACD_Momentum(12/26/9),LONG,2024-09-17 05:00:00,2024-09-17 17:00:00,19437.75,19401.5,-74.5
MACD_Momentum(12/26/9),SHORT,2024-09-17 17:00:00,2024-09-18 10:00:00,19401.5,19475.5,-150.0
MACD_Momentum(12/26/9),LONG,2024-09-18 10:00:00,2024-09-18 16:00:00,19475.5,19372.75,-207.5
MACD_Momentum(12/26/9),SHORT,2024-09-18 16:00:00,2024-09-18 19:00:00,19372.75,19486.5,-229.5
MACD_Momentum(12/26/9),LONG,2024-09-18 19:00:00,2024-09-18 20:00:00,19486.5,19349.5,-276.0
MACD_Momentum(12/26/9),SHORT,2024-09-18 20:00:00,2024-09-19 00:00:00,19349.5,19532.75,-368.5
MACD_Momentum(12/26/9),LONG,2024-09-19 00:00:00,2024-09-19 23:00:00,19532.75,19812.25,557.0
MACD_Momentum(12/26/9),SHORT,2024-09-19 23:00:00,2024-09-22 22:00:00,19812.25,20040.0,-457.5
MACD_Momentum(12/26/9),LONG,2024-09-22 22:00:00,2024-09-23 09:00:00,20040.0,20047.0,12.0
MACD_Momentum(12/26/9),SHORT,2024-09-23 09:00:00,2024-09-24 08:00:00,20047.0,20151.75,-211.5
MACD_Momentum(12/26/9),LONG,2024-09-24 08:00:00,2024-09-24 12:00:00,20151.75,20106.0,-93.5
MACD_Momentum(12/26/9),SHORT,2024-09-24 12:00:00,2024-09-24 17:00:00,20106.0,20162.5,-115.0
MACD_Momentum(12/26/9),LONG,2024-09-24 17:00:00,2024-09-25 01:00:00,20162.5,20141.75,-43.5
MACD_Momentum(12/26/9),SHORT,2024-09-25 01:00:00,2024-09-25 14:00:00,20141.75,20231.5,-181.5
MACD_Momentum(12/26/9),LONG,2024-09-25 14:00:00,2024-09-26 15:00:00,20231.5,20214.5,-36.0
MACD_Momentum(12/26/9),SHORT,2024-09-26 15:00:00,2024-09-27 13:00:00,20214.5,20376.75,-326.5
MACD_Momentum(12/26/9),LONG,2024-09-27 13:00:00,2024-09-27 16:00:00,20376.75,20235.75,-284.0
MACD_Momentum(12/26/9),SHORT,2024-09-27 16:00:00,2024-09-30 11:00:00,20235.75,20196.0,77.5
MACD_Momentum(12/26/9),LONG,2024-09-30 11:00:00,2024-09-30 12:00:00,20196.0,20129.75,-134.5
MACD_Momentum(12/26/9),SHORT,2024-09-30 12:00:00,2024-09-30 14:00:00,20129.75,20204.75,-152.0
MACD_Momentum(12/26/9),LONG,2024-09-30 14:00:00,2024-10-01 14:00:00,20204.75,20044.5,-322.5
MACD_Momentum(12/26/9),SHORT,2024-10-01 14:00:00,2024-10-02 07:00:00,20044.5,19931.75,223.5
MACD_Momentum(12/26/9),LONG,2024-10-02 07:00:00,2024-10-03 04:00:00,19931.75,19951.75,38.0
MACD_Momentum(12/26/9),SHORT,2024-10-03 04:00:00,2024-10-03 14:00:00,19951.75,20024.5,-147.5
MACD_Momentum(12/26/9),LONG,2024-10-03 14:00:00,2024-10-07 06:00:00,20024.5,20189.0,327.0
MACD_Momentum(12/26/9),SHORT,2024-10-07 06:00:00,2024-10-08 09:00:00,20189.0,20018.25,339.5
MACD_Momentum(12/26/9),LONG,2024-10-08 09:00:00,2024-10-09 05:00:00,20018.25,20231.0,423.5
MACD_Momentum(12/26/9),SHORT,2024-10-09 05:00:00,2024-10-09 15:00:00,20231.0,20361.75,-263.5
MACD_Momentum(12/26/9),LONG,2024-10-09 15:00:00,2024-10-10 06:00:00,20361.75,20442.75,160.0
MACD_Momentum(12/26/9),SHORT,2024-10-10 06:00:00,2024-10-11 16:00:00,20442.75,20469.25,-55.0
MACD_Momentum(12/26/9),LONG,2024-10-11 16:00:00,2024-10-14 02:00:00,20469.25,20399.5,-141.5
MACD_Momentum(12/26/9),SHORT,2024-10-14 02:00:00,2024-10-14 07:00:00,20399.5,20441.25,-85.5
MACD_Momentum(12/26/9),LONG,2024-10-14 07:00:00,2024-10-15 03:00:00,20441.25,20622.25,360.0
MACD_Momentum(12/26/9),SHORT,2024-10-15 03:00:00,2024-10-16 05:00:00,20622.25,20390.5,461.5
MACD_Momentum(12/26/9),LONG,2024-10-16 05:00:00,2024-10-16 14:00:00,20390.5,20224.25,-334.5
MACD_Momentum(12/26/9),SHORT,2024-10-16 14:00:00,2024-10-16 18:00:00,20224.25,20337.0,-227.5
MACD_Momentum(12/26/9),LONG,2024-10-16 18:00:00,2024-10-17 20:00:00,20337.0,20364.0,52.0
MACD_Momentum(12/26/9),SHORT,2024-10-17 20:00:00,2024-10-18 08:00:00,20364.0,20455.25,-184.5
MACD_Momentum(12/26/9),LONG,2024-10-18 08:00:00,2024-10-21 04:00:00,20455.25,20480.0,47.5
MACD_Momentum(12/26/9),SHORT,2024-10-21 04:00:00,2024-10-21 17:00:00,20480.0,20471.0,16.0
MACD_Momentum(12/26/9),LONG,2024-10-21 17:00:00,2024-10-22 04:00:00,20471.0,20462.0,-20.0
MACD_Momentum(12/26/9),SHORT,2024-10-22 04:00:00,2024-10-22 15:00:00,20462.0,20493.25,-64.5
MACD_Momentum(12/26/9),LONG,2024-10-22 15:00:00,2024-10-23 07:00:00,20493.25,20501.5,14.5
MACD_Momentum(12/26/9),SHORT,2024-10-23 07:00:00,2024-10-24 02:00:00,20501.5,20325.0,351.0
MACD_Momentum(12/26/9),LONG,2024-10-24 02:00:00,2024-10-27 22:00:00,20325.0,20525.5,399.0
MACD_Momentum(12/26/9),SHORT,2024-10-27 22:00:00,2024-10-27 23:00:00,20525.5,20608.0,-167.0
MACD_Momentum(12/26/9),LONG,2024-10-27 23:00:00,2024-10-28 07:00:00,20608.0,20620.0,22.0
MACD_Momentum(12/26/9),SHORT,2024-10-28 07:00:00,2024-10-28 10:00:00,20620.0,20669.5,-101.0
MACD_Momentum(12/26/9),LONG,2024-10-28 10:00:00,2024-10-28 11:00:00,20669.5,20632.5,-76.0
MACD_Momentum(12/26/9),SHORT,2024-10-28 11:00:00,2024-10-29 09:00:00,20632.5,20526.75,209.5
MACD_Momentum(12/26/9),LONG,2024-10-29 09:00:00,2024-10-29 13:00:00,20526.75,20489.25,-77.0
MACD_Momentum(12/26/9),SHORT,2024-10-29 13:00:00,2024-10-29 14:00:00,20489.25,20515.0,-53.5
MACD_Momentum(12/26/9),LONG,2024-10-29 14:00:00,2024-10-30 08:00:00,20515.0,20744.5,457.0
MACD_Momentum(12/26/9),SHORT,2024-10-30 08:00:00,2024-10-31 13:00:00,20744.5,20381.25,724.5
MACD_Momentum(12/26/9),LONG,2024-10-31 13:00:00,2024-10-31 14:00:00,20381.25,20166.0,-432.5
MACD_Momentum(12/26/9),SHORT,2024-10-31 14:00:00,2024-11-01 01:00:00,20166.0,20072.5,185.0
MACD_Momentum(12/26/9),LONG,2024-11-01 01:00:00,2024-11-04 13:00:00,20072.5,20166.5,186.0
MACD_Momentum(12/26/9),SHORT,2024-11-04 13:00:00,2024-11-05 07:00:00,20166.5,20118.25,94.5
MACD_Momentum(12/26/9),LONG,2024-11-05 07:00:00,2024-11-06 15:00:00,20118.25,20676.0,1113.5
MACD_Momentum(12/26/9),SHORT,2024-11-06 15:00:00,2024-11-06 17:00:00,20676.0,20798.25,-246.5
MACD_Momentum(12/26/9),LONG,2024-11-06 17:00:00,2024-11-07 02:00:00,20798.25,20911.25,224.0
MACD_Momentum(12/26/9),SHORT,2024-11-07 02:00:00,2024-11-07 16:00:00,20911.25,21160.75,-501.0
MACD_Momentum(12/26/9),LONG,2024-11-07 16:00:00,2024-11-08 02:00:00,21160.75,21231.75,140.0
MACD_Momentum(12/26/9),SHORT,2024-11-08 02:00:00,2024-11-12 09:00:00,21231.75,21229.25,3.0
MACD_Momentum(12/26/9),LONG,2024-11-12 09:00:00,2024-11-12 10:00:00,21229.25,21184.0,-92.5
MACD_Momentum(12/26/9),SHORT,2024-11-12 10:00:00,2024-11-12 15:00:00,21184.0,21234.75,-103.5
MACD_Momentum(12/26/9),LONG,2024-11-12 15:00:00,2024-11-12 17:00:00,21234.75,21154.5,-162.5
MACD_Momentum(12/26/9),SHORT,2024-11-12 17:00:00,2024-11-13 09:00:00,21154.5,21177.75,-48.5
MACD_Momentum(12/26/9),LONG,2024-11-13 09:00:00,2024-11-14 02:00:00,21177.75,21133.25,-91.0
MACD_Momentum(12/26/9),SHORT,2024-11-14 02:00:00,2024-11-14 10:00:00,21133.25,21152.5,-40.5
MACD_Momentum(12/26/9),LONG,2024-11-14 10:00:00,2024-11-14 15:00:00,21152.5,21091.75,-123.5
MACD_Momentum(12/26/9),SHORT,2024-11-14 15:00:00,2024-11-18 01:00:00,21091.75,20628.0,925.5
MACD_Momentum(12/26/9),LONG,2024-11-18 01:00:00,2024-11-19 10:00:00,20628.0,20540.5,-177.0
MACD_Momentum(12/26/9),SHORT,2024-11-19 10:00:00,2024-11-19 17:00:00,20540.5,20669.75,-260.5
MACD_Momentum(12/26/9),LONG,2024-11-19 17:00:00,2024-11-20 11:00:00,20669.75,20781.5,221.5
MACD_Momentum(12/26/9),SHORT,2024-11-20 11:00:00,2024-11-21 09:00:00,20781.5,20675.0,211.0
MACD_Momentum(12/26/9),LONG,2024-11-21 09:00:00,2024-11-21 10:00:00,20675.0,20646.75,-58.5
MACD_Momentum(12/26/9),SHORT,2024-11-21 10:00:00,2024-11-21 11:00:00,20646.75,20679.5,-67.5
MACD_Momentum(12/26/9),LONG,2024-11-21 11:00:00,2024-11-22 06:00:00,20679.5,20765.75,170.5
MACD_Momentum(12/26/9),SHORT,2024-11-22 06:00:00,2024-11-22 16:00:00,20765.75,20842.75,-156.0
MACD_Momentum(12/26/9),LONG,2024-11-22 16:00:00,2024-11-25 12:00:00,20842.75,20964.75,242.0
MACD_Momentum(12/26/9),SHORT,2024-11-25 12:00:00,2024-11-26 07:00:00,20964.75,20906.5,114.5
MACD_Momentum(12/26/9),LONG,2024-11-26 07:00:00,2024-11-26 09:00:00,20906.5,20870.0,-75.0
MACD_Momentum(12/26/9),SHORT,2024-11-26 09:00:00,2024-11-26 10:00:00,20870.0,20886.25,-34.5
MACD_Momentum(12/26/9),LONG,2024-11-26 10:00:00,2024-11-27 05:00:00,20886.25,20964.75,155.0
MACD_Momentum(12/26/9),SHORT,2024-11-27 05:00:00,2024-11-28 02:00:00,20964.75,20837.25,253.0
MACD_Momentum(12/26/9),LONG,2024-11-28 02:00:00,2024-12-03 05:00:00,20837.25,21225.0,773.5
MACD_Momentum(12/26/9),SHORT,2024-12-03 05:00:00,2024-12-03 23:00:00,21225.0,21323.0,-198.0
MACD_Momentum(12/26/9),LONG,2024-12-03 23:00:00,2024-12-05 01:00:00,21323.0,21497.25,346.5
MACD_Momentum(12/26/9),SHORT,2024-12-05 01:00:00,2024-12-06 15:00:00,21497.25,21607.5,-222.5
MACD_Momentum(12/26/9),LONG,2024-12-06 15:00:00,2024-12-09 06:00:00,21607.5,21648.0,79.0
MACD_Momentum(12/26/9),SHORT,2024-12-09 06:00:00,2024-12-09 08:00:00,21648.0,21697.0,-100.0
MACD_Momentum(12/26/9),LONG,2024-12-09 08:00:00,2024-12-09 10:00:00,21697.0,21633.25,-129.5
MACD_Momentum(12/26/9),SHORT,2024-12-09 10:00:00,2024-12-10 11:00:00,21633.25,21491.5,281.5
MACD_Momentum(12/26/9),LONG,2024-12-10 11:00:00,2024-12-10 20:00:00,21491.5,21411.25,-162.5
MACD_Momentum(12/26/9),SHORT,2024-12-10 20:00:00,2024-12-11 06:00:00,21411.25,21430.25,-40.0
MACD_Momentum(12/26/9),LONG,2024-12-11 06:00:00,2024-12-12 06:00:00,21430.25,21765.0,667.5
MACD_Momentum(12/26/9),SHORT,2024-12-12 06:00:00,2024-12-13 08:00:00,21765.0,21735.75,56.5
MACD_Momentum(12/26/9),LONG,2024-12-13 08:00:00,2024-12-13 17:00:00,21735.75,21699.0,-75.5
MACD_Momentum(12/26/9),SHORT,2024-12-13 17:00:00,2024-12-16 01:00:00,21699.0,21801.5,-207.0
MACD_Momentum(12/26/9),LONG,2024-12-16 01:00:00,2024-12-16 06:00:00,21801.5,21790.5,-24.0
MACD_Momentum(12/26/9),SHORT,2024-12-16 06:00:00,2024-12-16 10:00:00,21790.5,21847.75,-116.5
MACD_Momentum(12/26/9),LONG,2024-12-16 10:00:00,2024-12-17 06:00:00,21847.75,22106.25,515.0
MACD_Momentum(12/26/9),SHORT,2024-12-17 06:00:00,2024-12-18 08:00:00,22106.25,22029.25,152.0
MACD_Momentum(12/26/9),LONG,2024-12-18 08:00:00,2024-12-18 14:00:00,22029.25,21987.75,-85.0
MACD_Momentum(12/26/9),SHORT,2024-12-18 14:00:00,2024-12-19 10:00:00,21987.75,21290.0,1393.5
MACD_Momentum(12/26/9),LONG,2024-12-19 10:00:00,2024-12-20 01:00:00,21290.0,21020.75,-540.5
MACD_Momentum(12/26/9),SHORT,2024-12-20 01:00:00,2024-12-20 07:00:00,21020.75,21027.25,-15.0
MACD_Momentum(12/26/9),LONG,2024-12-20 07:00:00,2024-12-20 10:00:00,21027.25,20860.0,-336.5
MACD_Momentum(12/26/9),SHORT,2024-12-20 10:00:00,2024-12-20 14:00:00,20860.0,20950.0,-182.0
MACD_Momentum(12/26/9),LONG,2024-12-20 14:00:00,2024-12-23 14:00:00,20950.0,21572.5,1243.0
MACD_Momentum(12/26/9),SHORT,2024-12-23 14:00:00,2024-12-24 16:30:00,21572.5,21960.75,-778.5
MACD_Momentum(12/26/9),LONG,2024-12-24 16:30:00,2024-12-26 11:00:00,21960.75,21933.75,-56.0
MACD_Momentum(12/26/9),SHORT,2024-12-26 11:00:00,2024-12-30 04:00:00,21933.75,21680.25,505.0
MACD_Momentum(12/26/9),LONG,2024-12-30 04:00:00,2024-12-30 13:00:00,21680.25,21482.25,-398.0
MACD_Momentum(12/26/9),SHORT,2024-12-30 13:00:00,2024-12-30 20:00:00,21482.25,21528.75,-95.0
MACD_Momentum(12/26/9),LONG,2024-12-30 20:00:00,2024-12-30 23:00:00,21528.75,21390.25,-279.0
MACD_Momentum(12/26/9),SHORT,2024-12-30 23:00:00,2024-12-31 03:00:00,21390.25,21421.0,-63.5
MACD_Momentum(12/26/9),LONG,2024-12-31 03:00:00,2024-12-31 18:00:00,21421.0,21313.25,-217.5
MACD_Momentum(12/26/9),SHORT,2024-12-31 18:00:00,2025-01-02 07:00:00,21313.25,21389.25,-154.0
MACD_Momentum(12/26/9),LONG,2025-01-02 07:00:00,2025-01-02 18:00:00,21389.25,21076.5,-627.5
MACD_Momentum(12/26/9),SHORT,2025-01-02 18:00:00,2025-01-03 03:00:00,21076.5,21243.0,-335.0
MACD_Momentum(12/26/9),LONG,2025-01-03 03:00:00,2025-01-06 20:00:00,21243.0,21659.75,831.5
MACD_Momentum(12/26/9),SHORT,2025-01-06 20:00:00,2025-01-08 09:00:00,21659.75,21411.5,494.5
MACD_Momentum(12/26/9),LONG,2025-01-08 09:00:00,2025-01-08 13:00:00,21411.5,21257.0,-311.0
MACD_Momentum(12/26/9),SHORT,2025-01-08 13:00:00,2025-01-08 14:00:00,21257.0,21376.75,-241.5
MACD_Momentum(12/26/9),LONG,2025-01-08 14:00:00,2025-01-10 01:00:00,21376.75,21197.25,-361.0
MACD_Momentum(12/26/9),SHORT,2025-01-10 01:00:00,2025-01-10 04:00:00,21197.25,21300.5,-208.5
MACD_Momentum(12/26/9),LONG,2025-01-10 04:00:00,2025-01-10 14:00:00,21300.5,21115.5,-372.0
MACD_Momentum(12/26/9),SHORT,2025-01-10 14:00:00,2025-01-13 15:00:00,21115.5,20802.0,625.0
MACD_Momentum(12/26/9),LONG,2025-01-13 15:00:00,2025-01-14 15:00:00,20802.0,20980.75,355.5
MACD_Momentum(12/26/9),SHORT,2025-01-14 15:00:00,2025-01-15 10:00:00,20980.75,20960.75,38.0
MACD_Momentum(12/26/9),LONG,2025-01-15 10:00:00,2025-01-16 06:00:00,20960.75,21366.75,810.0
MACD_Momentum(12/26/9),SHORT,2025-01-16 06:00:00,2025-01-16 08:00:00,21366.75,21555.25,-379.0
MACD_Momentum(12/26/9),LONG,2025-01-16 08:00:00,2025-01-16 11:00:00,21555.25,21498.0,-116.5
MACD_Momentum(12/26/9),SHORT,2025-01-16 11:00:00,2025-01-17 10:00:00,21498.0,21343.75,306.5
MACD_Momentum(12/26/9),LONG,2025-01-17 10:00:00,2025-01-20 03:00:00,21343.75,21561.25,433.0
MACD_Momentum(12/26/9),SHORT,2025-01-20 03:00:00,2025-01-21 10:00:00,21561.25,21707.5,-294.5
MACD_Momentum(12/26/9),LONG,2025-01-21 10:00:00,2025-01-21 15:00:00,21707.5,21630.75,-155.5
MACD_Momentum(12/26/9),SHORT,2025-01-21 15:00:00,2025-01-21 19:00:00,21630.75,21752.75,-246.0
MACD_Momentum(12/26/9),LONG,2025-01-21 19:00:00,2025-01-21 20:00:00,21752.75,21724.75,-58.0
MACD_Momentum(12/26/9),SHORT,2025-01-21 20:00:00,2025-01-21 23:00:00,21724.75,21809.25,-171.0
MACD_Momentum(12/26/9),LONG,2025-01-21 23:00:00,2025-01-22 10:00:00,21809.25,21882.25,144.0
MACD_Momentum(12/26/9),SHORT,2025-01-22 10:00:00,2025-01-22 15:00:00,21882.25,22013.75,-265.0
MACD_Momentum(12/26/9),LONG,2025-01-22 15:00:00,2025-01-22 23:00:00,22013.75,21981.75,-66.0
MACD_Momentum(12/26/9),SHORT,2025-01-22 23:00:00,2025-01-23 20:00:00,21981.75,21953.75,54.0
MACD_Momentum(12/26/9),LONG,2025-01-23 20:00:00,2025-01-24 08:00:00,21953.75,21984.75,60.0
MACD_Momentum(12/26/9),SHORT,2025-01-24 08:00:00,2025-01-24 15:00:00,21984.75,22058.0,-148.5
MACD_Momentum(12/26/9),LONG,2025-01-24 15:00:00,2025-01-24 16:00:00,22058.0,21986.75,-144.5
MACD_Momentum(12/26/9),SHORT,2025-01-24 16:00:00,2025-01-27 16:00:00,21986.75,21312.0,1347.5
MACD_Momentum(12/26/9),LONG,2025-01-27 16:00:00,2025-01-29 14:00:00,21312.0,21602.25,578.5
MACD_Momentum(12/26/9),SHORT,2025-01-29 14:00:00,2025-01-30 03:00:00,21602.25,21657.0,-111.5
MACD_Momentum(12/26/9),LONG,2025-01-30 03:00:00,2025-01-30 12:00:00,21657.0,21641.5,-33.0
MACD_Momentum(12/26/9),SHORT,2025-01-30 12:00:00,2025-01-31 00:00:00,21641.5,21698.0,-115.0
MACD_Momentum(12/26/9),LONG,2025-01-31 00:00:00,2025-01-31 20:00:00,21698.0,21660.5,-77.0
MACD_Momentum(12/26/9),SHORT,2025-01-31 20:00:00,2025-02-03 11:00:00,21660.5,21233.5,852.0
MACD_Momentum(12/26/9),LONG,2025-02-03 11:00:00,2025-02-04 08:00:00,21233.5,21405.75,342.5
MACD_Momentum(12/26/9),SHORT,2025-02-04 08:00:00,2025-02-04 15:00:00,21405.75,21561.0,-312.5
MACD_Momentum(12/26/9),LONG,2025-02-04 15:00:00,2025-02-05 03:00:00,21561.0,21565.25,6.5
MACD_Momentum(12/26/9),SHORT,2025-02-05 03:00:00,2025-02-05 16:00:00,21565.25,21591.0,-53.5
MACD_Momentum(12/26/9),LONG,2025-02-05 16:00:00,2025-02-06 10:00:00,21591.0,21794.75,405.5
MACD_Momentum(12/26/9),SHORT,2025-02-06 10:00:00,2025-02-07 01:00:00,21794.75,21864.5,-141.5
MACD_Momentum(12/26/9),LONG,2025-02-07 01:00:00,2025-02-07 06:00:00,21864.5,21852.0,-27.0
MACD_Momentum(12/26/9),SHORT,2025-02-07 06:00:00,2025-02-10 06:00:00,21852.0,21714.5,273.0
MACD_Momentum(12/26/9),LONG,2025-02-10 06:00:00,2025-02-11 02:00:00,21714.5,21795.75,160.5
MACD_Momentum(12/26/9),SHORT,2025-02-11 02:00:00,2025-02-11 16:00:00,21795.75,21841.5,-93.5
MACD_Momentum(12/26/9),LONG,2025-02-11 16:00:00,2025-02-12 05:00:00,21841.5,21782.0,-121.0
MACD_Momentum(12/26/9),SHORT,2025-02-12 05:00:00,2025-02-12 13:00:00,21782.0,21830.5,-99.0
MACD_Momentum(12/26/9),LONG,2025-02-12 13:00:00,2025-02-12 14:00:00,21830.5,21544.75,-573.5
MACD_Momentum(12/26/9),SHORT,2025-02-12 14:00:00,2025-02-12 19:00:00,21544.75,21793.0,-498.5
MACD_Momentum(12/26/9),LONG,2025-02-12 19:00:00,2025-02-13 09:00:00,21793.0,21774.75,-38.5
MACD_Momentum(12/26/9),SHORT,2025-02-13 09:00:00,2025-02-13 15:00:00,21774.75,21919.5,-291.5
MACD_Momentum(12/26/9),LONG,2025-02-13 15:00:00,2025-02-14 09:00:00,21919.5,22117.25,393.5
MACD_Momentum(12/26/9),SHORT,2025-02-14 09:00:00,2025-02-17 00:00:00,22117.25,22211.25,-190.0
MACD_Momentum(12/26/9),LONG,2025-02-17 00:00:00,2025-02-18 10:00:00,22211.25,22272.75,121.0
MACD_Momentum(12/26/9),SHORT,2025-02-18 10:00:00,2025-02-19 03:00:00,22272.75,22285.75,-28.0
MACD_Momentum(12/26/9),LONG,2025-02-19 03:00:00,2025-02-19 07:00:00,22285.75,22256.0,-61.5
MACD_Momentum(12/26/9),SHORT,2025-02-19 07:00:00,2025-02-19 20:00:00,22256.0,22295.25,-80.5
MACD_Momentum(12/26/9),LONG,2025-02-19 20:00:00,2025-02-20 00:00:00,22295.25,22217.75,-157.0
MACD_Momentum(12/26/9),SHORT,2025-02-20 00:00:00,2025-02-20 11:00:00,22217.75,22204.25,25.0
MACD_Momentum(12/26/9),LONG,2025-02-20 11:00:00,2025-02-20 15:00:00,22204.25,22011.0,-388.5
MACD_Momentum(12/26/9),SHORT,2025-02-20 15:00:00,2025-02-20 23:00:00,22011.0,22136.0,-252.0
MACD_Momentum(12/26/9),LONG,2025-02-20 23:00:00,2025-02-21 16:00:00,22136.0,22006.25,-261.5
MACD_Momentum(12/26/9),SHORT,2025-02-21 16:00:00,2025-02-24 06:00:00,22006.25,21792.5,425.5
MACD_Momentum(12/26/9),LONG,2025-02-24 06:00:00,2025-02-24 16:00:00,21792.5,21493.0,-601.0
MACD_Momentum(12/26/9),SHORT,2025-02-24 16:00:00,2025-02-25 06:00:00,21493.0,21436.75,110.5
MACD_Momentum(12/26/9),LONG,2025-02-25 06:00:00,2025-02-25 09:00:00,21436.75,21317.5,-240.5
MACD_Momentum(12/26/9),SHORT,2025-02-25 09:00:00,2025-02-25 12:00:00,21317.5,21371.0,-109.0
MACD_Momentum(12/26/9),LONG,2025-02-25 12:00:00,2025-02-25 16:00:00,21371.0,21105.0,-534.0
MACD_Momentum(12/26/9),SHORT,2025-02-25 16:00:00,2025-02-25 23:00:00,21105.0,21230.5,-253.0
MACD_Momentum(12/26/9),LONG,2025-02-25 23:00:00,2025-02-26 19:00:00,21230.5,21100.75,-261.5
MACD_Momentum(12/26/9),SHORT,2025-02-26 19:00:00,2025-02-27 06:00:00,21100.75,21245.75,-292.0
MACD_Momentum(12/26/9),LONG,2025-02-27 06:00:00,2025-02-27 15:00:00,21245.75,21006.5,-480.5
MACD_Momentum(12/26/9),SHORT,2025-02-27 15:00:00,2025-02-28 09:00:00,21006.5,20660.25,690.5
MACD_Momentum(12/26/9),LONG,2025-02-28 09:00:00,2025-03-03 16:00:00,20660.25,20858.5,394.5
MACD_Momentum(12/26/9),SHORT,2025-03-03 16:00:00,2025-03-04 19:00:00,20858.5,20500.0,715.0
MACD_Momentum(12/26/9),LONG,2025-03-04 19:00:00,2025-03-05 14:00:00,20500.0,20419.75,-162.5
MACD_Momentum(12/26/9),SHORT,2025-03-05 14:00:00,2025-03-05 19:00:00,20419.75,20590.25,-343.0
MACD_Momentum(12/26/9),LONG,2025-03-05 19:00:00,2025-03-06 09:00:00,20590.25,20443.25,-296.0
MACD_Momentum(12/26/9),SHORT,2025-03-06 09:00:00,2025-03-07 04:00:00,20443.25,20169.75,545.0
MACD_Momentum(12/26/9),LONG,2025-03-07 04:00:00,2025-03-07 17:00:00,20169.75,19831.25,-679.0
MACD_Momentum(12/26/9),SHORT,2025-03-07 17:00:00,2025-03-07 20:00:00,19831.25,20193.5,-726.5
MACD_Momentum(12/26/9),LONG,2025-03-07 20:00:00,2025-03-10 09:00:00,20193.5,19958.0,-473.0
MACD_Momentum(12/26/9),SHORT,2025-03-10 09:00:00,2025-03-11 05:00:00,19958.0,19465.5,983.0
MACD_Momentum(12/26/9),LONG,2025-03-11 05:00:00,2025-03-13 04:00:00,19465.5,19538.75,144.5
MACD_Momentum(12/26/9),SHORT,2025-03-13 04:00:00,2025-03-14 01:00:00,19538.75,19401.25,273.0
MACD_Momentum(12/26/9),LONG,2025-03-14 01:00:00,2025-03-17 02:00:00,19401.25,19609.25,414.0
MACD_Momentum(12/26/9),SHORT,2025-03-17 02:00:00,2025-03-17 12:00:00,19609.25,19683.25,-150.0
MACD_Momentum(12/26/9),LONG,2025-03-17 12:00:00,2025-03-18 02:00:00,19683.25,19749.0,129.5
MACD_Momentum(12/26/9),SHORT,2025-03-18 02:00:00,2025-03-19 03:00:00,19749.0,19548.25,399.5
MACD_Momentum(12/26/9),LONG,2025-03-19 03:00:00,2025-03-20 10:00:00,19548.25,19747.0,395.5
MACD_Momentum(12/26/9),SHORT,2025-03-20 10:00:00,2025-03-23 22:00:00,19747.0,20050.5,-609.0
MACD_Momentum(12/26/9),LONG,2025-03-23 22:00:00,2025-03-24 20:00:00,20050.5,20365.75,628.5
MACD_Momentum(12/26/9),SHORT,2025-03-24 20:00:00,2025-03-25 22:00:00,20365.75,20511.5,-293.5
MACD_Momentum(12/26/9),LONG,2025-03-25 22:00:00,2025-03-26 03:00:00,20511.5,20493.25,-38.5
MACD_Momentum(12/26/9),SHORT,2025-03-26 03:00:00,2025-03-27 05:00:00,20493.25,20134.0,716.5
MACD_Momentum(12/26/9),LONG,2025-03-27 05:00:00,2025-03-27 22:00:00,20134.0,19995.25,-279.5
MACD_Momentum(12/26/9),SHORT,2025-03-27 22:00:00,2025-03-28 03:00:00,19995.25,19984.25,20.0
MACD_Momentum(12/26/9),LONG,2025-03-28 03:00:00,2025-03-28 08:00:00,19984.25,19857.25,-256.0
MACD_Momentum(12/26/9),SHORT,2025-03-28 08:00:00,2025-03-28 11:00:00,19857.25,19951.0,-189.5
MACD_Momentum(12/26/9),LONG,2025-03-28 11:00:00,2025-03-28 14:00:00,19951.0,19856.75,-190.5
MACD_Momentum(12/26/9),SHORT,2025-03-28 14:00:00,2025-03-31 08:00:00,19856.75,19260.25,1191.0
MACD_Momentum(12/26/9),LONG,2025-03-31 08:00:00,2025-04-02 06:00:00,19260.25,19557.25,592.0
MACD_Momentum(12/26/9),SHORT,2025-04-02 06:00:00,2025-04-02 16:00:00,19557.25,19668.75,-225.0
MACD_Momentum(12/26/9),LONG,2025-04-02 16:00:00,2025-04-02 22:00:00,19668.75,19020.0,-1299.5
MACD_Momentum(12/26/9),SHORT,2025-04-02 22:00:00,2025-04-04 06:00:00,19020.0,18640.25,757.5
MACD_Momentum(12/26/9),LONG,2025-04-04 06:00:00,2025-04-04 11:00:00,18640.25,18087.5,-1107.5
MACD_Momentum(12/26/9),SHORT,2025-04-04 11:00:00,2025-04-07 09:00:00,18087.5,16844.75,2483.5
MACD_Momentum(12/26/9),LONG,2025-04-07 09:00:00,2025-04-08 17:00:00,16844.75,17661.0,1630.5
MACD_Momentum(12/26/9),SHORT,2025-04-08 17:00:00,2025-04-09 09:00:00,17661.0,17348.75,622.5
MACD_Momentum(12/26/9),LONG,2025-04-09 09:00:00,2025-04-10 08:00:00,17348.75,18898.5,3097.5
MACD_Momentum(12/26/9),SHORT,2025-04-10 08:00:00,2025-04-11 07:00:00,18898.5,18687.75,419.5
MACD_Momentum(12/26/9),LONG,2025-04-11 07:00:00,2025-04-11 09:00:00,18687.75,18395.0,-587.5
MACD_Momentum(12/26/9),SHORT,2025-04-11 09:00:00,2025-04-11 10:00:00,18395.0,18640.5,-493.0
MACD_Momentum(12/26/9),LONG,2025-04-11 10:00:00,2025-04-11 15:00:00,18640.5,18412.0,-459.0
MACD_Momentum(12/26/9),SHORT,2025-04-11 15:00:00,2025-04-11 17:00:00,18412.0,18737.25,-652.5
MACD_Momentum(12/26/9),LONG,2025-04-11 17:00:00,2025-04-14 12:00:00,18737.25,19073.25,670.0
MACD_Momentum(12/26/9),SHORT,2025-04-14 12:00:00,2025-04-15 09:00:00,19073.25,18999.5,145.5
MACD_Momentum(12/26/9),LONG,2025-04-15 09:00:00,2025-04-15 12:00:00,18999.5,18889.5,-222.0
MACD_Momentum(12/26/9),SHORT,2025-04-15 12:00:00,2025-04-15 14:00:00,18889.5,19068.25,-359.5
MACD_Momentum(12/26/9),LONG,2025-04-15 14:00:00,2025-04-15 19:00:00,19068.25,18975.5,-187.5
MACD_Momentum(12/26/9),SHORT,2025-04-15 19:00:00,2025-04-16 12:00:00,18975.5,18694.0,561.0
MACD_Momentum(12/26/9),LONG,2025-04-16 12:00:00,2025-04-16 14:00:00,18694.0,18522.75,-344.5
MACD_Momentum(12/26/9),SHORT,2025-04-16 14:00:00,2025-04-16 16:00:00,18522.75,18588.5,-133.5
MACD_Momentum(12/26/9),LONG,2025-04-16 16:00:00,2025-04-16 17:00:00,18588.5,18561.0,-57.0
MACD_Momentum(12/26/9),SHORT,2025-04-16 17:00:00,2025-04-17 01:00:00,18561.0,18487.5,145.0
MACD_Momentum(12/26/9),LONG,2025-04-17 01:00:00,2025-04-17 15:00:00,18487.5,18304.0,-369.0
MACD_Momentum(12/26/9),SHORT,2025-04-17 15:00:00,2025-04-22 00:00:00,18304.0,18003.5,599.0
MACD_Momentum(12/26/9),LONG,2025-04-22 00:00:00,2025-04-23 17:00:00,18003.5,18915.75,1822.5
MACD_Momentum(12/26/9),SHORT,2025-04-23 17:00:00,2025-04-24 14:00:00,18915.75,19052.5,-275.5
MACD_Momentum(12/26/9),LONG,2025-04-24 14:00:00,2025-04-25 08:00:00,19052.5,19416.5,726.0
MACD_Momentum(12/26/9),SHORT,2025-04-25 08:00:00,2025-04-27 22:00:00,19416.5,19524.5,-218.0
MACD_Momentum(12/26/9),LONG,2025-04-27 22:00:00,2025-04-27 23:00:00,19524.5,19459.75,-131.5
MACD_Momentum(12/26/9),SHORT,2025-04-27 23:00:00,2025-04-29 00:00:00,19459.75,19528.25,-139.0
MACD_Momentum(12/26/9),LONG,2025-04-29 00:00:00,2025-04-29 11:00:00,19528.25,19496.0,-66.5
MACD_Momentum(12/26/9),SHORT,2025-04-29 11:00:00,2025-04-29 18:00:00,19496.0,19656.5,-323.0
MACD_Momentum(12/26/9),LONG,2025-04-29 18:00:00,2025-04-30 00:00:00,19656.5,19562.5,-190.0
MACD_Momentum(12/26/9),SHORT,2025-04-30 00:00:00,2025-04-30 10:00:00,19562.5,19589.75,-56.5
MACD_Momentum(12/26/9),LONG,2025-04-30 10:00:00,2025-04-30 12:00:00,19589.75,19527.0,-127.5
MACD_Momentum(12/26/9),SHORT,2025-04-30 12:00:00,2025-04-30 20:00:00,19527.0,19643.0,-234.0
MACD_Momentum(12/26/9),LONG,2025-04-30 20:00:00,2025-05-01 14:00:00,19643.0,19877.0,466.0
MACD_Momentum(12/26/9),SHORT,2025-05-01 14:00:00,2025-05-02 13:00:00,19877.0,20095.75,-439.5
MACD_Momentum(12/26/9),LONG,2025-05-02 13:00:00,2025-05-05 00:00:00,20095.75,20084.75,-24.0
MACD_Momentum(12/26/9),SHORT,2025-05-05 00:00:00,2025-05-05 17:00:00,20084.75,20134.0,-100.5
MACD_Momentum(12/26/9),LONG,2025-05-05 17:00:00,2025-05-05 22:00:00,20134.0,20014.25,-241.5
MACD_Momentum(12/26/9),SHORT,2025-05-05 22:00:00,2025-05-06 19:00:00,20014.25,19953.75,119.0
MACD_Momentum(12/26/9),LONG,2025-05-06 19:00:00,2025-05-07 13:00:00,19953.75,19932.25,-45.0
MACD_Momentum(12/26/9),SHORT,2025-05-07 13:00:00,2025-05-07 23:00:00,19932.25,19943.75,-25.0
MACD_Momentum(12/26/9),LONG,2025-05-07 23:00:00,2025-05-08 15:00:00,19943.75,20016.25,143.0
MACD_Momentum(12/26/9),SHORT,2025-05-08 15:00:00,2025-05-08 17:00:00,20016.25,20331.0,-631.5
MACD_Momentum(12/26/9),LONG,2025-05-08 17:00:00,2025-05-08 20:00:00,20331.0,20153.0,-358.0
MACD_Momentum(12/26/9),SHORT,2025-05-08 20:00:00,2025-05-09 14:00:00,20153.0,20254.0,-204.0
MACD_Momentum(12/26/9),LONG,2025-05-09 14:00:00,2025-05-09 15:00:00,20254.0,20143.0,-224.0
MACD_Momentum(12/26/9),SHORT,2025-05-09 15:00:00,2025-05-11 23:00:00,20143.0,20409.75,-535.5
MACD_Momentum(12/26/9),LONG,2025-05-11 23:00:00,2025-05-12 17:00:00,20409.75,20878.25,935.0
MACD_Momentum(12/26/9),SHORT,2025-05-12 17:00:00,2025-05-13 14:00:00,20878.25,21125.0,-495.5
MACD_Momentum(12/26/9),LONG,2025-05-13 14:00:00,2025-05-14 02:00:00,21125.0,21283.5,315.0
MACD_Momentum(12/26/9),SHORT,2025-05-14 02:00:00,2025-05-15 16:00:00,21283.5,21429.5,-294.0
MACD_Momentum(12/26/9),LONG,2025-05-15 16:00:00,2025-05-16 01:00:00,21429.5,21359.75,-141.5
MACD_Momentum(12/26/9),SHORT,2025-05-16 01:00:00,2025-05-16 09:00:00,21359.75,21461.75,-206.0
MACD_Momentum(12/26/9),LONG,2025-05-16 09:00:00,2025-05-16 15:00:00,21461.75,21391.5,-142.5
MACD_Momentum(12/26/9),SHORT,2025-05-16 15:00:00,2025-05-16 20:00:00,21391.5,21505.25,-229.5
MACD_Momentum(12/26/9),LONG,2025-05-16 20:00:00,2025-05-18 22:00:00,21505.25,21310.75,-391.0
MACD_Momentum(12/26/9),SHORT,2025-05-18 22:00:00,2025-05-19 14:00:00,21310.75,21356.0,-92.5
MACD_Momentum(12/26/9),LONG,2025-05-19 14:00:00,2025-05-20 06:00:00,21356.0,21419.0,124.0
MACD_Momentum(12/26/9),SHORT,2025-05-20 06:00:00,2025-05-21 15:00:00,21419.0,21456.5,-77.0
MACD_Momentum(12/26/9),LONG,2025-05-21 15:00:00,2025-05-21 19:00:00,21456.5,21178.0,-559.0
MACD_Momentum(12/26/9),SHORT,2025-05-21 19:00:00,2025-05-22 08:00:00,21178.0,21196.5,-39.0
MACD_Momentum(12/26/9),LONG,2025-05-22 08:00:00,2025-05-23 02:00:00,21196.5,21163.5,-68.0
MACD_Momentum(12/26/9),SHORT,2025-05-23 02:00:00,2025-05-23 09:00:00,21163.5,21186.75,-48.5
MACD_Momentum(12/26/9),LONG,2025-05-23 09:00:00,2025-05-23 11:00:00,21186.75,20833.75,-708.0
"Parabolic_SAR(af=0.02,max=0.2)",LONG,2024-03-19 06:00:00,2024-03-19 08:00:00,18200.5,18178.75,-45.5
"Parabolic_SAR(af=0.02,max=0.2)",SHORT,2024-03-19 08:00:00,2024-03-19 09:00:00,18178.75,18223.25,-91.0
"Parabolic_SAR(af=0.02,max=0.2)",LONG,2024-03-19 09:00:00,2024-03-19 12:00:00,18223.25,18119.75,-209.0
"Parabolic_SAR(af=0.02,max=0.2)",SHORT,2024-03-19 12:00:00,2024-03-19 17:00:00,18119.75,18243.75,-250.0
"Parabolic_SAR(af=0.02,max=0.2)",LONG,2024-03-19 17:00:00,2024-03-20 18:00:00,18243.75,18272.5,55.5
"Parabolic_SAR(af=0.02,max=0.2)",SHORT,2024-03-20 18:00:00,2024-03-20 19:00:00,18272.5,18419.0,-295.0
"Parabolic_SAR(af=0.02,max=0.2)",LONG,2024-03-20 19:00:00,2024-03-21 15:00:00,18419.0,18643.5,447.0
"Parabolic_SAR(af=0.02,max=0.2)",SHORT,2024-03-21 15:00:00,2024-03-21 17:00:00,18643.5,18689.0,-93.0
"Parabolic_SAR(af=0.02,max=0.2)",LONG,2024-03-21 17:00:00,2024-03-21 18:00:00,18689.0,18618.5,-143.0
"Parabolic_SAR(af=0.02,max=0.2)",SHORT,2024-03-21 18:00:00,2024-03-22 17:00:00,18618.5,18580.0,75.0
"Parabolic_SAR(af=0.02,max=0.2)",LONG,2024-03-22 17:00:00,2024-03-25 07:00:00,18580.0,18547.0,-68.0
"Parabolic_SAR(af=0.02,max=0.2)",SHORT,2024-03-25 07:00:00,2024-03-25 16:00:00,18547.0,18534.5,23.0
"Parabolic_SAR(af=0.02,max=0.2)",LONG,2024-03-25 16:00:00,2024-03-26 14:00:00,18534.5,18589.5,108.0
"Parabolic_SAR(af=0.02,max=0.2)",SHORT,2024-03-26 14:00:00,2024-03-27 05:00:00,18589.5,18516.5,144.0
"Parabolic_SAR(af=0.02,max=0.2)",LONG,2024-03-27 05:00:00,2024-03-27 14:00:00,18516.5,18450.5,-134.0
"Parabolic_SAR(af=0.02,max=0.2)",SHORT,2024-03-27 14:00:00,2024-03-28 05:00:00,18450.5,18501.0,-103.0
"Parabolic_SAR(af=0.02,max=0.2)",LONG,2024-03-28 05:00:00,2024-03-28 18:00:00,18501.0,18469.25,-65.5
"Parabolic_SAR(af=0.02,max=0.2)",SHORT,2024-03-28 18:00:00,2024-03-31 23:00:00,18469.25,18571.75,-207.0
"Parabolic_SAR(af=0.02,max=0.2)",LONG,2024-03-31 23:00:00,2024-04-01 13:00:00,18571.75,18515.25,-115.0
"Parabolic_SAR(af=0.02,max=0.2)",SHORT,2024-04-01 13:00:00,2024-04-02 03:00:00,18515.25,18486.75,55.0
"Parabolic_SAR(af=0.02,max=0.2)",LONG,2024-04-02 03:00:00,2024-04-02 11:00:00,18486.75,18437.5,-100.5
"Parabolic_SAR(af=0.02,max=0.2)",SHORT,2024-04-02 11:00:00,2024-04-02 22:00:00,18437.5,18345.0,183.0
"Parabolic_SAR(af=0.02,max=0.2)",LONG,2024-04-02 22:00:00,2024-04-03 14:00:00,18345.0,18270.0,-152.0
"Parabolic_SAR(af=0.02,max=0.2)",SHORT,2024-04-03 14:00:00,2024-04-03 15:00:00,18270.0,18429.25,-320.5
"Parabolic_SAR(af=0.02,max=0.2)",LONG,2024-04-03 15:00:00,2024-04-04 19:00:00,18429.25,18226.0,-408.5
"Parabolic_SAR(af=0.02,max=0.2)",SHORT,2024-04-04 19:00:00,2024-04-05 14:00:00,18226.0,18206.75,36.5
"Parabolic_SAR(af=0.02,max=0.2)",LONG,2024-04-05 14:00:00,2024-04-08 04:00:00,18206.75,18285.0,154.5
"Parabolic_SAR(af=0.02,max=0.2)",SHORT,2024-04-08 04:00:00,2024-04-08 15:00:00,18285.0,18364.5,-161.0
"Parabolic_SAR(af=0.02,max=0.2)",LONG,2024-04-08 15:00:00,2024-04-09 08:00:00,18364.5,18276.0,-179.0
"Parabolic_SAR(af=0.02,max=0.2)",SHORT,2024-04-09 08:00:00,2024-04-09 13:00:00,18276.0,18362.0,-174.0
"Parabolic_SAR(af=0.02,max=0.2)",LONG,2024-04-09 13:00:00,2024-04-09 15:00:00,18362.0,18216.75,-292.5
"Parabolic_SAR(af=0.02,max=0.2)",SHORT,2024-04-09 15:00:00,2024-04-09 22:00:00,18216.75,18381.0,-330.5
"Parabolic_SAR(af=0.02,max=0.2)",LONG,2024-04-09 22:00:00,2024-04-10 13:00:00,18381.0,18107.75,-548.5
"Parabolic_SAR(af=0.02,max=0.2)",SHORT,2024-04-10 13:00:00,2024-04-11 16:00:00,18107.75,18317.0,-420.5
"Parabolic_SAR(af=0.02,max=0.2)",LONG,2024-04-11 16:00:00,2024-04-12 10:00:00,18317.0,18425.0,214.0
"Parabolic_SAR(af=0.02,max=0.2)",SHORT,2024-04-12 10:00:00,2024-04-15 00:00:00,18425.0,18237.5,373.0
"Parabolic_SAR(af=0.02,max=0.2)",LONG,2024-04-15 00:00:00,2024-04-15 15:00:00,18237.5,18172.0,-133.0
"Parabolic_SAR(af=0.02,max=0.2)",SHORT,2024-04-15 15:00:00,2024-04-16 12:00:00,18172.0,17908.25,525.5
"Parabolic_SAR(af=0.02,max=0.2)",LONG,2024-04-16 12:00:00,2024-04-17 06:00:00,17908.25,17857.0,-104.5
"Parabolic_SAR(af=0.02,max=0.2)",SHORT,2024-04-17 06:00:00,2024-04-17 14:00:00,17857.0,17892.0,-72.0
"Parabolic_SAR(af=0.02,max=0.2)",LONG,2024-04-17 14:00:00,2024-04-17 15:00:00,17892.0,17802.0,-182.0
"Parabolic_SAR(af=0.02,max=0.2)",SHORT,2024-04-17 15:00:00,2024-04-18 07:00:00,17802.0,17764.0,74.0
"Parabolic_SAR(af=0.02,max=0.2)",LONG,2024-04-18 07:00:00,2024-04-18 14:00:00,17764.0,17610.0,-310.0
"Parabolic_SAR(af=0.02,max=0.2)",SHORT,2024-04-18 14:00:00,2024-04-19 07:00:00,17610.0,17426.5,365.0
"Parabolic_SAR(af=0.02,max=0.2)",LONG,2024-04-19 07:00:00,2024-04-19 16:00:00,17426.5,17290.0,-275.0
"Parabolic_SAR(af=0.02,max=0.2)",SHORT,2024-04-19 16:00:00,2024-04-22 07:00:00,17290.0,17300.0,-22.0
"Parabolic_SAR(af=0.02,max=0.2)",LONG,2024-04-22 07:00:00,2024-04-22 16:00:00,17300.0,17251.5,-99.0
"Parabolic_SAR(af=0.02,max=0.2)",SHORT,2024-04-22 16:00:00,2024-04-22 18:00:00,17251.5,17397.25,-293.5
"Parabolic_SAR(af=0.02,max=0.2)",LONG,2024-04-22 18:00:00,2024-04-24 08:00:00,17397.25,17727.75,659.0
"Parabolic_SAR(af=0.02,max=0.2)",SHORT,2024-04-24 08:00:00,2024-04-24 13:00:00,17727.75,17705.25,43.0
"Parabolic_SAR(af=0.02,max=0.2)",LONG,2024-04-24 13:00:00,2024-04-24 16:00:00,17705.25,17607.25,-198.0
"Parabolic_SAR(af=0.02,max=0.2)",SHORT,2024-04-24 16:00:00,2024-04-25 17:00:00,17607.25,17494.75,223.0
"Parabolic_SAR(af=0.02,max=0.2)",LONG,2024-04-25 17:00:00,2024-04-26 13:00:00,17494.75,17728.25,465.0
"Parabolic_SAR(af=0.02,max=0.2)",SHORT,2024-04-26 13:00:00,2024-04-26 15:00:00,17728.25,17854.5,-254.5
"Parabolic_SAR(af=0.02,max=0.2)",LONG,2024-04-26 15:00:00,2024-04-29 11:00:00,17854.5,17898.25,85.5
"Parabolic_SAR(af=0.02,max=0.2)",SHORT,2024-04-29 11:00:00,2024-04-29 13:00:00,17898.25,17922.0,-49.5
"Parabolic_SAR(af=0.02,max=0.2)",LONG,2024-04-29 13:00:00,2024-04-29 14:00:00,17922.0,17867.0,-112.0
"Parabolic_SAR(af=0.02,max=0.2)",SHORT,2024-04-29 14:00:00,2024-04-30 03:00:00,17867.0,17910.5,-89.0
"Parabolic_SAR(af=0.02,max=0.2)",LONG,2024-04-30 03:00:00,2024-04-30 13:00:00,17910.5,17826.5,-170.0
"Parabolic_SAR(af=0.02,max=0.2)",SHORT,2024-04-30 13:00:00,2024-05-01 13:00:00,17826.5,17498.0,655.0
"Parabolic_SAR(af=0.02,max=0.2)",LONG,2024-05-01 13:00:00,2024-05-01 16:00:00,17498.0,17421.75,-154.5
"Parabolic_SAR(af=0.02,max=0.2)",SHORT,2024-05-01 16:00:00,2024-05-01 19:00:00,17421.75,17750.75,-660.0
"Parabolic_SAR(af=0.02,max=0.2)",LONG,2024-05-01 19:00:00,2024-05-02 08:00:00,17750.75,17569.75,-364.0
"Parabolic_SAR(af=0.02,max=0.2)",SHORT,2024-05-02 08:00:00,2024-05-02 19:00:00,17569.75,17664.75,-192.0
"Parabolic_SAR(af=0.02,max=0.2)",LONG,2024-05-02 19:00:00,2024-05-06 04:00:00,17664.75,18006.25,681.0
"Parabolic_SAR(af=0.02,max=0.2)",SHORT,2024-05-06 04:00:00,2024-05-06 10:00:00,18006.25,18043.0,-75.5
"Parabolic_SAR(af=0.02,max=0.2)",LONG,2024-05-06 10:00:00,2024-05-07 08:00:00,18043.0,18165.0,242.0
"Parabolic_SAR(af=0.02,max=0.2)",SHORT,2024-05-07 08:00:00,2024-05-07 10:00:00,18165.0,18173.75,-19.5
"Parabolic_SAR(af=0.02,max=0.2)",LONG,2024-05-07 10:00:00,2024-05-07 12:00:00,18173.75,18165.0,-19.5
"Parabolic_SAR(af=0.02,max=0.2)",SHORT,2024-05-07 12:00:00,2024-05-07 14:00:00,18165.0,18193.25,-58.5
"Parabolic_SAR(af=0.02,max=0.2)",LONG,2024-05-07 14:00:00,2024-05-07 19:00:00,18193.25,18194.5,0.5
"Parabolic_SAR(af=0.02,max=0.2)",SHORT,2024-05-07 19:00:00,2024-05-08 15:00:00,18194.5,18218.25,-49.5
"Parabolic_SAR(af=0.02,max=0.2)",LONG,2024-05-08 15:00:00,2024-05-09 10:00:00,18218.25,18130.0,-178.5
"Parabolic_SAR(af=0.02,max=0.2)",SHORT,2024-05-09 10:00:00,2024-05-09 16:00:00,18130.0,18179.0,-100.0
"Parabolic_SAR(af=0.02,max=0.2)",LONG,2024-05-09 16:00:00,2024-05-10 13:00:00,18179.0,18253.25,146.5
"Parabolic_SAR(af=0.02,max=0.2)",SHORT,2024-05-10 13:00:00,2024-05-10 14:00:00,18253.25,18328.75,-153.0
"Parabolic_SAR(af=0.02,max=0.2)",LONG,2024-05-10 14:00:00,2024-05-10 15:00:00,18328.75,18219.0,-221.5
"Parabolic_SAR(af=0.02,max=0.2)",SHORT,2024-05-10 15:00:00,2024-05-13 10:00:00,18219.0,18288.5,-141.0
"Parabolic_SAR(af=0.02,max=0.2)",LONG,2024-05-13 10:00:00,2024-05-13 18:00:00,18288.5,18283.75,-11.5
"Parabolic_SAR(af=0.02,max=0.2)",SHORT,2024-05-13 18:00:00,2024-05-14 14:00:00,18283.75,18289.5,-13.5
"Parabolic_SAR(af=0.02,max=0.2)",LONG,2024-05-14 14:00:00,2024-05-16 07:00:00,18289.5,18716.0,851.0
"Parabolic_SAR(af=0.02,max=0.2)",SHORT,2024-05-16 07:00:00,2024-05-16 15:00:00,18716.0,18748.0,-66.0
"Parabolic_SAR(af=0.02,max=0.2)",LONG,2024-05-16 15:00:00,2024-05-16 18:00:00,18748.0,18710.25,-77.5
"Parabolic_SAR(af=0.02,max=0.2)",SHORT,2024-05-16 18:00:00,2024-05-17 12:00:00,18710.25,18669.0,80.5
"Parabolic_SAR(af=0.02,max=0.2)",LONG,2024-05-17 12:00:00,2024-05-17 14:00:00,18669.0,18638.5,-63.0
"Parabolic_SAR(af=0.02,max=0.2)",SHORT,2024-05-17 14:00:00,2024-05-19 23:00:00,18638.5,18654.25,-33.5
"Parabolic_SAR(af=0.02,max=0.2)",LONG,2024-05-19 23:00:00,2024-05-20 14:00:00,18654.25,18749.75,189.0
"Parabolic_SAR(af=0.02,max=0.2)",SHORT,2024-05-20 14:00:00,2024-05-20 15:00:00,18749.75,18743.75,10.0
"Parabolic_SAR(af=0.02,max=0.2)",LONG,2024-05-20 15:00:00,2024-05-21 13:00:00,18743.75,18718.25,-53.0
"Parabolic_SAR(af=0.02,max=0.2)",SHORT,2024-05-21 13:00:00,2024-05-21 18:00:00,18718.25,18775.75,-117.0
"Parabolic_SAR(af=0.02,max=0.2)",LONG,2024-05-21 18:00:00,2024-05-22 09:00:00,18775.75,18792.5,31.5
"Parabolic_SAR(af=0.02,max=0.2)",SHORT,2024-05-22 09:00:00,2024-05-22 14:00:00,18792.5,18823.75,-64.5
"Parabolic_SAR(af=0.02,max=0.2)",LONG,2024-05-22 14:00:00,2024-05-22 18:00:00,18823.75,18771.75,-106.0
"Parabolic_SAR(af=0.02,max=0.2)",SHORT,2024-05-22 18:00:00,2024-05-22 22:00:00,18771.75,18860.5,-179.5
"Parabolic_SAR(af=0.02,max=0.2)",LONG,2024-05-22 22:00:00,2024-05-23 14:00:00,18860.5,18852.0,-19.0
"Parabolic_SAR(af=0.02,max=0.2)",SHORT,2024-05-23 14:00:00,2024-05-24 09:00:00,18852.0,18736.25,229.5
"Parabolic_SAR(af=0.02,max=0.2)",LONG,2024-05-24 09:00:00,2024-05-27 00:00:00,18736.25,18836.75,199.0
"Parabolic_SAR(af=0.02,max=0.2)",SHORT,2024-05-27 00:00:00,2024-05-28 05:00:00,18836.75,18921.25,-171.0
"Parabolic_SAR(af=0.02,max=0.2)",LONG,2024-05-28 05:00:00,2024-05-28 14:00:00,18921.25,18864.5,-115.5
"Parabolic_SAR(af=0.02,max=0.2)",SHORT,2024-05-28 14:00:00,2024-05-28 22:00:00,18864.5,18949.5,-172.0
"Parabolic_SAR(af=0.02,max=0.2)",LONG,2024-05-28 22:00:00,2024-05-29 08:00:00,18949.5,18851.25,-198.5
"Parabolic_SAR(af=0.02,max=0.2)",SHORT,2024-05-29 08:00:00,2024-05-30 08:00:00,18851.25,18698.75,303.0
"Parabolic_SAR(af=0.02,max=0.2)",LONG,2024-05-30 08:00:00,2024-05-30 15:00:00,18698.75,18658.25,-83.0
"Parabolic_SAR(af=0.02,max=0.2)",SHORT,2024-05-30 15:00:00,2024-05-31 13:00:00,18658.25,18647.0,20.5
"Parabolic_SAR(af=0.02,max=0.2)",LONG,2024-05-31 13:00:00,2024-05-31 15:00:00,18647.0,18387.0,-522.0
"Parabolic_SAR(af=0.02,max=0.2)",SHORT,2024-05-31 15:00:00,2024-05-31 20:00:00,18387.0,18598.5,-425.0
"Parabolic_SAR(af=0.02,max=0.2)",LONG,2024-05-31 20:00:00,2024-06-03 15:00:00,18598.5,18590.5,-18.0
"Parabolic_SAR(af=0.02,max=0.2)",SHORT,2024-06-03 15:00:00,2024-06-03 22:00:00,18590.5,18662.5,-146.0
"Parabolic_SAR(af=0.02,max=0.2)",LONG,2024-06-03 22:00:00,2024-06-04 10:00:00,18662.5,18543.5,-240.0
"Parabolic_SAR(af=0.02,max=0.2)",SHORT,2024-06-04 10:00:00,2024-06-04 15:00:00,18543.5,18610.5,-136.0
"Parabolic_SAR(af=0.02,max=0.2)",LONG,2024-06-04 15:00:00,2024-06-06 07:00:00,18610.5,19090.75,958.5
"Parabolic_SAR(af=0.02,max=0.2)",SHORT,2024-06-06 07:00:00,2024-06-06 13:00:00,19090.75,19093.0,-6.5
"Parabolic_SAR(af=0.02,max=0.2)",LONG,2024-06-06 13:00:00,2024-06-06 14:00:00,19093.0,19033.75,-120.5
"Parabolic_SAR(af=0.02,max=0.2)",SHORT,2024-06-06 14:00:00,2024-06-07 04:00:00,19033.75,19082.25,-99.0
"Parabolic_SAR(af=0.02,max=0.2)",LONG,2024-06-07 04:00:00,2024-06-07 13:00:00,19082.25,18982.5,-201.5
"Parabolic_SAR(af=0.02,max=0.2)",SHORT,2024-06-07 13:00:00,2024-06-07 17:00:00,18982.5,19141.75,-320.5
"Parabolic_SAR(af=0.02,max=0.2)",LONG,2024-06-07 17:00:00,2024-06-10 07:00:00,19141.75,19007.0,-271.5
"Parabolic_SAR(af=0.02,max=0.2)",SHORT,2024-06-10 07:00:00,2024-06-10 16:00:00,19007.0,19088.25,-164.5
"Parabolic_SAR(af=0.02,max=0.2)",LONG,2024-06-10 16:00:00,2024-06-11 08:00:00,19088.25,19064.5,-49.5
"RSI_Reversion(14,30/70)",SHORT,2024-03-19 19:00:00,2024-03-20 00:00:00,18266.0,18268.5,-7.0
"RSI_Reversion(14,30/70)",SHORT,2024-03-20 12:00:00,2024-03-20 13:00:00,18323.25,18298.75,47.0
"RSI_Reversion(14,30/70)",SHORT,2024-03-20 19:00:00,2024-03-21 18:00:00,18419.0,18618.5,-401.0
"RSI_Reversion(14,30/70)",LONG,2024-04-02 13:00:00,2024-04-02 17:00:00,18338.0,18289.75,-98.5
"RSI_Reversion(14,30/70)",SHORT,2024-04-04 13:00:00,2024-04-04 14:00:00,18536.25,18517.75,35.0
"RSI_Reversion(14,30/70)",LONG,2024-04-04 20:00:00,2024-04-05 04:00:00,18075.25,18110.0,67.5
"RSI_Reversion(14,30/70)",SHORT,2024-04-05 17:00:00,2024-04-05 18:00:00,18400.5,18291.25,216.5
"RSI_Reversion(14,30/70)",LONG,2024-04-10 13:00:00,2024-04-10 14:00:00,18107.75,18179.5,141.5
"RSI_Reversion(14,30/70)",SHORT,2024-04-11 18:00:00,2024-04-12 08:00:00,18437.0,18469.25,-66.5
"RSI_Reversion(14,30/70)",LONG,2024-04-15 18:00:00,2024-04-16 08:00:00,17923.25,17874.5,-99.5
"RSI_Reversion(14,30/70)",LONG,2024-04-16 10:00:00,2024-04-16 11:00:00,17845.0,17859.0,26.0
"RSI_Reversion(14,30/70)",LONG,2024-04-17 17:00:00,2024-04-17 18:00:00,17643.25,17741.75,195.0
"RSI_Reversion(14,30/70)",LONG,2024-04-19 00:00:00,2024-04-19 05:00:00,17489.5,17367.0,-247.0
"RSI_Reversion(14,30/70)",LONG,2024-04-19 19:00:00,2024-04-21 23:00:00,17159.5,17257.25,193.5
"RSI_Reversion(14,30/70)",SHORT,2024-04-23 15:00:00,2024-04-23 20:00:00,17593.0,17607.75,-31.5
"RSI_Reversion(14,30/70)",SHORT,2024-04-23 22:00:00,2024-04-24 09:00:00,17682.0,17696.5,-31.0
"RSI_Reversion(14,30/70)",SHORT,2024-04-25 22:00:00,2024-04-25 23:00:00,17808.25,17776.25,62.0
"RSI_Reversion(14,30/70)",SHORT,2024-04-26 17:00:00,2024-04-26 19:00:00,17882.5,17867.25,28.5
"RSI_Reversion(14,30/70)",SHORT,2024-04-29 06:00:00,2024-04-29 07:00:00,17921.75,17891.25,59.0
"RSI_Reversion(14,30/70)",LONG,2024-04-30 17:00:00,2024-04-30 18:00:00,17704.5,17728.75,46.5
"RSI_Reversion(14,30/70)",LONG,2024-04-30 19:00:00,2024-05-01 13:00:00,17682.0,17498.0,-370.0
"RSI_Reversion(14,30/70)",LONG,2024-05-01 16:00:00,2024-05-01 17:00:00,17421.75,17432.75,20.0
"RSI_Reversion(14,30/70)",SHORT,2024-05-03 13:00:00,2024-05-03 15:00:00,17923.25,17925.5,-6.5
"RSI_Reversion(14,30/70)",SHORT,2024-05-03 16:00:00,2024-05-06 00:00:00,17987.0,18005.0,-38.0
"RSI_Reversion(14,30/70)",SHORT,2024-05-06 11:00:00,2024-05-06 12:00:00,18052.25,18042.5,17.5
"RSI_Reversion(14,30/70)",SHORT,2024-05-06 14:00:00,2024-05-07 08:00:00,18109.75,18165.0,-112.5
"RSI_Reversion(14,30/70)",SHORT,2024-05-07 15:00:00,2024-05-07 17:00:00,18250.5,18240.0,19.0
"RSI_Reversion(14,30/70)",LONG,2024-05-08 13:00:00,2024-05-08 14:00:00,18091.75,18168.0,150.5
"RSI_Reversion(14,30/70)",SHORT,2024-05-10 10:00:00,2024-05-10 11:00:00,18302.5,18290.5,22.0
"RSI_Reversion(14,30/70)",SHORT,2024-05-14 19:00:00,2024-05-15 01:00:00,18409.75,18408.75,0.0
"RSI_Reversion(14,30/70)",SHORT,2024-05-15 02:00:00,2024-05-15 05:00:00,18421.0,18411.0,18.0
"RSI_Reversion(14,30/70)",SHORT,2024-05-15 13:00:00,2024-05-15 14:00:00,18510.25,18483.25,52.0
"RSI_Reversion(14,30/70)",SHORT,2024-05-15 15:00:00,2024-05-16 13:00:00,18571.5,18695.0,-249.0
"RSI_Reversion(14,30/70)",SHORT,2024-05-16 15:00:00,2024-05-16 17:00:00,18748.0,18733.75,26.5
"RSI_Reversion(14,30/70)",SHORT,2024-05-20 17:00:00,2024-05-20 18:00:00,18791.25,18745.75,89.0
"RSI_Reversion(14,30/70)",SHORT,2024-05-23 03:00:00,2024-05-23 07:00:00,18944.5,18943.0,1.0
"RSI_Reversion(14,30/70)",SHORT,2024-05-23 11:00:00,2024-05-23 14:00:00,18967.0,18852.0,228.0
"RSI_Reversion(14,30/70)",SHORT,2024-05-28 09:00:00,2024-05-28 10:00:00,18977.25,18969.5,13.5
"RSI_Reversion(14,30/70)",LONG,2024-05-30 03:00:00,2024-05-30 08:00:00,18691.75,18698.75,12.0
"RSI_Reversion(14,30/70)",LONG,2024-05-30 23:00:00,2024-05-31 02:00:00,18569.75,18555.25,-31.0
"RSI_Reversion(14,30/70)",LONG,2024-05-31 03:00:00,2024-05-31 04:00:00,18526.25,18561.75,69.0
"RSI_Reversion(14,30/70)",LONG,2024-05-31 16:00:00,2024-05-31 18:00:00,18300.5,18341.5,80.0
"RSI_Reversion(14,30/70)",SHORT,2024-06-05 12:00:00,2024-06-06 14:00:00,18807.25,19033.75,-455.0
"RSI_Reversion(14,30/70)",SHORT,2024-06-11 22:00:00,2024-06-12 01:00:00,19248.0,19244.25,5.5
"RSI_Reversion(14,30/70)",SHORT,2024-06-12 04:00:00,2024-06-12 05:00:00,19266.75,19256.5,18.5
"RSI_Reversion(14,30/70)",SHORT,2024-06-12 13:00:00,2024-06-13 10:00:00,19422.25,19597.5,-352.5
"RSI_Reversion(14,30/70)",SHORT,2024-06-17 17:00:00,2024-06-18 02:00:00,19828.25,19894.0,-133.5
"RSI_Reversion(14,30/70)",SHORT,2024-06-18 09:00:00,2024-06-18 11:00:00,19952.75,19950.75,2.0
"RSI_Reversion(14,30/70)",SHORT,2024-06-20 05:00:00,2024-06-20 10:00:00,20030.5,20046.25,-33.5
"RSI_Reversion(14,30/70)",LONG,2024-06-20 17:00:00,2024-06-20 22:00:00,19812.0,19781.25,-63.5
"RSI_Reversion(14,30/70)",LONG,2024-06-21 09:00:00,2024-06-21 10:00:00,19716.25,19747.75,61.0
"RSI_Reversion(14,30/70)",SHORT,2024-06-26 08:00:00,2024-06-26 09:00:00,20067.5,20046.75,39.5
"RSI_Reversion(14,30/70)",SHORT,2024-07-02 18:00:00,2024-07-08 15:00:00,20209.25,20609.25,-802.0
"RSI_Reversion(14,30/70)",SHORT,2024-07-08 16:00:00,2024-07-08 17:00:00,20668.0,20634.75,64.5
"RSI_Reversion(14,30/70)",SHORT,2024-07-08 22:00:00,2024-07-09 02:00:00,20681.0,20711.0,-62.0
"RSI_Reversion(14,30/70)",SHORT,2024-07-09 04:00:00,2024-07-09 06:00:00,20734.25,20725.75,15.0
"RSI_Reversion(14,30/70)",SHORT,2024-07-09 10:00:00,2024-07-09 11:00:00,20740.5,20739.25,0.5
"RSI_Reversion(14,30/70)",SHORT,2024-07-10 17:00:00,2024-07-11 01:00:00,20847.5,20862.25,-31.5
"RSI_Reversion(14,30/70)",LONG,2024-07-11 15:00:00,2024-07-12 09:00:00,20604.0,20436.0,-338.0
"RSI_Reversion(14,30/70)",SHORT,2024-07-15 15:00:00,2024-07-15 16:00:00,20727.75,20700.75,52.0
"RSI_Reversion(14,30/70)",LONG,2024-07-17 07:00:00,2024-07-18 07:00:00,20455.25,20141.5,-629.5
"RSI_Reversion(14,30/70)",LONG,2024-07-18 16:00:00,2024-07-18 17:00:00,19797.5,19913.5,230.0
"RSI_Reversion(14,30/70)",LONG,2024-07-21 22:00:00,2024-07-21 23:00:00,19749.0,19790.75,81.5
"RSI_Reversion(14,30/70)",LONG,2024-07-24 13:00:00,2024-07-25 13:00:00,19633.5,19233.25,-802.5
"RSI_Reversion(14,30/70)",LONG,2024-07-25 14:00:00,2024-07-25 15:00:00,19031.25,19214.5,364.5
"RSI_Reversion(14,30/70)",LONG,2024-07-30 16:00:00,2024-07-30 18:00:00,18929.75,18936.75,12.0
"RSI_Reversion(14,30/70)",SHORT,2024-07-31 15:00:00,2024-07-31 17:00:00,19452.5,19429.25,44.5
"RSI_Reversion(14,30/70)",SHORT,2024-07-31 19:00:00,2024-07-31 20:00:00,19554.25,19496.5,113.5
"RSI_Reversion(14,30/70)",SHORT,2024-07-31 22:00:00,2024-08-01 07:00:00,19593.25,19596.0,-7.5
"RSI_Reversion(14,30/70)",LONG,2024-08-01 17:00:00,2024-08-01 20:00:00,19091.0,19026.75,-130.5
"RSI_Reversion(14,30/70)",LONG,2024-08-01 23:00:00,2024-08-02 00:00:00,18865.25,18913.0,93.5
"RSI_Reversion(14,30/70)",LONG,2024-08-02 03:00:00,2024-08-02 08:00:00,18762.75,18748.5,-30.5
"RSI_Reversion(14,30/70)",LONG,2024-08-02 09:00:00,2024-08-02 11:00:00,18729.5,18713.25,-34.5
"RSI_Reversion(14,30/70)",LONG,2024-08-02 12:00:00,2024-08-02 16:00:00,18673.75,18589.0,-171.5
"RSI_Reversion(14,30/70)",LONG,2024-08-04 23:00:00,2024-08-05 08:00:00,18347.0,17854.75,-986.5
"RSI_Reversion(14,30/70)",LONG,2024-08-05 11:00:00,2024-08-05 14:00:00,17774.75,17889.25,227.0
"RSI_Reversion(14,30/70)",SHORT,2024-08-09 00:00:00,2024-08-09 01:00:00,18599.75,18520.5,156.5
"RSI_Reversion(14,30/70)",SHORT,2024-08-13 15:00:00,2024-08-14 05:00:00,18941.0,19104.0,-328.0
"RSI_Reversion(14,30/70)",SHORT,2024-08-14 06:00:00,2024-08-14 07:00:00,19114.0,19105.75,14.5
"RSI_Reversion(14,30/70)",SHORT,2024-08-14 13:00:00,2024-08-14 14:00:00,19131.5,19029.5,202.0
"RSI_Reversion(14,30/70)",SHORT,2024-08-15 14:00:00,2024-08-16 09:00:00,19461.25,19625.25,-330.0
"RSI_Reversion(14,30/70)",SHORT,2024-08-19 19:00:00,2024-08-20 09:00:00,19769.75,19875.25,-213.0
"RSI_Reversion(14,30/70)",LONG,2024-08-22 16:00:00,2024-08-23 00:00:00,19711.25,19638.75,-147.0
"RSI_Reversion(14,30/70)",LONG,2024-08-26 15:00:00,2024-08-26 17:00:00,19600.25,19620.25,38.0
"RSI_Reversion(14,30/70)",LONG,2024-08-28 16:00:00,2024-08-28 17:00:00,19426.5,19452.75,50.5
"RSI_Reversion(14,30/70)",LONG,2024-08-28 18:00:00,2024-08-28 19:00:00,19297.25,19429.75,263.0
"RSI_Reversion(14,30/70)",LONG,2024-08-28 23:00:00,2024-08-29 01:00:00,19183.75,19241.5,113.5
"RSI_Reversion(14,30/70)",LONG,2024-09-03 15:00:00,2024-09-04 10:00:00,19162.5,18922.75,-481.5
"RSI_Reversion(14,30/70)",LONG,2024-09-04 11:00:00,2024-09-04 13:00:00,18861.5,18910.25,95.5
"RSI_Reversion(14,30/70)",LONG,2024-09-06 17:00:00,2024-09-06 18:00:00,18450.75,18478.5,53.5
"RSI_Reversion(14,30/70)",LONG,2024-09-08 22:00:00,2024-09-08 23:00:00,18400.0,18416.5,31.0
"RSI_Reversion(14,30/70)",SHORT,2024-09-11 20:00:00,2024-09-12 08:00:00,19255.25,19281.75,-55.0
"RSI_Reversion(14,30/70)",SHORT,2024-09-12 09:00:00,2024-09-12 11:00:00,19298.25,19287.75,19.0
"RSI_Reversion(14,30/70)",SHORT,2024-09-12 18:00:00,2024-09-12 22:00:00,19466.25,19419.5,91.5
"RSI_Reversion(14,30/70)",SHORT,2024-09-13 15:00:00,2024-09-13 19:00:00,19512.25,19513.25,-4.0
"RSI_Reversion(14,30/70)",LONG,2024-09-16 15:00:00,2024-09-16 16:00:00,19339.5,19367.75,54.5
"RSI_Reversion(14,30/70)",SHORT,2024-09-19 10:00:00,2024-09-19 20:00:00,19745.25,19834.75,-181.0
"RSI_Reversion(14,30/70)",SHORT,2024-09-22 22:00:00,2024-09-23 07:00:00,20040.0,20087.0,-96.0
"RSI_Reversion(14,30/70)",SHORT,2024-09-26 01:00:00,2024-09-26 14:00:00,20297.25,20428.0,-263.5
"RSI_Reversion(14,30/70)",LONG,2024-10-01 15:00:00,2024-10-01 18:00:00,19923.5,19998.75,148.5
"RSI_Reversion(14,30/70)",SHORT,2024-10-04 13:00:00,2024-10-04 14:00:00,20245.0,20086.5,315.0
"RSI_Reversion(14,30/70)",SHORT,2024-10-08 20:00:00,2024-10-08 22:00:00,20300.5,20294.25,10.5
"RSI_Reversion(14,30/70)",SHORT,2024-10-09 15:00:00,2024-10-09 17:00:00,20361.75,20395.25,-69.0
"RSI_Reversion(14,30/70)",SHORT,2024-10-09 19:00:00,2024-10-10 06:00:00,20433.25,20442.75,-21.0
"RSI_Reversion(14,30/70)",SHORT,2024-10-14 13:00:00,2024-10-14 15:00:00,20538.75,20563.25,-51.0
"RSI_Reversion(14,30/70)",LONG,2024-10-15 15:00:00,2024-10-15 17:00:00,20400.0,20376.0,-50.0
"RSI_Reversion(14,30/70)",LONG,2024-10-15 18:00:00,2024-10-15 23:00:00,20359.25,20350.5,-19.5
"RSI_Reversion(14,30/70)",LONG,2024-10-16 14:00:00,2024-10-16 15:00:00,20224.25,20273.75,97.0
"RSI_Reversion(14,30/70)",SHORT,2024-10-17 11:00:00,2024-10-17 12:00:00,20528.5,20517.75,19.5
"RSI_Reversion(14,30/70)",SHORT,2024-10-17 13:00:00,2024-10-17 14:00:00,20559.25,20434.25,248.0
"RSI_Reversion(14,30/70)",LONG,2024-10-23 17:00:00,2024-10-23 20:00:00,20248.75,20218.75,-62.0
"RSI_Reversion(14,30/70)",SHORT,2024-10-25 14:00:00,2024-10-25 18:00:00,20649.25,20510.75,275.0
"RSI_Reversion(14,30/70)",SHORT,2024-10-29 19:00:00,2024-10-30 04:00:00,20694.75,20723.5,-59.5
"RSI_Reversion(14,30/70)",LONG,2024-10-30 23:00:00,2024-10-31 12:00:00,20437.0,20393.0,-90.0
"RSI_Reversion(14,30/70)",LONG,2024-10-31 14:00:00,2024-10-31 23:00:00,20166.0,20091.0,-152.0
"RSI_Reversion(14,30/70)",LONG,2024-11-01 02:00:00,2024-11-01 03:00:00,20058.25,20074.75,31.0
"RSI_Reversion(14,30/70)",SHORT,2024-11-05 17:00:00,2024-11-05 19:00:00,20340.75,20308.5,62.5
"RSI_Reversion(14,30/70)",SHORT,2024-11-06 03:00:00,2024-11-06 12:00:00,20588.5,20608.5,-42.0
"RSI_Reversion(14,30/70)",SHORT,2024-11-06 16:00:00,2024-11-08 05:00:00,20724.25,21251.75,-1057.0
"Bollinger_Reversion(20,2sd)",SHORT,2024-03-20 12:00:00,2024-03-20 14:00:00,18323.25,18259.5,125.5
"Bollinger_Reversion(20,2sd)",SHORT,2024-03-20 19:00:00,2024-03-22 10:00:00,18419.0,18590.5,-345.0
"Bollinger_Reversion(20,2sd)",LONG,2024-03-25 11:00:00,2024-03-25 17:00:00,18500.5,18529.5,56.0
"Bollinger_Reversion(20,2sd)",SHORT,2024-03-26 10:00:00,2024-03-26 17:00:00,18603.5,18542.5,120.0
"Bollinger_Reversion(20,2sd)",LONG,2024-03-26 20:00:00,2024-03-27 10:00:00,18450.25,18515.75,129.0
"Bollinger_Reversion(20,2sd)",LONG,2024-03-27 15:00:00,2024-03-27 20:00:00,18420.0,18506.75,171.5
"Bollinger_Reversion(20,2sd)",SHORT,2024-04-01 00:00:00,2024-04-01 12:00:00,18608.5,18542.25,130.5
"Bollinger_Reversion(20,2sd)",LONG,2024-04-01 16:00:00,2024-04-03 12:00:00,18425.5,18304.5,-244.0
"Bollinger_Reversion(20,2sd)",SHORT,2024-04-03 16:00:00,2024-04-04 19:00:00,18403.75,18226.0,353.5
"Bollinger_Reversion(20,2sd)",LONG,2024-04-04 20:00:00,2024-04-05 15:00:00,18075.25,18310.0,467.5
"Bollinger_Reversion(20,2sd)",SHORT,2024-04-05 15:00:00,2024-04-08 08:00:00,18310.0,18323.5,-29.0
"Bollinger_Reversion(20,2sd)",SHORT,2024-04-09 13:00:00,2024-04-09 15:00:00,18362.0,18216.75,288.5
"Bollinger_Reversion(20,2sd)",LONG,2024-04-10 14:00:00,2024-04-11 07:00:00,18179.5,18192.5,24.0
"Bollinger_Reversion(20,2sd)",LONG,2024-04-11 12:00:00,2024-04-11 13:00:00,18125.5,18246.5,240.0
"Bollinger_Reversion(20,2sd)",SHORT,2024-04-11 14:00:00,2024-04-12 10:00:00,18261.0,18425.0,-330.0
"Bollinger_Reversion(20,2sd)",LONG,2024-04-12 13:00:00,2024-04-15 06:00:00,18318.25,18257.75,-123.0
"Bollinger_Reversion(20,2sd)",LONG,2024-04-15 17:00:00,2024-04-16 12:00:00,18109.5,17908.25,-404.5
"Bollinger_Reversion(20,2sd)",SHORT,2024-04-16 19:00:00,2024-04-17 06:00:00,17950.25,17857.0,184.5
"Bollinger_Reversion(20,2sd)",LONG,2024-04-17 07:00:00,2024-04-17 09:00:00,17824.5,17912.75,174.5
"Bollinger_Reversion(20,2sd)",LONG,2024-04-17 15:00:00,2024-04-18 07:00:00,17802.0,17764.0,-78.0
"Bollinger_Reversion(20,2sd)",LONG,2024-04-18 14:00:00,2024-04-18 15:00:00,17610.0,17711.75,201.5
"Bollinger_Reversion(20,2sd)",LONG,2024-04-18 17:00:00,2024-04-19 12:00:00,17610.25,17504.25,-214.0
"Bollinger_Reversion(20,2sd)",LONG,2024-04-19 19:00:00,2024-04-22 08:00:00,17159.5,17258.0,195.0
"Bollinger_Reversion(20,2sd)",SHORT,2024-04-22 18:00:00,2024-04-24 15:00:00,17397.25,17693.75,-595.0
"Bollinger_Reversion(20,2sd)",LONG,2024-04-24 16:00:00,2024-04-25 17:00:00,17607.25,17494.75,-227.0
"Bollinger_Reversion(20,2sd)",SHORT,2024-04-25 18:00:00,2024-04-26 14:00:00,17567.75,17786.25,-439.0
"Bollinger_Reversion(20,2sd)",SHORT,2024-04-26 17:00:00,2024-04-29 10:00:00,17882.5,17868.0,27.0
"Bollinger_Reversion(20,2sd)",LONG,2024-04-30 09:00:00,2024-05-01 19:00:00,17871.0,17750.75,-242.5
"Bollinger_Reversion(20,2sd)",SHORT,2024-05-02 19:00:00,2024-05-07 12:00:00,17664.75,18165.0,-1002.5
"Bollinger_Reversion(20,2sd)",SHORT,2024-05-07 15:00:00,2024-05-08 04:00:00,18250.5,18194.5,110.0
"Bollinger_Reversion(20,2sd)",LONG,2024-05-08 12:00:00,2024-05-08 15:00:00,18152.5,18218.25,129.5
"Bollinger_Reversion(20,2sd)",SHORT,2024-05-09 17:00:00,2024-05-10 15:00:00,18213.75,18219.0,-12.5
"Bollinger_Reversion(20,2sd)",SHORT,2024-05-13 12:00:00,2024-05-13 19:00:00,18317.25,18288.0,56.5
"Bollinger_Reversion(20,2sd)",SHORT,2024-05-14 15:00:00,2024-05-16 13:00:00,18339.0,18695.0,-714.0
"Bollinger_Reversion(20,2sd)",LONG,2024-05-16 20:00:00,2024-05-17 12:00:00,18650.75,18669.0,34.5
"Bollinger_Reversion(20,2sd)",LONG,2024-05-17 18:00:00,2024-05-19 23:00:00,18615.5,18654.25,75.5
"Bollinger_Reversion(20,2sd)",SHORT,2024-05-20 15:00:00,2024-05-21 09:00:00,18743.75,18741.75,2.0
"Bollinger_Reversion(20,2sd)",LONG,2024-05-21 14:00:00,2024-05-21 15:00:00,18707.75,18754.5,91.5
"Bollinger_Reversion(20,2sd)",SHORT,2024-05-21 18:00:00,2024-05-22 10:00:00,18775.75,18779.5,-9.5
"Bollinger_Reversion(20,2sd)",LONG,2024-05-22 18:00:00,2024-05-22 22:00:00,18771.75,18860.5,175.5
"Bollinger_Reversion(20,2sd)",SHORT,2024-05-22 23:00:00,2024-05-23 14:00:00,18854.75,18852.0,3.5
"Bollinger_Reversion(20,2sd)",LONG,2024-05-23 18:00:00,2024-05-24 10:00:00,18716.5,18732.0,29.0
"Bollinger_Reversion(20,2sd)",SHORT,2024-05-24 15:00:00,2024-05-28 14:00:00,18862.25,18864.5,-6.5
"Bollinger_Reversion(20,2sd)",LONG,2024-05-29 09:00:00,2024-05-29 17:00:00,18823.75,18871.5,93.5
"Bollinger_Reversion(20,2sd)",LONG,2024-05-29 22:00:00,2024-05-30 11:00:00,18753.0,18756.0,4.0
"Bollinger_Reversion(20,2sd)",LONG,2024-05-30 20:00:00,2024-05-31 13:00:00,18604.0,18647.0,84.0
"Bollinger_Reversion(20,2sd)",LONG,2024-05-31 15:00:00,2024-05-31 20:00:00,18387.0,18598.5,421.0
"Bollinger_Reversion(20,2sd)",LONG,2024-06-03 17:00:00,2024-06-03 20:00:00,18483.25,18652.75,337.0
"Bollinger_Reversion(20,2sd)",SHORT,2024-06-04 19:00:00,2024-06-06 14:00:00,18710.75,19033.75,-648.0
"Bollinger_Reversion(20,2sd)",SHORT,2024-06-07 17:00:00,2024-06-07 19:00:00,19141.75,19052.25,177.0
"Bollinger_Reversion(20,2sd)",SHORT,2024-06-10 16:00:00,2024-06-11 09:00:00,19088.25,19064.25,46.0
"Bollinger_Reversion(20,2sd)",LONG,2024-06-11 14:00:00,2024-06-11 15:00:00,19032.25,19134.25,202.0
"Bollinger_Reversion(20,2sd)",SHORT,2024-06-11 18:00:00,2024-06-13 15:00:00,19164.75,19555.0,-782.5
"Bollinger_Reversion(20,2sd)",LONG,2024-06-13 17:00:00,2024-06-14 00:00:00,19543.75,19619.0,148.5
"Bollinger_Reversion(20,2sd)",SHORT,2024-06-17 16:00:00,2024-06-18 14:00:00,19750.0,19904.25,-310.5
"Bollinger_Reversion(20,2sd)",SHORT,2024-06-20 05:00:00,2024-06-20 14:00:00,20030.5,19962.5,134.0
"Bollinger_Reversion(20,2sd)",LONG,2024-06-20 17:00:00,2024-06-23 23:00:00,19812.0,20015.75,405.5
"Bollinger_Reversion(20,2sd)",SHORT,2024-06-24 00:00:00,2024-06-24 15:00:00,20008.75,19907.25,201.0
"Bollinger_Reversion(20,2sd)",LONG,2024-06-24 18:00:00,2024-06-25 09:00:00,19810.25,19817.0,11.5
"Bollinger_Reversion(20,2sd)",SHORT,2024-06-25 16:00:00,2024-06-26 13:00:00,19959.25,19934.0,48.5
"Bollinger_Reversion(20,2sd)",LONG,2024-06-27 01:00:00,2024-06-27 09:00:00,19893.75,19959.5,129.5
"Bollinger_Reversion(20,2sd)",SHORT,2024-06-27 14:00:00,2024-06-28 13:00:00,20059.5,20082.25,-47.5
"Bollinger_Reversion(20,2sd)",LONG,2024-06-28 17:00:00,2024-07-01 14:00:00,20036.0,19888.0,-298.0
"Bollinger_Reversion(20,2sd)",SHORT,2024-07-02 15:00:00,2024-07-09 15:00:00,20111.25,20708.75,-1197.0
"Bollinger_Reversion(20,2sd)",LONG,2024-07-09 17:00:00,2024-07-10 03:00:00,20676.25,20711.0,67.5
"Bollinger_Reversion(20,2sd)",SHORT,2024-07-10 12:00:00,2024-07-11 14:00:00,20749.5,20869.25,-241.5
"Bollinger_Reversion(20,2sd)",LONG,2024-07-11 16:00:00,2024-07-12 12:00:00,20481.5,20443.75,-77.5
"Bollinger_Reversion(20,2sd)",SHORT,2024-07-12 14:00:00,2024-07-15 18:00:00,20543.5,20569.75,-54.5
"Bollinger_Reversion(20,2sd)",LONG,2024-07-16 15:00:00,2024-07-17 17:00:00,20532.0,20031.5,-1003.0
"ZScore_Reversion(20,z=2.0)",SHORT,2024-03-20 12:00:00,2024-03-20 14:00:00,18323.25,18259.5,125.5
"ZScore_Reversion(20,z=2.0)",SHORT,2024-03-20 19:00:00,2024-03-21 18:00:00,18419.0,18618.5,-401.0
"ZScore_Reversion(20,z=2.0)",LONG,2024-03-25 11:00:00,2024-03-25 16:00:00,18500.5,18534.5,66.0
"ZScore_Reversion(20,z=2.0)",SHORT,2024-03-26 10:00:00,2024-03-26 13:00:00,18603.5,18568.75,67.5
"ZScore_Reversion(20,z=2.0)",LONG,2024-03-26 20:00:00,2024-03-27 05:00:00,18450.25,18516.5,130.5
"ZScore_Reversion(20,z=2.0)",LONG,2024-03-27 15:00:00,2024-03-27 22:00:00,18420.0,18505.0,168.0
"ZScore_Reversion(20,z=2.0)",LONG,2024-03-28 20:00:00,2024-03-31 23:00:00,18462.5,18571.75,216.5
"ZScore_Reversion(20,z=2.0)",SHORT,2024-03-31 23:00:00,2024-04-01 12:00:00,18571.75,18542.25,57.0
"ZScore_Reversion(20,z=2.0)",LONG,2024-04-01 16:00:00,2024-04-02 03:00:00,18425.5,18486.75,120.5
"ZScore_Reversion(20,z=2.0)",LONG,2024-04-02 12:00:00,2024-04-02 22:00:00,18403.25,18345.0,-118.5
"ZScore_Reversion(20,z=2.0)",SHORT,2024-04-03 15:00:00,2024-04-04 07:00:00,18429.25,18422.0,12.5
"ZScore_Reversion(20,z=2.0)",SHORT,2024-04-04 13:00:00,2024-04-04 19:00:00,18536.25,18226.0,618.5
"ZScore_Reversion(20,z=2.0)",LONG,2024-04-04 19:00:00,2024-04-05 09:00:00,18226.0,18138.75,-176.5
"ZScore_Reversion(20,z=2.0)",SHORT,2024-04-05 15:00:00,2024-04-08 04:00:00,18310.0,18285.0,48.0
"ZScore_Reversion(20,z=2.0)",SHORT,2024-04-08 15:00:00,2024-04-08 16:00:00,18364.5,18301.25,124.5
"ZScore_Reversion(20,z=2.0)",SHORT,2024-04-09 12:00:00,2024-04-09 15:00:00,18340.25,18216.75,245.0
"ZScore_Reversion(20,z=2.0)",LONG,2024-04-09 15:00:00,2024-04-10 10:00:00,18216.75,18356.25,277.0
"ZScore_Reversion(20,z=2.0)",LONG,2024-04-10 13:00:00,2024-04-11 03:00:00,18107.75,18189.5,161.5
"ZScore_Reversion(20,z=2.0)",LONG,2024-04-11 12:00:00,2024-04-11 13:00:00,18125.5,18246.5,240.0
"ZScore_Reversion(20,z=2.0)",SHORT,2024-04-11 13:00:00,2024-04-12 08:00:00,18246.5,18469.25,-447.5
"ZScore_Reversion(20,z=2.0)",LONG,2024-04-12 13:00:00,2024-04-15 04:00:00,18318.25,18231.5,-175.5
"ZScore_Reversion(20,z=2.0)",LONG,2024-04-15 17:00:00,2024-04-16 11:00:00,18109.5,17859.0,-503.0
"ZScore_Reversion(20,z=2.0)",SHORT,2024-04-16 19:00:00,2024-04-16 20:00:00,17950.25,17876.5,145.5
"ZScore_Reversion(20,z=2.0)",LONG,2024-04-17 07:00:00,2024-04-17 09:00:00,17824.5,17912.75,174.5
"ZScore_Reversion(20,z=2.0)",LONG,2024-04-17 15:00:00,2024-04-18 04:00:00,17802.0,17729.75,-146.5
"ZScore_Reversion(20,z=2.0)",LONG,2024-04-18 14:00:00,2024-04-18 15:00:00,17610.0,17711.75,201.5
"ZScore_Reversion(20,z=2.0)",LONG,2024-04-18 17:00:00,2024-04-19 10:00:00,17610.25,17434.75,-353.0
"ZScore_Reversion(20,z=2.0)",LONG,2024-04-19 19:00:00,2024-04-22 05:00:00,17159.5,17265.25,209.5
"ZScore_Reversion(20,z=2.0)",SHORT,2024-04-22 18:00:00,2024-04-23 02:00:00,17397.25,17305.25,182.0
"ZScore_Reversion(20,z=2.0)",SHORT,2024-04-23 14:00:00,2024-04-24 09:00:00,17501.5,17696.5,-392.0
"ZScore_Reversion(20,z=2.0)",LONG,2024-04-24 16:00:00,2024-04-24 18:00:00,17607.25,17698.75,181.0
"ZScore_Reversion(20,z=2.0)",LONG,2024-04-24 19:00:00,2024-04-25 09:00:00,17612.5,17496.0,-235.0
"ZScore_Reversion(20,z=2.0)",SHORT,2024-04-25 18:00:00,2024-04-26 10:00:00,17567.75,17729.25,-325.0
"ZScore_Reversion(20,z=2.0)",SHORT,2024-04-26 17:00:00,2024-04-29 10:00:00,17882.5,17868.0,27.0
"ZScore_Reversion(20,z=2.0)",LONG,2024-04-30 09:00:00,2024-05-01 13:00:00,17871.0,17498.0,-748.0
"ZScore_Reversion(20,z=2.0)",LONG,2024-05-01 16:00:00,2024-05-01 18:00:00,17421.75,17469.25,93.0
"ZScore_Reversion(20,z=2.0)",SHORT,2024-05-01 19:00:00,2024-05-01 22:00:00,17750.75,17487.0,525.5
"ZScore_Reversion(20,z=2.0)",SHORT,2024-05-02 19:00:00,2024-05-03 12:00:00,17664.75,17747.0,-166.5
"ZScore_Reversion(20,z=2.0)",SHORT,2024-05-03 13:00:00,2024-05-06 05:00:00,17923.25,17994.25,-144.0
"ZScore_Reversion(20,z=2.0)",SHORT,2024-05-06 14:00:00,2024-05-07 08:00:00,18109.75,18165.0,-112.5
"ZScore_Reversion(20,z=2.0)",SHORT,2024-05-07 15:00:00,2024-05-07 18:00:00,18250.5,18194.25,110.5
"ZScore_Reversion(20,z=2.0)",LONG,2024-05-08 12:00:00,2024-05-08 18:00:00,18152.5,18179.0,51.0
"ZScore_Reversion(20,z=2.0)",SHORT,2024-05-09 15:00:00,2024-05-10 13:00:00,18210.75,18253.25,-87.0
"ZScore_Reversion(20,z=2.0)",SHORT,2024-05-10 14:00:00,2024-05-10 16:00:00,18328.75,18236.5,182.5
"ZScore_Reversion(20,z=2.0)",SHORT,2024-05-13 12:00:00,2024-05-13 14:00:00,18317.25,18286.25,60.0
"ZScore_Reversion(20,z=2.0)",SHORT,2024-05-14 15:00:00,2024-05-15 08:00:00,18339.0,18403.0,-130.0
"ZScore_Reversion(20,z=2.0)",SHORT,2024-05-15 13:00:00,2024-05-16 11:00:00,18510.25,18719.5,-420.5
"ZScore_Reversion(20,z=2.0)",SHORT,2024-05-16 15:00:00,2024-05-16 20:00:00,18748.0,18650.75,192.5
"ZScore_Reversion(20,z=2.0)",LONG,2024-05-16 20:00:00,2024-05-17 11:00:00,18650.75,18667.0,30.5
"ZScore_Reversion(20,z=2.0)",LONG,2024-05-17 18:00:00,2024-05-19 23:00:00,18615.5,18654.25,75.5
"ZScore_Reversion(20,z=2.0)",SHORT,2024-05-20 14:00:00,2024-05-21 06:00:00,18749.75,18748.0,1.5
"ZScore_Reversion(20,z=2.0)",LONG,2024-05-21 13:00:00,2024-05-21 16:00:00,18718.25,18745.0,51.5
"ZScore_Reversion(20,z=2.0)",SHORT,2024-05-21 18:00:00,2024-05-22 08:00:00,18775.75,18799.25,-49.0
"ZScore_Reversion(20,z=2.0)",LONG,2024-05-22 18:00:00,2024-05-22 20:00:00,18771.75,18794.0,42.5
"ZScore_Reversion(20,z=2.0)",SHORT,2024-05-22 23:00:00,2024-05-23 16:00:00,18854.75,18915.5,-123.5
"ZScore_Reversion(20,z=2.0)",LONG,2024-05-23 18:00:00,2024-05-24 09:00:00,18716.5,18736.25,37.5
"ZScore_Reversion(20,z=2.0)",SHORT,2024-05-24 15:00:00,2024-05-27 03:00:00,18862.25,18851.0,20.5
"ZScore_Reversion(20,z=2.0)",LONG,2024-05-29 09:00:00,2024-05-29 15:00:00,18823.75,18867.75,86.0
"ZScore_Reversion(20,z=2.0)",LONG,2024-05-29 22:00:00,2024-05-30 09:00:00,18753.0,18735.25,-37.5
"ZScore_Reversion(20,z=2.0)",LONG,2024-05-30 20:00:00,2024-05-31 12:00:00,18604.0,18562.5,-85.0
"ZScore_Reversion(20,z=2.0)",LONG,2024-05-31 15:00:00,2024-06-03 15:00:00,18387.0,18590.5,405.0
"ZScore_Reversion(20,z=2.0)",LONG,2024-06-03 17:00:00,2024-06-03 20:00:00,18483.25,18652.75,337.0
"ZScore_Reversion(20,z=2.0)",SHORT,2024-06-04 19:00:00,2024-06-06 10:00:00,18710.75,19081.5,-743.5
"ZScore_Reversion(20,z=2.0)",LONG,2024-06-06 14:00:00,2024-06-06 15:00:00,19033.75,19082.25,95.0
"ZScore_Reversion(20,z=2.0)",LONG,2024-06-07 13:00:00,2024-06-07 15:00:00,18982.5,19076.0,185.0
"ZScore_Reversion(20,z=2.0)",SHORT,2024-06-07 17:00:00,2024-06-10 04:00:00,19141.75,19043.5,194.5
"ZScore_Reversion(20,z=2.0)",SHORT,2024-06-10 16:00:00,2024-06-11 08:00:00,19088.25,19095.5,-16.5
"ZScore_Reversion(20,z=2.0)",LONG,2024-06-11 14:00:00,2024-06-11 15:00:00,19032.25,19134.25,202.0
"ZScore_Reversion(20,z=2.0)",SHORT,2024-06-11 15:00:00,2024-06-11 16:00:00,19134.25,19078.25,110.0
"ZScore_Reversion(20,z=2.0)",SHORT,2024-06-11 18:00:00,2024-06-13 10:00:00,19164.75,19597.5,-867.5
"ZScore_Reversion(20,z=2.0)",LONG,2024-06-13 17:00:00,2024-06-13 19:00:00,19543.75,19599.25,109.0
"ZScore_Reversion(20,z=2.0)",SHORT,2024-06-17 16:00:00,2024-06-18 13:00:00,19750.0,19936.5,-375.0
"ZScore_Reversion(20,z=2.0)",SHORT,2024-06-20 05:00:00,2024-06-20 13:00:00,20030.5,19992.0,75.0
"ZScore_Reversion(20,z=2.0)",LONG,2024-06-20 17:00:00,2024-06-21 06:00:00,19812.0,19810.5,-5.0
"ZScore_Reversion(20,z=2.0)",SHORT,2024-06-23 23:00:00,2024-06-24 12:00:00,20015.75,19954.0,121.5
"ZScore_Reversion(20,z=2.0)",LONG,2024-06-24 18:00:00,2024-06-25 06:00:00,19810.25,19804.75,-13.0
"ZScore_Reversion(20,z=2.0)",SHORT,2024-06-25 16:00:00,2024-06-26 11:00:00,19959.25,19997.5,-78.5
"ZScore_Reversion(20,z=2.0)",LONG,2024-06-27 01:00:00,2024-06-27 06:00:00,19893.75,19953.75,118.0
"ZScore_Reversion(20,z=2.0)",SHORT,2024-06-27 14:00:00,2024-06-28 13:00:00,20059.5,20082.25,-47.5
"ZScore_Reversion(20,z=2.0)",LONG,2024-06-28 17:00:00,2024-07-01 06:00:00,20036.0,20007.25,-59.5
"ZScore_Reversion(20,z=2.0)",LONG,2024-07-01 14:00:00,2024-07-01 16:00:00,19888.0,19975.75,173.5
"ZScore_Reversion(20,z=2.0)",SHORT,2024-07-02 15:00:00,2024-07-08 06:00:00,20111.25,20584.25,-948.0
"ZScore_Reversion(20,z=2.0)",SHORT,2024-07-08 12:00:00,2024-07-08 15:00:00,20628.25,20609.25,36.0
"ZScore_Reversion(20,z=2.0)",SHORT,2024-07-08 16:00:00,2024-07-09 13:00:00,20668.0,20722.0,-110.0
"ZScore_Reversion(20,z=2.0)",LONG,2024-07-09 17:00:00,2024-07-10 01:00:00,20676.25,20709.5,64.5
"ZScore_Reversion(20,z=2.0)",SHORT,2024-07-10 12:00:00,2024-07-11 10:00:00,20749.5,20882.75,-268.5
"ZScore_Reversion(20,z=2.0)",LONG,2024-07-11 15:00:00,2024-07-12 09:00:00,20604.0,20436.0,-338.0
"ZScore_Reversion(20,z=2.0)",SHORT,2024-07-12 14:00:00,2024-07-12 20:00:00,20543.5,20540.25,4.5
"ZScore_Reversion(20,z=2.0)",SHORT,2024-07-15 15:00:00,2024-07-15 19:00:00,20727.75,20617.5,218.5
"ZScore_Reversion(20,z=2.0)",LONG,2024-07-16 15:00:00,2024-07-16 19:00:00,20532.0,20590.0,114.0
"ZScore_Reversion(20,z=2.0)",LONG,2024-07-17 07:00:00,2024-07-18 06:00:00,20455.25,20076.0,-760.5
"ZScore_Reversion(20,z=2.0)",SHORT,2024-07-18 13:00:00,2024-07-18 14:00:00,20144.75,20069.25,149.0
"ZScore_Reversion(20,z=2.0)",LONG,2024-07-18 16:00:00,2024-07-19 01:00:00,19797.5,19948.0,299.0
"ZScore_Reversion(20,z=2.0)",LONG,2024-07-19 17:00:00,2024-07-22 00:00:00,19729.25,19816.75,173.0
"ZScore_Reversion(20,z=2.0)",SHORT,2024-07-22 11:00:00,2024-07-23 01:00:00,19890.0,19937.75,-97.5
"ZScore_Reversion(20,z=2.0)",SHORT,2024-07-23 16:00:00,2024-07-23 17:00:00,20034.75,19949.25,169.0
"ZScore_Reversion(20,z=2.0)",LONG,2024-07-23 23:00:00,2024-07-25 13:00:00,19817.0,19233.25,-1169.5
"ZScore_Reversion(20,z=2.0)",LONG,2024-07-25 14:00:00,2024-07-25 15:00:00,19031.25,19214.5,364.5
"ZScore_Reversion(20,z=2.0)",LONG,2024-07-25 20:00:00,2024-07-26 05:00:00,18991.5,19104.75,224.5
"ZScore_Reversion(20,z=2.0)",SHORT,2024-07-26 17:00:00,2024-07-26 19:00:00,19277.0,19129.75,292.5
"ZScore_Reversion(20,z=2.0)",SHORT,2024-07-29 01:00:00,2024-07-29 08:00:00,19299.75,19238.0,121.5
"ZScore_Reversion(20,z=2.0)",LONG,2024-07-30 00:00:00,2024-07-30 06:00:00,19132.25,19202.5,138.5
"ZScore_Reversion(20,z=2.0)",LONG,2024-07-30 16:00:00,2024-07-31 00:00:00,18929.75,19060.25,259.0
"ZScore_Reversion(20,z=2.0)",LONG,2024-08-01 15:00:00,2024-08-04 22:00:00,19342.25,18347.0,-1992.5
"Stochastic_Reversion(14,20/80)",SHORT,2024-03-20 00:00:00,2024-03-20 09:00:00,18268.5,18244.0,47.0
"Stochastic_Reversion(14,20/80)",SHORT,2024-03-21 00:00:00,2024-03-21 18:00:00,18578.25,18618.5,-82.5
"Stochastic_Reversion(14,20/80)",LONG,2024-03-21 22:00:00,2024-03-22 09:00:00,18580.5,18593.25,23.5
"Stochastic_Reversion(14,20/80)",LONG,2024-03-25 12:00:00,2024-03-25 15:00:00,18470.25,18522.0,101.5
"Stochastic_Reversion(14,20/80)",SHORT,2024-03-26 02:00:00,2024-03-26 15:00:00,18543.25,18561.5,-38.5
"Stochastic_Reversion(14,20/80)",SHORT,2024-04-01 01:00:00,2024-04-01 12:00:00,18595.25,18542.25,104.0
"Stochastic_Reversion(14,20/80)",LONG,2024-04-02 14:00:00,2024-04-03 04:00:00,18254.75,18310.0,108.5
"Stochastic_Reversion(14,20/80)",LONG,2024-04-03 11:00:00,2024-04-03 12:00:00,18269.5,18304.5,68.0
"Stochastic_Reversion(14,20/80)",SHORT,2024-04-03 17:00:00,2024-04-04 19:00:00,18411.5,18226.0,369.0
"Stochastic_Reversion(14,20/80)",LONG,2024-04-04 22:00:00,2024-04-05 11:00:00,18086.25,18139.5,104.5
"Stochastic_Reversion(14,20/80)",SHORT,2024-04-05 17:00:00,2024-04-08 05:00:00,18400.5,18289.5,220.0
"Stochastic_Reversion(14,20/80)",SHORT,2024-04-10 00:00:00,2024-04-10 11:00:00,18369.0,18369.0,-2.0
"Stochastic_Reversion(14,20/80)",SHORT,2024-04-11 19:00:00,2024-04-12 09:00:00,18479.5,18443.75,69.5
"Stochastic_Reversion(14,20/80)",LONG,2024-04-12 11:00:00,2024-04-15 04:00:00,18383.75,18231.5,-306.5
"Stochastic_Reversion(14,20/80)",SHORT,2024-04-15 09:00:00,2024-04-15 15:00:00,18277.0,18172.0,208.0
"Stochastic_Reversion(14,20/80)",LONG,2024-04-15 20:00:00,2024-04-16 09:00:00,17876.5,17866.75,-21.5
"Stochastic_Reversion(14,20/80)",SHORT,2024-04-16 14:00:00,2024-04-16 20:00:00,17897.5,17876.5,40.0
"Stochastic_Reversion(14,20/80)",LONG,2024-04-17 23:00:00,2024-04-18 06:00:00,17679.25,17743.75,127.0
"Stochastic_Reversion(14,20/80)",LONG,2024-04-18 20:00:00,2024-04-19 08:00:00,17545.25,17433.75,-225.0
"Stochastic_Reversion(14,20/80)",LONG,2024-04-19 20:00:00,2024-04-22 06:00:00,17182.0,17281.25,196.5
"Stochastic_Reversion(14,20/80)",SHORT,2024-04-23 16:00:00,2024-04-24 13:00:00,17564.0,17705.25,-284.5
"Stochastic_Reversion(14,20/80)",LONG,2024-04-25 01:00:00,2024-04-25 12:00:00,17489.0,17501.5,23.0
"Stochastic_Reversion(14,20/80)",SHORT,2024-04-25 23:00:00,2024-04-26 12:00:00,17776.25,17743.75,63.0
"Stochastic_Reversion(14,20/80)",SHORT,2024-04-26 16:00:00,2024-04-29 10:00:00,17849.0,17868.0,-40.0
"Stochastic_Reversion(14,20/80)",LONG,2024-04-30 22:00:00,2024-05-01 13:00:00,17462.5,17498.0,69.0
"Stochastic_Reversion(14,20/80)",SHORT,2024-05-02 20:00:00,2024-05-03 12:00:00,17648.25,17747.0,-199.5
"Stochastic_Reversion(14,20/80)",SHORT,2024-05-06 00:00:00,2024-05-06 08:00:00,18005.0,18001.0,6.0
"Stochastic_Reversion(14,20/80)",SHORT,2024-05-06 15:00:00,2024-05-07 12:00:00,18097.75,18165.0,-136.5
"Stochastic_Reversion(14,20/80)",LONG,2024-05-08 13:00:00,2024-05-08 14:00:00,18091.75,18168.0,150.5
"Stochastic_Reversion(14,20/80)",LONG,2024-05-09 08:00:00,2024-05-09 12:00:00,18126.5,18156.5,58.0
"Stochastic_Reversion(14,20/80)",SHORT,2024-05-09 20:00:00,2024-05-10 13:00:00,18215.5,18253.25,-77.5
"Stochastic_Reversion(14,20/80)",SHORT,2024-05-13 08:00:00,2024-05-13 14:00:00,18290.75,18286.25,7.0
"Stochastic_Reversion(14,20/80)",SHORT,2024-05-14 10:00:00,2024-05-15 10:00:00,18301.0,18412.75,-225.5
"Stochastic_Reversion(14,20/80)",SHORT,2024-05-15 19:00:00,2024-05-16 13:00:00,18685.25,18695.0,-21.5
"Stochastic_Reversion(14,20/80)",LONG,2024-05-16 23:00:00,2024-05-17 11:00:00,18651.25,18667.0,29.5
"Stochastic_Reversion(14,20/80)",SHORT,2024-05-20 02:00:00,2024-05-20 13:00:00,18664.5,18649.0,29.0
"Stochastic_Reversion(14,20/80)",SHORT,2024-05-21 20:00:00,2024-05-22 10:00:00,18800.5,18779.5,40.0
"Stochastic_Reversion(14,20/80)",SHORT,2024-05-23 05:00:00,2024-05-23 14:00:00,18963.25,18852.0,220.5
"Stochastic_Reversion(14,20/80)",LONG,2024-05-23 20:00:00,2024-05-24 09:00:00,18696.75,18736.25,77.0
"Stochastic_Reversion(14,20/80)",SHORT,2024-05-24 11:00:00,2024-05-28 14:00:00,18746.25,18864.5,-238.5
"Stochastic_Reversion(14,20/80)",LONG,2024-05-29 12:00:00,2024-05-29 15:00:00,18818.0,18867.75,97.5
"Stochastic_Reversion(14,20/80)",LONG,2024-05-30 00:00:00,2024-05-30 11:00:00,18723.5,18756.0,63.0
"Stochastic_Reversion(14,20/80)",LONG,2024-05-31 01:00:00,2024-05-31 12:00:00,18524.75,18562.5,73.5
"Stochastic_Reversion(14,20/80)",LONG,2024-05-31 17:00:00,2024-05-31 20:00:00,18292.75,18598.5,609.5
"Stochastic_Reversion(14,20/80)",SHORT,2024-06-03 07:00:00,2024-06-03 15:00:00,18663.75,18590.5,144.5
"Stochastic_Reversion(14,20/80)",SHORT,2024-06-05 01:00:00,2024-06-06 14:00:00,18728.5,19033.75,-612.5
"Stochastic_Reversion(14,20/80)",SHORT,2024-06-07 18:00:00,2024-06-07 20:00:00,19114.5,19040.5,146.0
"Stochastic_Reversion(14,20/80)",SHORT,2024-06-12 00:00:00,2024-06-13 12:00:00,19256.75,19609.0,-706.5
"Stochastic_Reversion(14,20/80)",SHORT,2024-06-14 07:00:00,2024-06-14 10:00:00,19629.0,19556.0,144.0
"Stochastic_Reversion(14,20/80)",SHORT,2024-06-17 00:00:00,2024-06-17 11:00:00,19711.75,19706.0,9.5
"Stochastic_Reversion(14,20/80)",SHORT,2024-06-17 19:00:00,2024-06-18 13:00:00,19966.0,19936.5,57.0
"Stochastic_Reversion(14,20/80)",SHORT,2024-06-20 07:00:00,2024-06-20 13:00:00,20034.0,19992.0,82.0
"Stochastic_Reversion(14,20/80)",LONG,2024-06-20 20:00:00,2024-06-21 07:00:00,19766.75,19805.0,74.5
"Stochastic_Reversion(14,20/80)",SHORT,2024-06-24 01:00:00,2024-06-24 12:00:00,20008.0,19954.0,106.0
"Stochastic_Reversion(14,20/80)",LONG,2024-06-24 23:00:00,2024-06-25 09:00:00,19759.25,19817.0,113.5
"Stochastic_Reversion(14,20/80)",SHORT,2024-06-26 00:00:00,2024-06-26 11:00:00,19966.75,19997.5,-63.5
"Stochastic_Reversion(14,20/80)",SHORT,2024-06-27 14:00:00,2024-06-27 16:00:00,20059.5,19988.75,139.5
"Stochastic_Reversion(14,20/80)",SHORT,2024-06-28 01:00:00,2024-06-28 13:00:00,20084.0,20082.25,1.5
"Stochastic_Reversion(14,20/80)",LONG,2024-06-30 22:00:00,2024-07-01 12:00:00,19970.0,19975.0,8.0
"Stochastic_Reversion(14,20/80)",SHORT,2024-07-01 19:00:00,2024-07-02 07:00:00,20013.75,19989.5,46.5
"Stochastic_Reversion(14,20/80)",SHORT,2024-07-02 22:00:00,2024-07-08 07:00:00,20241.0,20598.5,-717.0
"Stochastic_Reversion(14,20/80)",SHORT,2024-07-09 01:00:00,2024-07-09 15:00:00,20728.75,20708.75,38.0
"Stochastic_Reversion(14,20/80)",SHORT,2024-07-10 10:00:00,2024-07-10 15:00:00,20727.75,20729.5,-5.5
"Stochastic_Reversion(14,20/80)",SHORT,2024-07-10 19:00:00,2024-07-11 09:00:00,20879.5,20881.5,-6.0
"Stochastic_Reversion(14,20/80)",LONG,2024-07-11 18:00:00,2024-07-12 09:00:00,20390.5,20436.0,89.0
"Stochastic_Reversion(14,20/80)",LONG,2024-07-17 10:00:00,2024-07-18 06:00:00,20343.25,20076.0,-536.5
"Stochastic_Reversion(14,20/80)",SHORT,2024-07-22 09:00:00,2024-07-22 16:00:00,19815.5,19865.25,-101.5
"Stochastic_Reversion(14,20/80)",SHORT,2024-07-22 20:00:00,2024-07-23 07:00:00,19995.75,19937.5,114.5
"Stochastic_Reversion(14,20/80)",LONG,2024-07-24 01:00:00,2024-07-25 09:00:00,19828.5,19198.25,-1262.5
"Stochastic_Reversion(14,20/80)",SHORT,2024-07-25 18:00:00,2024-07-25 19:00:00,19289.25,19127.5,321.5
"Stochastic_Reversion(14,20/80)",SHORT,2024-07-26 11:00:00,2024-07-26 15:00:00,19168.25,19127.75,79.0
"Stochastic_Reversion(14,20/80)",SHORT,2024-07-29 03:00:00,2024-07-29 15:00:00,19288.25,19221.5,131.5
"Stochastic_Reversion(14,20/80)",LONG,2024-07-30 04:00:00,2024-07-30 08:00:00,19149.0,19235.5,171.0
"Stochastic_Reversion(14,20/80)",SHORT,2024-07-31 08:00:00,2024-08-01 09:00:00,19220.75,19524.25,-609.0
"Stochastic_Reversion(14,20/80)",LONG,2024-08-01 18:00:00,2024-08-05 05:00:00,19019.0,17554.25,-2931.5
"CCI_Reversion(20,100)",SHORT,2024-03-20 12:00:00,2024-03-20 14:00:00,18323.25,18259.5,125.5
"CCI_Reversion(20,100)",SHORT,2024-03-20 19:00:00,2024-03-21 05:00:00,18419.0,18601.75,-367.5
"CCI_Reversion(20,100)",SHORT,2024-03-21 16:00:00,2024-03-21 18:00:00,18682.0,18618.5,125.0
"CCI_Reversion(20,100)",LONG,2024-03-21 20:00:00,2024-03-21 22:00:00,18558.75,18580.5,41.5
"CCI_Reversion(20,100)",LONG,2024-03-22 02:00:00,2024-03-22 05:00:00,18560.5,18575.75,28.5
"CCI_Reversion(20,100)",LONG,2024-03-22 12:00:00,2024-03-22 16:00:00,18510.75,18559.0,94.5
"CCI_Reversion(20,100)",SHORT,2024-03-22 18:00:00,2024-03-22 20:00:00,18622.5,18572.25,98.5
"CCI_Reversion(20,100)",LONG,2024-03-25 10:00:00,2024-03-25 15:00:00,18524.0,18522.0,-6.0
"CCI_Reversion(20,100)",SHORT,2024-03-26 07:00:00,2024-03-26 13:00:00,18575.5,18568.75,11.5
"CCI_Reversion(20,100)",LONG,2024-03-26 20:00:00,2024-03-27 02:00:00,18450.25,18493.25,84.0
"CCI_Reversion(20,100)",LONG,2024-03-27 15:00:00,2024-03-27 20:00:00,18420.0,18506.75,171.5
"CCI_Reversion(20,100)",SHORT,2024-03-28 15:00:00,2024-03-28 17:00:00,18506.0,18482.25,45.5
"CCI_Reversion(20,100)",LONG,2024-03-28 18:00:00,2024-03-28 19:00:00,18469.25,18498.75,57.0
"CCI_Reversion(20,100)",LONG,2024-03-28 20:00:00,2024-03-31 23:00:00,18462.5,18571.75,216.5
"CCI_Reversion(20,100)",SHORT,2024-03-31 23:00:00,2024-04-01 06:00:00,18571.75,18572.5,-3.5
"CCI_Reversion(20,100)",LONG,2024-04-01 16:00:00,2024-04-01 20:00:00,18425.5,18495.25,137.5
"CCI_Reversion(20,100)",LONG,2024-04-02 11:00:00,2024-04-02 19:00:00,18437.5,18278.0,-321.0
"CCI_Reversion(20,100)",LONG,2024-04-03 14:00:00,2024-04-03 15:00:00,18270.0,18429.25,316.5
"CCI_Reversion(20,100)",SHORT,2024-04-03 15:00:00,2024-04-03 20:00:00,18429.25,18371.0,114.5
"CCI_Reversion(20,100)",SHORT,2024-04-04 00:00:00,2024-04-04 02:00:00,18445.5,18441.0,7.0
"CCI_Reversion(20,100)",SHORT,2024-04-04 13:00:00,2024-04-04 18:00:00,18536.25,18498.25,74.0
"CCI_Reversion(20,100)",LONG,2024-04-04 19:00:00,2024-04-05 03:00:00,18226.0,18087.5,-279.0
"CCI_Reversion(20,100)",SHORT,2024-04-05 15:00:00,2024-04-05 20:00:00,18310.0,18293.5,31.0
"CCI_Reversion(20,100)",SHORT,2024-04-08 13:00:00,2024-04-08 14:00:00,18358.5,18300.5,114.0
"CCI_Reversion(20,100)",SHORT,2024-04-08 15:00:00,2024-04-08 16:00:00,18364.5,18301.25,124.5
"CCI_Reversion(20,100)",LONG,2024-04-09 08:00:00,2024-04-09 09:00:00,18276.0,18304.0,54.0
"CCI_Reversion(20,100)",LONG,2024-04-09 11:00:00,2024-04-09 12:00:00,18284.25,18340.25,110.0
"CCI_Reversion(20,100)",SHORT,2024-04-09 12:00:00,2024-04-09 15:00:00,18340.25,18216.75,245.0
"CCI_Reversion(20,100)",LONG,2024-04-09 15:00:00,2024-04-09 17:00:00,18216.75,18264.5,93.5
"CCI_Reversion(20,100)",LONG,2024-04-09 18:00:00,2024-04-09 20:00:00,18255.25,18361.75,211.0
"CCI_Reversion(20,100)",SHORT,2024-04-09 22:00:00,2024-04-10 03:00:00,18381.0,18381.25,-2.5
"CCI_Reversion(20,100)",LONG,2024-04-10 13:00:00,2024-04-10 20:00:00,18107.75,18191.5,165.5
"CCI_Reversion(20,100)",LONG,2024-04-11 12:00:00,2024-04-11 13:00:00,18125.5,18246.5,240.0
"CCI_Reversion(20,100)",SHORT,2024-04-11 14:00:00,2024-04-12 02:00:00,18261.0,18497.25,-474.5
"CCI_Reversion(20,100)",LONG,2024-04-12 13:00:00,2024-04-14 22:00:00,18318.25,18151.0,-336.5
"CCI_Reversion(20,100)",SHORT,2024-04-15 11:00:00,2024-04-15 15:00:00,18276.25,18172.0,206.5
"CCI_Reversion(20,100)",LONG,2024-04-15 17:00:00,2024-04-16 01:00:00,18109.5,17881.25,-458.5
"CCI_Reversion(20,100)",SHORT,2024-04-16 16:00:00,2024-04-16 18:00:00,17890.5,17889.25,0.5
"CCI_Reversion(20,100)",SHORT,2024-04-16 19:00:00,2024-04-16 20:00:00,17950.25,17876.5,145.5
"CCI_Reversion(20,100)",SHORT,2024-04-17 00:00:00,2024-04-17 01:00:00,17936.25,17910.25,50.0
"CCI_Reversion(20,100)",SHORT,2024-04-17 02:00:00,2024-04-17 06:00:00,17924.0,17857.0,132.0
"CCI_Reversion(20,100)",LONG,2024-04-17 07:00:00,2024-04-17 09:00:00,17824.5,17912.75,174.5
"CCI_Reversion(20,100)",LONG,2024-04-17 15:00:00,2024-04-18 00:00:00,17802.0,17686.0,-234.0
"CCI_Reversion(20,100)",LONG,2024-04-18 14:00:00,2024-04-18 15:00:00,17610.0,17711.75,201.5
"CCI_Reversion(20,100)",LONG,2024-04-18 17:00:00,2024-04-19 06:00:00,17610.25,17371.5,-479.5
"CCI_Reversion(20,100)",LONG,2024-04-19 16:00:00,2024-04-21 23:00:00,17290.0,17257.25,-67.5
"CCI_Reversion(20,100)",SHORT,2024-04-22 18:00:00,2024-04-22 23:00:00,17397.25,17338.0,116.5
"CCI_Reversion(20,100)",SHORT,2024-04-23 09:00:00,2024-04-24 04:00:00,17382.25,17733.25,-704.0
"CCI_Reversion(20,100)",LONG,2024-04-24 16:00:00,2024-04-24 18:00:00,17607.25,17698.75,181.0
"CCI_Reversion(20,100)",LONG,2024-04-24 19:00:00,2024-04-25 05:00:00,17612.5,17454.0,-319.0
"CCI_Reversion(20,100)",LONG,2024-04-25 06:00:00,2024-04-25 07:00:00,17422.0,17454.0,62.0
"CCI_Reversion(20,100)",LONG,2024-04-25 14:00:00,2024-04-25 17:00:00,17357.25,17494.75,273.0
"CCI_Reversion(20,100)",SHORT,2024-04-25 18:00:00,2024-04-26 05:00:00,17567.75,17764.5,-395.5
"CCI_Reversion(20,100)",SHORT,2024-04-26 15:00:00,2024-04-28 22:00:00,17854.5,17864.75,-22.5
"CCI_Reversion(20,100)",SHORT,2024-04-29 02:00:00,2024-04-29 03:00:00,17907.0,17902.0,8.0
"CCI_Reversion(20,100)",SHORT,2024-04-29 13:00:00,2024-04-29 14:00:00,17922.0,17867.0,108.0
"CCI_Reversion(20,100)",LONG,2024-04-29 20:00:00,2024-04-29 22:00:00,17905.0,17918.5,25.0
"CCI_Reversion(20,100)",SHORT,2024-04-29 22:00:00,2024-04-29 23:00:00,17918.5,17908.75,17.5
"CCI_Reversion(20,100)",LONG,2024-04-30 10:00:00,2024-04-30 11:00:00,17874.0,17891.0,32.0
"CCI_Reversion(20,100)",LONG,2024-04-30 13:00:00,2024-05-01 03:00:00,17826.5,17516.25,-622.5
"CCI_Reversion(20,100)",LONG,2024-05-01 16:00:00,2024-05-01 18:00:00,17421.75,17469.25,93.0
"CCI_Reversion(20,100)",SHORT,2024-05-01 19:00:00,2024-05-01 22:00:00,17750.75,17487.0,525.5
"CCI_Reversion(20,100)",LONG,2024-05-02 15:00:00,2024-05-02 16:00:00,17528.75,17561.75,64.0
"CCI_Reversion(20,100)",SHORT,2024-05-02 19:00:00,2024-05-03 05:00:00,17664.75,17751.5,-175.5
"CCI_Reversion(20,100)",SHORT,2024-05-03 13:00:00,2024-05-06 00:00:00,17923.25,18005.0,-165.5
"CCI_Reversion(20,100)",SHORT,2024-05-06 10:00:00,2024-05-07 02:00:00,18043.0,18181.25,-278.5
"CCI_Reversion(20,100)",SHORT,2024-05-07 14:00:00,2024-05-07 18:00:00,18193.25,18194.25,-4.0
"CCI_Reversion(20,100)",LONG,2024-05-08 12:00:00,2024-05-08 15:00:00,18152.5,18218.25,129.5
"CCI_Reversion(20,100)",LONG,2024-05-09 07:00:00,2024-05-09 11:00:00,18138.25,18135.0,-8.5
"CCI_Reversion(20,100)",SHORT,2024-05-09 15:00:00,2024-05-10 01:00:00,18210.75,18231.5,-43.5
"CCI_Reversion(20,100)",SHORT,2024-05-10 07:00:00,2024-05-10 13:00:00,18254.75,18253.25,1.0
"CCI_Reversion(20,100)",SHORT,2024-05-10 14:00:00,2024-05-10 15:00:00,18328.75,18219.0,217.5
"CCI_Reversion(20,100)",SHORT,2024-05-13 06:00:00,2024-05-13 08:00:00,18297.0,18290.75,10.5
"CCI_Reversion(20,100)",SHORT,2024-05-13 11:00:00,2024-05-13 14:00:00,18304.0,18286.25,33.5
"CCI_Reversion(20,100)",LONG,2024-05-14 02:00:00,2024-05-14 06:00:00,18277.0,18282.25,8.5
"CCI_Reversion(20,100)",SHORT,2024-05-14 09:00:00,2024-05-14 12:00:00,18305.75,18286.5,36.5
"CCI_Reversion(20,100)",LONG,2024-05-14 13:00:00,2024-05-14 14:00:00,18261.5,18289.5,54.0
"CCI_Reversion(20,100)",SHORT,2024-05-14 15:00:00,2024-05-15 04:00:00,18339.0,18423.75,-171.5
"CCI_Reversion(20,100)",SHORT,2024-05-15 13:00:00,2024-05-16 02:00:00,18510.25,18723.0,-427.5
"CCI_Reversion(20,100)",SHORT,2024-05-16 16:00:00,2024-05-16 17:00:00,18740.5,18733.75,11.5
"CCI_Reversion(20,100)",LONG,2024-05-16 18:00:00,2024-05-17 02:00:00,18710.25,18664.5,-93.5
"CCI_Reversion(20,100)",LONG,2024-05-17 17:00:00,2024-05-17 20:00:00,18640.75,18638.5,-6.5
"CCI_Reversion(20,100)",SHORT,2024-05-20 14:00:00,2024-05-20 19:00:00,18749.75,18748.75,0.0
"CCI_Reversion(20,100)",SHORT,2024-05-20 20:00:00,2024-05-20 22:00:00,18765.75,18746.0,37.5
"CCI_Reversion(20,100)",LONG,2024-05-21 10:00:00,2024-05-21 11:00:00,18736.75,18753.0,30.5
"CCI_Reversion(20,100)",LONG,2024-05-21 13:00:00,2024-05-21 15:00:00,18718.25,18754.5,70.5
"CCI_Reversion(20,100)",SHORT,2024-05-21 18:00:00,2024-05-22 04:00:00,18775.75,18810.0,-70.5
"CCI_Reversion(20,100)",LONG,2024-05-22 18:00:00,2024-05-22 22:00:00,18771.75,18860.5,175.5
"CCI_Reversion(20,100)",SHORT,2024-05-22 23:00:00,2024-05-23 08:00:00,18854.75,18932.0,-156.5
"CCI_Reversion(20,100)",SHORT,2024-05-23 13:00:00,2024-05-23 14:00:00,19005.5,18852.0,305.0
"CCI_Reversion(20,100)",LONG,2024-05-23 18:00:00,2024-05-24 01:00:00,18716.5,18718.5,2.0
"CCI_Reversion(20,100)",SHORT,2024-05-24 14:00:00,2024-05-24 20:00:00,18750.0,18874.25,-250.5
"CCI_Reversion(20,100)",SHORT,2024-05-28 05:00:00,2024-05-28 11:00:00,18921.25,18919.5,1.5
"CCI_Reversion(20,100)",SHORT,2024-05-28 22:00:00,2024-05-28 23:00:00,18949.5,18941.75,13.5
"CCI_Reversion(20,100)",LONG,2024-05-29 04:00:00,2024-05-29 05:00:00,18886.5,18897.5,20.0
"CCI_Reversion(20,100)",LONG,2024-05-29 06:00:00,2024-05-29 15:00:00,18860.5,18867.75,12.5
"CCI_Reversion(20,100)",LONG,2024-05-29 22:00:00,2024-05-30 08:00:00,18753.0,18698.75,-110.5
"CCI_Reversion(20,100)",LONG,2024-05-30 16:00:00,2024-05-30 17:00:00,18669.0,18696.75,53.5
"CCI_Reversion(20,100)",LONG,2024-05-30 20:00:00,2024-05-31 04:00:00,18604.0,18561.75,-86.5
"CCI_Reversion(20,100)",LONG,2024-05-31 15:00:00,2024-05-31 20:00:00,18387.0,18598.5,421.0
"CCI_Reversion(20,100)",LONG,2024-06-03 17:00:00,2024-06-03 20:00:00,18483.25,18652.75,337.0
"CCI_Reversion(20,100)",LONG,2024-06-04 10:00:00,2024-06-04 11:00:00,18543.5,18556.0,23.0
"CCI_Reversion(20,100)",SHORT,2024-06-04 19:00:00,2024-06-05 05:00:00,18710.75,18757.0,-94.5
"CCI_Reversion(20,100)",SHORT,2024-06-05 10:00:00,2024-06-06 01:00:00,18786.75,19087.0,-602.5
"CCI_Reversion(20,100)",LONG,2024-06-06 16:00:00,2024-06-06 22:00:00,19063.5,19064.0,-1.0
"CCI_Reversion(20,100)",SHORT,2024-06-07 06:00:00,2024-06-07 07:00:00,19093.25,19090.0,4.5
"CCI_Reversion(20,100)",LONG,2024-06-07 13:00:00,2024-06-07 15:00:00,18982.5,19076.0,185.0
"CCI_Reversion(20,100)",SHORT,2024-06-07 17:00:00,2024-06-07 19:00:00,19141.75,19052.25,177.0
"CCI_Reversion(20,100)",LONG,2024-06-07 20:00:00,2024-06-09 23:00:00,19040.5,19043.25,3.5
"CCI_Reversion(20,100)",LONG,2024-06-10 08:00:00,2024-06-10 11:00:00,19020.25,19015.5,-11.5
"CCI_Reversion(20,100)",LONG,2024-06-10 13:00:00,2024-06-10 15:00:00,18993.75,19065.75,142.0
"CCI_Reversion(20,100)",SHORT,2024-06-10 16:00:00,2024-06-11 00:00:00,19088.25,19084.25,6.0
"CCI_Reversion(20,100)",LONG,2024-06-11 11:00:00,2024-06-11 15:00:00,19060.0,19134.25,146.5
"CCI_Reversion(20,100)",SHORT,2024-06-11 18:00:00,2024-06-12 03:00:00,19164.75,19255.0,-182.5
"CCI_Reversion(20,100)",SHORT,2024-06-12 13:00:00,2024-06-12 20:00:00,19422.25,19492.5,-142.5
"CCI_Reversion(20,100)",SHORT,2024-06-12 22:00:00,2024-06-13 02:00:00,19602.0,19621.75,-41.5
"CCI_Reversion(20,100)",LONG,2024-06-13 17:00:00,2024-06-13 19:00:00,19543.75,19599.25,109.0
"CCI_Reversion(20,100)",SHORT,2024-06-14 06:00:00,2024-06-14 07:00:00,19646.0,19629.0,32.0
"CCI_Reversion(20,100)",LONG,2024-06-14 11:00:00,2024-06-14 13:00:00,19539.5,19561.25,41.5
"CCI_Reversion(20,100)",SHORT,2024-06-14 18:00:00,2024-06-17 02:00:00,19657.5,19701.5,-90.0
"CCI_Reversion(20,100)",SHORT,2024-06-17 16:00:00,2024-06-18 01:00:00,19750.0,19915.25,-332.5
"CCI_Reversion(20,100)",LONG,2024-06-18 15:00:00,2024-06-18 17:00:00,19886.25,19929.0,83.5
"CCI_Reversion(20,100)",SHORT,2024-06-20 05:00:00,2024-06-20 11:00:00,20030.5,20041.75,-24.5
"CCI_Reversion(20,100)",LONG,2024-06-20 17:00:00,2024-06-21 00:00:00,19812.0,19800.75,-24.5
"CCI_Reversion(20,100)",LONG,2024-06-21 09:00:00,2024-06-21 11:00:00,19716.25,19752.5,70.5
"CCI_Reversion(20,100)",SHORT,2024-06-23 23:00:00,2024-06-24 04:00:00,20015.75,19963.5,102.5
"CCI_Reversion(20,100)",LONG,2024-06-24 17:00:00,2024-06-25 02:00:00,19851.5,19776.0,-153.0
"CCI_Reversion(20,100)",SHORT,2024-06-25 15:00:00,2024-06-26 04:00:00,19866.5,19990.75,-250.5
"CCI_Reversion(20,100)",SHORT,2024-06-26 08:00:00,2024-06-26 10:00:00,20067.5,20022.0,89.0
"CCI_Reversion(20,100)",LONG,2024-06-26 19:00:00,2024-06-26 20:00:00,19951.75,20004.75,104.0
"CCI_Reversion(20,100)",LONG,2024-06-26 22:00:00,2024-06-27 03:00:00,19946.0,19924.25,-45.5
"CCI_Reversion(20,100)",SHORT,2024-06-27 13:00:00,2024-06-27 16:00:00,20004.5,19988.75,29.5
"CCI_Reversion(20,100)",SHORT,2024-06-27 17:00:00,2024-06-27 19:00:00,20028.75,20043.25,-31.0
"CCI_Reversion(20,100)",SHORT,2024-06-27 22:00:00,2024-06-28 05:00:00,20063.25,20108.25,-92.0
"CCI_Reversion(20,100)",SHORT,2024-06-28 15:00:00,2024-06-28 16:00:00,20140.25,20109.0,60.5
"CCI_Reversion(20,100)",LONG,2024-06-28 17:00:00,2024-07-01 02:00:00,20036.0,19990.0,-94.0
"CCI_Reversion(20,100)",LONG,2024-07-01 10:00:00,2024-07-01 11:00:00,19935.5,19953.5,34.0
"CCI_Reversion(20,100)",LONG,2024-07-01 14:00:00,2024-07-01 16:00:00,19888.0,19975.75,173.5
"CCI_Reversion(20,100)",SHORT,2024-07-01 19:00:00,2024-07-02 00:00:00,20013.75,20019.5,-13.5
"CCI_Reversion(20,100)",LONG,2024-07-02 12:00:00,2024-07-02 14:00:00,19932.75,20063.5,259.5
"CCI_Reversion(20,100)",SHORT,2024-07-02 14:00:00,2024-07-03 01:00:00,20063.5,20244.0,-363.0
"CCI_Reversion(20,100)",SHORT,2024-07-03 16:30:00,2024-07-05 10:00:00,20379.25,20432.0,-107.5
"CCI_Reversion(20,100)",SHORT,2024-07-05 15:00:00,2024-07-07 23:00:00,20523.5,20600.0,-155.0
"CCI_Reversion(20,100)",SHORT,2024-07-08 12:00:00,2024-07-08 15:00:00,20628.25,20609.25,36.0
"CCI_Reversion(20,100)",SHORT,2024-07-08 16:00:00,2024-07-08 19:00:00,20668.0,20646.0,42.0
"CCI_Reversion(20,100)",SHORT,2024-07-08 20:00:00,2024-07-09 06:00:00,20666.25,20725.75,-121.0
"CCI_Reversion(20,100)",LONG,2024-07-09 17:00:00,2024-07-09 22:00:00,20676.25,20686.0,17.5
"CCI_Reversion(20,100)",SHORT,2024-07-10 09:00:00,2024-07-10 16:00:00,20731.0,20767.0,-74.0
"CCI_Reversion(20,100)",SHORT,2024-07-10 17:00:00,2024-07-11 01:00:00,20847.5,20862.25,-31.5
"CCI_Reversion(20,100)",SHORT,2024-07-11 13:00:00,2024-07-11 14:00:00,20892.25,20869.25,44.0
"CCI_Reversion(20,100)",LONG,2024-07-11 14:00:00,2024-07-12 00:00:00,20869.25,20415.0,-910.5
"CCI_Reversion(20,100)",SHORT,2024-07-12 14:00:00,2024-07-12 20:00:00,20543.5,20540.25,4.5
"CCI_Reversion(20,100)",SHORT,2024-07-15 15:00:00,2024-07-15 17:00:00,20727.75,20652.25,149.0
"CCI_Reversion(20,100)",LONG,2024-07-16 08:00:00,2024-07-16 10:00:00,20582.0,20599.75,33.5
"CCI_Reversion(20,100)",LONG,2024-07-16 15:00:00,2024-07-16 19:00:00,20532.0,20590.0,114.0
"CCI_Reversion(20,100)",LONG,2024-07-17 05:00:00,2024-07-17 23:00:00,20524.25,20061.5,-927.5
"CCI_Reversion(20,100)",SHORT,2024-07-18 13:00:00,2024-07-18 14:00:00,20144.75,20069.25,149.0
"CCI_Reversion(20,100)",LONG,2024-07-18 15:00:00,2024-07-18 22:00:00,19990.0,19955.0,-72.0
"CCI_Reversion(20,100)",LONG,2024-07-19 08:00:00,2024-07-19 10:00:00,19796.5,19849.75,104.5
"CCI_Reversion(20,100)",LONG,2024-07-19 15:00:00,2024-07-21 23:00:00,19826.5,19790.75,-73.5
"CCI_Reversion(20,100)",SHORT,2024-07-22 11:00:00,2024-07-22 16:00:00,19890.0,19865.25,47.5
"CCI_Reversion(20,100)",SHORT,2024-07-22 17:00:00,2024-07-22 22:00:00,19961.5,19982.0,-43.0
"CCI_Reversion(20,100)",LONG,2024-07-23 08:00:00,2024-07-23 09:00:00,19893.5,19921.0,53.0
"CCI_Reversion(20,100)",SHORT,2024-07-23 16:00:00,2024-07-23 17:00:00,20034.75,19949.25,169.0
"CCI_Reversion(20,100)",LONG,2024-07-23 23:00:00,2024-07-24 09:00:00,19817.0,19746.25,-143.5
"CCI_Reversion(20,100)",LONG,2024-07-24 13:00:00,2024-07-24 23:00:00,19633.5,19279.0,-711.0
"CCI_Reversion(20,100)",LONG,2024-07-25 09:00:00,2024-07-25 13:00:00,19198.25,19233.25,68.0
"CCI_Reversion(20,100)",LONG,2024-07-25 14:00:00,2024-07-25 16:00:00,19031.25,19234.75,405.0
"CCI_Reversion(20,100)",SHORT,2024-07-25 17:00:00,2024-07-25 19:00:00,19334.5,19127.5,412.0
"CCI_Reversion(20,100)",LONG,2024-07-25 20:00:00,2024-07-26 01:00:00,18991.5,19047.25,109.5
"CCI_Reversion(20,100)",SHORT,2024-07-26 17:00:00,2024-07-26 19:00:00,19277.0,19129.75,292.5
"CCI_Reversion(20,100)",SHORT,2024-07-29 00:00:00,2024-07-29 08:00:00,19242.5,19238.0,7.0
"CCI_Reversion(20,100)",LONG,2024-07-29 19:00:00,2024-07-30 05:00:00,19220.5,19181.5,-80.0
"CCI_Reversion(20,100)",LONG,2024-07-30 16:00:00,2024-07-30 23:00:00,18929.75,18970.75,80.0
"CCI_Reversion(20,100)",SHORT,2024-07-31 11:00:00,2024-08-01 05:00:00,19242.25,19669.5,-856.5
"CCI_Reversion(20,100)",LONG,2024-08-01 15:00:00,2024-08-01 17:00:00,19342.25,19018.75,-649.0
"ATR_Vol_Breakout(14,k=1.5)",LONG,2024-03-20 19:00:00,2024-03-21 18:00:00,18419.0,18618.5,397.0
"ATR_Vol_Breakout(14,k=1.5)",SHORT,2024-03-21 18:00:00,2024-03-27 20:00:00,18618.5,18506.75,221.5
"ATR_Vol_Breakout(14,k=1.5)",LONG,2024-03-27 20:00:00,2024-04-01 15:00:00,18506.75,18482.25,-51.0
"ATR_Vol_Breakout(14,k=1.5)",SHORT,2024-04-01 15:00:00,2024-04-03 15:00:00,18482.25,18429.25,104.0
"ATR_Vol_Breakout(14,k=1.5)",LONG,2024-04-03 15:00:00,2024-04-04 19:00:00,18429.25,18226.0,-408.5
"ATR_Vol_Breakout(14,k=1.5)",SHORT,2024-04-04 19:00:00,2024-04-05 15:00:00,18226.0,18310.0,-170.0
"ATR_Vol_Breakout(14,k=1.5)",LONG,2024-04-05 15:00:00,2024-04-05 18:00:00,18310.0,18291.25,-39.5
"ATR_Vol_Breakout(14,k=1.5)",SHORT,2024-04-05 18:00:00,2024-04-09 20:00:00,18291.25,18361.75,-143.0
"ATR_Vol_Breakout(14,k=1.5)",LONG,2024-04-09 20:00:00,2024-04-10 13:00:00,18361.75,18107.75,-510.0
"ATR_Vol_Breakout(14,k=1.5)",SHORT,2024-04-10 13:00:00,2024-04-11 13:00:00,18107.75,18246.5,-279.5
"ATR_Vol_Breakout(14,k=1.5)",LONG,2024-04-11 13:00:00,2024-04-12 13:00:00,18246.5,18318.25,141.5
"ATR_Vol_Breakout(14,k=1.5)",SHORT,2024-04-12 13:00:00,2024-04-18 15:00:00,18318.25,17711.75,1211.0
"ATR_Vol_Breakout(14,k=1.5)",LONG,2024-04-18 15:00:00,2024-04-19 02:00:00,17711.75,17274.75,-876.0
"ATR_Vol_Breakout(14,k=1.5)",SHORT,2024-04-19 02:00:00,2024-04-22 18:00:00,17274.75,17397.25,-247.0
"ATR_Vol_Breakout(14,k=1.5)",LONG,2024-04-22 18:00:00,2024-04-24 16:00:00,17397.25,17607.25,418.0
"ATR_Vol_Breakout(14,k=1.5)",SHORT,2024-04-24 16:00:00,2024-04-25 22:00:00,17607.25,17808.25,-404.0
"ATR_Vol_Breakout(14,k=1.5)",LONG,2024-04-25 22:00:00,2024-04-30 13:00:00,17808.25,17826.5,34.5
"ATR_Vol_Breakout(14,k=1.5)",SHORT,2024-04-30 13:00:00,2024-05-01 19:00:00,17826.5,17750.75,149.5
"ATR_Vol_Breakout(14,k=1.5)",LONG,2024-05-01 19:00:00,2024-05-01 20:00:00,17750.75,17432.0,-639.5
"ATR_Vol_Breakout(14,k=1.5)",SHORT,2024-05-01 20:00:00,2024-05-03 13:00:00,17432.0,17923.25,-984.5
"ATR_Vol_Breakout(14,k=1.5)",LONG,2024-05-03 13:00:00,2024-05-08 13:00:00,17923.25,18091.75,335.0
"ATR_Vol_Breakout(14,k=1.5)",SHORT,2024-05-08 13:00:00,2024-05-08 14:00:00,18091.75,18168.0,-154.5
"ATR_Vol_Breakout(14,k=1.5)",LONG,2024-05-08 14:00:00,2024-05-10 15:00:00,18168.0,18219.0,100.0
"ATR_Vol_Breakout(14,k=1.5)",SHORT,2024-05-10 15:00:00,2024-05-14 19:00:00,18219.0,18409.75,-383.5
"ATR_Vol_Breakout(14,k=1.5)",LONG,2024-05-14 19:00:00,2024-05-17 14:00:00,18409.75,18638.5,455.5
"ATR_Vol_Breakout(14,k=1.5)",SHORT,2024-05-17 14:00:00,2024-05-20 14:00:00,18638.5,18749.75,-224.5
"ATR_Vol_Breakout(14,k=1.5)",LONG,2024-05-20 14:00:00,2024-05-21 13:00:00,18749.75,18718.25,-65.0
"ATR_Vol_Breakout(14,k=1.5)",SHORT,2024-05-21 13:00:00,2024-05-21 15:00:00,18718.25,18754.5,-74.5
"ATR_Vol_Breakout(14,k=1.5)",LONG,2024-05-21 15:00:00,2024-05-23 14:00:00,18754.5,18852.0,193.0
"ATR_Vol_Breakout(14,k=1.5)",SHORT,2024-05-23 14:00:00,2024-05-23 16:00:00,18852.0,18915.5,-129.0
"ATR_Vol_Breakout(14,k=1.5)",LONG,2024-05-23 16:00:00,2024-05-23 18:00:00,18915.5,18716.5,-400.0
"ATR_Vol_Breakout(14,k=1.5)",SHORT,2024-05-23 18:00:00,2024-05-24 15:00:00,18716.5,18862.25,-293.5
"ATR_Vol_Breakout(14,k=1.5)",LONG,2024-05-24 15:00:00,2024-05-30 15:00:00,18862.25,18658.25,-410.0
"ATR_Vol_Breakout(14,k=1.5)",SHORT,2024-05-30 15:00:00,2024-05-31 13:00:00,18658.25,18647.0,20.5
"ATR_Vol_Breakout(14,k=1.5)",LONG,2024-05-31 13:00:00,2024-05-31 14:00:00,18647.0,18543.5,-209.0
"ATR_Vol_Breakout(14,k=1.5)",SHORT,2024-05-31 14:00:00,2024-05-31 20:00:00,18543.5,18598.5,-112.0
"ATR_Vol_Breakout(14,k=1.5)",LONG,2024-05-31 20:00:00,2024-06-03 15:00:00,18598.5,18590.5,-18.0
"ATR_Vol_Breakout(14,k=1.5)",SHORT,2024-06-03 15:00:00,2024-06-05 13:00:00,18590.5,18857.75,-536.5
"Supertrend(10,m=3.0)",SHORT,2024-03-19 14:00:00,2024-03-19 17:00:00,18090.25,18243.75,-309.0
"Supertrend(10,m=3.0)",LONG,2024-03-19 17:00:00,2024-03-22 03:00:00,18243.75,18536.5,583.5
"Supertrend(10,m=3.0)",SHORT,2024-03-22 03:00:00,2024-03-25 19:00:00,18536.5,18568.0,-65.0
"Supertrend(10,m=3.0)",LONG,2024-03-25 19:00:00,2024-03-26 20:00:00,18568.0,18450.25,-237.5
"Supertrend(10,m=3.0)",SHORT,2024-03-26 20:00:00,2024-03-31 23:00:00,18450.25,18571.75,-245.0
"Supertrend(10,m=3.0)",LONG,2024-03-31 23:00:00,2024-04-01 15:00:00,18571.75,18482.25,-181.0
"Supertrend(10,m=3.0)",SHORT,2024-04-01 15:00:00,2024-04-03 15:00:00,18482.25,18429.25,104.0
"Supertrend(10,m=3.0)",LONG,2024-04-03 15:00:00,2024-04-04 19:00:00,18429.25,18226.0,-408.5
"Supertrend(10,m=3.0)",SHORT,2024-04-04 19:00:00,2024-04-05 15:00:00,18226.0,18310.0,-170.0
"Supertrend(10,m=3.0)",LONG,2024-04-05 15:00:00,2024-04-09 15:00:00,18310.0,18216.75,-188.5
"Supertrend(10,m=3.0)",SHORT,2024-04-09 15:00:00,2024-04-10 09:00:00,18216.75,18404.0,-376.5
"Supertrend(10,m=3.0)",LONG,2024-04-10 09:00:00,2024-04-10 13:00:00,18404.0,18107.75,-594.5
"Supertrend(10,m=3.0)",SHORT,2024-04-10 13:00:00,2024-04-11 16:00:00,18107.75,18317.0,-420.5
"Supertrend(10,m=3.0)",LONG,2024-04-11 16:00:00,2024-04-12 11:00:00,18317.0,18383.75,131.5
"Supertrend(10,m=3.0)",SHORT,2024-04-12 11:00:00,2024-04-19 12:00:00,18383.75,17504.25,1757.0
"Supertrend(10,m=3.0)",LONG,2024-04-19 12:00:00,2024-04-19 16:00:00,17504.25,17290.0,-430.5
"Supertrend(10,m=3.0)",SHORT,2024-04-19 16:00:00,2024-04-22 19:00:00,17290.0,17410.75,-243.5
"Supertrend(10,m=3.0)",LONG,2024-04-22 19:00:00,2024-04-24 16:00:00,17410.75,17607.25,391.0
"Supertrend(10,m=3.0)",SHORT,2024-04-24 16:00:00,2024-04-25 18:00:00,17607.25,17567.75,77.0
"Supertrend(10,m=3.0)",LONG,2024-04-25 18:00:00,2024-04-30 16:00:00,17567.75,17764.25,391.0
"Supertrend(10,m=3.0)",SHORT,2024-04-30 16:00:00,2024-05-01 19:00:00,17764.25,17750.75,25.0
"Supertrend(10,m=3.0)",LONG,2024-05-01 19:00:00,2024-05-08 13:00:00,17750.75,18091.75,680.0
"Supertrend(10,m=3.0)",SHORT,2024-05-08 13:00:00,2024-05-08 15:00:00,18091.75,18218.25,-255.0
"Supertrend(10,m=3.0)",LONG,2024-05-08 15:00:00,2024-05-16 20:00:00,18218.25,18650.75,863.0
"Supertrend(10,m=3.0)",SHORT,2024-05-16 20:00:00,2024-05-20 14:00:00,18650.75,18749.75,-200.0
"Supertrend(10,m=3.0)",LONG,2024-05-20 14:00:00,2024-05-22 19:00:00,18749.75,18730.25,-41.0
"Supertrend(10,m=3.0)",SHORT,2024-05-22 19:00:00,2024-05-22 23:00:00,18730.25,18854.75,-251.0
"Supertrend(10,m=3.0)",LONG,2024-05-22 23:00:00,2024-05-23 14:00:00,18854.75,18852.0,-7.5
"Supertrend(10,m=3.0)",SHORT,2024-05-23 14:00:00,2024-05-24 15:00:00,18852.0,18862.25,-22.5
"Supertrend(10,m=3.0)",LONG,2024-05-24 15:00:00,2024-05-28 14:00:00,18862.25,18864.5,2.5
"Supertrend(10,m=3.0)",SHORT,2024-05-28 14:00:00,2024-05-31 20:00:00,18864.5,18598.5,530.0
"Supertrend(10,m=3.0)",LONG,2024-05-31 20:00:00,2024-06-03 17:00:00,18598.5,18483.25,-232.5
"Supertrend(10,m=3.0)",SHORT,2024-06-03 17:00:00,2024-06-04 19:00:00,18483.25,18710.75,-457.0
"Supertrend(10,m=3.0)",LONG,2024-06-04 19:00:00,2024-06-07 13:00:00,18710.75,18982.5,541.5
"Supertrend(10,m=3.0)",SHORT,2024-06-07 13:00:00,2024-06-07 17:00:00,18982.5,19141.75,-320.5
"Supertrend(10,m=3.0)",LONG,2024-06-07 17:00:00,2024-06-14 11:00:00,19141.75,19539.5,793.5
"Supertrend(10,m=3.0)",SHORT,2024-06-14 11:00:00,2024-06-14 18:00:00,19539.5,19657.5,-238.0
"Supertrend(10,m=3.0)",LONG,2024-06-14 18:00:00,2024-06-20 15:00:00,19657.5,19946.75,576.5
"Supertrend(10,m=3.0)",SHORT,2024-06-20 15:00:00,2024-06-23 23:00:00,19946.75,20015.75,-140.0
"Supertrend(10,m=3.0)",LONG,2024-06-23 23:00:00,2024-06-24 17:00:00,20015.75,19851.5,-330.5
"Supertrend(10,m=3.0)",SHORT,2024-06-24 17:00:00,2024-06-25 16:00:00,19851.5,19959.25,-217.5
"Supertrend(10,m=3.0)",LONG,2024-06-25 16:00:00,2024-06-26 13:00:00,19959.25,19934.0,-52.5
"Supertrend(10,m=3.0)",SHORT,2024-06-26 13:00:00,2024-06-27 14:00:00,19934.0,20059.5,-253.0
"Supertrend(10,m=3.0)",LONG,2024-06-27 14:00:00,2024-06-28 17:00:00,20059.5,20036.0,-49.0
"Supertrend(10,m=3.0)",SHORT,2024-06-28 17:00:00,2024-07-02 14:00:00,20036.0,20063.5,-57.0
"Supertrend(10,m=3.0)",LONG,2024-07-02 14:00:00,2024-07-09 18:00:00,20063.5,20660.25,1191.5
"Supertrend(10,m=3.0)",SHORT,2024-07-09 18:00:00,2024-07-10 17:00:00,20660.25,20847.5,-376.5
"Supertrend(10,m=3.0)",LONG,2024-07-10 17:00:00,2024-07-11 15:00:00,20847.5,20604.0,-489.0
"Supertrend(10,m=3.0)",SHORT,2024-07-11 15:00:00,2024-07-12 15:00:00,20604.0,20636.25,-66.5
"Supertrend(10,m=3.0)",LONG,2024-07-12 15:00:00,2024-07-16 15:00:00,20636.25,20532.0,-210.5
"Supertrend(10,m=3.0)",SHORT,2024-07-16 15:00:00,2024-07-22 18:00:00,20532.0,20000.0,1062.0
"Supertrend(10,m=3.0)",LONG,2024-07-22 18:00:00,2024-07-23 23:00:00,20000.0,19817.0,-368.0
"Supertrend(10,m=3.0)",SHORT,2024-07-23 23:00:00,2024-07-29 14:00:00,19817.0,19358.25,915.5
"Supertrend(10,m=3.0)",LONG,2024-07-29 14:00:00,2024-07-30 00:00:00,19358.25,19132.25,-454.0
"Supertrend(10,m=3.0)",SHORT,2024-07-30 00:00:00,2024-07-31 06:00:00,19132.25,19217.5,-172.5
"Supertrend(10,m=3.0)",LONG,2024-07-31 06:00:00,2024-08-01 15:00:00,19217.5,19342.25,247.5
"Supertrend(10,m=3.0)",SHORT,2024-08-01 15:00:00,2024-08-05 22:00:00,19342.25,18165.75,2351.0
"Supertrend(10,m=3.0)",LONG,2024-08-05 22:00:00,2024-08-07 18:00:00,18165.75,18117.75,-98.0
"Supertrend(10,m=3.0)",SHORT,2024-08-07 18:00:00,2024-08-08 15:00:00,18117.75,18412.0,-590.5
"Supertrend(10,m=3.0)",LONG,2024-08-08 15:00:00,2024-08-16 13:00:00,18412.0,19478.75,2131.5
"Supertrend(10,m=3.0)",SHORT,2024-08-16 13:00:00,2024-08-19 17:00:00,19478.75,19692.5,-429.5
"Supertrend(10,m=3.0)",LONG,2024-08-19 17:00:00,2024-08-20 17:00:00,19692.5,19778.25,169.5
"Supertrend(10,m=3.0)",SHORT,2024-08-20 17:00:00,2024-08-21 22:00:00,19778.25,19921.25,-288.0
"Supertrend(10,m=3.0)",LONG,2024-08-21 22:00:00,2024-08-22 16:00:00,19921.25,19711.25,-422.0
"Supertrend(10,m=3.0)",SHORT,2024-08-22 16:00:00,2024-08-26 09:00:00,19711.25,19843.25,-266.0
"Supertrend(10,m=3.0)",LONG,2024-08-26 09:00:00,2024-08-26 15:00:00,19843.25,19600.25,-488.0
"Supertrend(10,m=3.0)",SHORT,2024-08-26 15:00:00,2024-08-29 14:00:00,19600.25,19643.75,-89.0
"Supertrend(10,m=3.0)",LONG,2024-08-29 14:00:00,2024-09-03 14:00:00,19643.75,19366.5,-556.5
"Supertrend(10,m=3.0)",SHORT,2024-09-03 14:00:00,2024-09-04 15:00:00,19366.5,19091.25,548.5
"Supertrend(10,m=3.0)",LONG,2024-09-04 15:00:00,2024-09-06 08:00:00,19091.25,18778.5,-627.5
"Supertrend(10,m=3.0)",SHORT,2024-09-06 08:00:00,2024-09-10 13:00:00,18778.5,18758.25,38.5
"Supertrend(10,m=3.0)",LONG,2024-09-10 13:00:00,2024-09-11 15:00:00,18758.25,18604.25,-310.0
"Supertrend(10,m=3.0)",SHORT,2024-09-11 15:00:00,2024-09-11 17:00:00,18604.25,18912.25,-618.0
"Supertrend(10,m=3.0)",LONG,2024-09-11 17:00:00,2024-09-16 15:00:00,18912.25,19339.5,852.5
"Supertrend(10,m=3.0)",SHORT,2024-09-16 15:00:00,2024-09-17 10:00:00,19339.5,19541.25,-405.5
"Supertrend(10,m=3.0)",LONG,2024-09-17 10:00:00,2024-09-17 17:00:00,19541.25,19401.5,-281.5
"Supertrend(10,m=3.0)",SHORT,2024-09-17 17:00:00,2024-09-19 03:00:00,19401.5,19586.0,-371.0
"Supertrend(10,m=3.0)",LONG,2024-09-19 03:00:00,2024-09-26 15:00:00,19586.0,20214.5,1255.0
"Supertrend(10,m=3.0)",SHORT,2024-09-26 15:00:00,2024-10-01 02:00:00,20214.5,20327.25,-227.5
"Supertrend(10,m=3.0)",LONG,2024-10-01 02:00:00,2024-10-01 14:00:00,20327.25,20044.5,-567.5
"Supertrend(10,m=3.0)",SHORT,2024-10-01 14:00:00,2024-10-04 13:00:00,20044.5,20245.0,-403.0
"Supertrend(10,m=3.0)",LONG,2024-10-04 13:00:00,2024-10-07 19:00:00,20245.0,19969.5,-553.0
"Supertrend(10,m=3.0)",SHORT,2024-10-07 19:00:00,2024-10-08 14:00:00,19969.5,20155.75,-374.5
"Supertrend(10,m=3.0)",LONG,2024-10-08 14:00:00,2024-10-10 14:00:00,20155.75,20357.5,401.5
"Supertrend(10,m=3.0)",SHORT,2024-10-10 14:00:00,2024-10-14 10:00:00,20357.5,20488.0,-263.0
"Supertrend(10,m=3.0)",LONG,2024-10-14 10:00:00,2024-10-15 15:00:00,20488.0,20400.0,-178.0
"Supertrend(10,m=3.0)",SHORT,2024-10-15 15:00:00,2024-10-17 07:00:00,20400.0,20431.25,-64.5
"Supertrend(10,m=3.0)",LONG,2024-10-17 07:00:00,2024-10-17 20:00:00,20431.25,20364.0,-136.5
"Supertrend(10,m=3.0)",SHORT,2024-10-17 20:00:00,2024-10-18 16:00:00,20364.0,20496.25,-266.5
"Keltner_Breakout(20,m=2.0)",LONG,2024-03-20 12:00:00,2024-03-25 12:00:00,18323.25,18470.25,292.0
"Keltner_Breakout(20,m=2.0)",SHORT,2024-03-25 12:00:00,2024-03-31 23:00:00,18470.25,18571.75,-205.0
"Keltner_Breakout(20,m=2.0)",LONG,2024-03-31 23:00:00,2024-04-01 16:00:00,18571.75,18425.5,-294.5
"Keltner_Breakout(20,m=2.0)",SHORT,2024-04-01 16:00:00,2024-04-03 15:00:00,18425.5,18429.25,-9.5
"Keltner_Breakout(20,m=2.0)",LONG,2024-04-03 15:00:00,2024-04-04 19:00:00,18429.25,18226.0,-408.5
"Keltner_Breakout(20,m=2.0)",SHORT,2024-04-04 19:00:00,2024-04-05 15:00:00,18226.0,18310.0,-170.0
"Keltner_Breakout(20,m=2.0)",LONG,2024-04-05 15:00:00,2024-04-09 15:00:00,18310.0,18216.75,-188.5
"Keltner_Breakout(20,m=2.0)",SHORT,2024-04-09 15:00:00,2024-04-11 18:00:00,18216.75,18437.0,-442.5
"Keltner_Breakout(20,m=2.0)",LONG,2024-04-11 18:00:00,2024-04-12 13:00:00,18437.0,18318.25,-239.5
"Keltner_Breakout(20,m=2.0)",SHORT,2024-04-12 13:00:00,2024-04-23 14:00:00,18318.25,17501.5,1631.5
"Keltner_Breakout(20,m=2.0)",LONG,2024-04-23 14:00:00,2024-04-24 22:00:00,17501.5,17450.0,-105.0
"Keltner_Breakout(20,m=2.0)",SHORT,2024-04-24 22:00:00,2024-04-25 22:00:00,17450.0,17808.25,-718.5
"Keltner_Breakout(20,m=2.0)",LONG,2024-04-25 22:00:00,2024-04-30 13:00:00,17808.25,17826.5,34.5
"Keltner_Breakout(20,m=2.0)",SHORT,2024-04-30 13:00:00,2024-05-01 19:00:00,17826.5,17750.75,149.5
"Keltner_Breakout(20,m=2.0)",LONG,2024-05-01 19:00:00,2024-05-08 13:00:00,17750.75,18091.75,680.0
"Keltner_Breakout(20,m=2.0)",SHORT,2024-05-08 13:00:00,2024-05-10 09:00:00,18091.75,18290.75,-400.0
"Keltner_Breakout(20,m=2.0)",LONG,2024-05-10 09:00:00,2024-05-22 19:00:00,18290.75,18730.25,877.0
"Keltner_Breakout(20,m=2.0)",SHORT,2024-05-22 19:00:00,2024-05-23 03:00:00,18730.25,18944.5,-430.5
"Keltner_Breakout(20,m=2.0)",LONG,2024-05-23 03:00:00,2024-05-23 15:00:00,18944.5,18808.25,-274.5
"Keltner_Breakout(20,m=2.0)",SHORT,2024-05-23 15:00:00,2024-05-24 15:00:00,18808.25,18862.25,-110.0
"Keltner_Breakout(20,m=2.0)",LONG,2024-05-24 15:00:00,2024-05-29 13:00:00,18862.25,18780.5,-165.5
"Keltner_Breakout(20,m=2.0)",SHORT,2024-05-29 13:00:00,2024-06-05 12:00:00,18780.5,18807.25,-55.5
"Keltner_Breakout(20,m=2.0)",LONG,2024-06-05 12:00:00,2024-06-07 13:00:00,18807.25,18982.5,348.5
"Keltner_Breakout(20,m=2.0)",SHORT,2024-06-07 13:00:00,2024-06-11 18:00:00,18982.5,19164.75,-366.5
"Keltner_Breakout(20,m=2.0)",LONG,2024-06-11 18:00:00,2024-06-20 16:00:00,19164.75,19893.25,1455.0
"Keltner_Breakout(20,m=2.0)",SHORT,2024-06-20 16:00:00,2024-06-23 23:00:00,19893.25,20015.75,-247.0
"Keltner_Breakout(20,m=2.0)",LONG,2024-06-23 23:00:00,2024-06-24 20:00:00,20015.75,19744.75,-544.0
"Keltner_Breakout(20,m=2.0)",SHORT,2024-06-24 20:00:00,2024-06-25 16:00:00,19744.75,19959.25,-431.0
"Keltner_Breakout(20,m=2.0)",LONG,2024-06-25 16:00:00,2024-06-28 20:00:00,19959.25,19932.5,-55.5
"Keltner_Breakout(20,m=2.0)",SHORT,2024-06-28 20:00:00,2024-07-02 14:00:00,19932.5,20063.5,-264.0
"Keltner_Breakout(20,m=2.0)",LONG,2024-07-02 14:00:00,2024-07-11 15:00:00,20063.5,20604.0,1079.0
"Keltner_Breakout(20,m=2.0)",SHORT,2024-07-11 15:00:00,2024-07-12 15:00:00,20604.0,20636.25,-66.5
"Keltner_Breakout(20,m=2.0)",LONG,2024-07-12 15:00:00,2024-07-17 07:00:00,20636.25,20455.25,-364.0
"Keltner_Breakout(20,m=2.0)",SHORT,2024-07-17 07:00:00,2024-07-22 14:00:00,20455.25,19970.0,968.5
"Keltner_Breakout(20,m=2.0)",LONG,2024-07-22 14:00:00,2024-07-24 05:00:00,19970.0,19729.75,-482.5
"Keltner_Breakout(20,m=2.0)",SHORT,2024-07-24 05:00:00,2024-07-31 13:00:00,19729.75,19347.0,763.5
"Keltner_Breakout(20,m=2.0)",LONG,2024-07-31 13:00:00,2024-08-01 15:00:00,19347.0,19342.25,-11.5
"Keltner_Breakout(20,m=2.0)",SHORT,2024-08-01 15:00:00,2024-08-08 15:00:00,19342.25,18412.0,1858.5
"Keltner_Breakout(20,m=2.0)",LONG,2024-08-08 15:00:00,2024-08-22 16:00:00,18412.0,19711.25,2596.5
"Keltner_Breakout(20,m=2.0)",SHORT,2024-08-22 16:00:00,2024-08-29 14:00:00,19711.25,19643.75,133.0
"Keltner_Breakout(20,m=2.0)",LONG,2024-08-29 14:00:00,2024-09-03 14:00:00,19643.75,19366.5,-556.5
"Keltner_Breakout(20,m=2.0)",SHORT,2024-09-03 14:00:00,2024-09-10 20:00:00,19366.5,18848.75,1033.5
"Keltner_Breakout(20,m=2.0)",LONG,2024-09-10 20:00:00,2024-09-11 15:00:00,18848.75,18604.25,-491.0
"Keltner_Breakout(20,m=2.0)",SHORT,2024-09-11 15:00:00,2024-09-11 18:00:00,18604.25,19040.0,-873.5
"Keltner_Breakout(20,m=2.0)",LONG,2024-09-11 18:00:00,2024-09-16 15:00:00,19040.0,19339.5,597.0
"Keltner_Breakout(20,m=2.0)",SHORT,2024-09-16 15:00:00,2024-09-17 10:00:00,19339.5,19541.25,-405.5
"Keltner_Breakout(20,m=2.0)",LONG,2024-09-17 10:00:00,2024-09-18 16:00:00,19541.25,19372.75,-339.0
"Keltner_Breakout(20,m=2.0)",SHORT,2024-09-18 16:00:00,2024-09-19 07:00:00,19372.75,19677.0,-610.5
"Keltner_Breakout(20,m=2.0)",LONG,2024-09-19 07:00:00,2024-09-26 15:00:00,19677.0,20214.5,1073.0
"Keltner_Breakout(20,m=2.0)",SHORT,2024-09-26 15:00:00,2024-10-04 13:00:00,20214.5,20245.0,-63.0
"Keltner_Breakout(20,m=2.0)",LONG,2024-10-04 13:00:00,2024-10-07 19:00:00,20245.0,19969.5,-553.0
"Keltner_Breakout(20,m=2.0)",SHORT,2024-10-07 19:00:00,2024-10-08 15:00:00,19969.5,20240.25,-543.5
"Keltner_Breakout(20,m=2.0)",LONG,2024-10-08 15:00:00,2024-10-15 15:00:00,20240.25,20400.0,317.5
"Keltner_Breakout(20,m=2.0)",SHORT,2024-10-15 15:00:00,2024-10-17 07:00:00,20400.0,20431.25,-64.5
"Keltner_Breakout(20,m=2.0)",LONG,2024-10-17 07:00:00,2024-10-21 11:00:00,20431.25,20371.25,-122.0
"Keltner_Breakout(20,m=2.0)",SHORT,2024-10-21 11:00:00,2024-10-22 18:00:00,20371.25,20574.75,-409.0
"Keltner_Breakout(20,m=2.0)",LONG,2024-10-22 18:00:00,2024-10-23 15:00:00,20574.75,20393.0,-365.5
"Keltner_Breakout(20,m=2.0)",SHORT,2024-10-23 15:00:00,2024-10-25 13:00:00,20393.0,20492.0,-200.0
"Keltner_Breakout(20,m=2.0)",LONG,2024-10-25 13:00:00,2024-10-30 18:00:00,20492.0,20576.0,166.0
"Keltner_Breakout(20,m=2.0)",SHORT,2024-10-30 18:00:00,2024-11-05 15:00:00,20576.0,20289.75,570.5
"Keltner_Breakout(20,m=2.0)",LONG,2024-11-05 15:00:00,2024-11-11 15:00:00,20289.75,21172.0,1762.5
"Keltner_Breakout(20,m=2.0)",SHORT,2024-11-11 15:00:00,2024-11-19 19:00:00,21172.0,20784.75,772.5
"Keltner_Breakout(20,m=2.0)",LONG,2024-11-19 19:00:00,2024-11-20 15:00:00,20784.75,20614.0,-343.5
"Keltner_Breakout(20,m=2.0)",SHORT,2024-11-20 15:00:00,2024-11-21 14:00:00,20614.0,20844.75,-463.5
"Keltner_Breakout(20,m=2.0)",LONG,2024-11-21 14:00:00,2024-11-27 15:00:00,20844.75,20860.5,29.5
"Keltner_Breakout(20,m=2.0)",SHORT,2024-11-27 15:00:00,2024-11-29 16:30:00,20860.5,20954.5,-190.0
"Keltner_Breakout(20,m=2.0)",LONG,2024-11-29 16:30:00,2024-12-09 16:00:00,20954.5,21508.0,1105.0
"Keltner_Breakout(20,m=2.0)",SHORT,2024-12-09 16:00:00,2024-12-11 14:00:00,21508.0,21528.5,-43.0
"Keltner_Breakout(20,m=2.0)",LONG,2024-12-11 14:00:00,2024-12-18 20:00:00,21528.5,21629.25,199.5
"Keltner_Breakout(20,m=2.0)",SHORT,2024-12-18 20:00:00,2024-12-22 23:00:00,21629.25,21566.0,124.5
"Keltner_Breakout(20,m=2.0)",LONG,2024-12-22 23:00:00,2024-12-27 15:00:00,21566.0,21695.25,256.5
"Keltner_Breakout(20,m=2.0)",SHORT,2024-12-27 15:00:00,2025-01-03 15:00:00,21695.25,21382.75,623.0
"Keltner_Breakout(20,m=2.0)",LONG,2025-01-03 15:00:00,2025-01-07 16:00:00,21382.75,21548.5,329.5
"Keltner_Breakout(20,m=2.0)",SHORT,2025-01-07 16:00:00,2025-01-14 09:00:00,21548.5,21122.25,850.5
"Keltner_Breakout(20,m=2.0)",LONG,2025-01-14 09:00:00,2025-01-14 17:00:00,21122.25,20822.75,-601.0
"Keltner_Breakout(20,m=2.0)",SHORT,2025-01-14 17:00:00,2025-01-15 14:00:00,20822.75,21281.5,-919.5
"Keltner_Breakout(20,m=2.0)",LONG,2025-01-15 14:00:00,2025-01-24 19:00:00,21281.5,21868.25,1171.5
"Keltner_Breakout(20,m=2.0)",SHORT,2025-01-24 19:00:00,2025-01-28 20:00:00,21868.25,21615.25,504.0
"Keltner_Breakout(20,m=2.0)",LONG,2025-01-28 20:00:00,2025-01-30 16:00:00,21615.25,21462.75,-307.0
"Keltner_Breakout(20,m=2.0)",SHORT,2025-01-30 16:00:00,2025-01-31 15:00:00,21462.75,21868.25,-813.0
"Keltner_Breakout(20,m=2.0)",LONG,2025-01-31 15:00:00,2025-01-31 21:00:00,21868.25,21580.5,-577.5
"Keltner_Breakout(20,m=2.0)",SHORT,2025-01-31 21:00:00,2025-02-04 16:00:00,21580.5,21634.5,-110.0
"Keltner_Breakout(20,m=2.0)",LONG,2025-02-04 16:00:00,2025-02-07 16:00:00,21634.5,21721.25,171.5
"Keltner_Breakout(20,m=2.0)",SHORT,2025-02-07 16:00:00,2025-02-10 16:00:00,21721.25,21865.5,-290.5
"Keltner_Breakout(20,m=2.0)",LONG,2025-02-10 16:00:00,2025-02-11 14:00:00,21865.5,21675.5,-382.0
"Keltner_Breakout(20,m=2.0)",SHORT,2025-02-11 14:00:00,2025-02-13 16:00:00,21675.5,22038.0,-727.0
"Keltner_Breakout(20,m=2.0)",LONG,2025-02-13 16:00:00,2025-02-20 15:00:00,22038.0,22011.0,-56.0
"Keltner_Breakout(20,m=2.0)",SHORT,2025-02-20 15:00:00,2025-03-12 13:00:00,22011.0,19722.5,4575.0
"Keltner_Breakout(20,m=2.0)",LONG,2025-03-12 13:00:00,2025-03-13 18:00:00,19722.5,19190.0,-1067.0
"Keltner_Breakout(20,m=2.0)",SHORT,2025-03-13 18:00:00,2025-03-14 16:00:00,19190.0,19680.0,-982.0
"Keltner_Breakout(20,m=2.0)",LONG,2025-03-14 16:00:00,2025-03-18 14:00:00,19680.0,19469.25,-423.5
"Keltner_Breakout(20,m=2.0)",SHORT,2025-03-18 14:00:00,2025-03-19 16:00:00,19469.25,19715.0,-493.5
"Keltner_Breakout(20,m=2.0)",LONG,2025-03-19 16:00:00,2025-03-20 11:00:00,19715.0,19616.25,-199.5
"Keltner_Breakout(20,m=2.0)",SHORT,2025-03-20 11:00:00,2025-03-23 22:00:00,19616.25,20050.5,-870.5
"Keltner_Breakout(20,m=2.0)",LONG,2025-03-23 22:00:00,2025-03-26 14:00:00,20050.5,20316.5,530.0
"Keltner_Breakout(20,m=2.0)",SHORT,2025-03-26 14:00:00,2025-04-01 16:00:00,20316.5,19592.75,1445.5
"Keltner_Breakout(20,m=2.0)",LONG,2025-04-01 16:00:00,2025-04-02 22:00:00,19592.75,19020.0,-1147.5
"Keltner_Breakout(20,m=2.0)",SHORT,2025-04-02 22:00:00,2025-04-08 14:00:00,19020.0,18247.75,1542.5
"Keltner_Breakout(20,m=2.0)",LONG,2025-04-08 14:00:00,2025-04-08 20:00:00,18247.75,17239.5,-2018.5
"Keltner_Breakout(20,m=2.0)",SHORT,2025-04-08 20:00:00,2025-04-09 07:00:00,17239.5,17342.75,-208.5
"VWAP_Reversion(20,2%)",SHORT,2024-04-25 22:00:00,2024-04-26 18:00:00,17808.25,17877.5,-140.5
"VWAP_Reversion(20,2%)",LONG,2024-08-01 19:00:00,2024-08-02 16:00:00,18891.75,18589.0,-607.5
"VWAP_Reversion(20,2%)",LONG,2024-08-05 02:00:00,2024-08-05 15:00:00,18131.25,17943.75,-377.0
"VWAP_Reversion(20,2%)",SHORT,2024-08-06 00:00:00,2024-08-06 10:00:00,18287.75,18087.75,398.0
"VWAP_Reversion(20,2%)",LONG,2024-08-07 22:00:00,2024-08-08 13:00:00,17873.0,18157.25,566.5
"VWAP_Reversion(20,2%)",SHORT,2024-09-12 04:00:00,2024-09-12 14:00:00,19304.25,19257.5,91.5
"VWAP_Reversion(20,2%)",LONG,2024-12-18 21:00:00,2024-12-19 17:00:00,21211.5,21292.0,159.0
"VWAP_Reversion(20,2%)",SHORT,2024-12-22 23:00:00,2024-12-23 09:00:00,21566.0,21675.75,-221.5
"VWAP_Reversion(20,2%)",LONG,2025-01-27 06:00:00,2025-01-27 15:00:00,21434.25,21330.5,-209.5
"VWAP_Reversion(20,2%)",LONG,2025-02-03 00:00:00,2025-02-03 16:00:00,21114.0,21419.0,608.0
"VWAP_Reversion(20,2%)",LONG,2025-03-10 15:00:00,2025-03-11 06:00:00,19554.0,19475.75,-158.5
"VWAP_Reversion(20,2%)",LONG,2025-03-31 01:00:00,2025-03-31 16:00:00,19213.0,19220.75,13.5
"VWAP_Reversion(20,2%)",LONG,2025-04-02 22:00:00,2025-04-03 19:00:00,19020.0,18850.5,-341.0
"VWAP_Reversion(20,2%)",LONG,2025-04-04 11:00:00,2025-04-07 14:00:00,18087.5,17273.0,-1631.0
"VWAP_Reversion(20,2%)",SHORT,2025-04-07 18:00:00,2025-04-08 19:00:00,17784.75,17441.0,685.5
"VWAP_Reversion(20,2%)",LONG,2025-04-08 19:00:00,2025-04-09 15:00:00,17441.0,17224.5,-435.0
"VWAP_Reversion(20,2%)",SHORT,2025-04-09 18:00:00,2025-04-10 13:00:00,18877.75,18822.5,108.5
"VWAP_Reversion(20,2%)",LONG,2025-04-10 16:00:00,2025-04-10 19:00:00,18278.25,18537.25,516.0
"VWAP_Reversion(20,2%)",SHORT,2025-04-14 00:00:00,2025-04-14 18:00:00,19011.5,18940.75,139.5
"VWAP_Reversion(20,2%)",LONG,2025-04-16 06:00:00,2025-04-16 15:00:00,18526.75,18628.0,200.5
"VWAP_Reversion(20,2%)",SHORT,2025-04-22 23:00:00,2025-04-23 16:00:00,18764.25,18876.5,-226.5
"VWAP_Reversion(20,2%)",SHORT,2025-04-30 22:00:00,2025-05-01 16:00:00,19834.0,19963.0,-260.0
"VWAP_Reversion(20,2%)",SHORT,2025-05-12 08:00:00,2025-05-12 16:00:00,20812.25,20765.25,92.0
"VWAP_Reversion(20,2%)",SHORT,2025-11-10 09:00:00,2025-11-10 17:00:00,25532.5,25521.25,20.5
"VWAP_Reversion(20,2%)",LONG,2025-11-20 18:00:00,2025-11-21 14:00:00,24395.25,24242.0,-308.5
"VWAP_Reversion(20,2%)",LONG,2026-01-20 10:00:00,2026-01-20 17:00:00,25134.5,25398.5,526.0
"VWAP_Reversion(20,2%)",LONG,2026-03-09 00:00:00,2026-03-09 14:00:00,24215.5,24370.75,308.5
"VWAP_Reversion(20,2%)",SHORT,2026-04-01 07:00:00,2026-04-01 18:00:00,24169.5,24266.75,-196.5
"VWAP_Reversion(20,2%)",SHORT,2026-04-07 23:00:00,2026-04-08 17:00:00,24915.0,25142.5,-457.0
"VWAP_Reversion(20,2%)",LONG,2026-06-05 20:00:00,2026-06-08 11:00:00,29015.75,29241.5,449.5
"VWAP_Reversion(20,2%)",LONG,2026-06-09 16:00:00,2026-06-09 19:00:00,28696.0,29066.0,738.0
"VWAP_Reversion(20,2%)",SHORT,2026-06-11 23:00:00,2026-06-12 14:00:00,29560.0,29354.0,410.0
"VWAP_Reversion(20,2%)",SHORT,2026-06-15 02:00:00,2026-06-15 19:00:00,30167.25,30861.25,-1390.0
"VWAP_Reversion(20,2%)",LONG,2026-06-23 07:00:00,2026-06-23 17:00:00,29969.5,29864.0,-213.0
"VWAP_Reversion(20,2%)",LONG,2026-07-17 09:00:00,2026-07-17 15:00:00,28628.75,28727.0,194.5
Engulfing_Reversal(0.3),SHORT,2024-03-19 07:00:00,2024-03-19 09:00:00,18184.25,18223.25,-80.0
Engulfing_Reversal(0.3),LONG,2024-03-19 09:00:00,2024-03-19 10:00:00,18223.25,18177.25,-94.0
Engulfing_Reversal(0.3),SHORT,2024-03-19 10:00:00,2024-03-20 06:00:00,18177.25,18247.5,-142.5
Engulfing_Reversal(0.3),LONG,2024-03-20 06:00:00,2024-03-20 18:00:00,18247.5,18272.5,48.0
Engulfing_Reversal(0.3),SHORT,2024-03-20 18:00:00,2024-03-20 19:00:00,18272.5,18419.0,-295.0
Engulfing_Reversal(0.3),LONG,2024-03-20 19:00:00,2024-03-21 09:00:00,18419.0,18619.25,398.5
Engulfing_Reversal(0.3),SHORT,2024-03-21 09:00:00,2024-03-21 12:00:00,18619.25,18639.5,-42.5
Engulfing_Reversal(0.3),LONG,2024-03-21 12:00:00,2024-03-22 07:00:00,18639.5,18567.75,-145.5
Engulfing_Reversal(0.3),SHORT,2024-03-22 07:00:00,2024-03-22 09:00:00,18567.75,18593.25,-53.0
Engulfing_Reversal(0.3),LONG,2024-03-22 09:00:00,2024-03-25 03:00:00,18593.25,18577.5,-33.5
Engulfing_Reversal(0.3),SHORT,2024-03-25 03:00:00,2024-03-25 09:00:00,18577.5,18550.75,51.5
Engulfing_Reversal(0.3),LONG,2024-03-25 09:00:00,2024-03-25 20:00:00,18550.75,18509.5,-84.5
Engulfing_Reversal(0.3),SHORT,2024-03-25 20:00:00,2024-03-26 09:00:00,18509.5,18592.75,-168.5
Engulfing_Reversal(0.3),LONG,2024-03-26 09:00:00,2024-03-26 13:00:00,18592.75,18568.75,-50.0
Engulfing_Reversal(0.3),SHORT,2024-03-26 13:00:00,2024-03-26 19:00:00,18568.75,18554.5,26.5
Engulfing_Reversal(0.3),LONG,2024-03-26 19:00:00,2024-03-26 20:00:00,18554.5,18450.25,-210.5
Engulfing_Reversal(0.3),SHORT,2024-03-26 20:00:00,2024-03-27 00:00:00,18450.25,18489.5,-80.5
Engulfing_Reversal(0.3),LONG,2024-03-27 00:00:00,2024-03-27 14:00:00,18489.5,18450.5,-80.0
Engulfing_Reversal(0.3),SHORT,2024-03-27 14:00:00,2024-03-28 01:00:00,18450.5,18501.25,-103.5
Engulfing_Reversal(0.3),LONG,2024-03-28 01:00:00,2024-03-28 07:00:00,18501.25,18495.25,-14.0
Engulfing_Reversal(0.3),SHORT,2024-03-28 07:00:00,2024-03-28 08:00:00,18495.25,18505.5,-22.5
Engulfing_Reversal(0.3),LONG,2024-03-28 08:00:00,2024-03-28 09:00:00,18505.5,18481.5,-50.0
Engulfing_Reversal(0.3),SHORT,2024-03-28 09:00:00,2024-03-28 11:00:00,18481.5,18488.5,-16.0
Engulfing_Reversal(0.3),LONG,2024-03-28 11:00:00,2024-03-28 17:00:00,18488.5,18482.25,-14.5
Engulfing_Reversal(0.3),SHORT,2024-03-28 17:00:00,2024-03-28 19:00:00,18482.25,18498.75,-35.0
Engulfing_Reversal(0.3),LONG,2024-03-28 19:00:00,2024-03-28 20:00:00,18498.75,18462.5,-74.5
Engulfing_Reversal(0.3),SHORT,2024-03-28 20:00:00,2024-04-01 08:00:00,18462.5,18597.25,-271.5
Engulfing_Reversal(0.3),LONG,2024-04-01 08:00:00,2024-04-02 23:00:00,18597.25,18327.75,-541.0
Engulfing_Reversal(0.3),SHORT,2024-04-02 23:00:00,2024-04-03 09:00:00,18327.75,18289.0,75.5
Engulfing_Reversal(0.3),LONG,2024-04-03 09:00:00,2024-04-03 10:00:00,18289.0,18266.75,-46.5
Engulfing_Reversal(0.3),SHORT,2024-04-03 10:00:00,2024-04-04 08:00:00,18266.75,18440.75,-350.0
Engulfing_Reversal(0.3),LONG,2024-04-04 08:00:00,2024-04-04 12:00:00,18440.75,18454.5,25.5
Engulfing_Reversal(0.3),SHORT,2024-04-04 12:00:00,2024-04-04 16:00:00,18454.5,18534.75,-162.5
Engulfing_Reversal(0.3),LONG,2024-04-04 16:00:00,2024-04-04 18:00:00,18534.75,18498.25,-75.0
Engulfing_Reversal(0.3),SHORT,2024-04-04 18:00:00,2024-04-05 07:00:00,18498.25,18122.75,749.0
Engulfing_Reversal(0.3),LONG,2024-04-05 07:00:00,2024-04-05 18:00:00,18122.75,18291.25,335.0
Engulfing_Reversal(0.3),SHORT,2024-04-05 18:00:00,2024-04-08 08:00:00,18291.25,18323.5,-66.5
Engulfing_Reversal(0.3),LONG,2024-04-08 08:00:00,2024-04-08 09:00:00,18323.5,18275.75,-97.5
Engulfing_Reversal(0.3),SHORT,2024-04-08 09:00:00,2024-04-08 13:00:00,18275.75,18358.5,-167.5
Engulfing_Reversal(0.3),LONG,2024-04-08 13:00:00,2024-04-08 14:00:00,18358.5,18300.5,-118.0
Engulfing_Reversal(0.3),SHORT,2024-04-08 14:00:00,2024-04-08 15:00:00,18300.5,18364.5,-130.0
Engulfing_Reversal(0.3),LONG,2024-04-08 15:00:00,2024-04-08 20:00:00,18364.5,18297.0,-137.0
Engulfing_Reversal(0.3),SHORT,2024-04-08 20:00:00,2024-04-09 03:00:00,18297.0,18295.5,1.0
Engulfing_Reversal(0.3),LONG,2024-04-09 03:00:00,2024-04-10 04:00:00,18295.5,18378.25,163.5
Engulfing_Reversal(0.3),SHORT,2024-04-10 04:00:00,2024-04-10 05:00:00,18378.25,18381.75,-9.0
Engulfing_Reversal(0.3),LONG,2024-04-10 05:00:00,2024-04-10 06:00:00,18381.75,18370.75,-24.0
Engulfing_Reversal(0.3),SHORT,2024-04-10 06:00:00,2024-04-11 18:00:00,18370.75,18437.0,-134.5
Engulfing_Reversal(0.3),LONG,2024-04-11 18:00:00,2024-04-12 13:00:00,18437.0,18318.25,-239.5
Engulfing_Reversal(0.3),SHORT,2024-04-12 13:00:00,2024-04-14 23:00:00,18318.25,18221.5,191.5
Engulfing_Reversal(0.3),LONG,2024-04-14 23:00:00,2024-04-16 02:00:00,18221.5,17872.75,-699.5
Engulfing_Reversal(0.3),SHORT,2024-04-16 02:00:00,2024-04-17 05:00:00,17872.75,17934.25,-125.0
Engulfing_Reversal(0.3),LONG,2024-04-17 05:00:00,2024-04-17 14:00:00,17934.25,17892.0,-86.5
Engulfing_Reversal(0.3),SHORT,2024-04-17 14:00:00,2024-04-18 15:00:00,17892.0,17711.75,358.5
Engulfing_Reversal(0.3),LONG,2024-04-18 15:00:00,2024-04-19 09:00:00,17711.75,17412.75,-600.0
Engulfing_Reversal(0.3),SHORT,2024-04-19 09:00:00,2024-04-23 11:00:00,17412.75,17410.5,2.5
Engulfing_Reversal(0.3),LONG,2024-04-23 11:00:00,2024-04-23 20:00:00,17410.5,17607.75,392.5
Engulfing_Reversal(0.3),SHORT,2024-04-23 20:00:00,2024-04-23 22:00:00,17607.75,17682.0,-150.5
Engulfing_Reversal(0.3),LONG,2024-04-23 22:00:00,2024-04-24 05:00:00,17682.0,17728.25,90.5
Engulfing_Reversal(0.3),SHORT,2024-04-24 05:00:00,2024-04-25 07:00:00,17728.25,17454.0,546.5
Engulfing_Reversal(0.3),LONG,2024-04-25 07:00:00,2024-04-25 11:00:00,17454.0,17483.25,56.5
Engulfing_Reversal(0.3),SHORT,2024-04-25 11:00:00,2024-04-26 06:00:00,17483.25,17772.0,-579.5
Engulfing_Reversal(0.3),LONG,2024-04-26 06:00:00,2024-04-26 08:00:00,17772.0,17759.0,-28.0
Engulfing_Reversal(0.3),SHORT,2024-04-26 08:00:00,2024-04-26 12:00:00,17759.0,17743.75,28.5
Engulfing_Reversal(0.3),LONG,2024-04-26 12:00:00,2024-04-29 07:00:00,17743.75,17891.25,293.0
Engulfing_Reversal(0.3),SHORT,2024-04-29 07:00:00,2024-04-29 11:00:00,17891.25,17898.25,-16.0
Engulfing_Reversal(0.3),LONG,2024-04-29 11:00:00,2024-04-30 05:00:00,17898.25,17905.25,12.0
Engulfing_Reversal(0.3),SHORT,2024-04-30 05:00:00,2024-05-01 13:00:00,17905.25,17498.0,812.5
Engulfing_Reversal(0.3),LONG,2024-05-01 13:00:00,2024-05-01 20:00:00,17498.0,17432.0,-134.0
Engulfing_Reversal(0.3),SHORT,2024-05-01 20:00:00,2024-05-02 08:00:00,17432.0,17569.75,-277.5
Engulfing_Reversal(0.3),LONG,2024-05-02 08:00:00,2024-05-02 12:00:00,17569.75,17571.25,1.0
Engulfing_Reversal(0.3),SHORT,2024-05-02 12:00:00,2024-05-02 18:00:00,17571.25,17595.5,-50.5
Engulfing_Reversal(0.3),LONG,2024-05-02 18:00:00,2024-05-03 03:00:00,17595.5,17760.5,328.0
Engulfing_Reversal(0.3),SHORT,2024-05-03 03:00:00,2024-05-03 13:00:00,17760.5,17923.25,-327.5
Engulfing_Reversal(0.3),LONG,2024-05-03 13:00:00,2024-05-06 03:00:00,17923.25,18005.25,162.0
Engulfing_Reversal(0.3),SHORT,2024-05-06 03:00:00,2024-05-06 13:00:00,18005.25,18058.75,-109.0
Engulfing_Reversal(0.3),LONG,2024-05-06 13:00:00,2024-05-07 08:00:00,18058.75,18165.0,210.5
Engulfing_Reversal(0.3),SHORT,2024-05-07 08:00:00,2024-05-07 13:00:00,18165.0,18192.25,-56.5
Engulfing_Reversal(0.3),LONG,2024-05-07 13:00:00,2024-05-07 17:00:00,18192.25,18240.0,93.5
Engulfing_Reversal(0.3),SHORT,2024-05-07 17:00:00,2024-05-08 14:00:00,18240.0,18168.0,142.0
Engulfing_Reversal(0.3),LONG,2024-05-08 14:00:00,2024-05-08 22:00:00,18168.0,18160.75,-16.5
Engulfing_Reversal(0.3),SHORT,2024-05-08 22:00:00,2024-05-09 15:00:00,18160.75,18210.75,-102.0
Engulfing_Reversal(0.3),LONG,2024-05-09 15:00:00,2024-05-10 11:00:00,18210.75,18290.5,157.5
Engulfing_Reversal(0.3),SHORT,2024-05-10 11:00:00,2024-05-13 01:00:00,18290.5,18258.75,61.5
Engulfing_Reversal(0.3),LONG,2024-05-13 01:00:00,2024-05-13 03:00:00,18258.75,18256.0,-7.5
Engulfing_Reversal(0.3),SHORT,2024-05-13 03:00:00,2024-05-13 04:00:00,18256.0,18277.75,-45.5
Engulfing_Reversal(0.3),LONG,2024-05-13 04:00:00,2024-05-13 22:00:00,18277.75,18295.5,33.5
Engulfing_Reversal(0.3),SHORT,2024-05-13 22:00:00,2024-05-14 09:00:00,18295.5,18305.75,-22.5
Engulfing_Reversal(0.3),LONG,2024-05-14 09:00:00,2024-05-14 12:00:00,18305.75,18286.5,-40.5
Engulfing_Reversal(0.3),SHORT,2024-05-14 12:00:00,2024-05-14 14:00:00,18286.5,18289.5,-8.0
Engulfing_Reversal(0.3),LONG,2024-05-14 14:00:00,2024-05-16 05:00:00,18289.5,18724.5,868.0
Engulfing_Reversal(0.3),SHORT,2024-05-16 05:00:00,2024-05-19 23:00:00,18724.5,18654.25,138.5
Engulfing_Reversal(0.3),LONG,2024-05-19 23:00:00,2024-05-20 13:00:00,18654.25,18649.0,-12.5
Engulfing_Reversal(0.3),SHORT,2024-05-20 13:00:00,2024-05-20 17:00:00,18649.0,18791.25,-286.5
Engulfing_Reversal(0.3),LONG,2024-05-20 17:00:00,2024-05-21 09:00:00,18791.25,18741.75,-101.0
Engulfing_Reversal(0.3),SHORT,2024-05-21 09:00:00,2024-05-21 15:00:00,18741.75,18754.5,-27.5
Engulfing_Reversal(0.3),LONG,2024-05-21 15:00:00,2024-05-22 01:00:00,18754.5,18810.5,110.0
Engulfing_Reversal(0.3),SHORT,2024-05-22 01:00:00,2024-05-22 02:00:00,18810.5,18816.0,-13.0
Engulfing_Reversal(0.3),LONG,2024-05-22 02:00:00,2024-05-22 07:00:00,18816.0,18806.75,-20.5
Engulfing_Reversal(0.3),SHORT,2024-05-22 07:00:00,2024-05-24 11:00:00,18806.75,18746.25,119.0
Engulfing_Reversal(0.3),LONG,2024-05-24 11:00:00,2024-05-28 08:00:00,18746.25,18919.0,343.5
Engulfing_Reversal(0.3),SHORT,2024-05-28 08:00:00,2024-05-28 09:00:00,18919.0,18977.25,-118.5
Engulfing_Reversal(0.3),LONG,2024-05-28 09:00:00,2024-05-29 06:00:00,18977.25,18860.5,-235.5
Engulfing_Reversal(0.3),SHORT,2024-05-29 06:00:00,2024-05-30 08:00:00,18860.5,18698.75,321.5
Engulfing_Reversal(0.3),LONG,2024-05-30 08:00:00,2024-05-30 14:00:00,18698.75,18739.0,78.5
Engulfing_Reversal(0.3),SHORT,2024-05-30 14:00:00,2024-05-31 04:00:00,18739.0,18561.75,352.5
Engulfing_Reversal(0.3),LONG,2024-05-31 04:00:00,2024-05-31 08:00:00,18561.75,18524.75,-76.0
Engulfing_Reversal(0.3),SHORT,2024-05-31 08:00:00,2024-05-31 12:00:00,18524.75,18562.5,-77.5
Engulfing_Reversal(0.3),LONG,2024-05-31 12:00:00,2024-05-31 14:00:00,18562.5,18543.5,-40.0
Engulfing_Reversal(0.3),SHORT,2024-05-31 14:00:00,2024-05-31 18:00:00,18543.5,18341.5,402.0
Engulfing_Reversal(0.3),LONG,2024-05-31 18:00:00,2024-06-03 08:00:00,18341.5,18637.5,590.0
Engulfing_Reversal(0.3),SHORT,2024-06-03 08:00:00,2024-06-04 01:00:00,18637.5,18670.25,-67.5
Engulfing_Reversal(0.3),LONG,2024-06-04 01:00:00,2024-06-04 09:00:00,18670.25,18555.75,-231.0
Engulfing_Reversal(0.3),SHORT,2024-06-04 09:00:00,2024-06-04 17:00:00,18555.75,18628.75,-148.0
Engulfing_Reversal(0.3),LONG,2024-06-04 17:00:00,2024-06-07 04:00:00,18628.75,19082.25,905.0
Engulfing_Reversal(0.3),SHORT,2024-06-07 04:00:00,2024-06-09 23:00:00,19082.25,19043.25,76.0
Engulfing_Reversal(0.3),LONG,2024-06-09 23:00:00,2024-06-10 09:00:00,19043.25,18996.75,-95.0
Engulfing_Reversal(0.3),SHORT,2024-06-10 09:00:00,2024-06-10 20:00:00,18996.75,19112.25,-233.0
Engulfing_Reversal(0.3),LONG,2024-06-10 20:00:00,2024-06-12 07:00:00,19112.25,19255.5,284.5
Engulfing_Reversal(0.3),SHORT,2024-06-12 07:00:00,2024-06-12 22:00:00,19255.5,19602.0,-695.0
Engulfing_Reversal(0.3),LONG,2024-06-12 22:00:00,2024-06-13 06:00:00,19602.0,19627.25,48.5
Engulfing_Reversal(0.3),SHORT,2024-06-13 06:00:00,2024-06-14 06:00:00,19627.25,19646.0,-39.5
Engulfing_Reversal(0.3),LONG,2024-06-14 06:00:00,2024-06-17 05:00:00,19646.0,19694.0,94.0
Engulfing_Reversal(0.3),SHORT,2024-06-17 05:00:00,2024-06-17 15:00:00,19694.0,19713.75,-41.5
Engulfing_Reversal(0.3),LONG,2024-06-17 15:00:00,2024-06-18 05:00:00,19713.75,19908.5,387.5
Engulfing_Reversal(0.3),SHORT,2024-06-18 05:00:00,2024-06-18 22:00:00,19908.5,19930.25,-45.5
Engulfing_Reversal(0.3),LONG,2024-06-18 22:00:00,2024-06-21 12:00:00,19930.25,19726.25,-410.0
Engulfing_Reversal(0.3),SHORT,2024-06-21 12:00:00,2024-06-21 13:00:00,19726.25,19771.25,-92.0
Engulfing_Reversal(0.3),LONG,2024-06-21 13:00:00,2024-06-24 17:00:00,19771.25,19851.5,158.5
Engulfing_Reversal(0.3),SHORT,2024-06-24 17:00:00,2024-06-25 09:00:00,19851.5,19817.0,67.0
Engulfing_Reversal(0.3),LONG,2024-06-25 09:00:00,2024-06-26 00:00:00,19817.0,19966.75,297.5
Engulfing_Reversal(0.3),SHORT,2024-06-26 00:00:00,2024-06-26 08:00:00,19966.75,20067.5,-203.5
Engulfing_Reversal(0.3),LONG,2024-06-26 08:00:00,2024-06-26 17:00:00,20067.5,19974.0,-189.0
Engulfing_Reversal(0.3),SHORT,2024-06-26 17:00:00,2024-06-27 02:00:00,19974.0,19919.75,106.5
Engulfing_Reversal(0.3),LONG,2024-06-27 02:00:00,2024-06-27 04:00:00,19919.75,19911.5,-18.5
Engulfing_Reversal(0.3),SHORT,2024-06-27 04:00:00,2024-06-27 05:00:00,19911.5,19942.5,-64.0
Engulfing_Reversal(0.3),LONG,2024-06-27 05:00:00,2024-07-01 14:00:00,19942.5,19888.0,-111.0
Engulfing_Reversal(0.3),SHORT,2024-07-01 14:00:00,2024-07-03 14:30:00,19888.0,20275.5,-777.0
Engulfing_Reversal(0.3),LONG,2024-07-03 14:30:00,2024-07-08 00:00:00,20275.5,20590.5,628.0
Engulfing_Reversal(0.3),SHORT,2024-07-08 00:00:00,2024-07-08 07:00:00,20590.5,20598.5,-18.0
Engulfing_Reversal(0.3),LONG,2024-07-08 07:00:00,2024-07-08 15:00:00,20598.5,20609.25,19.5
Engulfing_Reversal(0.3),SHORT,2024-07-08 15:00:00,2024-07-10 03:00:00,20609.25,20711.0,-205.5
Engulfing_Reversal(0.3),LONG,2024-07-10 03:00:00,2024-07-10 15:00:00,20711.0,20729.5,35.0
Engulfing_Reversal(0.3),SHORT,2024-07-10 15:00:00,2024-07-10 16:00:00,20729.5,20767.0,-77.0
Engulfing_Reversal(0.3),LONG,2024-07-10 16:00:00,2024-07-12 00:00:00,20767.0,20415.0,-706.0
Engulfing_Reversal(0.3),SHORT,2024-07-12 00:00:00,2024-07-12 09:00:00,20415.0,20436.0,-44.0
Engulfing_Reversal(0.3),LONG,2024-07-12 09:00:00,2024-07-16 07:00:00,20436.0,20620.0,366.0
Engulfing_Reversal(0.3),SHORT,2024-07-16 07:00:00,2024-07-16 11:00:00,20620.0,20620.0,-2.0
Engulfing_Reversal(0.3),LONG,2024-07-16 11:00:00,2024-07-16 14:00:00,20620.0,20581.25,-79.5
Engulfing_Reversal(0.3),SHORT,2024-07-16 14:00:00,2024-07-16 19:00:00,20581.25,20590.0,-19.5
Engulfing_Reversal(0.3),LONG,2024-07-16 19:00:00,2024-07-16 22:00:00,20590.0,20591.0,0.0
Engulfing_Reversal(0.3),SHORT,2024-07-16 22:00:00,2024-07-22 07:00:00,20591.0,19816.5,1547.0
Engulfing_Reversal(0.3),LONG,2024-07-22 07:00:00,2024-07-23 08:00:00,19816.5,19893.5,152.0
Engulfing_Reversal(0.3),SHORT,2024-07-23 08:00:00,2024-07-23 14:00:00,19893.5,20006.5,-228.0
Engulfing_Reversal(0.3),LONG,2024-07-23 14:00:00,2024-07-23 17:00:00,20006.5,19949.25,-116.5
Engulfing_Reversal(0.3),SHORT,2024-07-23 17:00:00,2024-07-24 22:00:00,19949.25,19260.0,1376.5
Engulfing_Reversal(0.3),LONG,2024-07-24 22:00:00,2024-07-25 10:00:00,19260.0,19143.0,-236.0
Engulfing_Reversal(0.3),SHORT,2024-07-25 10:00:00,2024-07-25 13:00:00,19143.0,19233.25,-182.5
Engulfing_Reversal(0.3),LONG,2024-07-25 13:00:00,2024-07-26 06:00:00,19233.25,19066.75,-335.0
Engulfing_Reversal(0.3),SHORT,2024-07-26 06:00:00,2024-07-26 16:00:00,19066.75,19185.25,-239.0
Engulfing_Reversal(0.3),LONG,2024-07-26 16:00:00,2024-07-30 02:00:00,19185.25,19108.0,-156.5
Engulfing_Reversal(0.3),SHORT,2024-07-30 02:00:00,2024-07-30 11:00:00,19108.0,19253.0,-292.0
Engulfing_Reversal(0.3),LONG,2024-07-30 11:00:00,2024-08-02 12:00:00,19253.0,18673.75,-1160.5
Engulfing_Reversal(0.3),SHORT,2024-08-02 12:00:00,2024-08-05 14:00:00,18673.75,17889.25,1567.0
Engulfing_Reversal(0.3),LONG,2024-08-05 14:00:00,2024-08-05 19:00:00,17889.25,17907.0,33.5
Engulfing_Reversal(0.3),SHORT,2024-08-05 19:00:00,2024-08-06 04:00:00,17907.0,18383.5,-955.0
Engulfing_Reversal(0.3),LONG,2024-08-06 04:00:00,2024-08-06 13:00:00,18383.5,18082.5,-604.0
Engulfing_Reversal(0.3),SHORT,2024-08-06 13:00:00,2024-08-07 01:00:00,18082.5,18166.0,-169.0
Engulfing_Reversal(0.3),LONG,2024-08-07 01:00:00,2024-08-07 12:00:00,18166.0,18396.5,459.0
Engulfing_Reversal(0.3),SHORT,2024-08-07 12:00:00,2024-08-08 07:00:00,18396.5,18038.25,714.5
Engulfing_Reversal(0.3),LONG,2024-08-08 07:00:00,2024-08-08 08:00:00,18038.25,17913.75,-251.0
Engulfing_Reversal(0.3),SHORT,2024-08-08 08:00:00,2024-08-13 03:00:00,17913.75,18678.0,-1530.5
Engulfing_Reversal(0.3),LONG,2024-08-13 03:00:00,2024-08-14 03:00:00,18678.0,19101.5,845.0
Engulfing_Reversal(0.3),SHORT,2024-08-14 03:00:00,2024-08-15 08:00:00,19101.5,19195.0,-189.0
Engulfing_Reversal(0.3),LONG,2024-08-15 08:00:00,2024-08-15 11:00:00,19195.0,19112.5,-167.0
Engulfing_Reversal(0.3),SHORT,2024-08-15 11:00:00,2024-08-16 06:00:00,19112.5,19660.5,-1098.0
Engulfing_Reversal(0.3),LONG,2024-08-16 06:00:00,2024-08-16 08:00:00,19660.5,19634.5,-54.0
Engulfing_Reversal(0.3),SHORT,2024-08-16 08:00:00,2024-08-19 23:00:00,19634.5,19868.75,-470.5
Engulfing_Reversal(0.3),LONG,2024-08-19 23:00:00,2024-08-20 09:00:00,19868.75,19875.25,11.0
Engulfing_Reversal(0.3),SHORT,2024-08-20 09:00:00,2024-08-21 01:00:00,19875.25,19824.75,99.0
Engulfing_Reversal(0.3),LONG,2024-08-21 01:00:00,2024-08-21 09:00:00,19824.75,19802.0,-47.5
Engulfing_Reversal(0.3),SHORT,2024-08-21 09:00:00,2024-08-22 07:00:00,19802.0,19916.5,-231.0
Engulfing_Reversal(0.3),LONG,2024-08-22 07:00:00,2024-08-22 15:00:00,19916.5,19711.25,-412.5
Inside_Bar_Breakout(0.6),LONG,2024-03-21 12:00:00,2024-04-08 04:00:00,18639.5,18285.0,-711.0
Inside_Bar_Breakout(0.6),SHORT,2024-04-08 04:00:00,2024-04-14 23:00:00,18285.0,18221.5,125.0
Inside_Bar_Breakout(0.6),LONG,2024-04-14 23:00:00,2024-04-19 00:00:00,18221.5,17489.5,-1466.0
Inside_Bar_Breakout(0.6),SHORT,2024-04-19 00:00:00,2024-04-21 23:00:00,17489.5,17257.25,462.5
Inside_Bar_Breakout(0.6),LONG,2024-04-21 23:00:00,2024-04-25 05:00:00,17257.25,17454.0,391.5
Inside_Bar_Breakout(0.6),SHORT,2024-04-25 05:00:00,2024-04-25 17:00:00,17454.0,17494.75,-83.5
Inside_Bar_Breakout(0.6),LONG,2024-04-25 17:00:00,2024-05-15 05:00:00,17494.75,18411.0,1830.5
Inside_Bar_Breakout(0.6),SHORT,2024-05-15 05:00:00,2024-05-15 15:00:00,18411.0,18571.5,-323.0
Inside_Bar_Breakout(0.6),LONG,2024-05-15 15:00:00,2024-06-13 15:00:00,18571.5,19555.0,1965.0
Inside_Bar_Breakout(0.6),SHORT,2024-06-13 15:00:00,2024-06-13 19:00:00,19555.0,19599.25,-90.5
Inside_Bar_Breakout(0.6),LONG,2024-06-13 19:00:00,2024-06-27 00:00:00,19599.25,19918.75,637.0
Inside_Bar_Breakout(0.6),SHORT,2024-06-27 00:00:00,2024-07-08 12:00:00,19918.75,20628.25,-1421.0
Inside_Bar_Breakout(0.6),LONG,2024-07-08 12:00:00,2024-07-12 20:00:00,20628.25,20540.25,-178.0
Inside_Bar_Breakout(0.6),SHORT,2024-07-12 20:00:00,2024-07-15 05:00:00,20540.25,20588.0,-97.5
Inside_Bar_Breakout(0.6),LONG,2024-07-15 05:00:00,2024-07-17 14:00:00,20588.0,20209.0,-760.0
Inside_Bar_Breakout(0.6),SHORT,2024-07-17 14:00:00,2024-07-18 06:00:00,20209.0,20076.0,264.0
Inside_Bar_Breakout(0.6),LONG,2024-07-18 06:00:00,2024-07-30 02:00:00,20076.0,19108.0,-1938.0
Inside_Bar_Breakout(0.6),SHORT,2024-07-30 02:00:00,2024-07-31 15:00:00,19108.0,19471.75,-729.5
Opening_Range_Breakout(6),SHORT,2024-03-19 12:00:00,2024-03-19 15:00:00,18119.75,18115.75,6.0
Opening_Range_Breakout(6),LONG,2024-03-20 12:00:00,2024-03-20 15:00:00,18323.25,18262.25,-124.0
Opening_Range_Breakout(6),LONG,2024-03-20 22:00:00,2024-03-21 15:00:00,18539.75,18643.5,205.5
Opening_Range_Breakout(6),SHORT,2024-03-22 03:00:00,2024-03-22 15:00:00,18536.5,18512.75,45.5
Opening_Range_Breakout(6),SHORT,2024-03-25 07:00:00,2024-03-25 15:00:00,18547.0,18522.0,48.0
Opening_Range_Breakout(6),LONG,2024-03-26 07:00:00,2024-03-26 15:00:00,18575.5,18561.5,-30.0
Opening_Range_Breakout(6),LONG,2024-03-28 14:00:00,2024-03-28 15:00:00,18514.25,18506.0,-18.5
Opening_Range_Breakout(6),SHORT,2024-04-02 12:00:00,2024-04-02 15:00:00,18403.25,18216.0,372.5
Opening_Range_Breakout(6),LONG,2024-04-04 04:00:00,2024-04-04 15:00:00,18453.25,18500.5,92.5
Opening_Range_Breakout(6),LONG,2024-04-09 22:00:00,2024-04-10 13:00:00,18381.0,18107.75,-548.5
Opening_Range_Breakout(6),SHORT,2024-04-10 13:00:00,2024-04-10 15:00:00,18107.75,18158.0,-102.5
Opening_Range_Breakout(6),LONG,2024-04-11 13:00:00,2024-04-11 15:00:00,18246.5,18237.75,-19.5
Opening_Range_Breakout(6),LONG,2024-04-15 06:00:00,2024-04-15 15:00:00,18257.75,18172.0,-173.5
Opening_Range_Breakout(6),SHORT,2024-04-16 03:00:00,2024-04-16 15:00:00,17836.0,17863.75,-57.5
Opening_Range_Breakout(6),SHORT,2024-04-18 14:00:00,2024-04-18 15:00:00,17610.0,17711.75,-205.5
Opening_Range_Breakout(6),SHORT,2024-04-19 00:00:00,2024-04-19 15:00:00,17489.5,17389.5,198.0
Opening_Range_Breakout(6),LONG,2024-04-22 06:00:00,2024-04-22 15:00:00,17281.25,17185.75,-193.0
Opening_Range_Breakout(6),LONG,2024-04-23 14:00:00,2024-04-23 15:00:00,17501.5,17593.0,181.0
Opening_Range_Breakout(6),LONG,2024-04-23 23:00:00,2024-04-24 15:00:00,17679.5,17693.75,26.5
Opening_Range_Breakout(6),SHORT,2024-04-24 22:00:00,2024-04-25 15:00:00,17450.0,17353.0,192.0
Opening_Range_Breakout(6),LONG,2024-04-25 22:00:00,2024-04-26 15:00:00,17808.25,17854.5,90.5
Opening_Range_Breakout(6),LONG,2024-04-29 06:00:00,2024-04-29 15:00:00,17921.75,17886.25,-73.0
Opening_Range_Breakout(6),SHORT,2024-04-30 22:00:00,2024-05-01 15:00:00,17462.5,17487.25,-51.5
Opening_Range_Breakout(6),LONG,2024-05-02 22:00:00,2024-05-03 15:00:00,17744.25,17925.5,360.5
Opening_Range_Breakout(6),LONG,2024-05-06 14:00:00,2024-05-06 15:00:00,18109.75,18097.75,-26.0
Opening_Range_Breakout(6),SHORT,2024-05-08 12:00:00,2024-05-08 15:00:00,18152.5,18218.25,-133.5
Opening_Range_Breakout(6),SHORT,2024-05-09 07:00:00,2024-05-09 15:00:00,18138.25,18210.75,-147.0
Opening_Range_Breakout(6),LONG,2024-05-10 07:00:00,2024-05-10 15:00:00,18254.75,18219.0,-73.5
Opening_Range_Breakout(6),LONG,2024-05-13 05:00:00,2024-05-13 15:00:00,18286.25,18294.0,13.5
Opening_Range_Breakout(6),LONG,2024-05-15 13:00:00,2024-05-15 15:00:00,18510.25,18571.5,120.5
Opening_Range_Breakout(6),LONG,2024-05-16 00:00:00,2024-05-16 15:00:00,18721.25,18748.0,51.5
Opening_Range_Breakout(6),SHORT,2024-05-16 22:00:00,2024-05-17 15:00:00,18642.0,18665.0,-48.0
Opening_Range_Breakout(6),LONG,2024-05-20 12:00:00,2024-05-20 15:00:00,18682.25,18743.75,121.0
Opening_Range_Breakout(6),LONG,2024-05-21 23:00:00,2024-05-22 15:00:00,18811.25,18822.0,19.5
Opening_Range_Breakout(6),LONG,2024-05-22 23:00:00,2024-05-23 15:00:00,18854.75,18808.25,-95.0
Opening_Range_Breakout(6),SHORT,2024-05-28 14:00:00,2024-05-28 15:00:00,18864.5,18924.25,-121.5
Opening_Range_Breakout(6),LONG,2024-05-28 22:00:00,2024-05-29 10:00:00,18949.5,18816.5,-268.0
Opening_Range_Breakout(6),SHORT,2024-05-29 10:00:00,2024-05-29 15:00:00,18816.5,18867.75,-104.5
Opening_Range_Breakout(6),SHORT,2024-05-29 22:00:00,2024-05-30 15:00:00,18753.0,18658.25,187.5
Opening_Range_Breakout(6),SHORT,2024-05-31 01:00:00,2024-05-31 15:00:00,18524.75,18387.0,273.5
Opening_Range_Breakout(6),LONG,2024-06-03 07:00:00,2024-06-03 15:00:00,18663.75,18590.5,-148.5
Opening_Range_Breakout(6),LONG,2024-06-05 03:00:00,2024-06-05 15:00:00,18754.25,18921.5,332.5
Opening_Range_Breakout(6),LONG,2024-06-05 22:00:00,2024-06-06 15:00:00,19089.5,19082.25,-16.5
Opening_Range_Breakout(6),SHORT,2024-06-07 13:00:00,2024-06-07 15:00:00,18982.5,19076.0,-189.0
Opening_Range_Breakout(6),SHORT,2024-06-10 07:00:00,2024-06-10 15:00:00,19007.0,19065.75,-119.5
Opening_Range_Breakout(6),LONG,2024-06-11 23:00:00,2024-06-12 15:00:00,19257.25,19505.0,493.5
Opening_Range_Breakout(6),LONG,2024-06-12 22:00:00,2024-06-13 15:00:00,19602.0,19555.0,-96.0
Opening_Range_Breakout(6),LONG,2024-06-16 22:00:00,2024-06-16 23:00:00,19695.0,19718.0,44.0
Opening_Range_Breakout(6),SHORT,2024-06-20 13:00:00,2024-06-20 15:00:00,19992.0,19946.75,88.5
Opening_Range_Breakout(6),SHORT,2024-06-25 08:00:00,2024-06-25 15:00:00,19738.25,19866.5,-258.5
Opening_Range_Breakout(6),LONG,2024-06-26 01:00:00,2024-06-26 15:00:00,19989.75,19974.75,-32.0
Opening_Range_Breakout(6),SHORT,2024-06-27 01:00:00,2024-06-27 14:00:00,19893.75,20059.5,-333.5
Opening_Range_Breakout(6),LONG,2024-06-27 14:00:00,2024-06-27 15:00:00,20059.5,20030.5,-60.0
Opening_Range_Breakout(6),LONG,2024-06-28 02:00:00,2024-06-28 15:00:00,20129.5,20140.25,19.5
Opening_Range_Breakout(6),LONG,2024-07-01 06:00:00,2024-07-01 09:00:00,20007.25,19927.0,-162.5
Opening_Range_Breakout(6),SHORT,2024-07-01 09:00:00,2024-07-01 15:00:00,19927.0,19907.75,36.5
Opening_Range_Breakout(6),LONG,2024-07-05 14:00:00,2024-07-05 15:00:00,20514.75,20523.5,15.5
Opening_Range_Breakout(6),LONG,2024-07-08 12:00:00,2024-07-08 15:00:00,20628.25,20609.25,-40.0
Opening_Range_Breakout(6),LONG,2024-07-08 23:00:00,2024-07-09 15:00:00,20689.0,20708.75,37.5
Opening_Range_Breakout(6),LONG,2024-07-15 06:00:00,2024-07-15 15:00:00,20608.25,20727.75,237.0
Opening_Range_Breakout(6),SHORT,2024-07-17 07:00:00,2024-07-17 15:00:00,20455.25,20123.0,662.5
Opening_Range_Breakout(6),LONG,2024-07-22 10:00:00,2024-07-22 15:00:00,19846.25,19961.5,228.5
Opening_Range_Breakout(6),SHORT,2024-07-23 23:00:00,2024-07-24 15:00:00,19817.0,19436.25,759.5
Opening_Range_Breakout(6),SHORT,2024-07-25 10:00:00,2024-07-25 15:00:00,19143.0,19214.5,-145.0
Opening_Range_Breakout(6),LONG,2024-07-29 14:00:00,2024-07-29 15:00:00,19358.25,19221.5,-275.5
Opening_Range_Breakout(6),SHORT,2024-07-30 02:00:00,2024-07-30 15:00:00,19108.0,19106.5,1.0
Opening_Range_Breakout(6),LONG,2024-07-31 12:00:00,2024-07-31 15:00:00,19251.5,19452.5,400.0
Opening_Range_Breakout(6),LONG,2024-07-31 22:00:00,2024-08-01 15:00:00,19593.25,19342.25,-504.0
Opening_Range_Breakout(6),SHORT,2024-08-01 23:00:00,2024-08-02 15:00:00,18865.25,18425.75,877.0
Opening_Range_Breakout(6),SHORT,2024-08-05 05:00:00,2024-08-05 15:00:00,17901.25,17943.75,-87.0
Opening_Range_Breakout(6),LONG,2024-08-06 01:00:00,2024-08-06 15:00:00,18334.25,18301.75,-67.0
Opening_Range_Breakout(6),SHORT,2024-08-06 22:00:00,2024-08-07 14:00:00,18033.0,18520.25,-976.5
Opening_Range_Breakout(6),LONG,2024-08-07 14:00:00,2024-08-07 15:00:00,18520.25,18512.0,-18.5
Opening_Range_Breakout(6),SHORT,2024-08-07 22:00:00,2024-08-08 15:00:00,17873.0,18412.0,-1080.0
Opening_Range_Breakout(6),LONG,2024-08-08 22:00:00,2024-08-09 15:00:00,18550.25,18525.75,-51.0
Opening_Range_Breakout(6),LONG,2024-08-12 08:00:00,2024-08-12 15:00:00,18678.25,18728.0,97.5
Opening_Range_Breakout(6),LONG,2024-08-13 08:00:00,2024-08-13 15:00:00,18776.75,18941.0,326.5
Opening_Range_Breakout(6),LONG,2024-08-14 00:00:00,2024-08-14 15:00:00,19117.25,19067.0,-102.5
Opening_Range_Breakout(6),LONG,2024-08-15 03:00:00,2024-08-15 15:00:00,19212.25,19481.5,536.5
Opening_Range_Breakout(6),LONG,2024-08-16 00:00:00,2024-08-16 15:00:00,19614.0,19520.25,-189.5
Opening_Range_Breakout(6),SHORT,2024-08-19 05:00:00,2024-08-19 15:00:00,19608.25,19655.25,-96.0
Opening_Range_Breakout(6),LONG,2024-08-19 23:00:00,2024-08-20 15:00:00,19868.75,19786.0,-167.5
Opening_Range_Breakout(6),LONG,2024-08-22 13:00:00,2024-08-22 15:00:00,19984.5,19878.5,-214.0
Opening_Range_Breakout(6),LONG,2024-08-26 09:00:00,2024-08-26 15:00:00,19843.25,19600.25,-488.0
Opening_Range_Breakout(6),SHORT,2024-08-28 23:00:00,2024-08-29 14:00:00,19183.75,19643.75,-922.0
Opening_Range_Breakout(6),LONG,2024-08-29 14:00:00,2024-08-29 15:00:00,19643.75,19640.75,-8.0
Opening_Range_Breakout(6),SHORT,2024-09-03 14:00:00,2024-09-03 15:00:00,19366.5,19162.5,406.0
Opening_Range_Breakout(6),SHORT,2024-09-04 01:00:00,2024-09-04 15:00:00,18851.0,19091.25,-482.5
Opening_Range_Breakout(6),SHORT,2024-09-06 01:00:00,2024-09-06 15:00:00,18837.5,18534.5,604.0
Opening_Range_Breakout(6),SHORT,2024-09-08 22:00:00,2024-09-08 23:00:00,18400.0,18416.5,-35.0
Opening_Range_Breakout(6),LONG,2024-09-09 05:00:00,2024-09-09 15:00:00,18568.5,18518.0,-103.0
Opening_Range_Breakout(6),LONG,2024-09-10 13:00:00,2024-09-10 15:00:00,18758.25,18728.5,-61.5
Opening_Range_Breakout(6),LONG,2024-09-12 04:00:00,2024-09-12 15:00:00,19304.25,19286.25,-38.0
Opening_Range_Breakout(6),SHORT,2024-09-16 12:00:00,2024-09-16 15:00:00,19453.5,19339.5,226.0
Opening_Range_Breakout(6),LONG,2024-09-17 07:00:00,2024-09-17 15:00:00,19460.25,19546.75,171.0
Opening_Range_Breakout(6),LONG,2024-09-19 07:00:00,2024-09-19 15:00:00,19677.0,19830.75,305.5
Opening_Range_Breakout(6),SHORT,2024-09-20 11:00:00,2024-09-22 22:00:00,19763.25,20040.0,-555.5
Opening_Range_Breakout(6),LONG,2024-09-24 07:00:00,2024-09-24 15:00:00,20128.75,20074.0,-111.5
Opening_Range_Breakout(6),LONG,2024-09-25 14:00:00,2024-09-25 15:00:00,20231.5,20229.5,-6.0
Opening_Range_Breakout(6),LONG,2024-09-26 00:00:00,2024-09-26 15:00:00,20276.75,20214.5,-126.5
Opening_Range_Breakout(6),SHORT,2024-09-30 12:00:00,2024-09-30 15:00:00,20129.75,20180.0,-102.5
Opening_Range_Breakout(6),LONG,2024-10-01 02:00:00,2024-10-01 14:00:00,20327.25,20044.5,-567.5
Opening_Range_Breakout(6),SHORT,2024-10-01 14:00:00,2024-10-01 15:00:00,20044.5,19923.5,240.0
Opening_Range_Breakout(6),SHORT,2024-10-03 08:00:00,2024-10-03 15:00:00,19885.0,19940.75,-113.5
Opening_Range_Breakout(6),LONG,2024-10-04 13:00:00,2024-10-04 15:00:00,20245.0,20126.0,-240.0
Opening_Range_Breakout(6),SHORT,2024-10-07 06:00:00,2024-10-07 15:00:00,20189.0,20166.0,44.0
Opening_Range_Breakout(6),LONG,2024-10-14 08:00:00,2024-10-14 15:00:00,20464.5,20563.25,195.5
Opening_Range_Breakout(6),SHORT,2024-10-16 14:00:00,2024-10-16 15:00:00,20224.25,20273.75,-101.0
Opening_Range_Breakout(6),LONG,2024-10-17 07:00:00,2024-10-17 15:00:00,20431.25,20401.0,-62.5
Opening_Range_Breakout(6),SHORT,2024-10-21 05:00:00,2024-10-21 15:00:00,20468.25,20428.5,77.5
Opening_Range_Breakout(6),LONG,2024-10-25 08:00:00,2024-10-25 15:00:00,20437.75,20656.0,434.5
Opening_Range_Breakout(6),LONG,2024-10-28 05:00:00,2024-10-28 15:00:00,20656.5,20575.25,-164.5
Opening_Range_Breakout(6),SHORT,2024-10-29 04:00:00,2024-10-29 15:00:00,20466.0,20599.5,-269.0
Opening_Range_Breakout(6),LONG,2024-10-29 23:00:00,2024-10-30 15:00:00,20752.0,20649.5,-207.0
Opening_Range_Breakout(6),SHORT,2024-10-30 22:00:00,2024-10-31 15:00:00,20482.0,20087.75,786.5
Opening_Range_Breakout(6),SHORT,2024-11-04 15:00:00,2024-11-04 16:00:00,20131.25,20186.0,-111.5
Opening_Range_Breakout(6),LONG,2024-11-05 15:00:00,2024-11-05 16:00:00,20289.75,20257.25,-67.0
Opening_Range_Breakout(6),LONG,2024-11-06 01:00:00,2024-11-06 16:00:00,20388.0,20724.25,670.5
Opening_Range_Breakout(6),LONG,2024-11-07 06:00:00,2024-11-07 16:00:00,20949.0,21160.75,421.5
Opening_Range_Breakout(6),LONG,2024-11-11 13:00:00,2024-11-11 15:00:00,21327.5,21172.0,-313.0
Opening_Range_Breakout(6),SHORT,2024-11-11 15:00:00,2024-11-11 16:00:00,21172.0,21223.25,-104.5
Opening_Range_Breakout(6),SHORT,2024-11-15 00:00:00,2024-11-15 16:00:00,20949.75,20561.5,774.5
Opening_Range_Breakout(6),SHORT,2024-11-19 14:00:00,2024-11-19 16:00:00,20421.75,20637.0,-432.5
Opening_Range_Breakout(6),LONG,2024-11-20 01:00:00,2024-11-20 16:00:00,20813.25,20627.25,-374.0
Opening_Range_Breakout(6),LONG,2024-11-21 14:00:00,2024-11-21 16:00:00,20844.75,20708.75,-274.0
Opening_Range_Breakout(6),LONG,2024-11-25 06:00:00,2024-11-25 16:00:00,20971.0,20895.5,-153.0
Opening_Range_Breakout(6),LONG,2024-11-26 15:00:00,2024-11-26 16:00:00,20974.0,20950.0,-50.0
Opening_Range_Breakout(6),SHORT,2024-11-27 15:00:00,2024-11-27 16:00:00,20860.5,20743.5,232.0
Opening_Range_Breakout(6),LONG,2024-12-02 13:00:00,2024-12-02 16:00:00,21006.5,21156.25,297.5
Opening_Range_Breakout(6),LONG,2024-12-03 23:00:00,2024-12-04 16:00:00,21323.0,21483.0,318.0
Opening_Range_Breakout(6),SHORT,2024-12-05 23:00:00,2024-12-06 15:00:00,21450.0,21607.5,-317.0
Opening_Range_Breakout(6),LONG,2024-12-06 15:00:00,2024-12-06 16:00:00,21607.5,21619.75,22.5
Opening_Range_Breakout(6),LONG,2024-12-09 08:00:00,2024-12-09 11:00:00,21697.0,21615.25,-165.5
Opening_Range_Breakout(6),SHORT,2024-12-09 11:00:00,2024-12-09 16:00:00,21615.25,21508.0,212.5
Opening_Range_Breakout(6),LONG,2024-12-11 15:00:00,2024-12-11 16:00:00,21696.0,21696.5,-1.0
Opening_Range_Breakout(6),LONG,2024-12-13 01:00:00,2024-12-13 16:00:00,21753.0,21688.25,-131.5
Opening_Range_Breakout(6),LONG,2024-12-16 10:00:00,2024-12-16 16:00:00,21847.75,21992.0,286.5
Opening_Range_Breakout(6),SHORT,2024-12-20 01:00:00,2024-12-22 23:00:00,21020.75,21566.0,-1092.5
Opening_Range_Breakout(6),LONG,2024-12-23 06:00:00,2024-12-23 16:00:00,21727.75,21559.5,-338.5
Opening_Range_Breakout(6),SHORT,2024-12-27 08:00:00,2024-12-27 16:00:00,21927.0,21592.25,667.5
Opening_Range_Breakout(6),LONG,2024-12-29 23:00:00,2024-12-30 00:00:00,21711.0,21701.0,-22.0
Opening_Range_Breakout(6),SHORT,2024-12-30 06:00:00,2024-12-30 16:00:00,21658.5,21371.5,572.0
Opening_Range_Breakout(6),LONG,2025-01-02 12:00:00,2025-01-02 16:00:00,21467.0,21278.25,-379.5
Opening_Range_Breakout(6),LONG,2025-01-06 07:00:00,2025-01-06 16:00:00,21549.0,21870.25,640.5
Opening_Range_Breakout(6),SHORT,2025-01-08 13:00:00,2025-01-08 16:00:00,21257.0,21358.25,-204.5
Opening_Range_Breakout(6),LONG,2025-01-10 11:00:00,2025-01-10 14:00:00,21316.75,21115.5,-404.5
Opening_Range_Breakout(6),SHORT,2025-01-10 14:00:00,2025-01-10 16:00:00,21115.5,20989.5,250.0
Opening_Range_Breakout(6),SHORT,2025-01-13 09:00:00,2025-01-13 16:00:00,20804.5,20799.0,9.0
Opening_Range_Breakout(6),LONG,2025-01-13 23:00:00,2025-01-14 16:00:00,21020.0,20936.5,-169.0
Opening_Range_Breakout(6),LONG,2025-01-15 14:00:00,2025-01-15 16:00:00,21281.5,21319.75,74.5
Opening_Range_Breakout(6),LONG,2025-01-16 08:00:00,2025-01-16 16:00:00,21555.25,21424.25,-264.0
Opening_Range_Breakout(6),SHORT,2025-01-16 23:00:00,2025-01-17 14:00:00,21227.5,21541.75,-630.5
Opening_Range_Breakout(6),LONG,2025-01-17 14:00:00,2025-01-17 16:00:00,21541.75,21590.0,94.5
Opening_Range_Breakout(6),LONG,2025-01-21 23:00:00,2025-01-22 16:00:00,21809.25,21994.75,369.0
Opening_Range_Breakout(6),SHORT,2025-01-23 00:00:00,2025-01-23 16:00:00,21965.5,21931.75,65.5
Opening_Range_Breakout(6),LONG,2025-01-24 03:00:00,2025-01-24 16:00:00,22049.0,21986.75,-126.5
Opening_Range_Breakout(6),SHORT,2025-01-27 06:00:00,2025-01-27 16:00:00,21434.25,21312.0,242.5
Opening_Range_Breakout(6),LONG,2025-01-29 07:00:00,2025-01-29 16:00:00,21663.0,21507.0,-314.0
Opening_Range_Breakout(6),LONG,2025-01-30 02:00:00,2025-01-30 16:00:00,21650.0,21462.75,-376.5
Opening_Range_Breakout(6),LONG,2025-01-31 01:00:00,2025-01-31 16:00:00,21707.0,21936.75,457.5
Opening_Range_Breakout(6),LONG,2025-02-03 09:00:00,2025-02-03 16:00:00,21206.25,21419.0,423.5
Opening_Range_Breakout(6),LONG,2025-02-03 23:00:00,2025-02-04 16:00:00,21592.0,21634.5,83.0
Opening_Range_Breakout(6),SHORT,2025-02-05 04:00:00,2025-02-05 16:00:00,21542.5,21591.0,-99.0
Opening_Range_Breakout(6),LONG,2025-02-05 23:00:00,2025-02-06 16:00:00,21764.5,21772.0,13.0
Opening_Range_Breakout(6),LONG,2025-02-07 02:00:00,2025-02-07 16:00:00,21892.0,21721.25,-343.5
Opening_Range_Breakout(6),LONG,2025-02-10 06:00:00,2025-02-10 16:00:00,21714.5,21865.5,300.0
Opening_Range_Breakout(6),SHORT,2025-02-11 03:00:00,2025-02-11 16:00:00,21763.5,21841.5,-158.0
Opening_Range_Breakout(6),SHORT,2025-02-12 14:00:00,2025-02-12 16:00:00,21544.75,21728.5,-369.5
Opening_Range_Breakout(6),LONG,2025-02-12 23:00:00,2025-02-13 16:00:00,21861.25,22038.0,351.5
Opening_Range_Breakout(6),LONG,2025-02-14 02:00:00,2025-02-14 16:00:00,22142.5,22164.5,42.0
Opening_Range_Breakout(6),SHORT,2025-02-18 15:00:00,2025-02-18 16:00:00,22202.25,22187.25,28.0
Opening_Range_Breakout(6),LONG,2025-02-19 00:00:00,2025-02-19 16:00:00,22250.5,22160.75,-181.5
Opening_Range_Breakout(6),SHORT,2025-02-20 15:00:00,2025-02-20 16:00:00,22011.0,21988.75,42.5
Opening_Range_Breakout(6),LONG,2025-02-21 00:00:00,2025-02-21 16:00:00,22161.0,22006.25,-311.5
Opening_Range_Breakout(6),SHORT,2025-02-23 23:00:00,2025-02-24 00:00:00,21700.75,21758.25,-117.0
Opening_Range_Breakout(6),LONG,2025-02-24 14:00:00,2025-02-24 15:00:00,21794.75,21567.75,-456.0
Opening_Range_Breakout(6),SHORT,2025-02-24 15:00:00,2025-02-24 16:00:00,21567.75,21493.0,147.5
Opening_Range_Breakout(6),SHORT,2025-02-25 00:00:00,2025-02-25 16:00:00,21385.5,21105.0,559.0
Opening_Range_Breakout(6),LONG,2025-02-26 08:00:00,2025-02-26 16:00:00,21293.0,21351.75,115.5
Opening_Range_Breakout(6),SHORT,2025-02-27 15:00:00,2025-02-27 16:00:00,21006.5,21020.5,-30.0
Opening_Range_Breakout(6),SHORT,2025-02-28 03:00:00,2025-02-28 16:00:00,20588.5,20760.0,-345.0
Opening_Range_Breakout(6),LONG,2025-03-03 12:00:00,2025-03-03 16:00:00,21040.75,20858.5,-366.5
Opening_Range_Breakout(6),SHORT,2025-03-04 15:00:00,2025-03-04 16:00:00,20230.5,20197.5,64.0
Opening_Range_Breakout(6),SHORT,2025-03-10 13:00:00,2025-03-10 15:00:00,19914.0,19554.0,718.0
Opening_Range_Breakout(6),SHORT,2025-03-11 01:00:00,2025-03-11 15:00:00,19208.0,19311.5,-209.0
Opening_Range_Breakout(6),LONG,2025-03-12 13:00:00,2025-03-12 15:00:00,19722.5,19475.0,-497.0
Opening_Range_Breakout(6),SHORT,2025-03-13 14:00:00,2025-03-13 15:00:00,19367.5,19424.5,-116.0
Opening_Range_Breakout(6),LONG,2025-03-17 13:00:00,2025-03-17 15:00:00,19751.25,19686.25,-132.0
Opening_Range_Breakout(6),SHORT,2025-03-18 14:00:00,2025-03-18 15:00:00,19469.25,19476.0,-15.5
Opening_Range_Breakout(6),LONG,2025-03-19 14:00:00,2025-03-19 14:00:00,19618.75,19595.0,-49.5
"ORB_ATR_Target(6,1.5xATR)",SHORT,2024-03-22 03:00:00,2024-03-22 10:00:00,18536.5,18590.5,-110.0
"ORB_ATR_Target(6,1.5xATR)",SHORT,2024-03-22 12:00:00,2024-03-22 15:00:00,18510.75,18512.75,-6.0
"ORB_ATR_Target(6,1.5xATR)",SHORT,2024-03-25 07:00:00,2024-03-25 11:00:00,18547.0,18500.5,91.0
"ORB_ATR_Target(6,1.5xATR)",LONG,2024-03-26 07:00:00,2024-03-26 08:00:00,18575.5,18570.25,-12.5
"ORB_ATR_Target(6,1.5xATR)",LONG,2024-03-26 09:00:00,2024-03-26 10:00:00,18592.75,18603.5,19.5
"ORB_ATR_Target(6,1.5xATR)",LONG,2024-03-26 14:00:00,2024-03-26 15:00:00,18589.5,18561.5,-58.0
"ORB_ATR_Target(6,1.5xATR)",LONG,2024-03-28 14:00:00,2024-03-28 15:00:00,18514.25,18506.0,-18.5
"ORB_ATR_Target(6,1.5xATR)",LONG,2024-04-09 22:00:00,2024-04-10 10:00:00,18381.0,18356.25,-51.5
"ORB_ATR_Target(6,1.5xATR)",LONG,2024-04-10 12:00:00,2024-04-10 13:00:00,18382.25,18107.75,-551.0
"ORB_ATR_Target(6,1.5xATR)",LONG,2024-04-11 13:00:00,2024-04-11 15:00:00,18246.5,18237.75,-19.5
"ORB_ATR_Target(6,1.5xATR)",LONG,2024-04-15 06:00:00,2024-04-15 15:00:00,18257.75,18172.0,-173.5
"ORB_ATR_Target(6,1.5xATR)",LONG,2024-04-22 06:00:00,2024-04-22 15:00:00,17281.25,17185.75,-193.0
"ORB_ATR_Target(6,1.5xATR)",SHORT,2024-04-24 22:00:00,2024-04-24 23:00:00,17450.0,17467.5,-37.0
"ORB_ATR_Target(6,1.5xATR)",SHORT,2024-04-25 01:00:00,2024-04-25 02:00:00,17489.0,17462.0,52.0
"ORB_ATR_Target(6,1.5xATR)",SHORT,2024-04-25 09:00:00,2024-04-25 13:00:00,17496.0,17380.25,229.5
"ORB_ATR_Target(6,1.5xATR)",LONG,2024-04-26 00:00:00,2024-04-26 14:00:00,17759.25,17786.25,52.0
"ORB_ATR_Target(6,1.5xATR)",LONG,2024-05-02 22:00:00,2024-05-03 13:00:00,17744.25,17923.25,356.0
"ORB_ATR_Target(6,1.5xATR)",SHORT,2024-05-08 12:00:00,2024-05-08 15:00:00,18152.5,18218.25,-133.5
"ORB_ATR_Target(6,1.5xATR)",SHORT,2024-05-09 07:00:00,2024-05-09 13:00:00,18138.25,18190.75,-107.0
"ORB_ATR_Target(6,1.5xATR)",LONG,2024-05-13 05:00:00,2024-05-13 14:00:00,18286.25,18286.25,-2.0
"ORB_ATR_Target(6,1.5xATR)",SHORT,2024-05-16 22:00:00,2024-05-17 15:00:00,18642.0,18665.0,-48.0
"ORB_ATR_Target(6,1.5xATR)",SHORT,2024-05-28 14:00:00,2024-05-28 15:00:00,18864.5,18924.25,-121.5
"ORB_ATR_Target(6,1.5xATR)",LONG,2024-05-28 22:00:00,2024-05-29 04:00:00,18949.5,18886.5,-128.0
"ORB_ATR_Target(6,1.5xATR)",SHORT,2024-05-30 13:00:00,2024-05-30 14:00:00,18765.25,18739.0,50.5
"ORB_ATR_Target(6,1.5xATR)",SHORT,2024-06-07 13:00:00,2024-06-07 14:00:00,18982.5,19032.25,-101.5
"ORB_ATR_Target(6,1.5xATR)",SHORT,2024-06-10 07:00:00,2024-06-10 08:00:00,19007.0,19020.25,-28.5
"ORB_ATR_Target(6,1.5xATR)",SHORT,2024-06-10 10:00:00,2024-06-10 11:00:00,19000.5,19015.5,-32.0
"ORB_ATR_Target(6,1.5xATR)",SHORT,2024-06-20 13:00:00,2024-06-20 15:00:00,19992.0,19946.75,88.5
"ORB_ATR_Target(6,1.5xATR)",LONG,2024-06-26 01:00:00,2024-06-26 02:00:00,19989.75,19999.0,16.5
"ORB_ATR_Target(6,1.5xATR)",LONG,2024-06-26 04:00:00,2024-06-26 06:00:00,19990.75,20014.75,46.0
"ORB_ATR_Target(6,1.5xATR)",SHORT,2024-06-27 01:00:00,2024-06-27 10:00:00,19893.75,19973.25,-161.0
"ORB_ATR_Target(6,1.5xATR)",LONG,2024-06-27 14:00:00,2024-06-27 15:00:00,20059.5,20030.5,-60.0
"ORB_ATR_Target(6,1.5xATR)",LONG,2024-07-01 06:00:00,2024-07-01 08:00:00,20007.25,19945.75,-125.0
"ORB_ATR_Target(6,1.5xATR)",SHORT,2024-07-01 09:00:00,2024-07-01 10:00:00,19927.0,19935.5,-19.0
"ORB_ATR_Target(6,1.5xATR)",LONG,2024-07-08 12:00:00,2024-07-08 15:00:00,20628.25,20609.25,-40.0
"ORB_ATR_Target(6,1.5xATR)",LONG,2024-07-15 06:00:00,2024-07-15 15:00:00,20608.25,20727.75,237.0
"ORB_ATR_Target(6,1.5xATR)",LONG,2024-07-22 10:00:00,2024-07-22 14:00:00,19846.25,19970.0,245.5
"ORB_ATR_Target(6,1.5xATR)",SHORT,2024-07-23 23:00:00,2024-07-24 00:00:00,19817.0,19792.75,46.5
"ORB_ATR_Target(6,1.5xATR)",SHORT,2024-07-24 01:00:00,2024-07-24 04:00:00,19828.5,19796.5,62.0
"ORB_ATR_Target(6,1.5xATR)",LONG,2024-07-31 12:00:00,2024-07-31 14:00:00,19251.5,19390.75,276.5
"ORB_ATR_Target(6,1.5xATR)",LONG,2024-08-06 01:00:00,2024-08-06 04:00:00,18334.25,18383.5,96.5
"ORB_ATR_Target(6,1.5xATR)",LONG,2024-08-06 05:00:00,2024-08-06 10:00:00,18332.5,18087.75,-491.5
"ORB_ATR_Target(6,1.5xATR)",SHORT,2024-08-06 22:00:00,2024-08-07 03:00:00,18033.0,18351.75,-639.5
"ORB_ATR_Target(6,1.5xATR)",SHORT,2024-08-19 05:00:00,2024-08-19 15:00:00,19608.25,19655.25,-96.0
"ORB_ATR_Target(6,1.5xATR)",LONG,2024-08-26 09:00:00,2024-08-26 12:00:00,19843.25,19774.25,-140.0
"ORB_ATR_Target(6,1.5xATR)",LONG,2024-08-29 14:00:00,2024-08-29 15:00:00,19643.75,19640.75,-8.0
"ORB_ATR_Target(6,1.5xATR)",SHORT,2024-09-06 01:00:00,2024-09-06 02:00:00,18837.5,18876.75,-80.5
"ORB_ATR_Target(6,1.5xATR)",LONG,2024-09-09 05:00:00,2024-09-09 15:00:00,18568.5,18518.0,-103.0
"ORB_ATR_Target(6,1.5xATR)",SHORT,2024-09-16 12:00:00,2024-09-16 15:00:00,19453.5,19339.5,226.0
"ORB_ATR_Target(6,1.5xATR)",LONG,2024-09-17 07:00:00,2024-09-17 12:00:00,19460.25,19557.0,191.5
"ORB_ATR_Target(6,1.5xATR)",LONG,2024-09-17 14:00:00,2024-09-17 15:00:00,19527.0,19546.75,37.5
"ORB_ATR_Target(6,1.5xATR)",SHORT,2024-09-20 11:00:00,2024-09-20 13:00:00,19763.25,19829.5,-134.5
"ORB_ATR_Target(6,1.5xATR)",LONG,2024-09-24 07:00:00,2024-09-24 09:00:00,20128.75,20164.75,70.0
"ORB_ATR_Target(6,1.5xATR)",LONG,2024-09-24 10:00:00,2024-09-24 12:00:00,20131.5,20106.0,-53.0
"ORB_ATR_Target(6,1.5xATR)",SHORT,2024-10-03 08:00:00,2024-10-03 13:00:00,19885.0,19921.0,-74.0
"ORB_ATR_Target(6,1.5xATR)",SHORT,2024-10-07 06:00:00,2024-10-07 15:00:00,20189.0,20166.0,44.0
"ORB_ATR_Target(6,1.5xATR)",LONG,2024-10-14 08:00:00,2024-10-14 11:00:00,20464.5,20511.0,91.0
"ORB_ATR_Target(6,1.5xATR)",LONG,2024-10-17 07:00:00,2024-10-17 15:00:00,20431.25,20401.0,-62.5
"ORB_ATR_Target(6,1.5xATR)",SHORT,2024-10-21 05:00:00,2024-10-21 07:00:00,20468.25,20434.5,65.5
"ORB_ATR_Target(6,1.5xATR)",SHORT,2024-10-21 09:00:00,2024-10-21 10:00:00,20454.25,20425.25,56.0
"ORB_ATR_Target(6,1.5xATR)",LONG,2024-10-25 08:00:00,2024-10-25 13:00:00,20437.75,20492.0,106.5
"ORB_ATR_Target(6,1.5xATR)",LONG,2024-10-28 05:00:00,2024-10-28 14:00:00,20656.5,20555.5,-204.0
"ORB_ATR_Target(6,1.5xATR)",SHORT,2024-10-30 22:00:00,2024-10-30 23:00:00,20482.0,20437.0,88.0
"ORB_ATR_Target(6,1.5xATR)",SHORT,2024-11-04 15:00:00,2024-11-04 16:00:00,20131.25,20186.0,-111.5
"ORB_ATR_Target(6,1.5xATR)",SHORT,2024-11-11 15:00:00,2024-11-11 16:00:00,21172.0,21223.25,-104.5
"ORB_ATR_Target(6,1.5xATR)",LONG,2024-11-26 15:00:00,2024-11-26 16:00:00,20974.0,20950.0,-50.0
"ORB_ATR_Target(6,1.5xATR)",SHORT,2024-11-27 15:00:00,2024-11-27 16:00:00,20860.5,20743.5,232.0
"ORB_ATR_Target(6,1.5xATR)",LONG,2024-12-02 13:00:00,2024-12-02 14:00:00,21006.5,21027.0,39.0
"ORB_ATR_Target(6,1.5xATR)",SHORT,2024-12-05 23:00:00,2024-12-06 14:00:00,21450.0,21490.75,-83.5
"ORB_ATR_Target(6,1.5xATR)",SHORT,2024-12-09 11:00:00,2024-12-09 16:00:00,21615.25,21508.0,212.5
"ORB_ATR_Target(6,1.5xATR)",LONG,2024-12-13 01:00:00,2024-12-13 13:00:00,21753.0,21831.5,155.0
"ORB_ATR_Target(6,1.5xATR)",LONG,2024-12-16 10:00:00,2024-12-16 14:00:00,21847.75,21910.75,124.0
"ORB_ATR_Target(6,1.5xATR)",SHORT,2024-12-27 08:00:00,2024-12-27 15:00:00,21927.0,21695.25,461.5
"ORB_ATR_Target(6,1.5xATR)",LONG,2024-12-29 23:00:00,2024-12-30 00:00:00,21711.0,21701.0,-22.0
"ORB_ATR_Target(6,1.5xATR)",SHORT,2024-12-30 06:00:00,2024-12-30 13:00:00,21658.5,21482.25,350.5
"ORB_ATR_Target(6,1.5xATR)",LONG,2025-01-02 12:00:00,2025-01-02 15:00:00,21467.0,21392.5,-151.0
"ORB_ATR_Target(6,1.5xATR)",LONG,2025-01-06 07:00:00,2025-01-06 08:00:00,21549.0,21565.25,30.5
"ORB_ATR_Target(6,1.5xATR)",LONG,2025-01-10 11:00:00,2025-01-10 14:00:00,21316.75,21115.5,-404.5
"ORB_ATR_Target(6,1.5xATR)",LONG,2025-01-13 23:00:00,2025-01-14 00:00:00,21020.0,21046.25,50.5
"ORB_ATR_Target(6,1.5xATR)",LONG,2025-01-14 02:00:00,2025-01-14 03:00:00,21027.75,21042.25,27.0
"ORB_ATR_Target(6,1.5xATR)",LONG,2025-01-14 04:00:00,2025-01-14 05:00:00,21018.0,21044.0,50.0
"ORB_ATR_Target(6,1.5xATR)",LONG,2025-01-14 13:00:00,2025-01-14 14:00:00,21005.5,21057.75,102.5
"ORB_ATR_Target(6,1.5xATR)",LONG,2025-01-14 15:00:00,2025-01-14 16:00:00,20980.75,20936.5,-90.5
"ORB_ATR_Target(6,1.5xATR)",LONG,2025-01-17 14:00:00,2025-01-17 16:00:00,21541.75,21590.0,94.5
"ORB_ATR_Target(6,1.5xATR)",SHORT,2025-01-23 00:00:00,2025-01-23 16:00:00,21965.5,21931.75,65.5
"ORB_ATR_Target(6,1.5xATR)",LONG,2025-01-24 03:00:00,2025-01-24 05:00:00,22049.0,22003.5,-93.0
"ORB_ATR_Target(6,1.5xATR)",LONG,2025-01-24 15:00:00,2025-01-24 16:00:00,22058.0,21986.75,-144.5
"ORB_ATR_Target(6,1.5xATR)",LONG,2025-01-30 02:00:00,2025-01-30 09:00:00,21650.0,21701.25,100.5
"ORB_ATR_Target(6,1.5xATR)",LONG,2025-01-30 10:00:00,2025-01-30 16:00:00,21634.75,21462.75,-346.0
"ORB_ATR_Target(6,1.5xATR)",LONG,2025-01-31 01:00:00,2025-01-31 02:00:00,21707.0,21775.25,134.5
"ORB_ATR_Target(6,1.5xATR)",LONG,2025-01-31 03:00:00,2025-01-31 07:00:00,21740.0,21761.75,41.5
"ORB_ATR_Target(6,1.5xATR)",LONG,2025-02-03 09:00:00,2025-02-03 16:00:00,21206.25,21419.0,423.5
"ORB_ATR_Target(6,1.5xATR)",SHORT,2025-02-05 04:00:00,2025-02-05 16:00:00,21542.5,21591.0,-99.0
"ORB_ATR_Target(6,1.5xATR)",LONG,2025-02-10 06:00:00,2025-02-10 16:00:00,21714.5,21865.5,300.0
"ORB_ATR_Target(6,1.5xATR)",SHORT,2025-02-11 03:00:00,2025-02-11 16:00:00,21763.5,21841.5,-158.0
"ORB_ATR_Target(6,1.5xATR)",SHORT,2025-02-12 15:00:00,2025-02-12 16:00:00,21677.25,21728.5,-104.5
"ORB_ATR_Target(6,1.5xATR)",LONG,2025-02-12 23:00:00,2025-02-13 00:00:00,21861.25,21888.0,51.5
"ORB_ATR_Target(6,1.5xATR)",LONG,2025-02-13 08:00:00,2025-02-13 09:00:00,21854.75,21774.75,-162.0
"ORB_ATR_Target(6,1.5xATR)",SHORT,2025-02-18 15:00:00,2025-02-18 16:00:00,22202.25,22187.25,28.0
"ORB_ATR_Target(6,1.5xATR)",LONG,2025-02-19 00:00:00,2025-02-19 15:00:00,22250.5,22168.25,-166.5
"ORB_ATR_Target(6,1.5xATR)",LONG,2025-02-21 00:00:00,2025-02-21 16:00:00,22161.0,22006.25,-311.5
"ORB_ATR_Target(6,1.5xATR)",LONG,2025-02-24 14:00:00,2025-02-24 15:00:00,21794.75,21567.75,-456.0
"ORB_ATR_Target(6,1.5xATR)",LONG,2025-02-26 08:00:00,2025-02-26 16:00:00,21293.0,21351.75,115.5
"ORB_ATR_Target(6,1.5xATR)",SHORT,2025-02-27 15:00:00,2025-02-27 16:00:00,21006.5,21020.5,-30.0
"ORB_ATR_Target(6,1.5xATR)",SHORT,2025-03-10 13:00:00,2025-03-10 15:00:00,19914.0,19554.0,718.0
"ORB_ATR_Target(6,1.5xATR)",LONG,2025-03-12 13:00:00,2025-03-12 15:00:00,19722.5,19475.0,-497.0
"ORB_ATR_Target(6,1.5xATR)",SHORT,2025-03-13 14:00:00,2025-03-13 15:00:00,19367.5,19424.5,-116.0
"ORB_ATR_Target(6,1.5xATR)",LONG,2025-03-19 14:00:00,2025-03-19 15:00:00,19618.75,19590.5,-58.5
"ORB_ATR_Target(6,1.5xATR)",SHORT,2025-03-21 10:00:00,2025-03-21 13:00:00,19601.5,19483.75,233.5
"ORB_ATR_Target(6,1.5xATR)",SHORT,2025-03-26 14:00:00,2025-03-26 15:00:00,20316.5,20295.75,39.5
"ORB_ATR_Target(6,1.5xATR)",SHORT,2025-03-28 00:00:00,2025-03-28 01:00:00,19965.0,19984.0,-40.0
"ORB_ATR_Target(6,1.5xATR)",SHORT,2025-03-28 02:00:00,2025-03-28 07:00:00,19965.25,19924.5,79.5
"ORB_ATR_Target(6,1.5xATR)",SHORT,2025-03-28 11:00:00,2025-03-28 13:00:00,19951.0,19864.75,170.5
"ORB_ATR_Target(6,1.5xATR)",LONG,2025-04-07 11:00:00,2025-04-07 15:00:00,17123.0,17657.75,1067.5
"ORB_ATR_Target(6,1.5xATR)",SHORT,2025-04-15 23:00:00,2025-04-16 00:00:00,18747.0,18728.25,35.5
"ORB_ATR_Target(6,1.5xATR)",LONG,2025-04-22 00:00:00,2025-04-22 15:00:00,18003.5,18340.75,672.5
"ORB_ATR_Target(6,1.5xATR)",SHORT,2025-04-24 06:00:00,2025-04-24 14:00:00,18711.5,19052.5,-684.0
"ORB_ATR_Target(6,1.5xATR)",LONG,2025-04-28 13:00:00,2025-04-28 14:00:00,19540.0,19464.5,-153.0
"ORB_ATR_Target(6,1.5xATR)",LONG,2025-04-29 02:00:00,2025-04-29 03:00:00,19594.25,19570.5,-49.5
"ORB_ATR_Target(6,1.5xATR)",LONG,2025-04-29 08:00:00,2025-04-29 11:00:00,19610.25,19496.0,-230.5
"ORB_ATR_Target(6,1.5xATR)",SHORT,2025-04-30 13:00:00,2025-04-30 14:00:00,19285.5,19120.25,328.5
"ORB_ATR_Target(6,1.5xATR)",SHORT,2025-05-01 22:00:00,2025-05-02 01:00:00,19782.5,19941.75,-320.5
"ORB_ATR_Target(6,1.5xATR)",SHORT,2025-05-06 00:00:00,2025-05-06 02:00:00,20008.75,19959.0,97.5
"ORB_ATR_Target(6,1.5xATR)",SHORT,2025-05-06 04:00:00,2025-05-06 06:00:00,19985.5,19922.5,124.0
"ORB_ATR_Target(6,1.5xATR)",LONG,2025-05-06 23:00:00,2025-05-07 13:00:00,20079.75,19932.25,-297.0
"ORB_ATR_Target(6,1.5xATR)",LONG,2025-05-08 02:00:00,2025-05-08 04:00:00,20068.0,20173.75,209.5
"ORB_ATR_Target(6,1.5xATR)",LONG,2025-05-08 14:00:00,2025-05-08 15:00:00,20090.5,20016.25,-150.5
"ORB_ATR_Target(6,1.5xATR)",LONG,2025-05-12 22:00:00,2025-05-13 05:00:00,20954.75,20838.5,-234.5
"ORB_ATR_Target(6,1.5xATR)",SHORT,2025-05-15 08:00:00,2025-05-15 15:00:00,21272.25,21335.25,-128.0
"ORB_ATR_Target(6,1.5xATR)",SHORT,2025-05-22 23:00:00,2025-05-23 12:00:00,21145.75,20835.0,619.5
"ORB_ATR_Target(6,1.5xATR)",SHORT,2025-05-27 02:00:00,2025-05-27 08:00:00,21175.25,21331.75,-315.0
"ORB_ATR_Target(6,1.5xATR)",LONG,2025-05-27 11:00:00,2025-05-27 14:00:00,21302.25,21292.5,-21.5
"ORB_ATR_Target(6,1.5xATR)",SHORT,2025-06-02 08:00:00,2025-06-02 14:00:00,21210.75,21311.0,-202.5
"ORB_ATR_Target(6,1.5xATR)",SHORT,2025-06-12 02:00:00,2025-06-12 09:00:00,21787.0,21799.5,-27.0
"ORB_ATR_Target(6,1.5xATR)",SHORT,2025-06-13 00:00:00,2025-06-13 01:00:00,21786.0,21566.0,438.0
"ORB_ATR_Target(6,1.5xATR)",SHORT,2025-06-13 14:00:00,2025-06-13 15:00:00,21727.0,21743.75,-35.5
"ORB_ATR_Target(6,1.5xATR)",LONG,2025-06-16 07:00:00,2025-06-16 14:00:00,21745.0,21928.0,364.0
"ORB_ATR_Target(6,1.5xATR)",SHORT,2025-06-16 23:00:00,2025-06-17 15:00:00,21860.25,21849.25,20.0
"ORB_ATR_Target(6,1.5xATR)",LONG,2025-06-20 08:00:00,2025-06-22 22:00:00,21706.75,21648.25,-119.0
"ORB_ATR_Target(6,1.5xATR)",LONG,2025-06-23 06:00:00,2025-06-23 08:00:00,21809.25,21896.0,171.5
"ORB_ATR_Target(6,1.5xATR)",LONG,2025-06-23 11:00:00,2025-06-23 13:00:00,21858.25,21883.5,48.5
"ORB_ATR_Target(6,1.5xATR)",LONG,2025-06-26 07:00:00,2025-06-26 09:00:00,22533.0,22560.75,53.5
"ORB_ATR_Target(6,1.5xATR)",SHORT,2025-07-07 09:00:00,2025-07-07 11:00:00,22912.5,22962.0,-101.0
"ORB_ATR_Target(6,1.5xATR)",LONG,2025-07-08 08:00:00,2025-07-08 14:00:00,22963.0,22882.0,-164.0
"ORB_ATR_Target(6,1.5xATR)",LONG,2025-07-14 14:00:00,2025-07-14 15:00:00,22912.0,22991.25,156.5
"ORB_ATR_Target(6,1.5xATR)",SHORT,2025-07-15 22:00:00,2025-07-16 15:00:00,23018.75,22989.75,56.0
"ORB_ATR_Target(6,1.5xATR)",LONG,2025-07-17 07:00:00,2025-07-17 15:00:00,23138.0,23194.25,110.5
"ORB_ATR_Target(6,1.5xATR)",LONG,2025-07-21 09:00:00,2025-07-21 13:00:00,23291.0,23238.0,-108.0
"ORB_ATR_Target(6,1.5xATR)",SHORT,2025-07-22 04:00:00,2025-07-22 14:00:00,23324.0,23142.25,361.5
"ORB_ATR_Target(6,1.5xATR)",LONG,2025-07-23 00:00:00,2025-07-23 14:00:00,23261.75,23165.5,-194.5
"ORB_ATR_Target(6,1.5xATR)",SHORT,2025-07-28 10:00:00,2025-07-28 15:00:00,23526.0,23493.5,63.0
"ORB_ATR_Target(6,1.5xATR)",LONG,2025-07-29 01:00:00,2025-07-29 08:00:00,23533.5,23588.25,107.5
"ORB_ATR_Target(6,1.5xATR)",LONG,2025-07-29 09:00:00,2025-07-29 10:00:00,23582.75,23598.5,29.5
"ORB_ATR_Target(6,1.5xATR)",LONG,2025-07-29 13:00:00,2025-07-29 15:00:00,23579.25,23540.25,-80.0
"ORB_ATR_Target(6,1.5xATR)",LONG,2025-08-04 07:00:00,2025-08-04 09:00:00,22991.5,23060.25,135.5
"ORB_ATR_Target(6,1.5xATR)",LONG,2025-08-04 12:00:00,2025-08-04 13:00:00,23045.5,23075.5,58.0
"ORB_ATR_Target(6,1.5xATR)",SHORT,2025-08-14 13:00:00,2025-08-14 14:00:00,23843.75,23935.75,-186.0
"ORB_ATR_Target(6,1.5xATR)",SHORT,2025-08-15 14:00:00,2025-08-15 15:00:00,23800.75,23800.25,-1.0
"ORB_ATR_Target(6,1.5xATR)",SHORT,2025-08-18 09:00:00,2025-08-18 15:00:00,23778.25,23777.5,-0.5
"ORB_ATR_Target(6,1.5xATR)",SHORT,2025-08-25 09:00:00,2025-08-25 15:00:00,23509.25,23570.75,-125.0
"ORB_ATR_Target(6,1.5xATR)",SHORT,2025-08-26 03:00:00,2025-08-26 08:00:00,23449.25,23443.25,10.0
"ORB_ATR_Target(6,1.5xATR)",SHORT,2025-08-26 09:00:00,2025-08-26 14:00:00,23459.25,23494.75,-73.0
"ORB_ATR_Target(6,1.5xATR)",LONG,2025-08-26 22:00:00,2025-08-27 01:00:00,23604.0,23598.5,-13.0
"ORB_ATR_Target(6,1.5xATR)",LONG,2025-08-27 03:00:00,2025-08-27 05:00:00,23611.25,23616.75,9.0
"ORB_ATR_Target(6,1.5xATR)",LONG,2025-08-27 06:00:00,2025-08-27 13:00:00,23600.75,23581.5,-40.5
"ORB_ATR_Target(6,1.5xATR)",SHORT,2025-08-27 23:00:00,2025-08-28 07:00:00,23518.25,23606.75,-179.0
"ORB_ATR_Target(6,1.5xATR)",SHORT,2025-08-29 14:00:00,2025-08-29 15:00:00,23507.0,23434.25,143.5
"ORB_ATR_Target(6,1.5xATR)",LONG,2025-09-02 22:00:00,2025-09-03 15:00:00,23382.0,23504.5,243.0
"ORB_ATR_Target(6,1.5xATR)",LONG,2025-09-08 14:00:00,2025-09-08 15:00:00,23846.25,23859.5,24.5
"ORB_ATR_Target(6,1.5xATR)",LONG,2025-09-15 06:00:00,2025-09-15 09:00:00,24140.25,24094.75,-93.0
"ORB_ATR_Target(6,1.5xATR)",LONG,2025-09-15 12:00:00,2025-09-15 13:00:00,24143.25,24172.75,57.0
"ORB_ATR_Target(6,1.5xATR)",SHORT,2025-09-22 07:00:00,2025-09-22 15:00:00,24818.75,24926.5,-217.5
"ORB_ATR_Target(6,1.5xATR)",LONG,2025-09-26 14:00:00,2025-09-26 15:00:00,24707.5,24566.25,-284.5
"ORB_ATR_Target(6,1.5xATR)",SHORT,2025-10-01 11:00:00,2025-10-01 14:00:00,24732.75,24781.25,-99.0
"ORB_ATR_Target(6,1.5xATR)",LONG,2025-10-03 01:00:00,2025-10-03 07:00:00,25146.25,25183.5,72.5
"ORB_ATR_Target(6,1.5xATR)",LONG,2025-10-03 11:00:00,2025-10-03 13:00:00,25162.25,25119.75,-87.0
"ORB_ATR_Target(6,1.5xATR)",LONG,2025-10-06 05:00:00,2025-10-06 11:00:00,25101.5,25171.0,137.0
"ORB_ATR_Target(6,1.5xATR)",LONG,2025-10-06 14:00:00,2025-10-06 15:00:00,25156.0,25152.0,-10.0
"ORB_ATR_Target(6,1.5xATR)",LONG,2025-10-09 23:00:00,2025-10-10 15:00:00,25319.5,25191.75,-257.5
"ORB_ATR_Target(6,1.5xATR)",LONG,2025-10-13 08:00:00,2025-10-13 12:00:00,24904.0,24795.5,-219.0
"ORB_ATR_Target(6,1.5xATR)",LONG,2025-10-13 14:00:00,2025-10-13 15:00:00,24887.0,24758.25,-259.5
"ORB_ATR_Target(6,1.5xATR)",SHORT,2025-10-14 06:00:00,2025-10-14 15:00:00,24706.5,24689.5,32.0
"ORB_ATR_Target(6,1.5xATR)",LONG,2025-10-15 10:00:00,2025-10-15 15:00:00,24972.0,25100.5,255.0
"ORB_ATR_Target(6,1.5xATR)",LONG,2025-10-31 01:00:00,2025-10-31 15:00:00,26193.75,26164.0,-61.5
"ORB_ATR_Target(6,1.5xATR)",SHORT,2025-11-06 15:00:00,2025-11-06 16:00:00,25513.25,25302.75,419.0
"ORB_ATR_Target(6,1.5xATR)",LONG,2025-11-12 02:00:00,2025-11-12 07:00:00,25731.0,25772.0,80.0
"ORB_ATR_Target(6,1.5xATR)",LONG,2025-11-12 12:00:00,2025-11-12 13:00:00,25737.25,25791.25,106.0
"ORB_ATR_Target(6,1.5xATR)",LONG,2025-11-13 02:00:00,2025-11-13 10:00:00,25691.0,25567.75,-248.5
"ORB_ATR_Target(6,1.5xATR)",LONG,2025-11-19 15:00:00,2025-11-19 16:00:00,24894.0,24768.75,-252.5
"ORB_ATR_Target(6,1.5xATR)",LONG,2025-11-24 09:00:00,2025-11-24 15:00:00,24551.75,24683.0,260.5
"ORB_ATR_Target(6,1.5xATR)",LONG,2025-12-02 13:00:00,2025-12-02 15:00:00,25498.5,25598.5,198.0
"ORB_ATR_Target(6,1.5xATR)",LONG,2025-12-05 01:00:00,2025-12-05 14:00:00,25654.0,25613.75,-82.5
"ORB_ATR_Target(6,1.5xATR)",LONG,2025-12-08 08:00:00,2025-12-08 15:00:00,25805.5,25744.75,-123.5
"ORB_ATR_Target(6,1.5xATR)",LONG,2025-12-11 23:00:00,2025-12-12 00:00:00,25701.0,25670.75,-62.5
"ORB_ATR_Target(6,1.5xATR)",LONG,2025-12-15 09:00:00,2025-12-15 16:00:00,25284.75,25154.25,-263.0
"ORB_ATR_Target(6,1.5xATR)",LONG,2025-12-16 12:00:00,2025-12-16 14:00:00,25047.0,25252.5,409.0
"ORB_ATR_Target(6,1.5xATR)",SHORT,2025-12-31 00:00:00,2025-12-31 01:00:00,25656.75,25614.0,83.5
"ORB_ATR_Target(6,1.5xATR)",LONG,2026-01-05 06:00:00,2026-01-05 16:00:00,25494.5,25665.25,339.5
"ORB_ATR_Target(6,1.5xATR)",SHORT,2026-01-08 03:00:00,2026-01-08 15:00:00,25786.5,25603.75,363.5
"ORB_ATR_Target(6,1.5xATR)",LONG,2026-01-09 10:00:00,2026-01-09 16:00:00,25722.5,25811.75,176.5
"ORB_ATR_Target(6,1.5xATR)",SHORT,2026-01-12 06:00:00,2026-01-12 15:00:00,25699.75,25901.25,-405.0
"ORB_ATR_Target(6,1.5xATR)",LONG,2026-01-15 07:00:00,2026-01-15 16:00:00,25700.5,25884.5,366.0
"ORB_ATR_Target(6,1.5xATR)",LONG,2026-01-26 06:00:00,2026-01-26 16:00:00,25675.5,25881.0,409.0
"ORB_ATR_Target(6,1.5xATR)",LONG,2026-01-28 23:00:00,2026-01-29 01:00:00,26282.5,26163.25,-240.5
"ORB_ATR_Target(6,1.5xATR)",LONG,2026-02-02 15:00:00,2026-02-02 16:00:00,25746.75,25840.25,185.0
"ORB_ATR_Target(6,1.5xATR)",SHORT,2026-02-03 15:00:00,2026-02-03 16:00:00,25632.75,25617.5,28.5
"ORB_ATR_Target(6,1.5xATR)",SHORT,2026-02-09 07:00:00,2026-02-09 16:00:00,25167.0,25311.5,-291.0
"ORB_ATR_Target(6,1.5xATR)",LONG,2026-02-12 12:00:00,2026-02-12 15:00:00,25365.75,25208.25,-317.0
"ORB_ATR_Target(6,1.5xATR)",SHORT,2026-02-19 11:00:00,2026-02-19 16:00:00,24855.0,24925.0,-142.0
"ORB_ATR_Target(6,1.5xATR)",SHORT,2026-02-26 15:00:00,2026-02-26 16:00:00,25193.5,24999.5,386.0
"ORB_ATR_Target(6,1.5xATR)",SHORT,2026-03-03 06:00:00,2026-03-03 10:00:00,24765.25,24454.0,620.5
"ORB_ATR_Target(6,1.5xATR)",SHORT,2026-03-03 12:00:00,2026-03-03 16:00:00,24487.0,24447.25,77.5
"ORB_ATR_Target(6,1.5xATR)",LONG,2026-03-04 14:00:00,2026-03-04 16:00:00,24889.5,25127.25,473.5
"ORB_ATR_Target(6,1.5xATR)",LONG,2026-03-16 06:00:00,2026-03-16 15:00:00,24558.75,24694.25,269.0
"ORB_ATR_Target(6,1.5xATR)",LONG,2026-03-18 12:00:00,2026-03-18 13:00:00,25112.5,24880.75,-465.5
"ORB_ATR_Target(6,1.5xATR)",SHORT,2026-03-18 13:00:00,2026-03-18 14:00:00,24880.75,24969.0,-178.5
"ORB_ATR_Target(6,1.5xATR)",SHORT,2026-03-24 02:00:00,2026-03-24 08:00:00,24263.0,24466.5,-409.0
"ORB_ATR_Target(6,1.5xATR)",SHORT,2026-03-24 13:00:00,2026-03-24 15:00:00,24279.5,24244.5,68.0
"ORB_ATR_Target(6,1.5xATR)",LONG,2026-03-24 22:00:00,2026-03-25 15:00:00,24420.0,24483.75,125.5
"ORB_ATR_Target(6,1.5xATR)",SHORT,2026-03-26 03:00:00,2026-03-26 10:00:00,24284.0,24155.75,254.5
"ORB_ATR_Target(6,1.5xATR)",SHORT,2026-03-26 11:00:00,2026-03-26 12:00:00,24178.25,24101.75,151.0
"ORB_ATR_Target(6,1.5xATR)",SHORT,2026-03-26 14:00:00,2026-03-26 15:00:00,24216.0,24104.0,222.0
"ORB_ATR_Target(6,1.5xATR)",LONG,2026-03-30 05:00:00,2026-03-30 15:00:00,23321.5,23377.5,110.0
"ORB_ATR_Target(6,1.5xATR)",LONG,2026-03-31 14:00:00,2026-03-31 15:00:00,23569.0,23409.25,-321.5
"ORB_ATR_Target(6,1.5xATR)",SHORT,2026-04-02 02:00:00,2026-04-02 15:00:00,23940.5,24174.5,-470.0
"ORB_ATR_Target(6,1.5xATR)",SHORT,2026-04-07 02:00:00,2026-04-07 09:00:00,24178.75,24359.5,-363.5
"ORB_ATR_Target(6,1.5xATR)",SHORT,2026-04-07 14:00:00,2026-04-07 15:00:00,24121.25,24009.25,222.0
"ORB_ATR_Target(6,1.5xATR)",LONG,2026-04-07 22:00:00,2026-04-07 23:00:00,24514.0,24915.0,800.0
"ORB_ATR_Target(6,1.5xATR)",LONG,2026-04-13 07:00:00,2026-04-13 15:00:00,25115.5,25352.0,471.0
"ORB_ATR_Target(6,1.5xATR)",LONG,2026-04-20 13:00:00,2026-04-20 15:00:00,26751.75,26638.25,-229.0
"ORB_ATR_Target(6,1.5xATR)",LONG,2026-04-20 23:00:00,2026-04-21 07:00:00,26810.5,26846.25,69.5
"ORB_ATR_Target(6,1.5xATR)",LONG,2026-04-21 08:00:00,2026-04-21 09:00:00,26813.25,26837.25,46.0
"ORB_ATR_Target(6,1.5xATR)",LONG,2026-04-21 13:00:00,2026-04-21 14:00:00,26823.25,26838.75,29.0
"ORB_ATR_Target(6,1.5xATR)",LONG,2026-04-27 23:00:00,2026-04-28 03:00:00,27484.75,27394.0,-183.5
"ORB_ATR_Target(6,1.5xATR)",LONG,2026-04-29 00:00:00,2026-04-29 14:00:00,27246.25,27220.75,-53.0
"ORB_ATR_Target(6,1.5xATR)",SHORT,2026-04-29 22:00:00,2026-04-29 23:00:00,27207.0,27473.25,-534.5
"ORB_ATR_Target(6,1.5xATR)",SHORT,2026-05-04 11:00:00,2026-05-04 15:00:00,27815.0,27882.0,-136.0
"ORB_ATR_Target(6,1.5xATR)",LONG,2026-05-05 12:00:00,2026-05-05 13:00:00,27942.5,27973.5,60.0
"ORB_ATR_Target(6,1.5xATR)",SHORT,2026-05-12 08:00:00,2026-05-12 09:00:00,29240.75,29213.75,52.0
"ORB_ATR_Target(6,1.5xATR)",LONG,2026-05-13 04:00:00,2026-05-13 14:00:00,29261.75,29170.25,-185.0
"ORB_ATR_Target(6,1.5xATR)",SHORT,2026-05-15 02:00:00,2026-05-15 15:00:00,29519.0,29281.0,474.0
"ORB_ATR_Target(6,1.5xATR)",LONG,2026-05-18 13:00:00,2026-05-18 14:00:00,29408.25,29242.5,-333.5
"ORB_ATR_Target(6,1.5xATR)",LONG,2026-05-27 22:00:00,2026-05-28 00:00:00,30120.0,29978.0,-286.0
"ORB_ATR_Target(6,1.5xATR)",SHORT,2026-06-01 14:00:00,2026-06-01 15:00:00,30314.5,30437.0,-247.0
"ORB_ATR_Target(6,1.5xATR)",SHORT,2026-06-04 01:00:00,2026-06-04 02:00:00,30498.0,30453.75,86.5
"ORB_ATR_Target(6,1.5xATR)",SHORT,2026-06-04 05:00:00,2026-06-04 06:00:00,30497.25,30484.5,23.5
"ORB_ATR_Target(6,1.5xATR)",SHORT,2026-06-04 08:00:00,2026-06-04 09:00:00,30499.25,30344.0,308.5
"ORB_ATR_Target(6,1.5xATR)",LONG,2026-06-08 12:00:00,2026-06-08 15:00:00,29374.75,29676.5,601.5
"ORB_ATR_Target(6,1.5xATR)",SHORT,2026-06-10 22:00:00,2026-06-11 05:00:00,28455.0,28776.5,-645.0
"ORB_ATR_Target(6,1.5xATR)",LONG,2026-06-22 07:00:00,2026-06-22 13:00:00,30737.25,30801.0,125.5
"ORB_ATR_Target(6,1.5xATR)",SHORT,2026-06-23 02:00:00,2026-06-23 05:00:00,30462.25,30243.0,436.5
"ORB_ATR_Target(6,1.5xATR)",LONG,2026-06-25 01:00:00,2026-06-25 06:00:00,29967.5,30091.0,245.0
"ORB_ATR_Target(6,1.5xATR)",SHORT,2026-06-26 03:00:00,2026-06-26 04:00:00,29267.25,29365.5,-198.5
"ORB_ATR_Target(6,1.5xATR)",SHORT,2026-06-26 05:00:00,2026-06-26 06:00:00,29270.75,29326.5,-113.5
"ORB_ATR_Target(6,1.5xATR)",LONG,2026-06-29 12:00:00,2026-06-29 14:00:00,29705.25,29618.75,-175.0
"ORB_ATR_Target(6,1.5xATR)",SHORT,2026-07-01 13:00:00,2026-07-01 15:00:00,30267.75,30193.0,147.5
"ORB_ATR_Target(6,1.5xATR)",SHORT,2026-07-07 00:00:00,2026-07-07 04:00:00,29851.0,29666.25,367.5
"ORB_ATR_Target(6,1.5xATR)",SHORT,2026-07-07 06:00:00,2026-07-07 08:00:00,29688.75,29646.75,82.0
"ORB_ATR_Target(6,1.5xATR)",LONG,2026-07-09 01:00:00,2026-07-09 06:00:00,29504.5,29606.5,202.0
"ORB_ATR_Target(6,1.5xATR)",LONG,2026-07-14 13:00:00,2026-07-14 15:00:00,29773.75,29773.5,-2.5
"ORB_ATR_Target(6,1.5xATR)",LONG,2026-07-15 01:00:00,2026-07-15 02:00:00,29920.0,29958.75,75.5
"ORB_ATR_Target(6,1.5xATR)",LONG,2026-07-15 12:00:00,2026-07-15 13:00:00,29914.5,29980.0,129.0
"ORB_ATR_Target(6,1.5xATR)",LONG,2026-07-20 11:00:00,2026-07-20 12:00:00,28970.75,29072.5,201.5
"ORB_ATR_Target(6,1.5xATR)",LONG,2026-07-20 13:00:00,2026-07-20 15:00:00,29025.0,28891.75,-268.5
"ORB_ATR_Target(6,1.5xATR)",SHORT,2026-07-20 23:00:00,2026-07-21 01:00:00,28717.75,28859.75,-286.0
"ORB_ATR_Target(6,1.5xATR)",LONG,2026-07-21 07:00:00,2026-07-21 15:00:00,29147.75,29237.25,177.0
"ORB_ATR_Target(6,1.5xATR)",SHORT,2026-07-22 08:00:00,2026-07-22 14:00:00,29059.75,29277.0,-436.5
"ORB_ATR_Target(6,1.5xATR)",SHORT,2026-07-22 23:00:00,2026-07-23 01:00:00,29073.5,29256.25,-367.5
"ORB_ATR_Target(6,1.5xATR)",SHORT,2026-07-23 03:00:00,2026-07-23 13:00:00,29093.5,28786.5,612.0
"ORB_ATR_Target(6,1.5xATR)",SHORT,2026-07-27 14:00:00,2026-07-27 15:00:00,28347.75,28171.0,351.5
"ORB_ATR_Target(6,1.5xATR)",LONG,2026-07-29 00:00:00,2026-07-29 02:00:00,28102.75,27785.0,-637.5
"ORB_ATR_Target(6,1.5xATR)",LONG,2026-07-30 14:00:00,2026-07-30 15:00:00,28150.5,28071.5,-160.0
"ORB_ATR_Target(6,1.5xATR)",SHORT,2026-08-03 12:00:00,2026-08-03 14:00:00,28420.25,28623.75,-409.0
"ORB_ATR_Target(6,1.5xATR)",SHORT,2026-08-06 00:00:00,2026-08-06 13:00:00,29584.25,29400.25,366.0
"ORB_ATR_Target(6,1.5xATR)",SHORT,2026-08-06 14:00:00,2026-08-06 15:00:00,29528.25,29656.5,-258.5
"ORB_ATR_Target(6,1.5xATR)",LONG,2026-08-07 13:00:00,2026-08-07 14:00:00,29843.75,29679.5,-330.5
"ORB_ATR_Target(6,1.5xATR)",SHORT,2026-08-10 13:00:00,2026-08-10 15:00:00,29778.5,29779.75,-4.5
"ORB_ATR_Target(6,1.5xATR)",LONG,2026-08-12 10:00:00,2026-08-12 13:00:00,29815.5,29920.0,207.0
"ORB_ATR_Target(6,1.5xATR)",SHORT,2026-08-12 22:00:00,2026-08-13 06:00:00,29825.0,29884.5,-121.0
"ORB_ATR_Target(6,1.5xATR)",LONG,2026-08-17 06:00:00,2026-08-17 07:00:00,30273.25,30324.75,101.0
"ORB_ATR_Target(6,1.5xATR)",LONG,2026-08-19 13:00:00,2026-08-19 14:00:00,29743.0,29496.25,-495.5
"ORB_ATR_Target(6,1.5xATR)",LONG,2026-08-20 01:00:00,2026-08-20 09:00:00,29670.5,29477.25,-388.5
"ORB_ATR_Target(6,1.5xATR)",LONG,2026-08-21 10:00:00,2026-08-21 14:00:00,29485.75,29303.25,-367.0
"ORB_ATR_Target(6,1.5xATR)",SHORT,2026-08-24 10:00:00,2026-08-24 11:00:00,29231.75,29185.25,91.0
"ORB_ATR_Target(6,1.5xATR)",SHORT,2026-08-24 12:00:00,2026-08-24 13:00:00,29245.5,29205.75,77.5
"ORB_ATR_Target(6,1.5xATR)",LONG,2026-08-25 07:00:00,2026-08-25 15:00:00,29263.5,29233.0,-63.0
"ORB_ATR_Target(6,1.5xATR)",SHORT,2026-08-26 01:00:00,2026-08-26 04:00:00,29113.0,29265.25,-306.5
"ORB_ATR_Target(6,1.5xATR)",LONG,2026-08-26 14:00:00,2026-08-26 15:00:00,29331.5,29251.75,-161.5
"ORB_ATR_Target(6,1.5xATR)",LONG,2026-08-31 07:00:00,2026-08-31 13:00:00,29516.25,29389.5,-255.5
"ORB_ATR_Target(6,1.5xATR)",LONG,2026-09-03 04:00:00,2026-09-03 06:00:00,29245.5,29188.5,-116.0
"ORB_ATR_Target(6,1.5xATR)",LONG,2026-09-03 08:00:00,2026-09-03 12:00:00,29220.25,29105.5,-231.5
VolProfile_Reversion(30),SHORT,2024-03-20 12:00:00,2024-03-20 14:00:00,18323.25,18259.5,125.5
VolProfile_Reversion(30),SHORT,2024-03-20 16:00:00,2024-03-20 17:00:00,18278.5,18290.25,-25.5
VolProfile_Reversion(30),SHORT,2024-03-20 19:00:00,2024-03-21 15:00:00,18419.0,18643.5,-451.0
VolProfile_Reversion(30),SHORT,2024-03-21 16:00:00,2024-03-21 18:00:00,18682.0,18618.5,125.0
VolProfile_Reversion(30),LONG,2024-03-22 07:00:00,2024-03-22 09:00:00,18567.75,18593.25,49.0
VolProfile_Reversion(30),LONG,2024-03-22 11:00:00,2024-03-22 16:00:00,18575.0,18559.0,-34.0
VolProfile_Reversion(30),LONG,2024-03-25 11:00:00,2024-03-25 15:00:00,18500.5,18522.0,41.0
VolProfile_Reversion(30),SHORT,2024-03-26 06:00:00,2024-03-26 14:00:00,18547.5,18589.5,-86.0
VolProfile_Reversion(30),SHORT,2024-03-26 16:00:00,2024-03-26 17:00:00,18580.25,18542.5,73.5
VolProfile_Reversion(30),LONG,2024-03-26 23:00:00,2024-03-27 02:00:00,18475.75,18493.25,33.0
VolProfile_Reversion(30),LONG,2024-03-27 08:00:00,2024-03-27 09:00:00,18478.5,18510.0,61.0
VolProfile_Reversion(30),LONG,2024-03-27 14:00:00,2024-03-27 17:00:00,18450.5,18441.0,-21.0
VolProfile_Reversion(30),SHORT,2024-03-28 16:00:00,2024-03-28 17:00:00,18516.75,18482.25,67.0
VolProfile_Reversion(30),SHORT,2024-03-31 23:00:00,2024-04-01 15:00:00,18571.75,18482.25,177.0
VolProfile_Reversion(30),LONG,2024-04-01 16:00:00,2024-04-01 18:00:00,18425.5,18464.5,76.0
VolProfile_Reversion(30),LONG,2024-04-02 11:00:00,2024-04-02 17:00:00,18437.5,18289.75,-297.5
VolProfile_Reversion(30),SHORT,2024-04-03 15:00:00,2024-04-03 19:00:00,18429.25,18397.75,61.0
VolProfile_Reversion(30),SHORT,2024-04-04 00:00:00,2024-04-04 06:00:00,18445.5,18431.5,26.0
VolProfile_Reversion(30),SHORT,2024-04-04 08:00:00,2024-04-04 15:00:00,18440.75,18500.5,-121.5
VolProfile_Reversion(30),SHORT,2024-04-04 17:00:00,2024-04-04 18:00:00,18557.0,18498.25,115.5
VolProfile_Reversion(30),LONG,2024-04-04 19:00:00,2024-04-05 11:00:00,18226.0,18139.5,-175.0
VolProfile_Reversion(30),SHORT,2024-04-08 08:00:00,2024-04-08 09:00:00,18323.5,18275.75,93.5
VolProfile_Reversion(30),SHORT,2024-04-08 10:00:00,2024-04-08 12:00:00,18306.0,18302.0,6.0
VolProfile_Reversion(30),SHORT,2024-04-08 13:00:00,2024-04-08 14:00:00,18358.5,18300.5,114.0
VolProfile_Reversion(30),SHORT,2024-04-08 15:00:00,2024-04-08 16:00:00,18364.5,18301.25,124.5
VolProfile_Reversion(30),LONG,2024-04-09 02:00:00,2024-04-09 03:00:00,18287.0,18295.5,15.0
VolProfile_Reversion(30),LONG,2024-04-09 08:00:00,2024-04-09 09:00:00,18276.0,18304.0,54.0
VolProfile_Reversion(30),LONG,2024-04-09 11:00:00,2024-04-09 12:00:00,18284.25,18340.25,110.0
VolProfile_Reversion(30),SHORT,2024-04-09 12:00:00,2024-04-09 15:00:00,18340.25,18216.75,245.0
VolProfile_Reversion(30),LONG,2024-04-09 15:00:00,2024-04-09 17:00:00,18216.75,18264.5,93.5
VolProfile_Reversion(30),LONG,2024-04-09 18:00:00,2024-04-09 20:00:00,18255.25,18361.75,211.0
VolProfile_Reversion(30),SHORT,2024-04-09 22:00:00,2024-04-09 23:00:00,18381.0,18375.75,8.5
VolProfile_Reversion(30),SHORT,2024-04-10 01:00:00,2024-04-10 06:00:00,18379.0,18370.75,14.5
VolProfile_Reversion(30),SHORT,2024-04-10 08:00:00,2024-04-10 10:00:00,18391.0,18356.25,67.5
VolProfile_Reversion(30),SHORT,2024-04-10 12:00:00,2024-04-10 13:00:00,18382.25,18107.75,547.0
VolProfile_Reversion(30),LONG,2024-04-10 13:00:00,2024-04-10 15:00:00,18107.75,18158.0,98.5
VolProfile_Reversion(30),SHORT,2024-04-11 05:00:00,2024-04-11 07:00:00,18204.25,18192.5,21.5
VolProfile_Reversion(30),SHORT,2024-04-11 08:00:00,2024-04-11 09:00:00,18201.0,18158.25,83.5
VolProfile_Reversion(30),SHORT,2024-04-11 13:00:00,2024-04-11 15:00:00,18246.5,18237.75,15.5
VolProfile_Reversion(30),SHORT,2024-04-11 16:00:00,2024-04-12 01:00:00,18317.0,18492.75,-353.5
VolProfile_Reversion(30),LONG,2024-04-12 15:00:00,2024-04-12 16:00:00,18198.0,18255.75,113.5
VolProfile_Reversion(30),LONG,2024-04-12 17:00:00,2024-04-12 20:00:00,18158.75,18180.75,42.0
VolProfile_Reversion(30),SHORT,2024-04-15 13:00:00,2024-04-15 14:00:00,18331.25,18304.5,51.5
VolProfile_Reversion(30),LONG,2024-04-15 17:00:00,2024-04-15 23:00:00,18109.5,17881.75,-457.5
VolProfile_Reversion(30),LONG,2024-04-16 03:00:00,2024-04-16 08:00:00,17836.0,17874.5,75.0
VolProfile_Reversion(30),LONG,2024-04-16 10:00:00,2024-04-16 12:00:00,17845.0,17908.25,124.5
VolProfile_Reversion(30),SHORT,2024-04-17 00:00:00,2024-04-17 01:00:00,17936.25,17910.25,50.0
VolProfile_Reversion(30),SHORT,2024-04-17 02:00:00,2024-04-17 06:00:00,17924.0,17857.0,132.0
VolProfile_Reversion(30),LONG,2024-04-17 06:00:00,2024-04-17 08:00:00,17857.0,17878.0,40.0
VolProfile_Reversion(30),SHORT,2024-04-17 10:00:00,2024-04-17 12:00:00,17929.5,17909.25,38.5
VolProfile_Reversion(30),SHORT,2024-04-17 13:00:00,2024-04-17 14:00:00,17929.25,17892.0,72.5
VolProfile_Reversion(30),LONG,2024-04-17 15:00:00,2024-04-17 19:00:00,17802.0,17703.0,-200.0
VolProfile_Reversion(30),LONG,2024-04-17 20:00:00,2024-04-17 23:00:00,17654.25,17679.25,48.0
VolProfile_Reversion(30),LONG,2024-04-18 14:00:00,2024-04-18 15:00:00,17610.0,17711.75,201.5
VolProfile_Reversion(30),LONG,2024-04-18 17:00:00,2024-04-19 10:00:00,17610.25,17434.75,-353.0
VolProfile_Reversion(30),LONG,2024-04-19 16:00:00,2024-04-19 18:00:00,17290.0,17289.25,-3.5
VolProfile_Reversion(30),LONG,2024-04-19 19:00:00,2024-04-21 22:00:00,17159.5,17228.25,135.5
VolProfile_Reversion(30),SHORT,2024-04-23 14:00:00,2024-04-24 14:00:00,17501.5,17736.75,-472.5
VolProfile_Reversion(30),LONG,2024-04-24 23:00:00,2024-04-25 15:00:00,17467.5,17353.0,-231.0
VolProfile_Reversion(30),SHORT,2024-04-25 22:00:00,2024-04-26 20:00:00,17808.25,17839.5,-64.5
VolProfile_Reversion(30),SHORT,2024-04-29 00:00:00,2024-04-29 10:00:00,17886.5,17868.0,35.0
VolProfile_Reversion(30),SHORT,2024-04-29 11:00:00,2024-04-29 14:00:00,17898.25,17867.0,60.5
VolProfile_Reversion(30),SHORT,2024-04-29 17:00:00,2024-04-29 19:00:00,17896.0,17887.75,14.5
VolProfile_Reversion(30),SHORT,2024-04-29 20:00:00,2024-04-30 06:00:00,17905.0,17890.5,27.0
VolProfile_Reversion(30),LONG,2024-04-30 13:00:00,2024-04-30 14:00:00,17826.5,17871.75,88.5
VolProfile_Reversion(30),LONG,2024-04-30 15:00:00,2024-05-01 15:00:00,17832.0,17487.25,-691.5
VolProfile_Reversion(30),LONG,2024-05-01 16:00:00,2024-05-01 18:00:00,17421.75,17469.25,93.0
VolProfile_Reversion(30),LONG,2024-05-01 20:00:00,2024-05-01 22:00:00,17432.0,17487.0,108.0
VolProfile_Reversion(30),SHORT,2024-05-02 19:00:00,2024-05-03 16:00:00,17664.75,17987.0,-646.5
VolProfile_Reversion(30),SHORT,2024-05-03 19:00:00,2024-05-06 00:00:00,18009.0,18005.0,6.0
VolProfile_Reversion(30),SHORT,2024-05-06 07:00:00,2024-05-06 08:00:00,18018.75,18001.0,33.5
VolProfile_Reversion(30),SHORT,2024-05-06 09:00:00,2024-05-07 08:00:00,18028.5,18165.0,-275.0
VolProfile_Reversion(30),SHORT,2024-05-07 09:00:00,2024-05-07 12:00:00,18194.75,18165.0,57.5
VolProfile_Reversion(30),SHORT,2024-05-07 13:00:00,2024-05-07 17:00:00,18192.25,18240.0,-97.5
VolProfile_Reversion(30),LONG,2024-05-08 05:00:00,2024-05-08 06:00:00,18186.0,18194.75,15.5
VolProfile_Reversion(30),LONG,2024-05-08 11:00:00,2024-05-08 15:00:00,18182.5,18218.25,69.5
VolProfile_Reversion(30),SHORT,2024-05-09 15:00:00,2024-05-09 16:00:00,18210.75,18179.0,61.5
VolProfile_Reversion(30),SHORT,2024-05-09 17:00:00,2024-05-09 22:00:00,18213.75,18226.0,-26.5
VolProfile_Reversion(30),SHORT,2024-05-09 23:00:00,2024-05-10 15:00:00,18232.75,18219.0,25.5
VolProfile_Reversion(30),SHORT,2024-05-13 11:00:00,2024-05-13 14:00:00,18304.0,18286.25,33.5
VolProfile_Reversion(30),SHORT,2024-05-14 09:00:00,2024-05-14 12:00:00,18305.75,18286.5,36.5
VolProfile_Reversion(30),LONG,2024-05-14 13:00:00,2024-05-14 14:00:00,18261.5,18289.5,54.0
VolProfile_Reversion(30),SHORT,2024-05-14 15:00:00,2024-05-14 16:00:00,18339.0,18320.25,35.5
VolProfile_Reversion(30),SHORT,2024-05-14 18:00:00,2024-05-15 00:00:00,18331.5,18417.0,-173.0
VolProfile_Reversion(30),SHORT,2024-05-15 03:00:00,2024-05-15 05:00:00,18426.75,18411.0,29.5
VolProfile_Reversion(30),SHORT,2024-05-15 09:00:00,2024-05-15 10:00:00,18416.25,18412.75,5.0
VolProfile_Reversion(30),SHORT,2024-05-15 13:00:00,2024-05-15 22:00:00,18510.25,18693.25,-368.0
VolProfile_Reversion(30),SHORT,2024-05-16 00:00:00,2024-05-16 13:00:00,18721.25,18695.0,50.5
VolProfile_Reversion(30),SHORT,2024-05-16 15:00:00,2024-05-16 17:00:00,18748.0,18733.75,26.5
VolProfile_Reversion(30),LONG,2024-05-17 00:00:00,2024-05-17 13:00:00,18651.25,18684.75,65.0
VolProfile_Reversion(30),LONG,2024-05-17 14:00:00,2024-05-17 15:00:00,18638.5,18665.0,51.0
VolProfile_Reversion(30),LONG,2024-05-17 17:00:00,2024-05-17 20:00:00,18640.75,18638.5,-6.5
VolProfile_Reversion(30),SHORT,2024-05-20 05:00:00,2024-05-20 13:00:00,18671.5,18649.0,43.0
VolProfile_Reversion(30),SHORT,2024-05-20 14:00:00,2024-05-20 18:00:00,18749.75,18745.75,6.0
VolProfile_Reversion(30),SHORT,2024-05-21 18:00:00,2024-05-22 10:00:00,18775.75,18779.5,-9.5
VolProfile_Reversion(30),SHORT,2024-05-22 12:00:00,2024-05-22 16:00:00,18793.0,18819.25,-54.5
VolProfile_Reversion(30),SHORT,2024-05-22 23:00:00,2024-05-23 15:00:00,18854.75,18808.25,91.0
VolProfile_Reversion(30),LONG,2024-05-23 18:00:00,2024-05-23 20:00:00,18716.5,18696.75,-41.5
VolProfile_Reversion(30),SHORT,2024-05-28 05:00:00,2024-05-28 14:00:00,18921.25,18864.5,111.5
VolProfile_Reversion(30),SHORT,2024-05-28 15:00:00,2024-05-28 18:00:00,18924.25,18902.25,42.0
VolProfile_Reversion(30),SHORT,2024-05-28 20:00:00,2024-05-29 01:00:00,18943.5,18909.0,67.0
VolProfile_Reversion(30),LONG,2024-05-29 06:00:00,2024-05-29 15:00:00,18860.5,18867.75,12.5
VolProfile_Reversion(30),LONG,2024-05-29 22:00:00,2024-05-30 18:00:00,18753.0,18702.75,-102.5
VolProfile_Reversion(30),LONG,2024-05-30 19:00:00,2024-05-30 22:00:00,18670.5,18590.75,-161.5
VolProfile_Reversion(30),LONG,2024-05-30 23:00:00,2024-05-31 13:00:00,18569.75,18647.0,152.5
VolProfile_Reversion(30),LONG,2024-05-31 15:00:00,2024-05-31 18:00:00,18387.0,18341.5,-93.0
VolProfile_Reversion(30),SHORT,2024-06-03 01:00:00,2024-06-03 15:00:00,18633.0,18590.5,83.0
VolProfile_Reversion(30),SHORT,2024-06-04 01:00:00,2024-06-04 02:00:00,18670.25,18667.75,3.0
VolProfile_Reversion(30),LONG,2024-06-04 10:00:00,2024-06-04 11:00:00,18543.5,18556.0,23.0
VolProfile_Reversion(30),SHORT,2024-06-04 19:00:00,2024-06-06 14:00:00,18710.75,19033.75,-648.0
VolProfile_Reversion(30),SHORT,2024-06-07 01:00:00,2024-06-07 11:00:00,19079.25,19069.25,18.0
VolProfile_Reversion(30),SHORT,2024-06-07 12:00:00,2024-06-07 13:00:00,19087.0,18982.5,207.0
VolProfile_Reversion(30),LONG,2024-06-07 13:00:00,2024-06-07 15:00:00,18982.5,19076.0,185.0
VolProfile_Reversion(30),SHORT,2024-06-07 16:00:00,2024-06-07 19:00:00,19083.5,19052.25,60.5
VolProfile_Reversion(30),LONG,2024-06-10 07:00:00,2024-06-10 08:00:00,19007.0,19020.25,24.5
VolProfile_Reversion(30),LONG,2024-06-10 09:00:00,2024-06-10 11:00:00,18996.75,19015.5,35.5
VolProfile_Reversion(30),LONG,2024-06-10 13:00:00,2024-06-10 15:00:00,18993.75,19065.75,142.0
VolProfile_Reversion(30),SHORT,2024-06-10 16:00:00,2024-06-10 18:00:00,19088.25,19101.75,-29.0
VolProfile_Reversion(30),SHORT,2024-06-10 20:00:00,2024-06-10 23:00:00,19112.25,19095.5,31.5
VolProfile_Reversion(30),SHORT,2024-06-11 06:00:00,2024-06-11 07:00:00,19105.5,19096.75,15.5
VolProfile_Reversion(30),SHORT,2024-06-11 15:00:00,2024-06-11 16:00:00,19134.25,19078.25,110.0
VolProfile_Reversion(30),SHORT,2024-06-11 18:00:00,2024-06-12 16:00:00,19164.75,19514.75,-702.0
VolProfile_Reversion(30),SHORT,2024-06-12 22:00:00,2024-06-13 15:00:00,19602.0,19555.0,92.0
VolProfile_Reversion(30),SHORT,2024-06-14 06:00:00,2024-06-14 07:00:00,19646.0,19629.0,32.0
VolProfile_Reversion(30),LONG,2024-06-14 11:00:00,2024-06-14 13:00:00,19539.5,19561.25,41.5
VolProfile_Reversion(30),SHORT,2024-06-14 18:00:00,2024-06-18 01:00:00,19657.5,19915.25,-517.5
VolProfile_Reversion(30),SHORT,2024-06-20 05:00:00,2024-06-20 15:00:00,20030.5,19946.75,165.5
VolProfile_Reversion(30),LONG,2024-06-20 17:00:00,2024-06-20 22:00:00,19812.0,19781.25,-63.5
VolProfile_Reversion(30),LONG,2024-06-21 09:00:00,2024-06-21 10:00:00,19716.25,19747.75,61.0
VolProfile_Reversion(30),LONG,2024-06-21 12:00:00,2024-06-21 13:00:00,19726.25,19771.25,88.0
VolProfile_Reversion(30),SHORT,2024-06-23 23:00:00,2024-06-24 02:00:00,20015.75,19952.75,124.0
VolProfile_Reversion(30),SHORT,2024-06-24 06:00:00,2024-06-24 09:00:00,19992.0,20005.75,-29.5
VolProfile_Reversion(30),LONG,2024-06-24 12:00:00,2024-06-24 14:00:00,19954.0,19947.0,-16.0
VolProfile_Reversion(30),LONG,2024-06-24 15:00:00,2024-06-24 16:00:00,19907.25,19918.0,19.5
VolProfile_Reversion(30),LONG,2024-06-24 17:00:00,2024-06-24 19:00:00,19851.5,19820.5,-64.0
VolProfile_Reversion(30),LONG,2024-06-24 20:00:00,2024-06-25 04:00:00,19744.75,19794.25,97.0
VolProfile_Reversion(30),LONG,2024-06-25 07:00:00,2024-06-25 09:00:00,19781.75,19817.0,68.5
VolProfile_Reversion(30),SHORT,2024-06-25 16:00:00,2024-06-25 17:00:00,19959.25,19874.25,168.0
VolProfile_Reversion(30),SHORT,2024-06-25 18:00:00,2024-06-26 13:00:00,19924.5,19934.0,-21.0
VolProfile_Reversion(30),SHORT,2024-06-26 14:00:00,2024-06-26 17:00:00,19970.5,19974.0,-9.0
VolProfile_Reversion(30),SHORT,2024-06-26 20:00:00,2024-06-26 22:00:00,20004.75,19946.0,115.5
VolProfile_Reversion(30),LONG,2024-06-27 01:00:00,2024-06-27 06:00:00,19893.75,19953.75,118.0
VolProfile_Reversion(30),LONG,2024-06-27 08:00:00,2024-06-27 09:00:00,19947.75,19959.5,21.5
VolProfile_Reversion(30),SHORT,2024-06-27 13:00:00,2024-06-27 15:00:00,20004.5,20030.5,-54.0
VolProfile_Reversion(30),SHORT,2024-06-27 20:00:00,2024-06-28 16:00:00,20048.0,20109.0,-124.0
VolProfile_Reversion(30),LONG,2024-06-28 19:00:00,2024-06-30 22:00:00,20012.5,19970.0,-87.0
VolProfile_Reversion(30),LONG,2024-07-01 00:00:00,2024-07-01 01:00:00,19946.25,19982.25,70.0
VolProfile_Reversion(30),LONG,2024-07-01 08:00:00,2024-07-01 11:00:00,19945.75,19953.5,13.5
VolProfile_Reversion(30),LONG,2024-07-01 14:00:00,2024-07-01 16:00:00,19888.0,19975.75,173.5
VolProfile_Reversion(30),SHORT,2024-07-02 14:00:00,2024-07-02 22:00:00,20063.5,20241.0,-357.0
VolProfile_Reversion(30),SHORT,2024-07-02 23:00:00,2024-07-03 00:00:00,20247.25,20237.75,17.0
VolProfile_Reversion(30),SHORT,2024-07-03 14:30:00,2024-07-05 19:00:00,20275.5,20613.75,-678.5
VolProfile_Reversion(30),SHORT,2024-07-05 20:00:00,2024-07-07 22:00:00,20622.0,20591.5,59.0
VolProfile_Reversion(30),SHORT,2024-07-08 12:00:00,2024-07-08 15:00:00,20628.25,20609.25,36.0
VolProfile_Reversion(30),SHORT,2024-07-08 16:00:00,2024-07-09 15:00:00,20668.0,20708.75,-83.5
VolProfile_Reversion(30),SHORT,2024-07-10 12:00:00,2024-07-10 15:00:00,20749.5,20729.5,38.0
VolProfile_Reversion(30),SHORT,2024-07-10 16:00:00,2024-07-10 23:00:00,20767.0,20889.25,-246.5
VolProfile_Reversion(30),SHORT,2024-07-11 13:00:00,2024-07-11 14:00:00,20892.25,20869.25,44.0
VolProfile_Reversion(30),LONG,2024-07-11 15:00:00,2024-07-12 01:00:00,20604.0,20434.0,-342.0
VolProfile_Reversion(30),LONG,2024-07-12 03:00:00,2024-07-12 07:00:00,20420.0,20423.75,5.5
VolProfile_Reversion(30),LONG,2024-07-12 08:00:00,2024-07-12 09:00:00,20401.0,20436.0,68.0
VolProfile_Reversion(30),SHORT,2024-07-15 15:00:00,2024-07-15 17:00:00,20727.75,20652.25,149.0
VolProfile_Reversion(30),LONG,2024-07-16 15:00:00,2024-07-16 16:00:00,20532.0,20550.75,35.5
VolProfile_Reversion(30),LONG,2024-07-16 18:00:00,2024-07-16 19:00:00,20525.25,20590.0,127.5
VolProfile_Reversion(30),LONG,2024-07-17 06:00:00,2024-07-17 23:00:00,20509.75,20061.5,-898.5
VolProfile_Reversion(30),LONG,2024-07-18 15:00:00,2024-07-18 18:00:00,19990.0,19873.25,-235.5
VolProfile_Reversion(30),LONG,2024-07-18 19:00:00,2024-07-18 20:00:00,19846.25,19891.75,89.0
VolProfile_Reversion(30),LONG,2024-07-19 08:00:00,2024-07-19 09:00:00,19796.5,19840.5,86.0
VolProfile_Reversion(30),LONG,2024-07-19 15:00:00,2024-07-21 23:00:00,19826.5,19790.75,-73.5
VolProfile_Reversion(30),SHORT,2024-07-22 13:00:00,2024-07-22 15:00:00,19912.25,19961.5,-100.5
VolProfile_Reversion(30),SHORT,2024-07-22 18:00:00,2024-07-23 00:00:00,20000.0,19955.25,87.5
VolProfile_Reversion(30),LONG,2024-07-23 08:00:00,2024-07-23 09:00:00,19893.5,19921.0,53.0
VolProfile_Reversion(30),SHORT,2024-07-23 12:00:00,2024-07-23 13:00:00,19995.25,19968.5,51.5
VolProfile_Reversion(30),SHORT,2024-07-23 16:00:00,2024-07-23 17:00:00,20034.75,19949.25,169.0
VolProfile_Reversion(30),LONG,2024-07-23 23:00:00,2024-07-24 18:00:00,19817.0,19248.5,-1139.0
"TPO_Reversion(60,p=5)",LONG,2024-03-25 10:00:00,2024-03-25 16:00:00,18524.0,18534.5,19.0
"TPO_Reversion(60,p=5)",SHORT,2024-03-26 10:00:00,2024-03-26 13:00:00,18603.5,18568.75,67.5
"TPO_Reversion(60,p=5)",LONG,2024-03-26 20:00:00,2024-03-27 03:00:00,18450.25,18493.0,83.5
"TPO_Reversion(60,p=5)",LONG,2024-03-27 07:00:00,2024-03-27 09:00:00,18499.5,18510.0,19.0
"TPO_Reversion(60,p=5)",LONG,2024-03-27 14:00:00,2024-03-27 20:00:00,18450.5,18506.75,110.5
"TPO_Reversion(60,p=5)",SHORT,2024-03-31 23:00:00,2024-04-01 10:00:00,18571.75,18571.0,-0.5
"TPO_Reversion(60,p=5)",SHORT,2024-04-01 11:00:00,2024-04-01 12:00:00,18579.75,18542.25,73.0
"TPO_Reversion(60,p=5)",SHORT,2024-04-01 14:00:00,2024-04-01 15:00:00,18584.25,18482.25,202.0
"TPO_Reversion(60,p=5)",LONG,2024-04-01 16:00:00,2024-04-01 17:00:00,18425.5,18469.25,85.5
"TPO_Reversion(60,p=5)",LONG,2024-04-02 11:00:00,2024-04-03 07:00:00,18437.5,18282.0,-313.0
"TPO_Reversion(60,p=5)",LONG,2024-04-03 10:00:00,2024-04-03 12:00:00,18266.75,18304.5,73.5
"TPO_Reversion(60,p=5)",SHORT,2024-04-04 11:00:00,2024-04-04 12:00:00,18462.75,18454.5,14.5
"TPO_Reversion(60,p=5)",SHORT,2024-04-04 13:00:00,2024-04-04 19:00:00,18536.25,18226.0,618.5
"TPO_Reversion(60,p=5)",LONG,2024-04-04 19:00:00,2024-04-05 08:00:00,18226.0,18134.5,-185.0
"TPO_Reversion(60,p=5)",LONG,2024-04-05 10:00:00,2024-04-05 12:00:00,18138.5,18144.5,10.0
"TPO_Reversion(60,p=5)",SHORT,2024-04-09 22:00:00,2024-04-09 23:00:00,18381.0,18375.75,8.5
"TPO_Reversion(60,p=5)",SHORT,2024-04-10 01:00:00,2024-04-10 04:00:00,18379.0,18378.25,-0.5
"TPO_Reversion(60,p=5)",SHORT,2024-04-10 08:00:00,2024-04-10 10:00:00,18391.0,18356.25,67.5
"TPO_Reversion(60,p=5)",SHORT,2024-04-10 12:00:00,2024-04-10 13:00:00,18382.25,18107.75,547.0
"TPO_Reversion(60,p=5)",LONG,2024-04-10 13:00:00,2024-04-11 02:00:00,18107.75,18178.75,140.0
"TPO_Reversion(60,p=5)",LONG,2024-04-11 09:00:00,2024-04-11 10:00:00,18158.25,18160.25,2.0
"TPO_Reversion(60,p=5)",LONG,2024-04-11 12:00:00,2024-04-11 13:00:00,18125.5,18246.5,240.0
"TPO_Reversion(60,p=5)",SHORT,2024-04-11 18:00:00,2024-04-12 08:00:00,18437.0,18469.25,-66.5
"TPO_Reversion(60,p=5)",LONG,2024-04-15 17:00:00,2024-04-16 08:00:00,18109.5,17874.5,-472.0
"TPO_Reversion(60,p=5)",LONG,2024-04-16 09:00:00,2024-04-16 10:00:00,17866.75,17845.0,-45.5
"TPO_Reversion(60,p=5)",LONG,2024-04-17 16:00:00,2024-04-18 01:00:00,17747.25,17696.75,-103.0
"TPO_Reversion(60,p=5)",LONG,2024-04-18 09:00:00,2024-04-18 10:00:00,17722.5,17710.5,-26.0
"TPO_Reversion(60,p=5)",LONG,2024-04-18 13:00:00,2024-04-18 15:00:00,17681.5,17711.75,58.5
"TPO_Reversion(60,p=5)",LONG,2024-04-18 17:00:00,2024-04-19 11:00:00,17610.25,17444.25,-334.0
"TPO_Reversion(60,p=5)",LONG,2024-04-19 12:00:00,2024-04-19 13:00:00,17504.25,17517.0,23.5
"TPO_Reversion(60,p=5)",LONG,2024-04-19 16:00:00,2024-04-21 23:00:00,17290.0,17257.25,-67.5
"TPO_Reversion(60,p=5)",LONG,2024-04-22 15:00:00,2024-04-22 16:00:00,17185.75,17251.5,129.5
"TPO_Reversion(60,p=5)",SHORT,2024-04-23 14:00:00,2024-04-24 10:00:00,17501.5,17681.0,-361.0
"TPO_Reversion(60,p=5)",LONG,2024-04-25 13:00:00,2024-04-25 16:00:00,17380.25,17413.5,64.5
"TPO_Reversion(60,p=5)",SHORT,2024-04-25 22:00:00,2024-04-26 00:00:00,17808.25,17759.25,96.0
"TPO_Reversion(60,p=5)",SHORT,2024-04-26 01:00:00,2024-04-26 08:00:00,17755.75,17759.0,-8.5
"TPO_Reversion(60,p=5)",SHORT,2024-04-26 15:00:00,2024-04-28 22:00:00,17854.5,17864.75,-22.5
"TPO_Reversion(60,p=5)",SHORT,2024-04-28 23:00:00,2024-04-29 07:00:00,17859.75,17891.25,-65.0
"TPO_Reversion(60,p=5)",LONG,2024-04-30 17:00:00,2024-05-01 08:00:00,17704.5,17468.0,-475.0
"TPO_Reversion(60,p=5)",LONG,2024-05-01 10:00:00,2024-05-01 13:00:00,17436.25,17498.0,121.5
"TPO_Reversion(60,p=5)",LONG,2024-05-01 16:00:00,2024-05-01 18:00:00,17421.75,17469.25,93.0
"TPO_Reversion(60,p=5)",LONG,2024-05-01 20:00:00,2024-05-01 22:00:00,17432.0,17487.0,108.0
"TPO_Reversion(60,p=5)",SHORT,2024-05-02 22:00:00,2024-05-02 23:00:00,17744.25,17747.5,-8.5
"TPO_Reversion(60,p=5)",SHORT,2024-05-03 00:00:00,2024-05-03 04:00:00,17753.75,17763.0,-20.5
"TPO_Reversion(60,p=5)",SHORT,2024-05-03 05:00:00,2024-05-03 07:00:00,17751.5,17734.0,33.0
"TPO_Reversion(60,p=5)",SHORT,2024-05-03 09:00:00,2024-05-03 12:00:00,17761.0,17747.0,26.0
"TPO_Reversion(60,p=5)",SHORT,2024-05-03 13:00:00,2024-05-06 07:00:00,17923.25,18018.75,-193.0
"TPO_Reversion(60,p=5)",SHORT,2024-05-06 10:00:00,2024-05-06 11:00:00,18043.0,18052.25,-20.5
"TPO_Reversion(60,p=5)",SHORT,2024-05-06 14:00:00,2024-05-07 03:00:00,18109.75,18179.0,-140.5
"TPO_Reversion(60,p=5)",SHORT,2024-05-07 15:00:00,2024-05-07 18:00:00,18250.5,18194.25,110.5
"TPO_Reversion(60,p=5)",LONG,2024-05-09 07:00:00,2024-05-09 11:00:00,18138.25,18135.0,-8.5
"TPO_Reversion(60,p=5)",SHORT,2024-05-09 19:00:00,2024-05-09 20:00:00,18231.75,18215.5,30.5
"TPO_Reversion(60,p=5)",SHORT,2024-05-10 07:00:00,2024-05-10 15:00:00,18254.75,18219.0,69.5
"TPO_Reversion(60,p=5)",SHORT,2024-05-10 17:00:00,2024-05-10 18:00:00,18244.75,18252.0,-16.5
"TPO_Reversion(60,p=5)",SHORT,2024-05-10 19:00:00,2024-05-10 20:00:00,18256.25,18254.0,2.5
"TPO_Reversion(60,p=5)",SHORT,2024-05-13 01:00:00,2024-05-13 02:00:00,18258.75,18260.5,-5.5
"TPO_Reversion(60,p=5)",SHORT,2024-05-13 04:00:00,2024-05-13 14:00:00,18277.75,18286.25,-19.0
"TPO_Reversion(60,p=5)",SHORT,2024-05-14 11:00:00,2024-05-14 12:00:00,18302.5,18286.5,30.0
"TPO_Reversion(60,p=5)",SHORT,2024-05-14 15:00:00,2024-05-15 09:00:00,18339.0,18416.25,-156.5
"TPO_Reversion(60,p=5)",SHORT,2024-05-15 13:00:00,2024-05-16 06:00:00,18510.25,18723.25,-428.0
"TPO_Reversion(60,p=5)",SHORT,2024-05-16 08:00:00,2024-05-16 09:00:00,18726.25,18720.25,10.0
"TPO_Reversion(60,p=5)",SHORT,2024-05-16 15:00:00,2024-05-16 16:00:00,18748.0,18740.5,13.0
"TPO_Reversion(60,p=5)",SHORT,2024-05-20 14:00:00,2024-05-20 16:00:00,18749.75,18742.0,13.5
"TPO_Reversion(60,p=5)",SHORT,2024-05-20 17:00:00,2024-05-21 02:00:00,18791.25,18743.5,93.5
"TPO_Reversion(60,p=5)",SHORT,2024-05-21 18:00:00,2024-05-22 08:00:00,18775.75,18799.25,-49.0
"TPO_Reversion(60,p=5)",SHORT,2024-05-22 14:00:00,2024-05-22 15:00:00,18823.75,18822.0,1.5
"TPO_Reversion(60,p=5)",SHORT,2024-05-22 16:00:00,2024-05-22 17:00:00,18819.25,18803.5,29.5
"TPO_Reversion(60,p=5)",SHORT,2024-05-22 23:00:00,2024-05-23 14:00:00,18854.75,18852.0,3.5
"TPO_Reversion(60,p=5)",SHORT,2024-05-23 16:00:00,2024-05-23 17:00:00,18915.5,18843.5,142.0
"TPO_Reversion(60,p=5)",LONG,2024-05-23 19:00:00,2024-05-23 23:00:00,18633.5,18694.0,119.0
"TPO_Reversion(60,p=5)",SHORT,2024-05-28 09:00:00,2024-05-28 10:00:00,18977.25,18969.5,13.5
"TPO_Reversion(60,p=5)",LONG,2024-05-29 13:00:00,2024-05-29 14:00:00,18780.5,18831.25,99.5
"TPO_Reversion(60,p=5)",LONG,2024-05-29 20:00:00,2024-05-30 11:00:00,18811.0,18756.0,-112.0
"TPO_Reversion(60,p=5)",LONG,2024-05-30 12:00:00,2024-05-30 18:00:00,18745.0,18702.75,-86.5
"TPO_Reversion(60,p=5)",LONG,2024-05-30 19:00:00,2024-05-31 09:00:00,18670.5,18543.25,-256.5
"TPO_Reversion(60,p=5)",LONG,2024-05-31 10:00:00,2024-05-31 12:00:00,18541.25,18562.5,40.5
"TPO_Reversion(60,p=5)",LONG,2024-05-31 15:00:00,2024-05-31 20:00:00,18387.0,18598.5,421.0
"TPO_Reversion(60,p=5)",LONG,2024-06-03 17:00:00,2024-06-03 18:00:00,18483.25,18557.25,146.0
"TPO_Reversion(60,p=5)",SHORT,2024-06-04 19:00:00,2024-06-05 05:00:00,18710.75,18757.0,-94.5
"TPO_Reversion(60,p=5)",SHORT,2024-06-05 09:00:00,2024-06-06 09:00:00,18756.0,19090.75,-671.5
"TPO_Reversion(60,p=5)",SHORT,2024-06-07 17:00:00,2024-06-07 18:00:00,19141.75,19114.5,52.5
"TPO_Reversion(60,p=5)",LONG,2024-06-10 07:00:00,2024-06-10 08:00:00,19007.0,19020.25,24.5
"TPO_Reversion(60,p=5)",LONG,2024-06-10 09:00:00,2024-06-10 11:00:00,18996.75,19015.5,35.5
"TPO_Reversion(60,p=5)",LONG,2024-06-10 13:00:00,2024-06-10 15:00:00,18993.75,19065.75,142.0
"TPO_Reversion(60,p=5)",SHORT,2024-06-10 20:00:00,2024-06-10 22:00:00,19112.25,19107.25,8.0
"TPO_Reversion(60,p=5)",SHORT,2024-06-11 15:00:00,2024-06-11 16:00:00,19134.25,19078.25,110.0
"TPO_Reversion(60,p=5)",SHORT,2024-06-11 18:00:00,2024-06-12 12:00:00,19164.75,19269.25,-211.0
"TPO_Reversion(60,p=5)",SHORT,2024-06-12 13:00:00,2024-06-13 05:00:00,19422.25,19639.0,-435.5
"TPO_Reversion(60,p=5)",SHORT,2024-06-13 06:00:00,2024-06-13 09:00:00,19627.25,19640.25,-28.0
"TPO_Reversion(60,p=5)",SHORT,2024-06-14 20:00:00,2024-06-17 13:00:00,19687.0,19692.75,-13.5
"TPO_Reversion(60,p=5)",SHORT,2024-06-17 16:00:00,2024-06-18 06:00:00,19750.0,19920.5,-343.0
"TPO_Reversion(60,p=5)",SHORT,2024-06-18 10:00:00,2024-06-18 11:00:00,19963.0,19950.75,22.5
"TPO_Reversion(60,p=5)",SHORT,2024-06-20 05:00:00,2024-06-20 13:00:00,20030.5,19992.0,75.0
"TPO_Reversion(60,p=5)",LONG,2024-06-20 17:00:00,2024-06-20 18:00:00,19812.0,19766.5,-93.0
"TPO_Reversion(60,p=5)",LONG,2024-06-21 09:00:00,2024-06-21 11:00:00,19716.25,19752.5,70.5
"TPO_Reversion(60,p=5)",SHORT,2024-06-23 23:00:00,2024-06-24 00:00:00,20015.75,20008.75,12.0
"TPO_Reversion(60,p=5)",SHORT,2024-06-26 06:00:00,2024-06-26 11:00:00,20014.75,19997.5,32.5
"TPO_Reversion(60,p=5)",SHORT,2024-06-26 16:00:00,2024-06-26 17:00:00,20019.0,19974.0,88.0
"TPO_Reversion(60,p=5)",SHORT,2024-06-27 14:00:00,2024-06-27 15:00:00,20059.5,20030.5,56.0
"TPO_Reversion(60,p=5)",SHORT,2024-06-27 19:00:00,2024-06-27 20:00:00,20043.25,20048.0,-11.5
"TPO_Reversion(60,p=5)",SHORT,2024-06-27 23:00:00,2024-06-28 13:00:00,20082.75,20082.25,-1.0
"TPO_Reversion(60,p=5)",SHORT,2024-06-28 14:00:00,2024-06-28 16:00:00,20148.25,20109.0,76.5
"TPO_Reversion(60,p=5)",LONG,2024-07-01 14:00:00,2024-07-01 16:00:00,19888.0,19975.75,173.5
"TPO_Reversion(60,p=5)",SHORT,2024-07-02 17:00:00,2024-07-05 13:00:00,20127.25,20425.5,-598.5
"TPO_Reversion(60,p=5)",SHORT,2024-07-05 14:00:00,2024-07-07 23:00:00,20514.75,20600.0,-172.5
"TPO_Reversion(60,p=5)",SHORT,2024-07-08 00:00:00,2024-07-08 01:00:00,20590.5,20587.75,3.5
"TPO_Reversion(60,p=5)",SHORT,2024-07-08 16:00:00,2024-07-08 17:00:00,20668.0,20634.75,64.5
"TPO_Reversion(60,p=5)",SHORT,2024-07-08 22:00:00,2024-07-09 06:00:00,20681.0,20725.75,-91.5
"TPO_Reversion(60,p=5)",SHORT,2024-07-09 14:00:00,2024-07-09 15:00:00,20749.5,20708.75,79.5
"TPO_Reversion(60,p=5)",SHORT,2024-07-10 12:00:00,2024-07-10 13:00:00,20749.5,20754.75,-12.5
"TPO_Reversion(60,p=5)",SHORT,2024-07-10 14:00:00,2024-07-10 15:00:00,20765.25,20729.5,69.5
"TPO_Reversion(60,p=5)",SHORT,2024-07-10 16:00:00,2024-07-11 06:00:00,20767.0,20868.75,-205.5
"TPO_Reversion(60,p=5)",SHORT,2024-07-11 08:00:00,2024-07-11 09:00:00,20883.75,20881.5,2.5
"TPO_Reversion(60,p=5)",LONG,2024-07-11 15:00:00,2024-07-12 02:00:00,20604.0,20430.25,-349.5
"TPO_Reversion(60,p=5)",LONG,2024-07-12 03:00:00,2024-07-12 04:00:00,20420.0,20420.5,-1.0
"TPO_Reversion(60,p=5)",LONG,2024-07-12 05:00:00,2024-07-12 06:00:00,20396.5,20418.0,41.0
"TPO_Reversion(60,p=5)",LONG,2024-07-17 06:00:00,2024-07-17 23:00:00,20509.75,20061.5,-898.5
"TPO_Reversion(60,p=5)",LONG,2024-07-18 01:00:00,2024-07-18 02:00:00,20063.5,20071.0,13.0
"TPO_Reversion(60,p=5)",LONG,2024-07-18 15:00:00,2024-07-18 23:00:00,19990.0,19955.75,-70.5
"TPO_Reversion(60,p=5)",LONG,2024-07-19 00:00:00,2024-07-19 01:00:00,19945.75,19948.0,2.5
"TPO_Reversion(60,p=5)",LONG,2024-07-19 08:00:00,2024-07-19 09:00:00,19796.5,19840.5,86.0
"TPO_Reversion(60,p=5)",LONG,2024-07-19 17:00:00,2024-07-21 23:00:00,19729.25,19790.75,121.0
"TPO_Reversion(60,p=5)",LONG,2024-07-22 02:00:00,2024-07-22 04:00:00,19746.25,19778.5,62.5
"TPO_Reversion(60,p=5)",SHORT,2024-07-22 18:00:00,2024-07-22 22:00:00,20000.0,19982.0,34.0
"TPO_Reversion(60,p=5)",SHORT,2024-07-23 14:00:00,2024-07-23 15:00:00,20006.5,19979.0,53.0
"TPO_Reversion(60,p=5)",SHORT,2024-07-23 16:00:00,2024-07-23 17:00:00,20034.75,19949.25,169.0
"TPO_Reversion(60,p=5)",LONG,2024-07-24 05:00:00,2024-07-25 01:00:00,19729.75,19292.25,-877.0
"TPO_Reversion(60,p=5)",LONG,2024-07-25 02:00:00,2024-07-25 03:00:00,19256.75,19232.75,-50.0
"TPO_Reversion(60,p=5)",LONG,2024-07-25 05:00:00,2024-07-25 06:00:00,19255.0,19235.25,-41.5
"TPO_Reversion(60,p=5)",LONG,2024-07-25 10:00:00,2024-07-25 13:00:00,19143.0,19233.25,178.5
"TPO_Reversion(60,p=5)",LONG,2024-07-25 14:00:00,2024-07-25 15:00:00,19031.25,19214.5,364.5
"TPO_Reversion(60,p=5)",LONG,2024-07-25 19:00:00,2024-07-26 01:00:00,19127.5,19047.25,-162.5
"TPO_Reversion(60,p=5)",SHORT,2024-07-29 06:00:00,2024-07-29 08:00:00,19311.5,19238.0,145.0
"TPO_Reversion(60,p=5)",SHORT,2024-07-29 13:00:00,2024-07-29 15:00:00,19310.0,19221.5,175.0
"TPO_Reversion(60,p=5)",SHORT,2024-07-29 17:00:00,2024-07-29 18:00:00,19308.25,19255.0,104.5
"TPO_Reversion(60,p=5)",LONG,2024-07-30 15:00:00,2024-07-31 03:00:00,19106.5,19106.75,-1.5
"TPO_Reversion(60,p=5)",SHORT,2024-07-31 14:00:00,2024-08-01 08:00:00,19390.75,19617.5,-455.5
"TPO_Reversion(60,p=5)",LONG,2024-08-01 18:00:00,2024-08-01 22:00:00,19019.0,18956.5,-127.0
"TPO_Reversion(60,p=5)",LONG,2024-08-01 23:00:00,2024-08-02 01:00:00,18865.25,18910.0,87.5
"TPO_Reversion(60,p=5)",LONG,2024-08-02 03:00:00,2024-08-02 14:00:00,18762.75,18425.25,-677.0
