strategy,direction,entry_time,exit_time,entry_price,exit_price,net_pnl
MA_Crossover(10/50),SHORT,2016-08-11 00:00:00,2016-08-19 00:00:00,1341.5999755859375,1350.0999755859375,-86.7
MA_Crossover(10/50),LONG,2016-08-19 00:00:00,2016-08-22 00:00:00,1350.0999755859375,1334.4000244140625,-158.7
MA_Crossover(10/50),SHORT,2016-08-22 00:00:00,2017-01-23 00:00:00,1334.4000244140625,1212.0,1222.3
MA_Crossover(10/50),LONG,2017-01-23 00:00:00,2017-03-14 00:00:00,1212.0,1203.0999755859375,-90.7
MA_Crossover(10/50),SHORT,2017-03-14 00:00:00,2017-03-20 00:00:00,1203.0999755859375,1229.300048828125,-263.7
MA_Crossover(10/50),LONG,2017-03-20 00:00:00,2017-05-09 00:00:00,1229.300048828125,1226.0999755859375,-33.7
MA_Crossover(10/50),SHORT,2017-05-09 00:00:00,2017-05-23 00:00:00,1226.0999755859375,1261.5,-355.7
MA_Crossover(10/50),LONG,2017-05-23 00:00:00,2017-06-23 00:00:00,1261.5,1250.0,-116.7
MA_Crossover(10/50),SHORT,2017-06-23 00:00:00,2017-07-28 00:00:00,1250.0,1258.4000244140625,-85.7
MA_Crossover(10/50),LONG,2017-07-28 00:00:00,2017-10-04 00:00:00,1258.4000244140625,1273.800048828125,152.3
MA_Crossover(10/50),SHORT,2017-10-04 00:00:00,2017-10-17 00:00:00,1273.800048828125,1295.0999755859375,-214.7
MA_Crossover(10/50),LONG,2017-10-17 00:00:00,2017-10-18 00:00:00,1295.0999755859375,1279.9000244140625,-153.7
MA_Crossover(10/50),SHORT,2017-10-18 00:00:00,2017-11-27 00:00:00,1279.9000244140625,1293.800048828125,-140.7
MA_Crossover(10/50),LONG,2017-11-27 00:00:00,2017-12-05 00:00:00,1293.800048828125,1275.4000244140625,-185.7
MA_Crossover(10/50),SHORT,2017-12-05 00:00:00,2017-12-29 00:00:00,1275.4000244140625,1294.199951171875,-189.7
MA_Crossover(10/50),LONG,2017-12-29 00:00:00,2018-03-21 00:00:00,1294.199951171875,1312.4000244140625,180.3
MA_Crossover(10/50),SHORT,2018-03-21 00:00:00,2018-03-23 00:00:00,1312.4000244140625,1343.199951171875,-309.7
MA_Crossover(10/50),LONG,2018-03-23 00:00:00,2018-04-30 00:00:00,1343.199951171875,1309.5999755859375,-337.7
MA_Crossover(10/50),SHORT,2018-04-30 00:00:00,2018-10-17 00:00:00,1309.5999755859375,1225.9000244140625,835.3
MA_Crossover(10/50),LONG,2018-10-17 00:00:00,2018-11-14 00:00:00,1225.9000244140625,1207.9000244140625,-181.7
MA_Crossover(10/50),SHORT,2018-11-14 00:00:00,2018-11-20 00:00:00,1207.9000244140625,1225.300048828125,-175.7
MA_Crossover(10/50),LONG,2018-11-20 00:00:00,2019-04-04 00:00:00,1225.300048828125,1290.5999755859375,651.3
MA_Crossover(10/50),SHORT,2019-04-04 00:00:00,2019-04-11 00:00:00,1290.5999755859375,1307.0,-165.7
MA_Crossover(10/50),LONG,2019-04-11 00:00:00,2019-04-12 00:00:00,1307.0,1293.4000244140625,-137.7
MA_Crossover(10/50),SHORT,2019-04-12 00:00:00,2019-05-16 00:00:00,1293.4000244140625,1285.199951171875,80.3
MA_Crossover(10/50),LONG,2019-05-16 00:00:00,2019-05-17 00:00:00,1285.199951171875,1280.0,-53.7
MA_Crossover(10/50),SHORT,2019-05-17 00:00:00,2019-06-04 00:00:00,1280.0,1324.300048828125,-444.7
MA_Crossover(10/50),LONG,2019-06-04 00:00:00,2019-11-11 00:00:00,1324.300048828125,1461.0,1365.3
MA_Crossover(10/50),SHORT,2019-11-11 00:00:00,2019-12-26 00:00:00,1461.0,1505.199951171875,-443.7
MA_Crossover(10/50),LONG,2019-12-26 00:00:00,2020-03-18 00:00:00,1505.199951171875,1537.5,321.3
MA_Crossover(10/50),SHORT,2020-03-18 00:00:00,2020-03-27 00:00:00,1537.5,1623.9000244140625,-865.7
MA_Crossover(10/50),LONG,2020-03-27 00:00:00,2020-09-28 00:00:00,1623.9000244140625,1862.699951171875,2386.3
MA_Crossover(10/50),SHORT,2020-09-28 00:00:00,2020-10-22 00:00:00,1862.699951171875,1927.4000244140625,-648.7
MA_Crossover(10/50),LONG,2020-10-22 00:00:00,2020-10-23 00:00:00,1927.4000244140625,1906.5,-210.7
MA_Crossover(10/50),SHORT,2020-10-23 00:00:00,2020-11-09 00:00:00,1906.5,1956.0,-496.7
MA_Crossover(10/50),LONG,2020-11-09 00:00:00,2020-11-10 00:00:00,1956.0,1864.0999755859373,-920.7
MA_Crossover(10/50),SHORT,2020-11-10 00:00:00,2020-12-28 00:00:00,1864.0999755859373,1887.0,-230.7
MA_Crossover(10/50),LONG,2020-12-28 00:00:00,2021-01-14 00:00:00,1887.0,1845.5999755859373,-415.7
MA_Crossover(10/50),SHORT,2021-01-14 00:00:00,2021-04-22 00:00:00,1845.5999755859373,1794.5,509.3
MA_Crossover(10/50),LONG,2021-04-22 00:00:00,2021-06-22 00:00:00,1794.5,1783.199951171875,-114.7
MA_Crossover(10/50),SHORT,2021-06-22 00:00:00,2021-09-01 00:00:00,1783.199951171875,1816.699951171875,-336.7
MA_Crossover(10/50),LONG,2021-09-01 00:00:00,2021-09-16 00:00:00,1816.699951171875,1795.5,-213.7
MA_Crossover(10/50),SHORT,2021-09-16 00:00:00,2021-10-25 00:00:00,1795.5,1806.800048828125,-114.7
Donchian_Breakout(20),SHORT,2016-10-05 00:00:00,2017-01-06 00:00:00,1272.0999755859375,1176.5,954.3
Donchian_Breakout(20),LONG,2017-01-06 00:00:00,2017-03-08 00:00:00,1176.5,1212.199951171875,355.3
Donchian_Breakout(20),SHORT,2017-03-08 00:00:00,2017-04-12 00:00:00,1212.199951171875,1275.0,-629.7
Donchian_Breakout(20),LONG,2017-04-12 00:00:00,2017-05-05 00:00:00,1275.0,1227.0,-481.7
Donchian_Breakout(20),SHORT,2017-05-05 00:00:00,2017-06-01 00:00:00,1227.0,1268.0,-411.7
Donchian_Breakout(20),LONG,2017-06-01 00:00:00,2017-06-20 00:00:00,1268.0,1242.199951171875,-259.7
Donchian_Breakout(20),SHORT,2017-06-20 00:00:00,2017-07-28 00:00:00,1242.199951171875,1258.4000244140625,-163.7
Donchian_Breakout(20),LONG,2017-07-28 00:00:00,2017-09-28 00:00:00,1258.4000244140625,1283.0999755859375,245.3
Donchian_Breakout(20),SHORT,2017-09-28 00:00:00,2017-11-20 00:00:00,1283.0999755859375,1274.5999755859375,83.3
Donchian_Breakout(20),LONG,2017-11-20 00:00:00,2017-12-06 00:00:00,1274.5999755859375,1264.9000244140625,-98.7
Donchian_Breakout(20),SHORT,2017-12-06 00:00:00,2018-01-02 00:00:00,1264.9000244140625,1302.300048828125,-375.7
Donchian_Breakout(20),LONG,2018-01-02 00:00:00,2018-03-02 00:00:00,1302.300048828125,1314.300048828125,118.3
Donchian_Breakout(20),SHORT,2018-03-02 00:00:00,2018-03-26 00:00:00,1314.300048828125,1348.5,-343.7
Donchian_Breakout(20),LONG,2018-03-26 00:00:00,2018-04-27 00:00:00,1348.5,1315.300048828125,-333.7
Donchian_Breakout(20),SHORT,2018-04-27 00:00:00,2018-10-12 00:00:00,1315.300048828125,1221.5999755859375,935.3
Donchian_Breakout(20),LONG,2018-10-12 00:00:00,2018-11-12 00:00:00,1221.5999755859375,1201.5999755859375,-201.7
Donchian_Breakout(20),SHORT,2018-11-12 00:00:00,2018-12-04 00:00:00,1201.5999755859375,1231.0,-295.7
Donchian_Breakout(20),LONG,2018-12-04 00:00:00,2019-03-04 00:00:00,1231.0,1285.5,543.3
Donchian_Breakout(20),SHORT,2019-03-04 00:00:00,2019-05-14 00:00:00,1285.5,1297.800048828125,-124.7
Donchian_Breakout(20),LONG,2019-05-14 00:00:00,2019-10-01 00:00:00,1297.800048828125,1468.699951171875,1707.3
Donchian_Breakout(20),SHORT,2019-10-01 00:00:00,2019-12-26 00:00:00,1468.699951171875,1505.199951171875,-366.7
Donchian_Breakout(20),LONG,2019-12-26 00:00:00,2020-03-16 00:00:00,1505.199951171875,1569.0999755859375,637.3
Donchian_Breakout(20),SHORT,2020-03-16 00:00:00,2020-04-13 00:00:00,1569.0999755859375,1722.0,-1530.7
Donchian_Breakout(20),LONG,2020-04-13 00:00:00,2020-06-08 00:00:00,1722.0,1686.699951171875,-354.7
Donchian_Breakout(20),SHORT,2020-06-08 00:00:00,2020-06-23 00:00:00,1686.699951171875,1764.9000244140625,-783.7
Donchian_Breakout(20),LONG,2020-06-23 00:00:00,2020-09-24 00:00:00,1764.9000244140625,1866.9000244140625,1018.3
Donchian_Breakout(20),SHORT,2020-09-24 00:00:00,2020-11-06 00:00:00,1866.9000244140625,1950.0,-832.7
Donchian_Breakout(20),LONG,2020-11-06 00:00:00,2020-11-10 00:00:00,1950.0,1864.0999755859373,-860.7
Donchian_Breakout(20),SHORT,2020-11-10 00:00:00,2020-12-18 00:00:00,1864.0999755859373,1891.300048828125,-273.7
Donchian_Breakout(20),LONG,2020-12-18 00:00:00,2021-01-08 00:00:00,1891.300048828125,1835.4000244140625,-560.7
MACD_Momentum(12/26/9),SHORT,2016-09-19 00:00:00,2016-09-23 00:00:00,1313.5,1337.199951171875,-238.7
MACD_Momentum(12/26/9),LONG,2016-09-23 00:00:00,2016-10-03 00:00:00,1337.199951171875,1313.5,-238.7
MACD_Momentum(12/26/9),SHORT,2016-10-03 00:00:00,2016-10-21 00:00:00,1313.5,1265.9000244140625,474.3
MACD_Momentum(12/26/9),LONG,2016-10-21 00:00:00,2016-11-15 00:00:00,1265.9000244140625,1224.300048828125,-417.7
MACD_Momentum(12/26/9),SHORT,2016-11-15 00:00:00,2016-12-13 00:00:00,1224.300048828125,1163.5,606.3
MACD_Momentum(12/26/9),LONG,2016-12-13 00:00:00,2016-12-16 00:00:00,1163.5,1126.9000244140625,-367.7
MACD_Momentum(12/26/9),SHORT,2016-12-16 00:00:00,2016-12-27 00:00:00,1126.9000244140625,1134.300048828125,-75.7
MACD_Momentum(12/26/9),LONG,2016-12-27 00:00:00,2017-01-31 00:00:00,1134.300048828125,1194.9000244140625,604.3
MACD_Momentum(12/26/9),SHORT,2017-01-31 00:00:00,2017-02-01 00:00:00,1194.9000244140625,1211.9000244140625,-171.7
MACD_Momentum(12/26/9),LONG,2017-02-01 00:00:00,2017-02-23 00:00:00,1211.9000244140625,1236.0999755859375,240.3
MACD_Momentum(12/26/9),SHORT,2017-02-23 00:00:00,2017-02-24 00:00:00,1236.0999755859375,1250.0,-140.7
MACD_Momentum(12/26/9),LONG,2017-02-24 00:00:00,2017-03-03 00:00:00,1250.0,1231.699951171875,-184.7
MACD_Momentum(12/26/9),SHORT,2017-03-03 00:00:00,2017-03-22 00:00:00,1231.699951171875,1247.9000244140625,-163.7
MACD_Momentum(12/26/9),LONG,2017-03-22 00:00:00,2017-04-26 00:00:00,1247.9000244140625,1266.0,179.3
MACD_Momentum(12/26/9),SHORT,2017-04-26 00:00:00,2017-05-18 00:00:00,1266.0,1254.800048828125,110.3
MACD_Momentum(12/26/9),LONG,2017-05-18 00:00:00,2017-06-14 00:00:00,1254.800048828125,1269.4000244140625,144.3
MACD_Momentum(12/26/9),SHORT,2017-06-14 00:00:00,2017-07-18 00:00:00,1269.4000244140625,1236.199951171875,330.3
MACD_Momentum(12/26/9),LONG,2017-07-18 00:00:00,2017-09-14 00:00:00,1236.199951171875,1319.5999755859375,832.3
MACD_Momentum(12/26/9),SHORT,2017-09-14 00:00:00,2017-10-13 00:00:00,1319.5999755859375,1293.300048828125,261.3
MACD_Momentum(12/26/9),LONG,2017-10-13 00:00:00,2017-10-24 00:00:00,1293.300048828125,1275.5,-179.7
MACD_Momentum(12/26/9),SHORT,2017-10-24 00:00:00,2017-11-07 00:00:00,1275.5,1276.800048828125,-14.7
MACD_Momentum(12/26/9),LONG,2017-11-07 00:00:00,2017-12-04 00:00:00,1276.800048828125,1272.5,-44.7
MACD_Momentum(12/26/9),SHORT,2017-12-04 00:00:00,2017-12-20 00:00:00,1272.5,1261.300048828125,110.3
MACD_Momentum(12/26/9),LONG,2017-12-20 00:00:00,2018-02-01 00:00:00,1261.300048828125,1343.800048828125,823.3
MACD_Momentum(12/26/9),SHORT,2018-02-01 00:00:00,2018-02-20 00:00:00,1343.800048828125,1348.4000244140625,-47.7
MACD_Momentum(12/26/9),LONG,2018-02-20 00:00:00,2018-02-21 00:00:00,1348.4000244140625,1326.800048828125,-217.7
MACD_Momentum(12/26/9),SHORT,2018-02-21 00:00:00,2018-03-23 00:00:00,1326.800048828125,1343.199951171875,-165.7
MACD_Momentum(12/26/9),LONG,2018-03-23 00:00:00,2018-04-24 00:00:00,1343.199951171875,1326.4000244140625,-169.7
MACD_Momentum(12/26/9),SHORT,2018-04-24 00:00:00,2018-05-14 00:00:00,1326.4000244140625,1319.9000244140625,63.3
MACD_Momentum(12/26/9),LONG,2018-05-14 00:00:00,2018-05-16 00:00:00,1319.9000244140625,1290.9000244140625,-291.7
MACD_Momentum(12/26/9),SHORT,2018-05-16 00:00:00,2018-05-29 00:00:00,1290.9000244140625,1298.699951171875,-79.7
MACD_Momentum(12/26/9),LONG,2018-05-29 00:00:00,2018-06-18 00:00:00,1298.699951171875,1280.699951171875,-181.7
MACD_Momentum(12/26/9),SHORT,2018-06-18 00:00:00,2018-07-10 00:00:00,1280.699951171875,1256.199951171875,243.3
MACD_Momentum(12/26/9),LONG,2018-07-10 00:00:00,2018-07-16 00:00:00,1256.199951171875,1242.699951171875,-136.7
MACD_Momentum(12/26/9),SHORT,2018-07-16 00:00:00,2018-07-26 00:00:00,1242.699951171875,1227.800048828125,147.3
MACD_Momentum(12/26/9),LONG,2018-07-26 00:00:00,2018-08-14 00:00:00,1227.800048828125,1193.0999755859375,-348.7
MACD_Momentum(12/26/9),SHORT,2018-08-14 00:00:00,2018-08-23 00:00:00,1193.0999755859375,1189.300048828125,36.3
MACD_Momentum(12/26/9),LONG,2018-08-23 00:00:00,2018-09-28 00:00:00,1189.300048828125,1181.699951171875,-77.7
MACD_Momentum(12/26/9),SHORT,2018-09-28 00:00:00,2018-10-03 00:00:00,1181.699951171875,1202.5999755859375,-210.7
MACD_Momentum(12/26/9),LONG,2018-10-03 00:00:00,2018-10-10 00:00:00,1202.5999755859375,1189.300048828125,-134.7
MACD_Momentum(12/26/9),SHORT,2018-10-10 00:00:00,2018-10-12 00:00:00,1189.300048828125,1221.5999755859375,-324.7
MACD_Momentum(12/26/9),LONG,2018-10-12 00:00:00,2018-11-01 00:00:00,1221.5999755859375,1215.4000244140625,-63.7
MACD_Momentum(12/26/9),SHORT,2018-11-01 00:00:00,2018-11-26 00:00:00,1215.4000244140625,1220.199951171875,-49.7
MACD_Momentum(12/26/9),LONG,2018-11-26 00:00:00,2018-11-28 00:00:00,1220.199951171875,1211.5,-88.7
MACD_Momentum(12/26/9),SHORT,2018-11-28 00:00:00,2018-11-30 00:00:00,1211.5,1224.0999755859375,-127.7
MACD_Momentum(12/26/9),LONG,2018-11-30 00:00:00,2019-01-15 00:00:00,1224.0999755859375,1290.0999755859375,658.3
MACD_Momentum(12/26/9),SHORT,2019-01-15 00:00:00,2019-01-30 00:00:00,1290.0999755859375,1310.4000244140625,-204.7
MACD_Momentum(12/26/9),LONG,2019-01-30 00:00:00,2019-02-08 00:00:00,1310.4000244140625,1309.5,-10.7
MACD_Momentum(12/26/9),SHORT,2019-02-08 00:00:00,2019-02-20 00:00:00,1309.5,1342.199951171875,-328.7
MACD_Momentum(12/26/9),LONG,2019-02-20 00:00:00,2019-02-27 00:00:00,1342.199951171875,1327.699951171875,-146.7
MACD_Momentum(12/26/9),SHORT,2019-02-27 00:00:00,2019-03-21 00:00:00,1327.699951171875,1306.0999755859375,214.3
MACD_Momentum(12/26/9),LONG,2019-03-21 00:00:00,2019-04-01 00:00:00,1306.0999755859375,1291.800048828125,-144.7
MACD_Momentum(12/26/9),SHORT,2019-04-01 00:00:00,2019-04-11 00:00:00,1291.800048828125,1307.0,-153.7
MACD_Momentum(12/26/9),LONG,2019-04-11 00:00:00,2019-04-15 00:00:00,1307.0,1284.800048828125,-223.7
MACD_Momentum(12/26/9),SHORT,2019-04-15 00:00:00,2019-05-01 00:00:00,1284.800048828125,1278.699951171875,59.3
MACD_Momentum(12/26/9),LONG,2019-05-01 00:00:00,2019-05-22 00:00:00,1278.699951171875,1273.5999755859375,-52.7
MACD_Momentum(12/26/9),SHORT,2019-05-22 00:00:00,2019-05-31 00:00:00,1273.5999755859375,1287.699951171875,-142.7
MACD_Momentum(12/26/9),LONG,2019-05-31 00:00:00,2019-07-08 00:00:00,1287.699951171875,1395.9000244140625,1080.3
MACD_Momentum(12/26/9),SHORT,2019-07-08 00:00:00,2019-08-06 00:00:00,1395.9000244140625,1469.699951171875,-739.7
MACD_Momentum(12/26/9),LONG,2019-08-06 00:00:00,2019-08-22 00:00:00,1469.699951171875,1495.0999755859375,252.3
MACD_Momentum(12/26/9),SHORT,2019-08-22 00:00:00,2019-08-28 00:00:00,1495.0999755859375,1538.0999755859375,-431.7
MACD_Momentum(12/26/9),LONG,2019-08-28 00:00:00,2019-08-30 00:00:00,1538.0999755859375,1524.5999755859375,-136.7
MACD_Momentum(12/26/9),SHORT,2019-08-30 00:00:00,2019-10-25 00:00:00,1524.5999755859375,1501.4000244140625,230.3
MACD_Momentum(12/26/9),LONG,2019-10-25 00:00:00,2019-11-08 00:00:00,1501.4000244140625,1469.0999755859375,-324.7
MACD_Momentum(12/26/9),SHORT,2019-11-08 00:00:00,2019-12-03 00:00:00,1469.0999755859375,1461.5999755859375,73.3
MACD_Momentum(12/26/9),LONG,2019-12-03 00:00:00,2020-01-22 00:00:00,1461.5999755859375,1549.800048828125,880.3
MACD_Momentum(12/26/9),SHORT,2020-01-22 00:00:00,2020-01-28 00:00:00,1549.800048828125,1576.4000244140625,-267.7
MACD_Momentum(12/26/9),LONG,2020-01-28 00:00:00,2020-01-29 00:00:00,1576.4000244140625,1569.800048828125,-67.7
MACD_Momentum(12/26/9),SHORT,2020-01-29 00:00:00,2020-02-03 00:00:00,1569.800048828125,1592.9000244140625,-232.7
MACD_Momentum(12/26/9),LONG,2020-02-03 00:00:00,2020-02-04 00:00:00,1592.9000244140625,1577.699951171875,-153.7
MACD_Momentum(12/26/9),SHORT,2020-02-04 00:00:00,2020-02-19 00:00:00,1577.699951171875,1600.5999755859375,-230.7
MACD_Momentum(12/26/9),LONG,2020-02-19 00:00:00,2020-03-02 00:00:00,1600.5999755859375,1583.9000244140625,-168.7
MACD_Momentum(12/26/9),SHORT,2020-03-02 00:00:00,2020-03-06 00:00:00,1583.9000244140625,1670.800048828125,-870.7
MACD_Momentum(12/26/9),LONG,2020-03-06 00:00:00,2020-03-13 00:00:00,1670.800048828125,1574.9000244140625,-960.7
MACD_Momentum(12/26/9),SHORT,2020-03-13 00:00:00,2020-03-24 00:00:00,1574.9000244140625,1660.199951171875,-854.7
"Parabolic_SAR(af=0.02,max=0.2)",SHORT,2016-08-12 00:00:00,2016-08-17 00:00:00,1336.800048828125,1345.5,-88.7
"Parabolic_SAR(af=0.02,max=0.2)",LONG,2016-08-17 00:00:00,2016-08-23 00:00:00,1345.5,1337.0,-86.7
"Parabolic_SAR(af=0.02,max=0.2)",SHORT,2016-08-23 00:00:00,2016-09-07 00:00:00,1337.0,1348.4000244140625,-115.7
"Parabolic_SAR(af=0.02,max=0.2)",LONG,2016-09-07 00:00:00,2016-09-16 00:00:00,1348.4000244140625,1312.199951171875,-363.7
"Parabolic_SAR(af=0.02,max=0.2)",SHORT,2016-09-16 00:00:00,2016-09-27 00:00:00,1312.199951171875,1328.0,-159.7
"Parabolic_SAR(af=0.02,max=0.2)",LONG,2016-09-27 00:00:00,2016-10-04 00:00:00,1328.0,1307.5999755859375,-205.7
"Parabolic_SAR(af=0.02,max=0.2)",SHORT,2016-10-04 00:00:00,2016-10-26 00:00:00,1307.5999755859375,1274.0,334.3
"Parabolic_SAR(af=0.02,max=0.2)",LONG,2016-10-26 00:00:00,2016-11-10 00:00:00,1274.0,1274.4000244140625,2.3
"Parabolic_SAR(af=0.02,max=0.2)",SHORT,2016-11-10 00:00:00,2016-12-28 00:00:00,1274.4000244140625,1141.199951171875,1330.3
"Parabolic_SAR(af=0.02,max=0.2)",LONG,2016-12-28 00:00:00,2017-01-26 00:00:00,1141.199951171875,1199.699951171875,583.3
"Parabolic_SAR(af=0.02,max=0.2)",SHORT,2017-01-26 00:00:00,2017-02-03 00:00:00,1199.699951171875,1214.9000244140625,-153.7
"Parabolic_SAR(af=0.02,max=0.2)",LONG,2017-02-03 00:00:00,2017-03-02 00:00:00,1214.9000244140625,1247.199951171875,321.3
"Parabolic_SAR(af=0.02,max=0.2)",SHORT,2017-03-02 00:00:00,2017-03-17 00:00:00,1247.199951171875,1227.0999755859375,199.3
"Parabolic_SAR(af=0.02,max=0.2)",LONG,2017-03-17 00:00:00,2017-04-25 00:00:00,1227.0999755859375,1275.5999755859375,483.3
"Parabolic_SAR(af=0.02,max=0.2)",SHORT,2017-04-25 00:00:00,2017-05-17 00:00:00,1275.5999755859375,1241.0,344.3
"Parabolic_SAR(af=0.02,max=0.2)",LONG,2017-05-17 00:00:00,2017-06-09 00:00:00,1241.0,1277.9000244140625,367.3
"Parabolic_SAR(af=0.02,max=0.2)",SHORT,2017-06-09 00:00:00,2017-06-26 00:00:00,1277.9000244140625,1260.199951171875,175.3
"Parabolic_SAR(af=0.02,max=0.2)",LONG,2017-06-26 00:00:00,2017-06-30 00:00:00,1260.199951171875,1243.699951171875,-166.7
"Parabolic_SAR(af=0.02,max=0.2)",SHORT,2017-06-30 00:00:00,2017-07-19 00:00:00,1243.699951171875,1240.4000244140625,31.3
"Parabolic_SAR(af=0.02,max=0.2)",LONG,2017-07-19 00:00:00,2017-08-09 00:00:00,1240.4000244140625,1260.199951171875,196.3
"Parabolic_SAR(af=0.02,max=0.2)",SHORT,2017-08-09 00:00:00,2017-08-10 00:00:00,1260.199951171875,1276.5999755859375,-165.7
"Parabolic_SAR(af=0.02,max=0.2)",LONG,2017-08-10 00:00:00,2017-09-13 00:00:00,1276.5999755859375,1323.4000244140625,466.3
"Parabolic_SAR(af=0.02,max=0.2)",SHORT,2017-09-13 00:00:00,2017-10-10 00:00:00,1323.4000244140625,1282.5999755859375,406.3
"Parabolic_SAR(af=0.02,max=0.2)",LONG,2017-10-10 00:00:00,2017-10-23 00:00:00,1282.5999755859375,1274.699951171875,-80.7
"Parabolic_SAR(af=0.02,max=0.2)",SHORT,2017-10-23 00:00:00,2017-11-09 00:00:00,1274.699951171875,1279.699951171875,-51.7
"Parabolic_SAR(af=0.02,max=0.2)",LONG,2017-11-09 00:00:00,2017-12-01 00:00:00,1279.699951171875,1274.0999755859375,-57.7
"Parabolic_SAR(af=0.02,max=0.2)",SHORT,2017-12-01 00:00:00,2017-12-20 00:00:00,1274.0999755859375,1261.300048828125,126.3
"Parabolic_SAR(af=0.02,max=0.2)",LONG,2017-12-20 00:00:00,2018-01-31 00:00:00,1261.300048828125,1337.5,760.3
"Parabolic_SAR(af=0.02,max=0.2)",SHORT,2018-01-31 00:00:00,2018-02-15 00:00:00,1337.5,1352.0,-146.7
"Parabolic_SAR(af=0.02,max=0.2)",LONG,2018-02-15 00:00:00,2018-02-28 00:00:00,1352.0,1315.4000244140625,-367.7
"Parabolic_SAR(af=0.02,max=0.2)",SHORT,2018-02-28 00:00:00,2018-03-26 00:00:00,1315.4000244140625,1348.5,-332.7
"Parabolic_SAR(af=0.02,max=0.2)",LONG,2018-03-26 00:00:00,2018-04-23 00:00:00,1348.5,1334.0,-146.7
"Parabolic_SAR(af=0.02,max=0.2)",SHORT,2018-04-23 00:00:00,2018-05-11 00:00:00,1334.0,1319.0,148.3
"Parabolic_SAR(af=0.02,max=0.2)",LONG,2018-05-11 00:00:00,2018-05-16 00:00:00,1319.0,1290.9000244140625,-282.7
"Parabolic_SAR(af=0.02,max=0.2)",SHORT,2018-05-16 00:00:00,2018-06-01 00:00:00,1290.9000244140625,1298.5999755859375,-78.7
"Parabolic_SAR(af=0.02,max=0.2)",LONG,2018-06-01 00:00:00,2018-06-18 00:00:00,1298.5999755859375,1280.699951171875,-180.7
"Parabolic_SAR(af=0.02,max=0.2)",SHORT,2018-06-18 00:00:00,2018-07-10 00:00:00,1280.699951171875,1256.199951171875,243.3
"Parabolic_SAR(af=0.02,max=0.2)",LONG,2018-07-10 00:00:00,2018-07-17 00:00:00,1256.199951171875,1225.699951171875,-306.7
"Parabolic_SAR(af=0.02,max=0.2)",SHORT,2018-07-17 00:00:00,2018-08-22 00:00:00,1225.699951171875,1194.699951171875,308.3
"Parabolic_SAR(af=0.02,max=0.2)",LONG,2018-08-22 00:00:00,2018-09-11 00:00:00,1194.699951171875,1190.4000244140625,-44.7
"Parabolic_SAR(af=0.02,max=0.2)",SHORT,2018-09-11 00:00:00,2018-10-03 00:00:00,1190.4000244140625,1202.5999755859375,-123.7
"Parabolic_SAR(af=0.02,max=0.2)",LONG,2018-10-03 00:00:00,2018-11-01 00:00:00,1202.5999755859375,1215.4000244140625,126.3
"Parabolic_SAR(af=0.02,max=0.2)",SHORT,2018-11-01 00:00:00,2018-11-21 00:00:00,1215.4000244140625,1225.800048828125,-105.7
"Parabolic_SAR(af=0.02,max=0.2)",LONG,2018-11-21 00:00:00,2019-01-22 00:00:00,1225.800048828125,1282.5,565.3
"Parabolic_SAR(af=0.02,max=0.2)",SHORT,2019-01-22 00:00:00,2019-01-28 00:00:00,1282.5,1300.800048828125,-184.7
"Parabolic_SAR(af=0.02,max=0.2)",LONG,2019-01-28 00:00:00,2019-02-15 00:00:00,1300.800048828125,1313.5999755859375,126.3
"Parabolic_SAR(af=0.02,max=0.2)",SHORT,2019-02-15 00:00:00,2019-02-20 00:00:00,1313.5999755859375,1342.199951171875,-287.7
"Parabolic_SAR(af=0.02,max=0.2)",LONG,2019-02-20 00:00:00,2019-03-04 00:00:00,1342.199951171875,1285.5,-568.7
"Parabolic_SAR(af=0.02,max=0.2)",SHORT,2019-03-04 00:00:00,2019-03-25 00:00:00,1285.5,1320.699951171875,-353.7
"Parabolic_SAR(af=0.02,max=0.2)",LONG,2019-03-25 00:00:00,2019-04-01 00:00:00,1320.699951171875,1291.800048828125,-290.7
"Parabolic_SAR(af=0.02,max=0.2)",SHORT,2019-04-01 00:00:00,2019-04-11 00:00:00,1291.800048828125,1307.0,-153.7
"Parabolic_SAR(af=0.02,max=0.2)",LONG,2019-04-11 00:00:00,2019-04-17 00:00:00,1307.0,1273.5,-336.7
"Parabolic_SAR(af=0.02,max=0.2)",SHORT,2019-04-17 00:00:00,2019-05-08 00:00:00,1273.5,1279.4000244140625,-60.7
"Parabolic_SAR(af=0.02,max=0.2)",LONG,2019-05-08 00:00:00,2019-05-20 00:00:00,1279.4000244140625,1276.0999755859375,-34.7
"Parabolic_SAR(af=0.02,max=0.2)",SHORT,2019-05-20 00:00:00,2019-06-03 00:00:00,1276.0999755859375,1307.0,-310.7
"Parabolic_SAR(af=0.02,max=0.2)",LONG,2019-06-03 00:00:00,2019-07-02 00:00:00,1307.0,1391.0999755859375,839.3
"Parabolic_SAR(af=0.02,max=0.2)",SHORT,2019-07-02 00:00:00,2019-07-05 00:00:00,1391.0999755859375,1418.300048828125,-273.7
"Parabolic_SAR(af=0.02,max=0.2)",LONG,2019-07-05 00:00:00,2019-08-02 00:00:00,1418.300048828125,1448.0,295.3
"Parabolic_SAR(af=0.02,max=0.2)",SHORT,2019-08-02 00:00:00,2019-08-05 00:00:00,1448.0,1440.4000244140625,74.3
"Parabolic_SAR(af=0.02,max=0.2)",LONG,2019-08-05 00:00:00,2019-08-26 00:00:00,1440.4000244140625,1543.199951171875,1026.3
"Parabolic_SAR(af=0.02,max=0.2)",SHORT,2019-08-26 00:00:00,2019-08-27 00:00:00,1543.199951171875,1530.5,125.3
"Parabolic_SAR(af=0.02,max=0.2)",LONG,2019-08-27 00:00:00,2019-09-09 00:00:00,1530.5,1509.0,-216.7
"Parabolic_SAR(af=0.02,max=0.2)",SHORT,2019-09-09 00:00:00,2019-09-24 00:00:00,1509.0,1515.0999755859375,-62.7
"Parabolic_SAR(af=0.02,max=0.2)",LONG,2019-09-24 00:00:00,2019-09-30 00:00:00,1515.0999755859375,1495.9000244140625,-193.7
"Parabolic_SAR(af=0.02,max=0.2)",SHORT,2019-09-30 00:00:00,2019-10-11 00:00:00,1495.9000244140625,1491.9000244140625,38.3
"Parabolic_SAR(af=0.02,max=0.2)",LONG,2019-10-11 00:00:00,2019-11-08 00:00:00,1491.9000244140625,1469.0999755859375,-229.7
"Parabolic_SAR(af=0.02,max=0.2)",SHORT,2019-11-08 00:00:00,2019-12-04 00:00:00,1469.0999755859375,1477.5,-85.7
"Parabolic_SAR(af=0.02,max=0.2)",LONG,2019-12-04 00:00:00,2020-01-10 00:00:00,1477.5,1551.199951171875,735.3
"Parabolic_SAR(af=0.02,max=0.2)",SHORT,2020-01-10 00:00:00,2020-01-28 00:00:00,1551.199951171875,1576.4000244140625,-253.7
"Parabolic_SAR(af=0.02,max=0.2)",LONG,2020-01-28 00:00:00,2020-02-06 00:00:00,1576.4000244140625,1553.5999755859375,-229.7
"Parabolic_SAR(af=0.02,max=0.2)",SHORT,2020-02-06 00:00:00,2020-02-19 00:00:00,1553.5999755859375,1600.5999755859375,-471.7
"Parabolic_SAR(af=0.02,max=0.2)",LONG,2020-02-19 00:00:00,2020-03-02 00:00:00,1600.5999755859375,1583.9000244140625,-168.7
"Parabolic_SAR(af=0.02,max=0.2)",SHORT,2020-03-02 00:00:00,2020-03-09 00:00:00,1583.9000244140625,1696.0999755859375,-1123.7
"Parabolic_SAR(af=0.02,max=0.2)",LONG,2020-03-09 00:00:00,2020-03-13 00:00:00,1696.0999755859375,1574.9000244140625,-1213.7
"Parabolic_SAR(af=0.02,max=0.2)",SHORT,2020-03-13 00:00:00,2020-03-24 00:00:00,1574.9000244140625,1660.199951171875,-854.7
"RSI_Reversion(14,30/70)",LONG,2016-08-31 00:00:00,2016-09-06 00:00:00,1310.300048828125,1323.300048828125,128.3
"RSI_Reversion(14,30/70)",LONG,2016-10-05 00:00:00,2016-10-19 00:00:00,1272.0999755859375,1262.9000244140625,-93.7
"RSI_Reversion(14,30/70)",LONG,2016-11-15 00:00:00,2016-11-16 00:00:00,1224.300048828125,1229.300048828125,48.3
"RSI_Reversion(14,30/70)",LONG,2016-11-17 00:00:00,2016-12-08 00:00:00,1224.5999755859375,1173.800048828125,-509.7
"RSI_Reversion(14,30/70)",LONG,2016-12-12 00:00:00,2016-12-13 00:00:00,1158.300048828125,1163.5,50.3
"RSI_Reversion(14,30/70)",LONG,2016-12-14 00:00:00,2016-12-15 00:00:00,1159.800048828125,1139.800048828125,-201.7
"RSI_Reversion(14,30/70)",LONG,2016-12-16 00:00:00,2016-12-20 00:00:00,1126.9000244140625,1133.5,64.3
"RSI_Reversion(14,30/70)",LONG,2016-12-21 00:00:00,2016-12-28 00:00:00,1136.0999755859375,1141.199951171875,49.3
"RSI_Reversion(14,30/70)",SHORT,2017-02-27 00:00:00,2017-03-01 00:00:00,1254.699951171875,1247.800048828125,67.3
"RSI_Reversion(14,30/70)",SHORT,2017-04-17 00:00:00,2017-04-20 00:00:00,1291.800048828125,1279.699951171875,119.3
"RSI_Reversion(14,30/70)",LONG,2017-05-10 00:00:00,2017-05-11 00:00:00,1219.800048828125,1218.5,-14.7
"RSI_Reversion(14,30/70)",LONG,2017-07-10 00:00:00,2017-07-11 00:00:00,1211.4000244140625,1208.699951171875,-28.7
"RSI_Reversion(14,30/70)",SHORT,2017-08-29 00:00:00,2017-08-31 00:00:00,1318.800048828125,1306.5999755859375,120.3
"RSI_Reversion(14,30/70)",SHORT,2017-09-01 00:00:00,2017-09-12 00:00:00,1320.199951171875,1327.0,-69.7
"RSI_Reversion(14,30/70)",SHORT,2018-01-03 00:00:00,2018-01-10 00:00:00,1320.0,1320.300048828125,-4.7
"RSI_Reversion(14,30/70)",SHORT,2018-01-16 00:00:00,2018-01-19 00:00:00,1331.0999755859375,1330.0999755859375,8.3
"RSI_Reversion(14,30/70)",SHORT,2018-01-25 00:00:00,2018-01-30 00:00:00,1356.300048828125,1338.699951171875,174.3
"RSI_Reversion(14,30/70)",LONG,2018-06-22 00:00:00,2018-06-25 00:00:00,1268.0999755859375,1270.5999755859375,23.3
"RSI_Reversion(14,30/70)",LONG,2018-06-26 00:00:00,2018-07-05 00:00:00,1267.199951171875,1255.5,-118.7
"RSI_Reversion(14,30/70)",LONG,2018-07-18 00:00:00,2018-07-23 00:00:00,1226.699951171875,1222.0,-48.7
"RSI_Reversion(14,30/70)",LONG,2018-08-03 00:00:00,2018-08-06 00:00:00,1206.5,1214.4000244140625,77.3
"RSI_Reversion(14,30/70)",LONG,2018-08-07 00:00:00,2018-08-08 00:00:00,1207.800048828125,1212.0,40.3
"RSI_Reversion(14,30/70)",LONG,2018-08-14 00:00:00,2018-08-21 00:00:00,1193.0999755859375,1189.800048828125,-34.7
"RSI_Reversion(14,30/70)",SHORT,2018-12-28 00:00:00,2019-01-02 00:00:00,1273.5,1286.0,-126.7
"RSI_Reversion(14,30/70)",SHORT,2019-01-03 00:00:00,2019-01-07 00:00:00,1286.800048828125,1286.800048828125,-1.7
"RSI_Reversion(14,30/70)",SHORT,2019-01-31 00:00:00,2019-02-05 00:00:00,1320.0,1311.0999755859375,87.3
"RSI_Reversion(14,30/70)",SHORT,2019-02-20 00:00:00,2019-02-22 00:00:00,1342.199951171875,1324.199951171875,178.3
"RSI_Reversion(14,30/70)",SHORT,2019-06-06 00:00:00,2019-06-11 00:00:00,1330.800048828125,1328.4000244140625,22.3
"RSI_Reversion(14,30/70)",SHORT,2019-06-19 00:00:00,2019-06-20 00:00:00,1344.0,1381.5,-376.7
"RSI_Reversion(14,30/70)",SHORT,2019-06-21 00:00:00,2019-07-02 00:00:00,1406.0,1391.0999755859375,147.3
"RSI_Reversion(14,30/70)",SHORT,2019-07-05 00:00:00,2019-07-08 00:00:00,1418.300048828125,1395.9000244140625,222.3
"RSI_Reversion(14,30/70)",SHORT,2019-08-06 00:00:00,2019-08-20 00:00:00,1469.699951171875,1497.5,-279.7
"RSI_Reversion(14,30/70)",SHORT,2019-08-26 00:00:00,2019-08-30 00:00:00,1543.199951171875,1524.5999755859375,184.3
"RSI_Reversion(14,30/70)",SHORT,2019-09-05 00:00:00,2019-09-06 00:00:00,1551.0,1517.300048828125,335.3
"RSI_Reversion(14,30/70)",SHORT,2019-12-30 00:00:00,2020-01-10 00:00:00,1512.5999755859375,1551.199951171875,-387.7
"RSI_Reversion(14,30/70)",SHORT,2020-01-13 00:00:00,2020-01-14 00:00:00,1557.4000244140625,1546.699951171875,105.3
"RSI_Reversion(14,30/70)",SHORT,2020-01-28 00:00:00,2020-01-29 00:00:00,1576.4000244140625,1569.800048828125,64.3
"RSI_Reversion(14,30/70)",SHORT,2020-01-31 00:00:00,2020-02-04 00:00:00,1573.4000244140625,1577.699951171875,-44.7
"RSI_Reversion(14,30/70)",SHORT,2020-02-20 00:00:00,2020-02-26 00:00:00,1606.5,1644.0,-376.7
"RSI_Reversion(14,30/70)",SHORT,2020-07-23 00:00:00,2020-08-12 00:00:00,1871.5999755859373,1921.5999755859373,-501.7
"RSI_Reversion(14,30/70)",SHORT,2021-01-06 00:00:00,2021-01-07 00:00:00,1952.800048828125,1921.5,311.3
"RSI_Reversion(14,30/70)",LONG,2021-03-02 00:00:00,2021-03-03 00:00:00,1722.800048828125,1736.5,135.3
"RSI_Reversion(14,30/70)",LONG,2021-03-05 00:00:00,2021-03-10 00:00:00,1695.300048828125,1714.5,190.3
"RSI_Reversion(14,30/70)",SHORT,2021-05-18 00:00:00,2021-06-04 00:00:00,1867.300048828125,1872.699951171875,-55.7
"RSI_Reversion(14,30/70)",LONG,2021-06-18 00:00:00,2021-06-22 00:00:00,1773.9000244140625,1783.199951171875,91.3
"RSI_Reversion(14,30/70)",LONG,2021-08-10 00:00:00,2021-08-12 00:00:00,1732.0,1752.9000244140625,207.3
"RSI_Reversion(14,30/70)",SHORT,2022-02-18 00:00:00,2022-02-22 00:00:00,1901.4000244140625,1903.5,-22.7
"RSI_Reversion(14,30/70)",SHORT,2022-02-23 00:00:00,2022-02-28 00:00:00,1901.199951171875,1921.0,-199.7
"RSI_Reversion(14,30/70)",SHORT,2022-03-08 00:00:00,2022-03-10 00:00:00,2001.0,1992.800048828125,80.3
"RSI_Reversion(14,30/70)",LONG,2022-07-06 00:00:00,2022-07-22 00:00:00,1764.199951171875,1717.199951171875,-471.7
"RSI_Reversion(14,30/70)",LONG,2022-09-27 00:00:00,2022-09-29 00:00:00,1629.199951171875,1669.0,396.3
"RSI_Reversion(14,30/70)",SHORT,2022-11-14 00:00:00,2022-11-18 00:00:00,1769.4000244140625,1763.0999755859375,61.3
"RSI_Reversion(14,30/70)",SHORT,2022-12-02 00:00:00,2022-12-05 00:00:00,1817.0,1810.5,63.3
"RSI_Reversion(14,30/70)",SHORT,2023-01-13 00:00:00,2023-01-18 00:00:00,1898.800048828125,1911.0999755859373,-124.7
"RSI_Reversion(14,30/70)",SHORT,2023-01-20 00:00:00,2023-01-27 00:00:00,1933.699951171875,1929.300048828125,42.3
"RSI_Reversion(14,30/70)",SHORT,2023-03-20 00:00:00,2023-03-22 00:00:00,1989.699951171875,1943.5,460.3
"RSI_Reversion(14,30/70)",LONG,2023-09-29 00:00:00,2023-10-10 00:00:00,1882.300048828125,1875.4000244140625,-70.7
"RSI_Reversion(14,30/70)",SHORT,2023-10-23 00:00:00,2023-10-24 00:00:00,1987.699951171875,1984.0999755859373,34.3
"RSI_Reversion(14,30/70)",SHORT,2023-10-31 00:00:00,2023-11-01 00:00:00,2005.5999755859373,1993.300048828125,121.3
"RSI_Reversion(14,30/70)",SHORT,2023-11-30 00:00:00,2023-12-01 00:00:00,2046.0999755859373,2056.5,-105.7
"RSI_Reversion(14,30/70)",SHORT,2023-12-04 00:00:00,2023-12-05 00:00:00,2094.39990234375,2049.0,452.3
"RSI_Reversion(14,30/70)",SHORT,2024-03-05 00:00:00,2024-03-15 00:00:00,2123.300048828125,2166.199951171875,-430.7
"RSI_Reversion(14,30/70)",SHORT,2024-03-22 00:00:00,2024-03-25 00:00:00,2183.39990234375,2166.60009765625,166.3
"RSI_Reversion(14,30/70)",SHORT,2024-04-01 00:00:00,2024-04-23 00:00:00,2259.199951171875,2342.300048828125,-832.7
"RSI_Reversion(14,30/70)",SHORT,2024-09-23 00:00:00,2024-09-30 00:00:00,2646.199951171875,2680.5,-344.7
"RSI_Reversion(14,30/70)",SHORT,2024-10-02 00:00:00,2024-10-03 00:00:00,2684.60009765625,2679.89990234375,45.3
"RSI_Reversion(14,30/70)",SHORT,2024-10-22 00:00:00,2024-10-24 00:00:00,2734.699951171875,2729.199951171875,53.3
"RSI_Reversion(14,30/70)",SHORT,2024-10-30 00:00:00,2024-11-01 00:00:00,2786.89990234375,2754.0,327.3
"RSI_Reversion(14,30/70)",SHORT,2025-02-04 00:00:00,2025-02-07 00:00:00,2850.39990234375,2880.199951171875,-299.7
"RSI_Reversion(14,30/70)",SHORT,2025-02-10 00:00:00,2025-02-18 00:00:00,2884.800048828125,2895.10009765625,-104.7
"RSI_Reversion(14,30/70)",SHORT,2025-03-19 00:00:00,2025-03-24 00:00:00,3041.39990234375,3027.60009765625,136.3
"RSI_Reversion(14,30/70)",SHORT,2025-03-31 00:00:00,2025-04-04 00:00:00,3091.0,3138.0,-471.7
"RSI_Reversion(14,30/70)",SHORT,2025-04-17 00:00:00,2025-04-24 00:00:00,3357.5,3301.800048828125,555.3
"RSI_Reversion(14,30/70)",SHORT,2025-09-03 00:00:00,2025-09-19 00:00:00,3600.0,3677.699951171875,-778.7
"RSI_Reversion(14,30/70)",SHORT,2025-09-23 00:00:00,2025-09-25 00:00:00,3781.199951171875,3768.300048828125,127.3
"RSI_Reversion(14,30/70)",SHORT,2025-09-29 00:00:00,2025-10-10 00:00:00,3788.800048828125,3990.10009765625,-2014.7
"RSI_Reversion(14,30/70)",SHORT,2025-10-14 00:00:00,2025-10-16 00:00:00,4130.89990234375,4304.60009765625,-1738.7
"Bollinger_Reversion(20,2sd)",LONG,2016-10-05 00:00:00,2016-10-27 00:00:00,1272.0999755859375,1269.4000244140625,-28.7
"Bollinger_Reversion(20,2sd)",SHORT,2016-11-02 00:00:00,2016-11-10 00:00:00,1288.300048828125,1274.4000244140625,137.3
"Bollinger_Reversion(20,2sd)",LONG,2016-11-15 00:00:00,2016-12-30 00:00:00,1224.300048828125,1162.0,-624.7
"Bollinger_Reversion(20,2sd)",SHORT,2017-02-07 00:00:00,2017-03-03 00:00:00,1234.199951171875,1231.699951171875,23.3
"Bollinger_Reversion(20,2sd)",LONG,2017-03-09 00:00:00,2017-03-20 00:00:00,1204.5,1229.300048828125,246.3
"Bollinger_Reversion(20,2sd)",SHORT,2017-04-13 00:00:00,2017-04-26 00:00:00,1285.300048828125,1266.0,191.3
"Bollinger_Reversion(20,2sd)",LONG,2017-05-05 00:00:00,2017-05-18 00:00:00,1227.0,1254.800048828125,276.3
"Bollinger_Reversion(20,2sd)",LONG,2017-07-05 00:00:00,2017-07-18 00:00:00,1222.5,1236.199951171875,135.3
"Bollinger_Reversion(20,2sd)",SHORT,2017-08-29 00:00:00,2017-09-19 00:00:00,1318.800048828125,1307.9000244140625,107.3
"Bollinger_Reversion(20,2sd)",SHORT,2017-11-20 00:00:00,2017-11-21 00:00:00,1274.5999755859375,1281.0999755859375,-66.7
"Bollinger_Reversion(20,2sd)",LONG,2017-12-06 00:00:00,2017-12-21 00:00:00,1264.9000244140625,1266.4000244140625,13.3
"Bollinger_Reversion(20,2sd)",SHORT,2018-01-02 00:00:00,2018-02-15 00:00:00,1302.300048828125,1352.0,-498.7
"Bollinger_Reversion(20,2sd)",SHORT,2018-03-26 00:00:00,2018-03-29 00:00:00,1348.5,1324.0,243.3
"Bollinger_Reversion(20,2sd)",LONG,2018-05-02 00:00:00,2018-05-29 00:00:00,1309.0,1298.699951171875,-104.7
"Bollinger_Reversion(20,2sd)",LONG,2018-06-19 00:00:00,2018-08-27 00:00:00,1278.699951171875,1210.300048828125,-685.7
"Bollinger_Reversion(20,2sd)",LONG,2018-09-28 00:00:00,2018-10-03 00:00:00,1181.699951171875,1202.5999755859375,207.3
"Bollinger_Reversion(20,2sd)",SHORT,2018-10-16 00:00:00,2018-11-01 00:00:00,1227.0999755859375,1215.4000244140625,115.3
"Bollinger_Reversion(20,2sd)",LONG,2018-11-12 00:00:00,2018-11-20 00:00:00,1201.5999755859375,1225.300048828125,235.3
"Bollinger_Reversion(20,2sd)",SHORT,2018-12-06 00:00:00,2019-01-23 00:00:00,1237.5,1281.699951171875,-443.7
"Bollinger_Reversion(20,2sd)",SHORT,2019-01-29 00:00:00,2019-02-28 00:00:00,1308.199951171875,1321.0999755859375,-130.7
"Bollinger_Reversion(20,2sd)",LONG,2019-03-05 00:00:00,2019-03-20 00:00:00,1287.0,1300.699951171875,135.3
"Bollinger_Reversion(20,2sd)",LONG,2019-04-17 00:00:00,2019-04-30 00:00:00,1273.5,1281.699951171875,80.3
"Bollinger_Reversion(20,2sd)",SHORT,2019-05-14 00:00:00,2019-05-20 00:00:00,1297.800048828125,1276.0999755859375,215.3
"Bollinger_Reversion(20,2sd)",SHORT,2019-06-03 00:00:00,2019-09-06 00:00:00,1307.0,1517.300048828125,-2104.7
"Bollinger_Reversion(20,2sd)",LONG,2019-10-01 00:00:00,2019-10-04 00:00:00,1468.699951171875,1505.5999755859375,367.3
"Bollinger_Reversion(20,2sd)",SHORT,2019-11-01 00:00:00,2019-11-06 00:00:00,1511.0,1483.199951171875,276.3
"Bollinger_Reversion(20,2sd)",LONG,2019-11-08 00:00:00,2019-12-04 00:00:00,1469.0999755859375,1477.5,82.3
"Bollinger_Reversion(20,2sd)",SHORT,2019-12-26 00:00:00,2020-02-05 00:00:00,1505.199951171875,1553.199951171875,-481.7
"Bollinger_Reversion(20,2sd)",SHORT,2020-02-19 00:00:00,2020-03-02 00:00:00,1600.5999755859375,1583.9000244140625,165.3
"Bollinger_Reversion(20,2sd)",LONG,2020-03-16 00:00:00,2020-03-25 00:00:00,1569.0999755859375,1676.5,1072.3
"Bollinger_Reversion(20,2sd)",SHORT,2020-05-18 00:00:00,2020-05-27 00:00:00,1755.699951171875,1685.5999755859375,699.3
"Bollinger_Reversion(20,2sd)",SHORT,2020-06-24 00:00:00,2020-08-17 00:00:00,1784.4000244140625,1956.4000244140625,-1721.7
"Bollinger_Reversion(20,2sd)",LONG,2020-09-23 00:00:00,2020-10-12 00:00:00,1905.0999755859373,1935.0,297.3
"Bollinger_Reversion(20,2sd)",LONG,2020-10-30 00:00:00,2020-11-04 00:00:00,1867.9000244140625,1910.300048828125,422.3
"Bollinger_Reversion(20,2sd)",SHORT,2020-11-09 00:00:00,2020-11-10 00:00:00,1956.0,1864.0999755859373,917.3
"Bollinger_Reversion(20,2sd)",LONG,2020-11-25 00:00:00,2020-12-08 00:00:00,1805.199951171875,1866.0999755859373,607.3
"Bollinger_Reversion(20,2sd)",SHORT,2021-01-05 00:00:00,2021-01-11 00:00:00,1946.0,1849.4000244140625,964.3
"Bollinger_Reversion(20,2sd)",LONG,2021-02-05 00:00:00,2021-02-11 00:00:00,1794.300048828125,1844.300048828125,498.3
"Bollinger_Reversion(20,2sd)",LONG,2021-02-18 00:00:00,2021-03-22 00:00:00,1776.0,1745.5999755859375,-305.7
"Bollinger_Reversion(20,2sd)",LONG,2021-03-31 00:00:00,2021-04-05 00:00:00,1683.699951171875,1730.0,461.3
"Bollinger_Reversion(20,2sd)",SHORT,2021-04-09 00:00:00,2021-06-14 00:00:00,1756.5,1879.5999755859373,-1232.7
"Bollinger_Reversion(20,2sd)",LONG,2021-06-16 00:00:00,2021-07-16 00:00:00,1861.0,1830.699951171875,-304.7
"Bollinger_Reversion(20,2sd)",SHORT,2021-07-16 00:00:00,2021-07-27 00:00:00,1830.699951171875,1797.0999755859375,334.3
"Bollinger_Reversion(20,2sd)",LONG,2021-08-09 00:00:00,2021-08-18 00:00:00,1765.0,1787.800048828125,226.3
"Bollinger_Reversion(20,2sd)",LONG,2021-09-17 00:00:00,2021-10-13 00:00:00,1754.5999755859375,1760.4000244140625,56.3
"Bollinger_Reversion(20,2sd)",SHORT,2021-10-14 00:00:00,2021-11-04 00:00:00,1793.5999755859375,1769.9000244140625,235.3
"Bollinger_Reversion(20,2sd)",SHORT,2021-11-09 00:00:00,2021-11-23 00:00:00,1826.9000244140625,1807.0999755859373,196.3
"Bollinger_Reversion(20,2sd)",SHORT,2021-12-27 00:00:00,2022-01-07 00:00:00,1810.199951171875,1791.0,190.3
"Bollinger_Reversion(20,2sd)",SHORT,2022-01-20 00:00:00,2022-01-28 00:00:00,1840.0999755859373,1797.5,424.3
"Bollinger_Reversion(20,2sd)",SHORT,2022-02-15 00:00:00,2022-03-16 00:00:00,1873.800048828125,1920.0999755859373,-464.7
"Bollinger_Reversion(20,2sd)",SHORT,2022-04-13 00:00:00,2022-04-22 00:00:00,1970.5,1953.0999755859373,172.3
"Bollinger_Reversion(20,2sd)",LONG,2022-04-26 00:00:00,2022-05-25 00:00:00,1899.800048828125,1865.4000244140625,-345.7
"Bollinger_Reversion(20,2sd)",LONG,2022-07-06 00:00:00,2022-07-29 00:00:00,1764.199951171875,1754.0,-103.7
"Bollinger_Reversion(20,2sd)",SHORT,2022-08-02 00:00:00,2022-09-02 00:00:00,1789.199951171875,1707.800048828125,812.3
"Bollinger_Reversion(20,2sd)",LONG,2022-09-02 00:00:00,2022-10-04 00:00:00,1707.800048828125,1708.4000244140625,4.3
"Bollinger_Reversion(20,2sd)",SHORT,2022-11-09 00:00:00,2023-02-06 00:00:00,1715.199951171875,1878.0,-1629.7
"Bollinger_Reversion(20,2sd)",SHORT,2023-03-14 00:00:00,2023-04-24 00:00:00,1919.4000244140625,1992.0,-727.7
"Bollinger_Reversion(20,2sd)",SHORT,2023-05-05 00:00:00,2023-05-17 00:00:00,2058.0,1993.0,648.3
"Bollinger_Reversion(20,2sd)",LONG,2023-05-19 00:00:00,2023-06-02 00:00:00,1960.5,1994.5999755859373,339.3
"Bollinger_Reversion(20,2sd)",LONG,2023-06-23 00:00:00,2023-07-13 00:00:00,1923.5,1962.699951171875,390.3
"Bollinger_Reversion(20,2sd)",SHORT,2023-07-19 00:00:00,2023-07-28 00:00:00,1982.5,1945.5,368.3
"Bollinger_Reversion(20,2sd)",LONG,2023-08-16 00:00:00,2023-09-07 00:00:00,1933.0999755859373,1942.199951171875,89.3
"Bollinger_Reversion(20,2sd)",LONG,2023-09-27 00:00:00,2023-10-16 00:00:00,1918.800048828125,1941.300048828125,223.3
"Bollinger_Reversion(20,2sd)",SHORT,2023-11-29 00:00:00,2023-12-12 00:00:00,2041.699951171875,1997.800048828125,437.3
"Bollinger_Reversion(20,2sd)",SHORT,2024-02-02 00:00:00,2024-02-13 00:00:00,2072.0,2033.699951171875,381.3
"Bollinger_Reversion(20,2sd)",SHORT,2024-03-04 00:00:00,2024-04-30 00:00:00,2091.60009765625,2347.0,-2555.7
"Bollinger_Reversion(20,2sd)",SHORT,2024-05-20 00:00:00,2024-05-24 00:00:00,2422.199951171875,2330.39990234375,916.3
"Bollinger_Reversion(20,2sd)",SHORT,2024-07-08 00:00:00,2024-07-26 00:00:00,2396.199951171875,2363.800048828125,322.3
"Bollinger_Reversion(20,2sd)",SHORT,2024-09-13 00:00:00,2024-10-09 00:00:00,2587.5,2640.699951171875,-533.7
"Bollinger_Reversion(20,2sd)",SHORT,2024-10-21 00:00:00,2024-11-07 00:00:00,2736.300048828125,2667.699951171875,684.3
"Bollinger_Reversion(20,2sd)",LONG,2024-11-12 00:00:00,2024-11-25 00:00:00,2625.699951171875,2716.89990234375,910.3
"Bollinger_Reversion(20,2sd)",SHORT,2024-12-12 00:00:00,2024-12-18 00:00:00,2753.60009765625,2663.300048828125,901.3
"Bollinger_Reversion(20,2sd)",SHORT,2025-01-13 00:00:00,2025-02-28 00:00:00,2716.800048828125,2889.0,-1723.7
"Bollinger_Reversion(20,2sd)",SHORT,2025-03-14 00:00:00,2025-04-07 00:00:00,3001.39990234375,3055.10009765625,-538.7
"Bollinger_Reversion(20,2sd)",SHORT,2025-04-14 00:00:00,2025-05-02 00:00:00,3246.0,3247.60009765625,-17.7
"Bollinger_Reversion(20,2sd)",SHORT,2025-07-22 00:00:00,2025-07-28 00:00:00,3410.699951171875,3321.10009765625,894.3
"Bollinger_Reversion(20,2sd)",SHORT,2025-09-02 00:00:00,2025-09-30 00:00:00,3517.89990234375,3873.199951171875,-3554.7
"ZScore_Reversion(20,z=2.0)",LONG,2016-10-05 00:00:00,2016-10-24 00:00:00,1272.0999755859375,1269.199951171875,-30.7
"ZScore_Reversion(20,z=2.0)",SHORT,2016-11-02 00:00:00,2016-11-08 00:00:00,1288.300048828125,1284.0999755859375,40.3
"ZScore_Reversion(20,z=2.0)",LONG,2016-11-15 00:00:00,2016-12-30 00:00:00,1224.300048828125,1162.0,-624.7
"ZScore_Reversion(20,z=2.0)",SHORT,2017-02-07 00:00:00,2017-03-03 00:00:00,1234.199951171875,1231.699951171875,23.3
"ZScore_Reversion(20,z=2.0)",LONG,2017-03-09 00:00:00,2017-03-17 00:00:00,1204.5,1227.0999755859375,224.3
"ZScore_Reversion(20,z=2.0)",SHORT,2017-04-13 00:00:00,2017-04-26 00:00:00,1285.300048828125,1266.0,191.3
"ZScore_Reversion(20,z=2.0)",LONG,2017-05-05 00:00:00,2017-05-18 00:00:00,1227.0,1254.800048828125,276.3
"ZScore_Reversion(20,z=2.0)",LONG,2017-07-05 00:00:00,2017-07-17 00:00:00,1222.5,1229.9000244140625,72.3
"ZScore_Reversion(20,z=2.0)",SHORT,2017-08-29 00:00:00,2017-09-18 00:00:00,1318.800048828125,1309.800048828125,88.3
"ZScore_Reversion(20,z=2.0)",SHORT,2017-11-20 00:00:00,2017-11-21 00:00:00,1274.5999755859375,1281.0999755859375,-66.7
"ZScore_Reversion(20,z=2.0)",LONG,2017-12-06 00:00:00,2017-12-19 00:00:00,1264.9000244140625,1261.0999755859375,-39.7
"ZScore_Reversion(20,z=2.0)",SHORT,2018-01-02 00:00:00,2018-01-31 00:00:00,1302.300048828125,1337.5,-353.7
"ZScore_Reversion(20,z=2.0)",SHORT,2018-03-26 00:00:00,2018-03-29 00:00:00,1348.5,1324.0,243.3
"ZScore_Reversion(20,z=2.0)",LONG,2018-05-02 00:00:00,2018-05-11 00:00:00,1309.0,1319.0,98.3
"ZScore_Reversion(20,z=2.0)",LONG,2018-05-16 00:00:00,2018-05-25 00:00:00,1290.9000244140625,1303.300048828125,122.3
"ZScore_Reversion(20,z=2.0)",LONG,2018-06-18 00:00:00,2018-08-23 00:00:00,1280.699951171875,1189.300048828125,-915.7
"ZScore_Reversion(20,z=2.0)",LONG,2018-09-28 00:00:00,2018-10-04 00:00:00,1181.699951171875,1199.300048828125,174.3
"ZScore_Reversion(20,z=2.0)",SHORT,2018-10-12 00:00:00,2018-10-31 00:00:00,1221.5999755859375,1216.0,54.3
"ZScore_Reversion(20,z=2.0)",LONG,2018-11-12 00:00:00,2018-11-19 00:00:00,1201.5999755859375,1223.0999755859375,213.3
"ZScore_Reversion(20,z=2.0)",SHORT,2018-12-06 00:00:00,2019-01-22 00:00:00,1237.5,1282.5,-451.7
"ZScore_Reversion(20,z=2.0)",SHORT,2019-01-28 00:00:00,2019-02-12 00:00:00,1300.800048828125,1310.0,-93.7
"ZScore_Reversion(20,z=2.0)",SHORT,2019-02-20 00:00:00,2019-02-28 00:00:00,1342.199951171875,1321.0999755859375,209.3
"ZScore_Reversion(20,z=2.0)",LONG,2019-03-05 00:00:00,2019-03-14 00:00:00,1287.0,1293.4000244140625,62.3
"ZScore_Reversion(20,z=2.0)",LONG,2019-04-17 00:00:00,2019-04-29 00:00:00,1273.5,1284.800048828125,111.3
"ZScore_Reversion(20,z=2.0)",SHORT,2019-05-14 00:00:00,2019-05-17 00:00:00,1297.800048828125,1280.0,176.3
"ZScore_Reversion(20,z=2.0)",SHORT,2019-06-03 00:00:00,2019-07-17 00:00:00,1307.0,1404.5999755859375,-977.7
"ZScore_Reversion(20,z=2.0)",SHORT,2019-08-05 00:00:00,2019-09-06 00:00:00,1440.4000244140625,1517.300048828125,-770.7
"ZScore_Reversion(20,z=2.0)",LONG,2019-10-01 00:00:00,2019-10-03 00:00:00,1468.699951171875,1497.4000244140625,285.3
"ZScore_Reversion(20,z=2.0)",SHORT,2019-11-01 00:00:00,2019-11-07 00:00:00,1511.0,1489.0999755859375,217.3
"ZScore_Reversion(20,z=2.0)",LONG,2019-11-08 00:00:00,2019-11-20 00:00:00,1469.0999755859375,1472.5999755859375,33.3
"ZScore_Reversion(20,z=2.0)",SHORT,2019-12-26 00:00:00,2020-02-06 00:00:00,1505.199951171875,1553.5999755859375,-485.7
"ZScore_Reversion(20,z=2.0)",SHORT,2020-02-19 00:00:00,2020-03-03 00:00:00,1600.5999755859375,1594.5,59.3
"ZScore_Reversion(20,z=2.0)",LONG,2020-03-16 00:00:00,2020-03-24 00:00:00,1569.0999755859375,1592.699951171875,234.3
"ZScore_Reversion(20,z=2.0)",SHORT,2020-05-18 00:00:00,2020-05-22 00:00:00,1755.699951171875,1726.5999755859375,289.3
"ZScore_Reversion(20,z=2.0)",SHORT,2020-06-24 00:00:00,2020-07-17 00:00:00,1784.4000244140625,1796.9000244140625,-126.7
"ZScore_Reversion(20,z=2.0)",SHORT,2020-07-22 00:00:00,2020-08-12 00:00:00,1842.800048828125,1921.5999755859373,-789.7
"ZScore_Reversion(20,z=2.0)",LONG,2020-09-22 00:00:00,2020-10-02 00:00:00,1918.0999755859373,1911.0,-72.7
"ZScore_Reversion(20,z=2.0)",LONG,2020-10-29 00:00:00,2020-11-04 00:00:00,1877.5,1910.300048828125,326.3
"ZScore_Reversion(20,z=2.0)",SHORT,2020-11-06 00:00:00,2020-11-10 00:00:00,1950.0,1864.0999755859373,857.3
"ZScore_Reversion(20,z=2.0)",LONG,2020-11-10 00:00:00,2020-11-16 00:00:00,1864.0999755859373,1886.5999755859373,223.3
"ZScore_Reversion(20,z=2.0)",LONG,2020-11-25 00:00:00,2020-12-04 00:00:00,1805.199951171875,1844.699951171875,393.3
"ZScore_Reversion(20,z=2.0)",SHORT,2021-01-05 00:00:00,2021-01-21 00:00:00,1946.0,1871.0,748.3
"ZScore_Reversion(20,z=2.0)",LONG,2021-02-05 00:00:00,2021-02-10 00:00:00,1794.300048828125,1838.300048828125,438.3
"ZScore_Reversion(20,z=2.0)",LONG,2021-02-18 00:00:00,2021-03-16 00:00:00,1776.0,1730.699951171875,-454.7
"ZScore_Reversion(20,z=2.0)",LONG,2021-03-31 00:00:00,2021-04-01 00:00:00,1683.699951171875,1709.0,251.3
"ZScore_Reversion(20,z=2.0)",SHORT,2021-04-09 00:00:00,2021-04-13 00:00:00,1756.5,1732.199951171875,241.3
"ZScore_Reversion(20,z=2.0)",SHORT,2021-04-19 00:00:00,2021-04-30 00:00:00,1778.800048828125,1772.4000244140625,62.3
"ZScore_Reversion(20,z=2.0)",SHORT,2021-05-07 00:00:00,2021-06-04 00:00:00,1815.4000244140625,1872.699951171875,-574.7
"ZScore_Reversion(20,z=2.0)",LONG,2021-06-16 00:00:00,2021-07-07 00:00:00,1861.0,1797.0,-641.7
"ZScore_Reversion(20,z=2.0)",SHORT,2021-07-16 00:00:00,2021-07-22 00:00:00,1830.699951171875,1803.9000244140625,266.3
"ZScore_Reversion(20,z=2.0)",LONG,2021-08-09 00:00:00,2021-08-16 00:00:00,1765.0,1780.699951171875,155.3
"ZScore_Reversion(20,z=2.0)",LONG,2021-09-17 00:00:00,2021-10-05 00:00:00,1754.5999755859375,1770.800048828125,160.3
"ZScore_Reversion(20,z=2.0)",SHORT,2021-10-14 00:00:00,2021-10-18 00:00:00,1793.5999755859375,1767.5,259.3
"ZScore_Reversion(20,z=2.0)",SHORT,2021-11-09 00:00:00,2021-12-14 00:00:00,1826.9000244140625,1787.5999755859375,391.3
"ZScore_Reversion(20,z=2.0)",SHORT,2021-12-27 00:00:00,2022-01-04 00:00:00,1810.199951171875,1801.0999755859375,89.3
"ZScore_Reversion(20,z=2.0)",SHORT,2022-01-20 00:00:00,2022-02-03 00:00:00,1840.0999755859373,1807.4000244140625,325.3
"ZScore_Reversion(20,z=2.0)",SHORT,2022-02-15 00:00:00,2022-03-16 00:00:00,1873.800048828125,1920.0999755859373,-464.7
"ZScore_Reversion(20,z=2.0)",SHORT,2022-04-13 00:00:00,2022-04-21 00:00:00,1970.5,1960.0,103.3
"ZScore_Reversion(20,z=2.0)",LONG,2022-04-26 00:00:00,2022-05-24 00:00:00,1899.800048828125,1852.300048828125,-476.7
"ZScore_Reversion(20,z=2.0)",LONG,2022-07-06 00:00:00,2022-07-28 00:00:00,1764.199951171875,1732.300048828125,-320.7
"ZScore_Reversion(20,z=2.0)",SHORT,2022-08-02 00:00:00,2022-08-17 00:00:00,1789.199951171875,1790.800048828125,-17.7
"ZScore_Reversion(20,z=2.0)",LONG,2022-09-02 00:00:00,2022-09-13 00:00:00,1707.800048828125,1736.0,280.3
"ZScore_Reversion(20,z=2.0)",LONG,2022-09-16 00:00:00,2022-10-04 00:00:00,1673.699951171875,1708.4000244140625,345.3
"ZScore_Reversion(20,z=2.0)",SHORT,2022-11-09 00:00:00,2022-11-29 00:00:00,1715.199951171875,1739.5,-244.7
"ZScore_Reversion(20,z=2.0)",SHORT,2023-01-04 00:00:00,2023-03-06 00:00:00,1845.199951171875,1861.0,-159.7
"ZScore_Reversion(20,z=2.0)",SHORT,2023-03-14 00:00:00,2023-04-18 00:00:00,1919.4000244140625,2007.9000244140625,-886.7
"ZScore_Reversion(20,z=2.0)",SHORT,2023-05-05 00:00:00,2023-05-12 00:00:00,2058.0,2020.5,373.3
"ZScore_Reversion(20,z=2.0)",LONG,2023-05-19 00:00:00,2023-06-02 00:00:00,1960.5,1994.5999755859373,339.3
"ZScore_Reversion(20,z=2.0)",LONG,2023-06-23 00:00:00,2023-07-11 00:00:00,1923.5,1930.800048828125,71.3
"ZScore_Reversion(20,z=2.0)",SHORT,2023-07-19 00:00:00,2023-07-28 00:00:00,1982.5,1945.5,368.3
"ZScore_Reversion(20,z=2.0)",LONG,2023-08-16 00:00:00,2023-08-24 00:00:00,1933.0999755859373,1944.9000244140625,116.3
"ZScore_Reversion(20,z=2.0)",LONG,2023-09-27 00:00:00,2023-10-12 00:00:00,1918.800048828125,1888.0999755859373,-308.7
"ZScore_Reversion(20,z=2.0)",SHORT,2023-11-29 00:00:00,2023-12-11 00:00:00,2041.699951171875,2020.0,215.3
"ZScore_Reversion(20,z=2.0)",SHORT,2024-02-02 00:00:00,2024-02-12 00:00:00,2072.0,2038.199951171875,336.3
"ZScore_Reversion(20,z=2.0)",SHORT,2024-03-04 00:00:00,2024-03-25 00:00:00,2091.60009765625,2166.60009765625,-751.7
"ZScore_Reversion(20,z=2.0)",SHORT,2024-04-01 00:00:00,2024-04-23 00:00:00,2259.199951171875,2342.300048828125,-832.7
"ZScore_Reversion(20,z=2.0)",SHORT,2024-05-20 00:00:00,2024-05-24 00:00:00,2422.199951171875,2330.39990234375,916.3
"ZScore_Reversion(20,z=2.0)",SHORT,2024-07-08 00:00:00,2024-07-22 00:00:00,2396.199951171875,2403.699951171875,-76.7
"ZScore_Reversion(20,z=2.0)",SHORT,2024-09-13 00:00:00,2024-10-09 00:00:00,2587.5,2640.699951171875,-533.7
"ZScore_Reversion(20,z=2.0)",SHORT,2024-10-21 00:00:00,2024-11-12 00:00:00,2736.300048828125,2625.699951171875,1104.3
"ZScore_Reversion(20,z=2.0)",LONG,2024-11-12 00:00:00,2024-11-21 00:00:00,2625.699951171875,2653.5,276.3
"ZScore_Reversion(20,z=2.0)",SHORT,2024-12-12 00:00:00,2024-12-16 00:00:00,2753.60009765625,2668.0,854.3
"ZScore_Reversion(20,z=2.0)",SHORT,2025-01-13 00:00:00,2025-02-26 00:00:00,2716.800048828125,2929.0,-2123.7
"ZScore_Reversion(20,z=2.0)",SHORT,2025-03-14 00:00:00,2025-04-07 00:00:00,3001.39990234375,3055.10009765625,-538.7
"ZScore_Reversion(20,z=2.0)",SHORT,2025-04-14 00:00:00,2025-05-02 00:00:00,3246.0,3247.60009765625,-17.7
"ZScore_Reversion(20,z=2.0)",SHORT,2025-07-22 00:00:00,2025-08-12 00:00:00,3410.699951171875,3393.60009765625,169.3
"ZScore_Reversion(20,z=2.0)",SHORT,2025-09-02 00:00:00,2025-09-22 00:00:00,3517.89990234375,3775.10009765625,-2573.7
"Stochastic_Reversion(14,20/80)",LONG,2016-09-02 00:00:00,2016-09-07 00:00:00,1309.5999755859375,1348.4000244140625,386.3
"Stochastic_Reversion(14,20/80)",LONG,2016-10-06 00:00:00,2016-10-26 00:00:00,1265.300048828125,1274.0,85.3
"Stochastic_Reversion(14,20/80)",SHORT,2016-11-04 00:00:00,2016-11-08 00:00:00,1300.0,1284.0999755859375,157.3
"Stochastic_Reversion(14,20/80)",LONG,2016-11-17 00:00:00,2016-12-30 00:00:00,1224.5999755859375,1162.0,-627.7
"Stochastic_Reversion(14,20/80)",SHORT,2017-01-06 00:00:00,2017-01-27 00:00:00,1176.5,1187.9000244140625,-115.7
"Stochastic_Reversion(14,20/80)",SHORT,2017-02-09 00:00:00,2017-03-03 00:00:00,1239.4000244140625,1231.699951171875,75.3
"Stochastic_Reversion(14,20/80)",LONG,2017-03-13 00:00:00,2017-03-20 00:00:00,1206.199951171875,1229.300048828125,229.3
"Stochastic_Reversion(14,20/80)",SHORT,2017-03-24 00:00:00,2017-04-11 00:00:00,1248.0,1254.5,-66.7
"Stochastic_Reversion(14,20/80)",LONG,2017-05-04 00:00:00,2017-05-18 00:00:00,1239.800048828125,1254.800048828125,148.3
"Stochastic_Reversion(14,20/80)",SHORT,2017-05-24 00:00:00,2017-06-12 00:00:00,1251.9000244140625,1266.4000244140625,-146.7
"Stochastic_Reversion(14,20/80)",LONG,2017-06-22 00:00:00,2017-07-18 00:00:00,1251.0,1236.199951171875,-149.7
"Stochastic_Reversion(14,20/80)",SHORT,2017-07-25 00:00:00,2017-09-18 00:00:00,1252.699951171875,1309.800048828125,-572.7
"Stochastic_Reversion(14,20/80)",LONG,2017-09-29 00:00:00,2017-10-11 00:00:00,1284.199951171875,1287.300048828125,29.3
"Stochastic_Reversion(14,20/80)",LONG,2017-12-08 00:00:00,2017-12-21 00:00:00,1246.300048828125,1266.4000244140625,199.3
"Stochastic_Reversion(14,20/80)",SHORT,2018-01-03 00:00:00,2018-01-31 00:00:00,1320.0,1337.5,-176.7
"Stochastic_Reversion(14,20/80)",LONG,2018-02-09 00:00:00,2018-02-15 00:00:00,1320.9000244140625,1352.0,309.3
"Stochastic_Reversion(14,20/80)",SHORT,2018-02-20 00:00:00,2018-02-21 00:00:00,1348.4000244140625,1326.800048828125,214.3
"Stochastic_Reversion(14,20/80)",LONG,2018-04-30 00:00:00,2018-05-11 00:00:00,1309.5999755859375,1319.0,92.3
"Stochastic_Reversion(14,20/80)",LONG,2018-05-18 00:00:00,2018-05-25 00:00:00,1285.199951171875,1303.300048828125,179.3
"Stochastic_Reversion(14,20/80)",LONG,2018-06-20 00:00:00,2018-08-22 00:00:00,1274.4000244140625,1194.699951171875,-798.7
"Stochastic_Reversion(14,20/80)",SHORT,2018-08-29 00:00:00,2018-09-10 00:00:00,1205.199951171875,1193.0,120.3
"Stochastic_Reversion(14,20/80)",SHORT,2018-10-16 00:00:00,2018-11-01 00:00:00,1227.0999755859375,1215.4000244140625,115.3
"Stochastic_Reversion(14,20/80)",LONG,2018-11-14 00:00:00,2018-11-19 00:00:00,1207.9000244140625,1223.0999755859375,150.3
"Stochastic_Reversion(14,20/80)",SHORT,2018-12-07 00:00:00,2019-01-22 00:00:00,1238.300048828125,1282.5,-443.7
"Stochastic_Reversion(14,20/80)",LONG,2019-03-07 00:00:00,2019-03-14 00:00:00,1281.0,1293.4000244140625,122.3
"Stochastic_Reversion(14,20/80)",LONG,2019-04-03 00:00:00,2019-04-10 00:00:00,1291.4000244140625,1304.0,124.3
"Stochastic_Reversion(14,20/80)",LONG,2019-04-22 00:00:00,2019-05-06 00:00:00,1273.5,1282.199951171875,85.3
"Stochastic_Reversion(14,20/80)",SHORT,2019-05-15 00:00:00,2019-05-20 00:00:00,1296.9000244140625,1276.0999755859375,206.3
"Stochastic_Reversion(14,20/80)",SHORT,2019-06-05 00:00:00,2019-07-12 00:00:00,1328.9000244140625,1405.5999755859375,-768.7
"Stochastic_Reversion(14,20/80)",SHORT,2019-08-09 00:00:00,2019-09-06 00:00:00,1506.199951171875,1517.300048828125,-112.7
"Stochastic_Reversion(14,20/80)",LONG,2019-09-12 00:00:00,2019-09-24 00:00:00,1499.5,1515.0999755859375,154.3
"Stochastic_Reversion(14,20/80)",SHORT,2019-11-05 00:00:00,2019-11-06 00:00:00,1507.0999755859375,1483.199951171875,237.3
"Stochastic_Reversion(14,20/80)",LONG,2019-11-12 00:00:00,2019-12-02 00:00:00,1454.9000244140625,1462.800048828125,77.3
"Stochastic_Reversion(14,20/80)",SHORT,2019-12-27 00:00:00,2020-01-15 00:00:00,1513.800048828125,1548.0,-343.7
"Stochastic_Reversion(14,20/80)",SHORT,2020-02-25 00:00:00,2020-03-02 00:00:00,1645.0999755859375,1583.9000244140625,610.3
"Stochastic_Reversion(14,20/80)",SHORT,2020-03-10 00:00:00,2020-03-13 00:00:00,1671.5999755859375,1574.9000244140625,965.3
"Stochastic_Reversion(14,20/80)",LONG,2020-03-17 00:00:00,2020-03-25 00:00:00,1469.300048828125,1676.5,2070.3
"Stochastic_Reversion(14,20/80)",SHORT,2020-04-15 00:00:00,2020-04-28 00:00:00,1739.4000244140625,1716.5999755859375,226.3
"Stochastic_Reversion(14,20/80)",SHORT,2020-06-25 00:00:00,2020-08-12 00:00:00,1772.300048828125,1921.5999755859373,-1494.7
"Stochastic_Reversion(14,20/80)",LONG,2020-09-25 00:00:00,2020-10-06 00:00:00,1872.699951171875,1917.800048828125,449.3
"Stochastic_Reversion(14,20/80)",LONG,2020-11-30 00:00:00,2020-12-03 00:00:00,1785.0,1833.9000244140625,487.3
"Stochastic_Reversion(14,20/80)",LONG,2021-01-13 00:00:00,2021-02-01 00:00:00,1855.0,1865.0,98.3
"Stochastic_Reversion(14,20/80)",LONG,2021-02-22 00:00:00,2021-03-18 00:00:00,1782.0,1744.0,-381.7
"Stochastic_Reversion(14,20/80)",SHORT,2021-04-12 00:00:00,2021-06-14 00:00:00,1744.5,1879.5999755859373,-1352.7
"Stochastic_Reversion(14,20/80)",LONG,2021-06-22 00:00:00,2021-07-08 00:00:00,1783.199951171875,1803.800048828125,204.3
"Stochastic_Reversion(14,20/80)",SHORT,2021-08-26 00:00:00,2021-09-08 00:00:00,1793.0,1796.0999755859375,-32.7
"Stochastic_Reversion(14,20/80)",LONG,2021-09-28 00:00:00,2021-10-05 00:00:00,1750.0,1770.800048828125,206.3
"Stochastic_Reversion(14,20/80)",SHORT,2021-11-10 00:00:00,2021-11-23 00:00:00,1834.5,1807.0999755859373,272.3
"Stochastic_Reversion(14,20/80)",LONG,2021-12-02 00:00:00,2021-12-17 00:00:00,1783.800048828125,1801.5,175.3
"Stochastic_Reversion(14,20/80)",SHORT,2021-12-29 00:00:00,2022-01-07 00:00:00,1806.5999755859373,1791.0,154.3
"Stochastic_Reversion(14,20/80)",SHORT,2022-02-23 00:00:00,2022-02-28 00:00:00,1901.199951171875,1921.0,-199.7
"Stochastic_Reversion(14,20/80)",SHORT,2022-03-09 00:00:00,2022-03-15 00:00:00,2060.199951171875,1953.699951171875,1063.3
"Stochastic_Reversion(14,20/80)",SHORT,2022-04-18 00:00:00,2022-04-21 00:00:00,1978.5,1960.0,183.3
"Stochastic_Reversion(14,20/80)",LONG,2022-04-29 00:00:00,2022-05-25 00:00:00,1895.800048828125,1865.4000244140625,-305.7
"Stochastic_Reversion(14,20/80)",LONG,2022-06-16 00:00:00,2022-06-17 00:00:00,1835.800048828125,1859.300048828125,233.3
"Stochastic_Reversion(14,20/80)",LONG,2022-07-05 00:00:00,2022-07-27 00:00:00,1814.4000244140625,1715.199951171875,-993.7
"Stochastic_Reversion(14,20/80)",SHORT,2022-08-03 00:00:00,2022-08-18 00:00:00,1777.300048828125,1777.0999755859375,0.3
"Stochastic_Reversion(14,20/80)",LONG,2022-08-23 00:00:00,2022-09-13 00:00:00,1750.0,1736.0,-141.7
"Stochastic_Reversion(14,20/80)",LONG,2022-09-22 00:00:00,2022-10-04 00:00:00,1682.800048828125,1708.4000244140625,254.3
"Stochastic_Reversion(14,20/80)",SHORT,2022-10-06 00:00:00,2022-10-11 00:00:00,1725.5,1675.5999755859375,497.3
"Stochastic_Reversion(14,20/80)",LONG,2022-10-21 00:00:00,2022-10-28 00:00:00,1632.4000244140625,1667.199951171875,346.3
"Stochastic_Reversion(14,20/80)",SHORT,2022-11-10 00:00:00,2022-11-30 00:00:00,1709.699951171875,1748.0999755859375,-385.7
"Stochastic_Reversion(14,20/80)",SHORT,2023-01-11 00:00:00,2023-02-03 00:00:00,1881.300048828125,1926.300048828125,-451.7
"Stochastic_Reversion(14,20/80)",LONG,2023-02-08 00:00:00,2023-03-06 00:00:00,1885.0999755859373,1861.0,-242.7
"Stochastic_Reversion(14,20/80)",SHORT,2023-03-15 00:00:00,2023-04-20 00:00:00,1908.199951171875,2007.699951171875,-996.7
"Stochastic_Reversion(14,20/80)",LONG,2023-05-30 00:00:00,2023-06-02 00:00:00,1942.699951171875,1994.5999755859373,517.3
"Stochastic_Reversion(14,20/80)",LONG,2023-06-26 00:00:00,2023-07-12 00:00:00,1936.300048828125,1938.0,15.3
"Stochastic_Reversion(14,20/80)",SHORT,2023-07-18 00:00:00,2023-07-28 00:00:00,1958.300048828125,1945.5,126.3
"Stochastic_Reversion(14,20/80)",LONG,2023-08-15 00:00:00,2023-08-29 00:00:00,1939.4000244140625,1948.0999755859373,85.3
"Stochastic_Reversion(14,20/80)",SHORT,2023-09-01 00:00:00,2023-09-07 00:00:00,1966.4000244140625,1942.199951171875,240.3
"Stochastic_Reversion(14,20/80)",LONG,2023-09-15 00:00:00,2023-09-19 00:00:00,1932.5,1955.300048828125,226.3
"Stochastic_Reversion(14,20/80)",LONG,2023-09-29 00:00:00,2023-10-12 00:00:00,1882.300048828125,1888.0999755859373,56.3
"Stochastic_Reversion(14,20/80)",SHORT,2023-10-18 00:00:00,2023-11-08 00:00:00,1936.699951171875,1975.300048828125,-387.7
"Stochastic_Reversion(14,20/80)",LONG,2023-11-14 00:00:00,2023-11-17 00:00:00,1950.300048828125,1984.199951171875,337.3
"Stochastic_Reversion(14,20/80)",SHORT,2023-12-01 00:00:00,2023-12-05 00:00:00,2056.5,2049.0,73.3
"Stochastic_Reversion(14,20/80)",LONG,2023-12-14 00:00:00,2023-12-26 00:00:00,2043.199951171875,2066.0,226.3
"Stochastic_Reversion(14,20/80)",SHORT,2023-12-29 00:00:00,2024-01-04 00:00:00,2076.10009765625,2049.300048828125,266.3
"Stochastic_Reversion(14,20/80)",LONG,2024-01-19 00:00:00,2024-02-01 00:00:00,2027.4000244140625,2057.89990234375,303.3
"Stochastic_Reversion(14,20/80)",SHORT,2024-03-06 00:00:00,2024-03-25 00:00:00,2136.39990234375,2166.60009765625,-303.7
"Stochastic_Reversion(14,20/80)",SHORT,2024-04-05 00:00:00,2024-04-23 00:00:00,2309.5,2342.300048828125,-329.7
"Stochastic_Reversion(14,20/80)",LONG,2024-05-03 00:00:00,2024-05-13 00:00:00,2313.5,2369.10009765625,554.3
"Stochastic_Reversion(14,20/80)",SHORT,2024-05-17 00:00:00,2024-05-24 00:00:00,2381.39990234375,2330.39990234375,508.3
"Stochastic_Reversion(14,20/80)",LONG,2024-06-12 00:00:00,2024-06-21 00:00:00,2334.0,2373.800048828125,396.3
"Stochastic_Reversion(14,20/80)",SHORT,2024-07-16 00:00:00,2024-07-22 00:00:00,2427.10009765625,2403.699951171875,232.3
"Stochastic_Reversion(14,20/80)",LONG,2024-07-30 00:00:00,2024-08-01 00:00:00,2380.89990234375,2493.39990234375,1123.3
"Stochastic_Reversion(14,20/80)",SHORT,2024-08-21 00:00:00,2024-09-09 00:00:00,2552.199951171875,2526.5,255.3
"Stochastic_Reversion(14,20/80)",SHORT,2024-09-17 00:00:00,2024-10-09 00:00:00,2609.800048828125,2640.699951171875,-310.7
"Stochastic_Reversion(14,20/80)",SHORT,2024-10-22 00:00:00,2024-11-07 00:00:00,2734.699951171875,2667.699951171875,668.3
"Stochastic_Reversion(14,20/80)",LONG,2024-11-14 00:00:00,2024-11-22 00:00:00,2578.10009765625,2672.0,937.3
"Stochastic_Reversion(14,20/80)",SHORT,2025-01-13 00:00:00,2025-02-28 00:00:00,2716.800048828125,2889.0,-1723.7
"Stochastic_Reversion(14,20/80)",SHORT,2025-03-20 00:00:00,2025-04-07 00:00:00,3058.0,3055.10009765625,27.3
"Stochastic_Reversion(14,20/80)",SHORT,2025-04-15 00:00:00,2025-05-02 00:00:00,3226.10009765625,3247.60009765625,-216.7
"Stochastic_Reversion(14,20/80)",SHORT,2025-06-06 00:00:00,2025-06-23 00:00:00,3377.39990234375,3400.699951171875,-234.7
"Stochastic_Reversion(14,20/80)",LONG,2025-07-31 00:00:00,2025-08-04 00:00:00,3272.89990234375,3416.60009765625,1435.3
"Stochastic_Reversion(14,20/80)",SHORT,2025-08-08 00:00:00,2025-08-13 00:00:00,3487.89990234375,3399.60009765625,881.3
"Stochastic_Reversion(14,20/80)",SHORT,2025-09-03 00:00:00,2025-10-13 00:00:00,3600.0,4133.0,-5331.7
"CCI_Reversion(20,100)",LONG,2016-09-19 00:00:00,2016-09-20 00:00:00,1313.5,1313.699951171875,0.3
"CCI_Reversion(20,100)",SHORT,2016-09-23 00:00:00,2016-09-26 00:00:00,1337.199951171875,1335.199951171875,18.3
"CCI_Reversion(20,100)",LONG,2016-10-05 00:00:00,2016-10-17 00:00:00,1272.0999755859375,1249.9000244140625,-223.7
"CCI_Reversion(20,100)",SHORT,2016-11-02 00:00:00,2016-11-08 00:00:00,1288.300048828125,1284.0999755859375,40.3
"CCI_Reversion(20,100)",LONG,2016-11-15 00:00:00,2016-11-29 00:00:00,1224.300048828125,1193.199951171875,-312.7
"CCI_Reversion(20,100)",LONG,2016-12-02 00:00:00,2016-12-05 00:00:00,1172.300048828125,1181.800048828125,93.3
"CCI_Reversion(20,100)",LONG,2016-12-12 00:00:00,2016-12-14 00:00:00,1158.300048828125,1159.800048828125,13.3
"CCI_Reversion(20,100)",LONG,2016-12-15 00:00:00,2016-12-27 00:00:00,1139.800048828125,1134.300048828125,-56.7
"CCI_Reversion(20,100)",SHORT,2017-01-06 00:00:00,2017-01-20 00:00:00,1176.5,1202.800048828125,-264.7
"CCI_Reversion(20,100)",SHORT,2017-01-24 00:00:00,2017-01-25 00:00:00,1219.0,1202.0,168.3
"CCI_Reversion(20,100)",SHORT,2017-02-03 00:00:00,2017-02-14 00:00:00,1214.9000244140625,1225.9000244140625,-111.7
"CCI_Reversion(20,100)",SHORT,2017-02-17 00:00:00,2017-02-21 00:00:00,1240.699951171875,1237.300048828125,32.3
"CCI_Reversion(20,100)",SHORT,2017-02-24 00:00:00,2017-03-02 00:00:00,1250.0,1247.199951171875,26.3
"CCI_Reversion(20,100)",LONG,2017-03-08 00:00:00,2017-03-16 00:00:00,1212.199951171875,1222.199951171875,98.3
"CCI_Reversion(20,100)",SHORT,2017-03-28 00:00:00,2017-03-31 00:00:00,1255.9000244140625,1242.0999755859375,136.3
"CCI_Reversion(20,100)",SHORT,2017-04-12 00:00:00,2017-04-21 00:00:00,1275.0,1279.800048828125,-49.7
"CCI_Reversion(20,100)",LONG,2017-05-04 00:00:00,2017-05-15 00:00:00,1239.800048828125,1227.5,-124.7
"CCI_Reversion(20,100)",SHORT,2017-05-30 00:00:00,2017-05-31 00:00:00,1267.4000244140625,1262.4000244140625,48.3
"CCI_Reversion(20,100)",SHORT,2017-06-01 00:00:00,2017-06-02 00:00:00,1268.0,1265.199951171875,26.3
"CCI_Reversion(20,100)",SHORT,2017-06-05 00:00:00,2017-06-09 00:00:00,1279.199951171875,1277.9000244140625,11.3
"CCI_Reversion(20,100)",LONG,2017-06-19 00:00:00,2017-06-23 00:00:00,1252.0999755859375,1250.0,-22.7
"CCI_Reversion(20,100)",LONG,2017-07-05 00:00:00,2017-07-13 00:00:00,1222.5,1221.4000244140625,-12.7
"CCI_Reversion(20,100)",SHORT,2017-07-25 00:00:00,2017-07-26 00:00:00,1252.699951171875,1244.800048828125,77.3
"CCI_Reversion(20,100)",SHORT,2017-07-28 00:00:00,2017-08-04 00:00:00,1258.4000244140625,1269.0,-107.7
"CCI_Reversion(20,100)",SHORT,2017-08-11 00:00:00,2017-08-16 00:00:00,1286.300048828125,1271.300048828125,148.3
"CCI_Reversion(20,100)",SHORT,2017-08-18 00:00:00,2017-08-23 00:00:00,1288.5999755859375,1289.4000244140625,-9.7
"CCI_Reversion(20,100)",SHORT,2017-08-29 00:00:00,2017-09-12 00:00:00,1318.800048828125,1327.0,-83.7
"CCI_Reversion(20,100)",LONG,2017-09-22 00:00:00,2017-09-26 00:00:00,1295.0,1304.5,93.3
"CCI_Reversion(20,100)",LONG,2017-09-28 00:00:00,2017-10-10 00:00:00,1283.0999755859375,1282.5999755859375,-6.7
"CCI_Reversion(20,100)",LONG,2017-10-27 00:00:00,2017-10-30 00:00:00,1268.4000244140625,1270.0,14.3
"CCI_Reversion(20,100)",LONG,2017-11-06 00:00:00,2017-11-07 00:00:00,1269.0,1276.800048828125,76.3
"CCI_Reversion(20,100)",SHORT,2017-11-20 00:00:00,2017-11-21 00:00:00,1274.5999755859375,1281.0999755859375,-66.7
"CCI_Reversion(20,100)",SHORT,2017-11-24 00:00:00,2017-11-30 00:00:00,1286.699951171875,1283.0999755859375,34.3
"CCI_Reversion(20,100)",LONG,2017-12-06 00:00:00,2017-12-15 00:00:00,1264.9000244140625,1253.0999755859375,-119.7
"CCI_Reversion(20,100)",SHORT,2017-12-27 00:00:00,2018-01-10 00:00:00,1284.0,1320.300048828125,-364.7
"CCI_Reversion(20,100)",SHORT,2018-01-16 00:00:00,2018-01-18 00:00:00,1331.0999755859375,1328.9000244140625,20.3
"CCI_Reversion(20,100)",SHORT,2018-01-25 00:00:00,2018-01-31 00:00:00,1356.300048828125,1337.5,186.3
"CCI_Reversion(20,100)",LONG,2018-02-08 00:00:00,2018-02-13 00:00:00,1317.0999755859375,1324.5,72.3
"CCI_Reversion(20,100)",SHORT,2018-02-16 00:00:00,2018-02-21 00:00:00,1354.0,1326.800048828125,270.3
"CCI_Reversion(20,100)",LONG,2018-03-01 00:00:00,2018-03-05 00:00:00,1310.4000244140625,1323.5,129.3
"CCI_Reversion(20,100)",LONG,2018-03-19 00:00:00,2018-03-20 00:00:00,1309.4000244140625,1311.0999755859375,15.3
"CCI_Reversion(20,100)",LONG,2018-03-21 00:00:00,2018-03-22 00:00:00,1312.4000244140625,1326.5999755859375,140.3
"CCI_Reversion(20,100)",SHORT,2018-03-26 00:00:00,2018-03-29 00:00:00,1348.5,1324.0,243.3
"CCI_Reversion(20,100)",SHORT,2018-04-12 00:00:00,2018-04-13 00:00:00,1351.199951171875,1335.9000244140625,151.3
"CCI_Reversion(20,100)",LONG,2018-04-24 00:00:00,2018-04-25 00:00:00,1326.4000244140625,1324.0,-25.7
"CCI_Reversion(20,100)",LONG,2018-04-26 00:00:00,2018-05-07 00:00:00,1315.699951171875,1310.5999755859375,-52.7
"CCI_Reversion(20,100)",LONG,2018-05-16 00:00:00,2018-05-25 00:00:00,1290.9000244140625,1303.300048828125,122.3
"CCI_Reversion(20,100)",SHORT,2018-06-15 00:00:00,2018-06-18 00:00:00,1297.199951171875,1280.699951171875,163.3
"CCI_Reversion(20,100)",LONG,2018-06-18 00:00:00,2018-07-06 00:00:00,1280.699951171875,1255.5,-253.7
"CCI_Reversion(20,100)",LONG,2018-07-16 00:00:00,2018-07-26 00:00:00,1242.699951171875,1227.800048828125,-150.7
"CCI_Reversion(20,100)",LONG,2018-08-03 00:00:00,2018-08-10 00:00:00,1206.5,1212.5,58.3
"CCI_Reversion(20,100)",LONG,2018-08-14 00:00:00,2018-08-21 00:00:00,1193.0999755859375,1189.800048828125,-34.7
"CCI_Reversion(20,100)",LONG,2018-09-28 00:00:00,2018-10-03 00:00:00,1181.699951171875,1202.5999755859375,207.3
"CCI_Reversion(20,100)",LONG,2018-10-09 00:00:00,2018-10-11 00:00:00,1185.5999755859375,1198.0999755859375,123.3
"CCI_Reversion(20,100)",SHORT,2018-10-12 00:00:00,2018-10-23 00:00:00,1221.5999755859375,1224.800048828125,-33.7
"CCI_Reversion(20,100)",SHORT,2018-10-24 00:00:00,2018-10-25 00:00:00,1231.5999755859375,1238.5999755859375,-71.7
"CCI_Reversion(20,100)",LONG,2018-11-12 00:00:00,2018-11-16 00:00:00,1201.5999755859375,1216.699951171875,149.3
"CCI_Reversion(20,100)",SHORT,2018-12-04 00:00:00,2018-12-14 00:00:00,1231.0,1241.699951171875,-108.7
"CCI_Reversion(20,100)",SHORT,2018-12-19 00:00:00,2019-01-09 00:00:00,1255.800048828125,1279.4000244140625,-237.7
"CCI_Reversion(20,100)",SHORT,2019-01-28 00:00:00,2019-02-06 00:00:00,1300.800048828125,1312.5,-118.7
"CCI_Reversion(20,100)",SHORT,2019-02-20 00:00:00,2019-02-26 00:00:00,1342.199951171875,1323.300048828125,187.3
"CCI_Reversion(20,100)",LONG,2019-03-04 00:00:00,2019-03-11 00:00:00,1285.5,1291.0,53.3
"CCI_Reversion(20,100)",SHORT,2019-03-26 00:00:00,2019-03-27 00:00:00,1315.5999755859375,1309.9000244140625,55.3
"CCI_Reversion(20,100)",LONG,2019-04-05 00:00:00,2019-04-08 00:00:00,1292.0,1292.199951171875,0.3
"CCI_Reversion(20,100)",LONG,2019-04-16 00:00:00,2019-04-26 00:00:00,1285.199951171875,1284.9000244140625,-4.7
"CCI_Reversion(20,100)",LONG,2019-05-03 00:00:00,2019-05-06 00:00:00,1270.0999755859375,1282.199951171875,119.3
"CCI_Reversion(20,100)",SHORT,2019-05-14 00:00:00,2019-05-17 00:00:00,1297.800048828125,1280.0,176.3
"CCI_Reversion(20,100)",LONG,2019-05-22 00:00:00,2019-05-23 00:00:00,1273.5999755859375,1284.800048828125,110.3
"CCI_Reversion(20,100)",SHORT,2019-06-03 00:00:00,2019-06-12 00:00:00,1307.0,1326.9000244140625,-200.7
"CCI_Reversion(20,100)",SHORT,2019-06-17 00:00:00,2019-06-18 00:00:00,1339.0,1349.300048828125,-104.7
"CCI_Reversion(20,100)",SHORT,2019-06-21 00:00:00,2019-07-02 00:00:00,1406.0,1391.0999755859375,147.3
"CCI_Reversion(20,100)",SHORT,2019-07-19 00:00:00,2019-07-24 00:00:00,1440.5,1422.800048828125,175.3
"CCI_Reversion(20,100)",SHORT,2019-07-31 00:00:00,2019-08-01 00:00:00,1431.300048828125,1411.300048828125,198.3
"CCI_Reversion(20,100)",SHORT,2019-08-05 00:00:00,2019-08-19 00:00:00,1440.4000244140625,1507.199951171875,-669.7
"CCI_Reversion(20,100)",SHORT,2019-08-27 00:00:00,2019-09-03 00:00:00,1530.5,1522.9000244140625,74.3
"CCI_Reversion(20,100)",SHORT,2019-09-04 00:00:00,2019-09-06 00:00:00,1549.0,1517.300048828125,315.3
"CCI_Reversion(20,100)",LONG,2019-09-11 00:00:00,2019-09-13 00:00:00,1491.699951171875,1490.9000244140625,-9.7
"CCI_Reversion(20,100)",LONG,2019-09-16 00:00:00,2019-09-17 00:00:00,1506.5999755859375,1497.9000244140625,-88.7
"CCI_Reversion(20,100)",LONG,2019-10-01 00:00:00,2019-10-03 00:00:00,1468.699951171875,1497.4000244140625,285.3
"CCI_Reversion(20,100)",LONG,2019-10-14 00:00:00,2019-10-15 00:00:00,1484.4000244140625,1488.9000244140625,43.3
"CCI_Reversion(20,100)",LONG,2019-10-16 00:00:00,2019-10-17 00:00:00,1482.0,1486.199951171875,40.3
"CCI_Reversion(20,100)",SHORT,2019-10-28 00:00:00,2019-10-29 00:00:00,1504.0999755859375,1485.9000244140625,180.3
"CCI_Reversion(20,100)",SHORT,2019-11-01 00:00:00,2019-11-06 00:00:00,1511.0,1483.199951171875,276.3
"CCI_Reversion(20,100)",LONG,2019-11-08 00:00:00,2019-11-15 00:00:00,1469.0999755859375,1469.0999755859375,-1.7
"CCI_Reversion(20,100)",SHORT,2019-12-05 00:00:00,2019-12-09 00:00:00,1474.699951171875,1458.800048828125,157.3
"CCI_Reversion(20,100)",SHORT,2019-12-20 00:00:00,2019-12-23 00:00:00,1476.699951171875,1482.300048828125,-57.7
"CCI_Reversion(20,100)",SHORT,2019-12-24 00:00:00,2020-01-10 00:00:00,1488.699951171875,1551.199951171875,-626.7
"CCI_Reversion(20,100)",SHORT,2020-01-28 00:00:00,2020-01-29 00:00:00,1576.4000244140625,1569.800048828125,64.3
"CCI_Reversion(20,100)",SHORT,2020-01-31 00:00:00,2020-02-05 00:00:00,1573.4000244140625,1553.199951171875,200.3
"CCI_Reversion(20,100)",SHORT,2020-02-18 00:00:00,2020-03-02 00:00:00,1579.800048828125,1583.9000244140625,-42.7
"CCI_Reversion(20,100)",SHORT,2020-03-06 00:00:00,2020-03-11 00:00:00,1670.800048828125,1656.5999755859375,140.3
"CCI_Reversion(20,100)",LONG,2020-03-16 00:00:00,2020-03-24 00:00:00,1569.0999755859375,1592.699951171875,234.3
"CCI_Reversion(20,100)",SHORT,2020-04-08 00:00:00,2020-04-09 00:00:00,1669.699951171875,1662.699951171875,68.3
"CCI_Reversion(20,100)",SHORT,2020-04-13 00:00:00,2020-04-20 00:00:00,1722.0,1686.0,358.3
"CCI_Reversion(20,100)",SHORT,2020-05-15 00:00:00,2020-05-22 00:00:00,1739.699951171875,1726.5999755859375,129.3
"CCI_Reversion(20,100)",SHORT,2020-06-02 00:00:00,2020-06-03 00:00:00,1750.300048828125,1733.699951171875,164.3
"CCI_Reversion(20,100)",LONG,2020-06-08 00:00:00,2020-06-09 00:00:00,1686.699951171875,1703.9000244140625,170.3
"CCI_Reversion(20,100)",SHORT,2020-06-22 00:00:00,2020-07-06 00:00:00,1765.800048828125,1787.9000244140625,-222.7
"CCI_Reversion(20,100)",SHORT,2020-07-08 00:00:00,2020-07-13 00:00:00,1807.9000244140625,1803.4000244140625,43.3
"CCI_Reversion(20,100)",SHORT,2020-07-14 00:00:00,2020-07-15 00:00:00,1805.199951171875,1811.0999755859373,-60.7
"CCI_Reversion(20,100)",SHORT,2020-07-22 00:00:00,2020-08-12 00:00:00,1842.800048828125,1921.5999755859373,-789.7
"CCI_Reversion(20,100)",LONG,2020-09-22 00:00:00,2020-09-30 00:00:00,1918.0999755859373,1903.199951171875,-150.7
"CCI_Reversion(20,100)",SHORT,2020-10-22 00:00:00,2020-10-23 00:00:00,1927.4000244140625,1906.5,207.3
"CCI_Reversion(20,100)",LONG,2020-10-29 00:00:00,2020-11-03 00:00:00,1877.5,1896.4000244140625,187.3
"CCI_Reversion(20,100)",SHORT,2020-11-06 00:00:00,2020-11-10 00:00:00,1950.0,1864.0999755859373,857.3
"CCI_Reversion(20,100)",LONG,2020-11-11 00:00:00,2020-11-16 00:00:00,1876.0999755859373,1886.5999755859373,103.3
"CCI_Reversion(20,100)",LONG,2020-11-20 00:00:00,2020-11-23 00:00:00,1864.800048828125,1869.800048828125,48.3
"CCI_Reversion(20,100)",LONG,2020-11-24 00:00:00,2020-12-03 00:00:00,1835.699951171875,1833.9000244140625,-19.7
"CCI_Reversion(20,100)",SHORT,2020-12-18 00:00:00,2020-12-23 00:00:00,1891.300048828125,1865.5999755859373,255.3
"CCI_Reversion(20,100)",SHORT,2021-01-04 00:00:00,2021-01-08 00:00:00,1908.199951171875,1915.199951171875,-71.7
"CCI_Reversion(20,100)",LONG,2021-01-12 00:00:00,2021-01-14 00:00:00,1845.4000244140625,1845.5999755859373,0.3
"CCI_Reversion(20,100)",LONG,2021-01-15 00:00:00,2021-01-21 00:00:00,1847.300048828125,1871.0,235.3
"CCI_Reversion(20,100)",LONG,2021-02-05 00:00:00,2021-02-09 00:00:00,1794.300048828125,1832.4000244140625,379.3
"CCI_Reversion(20,100)",LONG,2021-02-17 00:00:00,2021-02-23 00:00:00,1793.0999755859375,1809.300048828125,160.3
"CCI_Reversion(20,100)",LONG,2021-03-01 00:00:00,2021-03-10 00:00:00,1732.800048828125,1714.5,-184.7
"CCI_Reversion(20,100)",LONG,2021-03-31 00:00:00,2021-04-01 00:00:00,1683.699951171875,1709.0,251.3
"CCI_Reversion(20,100)",SHORT,2021-04-09 00:00:00,2021-04-13 00:00:00,1756.5,1732.199951171875,241.3
"CCI_Reversion(20,100)",SHORT,2021-04-16 00:00:00,2021-04-27 00:00:00,1764.800048828125,1781.0999755859375,-164.7
"CCI_Reversion(20,100)",SHORT,2021-05-07 00:00:00,2021-05-14 00:00:00,1815.4000244140625,1826.4000244140625,-111.7
"CCI_Reversion(20,100)",SHORT,2021-05-17 00:00:00,2021-06-01 00:00:00,1845.9000244140625,1906.800048828125,-610.7
"CCI_Reversion(20,100)",SHORT,2021-06-02 00:00:00,2021-06-03 00:00:00,1903.0,1910.5,-76.7
"CCI_Reversion(20,100)",LONG,2021-06-15 00:00:00,2021-06-28 00:00:00,1867.800048828125,1782.0,-859.7
"CCI_Reversion(20,100)",SHORT,2021-07-15 00:00:00,2021-07-20 00:00:00,1828.699951171875,1813.5,150.3
"CCI_Reversion(20,100)",SHORT,2021-07-30 00:00:00,2021-08-02 00:00:00,1828.0,1817.0,108.3
"CCI_Reversion(20,100)",LONG,2021-08-09 00:00:00,2021-08-16 00:00:00,1765.0,1780.699951171875,155.3
"CCI_Reversion(20,100)",SHORT,2021-08-31 00:00:00,2021-09-01 00:00:00,1812.199951171875,1816.699951171875,-46.7
"CCI_Reversion(20,100)",SHORT,2021-09-02 00:00:00,2021-09-03 00:00:00,1816.199951171875,1811.5,45.3
"CCI_Reversion(20,100)",SHORT,2021-09-07 00:00:00,2021-09-08 00:00:00,1833.5,1796.0999755859375,372.3
"CCI_Reversion(20,100)",LONG,2021-09-17 00:00:00,2021-09-23 00:00:00,1754.5999755859375,1769.199951171875,144.3
"CCI_Reversion(20,100)",LONG,2021-09-24 00:00:00,2021-10-01 00:00:00,1743.699951171875,1757.199951171875,133.3
"CCI_Reversion(20,100)",SHORT,2021-10-14 00:00:00,2021-10-19 00:00:00,1793.5999755859375,1764.800048828125,286.3
"CCI_Reversion(20,100)",SHORT,2021-10-21 00:00:00,2021-10-28 00:00:00,1782.5,1798.699951171875,-163.7
"CCI_Reversion(20,100)",SHORT,2021-10-29 00:00:00,2021-11-01 00:00:00,1801.5,1785.300048828125,160.3
"CCI_Reversion(20,100)",SHORT,2021-11-08 00:00:00,2021-11-19 00:00:00,1820.5999755859373,1860.800048828125,-403.7
"CCI_Reversion(20,100)",LONG,2021-12-03 00:00:00,2021-12-06 00:00:00,1769.4000244140625,1787.699951171875,181.3
"CCI_Reversion(20,100)",SHORT,2021-12-23 00:00:00,2021-12-30 00:00:00,1805.5999755859373,1805.5999755859373,-1.7
"CCI_Reversion(20,100)",SHORT,2021-12-31 00:00:00,2022-01-04 00:00:00,1817.0,1801.0999755859375,157.3
"CCI_Reversion(20,100)",SHORT,2022-01-06 00:00:00,2022-01-07 00:00:00,1810.5999755859373,1791.0,194.3
"CCI_Reversion(20,100)",SHORT,2022-01-13 00:00:00,2022-01-18 00:00:00,1825.699951171875,1818.699951171875,68.3
"CCI_Reversion(20,100)",SHORT,2022-01-20 00:00:00,2022-01-27 00:00:00,1840.0999755859373,1819.0,209.3
"CCI_Reversion(20,100)",LONG,2022-01-31 00:00:00,2022-02-02 00:00:00,1788.5,1800.800048828125,121.3
"CCI_Reversion(20,100)",SHORT,2022-02-15 00:00:00,2022-02-28 00:00:00,1873.800048828125,1921.0,-473.7
"CCI_Reversion(20,100)",SHORT,2022-03-02 00:00:00,2022-03-14 00:00:00,1945.300048828125,1988.699951171875,-435.7
"CCI_Reversion(20,100)",LONG,2022-03-30 00:00:00,2022-03-31 00:00:00,1918.4000244140625,1933.5,149.3
"CCI_Reversion(20,100)",SHORT,2022-04-12 00:00:00,2022-04-20 00:00:00,1957.4000244140625,1952.699951171875,45.3
"CCI_Reversion(20,100)",LONG,2022-04-26 00:00:00,2022-05-02 00:00:00,1899.800048828125,1896.199951171875,-37.7
"CCI_Reversion(20,100)",LONG,2022-05-03 00:00:00,2022-05-06 00:00:00,1863.5999755859373,1877.5,137.3
"CCI_Reversion(20,100)",LONG,2022-05-11 00:00:00,2022-05-20 00:00:00,1836.5999755859373,1839.5999755859373,28.3
"CCI_Reversion(20,100)",LONG,2022-06-15 00:00:00,2022-06-17 00:00:00,1809.699951171875,1859.300048828125,494.3
"CCI_Reversion(20,100)",LONG,2022-06-27 00:00:00,2022-06-28 00:00:00,1839.5999755859373,1823.5999755859373,-161.7
"CCI_Reversion(20,100)",LONG,2022-06-29 00:00:00,2022-07-19 00:00:00,1821.4000244140625,1707.199951171875,-1143.7
"CCI_Reversion(20,100)",SHORT,2022-08-02 00:00:00,2022-08-12 00:00:00,1789.199951171875,1805.199951171875,-161.7
"CCI_Reversion(20,100)",LONG,2022-08-29 00:00:00,2022-09-09 00:00:00,1748.4000244140625,1719.5999755859375,-289.7
"CCI_Reversion(20,100)",LONG,2022-09-15 00:00:00,2022-09-29 00:00:00,1707.199951171875,1669.0,-383.7
"CCI_Reversion(20,100)",LONG,2022-10-20 00:00:00,2022-10-24 00:00:00,1634.5999755859375,1662.9000244140625,281.3
"CCI_Reversion(20,100)",LONG,2022-11-04 00:00:00,2022-11-07 00:00:00,1631.699951171875,1678.5999755859375,467.3
"CCI_Reversion(20,100)",SHORT,2022-11-08 00:00:00,2022-11-21 00:00:00,1678.0,1752.0,-741.7
"CCI_Reversion(20,100)",SHORT,2022-12-02 00:00:00,2022-12-07 00:00:00,1817.0,1783.300048828125,335.3
"CCI_Reversion(20,100)",SHORT,2022-12-09 00:00:00,2022-12-13 00:00:00,1801.9000244140625,1792.300048828125,94.3
"CCI_Reversion(20,100)",SHORT,2022-12-14 00:00:00,2022-12-16 00:00:00,1822.5999755859373,1786.9000244140625,355.3
"CCI_Reversion(20,100)",SHORT,2022-12-22 00:00:00,2022-12-23 00:00:00,1823.800048828125,1801.0,226.3
"CCI_Reversion(20,100)",SHORT,2022-12-28 00:00:00,2022-12-29 00:00:00,1822.4000244140625,1812.300048828125,99.3
"CCI_Reversion(20,100)",SHORT,2022-12-30 00:00:00,2023-01-27 00:00:00,1821.800048828125,1929.300048828125,-1076.7
"CCI_Reversion(20,100)",SHORT,2023-02-02 00:00:00,2023-02-03 00:00:00,1967.0999755859373,1926.300048828125,406.3
"CCI_Reversion(20,100)",LONG,2023-02-07 00:00:00,2023-02-09 00:00:00,1880.300048828125,1888.300048828125,78.3
"CCI_Reversion(20,100)",LONG,2023-02-10 00:00:00,2023-03-01 00:00:00,1873.5,1834.0,-396.7
"CCI_Reversion(20,100)",LONG,2023-03-09 00:00:00,2023-03-10 00:00:00,1818.0,1835.0999755859373,169.3
"CCI_Reversion(20,100)",SHORT,2023-03-14 00:00:00,2023-03-28 00:00:00,1919.4000244140625,1957.800048828125,-385.7
"CCI_Reversion(20,100)",SHORT,2023-04-05 00:00:00,2023-04-11 00:00:00,2038.199951171875,2007.0,310.3
"CCI_Reversion(20,100)",SHORT,2023-04-13 00:00:00,2023-04-17 00:00:00,2029.5,2014.0999755859373,152.3
"CCI_Reversion(20,100)",SHORT,2023-05-04 00:00:00,2023-05-08 00:00:00,2054.699951171875,2024.5999755859373,299.3
"CCI_Reversion(20,100)",LONG,2023-05-18 00:00:00,2023-06-01 00:00:00,1985.5999755859373,1981.300048828125,-44.7
"CCI_Reversion(20,100)",LONG,2023-06-21 00:00:00,2023-07-05 00:00:00,1948.0,1929.0999755859373,-190.7
"CCI_Reversion(20,100)",SHORT,2023-07-14 00:00:00,2023-07-18 00:00:00,1965.199951171875,1958.300048828125,67.3
"CCI_Reversion(20,100)",SHORT,2023-07-19 00:00:00,2023-07-24 00:00:00,1982.5,1963.5999755859373,187.3
"CCI_Reversion(20,100)",SHORT,2023-08-02 00:00:00,2023-08-03 00:00:00,1988.9000244140625,1970.800048828125,179.3
"CCI_Reversion(20,100)",LONG,2023-08-10 00:00:00,2023-08-24 00:00:00,1947.699951171875,1944.9000244140625,-29.7
"CCI_Reversion(20,100)",SHORT,2023-08-31 00:00:00,2023-09-06 00:00:00,1970.199951171875,1951.5,185.3
"CCI_Reversion(20,100)",LONG,2023-09-27 00:00:00,2023-10-10 00:00:00,1918.800048828125,1875.4000244140625,-435.7
"CCI_Reversion(20,100)",SHORT,2023-10-19 00:00:00,2023-10-30 00:00:00,1960.0999755859373,2013.5,-535.7
"CCI_Reversion(20,100)",LONG,2023-11-13 00:00:00,2023-11-15 00:00:00,1943.4000244140625,1966.9000244140625,233.3
"CCI_Reversion(20,100)",SHORT,2023-11-28 00:00:00,2023-12-06 00:00:00,2014.300048828125,2037.800048828125,-236.7
"CCI_Reversion(20,100)",SHORT,2023-12-26 00:00:00,2024-01-02 00:00:00,2066.0,2072.699951171875,-68.7
"CCI_Reversion(20,100)",LONG,2024-01-18 00:00:00,2024-01-22 00:00:00,2009.0999755859373,2031.800048828125,225.3
"CCI_Reversion(20,100)",SHORT,2024-02-02 00:00:00,2024-02-06 00:00:00,2072.0,2041.4000244140625,304.3
"CCI_Reversion(20,100)",LONG,2024-02-15 00:00:00,2024-02-20 00:00:00,2004.800048828125,2027.699951171875,227.3
"CCI_Reversion(20,100)",SHORT,2024-03-04 00:00:00,2024-03-15 00:00:00,2091.60009765625,2166.199951171875,-747.7
"CCI_Reversion(20,100)",SHORT,2024-04-01 00:00:00,2024-04-16 00:00:00,2259.199951171875,2399.10009765625,-1400.7
"CCI_Reversion(20,100)",SHORT,2024-04-17 00:00:00,2024-04-18 00:00:00,2398.0,2377.89990234375,199.3
"CCI_Reversion(20,100)",LONG,2024-05-01 00:00:00,2024-05-07 00:00:00,2298.199951171875,2334.800048828125,364.3
"CCI_Reversion(20,100)",SHORT,2024-05-16 00:00:00,2024-05-23 00:00:00,2391.5,2383.0,83.3
"CCI_Reversion(20,100)",LONG,2024-06-11 00:00:00,2024-06-12 00:00:00,2329.5,2334.0,43.3
"CCI_Reversion(20,100)",LONG,2024-06-27 00:00:00,2024-06-28 00:00:00,2309.39990234375,2338.60009765625,290.3
"CCI_Reversion(20,100)",SHORT,2024-07-08 00:00:00,2024-07-22 00:00:00,2396.199951171875,2403.699951171875,-76.7
"CCI_Reversion(20,100)",SHORT,2024-08-02 00:00:00,2024-08-06 00:00:00,2490.800048828125,2451.699951171875,389.3
"CCI_Reversion(20,100)",SHORT,2024-08-13 00:00:00,2024-08-16 00:00:00,2512.60009765625,2494.39990234375,180.3
"CCI_Reversion(20,100)",SHORT,2024-08-19 00:00:00,2024-08-23 00:00:00,2549.699951171875,2521.10009765625,284.3
"CCI_Reversion(20,100)",SHORT,2024-08-27 00:00:00,2024-08-28 00:00:00,2553.800048828125,2559.800048828125,-61.7
"CCI_Reversion(20,100)",SHORT,2024-09-13 00:00:00,2024-10-01 00:00:00,2587.5,2656.10009765625,-687.7
"CCI_Reversion(20,100)",SHORT,2024-10-17 00:00:00,2024-11-01 00:00:00,2690.39990234375,2754.0,-637.7
"CCI_Reversion(20,100)",LONG,2024-11-12 00:00:00,2024-11-20 00:00:00,2625.699951171875,2635.800048828125,99.3
"CCI_Reversion(20,100)",SHORT,2024-12-11 00:00:00,2024-12-16 00:00:00,2721.199951171875,2668.0,530.3
"CCI_Reversion(20,100)",LONG,2024-12-20 00:00:00,2024-12-23 00:00:00,2609.699951171875,2639.10009765625,292.3
"CCI_Reversion(20,100)",LONG,2024-12-31 00:00:00,2025-01-02 00:00:00,2620.0,2641.0,208.3
"CCI_Reversion(20,100)",SHORT,2025-01-13 00:00:00,2025-01-15 00:00:00,2716.800048828125,2693.300048828125,233.3
"CCI_Reversion(20,100)",SHORT,2025-01-16 00:00:00,2025-01-28 00:00:00,2722.300048828125,2742.39990234375,-202.7
"CCI_Reversion(20,100)",SHORT,2025-01-31 00:00:00,2025-02-18 00:00:00,2829.0,2895.10009765625,-662.7
"CCI_Reversion(20,100)",SHORT,2025-03-14 00:00:00,2025-03-25 00:00:00,3001.39990234375,3017.5,-162.7
"CCI_Reversion(20,100)",SHORT,2025-03-31 00:00:00,2025-04-07 00:00:00,3091.0,3055.10009765625,357.3
"CCI_Reversion(20,100)",SHORT,2025-04-11 00:00:00,2025-04-24 00:00:00,3194.199951171875,3301.800048828125,-1077.7
"CCI_Reversion(20,100)",SHORT,2025-05-07 00:00:00,2025-05-09 00:00:00,3448.10009765625,3310.199951171875,1377.3
"CCI_Reversion(20,100)",LONG,2025-05-13 00:00:00,2025-05-20 00:00:00,3240.699951171875,3233.0,-78.7
"CCI_Reversion(20,100)",SHORT,2025-06-03 00:00:00,2025-06-09 00:00:00,3406.5,3333.39990234375,729.3
"CCI_Reversion(20,100)",SHORT,2025-06-13 00:00:00,2025-06-18 00:00:00,3406.699951171875,3409.0,-24.7
"CCI_Reversion(20,100)",LONG,2025-06-30 00:00:00,2025-07-02 00:00:00,3284.300048828125,3350.0,655.3
"CCI_Reversion(20,100)",SHORT,2025-07-22 00:00:00,2025-07-25 00:00:00,3410.699951171875,3372.10009765625,384.3
"CCI_Reversion(20,100)",LONG,2025-07-29 00:00:00,2025-07-30 00:00:00,3313.39990234375,3325.800048828125,122.3
"CCI_Reversion(20,100)",LONG,2025-07-31 00:00:00,2025-08-04 00:00:00,3272.89990234375,3416.60009765625,1435.3
"CCI_Reversion(20,100)",SHORT,2025-08-05 00:00:00,2025-08-12 00:00:00,3428.89990234375,3393.60009765625,351.3
"CCI_Reversion(20,100)",SHORT,2025-08-29 00:00:00,2025-09-15 00:00:00,3477.199951171875,3680.199951171875,-2031.7
"CCI_Reversion(20,100)",SHORT,2025-09-23 00:00:00,2025-10-13 00:00:00,3781.199951171875,4133.0,-3519.7
"ATR_Vol_Breakout(14,k=1.5)",LONG,2016-09-07 00:00:00,2016-10-05 00:00:00,1348.4000244140625,1272.0999755859375,-764.7
"ATR_Vol_Breakout(14,k=1.5)",SHORT,2016-10-05 00:00:00,2016-11-02 00:00:00,1272.0999755859375,1288.300048828125,-163.7
"ATR_Vol_Breakout(14,k=1.5)",LONG,2016-11-02 00:00:00,2016-11-08 00:00:00,1288.300048828125,1284.0999755859375,-43.7
"ATR_Vol_Breakout(14,k=1.5)",SHORT,2016-11-08 00:00:00,2017-02-24 00:00:00,1284.0999755859375,1250.0,339.3
"ATR_Vol_Breakout(14,k=1.5)",LONG,2017-02-24 00:00:00,2017-05-05 00:00:00,1250.0,1227.0,-231.7
"ATR_Vol_Breakout(14,k=1.5)",SHORT,2017-05-05 00:00:00,2017-05-18 00:00:00,1227.0,1254.800048828125,-279.7
"ATR_Vol_Breakout(14,k=1.5)",LONG,2017-05-18 00:00:00,2017-06-16 00:00:00,1254.800048828125,1252.800048828125,-21.7
"ATR_Vol_Breakout(14,k=1.5)",SHORT,2017-06-16 00:00:00,2017-08-10 00:00:00,1252.800048828125,1276.5999755859375,-239.7
"ATR_Vol_Breakout(14,k=1.5)",LONG,2017-08-10 00:00:00,2017-09-22 00:00:00,1276.5999755859375,1295.0,182.3
"ATR_Vol_Breakout(14,k=1.5)",SHORT,2017-09-22 00:00:00,2017-11-07 00:00:00,1295.0,1276.800048828125,180.3
"ATR_Vol_Breakout(14,k=1.5)",LONG,2017-11-07 00:00:00,2017-11-13 00:00:00,1276.800048828125,1277.300048828125,3.3
"ATR_Vol_Breakout(14,k=1.5)",SHORT,2017-11-13 00:00:00,2017-11-20 00:00:00,1277.300048828125,1274.5999755859375,25.3
"ATR_Vol_Breakout(14,k=1.5)",LONG,2017-11-20 00:00:00,2017-11-21 00:00:00,1274.5999755859375,1281.0999755859375,63.3
"ATR_Vol_Breakout(14,k=1.5)",SHORT,2017-11-21 00:00:00,2018-01-16 00:00:00,1281.0999755859375,1331.0999755859375,-501.7
"ATR_Vol_Breakout(14,k=1.5)",LONG,2018-01-16 00:00:00,2018-01-31 00:00:00,1331.0999755859375,1337.5,62.3
"ATR_Vol_Breakout(14,k=1.5)",SHORT,2018-01-31 00:00:00,2018-02-15 00:00:00,1337.5,1352.0,-146.7
"ATR_Vol_Breakout(14,k=1.5)",LONG,2018-02-15 00:00:00,2018-02-21 00:00:00,1352.0,1326.800048828125,-253.7
"ATR_Vol_Breakout(14,k=1.5)",SHORT,2018-02-21 00:00:00,2018-03-26 00:00:00,1326.800048828125,1348.5,-218.7
"ATR_Vol_Breakout(14,k=1.5)",LONG,2018-03-26 00:00:00,2018-03-29 00:00:00,1348.5,1324.0,-246.7
"ATR_Vol_Breakout(14,k=1.5)",SHORT,2018-03-29 00:00:00,2018-04-03 00:00:00,1324.0,1340.4000244140625,-165.7
"ATR_Vol_Breakout(14,k=1.5)",LONG,2018-04-03 00:00:00,2018-05-16 00:00:00,1340.4000244140625,1290.9000244140625,-496.7
"ATR_Vol_Breakout(14,k=1.5)",SHORT,2018-05-16 00:00:00,2018-05-25 00:00:00,1290.9000244140625,1303.300048828125,-125.7
"ATR_Vol_Breakout(14,k=1.5)",LONG,2018-05-25 00:00:00,2018-06-18 00:00:00,1303.300048828125,1280.699951171875,-227.7
"ATR_Vol_Breakout(14,k=1.5)",SHORT,2018-06-18 00:00:00,2018-08-27 00:00:00,1280.699951171875,1210.300048828125,702.3
"ATR_Vol_Breakout(14,k=1.5)",LONG,2018-08-27 00:00:00,2018-09-28 00:00:00,1210.300048828125,1181.699951171875,-287.7
"ATR_Vol_Breakout(14,k=1.5)",SHORT,2018-09-28 00:00:00,2018-10-03 00:00:00,1181.699951171875,1202.5999755859375,-210.7
"ATR_Vol_Breakout(14,k=1.5)",LONG,2018-10-03 00:00:00,2018-10-09 00:00:00,1202.5999755859375,1185.5999755859375,-171.7
"ATR_Vol_Breakout(14,k=1.5)",SHORT,2018-10-09 00:00:00,2018-10-12 00:00:00,1185.5999755859375,1221.5999755859375,-361.7
"ATR_Vol_Breakout(14,k=1.5)",LONG,2018-10-12 00:00:00,2018-11-12 00:00:00,1221.5999755859375,1201.5999755859375,-201.7
"ATR_Vol_Breakout(14,k=1.5)",SHORT,2018-11-12 00:00:00,2018-12-04 00:00:00,1201.5999755859375,1231.0,-295.7
"ATR_Vol_Breakout(14,k=1.5)",LONG,2018-12-04 00:00:00,2019-02-22 00:00:00,1231.0,1324.199951171875,930.3
"ATR_Vol_Breakout(14,k=1.5)",SHORT,2019-02-22 00:00:00,2019-05-14 00:00:00,1324.199951171875,1297.800048828125,262.3
"ATR_Vol_Breakout(14,k=1.5)",LONG,2019-05-14 00:00:00,2019-05-17 00:00:00,1297.800048828125,1280.0,-179.7
"ATR_Vol_Breakout(14,k=1.5)",SHORT,2019-05-17 00:00:00,2019-05-24 00:00:00,1280.0,1283.0,-31.7
"ATR_Vol_Breakout(14,k=1.5)",LONG,2019-05-24 00:00:00,2019-06-11 00:00:00,1283.0,1328.4000244140625,452.3
"ATR_Vol_Breakout(14,k=1.5)",SHORT,2019-06-11 00:00:00,2019-06-21 00:00:00,1328.4000244140625,1406.0,-777.7
"ATR_Vol_Breakout(14,k=1.5)",LONG,2019-06-21 00:00:00,2019-07-02 00:00:00,1406.0,1391.0999755859375,-150.7
"ATR_Vol_Breakout(14,k=1.5)",SHORT,2019-07-02 00:00:00,2019-08-05 00:00:00,1391.0999755859375,1440.4000244140625,-494.7
"ATR_Vol_Breakout(14,k=1.5)",LONG,2019-08-05 00:00:00,2019-09-06 00:00:00,1440.4000244140625,1517.300048828125,767.3
"ATR_Vol_Breakout(14,k=1.5)",SHORT,2019-09-06 00:00:00,2019-12-04 00:00:00,1517.300048828125,1477.5,396.3
"ATR_Vol_Breakout(14,k=1.5)",LONG,2019-12-04 00:00:00,2019-12-09 00:00:00,1477.5,1458.800048828125,-188.7
"ATR_Vol_Breakout(14,k=1.5)",SHORT,2019-12-09 00:00:00,2019-12-26 00:00:00,1458.800048828125,1505.199951171875,-465.7
"ATR_Vol_Breakout(14,k=1.5)",LONG,2019-12-26 00:00:00,2020-02-05 00:00:00,1505.199951171875,1553.199951171875,478.3
"ATR_Vol_Breakout(14,k=1.5)",SHORT,2020-02-05 00:00:00,2020-02-24 00:00:00,1553.199951171875,1657.0,-1039.7
"ATR_Vol_Breakout(14,k=1.5)",LONG,2020-02-24 00:00:00,2020-02-26 00:00:00,1657.0,1644.0,-131.7
"ATR_Vol_Breakout(14,k=1.5)",SHORT,2020-02-26 00:00:00,2020-03-04 00:00:00,1644.0,1645.4000244140625,-15.7
"ATR_Vol_Breakout(14,k=1.5)",LONG,2020-03-04 00:00:00,2020-03-12 00:00:00,1645.4000244140625,1589.300048828125,-562.7
"Supertrend(10,m=3.0)",LONG,2016-08-24 00:00:00,2016-09-19 00:00:00,1337.199951171875,1313.5,-238.7
"Supertrend(10,m=3.0)",SHORT,2016-09-19 00:00:00,2016-11-02 00:00:00,1313.5,1288.300048828125,250.3
"Supertrend(10,m=3.0)",LONG,2016-11-02 00:00:00,2016-11-14 00:00:00,1288.300048828125,1227.800048828125,-606.7
"Supertrend(10,m=3.0)",SHORT,2016-11-14 00:00:00,2017-01-06 00:00:00,1227.800048828125,1176.5,511.3
"Supertrend(10,m=3.0)",LONG,2017-01-06 00:00:00,2017-03-08 00:00:00,1176.5,1212.199951171875,355.3
"Supertrend(10,m=3.0)",SHORT,2017-03-08 00:00:00,2017-03-21 00:00:00,1212.199951171875,1226.4000244140625,-143.7
"Supertrend(10,m=3.0)",LONG,2017-03-21 00:00:00,2017-05-02 00:00:00,1226.4000244140625,1256.199951171875,296.3
"Supertrend(10,m=3.0)",SHORT,2017-05-02 00:00:00,2017-05-18 00:00:00,1256.199951171875,1254.800048828125,12.3
"Supertrend(10,m=3.0)",LONG,2017-05-18 00:00:00,2017-06-16 00:00:00,1254.800048828125,1252.800048828125,-21.7
"Supertrend(10,m=3.0)",SHORT,2017-06-16 00:00:00,2017-07-21 00:00:00,1252.800048828125,1250.699951171875,19.3
"Supertrend(10,m=3.0)",LONG,2017-07-21 00:00:00,2017-09-19 00:00:00,1250.699951171875,1307.9000244140625,570.3
"Supertrend(10,m=3.0)",SHORT,2017-09-19 00:00:00,2017-10-16 00:00:00,1307.9000244140625,1302.0,57.3
"Supertrend(10,m=3.0)",LONG,2017-10-16 00:00:00,2017-10-27 00:00:00,1302.0,1268.4000244140625,-337.7
"Supertrend(10,m=3.0)",SHORT,2017-10-27 00:00:00,2017-11-20 00:00:00,1268.4000244140625,1274.5999755859375,-63.7
"Supertrend(10,m=3.0)",LONG,2017-11-20 00:00:00,2017-12-06 00:00:00,1274.5999755859375,1264.9000244140625,-98.7
"Supertrend(10,m=3.0)",SHORT,2017-12-06 00:00:00,2017-12-26 00:00:00,1264.9000244140625,1282.4000244140625,-176.7
"Supertrend(10,m=3.0)",LONG,2017-12-26 00:00:00,2018-02-07 00:00:00,1282.4000244140625,1325.4000244140625,428.3
"Supertrend(10,m=3.0)",SHORT,2018-02-07 00:00:00,2018-03-26 00:00:00,1325.4000244140625,1348.5,-232.7
"Supertrend(10,m=3.0)",LONG,2018-03-26 00:00:00,2018-04-27 00:00:00,1348.5,1315.300048828125,-333.7
"Supertrend(10,m=3.0)",SHORT,2018-04-27 00:00:00,2018-08-27 00:00:00,1315.300048828125,1210.300048828125,1048.3
"Supertrend(10,m=3.0)",LONG,2018-08-27 00:00:00,2018-09-28 00:00:00,1210.300048828125,1181.699951171875,-287.7
"Supertrend(10,m=3.0)",SHORT,2018-09-28 00:00:00,2018-10-12 00:00:00,1181.699951171875,1221.5999755859375,-400.7
"Supertrend(10,m=3.0)",LONG,2018-10-12 00:00:00,2018-11-12 00:00:00,1221.5999755859375,1201.5999755859375,-201.7
"Supertrend(10,m=3.0)",SHORT,2018-11-12 00:00:00,2018-11-23 00:00:00,1201.5999755859375,1224.800048828125,-233.7
"Supertrend(10,m=3.0)",LONG,2018-11-23 00:00:00,2019-03-01 00:00:00,1224.800048828125,1312.199951171875,872.3
"Supertrend(10,m=3.0)",SHORT,2019-03-01 00:00:00,2019-03-26 00:00:00,1312.199951171875,1315.5999755859375,-35.7
"Supertrend(10,m=3.0)",LONG,2019-03-26 00:00:00,2019-03-29 00:00:00,1315.5999755859375,1289.5999755859375,-261.7
"Supertrend(10,m=3.0)",SHORT,2019-03-29 00:00:00,2019-05-14 00:00:00,1289.5999755859375,1297.800048828125,-83.7
"Supertrend(10,m=3.0)",LONG,2019-05-14 00:00:00,2019-05-20 00:00:00,1297.800048828125,1276.0999755859375,-218.7
"Supertrend(10,m=3.0)",SHORT,2019-05-20 00:00:00,2019-06-03 00:00:00,1276.0999755859375,1307.0,-310.7
"Supertrend(10,m=3.0)",LONG,2019-06-03 00:00:00,2019-10-01 00:00:00,1307.0,1468.699951171875,1615.3
"Supertrend(10,m=3.0)",SHORT,2019-10-01 00:00:00,2019-12-26 00:00:00,1468.699951171875,1505.199951171875,-366.7
"Supertrend(10,m=3.0)",LONG,2019-12-26 00:00:00,2020-03-02 00:00:00,1505.199951171875,1583.9000244140625,785.3
"Supertrend(10,m=3.0)",SHORT,2020-03-02 00:00:00,2020-03-10 00:00:00,1583.9000244140625,1671.5999755859375,-878.7
"Supertrend(10,m=3.0)",LONG,2020-03-10 00:00:00,2020-03-16 00:00:00,1671.5999755859375,1569.0999755859375,-1026.7
"Supertrend(10,m=3.0)",SHORT,2020-03-16 00:00:00,2020-03-25 00:00:00,1569.0999755859375,1676.5,-1075.7
"Supertrend(10,m=3.0)",LONG,2020-03-25 00:00:00,2020-08-12 00:00:00,1676.5,1921.5999755859373,2449.3
"Supertrend(10,m=3.0)",SHORT,2020-08-12 00:00:00,2020-12-09 00:00:00,1921.5999755859373,1875.4000244140625,460.3
"Supertrend(10,m=3.0)",LONG,2020-12-09 00:00:00,2021-01-11 00:00:00,1875.4000244140625,1849.4000244140625,-261.7
"Supertrend(10,m=3.0)",SHORT,2021-01-11 00:00:00,2021-04-19 00:00:00,1849.4000244140625,1778.800048828125,704.3
"Supertrend(10,m=3.0)",LONG,2021-04-19 00:00:00,2021-06-18 00:00:00,1778.800048828125,1773.9000244140625,-50.7
"Supertrend(10,m=3.0)",SHORT,2021-06-18 00:00:00,2021-08-30 00:00:00,1773.9000244140625,1821.5999755859373,-478.7
"Supertrend(10,m=3.0)",LONG,2021-08-30 00:00:00,2021-09-17 00:00:00,1821.5999755859373,1754.5999755859375,-671.7
"Supertrend(10,m=3.0)",SHORT,2021-09-17 00:00:00,2021-11-08 00:00:00,1754.5999755859375,1820.5999755859373,-661.7
"Supertrend(10,m=3.0)",LONG,2021-11-08 00:00:00,2021-11-24 00:00:00,1820.5999755859373,1789.800048828125,-309.7
"Supertrend(10,m=3.0)",SHORT,2021-11-24 00:00:00,2022-01-20 00:00:00,1789.800048828125,1840.0999755859373,-504.7
"Supertrend(10,m=3.0)",LONG,2022-01-20 00:00:00,2022-01-31 00:00:00,1840.0999755859373,1788.5,-517.7
"Supertrend(10,m=3.0)",SHORT,2022-01-31 00:00:00,2022-02-14 00:00:00,1788.5,1869.4000244140625,-810.7
"Keltner_Breakout(20,m=2.0)",SHORT,2016-08-31 00:00:00,2016-11-03 00:00:00,1310.300048828125,1296.4000244140625,137.3
"Keltner_Breakout(20,m=2.0)",LONG,2016-11-03 00:00:00,2016-11-15 00:00:00,1296.4000244140625,1224.300048828125,-722.7
"Keltner_Breakout(20,m=2.0)",SHORT,2016-11-15 00:00:00,2017-01-12 00:00:00,1224.300048828125,1192.699951171875,314.3
"Keltner_Breakout(20,m=2.0)",LONG,2017-01-12 00:00:00,2017-03-10 00:00:00,1192.699951171875,1196.199951171875,33.3
"Keltner_Breakout(20,m=2.0)",SHORT,2017-03-10 00:00:00,2017-03-22 00:00:00,1196.199951171875,1247.9000244140625,-518.7
"Keltner_Breakout(20,m=2.0)",LONG,2017-03-22 00:00:00,2017-05-05 00:00:00,1247.9000244140625,1227.0,-210.7
"Keltner_Breakout(20,m=2.0)",SHORT,2017-05-05 00:00:00,2017-06-01 00:00:00,1227.0,1268.0,-411.7
"Keltner_Breakout(20,m=2.0)",LONG,2017-06-01 00:00:00,2017-07-05 00:00:00,1268.0,1222.5,-456.7
"Keltner_Breakout(20,m=2.0)",SHORT,2017-07-05 00:00:00,2017-07-24 00:00:00,1222.5,1256.0,-336.7
"Keltner_Breakout(20,m=2.0)",LONG,2017-07-24 00:00:00,2017-09-22 00:00:00,1256.0,1295.0,388.3
"Keltner_Breakout(20,m=2.0)",SHORT,2017-09-22 00:00:00,2017-11-20 00:00:00,1295.0,1274.5999755859375,202.3
"Keltner_Breakout(20,m=2.0)",LONG,2017-11-20 00:00:00,2017-12-06 00:00:00,1274.5999755859375,1264.9000244140625,-98.7
"Keltner_Breakout(20,m=2.0)",SHORT,2017-12-06 00:00:00,2017-12-27 00:00:00,1264.9000244140625,1284.0,-192.7
"Keltner_Breakout(20,m=2.0)",LONG,2017-12-27 00:00:00,2018-03-02 00:00:00,1284.0,1314.300048828125,301.3
"Keltner_Breakout(20,m=2.0)",SHORT,2018-03-02 00:00:00,2018-03-26 00:00:00,1314.300048828125,1348.5,-343.7
"Keltner_Breakout(20,m=2.0)",LONG,2018-03-26 00:00:00,2018-05-02 00:00:00,1348.5,1309.0,-396.7
"Keltner_Breakout(20,m=2.0)",SHORT,2018-05-02 00:00:00,2018-10-12 00:00:00,1309.0,1221.5999755859375,872.3
"Keltner_Breakout(20,m=2.0)",LONG,2018-10-12 00:00:00,2018-11-13 00:00:00,1221.5999755859375,1196.300048828125,-254.7
"Keltner_Breakout(20,m=2.0)",SHORT,2018-11-13 00:00:00,2018-12-06 00:00:00,1196.300048828125,1237.5,-413.7
"Keltner_Breakout(20,m=2.0)",LONG,2018-12-06 00:00:00,2019-03-04 00:00:00,1237.5,1285.5,478.3
"Keltner_Breakout(20,m=2.0)",SHORT,2019-03-04 00:00:00,2019-03-26 00:00:00,1285.5,1315.5999755859375,-302.7
"Keltner_Breakout(20,m=2.0)",LONG,2019-03-26 00:00:00,2019-04-17 00:00:00,1315.5999755859375,1273.5,-422.7
"Keltner_Breakout(20,m=2.0)",SHORT,2019-04-17 00:00:00,2019-05-14 00:00:00,1273.5,1297.800048828125,-244.7
"Keltner_Breakout(20,m=2.0)",LONG,2019-05-14 00:00:00,2019-10-01 00:00:00,1297.800048828125,1468.699951171875,1707.3
"Keltner_Breakout(20,m=2.0)",SHORT,2019-10-01 00:00:00,2019-12-26 00:00:00,1468.699951171875,1505.199951171875,-366.7
"Keltner_Breakout(20,m=2.0)",LONG,2019-12-26 00:00:00,2020-03-02 00:00:00,1505.199951171875,1583.9000244140625,785.3
"Keltner_Breakout(20,m=2.0)",SHORT,2020-03-02 00:00:00,2020-03-06 00:00:00,1583.9000244140625,1670.800048828125,-870.7
"Keltner_Breakout(20,m=2.0)",LONG,2020-03-06 00:00:00,2020-03-16 00:00:00,1670.800048828125,1569.0999755859375,-1018.7
"Keltner_Breakout(20,m=2.0)",SHORT,2020-03-16 00:00:00,2020-03-25 00:00:00,1569.0999755859375,1676.5,-1075.7
"Keltner_Breakout(20,m=2.0)",LONG,2020-03-25 00:00:00,2020-04-01 00:00:00,1676.5,1578.199951171875,-984.7
"VWAP_Reversion(20,2%)",LONG,2016-10-05 00:00:00,2016-10-31 00:00:00,1272.0999755859375,1276.5999755859375,43.3
"VWAP_Reversion(20,2%)",SHORT,2016-11-03 00:00:00,2016-11-10 00:00:00,1296.4000244140625,1274.4000244140625,218.3
"VWAP_Reversion(20,2%)",LONG,2016-11-15 00:00:00,2016-11-29 00:00:00,1224.300048828125,1193.199951171875,-312.7
"VWAP_Reversion(20,2%)",LONG,2016-12-12 00:00:00,2016-12-30 00:00:00,1158.300048828125,1162.0,35.3
"VWAP_Reversion(20,2%)",SHORT,2017-01-06 00:00:00,2017-01-30 00:00:00,1176.5,1191.699951171875,-153.7
"VWAP_Reversion(20,2%)",SHORT,2017-02-03 00:00:00,2017-03-03 00:00:00,1214.9000244140625,1231.699951171875,-169.7
"VWAP_Reversion(20,2%)",LONG,2017-03-08 00:00:00,2017-03-22 00:00:00,1212.199951171875,1247.9000244140625,355.3
"VWAP_Reversion(20,2%)",SHORT,2017-03-29 00:00:00,2017-03-30 00:00:00,1252.199951171875,1253.0999755859375,-10.7
"VWAP_Reversion(20,2%)",SHORT,2017-04-17 00:00:00,2017-05-05 00:00:00,1291.800048828125,1227.0,646.3
"VWAP_Reversion(20,2%)",LONG,2017-05-05 00:00:00,2017-05-23 00:00:00,1227.0,1261.5,343.3
"VWAP_Reversion(20,2%)",SHORT,2017-06-07 00:00:00,2017-06-12 00:00:00,1291.5999755859375,1266.4000244140625,250.3
"VWAP_Reversion(20,2%)",LONG,2017-06-21 00:00:00,2017-07-19 00:00:00,1244.0999755859375,1240.4000244140625,-38.7
"VWAP_Reversion(20,2%)",SHORT,2017-08-14 00:00:00,2017-09-19 00:00:00,1288.4000244140625,1307.9000244140625,-196.7
"VWAP_Reversion(20,2%)",LONG,2017-12-06 00:00:00,2017-12-28 00:00:00,1264.9000244140625,1288.199951171875,231.3
"VWAP_Reversion(20,2%)",SHORT,2017-12-29 00:00:00,2018-01-30 00:00:00,1294.199951171875,1338.699951171875,-446.7
"VWAP_Reversion(20,2%)",LONG,2018-02-08 00:00:00,2018-02-15 00:00:00,1317.0999755859375,1352.0,347.3
"VWAP_Reversion(20,2%)",LONG,2018-03-02 00:00:00,2018-03-08 00:00:00,1314.300048828125,1324.800048828125,103.3
"VWAP_Reversion(20,2%)",SHORT,2018-03-27 00:00:00,2018-03-28 00:00:00,1341.0,1345.0,-41.7
"VWAP_Reversion(20,2%)",LONG,2018-05-02 00:00:00,2018-05-11 00:00:00,1309.0,1319.0,98.3
"VWAP_Reversion(20,2%)",LONG,2018-05-16 00:00:00,2018-05-29 00:00:00,1290.9000244140625,1298.699951171875,76.3
"VWAP_Reversion(20,2%)",LONG,2018-06-21 00:00:00,2018-07-30 00:00:00,1262.699951171875,1222.5,-403.7
"VWAP_Reversion(20,2%)",LONG,2018-08-14 00:00:00,2018-08-28 00:00:00,1193.0999755859375,1209.699951171875,164.3
"VWAP_Reversion(20,2%)",SHORT,2018-10-12 00:00:00,2018-11-01 00:00:00,1221.5999755859375,1215.4000244140625,60.3
"VWAP_Reversion(20,2%)",SHORT,2018-11-02 00:00:00,2018-11-08 00:00:00,1233.300048828125,1222.9000244140625,102.3
"VWAP_Reversion(20,2%)",LONG,2018-11-14 00:00:00,2018-11-19 00:00:00,1207.9000244140625,1223.0999755859375,150.3
"VWAP_Reversion(20,2%)",SHORT,2018-12-10 00:00:00,2019-01-22 00:00:00,1249.5999755859375,1282.5,-330.7
"VWAP_Reversion(20,2%)",SHORT,2019-02-20 00:00:00,2019-02-28 00:00:00,1342.199951171875,1321.0999755859375,209.3
"VWAP_Reversion(20,2%)",LONG,2019-03-05 00:00:00,2019-03-25 00:00:00,1287.0,1320.699951171875,335.3
"VWAP_Reversion(20,2%)",LONG,2019-04-17 00:00:00,2019-04-29 00:00:00,1273.5,1284.800048828125,111.3
"VWAP_Reversion(20,2%)",SHORT,2019-06-04 00:00:00,2019-07-17 00:00:00,1324.300048828125,1404.5999755859375,-804.7
"VWAP_Reversion(20,2%)",SHORT,2019-08-06 00:00:00,2019-09-06 00:00:00,1469.699951171875,1517.300048828125,-477.7
"VWAP_Reversion(20,2%)",LONG,2019-09-16 00:00:00,2019-09-25 00:00:00,1506.5999755859375,1527.5999755859375,208.3
"VWAP_Reversion(20,2%)",LONG,2019-10-01 00:00:00,2019-10-03 00:00:00,1468.699951171875,1497.4000244140625,285.3
"VWAP_Reversion(20,2%)",LONG,2019-11-12 00:00:00,2019-11-27 00:00:00,1454.9000244140625,1461.0999755859375,60.3
"VWAP_Reversion(20,2%)",SHORT,2019-12-26 00:00:00,2020-01-30 00:00:00,1505.199951171875,1576.800048828125,-717.7
"VWAP_Reversion(20,2%)",SHORT,2020-02-20 00:00:00,2020-03-02 00:00:00,1606.5,1583.9000244140625,224.3
"VWAP_Reversion(20,2%)",LONG,2020-03-02 00:00:00,2020-03-04 00:00:00,1583.9000244140625,1645.4000244140625,613.3
"VWAP_Reversion(20,2%)",SHORT,2020-03-04 00:00:00,2020-03-13 00:00:00,1645.4000244140625,1574.9000244140625,703.3
"VWAP_Reversion(20,2%)",LONG,2020-03-13 00:00:00,2020-03-25 00:00:00,1574.9000244140625,1676.5,1014.3
"VWAP_Reversion(20,2%)",SHORT,2020-03-25 00:00:00,2020-03-30 00:00:00,1676.5,1641.199951171875,351.3
"VWAP_Reversion(20,2%)",LONG,2020-04-01 00:00:00,2020-04-03 00:00:00,1570.0,1624.5,543.3
"VWAP_Reversion(20,2%)",SHORT,2020-04-07 00:00:00,2020-05-01 00:00:00,1695.699951171875,1686.5999755859375,89.3
"VWAP_Reversion(20,2%)",SHORT,2020-05-18 00:00:00,2020-05-22 00:00:00,1755.699951171875,1726.5999755859375,289.3
"VWAP_Reversion(20,2%)",LONG,2020-06-08 00:00:00,2020-06-10 00:00:00,1686.699951171875,1718.9000244140625,320.3
"VWAP_Reversion(20,2%)",SHORT,2020-06-23 00:00:00,2020-08-12 00:00:00,1764.9000244140625,1921.5999755859373,-1568.7
"VWAP_Reversion(20,2%)",SHORT,2020-08-18 00:00:00,2020-08-20 00:00:00,1993.5999755859373,1934.4000244140625,590.3
"VWAP_Reversion(20,2%)",LONG,2020-08-25 00:00:00,2020-08-31 00:00:00,1935.9000244140625,1973.9000244140625,378.3
"VWAP_Reversion(20,2%)",LONG,2020-09-22 00:00:00,2020-10-02 00:00:00,1918.0999755859373,1911.0,-72.7
"VWAP_Reversion(20,2%)",SHORT,2020-11-06 00:00:00,2020-11-10 00:00:00,1950.0,1864.0999755859373,857.3
"VWAP_Reversion(20,2%)",LONG,2020-11-10 00:00:00,2020-11-17 00:00:00,1864.0999755859373,1888.199951171875,239.3
"VWAP_Reversion(20,2%)",LONG,2020-11-24 00:00:00,2020-12-14 00:00:00,1835.699951171875,1845.0,91.3
"VWAP_Reversion(20,2%)",SHORT,2020-12-18 00:00:00,2021-01-11 00:00:00,1891.300048828125,1849.4000244140625,417.3
"VWAP_Reversion(20,2%)",LONG,2021-01-11 00:00:00,2021-01-22 00:00:00,1849.4000244140625,1870.0999755859373,205.3
"VWAP_Reversion(20,2%)",LONG,2021-02-05 00:00:00,2021-02-09 00:00:00,1794.300048828125,1832.4000244140625,379.3
"VWAP_Reversion(20,2%)",LONG,2021-02-17 00:00:00,2021-03-19 00:00:00,1793.0999755859375,1733.699951171875,-595.7
"VWAP_Reversion(20,2%)",LONG,2021-03-31 00:00:00,2021-04-01 00:00:00,1683.699951171875,1709.0,251.3
"VWAP_Reversion(20,2%)",SHORT,2021-04-19 00:00:00,2021-04-30 00:00:00,1778.800048828125,1772.4000244140625,62.3
"VWAP_Reversion(20,2%)",SHORT,2021-05-07 00:00:00,2021-06-14 00:00:00,1815.4000244140625,1879.5999755859373,-643.7
"VWAP_Reversion(20,2%)",LONG,2021-06-18 00:00:00,2021-07-08 00:00:00,1773.9000244140625,1803.800048828125,297.3
"VWAP_Reversion(20,2%)",SHORT,2021-07-16 00:00:00,2021-07-22 00:00:00,1830.699951171875,1803.9000244140625,266.3
"VWAP_Reversion(20,2%)",LONG,2021-08-09 00:00:00,2021-08-17 00:00:00,1765.0,1789.0999755859375,239.3
"VWAP_Reversion(20,2%)",SHORT,2021-08-30 00:00:00,2021-09-08 00:00:00,1821.5999755859373,1796.0999755859375,253.3
"VWAP_Reversion(20,2%)",LONG,2021-09-17 00:00:00,2021-10-05 00:00:00,1754.5999755859375,1770.800048828125,160.3
"VWAP_Reversion(20,2%)",SHORT,2021-10-14 00:00:00,2021-10-18 00:00:00,1793.5999755859375,1767.5,259.3
"VWAP_Reversion(20,2%)",SHORT,2021-10-26 00:00:00,2021-11-01 00:00:00,1808.699951171875,1785.300048828125,232.3
"VWAP_Reversion(20,2%)",SHORT,2021-11-09 00:00:00,2021-11-24 00:00:00,1826.9000244140625,1789.800048828125,369.3
"VWAP_Reversion(20,2%)",LONG,2021-11-24 00:00:00,2021-12-17 00:00:00,1789.800048828125,1801.5,115.3
"VWAP_Reversion(20,2%)",SHORT,2022-01-03 00:00:00,2022-01-04 00:00:00,1830.0999755859373,1801.0999755859375,288.3
"VWAP_Reversion(20,2%)",SHORT,2022-02-15 00:00:00,2022-03-17 00:00:00,1873.800048828125,1928.4000244140625,-547.7
"VWAP_Reversion(20,2%)",LONG,2022-03-17 00:00:00,2022-03-18 00:00:00,1928.4000244140625,1943.9000244140625,153.3
"VWAP_Reversion(20,2%)",LONG,2022-03-30 00:00:00,2022-04-08 00:00:00,1918.4000244140625,1934.300048828125,157.3
"VWAP_Reversion(20,2%)",SHORT,2022-04-13 00:00:00,2022-04-21 00:00:00,1970.5,1960.0,103.3
"VWAP_Reversion(20,2%)",LONG,2022-04-26 00:00:00,2022-05-26 00:00:00,1899.800048828125,1851.800048828125,-481.7
"VWAP_Reversion(20,2%)",LONG,2022-07-06 00:00:00,2022-08-02 00:00:00,1764.199951171875,1789.199951171875,248.3
"VWAP_Reversion(20,2%)",SHORT,2022-08-02 00:00:00,2022-08-18 00:00:00,1789.199951171875,1777.0999755859375,119.3
"VWAP_Reversion(20,2%)",LONG,2022-08-31 00:00:00,2022-09-13 00:00:00,1735.5,1736.0,3.3
"VWAP_Reversion(20,2%)",LONG,2022-09-16 00:00:00,2022-10-05 00:00:00,1673.699951171875,1734.4000244140625,605.3
"VWAP_Reversion(20,2%)",SHORT,2022-10-05 00:00:00,2022-10-11 00:00:00,1734.4000244140625,1675.5999755859375,586.3
"VWAP_Reversion(20,2%)",LONG,2022-10-20 00:00:00,2022-10-27 00:00:00,1634.5999755859375,1668.800048828125,340.3
"VWAP_Reversion(20,2%)",SHORT,2022-11-09 00:00:00,2022-12-16 00:00:00,1715.199951171875,1786.9000244140625,-718.7
"VWAP_Reversion(20,2%)",SHORT,2022-12-21 00:00:00,2022-12-23 00:00:00,1827.9000244140625,1801.0,267.3
"VWAP_Reversion(20,2%)",SHORT,2023-01-05 00:00:00,2023-02-13 00:00:00,1861.199951171875,1876.699951171875,-156.7
"VWAP_Reversion(20,2%)",LONG,2023-02-13 00:00:00,2023-03-06 00:00:00,1876.699951171875,1861.0,-158.7
"VWAP_Reversion(20,2%)",SHORT,2023-03-14 00:00:00,2023-04-20 00:00:00,1919.4000244140625,2007.699951171875,-884.7
"VWAP_Reversion(20,2%)",LONG,2023-05-19 00:00:00,2023-06-02 00:00:00,1960.5,1994.5999755859373,339.3
"VWAP_Reversion(20,2%)",LONG,2023-06-23 00:00:00,2023-07-11 00:00:00,1923.5,1930.800048828125,71.3
"VWAP_Reversion(20,2%)",SHORT,2023-07-19 00:00:00,2023-07-28 00:00:00,1982.5,1945.5,368.3
"VWAP_Reversion(20,2%)",LONG,2023-08-18 00:00:00,2023-08-24 00:00:00,1919.199951171875,1944.9000244140625,255.3
"VWAP_Reversion(20,2%)",LONG,2023-09-28 00:00:00,2023-10-12 00:00:00,1893.300048828125,1888.0999755859373,-53.7
"VWAP_Reversion(20,2%)",SHORT,2023-10-16 00:00:00,2023-11-08 00:00:00,1941.300048828125,1975.300048828125,-341.7
"VWAP_Reversion(20,2%)",LONG,2023-11-13 00:00:00,2023-11-17 00:00:00,1943.4000244140625,1984.199951171875,406.3
"VWAP_Reversion(20,2%)",SHORT,2023-11-29 00:00:00,2023-12-11 00:00:00,2041.699951171875,2020.0,215.3
"VWAP_Reversion(20,2%)",SHORT,2023-12-28 00:00:00,2024-01-04 00:00:00,2089.5,2049.300048828125,400.3
"VWAP_Reversion(20,2%)",LONG,2024-01-18 00:00:00,2024-01-31 00:00:00,2009.0999755859373,2035.4000244140625,261.3
"VWAP_Reversion(20,2%)",SHORT,2024-03-04 00:00:00,2024-04-23 00:00:00,2091.60009765625,2342.300048828125,-2508.7
"VWAP_Reversion(20,2%)",LONG,2024-05-01 00:00:00,2024-05-14 00:00:00,2298.199951171875,2342.300048828125,439.3
"VWAP_Reversion(20,2%)",SHORT,2024-05-16 00:00:00,2024-05-29 00:00:00,2391.5,2362.5,288.3
"VWAP_Reversion(20,2%)",LONG,2024-06-14 00:00:00,2024-06-20 00:00:00,2319.60009765625,2344.199951171875,244.3
"VWAP_Reversion(20,2%)",SHORT,2024-07-08 00:00:00,2024-07-22 00:00:00,2396.199951171875,2403.699951171875,-76.7
"VWAP_Reversion(20,2%)",SHORT,2024-08-02 00:00:00,2024-08-07 00:00:00,2490.800048828125,2432.60009765625,580.3
"VWAP_Reversion(20,2%)",SHORT,2024-08-13 00:00:00,2024-09-04 00:00:00,2512.60009765625,2524.60009765625,-121.7
"VWAP_Reversion(20,2%)",SHORT,2024-09-16 00:00:00,2024-10-09 00:00:00,2608.0,2640.699951171875,-328.7
"VWAP_Reversion(20,2%)",SHORT,2024-10-21 00:00:00,2024-11-12 00:00:00,2736.300048828125,2625.699951171875,1104.3
"VWAP_Reversion(20,2%)",LONG,2024-11-12 00:00:00,2024-11-22 00:00:00,2625.699951171875,2672.0,461.3
"VWAP_Reversion(20,2%)",LONG,2024-11-26 00:00:00,2024-12-02 00:00:00,2626.199951171875,2673.800048828125,474.3
"VWAP_Reversion(20,2%)",SHORT,2024-12-11 00:00:00,2024-12-16 00:00:00,2721.199951171875,2668.0,530.3
"VWAP_Reversion(20,2%)",LONG,2024-12-20 00:00:00,2025-01-03 00:00:00,2609.699951171875,2671.10009765625,612.3
"VWAP_Reversion(20,2%)",SHORT,2025-01-16 00:00:00,2025-03-03 00:00:00,2722.300048828125,2872.0,-1498.7
"VWAP_Reversion(20,2%)",LONG,2025-03-03 00:00:00,2025-03-04 00:00:00,2872.0,2904.199951171875,320.3
"VWAP_Reversion(20,2%)",SHORT,2025-03-14 00:00:00,2025-04-07 00:00:00,3001.39990234375,3055.10009765625,-538.7
"VWAP_Reversion(20,2%)",LONG,2025-04-08 00:00:00,2025-04-11 00:00:00,2997.5,3194.199951171875,1965.3
"VWAP_Reversion(20,2%)",SHORT,2025-04-11 00:00:00,2025-05-05 00:00:00,3194.199951171875,3247.10009765625,-530.7
"VWAP_Reversion(20,2%)",SHORT,2025-05-07 00:00:00,2025-05-09 00:00:00,3448.10009765625,3310.199951171875,1377.3
"VWAP_Reversion(20,2%)",LONG,2025-05-13 00:00:00,2025-05-21 00:00:00,3240.699951171875,3293.0,521.3
"VWAP_Reversion(20,2%)",SHORT,2025-05-27 00:00:00,2025-05-28 00:00:00,3355.60009765625,3300.89990234375,545.3
"VWAP_Reversion(20,2%)",SHORT,2025-06-03 00:00:00,2025-06-30 00:00:00,3406.5,3284.300048828125,1220.3
"VWAP_Reversion(20,2%)",LONG,2025-06-30 00:00:00,2025-07-03 00:00:00,3284.300048828125,3369.0,845.3
"VWAP_Reversion(20,2%)",SHORT,2025-07-23 00:00:00,2025-08-12 00:00:00,3444.300048828125,3393.60009765625,505.3
"VWAP_Reversion(20,2%)",SHORT,2025-09-02 00:00:00,2025-10-07 00:00:00,3517.89990234375,4004.39990234375,-4866.7
Engulfing_Reversal(0.3),LONG,2016-09-02 00:00:00,2016-11-25 00:00:00,1309.5999755859375,1177.0,-1327.7
Engulfing_Reversal(0.3),SHORT,2016-11-25 00:00:00,2017-06-05 00:00:00,1177.0,1279.199951171875,-1023.7
Engulfing_Reversal(0.3),LONG,2017-06-05 00:00:00,2017-06-27 00:00:00,1279.199951171875,1251.5999755859375,-277.7
Engulfing_Reversal(0.3),SHORT,2017-06-27 00:00:00,2017-07-17 00:00:00,1251.5999755859375,1229.9000244140625,215.3
Engulfing_Reversal(0.3),LONG,2017-07-17 00:00:00,2017-08-07 00:00:00,1229.9000244140625,1258.699951171875,286.3
Engulfing_Reversal(0.3),SHORT,2017-08-07 00:00:00,2017-08-22 00:00:00,1258.699951171875,1287.199951171875,-286.7
Engulfing_Reversal(0.3),LONG,2017-08-22 00:00:00,2017-09-07 00:00:00,1287.199951171875,1336.4000244140625,490.3
Engulfing_Reversal(0.3),SHORT,2017-09-07 00:00:00,2017-09-26 00:00:00,1336.4000244140625,1304.5,317.3
Engulfing_Reversal(0.3),LONG,2017-09-26 00:00:00,2017-12-06 00:00:00,1304.5,1264.9000244140625,-397.7
Engulfing_Reversal(0.3),SHORT,2017-12-06 00:00:00,2018-01-12 00:00:00,1264.9000244140625,1327.800048828125,-630.7
Engulfing_Reversal(0.3),LONG,2018-01-12 00:00:00,2018-02-05 00:00:00,1327.800048828125,1331.0999755859375,31.3
Engulfing_Reversal(0.3),SHORT,2018-02-05 00:00:00,2018-04-19 00:00:00,1331.0999755859375,1348.5999755859375,-176.7
Engulfing_Reversal(0.3),LONG,2018-04-19 00:00:00,2018-08-10 00:00:00,1348.5999755859375,1212.5,-1362.7
Engulfing_Reversal(0.3),SHORT,2018-08-10 00:00:00,2018-08-27 00:00:00,1212.5,1210.300048828125,20.3
Engulfing_Reversal(0.3),LONG,2018-08-27 00:00:00,2018-12-03 00:00:00,1210.300048828125,1222.5,120.3
Engulfing_Reversal(0.3),SHORT,2018-12-03 00:00:00,2018-12-21 00:00:00,1222.5,1260.300048828125,-379.7
Engulfing_Reversal(0.3),LONG,2018-12-21 00:00:00,2019-01-07 00:00:00,1260.300048828125,1286.800048828125,263.3
Engulfing_Reversal(0.3),SHORT,2019-01-07 00:00:00,2019-02-19 00:00:00,1286.800048828125,1340.0999755859375,-534.7
Inside_Bar_Breakout(0.6),SHORT,2016-09-16 00:00:00,2016-10-31 00:00:00,1312.199951171875,1276.5999755859375,354.3
Inside_Bar_Breakout(0.6),LONG,2016-10-31 00:00:00,2017-03-30 00:00:00,1276.5999755859375,1253.0999755859375,-236.7
Inside_Bar_Breakout(0.6),SHORT,2017-03-30 00:00:00,2017-05-23 00:00:00,1253.0999755859375,1261.5,-85.7
Inside_Bar_Breakout(0.6),LONG,2017-05-23 00:00:00,2017-06-09 00:00:00,1261.5,1277.9000244140625,162.3
Inside_Bar_Breakout(0.6),SHORT,2017-06-09 00:00:00,2017-09-26 00:00:00,1277.9000244140625,1304.5,-267.7
Inside_Bar_Breakout(0.6),LONG,2017-09-26 00:00:00,2017-09-28 00:00:00,1304.5,1283.0999755859375,-215.7
Inside_Bar_Breakout(0.6),SHORT,2017-09-28 00:00:00,2017-10-31 00:00:00,1283.0999755859375,1273.0999755859375,98.3
Inside_Bar_Breakout(0.6),LONG,2017-10-31 00:00:00,2017-12-08 00:00:00,1273.0999755859375,1246.300048828125,-269.7
Inside_Bar_Breakout(0.6),SHORT,2017-12-08 00:00:00,2018-03-14 00:00:00,1246.300048828125,1322.199951171875,-760.7
Inside_Bar_Breakout(0.6),LONG,2018-03-14 00:00:00,2018-04-26 00:00:00,1322.199951171875,1315.699951171875,-66.7
Inside_Bar_Breakout(0.6),SHORT,2018-04-26 00:00:00,2018-05-11 00:00:00,1315.699951171875,1319.0,-34.7
Inside_Bar_Breakout(0.6),LONG,2018-05-11 00:00:00,2018-06-22 00:00:00,1319.0,1268.0999755859375,-510.7
Inside_Bar_Breakout(0.6),SHORT,2018-06-22 00:00:00,2018-07-10 00:00:00,1268.0999755859375,1256.199951171875,117.3
Inside_Bar_Breakout(0.6),LONG,2018-07-10 00:00:00,2018-08-16 00:00:00,1256.199951171875,1173.199951171875,-831.7
Inside_Bar_Breakout(0.6),SHORT,2018-08-16 00:00:00,2018-10-03 00:00:00,1173.199951171875,1202.5999755859375,-295.7
Inside_Bar_Breakout(0.6),LONG,2018-10-03 00:00:00,2018-10-30 00:00:00,1202.5999755859375,1227.699951171875,249.3
Inside_Bar_Breakout(0.6),SHORT,2018-10-30 00:00:00,2018-12-26 00:00:00,1227.699951171875,1269.300048828125,-417.7
Inside_Bar_Breakout(0.6),LONG,2018-12-26 00:00:00,2019-04-16 00:00:00,1269.300048828125,1285.199951171875,157.3
Inside_Bar_Breakout(0.6),SHORT,2019-04-16 00:00:00,2019-06-21 00:00:00,1285.199951171875,1406.0,-1209.7
Inside_Bar_Breakout(0.6),LONG,2019-06-21 00:00:00,2019-06-21 00:00:00,1406.0,1396.199951171875,-99.7
VolProfile_Reversion(30),SHORT,2016-09-30 00:00:00,2016-10-03 00:00:00,1320.5999755859375,1313.5,69.3
VolProfile_Reversion(30),LONG,2016-10-03 00:00:00,2016-11-22 00:00:00,1313.5,1210.4000244140625,-1032.7
VolProfile_Reversion(30),LONG,2016-11-25 00:00:00,2017-01-12 00:00:00,1177.0,1192.699951171875,155.3
VolProfile_Reversion(30),SHORT,2017-01-12 00:00:00,2017-03-16 00:00:00,1192.699951171875,1222.199951171875,-296.7
VolProfile_Reversion(30),LONG,2017-03-16 00:00:00,2017-03-17 00:00:00,1222.199951171875,1227.0999755859375,47.3
VolProfile_Reversion(30),LONG,2017-03-31 00:00:00,2017-04-05 00:00:00,1242.0999755859375,1255.4000244140625,131.3
VolProfile_Reversion(30),SHORT,2017-04-05 00:00:00,2017-04-06 00:00:00,1255.4000244140625,1256.0999755859375,-8.7
VolProfile_Reversion(30),LONG,2017-04-06 00:00:00,2017-04-10 00:00:00,1256.0999755859375,1252.699951171875,-35.7
VolProfile_Reversion(30),SHORT,2017-04-12 00:00:00,2017-05-02 00:00:00,1275.0,1256.199951171875,186.3
VolProfile_Reversion(30),SHORT,2017-05-03 00:00:00,2017-05-04 00:00:00,1255.0999755859375,1239.800048828125,151.3
VolProfile_Reversion(30),LONG,2017-05-04 00:00:00,2017-05-18 00:00:00,1239.800048828125,1254.800048828125,148.3
VolProfile_Reversion(30),LONG,2017-05-22 00:00:00,2017-05-30 00:00:00,1251.699951171875,1267.4000244140625,155.3
VolProfile_Reversion(30),LONG,2017-05-31 00:00:00,2017-06-01 00:00:00,1262.4000244140625,1268.0,54.3
VolProfile_Reversion(30),SHORT,2017-06-01 00:00:00,2017-06-02 00:00:00,1268.0,1265.199951171875,26.3
VolProfile_Reversion(30),SHORT,2017-06-05 00:00:00,2017-06-13 00:00:00,1279.199951171875,1264.0999755859375,149.3
VolProfile_Reversion(30),SHORT,2017-06-15 00:00:00,2017-06-16 00:00:00,1263.199951171875,1252.800048828125,102.3
VolProfile_Reversion(30),LONG,2017-06-16 00:00:00,2017-07-19 00:00:00,1252.800048828125,1240.4000244140625,-125.7
VolProfile_Reversion(30),SHORT,2017-07-31 00:00:00,2017-08-07 00:00:00,1268.9000244140625,1258.699951171875,100.3
VolProfile_Reversion(30),LONG,2017-08-09 00:00:00,2017-08-10 00:00:00,1260.199951171875,1276.5999755859375,162.3
VolProfile_Reversion(30),SHORT,2017-08-10 00:00:00,2017-09-18 00:00:00,1276.5999755859375,1309.800048828125,-333.7
VolProfile_Reversion(30),LONG,2017-09-28 00:00:00,2017-09-29 00:00:00,1283.0999755859375,1284.199951171875,9.3
VolProfile_Reversion(30),SHORT,2017-09-29 00:00:00,2017-10-02 00:00:00,1284.199951171875,1275.0,90.3
VolProfile_Reversion(30),LONG,2017-10-03 00:00:00,2017-10-10 00:00:00,1269.699951171875,1282.5999755859375,127.3
VolProfile_Reversion(30),SHORT,2017-10-11 00:00:00,2017-10-18 00:00:00,1287.300048828125,1279.9000244140625,72.3
VolProfile_Reversion(30),LONG,2017-10-19 00:00:00,2017-10-20 00:00:00,1286.4000244140625,1279.5999755859375,-69.7
VolProfile_Reversion(30),SHORT,2017-10-20 00:00:00,2017-10-23 00:00:00,1279.5999755859375,1274.699951171875,47.3
VolProfile_Reversion(30),LONG,2017-10-23 00:00:00,2017-11-10 00:00:00,1274.699951171875,1283.5,86.3
VolProfile_Reversion(30),SHORT,2017-11-24 00:00:00,2017-11-27 00:00:00,1286.699951171875,1293.800048828125,-72.7
VolProfile_Reversion(30),SHORT,2017-11-28 00:00:00,2017-11-30 00:00:00,1294.699951171875,1283.0999755859375,114.3
VolProfile_Reversion(30),LONG,2017-11-30 00:00:00,2017-12-29 00:00:00,1283.0999755859375,1294.199951171875,109.3
VolProfile_Reversion(30),SHORT,2018-01-02 00:00:00,2018-01-31 00:00:00,1302.300048828125,1337.5,-353.7
VolProfile_Reversion(30),LONG,2018-01-31 00:00:00,2018-02-15 00:00:00,1337.5,1352.0,143.3
VolProfile_Reversion(30),SHORT,2018-02-15 00:00:00,2018-02-16 00:00:00,1352.0,1354.0,-21.7
VolProfile_Reversion(30),SHORT,2018-02-20 00:00:00,2018-02-21 00:00:00,1348.4000244140625,1326.800048828125,214.3
VolProfile_Reversion(30),LONG,2018-02-21 00:00:00,2018-03-22 00:00:00,1326.800048828125,1326.5999755859375,-3.7
VolProfile_Reversion(30),SHORT,2018-03-26 00:00:00,2018-03-28 00:00:00,1348.5,1345.0,33.3
VolProfile_Reversion(30),LONG,2018-03-29 00:00:00,2018-04-03 00:00:00,1324.0,1340.4000244140625,162.3
VolProfile_Reversion(30),SHORT,2018-04-03 00:00:00,2018-04-04 00:00:00,1340.4000244140625,1331.800048828125,84.3
VolProfile_Reversion(30),LONG,2018-04-04 00:00:00,2018-04-11 00:00:00,1331.800048828125,1340.0999755859375,81.3
VolProfile_Reversion(30),SHORT,2018-04-11 00:00:00,2018-04-13 00:00:00,1340.0999755859375,1335.9000244140625,40.3
VolProfile_Reversion(30),LONG,2018-04-13 00:00:00,2018-04-16 00:00:00,1335.9000244140625,1341.0,49.3
VolProfile_Reversion(30),SHORT,2018-04-16 00:00:00,2018-04-23 00:00:00,1341.0,1334.0,68.3
VolProfile_Reversion(30),LONG,2018-04-23 00:00:00,2018-05-14 00:00:00,1334.0,1319.9000244140625,-142.7
VolProfile_Reversion(30),LONG,2018-05-16 00:00:00,2018-05-31 00:00:00,1290.9000244140625,1301.0,99.3
VolProfile_Reversion(30),SHORT,2018-05-31 00:00:00,2018-06-04 00:00:00,1301.0,1293.9000244140625,69.3
VolProfile_Reversion(30),LONG,2018-06-04 00:00:00,2018-06-06 00:00:00,1293.9000244140625,1296.0999755859375,20.3
VolProfile_Reversion(30),SHORT,2018-06-12 00:00:00,2018-06-13 00:00:00,1297.800048828125,1294.0,36.3
VolProfile_Reversion(30),LONG,2018-06-13 00:00:00,2018-06-15 00:00:00,1294.0,1297.199951171875,30.3
VolProfile_Reversion(30),SHORT,2018-06-15 00:00:00,2018-06-18 00:00:00,1297.199951171875,1280.699951171875,163.3
VolProfile_Reversion(30),LONG,2018-06-18 00:00:00,2018-07-31 00:00:00,1280.699951171875,1220.4000244140625,-604.7
VolProfile_Reversion(30),SHORT,2018-08-01 00:00:00,2018-08-02 00:00:00,1222.9000244140625,1214.699951171875,80.3
VolProfile_Reversion(30),LONG,2018-08-02 00:00:00,2018-09-18 00:00:00,1214.699951171875,1198.699951171875,-161.7
VolProfile_Reversion(30),LONG,2018-09-19 00:00:00,2018-09-20 00:00:00,1202.199951171875,1206.199951171875,38.3
VolProfile_Reversion(30),LONG,2018-09-26 00:00:00,2018-10-03 00:00:00,1194.0,1202.5999755859375,84.3
VolProfile_Reversion(30),SHORT,2018-10-03 00:00:00,2018-10-09 00:00:00,1202.5999755859375,1185.5999755859375,168.3
VolProfile_Reversion(30),LONG,2018-10-09 00:00:00,2018-10-11 00:00:00,1185.5999755859375,1198.0999755859375,123.3
VolProfile_Reversion(30),SHORT,2018-10-12 00:00:00,2018-11-09 00:00:00,1221.5999755859375,1207.9000244140625,135.3
VolProfile_Reversion(30),LONG,2018-11-27 00:00:00,2018-11-30 00:00:00,1221.9000244140625,1224.0999755859375,20.3
VolProfile_Reversion(30),SHORT,2018-11-30 00:00:00,2019-01-25 00:00:00,1224.0999755859375,1297.4000244140625,-734.7
VolProfile_Reversion(30),SHORT,2019-01-28 00:00:00,2019-02-07 00:00:00,1300.800048828125,1302.9000244140625,-22.7
VolProfile_Reversion(30),SHORT,2019-02-08 00:00:00,2019-02-12 00:00:00,1309.5,1310.0,-6.7
VolProfile_Reversion(30),LONG,2019-02-12 00:00:00,2019-02-13 00:00:00,1310.0,1311.5999755859375,14.3
VolProfile_Reversion(30),SHORT,2019-02-14 00:00:00,2019-03-04 00:00:00,1305.0,1285.5,193.3
VolProfile_Reversion(30),LONG,2019-03-04 00:00:00,2019-03-14 00:00:00,1285.5,1293.4000244140625,77.3
VolProfile_Reversion(30),LONG,2019-03-15 00:00:00,2019-03-20 00:00:00,1300.9000244140625,1300.699951171875,-3.7
VolProfile_Reversion(30),LONG,2019-03-21 00:00:00,2019-03-22 00:00:00,1306.0999755859375,1311.5999755859375,53.3
VolProfile_Reversion(30),LONG,2019-03-29 00:00:00,2019-04-10 00:00:00,1289.5999755859375,1304.0,142.3
VolProfile_Reversion(30),LONG,2019-04-12 00:00:00,2019-05-14 00:00:00,1293.4000244140625,1297.800048828125,42.3
VolProfile_Reversion(30),SHORT,2019-05-14 00:00:00,2019-05-17 00:00:00,1297.800048828125,1280.0,176.3
VolProfile_Reversion(30),SHORT,2019-05-31 00:00:00,2019-07-17 00:00:00,1287.699951171875,1404.5999755859375,-1170.7
VolProfile_Reversion(30),SHORT,2019-07-18 00:00:00,2019-07-26 00:00:00,1422.300048828125,1422.800048828125,-6.7
VolProfile_Reversion(30),SHORT,2019-07-29 00:00:00,2019-08-02 00:00:00,1419.5999755859375,1448.0,-285.7
VolProfile_Reversion(30),SHORT,2019-08-05 00:00:00,2019-09-13 00:00:00,1440.4000244140625,1490.9000244140625,-506.7
VolProfile_Reversion(30),LONG,2019-09-20 00:00:00,2019-09-23 00:00:00,1503.0,1515.5,123.3
VolProfile_Reversion(30),LONG,2019-09-26 00:00:00,2019-09-27 00:00:00,1507.5,1504.199951171875,-34.7
VolProfile_Reversion(30),LONG,2019-09-30 00:00:00,2019-10-03 00:00:00,1495.9000244140625,1497.4000244140625,13.3
VolProfile_Reversion(30),LONG,2019-10-14 00:00:00,2019-10-25 00:00:00,1484.4000244140625,1501.4000244140625,168.3
VolProfile_Reversion(30),LONG,2019-10-29 00:00:00,2019-11-01 00:00:00,1485.9000244140625,1511.0,249.3
VolProfile_Reversion(30),SHORT,2019-11-01 00:00:00,2019-11-04 00:00:00,1511.0,1511.5999755859375,-7.7
VolProfile_Reversion(30),LONG,2019-11-06 00:00:00,2019-12-02 00:00:00,1483.199951171875,1462.800048828125,-205.7
VolProfile_Reversion(30),SHORT,2019-12-02 00:00:00,2019-12-09 00:00:00,1462.800048828125,1458.800048828125,38.3
VolProfile_Reversion(30),SHORT,2019-12-11 00:00:00,2020-01-27 00:00:00,1463.0999755859375,1584.300048828125,-1213.7
VolProfile_Reversion(30),SHORT,2020-01-28 00:00:00,2020-01-29 00:00:00,1576.4000244140625,1569.800048828125,64.3
VolProfile_Reversion(30),SHORT,2020-01-31 00:00:00,2020-02-05 00:00:00,1573.4000244140625,1553.199951171875,200.3
VolProfile_Reversion(30),LONG,2020-02-05 00:00:00,2020-02-10 00:00:00,1553.199951171875,1569.300048828125,159.3
VolProfile_Reversion(30),SHORT,2020-02-11 00:00:00,2020-02-12 00:00:00,1570.9000244140625,1565.199951171875,55.3
VolProfile_Reversion(30),LONG,2020-02-12 00:00:00,2020-02-14 00:00:00,1565.199951171875,1575.800048828125,104.3
VolProfile_Reversion(30),SHORT,2020-02-14 00:00:00,2020-03-02 00:00:00,1575.800048828125,1583.9000244140625,-82.7
VolProfile_Reversion(30),LONG,2020-03-02 00:00:00,2020-03-03 00:00:00,1583.9000244140625,1594.5,104.3
VolProfile_Reversion(30),SHORT,2020-03-03 00:00:00,2020-03-16 00:00:00,1594.5,1569.0999755859375,252.3
VolProfile_Reversion(30),LONG,2020-03-16 00:00:00,2020-03-24 00:00:00,1569.0999755859375,1592.699951171875,234.3
VolProfile_Reversion(30),SHORT,2020-03-25 00:00:00,2020-03-26 00:00:00,1676.5,1660.5,158.3
VolProfile_Reversion(30),LONG,2020-04-01 00:00:00,2020-04-03 00:00:00,1570.0,1624.5,543.3
VolProfile_Reversion(30),SHORT,2020-04-06 00:00:00,2020-05-13 00:00:00,1629.0999755859375,1702.0,-730.7
VolProfile_Reversion(30),SHORT,2020-05-18 00:00:00,2020-05-19 00:00:00,1755.699951171875,1744.199951171875,113.3
VolProfile_Reversion(30),SHORT,2020-05-20 00:00:00,2020-05-22 00:00:00,1751.5999755859375,1726.5999755859375,248.3
VolProfile_Reversion(30),SHORT,2020-05-29 00:00:00,2020-06-03 00:00:00,1732.699951171875,1733.699951171875,-11.7
VolProfile_Reversion(30),LONG,2020-06-04 00:00:00,2020-06-05 00:00:00,1702.800048828125,1720.800048828125,178.3
VolProfile_Reversion(30),LONG,2020-06-08 00:00:00,2020-06-09 00:00:00,1686.699951171875,1703.9000244140625,170.3
VolProfile_Reversion(30),SHORT,2020-06-22 00:00:00,2020-07-02 00:00:00,1765.800048828125,1779.0,-133.7
VolProfile_Reversion(30),SHORT,2020-07-07 00:00:00,2020-07-15 00:00:00,1793.9000244140625,1811.0999755859373,-173.7
VolProfile_Reversion(30),SHORT,2020-07-21 00:00:00,2020-07-31 00:00:00,1819.5999755859373,1948.5999755859373,-1291.7
VolProfile_Reversion(30),SHORT,2020-08-03 00:00:00,2020-08-11 00:00:00,1984.300048828125,2038.4000244140625,-542.7
VolProfile_Reversion(30),LONG,2020-09-22 00:00:00,2020-09-30 00:00:00,1918.0999755859373,1903.199951171875,-150.7
VolProfile_Reversion(30),SHORT,2020-11-06 00:00:00,2020-11-10 00:00:00,1950.0,1864.0999755859373,857.3
VolProfile_Reversion(30),LONG,2020-11-10 00:00:00,2020-11-13 00:00:00,1864.0999755859373,1875.5999755859373,113.3
VolProfile_Reversion(30),LONG,2020-11-20 00:00:00,2020-11-23 00:00:00,1864.800048828125,1869.800048828125,48.3
VolProfile_Reversion(30),LONG,2020-11-24 00:00:00,2020-12-04 00:00:00,1835.699951171875,1844.699951171875,88.3
VolProfile_Reversion(30),SHORT,2020-12-31 00:00:00,2021-01-08 00:00:00,1899.0,1915.199951171875,-163.7
VolProfile_Reversion(30),LONG,2021-01-19 00:00:00,2021-01-20 00:00:00,1828.800048828125,1839.9000244140625,109.3
VolProfile_Reversion(30),LONG,2021-02-03 00:00:00,2021-02-04 00:00:00,1838.5,1834.5,-41.7
VolProfile_Reversion(30),LONG,2021-02-05 00:00:00,2021-02-10 00:00:00,1794.300048828125,1838.300048828125,438.3
VolProfile_Reversion(30),LONG,2021-02-17 00:00:00,2021-02-22 00:00:00,1793.0999755859375,1782.0,-112.7
VolProfile_Reversion(30),LONG,2021-03-01 00:00:00,2021-03-10 00:00:00,1732.800048828125,1714.5,-184.7
VolProfile_Reversion(30),LONG,2021-03-31 00:00:00,2021-04-01 00:00:00,1683.699951171875,1709.0,251.3
VolProfile_Reversion(30),SHORT,2021-04-08 00:00:00,2021-04-13 00:00:00,1738.5999755859375,1732.199951171875,62.3
VolProfile_Reversion(30),SHORT,2021-04-14 00:00:00,2021-04-15 00:00:00,1746.4000244140625,1736.5999755859375,96.3
VolProfile_Reversion(30),SHORT,2021-04-16 00:00:00,2021-04-26 00:00:00,1764.800048828125,1776.0999755859375,-114.7
VolProfile_Reversion(30),SHORT,2021-05-04 00:00:00,2021-05-05 00:00:00,1793.199951171875,1778.4000244140625,146.3
VolProfile_Reversion(30),SHORT,2021-05-07 00:00:00,2021-05-13 00:00:00,1815.4000244140625,1816.199951171875,-9.7
VolProfile_Reversion(30),SHORT,2021-05-17 00:00:00,2021-05-24 00:00:00,1845.9000244140625,1883.5,-377.7
VolProfile_Reversion(30),SHORT,2021-05-25 00:00:00,2021-06-03 00:00:00,1881.199951171875,1910.5,-294.7
VolProfile_Reversion(30),LONG,2021-06-18 00:00:00,2021-06-23 00:00:00,1773.9000244140625,1779.0999755859375,50.3
VolProfile_Reversion(30),LONG,2021-06-30 00:00:00,2021-07-06 00:00:00,1761.9000244140625,1787.5,254.3
VolProfile_Reversion(30),SHORT,2021-07-30 00:00:00,2021-08-04 00:00:00,1828.0,1813.699951171875,141.3
VolProfile_Reversion(30),LONG,2021-08-09 00:00:00,2021-08-17 00:00:00,1765.0,1789.0999755859375,239.3
VolProfile_Reversion(30),LONG,2021-08-18 00:00:00,2021-08-23 00:00:00,1787.800048828125,1781.199951171875,-67.7
VolProfile_Reversion(30),SHORT,2021-09-07 00:00:00,2021-09-08 00:00:00,1833.5,1796.0999755859375,372.3
VolProfile_Reversion(30),LONG,2021-09-17 00:00:00,2021-09-20 00:00:00,1754.5999755859375,1754.199951171875,-5.7
VolProfile_Reversion(30),LONG,2021-09-24 00:00:00,2021-10-01 00:00:00,1743.699951171875,1757.199951171875,133.3
VolProfile_Reversion(30),SHORT,2021-10-25 00:00:00,2021-10-27 00:00:00,1794.199951171875,1795.0,-9.7
VolProfile_Reversion(30),SHORT,2021-10-29 00:00:00,2021-11-01 00:00:00,1801.5,1785.300048828125,160.3
VolProfile_Reversion(30),SHORT,2021-11-08 00:00:00,2021-11-19 00:00:00,1820.5999755859373,1860.800048828125,-403.7
VolProfile_Reversion(30),LONG,2021-12-01 00:00:00,2021-12-02 00:00:00,1777.4000244140625,1783.800048828125,62.3
VolProfile_Reversion(30),LONG,2021-12-03 00:00:00,2021-12-06 00:00:00,1769.4000244140625,1787.699951171875,181.3
VolProfile_Reversion(30),LONG,2021-12-15 00:00:00,2021-12-17 00:00:00,1771.9000244140625,1801.5,294.3
VolProfile_Reversion(30),SHORT,2022-01-03 00:00:00,2022-01-04 00:00:00,1830.0999755859373,1801.0999755859375,288.3
VolProfile_Reversion(30),SHORT,2022-01-12 00:00:00,2022-01-18 00:00:00,1821.300048828125,1818.699951171875,24.3
VolProfile_Reversion(30),SHORT,2022-01-20 00:00:00,2022-01-27 00:00:00,1840.0999755859373,1819.0,209.3
VolProfile_Reversion(30),LONG,2022-01-31 00:00:00,2022-02-02 00:00:00,1788.5,1800.800048828125,121.3
VolProfile_Reversion(30),SHORT,2022-02-15 00:00:00,2022-02-28 00:00:00,1873.800048828125,1921.0,-473.7
VolProfile_Reversion(30),SHORT,2022-03-02 00:00:00,2022-03-03 00:00:00,1945.300048828125,1931.699951171875,134.3
VolProfile_Reversion(30),SHORT,2022-03-04 00:00:00,2022-03-10 00:00:00,1938.5,1992.800048828125,-544.7
VolProfile_Reversion(30),LONG,2022-04-26 00:00:00,2022-05-02 00:00:00,1899.800048828125,1896.199951171875,-37.7
VolProfile_Reversion(30),LONG,2022-05-03 00:00:00,2022-05-06 00:00:00,1863.5999755859373,1877.5,137.3
VolProfile_Reversion(30),LONG,2022-05-10 00:00:00,2022-05-12 00:00:00,1853.9000244140625,1852.300048828125,-17.7
VolProfile_Reversion(30),LONG,2022-05-13 00:00:00,2022-05-20 00:00:00,1821.4000244140625,1839.5999755859373,180.3
VolProfile_Reversion(30),LONG,2022-06-14 00:00:00,2022-06-15 00:00:00,1820.9000244140625,1809.699951171875,-113.7
VolProfile_Reversion(30),LONG,2022-06-28 00:00:00,2022-07-14 00:00:00,1823.5999755859373,1733.5999755859375,-901.7
VolProfile_Reversion(30),LONG,2022-07-15 00:00:00,2022-07-20 00:00:00,1708.199951171875,1709.5,11.3
VolProfile_Reversion(30),LONG,2022-07-21 00:00:00,2022-07-22 00:00:00,1693.699951171875,1717.199951171875,233.3
VolProfile_Reversion(30),SHORT,2022-08-11 00:00:00,2022-08-12 00:00:00,1807.9000244140625,1805.199951171875,25.3
VolProfile_Reversion(30),SHORT,2022-08-15 00:00:00,2022-08-16 00:00:00,1818.9000244140625,1795.5,232.3
VolProfile_Reversion(30),LONG,2022-09-07 00:00:00,2022-09-08 00:00:00,1712.9000244140625,1729.5,164.3
VolProfile_Reversion(30),LONG,2022-09-15 00:00:00,2022-09-19 00:00:00,1707.199951171875,1685.4000244140625,-219.7
VolProfile_Reversion(30),LONG,2022-09-20 00:00:00,2022-09-22 00:00:00,1684.9000244140625,1682.800048828125,-22.7
VolProfile_Reversion(30),LONG,2022-09-26 00:00:00,2022-09-29 00:00:00,1651.0,1669.0,178.3
VolProfile_Reversion(30),LONG,2022-10-20 00:00:00,2022-10-24 00:00:00,1634.5999755859375,1662.9000244140625,281.3
VolProfile_Reversion(30),LONG,2022-11-01 00:00:00,2022-11-02 00:00:00,1636.0999755859375,1651.4000244140625,151.3
VolProfile_Reversion(30),LONG,2022-11-04 00:00:00,2022-11-07 00:00:00,1631.699951171875,1678.5999755859375,467.3
VolProfile_Reversion(30),SHORT,2022-11-11 00:00:00,2022-11-18 00:00:00,1758.300048828125,1763.0999755859375,-49.7
VolProfile_Reversion(30),SHORT,2022-12-02 00:00:00,2022-12-06 00:00:00,1817.0,1780.800048828125,360.3
VolProfile_Reversion(30),SHORT,2022-12-12 00:00:00,2022-12-13 00:00:00,1808.0,1792.300048828125,155.3
VolProfile_Reversion(30),SHORT,2022-12-14 00:00:00,2022-12-16 00:00:00,1822.5999755859373,1786.9000244140625,355.3
VolProfile_Reversion(30),SHORT,2022-12-21 00:00:00,2022-12-23 00:00:00,1827.9000244140625,1801.0,267.3
VolProfile_Reversion(30),SHORT,2022-12-28 00:00:00,2022-12-29 00:00:00,1822.4000244140625,1812.300048828125,99.3
VolProfile_Reversion(30),SHORT,2022-12-30 00:00:00,2023-01-06 00:00:00,1821.800048828125,1835.9000244140625,-142.7
VolProfile_Reversion(30),SHORT,2023-01-09 00:00:00,2023-01-12 00:00:00,1872.800048828125,1879.699951171875,-70.7
VolProfile_Reversion(30),SHORT,2023-01-13 00:00:00,2023-01-20 00:00:00,1898.800048828125,1933.699951171875,-350.7
VolProfile_Reversion(30),SHORT,2023-01-23 00:00:00,2023-01-27 00:00:00,1928.4000244140625,1929.300048828125,-10.7
VolProfile_Reversion(30),SHORT,2023-02-02 00:00:00,2023-02-03 00:00:00,1967.0999755859373,1926.300048828125,406.3
VolProfile_Reversion(30),LONG,2023-02-17 00:00:00,2023-02-21 00:00:00,1845.699951171875,1850.5,46.3
VolProfile_Reversion(30),LONG,2023-02-22 00:00:00,2023-02-23 00:00:00,1843.699951171875,1834.699951171875,-91.7
VolProfile_Reversion(30),LONG,2023-02-24 00:00:00,2023-03-02 00:00:00,1829.699951171875,1843.800048828125,139.3
VolProfile_Reversion(30),LONG,2023-03-08 00:00:00,2023-03-10 00:00:00,1818.0,1835.0999755859373,169.3
VolProfile_Reversion(30),SHORT,2023-03-20 00:00:00,2023-03-22 00:00:00,1989.699951171875,1943.5,460.3
VolProfile_Reversion(30),SHORT,2023-03-24 00:00:00,2023-03-28 00:00:00,1996.0999755859373,1957.800048828125,381.3
VolProfile_Reversion(30),SHORT,2023-04-04 00:00:00,2023-04-17 00:00:00,2001.300048828125,2014.0999755859373,-129.7
VolProfile_Reversion(30),SHORT,2023-05-03 00:00:00,2023-05-08 00:00:00,2026.4000244140625,2024.5999755859373,16.3
VolProfile_Reversion(30),SHORT,2023-05-10 00:00:00,2023-05-11 00:00:00,2041.5999755859373,2036.800048828125,46.3
VolProfile_Reversion(30),LONG,2023-05-17 00:00:00,2023-05-23 00:00:00,1993.0,1973.9000244140625,-192.7
VolProfile_Reversion(30),LONG,2023-05-25 00:00:00,2023-06-02 00:00:00,1959.5,1994.5999755859373,349.3
VolProfile_Reversion(30),LONG,2023-06-05 00:00:00,2023-06-06 00:00:00,1962.300048828125,1978.0,155.3
VolProfile_Reversion(30),LONG,2023-06-08 00:00:00,2023-06-09 00:00:00,1956.199951171875,1980.5,241.3
VolProfile_Reversion(30),LONG,2023-06-14 00:00:00,2023-06-15 00:00:00,1957.199951171875,1955.699951171875,-16.7
VolProfile_Reversion(30),LONG,2023-06-21 00:00:00,2023-07-05 00:00:00,1948.0,1929.0999755859373,-190.7
VolProfile_Reversion(30),LONG,2023-07-07 00:00:00,2023-07-10 00:00:00,1916.5999755859373,1930.699951171875,139.3
VolProfile_Reversion(30),SHORT,2023-07-19 00:00:00,2023-07-21 00:00:00,1982.5,1972.0999755859373,102.3
VolProfile_Reversion(30),LONG,2023-08-18 00:00:00,2023-08-23 00:00:00,1919.199951171875,1926.800048828125,74.3
VolProfile_Reversion(30),LONG,2023-09-27 00:00:00,2023-10-09 00:00:00,1918.800048828125,1861.0,-579.7
VolProfile_Reversion(30),SHORT,2023-10-19 00:00:00,2023-10-25 00:00:00,1960.0999755859373,1982.699951171875,-227.7
VolProfile_Reversion(30),SHORT,2023-10-26 00:00:00,2023-11-01 00:00:00,1991.199951171875,1993.300048828125,-22.7
VolProfile_Reversion(30),SHORT,2023-11-28 00:00:00,2023-12-06 00:00:00,2014.300048828125,2037.800048828125,-236.7
VolProfile_Reversion(30),LONG,2024-01-11 00:00:00,2024-01-16 00:00:00,2029.4000244140625,2053.39990234375,238.3
VolProfile_Reversion(30),LONG,2024-01-17 00:00:00,2024-01-22 00:00:00,2031.699951171875,2031.800048828125,-0.7
VolProfile_Reversion(30),SHORT,2024-02-02 00:00:00,2024-02-05 00:00:00,2072.0,2057.89990234375,139.3
VolProfile_Reversion(30),LONG,2024-02-14 00:00:00,2024-02-16 00:00:00,2006.300048828125,2016.0999755859373,96.3
VolProfile_Reversion(30),SHORT,2024-03-01 00:00:00,2024-03-13 00:00:00,2052.800048828125,2163.60009765625,-1109.7
VolProfile_Reversion(30),SHORT,2024-04-01 00:00:00,2024-04-15 00:00:00,2259.199951171875,2369.39990234375,-1103.7
VolProfile_Reversion(30),SHORT,2024-04-17 00:00:00,2024-04-18 00:00:00,2398.0,2377.89990234375,199.3
VolProfile_Reversion(30),SHORT,2024-04-22 00:00:00,2024-04-23 00:00:00,2403.699951171875,2342.300048828125,612.3
VolProfile_Reversion(30),SHORT,2024-05-20 00:00:00,2024-05-23 00:00:00,2422.199951171875,2383.0,390.3
VolProfile_Reversion(30),LONG,2024-06-27 00:00:00,2024-06-28 00:00:00,2309.39990234375,2338.60009765625,290.3
VolProfile_Reversion(30),SHORT,2024-07-05 00:00:00,2024-07-10 00:00:00,2365.800048828125,2371.0,-53.7
VolProfile_Reversion(30),SHORT,2024-07-12 00:00:00,2024-07-22 00:00:00,2421.0,2403.699951171875,171.3
VolProfile_Reversion(30),SHORT,2024-08-02 00:00:00,2024-08-05 00:00:00,2490.800048828125,2490.300048828125,3.3
VolProfile_Reversion(30),SHORT,2024-08-13 00:00:00,2024-08-15 00:00:00,2512.60009765625,2486.199951171875,262.3
VolProfile_Reversion(30),SHORT,2024-08-16 00:00:00,2024-08-28 00:00:00,2494.39990234375,2559.800048828125,-655.7
VolProfile_Reversion(30),SHORT,2024-09-13 00:00:00,2024-09-19 00:00:00,2587.5,2585.10009765625,22.3
VolProfile_Reversion(30),SHORT,2024-09-20 00:00:00,2024-10-03 00:00:00,2611.199951171875,2679.89990234375,-688.7
VolProfile_Reversion(30),SHORT,2024-10-04 00:00:00,2024-10-07 00:00:00,2675.699951171875,2671.699951171875,38.3
VolProfile_Reversion(30),SHORT,2024-10-14 00:00:00,2024-10-15 00:00:00,2673.10009765625,2663.5,94.3
VolProfile_Reversion(30),SHORT,2024-10-16 00:00:00,2024-10-25 00:00:00,2679.5,2748.60009765625,-692.7
VolProfile_Reversion(30),SHORT,2024-10-28 00:00:00,2024-11-01 00:00:00,2749.199951171875,2754.0,-49.7
VolProfile_Reversion(30),LONG,2024-11-12 00:00:00,2024-11-19 00:00:00,2625.699951171875,2616.300048828125,-95.7
VolProfile_Reversion(30),SHORT,2025-01-10 00:00:00,2025-01-14 00:00:00,2692.89990234375,2682.0,107.3
VolProfile_Reversion(30),SHORT,2025-01-17 00:00:00,2025-01-28 00:00:00,2746.800048828125,2742.39990234375,42.3
VolProfile_Reversion(30),SHORT,2025-01-29 00:00:00,2025-02-13 00:00:00,2771.60009765625,2928.800048828125,-1573.7
VolProfile_Reversion(30),SHORT,2025-02-14 00:00:00,2025-02-18 00:00:00,2957.300048828125,2895.10009765625,620.3
VolProfile_Reversion(30),SHORT,2025-02-19 00:00:00,2025-02-20 00:00:00,2954.10009765625,2949.5,44.3
VolProfile_Reversion(30),SHORT,2025-02-21 00:00:00,2025-02-24 00:00:00,2955.699951171875,2950.39990234375,51.3
VolProfile_Reversion(30),SHORT,2025-02-25 00:00:00,2025-02-26 00:00:00,2968.5,2929.0,393.3
VolProfile_Reversion(30),SHORT,2025-03-13 00:00:00,2025-03-26 00:00:00,2943.300048828125,3025.800048828125,-826.7
VolProfile_Reversion(30),SHORT,2025-03-28 00:00:00,2025-04-07 00:00:00,3069.699951171875,3055.10009765625,144.3
VolProfile_Reversion(30),SHORT,2025-04-11 00:00:00,2025-04-16 00:00:00,3194.199951171875,3346.39990234375,-1523.7
"TPO_Reversion(60,p=5)",LONG,2016-11-15 00:00:00,2016-12-30 00:00:00,1224.300048828125,1162.0,-624.7
"TPO_Reversion(60,p=5)",SHORT,2017-02-07 00:00:00,2017-02-15 00:00:00,1234.199951171875,1225.5,85.3
"TPO_Reversion(60,p=5)",SHORT,2017-02-16 00:00:00,2017-02-23 00:00:00,1234.5,1236.0999755859375,-17.7
"TPO_Reversion(60,p=5)",SHORT,2017-02-24 00:00:00,2017-03-03 00:00:00,1250.0,1231.699951171875,181.3
"TPO_Reversion(60,p=5)",SHORT,2017-03-23 00:00:00,2017-03-27 00:00:00,1246.4000244140625,1255.800048828125,-95.7
"TPO_Reversion(60,p=5)",SHORT,2017-03-28 00:00:00,2017-03-31 00:00:00,1255.9000244140625,1242.0999755859375,136.3
"TPO_Reversion(60,p=5)",SHORT,2017-04-04 00:00:00,2017-04-06 00:00:00,1253.0999755859375,1256.0999755859375,-31.7
"TPO_Reversion(60,p=5)",SHORT,2017-04-07 00:00:00,2017-04-27 00:00:00,1249.5,1266.699951171875,-173.7
"TPO_Reversion(60,p=5)",SHORT,2017-04-28 00:00:00,2017-05-01 00:00:00,1265.9000244140625,1268.699951171875,-29.7
"TPO_Reversion(60,p=5)",LONG,2017-05-10 00:00:00,2017-05-11 00:00:00,1219.800048828125,1218.5,-14.7
"TPO_Reversion(60,p=5)",SHORT,2017-06-05 00:00:00,2017-06-06 00:00:00,1279.199951171875,1279.4000244140625,-3.7
"TPO_Reversion(60,p=5)",SHORT,2017-06-07 00:00:00,2017-06-12 00:00:00,1291.5999755859375,1266.4000244140625,250.3
"TPO_Reversion(60,p=5)",LONG,2017-06-20 00:00:00,2017-06-22 00:00:00,1242.199951171875,1251.0,86.3
"TPO_Reversion(60,p=5)",LONG,2017-07-05 00:00:00,2017-07-17 00:00:00,1222.5,1229.9000244140625,72.3
"TPO_Reversion(60,p=5)",SHORT,2017-07-31 00:00:00,2017-08-01 00:00:00,1268.9000244140625,1268.4000244140625,3.3
"TPO_Reversion(60,p=5)",SHORT,2017-08-11 00:00:00,2017-08-16 00:00:00,1286.300048828125,1271.300048828125,148.3
"TPO_Reversion(60,p=5)",SHORT,2017-08-18 00:00:00,2017-08-21 00:00:00,1288.5999755859375,1285.199951171875,32.3
"TPO_Reversion(60,p=5)",SHORT,2017-08-22 00:00:00,2017-08-23 00:00:00,1287.199951171875,1289.4000244140625,-23.7
"TPO_Reversion(60,p=5)",SHORT,2017-08-24 00:00:00,2017-08-25 00:00:00,1288.699951171875,1285.4000244140625,31.3
"TPO_Reversion(60,p=5)",SHORT,2017-08-28 00:00:00,2017-09-15 00:00:00,1293.5,1320.5999755859375,-272.7
"TPO_Reversion(60,p=5)",LONG,2017-12-06 00:00:00,2017-12-21 00:00:00,1264.9000244140625,1266.4000244140625,13.3
"TPO_Reversion(60,p=5)",SHORT,2018-01-02 00:00:00,2018-02-01 00:00:00,1302.300048828125,1343.800048828125,-416.7
"TPO_Reversion(60,p=5)",SHORT,2018-02-02 00:00:00,2018-02-05 00:00:00,1348.5,1331.0999755859375,172.3
"TPO_Reversion(60,p=5)",SHORT,2018-02-15 00:00:00,2018-02-16 00:00:00,1352.0,1354.0,-21.7
"TPO_Reversion(60,p=5)",SHORT,2018-03-27 00:00:00,2018-03-28 00:00:00,1341.0,1345.0,-41.7
"TPO_Reversion(60,p=5)",SHORT,2018-04-12 00:00:00,2018-04-13 00:00:00,1351.199951171875,1335.9000244140625,151.3
"TPO_Reversion(60,p=5)",SHORT,2018-04-19 00:00:00,2018-04-20 00:00:00,1348.5999755859375,1342.5,59.3
"TPO_Reversion(60,p=5)",LONG,2018-04-27 00:00:00,2018-04-30 00:00:00,1315.300048828125,1309.5999755859375,-58.7
"TPO_Reversion(60,p=5)",LONG,2018-05-02 00:00:00,2018-05-07 00:00:00,1309.0,1310.5999755859375,14.3
"TPO_Reversion(60,p=5)",LONG,2018-05-08 00:00:00,2018-05-11 00:00:00,1310.0999755859375,1319.0,87.3
"TPO_Reversion(60,p=5)",LONG,2018-05-16 00:00:00,2018-06-08 00:00:00,1290.9000244140625,1295.300048828125,42.3
"TPO_Reversion(60,p=5)",LONG,2018-06-11 00:00:00,2018-06-12 00:00:00,1299.300048828125,1297.800048828125,-16.7
"TPO_Reversion(60,p=5)",LONG,2018-06-13 00:00:00,2018-06-14 00:00:00,1294.0,1297.199951171875,30.3
"TPO_Reversion(60,p=5)",LONG,2018-06-18 00:00:00,2018-07-06 00:00:00,1280.699951171875,1255.5,-253.7
"TPO_Reversion(60,p=5)",LONG,2018-07-11 00:00:00,2018-08-09 00:00:00,1253.199951171875,1214.5,-388.7
"TPO_Reversion(60,p=5)",LONG,2018-08-14 00:00:00,2018-08-27 00:00:00,1193.0999755859375,1210.300048828125,170.3
"TPO_Reversion(60,p=5)",LONG,2018-09-28 00:00:00,2018-10-01 00:00:00,1181.699951171875,1191.5999755859375,97.3
"TPO_Reversion(60,p=5)",SHORT,2018-10-12 00:00:00,2018-11-01 00:00:00,1221.5999755859375,1215.4000244140625,60.3
"TPO_Reversion(60,p=5)",SHORT,2018-11-02 00:00:00,2018-11-07 00:00:00,1233.300048828125,1228.5999755859375,45.3
"TPO_Reversion(60,p=5)",SHORT,2018-12-04 00:00:00,2018-12-17 00:00:00,1231.0,1239.300048828125,-84.7
"TPO_Reversion(60,p=5)",SHORT,2018-12-18 00:00:00,2019-01-22 00:00:00,1248.199951171875,1282.5,-344.7
"TPO_Reversion(60,p=5)",SHORT,2019-01-28 00:00:00,2019-02-08 00:00:00,1300.800048828125,1309.5,-88.7
"TPO_Reversion(60,p=5)",SHORT,2019-02-20 00:00:00,2019-02-22 00:00:00,1342.199951171875,1324.199951171875,178.3
"TPO_Reversion(60,p=5)",SHORT,2019-02-25 00:00:00,2019-02-26 00:00:00,1329.199951171875,1323.300048828125,57.3
"TPO_Reversion(60,p=5)",SHORT,2019-03-26 00:00:00,2019-03-27 00:00:00,1315.5999755859375,1309.9000244140625,55.3
"TPO_Reversion(60,p=5)",LONG,2019-04-17 00:00:00,2019-04-29 00:00:00,1273.5,1284.800048828125,111.3
"TPO_Reversion(60,p=5)",LONG,2019-04-30 00:00:00,2019-05-01 00:00:00,1281.699951171875,1278.699951171875,-31.7
"TPO_Reversion(60,p=5)",LONG,2019-05-03 00:00:00,2019-05-06 00:00:00,1270.0999755859375,1282.199951171875,119.3
"TPO_Reversion(60,p=5)",LONG,2019-05-20 00:00:00,2019-05-24 00:00:00,1276.0999755859375,1283.0,67.3
"TPO_Reversion(60,p=5)",SHORT,2019-06-03 00:00:00,2019-07-03 00:00:00,1307.0,1431.0,-1241.7
"TPO_Reversion(60,p=5)",SHORT,2019-08-05 00:00:00,2019-08-20 00:00:00,1440.4000244140625,1497.5,-572.7
"TPO_Reversion(60,p=5)",SHORT,2019-08-26 00:00:00,2019-09-03 00:00:00,1543.199951171875,1522.9000244140625,201.3
"TPO_Reversion(60,p=5)",SHORT,2019-09-04 00:00:00,2019-09-06 00:00:00,1549.0,1517.300048828125,315.3
"TPO_Reversion(60,p=5)",SHORT,2019-09-25 00:00:00,2019-09-26 00:00:00,1527.5999755859375,1507.5,199.3
"TPO_Reversion(60,p=5)",LONG,2019-11-08 00:00:00,2019-11-20 00:00:00,1469.0999755859375,1472.5999755859375,33.3
"TPO_Reversion(60,p=5)",LONG,2019-11-21 00:00:00,2019-12-03 00:00:00,1463.0999755859375,1461.5999755859375,-16.7
"TPO_Reversion(60,p=5)",LONG,2019-12-09 00:00:00,2019-12-11 00:00:00,1458.800048828125,1463.0999755859375,41.3
"TPO_Reversion(60,p=5)",SHORT,2019-12-27 00:00:00,2020-01-17 00:00:00,1513.800048828125,1554.0999755859375,-404.7
"TPO_Reversion(60,p=5)",SHORT,2020-01-21 00:00:00,2020-01-22 00:00:00,1559.300048828125,1549.800048828125,93.3
"TPO_Reversion(60,p=5)",SHORT,2020-01-23 00:00:00,2020-01-24 00:00:00,1553.0999755859375,1556.300048828125,-33.7
"TPO_Reversion(60,p=5)",SHORT,2020-01-27 00:00:00,2020-01-30 00:00:00,1584.300048828125,1576.800048828125,73.3
"TPO_Reversion(60,p=5)",SHORT,2020-02-19 00:00:00,2020-03-02 00:00:00,1600.5999755859375,1583.9000244140625,165.3
"TPO_Reversion(60,p=5)",SHORT,2020-03-04 00:00:00,2020-03-11 00:00:00,1645.4000244140625,1656.5999755859375,-113.7
"TPO_Reversion(60,p=5)",LONG,2020-03-16 00:00:00,2020-03-18 00:00:00,1569.0999755859375,1537.5,-317.7
"TPO_Reversion(60,p=5)",LONG,2020-03-19 00:00:00,2020-03-24 00:00:00,1481.5,1592.699951171875,1110.3
"TPO_Reversion(60,p=5)",SHORT,2020-03-25 00:00:00,2020-03-26 00:00:00,1676.5,1660.5,158.3
"TPO_Reversion(60,p=5)",SHORT,2020-03-27 00:00:00,2020-03-30 00:00:00,1623.9000244140625,1641.199951171875,-174.7
"TPO_Reversion(60,p=5)",SHORT,2020-04-13 00:00:00,2020-04-20 00:00:00,1722.0,1686.0,358.3
"TPO_Reversion(60,p=5)",SHORT,2020-04-21 00:00:00,2020-04-22 00:00:00,1697.0,1696.0,8.3
"TPO_Reversion(60,p=5)",SHORT,2020-04-23 00:00:00,2020-04-30 00:00:00,1734.0,1719.300048828125,145.3
"TPO_Reversion(60,p=5)",SHORT,2020-05-08 00:00:00,2020-05-11 00:00:00,1726.199951171875,1702.300048828125,237.3
"TPO_Reversion(60,p=5)",SHORT,2020-05-15 00:00:00,2020-05-19 00:00:00,1739.699951171875,1744.199951171875,-46.7
"TPO_Reversion(60,p=5)",SHORT,2020-05-20 00:00:00,2020-05-22 00:00:00,1751.5999755859375,1726.5999755859375,248.3
"TPO_Reversion(60,p=5)",SHORT,2020-06-01 00:00:00,2020-06-03 00:00:00,1749.800048828125,1733.699951171875,159.3
"TPO_Reversion(60,p=5)",SHORT,2020-06-22 00:00:00,2020-08-12 00:00:00,1765.800048828125,1921.5999755859373,-1559.7
"TPO_Reversion(60,p=5)",SHORT,2020-08-19 00:00:00,2020-08-20 00:00:00,2010.5,1934.4000244140625,759.3
"TPO_Reversion(60,p=5)",LONG,2020-10-29 00:00:00,2020-11-03 00:00:00,1877.5,1896.4000244140625,187.3
"TPO_Reversion(60,p=5)",LONG,2020-11-10 00:00:00,2020-11-16 00:00:00,1864.0999755859373,1886.5999755859373,223.3
"TPO_Reversion(60,p=5)",LONG,2020-11-20 00:00:00,2020-11-23 00:00:00,1864.800048828125,1869.800048828125,48.3
"TPO_Reversion(60,p=5)",LONG,2020-11-24 00:00:00,2020-12-08 00:00:00,1835.699951171875,1866.0999755859373,302.3
"TPO_Reversion(60,p=5)",LONG,2020-12-10 00:00:00,2020-12-16 00:00:00,1843.0,1857.699951171875,145.3
"TPO_Reversion(60,p=5)",SHORT,2021-01-05 00:00:00,2021-01-07 00:00:00,1946.0,1921.5,243.3
"TPO_Reversion(60,p=5)",LONG,2021-02-05 00:00:00,2021-02-09 00:00:00,1794.300048828125,1832.4000244140625,379.3
"TPO_Reversion(60,p=5)",LONG,2021-02-17 00:00:00,2021-02-23 00:00:00,1793.0999755859375,1809.300048828125,160.3
"TPO_Reversion(60,p=5)",LONG,2021-02-26 00:00:00,2021-03-16 00:00:00,1770.9000244140625,1730.699951171875,-403.7
"TPO_Reversion(60,p=5)",LONG,2021-03-31 00:00:00,2021-04-01 00:00:00,1683.699951171875,1709.0,251.3
"TPO_Reversion(60,p=5)",SHORT,2021-05-07 00:00:00,2021-06-04 00:00:00,1815.4000244140625,1872.699951171875,-574.7
"TPO_Reversion(60,p=5)",SHORT,2021-06-07 00:00:00,2021-06-08 00:00:00,1894.300048828125,1901.5999755859373,-74.7
"TPO_Reversion(60,p=5)",LONG,2021-08-09 00:00:00,2021-08-16 00:00:00,1765.0,1780.699951171875,155.3
"TPO_Reversion(60,p=5)",LONG,2021-09-17 00:00:00,2021-09-20 00:00:00,1754.5999755859375,1754.199951171875,-5.7
"TPO_Reversion(60,p=5)",LONG,2021-09-21 00:00:00,2021-09-22 00:00:00,1765.5,1775.0,93.3
"TPO_Reversion(60,p=5)",LONG,2021-09-24 00:00:00,2021-09-27 00:00:00,1743.699951171875,1751.800048828125,79.3
"TPO_Reversion(60,p=5)",LONG,2021-09-28 00:00:00,2021-10-04 00:00:00,1750.0,1762.5999755859375,124.3
"TPO_Reversion(60,p=5)",LONG,2021-10-06 00:00:00,2021-10-07 00:00:00,1760.5,1763.800048828125,31.3
"TPO_Reversion(60,p=5)",SHORT,2021-11-08 00:00:00,2021-11-23 00:00:00,1820.5999755859373,1807.0999755859373,133.3
"TPO_Reversion(60,p=5)",SHORT,2022-01-03 00:00:00,2022-01-04 00:00:00,1830.0999755859373,1801.0999755859375,288.3
"TPO_Reversion(60,p=5)",SHORT,2022-01-06 00:00:00,2022-01-07 00:00:00,1810.5999755859373,1791.0,194.3
"TPO_Reversion(60,p=5)",SHORT,2022-01-13 00:00:00,2022-01-14 00:00:00,1825.699951171875,1822.0999755859373,34.3
"TPO_Reversion(60,p=5)",SHORT,2022-01-20 00:00:00,2022-01-24 00:00:00,1840.0999755859373,1835.199951171875,47.3
"TPO_Reversion(60,p=5)",SHORT,2022-01-25 00:00:00,2022-01-27 00:00:00,1843.5999755859373,1819.0,244.3
"TPO_Reversion(60,p=5)",SHORT,2022-02-10 00:00:00,2022-03-15 00:00:00,1834.0,1953.699951171875,-1198.7
"TPO_Reversion(60,p=5)",SHORT,2022-04-14 00:00:00,2022-04-18 00:00:00,1981.5999755859373,1978.5,29.3
"TPO_Reversion(60,p=5)",SHORT,2022-04-19 00:00:00,2022-04-20 00:00:00,1981.199951171875,1952.699951171875,283.3
"TPO_Reversion(60,p=5)",LONG,2022-05-03 00:00:00,2022-05-06 00:00:00,1863.5999755859373,1877.5,137.3
"TPO_Reversion(60,p=5)",LONG,2022-05-10 00:00:00,2022-05-25 00:00:00,1853.9000244140625,1865.4000244140625,113.3
"TPO_Reversion(60,p=5)",LONG,2022-06-01 00:00:00,2022-06-02 00:00:00,1840.0,1849.9000244140625,97.3
"TPO_Reversion(60,p=5)",LONG,2022-06-15 00:00:00,2022-06-17 00:00:00,1809.699951171875,1859.300048828125,494.3
"TPO_Reversion(60,p=5)",LONG,2022-07-05 00:00:00,2022-07-25 00:00:00,1814.4000244140625,1726.300048828125,-882.7
"TPO_Reversion(60,p=5)",LONG,2022-07-27 00:00:00,2022-07-28 00:00:00,1715.199951171875,1732.300048828125,169.3
"TPO_Reversion(60,p=5)",LONG,2022-09-02 00:00:00,2022-09-06 00:00:00,1707.800048828125,1724.199951171875,162.3
"TPO_Reversion(60,p=5)",LONG,2022-09-16 00:00:00,2022-10-04 00:00:00,1673.699951171875,1708.4000244140625,345.3
"TPO_Reversion(60,p=5)",LONG,2022-10-17 00:00:00,2022-10-18 00:00:00,1649.9000244140625,1655.9000244140625,58.3
"TPO_Reversion(60,p=5)",LONG,2022-10-19 00:00:00,2022-10-24 00:00:00,1657.199951171875,1662.9000244140625,55.3
"TPO_Reversion(60,p=5)",LONG,2022-11-04 00:00:00,2022-11-07 00:00:00,1631.699951171875,1678.5999755859375,467.3
"TPO_Reversion(60,p=5)",SHORT,2022-11-11 00:00:00,2022-11-23 00:00:00,1758.300048828125,1740.800048828125,173.3
"TPO_Reversion(60,p=5)",SHORT,2022-11-25 00:00:00,2022-12-20 00:00:00,1751.0,1796.800048828125,-459.7
"TPO_Reversion(60,p=5)",SHORT,2022-12-22 00:00:00,2022-12-23 00:00:00,1823.800048828125,1801.0,226.3
"TPO_Reversion(60,p=5)",SHORT,2022-12-30 00:00:00,2023-01-03 00:00:00,1821.800048828125,1831.800048828125,-101.7
"TPO_Reversion(60,p=5)",SHORT,2023-01-04 00:00:00,2023-02-01 00:00:00,1845.199951171875,1944.0,-989.7
"TPO_Reversion(60,p=5)",SHORT,2023-02-02 00:00:00,2023-02-03 00:00:00,1967.0999755859373,1926.300048828125,406.3
"TPO_Reversion(60,p=5)",SHORT,2023-03-15 00:00:00,2023-03-17 00:00:00,1908.199951171875,1925.9000244140625,-178.7
"TPO_Reversion(60,p=5)",SHORT,2023-03-20 00:00:00,2023-04-20 00:00:00,1989.699951171875,2007.699951171875,-181.7
"TPO_Reversion(60,p=5)",SHORT,2023-05-04 00:00:00,2023-05-08 00:00:00,2054.699951171875,2024.5999755859373,299.3
"TPO_Reversion(60,p=5)",LONG,2023-06-21 00:00:00,2023-07-10 00:00:00,1948.0,1930.699951171875,-174.7
"TPO_Reversion(60,p=5)",LONG,2023-08-17 00:00:00,2023-08-24 00:00:00,1922.4000244140625,1944.9000244140625,223.3
"TPO_Reversion(60,p=5)",LONG,2023-09-27 00:00:00,2023-10-16 00:00:00,1918.800048828125,1941.300048828125,223.3
"TPO_Reversion(60,p=5)",SHORT,2023-10-23 00:00:00,2023-11-07 00:00:00,1987.699951171875,1984.800048828125,27.3
"TPO_Reversion(60,p=5)",SHORT,2023-11-28 00:00:00,2023-12-11 00:00:00,2014.300048828125,2020.0,-58.7
"TPO_Reversion(60,p=5)",SHORT,2023-12-28 00:00:00,2024-01-02 00:00:00,2089.5,2072.699951171875,166.3
"TPO_Reversion(60,p=5)",SHORT,2024-01-03 00:00:00,2024-01-04 00:00:00,2067.89990234375,2049.300048828125,184.3
"TPO_Reversion(60,p=5)",SHORT,2024-03-04 00:00:00,2024-03-27 00:00:00,2091.60009765625,2179.39990234375,-879.7
"TPO_Reversion(60,p=5)",SHORT,2024-03-28 00:00:00,2024-04-18 00:00:00,2193.60009765625,2377.89990234375,-1844.7
"TPO_Reversion(60,p=5)",SHORT,2024-04-19 00:00:00,2024-04-23 00:00:00,2394.0,2342.300048828125,515.3
"TPO_Reversion(60,p=5)",SHORT,2024-05-20 00:00:00,2024-05-22 00:00:00,2422.199951171875,2425.39990234375,-33.7
"TPO_Reversion(60,p=5)",SHORT,2024-07-08 00:00:00,2024-07-09 00:00:00,2396.199951171875,2366.5,295.3
"TPO_Reversion(60,p=5)",SHORT,2024-07-12 00:00:00,2024-07-22 00:00:00,2421.0,2403.699951171875,171.3
"TPO_Reversion(60,p=5)",SHORT,2024-07-24 00:00:00,2024-07-26 00:00:00,2410.699951171875,2363.800048828125,467.3
"TPO_Reversion(60,p=5)",SHORT,2024-07-31 00:00:00,2024-09-04 00:00:00,2407.10009765625,2524.60009765625,-1176.7
"TPO_Reversion(60,p=5)",SHORT,2024-09-05 00:00:00,2024-09-09 00:00:00,2526.39990234375,2526.5,-2.7
"TPO_Reversion(60,p=5)",SHORT,2024-09-10 00:00:00,2024-09-11 00:00:00,2536.0,2545.699951171875,-98.7
"TPO_Reversion(60,p=5)",SHORT,2024-09-13 00:00:00,2024-10-10 00:00:00,2587.5,2625.800048828125,-384.7
"TPO_Reversion(60,p=5)",SHORT,2024-10-14 00:00:00,2024-10-15 00:00:00,2673.10009765625,2663.5,94.3
"TPO_Reversion(60,p=5)",SHORT,2024-10-21 00:00:00,2024-11-05 00:00:00,2736.300048828125,2746.0,-98.7
"TPO_Reversion(60,p=5)",SHORT,2024-12-12 00:00:00,2024-12-13 00:00:00,2753.60009765625,2704.89990234375,485.3
"TPO_Reversion(60,p=5)",LONG,2024-12-20 00:00:00,2024-12-23 00:00:00,2609.699951171875,2639.10009765625,292.3
"TPO_Reversion(60,p=5)",SHORT,2025-01-17 00:00:00,2025-01-21 00:00:00,2746.800048828125,2739.60009765625,70.3
"TPO_Reversion(60,p=5)",SHORT,2025-01-22 00:00:00,2025-01-28 00:00:00,2758.699951171875,2742.39990234375,161.3
"TPO_Reversion(60,p=5)",SHORT,2025-01-29 00:00:00,2025-02-28 00:00:00,2771.60009765625,2889.0,-1175.7
"TPO_Reversion(60,p=5)",SHORT,2025-03-13 00:00:00,2025-03-25 00:00:00,2943.300048828125,3017.5,-743.7
"TPO_Reversion(60,p=5)",SHORT,2025-03-31 00:00:00,2025-04-02 00:00:00,3091.0,3166.199951171875,-753.7
