strategy,direction,entry_time,exit_time,entry_price,exit_price,net_pnl
MA_Crossover(10/50),SHORT,2016-08-11 00:00:00,2016-08-12 00:00:00,41.47999954223633,43.459999084472656,-199.52
MA_Crossover(10/50),LONG,2016-08-12 00:00:00,2016-11-07 00:00:00,43.459999084472656,44.45000076293945,97.48
MA_Crossover(10/50),SHORT,2016-11-07 00:00:00,2016-12-01 00:00:00,44.45000076293945,49.06999969482422,-463.52
MA_Crossover(10/50),LONG,2016-12-01 00:00:00,2017-03-10 00:00:00,49.06999969482422,49.61000061035156,52.48
MA_Crossover(10/50),SHORT,2017-03-10 00:00:00,2017-04-11 00:00:00,49.61000061035156,53.130001068115234,-353.52
MA_Crossover(10/50),LONG,2017-04-11 00:00:00,2017-04-25 00:00:00,53.130001068115234,49.220001220703125,-392.52
MA_Crossover(10/50),SHORT,2017-04-25 00:00:00,2017-05-25 00:00:00,49.220001220703125,51.25,-204.52
MA_Crossover(10/50),LONG,2017-05-25 00:00:00,2017-06-01 00:00:00,51.25,48.630001068115234,-263.52
MA_Crossover(10/50),SHORT,2017-06-01 00:00:00,2017-07-27 00:00:00,48.630001068115234,48.70000076293945,-8.52
MA_Crossover(10/50),LONG,2017-07-27 00:00:00,2017-08-30 00:00:00,48.70000076293945,46.310001373291016,-240.52
MA_Crossover(10/50),SHORT,2017-08-30 00:00:00,2017-09-07 00:00:00,46.310001373291016,49.13999938964844,-284.52
MA_Crossover(10/50),LONG,2017-09-07 00:00:00,2018-03-15 00:00:00,49.13999938964844,60.95000076293945,1179.48
MA_Crossover(10/50),SHORT,2018-03-15 00:00:00,2018-03-19 00:00:00,60.95000076293945,62.22999954223633,-129.52
MA_Crossover(10/50),LONG,2018-03-19 00:00:00,2018-06-06 00:00:00,62.22999954223633,65.51000213623047,326.48
MA_Crossover(10/50),SHORT,2018-06-06 00:00:00,2018-06-27 00:00:00,65.51000213623047,70.68000030517578,-518.52
MA_Crossover(10/50),LONG,2018-06-27 00:00:00,2018-08-02 00:00:00,70.68000030517578,67.86000061035156,-283.52
MA_Crossover(10/50),SHORT,2018-08-02 00:00:00,2018-08-31 00:00:00,67.86000061035156,70.05999755859375,-221.52
MA_Crossover(10/50),LONG,2018-08-31 00:00:00,2018-09-11 00:00:00,70.05999755859375,67.52999877929688,-254.52
MA_Crossover(10/50),SHORT,2018-09-11 00:00:00,2018-09-12 00:00:00,67.52999877929688,69.88999938964844,-237.52
MA_Crossover(10/50),LONG,2018-09-12 00:00:00,2018-10-23 00:00:00,69.88999938964844,69.55000305175781,-35.52
MA_Crossover(10/50),SHORT,2018-10-23 00:00:00,2019-02-04 00:00:00,69.55000305175781,55.31999969482422,1421.48
MA_Crossover(10/50),LONG,2019-02-04 00:00:00,2019-02-13 00:00:00,55.31999969482422,53.34999847412109,-198.52
MA_Crossover(10/50),SHORT,2019-02-13 00:00:00,2019-02-14 00:00:00,53.34999847412109,53.959999084472656,-62.52
MA_Crossover(10/50),LONG,2019-02-14 00:00:00,2019-05-28 00:00:00,53.959999084472656,58.93999862670898,496.48
MA_Crossover(10/50),SHORT,2019-05-28 00:00:00,2019-07-11 00:00:00,58.93999862670898,60.43999862670898,-151.52
MA_Crossover(10/50),LONG,2019-07-11 00:00:00,2019-07-19 00:00:00,60.43999862670898,55.720001220703125,-473.52
MA_Crossover(10/50),SHORT,2019-07-19 00:00:00,2019-09-11 00:00:00,55.720001220703125,57.88999938964844,-218.52
MA_Crossover(10/50),LONG,2019-09-11 00:00:00,2019-09-13 00:00:00,57.88999938964844,55.150001525878906,-275.52
MA_Crossover(10/50),SHORT,2019-09-13 00:00:00,2019-09-17 00:00:00,55.150001525878906,61.959999084472656,-682.52
MA_Crossover(10/50),LONG,2019-09-17 00:00:00,2019-10-01 00:00:00,61.959999084472656,54.27999877929688,-769.52
MA_Crossover(10/50),SHORT,2019-10-01 00:00:00,2019-11-05 00:00:00,54.27999877929688,56.560001373291016,-229.52
MA_Crossover(10/50),LONG,2019-11-05 00:00:00,2020-01-23 00:00:00,56.560001373291016,56.11000061035156,-46.52
MA_Crossover(10/50),SHORT,2020-01-23 00:00:00,2020-04-23 00:00:00,56.11000061035156,16.5,3959.48
Donchian_Breakout(20),LONG,2016-09-30 00:00:00,2016-11-01 00:00:00,47.7599983215332,46.77000045776367,-100.52
Donchian_Breakout(20),SHORT,2016-11-01 00:00:00,2016-12-01 00:00:00,46.77000045776367,49.06999969482422,-231.52
Donchian_Breakout(20),LONG,2016-12-01 00:00:00,2017-03-09 00:00:00,49.06999969482422,50.220001220703125,113.48
Donchian_Breakout(20),SHORT,2017-03-09 00:00:00,2017-04-10 00:00:00,50.220001220703125,52.310001373291016,-210.52
Donchian_Breakout(20),LONG,2017-04-10 00:00:00,2017-05-03 00:00:00,52.310001373291016,48.119998931884766,-420.52
Donchian_Breakout(20),SHORT,2017-05-03 00:00:00,2017-05-23 00:00:00,48.119998931884766,51.040000915527344,-293.52
Donchian_Breakout(20),LONG,2017-05-23 00:00:00,2017-06-09 00:00:00,51.040000915527344,45.709999084472656,-534.52
Donchian_Breakout(20),SHORT,2017-06-09 00:00:00,2017-07-26 00:00:00,45.709999084472656,48.5099983215332,-281.52
Donchian_Breakout(20),LONG,2017-07-26 00:00:00,2018-02-08 00:00:00,48.5099983215332,61.70000076293945,1317.48
Donchian_Breakout(20),SHORT,2018-02-08 00:00:00,2018-03-22 00:00:00,61.70000076293945,65.5,-381.52
Donchian_Breakout(20),LONG,2018-03-22 00:00:00,2018-05-30 00:00:00,65.5,66.8499984741211,133.48
Donchian_Breakout(20),SHORT,2018-05-30 00:00:00,2018-06-27 00:00:00,66.8499984741211,70.68000030517578,-384.52
Donchian_Breakout(20),LONG,2018-06-27 00:00:00,2018-08-16 00:00:00,70.68000030517578,64.94999694824219,-574.52
Donchian_Breakout(20),SHORT,2018-08-16 00:00:00,2018-08-31 00:00:00,64.94999694824219,70.05999755859375,-512.52
Donchian_Breakout(20),LONG,2018-08-31 00:00:00,2018-10-19 00:00:00,70.05999755859375,68.68000030517578,-139.52
Donchian_Breakout(20),SHORT,2018-10-19 00:00:00,2019-01-22 00:00:00,68.68000030517578,53.72999954223633,1493.48
Donchian_Breakout(20),LONG,2019-01-22 00:00:00,2019-05-03 00:00:00,53.72999954223633,61.54999923706055,780.48
Donchian_Breakout(20),SHORT,2019-05-03 00:00:00,2019-07-11 00:00:00,61.54999923706055,60.43999862670898,109.48
Donchian_Breakout(20),LONG,2019-07-11 00:00:00,2019-08-02 00:00:00,60.43999862670898,54.540000915527344,-591.52
Donchian_Breakout(20),SHORT,2019-08-02 00:00:00,2019-09-10 00:00:00,54.540000915527344,58.02999877929688,-350.52
Donchian_Breakout(20),LONG,2019-09-10 00:00:00,2019-10-03 00:00:00,58.02999877929688,52.470001220703125,-557.52
Donchian_Breakout(20),SHORT,2019-10-03 00:00:00,2019-11-22 00:00:00,52.470001220703125,58.310001373291016,-585.52
Donchian_Breakout(20),LONG,2019-11-22 00:00:00,2020-01-14 00:00:00,58.310001373291016,58.02999877929688,-29.52
Donchian_Breakout(20),SHORT,2020-01-14 00:00:00,2020-04-23 00:00:00,58.02999877929688,16.5,4151.48
MACD_Momentum(12/26/9),SHORT,2016-09-19 00:00:00,2016-09-29 00:00:00,43.18000030517578,47.20000076293945,-403.52
MACD_Momentum(12/26/9),LONG,2016-09-29 00:00:00,2016-10-25 00:00:00,47.20000076293945,50.4900016784668,327.48
MACD_Momentum(12/26/9),SHORT,2016-10-25 00:00:00,2016-11-22 00:00:00,50.4900016784668,48.369998931884766,210.48
MACD_Momentum(12/26/9),LONG,2016-11-22 00:00:00,2017-01-04 00:00:00,48.369998931884766,52.4900016784668,410.48
MACD_Momentum(12/26/9),SHORT,2017-01-04 00:00:00,2017-02-02 00:00:00,52.4900016784668,53.56999969482422,-109.52
MACD_Momentum(12/26/9),LONG,2017-02-02 00:00:00,2017-02-07 00:00:00,53.56999969482422,53.13999938964844,-44.52
MACD_Momentum(12/26/9),SHORT,2017-02-07 00:00:00,2017-02-22 00:00:00,53.13999938964844,54.2599983215332,-113.52
MACD_Momentum(12/26/9),LONG,2017-02-22 00:00:00,2017-03-03 00:00:00,54.2599983215332,52.58000183105469,-169.52
MACD_Momentum(12/26/9),SHORT,2017-03-03 00:00:00,2017-03-30 00:00:00,52.58000183105469,49.59999847412109,296.48
MACD_Momentum(12/26/9),LONG,2017-03-30 00:00:00,2017-04-21 00:00:00,49.59999847412109,50.709999084472656,109.48
MACD_Momentum(12/26/9),SHORT,2017-04-21 00:00:00,2017-05-16 00:00:00,50.709999084472656,48.81999969482422,187.48
MACD_Momentum(12/26/9),LONG,2017-05-16 00:00:00,2017-06-02 00:00:00,48.81999969482422,48.040000915527344,-79.52
MACD_Momentum(12/26/9),SHORT,2017-06-02 00:00:00,2017-06-29 00:00:00,48.040000915527344,44.88999938964844,313.48
MACD_Momentum(12/26/9),LONG,2017-06-29 00:00:00,2017-08-11 00:00:00,44.88999938964844,48.52000045776367,361.48
MACD_Momentum(12/26/9),SHORT,2017-08-11 00:00:00,2017-09-07 00:00:00,48.52000045776367,49.13999938964844,-63.52
MACD_Momentum(12/26/9),LONG,2017-09-07 00:00:00,2017-10-04 00:00:00,49.13999938964844,50.15999984741211,100.48
MACD_Momentum(12/26/9),SHORT,2017-10-04 00:00:00,2017-10-18 00:00:00,50.15999984741211,51.93999862670898,-179.52
MACD_Momentum(12/26/9),LONG,2017-10-18 00:00:00,2017-10-23 00:00:00,51.93999862670898,52.06999969482422,11.48
MACD_Momentum(12/26/9),SHORT,2017-10-23 00:00:00,2017-10-24 00:00:00,52.06999969482422,51.88999938964844,16.48
MACD_Momentum(12/26/9),LONG,2017-10-24 00:00:00,2017-11-16 00:00:00,51.88999938964844,55.29999923706055,339.48
MACD_Momentum(12/26/9),SHORT,2017-11-16 00:00:00,2017-11-27 00:00:00,55.29999923706055,58.95000076293945,-366.52
MACD_Momentum(12/26/9),LONG,2017-11-27 00:00:00,2017-11-30 00:00:00,58.95000076293945,57.40999984741211,-155.52
MACD_Momentum(12/26/9),SHORT,2017-11-30 00:00:00,2017-12-27 00:00:00,57.40999984741211,59.790000915527344,-239.52
MACD_Momentum(12/26/9),LONG,2017-12-27 00:00:00,2018-01-31 00:00:00,59.790000915527344,64.02999877929688,422.48
MACD_Momentum(12/26/9),SHORT,2018-01-31 00:00:00,2018-02-26 00:00:00,64.02999877929688,63.59999847412109,41.48
MACD_Momentum(12/26/9),LONG,2018-02-26 00:00:00,2018-03-02 00:00:00,63.59999847412109,61.34000015258789,-227.52
MACD_Momentum(12/26/9),SHORT,2018-03-02 00:00:00,2018-03-07 00:00:00,61.34000015258789,62.29999923706055,-97.52
MACD_Momentum(12/26/9),LONG,2018-03-07 00:00:00,2018-03-08 00:00:00,62.29999923706055,61.33000183105469,-98.52
MACD_Momentum(12/26/9),SHORT,2018-03-08 00:00:00,2018-03-19 00:00:00,61.33000183105469,62.22999954223633,-91.52
MACD_Momentum(12/26/9),LONG,2018-03-19 00:00:00,2018-04-05 00:00:00,62.22999954223633,63.59999847412109,135.48
MACD_Momentum(12/26/9),SHORT,2018-04-05 00:00:00,2018-04-12 00:00:00,63.59999847412109,66.75,-316.52
MACD_Momentum(12/26/9),LONG,2018-04-12 00:00:00,2018-05-02 00:00:00,66.75,67.48999786376953,72.48
MACD_Momentum(12/26/9),SHORT,2018-05-02 00:00:00,2018-05-08 00:00:00,67.48999786376953,70.02999877929688,-255.52
MACD_Momentum(12/26/9),LONG,2018-05-08 00:00:00,2018-05-24 00:00:00,70.02999877929688,71.83000183105469,178.48
MACD_Momentum(12/26/9),SHORT,2018-05-24 00:00:00,2018-06-25 00:00:00,71.83000183105469,68.75,306.48
MACD_Momentum(12/26/9),LONG,2018-06-25 00:00:00,2018-07-13 00:00:00,68.75,70.37999725341797,161.48
MACD_Momentum(12/26/9),SHORT,2018-07-13 00:00:00,2018-08-23 00:00:00,70.37999725341797,68.06999969482422,229.48
MACD_Momentum(12/26/9),LONG,2018-08-23 00:00:00,2018-09-11 00:00:00,68.06999969482422,67.52999877929688,-55.52
MACD_Momentum(12/26/9),SHORT,2018-09-11 00:00:00,2018-09-12 00:00:00,67.52999877929688,69.88999938964844,-237.52
MACD_Momentum(12/26/9),LONG,2018-09-12 00:00:00,2018-10-12 00:00:00,69.88999938964844,70.98999786376953,108.48
MACD_Momentum(12/26/9),SHORT,2018-10-12 00:00:00,2018-12-04 00:00:00,70.98999786376953,53.130001068115234,1784.48
MACD_Momentum(12/26/9),LONG,2018-12-04 00:00:00,2018-12-21 00:00:00,53.130001068115234,46.25,-689.52
MACD_Momentum(12/26/9),SHORT,2018-12-21 00:00:00,2019-01-02 00:00:00,46.25,45.79999923706055,43.48
MACD_Momentum(12/26/9),LONG,2019-01-02 00:00:00,2019-02-11 00:00:00,45.79999923706055,52.65999984741211,684.48
MACD_Momentum(12/26/9),SHORT,2019-02-11 00:00:00,2019-02-19 00:00:00,52.65999984741211,55.77999877929688,-313.52
MACD_Momentum(12/26/9),LONG,2019-02-19 00:00:00,2019-03-06 00:00:00,55.77999877929688,56.27999877929688,48.48
MACD_Momentum(12/26/9),SHORT,2019-03-06 00:00:00,2019-03-15 00:00:00,56.27999877929688,58.5099983215332,-224.52
MACD_Momentum(12/26/9),LONG,2019-03-15 00:00:00,2019-03-29 00:00:00,58.5099983215332,59.52999877929688,100.48
MACD_Momentum(12/26/9),SHORT,2019-03-29 00:00:00,2019-04-02 00:00:00,59.52999877929688,61.810001373291016,-229.52
MACD_Momentum(12/26/9),LONG,2019-04-02 00:00:00,2019-04-18 00:00:00,61.810001373291016,63.75,192.48
MACD_Momentum(12/26/9),SHORT,2019-04-18 00:00:00,2019-04-24 00:00:00,63.75,66.16999816894531,-243.52
MACD_Momentum(12/26/9),LONG,2019-04-24 00:00:00,2019-04-29 00:00:00,66.16999816894531,62.95000076293945,-323.52
MACD_Momentum(12/26/9),SHORT,2019-04-29 00:00:00,2019-06-19 00:00:00,62.95000076293945,54.09000015258789,884.48
MACD_Momentum(12/26/9),LONG,2019-06-19 00:00:00,2019-07-19 00:00:00,54.09000015258789,55.720001220703125,161.48
MACD_Momentum(12/26/9),SHORT,2019-07-19 00:00:00,2019-08-01 00:00:00,55.720001220703125,57.84999847412109,-214.52
MACD_Momentum(12/26/9),LONG,2019-08-01 00:00:00,2019-08-02 00:00:00,57.84999847412109,54.540000915527344,-332.52
MACD_Momentum(12/26/9),SHORT,2019-08-02 00:00:00,2019-08-14 00:00:00,54.540000915527344,56.7400016784668,-221.52
MACD_Momentum(12/26/9),LONG,2019-08-14 00:00:00,2019-08-27 00:00:00,56.7400016784668,53.7599983215332,-299.52
MACD_Momentum(12/26/9),SHORT,2019-08-27 00:00:00,2019-08-28 00:00:00,53.7599983215332,55.709999084472656,-196.52
MACD_Momentum(12/26/9),LONG,2019-08-28 00:00:00,2019-09-16 00:00:00,55.709999084472656,61.47999954223633,575.48
MACD_Momentum(12/26/9),SHORT,2019-09-16 00:00:00,2019-09-17 00:00:00,61.47999954223633,61.959999084472656,-49.52
MACD_Momentum(12/26/9),LONG,2019-09-17 00:00:00,2019-09-26 00:00:00,61.959999084472656,56.68999862670898,-528.52
MACD_Momentum(12/26/9),SHORT,2019-09-26 00:00:00,2019-10-18 00:00:00,56.68999862670898,54.09000015258789,258.48
MACD_Momentum(12/26/9),LONG,2019-10-18 00:00:00,2019-11-20 00:00:00,54.09000015258789,55.15999984741211,105.48
MACD_Momentum(12/26/9),SHORT,2019-11-20 00:00:00,2019-11-22 00:00:00,55.15999984741211,58.310001373291016,-316.52
MACD_Momentum(12/26/9),LONG,2019-11-22 00:00:00,2019-12-02 00:00:00,58.310001373291016,55.470001220703125,-285.52
MACD_Momentum(12/26/9),SHORT,2019-12-02 00:00:00,2019-12-09 00:00:00,55.470001220703125,59.11000061035156,-365.52
MACD_Momentum(12/26/9),LONG,2019-12-09 00:00:00,2020-01-03 00:00:00,59.11000061035156,61.18000030517578,205.48
MACD_Momentum(12/26/9),SHORT,2020-01-03 00:00:00,2020-01-06 00:00:00,61.18000030517578,63.709999084472656,-254.52
MACD_Momentum(12/26/9),LONG,2020-01-06 00:00:00,2020-01-09 00:00:00,63.709999084472656,59.9900016784668,-373.52
MACD_Momentum(12/26/9),SHORT,2020-01-09 00:00:00,2020-02-14 00:00:00,59.9900016784668,51.5099983215332,846.48
MACD_Momentum(12/26/9),LONG,2020-02-14 00:00:00,2020-02-28 00:00:00,51.5099983215332,46.4900016784668,-503.52
MACD_Momentum(12/26/9),SHORT,2020-02-28 00:00:00,2020-04-02 00:00:00,46.4900016784668,21.21999931335449,2525.48
MACD_Momentum(12/26/9),LONG,2020-04-02 00:00:00,2020-04-20 00:00:00,21.21999931335449,-37.630001068115234,-5886.52
"Parabolic_SAR(af=0.02,max=0.2)",LONG,2016-08-12 00:00:00,2016-08-31 00:00:00,43.459999084472656,46.2400016784668,276.48
"Parabolic_SAR(af=0.02,max=0.2)",SHORT,2016-08-31 00:00:00,2016-09-09 00:00:00,46.2400016784668,47.36000061035156,-113.52
"Parabolic_SAR(af=0.02,max=0.2)",LONG,2016-09-09 00:00:00,2016-09-16 00:00:00,47.36000061035156,43.709999084472656,-366.52
"Parabolic_SAR(af=0.02,max=0.2)",SHORT,2016-09-16 00:00:00,2016-09-26 00:00:00,43.709999084472656,44.619998931884766,-92.52
"Parabolic_SAR(af=0.02,max=0.2)",LONG,2016-09-26 00:00:00,2016-10-25 00:00:00,44.619998931884766,50.4900016784668,585.48
"Parabolic_SAR(af=0.02,max=0.2)",SHORT,2016-10-25 00:00:00,2016-11-16 00:00:00,50.4900016784668,45.77000045776367,470.48
"Parabolic_SAR(af=0.02,max=0.2)",LONG,2016-11-16 00:00:00,2016-11-30 00:00:00,45.77000045776367,45.2400016784668,-54.52
"Parabolic_SAR(af=0.02,max=0.2)",SHORT,2016-11-30 00:00:00,2016-12-01 00:00:00,45.2400016784668,49.06999969482422,-384.52
"Parabolic_SAR(af=0.02,max=0.2)",LONG,2016-12-01 00:00:00,2017-01-04 00:00:00,49.06999969482422,52.4900016784668,340.48
"Parabolic_SAR(af=0.02,max=0.2)",SHORT,2017-01-04 00:00:00,2017-01-24 00:00:00,52.4900016784668,52.86000061035156,-38.52
"Parabolic_SAR(af=0.02,max=0.2)",LONG,2017-01-24 00:00:00,2017-02-08 00:00:00,52.86000061035156,51.63999938964844,-123.52
"Parabolic_SAR(af=0.02,max=0.2)",SHORT,2017-02-08 00:00:00,2017-02-13 00:00:00,51.63999938964844,53.79999923706055,-217.52
"Parabolic_SAR(af=0.02,max=0.2)",LONG,2017-02-13 00:00:00,2017-03-03 00:00:00,53.79999923706055,52.58000183105469,-123.52
"Parabolic_SAR(af=0.02,max=0.2)",SHORT,2017-03-03 00:00:00,2017-03-29 00:00:00,52.58000183105469,48.470001220703125,409.48
"Parabolic_SAR(af=0.02,max=0.2)",LONG,2017-03-29 00:00:00,2017-04-19 00:00:00,48.470001220703125,52.36000061035156,387.48
"Parabolic_SAR(af=0.02,max=0.2)",SHORT,2017-04-19 00:00:00,2017-05-11 00:00:00,52.36000061035156,47.38999938964844,495.48
"Parabolic_SAR(af=0.02,max=0.2)",LONG,2017-05-11 00:00:00,2017-05-30 00:00:00,47.38999938964844,49.93000030517578,252.48
"Parabolic_SAR(af=0.02,max=0.2)",SHORT,2017-05-30 00:00:00,2017-06-28 00:00:00,49.93000030517578,43.70000076293945,621.48
"Parabolic_SAR(af=0.02,max=0.2)",LONG,2017-06-28 00:00:00,2017-07-10 00:00:00,43.70000076293945,44.34999847412109,63.48
"Parabolic_SAR(af=0.02,max=0.2)",SHORT,2017-07-10 00:00:00,2017-07-17 00:00:00,44.34999847412109,46.68000030517578,-234.52
"Parabolic_SAR(af=0.02,max=0.2)",LONG,2017-07-17 00:00:00,2017-08-07 00:00:00,46.68000030517578,49.59000015258789,289.48
"Parabolic_SAR(af=0.02,max=0.2)",SHORT,2017-08-07 00:00:00,2017-08-22 00:00:00,49.59000015258789,47.45000076293945,212.48
"Parabolic_SAR(af=0.02,max=0.2)",LONG,2017-08-22 00:00:00,2017-08-29 00:00:00,47.45000076293945,46.86000061035156,-60.52
"Parabolic_SAR(af=0.02,max=0.2)",SHORT,2017-08-29 00:00:00,2017-09-06 00:00:00,46.86000061035156,48.59000015258789,-174.52
"Parabolic_SAR(af=0.02,max=0.2)",LONG,2017-09-06 00:00:00,2017-10-03 00:00:00,48.59000015258789,50.59000015258789,198.48
"Parabolic_SAR(af=0.02,max=0.2)",SHORT,2017-10-03 00:00:00,2017-10-16 00:00:00,50.59000015258789,51.43000030517578,-85.52
"Parabolic_SAR(af=0.02,max=0.2)",LONG,2017-10-16 00:00:00,2017-11-14 00:00:00,51.43000030517578,56.720001220703125,527.48
"Parabolic_SAR(af=0.02,max=0.2)",SHORT,2017-11-14 00:00:00,2017-11-24 00:00:00,56.720001220703125,58.04999923706055,-134.52
"Parabolic_SAR(af=0.02,max=0.2)",LONG,2017-11-24 00:00:00,2017-12-07 00:00:00,58.04999923706055,56.0,-206.52
"Parabolic_SAR(af=0.02,max=0.2)",SHORT,2017-12-07 00:00:00,2017-12-22 00:00:00,56.0,58.209999084472656,-222.52
"Parabolic_SAR(af=0.02,max=0.2)",LONG,2017-12-22 00:00:00,2018-01-22 00:00:00,58.209999084472656,63.61000061035156,538.48
"Parabolic_SAR(af=0.02,max=0.2)",SHORT,2018-01-22 00:00:00,2018-01-24 00:00:00,63.61000061035156,64.41999816894531,-82.52
"Parabolic_SAR(af=0.02,max=0.2)",LONG,2018-01-24 00:00:00,2018-02-01 00:00:00,64.41999816894531,64.76000213623047,32.48
"Parabolic_SAR(af=0.02,max=0.2)",SHORT,2018-02-01 00:00:00,2018-02-20 00:00:00,64.76000213623047,61.630001068115234,311.48
"Parabolic_SAR(af=0.02,max=0.2)",LONG,2018-02-20 00:00:00,2018-03-02 00:00:00,61.630001068115234,61.34000015258789,-30.52
"Parabolic_SAR(af=0.02,max=0.2)",SHORT,2018-03-02 00:00:00,2018-03-19 00:00:00,61.34000015258789,62.22999954223633,-90.52
"Parabolic_SAR(af=0.02,max=0.2)",LONG,2018-03-19 00:00:00,2018-04-03 00:00:00,62.22999954223633,62.88999938964844,64.48
"Parabolic_SAR(af=0.02,max=0.2)",SHORT,2018-04-03 00:00:00,2018-04-11 00:00:00,62.88999938964844,65.58999633789062,-271.52
"Parabolic_SAR(af=0.02,max=0.2)",LONG,2018-04-11 00:00:00,2018-05-02 00:00:00,65.58999633789062,67.48999786376953,188.48
"Parabolic_SAR(af=0.02,max=0.2)",SHORT,2018-05-02 00:00:00,2018-05-07 00:00:00,67.48999786376953,69.8499984741211,-237.52
"Parabolic_SAR(af=0.02,max=0.2)",LONG,2018-05-07 00:00:00,2018-05-25 00:00:00,69.8499984741211,70.6500015258789,78.48
"Parabolic_SAR(af=0.02,max=0.2)",SHORT,2018-05-25 00:00:00,2018-06-15 00:00:00,70.6500015258789,66.62000274658203,401.48
"Parabolic_SAR(af=0.02,max=0.2)",LONG,2018-06-15 00:00:00,2018-06-19 00:00:00,66.62000274658203,65.81999969482422,-81.52
"Parabolic_SAR(af=0.02,max=0.2)",SHORT,2018-06-19 00:00:00,2018-06-25 00:00:00,65.81999969482422,68.75,-294.52
"Parabolic_SAR(af=0.02,max=0.2)",LONG,2018-06-25 00:00:00,2018-07-12 00:00:00,68.75,70.5999984741211,183.48
"Parabolic_SAR(af=0.02,max=0.2)",SHORT,2018-07-12 00:00:00,2018-08-07 00:00:00,70.5999984741211,68.9000015258789,168.48
"Parabolic_SAR(af=0.02,max=0.2)",LONG,2018-08-07 00:00:00,2018-08-09 00:00:00,68.9000015258789,66.79000091552734,-212.52
"Parabolic_SAR(af=0.02,max=0.2)",SHORT,2018-08-09 00:00:00,2018-08-22 00:00:00,66.79000091552734,66.08000183105469,69.48
"Parabolic_SAR(af=0.02,max=0.2)",LONG,2018-08-22 00:00:00,2018-09-07 00:00:00,66.08000183105469,67.87999725341797,178.48
"Parabolic_SAR(af=0.02,max=0.2)",SHORT,2018-09-07 00:00:00,2018-09-13 00:00:00,67.87999725341797,70.23999786376953,-237.52
"Parabolic_SAR(af=0.02,max=0.2)",LONG,2018-09-13 00:00:00,2018-10-09 00:00:00,70.23999786376953,74.20999908447266,395.48
"Parabolic_SAR(af=0.02,max=0.2)",SHORT,2018-10-09 00:00:00,2018-12-04 00:00:00,74.20999908447266,53.130001068115234,2106.48
"Parabolic_SAR(af=0.02,max=0.2)",LONG,2018-12-04 00:00:00,2018-12-14 00:00:00,53.130001068115234,52.83000183105469,-31.52
"Parabolic_SAR(af=0.02,max=0.2)",SHORT,2018-12-14 00:00:00,2019-01-03 00:00:00,52.83000183105469,46.2599983215332,655.48
"Parabolic_SAR(af=0.02,max=0.2)",LONG,2019-01-03 00:00:00,2019-01-29 00:00:00,46.2599983215332,52.119998931884766,584.48
"Parabolic_SAR(af=0.02,max=0.2)",SHORT,2019-01-29 00:00:00,2019-01-31 00:00:00,52.119998931884766,54.27999877929688,-217.52
"Parabolic_SAR(af=0.02,max=0.2)",LONG,2019-01-31 00:00:00,2019-02-08 00:00:00,54.27999877929688,52.59000015258789,-170.52
"Parabolic_SAR(af=0.02,max=0.2)",SHORT,2019-02-08 00:00:00,2019-02-19 00:00:00,52.59000015258789,55.77999877929688,-320.52
"Parabolic_SAR(af=0.02,max=0.2)",LONG,2019-02-19 00:00:00,2019-03-07 00:00:00,55.77999877929688,56.20000076293945,40.48
"Parabolic_SAR(af=0.02,max=0.2)",SHORT,2019-03-07 00:00:00,2019-03-13 00:00:00,56.20000076293945,57.09000015258789,-90.52
"Parabolic_SAR(af=0.02,max=0.2)",LONG,2019-03-13 00:00:00,2019-03-29 00:00:00,57.09000015258789,59.52999877929688,242.48
"Parabolic_SAR(af=0.02,max=0.2)",SHORT,2019-03-29 00:00:00,2019-04-01 00:00:00,59.52999877929688,60.2400016784668,-72.52
"Parabolic_SAR(af=0.02,max=0.2)",LONG,2019-04-01 00:00:00,2019-04-29 00:00:00,60.2400016784668,62.95000076293945,269.48
"Parabolic_SAR(af=0.02,max=0.2)",SHORT,2019-04-29 00:00:00,2019-05-20 00:00:00,62.95000076293945,63.52999877929688,-59.52
"Parabolic_SAR(af=0.02,max=0.2)",LONG,2019-05-20 00:00:00,2019-05-24 00:00:00,63.52999877929688,58.209999084472656,-533.52
"Parabolic_SAR(af=0.02,max=0.2)",SHORT,2019-05-24 00:00:00,2019-06-19 00:00:00,58.209999084472656,54.09000015258789,410.48
"Parabolic_SAR(af=0.02,max=0.2)",LONG,2019-06-19 00:00:00,2019-07-03 00:00:00,54.09000015258789,56.4900016784668,238.48
"Parabolic_SAR(af=0.02,max=0.2)",SHORT,2019-07-03 00:00:00,2019-07-11 00:00:00,56.4900016784668,60.43999862670898,-396.52
"Parabolic_SAR(af=0.02,max=0.2)",LONG,2019-07-11 00:00:00,2019-07-18 00:00:00,60.43999862670898,56.59999847412109,-385.52
"Parabolic_SAR(af=0.02,max=0.2)",SHORT,2019-07-18 00:00:00,2019-08-14 00:00:00,56.59999847412109,56.7400016784668,-15.52
"Parabolic_SAR(af=0.02,max=0.2)",LONG,2019-08-14 00:00:00,2019-09-13 00:00:00,56.7400016784668,55.150001525878906,-160.52
"Parabolic_SAR(af=0.02,max=0.2)",SHORT,2019-09-13 00:00:00,2019-09-17 00:00:00,55.150001525878906,61.959999084472656,-682.52
"Parabolic_SAR(af=0.02,max=0.2)",LONG,2019-09-17 00:00:00,2019-09-30 00:00:00,61.959999084472656,56.540000915527344,-543.52
"Parabolic_SAR(af=0.02,max=0.2)",SHORT,2019-09-30 00:00:00,2019-10-21 00:00:00,56.540000915527344,53.709999084472656,281.48
"Parabolic_SAR(af=0.02,max=0.2)",LONG,2019-10-21 00:00:00,2019-11-20 00:00:00,53.709999084472656,55.15999984741211,143.48
"Parabolic_SAR(af=0.02,max=0.2)",SHORT,2019-11-20 00:00:00,2019-11-22 00:00:00,55.15999984741211,58.310001373291016,-316.52
"Parabolic_SAR(af=0.02,max=0.2)",LONG,2019-11-22 00:00:00,2019-12-02 00:00:00,58.310001373291016,55.470001220703125,-285.52
"Parabolic_SAR(af=0.02,max=0.2)",SHORT,2019-12-02 00:00:00,2019-12-05 00:00:00,55.470001220703125,58.36000061035156,-290.52
"Parabolic_SAR(af=0.02,max=0.2)",LONG,2019-12-05 00:00:00,2020-01-02 00:00:00,58.36000061035156,61.59999847412109,322.48
"Parabolic_SAR(af=0.02,max=0.2)",SHORT,2020-01-02 00:00:00,2020-01-06 00:00:00,61.59999847412109,63.709999084472656,-212.52
"Parabolic_SAR(af=0.02,max=0.2)",LONG,2020-01-06 00:00:00,2020-01-09 00:00:00,63.709999084472656,59.9900016784668,-373.52
"Parabolic_SAR(af=0.02,max=0.2)",SHORT,2020-01-09 00:00:00,2020-02-07 00:00:00,59.9900016784668,51.11000061035156,886.48
"Parabolic_SAR(af=0.02,max=0.2)",LONG,2020-02-07 00:00:00,2020-02-11 00:00:00,51.11000061035156,49.61000061035156,-151.52
"Parabolic_SAR(af=0.02,max=0.2)",SHORT,2020-02-11 00:00:00,2020-02-18 00:00:00,49.61000061035156,52.22999954223633,-263.52
"Parabolic_SAR(af=0.02,max=0.2)",LONG,2020-02-18 00:00:00,2020-02-25 00:00:00,52.22999954223633,51.369998931884766,-87.52
"Parabolic_SAR(af=0.02,max=0.2)",SHORT,2020-02-25 00:00:00,2020-04-03 00:00:00,51.369998931884766,24.809999465942383,2654.48
"Parabolic_SAR(af=0.02,max=0.2)",LONG,2020-04-03 00:00:00,2020-04-15 00:00:00,24.809999465942383,20.71999931335449,-410.52
"Parabolic_SAR(af=0.02,max=0.2)",SHORT,2020-04-15 00:00:00,2020-04-24 00:00:00,20.71999931335449,16.780000686645508,392.48
"Parabolic_SAR(af=0.02,max=0.2)",LONG,2020-04-24 00:00:00,2020-04-27 00:00:00,16.780000686645508,12.779999732971191,-401.52
"RSI_Reversion(14,30/70)",SHORT,2016-08-31 00:00:00,2016-09-02 00:00:00,46.2400016784668,43.54999923706055,267.48
"RSI_Reversion(14,30/70)",SHORT,2016-09-08 00:00:00,2016-09-12 00:00:00,46.119998931884766,45.56999969482422,53.48
"RSI_Reversion(14,30/70)",LONG,2017-03-10 00:00:00,2017-03-16 00:00:00,49.61000061035156,49.0099983215332,-61.52
"RSI_Reversion(14,30/70)",LONG,2017-03-22 00:00:00,2017-03-23 00:00:00,48.15999984741211,48.150001525878906,-2.52
"RSI_Reversion(14,30/70)",LONG,2017-05-05 00:00:00,2017-05-08 00:00:00,45.5099983215332,46.34999847412109,82.48
"RSI_Reversion(14,30/70)",LONG,2017-06-21 00:00:00,2017-06-26 00:00:00,43.380001068115234,43.15999984741211,-23.52
"RSI_Reversion(14,30/70)",SHORT,2017-11-06 00:00:00,2017-11-15 00:00:00,55.970001220703125,55.060001373291016,89.48
"RSI_Reversion(14,30/70)",SHORT,2017-11-27 00:00:00,2017-11-28 00:00:00,58.95000076293945,57.86000061035156,107.48
"RSI_Reversion(14,30/70)",SHORT,2018-01-04 00:00:00,2018-01-08 00:00:00,61.959999084472656,61.61000061035156,33.48
"RSI_Reversion(14,30/70)",SHORT,2018-01-09 00:00:00,2018-01-22 00:00:00,61.91999816894531,63.61000061035156,-170.52
"RSI_Reversion(14,30/70)",SHORT,2018-01-24 00:00:00,2018-01-31 00:00:00,64.41999816894531,64.02999877929688,37.48
"RSI_Reversion(14,30/70)",SHORT,2018-07-02 00:00:00,2018-07-03 00:00:00,73.62000274658203,74.08000183105469,-47.52
"RSI_Reversion(14,30/70)",SHORT,2018-10-02 00:00:00,2018-10-05 00:00:00,75.41999816894531,74.66999816894531,73.48
"RSI_Reversion(14,30/70)",LONG,2018-11-02 00:00:00,2018-12-04 00:00:00,63.5,53.130001068115234,-1038.52
"RSI_Reversion(14,30/70)",LONG,2018-12-19 00:00:00,2018-12-20 00:00:00,45.93000030517578,47.38999938964844,144.48
"RSI_Reversion(14,30/70)",LONG,2018-12-21 00:00:00,2018-12-27 00:00:00,46.25,46.58000183105469,31.48
"RSI_Reversion(14,30/70)",SHORT,2019-03-22 00:00:00,2019-03-25 00:00:00,59.869998931884766,58.97999954223633,87.48
"RSI_Reversion(14,30/70)",SHORT,2019-04-02 00:00:00,2019-04-05 00:00:00,61.810001373291016,62.18000030517578,-38.52
"RSI_Reversion(14,30/70)",SHORT,2019-04-08 00:00:00,2019-04-12 00:00:00,63.33000183105469,63.709999084472656,-39.52
"RSI_Reversion(14,30/70)",SHORT,2019-04-23 00:00:00,2019-04-26 00:00:00,65.75,65.12999725341797,60.48
"RSI_Reversion(14,30/70)",LONG,2019-05-31 00:00:00,2019-06-10 00:00:00,56.459999084472656,54.2400016784668,-223.52
"RSI_Reversion(14,30/70)",LONG,2019-06-13 00:00:00,2019-06-14 00:00:00,51.06999969482422,52.18000030517578,109.48
"RSI_Reversion(14,30/70)",SHORT,2020-01-07 00:00:00,2020-01-08 00:00:00,62.90999984741211,62.84000015258789,5.48
"RSI_Reversion(14,30/70)",LONG,2020-01-27 00:00:00,2020-02-13 00:00:00,53.70000076293945,51.720001220703125,-199.52
"RSI_Reversion(14,30/70)",LONG,2020-02-28 00:00:00,2020-03-03 00:00:00,46.4900016784668,47.720001220703125,121.48
"RSI_Reversion(14,30/70)",LONG,2020-03-09 00:00:00,2020-04-03 00:00:00,32.869998931884766,24.809999465942383,-807.52
"RSI_Reversion(14,30/70)",LONG,2020-04-21 00:00:00,2020-04-22 00:00:00,-14.0,13.119999885559082,2710.48
"RSI_Reversion(14,30/70)",LONG,2020-09-09 00:00:00,2020-09-10 00:00:00,36.790000915527344,37.79999923706055,99.48
"RSI_Reversion(14,30/70)",SHORT,2020-11-27 00:00:00,2020-11-30 00:00:00,45.900001525878906,45.34000015258789,54.48
"RSI_Reversion(14,30/70)",SHORT,2020-12-16 00:00:00,2020-12-22 00:00:00,47.59999847412109,47.93000030517578,-34.52
"RSI_Reversion(14,30/70)",SHORT,2021-01-11 00:00:00,2021-01-19 00:00:00,52.58000183105469,52.0,56.48
"RSI_Reversion(14,30/70)",SHORT,2021-02-03 00:00:00,2021-02-22 00:00:00,55.04999923706055,58.880001068115234,-384.52
"RSI_Reversion(14,30/70)",SHORT,2021-02-23 00:00:00,2021-03-01 00:00:00,62.15999984741211,61.95000076293945,19.48
"RSI_Reversion(14,30/70)",SHORT,2021-03-08 00:00:00,2021-03-09 00:00:00,66.68000030517578,64.7300033569336,193.48
"RSI_Reversion(14,30/70)",SHORT,2021-06-16 00:00:00,2021-06-18 00:00:00,72.44999694824219,71.0999984741211,133.48
"RSI_Reversion(14,30/70)",SHORT,2021-06-22 00:00:00,2021-06-23 00:00:00,73.41000366210938,72.91000366210938,48.48
"RSI_Reversion(14,30/70)",SHORT,2021-06-28 00:00:00,2021-06-29 00:00:00,73.98999786376953,72.77999877929688,119.48
"RSI_Reversion(14,30/70)",SHORT,2021-07-02 00:00:00,2021-07-07 00:00:00,75.0199966430664,73.8499984741211,115.48
"RSI_Reversion(14,30/70)",LONG,2021-08-23 00:00:00,2021-08-24 00:00:00,61.959999084472656,65.54000091552734,356.48
"RSI_Reversion(14,30/70)",SHORT,2021-10-05 00:00:00,2021-10-07 00:00:00,77.58000183105469,77.0,56.48
"RSI_Reversion(14,30/70)",SHORT,2021-10-11 00:00:00,2021-10-28 00:00:00,79.58999633789062,82.25,-267.52
"RSI_Reversion(14,30/70)",LONG,2021-11-29 00:00:00,2021-11-30 00:00:00,69.2300033569336,70.04000091552734,79.48
"RSI_Reversion(14,30/70)",LONG,2021-12-01 00:00:00,2021-12-07 00:00:00,67.01000213623047,69.72000122070312,269.48
"RSI_Reversion(14,30/70)",SHORT,2022-01-19 00:00:00,2022-01-24 00:00:00,86.61000061035156,84.91000366210938,168.48
"RSI_Reversion(14,30/70)",SHORT,2022-02-04 00:00:00,2022-02-09 00:00:00,90.19000244140624,89.86000061035156,31.48
"RSI_Reversion(14,30/70)",SHORT,2022-02-14 00:00:00,2022-02-16 00:00:00,93.91000366210938,92.20999908447266,168.48
"RSI_Reversion(14,30/70)",SHORT,2022-03-02 00:00:00,2022-03-10 00:00:00,107.12000274658205,110.41000366210938,-330.52
"RSI_Reversion(14,30/70)",LONG,2023-03-16 00:00:00,2023-03-17 00:00:00,68.22000122070312,68.26000213623047,2.48
"RSI_Reversion(14,30/70)",LONG,2023-03-20 00:00:00,2023-03-21 00:00:00,66.62000274658203,67.62000274658203,98.48
"RSI_Reversion(14,30/70)",SHORT,2023-08-01 00:00:00,2023-08-02 00:00:00,81.7300033569336,82.05000305175781,-33.52
"RSI_Reversion(14,30/70)",SHORT,2023-09-06 00:00:00,2023-09-08 00:00:00,86.72000122070312,86.77999877929688,-7.52
"RSI_Reversion(14,30/70)",SHORT,2023-09-11 00:00:00,2023-09-12 00:00:00,87.4000015258789,87.2699966430664,11.48
"RSI_Reversion(14,30/70)",SHORT,2023-09-13 00:00:00,2023-09-21 00:00:00,88.75,89.30000305175781,-56.52
"RSI_Reversion(14,30/70)",SHORT,2023-09-28 00:00:00,2023-09-29 00:00:00,93.77999877929688,91.76000213623048,200.48
"RSI_Reversion(14,30/70)",SHORT,2024-04-05 00:00:00,2024-04-09 00:00:00,86.86000061035156,86.58999633789062,25.48
"RSI_Reversion(14,30/70)",LONG,2024-06-05 00:00:00,2024-06-06 00:00:00,72.9000015258789,74.30000305175781,138.48
"RSI_Reversion(14,30/70)",SHORT,2025-01-13 00:00:00,2025-01-15 00:00:00,76.54000091552734,78.02999877929688,-150.52
"RSI_Reversion(14,30/70)",SHORT,2025-01-16 00:00:00,2025-01-17 00:00:00,80.4000015258789,78.75,163.48
"RSI_Reversion(14,30/70)",LONG,2025-04-08 00:00:00,2025-04-10 00:00:00,61.02999877929688,62.709999084472656,166.48
"RSI_Reversion(14,30/70)",SHORT,2025-06-16 00:00:00,2025-06-24 00:00:00,76.54000091552734,67.73999786376953,878.48
"RSI_Reversion(14,30/70)",SHORT,2026-03-03 00:00:00,2026-03-11 00:00:00,71.2300033569336,86.88999938964844,-1567.52
"RSI_Reversion(14,30/70)",SHORT,2026-03-13 00:00:00,2026-03-17 00:00:00,96.73999786376952,94.41000366210938,231.48
"RSI_Reversion(14,30/70)",SHORT,2026-03-23 00:00:00,2026-03-24 00:00:00,100.51000213623048,88.77999877929688,1171.48
"RSI_Reversion(14,30/70)",SHORT,2026-04-06 00:00:00,2026-04-09 00:00:00,112.95999908447266,96.77999877929688,1616.48
"RSI_Reversion(14,30/70)",LONG,2026-06-23 00:00:00,2026-06-30 00:00:00,74.13999938964844,70.43000030517578,-372.52
"RSI_Reversion(14,30/70)",LONG,2026-07-01 00:00:00,2026-07-08 00:00:00,69.9800033569336,72.37999725341797,238.48
"RSI_Reversion(14,30/70)",SHORT,2026-07-24 00:00:00,2026-07-27 00:00:00,92.5500030517578,86.12000274658203,641.48
"Bollinger_Reversion(20,2sd)",LONG,2016-11-01 00:00:00,2016-11-22 00:00:00,46.77000045776367,48.369998931884766,158.48
"Bollinger_Reversion(20,2sd)",SHORT,2016-12-02 00:00:00,2017-01-10 00:00:00,51.0099983215332,51.83000183105469,-83.52
"Bollinger_Reversion(20,2sd)",LONG,2017-03-09 00:00:00,2017-03-30 00:00:00,50.220001220703125,49.59999847412109,-63.52
"Bollinger_Reversion(20,2sd)",SHORT,2017-04-10 00:00:00,2017-04-20 00:00:00,52.310001373291016,50.630001068115234,166.48
"Bollinger_Reversion(20,2sd)",LONG,2017-05-05 00:00:00,2017-05-16 00:00:00,45.5099983215332,48.81999969482422,329.48
"Bollinger_Reversion(20,2sd)",LONG,2017-06-08 00:00:00,2017-07-10 00:00:00,45.84999847412109,44.34999847412109,-151.52
"Bollinger_Reversion(20,2sd)",SHORT,2017-07-26 00:00:00,2017-08-15 00:00:00,48.5099983215332,47.4900016784668,100.48
"Bollinger_Reversion(20,2sd)",SHORT,2017-09-26 00:00:00,2017-10-05 00:00:00,52.119998931884766,49.880001068115234,222.48
"Bollinger_Reversion(20,2sd)",SHORT,2017-10-30 00:00:00,2017-12-07 00:00:00,54.15999984741211,56.0,-185.52
"Bollinger_Reversion(20,2sd)",SHORT,2017-12-27 00:00:00,2018-02-06 00:00:00,59.790000915527344,63.43000030517578,-365.52
"Bollinger_Reversion(20,2sd)",LONG,2018-02-08 00:00:00,2018-03-01 00:00:00,61.70000076293945,61.54999923706055,-16.52
"Bollinger_Reversion(20,2sd)",SHORT,2018-03-22 00:00:00,2018-04-09 00:00:00,65.5,62.0,348.48
"Bollinger_Reversion(20,2sd)",SHORT,2018-04-19 00:00:00,2018-05-29 00:00:00,68.75,66.48999786376953,224.48
"Bollinger_Reversion(20,2sd)",LONG,2018-05-30 00:00:00,2018-06-25 00:00:00,66.8499984741211,68.75,188.48
"Bollinger_Reversion(20,2sd)",SHORT,2018-06-27 00:00:00,2018-07-16 00:00:00,70.68000030517578,70.5199966430664,14.48
"Bollinger_Reversion(20,2sd)",LONG,2018-08-16 00:00:00,2018-08-23 00:00:00,64.94999694824219,68.06999969482422,310.48
"Bollinger_Reversion(20,2sd)",SHORT,2018-09-20 00:00:00,2018-10-12 00:00:00,71.38999938964844,70.98999786376953,38.48
"Bollinger_Reversion(20,2sd)",LONG,2018-10-19 00:00:00,2019-02-08 00:00:00,68.68000030517578,52.59000015258789,-1610.52
"Bollinger_Reversion(20,2sd)",SHORT,2019-02-19 00:00:00,2019-04-29 00:00:00,55.77999877929688,62.95000076293945,-718.52
"Bollinger_Reversion(20,2sd)",LONG,2019-05-24 00:00:00,2019-06-21 00:00:00,58.209999084472656,57.2599983215332,-96.52
"Bollinger_Reversion(20,2sd)",SHORT,2019-06-27 00:00:00,2019-07-17 00:00:00,59.27000045776367,57.52000045776367,173.48
"Bollinger_Reversion(20,2sd)",LONG,2019-07-19 00:00:00,2019-07-31 00:00:00,55.720001220703125,58.34000015258789,260.48
"Bollinger_Reversion(20,2sd)",LONG,2019-08-08 00:00:00,2019-08-14 00:00:00,52.33000183105469,56.7400016784668,439.48
"Bollinger_Reversion(20,2sd)",SHORT,2019-09-10 00:00:00,2019-09-13 00:00:00,58.02999877929688,55.150001525878906,286.48
"Bollinger_Reversion(20,2sd)",SHORT,2019-10-25 00:00:00,2019-11-04 00:00:00,56.06999969482422,56.40999984741211,-35.52
"Bollinger_Reversion(20,2sd)",SHORT,2019-11-22 00:00:00,2019-12-02 00:00:00,58.310001373291016,55.470001220703125,282.48
"Bollinger_Reversion(20,2sd)",SHORT,2020-01-06 00:00:00,2020-01-09 00:00:00,63.709999084472656,59.9900016784668,370.48
"Bollinger_Reversion(20,2sd)",LONG,2020-01-14 00:00:00,2020-02-20 00:00:00,58.02999877929688,53.5,-454.52
"Bollinger_Reversion(20,2sd)",LONG,2020-02-28 00:00:00,2020-04-06 00:00:00,46.4900016784668,26.09000015258789,-2041.52
"Bollinger_Reversion(20,2sd)",LONG,2020-04-21 00:00:00,2020-05-01 00:00:00,-14.0,19.040000915527344,3302.48
"Bollinger_Reversion(20,2sd)",LONG,2020-09-08 00:00:00,2020-09-18 00:00:00,39.47999954223633,40.970001220703125,147.48
"Bollinger_Reversion(20,2sd)",LONG,2020-10-29 00:00:00,2020-11-10 00:00:00,37.38999938964844,39.90999984741211,250.48
"Bollinger_Reversion(20,2sd)",SHORT,2021-01-06 00:00:00,2021-03-04 00:00:00,49.81999969482422,61.08000183105469,-1127.52
"Bollinger_Reversion(20,2sd)",SHORT,2021-03-08 00:00:00,2021-03-19 00:00:00,66.68000030517578,59.560001373291016,710.48
"Bollinger_Reversion(20,2sd)",LONG,2021-03-24 00:00:00,2021-04-15 00:00:00,57.400001525878906,62.83000183105469,541.48
"Bollinger_Reversion(20,2sd)",SHORT,2021-04-16 00:00:00,2021-05-14 00:00:00,63.31999969482422,63.83000183105469,-52.52
"Bollinger_Reversion(20,2sd)",SHORT,2021-06-03 00:00:00,2021-07-08 00:00:00,68.76000213623047,72.16999816894531,-342.52
"Bollinger_Reversion(20,2sd)",LONG,2021-07-20 00:00:00,2021-07-29 00:00:00,66.5999984741211,72.4000015258789,578.48
"Bollinger_Reversion(20,2sd)",LONG,2021-08-20 00:00:00,2021-08-26 00:00:00,64.05000305175781,68.0,393.48
"Bollinger_Reversion(20,2sd)",SHORT,2021-09-27 00:00:00,2021-11-04 00:00:00,74.19000244140625,80.18000030517578,-600.52
"Bollinger_Reversion(20,2sd)",LONG,2021-11-05 00:00:00,2021-11-10 00:00:00,79.37000274658203,84.52999877929688,514.48
"Bollinger_Reversion(20,2sd)",LONG,2021-11-18 00:00:00,2021-12-17 00:00:00,78.33999633789062,71.91999816894531,-643.52
"Bollinger_Reversion(20,2sd)",SHORT,2022-01-20 00:00:00,2022-03-16 00:00:00,86.2300033569336,95.2300033569336,-901.52
"Bollinger_Reversion(20,2sd)",SHORT,2022-05-17 00:00:00,2022-06-16 00:00:00,113.87000274658205,115.9800033569336,-212.52
"Bollinger_Reversion(20,2sd)",LONG,2022-06-23 00:00:00,2022-07-20 00:00:00,104.41999816894533,103.5999984741211,-83.52
"Bollinger_Reversion(20,2sd)",SHORT,2022-08-30 00:00:00,2022-09-01 00:00:00,96.9000015258789,88.83000183105469,805.48
"Bollinger_Reversion(20,2sd)",LONG,2022-09-08 00:00:00,2022-10-04 00:00:00,81.91000366210938,83.22000122070312,129.48
"Bollinger_Reversion(20,2sd)",SHORT,2022-10-10 00:00:00,2022-10-19 00:00:00,93.4800033569336,83.69000244140625,977.48
"Bollinger_Reversion(20,2sd)",SHORT,2022-11-07 00:00:00,2022-11-10 00:00:00,91.0,85.8499984741211,513.48
"Bollinger_Reversion(20,2sd)",LONG,2022-11-18 00:00:00,2022-12-16 00:00:00,82.08999633789062,76.37000274658203,-573.52
"Bollinger_Reversion(20,2sd)",LONG,2023-03-15 00:00:00,2023-03-30 00:00:00,71.55999755859375,72.9800033569336,140.48
"Bollinger_Reversion(20,2sd)",SHORT,2023-04-04 00:00:00,2023-04-21 00:00:00,80.44000244140625,77.12999725341797,329.48
"Bollinger_Reversion(20,2sd)",LONG,2023-05-03 00:00:00,2023-05-24 00:00:00,71.55999755859375,73.7699966430664,219.48
"Bollinger_Reversion(20,2sd)",LONG,2023-06-13 00:00:00,2023-06-20 00:00:00,67.30999755859375,71.44999694824219,412.48
"Bollinger_Reversion(20,2sd)",SHORT,2023-07-10 00:00:00,2023-08-17 00:00:00,73.86000061035156,79.25,-540.52
"Bollinger_Reversion(20,2sd)",SHORT,2023-09-05 00:00:00,2023-10-03 00:00:00,86.05999755859375,88.66999816894531,-262.52
"Bollinger_Reversion(20,2sd)",LONG,2023-10-05 00:00:00,2023-10-19 00:00:00,84.44999694824219,88.23999786376953,377.48
"Bollinger_Reversion(20,2sd)",LONG,2023-11-08 00:00:00,2023-11-30 00:00:00,77.12000274658203,77.75,61.48
"Bollinger_Reversion(20,2sd)",LONG,2023-12-06 00:00:00,2023-12-20 00:00:00,72.0999984741211,74.05999755859375,194.48
"Bollinger_Reversion(20,2sd)",SHORT,2024-01-26 00:00:00,2024-02-02 00:00:00,77.1500015258789,73.91000366210938,322.48
"Bollinger_Reversion(20,2sd)",SHORT,2024-03-15 00:00:00,2024-04-18 00:00:00,81.13999938964844,82.79000091552734,-166.52
"Bollinger_Reversion(20,2sd)",LONG,2024-05-02 00:00:00,2024-05-29 00:00:00,79.1500015258789,80.26000213623047,109.48
"Bollinger_Reversion(20,2sd)",LONG,2024-06-04 00:00:00,2024-06-11 00:00:00,74.0199966430664,78.12000274658203,408.48
"Bollinger_Reversion(20,2sd)",LONG,2024-07-24 00:00:00,2024-08-13 00:00:00,77.44999694824219,79.73999786376953,227.48
"Bollinger_Reversion(20,2sd)",LONG,2024-09-04 00:00:00,2024-09-20 00:00:00,70.27999877929688,72.0999984741211,180.48
"Bollinger_Reversion(20,2sd)",SHORT,2024-10-04 00:00:00,2024-10-16 00:00:00,73.94999694824219,70.98999786376953,294.48
"Bollinger_Reversion(20,2sd)",SHORT,2025-01-03 00:00:00,2025-02-21 00:00:00,73.12999725341797,72.58000183105469,53.48
"Bollinger_Reversion(20,2sd)",LONG,2025-02-26 00:00:00,2025-03-21 00:00:00,69.11000061035156,68.3499984741211,-77.52
"Bollinger_Reversion(20,2sd)",SHORT,2025-04-01 00:00:00,2025-04-04 00:00:00,71.38999938964844,66.63999938964844,473.48
"Bollinger_Reversion(20,2sd)",LONG,2025-04-07 00:00:00,2025-05-13 00:00:00,61.119998931884766,62.0,86.48
"Bollinger_Reversion(20,2sd)",SHORT,2025-06-09 00:00:00,2025-06-25 00:00:00,64.80000305175781,65.12000274658203,-33.52
"Bollinger_Reversion(20,2sd)",SHORT,2025-07-31 00:00:00,2025-08-04 00:00:00,70.30000305175781,66.8499984741211,343.48
"Bollinger_Reversion(20,2sd)",SHORT,2025-09-03 00:00:00,2025-09-05 00:00:00,65.62000274658203,63.33000183105469,227.48
"Bollinger_Reversion(20,2sd)",LONG,2025-09-08 00:00:00,2025-09-11 00:00:00,62.0,63.79999923706055,178.48
"Bollinger_Reversion(20,2sd)",LONG,2025-10-03 00:00:00,2025-10-24 00:00:00,60.70000076293945,61.790000915527344,107.48
"Bollinger_Reversion(20,2sd)",LONG,2025-11-24 00:00:00,2025-12-05 00:00:00,58.04999923706055,59.70000076293945,163.48
"Bollinger_Reversion(20,2sd)",LONG,2025-12-16 00:00:00,2025-12-23 00:00:00,56.68000030517578,57.95000076293945,125.48
"Bollinger_Reversion(20,2sd)",SHORT,2026-01-14 00:00:00,2026-02-18 00:00:00,61.119998931884766,62.29999923706055,-119.52
"Bollinger_Reversion(20,2sd)",SHORT,2026-03-03 00:00:00,2026-04-09 00:00:00,71.2300033569336,96.77999877929688,-2556.52
"Bollinger_Reversion(20,2sd)",LONG,2026-05-28 00:00:00,2026-07-14 00:00:00,89.11000061035156,78.04000091552734,-1108.52
"Bollinger_Reversion(20,2sd)",SHORT,2026-07-20 00:00:00,2026-08-04 00:00:00,83.76000213623047,80.0999984741211,364.48
"ZScore_Reversion(20,z=2.0)",LONG,2016-11-01 00:00:00,2016-11-21 00:00:00,46.77000045776367,45.83000183105469,-95.52
"ZScore_Reversion(20,z=2.0)",SHORT,2016-12-01 00:00:00,2017-01-04 00:00:00,49.06999969482422,52.4900016784668,-343.52
"ZScore_Reversion(20,z=2.0)",LONG,2017-03-09 00:00:00,2017-03-30 00:00:00,50.220001220703125,49.59999847412109,-63.52
"ZScore_Reversion(20,z=2.0)",SHORT,2017-04-10 00:00:00,2017-04-20 00:00:00,52.310001373291016,50.630001068115234,166.48
"ZScore_Reversion(20,z=2.0)",LONG,2017-05-05 00:00:00,2017-05-15 00:00:00,45.5099983215332,47.84999847412109,232.48
"ZScore_Reversion(20,z=2.0)",LONG,2017-06-08 00:00:00,2017-06-29 00:00:00,45.84999847412109,44.88999938964844,-97.52
"ZScore_Reversion(20,z=2.0)",SHORT,2017-07-26 00:00:00,2017-08-11 00:00:00,48.5099983215332,48.52000045776367,-2.52
"ZScore_Reversion(20,z=2.0)",SHORT,2017-09-26 00:00:00,2017-10-03 00:00:00,52.119998931884766,50.59000015258789,151.48
"ZScore_Reversion(20,z=2.0)",SHORT,2017-10-30 00:00:00,2017-11-16 00:00:00,54.15999984741211,55.29999923706055,-115.52
"ZScore_Reversion(20,z=2.0)",SHORT,2017-11-27 00:00:00,2017-12-05 00:00:00,58.95000076293945,57.47999954223633,145.48
"ZScore_Reversion(20,z=2.0)",SHORT,2017-12-27 00:00:00,2018-02-06 00:00:00,59.790000915527344,63.43000030517578,-365.52
"ZScore_Reversion(20,z=2.0)",LONG,2018-02-08 00:00:00,2018-02-21 00:00:00,61.70000076293945,61.630001068115234,-8.52
"ZScore_Reversion(20,z=2.0)",SHORT,2018-03-22 00:00:00,2018-04-03 00:00:00,65.5,62.88999938964844,259.48
"ZScore_Reversion(20,z=2.0)",SHORT,2018-04-19 00:00:00,2018-05-02 00:00:00,68.75,67.48999786376953,124.48
"ZScore_Reversion(20,z=2.0)",SHORT,2018-05-08 00:00:00,2018-05-25 00:00:00,70.02999877929688,70.6500015258789,-63.52
"ZScore_Reversion(20,z=2.0)",LONG,2018-05-30 00:00:00,2018-06-15 00:00:00,66.8499984741211,66.62000274658203,-24.52
"ZScore_Reversion(20,z=2.0)",SHORT,2018-06-25 00:00:00,2018-07-12 00:00:00,68.75,70.5999984741211,-186.52
"ZScore_Reversion(20,z=2.0)",LONG,2018-08-16 00:00:00,2018-08-22 00:00:00,64.94999694824219,66.08000183105469,111.48
"ZScore_Reversion(20,z=2.0)",SHORT,2018-09-20 00:00:00,2018-10-11 00:00:00,71.38999938964844,72.68000030517578,-130.52
"ZScore_Reversion(20,z=2.0)",LONG,2018-10-19 00:00:00,2018-12-14 00:00:00,68.68000030517578,52.83000183105469,-1586.52
"ZScore_Reversion(20,z=2.0)",LONG,2018-12-19 00:00:00,2019-01-04 00:00:00,45.93000030517578,46.900001525878906,95.48
"ZScore_Reversion(20,z=2.0)",SHORT,2019-02-19 00:00:00,2019-03-04 00:00:00,55.77999877929688,55.83000183105469,-6.52
"ZScore_Reversion(20,z=2.0)",SHORT,2019-03-15 00:00:00,2019-04-29 00:00:00,58.5099983215332,62.95000076293945,-445.52
"ZScore_Reversion(20,z=2.0)",LONG,2019-05-24 00:00:00,2019-06-19 00:00:00,58.209999084472656,54.09000015258789,-413.52
"ZScore_Reversion(20,z=2.0)",SHORT,2019-06-27 00:00:00,2019-07-03 00:00:00,59.27000045776367,56.4900016784668,276.48
"ZScore_Reversion(20,z=2.0)",LONG,2019-07-19 00:00:00,2019-07-30 00:00:00,55.720001220703125,57.06999969482422,133.48
"ZScore_Reversion(20,z=2.0)",LONG,2019-08-08 00:00:00,2019-08-13 00:00:00,52.33000183105469,54.72999954223633,238.48
"ZScore_Reversion(20,z=2.0)",SHORT,2019-09-10 00:00:00,2019-09-12 00:00:00,58.02999877929688,55.93000030517578,208.48
"ZScore_Reversion(20,z=2.0)",SHORT,2019-09-17 00:00:00,2019-09-25 00:00:00,61.959999084472656,56.70000076293945,524.48
"ZScore_Reversion(20,z=2.0)",SHORT,2019-10-25 00:00:00,2019-11-01 00:00:00,56.06999969482422,54.150001525878906,190.48
"ZScore_Reversion(20,z=2.0)",SHORT,2019-11-22 00:00:00,2019-12-02 00:00:00,58.310001373291016,55.470001220703125,282.48
"ZScore_Reversion(20,z=2.0)",LONG,2019-12-02 00:00:00,2020-01-06 00:00:00,55.470001220703125,63.709999084472656,822.48
"ZScore_Reversion(20,z=2.0)",SHORT,2020-01-06 00:00:00,2020-01-14 00:00:00,63.709999084472656,58.02999877929688,566.48
"ZScore_Reversion(20,z=2.0)",LONG,2020-01-14 00:00:00,2020-02-18 00:00:00,58.02999877929688,52.22999954223633,-581.52
"ZScore_Reversion(20,z=2.0)",LONG,2020-02-28 00:00:00,2020-04-03 00:00:00,46.4900016784668,24.809999465942383,-2169.52
"ZScore_Reversion(20,z=2.0)",LONG,2020-04-21 00:00:00,2020-04-23 00:00:00,-14.0,14.199999809265137,2818.48
"ZScore_Reversion(20,z=2.0)",LONG,2020-09-08 00:00:00,2020-09-17 00:00:00,39.47999954223633,40.18999862670898,69.48
"ZScore_Reversion(20,z=2.0)",LONG,2020-10-29 00:00:00,2020-11-05 00:00:00,37.38999938964844,39.16999816894531,176.48
"ZScore_Reversion(20,z=2.0)",SHORT,2021-01-06 00:00:00,2021-01-29 00:00:00,49.81999969482422,52.150001525878906,-234.52
"ZScore_Reversion(20,z=2.0)",SHORT,2021-02-03 00:00:00,2021-03-03 00:00:00,55.04999923706055,59.54999923706055,-451.52
"ZScore_Reversion(20,z=2.0)",SHORT,2021-03-08 00:00:00,2021-03-24 00:00:00,66.68000030517578,57.400001525878906,926.48
"ZScore_Reversion(20,z=2.0)",LONG,2021-03-24 00:00:00,2021-03-30 00:00:00,57.400001525878906,61.959999084472656,454.48
"ZScore_Reversion(20,z=2.0)",SHORT,2021-04-16 00:00:00,2021-04-22 00:00:00,63.31999969482422,61.11000061035156,219.48
"ZScore_Reversion(20,z=2.0)",SHORT,2021-06-03 00:00:00,2021-07-08 00:00:00,68.76000213623047,72.16999816894531,-342.52
"ZScore_Reversion(20,z=2.0)",LONG,2021-07-20 00:00:00,2021-07-23 00:00:00,66.5999984741211,71.70999908447266,509.48
"ZScore_Reversion(20,z=2.0)",LONG,2021-08-20 00:00:00,2021-08-25 00:00:00,64.05000305175781,67.62999725341797,356.48
"ZScore_Reversion(20,z=2.0)",SHORT,2021-09-27 00:00:00,2021-11-05 00:00:00,74.19000244140625,79.37000274658203,-519.52
"ZScore_Reversion(20,z=2.0)",LONG,2021-11-05 00:00:00,2021-11-09 00:00:00,79.37000274658203,82.16000366210938,277.48
"ZScore_Reversion(20,z=2.0)",LONG,2021-11-18 00:00:00,2021-12-08 00:00:00,78.33999633789062,71.86000061035156,-649.52
"ZScore_Reversion(20,z=2.0)",SHORT,2022-01-20 00:00:00,2022-02-22 00:00:00,86.2300033569336,91.75,-553.52
"ZScore_Reversion(20,z=2.0)",SHORT,2022-03-02 00:00:00,2022-03-15 00:00:00,107.12000274658205,102.27999877929688,482.48
"ZScore_Reversion(20,z=2.0)",SHORT,2022-05-17 00:00:00,2022-06-16 00:00:00,113.87000274658205,115.9800033569336,-212.52
"ZScore_Reversion(20,z=2.0)",LONG,2022-06-23 00:00:00,2022-07-19 00:00:00,104.41999816894533,102.0,-243.52
"ZScore_Reversion(20,z=2.0)",SHORT,2022-08-30 00:00:00,2022-08-31 00:00:00,96.9000015258789,92.30999755859376,457.48
"ZScore_Reversion(20,z=2.0)",LONG,2022-09-08 00:00:00,2022-09-13 00:00:00,81.91000366210938,88.08999633789062,616.48
"ZScore_Reversion(20,z=2.0)",LONG,2022-09-27 00:00:00,2022-10-04 00:00:00,76.47000122070312,83.22000122070312,673.48
"ZScore_Reversion(20,z=2.0)",SHORT,2022-10-10 00:00:00,2022-10-17 00:00:00,93.4800033569336,85.58999633789062,787.48
"ZScore_Reversion(20,z=2.0)",SHORT,2022-11-07 00:00:00,2022-11-11 00:00:00,91.0,86.2699966430664,471.48
"ZScore_Reversion(20,z=2.0)",LONG,2022-11-18 00:00:00,2022-12-15 00:00:00,82.08999633789062,77.37000274658203,-473.52
"ZScore_Reversion(20,z=2.0)",LONG,2023-03-15 00:00:00,2023-03-28 00:00:00,71.55999755859375,72.86000061035156,128.48
"ZScore_Reversion(20,z=2.0)",SHORT,2023-04-04 00:00:00,2023-04-20 00:00:00,80.44000244140625,78.87000274658203,155.48
"ZScore_Reversion(20,z=2.0)",LONG,2023-05-03 00:00:00,2023-05-18 00:00:00,71.55999755859375,72.75,117.48
"ZScore_Reversion(20,z=2.0)",LONG,2023-06-13 00:00:00,2023-06-16 00:00:00,67.30999755859375,70.55000305175781,322.48
"ZScore_Reversion(20,z=2.0)",SHORT,2023-07-10 00:00:00,2023-08-16 00:00:00,73.86000061035156,81.2300033569336,-738.52
"ZScore_Reversion(20,z=2.0)",SHORT,2023-09-05 00:00:00,2023-10-03 00:00:00,86.05999755859375,88.66999816894531,-262.52
"ZScore_Reversion(20,z=2.0)",LONG,2023-10-05 00:00:00,2023-10-16 00:00:00,84.44999694824219,87.72000122070312,325.48
"ZScore_Reversion(20,z=2.0)",LONG,2023-11-08 00:00:00,2023-11-22 00:00:00,77.12000274658203,77.7699966430664,63.48
"ZScore_Reversion(20,z=2.0)",LONG,2023-12-06 00:00:00,2023-12-19 00:00:00,72.0999984741211,72.4800033569336,36.48
"ZScore_Reversion(20,z=2.0)",SHORT,2024-01-26 00:00:00,2024-02-02 00:00:00,77.1500015258789,73.91000366210938,322.48
"ZScore_Reversion(20,z=2.0)",SHORT,2024-03-15 00:00:00,2024-05-02 00:00:00,81.13999938964844,79.1500015258789,197.48
"ZScore_Reversion(20,z=2.0)",LONG,2024-05-02 00:00:00,2024-05-20 00:00:00,79.1500015258789,80.01000213623047,84.48
"ZScore_Reversion(20,z=2.0)",LONG,2024-06-04 00:00:00,2024-06-11 00:00:00,74.0199966430664,78.12000274658203,408.48
"ZScore_Reversion(20,z=2.0)",LONG,2024-07-24 00:00:00,2024-08-12 00:00:00,77.44999694824219,76.98999786376953,-47.52
"ZScore_Reversion(20,z=2.0)",LONG,2024-09-04 00:00:00,2024-09-17 00:00:00,70.27999877929688,70.5,20.48
"ZScore_Reversion(20,z=2.0)",SHORT,2024-10-04 00:00:00,2024-10-16 00:00:00,73.94999694824219,70.98999786376953,294.48
"ZScore_Reversion(20,z=2.0)",SHORT,2025-01-03 00:00:00,2025-01-23 00:00:00,73.12999725341797,75.38999938964844,-227.52
"ZScore_Reversion(20,z=2.0)",LONG,2025-02-26 00:00:00,2025-03-21 00:00:00,69.11000061035156,68.3499984741211,-77.52
"ZScore_Reversion(20,z=2.0)",SHORT,2025-04-01 00:00:00,2025-04-07 00:00:00,71.38999938964844,61.119998931884766,1025.48
"ZScore_Reversion(20,z=2.0)",LONG,2025-04-07 00:00:00,2025-04-21 00:00:00,61.119998931884766,64.30000305175781,316.48
"ZScore_Reversion(20,z=2.0)",LONG,2025-05-06 00:00:00,2025-05-09 00:00:00,57.25,60.25,298.48
"ZScore_Reversion(20,z=2.0)",SHORT,2025-06-09 00:00:00,2025-06-24 00:00:00,64.80000305175781,67.73999786376953,-295.52
"ZScore_Reversion(20,z=2.0)",SHORT,2025-07-30 00:00:00,2025-08-04 00:00:00,69.33999633789062,66.8499984741211,247.48
"ZScore_Reversion(20,z=2.0)",SHORT,2025-09-03 00:00:00,2025-09-04 00:00:00,65.62000274658203,63.81999969482422,178.48
"ZScore_Reversion(20,z=2.0)",LONG,2025-09-08 00:00:00,2025-09-11 00:00:00,62.0,63.79999923706055,178.48
"ZScore_Reversion(20,z=2.0)",LONG,2025-10-03 00:00:00,2025-10-09 00:00:00,60.70000076293945,62.310001373291016,159.48
"ZScore_Reversion(20,z=2.0)",LONG,2025-10-13 00:00:00,2025-10-29 00:00:00,59.0,60.18000030517578,116.48
"ZScore_Reversion(20,z=2.0)",LONG,2025-11-24 00:00:00,2025-12-02 00:00:00,58.04999923706055,59.52000045776367,145.48
"ZScore_Reversion(20,z=2.0)",LONG,2025-12-16 00:00:00,2025-12-23 00:00:00,56.68000030517578,57.95000076293945,125.48
"ZScore_Reversion(20,z=2.0)",SHORT,2026-01-14 00:00:00,2026-01-23 00:00:00,61.119998931884766,59.65999984741211,144.48
"ZScore_Reversion(20,z=2.0)",SHORT,2026-01-30 00:00:00,2026-02-13 00:00:00,65.5199966430664,62.9900016784668,251.48
"ZScore_Reversion(20,z=2.0)",SHORT,2026-03-03 00:00:00,2026-03-24 00:00:00,71.2300033569336,88.77999877929688,-1756.52
"ZScore_Reversion(20,z=2.0)",SHORT,2026-04-06 00:00:00,2026-04-10 00:00:00,112.95999908447266,98.2300033569336,1471.48
"ZScore_Reversion(20,z=2.0)",LONG,2026-05-28 00:00:00,2026-06-04 00:00:00,89.11000061035156,95.75,662.48
"ZScore_Reversion(20,z=2.0)",LONG,2026-06-17 00:00:00,2026-07-09 00:00:00,76.58999633789062,74.94999694824219,-165.52
"ZScore_Reversion(20,z=2.0)",SHORT,2026-07-20 00:00:00,2026-07-29 00:00:00,83.76000213623047,80.04000091552734,370.48
"Stochastic_Reversion(14,20/80)",LONG,2016-09-21 00:00:00,2016-09-22 00:00:00,44.5,45.619998931884766,110.48
"Stochastic_Reversion(14,20/80)",SHORT,2016-10-05 00:00:00,2016-10-26 00:00:00,49.2599983215332,49.310001373291016,-6.52
"Stochastic_Reversion(14,20/80)",LONG,2016-11-02 00:00:00,2016-11-21 00:00:00,46.31999969482422,45.83000183105469,-50.52
"Stochastic_Reversion(14,20/80)",SHORT,2016-11-25 00:00:00,2016-11-30 00:00:00,47.970001220703125,45.2400016784668,271.48
"Stochastic_Reversion(14,20/80)",SHORT,2016-12-06 00:00:00,2017-01-04 00:00:00,50.970001220703125,52.4900016784668,-153.52
"Stochastic_Reversion(14,20/80)",LONG,2017-03-14 00:00:00,2017-03-30 00:00:00,48.45000076293945,49.59999847412109,113.48
"Stochastic_Reversion(14,20/80)",SHORT,2017-04-04 00:00:00,2017-04-20 00:00:00,50.2400016784668,50.630001068115234,-40.52
"Stochastic_Reversion(14,20/80)",LONG,2017-04-26 00:00:00,2017-05-12 00:00:00,49.36000061035156,47.810001373291016,-156.52
"Stochastic_Reversion(14,20/80)",SHORT,2017-05-23 00:00:00,2017-06-01 00:00:00,51.040000915527344,48.630001068115234,239.48
"Stochastic_Reversion(14,20/80)",LONG,2017-06-12 00:00:00,2017-06-29 00:00:00,45.79999923706055,44.88999938964844,-92.52
"Stochastic_Reversion(14,20/80)",SHORT,2017-07-21 00:00:00,2017-08-15 00:00:00,46.90999984741211,47.4900016784668,-59.52
"Stochastic_Reversion(14,20/80)",LONG,2017-08-18 00:00:00,2017-08-21 00:00:00,46.93000030517578,48.720001220703125,177.48
"Stochastic_Reversion(14,20/80)",SHORT,2017-09-08 00:00:00,2017-09-11 00:00:00,49.09000015258789,47.58000183105469,149.48
"Stochastic_Reversion(14,20/80)",SHORT,2017-09-18 00:00:00,2017-10-04 00:00:00,49.84999847412109,50.15999984741211,-32.52
"Stochastic_Reversion(14,20/80)",SHORT,2017-10-26 00:00:00,2017-11-17 00:00:00,52.18999862670898,55.25,-307.52
"Stochastic_Reversion(14,20/80)",SHORT,2017-12-28 00:00:00,2018-01-31 00:00:00,59.52999877929688,64.02999877929688,-451.52
"Stochastic_Reversion(14,20/80)",LONG,2018-02-09 00:00:00,2018-02-23 00:00:00,60.43000030517578,62.59999847412109,215.48
"Stochastic_Reversion(14,20/80)",SHORT,2018-02-28 00:00:00,2018-03-02 00:00:00,62.790000915527344,61.34000015258789,143.48
"Stochastic_Reversion(14,20/80)",SHORT,2018-03-27 00:00:00,2018-04-03 00:00:00,65.52999877929688,62.88999938964844,262.48
"Stochastic_Reversion(14,20/80)",SHORT,2018-04-20 00:00:00,2018-05-02 00:00:00,68.26000213623047,67.48999786376953,75.48
"Stochastic_Reversion(14,20/80)",SHORT,2018-05-18 00:00:00,2018-05-29 00:00:00,71.5999984741211,66.48999786376953,509.48
"Stochastic_Reversion(14,20/80)",LONG,2018-06-06 00:00:00,2018-06-21 00:00:00,65.51000213623047,65.33999633789062,-18.52
"Stochastic_Reversion(14,20/80)",SHORT,2018-06-29 00:00:00,2018-07-13 00:00:00,73.33000183105469,70.37999725341797,293.48
"Stochastic_Reversion(14,20/80)",SHORT,2018-08-29 00:00:00,2018-09-07 00:00:00,68.54000091552734,67.87999725341797,64.48
"Stochastic_Reversion(14,20/80)",SHORT,2018-10-03 00:00:00,2018-10-11 00:00:00,75.12000274658203,72.68000030517578,242.48
"Stochastic_Reversion(14,20/80)",LONG,2018-10-16 00:00:00,2018-12-14 00:00:00,71.72000122070312,52.83000183105469,-1890.52
"Stochastic_Reversion(14,20/80)",LONG,2018-12-20 00:00:00,2019-01-07 00:00:00,47.38999938964844,48.29999923706055,89.48
"Stochastic_Reversion(14,20/80)",SHORT,2019-01-14 00:00:00,2019-02-08 00:00:00,51.72999954223633,52.59000015258789,-87.52
"Stochastic_Reversion(14,20/80)",SHORT,2019-02-21 00:00:00,2019-03-11 00:00:00,57.2400016784668,56.06999969482422,115.48
"Stochastic_Reversion(14,20/80)",SHORT,2019-03-18 00:00:00,2019-04-29 00:00:00,58.45000076293945,62.95000076293945,-451.52
"Stochastic_Reversion(14,20/80)",LONG,2019-06-04 00:00:00,2019-06-20 00:00:00,52.88999938964844,54.119998931884766,121.48
"Stochastic_Reversion(14,20/80)",SHORT,2019-06-26 00:00:00,2019-07-17 00:00:00,58.84000015258789,57.52000045776367,130.48
"Stochastic_Reversion(14,20/80)",LONG,2019-07-22 00:00:00,2019-07-31 00:00:00,56.220001220703125,58.34000015258789,210.48
"Stochastic_Reversion(14,20/80)",LONG,2019-10-03 00:00:00,2019-10-18 00:00:00,52.470001220703125,54.09000015258789,160.48
"Stochastic_Reversion(14,20/80)",SHORT,2019-11-29 00:00:00,2019-12-02 00:00:00,58.130001068115234,55.470001220703125,264.48
"Stochastic_Reversion(14,20/80)",SHORT,2019-12-09 00:00:00,2020-01-09 00:00:00,59.11000061035156,59.9900016784668,-89.52
"Stochastic_Reversion(14,20/80)",LONG,2020-01-15 00:00:00,2020-02-18 00:00:00,58.20000076293945,52.22999954223633,-598.52
"Stochastic_Reversion(14,20/80)",LONG,2020-02-28 00:00:00,2020-04-06 00:00:00,46.4900016784668,26.09000015258789,-2041.52
"Stochastic_Reversion(14,20/80)",LONG,2020-04-20 00:00:00,2020-04-20 00:00:00,17.729999542236328,-37.630001068115234,-5537.52
"CCI_Reversion(20,100)",LONG,2016-09-15 00:00:00,2016-09-22 00:00:00,43.70000076293945,45.619998931884766,190.48
"CCI_Reversion(20,100)",SHORT,2016-09-29 00:00:00,2016-10-14 00:00:00,47.20000076293945,50.58000183105469,-339.52
"CCI_Reversion(20,100)",SHORT,2016-10-20 00:00:00,2016-10-21 00:00:00,51.400001525878906,50.65999984741211,72.48
"CCI_Reversion(20,100)",LONG,2016-11-01 00:00:00,2016-11-14 00:00:00,46.77000045776367,43.20000076293945,-358.52
"CCI_Reversion(20,100)",LONG,2016-11-15 00:00:00,2016-11-16 00:00:00,43.7599983215332,45.77000045776367,199.48
"CCI_Reversion(20,100)",SHORT,2016-12-01 00:00:00,2016-12-08 00:00:00,49.06999969482422,49.880001068115234,-82.52
"CCI_Reversion(20,100)",SHORT,2016-12-12 00:00:00,2016-12-15 00:00:00,52.58000183105469,50.790000915527344,177.48
"CCI_Reversion(20,100)",SHORT,2016-12-28 00:00:00,2017-01-04 00:00:00,53.93000030517578,52.4900016784668,142.48
"CCI_Reversion(20,100)",LONG,2017-01-11 00:00:00,2017-01-12 00:00:00,50.810001373291016,52.369998931884766,154.48
"CCI_Reversion(20,100)",LONG,2017-01-19 00:00:00,2017-01-23 00:00:00,51.38999938964844,53.33000183105469,192.48
"CCI_Reversion(20,100)",SHORT,2017-02-03 00:00:00,2017-02-07 00:00:00,53.68000030517578,53.13999938964844,52.48
"CCI_Reversion(20,100)",SHORT,2017-02-22 00:00:00,2017-03-01 00:00:00,54.2599983215332,53.95000076293945,29.48
"CCI_Reversion(20,100)",LONG,2017-03-09 00:00:00,2017-03-17 00:00:00,50.220001220703125,48.790000915527344,-144.52
"CCI_Reversion(20,100)",SHORT,2017-04-05 00:00:00,2017-04-18 00:00:00,51.18000030517578,52.75,-158.52
"CCI_Reversion(20,100)",LONG,2017-04-28 00:00:00,2017-05-01 00:00:00,49.27000045776367,49.16999816894531,-11.52
"CCI_Reversion(20,100)",LONG,2017-05-02 00:00:00,2017-05-11 00:00:00,48.77999877929688,47.38999938964844,-140.52
"CCI_Reversion(20,100)",SHORT,2017-05-22 00:00:00,2017-05-26 00:00:00,50.59999847412109,48.75,183.48
"CCI_Reversion(20,100)",LONG,2017-06-08 00:00:00,2017-06-27 00:00:00,45.84999847412109,43.4900016784668,-237.52
"CCI_Reversion(20,100)",SHORT,2017-07-05 00:00:00,2017-07-06 00:00:00,47.040000915527344,45.650001525878906,137.48
"CCI_Reversion(20,100)",SHORT,2017-07-17 00:00:00,2017-07-18 00:00:00,46.68000030517578,45.9900016784668,67.48
"CCI_Reversion(20,100)",SHORT,2017-07-20 00:00:00,2017-07-24 00:00:00,47.09000015258789,45.619998931884766,145.48
"CCI_Reversion(20,100)",SHORT,2017-07-26 00:00:00,2017-08-04 00:00:00,48.5099983215332,48.95000076293945,-45.52
"CCI_Reversion(20,100)",LONG,2017-08-18 00:00:00,2017-08-21 00:00:00,46.93000030517578,48.720001220703125,177.48
"CCI_Reversion(20,100)",LONG,2017-08-29 00:00:00,2017-09-01 00:00:00,46.86000061035156,47.08000183105469,20.48
"CCI_Reversion(20,100)",SHORT,2017-09-07 00:00:00,2017-09-11 00:00:00,49.13999938964844,47.58000183105469,154.48
"CCI_Reversion(20,100)",SHORT,2017-09-14 00:00:00,2017-10-02 00:00:00,49.310001373291016,51.63999938964844,-234.52
"CCI_Reversion(20,100)",SHORT,2017-10-17 00:00:00,2017-10-18 00:00:00,51.93000030517578,51.93999862670898,-2.52
"CCI_Reversion(20,100)",SHORT,2017-10-25 00:00:00,2017-11-14 00:00:00,52.560001373291016,56.720001220703125,-417.52
"CCI_Reversion(20,100)",SHORT,2017-11-24 00:00:00,2017-11-29 00:00:00,58.04999923706055,57.72999954223633,30.48
"CCI_Reversion(20,100)",SHORT,2017-12-04 00:00:00,2017-12-05 00:00:00,58.31999969482422,57.47999954223633,82.48
"CCI_Reversion(20,100)",SHORT,2017-12-26 00:00:00,2018-01-18 00:00:00,58.400001525878906,64.06999969482422,-568.52
"CCI_Reversion(20,100)",SHORT,2018-01-25 00:00:00,2018-01-31 00:00:00,65.87999725341797,64.02999877929688,183.48
"CCI_Reversion(20,100)",SHORT,2018-02-02 00:00:00,2018-02-05 00:00:00,65.98999786376953,65.0999984741211,87.48
"CCI_Reversion(20,100)",LONG,2018-02-08 00:00:00,2018-02-16 00:00:00,61.70000076293945,61.45000076293945,-26.52
"CCI_Reversion(20,100)",SHORT,2018-03-21 00:00:00,2018-03-29 00:00:00,63.720001220703125,64.69000244140625,-98.52
"CCI_Reversion(20,100)",SHORT,2018-04-12 00:00:00,2018-04-18 00:00:00,66.75,66.68000030517578,5.48
"CCI_Reversion(20,100)",SHORT,2018-04-19 00:00:00,2018-04-25 00:00:00,68.75,67.75,98.48
"CCI_Reversion(20,100)",SHORT,2018-05-07 00:00:00,2018-05-21 00:00:00,69.8499984741211,71.47000122070312,-163.52
"CCI_Reversion(20,100)",SHORT,2018-05-22 00:00:00,2018-05-24 00:00:00,72.52999877929688,71.83000183105469,68.48
"CCI_Reversion(20,100)",LONG,2018-05-30 00:00:00,2018-06-08 00:00:00,66.8499984741211,65.9800033569336,-88.52
"CCI_Reversion(20,100)",SHORT,2018-06-25 00:00:00,2018-07-09 00:00:00,68.75,73.87000274658203,-513.52
"CCI_Reversion(20,100)",LONG,2018-08-09 00:00:00,2018-08-15 00:00:00,66.79000091552734,66.62000274658203,-18.52
"CCI_Reversion(20,100)",LONG,2018-08-16 00:00:00,2018-08-21 00:00:00,64.94999694824219,66.62000274658203,165.48
"CCI_Reversion(20,100)",SHORT,2018-08-30 00:00:00,2018-09-06 00:00:00,69.70999908447266,68.63999938964844,105.48
"CCI_Reversion(20,100)",SHORT,2018-09-13 00:00:00,2018-09-14 00:00:00,70.23999786376953,68.79000091552734,143.48
"CCI_Reversion(20,100)",SHORT,2018-09-20 00:00:00,2018-10-08 00:00:00,71.38999938964844,74.4000015258789,-302.52
"CCI_Reversion(20,100)",LONG,2018-10-18 00:00:00,2018-10-30 00:00:00,70.02999877929688,66.68000030517578,-336.52
"CCI_Reversion(20,100)",LONG,2018-10-31 00:00:00,2018-12-04 00:00:00,66.31999969482422,53.130001068115234,-1320.52
"CCI_Reversion(20,100)",LONG,2018-12-18 00:00:00,2018-12-31 00:00:00,49.15999984741211,45.220001220703125,-395.52
"CCI_Reversion(20,100)",SHORT,2019-01-10 00:00:00,2019-01-15 00:00:00,52.18000030517578,50.77999877929688,138.48
"CCI_Reversion(20,100)",SHORT,2019-01-16 00:00:00,2019-01-18 00:00:00,52.0,52.22999954223633,-24.52
"CCI_Reversion(20,100)",SHORT,2019-01-22 00:00:00,2019-01-23 00:00:00,53.72999954223633,52.95000076293945,76.48
"CCI_Reversion(20,100)",SHORT,2019-01-31 00:00:00,2019-02-06 00:00:00,54.27999877929688,53.72999954223633,53.48
"CCI_Reversion(20,100)",SHORT,2019-02-19 00:00:00,2019-02-26 00:00:00,55.77999877929688,55.459999084472656,30.48
"CCI_Reversion(20,100)",SHORT,2019-02-28 00:00:00,2019-03-04 00:00:00,57.0,55.83000183105469,115.48
"CCI_Reversion(20,100)",SHORT,2019-03-14 00:00:00,2019-03-25 00:00:00,58.34999847412109,58.97999954223633,-64.52
"CCI_Reversion(20,100)",SHORT,2019-03-27 00:00:00,2019-03-28 00:00:00,60.02999877929688,59.400001525878906,61.48
"CCI_Reversion(20,100)",SHORT,2019-04-01 00:00:00,2019-04-15 00:00:00,60.2400016784668,63.7599983215332,-353.52
"CCI_Reversion(20,100)",SHORT,2019-04-23 00:00:00,2019-04-26 00:00:00,65.75,65.12999725341797,60.48
"CCI_Reversion(20,100)",LONG,2019-05-03 00:00:00,2019-05-13 00:00:00,61.54999923706055,61.650001525878906,8.48
"CCI_Reversion(20,100)",LONG,2019-05-24 00:00:00,2019-06-10 00:00:00,58.209999084472656,54.2400016784668,-398.52
"CCI_Reversion(20,100)",SHORT,2019-06-25 00:00:00,2019-07-03 00:00:00,57.7400016784668,56.4900016784668,123.48
"CCI_Reversion(20,100)",SHORT,2019-07-12 00:00:00,2019-07-16 00:00:00,60.459999084472656,59.2599983215332,118.48
"CCI_Reversion(20,100)",LONG,2019-07-19 00:00:00,2019-07-24 00:00:00,55.720001220703125,57.22999954223633,149.48
"CCI_Reversion(20,100)",LONG,2019-08-02 00:00:00,2019-08-05 00:00:00,54.540000915527344,55.380001068115234,82.48
"CCI_Reversion(20,100)",LONG,2019-08-06 00:00:00,2019-08-12 00:00:00,54.95000076293945,54.31999969482422,-64.52
"CCI_Reversion(20,100)",SHORT,2019-08-30 00:00:00,2019-09-03 00:00:00,56.630001068115234,55.0,161.48
"CCI_Reversion(20,100)",SHORT,2019-09-06 00:00:00,2019-09-09 00:00:00,56.18999862670898,56.79999923706055,-62.52
"CCI_Reversion(20,100)",SHORT,2019-09-10 00:00:00,2019-09-12 00:00:00,58.02999877929688,55.93000030517578,208.48
"CCI_Reversion(20,100)",SHORT,2019-09-17 00:00:00,2019-09-19 00:00:00,61.959999084472656,58.20000076293945,374.48
"CCI_Reversion(20,100)",LONG,2019-10-02 00:00:00,2019-10-10 00:00:00,54.0,52.68999862670898,-132.52
"CCI_Reversion(20,100)",SHORT,2019-10-24 00:00:00,2019-10-30 00:00:00,55.900001525878906,55.52999877929688,35.48
"CCI_Reversion(20,100)",SHORT,2019-11-05 00:00:00,2019-11-11 00:00:00,56.560001373291016,57.400001525878906,-85.52
"CCI_Reversion(20,100)",SHORT,2019-11-22 00:00:00,2019-12-02 00:00:00,58.310001373291016,55.470001220703125,282.48
"CCI_Reversion(20,100)",LONG,2019-12-02 00:00:00,2019-12-05 00:00:00,55.470001220703125,58.36000061035156,287.48
"CCI_Reversion(20,100)",SHORT,2019-12-06 00:00:00,2019-12-12 00:00:00,58.31999969482422,58.880001068115234,-57.52
"CCI_Reversion(20,100)",SHORT,2019-12-13 00:00:00,2019-12-24 00:00:00,59.36000061035156,60.630001068115234,-128.52
"CCI_Reversion(20,100)",SHORT,2019-12-27 00:00:00,2020-01-02 00:00:00,61.72999954223633,61.59999847412109,11.48
"CCI_Reversion(20,100)",SHORT,2020-01-06 00:00:00,2020-01-09 00:00:00,63.709999084472656,59.9900016784668,370.48
"CCI_Reversion(20,100)",LONG,2020-01-10 00:00:00,2020-01-21 00:00:00,59.61000061035156,59.16999816894531,-45.52
"CCI_Reversion(20,100)",LONG,2020-01-23 00:00:00,2020-02-07 00:00:00,56.11000061035156,51.11000061035156,-501.52
"CCI_Reversion(20,100)",LONG,2020-02-11 00:00:00,2020-02-12 00:00:00,49.61000061035156,49.959999084472656,33.48
"CCI_Reversion(20,100)",LONG,2020-02-27 00:00:00,2020-03-18 00:00:00,48.630001068115234,20.3700008392334,-2827.52
"ATR_Vol_Breakout(14,k=1.5)",LONG,2016-11-16 00:00:00,2017-03-09 00:00:00,45.77000045776367,50.220001220703125,443.48
"ATR_Vol_Breakout(14,k=1.5)",SHORT,2017-03-09 00:00:00,2017-11-07 00:00:00,50.220001220703125,57.27000045776367,-706.52
"ATR_Vol_Breakout(14,k=1.5)",LONG,2017-11-07 00:00:00,2018-05-29 00:00:00,57.27000045776367,66.48999786376953,920.48
"ATR_Vol_Breakout(14,k=1.5)",SHORT,2018-05-29 00:00:00,2018-06-25 00:00:00,66.48999786376953,68.75,-227.52
"ATR_Vol_Breakout(14,k=1.5)",LONG,2018-06-25 00:00:00,2018-07-12 00:00:00,68.75,70.5999984741211,183.48
"ATR_Vol_Breakout(14,k=1.5)",SHORT,2018-07-12 00:00:00,2019-06-21 00:00:00,70.5999984741211,57.2599983215332,1332.48
"ATR_Vol_Breakout(14,k=1.5)",LONG,2019-06-21 00:00:00,2019-07-03 00:00:00,57.2599983215332,56.4900016784668,-78.52
"ATR_Vol_Breakout(14,k=1.5)",SHORT,2019-07-03 00:00:00,2019-09-17 00:00:00,56.4900016784668,61.959999084472656,-548.52
"ATR_Vol_Breakout(14,k=1.5)",LONG,2019-09-17 00:00:00,2019-12-02 00:00:00,61.959999084472656,55.470001220703125,-650.52
"ATR_Vol_Breakout(14,k=1.5)",SHORT,2019-12-02 00:00:00,2020-01-06 00:00:00,55.470001220703125,63.709999084472656,-825.52
"ATR_Vol_Breakout(14,k=1.5)",LONG,2020-01-06 00:00:00,2020-01-09 00:00:00,63.709999084472656,59.9900016784668,-373.52
"ATR_Vol_Breakout(14,k=1.5)",SHORT,2020-01-09 00:00:00,2020-04-22 00:00:00,59.9900016784668,13.119999885559082,4685.48
"ATR_Vol_Breakout(14,k=1.5)",LONG,2020-04-22 00:00:00,2020-09-09 00:00:00,13.119999885559082,36.790000915527344,2365.48
"ATR_Vol_Breakout(14,k=1.5)",SHORT,2020-09-09 00:00:00,2020-11-10 00:00:00,36.790000915527344,39.90999984741211,-313.52
"ATR_Vol_Breakout(14,k=1.5)",LONG,2020-11-10 00:00:00,2021-03-19 00:00:00,39.90999984741211,59.560001373291016,1963.48
"ATR_Vol_Breakout(14,k=1.5)",SHORT,2021-03-19 00:00:00,2022-03-02 00:00:00,59.560001373291016,107.12000274658205,-4757.52
"ATR_Vol_Breakout(14,k=1.5)",LONG,2022-03-02 00:00:00,2022-03-02 00:00:00,107.12000274658205,110.5999984741211,346.48
"Supertrend(10,m=3.0)",LONG,2016-08-24 00:00:00,2016-11-01 00:00:00,47.59000015258789,46.77000045776367,-83.52
"Supertrend(10,m=3.0)",SHORT,2016-11-01 00:00:00,2016-11-23 00:00:00,46.77000045776367,47.93999862670898,-118.52
"Supertrend(10,m=3.0)",LONG,2016-11-23 00:00:00,2017-03-09 00:00:00,47.93999862670898,50.220001220703125,226.48
"Supertrend(10,m=3.0)",SHORT,2017-03-09 00:00:00,2017-04-07 00:00:00,50.220001220703125,51.70000076293945,-149.52
"Supertrend(10,m=3.0)",LONG,2017-04-07 00:00:00,2017-04-24 00:00:00,51.70000076293945,49.68000030517578,-203.52
"Supertrend(10,m=3.0)",SHORT,2017-04-24 00:00:00,2017-05-22 00:00:00,49.68000030517578,50.59999847412109,-93.52
"Supertrend(10,m=3.0)",LONG,2017-05-22 00:00:00,2017-06-06 00:00:00,50.59999847412109,47.400001525878906,-321.52
"Supertrend(10,m=3.0)",SHORT,2017-06-06 00:00:00,2017-07-05 00:00:00,47.400001525878906,47.040000915527344,34.48
"Supertrend(10,m=3.0)",LONG,2017-07-05 00:00:00,2017-08-31 00:00:00,47.040000915527344,45.95000076293945,-110.52
"Supertrend(10,m=3.0)",SHORT,2017-08-31 00:00:00,2017-09-21 00:00:00,45.95000076293945,50.720001220703125,-478.52
"Supertrend(10,m=3.0)",LONG,2017-09-21 00:00:00,2018-02-08 00:00:00,50.720001220703125,61.70000076293945,1096.48
"Supertrend(10,m=3.0)",SHORT,2018-02-08 00:00:00,2018-03-22 00:00:00,61.70000076293945,65.5,-381.52
"Supertrend(10,m=3.0)",LONG,2018-03-22 00:00:00,2018-05-29 00:00:00,65.5,66.48999786376953,97.48
"Supertrend(10,m=3.0)",SHORT,2018-05-29 00:00:00,2018-06-27 00:00:00,66.48999786376953,70.68000030517578,-420.52
"Supertrend(10,m=3.0)",LONG,2018-06-27 00:00:00,2018-07-17 00:00:00,70.68000030517578,68.02999877929688,-266.52
"Supertrend(10,m=3.0)",SHORT,2018-07-17 00:00:00,2018-09-20 00:00:00,68.02999877929688,71.38999938964844,-337.52
"Supertrend(10,m=3.0)",LONG,2018-09-20 00:00:00,2018-10-18 00:00:00,71.38999938964844,70.02999877929688,-137.52
"Supertrend(10,m=3.0)",SHORT,2018-10-18 00:00:00,2019-01-10 00:00:00,70.02999877929688,52.18000030517578,1783.48
"Supertrend(10,m=3.0)",LONG,2019-01-10 00:00:00,2019-05-03 00:00:00,52.18000030517578,61.54999923706055,935.48
"Supertrend(10,m=3.0)",SHORT,2019-05-03 00:00:00,2019-06-27 00:00:00,61.54999923706055,59.27000045776367,226.48
"Supertrend(10,m=3.0)",LONG,2019-06-27 00:00:00,2019-08-02 00:00:00,59.27000045776367,54.540000915527344,-474.52
"Supertrend(10,m=3.0)",SHORT,2019-08-02 00:00:00,2019-09-17 00:00:00,54.540000915527344,61.959999084472656,-743.52
"Supertrend(10,m=3.0)",LONG,2019-09-17 00:00:00,2019-10-03 00:00:00,61.959999084472656,52.470001220703125,-950.52
"Supertrend(10,m=3.0)",SHORT,2019-10-03 00:00:00,2019-11-22 00:00:00,52.470001220703125,58.310001373291016,-585.52
"Supertrend(10,m=3.0)",LONG,2019-11-22 00:00:00,2020-01-09 00:00:00,58.310001373291016,59.9900016784668,166.48
"Supertrend(10,m=3.0)",SHORT,2020-01-09 00:00:00,2020-04-24 00:00:00,59.9900016784668,16.780000686645508,4319.48
"Supertrend(10,m=3.0)",LONG,2020-04-24 00:00:00,2020-04-24 00:00:00,16.780000686645508,16.940000534057617,14.48
"Keltner_Breakout(20,m=2.0)",LONG,2016-10-06 00:00:00,2016-11-03 00:00:00,49.650001525878906,45.47999954223633,-418.52
"Keltner_Breakout(20,m=2.0)",SHORT,2016-11-03 00:00:00,2016-12-02 00:00:00,45.47999954223633,51.0099983215332,-554.52
"Keltner_Breakout(20,m=2.0)",LONG,2016-12-02 00:00:00,2017-03-09 00:00:00,51.0099983215332,50.220001220703125,-80.52
"Keltner_Breakout(20,m=2.0)",SHORT,2017-03-09 00:00:00,2017-04-11 00:00:00,50.220001220703125,53.130001068115234,-292.52
"Keltner_Breakout(20,m=2.0)",LONG,2017-04-11 00:00:00,2017-05-03 00:00:00,53.130001068115234,48.119998931884766,-502.52
"Keltner_Breakout(20,m=2.0)",SHORT,2017-05-03 00:00:00,2017-07-28 00:00:00,48.119998931884766,49.16999816894531,-106.52
"Keltner_Breakout(20,m=2.0)",LONG,2017-07-28 00:00:00,2018-02-12 00:00:00,49.16999816894531,59.119998931884766,993.48
"Keltner_Breakout(20,m=2.0)",SHORT,2018-02-12 00:00:00,2018-03-22 00:00:00,59.119998931884766,65.5,-639.52
"Keltner_Breakout(20,m=2.0)",LONG,2018-03-22 00:00:00,2018-05-30 00:00:00,65.5,66.8499984741211,133.48
"Keltner_Breakout(20,m=2.0)",SHORT,2018-05-30 00:00:00,2018-06-27 00:00:00,66.8499984741211,70.68000030517578,-384.52
"Keltner_Breakout(20,m=2.0)",LONG,2018-06-27 00:00:00,2018-10-24 00:00:00,70.68000030517578,66.16999816894531,-452.52
"Keltner_Breakout(20,m=2.0)",SHORT,2018-10-24 00:00:00,2019-03-21 00:00:00,66.16999816894531,59.9900016784668,616.48
"Keltner_Breakout(20,m=2.0)",LONG,2019-03-21 00:00:00,2019-05-24 00:00:00,59.9900016784668,58.209999084472656,-179.52
"Keltner_Breakout(20,m=2.0)",SHORT,2019-05-24 00:00:00,2019-09-17 00:00:00,58.209999084472656,61.959999084472656,-376.52
"Keltner_Breakout(20,m=2.0)",LONG,2019-09-17 00:00:00,2020-01-24 00:00:00,61.959999084472656,55.68999862670898,-628.52
"Keltner_Breakout(20,m=2.0)",SHORT,2020-01-24 00:00:00,2020-04-23 00:00:00,55.68999862670898,16.5,3917.48
"VWAP_Reversion(20,2%)",SHORT,2016-09-09 00:00:00,2016-09-12 00:00:00,47.36000061035156,45.56999969482422,177.48
"VWAP_Reversion(20,2%)",LONG,2016-09-14 00:00:00,2016-09-22 00:00:00,45.0,45.619998931884766,60.48
"VWAP_Reversion(20,2%)",SHORT,2016-09-23 00:00:00,2016-10-28 00:00:00,46.06999969482422,49.61000061035156,-355.52
"VWAP_Reversion(20,2%)",LONG,2016-10-31 00:00:00,2016-11-22 00:00:00,48.25,48.369998931884766,10.48
"VWAP_Reversion(20,2%)",SHORT,2016-11-22 00:00:00,2016-11-28 00:00:00,48.369998931884766,45.43000030517578,292.48
"VWAP_Reversion(20,2%)",SHORT,2016-11-29 00:00:00,2017-01-11 00:00:00,46.880001068115234,50.810001373291016,-394.52
"VWAP_Reversion(20,2%)",LONG,2017-01-11 00:00:00,2017-01-24 00:00:00,50.810001373291016,52.86000061035156,203.48
"VWAP_Reversion(20,2%)",SHORT,2017-02-02 00:00:00,2017-02-07 00:00:00,53.56999969482422,53.13999938964844,41.48
"VWAP_Reversion(20,2%)",SHORT,2017-02-24 00:00:00,2017-03-06 00:00:00,54.33000183105469,53.18999862670898,112.48
"VWAP_Reversion(20,2%)",LONG,2017-03-09 00:00:00,2017-03-30 00:00:00,50.220001220703125,49.59999847412109,-63.52
"VWAP_Reversion(20,2%)",SHORT,2017-03-31 00:00:00,2017-04-20 00:00:00,50.31999969482422,50.630001068115234,-32.52
"VWAP_Reversion(20,2%)",LONG,2017-04-24 00:00:00,2017-05-18 00:00:00,49.68000030517578,48.93000030517578,-76.52
"VWAP_Reversion(20,2%)",SHORT,2017-05-18 00:00:00,2017-06-01 00:00:00,48.93000030517578,48.630001068115234,28.48
"VWAP_Reversion(20,2%)",LONG,2017-06-06 00:00:00,2017-06-30 00:00:00,47.400001525878906,44.88999938964844,-252.52
"VWAP_Reversion(20,2%)",SHORT,2017-07-03 00:00:00,2017-07-11 00:00:00,46.27999877929688,44.58000183105469,168.48
"VWAP_Reversion(20,2%)",SHORT,2017-07-13 00:00:00,2017-08-11 00:00:00,45.43999862670898,48.52000045776367,-309.52
"VWAP_Reversion(20,2%)",LONG,2017-08-15 00:00:00,2017-08-21 00:00:00,47.4900016784668,48.720001220703125,121.48
"VWAP_Reversion(20,2%)",LONG,2017-08-22 00:00:00,2017-09-07 00:00:00,47.45000076293945,49.13999938964844,167.48
"VWAP_Reversion(20,2%)",SHORT,2017-09-07 00:00:00,2017-09-11 00:00:00,49.13999938964844,47.58000183105469,154.48
"VWAP_Reversion(20,2%)",SHORT,2017-09-14 00:00:00,2017-10-05 00:00:00,49.310001373291016,49.880001068115234,-58.52
"VWAP_Reversion(20,2%)",LONG,2017-10-09 00:00:00,2017-10-13 00:00:00,49.25,50.72999954223633,146.48
"VWAP_Reversion(20,2%)",SHORT,2017-10-19 00:00:00,2017-10-20 00:00:00,52.04999923706055,51.41999816894531,61.48
"VWAP_Reversion(20,2%)",SHORT,2017-10-25 00:00:00,2017-12-07 00:00:00,52.560001373291016,56.0,-345.52
"VWAP_Reversion(20,2%)",LONG,2017-12-07 00:00:00,2017-12-11 00:00:00,56.0,57.25,123.48
"VWAP_Reversion(20,2%)",SHORT,2017-12-27 00:00:00,2018-02-06 00:00:00,59.790000915527344,63.43000030517578,-365.52
"VWAP_Reversion(20,2%)",LONG,2018-02-08 00:00:00,2018-02-23 00:00:00,61.70000076293945,62.59999847412109,88.48
"VWAP_Reversion(20,2%)",SHORT,2018-02-27 00:00:00,2018-03-08 00:00:00,64.05999755859375,61.33000183105469,271.48
"VWAP_Reversion(20,2%)",SHORT,2018-03-21 00:00:00,2018-04-03 00:00:00,63.720001220703125,62.88999938964844,81.48
"VWAP_Reversion(20,2%)",LONG,2018-04-09 00:00:00,2018-04-10 00:00:00,62.0,63.29999923706055,128.48
"VWAP_Reversion(20,2%)",SHORT,2018-04-11 00:00:00,2018-05-29 00:00:00,65.58999633789062,66.48999786376953,-91.52
"VWAP_Reversion(20,2%)",LONG,2018-05-29 00:00:00,2018-06-25 00:00:00,66.48999786376953,68.75,224.48
"VWAP_Reversion(20,2%)",SHORT,2018-06-25 00:00:00,2018-07-12 00:00:00,68.75,70.5999984741211,-186.52
"VWAP_Reversion(20,2%)",LONG,2018-07-17 00:00:00,2018-08-08 00:00:00,68.02999877929688,69.08999633789062,104.48
"VWAP_Reversion(20,2%)",LONG,2018-08-09 00:00:00,2018-08-23 00:00:00,66.79000091552734,68.06999969482422,126.48
"VWAP_Reversion(20,2%)",SHORT,2018-08-30 00:00:00,2018-09-07 00:00:00,69.70999908447266,67.87999725341797,181.48
"VWAP_Reversion(20,2%)",SHORT,2018-09-13 00:00:00,2018-09-14 00:00:00,70.23999786376953,68.79000091552734,143.48
"VWAP_Reversion(20,2%)",SHORT,2018-09-20 00:00:00,2018-10-12 00:00:00,71.38999938964844,70.98999786376953,38.48
"VWAP_Reversion(20,2%)",LONG,2018-10-12 00:00:00,2018-12-14 00:00:00,70.98999786376953,52.83000183105469,-1817.52
"VWAP_Reversion(20,2%)",LONG,2018-12-17 00:00:00,2019-01-09 00:00:00,51.25,49.79999923706055,-146.52
"VWAP_Reversion(20,2%)",SHORT,2019-01-09 00:00:00,2019-02-13 00:00:00,49.79999923706055,53.34999847412109,-356.52
"VWAP_Reversion(20,2%)",SHORT,2019-02-19 00:00:00,2019-04-30 00:00:00,55.77999877929688,63.58000183105469,-781.52
"VWAP_Reversion(20,2%)",LONG,2019-05-03 00:00:00,2019-05-17 00:00:00,61.54999923706055,63.119998931884766,155.48
"VWAP_Reversion(20,2%)",LONG,2019-05-24 00:00:00,2019-06-21 00:00:00,58.209999084472656,57.2599983215332,-96.52
"VWAP_Reversion(20,2%)",SHORT,2019-06-21 00:00:00,2019-07-18 00:00:00,57.2599983215332,56.59999847412109,64.48
"VWAP_Reversion(20,2%)",LONG,2019-07-18 00:00:00,2019-08-14 00:00:00,56.59999847412109,56.7400016784668,12.48
"VWAP_Reversion(20,2%)",SHORT,2019-08-14 00:00:00,2019-08-15 00:00:00,56.7400016784668,54.900001525878906,182.48
"VWAP_Reversion(20,2%)",SHORT,2019-08-21 00:00:00,2019-08-23 00:00:00,56.04999923706055,55.34999847412109,68.48
"VWAP_Reversion(20,2%)",LONG,2019-08-27 00:00:00,2019-08-28 00:00:00,53.7599983215332,55.709999084472656,193.48
"VWAP_Reversion(20,2%)",SHORT,2019-08-29 00:00:00,2019-09-12 00:00:00,55.880001068115234,55.93000030517578,-6.52
"VWAP_Reversion(20,2%)",SHORT,2019-09-17 00:00:00,2019-09-25 00:00:00,61.959999084472656,56.70000076293945,524.48
"VWAP_Reversion(20,2%)",LONG,2019-09-30 00:00:00,2019-10-24 00:00:00,56.540000915527344,55.900001525878906,-65.52
"VWAP_Reversion(20,2%)",SHORT,2019-10-24 00:00:00,2019-11-01 00:00:00,55.900001525878906,54.150001525878906,173.48
"VWAP_Reversion(20,2%)",SHORT,2019-11-04 00:00:00,2019-12-02 00:00:00,56.40999984741211,55.470001220703125,92.48
"VWAP_Reversion(20,2%)",LONG,2019-12-02 00:00:00,2019-12-05 00:00:00,55.470001220703125,58.36000061035156,287.48
"VWAP_Reversion(20,2%)",SHORT,2019-12-05 00:00:00,2020-01-09 00:00:00,58.36000061035156,59.9900016784668,-164.52
"VWAP_Reversion(20,2%)",LONG,2020-01-09 00:00:00,2020-02-19 00:00:00,59.9900016784668,52.119998931884766,-788.52
"VWAP_Reversion(20,2%)",SHORT,2020-02-20 00:00:00,2020-02-25 00:00:00,53.5,51.369998931884766,211.48
"VWAP_Reversion(20,2%)",LONG,2020-02-26 00:00:00,2020-03-18 00:00:00,50.08000183105469,20.3700008392334,-2972.52
Engulfing_Reversal(0.3),LONG,2016-08-12 00:00:00,2016-11-14 00:00:00,43.459999084472656,43.20000076293945,-27.52
Engulfing_Reversal(0.3),SHORT,2016-11-14 00:00:00,2017-01-12 00:00:00,43.20000076293945,52.369998931884766,-918.52
Engulfing_Reversal(0.3),LONG,2017-01-12 00:00:00,2017-01-17 00:00:00,52.369998931884766,52.54999923706055,16.48
Engulfing_Reversal(0.3),SHORT,2017-01-17 00:00:00,2017-04-05 00:00:00,52.54999923706055,51.18000030517578,135.48
Engulfing_Reversal(0.3),LONG,2017-04-05 00:00:00,2017-05-10 00:00:00,51.18000030517578,46.18000030517578,-501.52
Engulfing_Reversal(0.3),SHORT,2017-05-10 00:00:00,2017-05-18 00:00:00,46.18000030517578,48.93000030517578,-276.52
Engulfing_Reversal(0.3),LONG,2017-05-18 00:00:00,2017-07-18 00:00:00,48.93000030517578,45.9900016784668,-295.52
Engulfing_Reversal(0.3),SHORT,2017-07-18 00:00:00,2017-08-10 00:00:00,45.9900016784668,49.68000030517578,-370.52
Engulfing_Reversal(0.3),LONG,2017-08-10 00:00:00,2017-08-11 00:00:00,49.68000030517578,48.52000045776367,-117.52
Engulfing_Reversal(0.3),SHORT,2017-08-11 00:00:00,2017-09-01 00:00:00,48.52000045776367,47.08000183105469,142.48
Engulfing_Reversal(0.3),LONG,2017-09-01 00:00:00,2017-09-20 00:00:00,47.08000183105469,49.84000015258789,274.48
Engulfing_Reversal(0.3),SHORT,2017-09-20 00:00:00,2017-10-06 00:00:00,49.84000015258789,50.75,-92.52
Engulfing_Reversal(0.3),LONG,2017-10-06 00:00:00,2017-10-20 00:00:00,50.75,51.41999816894531,65.48
Engulfing_Reversal(0.3),SHORT,2017-10-20 00:00:00,2017-10-25 00:00:00,51.41999816894531,52.560001373291016,-115.52
Engulfing_Reversal(0.3),LONG,2017-10-25 00:00:00,2017-12-13 00:00:00,52.560001373291016,57.45000076293945,487.48
Engulfing_Reversal(0.3),SHORT,2017-12-13 00:00:00,2017-12-29 00:00:00,57.45000076293945,59.90999984741211,-247.52
Engulfing_Reversal(0.3),LONG,2017-12-29 00:00:00,2018-02-28 00:00:00,59.90999984741211,62.790000915527344,286.48
Engulfing_Reversal(0.3),SHORT,2018-02-28 00:00:00,2018-03-26 00:00:00,62.790000915527344,65.9000015258789,-312.52
Engulfing_Reversal(0.3),LONG,2018-03-26 00:00:00,2018-04-25 00:00:00,65.9000015258789,67.75,183.48
Engulfing_Reversal(0.3),SHORT,2018-04-25 00:00:00,2018-06-12 00:00:00,67.75,66.05000305175781,168.48
Engulfing_Reversal(0.3),LONG,2018-06-12 00:00:00,2018-07-06 00:00:00,66.05000305175781,73.16000366210938,709.48
Engulfing_Reversal(0.3),SHORT,2018-07-06 00:00:00,2018-07-25 00:00:00,73.16000366210938,68.7699966430664,437.48
Engulfing_Reversal(0.3),LONG,2018-07-25 00:00:00,2018-08-29 00:00:00,68.7699966430664,68.54000091552734,-24.52
Engulfing_Reversal(0.3),SHORT,2018-08-29 00:00:00,2018-09-12 00:00:00,68.54000091552734,69.88999938964844,-136.52
Engulfing_Reversal(0.3),LONG,2018-09-12 00:00:00,2018-10-18 00:00:00,69.88999938964844,70.02999877929688,12.48
Engulfing_Reversal(0.3),SHORT,2018-10-18 00:00:00,2019-01-25 00:00:00,70.02999877929688,53.16999816894531,1684.48
Engulfing_Reversal(0.3),LONG,2019-01-25 00:00:00,2019-03-04 00:00:00,53.16999816894531,55.83000183105469,264.48
Engulfing_Reversal(0.3),SHORT,2019-03-04 00:00:00,2019-03-08 00:00:00,55.83000183105469,56.43000030517578,-61.52
Engulfing_Reversal(0.3),LONG,2019-03-08 00:00:00,2019-05-03 00:00:00,56.43000030517578,61.54999923706055,510.48
Engulfing_Reversal(0.3),SHORT,2019-05-03 00:00:00,2019-05-15 00:00:00,61.54999923706055,61.369998931884766,16.48
Engulfing_Reversal(0.3),LONG,2019-05-15 00:00:00,2019-07-25 00:00:00,61.369998931884766,55.900001525878906,-548.52
Engulfing_Reversal(0.3),SHORT,2019-07-25 00:00:00,2019-09-05 00:00:00,55.900001525878906,55.95000076293945,-6.52
Engulfing_Reversal(0.3),LONG,2019-09-05 00:00:00,2019-10-15 00:00:00,55.95000076293945,53.5099983215332,-245.52
Engulfing_Reversal(0.3),SHORT,2019-10-15 00:00:00,2019-11-04 00:00:00,53.5099983215332,56.40999984741211,-291.52
Engulfing_Reversal(0.3),LONG,2019-11-04 00:00:00,2019-11-07 00:00:00,56.40999984741211,56.34999847412109,-7.52
Engulfing_Reversal(0.3),SHORT,2019-11-07 00:00:00,2019-11-21 00:00:00,56.34999847412109,57.0,-66.52
Engulfing_Reversal(0.3),LONG,2019-11-21 00:00:00,2020-03-17 00:00:00,57.0,28.690000534057617,-2832.52
Engulfing_Reversal(0.3),SHORT,2020-03-17 00:00:00,2020-04-23 00:00:00,28.690000534057617,16.5,1217.48
Inside_Bar_Breakout(0.6),SHORT,2016-11-28 00:00:00,2017-09-06 00:00:00,45.43000030517578,48.59000015258789,-317.52
Inside_Bar_Breakout(0.6),LONG,2017-09-06 00:00:00,2017-10-03 00:00:00,48.59000015258789,50.59000015258789,198.48
Inside_Bar_Breakout(0.6),SHORT,2017-10-03 00:00:00,2017-10-11 00:00:00,50.59000015258789,50.93999862670898,-36.52
Inside_Bar_Breakout(0.6),LONG,2017-10-11 00:00:00,2018-11-26 00:00:00,50.93999862670898,50.619998931884766,-33.52
Inside_Bar_Breakout(0.6),SHORT,2018-11-26 00:00:00,2019-08-12 00:00:00,50.619998931884766,54.31999969482422,-371.52
Inside_Bar_Breakout(0.6),LONG,2019-08-12 00:00:00,2020-01-14 00:00:00,54.31999969482422,58.02999877929688,369.48
Inside_Bar_Breakout(0.6),SHORT,2020-01-14 00:00:00,2020-04-30 00:00:00,58.02999877929688,18.84000015258789,3917.48
VolProfile_Reversion(30),SHORT,2016-09-30 00:00:00,2016-10-13 00:00:00,47.7599983215332,50.0,-225.52
VolProfile_Reversion(30),SHORT,2016-10-20 00:00:00,2016-10-21 00:00:00,51.400001525878906,50.65999984741211,72.48
VolProfile_Reversion(30),LONG,2016-11-04 00:00:00,2016-11-09 00:00:00,44.630001068115234,44.81999969482422,17.48
VolProfile_Reversion(30),LONG,2016-11-15 00:00:00,2016-11-16 00:00:00,43.7599983215332,45.77000045776367,199.48
VolProfile_Reversion(30),SHORT,2016-12-02 00:00:00,2016-12-08 00:00:00,51.0099983215332,49.880001068115234,111.48
VolProfile_Reversion(30),SHORT,2016-12-12 00:00:00,2016-12-15 00:00:00,52.58000183105469,50.790000915527344,177.48
VolProfile_Reversion(30),SHORT,2016-12-19 00:00:00,2016-12-23 00:00:00,52.150001525878906,52.68000030517578,-54.52
VolProfile_Reversion(30),SHORT,2016-12-28 00:00:00,2017-01-04 00:00:00,53.93000030517578,52.4900016784668,142.48
VolProfile_Reversion(30),SHORT,2017-01-09 00:00:00,2017-01-10 00:00:00,53.75,51.83000183105469,190.48
VolProfile_Reversion(30),SHORT,2017-02-02 00:00:00,2017-02-03 00:00:00,53.56999969482422,53.68000030517578,-12.52
VolProfile_Reversion(30),LONG,2017-02-08 00:00:00,2017-02-10 00:00:00,51.63999938964844,53.150001525878906,149.48
VolProfile_Reversion(30),SHORT,2017-02-22 00:00:00,2017-02-27 00:00:00,54.2599983215332,54.02000045776367,22.48
VolProfile_Reversion(30),LONG,2017-03-03 00:00:00,2017-03-06 00:00:00,52.58000183105469,53.18999862670898,59.48
VolProfile_Reversion(30),LONG,2017-03-09 00:00:00,2017-03-20 00:00:00,50.220001220703125,48.70000076293945,-153.52
VolProfile_Reversion(30),LONG,2017-03-22 00:00:00,2017-03-23 00:00:00,48.15999984741211,48.150001525878906,-2.52
VolProfile_Reversion(30),SHORT,2017-04-12 00:00:00,2017-04-13 00:00:00,53.400001525878906,52.84999847412109,53.48
VolProfile_Reversion(30),LONG,2017-05-05 00:00:00,2017-05-11 00:00:00,45.5099983215332,47.38999938964844,186.48
VolProfile_Reversion(30),LONG,2017-06-15 00:00:00,2017-06-27 00:00:00,44.68999862670898,43.4900016784668,-121.52
VolProfile_Reversion(30),SHORT,2017-07-20 00:00:00,2017-07-21 00:00:00,47.09000015258789,46.90999984741211,16.48
VolProfile_Reversion(30),SHORT,2017-07-26 00:00:00,2017-08-03 00:00:00,48.5099983215332,49.59000015258789,-109.52
VolProfile_Reversion(30),SHORT,2017-08-07 00:00:00,2017-08-08 00:00:00,49.59000015258789,49.310001373291016,26.48
VolProfile_Reversion(30),SHORT,2017-08-10 00:00:00,2017-08-11 00:00:00,49.68000030517578,48.52000045776367,114.48
VolProfile_Reversion(30),LONG,2017-08-30 00:00:00,2017-09-01 00:00:00,46.310001373291016,47.08000183105469,75.48
VolProfile_Reversion(30),SHORT,2017-09-15 00:00:00,2017-09-20 00:00:00,49.720001220703125,49.84000015258789,-13.52
VolProfile_Reversion(30),SHORT,2017-09-21 00:00:00,2017-09-29 00:00:00,50.720001220703125,51.58000183105469,-87.52
VolProfile_Reversion(30),SHORT,2017-10-25 00:00:00,2017-11-09 00:00:00,52.560001373291016,56.84999847412109,-430.52
VolProfile_Reversion(30),SHORT,2017-11-24 00:00:00,2017-11-30 00:00:00,58.04999923706055,57.40999984741211,62.48
VolProfile_Reversion(30),SHORT,2017-12-04 00:00:00,2017-12-05 00:00:00,58.31999969482422,57.47999954223633,82.48
VolProfile_Reversion(30),SHORT,2017-12-21 00:00:00,2018-01-16 00:00:00,58.02000045776367,64.43000030517578,-642.52
VolProfile_Reversion(30),SHORT,2018-01-25 00:00:00,2018-01-30 00:00:00,65.87999725341797,65.52999877929688,33.48
VolProfile_Reversion(30),LONG,2018-02-09 00:00:00,2018-02-16 00:00:00,60.43000030517578,61.45000076293945,100.48
VolProfile_Reversion(30),LONG,2018-03-09 00:00:00,2018-03-12 00:00:00,60.27000045776367,62.09999847412109,181.48
VolProfile_Reversion(30),SHORT,2018-03-22 00:00:00,2018-03-29 00:00:00,65.5,64.69000244140625,79.48
VolProfile_Reversion(30),SHORT,2018-04-11 00:00:00,2018-04-17 00:00:00,65.58999633789062,66.41999816894531,-84.52
VolProfile_Reversion(30),SHORT,2018-04-19 00:00:00,2018-04-25 00:00:00,68.75,67.75,98.48
VolProfile_Reversion(30),SHORT,2018-05-01 00:00:00,2018-05-02 00:00:00,68.55999755859375,67.48999786376953,105.48
VolProfile_Reversion(30),SHORT,2018-05-07 00:00:00,2018-05-17 00:00:00,69.8499984741211,71.55999755859375,-172.52
VolProfile_Reversion(30),SHORT,2018-05-22 00:00:00,2018-05-25 00:00:00,72.52999877929688,70.6500015258789,186.48
VolProfile_Reversion(30),LONG,2018-05-30 00:00:00,2018-05-31 00:00:00,66.8499984741211,68.23999786376953,137.48
VolProfile_Reversion(30),LONG,2018-06-01 00:00:00,2018-06-11 00:00:00,67.06999969482422,65.55999755859375,-152.52
VolProfile_Reversion(30),LONG,2018-06-18 00:00:00,2018-06-19 00:00:00,64.4000015258789,65.81999969482422,140.48
VolProfile_Reversion(30),SHORT,2018-06-28 00:00:00,2018-07-06 00:00:00,72.2699966430664,73.16000366210938,-90.52
VolProfile_Reversion(30),SHORT,2018-07-10 00:00:00,2018-07-12 00:00:00,74.04000091552734,70.5999984741211,342.48
VolProfile_Reversion(30),LONG,2018-08-09 00:00:00,2018-08-14 00:00:00,66.79000091552734,67.41999816894531,61.48
VolProfile_Reversion(30),LONG,2018-08-16 00:00:00,2018-08-22 00:00:00,64.94999694824219,66.08000183105469,111.48
VolProfile_Reversion(30),SHORT,2018-08-30 00:00:00,2018-09-04 00:00:00,69.70999908447266,70.12000274658203,-42.52
VolProfile_Reversion(30),SHORT,2018-09-13 00:00:00,2018-09-14 00:00:00,70.23999786376953,68.79000091552734,143.48
VolProfile_Reversion(30),SHORT,2018-09-20 00:00:00,2018-10-08 00:00:00,71.38999938964844,74.4000015258789,-302.52
VolProfile_Reversion(30),LONG,2018-10-24 00:00:00,2018-10-29 00:00:00,66.16999816894531,67.55000305175781,136.48
VolProfile_Reversion(30),LONG,2018-10-31 00:00:00,2018-11-19 00:00:00,66.31999969482422,56.720001220703125,-961.52
VolProfile_Reversion(30),LONG,2018-11-21 00:00:00,2018-11-30 00:00:00,53.38999938964844,51.27000045776367,-213.52
VolProfile_Reversion(30),LONG,2018-12-03 00:00:00,2018-12-04 00:00:00,52.45000076293945,53.130001068115234,66.48
VolProfile_Reversion(30),LONG,2018-12-18 00:00:00,2019-01-02 00:00:00,49.15999984741211,45.79999923706055,-337.52
VolProfile_Reversion(30),SHORT,2019-01-11 00:00:00,2019-01-14 00:00:00,52.27999877929688,51.72999954223633,53.48
VolProfile_Reversion(30),SHORT,2019-01-22 00:00:00,2019-01-23 00:00:00,53.72999954223633,52.95000076293945,76.48
VolProfile_Reversion(30),SHORT,2019-01-28 00:00:00,2019-01-29 00:00:00,53.560001373291016,52.119998931884766,142.48
VolProfile_Reversion(30),SHORT,2019-01-30 00:00:00,2019-02-06 00:00:00,53.2400016784668,53.72999954223633,-50.52
VolProfile_Reversion(30),SHORT,2019-02-19 00:00:00,2019-02-27 00:00:00,55.77999877929688,55.95000076293945,-18.52
VolProfile_Reversion(30),SHORT,2019-02-28 00:00:00,2019-03-04 00:00:00,57.0,55.83000183105469,115.48
VolProfile_Reversion(30),SHORT,2019-03-14 00:00:00,2019-03-25 00:00:00,58.34999847412109,58.97999954223633,-64.52
VolProfile_Reversion(30),SHORT,2019-03-27 00:00:00,2019-03-29 00:00:00,60.02999877929688,59.52999877929688,48.48
VolProfile_Reversion(30),SHORT,2019-04-01 00:00:00,2019-04-12 00:00:00,60.2400016784668,63.709999084472656,-348.52
VolProfile_Reversion(30),SHORT,2019-04-23 00:00:00,2019-04-26 00:00:00,65.75,65.12999725341797,60.48
VolProfile_Reversion(30),LONG,2019-05-14 00:00:00,2019-05-15 00:00:00,60.86000061035156,61.369998931884766,49.48
VolProfile_Reversion(30),LONG,2019-05-24 00:00:00,2019-06-10 00:00:00,58.209999084472656,54.2400016784668,-398.52
VolProfile_Reversion(30),LONG,2019-06-13 00:00:00,2019-06-14 00:00:00,51.06999969482422,52.18000030517578,109.48
VolProfile_Reversion(30),SHORT,2019-07-11 00:00:00,2019-07-16 00:00:00,60.43999862670898,59.2599983215332,116.48
VolProfile_Reversion(30),LONG,2019-08-02 00:00:00,2019-08-13 00:00:00,54.540000915527344,54.72999954223633,17.48
VolProfile_Reversion(30),LONG,2019-09-04 00:00:00,2019-09-05 00:00:00,53.91999816894531,55.95000076293945,201.48
VolProfile_Reversion(30),SHORT,2019-09-09 00:00:00,2019-09-12 00:00:00,56.79999923706055,55.93000030517578,85.48
VolProfile_Reversion(30),SHORT,2019-09-17 00:00:00,2019-09-23 00:00:00,61.959999084472656,59.25,269.48
VolProfile_Reversion(30),LONG,2019-10-02 00:00:00,2019-10-10 00:00:00,54.0,52.68999862670898,-132.52
VolProfile_Reversion(30),SHORT,2019-11-05 00:00:00,2019-11-07 00:00:00,56.560001373291016,56.34999847412109,19.48
VolProfile_Reversion(30),SHORT,2019-11-08 00:00:00,2019-11-12 00:00:00,57.08000183105469,56.88999938964844,17.48
VolProfile_Reversion(30),SHORT,2019-11-18 00:00:00,2019-11-19 00:00:00,57.880001068115234,56.900001525878906,96.48
VolProfile_Reversion(30),SHORT,2019-11-22 00:00:00,2019-12-02 00:00:00,58.310001373291016,55.470001220703125,282.48
VolProfile_Reversion(30),LONG,2019-12-02 00:00:00,2019-12-03 00:00:00,55.470001220703125,55.959999084472656,47.48
VolProfile_Reversion(30),SHORT,2019-12-05 00:00:00,2019-12-12 00:00:00,58.36000061035156,58.880001068115234,-53.52
VolProfile_Reversion(30),SHORT,2019-12-13 00:00:00,2020-01-03 00:00:00,59.36000061035156,61.18000030517578,-183.52
VolProfile_Reversion(30),SHORT,2020-01-06 00:00:00,2020-01-09 00:00:00,63.709999084472656,59.9900016784668,370.48
VolProfile_Reversion(30),LONG,2020-01-22 00:00:00,2020-02-06 00:00:00,58.2599983215332,51.16999816894531,-710.52
VolProfile_Reversion(30),LONG,2020-02-11 00:00:00,2020-02-13 00:00:00,49.61000061035156,51.720001220703125,209.48
VolProfile_Reversion(30),LONG,2020-02-27 00:00:00,2020-03-03 00:00:00,48.630001068115234,47.720001220703125,-92.52
VolProfile_Reversion(30),LONG,2020-03-09 00:00:00,2020-03-13 00:00:00,32.869998931884766,30.770000457763672,-211.52
VolProfile_Reversion(30),LONG,2020-03-17 00:00:00,2020-03-24 00:00:00,28.690000534057617,23.8700008392334,-483.52
VolProfile_Reversion(30),LONG,2020-03-30 00:00:00,2020-04-03 00:00:00,20.93000030517578,24.809999465942383,386.48
VolProfile_Reversion(30),LONG,2020-04-15 00:00:00,2020-04-20 00:00:00,20.71999931335449,-37.630001068115234,-5836.52
"TPO_Reversion(60,p=5)",LONG,2016-11-15 00:00:00,2016-11-16 00:00:00,43.7599983215332,45.77000045776367,199.48
"TPO_Reversion(60,p=5)",SHORT,2016-12-02 00:00:00,2016-12-08 00:00:00,51.0099983215332,49.880001068115234,111.48
"TPO_Reversion(60,p=5)",SHORT,2016-12-13 00:00:00,2016-12-16 00:00:00,52.5099983215332,51.09999847412109,139.48
"TPO_Reversion(60,p=5)",SHORT,2016-12-19 00:00:00,2017-01-04 00:00:00,52.150001525878906,52.4900016784668,-35.52
"TPO_Reversion(60,p=5)",SHORT,2017-01-06 00:00:00,2017-01-10 00:00:00,53.72999954223633,51.83000183105469,188.48
"TPO_Reversion(60,p=5)",SHORT,2017-02-24 00:00:00,2017-02-27 00:00:00,54.33000183105469,54.02000045776367,29.48
"TPO_Reversion(60,p=5)",LONG,2017-03-09 00:00:00,2017-03-29 00:00:00,50.220001220703125,48.470001220703125,-176.52
"TPO_Reversion(60,p=5)",LONG,2017-05-03 00:00:00,2017-05-04 00:00:00,48.119998931884766,47.59999847412109,-53.52
"TPO_Reversion(60,p=5)",LONG,2017-05-05 00:00:00,2017-05-12 00:00:00,45.5099983215332,47.810001373291016,228.48
"TPO_Reversion(60,p=5)",LONG,2017-06-08 00:00:00,2017-06-30 00:00:00,45.84999847412109,44.88999938964844,-97.52
"TPO_Reversion(60,p=5)",LONG,2017-07-10 00:00:00,2017-07-11 00:00:00,44.34999847412109,44.58000183105469,21.48
"TPO_Reversion(60,p=5)",SHORT,2017-07-27 00:00:00,2017-07-28 00:00:00,48.70000076293945,49.16999816894531,-48.52
"TPO_Reversion(60,p=5)",SHORT,2017-07-31 00:00:00,2017-08-04 00:00:00,49.84999847412109,48.95000076293945,88.48
"TPO_Reversion(60,p=5)",SHORT,2017-08-07 00:00:00,2017-08-08 00:00:00,49.59000015258789,49.310001373291016,26.48
"TPO_Reversion(60,p=5)",SHORT,2017-09-07 00:00:00,2017-09-08 00:00:00,49.13999938964844,49.09000015258789,3.48
"TPO_Reversion(60,p=5)",SHORT,2017-09-15 00:00:00,2017-09-18 00:00:00,49.720001220703125,49.84999847412109,-14.52
"TPO_Reversion(60,p=5)",SHORT,2017-09-19 00:00:00,2017-09-20 00:00:00,49.90999984741211,49.84000015258789,5.48
"TPO_Reversion(60,p=5)",SHORT,2017-09-21 00:00:00,2017-10-04 00:00:00,50.720001220703125,50.15999984741211,54.48
"TPO_Reversion(60,p=5)",SHORT,2017-10-06 00:00:00,2017-10-09 00:00:00,50.75,49.25,148.48
"TPO_Reversion(60,p=5)",SHORT,2017-10-11 00:00:00,2017-10-13 00:00:00,50.93999862670898,50.72999954223633,19.48
"TPO_Reversion(60,p=5)",SHORT,2017-10-16 00:00:00,2017-10-25 00:00:00,51.43000030517578,52.560001373291016,-114.52
"TPO_Reversion(60,p=5)",SHORT,2017-10-27 00:00:00,2017-11-16 00:00:00,52.79999923706055,55.29999923706055,-251.52
"TPO_Reversion(60,p=5)",SHORT,2017-11-20 00:00:00,2017-11-22 00:00:00,56.68999862670898,57.119998931884766,-44.52
"TPO_Reversion(60,p=5)",SHORT,2017-11-24 00:00:00,2017-11-30 00:00:00,58.04999923706055,57.40999984741211,62.48
"TPO_Reversion(60,p=5)",SHORT,2017-12-04 00:00:00,2017-12-05 00:00:00,58.31999969482422,57.47999954223633,82.48
"TPO_Reversion(60,p=5)",SHORT,2017-12-22 00:00:00,2017-12-26 00:00:00,58.209999084472656,58.400001525878906,-20.52
"TPO_Reversion(60,p=5)",SHORT,2017-12-27 00:00:00,2018-01-31 00:00:00,59.790000915527344,64.02999877929688,-425.52
"TPO_Reversion(60,p=5)",SHORT,2018-02-02 00:00:00,2018-02-06 00:00:00,65.98999786376953,63.43000030517578,254.48
"TPO_Reversion(60,p=5)",SHORT,2018-03-22 00:00:00,2018-03-23 00:00:00,65.5,64.27999877929688,120.48
"TPO_Reversion(60,p=5)",SHORT,2018-03-26 00:00:00,2018-03-29 00:00:00,65.9000015258789,64.69000244140625,119.48
"TPO_Reversion(60,p=5)",SHORT,2018-04-11 00:00:00,2018-05-04 00:00:00,65.58999633789062,68.5,-292.52
"TPO_Reversion(60,p=5)",SHORT,2018-05-07 00:00:00,2018-05-25 00:00:00,69.8499984741211,70.6500015258789,-81.52
"TPO_Reversion(60,p=5)",SHORT,2018-06-27 00:00:00,2018-07-12 00:00:00,70.68000030517578,70.5999984741211,6.48
"TPO_Reversion(60,p=5)",LONG,2018-08-16 00:00:00,2018-08-17 00:00:00,64.94999694824219,65.47000122070312,50.48
"TPO_Reversion(60,p=5)",SHORT,2018-09-25 00:00:00,2018-10-12 00:00:00,72.25,70.98999786376953,124.48
"TPO_Reversion(60,p=5)",SHORT,2018-10-16 00:00:00,2018-10-17 00:00:00,71.72000122070312,72.16999816894531,-46.52
"TPO_Reversion(60,p=5)",LONG,2018-10-24 00:00:00,2018-10-25 00:00:00,66.16999816894531,66.36000061035156,17.48
"TPO_Reversion(60,p=5)",LONG,2018-10-31 00:00:00,2018-12-04 00:00:00,66.31999969482422,53.130001068115234,-1320.52
"TPO_Reversion(60,p=5)",LONG,2018-12-07 00:00:00,2018-12-10 00:00:00,51.7599983215332,52.02999877929688,25.48
"TPO_Reversion(60,p=5)",LONG,2018-12-11 00:00:00,2018-12-12 00:00:00,50.88999938964844,51.95000076293945,104.48
"TPO_Reversion(60,p=5)",LONG,2018-12-19 00:00:00,2019-01-02 00:00:00,45.93000030517578,45.79999923706055,-14.52
"TPO_Reversion(60,p=5)",SHORT,2019-02-19 00:00:00,2019-02-27 00:00:00,55.77999877929688,55.95000076293945,-18.52
"TPO_Reversion(60,p=5)",SHORT,2019-02-28 00:00:00,2019-03-04 00:00:00,57.0,55.83000183105469,115.48
"TPO_Reversion(60,p=5)",SHORT,2019-03-05 00:00:00,2019-03-07 00:00:00,56.45000076293945,56.20000076293945,23.48
"TPO_Reversion(60,p=5)",SHORT,2019-03-14 00:00:00,2019-03-26 00:00:00,58.34999847412109,59.119998931884766,-78.52
"TPO_Reversion(60,p=5)",SHORT,2019-03-27 00:00:00,2019-04-26 00:00:00,60.02999877929688,65.12999725341797,-511.52
"TPO_Reversion(60,p=5)",LONG,2019-05-31 00:00:00,2019-06-19 00:00:00,56.459999084472656,54.09000015258789,-238.52
"TPO_Reversion(60,p=5)",LONG,2019-08-08 00:00:00,2019-08-09 00:00:00,52.33000183105469,52.880001068115234,53.48
"TPO_Reversion(60,p=5)",SHORT,2019-09-17 00:00:00,2019-09-19 00:00:00,61.959999084472656,58.20000076293945,374.48
"TPO_Reversion(60,p=5)",LONG,2019-10-03 00:00:00,2019-10-11 00:00:00,52.470001220703125,53.880001068115234,139.48
"TPO_Reversion(60,p=5)",LONG,2019-10-16 00:00:00,2019-10-17 00:00:00,52.91999816894531,52.9900016784668,5.48
"TPO_Reversion(60,p=5)",SHORT,2019-11-11 00:00:00,2019-11-12 00:00:00,57.400001525878906,56.88999938964844,49.48
"TPO_Reversion(60,p=5)",SHORT,2019-11-22 00:00:00,2019-11-25 00:00:00,58.310001373291016,57.91999816894531,37.48
"TPO_Reversion(60,p=5)",SHORT,2019-11-27 00:00:00,2019-11-29 00:00:00,58.27000045776367,58.130001068115234,12.48
"TPO_Reversion(60,p=5)",SHORT,2019-12-10 00:00:00,2019-12-11 00:00:00,58.91999816894531,59.060001373291016,-15.52
"TPO_Reversion(60,p=5)",SHORT,2019-12-12 00:00:00,2020-01-09 00:00:00,58.880001068115234,59.9900016784668,-112.52
"TPO_Reversion(60,p=5)",LONG,2020-01-27 00:00:00,2020-02-18 00:00:00,53.70000076293945,52.22999954223633,-148.52
"TPO_Reversion(60,p=5)",LONG,2020-02-26 00:00:00,2020-04-03 00:00:00,50.08000183105469,24.809999465942383,-2528.52
"TPO_Reversion(60,p=5)",LONG,2020-04-20 00:00:00,2020-04-20 00:00:00,17.729999542236328,-37.630001068115234,-5537.52
